game_id,date,hometeam,visteam,home_first_inning_runs,visiting_first_inning_runs,home_ERA,vis_ERA,home_travel,vis_travel,home_last_location,visiting_last_location,home_avg_prev,away_avg_prev,home_OBP,away_OBP
ATL202204080,2022-04-08,ATL,CIN,0,0,4.34,6.32,1e-06,1e-06,ATL,ATL,0.0,0.0,0.323,0.287
ANA202204080,2022-04-08,ANA,HOU,2,1,3.71,2.37,1e-06,1e-06,ANA,ANA,2.0,1.0,0.308,0.308
WAS202204080,2022-04-08,WAS,NYN,0,0,5.02,2.29,1e-06,1e-06,WAS,WAS,0.0,0.0,0.301,0.334
ARI202204080,2022-04-08,ARI,SDN,0,0,15.75,4.96,1e-06,1e-06,ARI,ARI,0.0,0.0,0.307,0.323
CHN202204090,2022-04-09,CHN,MIL,3,0,3.18,3.05,1e-06,1e-06,CHN,CHN,3.0,0.0,0.322,0.307
PHI202204090,2022-04-09,PHI,OAK,2,0,5.05,3.98,1e-06,1e-06,PHI,PHI,2.0,0.0,0.325,0.283
KCA202204090,2022-04-09,KCA,CLE,0,0,6.55,1.36,1e-06,1e-06,KCA,KCA,0.0,0.0,0.318,0.31
MIN202204090,2022-04-09,MIN,SEA,1,0,4.91,2.49,1e-06,1e-06,MIN,MIN,1.0,0.0,0.325,0.322
NYA202204090,2022-04-09,NYA,BOS,0,0,2.67,4.56,1e-06,1e-06,NYA,NYA,0.0,0.0,0.325,0.311
ANA202204090,2022-04-09,ANA,HOU,0,0,3.94,1.75,1e-06,1e-06,ANA,ANA,2.0,1.0,0.308,0.308
SFN202204090,2022-04-09,SFN,MIA,0,0,6.81,2.98,1e-06,1e-06,SFN,SFN,0.0,0.0,0.322,0.286
ATL202204090,2022-04-09,ATL,CIN,2,0,3.19,7.61,1e-06,1e-06,ATL,ATL,0.0,0.0,0.323,0.287
DET202204090,2022-04-09,DET,CHA,0,2,5.4,2.2,1e-06,1e-06,DET,DET,0.0,2.0,0.292,0.311
TOR202204090,2022-04-09,TOR,TEX,2,0,5.34,4.14,1e-06,1e-06,TOR,TOR,2.0,0.0,0.326,0.296
ARI202204090,2022-04-09,ARI,SDN,1,0,5.36,3.06,1e-06,1e-06,ARI,ARI,0.0,0.0,0.307,0.323
TBA202204090,2022-04-09,TBA,BAL,0,0,6.43,4.42,1e-06,1e-06,TBA,TBA,0.0,0.0,0.311,0.304
WAS202204090,2022-04-09,WAS,NYN,0,0,7.1,3.42,1e-06,1e-06,WAS,WAS,0.0,0.0,0.301,0.334
COL202204090,2022-04-09,COL,LAN,1,0,3.47,1.8,1e-06,1e-06,COL,COL,1.0,0.0,0.345,0.33
SLN202204090,2022-04-09,SLN,PIT,1,1,5.68,3.91,1e-06,1e-06,SLN,SLN,1.0,1.0,0.326,0.28
TBA202204100,2022-04-10,TBA,BAL,0,0,2.46,4.25,1e-06,1e-06,TBA,TBA,0.0,0.0,0.311,0.304
KCA202204100,2022-04-10,KCA,CLE,0,6,5.58,3.38,1e-06,1e-06,KCA,KCA,0.0,0.0,0.318,0.31
SLN202204100,2022-04-10,SLN,PIT,3,0,5.25,8.88,1e-06,1e-06,SLN,SLN,1.0,1.0,0.326,0.28
DET202204100,2022-04-10,DET,CHA,0,2,3.52,4.02,1e-06,1e-06,DET,DET,0.0,2.0,0.292,0.311
PHI202204100,2022-04-10,PHI,OAK,0,0,3.86,5.72,1e-06,1e-06,PHI,PHI,2.0,0.0,0.325,0.283
CHN202204100,2022-04-10,CHN,MIL,3,0,5.22,2.7,1e-06,1e-06,CHN,CHN,3.0,0.0,0.322,0.307
WAS202204100,2022-04-10,WAS,NYN,1,0,3.51,3.21,1e-06,1e-06,WAS,WAS,0.0,0.0,0.301,0.334
ATL202204100,2022-04-10,ATL,CIN,0,0,5.0,4.44,1e-06,1e-06,ATL,ATL,1.0,0.0,0.323,0.287
MIN202204100,2022-04-10,MIN,SEA,6,0,3.21,4.13,1e-06,1e-06,MIN,MIN,1.0,0.0,0.325,0.322
TOR202204100,2022-04-10,TOR,TEX,4,0,6.75,1.97,1e-06,1e-06,TOR,TOR,2.0,0.0,0.326,0.296
SFN202204100,2022-04-10,SFN,MIA,0,0,3.74,5.47,1e-06,1e-06,SFN,SFN,0.0,0.0,0.322,0.286
NYA202204100,2022-04-10,NYA,BOS,0,2,3.12,5.47,1e-06,1e-06,NYA,NYA,0.0,0.0,0.325,0.311
ANA202204100,2022-04-10,ANA,HOU,0,0,3.96,3.94,1e-06,1e-06,ANA,ANA,1.0,0.5,0.308,0.308
COL202204100,2022-04-10,COL,LAN,3,0,7.61,2.16,1e-06,1e-06,COL,COL,1.0,0.0,0.345,0.33
ARI202204100,2022-04-10,ARI,SDN,0,0,4.11,0.0,1e-06,1e-06,ARI,ARI,0.5,0.0,0.307,0.323
BAL202204110,2022-04-11,BAL,MIL,0,0,4.72,4.73,1393.7772067986984,972.7856247406662,TBA,CHN,0.0,0.0,0.307,0.307
ANA202204110,2022-04-11,ANA,MIA,3,0,4.24,6.35,1e-06,599.2380275896384,ANA,SFN,0.6666666666666666,0.0,0.308,0.286
NYA202204110,2022-04-11,NYA,TOR,0,0,3.91,2.24,1e-06,550.2922217550002,NYA,TOR,0.0,0.0,0.325,0.331
TEX202204110,2022-04-11,TEX,COL,0,1,7.71,1.79,1953.690097165916,1052.76358222127,TOR,COL,0.0,1.0,0.306,0.284
ATL202204110,2022-04-11,ATL,WAS,1,0,13.5,5.13,1e-06,874.0887985860761,ATL,WAS,0.6666666666666666,0.0,0.323,0.319
PHI202204110,2022-04-11,PHI,NYN,0,3,3.0,3.6,1e-06,197.2342958595587,PHI,WAS,1.0,0.0,0.325,0.334
MIN202204110,2022-04-11,MIN,SEA,1,0,4.89,3.73,1e-06,1e-06,MIN,MIN,3.5,0.0,0.325,0.322
DET202204110,2022-04-11,DET,BOS,1,0,3.39,5.79,1e-06,773.7548030957365,DET,NYA,0.0,1.0,0.292,0.311
TBA202204110,2022-04-11,TBA,OAK,0,4,8.1,4.28,1e-06,1515.8203845337373,TBA,PHI,0.0,0.0,0.311,0.283
SFN202204110,2022-04-11,SFN,SDN,0,0,3.57,3.06,1e-06,1050.993394248722,SFN,ARI,0.0,0.0,0.322,0.323
KCA202204110,2022-04-11,KCA,CLE,0,2,23.63,5.87,1e-06,1e-06,KCA,KCA,0.0,3.0,0.318,0.31
CHA202204120,2022-04-12,CHA,SEA,0,0,2.76,4.44,380.91207013286544,571.0232496384983,DET,MIN,0.0,0.0,0.31,0.322
ANA202204120,2022-04-12,ANA,MIA,0,0,2.47,3.26,1e-06,1e-06,ANA,ANA,1.25,0.0,0.308,0.286
NYA202204120,2022-04-12,NYA,TOR,0,0,2.54,5.19,1e-06,1e-06,NYA,NYA,0.0,0.0,0.325,0.331
DET202204120,2022-04-12,DET,BOS,0,0,3.41,3.45,1e-06,1e-06,DET,DET,0.3333333333333333,0.6666666666666666,0.292,0.311
SFN202204120,2022-04-12,SFN,SDN,6,0,3.73,3.1,1e-06,1e-06,SFN,SFN,0.0,0.0,0.322,0.323
MIN202204120,2022-04-12,MIN,LAN,0,0,4.43,2.22,1e-06,1123.7187605762444,MIN,COL,2.6666666666666665,0.0,0.325,0.33
TBA202204120,2022-04-12,TBA,OAK,1,3,3.8,4.53,1e-06,1e-06,TBA,TBA,0.0,1.3333333333333333,0.311,0.283
TEX202204120,2022-04-12,TEX,COL,0,0,2.89,7.61,1e-06,1e-06,TEX,TEX,0.0,1.0,0.306,0.284
ATL202204120,2022-04-12,ATL,WAS,0,1,3.17,6.31,1e-06,1e-06,ATL,ATL,0.75,0.0,0.323,0.319
BAL202204120,2022-04-12,BAL,MIL,0,2,2.19,3.76,1e-06,1e-06,BAL,BAL,0.0,0.0,0.307,0.307
CIN202204120,2022-04-12,CIN,CLE,0,0,4.91,2.69,595.1171397463928,868.1617780403714,ATL,KCA,0.0,2.6666666666666665,0.321,0.31
SLN202204120,2022-04-12,SLN,KCA,3,0,4.84,5.13,1e-06,382.8562661725535,SLN,KCA,2.0,0.0,0.326,0.296
PHI202204120,2022-04-12,PHI,NYN,0,0,2.82,5.13,1e-06,1e-06,PHI,PHI,0.6666666666666666,0.75,0.325,0.334
PIT202204120,2022-04-12,PIT,CHN,0,0,2.93,3.47,898.8824563980571,660.0502267315369,SLN,CHN,0.0,0.0,0.303,0.301
ARI202204120,2022-04-12,ARI,HOU,0,0,4.66,3.72,1e-06,540.0297061463508,ARI,ANA,0.3333333333333333,0.3333333333333333,0.307,0.308
SFN202204130,2022-04-13,SFN,SDN,0,1,2.9,4.96,1e-06,1e-06,SFN,SFN,1.5,0.0,0.322,0.323
TBA202204130,2022-04-13,TBA,OAK,0,0,2.54,4.05,1e-06,1e-06,TBA,TBA,0.25,1.75,0.311,0.283
NYA202204130,2022-04-13,NYA,TOR,0,1,3.0,2.8,1e-06,1e-06,NYA,NYA,0.0,0.0,0.325,0.331
PIT202204130,2022-04-13,PIT,CHN,3,1,4.58,4.8,1e-06,1e-06,PIT,PIT,0.0,0.0,0.303,0.301
DET202204130,2022-04-13,DET,BOS,1,0,4.05,3.87,1e-06,1e-06,DET,DET,0.25,0.5,0.292,0.311
BAL202204130,2022-04-13,BAL,MIL,0,0,2.54,2.95,1e-06,1e-06,BAL,BAL,0.0,0.5,0.307,0.307
PHI202204130,2022-04-13,PHI,NYN,0,0,3.25,2.29,1e-06,1e-06,PHI,PHI,0.5,0.6,0.325,0.334
ATL202204130,2022-04-13,ATL,WAS,0,2,2.48,5.02,1e-06,1e-06,ATL,ATL,0.6,0.5,0.323,0.319
CHA202204130,2022-04-13,CHA,SEA,0,1,9.2,3.71,1e-06,1e-06,CHA,CHA,0.0,0.0,0.31,0.322
ARI202204130,2022-04-13,ARI,HOU,0,0,15.75,2.98,1e-06,1e-06,ARI,ARI,0.25,0.25,0.307,0.308
MIN202204130,2022-04-13,MIN,LAN,0,2,4.03,2.28,1e-06,1e-06,MIN,MIN,2.0,0.0,0.325,0.33
CIN202204130,2022-04-13,CIN,CLE,0,0,3.66,3.38,1e-06,1e-06,CIN,CIN,0.0,2.0,0.321,0.31
COL202204140,2022-04-14,COL,CHN,0,3,4.53,3.76,1052.76358222127,2121.7512666569423,TEX,PIT,2.0,0.5,0.345,0.301
TBA202204140,2022-04-14,TBA,OAK,0,0,6.43,3.98,1e-06,1e-06,TBA,TBA,0.2,1.4,0.311,0.283
LAN202204140,2022-04-14,LAN,CIN,3,0,1.8,2.45,2448.9556082748627,3046.5057464053752,MIN,CIN,3.0,0.0,0.335,0.287
MIA202204140,2022-04-14,MIA,PHI,0,1,2.28,5.05,3722.1362347132,1644.1190984600378,ANA,PHI,0.0,1.0,0.302,0.304
TEX202204140,2022-04-14,TEX,ANA,0,2,4.03,2.33,1e-06,1938.7751997181072,TEX,ANA,0.0,2.0,0.306,0.286
PIT202204140,2022-04-14,PIT,WAS,1,3,3.79,7.1,1e-06,840.3908477621023,PIT,ATL,1.5,1.0,0.303,0.319
CHA202204140,2022-04-14,CHA,SEA,0,0,3.26,3.2,1e-06,1e-06,CHA,CHA,0.0,0.2,0.31,0.322
SDN202204140,2022-04-14,SDN,ATL,3,0,2.93,4.34,738.1265117326025,3037.495642889967,SFN,ATL,3.0,0.0,0.308,0.309
KCA202204140,2022-04-14,KCA,DET,0,0,23.63,3.49,382.8562661725535,1034.95696626315,SLN,DET,0.0,0.0,0.318,0.281
MIL202204140,2022-04-14,MIL,SLN,1,0,3.05,3.71,1035.68831801876,526.8349145670746,BAL,SLN,1.0,0.0,0.324,0.322
NYA202204140,2022-04-14,NYA,TOR,0,0,3.18,3.35,1e-06,1e-06,NYA,NYA,0.0,0.3333333333333333,0.325,0.331
BOS202204150,2022-04-15,BOS,MIN,0,1,4.56,3.55,984.732039314543,1804.1923618308683,DET,MIN,0.0,1.0,0.331,0.309
NYN202204150,2022-04-15,NYN,ARI,1,0,3.42,4.09,129.48897528262268,3443.682019431773,PHI,ARI,1.0,0.0,0.329,0.301
TEX202204150,2022-04-15,TEX,ANA,0,1,7.29,5.63,1e-06,1e-06,TEX,TEX,0.0,2.0,0.306,0.286
CLE202204150,2022-04-15,CLE,SFN,0,0,4.31,2.88,358.1075548344512,3478.8930495355935,CIN,SFN,0.0,0.0,0.319,0.309
KCA202204150,2022-04-15,KCA,DET,0,0,5.09,5.64,1e-06,1e-06,KCA,KCA,0.0,0.0,0.318,0.281
COL202204150,2022-04-15,COL,CHN,0,0,5.89,3.5,1e-06,1e-06,COL,COL,1.3333333333333333,1.3333333333333333,0.345,0.301
BAL202204150,2022-04-15,BAL,NYA,0,0,3.9,3.12,1e-06,272.81937803481173,BAL,NYA,0.0,0.0,0.307,0.318
TOR202204150,2022-04-15,TOR,OAK,1,0,2.8,5.72,550.2922217550002,1789.459752085548,NYA,TBA,3.0,1.1666666666666667,0.326,0.283
LAN202204150,2022-04-15,LAN,CIN,0,0,2.57,7.61,1e-06,1e-06,LAN,LAN,3.0,0.0,0.335,0.287
SDN202204150,2022-04-15,SDN,ATL,0,0,5.02,4.15,1e-06,1e-06,SDN,SDN,3.0,0.0,0.308,0.309
PIT202204150,2022-04-15,PIT,WAS,0,2,3.91,5.81,1e-06,1e-06,PIT,PIT,1.3333333333333333,1.5,0.303,0.319
CHA202204150,2022-04-15,CHA,TBA,0,0,2.2,2.84,1e-06,1636.2782802002057,CHA,TBA,0.0,0.0,0.31,0.303
SEA202204150,2022-04-15,SEA,HOU,1,0,4.13,4.4,2788.668911659839,1793.290239503433,CHA,ARI,1.0,0.2,0.305,0.308
MIA202204150,2022-04-15,MIA,PHI,2,0,3.75,4.04,1e-06,1e-06,MIA,MIA,0.0,1.0,0.302,0.304
MIL202204150,2022-04-15,MIL,SLN,0,4,3.58,3.29,1e-06,1e-06,MIL,MIL,1.0,0.0,0.324,0.322
LAN202204160,2022-04-16,LAN,CIN,0,0,1.14,4.44,1e-06,1e-06,LAN,LAN,1.5,0.0,0.335,0.287
MIL202204160,2022-04-16,MIL,SLN,0,0,4.73,5.25,1e-06,1e-06,MIL,MIL,0.5,2.0,0.324,0.322
COL202204160,2022-04-16,COL,CHN,0,0,5.07,3.99,1e-06,1e-06,COL,COL,1.0,1.0,0.345,0.301
SDN202204160,2022-04-16,SDN,ATL,0,1,3.47,5.0,1e-06,1e-06,SDN,SDN,1.5,0.0,0.308,0.309
BOS202204160,2022-04-16,BOS,MIN,0,0,3.15,3.08,1e-06,1e-06,BOS,BOS,0.0,1.0,0.331,0.309
BAL202204160,2022-04-16,BAL,NYA,0,0,9.58,3.86,1e-06,1e-06,BAL,BAL,0.0,0.0,0.307,0.318
MIA202204160,2022-04-16,MIA,PHI,0,1,5.47,3.65,1e-06,1e-06,MIA,MIA,1.0,0.5,0.302,0.304
PIT202204160,2022-04-16,PIT,WAS,0,0,4.58,5.13,1e-06,1e-06,PIT,PIT,1.0,1.6,0.303,0.319
KCA202204160,2022-04-16,KCA,DET,1,0,6.55,4.0,1e-06,1e-06,KCA,KCA,0.0,0.0,0.318,0.281
CHA202204160,2022-04-16,CHA,TBA,0,1,2.76,3.8,1e-06,1e-06,CHA,CHA,0.0,0.0,0.31,0.303
NYN202204160,2022-04-16,NYN,ARI,0,0,4.47,4.4,1e-06,1e-06,NYN,NYN,1.0,0.0,0.329,0.301
TOR202204160,2022-04-16,TOR,OAK,1,0,6.75,3.41,1e-06,1e-06,TOR,TOR,2.3333333333333335,1.0,0.326,0.283
CLE202204160,2022-04-16,CLE,SFN,1,0,2.25,4.01,1e-06,1e-06,CLE,CLE,0.0,0.0,0.319,0.309
SEA202204160,2022-04-16,SEA,HOU,0,0,3.73,1.75,1e-06,1e-06,SEA,SEA,1.0,0.1666666666666666,0.305,0.308
TEX202204160,2022-04-16,TEX,ANA,0,0,5.13,3.94,1e-06,1e-06,TEX,TEX,0.0,1.5,0.306,0.286
TOR202204170,2022-04-17,TOR,OAK,1,0,2.24,6.3,1e-06,1e-06,TOR,TOR,2.0,0.875,0.326,0.283
SDN202204170,2022-04-17,SDN,ATL,0,0,3.1,3.17,1e-06,1e-06,SDN,SDN,1.0,0.3333333333333333,0.308,0.309
PIT202204170,2022-04-17,PIT,WAS,0,0,7.36,4.21,1e-06,1e-06,PIT,PIT,0.8,1.3333333333333333,0.303,0.319
TEX202204170,2022-04-17,TEX,ANA,0,1,2.89,5.68,1e-06,1e-06,TEX,TEX,0.0,1.0,0.306,0.286
SEA202204170,2022-04-17,SEA,HOU,1,0,4.44,3.94,1e-06,1e-06,SEA,SEA,0.5,0.1428571428571428,0.305,0.308
BOS202204170,2022-04-17,BOS,MIN,0,0,3.83,3.21,1e-06,1e-06,BOS,BOS,0.0,0.5,0.331,0.309
MIL202204170,2022-04-17,MIL,SLN,2,0,2.7,4.45,1e-06,1e-06,MIL,MIL,0.3333333333333333,1.3333333333333333,0.324,0.322
CLE202204170,2022-04-17,CLE,SFN,0,0,4.92,5.1,1e-06,1e-06,CLE,CLE,0.5,0.0,0.319,0.309
COL202204170,2022-04-17,COL,CHN,0,1,5.56,4.22,1e-06,1e-06,COL,COL,0.8,0.8,0.345,0.301
CHA202204170,2022-04-17,CHA,TBA,0,4,4.78,11.81,1e-06,1e-06,CHA,CHA,0.0,0.5,0.31,0.303
MIA202204170,2022-04-17,MIA,PHI,0,0,6.35,2.82,1e-06,1e-06,MIA,MIA,0.6666666666666666,0.6666666666666666,0.302,0.304
BAL202204170,2022-04-17,BAL,NYA,0,0,2.54,4.13,1e-06,1e-06,BAL,BAL,0.0,0.0,0.307,0.318
LAN202204170,2022-04-17,LAN,CIN,0,0,3.1,4.4,1e-06,1e-06,LAN,LAN,1.0,0.0,0.335,0.287
NYN202204170,2022-04-17,NYN,ARI,0,0,6.49,5.22,1e-06,1e-06,NYN,NYN,0.5,0.0,0.329,0.301
SDN202204180,2022-04-18,SDN,CIN,2,1,4.96,3.66,1e-06,179.52869961196944,SDN,LAN,0.75,0.0,0.308,0.287
BOS202204180,2022-04-18,BOS,MIN,0,2,4.27,4.89,1e-06,1e-06,BOS,BOS,0.0,0.3333333333333333,0.331,0.309
OAK202204180,2022-04-18,OAK,BAL,1,0,4.05,3.9,3630.644600855592,3931.3055139950993,TOR,BAL,1.0,0.0,0.278,0.304
COL202204180,2022-04-18,COL,PHI,0,0,5.72,3.25,1e-06,2773.388608504832,COL,MIA,0.6666666666666666,0.5,0.345,0.304
CHN202204180,2022-04-18,CHN,TBA,0,0,3.76,1.56,1477.450780411816,1e-06,COL,CHA,3.0,1.6666666666666667,0.322,0.303
HOU202204180,2022-04-18,HOU,ANA,2,0,,4.24,3039.1839825945185,368.5990384284446,SEA,TEX,2.0,1.0,0.329,0.286
LAN202204180,2022-04-18,LAN,ATL,1,0,2.28,13.5,1e-06,179.52869961196944,LAN,SDN,0.75,0.25,0.335,0.309
MIL202204180,2022-04-18,MIL,PIT,1,0,3.69,5.18,1e-06,722.0054120555708,MIL,PIT,0.75,0.5,0.324,0.28
DET202204190,2022-04-19,DET,NYA,0,2,4.81,3.12,1034.95696626315,638.3359432178316,KCA,BAL,0.4,0.0,0.292,0.318
COL202204190,2022-04-19,COL,PHI,0,1,5.7,3.0,1e-06,1e-06,COL,COL,0.5714285714285714,0.4,0.345,0.304
LAN202204190,2022-04-19,LAN,ATL,0,0,4.02,2.48,1e-06,1e-06,LAN,LAN,0.8,0.2,0.335,0.309
BOS202204190,2022-04-19,BOS,TOR,0,0,5.84,3.1,1e-06,691.6136251477402,BOS,TOR,0.0,0.25,0.331,0.331
NYN202204192,2022-04-19,NYN,SFN,0,0,2.29,2.9,1e-06,1e-06,NYN,NYN,0.3333333333333333,0.0,0.329,0.309
OAK202204190,2022-04-19,OAK,BAL,0,1,6.79,4.72,1e-06,1e-06,OAK,OAK,1.0,0.0,0.278,0.304
MIL202204190,2022-04-19,MIL,PIT,0,0,2.94,4.69,1e-06,1e-06,MIL,MIL,0.8,0.3333333333333333,0.324,0.28
WAS202204191,2022-04-19,WAS,ARI,0,0,5.02,4.88,1e-06,1e-06,WAS,WAS,0.3333333333333333,0.0,0.301,0.301
HOU202204190,2022-04-19,HOU,ANA,0,0,2.82,3.71,1e-06,1e-06,HOU,HOU,2.0,0.8,0.329,0.286
MIA202204190,2022-04-19,MIA,SLN,0,0,3.32,3.71,1e-06,2045.0709343750696,MIA,MIL,0.5,1.0,0.302,0.322
WAS202204192,2022-04-19,WAS,ARI,0,0,7.1,5.24,305.44483751928374,326.3648041771951,PIT,NYN,0.25,0.0,0.301,0.301
KCA202204190,2022-04-19,KCA,MIN,0,0,4.96,4.91,1e-06,2008.0645584325655,KCA,BOS,0.1666666666666666,0.75,0.318,0.309
SEA202204190,2022-04-19,SEA,TEX,3,0,3.71,3.96,1e-06,2688.6235870338205,SEA,TEX,0.6666666666666666,0.0,0.305,0.296
CHN202204190,2022-04-19,CHN,TBA,0,0,3.18,6.43,1e-06,1e-06,CHN,CHN,2.0,1.25,0.322,0.303
SDN202204190,2022-04-19,SDN,CIN,3,1,2.93,6.32,1e-06,1e-06,SDN,SDN,1.0,0.125,0.308,0.287
NYN202204191,2022-04-19,NYN,SFN,1,0,2.06,3.74,1e-06,649.8727601989037,NYN,CLE,0.25,0.0,0.329,0.309
CLE202204202,2022-04-20,CLE,CHA,1,0,4.71,3.26,1e-06,1e-06,CLE,CLE,0.3333333333333333,2.0,0.319,0.311
SEA202204200,2022-04-20,SEA,TEX,0,0,3.2,4.46,1e-06,1e-06,SEA,SEA,1.25,0.0,0.305,0.296
HOU202204200,2022-04-20,HOU,ANA,0,6,4.4,2.33,1e-06,1e-06,HOU,HOU,1.0,0.6666666666666666,0.329,0.286
WAS202204200,2022-04-20,WAS,ARI,0,0,5.81,3.37,1e-06,1e-06,WAS,WAS,0.2,0.0,0.301,0.301
DET202204200,2022-04-20,DET,NYA,0,0,4.53,3.0,1e-06,1e-06,DET,DET,0.3333333333333333,0.5,0.292,0.318
COL202204200,2022-04-20,COL,PHI,2,0,7.61,2.8,1e-06,1e-06,COL,COL,0.5,0.5,0.345,0.304
CHN202204200,2022-04-20,CHN,TBA,0,4,3.5,2.8,1e-06,1e-06,CHN,CHN,1.5,1.0,0.322,0.303
CLE202204201,2022-04-20,CLE,CHA,1,0,2.88,9.2,1e-06,494.38381964269325,CLE,CHA,0.5,1.3333333333333333,0.319,0.311
SDN202204200,2022-04-20,SDN,CIN,0,0,4.5,7.61,1e-06,1e-06,SDN,SDN,1.3333333333333333,0.2222222222222222,0.308,0.287
MIA202204200,2022-04-20,MIA,SLN,0,0,3.26,4.63,1e-06,1e-06,MIA,MIA,0.4,0.8,0.302,0.322
BOS202204200,2022-04-20,BOS,TOR,1,0,4.56,5.23,1e-06,1e-06,BOS,BOS,0.0,0.2,0.331,0.331
MIL202204200,2022-04-20,MIL,PIT,0,0,3.05,3.91,1e-06,1e-06,MIL,MIL,0.6666666666666666,0.25,0.324,0.28
OAK202204200,2022-04-20,OAK,BAL,0,0,5.72,4.42,1e-06,1e-06,OAK,OAK,0.5,0.25,0.278,0.304
KCA202204200,2022-04-20,KCA,MIN,1,0,5.13,4.03,1e-06,1e-06,KCA,KCA,0.1428571428571428,0.6,0.318,0.309
NYN202204200,2022-04-20,NYN,SFN,0,3,3.42,2.88,1e-06,1e-06,NYN,NYN,0.4,0.0,0.329,0.309
LAN202204200,2022-04-20,LAN,ATL,2,0,2.14,4.34,1e-06,1e-06,LAN,LAN,0.6666666666666666,0.1666666666666666,0.335,0.309
KCA202204210,2022-04-21,KCA,MIN,0,0,3.68,3.55,1e-06,1e-06,KCA,KCA,0.25,0.5,0.318,0.309
DET202204210,2022-04-21,DET,NYA,0,0,5.79,3.48,1e-06,1e-06,DET,DET,0.2857142857142857,0.4,0.292,0.318
CHN202204210,2022-04-21,CHN,PIT,2,0,8.22,4.38,1e-06,132.54357794550742,CHN,MIL,1.2,0.2,0.322,0.28
SEA202204210,2022-04-21,SEA,TEX,5,0,5.65,3.86,1e-06,1e-06,SEA,SEA,1.0,0.0,0.305,0.296
WAS202204210,2022-04-21,WAS,ARI,0,1,5.13,4.09,1e-06,1e-06,WAS,WAS,0.1666666666666666,0.0,0.301,0.301
MIA202204210,2022-04-21,MIA,SLN,0,0,3.75,4.84,1e-06,1e-06,MIA,MIA,0.3333333333333333,0.6666666666666666,0.302,0.322
BOS202204210,2022-04-21,BOS,TOR,0,0,3.15,3.35,1e-06,1e-06,BOS,BOS,0.1666666666666666,0.1666666666666666,0.331,0.331
OAK202204210,2022-04-21,OAK,BAL,0,0,4.28,4.25,1e-06,1e-06,OAK,OAK,0.3333333333333333,0.2,0.278,0.304
NYN202204210,2022-04-21,NYN,SFN,1,0,3.97,6.63,1e-06,1e-06,NYN,NYN,0.3333333333333333,0.5,0.329,0.309
CLE202204210,2022-04-21,CLE,CHA,0,0,4.31,2.2,1e-06,1e-06,CLE,CLE,0.6,1.0,0.319,0.311
HOU202204220,2022-04-22,HOU,TOR,0,0,3.72,3.14,1e-06,2582.243070652819,HOU,BOS,0.6666666666666666,0.1428571428571428,0.329,0.331
SDN202204220,2022-04-22,SDN,LAN,0,0,3.47,2.16,1e-06,179.52869961196944,SDN,LAN,1.1428571428571428,0.5,0.308,0.33
SEA202204220,2022-04-22,SEA,KCA,0,0,3.73,5.09,1e-06,2418.3539462011913,SEA,KCA,1.6666666666666667,0.0,0.305,0.296
OAK202204220,2022-04-22,OAK,TEX,0,0,6.3,4.64,1e-06,1089.6592015072615,OAK,SEA,0.25,0.0,0.278,0.296
WAS202204220,2022-04-22,WAS,SFN,0,0,6.31,4.42,1e-06,326.3648041771951,WAS,NYN,0.1428571428571428,0.4285714285714285,0.301,0.309
PHI202204220,2022-04-22,PHI,MIL,1,0,4.85,4.44,2534.0409405234473,1117.7982780855818,COL,MIL,0.4,0.4,0.325,0.307
CHN202204220,2022-04-22,CHN,PIT,0,0,3.47,2.64,1e-06,1e-06,CHN,CHN,1.3333333333333333,0.1666666666666666,0.322,0.28
MIN202204220,2022-04-22,MIN,CHA,0,0,4.91,3.18,662.9211681328137,1013.2251113855248,KCA,CLE,1.6,0.8,0.325,0.311
ATL202204220,2022-04-22,ATL,MIA,1,0,3.19,5.47,3110.7650847781624,973.359131898138,LAN,MIA,0.5,0.0,0.323,0.286
ARI202204220,2022-04-22,ARI,NYN,0,0,4.66,1.31,3184.3579900386735,3443.682019431773,WAS,NYN,0.2,0.5,0.307,0.334
TBA202204220,2022-04-22,TBA,BOS,1,2,4.34,3.32,1636.2782802002057,1926.694381718032,CHN,BOS,0.1666666666666666,0.4,0.311,0.311
ANA202204220,2022-04-22,ANA,BAL,0,0,3.77,5.99,2169.9670210701,592.0809005913671,HOU,OAK,1.0,0.1666666666666666,0.308,0.304
NYA202204220,2022-04-22,NYA,CLE,0,0,3.91,3.38,773.7548030957365,649.8727601989037,DET,CLE,0.0,1.6,0.325,0.31
CIN202204220,2022-04-22,CIN,SLN,0,1,4.44,5.25,3007.676031937142,1534.6263109130673,SDN,MIA,0.0,0.5714285714285714,0.321,0.322
CIN202204230,2022-04-23,CIN,SLN,0,0,4.4,4.45,1e-06,1e-06,CIN,CIN,0.0,0.625,0.321,0.322
WAS202204230,2022-04-23,WAS,SFN,0,1,6.6,5.1,1e-06,1e-06,WAS,WAS,0.125,0.375,0.301,0.309
NYA202204230,2022-04-23,NYA,CLE,0,0,4.03,1.36,1e-06,1e-06,NYA,NYA,0.0,1.3333333333333333,0.325,0.31
SDN202204230,2022-04-23,SDN,LAN,0,0,2.27,3.8,1e-06,1e-06,SDN,SDN,1.0,0.4,0.308,0.33
ARI202204230,2022-04-23,ARI,NYN,1,0,5.68,3.21,1e-06,1e-06,ARI,ARI,0.1666666666666666,0.4285714285714285,0.307,0.334
ATL202204230,2022-04-23,ATL,MIA,1,1,2.67,2.98,1e-06,1e-06,ATL,ATL,0.5714285714285714,0.0,0.323,0.286
OAK202204230,2022-04-23,OAK,TEX,0,0,4.05,1.97,1e-06,1e-06,OAK,OAK,0.2,0.0,0.278,0.296
DET202204232,2022-04-23,DET,COL,0,1,4.19,5.56,1e-06,1e-06,DET,DET,0.25,0.5,0.292,0.284
SEA202204230,2022-04-23,SEA,KCA,2,1,3.64,23.63,1e-06,1e-06,SEA,SEA,1.4285714285714286,0.0,0.305,0.296
ANA202204230,2022-04-23,ANA,BAL,1,2,3.84,3.49,1e-06,1e-06,ANA,ANA,0.8333333333333334,0.1428571428571428,0.308,0.304
TBA202204230,2022-04-23,TBA,BOS,0,0,2.25,5.84,1e-06,1e-06,TBA,TBA,0.2857142857142857,0.6666666666666666,0.311,0.311
PHI202204230,2022-04-23,PHI,MIL,1,0,2.82,4.73,1e-06,1e-06,PHI,PHI,0.5,0.3333333333333333,0.325,0.307
HOU202204230,2022-04-23,HOU,TOR,2,1,3.94,2.24,1e-06,1e-06,HOU,HOU,0.5,0.125,0.329,0.331
MIN202204230,2022-04-23,MIN,CHA,1,0,4.89,4.78,1e-06,1e-06,MIN,MIN,1.3333333333333333,0.6666666666666666,0.325,0.311
CHN202204230,2022-04-23,CHN,PIT,1,0,4.8,5.18,1e-06,1e-06,CHN,CHN,1.1428571428571428,0.1428571428571428,0.322,0.28
DET202204231,2022-04-23,DET,COL,4,0,3.52,5.07,1e-06,1856.9068744507315,DET,COL,0.2222222222222222,0.6666666666666666,0.292,0.284
HOU202204240,2022-04-24,HOU,TOR,0,0,3.94,2.11,1e-06,1e-06,HOU,HOU,0.8,0.2222222222222222,0.329,0.331
ATL202204240,2022-04-24,ATL,MIA,0,0,3.17,3.32,1e-06,1e-06,ATL,ATL,0.625,0.1666666666666666,0.323,0.286
DET202204240,2022-04-24,DET,COL,0,1,4.81,5.72,1e-06,1e-06,DET,DET,0.6,0.5,0.292,0.284
TBA202204240,2022-04-24,TBA,BOS,0,2,2.54,4.41,1e-06,1e-06,TBA,TBA,0.25,0.5714285714285714,0.311,0.311
SDN202204240,2022-04-24,SDN,LAN,0,1,4.96,2.28,1e-06,1e-06,SDN,SDN,0.8888888888888888,0.3333333333333333,0.308,0.33
PHI202204240,2022-04-24,PHI,MIL,0,0,3.43,1.93,1e-06,1e-06,PHI,PHI,0.5714285714285714,0.2857142857142857,0.325,0.307
MIN202204240,2022-04-24,MIN,CHA,0,1,4.61,2.81,1e-06,1e-06,MIN,MIN,1.2857142857142858,0.5714285714285714,0.325,0.311
NYA202204240,2022-04-24,NYA,CLE,2,0,3.5,4.92,1e-06,1e-06,NYA,NYA,0.0,1.1428571428571428,0.325,0.31
CHN202204240,2022-04-24,CHN,PIT,2,0,3.18,4.58,1e-06,1e-06,CHN,CHN,1.125,0.125,0.322,0.28
ARI202204240,2022-04-24,ARI,NYN,0,1,5.28,5.13,1e-06,1e-06,ARI,ARI,0.2857142857142857,0.375,0.307,0.334
CIN202204240,2022-04-24,CIN,SLN,2,0,3.66,3.71,1e-06,1e-06,CIN,CIN,0.0,0.5555555555555556,0.321,0.322
ANA202204240,2022-04-24,ANA,BAL,6,0,2.48,4.72,1e-06,1e-06,ANA,ANA,0.8571428571428571,0.375,0.308,0.304
SEA202204240,2022-04-24,SEA,KCA,2,0,4.58,3.23,1e-06,1e-06,SEA,SEA,1.5,0.3333333333333333,0.305,0.296
OAK202204240,2022-04-24,OAK,TEX,0,0,3.98,7.41,1e-06,1e-06,OAK,OAK,0.1666666666666666,0.0,0.278,0.296
WAS202204240,2022-04-24,WAS,SFN,1,2,7.1,2.9,1e-06,1e-06,WAS,WAS,0.1111111111111111,0.4444444444444444,0.301,0.309
SLN202204250,2022-04-25,SLN,NYN,0,0,3.05,5.04,494.9532553693752,2043.890455711885,CIN,ARI,2.3333333333333335,0.4444444444444444,0.326,0.334
PHI202204250,2022-04-25,PHI,COL,0,1,5.05,4.53,1e-06,711.1078712045012,PHI,DET,0.5,0.6,0.325,0.284
ANA202204250,2022-04-25,ANA,CLE,0,0,4.24,2.88,1e-06,3915.807145653056,ANA,NYA,1.5,1.0,0.308,0.31
TEX202204250,2022-04-25,TEX,HOU,0,0,1.95,3.84,2350.5503898425545,368.5990384284446,OAK,HOU,0.0,0.125,0.306,0.308
TOR202204250,2022-04-25,TOR,BOS,0,0,2.8,3.83,2094.913694918614,1789.459752085548,HOU,TBA,1.8,0.75,0.326,0.311
ARI202204250,2022-04-25,ARI,LAN,0,2,3.37,4.02,1e-06,481.0116378281714,ARI,SDN,0.25,0.4285714285714285,0.307,0.33
MIL202204250,2022-04-25,MIL,SFN,0,0,2.7,6.81,1117.7982780855818,1025.9779093655509,PHI,WAS,0.5714285714285714,0.6,0.324,0.309
CHA202204260,2022-04-26,CHA,KCA,0,0,9.2,5.13,571.0232496384983,2788.668911659839,MIN,SEA,0.0,0.25,0.31,0.296
SFN202204260,2022-04-26,SFN,OAK,0,0,2.88,5.72,2954.3733541563483,13.027453191410114,MIL,OAK,1.2,0.7777777777777778,0.322,0.283
SLN202204260,2022-04-26,SLN,NYN,0,0,4.84,3.42,1e-06,1e-06,SLN,SLN,1.75,0.4,0.326,0.334
WAS202204260,2022-04-26,WAS,MIA,0,0,5.02,2.28,1e-06,874.0887985860761,WAS,ATL,0.2,0.1428571428571428,0.301,0.286
PIT202204260,2022-04-26,PIT,MIL,0,2,6.94,3.78,660.0502267315369,722.0054120555708,CHN,MIL,0.6666666666666666,0.25,0.303,0.307
PHI202204260,2022-04-26,PHI,COL,0,0,4.04,4.95,1e-06,1e-06,PHI,PHI,0.4444444444444444,0.6666666666666666,0.325,0.284
TOR202204260,2022-04-26,TOR,BOS,0,0,2.11,4.31,1e-06,1e-06,TOR,TOR,1.5,0.6666666666666666,0.326,0.311
MIN202204260,2022-04-26,MIN,DET,0,0,3.36,3.28,1e-06,872.516450655481,MIN,DET,1.125,0.0,0.325,0.281
TBA202204260,2022-04-26,TBA,SEA,0,0,6.43,3.2,1e-06,4073.223093287738,TBA,SEA,0.2222222222222222,0.1666666666666666,0.311,0.322
ATL202204260,2022-04-26,ATL,CHN,0,0,2.48,3.5,1e-06,947.8182724063668,ATL,CHN,0.5555555555555556,0.8333333333333334,0.323,0.301
NYA202204260,2022-04-26,NYA,BAL,0,0,3.18,4.42,1e-06,3915.807145653056,NYA,ANA,0.2222222222222222,0.3333333333333333,0.325,0.304
ANA202204260,2022-04-26,ANA,CLE,0,0,2.91,2.96,1e-06,1e-06,ANA,ANA,1.3333333333333333,0.8888888888888888,0.308,0.31
TEX202204260,2022-04-26,TEX,HOU,0,0,5.13,4.4,1e-06,1e-06,TEX,TEX,0.0,0.1111111111111111,0.306,0.308
CIN202204260,2022-04-26,CIN,SDN,0,0,6.32,2.93,1e-06,3007.676031937142,CIN,SDN,0.4,0.1666666666666666,0.321,0.323
ARI202204260,2022-04-26,ARI,LAN,0,3,5.36,3.26,1e-06,1e-06,ARI,ARI,0.2222222222222222,0.625,0.307,0.33
ATL202204270,2022-04-27,ATL,CHN,0,0,3.5,2.4,1e-06,1e-06,ATL,ATL,0.5,0.7142857142857143,0.323,0.301
TEX202204270,2022-04-27,TEX,HOU,0,1,4.14,2.54,1e-06,1e-06,TEX,TEX,0.0,0.1,0.306,0.308
PIT202204270,2022-04-27,PIT,MIL,0,0,4.38,4.14,1e-06,1e-06,PIT,PIT,0.5714285714285714,0.4444444444444444,0.303,0.307
ANA202204270,2022-04-27,ANA,CLE,2,2,2.33,4.31,1e-06,1e-06,ANA,ANA,1.2,0.8,0.308,0.31
CIN202204270,2022-04-27,CIN,SDN,0,0,7.61,4.5,1e-06,1e-06,CIN,CIN,0.3333333333333333,0.1428571428571428,0.321,0.323
SFN202204270,2022-04-27,SFN,OAK,0,1,3.61,4.28,1e-06,1e-06,SFN,SFN,1.0,0.7,0.322,0.283
SLN202204270,2022-04-27,SLN,NYN,1,0,2.23,3.97,1e-06,1e-06,SLN,SLN,1.4,0.4,0.326,0.334
TOR202204270,2022-04-27,TOR,BOS,0,1,4.11,3.32,1e-06,1e-06,TOR,TOR,1.2857142857142858,0.6,0.326,0.311
NYA202204270,2022-04-27,NYA,BAL,2,0,2.29,3.9,1e-06,1e-06,NYA,NYA,0.2,0.3,0.325,0.304
PHI202204270,2022-04-27,PHI,COL,1,0,3.65,5.83,1e-06,1e-06,PHI,PHI,0.4,0.5714285714285714,0.325,0.284
ARI202204270,2022-04-27,ARI,LAN,0,0,5.36,2.22,1e-06,1e-06,ARI,ARI,0.2,0.8888888888888888,0.307,0.33
CHA202204270,2022-04-27,CHA,KCA,0,0,8.41,6.55,1e-06,1e-06,CHA,CHA,0.0,0.2,0.31,0.296
TBA202204270,2022-04-27,TBA,SEA,1,0,2.84,4.13,1e-06,1e-06,TBA,TBA,0.2,0.1428571428571428,0.311,0.322
WAS202204270,2022-04-27,WAS,MIA,0,0,5.81,3.75,1e-06,1e-06,WAS,WAS,0.2,0.125,0.301,0.286
MIN202204270,2022-04-27,MIN,DET,0,0,3.55,5.79,1e-06,1e-06,MIN,MIN,1.0,0.0,0.325,0.281
CIN202204280,2022-04-28,CIN,SDN,0,1,4.4,3.47,1e-06,1e-06,CIN,CIN,0.2857142857142857,0.125,0.321,0.323
TOR202204280,2022-04-28,TOR,BOS,0,0,2.24,3.45,1e-06,1e-06,TOR,TOR,1.125,0.7,0.326,0.311
WAS202204280,2022-04-28,WAS,MIA,1,0,6.31,5.47,1e-06,1e-06,WAS,WAS,0.2,0.1111111111111111,0.301,0.286
ATL202204280,2022-04-28,ATL,CHN,1,0,3.19,3.47,1e-06,1e-06,ATL,ATL,0.5,0.625,0.323,0.301
SLN202204280,2022-04-28,SLN,ARI,2,0,4.45,5.68,1e-06,2043.890455711885,SLN,ARI,1.3333333333333333,0.1428571428571428,0.326,0.301
ANA202204280,2022-04-28,ANA,CLE,0,0,3.77,3.38,1e-06,1e-06,ANA,ANA,1.2,1.0,0.308,0.31
TBA202204280,2022-04-28,TBA,SEA,0,1,0.0,3.73,1e-06,1e-06,TBA,TBA,0.3,0.125,0.311,0.322
PHI202204280,2022-04-28,PHI,COL,0,0,2.82,5.56,1e-06,1e-06,PHI,PHI,0.3,0.5,0.325,0.284
MIN202204280,2022-04-28,MIN,DET,0,0,3.86,3.52,1e-06,1e-06,MIN,MIN,0.9,0.0,0.325,0.281
CHA202204280,2022-04-28,CHA,KCA,0,1,2.36,2.18,1e-06,1e-06,CHA,CHA,0.0,0.1666666666666666,0.31,0.296
TEX202204280,2022-04-28,TEX,HOU,0,0,3.47,1.75,1e-06,1e-06,TEX,TEX,0.0,0.1,0.306,0.308
NYA202204280,2022-04-28,NYA,BAL,0,0,4.03,5.99,1e-06,1e-06,NYA,NYA,0.4,0.3,0.325,0.304
PIT202204280,2022-04-28,PIT,MIL,0,1,4.26,3.76,1e-06,1e-06,PIT,PIT,0.5,0.4,0.303,0.307
TEX202204290,2022-04-29,TEX,ATL,0,2,5.27,5.0,1e-06,1179.9161829380423,TEX,ATL,0.0,0.1428571428571428,0.306,0.309
SFN202204290,2022-04-29,SFN,WAS,0,1,5.1,6.6,1e-06,3919.8438689376185,SFN,WAS,0.8571428571428571,1.1428571428571428,0.322,0.319
PIT202204290,2022-04-29,PIT,SDN,2,0,5.18,3.1,1e-06,415.25842934625814,PIT,CIN,0.4444444444444444,0.2222222222222222,0.303,0.323
TBA202204290,2022-04-29,TBA,MIN,4,0,4.34,4.89,1e-06,2137.431531245163,TBA,MIN,0.3,0.4285714285714285,0.311,0.309
NYN202204290,2022-04-29,NYN,PHI,0,0,5.13,3.25,1403.0288811452067,129.48897528262268,SLN,PHI,0.4285714285714285,0.4285714285714285,0.329,0.304
TOR202204290,2022-04-29,TOR,HOU,0,1,4.11,3.94,1e-06,1953.690097165916,TOR,TEX,1.0,0.1,0.326,0.308
OAK202204290,2022-04-29,OAK,CLE,4,1,3.33,2.69,13.027453191410114,592.0809005913671,SFN,ANA,0.1428571428571428,0.4,0.278,0.31
CHA202204290,2022-04-29,CHA,ANA,1,2,4.9,5.63,1e-06,2786.2559450879285,CHA,ANA,0.0,1.4285714285714286,0.31,0.286
BAL202204290,2022-04-29,BAL,BOS,0,0,4.9,3.15,272.81937803481173,537.0332419152472,NYA,TOR,0.0,0.5,0.307,0.311
COL202204290,2022-04-29,COL,CIN,0,0,5.07,4.44,2534.0409405234473,1756.1898521305268,PHI,CIN,0.6666666666666666,0.2,0.345,0.287
LAN202204290,2022-04-29,LAN,DET,2,0,2.57,4.81,574.8341159449532,2448.9556082748627,ARI,MIN,0.8571428571428571,0.0,0.335,0.281
MIL202204290,2022-04-29,MIL,CHN,0,0,4.73,4.8,722.0054120555708,1079.4745171093869,PIT,ATL,0.5,0.5555555555555556,0.324,0.301
MIA202204290,2022-04-29,MIA,SEA,2,0,6.35,4.44,1489.628641346009,319.9354673545946,WAS,TBA,0.2857142857142857,0.2222222222222222,0.302,0.322
KCA202204290,2022-04-29,KCA,NYA,1,3,5.58,2.44,663.9206411727051,1759.8286951805926,CHA,NYA,0.2222222222222222,0.3333333333333333,0.318,0.318
SLN202204290,2022-04-29,SLN,ARI,1,0,3.71,4.88,1e-06,1e-06,SLN,SLN,1.4285714285714286,0.125,0.326,0.301
PIT202204300,2022-04-30,PIT,SDN,1,0,4.26,3.72,1e-06,1e-06,PIT,PIT,0.6,0.2,0.303,0.323
LAN202204300,2022-04-30,LAN,DET,1,0,1.14,5.64,1e-06,1e-06,LAN,LAN,1.0,0.0,0.335,0.281
SLN202204300,2022-04-30,SLN,ARI,0,0,3.29,3.37,1e-06,1e-06,SLN,SLN,1.375,0.1111111111111111,0.326,0.301
CHA202204300,2022-04-30,CHA,ANA,1,0,4.78,3.96,1e-06,1e-06,CHA,CHA,0.1,1.5,0.31,0.286
NYN202204300,2022-04-30,NYN,PHI,0,0,2.06,8.31,1e-06,1e-06,NYN,NYN,0.375,0.375,0.329,0.304
TBA202204300,2022-04-30,TBA,MIN,0,1,2.54,3.86,1e-06,1e-06,TBA,TBA,0.7,0.375,0.311,0.309
MIL202204300,2022-04-30,MIL,CHN,3,0,3.69,3.18,1e-06,1e-06,MIL,MIL,0.4444444444444444,0.5,0.324,0.301
OAK202204300,2022-04-30,OAK,CLE,0,0,3.41,2.25,1e-06,1e-06,OAK,OAK,0.625,0.3,0.278,0.31
MIA202204300,2022-04-30,MIA,SEA,0,0,3.32,3.71,1e-06,1e-06,MIA,MIA,0.5,0.2,0.302,0.322
KCA202204300,2022-04-30,KCA,NYA,0,0,7.39,3.5,1e-06,1e-06,KCA,KCA,0.3,0.7142857142857143,0.318,0.318
TOR202204300,2022-04-30,TOR,HOU,1,0,5.23,,1e-06,1e-06,TOR,TOR,0.9,0.2,0.326,0.308
COL202204300,2022-04-30,COL,CIN,0,1,5.72,6.5,1e-06,1e-06,COL,COL,0.6,0.2,0.345,0.287
TEX202204300,2022-04-30,TEX,ATL,1,0,4.46,3.17,1e-06,1e-06,TEX,TEX,0.0,0.375,0.306,0.309
BAL202204300,2022-04-30,BAL,BOS,0,1,2.54,3.73,1e-06,1e-06,BAL,BAL,0.0,0.5,0.307,0.311
SFN202204300,2022-04-30,SFN,WAS,0,0,2.9,7.1,1e-06,1e-06,SFN,SFN,0.75,1.125,0.322,0.319
BAL202205010,2022-05-01,BAL,BOS,0,0,4.42,4.56,1e-06,1e-06,BAL,BAL,0.0,0.6,0.307,0.311
NYN202205010,2022-05-01,NYN,PHI,0,0,2.29,4.04,1e-06,1e-06,NYN,NYN,0.3333333333333333,0.3333333333333333,0.329,0.304
TOR202205010,2022-05-01,TOR,HOU,0,0,3.35,2.82,1e-06,1e-06,TOR,TOR,0.8,0.2,0.326,0.308
MIL202205010,2022-05-01,MIL,CHN,0,0,2.94,3.5,1e-06,1e-06,MIL,MIL,0.7,0.5,0.324,0.301
CHA202205010,2022-05-01,CHA,ANA,0,1,9.2,4.24,1e-06,1e-06,CHA,CHA,0.2,1.3333333333333333,0.31,0.286
SFN202205010,2022-05-01,SFN,WAS,0,5,3.73,5.02,1e-06,1e-06,SFN,SFN,0.6666666666666666,1.0,0.322,0.319
OAK202205010,2022-05-01,OAK,CLE,0,0,4.23,2.96,1e-06,1e-06,OAK,OAK,0.5555555555555556,0.3,0.278,0.31
COL202205010,2022-05-01,COL,CIN,6,0,4.53,6.32,1e-06,1e-06,COL,COL,0.5,0.3,0.345,0.287
LAN202205010,2022-05-01,LAN,DET,1,0,4.02,4.05,1e-06,1e-06,LAN,LAN,1.0,0.0,0.335,0.281
TBA202205010,2022-05-01,TBA,MIN,0,5,6.43,4.7,1e-06,1e-06,TBA,TBA,0.6,0.4444444444444444,0.311,0.309
TEX202205010,2022-05-01,TEX,ATL,1,0,5.13,8.03,1e-06,1e-06,TEX,TEX,0.1,0.3333333333333333,0.306,0.309
MIA202205010,2022-05-01,MIA,SEA,0,0,2.28,3.2,1e-06,1e-06,MIA,MIA,0.4444444444444444,0.2,0.302,0.322
KCA202205010,2022-05-01,KCA,NYA,0,1,2.78,3.12,1e-06,1e-06,KCA,KCA,0.3,0.625,0.318,0.318
SLN202205010,2022-05-01,SLN,ARI,0,1,5.68,5.29,1e-06,1e-06,SLN,SLN,1.2222222222222223,0.1,0.326,0.301
PIT202205010,2022-05-01,PIT,SDN,0,0,3.91,2.93,1e-06,1e-06,PIT,PIT,0.7,0.2,0.303,0.323
NYN202205020,2022-05-02,NYN,ATL,0,0,3.42,2.48,1e-06,2225.551415128663,NYN,TEX,0.3,0.3,0.329,0.309
CHA202205020,2022-05-02,CHA,ANA,2,0,2.2,2.91,1e-06,1e-06,CHA,CHA,0.2,1.3,0.31,0.286
TOR202205020,2022-05-02,TOR,NYA,0,0,3.1,2.54,1e-06,1362.7751953099455,TOR,KCA,0.4,0.6666666666666666,0.326,0.318
MIA202205020,2022-05-02,MIA,ARI,0,2,3.75,2.54,1e-06,1707.3616110149374,MIA,SLN,0.4,0.2,0.302,0.301
OAK202205020,2022-05-02,OAK,TBA,0,1,5.72,2.84,1e-06,3845.9573440873414,OAK,TBA,0.5,1.5,0.278,0.303
SLN202205020,2022-05-02,SLN,KCA,1,0,5.25,3.68,1e-06,382.8562661725535,SLN,KCA,1.1,0.2857142857142857,0.326,0.296
BAL202205020,2022-05-02,BAL,MIN,0,0,3.49,4.03,1e-06,1393.7772067986984,BAL,TBA,0.0,0.9,0.307,0.309
HOU202205020,2022-05-02,HOU,SEA,0,0,4.4,4.13,2094.913694918614,1555.6920636215998,TOR,MIA,0.6666666666666666,0.2,0.329,0.322
HOU202205030,2022-05-03,HOU,SEA,0,0,2.54,3.73,1e-06,1e-06,HOU,HOU,0.5714285714285714,0.2,0.329,0.322
OAK202205030,2022-05-03,OAK,TBA,5,1,4.53,3.15,1e-06,1e-06,OAK,OAK,0.4,1.4285714285714286,0.278,0.303
MIA202205030,2022-05-03,MIA,ARI,0,0,5.47,5.68,1e-06,1e-06,MIA,MIA,0.4,0.4,0.302,0.301
MIL202205030,2022-05-03,MIL,CIN,0,0,3.05,4.4,1e-06,1465.0252316671194,MIL,COL,0.6,0.3,0.324,0.287
BOS202205030,2022-05-03,BOS,ANA,0,0,3.32,3.94,578.81170796599,1365.5064971534737,BAL,CHA,0.1428571428571428,1.1,0.331,0.286
KCA202205030,2022-05-03,KCA,SLN,0,0,5.09,4.45,382.8562661725535,382.8562661725535,SLN,SLN,0.3,0.5,0.318,0.322
BAL202205030,2022-05-03,BAL,MIN,0,0,3.9,3.49,1e-06,1e-06,BAL,BAL,0.0,0.8,0.307,0.309
NYN202205031,2022-05-03,NYN,ATL,2,0,3.83,4.34,1e-06,1e-06,NYN,NYN,0.2,0.3,0.329,0.309
NYN202205032,2022-05-03,NYN,ATL,2,0,3.97,3.19,1e-06,1e-06,NYN,NYN,0.4,0.3,0.329,0.309
PHI202205030,2022-05-03,PHI,TEX,3,2,3.65,1.97,129.48897528262268,2108.1981504571195,NYN,TEX,0.3,0.0,0.325,0.296
COL202205030,2022-05-03,COL,WAS,0,0,4.95,5.81,1e-06,1524.5101947303656,COL,SFN,0.8,1.4,0.345,0.319
TOR202205030,2022-05-03,TOR,NYA,0,0,2.8,3.91,1e-06,1e-06,TOR,TOR,0.3,0.6,0.326,0.318
LAN202205030,2022-05-03,LAN,SFN,0,0,2.16,2.88,1e-06,559.4406195325591,LAN,SFN,1.0,0.6,0.335,0.309
CHN202205030,2022-05-03,CHN,CHA,0,0,2.54,2.76,132.54357794550742,1e-06,MIL,CHA,1.2222222222222223,0.625,0.322,0.311
PHI202205040,2022-05-04,PHI,TEX,0,0,2.8,3.47,1e-06,1e-06,PHI,PHI,0.6,0.2222222222222222,0.325,0.296
CLE202205042,2022-05-04,CLE,SDN,0,3,2.25,6.12,1e-06,1e-06,CLE,CLE,0.5,0.2,0.319,0.323
HOU202205040,2022-05-04,HOU,SEA,1,0,1.75,4.44,1e-06,1e-06,HOU,HOU,0.5,0.2,0.329,0.322
NYN202205040,2022-05-04,NYN,ATL,0,0,5.13,5.0,1e-06,1e-06,NYN,NYN,0.6,0.2,0.329,0.309
CLE202205041,2022-05-04,CLE,SDN,0,1,4.31,2.94,3466.040146226439,186.24975562107616,OAK,PIT,0.4285714285714285,0.5,0.319,0.323
DET202205041,2022-05-04,DET,PIT,0,0,5.64,5.52,1e-06,1e-06,DET,DET,0.6,0.1111111111111111,0.292,0.28
MIL202205040,2022-05-04,MIL,CIN,2,2,3.58,7.61,1e-06,1e-06,MIL,MIL,0.6,0.3,0.324,0.287
COL202205040,2022-05-04,COL,WAS,0,0,5.56,6.31,1e-06,1e-06,COL,COL,0.8,1.4,0.345,0.319
KCA202205040,2022-05-04,KCA,SLN,0,5,5.58,3.71,1e-06,1e-06,KCA,KCA,0.3,0.5,0.318,0.322
LAN202205040,2022-05-04,LAN,SFN,0,0,2.14,5.1,1e-06,1e-06,LAN,LAN,0.7,0.6,0.335,0.309
BOS202205040,2022-05-04,BOS,ANA,0,0,4.31,3.61,1e-06,1e-06,BOS,BOS,0.125,1.0,0.331,0.286
DET202205042,2022-05-04,DET,PIT,0,0,4.53,5.18,3185.671339406629,331.7516309667575,LAN,PIT,0.6,0.1,0.292,0.28
BAL202205040,2022-05-04,BAL,MIN,0,0,1.4,4.89,1e-06,1e-06,BAL,BAL,0.0,0.8,0.307,0.309
TOR202205040,2022-05-04,TOR,NYA,0,0,5.19,2.44,1e-06,1e-06,TOR,TOR,0.2,0.6,0.326,0.318
CHN202205040,2022-05-04,CHN,CHA,0,1,4.8,4.9,1e-06,1e-06,CHN,CHN,1.1,0.5555555555555556,0.322,0.311
MIA202205040,2022-05-04,MIA,ARI,1,0,3.26,5.29,1e-06,1e-06,MIA,MIA,0.2,0.4,0.302,0.301
OAK202205040,2022-05-04,OAK,TBA,0,0,3.0,0.0,1e-06,1e-06,OAK,OAK,0.9,1.375,0.278,0.303
MIL202205050,2022-05-05,MIL,CIN,3,3,4.73,4.44,1e-06,1e-06,MIL,MIL,0.8,0.5,0.324,0.287
BOS202205050,2022-05-05,BOS,ANA,0,0,3.15,2.33,1e-06,1e-06,BOS,BOS,0.1111111111111111,1.0,0.331,0.286
BAL202205050,2022-05-05,BAL,MIN,0,0,2.54,1.86,1e-06,1e-06,BAL,BAL,0.0,0.8,0.307,0.309
CLE202205050,2022-05-05,CLE,TOR,0,2,4.92,5.23,1e-06,305.2632734150024,CLE,TOR,0.375,0.2,0.319,0.331
PHI202205050,2022-05-05,PHI,NYN,4,0,3.43,6.08,1e-06,129.48897528262268,PHI,NYN,0.6,0.4,0.325,0.334
SDN202205050,2022-05-05,SDN,MIA,1,0,3.47,3.32,3267.492473719747,3647.952032104879,CLE,MIA,0.8,0.1,0.308,0.286
SEA202205050,2022-05-05,SEA,TBA,0,0,3.71,2.54,3039.1839825945185,1089.6592015072615,HOU,OAK,1.5555555555555556,1.2222222222222223,0.305,0.303
COL202205050,2022-05-05,COL,WAS,0,2,7.61,6.6,1e-06,1e-06,COL,COL,0.8,1.3,0.345,0.319
HOU202205050,2022-05-05,HOU,DET,1,0,2.98,3.28,1e-06,1780.0976623230767,HOU,DET,0.5555555555555556,0.0,0.329,0.281
SFN202205050,2022-05-05,SFN,SLN,0,0,5.08,3.29,559.4406195325591,2419.4492026360936,LAN,KCA,0.6,0.6,0.322,0.322
ANA202205060,2022-05-06,ANA,WAS,1,0,2.93,7.1,4151.631080145035,1321.5005793187804,BOS,COL,1.2,1.3,0.308,0.319
ARI202205060,2022-05-06,ARI,COL,0,1,3.37,3.47,3182.157566983313,942.6579354569092,MIA,COL,0.2,0.4444444444444444,0.307,0.284
HOU202205060,2022-05-06,HOU,DET,0,0,,4.19,1e-06,1e-06,HOU,HOU,0.6,0.0,0.329,0.281
SEA202205060,2022-05-06,SEA,TBA,2,0,2.67,2.68,1e-06,1e-06,SEA,SEA,1.4,1.1,0.305,0.303
BOS202205060,2022-05-06,BOS,CHA,0,0,3.87,4.78,1e-06,1365.5064971534737,BOS,CHN,0.1,0.6,0.331,0.311
MIN202205060,2022-05-06,MIN,OAK,0,0,4.7,6.79,1508.338155320694,2531.5923192792015,BAL,OAK,0.8,0.8,0.325,0.283
SDN202205060,2022-05-06,SDN,MIA,1,0,3.1,2.28,1e-06,1e-06,SDN,SDN,0.6,0.1,0.308,0.286
SFN202205060,2022-05-06,SFN,SLN,0,0,2.53,1.25,1e-06,1e-06,SFN,SFN,0.6,0.6,0.322,0.322
ATL202205060,2022-05-06,ATL,MIL,0,2,2.6,3.69,1200.4511584455877,1079.4745171093869,NYN,MIL,0.4,0.5,0.323,0.307
BOS202205070,2022-05-07,BOS,CHA,0,0,4.31,2.76,1e-06,1e-06,BOS,BOS,0.1,0.4,0.331,0.311
CHN202205071,2022-05-07,CHN,LAN,0,1,3.47,2.28,1e-06,1e-06,CHN,CHN,0.8,0.8,0.322,0.33
CIN202205071,2022-05-07,CIN,PIT,2,0,9.45,4.38,1e-06,1e-06,CIN,CIN,0.25,0.0,0.321,0.28
SDN202205070,2022-05-07,SDN,MIA,0,0,4.96,3.75,1e-06,1e-06,SDN,SDN,0.7,0.1,0.308,0.286
CLE202205071,2022-05-07,CLE,TOR,0,0,2.88,3.35,1e-06,1e-06,CLE,CLE,0.3333333333333333,0.4,0.319,0.331
ATL202205070,2022-05-07,ATL,MIL,0,0,2.48,2.94,1e-06,1e-06,ATL,ATL,0.4,0.7,0.323,0.307
HOU202205070,2022-05-07,HOU,DET,0,0,1.94,3.39,1e-06,1e-06,HOU,HOU,0.4,0.0,0.329,0.281
CLE202205072,2022-05-07,CLE,TOR,3,1,2.96,3.01,1e-06,1e-06,CLE,CLE,0.3,0.4,0.319,0.331
ARI202205070,2022-05-07,ARI,COL,0,0,4.66,5.74,1e-06,1e-06,ARI,ARI,0.1,0.5,0.307,0.284
CHN202205072,2022-05-07,CHN,LAN,1,0,5.22,2.57,1e-06,2804.824680217871,CHN,LAN,0.5,0.9,0.322,0.33
MIN202205070,2022-05-07,MIN,OAK,0,0,3.36,4.23,1e-06,1e-06,MIN,MIN,0.2,0.8,0.325,0.283
CIN202205072,2022-05-07,CIN,PIT,2,4,5.4,7.36,525.1892238126902,380.0544669682655,MIL,DET,0.4444444444444444,0.0,0.321,0.28
SEA202205070,2022-05-07,SEA,TBA,0,0,4.13,2.84,1e-06,1e-06,SEA,SEA,1.5,1.1,0.305,0.303
SFN202205070,2022-05-07,SFN,SLN,4,1,2.9,5.25,1e-06,1e-06,SFN,SFN,0.6,0.6,0.322,0.322
ANA202205070,2022-05-07,ANA,WAS,0,1,4.24,5.02,1e-06,1e-06,ANA,ANA,1.3,1.0,0.308,0.319
BAL202205081,2022-05-08,BAL,KCA,0,0,2.54,4.04,1e-06,1e-06,BAL,BAL,0.0,0.25,0.307,0.296
BAL202205082,2022-05-08,BAL,KCA,3,0,5.99,5.13,1e-06,1545.5901214265937,BAL,KCA,0.0,0.2222222222222222,0.307,0.296
ATL202205080,2022-05-08,ATL,MIL,0,0,4.34,4.44,1e-06,1e-06,ATL,ATL,0.3,0.7,0.323,0.307
MIN202205080,2022-05-08,MIN,OAK,0,1,3.86,5.72,1e-06,1e-06,MIN,MIN,0.1,0.4,0.325,0.283
PHI202205082,2022-05-08,PHI,NYN,0,2,5.63,3.42,1e-06,1e-06,PHI,PHI,1.0,0.4,0.325,0.334
BOS202205080,2022-05-08,BOS,CHA,0,0,3.15,9.2,1e-06,1e-06,BOS,BOS,0.1,0.2,0.331,0.311
SEA202205080,2022-05-08,SEA,TBA,0,0,2.67,2.25,1e-06,1e-06,SEA,SEA,1.5,1.0,0.305,0.303
HOU202205080,2022-05-08,HOU,DET,0,0,4.4,4.53,1e-06,1e-06,HOU,HOU,0.4,0.0,0.329,0.281
PHI202205081,2022-05-08,PHI,NYN,1,0,5.05,2.29,1e-06,1e-06,PHI,PHI,0.9,0.3,0.325,0.334
NYA202205081,2022-05-08,NYA,TEX,0,0,2.54,4.03,1e-06,1e-06,NYA,NYA,0.4,0.2,0.325,0.296
NYA202205082,2022-05-08,NYA,TEX,0,0,2.29,5.27,550.2922217550002,129.48897528262268,TOR,PHI,0.4,0.2,0.325,0.296
CLE202205080,2022-05-08,CLE,TOR,0,2,5.4,2.8,1e-06,1e-06,CLE,CLE,0.6,0.4,0.319,0.331
SFN202205080,2022-05-08,SFN,SLN,0,0,4.01,4.63,1e-06,1e-06,SFN,SFN,1.0,0.7,0.322,0.322
ANA202205080,2022-05-08,ANA,WAS,0,0,2.61,3.3,1e-06,1e-06,ANA,ANA,1.0,0.9,0.308,0.319
CHN202205080,2022-05-08,CHN,LAN,1,0,3.18,4.02,1e-06,1e-06,CHN,CHN,0.6,0.9,0.322,0.33
CIN202205080,2022-05-08,CIN,PIT,0,0,6.5,4.58,1e-06,1e-06,CIN,CIN,0.6,0.4,0.321,0.28
ARI202205080,2022-05-08,ARI,COL,0,0,2.54,4.95,1e-06,1e-06,ARI,ARI,0.1,0.4,0.307,0.284
SDN202205080,2022-05-08,SDN,MIA,0,0,2.27,5.29,1e-06,1e-06,SDN,SDN,0.7,0.1,0.308,0.286
DET202205090,2022-05-09,DET,OAK,0,0,5.79,4.28,1780.0976623230767,872.516450655481,HOU,MIN,0.5,0.2,0.292,0.283
SEA202205090,2022-05-09,SEA,PHI,0,0,3.73,3.65,1e-06,3819.2290792052354,SEA,PHI,1.4,0.3,0.305,0.304
NYA202205090,2022-05-09,NYA,TEX,0,0,2.54,4.14,1e-06,1e-06,NYA,NYA,0.4,0.2,0.325,0.296
ANA202205090,2022-05-09,ANA,TBA,0,0,3.94,2.46,1e-06,1575.276973597757,ANA,SEA,1.0,0.6,0.308,0.303
CHA202205090,2022-05-09,CHA,CLE,4,1,6.0,1.36,1365.5064971534737,494.38381964269325,BOS,CLE,0.4,0.3,0.31,0.31
BAL202205090,2022-05-09,BAL,KCA,0,1,4.25,7.39,1e-06,1e-06,BAL,BAL,0.3,0.2,0.307,0.296
ARI202205090,2022-05-09,ARI,MIA,2,0,2.19,6.35,1e-06,481.0116378281714,ARI,SDN,0.1,0.1,0.307,0.286
SFN202205090,2022-05-09,SFN,COL,1,0,2.88,5.56,1e-06,1050.993394248722,SFN,ARI,0.4,0.4,0.322,0.284
CIN202205090,2022-05-09,CIN,MIL,0,0,4.57,3.05,1e-06,595.1171397463928,CIN,ATL,0.6,0.5,0.321,0.307
SDN202205090,2022-05-09,SDN,CHN,0,1,4.5,4.8,1e-06,2787.070270174863,SDN,CHN,0.7,0.4,0.308,0.301
PIT202205090,2022-05-09,PIT,LAN,0,0,2.93,2.16,415.25842934625814,660.0502267315369,CIN,CHN,0.4,0.9,0.303,0.33
SDN202205100,2022-05-10,SDN,CHN,2,0,3.06,4.7,1e-06,1e-06,SDN,SDN,0.5,0.2,0.308,0.301
DET202205102,2022-05-10,DET,OAK,0,0,5.53,6.24,1e-06,1e-06,DET,DET,0.5,0.2,0.292,0.283
DET202205101,2022-05-10,DET,OAK,0,0,3.52,4.05,1e-06,1e-06,DET,DET,0.4,0.2,0.292,0.283
ATL202205100,2022-05-10,ATL,BOS,0,0,3.19,5.13,1e-06,1506.627841528967,ATL,BOS,0.3,0.6,0.323,0.311
SFN202205100,2022-05-10,SFN,COL,0,0,5.1,5.07,1e-06,1e-06,SFN,SFN,0.5,0.3,0.322,0.284
CHA202205100,2022-05-10,CHA,CLE,0,0,4.9,3.38,1e-06,1e-06,CHA,CHA,0.8,0.4,0.31,0.31
SLN202205100,2022-05-10,SLN,BAL,0,0,4.78,4.9,2802.2400845274956,1175.6168511642563,SFN,BAL,1.1,0.3,0.326,0.304
ARI202205100,2022-05-10,ARI,MIA,2,2,4.88,3.32,1e-06,1e-06,ARI,ARI,0.3,0.1,0.307,0.286
MIN202205100,2022-05-10,MIN,HOU,0,0,3.55,1.75,1e-06,1702.4056315736932,MIN,HOU,0.1,0.2,0.325,0.308
ANA202205100,2022-05-10,ANA,TBA,2,0,3.77,4.34,1e-06,1e-06,ANA,ANA,1.0,0.6,0.308,0.303
WAS202205100,2022-05-10,WAS,NYN,0,0,2.76,3.97,3671.7526258820967,197.2342958595587,ANA,PHI,0.2,0.3,0.301,0.334
NYA202205100,2022-05-10,NYA,TOR,0,1,2.72,2.11,1e-06,649.8727601989037,NYA,CLE,0.4,0.6,0.325,0.331
SEA202205100,2022-05-10,SEA,PHI,2,0,3.71,3.25,1e-06,1e-06,SEA,SEA,1.1,0.2,0.305,0.304
TEX202205100,2022-05-10,TEX,KCA,3,0,2.89,5.09,2225.551415128663,1968.7690954443951,NYA,BAL,0.2,0.3,0.306,0.296
PIT202205100,2022-05-10,PIT,LAN,0,2,5.52,2.14,1e-06,1e-06,PIT,PIT,0.3,0.7,0.303,0.33
CIN202205100,2022-05-10,CIN,MIL,0,0,4.44,3.58,1e-06,1e-06,CIN,CIN,0.6,0.5,0.321,0.307
TEX202205110,2022-05-11,TEX,KCA,0,0,7.29,3.23,1e-06,1e-06,TEX,TEX,0.5,0.3,0.306,0.296
ANA202205110,2022-05-11,ANA,TBA,0,0,3.84,0.0,1e-06,1e-06,ANA,ANA,1.1,0.6,0.308,0.303
ARI202205110,2022-05-11,ARI,MIA,0,2,4.66,1.54,1e-06,1e-06,ARI,ARI,0.5,0.2,0.307,0.286
PIT202205110,2022-05-11,PIT,LAN,0,0,4.38,2.22,1e-06,1e-06,PIT,PIT,0.3,0.9,0.303,0.33
MIN202205110,2022-05-11,MIN,HOU,1,0,4.56,1.94,1e-06,1e-06,MIN,MIN,0.1,0.2,0.325,0.308
SEA202205110,2022-05-11,SEA,PHI,0,0,3.2,3.0,1e-06,1e-06,SEA,SEA,1.3,0.2,0.305,0.304
WAS202205110,2022-05-11,WAS,NYN,5,3,6.6,5.13,1e-06,1e-06,WAS,WAS,0.2,0.3,0.301,0.334
DET202205110,2022-05-11,DET,OAK,0,1,3.03,6.79,1e-06,1e-06,DET,DET,0.4,0.2,0.292,0.283
NYA202205110,2022-05-11,NYA,TOR,0,1,3.91,5.23,1e-06,1e-06,NYA,NYA,0.4,0.7,0.325,0.331
SDN202205110,2022-05-11,SDN,CHN,1,1,3.72,3.38,1e-06,1e-06,SDN,SDN,0.4,0.2,0.308,0.301
SFN202205110,2022-05-11,SFN,COL,0,0,3.73,5.72,1e-06,1e-06,SFN,SFN,0.5,0.3,0.322,0.284
ATL202205110,2022-05-11,ATL,BOS,0,0,3.38,5.78,1e-06,1e-06,ATL,ATL,0.3,0.4,0.323,0.311
CIN202205110,2022-05-11,CIN,MIL,4,0,1.84,4.73,1e-06,1e-06,CIN,CIN,0.6,0.5,0.321,0.307
SLN202205110,2022-05-11,SLN,BAL,0,0,3.29,4.7,1e-06,1e-06,SLN,SLN,0.8,0.3,0.326,0.304
PIT202205120,2022-05-12,PIT,CIN,0,0,4.69,2.73,1e-06,415.25842934625814,PIT,CIN,0.3,0.8,0.303,0.287
SLN202205120,2022-05-12,SLN,BAL,0,0,5.25,3.2,1e-06,1e-06,SLN,SLN,0.5,0.2,0.326,0.304
LAN202205120,2022-05-12,LAN,PHI,0,1,2.22,3.31,3433.6519953355796,1545.141516309272,PIT,SEA,0.7,0.1,0.335,0.304
CHA202205120,2022-05-12,CHA,NYA,0,2,6.08,4.13,1e-06,1144.129935670241,CHA,NYA,0.8,0.6,0.31,0.318
DET202205120,2022-05-12,DET,OAK,0,3,3.39,3.12,1e-06,1e-06,DET,DET,0.4,0.3,0.292,0.283
WAS202205120,2022-05-12,WAS,NYN,0,2,7.1,3.49,1e-06,1e-06,WAS,WAS,0.7,0.6,0.301,0.334
TEX202205120,2022-05-12,TEX,KCA,1,0,5.13,5.28,1e-06,1e-06,TEX,TEX,0.5,0.2,0.306,0.296
MIN202205120,2022-05-12,MIN,HOU,0,0,4.7,,1e-06,1e-06,MIN,MIN,0.2,0.2,0.325,0.308
CHA202205130,2022-05-13,CHA,NYA,0,2,4.78,3.5,1e-06,1e-06,CHA,CHA,0.8,0.8,0.31,0.318
NYN202205130,2022-05-13,NYN,SEA,1,0,3.33,2.67,326.3648041771951,3865.3953610333656,WAS,SEA,0.6,0.1,0.329,0.322
MIA202205130,2022-05-13,MIA,MIL,0,1,4.31,1.93,3182.157566983313,1534.6263109130673,ARI,CIN,0.3,0.5,0.302,0.307
TEX202205130,2022-05-13,TEX,BOS,0,0,4.46,4.56,1e-06,1179.9161829380423,TEX,ATL,0.6,0.4,0.306,0.311
SLN202205130,2022-05-13,SLN,SFN,1,0,4.84,2.9,1e-06,2802.2400845274956,SLN,SFN,0.5,0.6,0.326,0.309
ATL202205130,2022-05-13,ATL,SDN,0,0,,3.72,1e-06,3037.495642889967,ATL,SDN,0.2,0.6,0.323,0.323
TBA202205130,2022-05-13,TBA,TOR,0,0,3.15,3.35,3425.3074193268753,1638.0556824552712,ANA,NYA,0.6,0.8,0.311,0.331
WAS202205130,2022-05-13,WAS,HOU,0,5,5.02,2.82,1e-06,1500.7861867672325,WAS,MIN,0.7,0.2,0.301,0.308
LAN202205130,2022-05-13,LAN,PHI,0,0,3.26,6.09,1e-06,1e-06,LAN,LAN,0.7,0.2,0.335,0.304
COL202205130,2022-05-13,COL,KCA,0,2,4.53,2.78,1524.5101947303656,1052.76358222127,SFN,TEX,0.8,0.2,0.345,0.296
ARI202205130,2022-05-13,ARI,CHN,0,0,4.09,3.47,1e-06,481.0116378281714,ARI,SDN,0.4,0.3,0.307,0.301
DET202205130,2022-05-13,DET,BAL,0,0,4.05,4.42,1e-06,731.229570844315,DET,SLN,0.4,0.2,0.292,0.304
PIT202205130,2022-05-13,PIT,CIN,1,0,3.91,4.4,1e-06,1e-06,PIT,PIT,0.3,0.8,0.303,0.287
MIN202205130,2022-05-13,MIN,CLE,2,0,3.36,4.92,1e-06,571.0232496384983,MIN,CHA,0.1,0.4,0.325,0.31
OAK202205130,2022-05-13,OAK,ANA,0,0,5.72,6.59,3345.164678963249,592.0809005913671,DET,ANA,0.9,0.9,0.278,0.286
ARI202205140,2022-05-14,ARI,CHN,0,0,4.66,3.38,1e-06,1e-06,ARI,ARI,0.4,0.2,0.307,0.301
CHA202205140,2022-05-14,CHA,NYA,1,0,2.81,4.46,1e-06,1e-06,CHA,CHA,0.8,0.8,0.31,0.318
ATL202205140,2022-05-14,ATL,SDN,1,0,3.38,3.06,1e-06,1e-06,ATL,ATL,0.1,0.6,0.323,0.323
WAS202205140,2022-05-14,WAS,HOU,1,0,5.13,2.54,1e-06,1e-06,WAS,WAS,0.7,0.7,0.301,0.308
OAK202205141,2022-05-14,OAK,ANA,0,1,4.53,2.47,1e-06,1e-06,OAK,OAK,0.9,0.9,0.278,0.286
DET202205140,2022-05-14,DET,BAL,0,0,2.58,5.99,1e-06,1e-06,DET,DET,0.4,0.2,0.292,0.304
NYN202205140,2022-05-14,NYN,SEA,1,0,2.06,2.49,1e-06,1e-06,NYN,NYN,0.6,0.1,0.329,0.322
TEX202205140,2022-05-14,TEX,BOS,1,1,4.64,4.27,1e-06,1e-06,TEX,TEX,0.6,0.2,0.306,0.311
SLN202205140,2022-05-14,SLN,SFN,0,0,4.45,4.42,1e-06,1e-06,SLN,SLN,0.6,0.6,0.326,0.309
COL202205140,2022-05-14,COL,KCA,2,0,4.95,7.39,1e-06,1e-06,COL,COL,0.8,0.4,0.345,0.296
OAK202205142,2022-05-14,OAK,ANA,1,0,6.3,4.24,1e-06,1e-06,OAK,OAK,0.9,1.0,0.278,0.286
LAN202205140,2022-05-14,LAN,PHI,1,4,2.16,3.65,1e-06,1e-06,LAN,LAN,0.7,0.2,0.335,0.304
TBA202205140,2022-05-14,TBA,TOR,1,1,3.8,3.14,1e-06,1e-06,TBA,TBA,0.6,0.8,0.311,0.331
MIA202205140,2022-05-14,MIA,MIL,0,1,5.47,3.69,1e-06,1e-06,MIA,MIA,0.3,0.6,0.302,0.307
MIN202205140,2022-05-14,MIN,CLE,0,0,3.56,2.25,1e-06,1e-06,MIN,MIN,0.3,0.4,0.325,0.31
PIT202205140,2022-05-14,PIT,CIN,0,0,5.18,2.99,1e-06,1e-06,PIT,PIT,0.4,0.7,0.303,0.287
ATL202205150,2022-05-15,ATL,SDN,0,0,3.69,2.94,1e-06,1e-06,ATL,ATL,0.2,0.5,0.323,0.323
TEX202205150,2022-05-15,TEX,BOS,0,0,2.89,5.78,1e-06,1e-06,TEX,TEX,0.7,0.3,0.306,0.311
PIT202205150,2022-05-15,PIT,CIN,0,0,4.26,4.44,1e-06,1e-06,PIT,PIT,0.4,0.6,0.303,0.287
SLN202205150,2022-05-15,SLN,SFN,4,0,3.71,2.88,1e-06,1e-06,SLN,SLN,0.5,0.6,0.326,0.309
LAN202205150,2022-05-15,LAN,PHI,0,0,6.0,3.43,1e-06,1e-06,LAN,LAN,0.7,0.5,0.335,0.304
COL202205150,2022-05-15,COL,KCA,0,0,1.79,6.45,1e-06,1e-06,COL,COL,1.0,0.4,0.345,0.296
DET202205150,2022-05-15,DET,BAL,0,0,3.52,4.25,1e-06,1e-06,DET,DET,0.0,0.2,0.292,0.304
TBA202205150,2022-05-15,TBA,TOR,0,0,2.25,2.24,1e-06,1e-06,TBA,TBA,0.6,0.9,0.311,0.331
WAS202205150,2022-05-15,WAS,HOU,0,0,6.31,1.75,1e-06,1e-06,WAS,WAS,0.8,0.7,0.301,0.308
CHA202205150,2022-05-15,CHA,NYA,0,0,3.54,2.44,1e-06,1e-06,CHA,CHA,0.9,0.8,0.31,0.318
MIN202205150,2022-05-15,MIN,CLE,1,0,3.55,2.96,1e-06,1e-06,MIN,MIN,0.3,0.4,0.325,0.31
NYN202205150,2022-05-15,NYN,SEA,1,0,6.49,3.71,1e-06,1e-06,NYN,NYN,0.7,0.1,0.329,0.322
OAK202205150,2022-05-15,OAK,ANA,0,2,4.05,2.91,1e-06,1e-06,OAK,OAK,1.0,0.4,0.278,0.286
MIA202205150,2022-05-15,MIA,MIL,0,1,6.35,3.05,1e-06,1e-06,MIA,MIA,0.3,0.5,0.302,0.307
ARI202205150,2022-05-15,ARI,CHN,0,1,5.36,2.54,1e-06,1e-06,ARI,ARI,0.4,0.2,0.307,0.301
MIL202205160,2022-05-16,MIL,ATL,0,0,3.58,5.0,2045.0709343750696,1079.4745171093869,MIA,ATL,0.9,0.2,0.324,0.309
BOS202205160,2022-05-16,BOS,HOU,0,0,3.83,3.72,2512.560414403036,632.55798631456,TEX,WAS,0.1,0.6,0.331,0.308
TBA202205160,2022-05-16,TBA,DET,0,0,3.15,3.39,1e-06,1620.843911772028,TBA,DET,0.6,0.0,0.311,0.281
OAK202205160,2022-05-16,OAK,MIN,0,0,6.79,11.5,1e-06,2531.5923192792015,OAK,MIN,1.0,0.6,0.278,0.309
COL202205160,2022-05-16,COL,SFN,1,0,1.79,3.18,1e-06,1279.0227614650469,COL,SLN,1.0,0.3,0.345,0.309
KCA202205160,2022-05-16,KCA,CHA,0,0,2.18,6.0,896.2397141964761,663.9206411727051,COL,CHA,0.3,0.2,0.318,0.311
TOR202205160,2022-05-16,TOR,SEA,1,0,5.19,3.73,1789.459752085548,550.2922217550002,TBA,NYN,0.1,0.1,0.326,0.322
MIA202205160,2022-05-16,MIA,WAS,0,1,2.28,6.6,1e-06,1489.628641346009,MIA,WAS,0.3,0.9,0.302,0.319
LAN202205160,2022-05-16,LAN,ARI,0,0,2.14,4.88,1e-06,574.8341159449532,LAN,ARI,0.7,0.4,0.335,0.301
TEX202205160,2022-05-16,TEX,ANA,6,3,3.96,3.94,1e-06,2350.5503898425545,TEX,OAK,0.7,0.4,0.306,0.286
BAL202205160,2022-05-16,BAL,NYA,0,0,4.9,3.18,638.3359432178316,972.7856247406662,DET,CHA,0.3,0.8,0.307,0.318
CHN202205160,2022-05-16,CHN,PIT,8,0,3.16,4.58,2336.6124175783,660.0502267315369,ARI,PIT,0.7,0.4,0.322,0.28
CHN202205170,2022-05-17,CHN,PIT,0,0,3.76,4.69,1e-06,1e-06,CHN,CHN,1.5,0.4,0.322,0.28
LAN202205171,2022-05-17,LAN,ARI,0,0,5.45,5.24,1e-06,1e-06,LAN,LAN,0.5,0.4,0.335,0.301
TBA202205170,2022-05-17,TBA,DET,1,0,2.54,4.19,1e-06,1e-06,TBA,TBA,0.6,0.0,0.311,0.281
BAL202205170,2022-05-17,BAL,NYA,0,1,3.05,3.91,1e-06,1e-06,BAL,BAL,0.3,0.5,0.307,0.318
PHI202205170,2022-05-17,PHI,SDN,0,0,4.04,4.33,3844.216938115361,1071.2330338826837,LAN,ATL,0.9,0.5,0.325,0.323
MIL202205170,2022-05-17,MIL,ATL,0,0,4.73,6.75,1e-06,1e-06,MIL,MIL,0.8,0.2,0.324,0.309
BOS202205170,2022-05-17,BOS,HOU,1,0,3.87,3.94,1e-06,1e-06,BOS,BOS,0.1,0.6,0.331,0.308
OAK202205170,2022-05-17,OAK,MIN,0,0,3.0,4.7,1e-06,1e-06,OAK,OAK,0.6,0.6,0.278,0.309
KCA202205171,2022-05-17,KCA,CHA,0,0,5.28,2.2,1e-06,1e-06,KCA,KCA,0.3,0.2,0.318,0.311
NYN202205172,2022-05-17,NYN,SLN,1,0,4.47,1.25,1e-06,1403.0288811452067,NYN,SLN,0.7,0.7,0.329,0.322
MIA202205170,2022-05-17,MIA,WAS,0,0,3.26,7.1,1e-06,1e-06,MIA,MIA,0.3,1.0,0.302,0.319
KCA202205172,2022-05-17,KCA,CHA,0,0,3.23,4.83,1e-06,1e-06,KCA,KCA,0.2,0.2,0.318,0.311
COL202205170,2022-05-17,COL,SFN,0,1,5.72,3.73,1e-06,1e-06,COL,COL,0.9,0.3,0.345,0.309
CLE202205170,2022-05-17,CLE,CIN,0,0,2.25,6.5,1013.2251113855248,186.24975562107616,MIN,PIT,0.5,0.6,0.319,0.287
NYN202205171,2022-05-17,NYN,SLN,0,0,7.02,3.29,1e-06,1e-06,NYN,NYN,0.8,0.7,0.329,0.322
LAN202205172,2022-05-17,LAN,ARI,2,2,2.57,3.37,1e-06,1e-06,LAN,LAN,0.3,0.4,0.335,0.301
TOR202205170,2022-05-17,TOR,SEA,0,0,5.23,3.2,1e-06,1e-06,TOR,TOR,0.2,0.0,0.326,0.322
TEX202205170,2022-05-17,TEX,ANA,1,0,5.22,3.61,1e-06,1e-06,TEX,TEX,1.3,0.7,0.306,0.286
CHN202205180,2022-05-18,CHN,PIT,1,0,3.47,3.91,1e-06,1e-06,CHN,CHN,1.3,0.4,0.322,0.28
KCA202205180,2022-05-18,KCA,CHA,0,0,6.55,2.76,1e-06,1e-06,KCA,KCA,0.2,0.2,0.318,0.311
TBA202205180,2022-05-18,TBA,DET,3,0,2.84,4.05,1e-06,1e-06,TBA,TBA,0.7,0.0,0.311,0.281
LAN202205180,2022-05-18,LAN,ARI,1,0,4.02,4.09,1e-06,1e-06,LAN,LAN,0.4,0.5,0.335,0.301
COL202205180,2022-05-18,COL,SFN,2,0,0.75,5.28,1e-06,1e-06,COL,COL,0.9,0.4,0.345,0.309
PHI202205180,2022-05-18,PHI,SDN,1,0,2.82,3.38,1e-06,1e-06,PHI,PHI,0.9,0.5,0.325,0.323
BAL202205180,2022-05-18,BAL,NYA,0,3,4.42,3.5,1e-06,1e-06,BAL,BAL,0.3,0.6,0.307,0.318
OAK202205180,2022-05-18,OAK,MIN,1,3,5.72,3.08,1e-06,1e-06,OAK,OAK,0.6,0.6,0.278,0.309
MIL202205180,2022-05-18,MIL,ATL,0,0,6.08,3.76,1e-06,1e-06,MIL,MIL,0.8,0.2,0.324,0.309
MIA202205180,2022-05-18,MIA,WAS,1,1,4.04,3.3,1e-06,1e-06,MIA,MIA,0.1,0.9,0.302,0.319
NYN202205180,2022-05-18,NYN,SLN,2,0,2.29,13.5,1e-06,1e-06,NYN,NYN,0.8,0.6,0.329,0.322
BOS202205180,2022-05-18,BOS,HOU,2,1,4.56,,1e-06,1e-06,BOS,BOS,0.2,0.5,0.331,0.308
TEX202205180,2022-05-18,TEX,ANA,0,0,5.22,2.47,1e-06,1e-06,TEX,TEX,1.4,0.6,0.306,0.286
TOR202205180,2022-05-18,TOR,SEA,0,1,3.35,4.13,1e-06,1e-06,TOR,TOR,0.2,0.0,0.326,0.322
CLE202205190,2022-05-19,CLE,CIN,0,0,2.69,4.57,1e-06,1e-06,CLE,CLE,0.5,0.6,0.319,0.287
PHI202205190,2022-05-19,PHI,SDN,0,0,5.05,3.1,1e-06,1e-06,PHI,PHI,1.0,0.4,0.325,0.323
NYN202205190,2022-05-19,NYN,SLN,2,0,3.81,3.05,1e-06,1e-06,NYN,NYN,1.0,0.6,0.329,0.322
BOS202205190,2022-05-19,BOS,SEA,0,0,3.15,3.39,1e-06,691.6136251477402,BOS,TOR,0.3,0.1,0.331,0.322
BAL202205190,2022-05-19,BAL,NYA,0,2,2.19,2.67,1e-06,1e-06,BAL,BAL,0.3,0.8,0.307,0.318
HOU202205190,2022-05-19,HOU,TEX,2,1,2.82,4.64,2582.243070652819,368.5990384284446,BOS,TEX,0.4,0.2,0.329,0.296
KCA202205190,2022-05-19,KCA,CHA,2,0,2.33,8.41,1e-06,1e-06,KCA,KCA,0.1,0.2,0.318,0.311
CHN202205190,2022-05-19,CHN,ARI,0,0,3.5,2.54,1e-06,2804.824680217871,CHN,LAN,1.4,0.5,0.322,0.301
MIL202205200,2022-05-20,MIL,WAS,0,0,3.69,5.81,1e-06,2045.0709343750696,MIL,MIA,0.8,1.0,0.324,0.319
HOU202205200,2022-05-20,HOU,TEX,0,0,2.54,2.89,1e-06,1e-06,HOU,HOU,0.6,0.3,0.329,0.296
BOS202205200,2022-05-20,BOS,SEA,0,0,5.79,3.71,1e-06,1e-06,BOS,BOS,0.3,0.1,0.331,0.322
MIA202205200,2022-05-20,MIA,ATL,0,3,5.47,4.34,1e-06,2045.0709343750696,MIA,MIL,0.2,0.2,0.302,0.309
TOR202205200,2022-05-20,TOR,CIN,0,0,5.67,2.99,1e-06,305.2632734150024,TOR,CLE,0.2,0.5,0.326,0.287
KCA202205200,2022-05-20,KCA,MIN,1,3,5.13,3.71,1e-06,2406.427657157802,KCA,OAK,0.3,0.9,0.318,0.309
PHI202205200,2022-05-20,PHI,LAN,0,1,3.65,2.16,1e-06,3844.216938115361,PHI,LAN,1.0,0.9,0.325,0.33
SFN202205200,2022-05-20,SFN,SDN,0,0,2.53,3.72,1524.5101947303656,4049.99076989334,COL,PHI,0.5,0.4,0.322,0.323
CHN202205200,2022-05-20,CHN,ARI,0,2,4.8,5.68,1e-06,1e-06,CHN,CHN,1.3,0.5,0.322,0.301
CLE202205200,2022-05-20,CLE,DET,0,0,4.92,5.64,1e-06,1529.408250521614,CLE,TBA,0.4,0.0,0.319,0.281
ANA202205200,2022-05-20,ANA,OAK,1,1,6.59,2.91,1938.7751997181072,592.0809005913671,TEX,OAK,0.5,0.6,0.308,0.283
BAL202205200,2022-05-20,BAL,TBA,0,0,4.1,3.34,1e-06,1393.7772067986984,BAL,TBA,0.3,0.2,0.307,0.303
PIT202205200,2022-05-20,PIT,SLN,0,1,5.18,3.71,660.0502267315369,505.04779123783345,CHN,NYN,0.4,0.6,0.303,0.322
TOR202205210,2022-05-21,TOR,CIN,0,0,2.24,4.57,1e-06,1e-06,TOR,TOR,0.2,0.5,0.326,0.287
ANA202205210,2022-05-21,ANA,OAK,0,0,4.24,4.58,1e-06,1e-06,ANA,ANA,0.6,0.7,0.308,0.283
BOS202205210,2022-05-21,BOS,SEA,0,4,2.22,5.65,1e-06,1e-06,BOS,BOS,0.3,0.1,0.331,0.322
HOU202205210,2022-05-21,HOU,TEX,1,0,1.75,3.96,1e-06,1e-06,HOU,HOU,0.4,0.3,0.329,0.296
BAL202205210,2022-05-21,BAL,TBA,0,2,4.9,2.46,1e-06,1e-06,BAL,BAL,0.3,0.1,0.307,0.303
PHI202205210,2022-05-21,PHI,LAN,0,0,3.18,2.22,1e-06,1e-06,PHI,PHI,0.9,0.9,0.325,0.33
CHN202205210,2022-05-21,CHN,ARI,0,0,4.22,5.36,1e-06,1e-06,CHN,CHN,1.1,0.7,0.322,0.301
KCA202205210,2022-05-21,KCA,MIN,0,0,5.09,3.55,1e-06,1e-06,KCA,KCA,0.3,1.2,0.318,0.309
COL202205212,2022-05-21,COL,NYN,2,0,7.08,3.21,1e-06,2618.595617996944,COL,NYN,1.1,0.8,0.345,0.334
MIA202205210,2022-05-21,MIA,ATL,0,0,6.35,3.19,1e-06,1e-06,MIA,MIA,0.2,0.3,0.302,0.309
NYA202205210,2022-05-21,NYA,CHA,0,0,2.44,9.2,272.81937803481173,1759.8286951805926,BAL,KCA,0.4,0.1,0.325,0.311
SFN202205210,2022-05-21,SFN,SDN,0,0,2.88,2.93,1e-06,1e-06,SFN,SFN,0.5,0.4,0.322,0.323
MIL202205210,2022-05-21,MIL,WAS,2,0,3.05,6.31,1e-06,1e-06,MIL,MIL,0.8,0.5,0.324,0.319
PIT202205210,2022-05-21,PIT,SLN,0,0,2.93,6.65,1e-06,1e-06,PIT,PIT,0.2,0.7,0.303,0.322
COL202205211,2022-05-21,COL,NYN,0,2,4.95,3.97,1e-06,1e-06,COL,COL,0.7,0.7,0.345,0.334
PHI202205220,2022-05-22,PHI,LAN,0,0,3.43,1.14,1e-06,1e-06,PHI,PHI,0.9,0.7,0.325,0.33
BAL202205220,2022-05-22,BAL,TBA,0,4,1.4,5.73,1e-06,1e-06,BAL,BAL,0.3,0.2,0.307,0.303
KCA202205220,2022-05-22,KCA,MIN,0,0,6.45,4.91,1e-06,1e-06,KCA,KCA,0.3,1.1,0.318,0.309
ANA202205220,2022-05-22,ANA,OAK,1,0,2.91,3.98,1e-06,1e-06,ANA,ANA,0.6,0.6,0.308,0.283
HOU202205220,2022-05-22,HOU,TEX,1,0,3.94,5.13,1e-06,1e-06,HOU,HOU,0.5,0.3,0.329,0.296
CHN202205220,2022-05-22,CHN,ARI,0,0,3.76,5.36,1e-06,1e-06,CHN,CHN,1.1,0.6,0.322,0.301
SFN202205220,2022-05-22,SFN,SDN,0,1,5.1,4.5,1e-06,1e-06,SFN,SFN,0.5,0.4,0.322,0.323
NYA202205222,2022-05-22,NYA,CHA,0,0,4.13,3.54,1e-06,1e-06,NYA,NYA,0.4,0.1,0.325,0.311
COL202205220,2022-05-22,COL,NYN,0,0,5.56,3.49,1e-06,1e-06,COL,COL,0.7,0.9,0.345,0.334
PIT202205220,2022-05-22,PIT,SLN,0,1,5.52,0.0,1e-06,1e-06,PIT,PIT,0.1,0.2,0.303,0.322
MIA202205220,2022-05-22,MIA,ATL,1,0,2.28,5.0,1e-06,1e-06,MIA,MIA,0.2,0.3,0.302,0.309
BOS202205220,2022-05-22,BOS,SEA,0,0,4.99,2.49,1e-06,1e-06,BOS,BOS,0.3,0.5,0.331,0.322
CLE202205220,2022-05-22,CLE,DET,1,1,2.88,5.53,1e-06,1e-06,CLE,CLE,0.3,0.0,0.319,0.281
MIL202205220,2022-05-22,MIL,WAS,0,0,3.58,6.6,1e-06,1e-06,MIL,MIL,1.0,0.5,0.324,0.319
NYA202205221,2022-05-22,NYA,CHA,0,0,4.46,3.18,1e-06,1e-06,NYA,NYA,0.2,0.0,0.325,0.311
TOR202205220,2022-05-22,TOR,CIN,0,2,3.1,1.84,1e-06,1e-06,TOR,TOR,0.2,0.5,0.326,0.287
MIN202205230,2022-05-23,MIN,DET,4,0,4.43,2.83,662.9211681328137,1013.2251113855248,KCA,CLE,0.4,0.1,0.325,0.281
SFN202205230,2022-05-23,SFN,NYN,0,0,3.73,3.83,1e-06,1524.5101947303656,SFN,COL,0.5,0.9,0.322,0.334
PIT202205230,2022-05-23,PIT,COL,1,0,2.61,0.75,1e-06,2121.7512666569423,PIT,COL,0.1,0.2,0.303,0.284
ARI202205230,2022-05-23,ARI,KCA,3,4,5.28,3.68,2336.6124175783,1686.0572513450418,CHN,KCA,0.4,0.3,0.307,0.296
CIN202205230,2022-05-23,CIN,CHN,0,0,7.61,3.47,662.6904179930643,406.2527329885922,TOR,CHN,1.0,0.3,0.321,0.301
WAS202205230,2022-05-23,WAS,LAN,0,2,7.1,2.57,1025.9779093655509,197.2342958595587,MIL,PHI,0.8,0.4,0.301,0.33
ATL202205230,2022-05-23,ATL,PHI,0,0,6.75,2.82,973.359131898138,1071.2330338826837,MIA,PHI,0.2,0.5,0.323,0.304
SDN202205230,2022-05-23,SDN,MIL,0,0,3.72,4.05,738.1265117326025,2790.8560532571964,SFN,MIL,0.5,0.6,0.308,0.307
SEA202205230,2022-05-23,SEA,OAK,0,0,4.13,6.79,4000.0367541660753,1575.276973597757,BOS,ANA,0.8,0.6,0.305,0.283
HOU202205230,2022-05-23,HOU,CLE,0,0,,2.96,1e-06,1793.7234420980124,HOU,CLE,0.6,0.4,0.329,0.31
NYA202205230,2022-05-23,NYA,BAL,1,0,3.5,4.42,1e-06,272.81937803481173,NYA,BAL,0.2,0.0,0.325,0.304
SLN202205230,2022-05-23,SLN,TOR,0,0,4.63,2.83,898.8824563980571,1062.9448026030143,PIT,TOR,0.7,0.8,0.326,0.331
TBA202205240,2022-05-24,TBA,MIA,1,0,2.54,3.75,1393.7772067986984,319.9354673545946,BAL,MIA,0.9,0.4,0.311,0.286
SFN202205240,2022-05-24,SFN,NYN,1,0,3.18,1.31,1e-06,1e-06,SFN,SFN,0.5,0.9,0.322,0.334
CIN202205240,2022-05-24,CIN,CHN,2,3,4.4,3.5,1e-06,1e-06,CIN,CIN,0.8,0.3,0.321,0.301
HOU202205240,2022-05-24,HOU,CLE,0,1,2.82,4.31,1e-06,1e-06,HOU,HOU,0.6,0.2,0.329,0.31
SDN202205240,2022-05-24,SDN,MIL,1,0,3.38,2.94,1e-06,1e-06,SDN,SDN,0.5,0.5,0.308,0.307
WAS202205240,2022-05-24,WAS,LAN,3,2,5.02,4.02,1e-06,1e-06,WAS,WAS,0.7,0.6,0.301,0.33
CHA202205240,2022-05-24,CHA,BOS,0,4,2.2,4.56,1144.129935670241,1365.5064971534737,NYA,BOS,0.9,0.3,0.31,0.311
SEA202205240,2022-05-24,SEA,OAK,0,1,4.34,2.91,1e-06,1e-06,SEA,SEA,0.8,0.6,0.305,0.283
SLN202205240,2022-05-24,SLN,TOR,0,1,4.84,3.35,1e-06,1e-06,SLN,SLN,0.6,0.8,0.326,0.331
ANA202205240,2022-05-24,ANA,TEX,0,0,3.94,4.46,1e-06,2169.9670210701,ANA,HOU,0.5,0.3,0.308,0.296
ATL202205240,2022-05-24,ATL,PHI,0,0,3.38,4.85,1e-06,1e-06,ATL,ATL,0.2,0.5,0.323,0.304
MIN202205240,2022-05-24,MIN,DET,0,0,3.08,4.19,1e-06,1e-06,MIN,MIN,0.8,0.1,0.325,0.281
ARI202205240,2022-05-24,ARI,KCA,1,0,5.22,4.04,1e-06,1e-06,ARI,ARI,0.7,0.7,0.307,0.296
PIT202205240,2022-05-24,PIT,COL,0,0,2.61,1.79,1e-06,1e-06,PIT,PIT,0.2,0.1,0.303,0.284
NYA202205240,2022-05-24,NYA,BAL,1,0,3.12,3.49,1e-06,1e-06,NYA,NYA,0.1,0.0,0.325,0.304
MIN202205250,2022-05-25,MIN,DET,0,0,4.8,3.41,1e-06,1e-06,MIN,MIN,0.8,0.1,0.325,0.281
HOU202205250,2022-05-25,HOU,CLE,0,0,2.54,3.38,1e-06,1e-06,HOU,HOU,0.5,0.3,0.329,0.31
SFN202205250,2022-05-25,SFN,NYN,5,0,4.42,7.2,1e-06,1e-06,SFN,SFN,0.6,0.9,0.322,0.334
SDN202205250,2022-05-25,SDN,MIL,0,0,3.1,3.8,1e-06,1e-06,SDN,SDN,0.6,0.3,0.308,0.307
ANA202205250,2022-05-25,ANA,TEX,1,1,3.77,4.64,1e-06,1e-06,ANA,ANA,0.5,0.3,0.308,0.296
TBA202205250,2022-05-25,TBA,MIA,5,0,2.84,3.86,1e-06,1e-06,TBA,TBA,1.0,0.4,0.311,0.286
ATL202205250,2022-05-25,ATL,PHI,0,0,2.67,3.65,1e-06,1e-06,ATL,ATL,0.1,0.5,0.323,0.304
PIT202205250,2022-05-25,PIT,COL,0,0,4.58,5.7,1e-06,1e-06,PIT,PIT,0.2,0.1,0.303,0.284
SEA202205250,2022-05-25,SEA,OAK,0,0,3.71,4.28,1e-06,1e-06,SEA,SEA,0.6,0.6,0.305,0.283
CIN202205250,2022-05-25,CIN,CHN,0,2,2.99,4.8,1e-06,1e-06,CIN,CIN,1.0,0.6,0.321,0.301
NYA202205250,2022-05-25,NYA,BAL,0,0,3.86,4.25,1e-06,1e-06,NYA,NYA,0.2,0.0,0.325,0.304
WAS202205250,2022-05-25,WAS,LAN,0,0,5.81,2.16,1e-06,1e-06,WAS,WAS,1.0,0.7,0.301,0.33
CHA202205250,2022-05-25,CHA,BOS,0,1,4.9,4.27,1e-06,1e-06,CHA,CHA,0.8,0.6,0.31,0.311
CIN202205260,2022-05-26,CIN,CHN,0,2,4.44,3.18,1e-06,1e-06,CIN,CIN,1.0,0.8,0.321,0.301
WAS202205260,2022-05-26,WAS,COL,4,0,6.31,4.95,1e-06,305.44483751928374,WAS,PIT,1.0,0.1,0.301,0.284
TBA202205260,2022-05-26,TBA,NYA,0,0,4.5,2.44,1e-06,1638.0556824552712,TBA,NYA,1.1,1.0,0.311,0.318
CHA202205260,2022-05-26,CHA,BOS,0,3,9.2,2.22,1e-06,1e-06,CHA,CHA,0.7,0.7,0.31,0.311
DET202205260,2022-05-26,DET,CLE,1,0,3.28,2.69,872.516450655481,1780.0976623230767,MIN,HOU,0.0,0.2,0.292,0.31
MIN202205260,2022-05-26,MIN,KCA,0,0,4.91,6.45,1e-06,2057.4775315109005,MIN,ARI,0.8,0.7,0.325,0.296
OAK202205260,2022-05-26,OAK,TEX,0,0,4.53,3.47,1089.6592015072615,592.0809005913671,SEA,ANA,0.7,0.2,0.278,0.296
ANA202205260,2022-05-26,ANA,TOR,0,1,2.33,5.67,1e-06,2530.048122245164,ANA,SLN,0.5,0.7,0.308,0.331
ATL202205260,2022-05-26,ATL,PHI,0,0,3.19,3.25,1e-06,1e-06,ATL,ATL,0.1,0.5,0.323,0.304
ARI202205260,2022-05-26,ARI,LAN,0,2,5.68,3.8,1e-06,3184.3579900386735,ARI,WAS,0.8,0.7,0.307,0.33
SLN202205260,2022-05-26,SLN,MIL,2,2,3.71,3.69,1e-06,2512.7882729547905,SLN,SDN,0.6,0.3,0.326,0.307
CIN202205270,2022-05-27,CIN,SFN,0,0,4.89,2.88,1e-06,3280.370735305635,CIN,SFN,1.0,0.3,0.321,0.309
ARI202205270,2022-05-27,ARI,LAN,0,0,4.88,3.26,1e-06,1e-06,ARI,ARI,0.8,0.9,0.307,0.33
MIN202205270,2022-05-27,MIN,KCA,4,0,4.8,5.09,1e-06,1e-06,MIN,MIN,0.8,0.7,0.325,0.296
NYN202205270,2022-05-27,NYN,PHI,3,0,3.97,3.86,4128.529875974277,1200.4511584455877,SFN,ATL,1.2,0.5,0.329,0.304
SDN202205270,2022-05-27,SDN,PIT,0,1,2.94,4.4,1e-06,3402.7692440534656,SDN,PIT,0.6,0.4,0.308,0.28
ATL202205270,2022-05-27,ATL,MIA,0,0,3.69,1.54,1e-06,688.5440708416155,ATL,TBA,0.1,0.4,0.323,0.286
SEA202205270,2022-05-27,SEA,HOU,4,0,3.73,1.75,1e-06,3039.1839825945185,SEA,HOU,0.4,0.6,0.305,0.308
OAK202205270,2022-05-27,OAK,TEX,0,2,3.41,1.95,1e-06,1e-06,OAK,OAK,0.7,0.2,0.278,0.296
SLN202205270,2022-05-27,SLN,MIL,0,0,6.65,3.05,1e-06,1e-06,SLN,SLN,0.8,0.5,0.326,0.307
TBA202205270,2022-05-27,TBA,NYA,0,0,2.46,3.91,1e-06,1e-06,TBA,TBA,1.1,1.0,0.311,0.318
BOS202205270,2022-05-27,BOS,BAL,4,0,3.83,1.4,1365.5064971534737,306.2037667286439,CHA,NYA,0.3,0.0,0.331,0.304
ANA202205270,2022-05-27,ANA,TOR,0,0,2.47,5.34,1e-06,1e-06,ANA,ANA,0.5,0.8,0.308,0.331
MIN202205280,2022-05-28,MIN,KCA,0,1,4.56,3.23,1e-06,1e-06,MIN,MIN,1.2,0.6,0.325,0.296
BOS202205281,2022-05-28,BOS,BAL,0,1,3.87,3.2,1e-06,1e-06,BOS,BOS,0.7,0.0,0.331,0.304
DET202205280,2022-05-28,DET,CLE,0,0,5.53,2.88,1e-06,1e-06,DET,DET,0.1,0.2,0.292,0.31
ARI202205280,2022-05-28,ARI,LAN,0,1,3.37,2.14,1e-06,1e-06,ARI,ARI,0.8,0.9,0.307,0.33
SEA202205280,2022-05-28,SEA,HOU,1,0,3.2,3.94,1e-06,1e-06,SEA,SEA,0.8,0.6,0.305,0.308
ANA202205280,2022-05-28,ANA,TOR,0,1,3.0,2.8,1e-06,1e-06,ANA,ANA,0.5,0.7,0.308,0.331
NYN202205280,2022-05-28,NYN,PHI,0,0,3.49,4.04,1e-06,1e-06,NYN,NYN,1.3,0.5,0.329,0.304
SDN202205280,2022-05-28,SDN,PIT,0,0,4.76,6.75,1e-06,1e-06,SDN,SDN,0.5,0.5,0.308,0.28
OAK202205280,2022-05-28,OAK,TEX,0,0,6.79,5.13,1e-06,1e-06,OAK,OAK,0.2,0.4,0.278,0.296
BOS202205282,2022-05-28,BOS,BAL,0,0,5.89,3.9,1e-06,1e-06,BOS,BOS,0.7,0.1,0.331,0.304
CIN202205280,2022-05-28,CIN,SFN,3,0,7.61,5.1,1e-06,1e-06,CIN,CIN,0.8,0.1,0.321,0.309
WAS202205282,2022-05-28,WAS,COL,1,0,3.51,5.72,1e-06,1e-06,WAS,WAS,1.3,0.1,0.301,0.284
SLN202205280,2022-05-28,SLN,MIL,1,0,5.97,4.73,1e-06,1e-06,SLN,SLN,0.7,0.5,0.326,0.307
CHA202205280,2022-05-28,CHA,CHN,0,2,3.35,3.76,1e-06,406.2527329885922,CHA,CIN,0.7,1.0,0.31,0.301
WAS202205281,2022-05-28,WAS,COL,5,3,2.92,5.56,1e-06,1e-06,WAS,WAS,1.4,0.0,0.301,0.284
TBA202205280,2022-05-28,TBA,NYA,0,1,0.0,2.67,1e-06,1e-06,TBA,TBA,1.1,1.0,0.311,0.318
ATL202205280,2022-05-28,ATL,MIA,0,0,6.75,2.28,1e-06,1e-06,ATL,ATL,0.1,0.4,0.323,0.286
ANA202205290,2022-05-29,ANA,TOR,1,0,3.98,2.8,1e-06,1e-06,ANA,ANA,0.5,0.6,0.308,0.331
MIN202205290,2022-05-29,MIN,KCA,0,0,3.08,3.68,1e-06,1e-06,MIN,MIN,1.1,0.7,0.325,0.296
CIN202205290,2022-05-29,CIN,SFN,0,0,6.5,3.18,1e-06,1e-06,CIN,CIN,0.9,0.1,0.321,0.309
SLN202205290,2022-05-29,SLN,MIL,0,0,3.29,2.94,1e-06,1e-06,SLN,SLN,0.8,0.5,0.326,0.307
SDN202205290,2022-05-29,SDN,PIT,0,0,3.72,4.26,1e-06,1e-06,SDN,SDN,0.4,0.5,0.308,0.28
NYN202205290,2022-05-29,NYN,PHI,3,0,1.31,3.43,1e-06,1e-06,NYN,NYN,1.1,0.5,0.329,0.304
ATL202205290,2022-05-29,ATL,MIA,2,1,2.48,6.35,1e-06,1e-06,ATL,ATL,0.1,0.4,0.323,0.286
WAS202205290,2022-05-29,WAS,COL,2,1,5.02,4.53,1e-06,1e-06,WAS,WAS,1.4,0.3,0.301,0.284
DET202205290,2022-05-29,DET,CLE,0,0,3.41,2.96,1e-06,1e-06,DET,DET,0.1,0.2,0.292,0.31
BOS202205290,2022-05-29,BOS,BAL,0,0,4.56,5.99,1e-06,1e-06,BOS,BOS,0.7,0.1,0.331,0.304
SEA202205290,2022-05-29,SEA,HOU,0,0,4.13,2.37,1e-06,1e-06,SEA,SEA,0.7,0.6,0.305,0.308
CHA202205290,2022-05-29,CHA,CHN,0,0,4.4,4.7,1e-06,1e-06,CHA,CHA,0.5,1.1,0.31,0.301
TBA202205290,2022-05-29,TBA,NYA,0,0,2.54,3.18,1e-06,1e-06,TBA,TBA,1.1,0.9,0.311,0.318
ARI202205290,2022-05-29,ARI,LAN,0,0,4.09,2.57,1e-06,1e-06,ARI,ARI,0.6,0.8,0.307,0.33
OAK202205290,2022-05-29,OAK,TEX,0,1,3.41,4.14,1e-06,1e-06,OAK,OAK,0.2,0.4,0.278,0.296
CLE202205300,2022-05-30,CLE,KCA,1,0,2.25,6.55,145.52553501827433,1013.2251113855248,DET,MIN,0.4,0.7,0.319,0.296
NYN202205300,2022-05-30,NYN,WAS,2,3,3.81,5.81,1e-06,326.3648041771951,NYN,WAS,1.4,0.5,0.329,0.319
CHN202205301,2022-05-30,CHN,MIL,0,0,5.22,4.05,1e-06,1e-06,CHN,CHN,1.1,0.5,0.322,0.307
CHN202205302,2022-05-30,CHN,MIL,0,0,5.4,4.44,1e-06,422.4920912040455,CHA,SLN,1.1,0.4,0.322,0.307
LAN202205300,2022-05-30,LAN,PIT,0,0,3.75,2.61,574.8341159449532,179.52869961196944,ARI,SDN,0.4,0.5,0.335,0.28
ARI202205300,2022-05-30,ARI,ATL,3,1,2.54,2.67,1e-06,2556.4851145812468,ARI,ATL,0.4,0.3,0.307,0.309
COL202205300,2022-05-30,COL,MIA,0,0,5.83,5.29,2397.8679070622884,1946.7466716258368,WAS,ATL,0.7,0.5,0.345,0.286
BOS202205300,2022-05-30,BOS,BAL,0,2,4.27,4.25,1e-06,1e-06,BOS,BOS,0.7,0.1,0.331,0.304
TEX202205300,2022-05-30,TEX,TBA,2,0,4.64,2.84,2350.5503898425545,1496.616116420437,OAK,TBA,1.3,0.6,0.306,0.303
PHI202205300,2022-05-30,PHI,SFN,0,0,3.31,4.01,129.48897528262268,807.0437326700402,NYN,CIN,0.6,0.1,0.325,0.309
OAK202205300,2022-05-30,OAK,HOU,0,0,4.28,2.82,1e-06,1089.6592015072615,OAK,SEA,0.2,0.6,0.278,0.308
SLN202205300,2022-05-30,SLN,SDN,0,0,3.17,3.47,1e-06,2512.7882729547905,SLN,SDN,0.8,0.2,0.326,0.323
DET202205300,2022-05-30,DET,MIN,0,0,3.49,4.61,1e-06,872.516450655481,DET,MIN,0.1,0.6,0.292,0.309
BOS202205310,2022-05-31,BOS,CIN,0,0,3.32,2.99,1e-06,1188.7504512902326,BOS,CIN,0.6,0.5,0.331,0.287
CLE202205310,2022-05-31,CLE,KCA,3,0,3.38,5.13,1e-06,1e-06,CLE,CLE,0.5,0.7,0.319,0.296
TEX202205310,2022-05-31,TEX,TBA,0,0,2.89,4.5,1e-06,1e-06,TEX,TEX,1.4,0.6,0.306,0.303
NYN202205310,2022-05-31,NYN,WAS,2,0,3.21,6.31,1e-06,1e-06,NYN,NYN,1.5,0.6,0.329,0.319
PHI202205310,2022-05-31,PHI,SFN,0,0,3.31,5.28,1e-06,1e-06,PHI,PHI,0.6,0.1,0.325,0.309
OAK202205310,2022-05-31,OAK,HOU,0,0,4.05,2.37,1e-06,1e-06,OAK,OAK,0.2,0.6,0.278,0.308
LAN202205310,2022-05-31,LAN,PIT,0,2,2.16,3.91,1e-06,1e-06,LAN,LAN,0.4,0.5,0.335,0.28
CHN202205310,2022-05-31,CHN,MIL,1,0,3.38,2.95,1e-06,1e-06,CHN,CHN,1.0,0.3,0.322,0.307
SLN202205310,2022-05-31,SLN,SDN,0,0,6.65,4.76,1e-06,1e-06,SLN,SLN,0.8,0.1,0.326,0.323
TOR202205310,2022-05-31,TOR,CHA,0,1,3.35,4.9,3477.996626466436,700.98343821047,ANA,CHA,0.1,0.0,0.326,0.311
BAL202205310,2022-05-31,BAL,SEA,0,1,3.49,3.39,578.81170796599,3746.584168000963,BOS,SEA,0.3,0.5,0.307,0.322
DET202205312,2022-05-31,DET,MIN,2,0,2.58,5.87,1e-06,1e-06,DET,DET,0.1,0.6,0.292,0.309
ARI202205310,2022-05-31,ARI,ATL,2,0,4.66,3.69,1e-06,1e-06,ARI,ARI,0.7,0.4,0.307,0.309
NYA202205310,2022-05-31,NYA,ANA,4,0,3.48,3.94,1638.0556824552712,3915.807145653056,TBA,ANA,0.2,0.6,0.325,0.286
DET202205311,2022-05-31,DET,MIN,0,2,4.41,3.71,1e-06,1e-06,DET,DET,0.3,0.6,0.292,0.309
COL202206012,2022-06-01,COL,MIA,0,0,1.79,5.29,1e-06,1e-06,COL,COL,0.7,0.5,0.345,0.286
ARI202206010,2022-06-01,ARI,ATL,0,1,4.88,3.19,1e-06,1e-06,ARI,ARI,0.9,0.4,0.307,0.309
OAK202206010,2022-06-01,OAK,HOU,0,0,3.41,1.94,1e-06,1e-06,OAK,OAK,0.1,0.1,0.278,0.308
NYN202206010,2022-06-01,NYN,WAS,0,0,3.97,4.15,1e-06,1e-06,NYN,NYN,1.6,0.6,0.329,0.319
LAN202206010,2022-06-01,LAN,PIT,0,1,5.45,2.64,1e-06,1e-06,LAN,LAN,0.4,0.7,0.335,0.28
SLN202206010,2022-06-01,SLN,SDN,0,1,4.45,3.1,1e-06,1e-06,SLN,SLN,0.7,0.1,0.326,0.323
TEX202206010,2022-06-01,TEX,TBA,0,0,5.22,3.99,1e-06,1e-06,TEX,TEX,1.1,0.6,0.306,0.303
BAL202206010,2022-06-01,BAL,SEA,0,0,1.4,3.71,1e-06,1e-06,BAL,BAL,0.3,0.6,0.307,0.322
BOS202206010,2022-06-01,BOS,CIN,0,0,3.45,4.44,1e-06,1e-06,BOS,BOS,0.4,0.2,0.331,0.287
DET202206010,2022-06-01,DET,MIN,1,0,3.52,3.21,1e-06,1e-06,DET,DET,0.3,0.8,0.292,0.309
CHN202206010,2022-06-01,CHN,MIL,2,0,3.99,3.76,1e-06,1e-06,CHN,CHN,1.0,0.2,0.322,0.307
TOR202206010,2022-06-01,TOR,CHA,1,1,3.01,3.54,1e-06,1e-06,TOR,TOR,0.1,0.1,0.326,0.311
COL202206011,2022-06-01,COL,MIA,0,0,5.07,3.01,1e-06,1e-06,COL,COL,0.7,0.5,0.345,0.286
CLE202206010,2022-06-01,CLE,KCA,0,0,3.88,5.09,1e-06,1e-06,CLE,CLE,0.8,0.5,0.319,0.296
PHI202206010,2022-06-01,PHI,SFN,0,0,3.25,3.74,1e-06,1e-06,PHI,PHI,0.2,0.1,0.325,0.309
LAN202206020,2022-06-02,LAN,NYN,0,0,2.14,3.49,1e-06,3936.366792360479,LAN,NYN,0.4,0.7,0.335,0.334
NYA202206022,2022-06-02,NYA,ANA,0,0,3.91,3.71,1e-06,1e-06,NYA,NYA,0.6,0.6,0.325,0.286
CIN202206020,2022-06-02,CIN,WAS,3,0,4.89,7.1,1188.7504512902326,913.3322258208744,BOS,NYN,0.9,0.5,0.321,0.319
CHN202206020,2022-06-02,CHN,SLN,2,0,3.76,5.97,1e-06,422.4920912040455,CHN,SLN,0.4,0.3,0.322,0.322
TEX202206020,2022-06-02,TEX,TBA,0,0,5.13,4.34,1e-06,1e-06,TEX,TEX,1.1,0.6,0.306,0.303
BAL202206020,2022-06-02,BAL,SEA,2,0,2.54,3.64,1e-06,1e-06,BAL,BAL,0.0,0.6,0.307,0.322
TOR202206020,2022-06-02,TOR,CHA,0,0,2.24,3.35,1e-06,1e-06,TOR,TOR,0.2,0.2,0.326,0.311
DET202206020,2022-06-02,DET,MIN,1,0,3.41,4.43,1e-06,1e-06,DET,DET,0.4,0.8,0.292,0.309
MIL202206020,2022-06-02,MIL,SDN,0,0,2.83,4.76,132.54357794550742,526.8349145670746,CHN,SLN,0.7,0.2,0.324,0.323
NYA202206021,2022-06-02,NYA,ANA,2,0,2.44,2.33,1e-06,1e-06,NYA,NYA,0.6,0.6,0.325,0.286
COL202206020,2022-06-02,COL,ATL,1,0,5.56,5.0,1e-06,942.6579354569092,COL,ARI,0.5,0.5,0.345,0.309
MIA202206020,2022-06-02,MIA,SFN,0,0,2.28,5.1,2773.388608504832,1644.1190984600378,COL,PHI,0.3,0.1,0.302,0.309
LAN202206030,2022-06-03,LAN,NYN,0,0,2.57,3.42,1e-06,1e-06,LAN,LAN,0.4,0.7,0.335,0.334
TEX202206030,2022-06-03,TEX,SEA,0,0,3.86,2.99,1e-06,1968.7690954443951,TEX,BAL,1.0,0.6,0.306,0.322
MIA202206030,2022-06-03,MIA,SFN,0,1,3.55,5.08,1e-06,1e-06,MIA,MIA,0.2,0.1,0.302,0.309
MIL202206030,2022-06-03,MIL,SDN,0,1,2.94,2.93,1e-06,1e-06,MIL,MIL,0.7,0.2,0.324,0.323
CIN202206030,2022-06-03,CIN,WAS,2,0,6.06,5.02,1e-06,1e-06,CIN,CIN,1.2,0.5,0.321,0.319
COL202206030,2022-06-03,COL,ATL,0,0,3.47,2.06,1e-06,1e-06,COL,COL,0.6,0.5,0.345,0.309
TOR202206030,2022-06-03,TOR,MIN,2,2,5.19,3.56,1e-06,332.4198044988213,TOR,DET,0.2,0.8,0.326,0.309
CHN202206030,2022-06-03,CHN,SLN,3,0,3.5,3.29,1e-06,1e-06,CHN,CHN,0.6,0.3,0.322,0.322
KCA202206030,2022-06-03,KCA,HOU,0,0,3.23,3.94,1123.5230318083022,2406.427657157802,CLE,OAK,0.3,0.1,0.318,0.308
TBA202206030,2022-06-03,TBA,CHA,4,0,2.54,4.83,1496.616116420437,1789.459752085548,TEX,TOR,1.0,0.2,0.311,0.311
PHI202206030,2022-06-03,PHI,ANA,1,0,4.04,6.59,1e-06,129.48897528262268,PHI,NYA,0.2,0.6,0.325,0.286
OAK202206030,2022-06-03,OAK,BOS,0,0,4.23,3.87,1e-06,4320.465179781682,OAK,BOS,0.1,1.0,0.278,0.311
BAL202206030,2022-06-03,BAL,CLE,0,2,5.99,2.88,1e-06,495.2645964012307,BAL,CLE,0.2,0.1,0.307,0.31
PIT202206030,2022-06-03,PIT,ARI,1,0,4.69,3.37,3433.6519953355796,2938.6428184476895,LAN,ARI,0.2,0.4,0.303,0.301
NYA202206030,2022-06-03,NYA,DET,0,0,3.5,10.62,1e-06,773.7548030957365,NYA,DET,0.8,0.1,0.325,0.281
NYA202206040,2022-06-04,NYA,DET,1,0,3.18,4.19,1e-06,1e-06,NYA,NYA,0.8,0.1,0.325,0.281
COL202206040,2022-06-04,COL,ATL,0,0,7.61,2.06,1e-06,1e-06,COL,COL,0.5,0.5,0.345,0.309
TOR202206040,2022-06-04,TOR,MIN,1,2,5.23,4.89,1e-06,1e-06,TOR,TOR,0.4,1.0,0.326,0.309
MIA202206040,2022-06-04,MIA,SFN,0,0,4.31,3.57,1e-06,1e-06,MIA,MIA,0.2,0.2,0.302,0.309
LAN202206040,2022-06-04,LAN,NYN,0,1,4.02,3.81,1e-06,1e-06,LAN,LAN,0.3,0.7,0.335,0.334
OAK202206040,2022-06-04,OAK,BOS,0,0,4.28,4.56,1e-06,1e-06,OAK,OAK,0.1,0.9,0.278,0.311
PIT202206040,2022-06-04,PIT,ARI,0,0,4.26,4.66,1e-06,1e-06,PIT,PIT,0.3,0.4,0.303,0.301
BAL202206040,2022-06-04,BAL,CLE,1,1,2.19,2.96,1e-06,1e-06,BAL,BAL,0.2,0.3,0.307,0.31
KCA202206040,2022-06-04,KCA,HOU,0,0,6.55,,1e-06,1e-06,KCA,KCA,0.3,0.1,0.318,0.308
TEX202206040,2022-06-04,TEX,SEA,0,0,4.64,4.13,1e-06,1e-06,TEX,TEX,1.0,0.6,0.306,0.322
CHN202206041,2022-06-04,CHN,SLN,0,0,5.03,3.21,1e-06,1e-06,CHN,CHN,0.8,0.2,0.322,0.322
PHI202206040,2022-06-04,PHI,ANA,5,0,2.82,4.24,1e-06,1e-06,PHI,PHI,0.2,0.6,0.325,0.286
TBA202206040,2022-06-04,TBA,CHA,0,0,2.8,4.02,1e-06,1e-06,TBA,TBA,1.4,0.2,0.311,0.311
MIL202206040,2022-06-04,MIL,SDN,0,0,4.44,4.5,1e-06,1e-06,MIL,MIL,0.7,0.3,0.324,0.323
CIN202206040,2022-06-04,CIN,WAS,2,0,4.91,3.51,1e-06,1e-06,CIN,CIN,1.4,0.4,0.321,0.319
CHN202206042,2022-06-04,CHN,SLN,1,0,3.95,3.05,1e-06,1e-06,CHN,CHN,0.8,0.2,0.322,0.322
TEX202206050,2022-06-05,TEX,SEA,0,0,1.97,3.64,1e-06,1e-06,TEX,TEX,0.9,0.6,0.306,0.322
CHN202206050,2022-06-05,CHN,SLN,1,0,5.22,4.63,1e-06,1e-06,CHN,CHN,0.9,0.2,0.322,0.322
OAK202206050,2022-06-05,OAK,BOS,1,1,4.05,4.27,1e-06,1e-06,OAK,OAK,0.1,0.9,0.278,0.311
BAL202206050,2022-06-05,BAL,CLE,0,3,3.23,4.31,1e-06,1e-06,BAL,BAL,0.3,0.4,0.307,0.31
COL202206050,2022-06-05,COL,ATL,3,3,5.83,4.34,1e-06,1e-06,COL,COL,0.5,0.5,0.345,0.309
PIT202206050,2022-06-05,PIT,ARI,0,0,5.18,2.54,1e-06,1e-06,PIT,PIT,0.2,0.4,0.303,0.301
NYA202206050,2022-06-05,NYA,DET,0,0,2.29,3.28,1e-06,1e-06,NYA,NYA,0.9,0.1,0.325,0.281
KCA202206050,2022-06-05,KCA,HOU,0,0,5.28,2.82,1e-06,1e-06,KCA,KCA,0.3,0.1,0.318,0.308
LAN202206050,2022-06-05,LAN,NYN,2,0,3.75,3.6,1e-06,1e-06,LAN,LAN,0.3,0.5,0.335,0.334
PHI202206050,2022-06-05,PHI,ANA,0,0,3.43,2.47,1e-06,1e-06,PHI,PHI,0.7,0.5,0.325,0.286
MIL202206050,2022-06-05,MIL,SDN,1,0,4.14,3.56,1e-06,1e-06,MIL,MIL,0.5,0.3,0.324,0.323
TBA202206050,2022-06-05,TBA,CHA,0,4,4.5,4.9,1e-06,1e-06,TBA,TBA,1.4,0.2,0.311,0.311
TOR202206050,2022-06-05,TOR,MIN,1,3,3.35,3.56,1e-06,1e-06,TOR,TOR,0.4,0.9,0.326,0.309
CIN202206050,2022-06-05,CIN,WAS,3,2,2.99,6.31,1e-06,1e-06,CIN,CIN,1.2,0.4,0.321,0.319
MIA202206050,2022-06-05,MIA,SFN,0,0,3.58,4.42,1e-06,1e-06,MIA,MIA,0.2,0.1,0.302,0.309
KCA202206060,2022-06-06,KCA,TOR,0,0,5.13,3.01,1e-06,1362.7751953099455,KCA,TOR,0.3,0.5,0.318,0.331
CIN202206060,2022-06-06,CIN,ARI,1,0,4.44,4.88,1e-06,415.25842934625814,CIN,PIT,1.5,0.4,0.321,0.301
SDN202206060,2022-06-06,SDN,NYN,0,3,3.38,3.97,2790.8560532571964,179.52869961196944,MIL,LAN,0.4,0.3,0.308,0.334
HOU202206060,2022-06-06,HOU,SEA,1,1,2.54,3.71,1040.8267966673652,368.5990384284446,KCA,TEX,0.4,0.5,0.329,0.322
ANA202206060,2022-06-06,ANA,BOS,0,0,3.94,3.32,3822.7863128754534,592.0809005913671,PHI,OAK,0.4,1.0,0.308,0.311
BAL202206070,2022-06-07,BAL,CHN,2,1,3.49,3.76,1e-06,972.7856247406662,BAL,CHN,0.3,1.1,0.307,0.301
CHA202206070,2022-06-07,CHA,LAN,0,0,3.54,4.72,1636.2782802002057,2804.824680217871,TBA,LAN,0.1,0.8,0.31,0.33
CIN202206070,2022-06-07,CIN,ARI,4,0,4.89,5.24,1e-06,1e-06,CIN,CIN,1.4,0.4,0.321,0.301
SFN202206070,2022-06-07,SFN,COL,3,1,5.08,4.95,4167.0413845935145,1524.5101947303656,MIA,COL,0.7,0.4,0.322,0.284
KCA202206070,2022-06-07,KCA,TOR,0,0,5.09,2.24,1e-06,1e-06,KCA,KCA,0.3,0.4,0.318,0.331
PIT202206070,2022-06-07,PIT,DET,0,0,2.93,3.52,1e-06,505.04779123783345,PIT,NYA,0.2,0.1,0.303,0.281
TBA202206070,2022-06-07,TBA,SLN,0,0,3.99,6.65,1e-06,1636.2782802002057,TBA,CHN,1.3,0.2,0.311,0.322
ANA202206070,2022-06-07,ANA,BOS,2,0,2.61,3.15,1e-06,1e-06,ANA,ANA,0.4,1.0,0.308,0.311
CLE202206071,2022-06-07,CLE,TEX,0,1,3.38,3.96,1e-06,1e-06,CLE,CLE,0.8,0.5,0.319,0.296
ATL202206070,2022-06-07,ATL,OAK,1,2,3.19,4.53,1946.7466716258368,3423.460480270077,COL,OAK,0.3,0.6,0.323,0.283
MIA202206070,2022-06-07,MIA,WAS,0,0,3.01,7.1,1e-06,1534.6263109130673,MIA,CIN,0.2,0.5,0.302,0.319
CLE202206072,2022-06-07,CLE,TEX,0,0,4.54,5.13,495.2645964012307,1666.9381007624936,BAL,TEX,0.8,0.5,0.319,0.296
SDN202206070,2022-06-07,SDN,NYN,1,0,3.1,3.49,1e-06,1e-06,SDN,SDN,0.4,0.6,0.308,0.334
MIL202206070,2022-06-07,MIL,PHI,1,0,5.22,3.27,1e-06,1117.7982780855818,MIL,PHI,0.3,0.4,0.324,0.304
MIN202206070,2022-06-07,MIN,NYA,1,3,5.87,2.67,1113.301279752142,1636.0526645605564,TOR,NYA,1.1,0.7,0.325,0.318
HOU202206070,2022-06-07,HOU,SEA,0,0,1.75,3.73,1e-06,1e-06,HOU,HOU,0.5,0.6,0.329,0.322
ANA202206080,2022-06-08,ANA,BOS,0,0,2.48,3.87,1e-06,1e-06,ANA,ANA,0.5,1.0,0.308,0.311
SFN202206080,2022-06-08,SFN,COL,0,0,2.53,3.47,1e-06,1e-06,SFN,SFN,1.0,0.5,0.322,0.284
PIT202206080,2022-06-08,PIT,DET,0,0,4.38,4.0,1e-06,1e-06,PIT,PIT,0.2,0.1,0.303,0.281
TBA202206080,2022-06-08,TBA,SLN,3,0,4.34,4.78,1e-06,1e-06,TBA,TBA,1.0,0.2,0.311,0.322
KCA202206080,2022-06-08,KCA,TOR,3,0,3.23,5.34,1e-06,1e-06,KCA,KCA,0.3,0.4,0.318,0.331
HOU202206080,2022-06-08,HOU,SEA,1,0,3.94,3.2,1e-06,1e-06,HOU,HOU,0.5,0.6,0.329,0.322
MIN202206080,2022-06-08,MIN,NYA,0,0,4.56,2.44,1e-06,1e-06,MIN,MIN,1.0,1.0,0.325,0.318
CHA202206080,2022-06-08,CHA,LAN,0,2,3.35,2.14,1e-06,1e-06,CHA,CHA,0.1,0.7,0.31,0.33
MIA202206080,2022-06-08,MIA,WAS,0,0,4.31,3.3,1e-06,1e-06,MIA,MIA,0.2,0.5,0.302,0.319
CLE202206080,2022-06-08,CLE,TEX,0,0,3.38,4.46,1e-06,1e-06,CLE,CLE,0.5,0.5,0.319,0.296
SDN202206080,2022-06-08,SDN,NYN,1,0,4.96,3.42,1e-06,1e-06,SDN,SDN,0.5,0.4,0.308,0.334
MIL202206080,2022-06-08,MIL,PHI,0,0,4.73,3.25,1e-06,1e-06,MIL,MIL,0.4,0.4,0.324,0.304
ATL202206080,2022-06-08,ATL,OAK,0,0,5.0,5.72,1e-06,1e-06,ATL,ATL,0.4,0.8,0.323,0.283
CIN202206080,2022-06-08,CIN,ARI,0,0,6.06,3.37,1e-06,1e-06,CIN,CIN,1.8,0.2,0.321,0.301
CIN202206090,2022-06-09,CIN,ARI,3,0,5.49,4.66,1e-06,1e-06,CIN,CIN,1.8,0.2,0.321,0.301
TBA202206090,2022-06-09,TBA,SLN,0,0,2.54,3.29,1e-06,1e-06,TBA,TBA,1.2,0.2,0.311,0.322
ANA202206090,2022-06-09,ANA,BOS,0,0,2.33,4.56,1e-06,1e-06,ANA,ANA,0.5,0.9,0.308,0.311
MIN202206090,2022-06-09,MIN,NYA,3,1,1.86,4.03,1e-06,1e-06,MIN,MIN,1.0,1.0,0.325,0.318
ATL202206090,2022-06-09,ATL,PIT,0,0,2.48,4.69,1e-06,840.3908477621023,ATL,PIT,0.3,0.4,0.323,0.28
KCA202206090,2022-06-09,KCA,BAL,0,0,3.23,4.42,1e-06,1545.5901214265937,KCA,BAL,0.6,0.3,0.318,0.304
CLE202206090,2022-06-09,CLE,OAK,0,0,3.04,4.53,1e-06,893.7492632763934,CLE,ATL,0.5,0.8,0.319,0.283
MIL202206090,2022-06-09,MIL,PHI,1,0,2.94,3.0,1e-06,1e-06,MIL,MIL,0.4,0.0,0.324,0.304
SFN202206090,2022-06-09,SFN,COL,0,0,2.9,5.56,1e-06,1e-06,SFN,SFN,0.9,0.5,0.322,0.284
MIA202206090,2022-06-09,MIA,WAS,3,0,5.47,13.5,1e-06,1e-06,MIA,MIA,0.2,0.5,0.302,0.319
CHA202206090,2022-06-09,CHA,LAN,0,0,2.2,3.26,1e-06,1e-06,CHA,CHA,0.1,0.9,0.31,0.33
KCA202206100,2022-06-10,KCA,BAL,3,0,5.28,5.99,1e-06,1e-06,KCA,KCA,0.4,0.3,0.318,0.304
CLE202206100,2022-06-10,CLE,OAK,0,1,4.71,3.41,1e-06,1e-06,CLE,CLE,0.5,0.7,0.319,0.283
ANA202206100,2022-06-10,ANA,NYN,0,0,2.93,3.83,1e-06,141.8121399568677,ANA,SDN,0.4,0.4,0.308,0.334
HOU202206100,2022-06-10,HOU,MIA,1,2,,5.29,1e-06,1555.6920636215998,HOU,MIA,0.6,0.5,0.329,0.286
MIN202206100,2022-06-10,MIN,TBA,1,0,3.71,2.84,1e-06,2137.431531245163,MIN,TBA,1.2,0.6,0.325,0.303
WAS202206100,2022-06-10,WAS,MIL,1,0,5.81,4.44,1489.628641346009,1025.9779093655509,MIA,MIL,1.6,0.2,0.301,0.307
NYA202206100,2022-06-10,NYA,CHN,0,0,2.05,9.68,1636.0526645605564,272.81937803481173,MIN,BAL,0.9,1.1,0.325,0.301
PHI202206100,2022-06-10,PHI,ARI,1,0,5.05,2.54,1117.7982780855818,807.0437326700402,MIL,CIN,0.6,0.2,0.325,0.301
CHA202206100,2022-06-10,CHA,TEX,0,0,3.18,4.03,1e-06,494.38381964269325,CHA,CLE,0.1,0.5,0.31,0.296
SEA202206100,2022-06-10,SEA,BOS,0,1,2.49,4.99,3039.1839825945185,1575.276973597757,HOU,ANA,0.7,0.9,0.305,0.311
ATL202206100,2022-06-10,ATL,PIT,0,0,2.67,3.79,1e-06,1e-06,ATL,ATL,0.3,0.4,0.323,0.28
SFN202206100,2022-06-10,SFN,LAN,0,0,4.42,4.02,1e-06,2984.5094702126535,SFN,CHA,0.9,0.9,0.322,0.33
SDN202206100,2022-06-10,SDN,COL,0,0,2.93,5.72,1e-06,738.1265117326025,SDN,SFN,0.4,0.5,0.308,0.284
SLN202206100,2022-06-10,SLN,CIN,2,0,3.17,2.99,1400.9866618185608,494.9532553693752,TBA,CIN,0.7,0.2,0.326,0.287
DET202206100,2022-06-10,DET,TOR,0,2,10.62,5.23,331.7516309667575,1034.95696626315,PIT,KCA,0.5,0.3,0.292,0.331
HOU202206110,2022-06-11,HOU,MIA,0,0,2.82,3.58,1e-06,1e-06,HOU,HOU,0.5,0.5,0.329,0.286
DET202206110,2022-06-11,DET,TOR,1,0,4.19,3.35,1e-06,1e-06,DET,DET,0.5,0.5,0.292,0.331
CLE202206110,2022-06-11,CLE,OAK,0,1,3.38,4.05,1e-06,1e-06,CLE,CLE,0.5,0.5,0.319,0.283
ANA202206110,2022-06-11,ANA,NYN,2,0,4.24,3.97,1e-06,1e-06,ANA,ANA,0.4,0.4,0.308,0.334
SFN202206110,2022-06-11,SFN,LAN,0,0,2.53,2.28,1e-06,1e-06,SFN,SFN,0.9,0.7,0.322,0.33
SLN202206110,2022-06-11,SLN,CIN,0,0,5.9,6.36,1e-06,1e-06,SLN,SLN,0.5,0.2,0.326,0.287
CHA202206110,2022-06-11,CHA,TEX,0,0,4.4,1.95,1e-06,1e-06,CHA,CHA,0.0,0.5,0.31,0.296
PHI202206110,2022-06-11,PHI,ARI,1,0,2.82,4.88,1e-06,1e-06,PHI,PHI,0.7,0.0,0.325,0.301
MIN202206110,2022-06-11,MIN,TBA,0,3,4.8,5.0,1e-06,1e-06,MIN,MIN,0.9,0.6,0.325,0.303
ATL202206110,2022-06-11,ATL,PIT,2,2,3.76,4.4,1e-06,1e-06,ATL,ATL,0.3,0.4,0.323,0.28
SDN202206111,2022-06-11,SDN,COL,0,0,3.06,3.47,1e-06,1e-06,SDN,SDN,0.3,0.5,0.308,0.284
SEA202206110,2022-06-11,SEA,BOS,2,3,2.67,5.84,1e-06,1e-06,SEA,SEA,0.7,0.6,0.305,0.311
WAS202206110,2022-06-11,WAS,MIL,0,1,6.31,3.69,1e-06,1e-06,WAS,WAS,1.7,0.2,0.301,0.307
KCA202206110,2022-06-11,KCA,BAL,1,0,5.13,4.25,1e-06,1e-06,KCA,KCA,0.6,0.3,0.318,0.304
SDN202206112,2022-06-11,SDN,COL,0,0,4.5,4.53,1e-06,1e-06,SDN,SDN,0.3,0.5,0.308,0.284
NYA202206110,2022-06-11,NYA,CHN,1,0,3.48,5.03,1e-06,1e-06,NYA,NYA,0.9,1.1,0.325,0.301
CHA202206120,2022-06-12,CHA,TEX,1,0,4.4,3.86,1e-06,1e-06,CHA,CHA,0.0,0.5,0.31,0.296
SLN202206120,2022-06-12,SLN,CIN,1,0,4.45,3.83,1e-06,1e-06,SLN,SLN,0.5,0.2,0.326,0.287
WAS202206120,2022-06-12,WAS,MIL,0,0,4.84,3.76,1e-06,1e-06,WAS,WAS,1.6,0.3,0.301,0.307
CLE202206120,2022-06-12,CLE,OAK,3,1,3.38,3.98,1e-06,1e-06,CLE,CLE,0.5,0.5,0.319,0.283
DET202206120,2022-06-12,DET,TOR,0,0,3.52,3.01,1e-06,1e-06,DET,DET,0.6,0.5,0.292,0.331
SDN202206120,2022-06-12,SDN,COL,0,0,3.72,4.95,1e-06,1e-06,SDN,SDN,0.2,0.5,0.308,0.284
ATL202206120,2022-06-12,ATL,PIT,0,0,3.19,2.93,1e-06,1e-06,ATL,ATL,0.5,0.6,0.323,0.28
KCA202206120,2022-06-12,KCA,BAL,0,1,5.09,3.23,1e-06,1e-06,KCA,KCA,0.7,0.3,0.318,0.304
NYA202206120,2022-06-12,NYA,CHN,5,1,3.91,3.76,1e-06,1e-06,NYA,NYA,0.9,1.1,0.325,0.301
SFN202206120,2022-06-12,SFN,LAN,2,0,2.88,2.16,1e-06,1e-06,SFN,SFN,0.9,0.5,0.322,0.33
HOU202206120,2022-06-12,HOU,MIA,1,0,1.75,3.01,1e-06,1e-06,HOU,HOU,0.5,0.3,0.329,0.286
ANA202206120,2022-06-12,ANA,NYN,1,0,2.91,3.49,1e-06,1e-06,ANA,ANA,0.5,0.4,0.308,0.334
SEA202206120,2022-06-12,SEA,BOS,0,0,2.67,5.13,1e-06,1e-06,SEA,SEA,0.9,0.8,0.305,0.311
MIN202206120,2022-06-12,MIN,TBA,0,0,5.87,2.46,1e-06,1e-06,MIN,MIN,0.9,0.9,0.325,0.303
PHI202206120,2022-06-12,PHI,ARI,0,2,3.65,6.56,1e-06,1e-06,PHI,PHI,0.8,0.0,0.325,0.301
TOR202206130,2022-06-13,TOR,BAL,1,0,2.24,4.9,332.4198044988213,1362.7751953099455,DET,KCA,0.5,0.4,0.326,0.304
ARI202206130,2022-06-13,ARI,CIN,0,0,3.37,6.06,3344.1998186127516,2043.890455711885,PHI,SLN,0.9,0.2,0.307,0.287
SLN202206130,2022-06-13,SLN,PIT,0,0,3.05,4.26,1e-06,751.930362209131,SLN,ATL,0.6,0.6,0.326,0.28
SEA202206130,2022-06-13,SEA,MIN,0,2,3.73,3.49,1e-06,2238.4089622775527,SEA,MIN,0.7,0.9,0.305,0.309
PHI202206130,2022-06-13,PHI,MIA,0,0,3.0,1.54,1e-06,2157.262613807304,PHI,HOU,0.8,0.3,0.325,0.286
TEX202206130,2022-06-13,TEX,HOU,0,1,1.97,3.72,1309.650558347085,368.5990384284446,CHA,HOU,0.9,0.1,0.306,0.308
DET202206130,2022-06-13,DET,CHA,2,2,4.41,8.41,1e-06,380.91207013286544,DET,CHA,0.5,0.6,0.292,0.311
CHN202206130,2022-06-13,CHN,SDN,0,0,4.22,3.1,1144.129935670241,2787.070270174863,NYA,SDN,1.0,0.3,0.322,0.323
WAS202206130,2022-06-13,WAS,ATL,0,0,2.92,2.13,1e-06,874.0887985860761,WAS,ATL,1.6,0.8,0.301,0.309
SFN202206130,2022-06-13,SFN,KCA,0,0,5.1,4.96,1e-06,2419.4492026360936,SFN,KCA,1.1,0.5,0.322,0.296
SLN202206141,2022-06-14,SLN,PIT,0,0,5.97,4.69,1e-06,1e-06,SLN,SLN,0.4,0.5,0.326,0.28
SLN202206142,2022-06-14,SLN,PIT,3,0,3.29,5.52,1e-06,1e-06,SLN,SLN,0.4,0.5,0.326,0.28
COL202206140,2022-06-14,COL,CLE,0,0,5.43,5.4,1340.79250926624,1969.4706962302864,SDN,CLE,0.6,0.7,0.345,0.31
PHI202206140,2022-06-14,PHI,MIA,0,4,3.43,2.98,1e-06,1e-06,PHI,PHI,0.8,0.3,0.325,0.286
SFN202206140,2022-06-14,SFN,KCA,0,0,2.9,5.58,1e-06,1e-06,SFN,SFN,1.1,0.5,0.322,0.296
WAS202206140,2022-06-14,WAS,ATL,0,1,5.14,2.48,1e-06,1e-06,WAS,WAS,1.6,0.5,0.301,0.309
ARI202206140,2022-06-14,ARI,CIN,0,0,4.4,4.57,1e-06,1e-06,ARI,ARI,0.9,0.2,0.307,0.287
NYA202206140,2022-06-14,NYA,TBA,0,0,3.5,4.34,1e-06,1636.0526645605564,NYA,MIN,1.3,0.9,0.325,0.303
DET202206140,2022-06-14,DET,CHA,1,0,4.53,2.2,1e-06,1e-06,DET,DET,0.7,0.8,0.292,0.311
CHN202206140,2022-06-14,CHN,SDN,1,0,2.54,0.0,1e-06,1e-06,CHN,CHN,1.0,0.3,0.322,0.323
NYN202206140,2022-06-14,NYN,MIL,3,0,3.42,4.73,3915.807145653056,326.3648041771951,ANA,WAS,1.5,0.1,0.329,0.307
TEX202206140,2022-06-14,TEX,HOU,0,0,4.03,1.94,1e-06,1e-06,TEX,TEX,0.3,0.1,0.306,0.308
LAN202206140,2022-06-14,LAN,ANA,0,0,2.14,3.94,559.4406195325591,40.86770847173621,SFN,ANA,0.5,0.5,0.335,0.286
SEA202206140,2022-06-14,SEA,MIN,0,0,3.2,3.55,1e-06,1e-06,SEA,SEA,0.7,1.1,0.305,0.309
BOS202206140,2022-06-14,BOS,OAK,1,0,4.56,5.72,4000.0367541660753,884.5468110577992,SEA,CLE,0.4,0.6,0.331,0.283
TOR202206140,2022-06-14,TOR,BAL,0,0,5.19,4.42,1e-06,1e-06,TOR,TOR,0.6,0.4,0.326,0.304
TOR202206150,2022-06-15,TOR,BAL,1,0,2.8,2.19,1e-06,1e-06,TOR,TOR,0.6,0.4,0.326,0.304
PHI202206150,2022-06-15,PHI,MIA,0,0,3.27,4.31,1e-06,1e-06,PHI,PHI,0.8,0.7,0.325,0.286
COL202206150,2022-06-15,COL,CLE,0,0,5.56,5.4,1e-06,1e-06,COL,COL,0.4,0.7,0.345,0.31
NYA202206150,2022-06-15,NYA,TBA,1,0,2.44,2.54,1e-06,1e-06,NYA,NYA,1.3,0.9,0.325,0.303
SFN202206150,2022-06-15,SFN,KCA,0,2,3.18,3.58,1e-06,1e-06,SFN,SFN,1.1,0.1,0.322,0.296
SEA202206150,2022-06-15,SEA,MIN,0,0,4.13,3.36,1e-06,1e-06,SEA,SEA,0.7,1.1,0.305,0.309
BOS202206150,2022-06-15,BOS,OAK,1,0,5.89,4.23,1e-06,1e-06,BOS,BOS,0.5,0.6,0.331,0.283
CHN202206150,2022-06-15,CHN,SDN,0,2,10.32,4.43,1e-06,1e-06,CHN,CHN,1.1,0.3,0.322,0.323
SLN202206150,2022-06-15,SLN,PIT,0,2,3.17,4.38,1e-06,1e-06,SLN,SLN,0.6,0.5,0.326,0.28
LAN202206150,2022-06-15,LAN,ANA,3,0,2.57,3.77,1e-06,1e-06,LAN,LAN,0.5,0.3,0.335,0.286
ARI202206150,2022-06-15,ARI,CIN,0,0,5.22,6.5,1e-06,1e-06,ARI,ARI,0.6,0.2,0.307,0.287
TEX202206150,2022-06-15,TEX,HOU,1,6,10.97,,1e-06,1e-06,TEX,TEX,0.2,0.1,0.306,0.308
DET202206150,2022-06-15,DET,CHA,0,3,5.53,4.83,1e-06,1e-06,DET,DET,0.8,0.8,0.292,0.311
WAS202206150,2022-06-15,WAS,ATL,0,0,5.81,2.67,1e-06,1e-06,WAS,WAS,1.3,0.6,0.301,0.309
NYN202206150,2022-06-15,NYN,MIL,0,2,3.83,2.94,1e-06,1e-06,NYN,NYN,1.7,0.1,0.329,0.307
TOR202206160,2022-06-16,TOR,BAL,0,1,3.35,4.25,1e-06,1e-06,TOR,TOR,0.7,0.3,0.326,0.304
NYN202206160,2022-06-16,NYN,MIL,1,0,3.33,3.78,1e-06,1e-06,NYN,NYN,1.7,0.3,0.329,0.307
NYA202206160,2022-06-16,NYA,TBA,0,0,2.29,4.38,1e-06,1e-06,NYA,NYA,1.0,0.7,0.325,0.303
WAS202206160,2022-06-16,WAS,PHI,0,0,6.31,2.82,1e-06,197.2342958595587,WAS,PHI,1.3,0.0,0.301,0.304
DET202206160,2022-06-16,DET,TEX,0,0,3.28,5.22,1e-06,1624.6230769135182,DET,TEX,0.8,0.4,0.292,0.296
BOS202206160,2022-06-16,BOS,OAK,0,0,4.27,4.28,1e-06,1e-06,BOS,BOS,0.6,0.6,0.331,0.283
COL202206160,2022-06-16,COL,CLE,0,0,5.72,2.96,1e-06,1e-06,COL,COL,0.4,0.7,0.345,0.31
CHN202206160,2022-06-16,CHN,SDN,1,0,5.03,2.93,1e-06,1e-06,CHN,CHN,1.1,0.4,0.322,0.323
SEA202206160,2022-06-16,SEA,ANA,0,0,3.39,2.33,1e-06,1545.141516309272,SEA,LAN,0.7,0.0,0.305,0.286
CHN202206170,2022-06-17,CHN,ATL,0,0,3.05,2.06,1e-06,956.88299544195,CHN,WAS,1.1,0.6,0.322,0.309
OAK202206170,2022-06-17,OAK,KCA,0,1,4.05,5.13,4320.465179781682,13.027453191410114,BOS,SFN,0.1,0.3,0.278,0.296
LAN202206170,2022-06-17,LAN,CLE,0,0,1.14,4.71,1e-06,1336.5596902131042,LAN,COL,0.6,0.6,0.335,0.31
ARI202206170,2022-06-17,ARI,MIN,2,1,4.88,3.71,1e-06,1793.290239503433,ARI,SEA,0.5,1.1,0.307,0.309
DET202206170,2022-06-17,DET,TEX,0,3,3.52,3.96,1e-06,1e-06,DET,DET,0.6,0.4,0.292,0.296
HOU202206170,2022-06-17,HOU,CHA,2,0,2.82,4.9,368.5990384284446,1780.0976623230767,TEX,DET,0.5,1.1,0.329,0.311
WAS202206172,2022-06-17,WAS,PHI,0,0,4.21,3.18,1e-06,1e-06,WAS,WAS,0.9,0.0,0.301,0.304
BOS202206170,2022-06-17,BOS,SLN,1,0,3.32,3.71,1e-06,1666.9051134731696,BOS,SLN,0.6,0.1,0.331,0.322
TOR202206170,2022-06-17,TOR,NYA,0,0,3.01,3.48,1e-06,550.2922217550002,TOR,NYA,0.7,1.1,0.326,0.318
NYN202206170,2022-06-17,NYN,MIA,3,0,3.97,3.75,1e-06,129.48897528262268,NYN,PHI,1.6,0.7,0.329,0.286
PIT202206170,2022-06-17,PIT,SFN,0,1,5.18,2.88,898.8824563980571,3638.3530777091846,SLN,SFN,0.2,0.1,0.303,0.309
BAL202206170,2022-06-17,BAL,TBA,0,0,2.19,5.48,537.0332419152472,272.81937803481173,TOR,NYA,0.5,0.3,0.307,0.303
WAS202206171,2022-06-17,WAS,PHI,0,2,7.1,3.65,1e-06,1e-06,WAS,WAS,0.8,0.0,0.301,0.304
SEA202206170,2022-06-17,SEA,ANA,1,0,3.71,4.24,1e-06,1e-06,SEA,SEA,0.7,0.0,0.305,0.286
COL202206170,2022-06-17,COL,SDN,3,0,4.53,4.5,1e-06,1477.450780411816,COL,CHN,0.4,0.4,0.345,0.323
CIN202206170,2022-06-17,CIN,MIL,0,0,4.44,3.69,2538.655038172322,913.3322258208744,ARI,NYN,2.1,0.3,0.321,0.307
PIT202206180,2022-06-18,PIT,SFN,1,1,4.38,5.1,1e-06,1e-06,PIT,PIT,0.2,0.2,0.303,0.309
TOR202206180,2022-06-18,TOR,NYA,0,0,2.24,3.91,1e-06,1e-06,TOR,TOR,0.7,1.0,0.326,0.318
CHN202206180,2022-06-18,CHN,ATL,2,0,3.18,3.19,1e-06,1e-06,CHN,CHN,0.9,0.5,0.322,0.309
WAS202206180,2022-06-18,WAS,PHI,0,0,6.75,2.8,1e-06,1e-06,WAS,WAS,0.3,0.2,0.301,0.304
OAK202206180,2022-06-18,OAK,KCA,0,0,3.98,5.09,1e-06,1e-06,OAK,OAK,0.1,0.4,0.278,0.296
ARI202206180,2022-06-18,ARI,MIN,0,0,6.56,4.89,1e-06,1e-06,ARI,ARI,0.7,1.2,0.307,0.309
CIN202206180,2022-06-18,CIN,MIL,0,1,4.89,5.4,1e-06,1e-06,CIN,CIN,1.8,0.3,0.321,0.307
BOS202206180,2022-06-18,BOS,SLN,0,2,5.47,4.45,1e-06,1e-06,BOS,BOS,0.3,0.1,0.331,0.322
NYN202206180,2022-06-18,NYN,MIA,0,0,3.49,3.58,1e-06,1e-06,NYN,NYN,1.7,0.6,0.329,0.286
BAL202206180,2022-06-18,BAL,TBA,0,0,3.05,5.48,1e-06,1e-06,BAL,BAL,0.5,0.3,0.307,0.303
SEA202206182,2022-06-18,SEA,ANA,0,0,5.4,2.48,1e-06,1e-06,SEA,SEA,0.4,0.0,0.305,0.286
DET202206180,2022-06-18,DET,TEX,3,1,4.41,5.13,1e-06,1e-06,DET,DET,0.6,0.5,0.292,0.296
HOU202206180,2022-06-18,HOU,CHA,0,0,1.75,3.35,1e-06,1e-06,HOU,HOU,0.6,1.1,0.329,0.311
SEA202206181,2022-06-18,SEA,ANA,0,0,3.64,2.47,1e-06,1e-06,SEA,SEA,0.3,0.0,0.305,0.286
LAN202206180,2022-06-18,LAN,CLE,0,1,2.16,3.38,1e-06,1e-06,LAN,LAN,0.5,0.6,0.335,0.31
COL202206180,2022-06-18,COL,SDN,2,0,5.74,3.72,1e-06,1e-06,COL,COL,0.7,0.4,0.345,0.323
WAS202206190,2022-06-19,WAS,PHI,0,0,5.14,4.04,1e-06,1e-06,WAS,WAS,0.1,0.2,0.301,0.304
ARI202206190,2022-06-19,ARI,MIN,0,1,3.37,4.56,1e-06,1e-06,ARI,ARI,0.7,1.0,0.307,0.309
LAN202206190,2022-06-19,LAN,CLE,0,0,3.75,3.38,1e-06,1e-06,LAN,LAN,0.5,0.7,0.335,0.31
PIT202206190,2022-06-19,PIT,SFN,0,2,2.61,3.57,1e-06,1e-06,PIT,PIT,0.3,0.3,0.303,0.309
COL202206190,2022-06-19,COL,SDN,0,0,5.07,3.38,1e-06,1e-06,COL,COL,0.9,0.3,0.345,0.323
CHN202206190,2022-06-19,CHN,ATL,0,3,4.8,5.0,1e-06,1e-06,CHN,CHN,0.9,0.5,0.322,0.309
CIN202206190,2022-06-19,CIN,MIL,0,0,6.06,4.73,1e-06,1e-06,CIN,CIN,1.8,0.4,0.321,0.307
SEA202206190,2022-06-19,SEA,ANA,0,0,3.2,3.22,1e-06,1e-06,SEA,SEA,0.3,0.0,0.305,0.286
TOR202206190,2022-06-19,TOR,NYA,2,0,3.1,2.72,1e-06,1e-06,TOR,TOR,0.6,0.7,0.326,0.318
NYN202206190,2022-06-19,NYN,MIA,0,0,3.42,2.28,1e-06,1e-06,NYN,NYN,1.4,0.6,0.329,0.286
OAK202206190,2022-06-19,OAK,KCA,1,0,5.72,3.23,1e-06,1e-06,OAK,OAK,0.1,0.4,0.278,0.296
DET202206190,2022-06-19,DET,TEX,3,1,3.41,4.46,1e-06,1e-06,DET,DET,0.8,0.6,0.292,0.296
BOS202206190,2022-06-19,BOS,SLN,0,0,4.56,3.17,1e-06,1e-06,BOS,BOS,0.3,0.2,0.331,0.322
HOU202206190,2022-06-19,HOU,CHA,1,0,2.54,3.54,1e-06,1e-06,HOU,HOU,0.6,1.0,0.329,0.311
BAL202206190,2022-06-19,BAL,TBA,1,0,4.1,4.34,1e-06,1e-06,BAL,BAL,0.5,0.3,0.307,0.303
ATL202206200,2022-06-20,ATL,SFN,0,0,3.38,2.53,947.8182724063668,840.3908477621023,CHN,PIT,0.5,0.5,0.323,0.309
BOS202206200,2022-06-20,BOS,DET,1,0,5.89,5.53,1e-06,984.732039314543,BOS,DET,0.3,0.1,0.331,0.281
ANA202206200,2022-06-20,ANA,KCA,0,2,3.94,5.58,1575.276973597757,592.0809005913671,SEA,OAK,0.6,0.3,0.308,0.296
SDN202206200,2022-06-20,SDN,ARI,1,1,3.1,4.09,1340.79250926624,481.0116378281714,COL,ARI,0.2,0.2,0.308,0.301
MIL202206200,2022-06-20,MIL,SLN,0,0,2.94,3.29,525.1892238126902,1380.0911924179386,CIN,BOS,0.5,0.2,0.324,0.322
TBA202206200,2022-06-20,TBA,NYA,0,1,1.56,2.72,1393.7772067986984,1789.459752085548,BAL,TOR,0.7,0.5,0.311,0.318
PIT202206200,2022-06-20,PIT,CHN,0,0,4.69,10.32,1e-06,660.0502267315369,PIT,CHN,0.2,1.1,0.303,0.301
CHA202206200,2022-06-20,CHA,TOR,1,0,3.99,5.23,1516.5648050119732,700.98343821047,HOU,TOR,0.1,0.4,0.31,0.331
NYN202206200,2022-06-20,NYN,MIA,1,0,3.83,5.47,1e-06,1e-06,NYN,NYN,1.4,0.6,0.329,0.286
BOS202206210,2022-06-21,BOS,DET,1,1,4.27,4.19,1e-06,1e-06,BOS,BOS,0.4,0.1,0.331,0.281
MIN202206210,2022-06-21,MIN,CLE,0,1,3.36,2.69,2057.4775315109005,2448.9556082748627,ARI,LAN,0.9,0.7,0.325,0.31
TBA202206210,2022-06-21,TBA,NYA,2,0,4.38,2.44,1e-06,1e-06,TBA,TBA,0.7,0.6,0.311,0.318
TEX202206210,2022-06-21,TEX,PHI,0,0,2.89,5.05,1624.6230769135182,1924.2853661298936,DET,WAS,0.3,0.2,0.306,0.304
OAK202206210,2022-06-21,OAK,SEA,0,0,4.23,4.13,1e-06,1089.6592015072615,OAK,SEA,0.2,0.2,0.278,0.322
ANA202206210,2022-06-21,ANA,KCA,0,1,3.98,2.78,1e-06,1e-06,ANA,ANA,0.6,0.5,0.308,0.296
PIT202206210,2022-06-21,PIT,CHN,1,0,3.79,5.03,1e-06,1e-06,PIT,PIT,0.2,1.1,0.303,0.301
HOU202206210,2022-06-21,HOU,NYN,0,0,3.94,3.21,1e-06,2282.180747677387,HOU,NYN,0.7,0.4,0.329,0.334
MIA202206210,2022-06-21,MIA,COL,0,0,2.98,5.74,1756.5620451799746,2773.388608504832,NYN,COL,0.4,0.5,0.302,0.284
MIL202206210,2022-06-21,MIL,SLN,2,2,5.87,2.08,1e-06,1e-06,MIL,MIL,0.5,0.2,0.324,0.322
CIN202206210,2022-06-21,CIN,LAN,1,1,4.4,2.14,1e-06,3046.5057464053752,CIN,LAN,1.5,0.5,0.321,0.33
BAL202206210,2022-06-21,BAL,WAS,0,1,4.42,5.81,1e-06,55.02896457567408,BAL,WAS,0.6,0.5,0.307,0.319
CHA202206210,2022-06-21,CHA,TOR,0,0,4.78,1.38,1e-06,1e-06,CHA,CHA,0.2,0.3,0.31,0.331
ATL202206210,2022-06-21,ATL,SFN,0,0,4.15,3.57,1e-06,1e-06,ATL,ATL,0.5,0.5,0.323,0.309
SDN202206210,2022-06-21,SDN,ARI,0,0,3.56,5.36,1e-06,1e-06,SDN,SDN,0.3,0.3,0.308,0.301
HOU202206220,2022-06-22,HOU,NYN,4,0,,3.97,1e-06,1e-06,HOU,HOU,0.7,0.4,0.329,0.334
SDN202206220,2022-06-22,SDN,ARI,4,0,4.24,4.88,1e-06,1e-06,SDN,SDN,0.3,0.3,0.308,0.301
ATL202206220,2022-06-22,ATL,SFN,0,1,2.06,6.81,1e-06,1e-06,ATL,ATL,0.5,0.5,0.323,0.309
PIT202206220,2022-06-22,PIT,CHN,0,0,20.77,3.76,1e-06,1e-06,PIT,PIT,0.3,0.8,0.303,0.301
OAK202206220,2022-06-22,OAK,SEA,0,1,4.28,3.39,1e-06,1e-06,OAK,OAK,0.2,0.2,0.278,0.322
CHA202206220,2022-06-22,CHA,TOR,0,1,4.9,3.01,1e-06,1e-06,CHA,CHA,0.2,0.3,0.31,0.331
BOS202206220,2022-06-22,BOS,DET,0,2,3.32,3.52,1e-06,1e-06,BOS,BOS,0.5,0.1,0.331,0.281
TBA202206220,2022-06-22,TBA,NYA,0,0,3.34,3.12,1e-06,1e-06,TBA,TBA,0.9,0.6,0.311,0.318
TEX202206220,2022-06-22,TEX,PHI,0,0,3.96,2.82,1e-06,1e-06,TEX,TEX,0.1,0.2,0.306,0.304
ANA202206220,2022-06-22,ANA,KCA,0,0,2.33,5.13,1e-06,1e-06,ANA,ANA,0.6,0.6,0.308,0.296
BAL202206220,2022-06-22,BAL,WAS,1,0,4.25,6.31,1e-06,1e-06,BAL,BAL,0.6,0.3,0.307,0.319
MIL202206220,2022-06-22,MIL,SLN,1,2,3.69,3.21,1e-06,1e-06,MIL,MIL,0.5,0.4,0.324,0.322
MIN202206220,2022-06-22,MIN,CLE,1,0,3.36,2.32,1e-06,1e-06,MIN,MIN,0.9,0.8,0.325,0.31
MIA202206220,2022-06-22,MIA,COL,0,1,3.75,5.72,1e-06,1e-06,MIA,MIA,0.4,0.5,0.302,0.284
CIN202206220,2022-06-22,CIN,LAN,0,0,4.44,2.15,1e-06,1e-06,CIN,CIN,1.4,0.4,0.321,0.33
PIT202206230,2022-06-23,PIT,CHN,1,0,4.26,2.54,1e-06,1e-06,PIT,PIT,0.2,0.6,0.303,0.301
ATL202206230,2022-06-23,ATL,SFN,1,0,3.19,5.1,1e-06,1e-06,ATL,ATL,0.5,0.6,0.323,0.309
MIA202206230,2022-06-23,MIA,COL,0,0,2.98,5.74,1e-06,1e-06,MIA,MIA,0.4,0.3,0.302,0.284
MIN202206230,2022-06-23,MIN,CLE,0,0,3.71,4.31,1e-06,1e-06,MIN,MIN,0.6,0.6,0.325,0.31
OAK202206230,2022-06-23,OAK,SEA,1,0,3.0,3.64,1e-06,1e-06,OAK,OAK,0.2,0.2,0.278,0.322
CIN202206230,2022-06-23,CIN,LAN,0,0,4.44,2.28,1e-06,1e-06,CIN,CIN,1.2,0.4,0.321,0.33
MIL202206230,2022-06-23,MIL,SLN,1,2,5.4,4.45,1e-06,1e-06,MIL,MIL,0.6,0.6,0.324,0.322
CHA202206230,2022-06-23,CHA,BAL,0,0,3.35,3.23,1e-06,972.7856247406662,CHA,BAL,0.2,0.4,0.31,0.304
NYA202206230,2022-06-23,NYA,HOU,3,3,4.03,2.98,1638.0556824552712,2282.180747677387,TBA,HOU,1.0,0.7,0.325,0.308
SDN202206230,2022-06-23,SDN,PHI,0,0,2.93,3.65,1e-06,1879.917699205684,SDN,TEX,0.7,0.2,0.308,0.304
TEX202206240,2022-06-24,TEX,WAS,0,0,5.22,2.76,1e-06,1968.7690954443951,TEX,BAL,0.1,0.3,0.306,0.319
TBA202206240,2022-06-24,TBA,PIT,0,0,1.56,4.91,1e-06,1429.1664141131923,TBA,PIT,0.9,0.7,0.311,0.28
SDN202206240,2022-06-24,SDN,PHI,0,0,2.94,3.25,1e-06,1e-06,SDN,SDN,0.7,0.2,0.308,0.304
MIA202206240,2022-06-24,MIA,NYN,1,1,2.28,3.49,1e-06,1555.6920636215998,MIA,HOU,0.3,0.4,0.302,0.334
MIL202206240,2022-06-24,MIL,TOR,0,0,4.73,2.24,1e-06,132.54357794550742,MIL,CHA,0.7,0.3,0.324,0.331
ANA202206240,2022-06-24,ANA,SEA,0,1,4.24,3.73,1e-06,592.0809005913671,ANA,OAK,0.5,0.2,0.308,0.322
KCA202206240,2022-06-24,KCA,OAK,0,0,3.68,3.98,2158.345510444982,2406.427657157802,ANA,OAK,0.7,0.5,0.318,0.283
SLN202206240,2022-06-24,SLN,CHN,0,0,3.17,4.8,526.8349145670746,898.8824563980571,MIL,PIT,0.6,0.4,0.326,0.301
ATL202206240,2022-06-24,ATL,LAN,0,2,5.0,2.16,1e-06,595.1171397463928,ATL,CIN,0.4,0.3,0.323,0.33
MIN202206240,2022-06-24,MIN,COL,0,0,4.89,4.95,1e-06,2434.20864183359,MIN,MIA,0.6,0.2,0.325,0.284
ARI202206240,2022-06-24,ARI,DET,0,0,3.37,4.41,481.0116378281714,3693.799946449326,SDN,BOS,0.7,0.3,0.307,0.281
CHA202206240,2022-06-24,CHA,BAL,0,1,3.54,3.9,1e-06,1e-06,CHA,CHA,0.2,0.4,0.31,0.304
CLE202206240,2022-06-24,CLE,BOS,0,0,5.4,4.56,1013.2251113855248,884.5468110577992,MIN,BOS,0.7,0.5,0.319,0.311
SFN202206240,2022-06-24,SFN,CIN,0,0,3.73,4.89,3436.411305395792,3280.370735305635,ATL,CIN,1.0,0.2,0.322,0.287
NYA202206240,2022-06-24,NYA,HOU,0,0,3.18,1.75,1e-06,1e-06,NYA,NYA,1.1,1.0,0.325,0.308
ATL202206250,2022-06-25,ATL,LAN,0,0,2.06,3.26,1e-06,1e-06,ATL,ATL,0.3,0.5,0.323,0.33
SDN202206250,2022-06-25,SDN,PHI,0,0,3.38,4.04,1e-06,1e-06,SDN,SDN,0.6,0.2,0.308,0.304
KCA202206250,2022-06-25,KCA,OAK,0,2,5.09,3.0,1e-06,1e-06,KCA,KCA,0.7,0.5,0.318,0.283
MIA202206250,2022-06-25,MIA,NYN,0,0,8.36,3.42,1e-06,1e-06,MIA,MIA,0.4,0.4,0.302,0.334
SFN202206250,2022-06-25,SFN,CIN,0,0,2.9,6.06,1e-06,1e-06,SFN,SFN,0.5,0.2,0.322,0.287
CLE202206250,2022-06-25,CLE,BOS,0,0,2.88,5.89,1e-06,1e-06,CLE,CLE,0.6,0.5,0.319,0.311
TBA202206250,2022-06-25,TBA,PIT,2,0,3.34,2.61,1e-06,1e-06,TBA,TBA,0.9,0.5,0.311,0.28
ANA202206250,2022-06-25,ANA,SEA,0,1,4.82,3.2,1e-06,1e-06,ANA,ANA,0.5,0.3,0.308,0.322
MIL202206250,2022-06-25,MIL,TOR,1,0,2.94,5.19,1e-06,1e-06,MIL,MIL,0.7,0.3,0.324,0.331
ARI202206250,2022-06-25,ARI,DET,0,0,2.85,4.81,1e-06,1e-06,ARI,ARI,0.7,0.3,0.307,0.281
MIN202206250,2022-06-25,MIN,COL,1,0,4.56,5.07,1e-06,1e-06,MIN,MIN,0.6,0.1,0.325,0.284
CHA202206250,2022-06-25,CHA,BAL,0,0,3.99,4.7,1e-06,1e-06,CHA,CHA,0.2,0.3,0.31,0.304
TEX202206250,2022-06-25,TEX,WAS,0,0,3.86,3.51,1e-06,1e-06,TEX,TEX,0.1,0.3,0.306,0.319
NYA202206250,2022-06-25,NYA,HOU,0,0,3.5,2.54,1e-06,1e-06,NYA,NYA,1.1,1.0,0.325,0.308
SLN202206250,2022-06-25,SLN,CHN,2,0,1.25,3.99,1e-06,1e-06,SLN,SLN,0.6,0.2,0.326,0.301
ATL202206260,2022-06-26,ATL,LAN,0,0,4.15,3.75,1e-06,1e-06,ATL,ATL,0.3,0.5,0.323,0.33
SDN202206260,2022-06-26,SDN,PHI,1,0,2.94,4.85,1e-06,1e-06,SDN,SDN,0.5,0.2,0.308,0.304
MIA202206260,2022-06-26,MIA,NYN,1,0,4.31,2.06,1e-06,1e-06,MIA,MIA,0.4,0.4,0.302,0.334
KCA202206260,2022-06-26,KCA,OAK,0,0,3.23,3.33,1e-06,1e-06,KCA,KCA,0.7,0.5,0.318,0.283
TBA202206260,2022-06-26,TBA,PIT,0,0,2.54,5.14,1e-06,1e-06,TBA,TBA,0.7,0.4,0.311,0.28
SFN202206260,2022-06-26,SFN,CIN,0,0,6.63,4.4,1e-06,1e-06,SFN,SFN,0.2,0.0,0.322,0.287
MIN202206260,2022-06-26,MIN,COL,3,1,3.55,5.83,1e-06,1e-06,MIN,MIN,0.6,0.1,0.325,0.284
NYA202206260,2022-06-26,NYA,HOU,0,1,2.29,2.09,1e-06,1e-06,NYA,NYA,1.0,1.0,0.325,0.308
CHA202206260,2022-06-26,CHA,BAL,0,0,2.2,4.42,1e-06,1e-06,CHA,CHA,0.2,0.3,0.31,0.304
ARI202206260,2022-06-26,ARI,DET,0,0,5.28,4.0,1e-06,1e-06,ARI,ARI,0.4,0.3,0.307,0.281
CLE202206260,2022-06-26,CLE,BOS,0,0,4.92,4.27,1e-06,1e-06,CLE,CLE,0.3,0.5,0.319,0.311
ANA202206260,2022-06-26,ANA,SEA,0,0,3.96,4.13,1e-06,1e-06,ANA,ANA,0.3,0.4,0.308,0.322
MIL202206260,2022-06-26,MIL,TOR,3,3,3.86,5.23,1e-06,1e-06,MIL,MIL,0.8,0.3,0.324,0.331
SLN202206260,2022-06-26,SLN,CHN,1,0,2.08,2.4,1e-06,1e-06,SLN,SLN,0.8,0.2,0.326,0.301
TEX202206260,2022-06-26,TEX,WAS,0,3,4.64,5.14,1e-06,1e-06,TEX,TEX,0.1,0.3,0.306,0.319
TOR202206270,2022-06-27,TOR,BOS,1,0,3.35,11.29,695.7214064772647,305.2632734150024,MIL,CLE,0.8,0.4,0.326,0.311
SLN202206270,2022-06-27,SLN,MIA,1,0,3.71,3.75,1e-06,1707.3616110149374,SLN,MIA,0.9,0.6,0.326,0.286
WAS202206270,2022-06-27,WAS,PIT,0,0,2.76,4.26,1924.2853661298936,1340.493838211085,TEX,TBA,0.0,0.4,0.301,0.28
NYA202206270,2022-06-27,NYA,OAK,1,0,3.26,3.12,1e-06,1759.8286951805926,NYA,KCA,1.0,0.5,0.325,0.283
SEA202206270,2022-06-27,SEA,BAL,0,1,3.39,4.25,1575.276973597757,2788.668911659839,ANA,CHA,0.3,0.3,0.305,0.304
CLE202206270,2022-06-27,CLE,MIN,0,0,2.96,3.08,1e-06,1013.2251113855248,CLE,MIN,0.3,1.1,0.319,0.309
COL202206270,2022-06-27,COL,LAN,1,0,5.72,2.57,1123.7187605762444,1946.7466716258368,MIN,ATL,0.9,0.3,0.345,0.33
ANA202206270,2022-06-27,ANA,CHA,0,0,3.94,2.76,1e-06,2786.2559450879285,ANA,CHA,0.3,0.9,0.308,0.311
KCA202206270,2022-06-27,KCA,TEX,1,0,5.58,2.89,1e-06,738.3603208647532,KCA,TEX,0.7,0.6,0.318,0.296
SLN202206280,2022-06-28,SLN,MIA,0,0,4.45,3.58,1e-06,1e-06,SLN,SLN,0.8,0.4,0.326,0.286
NYN202206280,2022-06-28,NYN,HOU,0,4,3.97,2.82,1756.5620451799746,1e-06,MIA,NYA,1.2,1.1,0.329,0.308
TOR202206280,2022-06-28,TOR,BOS,3,0,2.11,5.13,1e-06,1e-06,TOR,TOR,0.7,0.4,0.326,0.311
CLE202206281,2022-06-28,CLE,MIN,1,0,2.32,4.43,1e-06,1e-06,CLE,CLE,0.3,1.1,0.319,0.309
CLE202206282,2022-06-28,CLE,MIN,0,0,3.88,4.7,1e-06,1e-06,CLE,CLE,0.4,0.9,0.319,0.309
PHI202206280,2022-06-28,PHI,ATL,1,2,3.31,2.6,3810.8466979584146,1071.2330338826837,SDN,ATL,0.8,0.7,0.325,0.309
COL202206280,2022-06-28,COL,LAN,1,1,4.53,2.28,1e-06,1e-06,COL,COL,0.9,0.3,0.345,0.33
SFN202206280,2022-06-28,SFN,DET,2,0,2.88,3.52,1e-06,1050.993394248722,SFN,ARI,0.2,0.3,0.322,0.281
ANA202206280,2022-06-28,ANA,CHA,0,0,3.71,3.35,1e-06,1e-06,ANA,ANA,0.3,0.9,0.308,0.311
ARI202206280,2022-06-28,ARI,SDN,0,0,4.66,4.76,1e-06,481.0116378281714,ARI,SDN,0.2,0.3,0.307,0.323
SEA202206280,2022-06-28,SEA,BAL,0,0,3.64,1.4,1e-06,1e-06,SEA,SEA,0.1,0.4,0.305,0.304
TBA202206280,2022-06-28,TBA,MIL,0,0,2.25,3.05,1e-06,1768.0127004273768,TBA,MIL,0.7,0.4,0.311,0.307
CHN202206280,2022-06-28,CHN,CIN,0,0,3.76,2.99,422.4920912040455,2984.5094702126535,SLN,SFN,0.6,0.0,0.322,0.287
NYA202206280,2022-06-28,NYA,OAK,1,0,3.86,4.05,1e-06,1e-06,NYA,NYA,1.1,0.5,0.325,0.283
KCA202206280,2022-06-28,KCA,TEX,0,1,5.28,3.96,1e-06,1e-06,KCA,KCA,0.8,0.5,0.318,0.296
WAS202206280,2022-06-28,WAS,PIT,1,0,6.31,4.38,1e-06,1e-06,WAS,WAS,0.0,0.4,0.301,0.28
ARI202206290,2022-06-29,ARI,SDN,0,0,4.88,4.33,1e-06,1e-06,ARI,ARI,0.2,0.2,0.307,0.323
SLN202206290,2022-06-29,SLN,MIA,0,0,1.25,2.28,1e-06,1e-06,SLN,SLN,0.8,0.4,0.326,0.286
NYN202206290,2022-06-29,NYN,HOU,0,0,3.33,1.75,1e-06,1e-06,NYN,NYN,1.0,1.5,0.329,0.308
TBA202206290,2022-06-29,TBA,MIL,0,0,5.48,2.95,1e-06,1e-06,TBA,TBA,0.7,0.4,0.311,0.307
TOR202206290,2022-06-29,TOR,BOS,0,0,2.83,3.83,1e-06,1e-06,TOR,TOR,0.9,0.4,0.326,0.311
WAS202206290,2022-06-29,WAS,PIT,2,2,2.76,2.64,1e-06,1e-06,WAS,WAS,0.1,0.2,0.301,0.28
SEA202206290,2022-06-29,SEA,BAL,0,0,3.73,4.34,1e-06,1e-06,SEA,SEA,0.1,0.3,0.305,0.304
CLE202206290,2022-06-29,CLE,MIN,2,0,3.38,3.56,1e-06,1e-06,CLE,CLE,0.4,0.7,0.319,0.309
KCA202206290,2022-06-29,KCA,TEX,1,0,3.68,4.46,1e-06,1e-06,KCA,KCA,0.8,0.6,0.318,0.296
NYA202206290,2022-06-29,NYA,OAK,2,3,3.91,3.98,1e-06,1e-06,NYA,NYA,1.1,0.4,0.325,0.283
ANA202206290,2022-06-29,ANA,CHA,2,0,2.33,3.54,1e-06,1e-06,ANA,ANA,0.3,0.9,0.308,0.311
COL202206290,2022-06-29,COL,LAN,0,1,4.95,2.16,1e-06,1e-06,COL,COL,1.0,0.4,0.345,0.33
CHN202206290,2022-06-29,CHN,CIN,1,0,3.18,4.44,1e-06,1e-06,CHN,CHN,0.6,0.0,0.322,0.287
PHI202206290,2022-06-29,PHI,ATL,0,0,3.65,3.19,1e-06,1e-06,PHI,PHI,0.9,0.9,0.325,0.309
SFN202206290,2022-06-29,SFN,DET,1,0,5.1,4.41,1e-06,1e-06,SFN,SFN,0.4,0.3,0.322,0.281
CLE202206300,2022-06-30,CLE,MIN,0,0,1.36,3.32,1e-06,1e-06,CLE,CLE,0.6,0.4,0.319,0.309
PIT202206300,2022-06-30,PIT,MIL,0,0,4.69,3.78,305.44483751928374,1429.1664141131923,WAS,TBA,0.3,0.4,0.303,0.307
HOU202206300,2022-06-30,HOU,NYA,0,0,,3.18,2282.180747677387,2282.180747677387,NYN,NYA,1.0,0.5,0.329,0.318
TOR202206300,2022-06-30,TOR,TBA,0,0,5.19,4.5,1e-06,1789.459752085548,TOR,TBA,0.8,0.3,0.326,0.303
LAN202206300,2022-06-30,LAN,SDN,0,1,1.14,2.93,1336.5596902131042,574.8341159449532,COL,ARI,0.5,0.2,0.335,0.323
PHI202206300,2022-06-30,PHI,ATL,0,0,3.25,5.0,1e-06,1e-06,PHI,PHI,0.8,0.9,0.325,0.309
SEA202206300,2022-06-30,SEA,OAK,1,0,3.2,6.24,1e-06,3865.3953610333656,SEA,NYA,0.1,0.6,0.305,0.283
CHN202206300,2022-06-30,CHN,CIN,1,0,4.8,4.89,1e-06,1e-06,CHN,CHN,0.6,0.0,0.322,0.287
MIN202207010,2022-07-01,MIN,BAL,1,0,5.59,2.54,1013.2251113855248,2238.4089622775527,CLE,SEA,0.9,0.3,0.325,0.304
PHI202207010,2022-07-01,PHI,SLN,0,1,3.18,3.29,1e-06,1300.629186583633,PHI,SLN,0.3,0.8,0.325,0.322
TOR202207010,2022-07-01,TOR,TBA,0,0,5.23,4.34,1e-06,1e-06,TOR,TOR,0.7,0.3,0.326,0.303
CHN202207010,2022-07-01,CHN,BOS,0,1,3.12,5.84,1e-06,700.98343821047,CHN,TOR,0.6,0.4,0.322,0.311
NYN202207010,2022-07-01,NYN,TEX,0,0,3.83,4.64,1e-06,1759.8286951805926,NYN,KCA,0.8,0.6,0.329,0.296
SEA202207010,2022-07-01,SEA,OAK,0,0,4.13,4.23,1e-06,1e-06,SEA,SEA,0.2,0.5,0.305,0.283
DET202207010,2022-07-01,DET,KCA,0,0,5.79,5.09,3357.960642412695,1034.95696626315,SFN,KCA,1.0,0.6,0.292,0.296
CIN202207010,2022-07-01,CIN,ATL,0,2,6.06,2.48,406.2527329885922,807.0437326700402,CHN,PHI,0.9,0.9,0.321,0.309
COL202207010,2022-07-01,COL,ARI,0,2,5.07,3.37,1e-06,942.6579354569092,COL,ARI,1.0,0.3,0.345,0.301
SFN202207010,2022-07-01,SFN,CHA,0,0,2.53,3.06,1e-06,599.2380275896384,SFN,ANA,0.5,0.9,0.322,0.311
PIT202207010,2022-07-01,PIT,MIL,0,0,3.79,2.94,1e-06,1e-06,PIT,PIT,0.3,0.3,0.303,0.307
LAN202207010,2022-07-01,LAN,SDN,0,0,2.14,4.43,1e-06,1e-06,LAN,LAN,0.5,0.3,0.335,0.323
WAS202207010,2022-07-01,WAS,MIA,0,0,5.02,5.47,1e-06,1142.2462660488457,WAS,SLN,0.3,0.4,0.301,0.286
HOU202207010,2022-07-01,HOU,ANA,0,1,2.54,4.24,1e-06,2169.9670210701,HOU,ANA,1.0,0.0,0.329,0.286
WAS202207020,2022-07-02,WAS,MIA,0,2,5.14,4.04,1e-06,1e-06,WAS,WAS,0.3,0.4,0.301,0.286
DET202207020,2022-07-02,DET,KCA,1,2,3.49,3.23,1e-06,1e-06,DET,DET,1.0,0.6,0.292,0.296
TOR202207022,2022-07-02,TOR,TBA,0,1,19.29,3.34,1e-06,1e-06,TOR,TOR,0.7,0.3,0.326,0.303
PHI202207020,2022-07-02,PHI,SLN,0,5,3.0,1.25,1e-06,1e-06,PHI,PHI,0.3,0.9,0.325,0.322
PIT202207020,2022-07-02,PIT,MIL,0,1,5.52,4.44,1e-06,1e-06,PIT,PIT,0.3,0.3,0.303,0.307
HOU202207020,2022-07-02,HOU,ANA,3,0,3.94,2.91,1e-06,1e-06,HOU,HOU,0.9,0.1,0.329,0.286
TOR202207021,2022-07-02,TOR,TBA,1,0,7.5,2.54,1e-06,1e-06,TOR,TOR,0.6,0.1,0.326,0.303
CLE202207022,2022-07-02,CLE,NYA,1,0,4.92,2.44,1e-06,1e-06,CLE,CLE,0.6,0.5,0.319,0.318
COL202207020,2022-07-02,COL,ARI,4,0,5.56,9.2,1e-06,1e-06,COL,COL,0.7,0.5,0.345,0.301
MIN202207020,2022-07-02,MIN,BAL,0,0,4.43,2.54,1e-06,1e-06,MIN,MIN,0.7,0.3,0.325,0.304
CHN202207020,2022-07-02,CHN,BOS,0,0,3.99,5.89,1e-06,1e-06,CHN,CHN,0.6,0.5,0.322,0.311
NYN202207020,2022-07-02,NYN,TEX,2,0,3.21,2.89,1e-06,1e-06,NYN,NYN,0.8,0.6,0.329,0.296
SEA202207020,2022-07-02,SEA,OAK,0,1,3.64,4.53,1e-06,1e-06,SEA,SEA,0.2,0.5,0.305,0.283
CLE202207021,2022-07-02,CLE,NYA,0,0,4.54,3.5,1e-06,1793.7234420980124,CLE,HOU,0.7,0.2,0.319,0.318
SFN202207020,2022-07-02,SFN,CHA,1,0,2.9,2.2,1e-06,1e-06,SFN,SFN,0.5,0.5,0.322,0.311
LAN202207020,2022-07-02,LAN,SDN,3,0,2.57,3.1,1e-06,1e-06,LAN,LAN,0.5,0.3,0.335,0.323
CIN202207020,2022-07-02,CIN,ATL,0,0,4.4,2.67,1e-06,1e-06,CIN,CIN,0.8,0.8,0.321,0.309
COL202207030,2022-07-03,COL,ARI,0,0,4.91,5.22,1e-06,1e-06,COL,COL,1.1,0.5,0.345,0.301
NYN202207030,2022-07-03,NYN,TEX,1,0,3.97,3.96,1e-06,1e-06,NYN,NYN,0.7,0.6,0.329,0.296
DET202207030,2022-07-03,DET,KCA,0,0,3.52,3.58,1e-06,1e-06,DET,DET,1.0,0.8,0.292,0.296
PIT202207030,2022-07-03,PIT,MIL,0,0,5.18,3.05,1e-06,1e-06,PIT,PIT,0.3,0.4,0.303,0.307
HOU202207030,2022-07-03,HOU,ANA,0,0,2.98,3.61,1e-06,1e-06,HOU,HOU,1.1,0.1,0.329,0.286
SEA202207030,2022-07-03,SEA,OAK,1,0,3.71,4.05,1e-06,1e-06,SEA,SEA,0.2,0.6,0.305,0.283
CHN202207030,2022-07-03,CHN,BOS,1,0,4.22,4.99,1e-06,1e-06,CHN,CHN,0.5,0.4,0.322,0.311
PHI202207030,2022-07-03,PHI,SLN,0,0,2.82,3.71,1e-06,1e-06,PHI,PHI,0.2,1.4,0.325,0.322
WAS202207030,2022-07-03,WAS,MIA,0,0,2.76,4.31,1e-06,1e-06,WAS,WAS,0.3,0.2,0.301,0.286
LAN202207030,2022-07-03,LAN,SDN,1,0,3.75,3.47,1e-06,1e-06,LAN,LAN,0.8,0.3,0.335,0.323
CLE202207030,2022-07-03,CLE,NYA,0,0,2.96,3.48,1e-06,1e-06,CLE,CLE,0.4,0.2,0.319,0.318
TOR202207030,2022-07-03,TOR,TBA,0,1,3.01,5.0,1e-06,1e-06,TOR,TOR,0.7,0.1,0.326,0.303
MIN202207030,2022-07-03,MIN,BAL,0,0,3.71,4.25,1e-06,1e-06,MIN,MIN,0.6,0.3,0.325,0.304
SFN202207030,2022-07-03,SFN,CHA,0,0,5.76,4.9,1e-06,1e-06,SFN,SFN,0.4,0.3,0.322,0.311
CIN202207030,2022-07-03,CIN,ATL,0,0,4.91,2.06,1e-06,1e-06,CIN,CIN,0.4,0.8,0.321,0.309
LAN202207040,2022-07-04,LAN,COL,0,0,2.16,4.53,1e-06,1336.5596902131042,LAN,COL,0.9,0.2,0.335,0.284
CIN202207040,2022-07-04,CIN,NYN,0,0,4.44,3.49,1e-06,913.3322258208744,CIN,NYN,0.4,0.1,0.321,0.334
WAS202207040,2022-07-04,WAS,MIA,0,0,3.3,8.36,1e-06,1e-06,WAS,WAS,0.3,0.2,0.301,0.286
ATL202207040,2022-07-04,ATL,SLN,1,0,4.15,4.45,595.1171397463928,1071.2330338826837,CIN,PHI,0.3,1.4,0.323,0.322
CHA202207040,2022-07-04,CHA,MIN,0,0,6.08,4.43,2984.5094702126535,571.0232496384983,SFN,MIN,0.2,0.2,0.31,0.309
BOS202207040,2022-07-04,BOS,TBA,0,0,5.47,6.43,1365.5064971534737,691.6136251477402,CHN,TOR,0.5,0.2,0.331,0.303
BAL202207040,2022-07-04,BAL,TEX,0,0,3.49,1.95,1508.338155320694,272.81937803481173,MIN,NYN,0.7,0.6,0.307,0.296
HOU202207040,2022-07-04,HOU,KCA,0,2,1.15,2.18,1e-06,1780.0976623230767,HOU,DET,1.1,0.8,0.329,0.296
MIL202207040,2022-07-04,MIL,CHN,0,0,2.95,2.54,722.0054120555708,132.54357794550742,PIT,CHN,1.0,0.1,0.324,0.301
ARI202207040,2022-07-04,ARI,SFN,2,2,4.88,2.88,942.6579354569092,1050.993394248722,COL,SFN,0.2,0.6,0.307,0.309
OAK202207040,2022-07-04,OAK,TOR,3,0,3.98,2.24,1089.6592015072615,3630.644600855592,SEA,TOR,0.3,0.6,0.278,0.331
DET202207042,2022-07-04,DET,CLE,0,0,4.81,2.69,1e-06,1e-06,DET,DET,1.0,0.5,0.292,0.31
DET202207041,2022-07-04,DET,CLE,2,0,4.03,4.31,1e-06,145.52553501827433,DET,CLE,0.8,0.2,0.292,0.31
SDN202207040,2022-07-04,SDN,SEA,0,2,4.96,3.73,179.52869961196944,1711.8059777853623,LAN,SEA,0.6,0.4,0.308,0.322
HOU202207050,2022-07-05,HOU,KCA,0,1,,3.68,1e-06,1e-06,HOU,HOU,1.0,0.8,0.329,0.296
ATL202207050,2022-07-05,ATL,SLN,5,1,5.0,3.17,1e-06,1e-06,ATL,ATL,0.4,1.4,0.323,0.322
BOS202207050,2022-07-05,BOS,TBA,2,3,4.56,3.8,1e-06,1e-06,BOS,BOS,0.5,0.2,0.331,0.303
BAL202207050,2022-07-05,BAL,TEX,0,0,3.9,1.95,1e-06,1e-06,BAL,BAL,0.5,0.6,0.307,0.296
LAN202207050,2022-07-05,LAN,COL,0,0,3.47,4.95,1e-06,1e-06,LAN,LAN,0.7,0.2,0.335,0.284
PIT202207050,2022-07-05,PIT,NYA,0,0,2.93,3.91,1e-06,186.24975562107616,PIT,CLE,0.3,0.1,0.303,0.318
DET202207050,2022-07-05,DET,CLE,0,1,4.53,3.38,1e-06,1e-06,DET,DET,0.9,0.2,0.292,0.31
MIA202207050,2022-07-05,MIA,ANA,0,0,2.28,3.94,1489.628641346009,1555.6920636215998,WAS,HOU,0.5,0.1,0.302,0.286
CHA202207050,2022-07-05,CHA,MIN,0,0,3.54,4.7,1e-06,1e-06,CHA,CHA,0.2,0.2,0.31,0.309
SDN202207050,2022-07-05,SDN,SEA,0,0,4.33,3.2,1e-06,1e-06,SDN,SDN,0.6,0.6,0.308,0.322
ARI202207050,2022-07-05,ARI,SFN,0,0,4.11,4.01,1e-06,1e-06,ARI,ARI,0.4,0.7,0.307,0.309
PHI202207050,2022-07-05,PHI,WAS,1,0,5.63,4.84,1e-06,197.2342958595587,PHI,WAS,0.1,0.6,0.325,0.319
CIN202207050,2022-07-05,CIN,NYN,0,0,4.91,3.6,1e-06,1e-06,CIN,CIN,0.1,0.1,0.321,0.334
MIL202207050,2022-07-05,MIL,CHN,2,0,5.4,5.03,1e-06,1e-06,MIL,MIL,0.9,0.1,0.324,0.301
OAK202207050,2022-07-05,OAK,TOR,2,0,6.24,5.19,1e-06,1e-06,OAK,OAK,0.6,0.6,0.278,0.331
LAN202207060,2022-07-06,LAN,COL,0,0,3.75,1.79,1e-06,1e-06,LAN,LAN,0.7,0.2,0.335,0.284
DET202207060,2022-07-06,DET,CLE,0,0,5.79,2.88,1e-06,1e-06,DET,DET,0.9,0.3,0.292,0.31
MIA202207060,2022-07-06,MIA,ANA,1,0,5.47,2.33,1e-06,1e-06,MIA,MIA,0.5,0.1,0.302,0.286
OAK202207060,2022-07-06,OAK,TOR,0,0,3.33,2.8,1e-06,1e-06,OAK,OAK,0.8,0.4,0.278,0.331
ARI202207060,2022-07-06,ARI,SFN,1,0,2.85,3.18,1e-06,1e-06,ARI,ARI,0.4,0.7,0.307,0.309
ATL202207060,2022-07-06,ATL,SLN,0,0,2.48,3.29,1e-06,1e-06,ATL,ATL,0.7,1.3,0.323,0.322
MIL202207060,2022-07-06,MIL,CHN,0,0,5.22,3.38,1e-06,1e-06,MIL,MIL,1.1,0.1,0.324,0.301
BOS202207060,2022-07-06,BOS,TBA,0,1,4.71,4.34,1e-06,1e-06,BOS,BOS,0.6,0.5,0.331,0.303
PHI202207060,2022-07-06,PHI,WAS,0,0,3.25,5.02,1e-06,1e-06,PHI,PHI,0.2,0.6,0.325,0.319
CIN202207060,2022-07-06,CIN,NYN,0,1,5.4,2.06,1e-06,1e-06,CIN,CIN,0.1,0.1,0.321,0.334
PIT202207060,2022-07-06,PIT,NYA,0,0,3.91,3.18,1e-06,1e-06,PIT,PIT,0.2,0.1,0.303,0.318
HOU202207060,2022-07-06,HOU,KCA,0,3,2.54,5.09,1e-06,1e-06,HOU,HOU,0.8,0.8,0.329,0.296
BAL202207060,2022-07-06,BAL,TEX,0,0,4.7,4.64,1e-06,1e-06,BAL,BAL,0.5,0.3,0.307,0.296
CHA202207060,2022-07-06,CHA,MIN,1,1,4.6,2.21,1e-06,1e-06,CHA,CHA,0.2,0.2,0.31,0.309
SDN202207070,2022-07-07,SDN,SFN,0,0,2.94,3.74,1e-06,481.0116378281714,SDN,ARI,0.6,0.7,0.308,0.309
NYN202207070,2022-07-07,NYN,MIA,0,0,3.21,4.04,913.3322258208744,1756.5620451799746,CIN,MIA,0.8,0.2,0.329,0.286
ARI202207070,2022-07-07,ARI,COL,0,2,4.66,3.47,1e-06,574.8341159449532,ARI,LAN,0.3,0.2,0.307,0.284
SEA202207070,2022-07-07,SEA,TOR,2,0,4.13,6.75,1711.8059777853623,1089.6592015072615,SDN,OAK,0.2,0.4,0.305,0.331
ATL202207070,2022-07-07,ATL,SLN,0,0,3.5,1.25,1e-06,1e-06,ATL,ATL,0.7,1.3,0.323,0.322
LAN202207070,2022-07-07,LAN,CHN,1,0,2.14,3.99,1e-06,2799.844413597458,LAN,MIL,0.4,0.0,0.335,0.301
PHI202207070,2022-07-07,PHI,WAS,0,1,4.85,7.1,1e-06,1e-06,PHI,PHI,0.2,0.4,0.325,0.319
HOU202207070,2022-07-07,HOU,KCA,0,0,1.75,5.58,1e-06,1e-06,HOU,HOU,0.8,1.1,0.329,0.296
BAL202207070,2022-07-07,BAL,ANA,0,0,4.42,6.59,1e-06,1539.1317139517298,BAL,MIA,0.4,0.1,0.307,0.286
CIN202207071,2022-07-07,CIN,PIT,0,0,6.06,3.79,1e-06,1e-06,CIN,CIN,0.1,0.4,0.321,0.28
CIN202207072,2022-07-07,CIN,PIT,0,0,6.32,5.52,1e-06,415.25842934625814,CIN,PIT,0.1,0.4,0.321,0.28
CHA202207070,2022-07-07,CHA,DET,0,0,2.2,4.19,1e-06,380.91207013286544,CHA,DET,0.2,0.3,0.31,0.281
BOS202207070,2022-07-07,BOS,NYA,0,0,5.89,3.5,1e-06,773.5078082361433,BOS,PIT,0.5,0.1,0.331,0.318
LAN202207080,2022-07-08,LAN,CHN,0,0,1.14,4.22,1e-06,1e-06,LAN,LAN,0.5,0.0,0.335,0.301
CIN202207080,2022-07-08,CIN,TBA,0,0,6.36,2.25,1e-06,1188.7504512902326,CIN,BOS,0.0,0.6,0.321,0.303
TEX202207080,2022-07-08,TEX,MIN,0,2,3.96,3.08,1968.7690954443951,1309.650558347085,BAL,CHA,0.1,0.2,0.306,0.309
CHA202207080,2022-07-08,CHA,DET,2,0,4.9,3.52,1e-06,1e-06,CHA,CHA,0.1,0.3,0.31,0.281
BAL202207080,2022-07-08,BAL,ANA,0,0,3.05,2.47,1e-06,1e-06,BAL,BAL,0.4,0.1,0.307,0.286
SEA202207080,2022-07-08,SEA,TOR,0,0,5.68,7.5,1e-06,1e-06,SEA,SEA,0.4,0.4,0.305,0.331
ARI202207080,2022-07-08,ARI,COL,1,1,4.4,5.72,1e-06,1e-06,ARI,ARI,0.3,0.4,0.307,0.284
ATL202207080,2022-07-08,ATL,WAS,1,0,4.34,5.81,1e-06,1071.2330338826837,ATL,PHI,0.7,0.5,0.323,0.319
SLN202207080,2022-07-08,SLN,PHI,0,0,3.71,2.82,751.930362209131,1300.629186583633,ATL,PHI,0.7,0.2,0.326,0.304
BOS202207080,2022-07-08,BOS,NYA,2,4,11.29,4.03,1e-06,1e-06,BOS,BOS,0.5,0.1,0.331,0.318
SDN202207080,2022-07-08,SDN,SFN,3,0,3.38,3.61,1e-06,1e-06,SDN,SDN,0.6,0.6,0.308,0.309
NYN202207080,2022-07-08,NYN,MIA,0,0,3.42,3.75,1e-06,1e-06,NYN,NYN,0.7,0.2,0.329,0.286
MIL202207080,2022-07-08,MIL,PIT,0,0,4.44,4.69,1e-06,525.1892238126902,MIL,CIN,1.0,0.4,0.324,0.28
KCA202207080,2022-07-08,KCA,CLE,0,0,2.18,2.32,1040.8267966673652,1034.95696626315,HOU,DET,0.6,0.3,0.318,0.31
OAK202207080,2022-07-08,OAK,HOU,0,0,4.28,3.94,1e-06,2629.671879056886,OAK,HOU,0.8,1.5,0.278,0.308
OAK202207090,2022-07-09,OAK,HOU,0,0,6.79,2.82,1e-06,1e-06,OAK,OAK,0.7,1.5,0.278,0.308
ARI202207090,2022-07-09,ARI,COL,3,1,4.88,4.53,1e-06,1e-06,ARI,ARI,0.4,0.5,0.307,0.284
CIN202207090,2022-07-09,CIN,TBA,0,0,3.83,5.48,1e-06,1e-06,CIN,CIN,0.0,0.6,0.321,0.303
TEX202207090,2022-07-09,TEX,MIN,0,0,1.95,1.86,1e-06,1e-06,TEX,TEX,0.1,0.4,0.306,0.309
BAL202207090,2022-07-09,BAL,ANA,0,0,3.23,2.91,1e-06,1e-06,BAL,BAL,0.2,0.1,0.307,0.286
CHA202207090,2022-07-09,CHA,DET,3,0,3.35,4.03,1e-06,1e-06,CHA,CHA,0.3,0.3,0.31,0.281
MIL202207090,2022-07-09,MIL,PIT,0,0,2.95,2.64,1e-06,1e-06,MIL,MIL,1.0,0.4,0.324,0.28
NYN202207090,2022-07-09,NYN,MIA,0,0,3.81,4.31,1e-06,1e-06,NYN,NYN,0.4,0.2,0.329,0.286
ATL202207090,2022-07-09,ATL,WAS,2,0,3.19,6.31,1e-06,1e-06,ATL,ATL,0.8,0.5,0.323,0.319
KCA202207090,2022-07-09,KCA,CLE,0,2,5.28,2.96,1e-06,1e-06,KCA,KCA,0.6,0.3,0.318,0.31
BOS202207090,2022-07-09,BOS,NYA,0,0,4.99,2.72,1e-06,1e-06,BOS,BOS,0.6,0.4,0.331,0.318
LAN202207090,2022-07-09,LAN,CHN,0,0,2.28,4.22,1e-06,1e-06,LAN,LAN,0.5,0.0,0.335,0.301
SEA202207090,2022-07-09,SEA,TOR,0,0,4.44,2.24,1e-06,1e-06,SEA,SEA,0.4,0.4,0.305,0.331
SLN202207090,2022-07-09,SLN,PHI,0,0,3.05,3.18,1e-06,1e-06,SLN,SLN,0.7,0.2,0.326,0.304
SDN202207090,2022-07-09,SDN,SFN,0,0,3.72,2.88,1e-06,1e-06,SDN,SDN,0.8,0.5,0.308,0.309
ARI202207100,2022-07-10,ARI,COL,1,0,5.29,4.95,1e-06,1e-06,ARI,ARI,0.7,0.5,0.307,0.284
SDN202207100,2022-07-10,SDN,SFN,0,0,4.5,5.1,1e-06,1e-06,SDN,SDN,0.8,0.3,0.308,0.309
SEA202207100,2022-07-10,SEA,TOR,0,1,4.17,2.8,1e-06,1e-06,SEA,SEA,0.4,0.4,0.305,0.331
KCA202207100,2022-07-10,KCA,CLE,0,0,3.68,4.31,1e-06,1e-06,KCA,KCA,0.3,0.4,0.318,0.31
BOS202207100,2022-07-10,BOS,NYA,0,2,3.73,4.46,1e-06,1e-06,BOS,BOS,0.6,0.4,0.331,0.318
TEX202207100,2022-07-10,TEX,MIN,0,1,1.97,4.89,1e-06,1e-06,TEX,TEX,0.1,0.3,0.306,0.309
LAN202207100,2022-07-10,LAN,CHN,3,5,4.72,3.99,1e-06,1e-06,LAN,LAN,0.5,0.0,0.335,0.301
MIL202207100,2022-07-10,MIL,PIT,0,0,4.14,4.26,1e-06,1e-06,MIL,MIL,0.8,0.2,0.324,0.28
SLN202207100,2022-07-10,SLN,PHI,0,1,4.84,3.0,1e-06,1e-06,SLN,SLN,0.7,0.0,0.326,0.304
OAK202207100,2022-07-10,OAK,HOU,0,1,3.98,4.4,1e-06,1e-06,OAK,OAK,0.7,1.4,0.278,0.308
BAL202207100,2022-07-10,BAL,ANA,0,0,4.34,3.96,1e-06,1e-06,BAL,BAL,0.2,0.1,0.307,0.286
CIN202207100,2022-07-10,CIN,TBA,0,0,3.66,5.0,1e-06,1e-06,CIN,CIN,0.0,0.6,0.321,0.303
ATL202207100,2022-07-10,ATL,WAS,0,0,2.6,5.22,1e-06,1e-06,ATL,ATL,1.0,0.5,0.323,0.319
NYN202207100,2022-07-10,NYN,MIA,0,0,2.42,3.55,1e-06,1e-06,NYN,NYN,0.4,0.2,0.329,0.286
CHA202207100,2022-07-10,CHA,DET,0,2,3.18,3.39,1e-06,1e-06,CHA,CHA,0.6,0.3,0.31,0.281
KCA202207112,2022-07-11,KCA,DET,1,1,1.64,5.53,1e-06,1e-06,KCA,KCA,0.2,0.4,0.318,0.281
ATL202207110,2022-07-11,ATL,NYN,0,0,2.48,2.29,1e-06,1200.4511584455877,ATL,NYN,0.9,0.2,0.323,0.334
TEX202207110,2022-07-11,TEX,OAK,0,0,7.41,6.24,1e-06,2350.5503898425545,TEX,OAK,0.1,0.6,0.306,0.283
SFN202207110,2022-07-11,SFN,ARI,0,0,3.73,3.37,738.1265117326025,1050.993394248722,SDN,ARI,0.4,0.5,0.322,0.301
TBA202207110,2022-07-11,TBA,BOS,2,0,1.8,4.99,1273.7149085846368,1926.694381718032,CIN,BOS,0.7,0.1,0.311,0.311
MIA202207110,2022-07-11,MIA,PIT,0,2,5.47,3.91,1756.5620451799746,2045.0709343750696,NYN,MIL,0.6,0.2,0.302,0.28
KCA202207111,2022-07-11,KCA,DET,0,0,5.09,5.79,1e-06,663.9206411727051,KCA,CHA,0.3,0.3,0.318,0.281
CLE202207110,2022-07-11,CLE,CHA,5,0,3.38,3.99,1123.5230318083022,494.38381964269325,KCA,CHA,0.4,0.3,0.319,0.311
COL202207110,2022-07-11,COL,SDN,0,1,5.01,4.96,942.6579354569092,1340.79250926624,ARI,SDN,1.1,0.1,0.345,0.323
SLN202207110,2022-07-11,SLN,PHI,0,1,3.29,3.25,1e-06,1e-06,SLN,SLN,0.4,0.1,0.326,0.304
SLN202207120,2022-07-12,SLN,LAN,0,0,3.21,5.45,1e-06,2553.1974748902726,SLN,LAN,0.4,0.5,0.326,0.33
ATL202207120,2022-07-12,ATL,NYN,0,0,3.5,3.83,1e-06,1e-06,ATL,ATL,0.9,0.2,0.323,0.334
CHN202207120,2022-07-12,CHN,BAL,1,0,3.11,4.42,2804.824680217871,972.7856247406662,LAN,BAL,0.6,0.2,0.322,0.304
NYA202207120,2022-07-12,NYA,CIN,2,0,2.54,6.32,306.2037667286439,913.3322258208744,BOS,CIN,0.8,0.0,0.325,0.287
CLE202207122,2022-07-12,CLE,CHA,0,2,3.88,2.2,1e-06,1e-06,CLE,CLE,0.9,0.0,0.319,0.311
ANA202207120,2022-07-12,ANA,HOU,1,2,2.47,3.72,3703.3736830857606,592.0809005913671,BAL,OAK,0.3,1.5,0.308,0.308
SFN202207120,2022-07-12,SFN,ARI,4,0,2.9,9.2,1e-06,1e-06,SFN,SFN,0.4,0.5,0.322,0.301
TEX202207120,2022-07-12,TEX,OAK,2,0,5.22,5.84,1e-06,1e-06,TEX,TEX,0.1,0.6,0.306,0.283
KCA202207120,2022-07-12,KCA,DET,1,0,3.58,4.19,1e-06,1e-06,KCA,KCA,0.3,0.3,0.318,0.281
TOR202207120,2022-07-12,TOR,PHI,2,0,5.23,6.09,3325.1452076248356,1062.9448026030143,SEA,SLN,0.7,0.2,0.326,0.304
COL202207120,2022-07-12,COL,SDN,0,0,5.56,4.33,1e-06,1e-06,COL,COL,1.1,0.2,0.345,0.323
MIN202207120,2022-07-12,MIN,MIL,0,2,4.7,3.86,1396.7696185124962,476.3851219130703,TEX,MIL,0.6,0.2,0.325,0.307
TBA202207120,2022-07-12,TBA,BOS,0,0,4.34,3.83,1e-06,1e-06,TBA,TBA,0.6,0.1,0.311,0.311
CLE202207121,2022-07-12,CLE,CHA,0,0,2.88,4.83,1e-06,1e-06,CLE,CLE,0.9,0.2,0.319,0.311
MIA202207120,2022-07-12,MIA,PIT,0,0,4.04,4.58,1e-06,1e-06,MIA,MIA,0.6,0.4,0.302,0.28
ANA202207130,2022-07-13,ANA,HOU,0,0,2.33,2.54,1e-06,1e-06,ANA,ANA,0.3,1.1,0.308,0.308
ATL202207130,2022-07-13,ATL,NYN,0,0,4.34,3.42,1e-06,1e-06,ATL,ATL,0.9,0.2,0.323,0.334
TEX202207130,2022-07-13,TEX,OAK,5,0,3.96,4.28,1e-06,1e-06,TEX,TEX,0.2,0.4,0.306,0.283
SLN202207130,2022-07-13,SLN,LAN,0,0,3.05,3.75,1e-06,1e-06,SLN,SLN,0.4,0.5,0.326,0.33
SFN202207130,2022-07-13,SFN,ARI,0,0,2.53,4.66,1e-06,1e-06,SFN,SFN,0.8,0.5,0.322,0.301
CHN202207130,2022-07-13,CHN,BAL,0,3,3.18,4.7,1e-06,1e-06,CHN,CHN,0.6,0.2,0.322,0.304
CLE202207130,2022-07-13,CLE,CHA,0,0,2.32,4.9,1e-06,1e-06,CLE,CLE,0.9,0.2,0.319,0.311
TBA202207130,2022-07-13,TBA,BOS,0,0,2.54,5.89,1e-06,1e-06,TBA,TBA,0.6,0.1,0.311,0.311
KCA202207130,2022-07-13,KCA,DET,0,1,3.23,3.52,1e-06,1e-06,KCA,KCA,0.4,0.3,0.318,0.281
MIN202207130,2022-07-13,MIN,MIL,0,0,1.86,5.22,1e-06,1e-06,MIN,MIN,0.6,0.4,0.325,0.307
TOR202207130,2022-07-13,TOR,PHI,0,0,3.01,2.82,1e-06,1e-06,TOR,TOR,0.9,0.2,0.326,0.304
COL202207130,2022-07-13,COL,SDN,0,1,5.43,6.75,1e-06,1e-06,COL,COL,0.8,0.2,0.345,0.323
WAS202207132,2022-07-13,WAS,SEA,0,0,5.81,5.4,1e-06,1e-06,WAS,WAS,0.3,0.5,0.301,0.322
WAS202207131,2022-07-13,WAS,SEA,0,3,5.02,3.73,874.0887985860761,3737.7812997837673,ATL,SEA,0.3,0.5,0.301,0.322
MIA202207130,2022-07-13,MIA,PIT,0,0,2.77,2.61,1e-06,1e-06,MIA,MIA,0.3,0.4,0.302,0.28
NYA202207130,2022-07-13,NYA,CIN,0,1,2.29,1.84,1e-06,1e-06,NYA,NYA,1.0,0.0,0.325,0.287
MIA202207140,2022-07-14,MIA,PIT,0,0,3.55,4.38,1e-06,1e-06,MIA,MIA,0.3,0.4,0.302,0.28
TBA202207140,2022-07-14,TBA,BOS,0,0,10.8,2.22,1e-06,1e-06,TBA,TBA,0.6,0.1,0.311,0.311
CHN202207140,2022-07-14,CHN,NYN,0,1,3.76,3.97,1e-06,947.8182724063668,CHN,ATL,0.6,0.2,0.322,0.334
ANA202207140,2022-07-14,ANA,HOU,0,2,3.84,2.98,1e-06,1e-06,ANA,ANA,0.3,0.8,0.308,0.308
WAS202207140,2022-07-14,WAS,ATL,1,2,4.28,3.19,1e-06,874.0887985860761,WAS,ATL,0.3,0.7,0.301,0.309
SLN202207140,2022-07-14,SLN,LAN,0,0,4.45,2.57,1e-06,1e-06,SLN,SLN,0.2,0.4,0.326,0.33
CLE202207140,2022-07-14,CLE,DET,0,0,2.96,10.62,1e-06,1123.5230318083022,CLE,KCA,0.8,0.4,0.319,0.281
COL202207140,2022-07-14,COL,SDN,0,0,7.61,2.94,1e-06,1e-06,COL,COL,0.6,0.3,0.345,0.323
MIN202207140,2022-07-14,MIN,CHA,0,2,3.08,3.35,1e-06,1013.2251113855248,MIN,CLE,0.6,0.2,0.325,0.311
NYA202207140,2022-07-14,NYA,CIN,0,0,2.67,6.32,1e-06,1e-06,NYA,NYA,0.9,0.1,0.325,0.287
SFN202207140,2022-07-14,SFN,MIL,0,0,2.53,4.14,1e-06,2544.035408277149,SFN,MIN,0.8,0.4,0.322,0.307
TOR202207140,2022-07-14,TOR,KCA,0,0,3.35,1.64,1e-06,1362.7751953099455,TOR,KCA,0.7,1.1,0.326,0.296
TEX202207140,2022-07-14,TEX,SEA,3,0,5.22,4.17,1e-06,1924.2853661298936,TEX,WAS,0.7,0.8,0.306,0.322
HOU202207150,2022-07-15,HOU,OAK,0,0,3.94,3.98,2169.9670210701,368.5990384284446,ANA,TEX,0.7,0.4,0.329,0.283
SDN202207150,2022-07-15,SDN,ARI,0,1,3.1,4.88,1340.79250926624,738.1265117326025,COL,SFN,0.4,0.5,0.308,0.301
CLE202207150,2022-07-15,CLE,DET,3,0,5.4,3.39,1e-06,1e-06,CLE,CLE,0.8,0.4,0.319,0.281
SLN202207150,2022-07-15,SLN,CIN,2,2,3.17,4.44,1e-06,1403.0288811452067,SLN,NYA,0.1,0.1,0.326,0.287
TOR202207150,2022-07-15,TOR,KCA,0,0,2.24,3.68,1e-06,1e-06,TOR,TOR,0.6,0.9,0.326,0.296
ANA202207150,2022-07-15,ANA,LAN,0,2,2.91,2.28,1e-06,2530.048122245164,ANA,SLN,0.3,0.4,0.308,0.33
MIN202207150,2022-07-15,MIN,CHA,2,2,4.43,3.54,1e-06,1e-06,MIN,MIN,0.5,0.4,0.325,0.311
SFN202207150,2022-07-15,SFN,MIL,0,0,3.61,5.22,1e-06,1e-06,SFN,SFN,0.8,0.3,0.322,0.307
COL202207150,2022-07-15,COL,PIT,1,0,4.95,2.93,1e-06,2773.388608504832,COL,MIA,0.6,0.4,0.345,0.28
NYA202207150,2022-07-15,NYA,BOS,0,2,2.29,3.15,1e-06,1638.0556824552712,NYA,TBA,0.9,0.1,0.325,0.311
MIA202207150,2022-07-15,MIA,PHI,0,0,2.28,5.05,1e-06,1988.7442573540511,MIA,TOR,0.3,0.2,0.302,0.304
WAS202207150,2022-07-15,WAS,ATL,0,3,6.31,5.0,1e-06,1e-06,WAS,WAS,0.4,0.9,0.301,0.309
TEX202207150,2022-07-15,TEX,SEA,0,0,5.13,3.71,1e-06,1e-06,TEX,TEX,1.0,0.8,0.306,0.322
TBA202207150,2022-07-15,TBA,BAL,0,0,2.25,4.25,1e-06,1636.2782802002057,TBA,CHN,0.4,0.4,0.311,0.304
SDN202207160,2022-07-16,SDN,ARI,0,0,4.96,5.22,1e-06,1e-06,SDN,SDN,0.4,0.4,0.308,0.301
MIN202207160,2022-07-16,MIN,CHA,1,0,4.89,3.99,1e-06,1e-06,MIN,MIN,0.7,0.6,0.325,0.311
SLN202207160,2022-07-16,SLN,CIN,2,1,3.29,3.66,1e-06,1e-06,SLN,SLN,0.2,0.3,0.326,0.287
WAS202207160,2022-07-16,WAS,ATL,0,0,4.84,2.48,1e-06,1e-06,WAS,WAS,0.4,1.2,0.301,0.309
TEX202207160,2022-07-16,TEX,SEA,0,0,4.14,3.64,1e-06,1e-06,TEX,TEX,1.0,0.7,0.306,0.322
ANA202207160,2022-07-16,ANA,LAN,0,1,3.96,2.16,1e-06,1e-06,ANA,ANA,0.3,0.6,0.308,0.33
CLE202207160,2022-07-16,CLE,DET,3,0,3.38,5.79,1e-06,1e-06,CLE,CLE,0.9,0.4,0.319,0.281
COL202207160,2022-07-16,COL,PIT,0,0,5.01,3.91,1e-06,1e-06,COL,COL,0.6,0.2,0.345,0.28
NYA202207160,2022-07-16,NYA,BOS,4,1,3.91,4.56,1e-06,1e-06,NYA,NYA,0.6,0.3,0.325,0.311
MIA202207160,2022-07-16,MIA,PHI,0,0,7.5,3.65,1e-06,1e-06,MIA,MIA,0.3,0.2,0.302,0.304
SFN202207160,2022-07-16,SFN,MIL,0,0,3.18,3.78,1e-06,1e-06,SFN,SFN,0.8,0.3,0.322,0.307
CHN202207162,2022-07-16,CHN,NYN,0,0,3.38,5.73,1e-06,1e-06,CHN,CHN,0.4,0.3,0.322,0.334
TOR202207160,2022-07-16,TOR,KCA,0,0,2.11,3.23,1e-06,1e-06,TOR,TOR,0.3,0.8,0.326,0.296
HOU202207160,2022-07-16,HOU,OAK,0,0,1.75,5.72,1e-06,1e-06,HOU,HOU,0.7,0.4,0.329,0.283
CHN202207161,2022-07-16,CHN,NYN,0,0,3.38,2.06,1e-06,1e-06,CHN,CHN,0.4,0.2,0.322,0.334
TBA202207160,2022-07-16,TBA,BAL,1,0,1.8,2.54,1e-06,1e-06,TBA,TBA,0.4,0.4,0.311,0.304
TOR202207170,2022-07-17,TOR,KCA,0,1,3.14,4.6,1e-06,1e-06,TOR,TOR,0.3,0.8,0.326,0.296
TBA202207170,2022-07-17,TBA,BAL,2,0,4.34,4.42,1e-06,1e-06,TBA,TBA,0.5,0.4,0.311,0.304
COL202207170,2022-07-17,COL,PIT,1,1,4.91,5.14,1e-06,1e-06,COL,COL,0.5,0.2,0.345,0.28
MIA202207170,2022-07-17,MIA,PHI,0,0,5.47,3.25,1e-06,1e-06,MIA,MIA,0.2,0.2,0.302,0.304
MIN202207170,2022-07-17,MIN,CHA,0,0,4.56,2.2,1e-06,1e-06,MIN,MIN,0.8,0.6,0.325,0.311
CHN202207170,2022-07-17,CHN,NYN,0,0,4.22,3.33,1e-06,1e-06,CHN,CHN,0.4,0.2,0.322,0.334
WAS202207170,2022-07-17,WAS,ATL,0,0,4.21,2.67,1e-06,1e-06,WAS,WAS,0.3,1.2,0.301,0.309
SFN202207170,2022-07-17,SFN,MIL,1,1,2.9,4.44,1e-06,1e-06,SFN,SFN,0.6,0.3,0.322,0.307
SDN202207170,2022-07-17,SDN,ARI,0,0,4.33,3.37,1e-06,1e-06,SDN,SDN,0.4,0.3,0.308,0.301
TEX202207170,2022-07-17,TEX,SEA,0,0,4.64,5.68,1e-06,1e-06,TEX,TEX,1.0,0.7,0.306,0.322
NYA202207170,2022-07-17,NYA,BOS,3,0,3.5,3.18,1e-06,1e-06,NYA,NYA,1.0,0.4,0.325,0.311
HOU202207170,2022-07-17,HOU,OAK,1,0,2.37,3.12,1e-06,1e-06,HOU,HOU,0.3,0.4,0.329,0.283
MIA202207210,2022-07-21,MIA,TEX,0,0,3.75,3.96,1e-06,1804.0128601780743,MIA,TEX,0.2,0.2,0.302,0.296
OAK202207212,2022-07-21,OAK,DET,0,0,3.33,4.03,1e-06,1e-06,OAK,OAK,0.7,0.4,0.278,0.281
LAN202207210,2022-07-21,LAN,SFN,1,0,1.14,4.01,40.86770847173621,559.4406195325591,ANA,SFN,0.8,0.3,0.335,0.309
HOU202207211,2022-07-21,HOU,NYA,1,0,3.72,2.29,1e-06,1e-06,HOU,HOU,0.4,0.6,0.329,0.318
HOU202207212,2022-07-21,HOU,NYA,2,0,,3.61,1e-06,2282.180747677387,HOU,NYA,0.5,0.6,0.329,0.318
OAK202207211,2022-07-21,OAK,DET,0,0,6.79,3.52,2629.671879056886,3466.040146226439,HOU,CLE,0.6,0.4,0.278,0.281
ARI202207220,2022-07-22,ARI,WAS,0,0,2.54,6.31,481.0116378281714,3184.3579900386735,SDN,WAS,0.8,0.4,0.307,0.319
BAL202207220,2022-07-22,BAL,NYA,0,0,4.25,2.67,1393.7772067986984,2013.2384377541168,TBA,HOU,0.2,0.6,0.307,0.318
CIN202207220,2022-07-22,CIN,SLN,0,0,6.32,3.71,494.9532553693752,494.9532553693752,SLN,SLN,0.0,1.3,0.321,0.322
OAK202207220,2022-07-22,OAK,TEX,0,0,3.98,7.41,1e-06,4154.555160966592,OAK,MIA,0.6,0.1,0.278,0.296
ATL202207220,2022-07-22,ATL,ANA,0,0,2.13,2.33,874.0887985860761,3081.7523321745575,WAS,ANA,0.9,0.1,0.323,0.286
CHA202207220,2022-07-22,CHA,CLE,0,4,4.9,3.38,571.0232496384983,494.38381964269325,MIN,CLE,0.6,0.4,0.31,0.31
NYN202207220,2022-07-22,NYN,SDN,0,0,2.29,3.1,1144.129935670241,3907.304911865239,CHN,SDN,0.4,0.3,0.329,0.323
PIT202207220,2022-07-22,PIT,MIA,0,0,5.18,3.58,2121.7512666569423,1630.230113794326,COL,MIA,0.2,0.2,0.303,0.286
PHI202207220,2022-07-22,PHI,CHN,1,0,5.05,3.18,1644.1190984600378,1068.017024042746,MIA,CHN,0.2,0.5,0.325,0.301
BOS202207220,2022-07-22,BOS,TOR,0,1,3.87,3.35,306.2037667286439,691.6136251477402,NYA,TOR,0.6,0.4,0.331,0.331
LAN202207220,2022-07-22,LAN,SFN,1,0,2.15,3.61,1e-06,1e-06,LAN,LAN,0.9,0.3,0.335,0.309
MIL202207220,2022-07-22,MIL,COL,0,0,3.78,4.91,2954.3733541563483,1465.0252316671194,SFN,COL,0.7,0.5,0.324,0.284
SEA202207220,2022-07-22,SEA,HOU,0,1,4.13,3.94,2688.6235870338205,3039.1839825945185,TEX,HOU,0.4,1.0,0.305,0.308
KCA202207220,2022-07-22,KCA,TBA,0,0,5.09,2.84,1362.7751953099455,1680.826511683993,TOR,TBA,0.4,0.6,0.318,0.303
MIL202207230,2022-07-23,MIL,COL,0,1,3.05,5.01,1e-06,1e-06,MIL,MIL,0.6,0.5,0.324,0.284
CHA202207231,2022-07-23,CHA,CLE,0,0,2.81,2.69,1e-06,1e-06,CHA,CHA,0.6,0.7,0.31,0.31
CHA202207232,2022-07-23,CHA,CLE,0,0,6.08,5.4,1e-06,1e-06,CHA,CHA,0.6,0.7,0.31,0.31
SEA202207230,2022-07-23,SEA,HOU,0,0,3.2,1.75,1e-06,1e-06,SEA,SEA,0.4,1.1,0.305,0.308
NYN202207230,2022-07-23,NYN,SDN,0,0,3.42,3.38,1e-06,1e-06,NYN,NYN,0.3,0.3,0.329,0.323
ARI202207230,2022-07-23,ARI,WAS,1,0,4.88,4.28,1e-06,1e-06,ARI,ARI,0.8,0.4,0.307,0.319
LAN202207230,2022-07-23,LAN,SFN,0,0,2.16,5.1,1e-06,1e-06,LAN,LAN,0.7,0.2,0.335,0.309
OAK202207230,2022-07-23,OAK,TEX,0,0,3.33,5.22,1e-06,1e-06,OAK,OAK,0.6,0.1,0.278,0.296
PIT202207230,2022-07-23,PIT,MIA,0,0,2.93,4.31,1e-06,1e-06,PIT,PIT,0.2,0.2,0.303,0.286
BAL202207230,2022-07-23,BAL,NYA,0,1,1.4,3.5,1e-06,1e-06,BAL,BAL,0.1,0.6,0.307,0.318
KCA202207230,2022-07-23,KCA,TBA,0,0,2.18,4.5,1e-06,1e-06,KCA,KCA,0.3,0.6,0.318,0.303
CIN202207230,2022-07-23,CIN,SLN,0,0,6.06,5.25,1e-06,1e-06,CIN,CIN,0.0,1.1,0.321,0.322
ATL202207230,2022-07-23,ATL,ANA,2,0,3.19,2.91,1e-06,1e-06,ATL,ATL,0.8,0.1,0.323,0.286
PHI202207230,2022-07-23,PHI,CHN,0,0,3.18,2.4,1e-06,1e-06,PHI,PHI,0.3,0.5,0.325,0.301
DET202207230,2022-07-23,DET,MIN,0,1,5.79,3.55,3345.164678963249,872.516450655481,OAK,MIN,0.9,0.4,0.292,0.309
BOS202207230,2022-07-23,BOS,TOR,0,0,5.47,2.24,1e-06,1e-06,BOS,BOS,0.5,0.5,0.331,0.331
SEA202207240,2022-07-24,SEA,HOU,0,2,3.71,2.82,1e-06,1e-06,SEA,SEA,0.4,1.0,0.305,0.308
NYN202207240,2022-07-24,NYN,SDN,0,0,3.33,2.93,1e-06,1e-06,NYN,NYN,0.3,0.3,0.329,0.323
BAL202207240,2022-07-24,BAL,NYA,0,0,3.23,2.44,1e-06,1e-06,BAL,BAL,0.1,0.7,0.307,0.318
CHA202207240,2022-07-24,CHA,CLE,0,0,2.2,2.88,1e-06,1e-06,CHA,CHA,0.6,0.7,0.31,0.31
LAN202207240,2022-07-24,LAN,SFN,1,0,1.14,4.01,1e-06,1e-06,LAN,LAN,0.6,0.2,0.335,0.309
ATL202207240,2022-07-24,ATL,ANA,0,5,5.0,3.77,1e-06,1e-06,ATL,ATL,0.5,0.0,0.323,0.286
OAK202207240,2022-07-24,OAK,TEX,0,3,4.28,2.89,1e-06,1e-06,OAK,OAK,0.5,0.0,0.278,0.296
MIL202207240,2022-07-24,MIL,COL,3,0,3.78,5.74,1e-06,1e-06,MIL,MIL,0.6,0.6,0.324,0.284
PIT202207240,2022-07-24,PIT,MIA,0,0,2.61,1.54,1e-06,1e-06,PIT,PIT,0.1,0.2,0.303,0.286
PHI202207240,2022-07-24,PHI,CHN,0,0,3.86,3.47,1e-06,1e-06,PHI,PHI,0.2,0.5,0.325,0.301
ARI202207240,2022-07-24,ARI,WAS,2,0,2.85,2.76,1e-06,1e-06,ARI,ARI,0.9,0.4,0.307,0.319
CIN202207240,2022-07-24,CIN,SLN,0,0,4.4,3.29,1e-06,1e-06,CIN,CIN,0.0,0.9,0.321,0.322
KCA202207240,2022-07-24,KCA,TBA,1,0,5.58,2.68,1e-06,1e-06,KCA,KCA,0.3,0.5,0.318,0.303
DET202207240,2022-07-24,DET,MIN,0,3,4.41,3.08,1e-06,1e-06,DET,DET,0.9,0.5,0.292,0.309
BOS202207240,2022-07-24,BOS,TOR,1,5,4.71,3.14,1e-06,1e-06,BOS,BOS,0.4,0.5,0.331,0.331
CHN202207250,2022-07-25,CHN,PIT,0,0,3.38,4.91,1068.017024042746,660.0502267315369,PHI,PIT,0.3,0.3,0.322,0.28
KCA202207250,2022-07-25,KCA,ANA,0,0,4.96,3.94,1e-06,1087.4766965335918,KCA,ATL,0.3,0.5,0.318,0.286
BOS202207250,2022-07-25,BOS,CLE,0,0,2.22,4.31,1e-06,1365.5064971534737,BOS,CHA,0.5,0.7,0.331,0.31
LAN202207250,2022-07-25,LAN,WAS,0,0,2.14,3.34,1e-06,574.8341159449532,LAN,ARI,0.7,0.4,0.335,0.319
OAK202207250,2022-07-25,OAK,HOU,0,1,6.3,4.4,1e-06,1089.6592015072615,OAK,SEA,0.2,0.8,0.278,0.308
CIN202207250,2022-07-25,CIN,MIA,0,1,3.66,5.47,1e-06,415.25842934625814,CIN,PIT,0.0,0.2,0.321,0.286
SEA202207250,2022-07-25,SEA,TEX,0,0,3.73,4.64,1e-06,1089.6592015072615,SEA,OAK,0.3,0.3,0.305,0.296
ARI202207250,2022-07-25,ARI,SFN,0,0,3.37,4.42,1e-06,574.8341159449532,ARI,LAN,1.1,0.0,0.307,0.309
BAL202207250,2022-07-25,BAL,TBA,0,0,4.1,4.34,1e-06,1545.5901214265937,BAL,KCA,0.0,0.5,0.307,0.303
PHI202207250,2022-07-25,PHI,ATL,0,0,3.31,2.06,1e-06,1071.2330338826837,PHI,ATL,0.2,0.9,0.325,0.309
DET202207250,2022-07-25,DET,SDN,0,0,4.0,4.96,1e-06,773.7548030957365,DET,NYN,0.6,0.2,0.292,0.323
MIL202207250,2022-07-25,MIL,COL,0,0,4.44,4.53,1e-06,1e-06,MIL,MIL,0.8,0.5,0.324,0.284
DET202207260,2022-07-26,DET,SDN,0,0,3.28,4.76,1e-06,1e-06,DET,DET,0.3,0.2,0.292,0.323
LAN202207260,2022-07-26,LAN,WAS,1,2,3.91,2.92,1e-06,1e-06,LAN,LAN,0.7,0.1,0.335,0.319
PHI202207260,2022-07-26,PHI,ATL,0,1,3.25,2.67,1e-06,1e-06,PHI,PHI,0.2,0.7,0.325,0.309
SEA202207260,2022-07-26,SEA,TEX,2,0,1.68,4.14,1e-06,1e-06,SEA,SEA,0.3,0.3,0.305,0.296
BOS202207260,2022-07-26,BOS,CLE,0,1,5.89,4.54,1e-06,1e-06,BOS,BOS,0.5,0.7,0.331,0.31
CIN202207260,2022-07-26,CIN,MIA,0,0,4.44,3.75,1e-06,1e-06,CIN,CIN,0.0,0.1,0.321,0.286
BAL202207260,2022-07-26,BAL,TBA,1,0,3.2,3.99,1e-06,1e-06,BAL,BAL,0.0,0.4,0.307,0.303
CHN202207260,2022-07-26,CHN,PIT,3,0,3.76,5.52,1e-06,1e-06,CHN,CHN,0.2,0.3,0.322,0.28
ARI202207260,2022-07-26,ARI,SFN,0,0,5.36,2.88,1e-06,1e-06,ARI,ARI,0.9,0.0,0.307,0.309
NYN202207260,2022-07-26,NYN,NYA,4,2,3.49,3.48,1e-06,272.81937803481173,NYN,BAL,0.3,0.7,0.329,0.318
KCA202207260,2022-07-26,KCA,ANA,0,0,1.64,3.96,1e-06,1e-06,KCA,KCA,0.3,0.5,0.318,0.286
OAK202207260,2022-07-26,OAK,HOU,0,0,4.05,,1e-06,1e-06,OAK,OAK,0.0,0.9,0.278,0.308
TOR202207260,2022-07-26,TOR,SLN,3,1,3.14,4.84,691.6136251477402,662.6904179930643,BOS,CIN,0.3,0.7,0.326,0.322
COL202207260,2022-07-26,COL,CHA,0,0,4.95,3.54,1465.0252316671194,1477.450780411816,MIL,CHA,0.6,0.6,0.345,0.311
MIL202207260,2022-07-26,MIL,MIN,0,1,5.22,4.91,1e-06,408.2632535344616,MIL,DET,0.5,0.8,0.324,0.309
TOR202207270,2022-07-27,TOR,SLN,0,0,3.35,3.71,1e-06,1e-06,TOR,TOR,0.6,0.7,0.326,0.322
BOS202207270,2022-07-27,BOS,CLE,0,0,3.15,3.04,1e-06,1e-06,BOS,BOS,0.3,0.7,0.331,0.31
CIN202207270,2022-07-27,CIN,MIA,4,0,2.99,3.58,1e-06,1e-06,CIN,CIN,0.0,0.1,0.321,0.286
OAK202207270,2022-07-27,OAK,HOU,0,0,3.98,2.54,1e-06,1e-06,OAK,OAK,0.0,0.9,0.278,0.308
ARI202207270,2022-07-27,ARI,SFN,1,0,5.22,2.9,1e-06,1e-06,ARI,ARI,0.9,0.0,0.307,0.309
DET202207270,2022-07-27,DET,SDN,1,0,3.39,4.76,1e-06,1e-06,DET,DET,0.3,0.2,0.292,0.323
COL202207270,2022-07-27,COL,CHA,3,0,5.43,3.18,1e-06,1e-06,COL,COL,0.6,0.6,0.345,0.311
KCA202207270,2022-07-27,KCA,ANA,0,0,5.09,6.48,1e-06,1e-06,KCA,KCA,0.3,0.5,0.318,0.286
PHI202207270,2022-07-27,PHI,ATL,0,0,5.05,4.34,1e-06,1e-06,PHI,PHI,0.2,0.8,0.325,0.309
LAN202207270,2022-07-27,LAN,WAS,6,0,2.15,6.31,1e-06,1e-06,LAN,LAN,0.8,0.3,0.335,0.319
MIL202207270,2022-07-27,MIL,MIN,3,0,2.94,4.56,1e-06,1e-06,MIL,MIL,0.5,0.9,0.324,0.309
SEA202207270,2022-07-27,SEA,TEX,0,0,4.13,3.96,1e-06,1e-06,SEA,SEA,0.5,0.3,0.305,0.296
BAL202207270,2022-07-27,BAL,TBA,0,2,2.54,3.99,1e-06,1e-06,BAL,BAL,0.1,0.4,0.307,0.303
NYN202207270,2022-07-27,NYN,NYA,0,0,3.6,2.72,1e-06,1e-06,NYN,NYN,0.7,0.9,0.329,0.318
TOR202207280,2022-07-28,TOR,DET,0,0,5.19,4.81,1e-06,332.4198044988213,TOR,DET,0.6,0.4,0.326,0.281
COL202207280,2022-07-28,COL,LAN,0,2,5.01,2.57,1e-06,1336.5596902131042,COL,LAN,0.5,0.5,0.345,0.33
PIT202207280,2022-07-28,PIT,PHI,0,3,5.18,2.82,660.0502267315369,412.2899901216241,CHN,PHI,0.1,0.2,0.303,0.304
SFN202207280,2022-07-28,SFN,CHN,0,0,5.1,3.18,1050.993394248722,2984.5094702126535,ARI,CHN,0.6,0.5,0.322,0.301
BOS202207280,2022-07-28,BOS,CLE,0,0,4.99,2.96,1e-06,1e-06,BOS,BOS,0.3,0.7,0.331,0.31
CIN202207280,2022-07-28,CIN,MIA,1,0,4.91,2.77,1e-06,1e-06,CIN,CIN,0.4,0.1,0.321,0.286
BAL202207280,2022-07-28,BAL,TBA,0,0,4.42,4.5,1e-06,1e-06,BAL,BAL,0.1,0.3,0.307,0.303
ANA202207280,2022-07-28,ANA,TEX,0,0,2.33,7.41,2158.345510444982,1575.276973597757,KCA,SEA,0.3,0.3,0.308,0.296
NYA202207280,2022-07-28,NYA,KCA,0,0,2.54,2.18,1e-06,1759.8286951805926,NYN,KCA,1.3,0.9,0.325,0.296
HOU202207280,2022-07-28,HOU,SEA,2,0,2.37,2.49,2629.671879056886,3039.1839825945185,OAK,SEA,0.4,0.6,0.329,0.322
TBA202207290,2022-07-29,TBA,CLE,1,0,2.46,2.88,1393.7772067986984,1926.694381718032,BAL,BOS,0.5,0.7,0.311,0.31
NYA202207290,2022-07-29,NYA,KCA,1,0,3.26,2.18,1e-06,1e-06,NYA,NYA,1.3,0.7,0.325,0.296
CIN202207290,2022-07-29,CIN,BAL,2,0,3.83,3.05,1e-06,680.6636621509456,CIN,BAL,0.5,0.3,0.321,0.304
TOR202207290,2022-07-29,TOR,DET,0,0,2.24,4.0,1e-06,1e-06,TOR,TOR,0.5,0.2,0.326,0.281
SDN202207290,2022-07-29,SDN,MIN,2,0,3.38,3.55,3167.619360952703,2790.8560532571964,DET,MIL,0.4,0.9,0.308,0.309
ANA202207290,2022-07-29,ANA,TEX,0,0,2.91,2.89,1e-06,1e-06,ANA,ANA,0.3,0.3,0.308,0.296
COL202207290,2022-07-29,COL,LAN,0,2,5.72,2.16,1e-06,1e-06,COL,COL,0.5,0.7,0.345,0.33
ATL202207290,2022-07-29,ATL,ARI,1,0,3.19,4.88,1071.2330338826837,2556.4851145812468,PHI,ARI,0.5,0.3,0.323,0.301
SFN202207290,2022-07-29,SFN,CHN,0,0,3.73,3.5,1e-06,1e-06,SFN,SFN,0.6,0.5,0.322,0.301
BOS202207290,2022-07-29,BOS,MIL,0,0,4.71,3.05,1e-06,1380.0911924179386,BOS,MIL,0.3,0.4,0.331,0.307
MIA202207290,2022-07-29,MIA,NYN,3,0,2.98,2.06,1534.6263109130673,1756.5620451799746,CIN,NYN,0.1,0.2,0.302,0.334
PIT202207290,2022-07-29,PIT,PHI,0,0,4.4,3.0,1e-06,1e-06,PIT,PIT,0.0,0.5,0.303,0.304
CHA202207290,2022-07-29,CHA,OAK,1,0,3.99,4.23,1477.450780411816,2971.6570204984887,COL,OAK,0.6,0.1,0.31,0.283
WAS202207290,2022-07-29,WAS,SLN,0,0,4.28,3.29,3694.422011983425,563.6478111844908,LAN,TOR,0.1,0.2,0.301,0.322
HOU202207290,2022-07-29,HOU,SEA,0,0,1.75,3.71,1e-06,1e-06,HOU,HOU,0.6,0.5,0.329,0.322
SFN202207300,2022-07-30,SFN,CHN,0,0,3.57,3.47,1e-06,1e-06,SFN,SFN,0.5,0.5,0.322,0.301
BOS202207300,2022-07-30,BOS,MIL,0,1,4.56,3.69,1e-06,1e-06,BOS,BOS,0.1,0.4,0.331,0.307
MIA202207300,2022-07-30,MIA,NYN,0,0,3.6,3.97,1e-06,1e-06,MIA,MIA,0.4,0.2,0.302,0.334
ANA202207300,2022-07-30,ANA,TEX,0,0,4.62,4.14,1e-06,1e-06,ANA,ANA,0.3,0.3,0.308,0.296
SDN202207300,2022-07-30,SDN,MIN,0,0,2.93,3.08,1e-06,1e-06,SDN,SDN,0.5,0.9,0.308,0.309
COL202207300,2022-07-30,COL,LAN,2,1,4.53,2.28,1e-06,1e-06,COL,COL,0.5,0.9,0.345,0.33
WAS202207300,2022-07-30,WAS,SLN,0,0,2.92,4.63,1e-06,1e-06,WAS,WAS,0.1,0.2,0.301,0.322
TOR202207300,2022-07-30,TOR,DET,1,0,5.34,4.12,1e-06,1e-06,TOR,TOR,0.5,0.1,0.326,0.281
NYA202207300,2022-07-30,NYA,KCA,2,0,2.44,5.28,1e-06,1e-06,NYA,NYA,1.3,0.7,0.325,0.296
CHA202207300,2022-07-30,CHA,OAK,0,1,2.81,3.0,1e-06,1e-06,CHA,CHA,0.7,0.1,0.31,0.283
TBA202207300,2022-07-30,TBA,CLE,2,0,4.34,4.31,1e-06,1e-06,TBA,TBA,0.6,0.5,0.311,0.31
HOU202207300,2022-07-30,HOU,SEA,0,3,2.98,1.68,1e-06,1e-06,HOU,HOU,0.6,0.5,0.329,0.322
ATL202207300,2022-07-30,ATL,ARI,1,0,5.0,4.84,1e-06,1e-06,ATL,ATL,0.6,0.3,0.323,0.301
CIN202207300,2022-07-30,CIN,BAL,0,2,4.4,3.23,1e-06,1e-06,CIN,CIN,0.7,0.3,0.321,0.304
PIT202207300,2022-07-30,PIT,PHI,0,0,4.91,3.43,1e-06,1e-06,PIT,PIT,0.0,0.5,0.303,0.304
PIT202207310,2022-07-31,PIT,PHI,0,2,4.69,3.25,1e-06,1e-06,PIT,PIT,0.0,0.5,0.303,0.304
TBA202207310,2022-07-31,TBA,CLE,0,0,2.54,4.54,1e-06,1e-06,TBA,TBA,0.8,0.5,0.311,0.31
BOS202207310,2022-07-31,BOS,MIL,0,0,5.89,4.44,1e-06,1e-06,BOS,BOS,0.1,0.5,0.331,0.307
CIN202207310,2022-07-31,CIN,BAL,0,0,1.84,2.19,1e-06,1e-06,CIN,CIN,0.7,0.5,0.321,0.304
TOR202207310,2022-07-31,TOR,DET,0,0,5.23,4.03,1e-06,1e-06,TOR,TOR,0.4,0.1,0.326,0.281
WAS202207310,2022-07-31,WAS,SLN,0,0,5.02,3.17,1e-06,1e-06,WAS,WAS,0.1,0.2,0.301,0.322
CHA202207310,2022-07-31,CHA,OAK,0,0,2.2,6.3,1e-06,1e-06,CHA,CHA,0.6,0.2,0.31,0.283
SDN202207310,2022-07-31,SDN,MIN,0,0,4.96,4.89,1e-06,1e-06,SDN,SDN,0.5,0.9,0.308,0.309
ANA202207310,2022-07-31,ANA,TEX,1,1,3.98,1.97,1e-06,1e-06,ANA,ANA,0.3,0.3,0.308,0.296
ATL202207310,2022-07-31,ATL,ARI,0,0,3.38,4.66,1e-06,1e-06,ATL,ATL,0.6,0.1,0.323,0.301
NYA202207310,2022-07-31,NYA,KCA,0,0,2.54,4.04,1e-06,1e-06,NYA,NYA,1.4,0.5,0.325,0.296
SFN202207310,2022-07-31,SFN,CHN,0,0,2.88,3.11,1e-06,1e-06,SFN,SFN,0.5,0.5,0.322,0.301
MIA202207310,2022-07-31,MIA,NYN,0,3,3.75,3.49,1e-06,1e-06,MIA,MIA,0.3,0.2,0.302,0.334
HOU202207310,2022-07-31,HOU,SEA,1,0,3.72,3.86,1e-06,1e-06,HOU,HOU,0.6,0.6,0.329,0.322
COL202207310,2022-07-31,COL,LAN,0,0,4.95,2.14,1e-06,1e-06,COL,COL,0.7,1.0,0.345,0.33
WAS202208010,2022-08-01,WAS,NYN,1,0,6.31,2.29,1e-06,1489.628641346009,WAS,MIA,0.1,0.4,0.301,0.334
NYA202208010,2022-08-01,NYA,SEA,3,0,3.61,4.13,1e-06,2282.180747677387,NYA,HOU,1.2,0.6,0.325,0.322
CLE202208010,2022-08-01,CLE,ARI,0,0,2.32,4.66,1529.408250521614,893.7492632763934,TBA,ATL,1.2,0.1,0.319,0.301
TEX202208010,2022-08-01,TEX,BAL,0,1,3.96,4.7,1938.7751997181072,1327.4667402221744,ANA,CIN,1.0,0.5,0.306,0.304
MIN202208010,2022-08-01,MIN,DET,0,0,3.36,3.41,2463.5292715191244,1113.301279752142,SDN,TOR,0.7,0.1,0.325,0.281
SDN202208010,2022-08-01,SDN,COL,3,0,4.33,5.07,1e-06,1340.79250926624,SDN,COL,0.5,0.5,0.308,0.284
CHA202208010,2022-08-01,CHA,KCA,0,0,3.54,5.13,1e-06,1144.129935670241,CHA,NYA,0.6,0.4,0.31,0.296
MIA202208010,2022-08-01,MIA,CIN,0,0,3.32,4.44,1e-06,1534.6263109130673,MIA,CIN,0.3,0.4,0.302,0.287
SFN202208010,2022-08-01,SFN,LAN,1,0,2.9,1.82,1e-06,1524.5101947303656,SFN,COL,0.5,0.9,0.322,0.33
HOU202208010,2022-08-01,HOU,BOS,0,0,,3.87,1e-06,2582.243070652819,HOU,BOS,0.7,0.4,0.329,0.311
ATL202208020,2022-08-02,ATL,PHI,0,0,2.67,4.85,1e-06,840.3908477621023,ATL,PIT,0.4,0.6,0.323,0.304
SFN202208020,2022-08-02,SFN,LAN,0,0,5.1,2.57,1e-06,1e-06,SFN,SFN,0.2,0.8,0.322,0.33
HOU202208020,2022-08-02,HOU,BOS,1,0,2.54,5.47,1e-06,1e-06,HOU,HOU,0.7,0.3,0.329,0.311
TEX202208020,2022-08-02,TEX,BAL,0,0,7.41,4.42,1e-06,1e-06,TEX,TEX,1.0,0.6,0.306,0.304
NYA202208020,2022-08-02,NYA,SEA,0,2,2.67,2.99,1e-06,1e-06,NYA,NYA,1.3,0.6,0.325,0.322
PIT202208020,2022-08-02,PIT,MIL,0,0,3.81,2.94,1e-06,773.5078082361433,PIT,BOS,0.0,0.4,0.303,0.307
CLE202208020,2022-08-02,CLE,ARI,1,3,2.96,2.54,1e-06,1e-06,CLE,CLE,1.1,0.1,0.319,0.301
WAS202208020,2022-08-02,WAS,NYN,0,0,4.5,2.45,1e-06,1e-06,WAS,WAS,0.2,0.4,0.301,0.334
MIA202208020,2022-08-02,MIA,CIN,0,2,3.58,4.89,1e-06,1e-06,MIA,MIA,0.3,0.4,0.302,0.287
TBA202208020,2022-08-02,TBA,TOR,0,1,2.84,3.35,1e-06,1789.459752085548,TBA,TOR,0.8,0.7,0.311,0.331
ANA202208020,2022-08-02,ANA,OAK,1,0,3.96,3.98,1e-06,2786.2559450879285,ANA,CHA,0.4,0.1,0.308,0.283
MIN202208020,2022-08-02,MIN,DET,0,0,3.36,3.88,1e-06,1e-06,MIN,MIN,0.4,0.0,0.325,0.281
SLN202208020,2022-08-02,SLN,CHN,0,0,3.71,3.76,1142.2462660488457,2802.2400845274956,WAS,SFN,0.4,0.5,0.326,0.301
SDN202208022,2022-08-02,SDN,COL,2,2,5.22,5.74,1e-06,1e-06,SDN,SDN,0.8,0.5,0.308,0.284
SDN202208021,2022-08-02,SDN,COL,0,0,3.1,4.91,1e-06,1e-06,SDN,SDN,0.7,0.7,0.308,0.284
CHA202208020,2022-08-02,CHA,KCA,3,0,4.9,5.09,1e-06,1e-06,CHA,CHA,0.4,0.1,0.31,0.296
MIA202208030,2022-08-03,MIA,CIN,0,0,2.28,6.06,1e-06,1e-06,MIA,MIA,0.3,0.6,0.302,0.287
MIN202208030,2022-08-03,MIN,DET,0,0,3.55,4.81,1e-06,1e-06,MIN,MIN,0.3,0.0,0.325,0.281
CHA202208030,2022-08-03,CHA,KCA,1,0,3.99,3.23,1e-06,1e-06,CHA,CHA,0.4,0.1,0.31,0.296
CLE202208030,2022-08-03,CLE,ARI,0,0,2.88,5.36,1e-06,1e-06,CLE,CLE,1.2,0.4,0.319,0.301
HOU202208030,2022-08-03,HOU,BOS,2,0,3.94,4.27,1e-06,1e-06,HOU,HOU,0.8,0.3,0.329,0.311
NYA202208030,2022-08-03,NYA,SEA,0,6,3.5,2.99,1e-06,1e-06,NYA,NYA,1.3,0.5,0.325,0.322
WAS202208030,2022-08-03,WAS,NYN,0,0,4.28,3.42,1e-06,1e-06,WAS,WAS,0.2,0.4,0.301,0.334
SFN202208030,2022-08-03,SFN,LAN,0,0,3.73,2.16,1e-06,1e-06,SFN,SFN,0.2,0.8,0.322,0.33
SDN202208030,2022-08-03,SDN,COL,5,0,3.38,5.72,1e-06,1e-06,SDN,SDN,0.7,0.5,0.308,0.284
TEX202208030,2022-08-03,TEX,BAL,1,0,2.83,1.4,1e-06,1e-06,TEX,TEX,1.0,0.6,0.306,0.304
PIT202208030,2022-08-03,PIT,MIL,0,1,4.38,1.93,1e-06,1e-06,PIT,PIT,0.0,0.4,0.303,0.307
ANA202208030,2022-08-03,ANA,OAK,0,0,2.33,4.23,1e-06,1e-06,ANA,ANA,0.3,0.1,0.308,0.283
TBA202208030,2022-08-03,TBA,TOR,0,1,3.8,2.8,1e-06,1e-06,TBA,TBA,0.6,0.8,0.311,0.331
ATL202208030,2022-08-03,ATL,PHI,0,0,2.6,2.82,1e-06,1e-06,ATL,ATL,0.4,0.5,0.323,0.304
DET202208040,2022-08-04,DET,TBA,0,0,4.53,2.46,872.516450655481,1620.843911772028,MIN,TBA,0.3,0.2,0.292,0.303
NYN202208040,2022-08-04,NYN,ATL,1,0,3.97,3.19,326.3648041771951,1200.4511584455877,WAS,ATL,0.5,0.8,0.329,0.309
PIT202208040,2022-08-04,PIT,MIL,0,0,4.4,3.47,1e-06,1e-06,PIT,PIT,0.0,0.3,0.303,0.307
SLN202208042,2022-08-04,SLN,CHN,2,1,4.84,10.22,1e-06,1e-06,SLN,SLN,0.4,0.5,0.326,0.301
KCA202208040,2022-08-04,KCA,BOS,2,2,4.04,21.6,663.9206411727051,1040.8267966673652,CHA,HOU,0.3,0.3,0.318,0.311
SFN202208040,2022-08-04,SFN,LAN,0,0,4.42,3.05,1e-06,1e-06,SFN,SFN,0.2,0.8,0.322,0.33
MIN202208040,2022-08-04,MIN,TOR,0,0,4.43,2.24,1e-06,2137.431531245163,MIN,TBA,0.3,0.9,0.325,0.331
TEX202208040,2022-08-04,TEX,CHA,0,0,1.97,3.35,1e-06,1309.650558347085,TEX,CHA,1.1,0.6,0.306,0.311
SDN202208040,2022-08-04,SDN,COL,0,0,2.93,4.53,1e-06,1e-06,SDN,SDN,1.2,0.4,0.308,0.284
PHI202208040,2022-08-04,PHI,WAS,1,1,3.94,4.84,1071.2330338826837,197.2342958595587,ATL,WAS,0.2,0.3,0.325,0.319
CLE202208040,2022-08-04,CLE,HOU,0,0,4.31,1.75,1e-06,1793.7234420980124,CLE,HOU,1.2,0.9,0.319,0.308
SLN202208041,2022-08-04,SLN,CHN,0,1,1.25,4.67,1e-06,1e-06,SLN,SLN,0.6,0.6,0.326,0.301
ANA202208040,2022-08-04,ANA,OAK,1,0,6.48,4.28,1e-06,1e-06,ANA,ANA,0.2,0.1,0.308,0.283
MIL202208050,2022-08-05,MIL,CIN,2,0,3.69,6.19,722.0054120555708,2045.0709343750696,PIT,MIA,0.6,0.6,0.324,0.287
SEA202208050,2022-08-05,SEA,ANA,0,1,2.67,3.76,3865.3953610333656,1575.276973597757,NYA,ANA,0.4,0.5,0.305,0.286
CHN202208050,2022-08-05,CHN,MIA,0,0,4.22,3.02,422.4920912040455,1915.1205670973725,SLN,MIA,0.5,0.1,0.322,0.286
KCA202208050,2022-08-05,KCA,BOS,0,0,3.68,5.89,1e-06,1e-06,KCA,KCA,0.4,0.5,0.318,0.311
LAN202208050,2022-08-05,LAN,SDN,4,0,2.14,4.96,559.4406195325591,179.52869961196944,SFN,SDN,1.3,0.2,0.335,0.323
NYN202208050,2022-08-05,NYN,ATL,0,4,3.49,2.06,1e-06,1e-06,NYN,NYN,0.5,0.6,0.329,0.309
PHI202208050,2022-08-05,PHI,WAS,4,0,5.05,5.02,1e-06,1e-06,PHI,PHI,0.3,0.3,0.325,0.319
DET202208050,2022-08-05,DET,TBA,1,0,3.49,2.8,1e-06,1e-06,DET,DET,0.3,0.2,0.292,0.303
MIN202208050,2022-08-05,MIN,TOR,0,0,3.39,2.11,1e-06,1e-06,MIN,MIN,0.3,0.9,0.325,0.331
TEX202208050,2022-08-05,TEX,CHA,1,0,4.64,2.2,1e-06,1e-06,TEX,TEX,1.1,0.6,0.306,0.311
SLN202208050,2022-08-05,SLN,NYA,0,1,3.17,2.54,1e-06,1403.0288811452067,SLN,NYA,0.6,0.9,0.326,0.318
BAL202208050,2022-08-05,BAL,PIT,0,0,3.23,3.91,1968.7690954443951,314.0609856627503,TEX,PIT,0.1,0.3,0.307,0.28
ARI202208050,2022-08-05,ARI,COL,1,0,8.59,5.74,2809.3817942144524,481.0116378281714,CLE,SDN,0.9,0.3,0.307,0.284
CLE202208050,2022-08-05,CLE,HOU,1,0,18.41,2.82,1e-06,1e-06,CLE,CLE,0.7,0.8,0.319,0.308
TEX202208060,2022-08-06,TEX,CHA,0,0,4.46,3.54,1e-06,1e-06,TEX,TEX,1.0,0.4,0.306,0.311
DET202208060,2022-08-06,DET,TBA,0,0,4.03,2.54,1e-06,1e-06,DET,DET,0.4,0.2,0.292,0.303
OAK202208060,2022-08-06,OAK,SFN,0,1,6.3,2.88,592.0809005913671,13.027453191410114,ANA,SFN,0.0,0.0,0.278,0.309
KCA202208060,2022-08-06,KCA,BOS,1,0,2.78,3.45,1e-06,1e-06,KCA,KCA,0.4,0.5,0.318,0.311
CHN202208060,2022-08-06,CHN,MIA,0,0,3.47,3.75,1e-06,1e-06,CHN,CHN,0.5,0.1,0.322,0.286
ARI202208060,2022-08-06,ARI,COL,1,0,5.36,3.47,1e-06,1e-06,ARI,ARI,1.0,0.3,0.307,0.284
LAN202208060,2022-08-06,LAN,SDN,0,0,3.05,4.33,1e-06,1e-06,LAN,LAN,1.7,0.1,0.335,0.323
MIN202208060,2022-08-06,MIN,TOR,0,0,4.8,5.45,1e-06,1e-06,MIN,MIN,0.3,0.9,0.325,0.331
MIL202208060,2022-08-06,MIL,CIN,0,0,4.44,3.83,1e-06,1e-06,MIL,MIL,0.8,0.6,0.324,0.287
CLE202208060,2022-08-06,CLE,HOU,1,0,3.38,,1e-06,1e-06,CLE,CLE,0.8,0.6,0.319,0.308
SLN202208060,2022-08-06,SLN,NYA,1,0,3.48,3.61,1e-06,1e-06,SLN,SLN,0.6,0.6,0.326,0.318
NYN202208061,2022-08-06,NYN,ATL,2,0,3.83,4.4,1e-06,1e-06,NYN,NYN,0.5,1.0,0.329,0.309
SEA202208062,2022-08-06,SEA,ANA,0,0,3.73,3.77,1e-06,1e-06,SEA,SEA,0.2,0.6,0.305,0.286
SEA202208061,2022-08-06,SEA,ANA,0,0,3.39,2.61,1e-06,1e-06,SEA,SEA,0.2,0.6,0.305,0.286
NYN202208062,2022-08-06,NYN,ATL,0,0,2.29,2.48,1e-06,1e-06,NYN,NYN,0.7,1.0,0.329,0.309
PHI202208060,2022-08-06,PHI,WAS,6,0,3.65,6.31,1e-06,1e-06,PHI,PHI,0.6,0.3,0.325,0.319
BAL202208060,2022-08-06,BAL,PIT,1,0,4.34,4.69,1e-06,1e-06,BAL,BAL,0.1,0.3,0.307,0.28
SLN202208070,2022-08-07,SLN,NYA,1,1,4.26,3.26,1e-06,1e-06,SLN,SLN,0.7,0.6,0.326,0.318
LAN202208070,2022-08-07,LAN,SDN,0,0,2.57,3.1,1e-06,1e-06,LAN,LAN,1.7,0.1,0.335,0.323
CHN202208070,2022-08-07,CHN,MIA,0,0,3.11,3.32,1e-06,1e-06,CHN,CHN,0.4,0.1,0.322,0.286
SEA202208070,2022-08-07,SEA,ANA,1,0,4.13,6.75,1e-06,1e-06,SEA,SEA,0.2,0.6,0.305,0.286
PHI202208070,2022-08-07,PHI,WAS,0,0,3.25,5.25,1e-06,1e-06,PHI,PHI,1.2,0.3,0.325,0.319
DET202208070,2022-08-07,DET,TBA,0,0,3.28,3.99,1e-06,1e-06,DET,DET,0.2,0.2,0.292,0.303
ARI202208070,2022-08-07,ARI,COL,2,0,8.59,5.74,1e-06,1e-06,ARI,ARI,1.0,0.3,0.307,0.284
NYN202208070,2022-08-07,NYN,ATL,0,0,3.08,2.67,1e-06,1e-06,NYN,NYN,0.7,0.8,0.329,0.309
KCA202208070,2022-08-07,KCA,BOS,0,0,5.09,5.47,1e-06,1e-06,KCA,KCA,0.4,0.5,0.318,0.311
TEX202208070,2022-08-07,TEX,CHA,0,0,7.41,4.9,1e-06,1e-06,TEX,TEX,0.5,0.4,0.306,0.311
OAK202208070,2022-08-07,OAK,SFN,0,0,6.24,2.9,1e-06,1e-06,OAK,OAK,0.0,0.1,0.278,0.309
CLE202208070,2022-08-07,CLE,HOU,0,0,2.96,2.54,1e-06,1e-06,CLE,CLE,0.9,0.6,0.319,0.308
MIL202208070,2022-08-07,MIL,CIN,0,0,1.93,4.91,1e-06,1e-06,MIL,MIL,0.8,0.6,0.324,0.287
MIN202208070,2022-08-07,MIN,TOR,0,0,3.49,2.11,1e-06,1e-06,MIN,MIN,0.3,0.9,0.325,0.331
BAL202208070,2022-08-07,BAL,PIT,0,0,4.7,5.52,1e-06,1e-06,BAL,BAL,0.2,0.1,0.307,0.28
OAK202208080,2022-08-08,OAK,ANA,0,1,3.98,3.96,1e-06,1089.6592015072615,OAK,SEA,0.0,0.6,0.278,0.286
ARI202208080,2022-08-08,ARI,PIT,0,0,2.54,4.39,1e-06,3219.1405656265556,ARI,BAL,0.9,0.1,0.307,0.28
BAL202208080,2022-08-08,BAL,TOR,3,0,4.42,5.19,1e-06,1508.338155320694,BAL,MIN,0.2,0.9,0.307,0.331
NYN202208080,2022-08-08,NYN,CIN,2,0,3.42,6.1,1e-06,1181.7674036325852,NYN,MIL,0.7,0.6,0.329,0.287
CHN202208080,2022-08-08,CHN,WAS,0,0,3.76,4.28,1e-06,1068.017024042746,CHN,PHI,0.3,0.3,0.322,0.319
SEA202208080,2022-08-08,SEA,NYA,1,2,3.2,3.91,1e-06,2768.4032840088475,SEA,SLN,0.3,0.5,0.305,0.318
SDN202208080,2022-08-08,SDN,SFN,0,0,3.38,5.1,179.52869961196944,731.4285571970996,LAN,OAK,1.2,0.1,0.308,0.309
KCA202208091,2022-08-09,KCA,CHA,0,0,3.23,3.99,1e-06,1e-06,KCA,KCA,0.4,0.4,0.318,0.311
OAK202208090,2022-08-09,OAK,ANA,0,0,4.23,2.33,1e-06,1e-06,OAK,OAK,0.0,0.7,0.278,0.286
KCA202208092,2022-08-09,KCA,CHA,0,0,5.28,4.83,1e-06,738.3603208647532,KCA,TEX,0.4,0.2,0.318,0.311
SDN202208090,2022-08-09,SDN,SFN,0,1,3.56,3.57,1e-06,1e-06,SDN,SDN,1.2,0.1,0.308,0.309
MIL202208090,2022-08-09,MIL,TBA,1,0,3.58,4.5,1e-06,408.2632535344616,MIL,DET,0.8,0.2,0.324,0.303
COL202208090,2022-08-09,COL,SLN,3,0,5.83,3.29,942.6579354569092,1279.0227614650469,ARI,SLN,0.7,0.1,0.345,0.322
SEA202208090,2022-08-09,SEA,NYA,0,0,4.44,4.13,1e-06,1e-06,SEA,SEA,0.4,0.7,0.305,0.318
NYN202208090,2022-08-09,NYN,CIN,0,0,3.97,6.06,1e-06,1e-06,NYN,NYN,0.9,0.5,0.329,0.287
PHI202208090,2022-08-09,PHI,MIA,1,0,2.82,3.58,1e-06,1068.017024042746,PHI,CHN,1.2,0.1,0.325,0.286
DET202208090,2022-08-09,DET,CLE,0,0,4.81,2.88,1e-06,145.52553501827433,DET,CLE,0.2,0.1,0.292,0.31
CHN202208090,2022-08-09,CHN,WAS,0,0,3.99,3.51,1e-06,1e-06,CHN,CHN,0.3,0.3,0.322,0.319
HOU202208090,2022-08-09,HOU,TEX,0,1,3.94,2.89,1793.7234420980124,368.5990384284446,CLE,TEX,1.0,0.4,0.329,0.296
LAN202208090,2022-08-09,LAN,MIN,1,0,2.16,3.55,1e-06,2448.9556082748627,LAN,MIN,1.4,0.8,0.335,0.309
BOS202208090,2022-08-09,BOS,ATL,0,1,6.35,2.13,2008.0645584325655,306.2037667286439,KCA,NYN,0.1,0.5,0.331,0.309
BAL202208090,2022-08-09,BAL,TOR,2,0,4.1,3.1,1e-06,1e-06,BAL,BAL,0.5,0.8,0.307,0.331
ARI202208090,2022-08-09,ARI,PIT,1,0,5.36,5.18,1e-06,1e-06,ARI,ARI,0.8,0.1,0.307,0.28
SEA202208100,2022-08-10,SEA,NYA,0,0,2.99,3.26,1e-06,1e-06,SEA,SEA,0.4,0.7,0.305,0.318
CHN202208100,2022-08-10,CHN,WAS,0,0,3.95,4.21,1e-06,1e-06,CHN,CHN,0.3,0.3,0.322,0.319
OAK202208100,2022-08-10,OAK,ANA,0,0,4.23,2.61,1e-06,1e-06,OAK,OAK,0.0,0.7,0.278,0.286
KCA202208100,2022-08-10,KCA,CHA,0,0,6.45,4.99,1e-06,1e-06,KCA,KCA,0.4,0.0,0.318,0.311
SDN202208100,2022-08-10,SDN,SFN,0,0,2.27,5.44,1e-06,1e-06,SDN,SDN,1.2,0.2,0.308,0.309
MIL202208100,2022-08-10,MIL,TBA,2,0,1.93,3.8,1e-06,1e-06,MIL,MIL,0.9,0.2,0.324,0.303
ARI202208100,2022-08-10,ARI,PIT,0,0,4.88,3.91,1e-06,1e-06,ARI,ARI,0.9,0.1,0.307,0.28
LAN202208100,2022-08-10,LAN,MIN,0,0,2.45,3.39,1e-06,1e-06,LAN,LAN,1.4,0.6,0.335,0.309
COL202208100,2022-08-10,COL,SLN,0,5,4.53,2.93,1e-06,1e-06,COL,COL,1.0,0.1,0.345,0.322
NYN202208100,2022-08-10,NYN,CIN,2,0,3.49,15.19,1e-06,1e-06,NYN,NYN,0.9,0.5,0.329,0.287
DET202208100,2022-08-10,DET,CLE,0,1,4.53,5.4,1e-06,1e-06,DET,DET,0.2,0.1,0.292,0.31
HOU202208100,2022-08-10,HOU,TEX,0,0,3.84,5.13,1e-06,1e-06,HOU,HOU,0.9,0.5,0.329,0.296
PHI202208100,2022-08-10,PHI,MIA,0,0,3.31,2.28,1e-06,1e-06,PHI,PHI,1.2,0.1,0.325,0.286
BOS202208100,2022-08-10,BOS,ATL,0,0,4.56,3.19,1e-06,1e-06,BOS,BOS,0.1,0.6,0.331,0.309
CIN202208110,2022-08-11,CIN,CHN,0,3,3.66,3.47,913.3322258208744,406.2527329885922,NYN,CHN,0.7,0.2,0.321,0.301
ARI202208110,2022-08-11,ARI,PIT,0,0,3.38,2.64,1e-06,1e-06,ARI,ARI,0.8,0.1,0.307,0.28
COL202208110,2022-08-11,COL,SLN,0,0,4.19,4.84,1e-06,1e-06,COL,COL,0.9,0.6,0.345,0.322
KCA202208110,2022-08-11,KCA,CHA,0,0,3.68,2.2,1e-06,1e-06,KCA,KCA,0.3,0.0,0.318,0.311
HOU202208110,2022-08-11,HOU,TEX,0,0,2.82,4.95,1e-06,1e-06,HOU,HOU,0.8,0.5,0.329,0.296
PHI202208110,2022-08-11,PHI,MIA,0,0,5.05,3.01,1e-06,1e-06,PHI,PHI,1.2,0.1,0.325,0.286
BOS202208110,2022-08-11,BOS,BAL,1,0,5.79,3.23,1e-06,578.81170796599,BOS,BAL,0.1,0.6,0.331,0.304
DET202208110,2022-08-11,DET,CLE,0,0,3.28,3.04,1e-06,1e-06,DET,DET,0.2,0.2,0.292,0.31
WAS202208120,2022-08-12,WAS,SDN,0,0,5.25,4.33,956.88299544195,3654.8629358941057,CHN,SDN,0.2,0.0,0.301,0.323
NYN202208120,2022-08-12,NYN,PHI,0,1,3.38,3.0,1e-06,129.48897528262268,NYN,PHI,1.1,0.5,0.329,0.304
HOU202208120,2022-08-12,HOU,OAK,0,0,,2.91,1e-06,2629.671879056886,HOU,OAK,0.6,0.1,0.329,0.283
ANA202208120,2022-08-12,ANA,MIN,0,0,2.91,4.4,592.0809005913671,40.86770847173621,OAK,LAN,0.3,0.6,0.308,0.309
SLN202208120,2022-08-12,SLN,MIL,2,0,3.48,3.69,1279.0227614650469,526.8349145670746,COL,MIL,0.8,0.3,0.326,0.307
TBA202208120,2022-08-12,TBA,BAL,0,1,4.34,4.34,1768.0127004273768,1926.694381718032,MIL,BOS,0.6,0.3,0.311,0.304
SFN202208120,2022-08-12,SFN,PIT,0,0,2.88,5.52,738.1265117326025,1050.993394248722,SDN,ARI,0.2,0.1,0.322,0.28
TOR202208120,2022-08-12,TOR,CLE,0,0,5.23,3.38,537.0332419152472,332.4198044988213,BAL,DET,0.4,0.2,0.326,0.31
COL202208120,2022-08-12,COL,ARI,0,0,6.12,8.59,1e-06,942.6579354569092,COL,ARI,0.9,0.4,0.345,0.301
TEX202208120,2022-08-12,TEX,SEA,0,0,5.13,3.39,368.5990384284446,2688.6235870338205,HOU,SEA,0.2,1.1,0.306,0.322
MIA202208120,2022-08-12,MIA,ATL,0,0,6.35,3.5,1644.1190984600378,2024.1956124919243,PHI,BOS,0.3,0.6,0.302,0.309
CHA202208120,2022-08-12,CHA,DET,0,0,2.76,3.41,663.9206411727051,380.91207013286544,KCA,DET,0.5,0.0,0.31,0.281
KCA202208120,2022-08-12,KCA,LAN,0,0,6.45,2.14,1e-06,2180.1721742734608,KCA,LAN,0.3,0.8,0.318,0.33
BOS202208120,2022-08-12,BOS,NYA,0,1,3.45,4.53,1e-06,4000.0367541660753,BOS,SEA,0.1,0.7,0.331,0.318
NYN202208130,2022-08-13,NYN,PHI,1,0,3.08,3.25,1e-06,1e-06,NYN,NYN,0.7,0.6,0.329,0.304
WAS202208130,2022-08-13,WAS,SDN,0,0,3.51,3.1,1e-06,1e-06,WAS,WAS,0.1,0.0,0.301,0.323
KCA202208130,2022-08-13,KCA,LAN,0,5,5.09,4.72,1e-06,1e-06,KCA,KCA,0.3,0.6,0.318,0.33
BOS202208130,2022-08-13,BOS,NYA,0,0,2.22,4.46,1e-06,1e-06,BOS,BOS,0.1,0.7,0.331,0.318
MIA202208132,2022-08-13,MIA,ATL,0,1,4.33,5.0,1e-06,1e-06,MIA,MIA,0.3,0.6,0.302,0.309
TOR202208130,2022-08-13,TOR,CLE,0,1,1.54,2.96,1e-06,1e-06,TOR,TOR,0.4,0.2,0.326,0.31
CIN202208130,2022-08-13,CIN,CHN,1,0,4.89,8.78,1e-06,1e-06,CIN,CIN,0.7,0.5,0.321,0.301
SFN202208130,2022-08-13,SFN,PIT,1,0,2.9,5.14,1e-06,1e-06,SFN,SFN,0.2,0.0,0.322,0.28
CHA202208130,2022-08-13,CHA,DET,1,0,4.9,3.49,1e-06,1e-06,CHA,CHA,0.5,0.0,0.31,0.281
HOU202208130,2022-08-13,HOU,OAK,2,0,2.27,6.79,1e-06,1e-06,HOU,HOU,0.4,0.1,0.329,0.283
TEX202208130,2022-08-13,TEX,SEA,0,2,4.14,4.13,1e-06,1e-06,TEX,TEX,0.2,1.1,0.306,0.322
ANA202208130,2022-08-13,ANA,MIN,0,1,3.61,4.43,1e-06,1e-06,ANA,ANA,0.3,0.5,0.308,0.309
SLN202208130,2022-08-13,SLN,MIL,0,0,3.05,1.93,1e-06,1e-06,SLN,SLN,1.0,0.3,0.326,0.307
TBA202208130,2022-08-13,TBA,BAL,1,0,2.54,5.93,1e-06,1e-06,TBA,TBA,0.6,0.4,0.311,0.304
COL202208130,2022-08-13,COL,ARI,0,1,5.01,2.54,1e-06,1e-06,COL,COL,0.8,0.4,0.345,0.301
MIA202208131,2022-08-13,MIA,ATL,0,0,3.32,8.03,1e-06,1e-06,MIA,MIA,0.3,0.6,0.302,0.309
WAS202208140,2022-08-14,WAS,SDN,0,0,4.84,3.38,1e-06,1e-06,WAS,WAS,0.1,0.0,0.301,0.323
CIN202208140,2022-08-14,CIN,CHN,0,0,6.36,5.4,1e-06,1e-06,CIN,CIN,0.8,0.5,0.321,0.301
NYN202208140,2022-08-14,NYN,PHI,1,0,3.42,2.82,1e-06,1e-06,NYN,NYN,0.8,0.6,0.329,0.304
TEX202208140,2022-08-14,TEX,SEA,0,0,6.45,4.44,1e-06,1e-06,TEX,TEX,0.2,1.3,0.306,0.322
MIA202208140,2022-08-14,MIA,ATL,0,0,4.31,3.5,1e-06,1e-06,MIA,MIA,0.3,0.6,0.302,0.309
CHA202208140,2022-08-14,CHA,DET,0,0,3.99,4.81,1e-06,1e-06,CHA,CHA,0.6,0.0,0.31,0.281
KCA202208140,2022-08-14,KCA,LAN,1,0,3.23,2.57,1e-06,1e-06,KCA,KCA,0.3,1.0,0.318,0.33
TOR202208140,2022-08-14,TOR,CLE,1,1,3.35,2.88,1e-06,1e-06,TOR,TOR,0.4,0.2,0.326,0.31
ANA202208140,2022-08-14,ANA,MIN,0,2,6.75,4.56,1e-06,1e-06,ANA,ANA,0.3,0.5,0.308,0.309
SLN202208140,2022-08-14,SLN,MIL,0,0,3.29,4.76,1e-06,1e-06,SLN,SLN,1.0,0.3,0.326,0.307
TBA202208140,2022-08-14,TBA,BAL,0,0,2.84,4.42,1e-06,1e-06,TBA,TBA,0.7,0.4,0.311,0.304
BOS202208140,2022-08-14,BOS,NYA,1,0,3.32,3.91,1e-06,1e-06,BOS,BOS,0.1,0.7,0.331,0.318
HOU202208140,2022-08-14,HOU,OAK,2,0,2.54,3.98,1e-06,1e-06,HOU,HOU,0.6,0.1,0.329,0.283
COL202208140,2022-08-14,COL,ARI,0,1,5.83,5.36,1e-06,1e-06,COL,COL,0.8,0.4,0.345,0.301
SFN202208140,2022-08-14,SFN,PIT,0,0,2.53,4.38,1e-06,1e-06,SFN,SFN,0.2,0.0,0.322,0.28
SFN202208150,2022-08-15,SFN,ARI,0,0,3.73,4.88,1e-06,1524.5101947303656,SFN,COL,0.2,0.5,0.322,0.301
TOR202208150,2022-08-15,TOR,BAL,0,1,5.19,3.49,1e-06,1789.459752085548,TOR,TBA,0.5,0.4,0.326,0.304
MIL202208150,2022-08-15,MIL,LAN,0,1,3.58,2.16,526.8349145670746,707.8851314063497,SLN,KCA,1.1,0.8,0.324,0.33
CHA202208150,2022-08-15,CHA,HOU,0,2,3.35,2.37,1e-06,1516.5648050119732,CHA,HOU,0.6,0.4,0.31,0.308
MIA202208150,2022-08-15,MIA,SDN,0,0,2.28,2.93,1e-06,1489.628641346009,MIA,WAS,0.3,0.0,0.302,0.323
TEX202208150,2022-08-15,TEX,OAK,0,0,4.64,4.23,1e-06,368.5990384284446,TEX,HOU,0.2,0.1,0.306,0.283
MIN202208150,2022-08-15,MIN,KCA,0,2,3.55,5.58,2437.087352189671,662.9211681328137,ANA,KCA,0.3,0.1,0.325,0.296
NYA202208150,2022-08-15,NYA,TBA,0,0,3.5,4.5,306.2037667286439,1638.0556824552712,BOS,TBA,1.3,0.2,0.325,0.303
CIN202208150,2022-08-15,CIN,PHI,0,0,6.06,3.94,1e-06,913.3322258208744,CIN,NYN,0.8,0.6,0.321,0.304
WAS202208150,2022-08-15,WAS,CHN,0,2,2.76,3.12,1e-06,647.9323389925676,WAS,CIN,0.1,0.5,0.301,0.301
ANA202208150,2022-08-15,ANA,SEA,1,1,3.84,2.49,1e-06,1938.7751997181072,ANA,TEX,0.3,1.3,0.308,0.322
CLE202208152,2022-08-15,CLE,DET,0,0,3.38,3.54,1e-06,1e-06,CLE,CLE,0.9,0.0,0.319,0.281
CLE202208151,2022-08-15,CLE,DET,0,1,2.08,4.0,305.2632734150024,494.38381964269325,TOR,CHA,0.9,0.0,0.319,0.281
ATL202208150,2022-08-15,ATL,NYN,0,0,2.67,3.97,973.359131898138,1200.4511584455877,MIA,NYN,0.4,0.4,0.323,0.334
MIA202208160,2022-08-16,MIA,SDN,0,0,6.35,3.72,1e-06,1e-06,MIA,MIA,0.0,0.0,0.302,0.323
CHA202208160,2022-08-16,CHA,HOU,0,0,3.26,3.72,1e-06,1e-06,CHA,CHA,0.6,0.5,0.31,0.308
CIN202208160,2022-08-16,CIN,PHI,0,0,15.19,5.05,1e-06,1e-06,CIN,CIN,0.8,0.6,0.321,0.304
WAS202208160,2022-08-16,WAS,CHN,0,0,4.5,3.12,1e-06,1e-06,WAS,WAS,0.1,0.7,0.301,0.301
MIL202208160,2022-08-16,MIL,LAN,2,0,3.78,3.75,1e-06,1e-06,MIL,MIL,1.1,0.7,0.324,0.33
SLN202208160,2022-08-16,SLN,COL,0,0,1.25,6.12,1e-06,1279.0227614650469,SLN,COL,0.8,0.2,0.326,0.284
TOR202208160,2022-08-16,TOR,BAL,2,0,2.24,3.23,1e-06,1e-06,TOR,TOR,0.5,0.5,0.326,0.304
NYA202208160,2022-08-16,NYA,TBA,0,3,2.44,2.46,1e-06,1e-06,NYA,NYA,1.3,0.2,0.325,0.303
CLE202208160,2022-08-16,CLE,DET,1,3,4.31,4.03,1e-06,1e-06,CLE,CLE,0.6,0.1,0.319,0.281
MIN202208160,2022-08-16,MIN,KCA,0,0,3.08,3.68,1e-06,1e-06,MIN,MIN,0.1,0.3,0.325,0.296
TEX202208160,2022-08-16,TEX,OAK,0,1,9.45,3.86,1e-06,1e-06,TEX,TEX,0.2,0.1,0.306,0.283
PIT202208160,2022-08-16,PIT,BOS,0,4,3.91,4.56,3638.3530777091846,773.5078082361433,SFN,BOS,0.0,0.5,0.303,0.311
SFN202208160,2022-08-16,SFN,ARI,0,0,3.18,5.36,1e-06,1e-06,SFN,SFN,0.2,0.5,0.322,0.301
ANA202208160,2022-08-16,ANA,SEA,1,0,3.96,3.71,1e-06,1e-06,ANA,ANA,0.4,1.4,0.308,0.322
ATL202208160,2022-08-16,ATL,NYN,0,0,4.34,11.57,1e-06,1e-06,ATL,ATL,0.4,0.3,0.323,0.334
MIA202208170,2022-08-17,MIA,SDN,1,5,3.75,4.24,1e-06,1e-06,MIA,MIA,0.0,0.0,0.302,0.323
SFN202208170,2022-08-17,SFN,ARI,0,0,4.01,5.22,1e-06,1e-06,SFN,SFN,0.2,0.5,0.322,0.301
PIT202208170,2022-08-17,PIT,BOS,2,0,3.79,4.27,1e-06,1e-06,PIT,PIT,0.0,0.7,0.303,0.311
CHA202208170,2022-08-17,CHA,HOU,0,1,3.54,2.82,1e-06,1e-06,CHA,CHA,0.5,0.5,0.31,0.308
MIN202208170,2022-08-17,MIN,KCA,2,0,4.43,5.13,1e-06,1e-06,MIN,MIN,0.0,0.3,0.325,0.296
TEX202208170,2022-08-17,TEX,OAK,1,1,4.95,6.3,1e-06,1e-06,TEX,TEX,0.2,0.2,0.306,0.283
NYA202208170,2022-08-17,NYA,TBA,0,0,4.46,2.8,1e-06,1e-06,NYA,NYA,0.9,0.5,0.325,0.303
SLN202208170,2022-08-17,SLN,COL,2,0,3.48,4.95,1e-06,1e-06,SLN,SLN,0.6,0.2,0.326,0.284
CIN202208170,2022-08-17,CIN,PHI,0,0,1.84,3.0,1e-06,1e-06,CIN,CIN,0.8,0.3,0.321,0.304
TOR202208170,2022-08-17,TOR,BAL,0,0,3.1,3.9,1e-06,1e-06,TOR,TOR,0.4,0.3,0.326,0.304
ANA202208170,2022-08-17,ANA,SEA,0,0,4.62,3.39,1e-06,1e-06,ANA,ANA,0.5,1.4,0.308,0.322
CLE202208170,2022-08-17,CLE,DET,0,0,5.4,2.83,1e-06,1e-06,CLE,CLE,0.4,0.4,0.319,0.281
ATL202208170,2022-08-17,ATL,NYN,0,2,4.4,2.29,1e-06,1e-06,ATL,ATL,0.4,0.3,0.323,0.334
WAS202208170,2022-08-17,WAS,CHN,0,0,6.81,4.67,1e-06,1e-06,WAS,WAS,0.1,0.7,0.301,0.301
MIL202208170,2022-08-17,MIL,LAN,0,0,3.69,2.14,1e-06,1e-06,MIL,MIL,1.0,0.6,0.324,0.33
BAL202208180,2022-08-18,BAL,CHN,0,0,4.7,3.11,537.0332419152472,55.02896457567408,TOR,WAS,0.7,0.7,0.307,0.301
ATL202208180,2022-08-18,ATL,NYN,0,0,2.48,3.08,1e-06,1e-06,ATL,ATL,0.4,0.5,0.323,0.334
SDN202208180,2022-08-18,SDN,WAS,0,0,3.1,2.76,3647.952032104879,3654.8629358941057,MIA,WAS,1.0,0.3,0.308,0.319
TEX202208180,2022-08-18,TEX,OAK,0,0,4.46,6.79,1e-06,1e-06,TEX,TEX,0.2,0.2,0.306,0.283
SFN202208180,2022-08-18,SFN,ARI,0,0,2.9,2.54,1e-06,1e-06,SFN,SFN,0.2,0.5,0.322,0.301
CHA202208180,2022-08-18,CHA,HOU,0,0,4.9,,1e-06,1e-06,CHA,CHA,0.5,0.4,0.31,0.308
MIL202208180,2022-08-18,MIL,LAN,1,0,2.94,3.1,1e-06,1e-06,MIL,MIL,1.0,0.6,0.324,0.33
NYA202208180,2022-08-18,NYA,TOR,0,0,4.05,5.23,1e-06,550.2922217550002,NYA,TOR,0.6,0.7,0.325,0.331
TBA202208180,2022-08-18,TBA,KCA,1,0,8.1,5.95,1638.0556824552712,2137.431531245163,NYA,MIN,0.7,0.2,0.311,0.296
SLN202208180,2022-08-18,SLN,COL,3,0,3.71,5.07,1e-06,1e-06,SLN,SLN,0.8,0.2,0.326,0.284
PIT202208180,2022-08-18,PIT,BOS,2,0,4.69,5.89,1e-06,1e-06,PIT,PIT,0.2,0.6,0.303,0.311
ATL202208190,2022-08-19,ATL,HOU,0,0,3.19,2.27,1e-06,947.8182724063668,ATL,CHA,0.2,0.3,0.323,0.308
CLE202208190,2022-08-19,CLE,CHA,0,2,2.96,2.76,1e-06,494.38381964269325,CLE,CHA,0.4,0.0,0.319,0.311
SDN202208190,2022-08-19,SDN,WAS,0,0,5.22,2.92,1e-06,1e-06,SDN,SDN,1.0,0.3,0.308,0.319
LAN202208190,2022-08-19,LAN,MIA,0,0,3.05,3.02,2799.844413597458,3756.8524313396424,MIL,MIA,1.3,0.1,0.335,0.286
TBA202208190,2022-08-19,TBA,KCA,0,0,2.8,2.18,1e-06,1e-06,TBA,TBA,0.7,0.2,0.311,0.296
NYA202208190,2022-08-19,NYA,TOR,0,0,3.91,3.35,1e-06,1e-06,NYA,NYA,0.6,0.7,0.325,0.331
BAL202208190,2022-08-19,BAL,BOS,0,0,4.1,5.47,1e-06,314.0609856627503,BAL,PIT,0.7,0.6,0.307,0.311
MIN202208190,2022-08-19,MIN,TEX,2,0,4.89,2.89,1e-06,1396.7696185124962,MIN,TEX,0.2,0.2,0.325,0.296
DET202208190,2022-08-19,DET,ANA,0,0,3.43,2.91,145.52553501827433,3167.1614902696224,CLE,ANA,0.2,0.2,0.292,0.286
OAK202208190,2022-08-19,OAK,SEA,2,1,3.98,4.13,2350.5503898425545,592.0809005913671,TEX,ANA,0.0,1.1,0.278,0.322
ARI202208190,2022-08-19,ARI,SLN,0,1,5.36,3.29,1050.993394248722,2043.890455711885,SFN,SLN,0.6,0.6,0.307,0.322
COL202208190,2022-08-19,COL,SFN,0,0,5.01,5.1,1279.0227614650469,1524.5101947303656,SLN,SFN,0.5,0.2,0.345,0.309
PIT202208190,2022-08-19,PIT,CIN,0,0,4.38,6.36,1e-06,415.25842934625814,PIT,CIN,0.4,0.3,0.303,0.287
PHI202208190,2022-08-19,PHI,NYN,0,1,3.25,3.42,807.0437326700402,1071.2330338826837,CIN,ATL,1.2,0.5,0.325,0.334
CHN202208190,2022-08-19,CHN,MIL,3,2,3.95,3.76,972.7856247406662,132.54357794550742,BAL,MIL,0.3,0.3,0.322,0.307
ATL202208200,2022-08-20,ATL,HOU,0,0,3.69,1.15,1e-06,1e-06,ATL,ATL,0.2,0.3,0.323,0.308
SDN202208200,2022-08-20,SDN,WAS,0,0,4.24,4.21,1e-06,1e-06,SDN,SDN,1.0,0.1,0.308,0.319
TBA202208200,2022-08-20,TBA,KCA,0,0,2.84,5.58,1e-06,1e-06,TBA,TBA,0.5,0.2,0.311,0.296
COL202208200,2022-08-20,COL,SFN,0,0,4.19,2.53,1e-06,1e-06,COL,COL,0.5,0.2,0.345,0.309
NYA202208200,2022-08-20,NYA,TOR,0,0,3.5,2.8,1e-06,1e-06,NYA,NYA,0.5,0.2,0.325,0.331
PIT202208200,2022-08-20,PIT,CIN,0,0,5.14,6.1,1e-06,1e-06,PIT,PIT,0.4,0.2,0.303,0.287
PHI202208201,2022-08-20,PHI,NYN,0,0,2.82,3.6,1e-06,1e-06,PHI,PHI,1.2,0.6,0.325,0.334
MIN202208200,2022-08-20,MIN,TEX,0,1,3.49,2.97,1e-06,1e-06,MIN,MIN,0.4,0.2,0.325,0.296
ARI202208200,2022-08-20,ARI,SLN,2,0,4.88,4.63,1e-06,1e-06,ARI,ARI,0.6,0.7,0.307,0.322
OAK202208200,2022-08-20,OAK,SEA,0,1,3.41,3.64,1e-06,1e-06,OAK,OAK,0.2,1.2,0.278,0.322
CLE202208200,2022-08-20,CLE,CHA,0,0,2.88,3.35,1e-06,1e-06,CLE,CLE,0.3,0.2,0.319,0.311
PHI202208202,2022-08-20,PHI,NYN,1,1,3.86,3.83,1e-06,1e-06,PHI,PHI,1.2,0.6,0.325,0.334
LAN202208200,2022-08-20,LAN,MIA,3,0,4.5,12.08,1e-06,1e-06,LAN,LAN,1.3,0.0,0.335,0.286
CHN202208200,2022-08-20,CHN,MIL,0,1,4.67,2.83,1e-06,1e-06,CHN,CHN,0.6,0.4,0.322,0.307
BAL202208200,2022-08-20,BAL,BOS,0,0,4.9,3.32,1e-06,1e-06,BAL,BAL,0.7,0.6,0.307,0.311
DET202208200,2022-08-20,DET,ANA,0,1,4.81,3.77,1e-06,1e-06,DET,DET,0.2,0.2,0.292,0.286
ATL202208210,2022-08-21,ATL,HOU,2,0,2.13,3.94,1e-06,1e-06,ATL,ATL,0.1,0.3,0.323,0.308
NYA202208210,2022-08-21,NYA,TOR,1,0,4.53,2.8,1e-06,1e-06,NYA,NYA,0.3,0.1,0.325,0.331
BAL202208210,2022-08-21,BAL,BOS,2,0,1.4,4.31,1e-06,1e-06,BAL,BAL,0.6,0.6,0.307,0.311
SDN202208210,2022-08-21,SDN,WAS,0,0,4.96,6.31,1e-06,1e-06,SDN,SDN,0.7,0.1,0.308,0.319
ARI202208210,2022-08-21,ARI,SLN,0,3,2.85,2.23,1e-06,1e-06,ARI,ARI,0.8,0.7,0.307,0.322
MIN202208210,2022-08-21,MIN,TEX,0,0,3.55,9.45,1e-06,1e-06,MIN,MIN,0.4,0.3,0.325,0.296
OAK202208210,2022-08-21,OAK,SEA,1,0,3.86,2.99,1e-06,1e-06,OAK,OAK,0.2,1.3,0.278,0.322
LAN202208210,2022-08-21,LAN,MIA,1,0,3.47,2.28,1e-06,1e-06,LAN,LAN,1.5,0.0,0.335,0.286
PHI202208210,2022-08-21,PHI,NYN,4,0,2.4,5.04,1e-06,1e-06,PHI,PHI,1.3,0.4,0.325,0.334
TBA202208210,2022-08-21,TBA,KCA,1,0,4.38,3.58,1e-06,1e-06,TBA,TBA,0.4,0.2,0.311,0.296
CHN202208210,2022-08-21,CHN,MIL,1,0,4.22,3.78,1e-06,1e-06,CHN,CHN,0.6,0.5,0.322,0.307
PIT202208210,2022-08-21,PIT,CIN,2,1,5.18,6.06,1e-06,1e-06,PIT,PIT,0.4,0.2,0.303,0.287
COL202208210,2022-08-21,COL,SFN,0,0,4.91,4.01,1e-06,1e-06,COL,COL,0.5,0.2,0.345,0.309
DET202208210,2022-08-21,DET,ANA,1,0,4.05,2.33,1e-06,1e-06,DET,DET,0.2,0.3,0.292,0.286
TBA202208220,2022-08-22,TBA,ANA,0,0,2.46,6.75,1e-06,1620.843911772028,TBA,DET,0.3,0.3,0.311,0.286
NYA202208220,2022-08-22,NYA,NYN,1,0,3.61,2.29,1e-06,129.48897528262268,NYA,PHI,0.4,0.4,0.325,0.334
PHI202208220,2022-08-22,PHI,CIN,0,0,3.94,4.57,1e-06,412.2899901216241,PHI,PIT,1.6,0.1,0.325,0.287
OAK202208220,2022-08-22,OAK,MIA,0,0,6.3,3.01,1e-06,552.4676717810693,OAK,LAN,0.3,0.0,0.278,0.286
MIN202208220,2022-08-22,MIN,TEX,0,0,3.08,11.57,1e-06,1e-06,MIN,MIN,0.4,0.3,0.325,0.296
CHN202208220,2022-08-22,CHN,SLN,0,0,3.47,3.48,1e-06,2336.6124175783,CHN,ARI,0.7,0.9,0.322,0.322
PIT202208220,2022-08-22,PIT,ATL,0,0,3.79,4.4,1e-06,840.3908477621023,PIT,ATL,0.6,0.6,0.303,0.309
KCA202208220,2022-08-22,KCA,CHA,4,0,4.96,6.08,1680.826511683993,1123.5230318083022,TBA,CLE,0.2,0.2,0.318,0.311
LAN202208220,2022-08-22,LAN,MIL,0,0,2.16,3.69,1e-06,2804.824680217871,LAN,CHN,1.6,0.4,0.335,0.307
DET202208230,2022-08-23,DET,SFN,0,1,4.53,2.88,1e-06,1856.9068744507315,DET,COL,0.2,0.2,0.292,0.309
KCA202208230,2022-08-23,KCA,ARI,0,0,6.45,2.85,1e-06,1686.0572513450418,KCA,ARI,0.6,0.5,0.318,0.301
SDN202208230,2022-08-23,SDN,CLE,0,0,4.33,2.25,1e-06,3267.492473719747,SDN,CLE,0.5,0.3,0.308,0.31
PIT202208230,2022-08-23,PIT,ATL,0,0,4.69,2.48,1e-06,1e-06,PIT,PIT,0.6,0.2,0.303,0.309
CHN202208231,2022-08-23,CHN,SLN,0,0,3.95,3.71,1e-06,1e-06,CHN,CHN,0.4,0.9,0.322,0.322
CHN202208232,2022-08-23,CHN,SLN,0,0,3.11,2.23,1e-06,1e-06,CHN,CHN,0.4,0.9,0.322,0.322
OAK202208230,2022-08-23,OAK,MIA,0,0,6.79,3.75,1e-06,1e-06,OAK,OAK,0.3,0.0,0.278,0.286
TBA202208230,2022-08-23,TBA,ANA,0,0,4.34,3.96,1e-06,1e-06,TBA,TBA,0.3,0.2,0.311,0.286
SEA202208230,2022-08-23,SEA,WAS,0,0,3.71,5.81,1089.6592015072615,1711.8059777853623,OAK,SDN,0.4,0.0,0.305,0.319
LAN202208230,2022-08-23,LAN,MIL,1,0,2.14,2.94,1e-06,1e-06,LAN,LAN,1.5,0.4,0.335,0.307
NYA202208230,2022-08-23,NYA,NYN,0,0,3.12,4.47,1e-06,1e-06,NYA,NYA,0.2,0.4,0.325,0.334
PHI202208230,2022-08-23,PHI,CIN,0,0,2.8,1.84,1e-06,1e-06,PHI,PHI,1.2,0.1,0.325,0.287
HOU202208230,2022-08-23,HOU,MIN,0,0,1.75,6.6,1129.120744817785,1702.4056315736932,ATL,MIN,0.8,0.4,0.329,0.309
BAL202208230,2022-08-23,BAL,CHA,3,2,4.34,2.2,1e-06,1545.5901214265937,BAL,KCA,0.8,0.2,0.307,0.311
COL202208230,2022-08-23,COL,TEX,0,3,5.7,1.97,1e-06,1123.7187605762444,COL,MIN,0.3,0.3,0.345,0.296
BOS202208230,2022-08-23,BOS,TOR,0,0,5.89,3.01,578.81170796599,306.2037667286439,BAL,NYA,0.2,0.0,0.331,0.331
PIT202208240,2022-08-24,PIT,ATL,0,0,3.91,3.19,1e-06,1e-06,PIT,PIT,0.6,0.2,0.303,0.309
COL202208240,2022-08-24,COL,TEX,0,2,5.01,2.89,1e-06,1e-06,COL,COL,0.3,0.6,0.345,0.296
BOS202208240,2022-08-24,BOS,TOR,0,0,5.78,2.8,1e-06,1e-06,BOS,BOS,0.2,0.0,0.331,0.331
KCA202208240,2022-08-24,KCA,ARI,0,0,3.23,5.22,1e-06,1e-06,KCA,KCA,0.5,0.5,0.318,0.301
TBA202208240,2022-08-24,TBA,ANA,0,0,2.42,2.61,1e-06,1e-06,TBA,TBA,0.3,0.2,0.311,0.286
SDN202208240,2022-08-24,SDN,CLE,0,1,3.38,3.38,1e-06,1e-06,SDN,SDN,0.5,0.3,0.308,0.31
CHN202208240,2022-08-24,CHN,SLN,0,0,4.22,3.29,1e-06,1e-06,CHN,CHN,0.4,0.9,0.322,0.322
BAL202208240,2022-08-24,BAL,CHA,0,2,4.7,4.9,1e-06,1e-06,BAL,BAL,1.1,0.4,0.307,0.311
OAK202208240,2022-08-24,OAK,MIA,0,0,3.12,3.55,1e-06,1e-06,OAK,OAK,0.3,0.0,0.278,0.286
DET202208240,2022-08-24,DET,SFN,0,0,3.43,2.9,1e-06,1e-06,DET,DET,0.2,0.3,0.292,0.309
SEA202208240,2022-08-24,SEA,WAS,0,1,2.67,3.51,1e-06,1e-06,SEA,SEA,0.4,0.0,0.305,0.319
LAN202208240,2022-08-24,LAN,MIL,4,1,3.1,4.73,1e-06,1e-06,LAN,LAN,1.0,0.4,0.335,0.307
HOU202208240,2022-08-24,HOU,MIN,1,0,2.82,4.89,1e-06,1e-06,HOU,HOU,0.7,0.3,0.329,0.309
PHI202208240,2022-08-24,PHI,CIN,0,0,5.63,15.19,1e-06,1e-06,PHI,PHI,0.6,0.1,0.325,0.287
NYN202208250,2022-08-25,NYN,COL,0,0,3.08,5.83,1e-06,2618.595617996944,NYA,COL,0.8,0.2,0.329,0.284
PHI202208250,2022-08-25,PHI,CIN,0,0,3.25,6.1,1e-06,1e-06,PHI,PHI,0.6,0.1,0.325,0.287
TBA202208250,2022-08-25,TBA,ANA,0,0,2.84,2.91,1e-06,1e-06,TBA,TBA,0.3,0.2,0.311,0.286
OAK202208250,2022-08-25,OAK,NYA,0,0,4.23,3.91,1e-06,4115.687447058069,OAK,NYA,0.3,0.5,0.278,0.318
CHN202208250,2022-08-25,CHN,SLN,0,3,3.5,4.45,1e-06,1e-06,CHN,CHN,0.4,0.9,0.322,0.322
BOS202208250,2022-08-25,BOS,TOR,0,2,2.22,2.11,1e-06,1e-06,BOS,BOS,0.2,0.0,0.331,0.331
HOU202208250,2022-08-25,HOU,MIN,4,1,,4.56,1e-06,1e-06,HOU,HOU,0.8,0.3,0.329,0.309
SEA202208250,2022-08-25,SEA,CLE,3,1,4.13,2.96,1e-06,1711.8059777853623,SEA,SDN,0.2,0.4,0.305,0.31
BAL202208250,2022-08-25,BAL,CHA,2,1,2.19,4.99,1e-06,1e-06,BAL,BAL,1.1,0.6,0.307,0.311
KCA202208260,2022-08-26,KCA,SDN,0,3,5.58,2.27,1e-06,2147.4778828729673,KCA,SDN,0.5,0.5,0.318,0.323
OAK202208260,2022-08-26,OAK,NYA,0,0,3.86,3.5,1e-06,1e-06,OAK,OAK,0.3,0.5,0.278,0.318
WAS202208260,2022-08-26,WAS,CIN,0,2,14.54,6.06,3737.7812997837673,197.2342958595587,SEA,PHI,0.1,0.1,0.301,0.287
BOS202208260,2022-08-26,BOS,TBA,0,1,3.32,4.5,1e-06,1926.694381718032,BOS,TBA,0.2,0.3,0.331,0.303
MIL202208260,2022-08-26,MIL,CHN,0,0,1.93,8.78,2799.844413597458,132.54357794550742,LAN,CHN,1.1,0.7,0.324,0.301
NYN202208260,2022-08-26,NYN,COL,0,0,1.31,1.79,1e-06,1e-06,NYN,NYN,0.8,0.0,0.329,0.284
MIN202208260,2022-08-26,MIN,SFN,2,0,3.55,5.1,1702.4056315736932,872.516450655481,HOU,DET,0.4,0.3,0.325,0.309
SEA202208260,2022-08-26,SEA,CLE,0,0,2.99,1.36,1e-06,1e-06,SEA,SEA,0.5,0.5,0.305,0.31
PHI202208260,2022-08-26,PHI,PIT,4,0,3.86,5.52,1e-06,412.2899901216241,PHI,PIT,0.5,0.0,0.325,0.28
SLN202208260,2022-08-26,SLN,ATL,0,0,2.93,2.67,422.4920912040455,898.8824563980571,CHN,PIT,0.9,0.2,0.326,0.309
TEX202208260,2022-08-26,TEX,DET,1,0,4.64,4.81,1052.76358222127,1624.6230769135182,COL,DET,0.2,0.4,0.306,0.281
CHA202208260,2022-08-26,CHA,ARI,0,0,3.35,5.36,972.7856247406662,663.9206411727051,BAL,KCA,0.5,0.2,0.31,0.301
TOR202208260,2022-08-26,TOR,ANA,0,0,5.45,3.77,691.6136251477402,1789.459752085548,BOS,TBA,0.4,0.2,0.326,0.286
MIA202208260,2022-08-26,MIA,LAN,0,0,9.82,2.45,4154.555160966592,3756.8524313396424,OAK,LAN,0.1,0.6,0.302,0.33
HOU202208260,2022-08-26,HOU,BAL,0,0,2.54,4.9,1e-06,2013.2384377541168,HOU,BAL,1.1,0.3,0.329,0.304
MIL202208270,2022-08-27,MIL,CHN,0,0,4.76,4.22,1e-06,1e-06,MIL,MIL,0.8,0.7,0.324,0.301
MIA202208270,2022-08-27,MIA,LAN,0,0,2.28,4.5,1e-06,1e-06,MIA,MIA,0.1,0.6,0.302,0.33
MIN202208270,2022-08-27,MIN,SFN,0,0,1.86,4.01,1e-06,1e-06,MIN,MIN,0.6,0.2,0.325,0.309
KCA202208270,2022-08-27,KCA,SDN,3,0,5.13,3.1,1e-06,1e-06,KCA,KCA,0.5,0.8,0.318,0.323
TOR202208270,2022-08-27,TOR,ANA,0,0,2.24,2.33,1e-06,1e-06,TOR,TOR,0.4,0.1,0.326,0.286
TEX202208270,2022-08-27,TEX,DET,1,2,9.2,4.05,1e-06,1e-06,TEX,TEX,0.2,0.4,0.306,0.281
SLN202208270,2022-08-27,SLN,ATL,0,0,1.25,3.38,1e-06,1e-06,SLN,SLN,0.9,0.2,0.326,0.309
CHA202208270,2022-08-27,CHA,ARI,3,0,4.83,3.37,1e-06,1e-06,CHA,CHA,0.5,0.2,0.31,0.301
PHI202208270,2022-08-27,PHI,PIT,3,0,5.05,5.14,1e-06,1e-06,PHI,PHI,0.9,0.0,0.325,0.28
BOS202208270,2022-08-27,BOS,TBA,4,0,4.27,2.46,1e-06,1e-06,BOS,BOS,0.2,0.4,0.331,0.303
NYN202208270,2022-08-27,NYN,COL,1,0,3.83,4.53,1e-06,1e-06,NYN,NYN,0.6,0.0,0.329,0.284
SEA202208270,2022-08-27,SEA,CLE,0,0,2.49,4.31,1e-06,1e-06,SEA,SEA,0.5,0.5,0.305,0.31
OAK202208270,2022-08-27,OAK,NYA,0,0,3.23,4.53,1e-06,1e-06,OAK,OAK,0.3,0.4,0.278,0.318
WAS202208270,2022-08-27,WAS,CIN,0,1,4.84,4.5,1e-06,1e-06,WAS,WAS,0.1,0.3,0.301,0.287
HOU202208270,2022-08-27,HOU,BAL,0,0,3.94,3.23,1e-06,1e-06,HOU,HOU,0.9,0.2,0.329,0.304
MIA202208280,2022-08-28,MIA,LAN,0,2,3.01,2.16,1e-06,1e-06,MIA,MIA,0.1,0.6,0.302,0.33
PHI202208280,2022-08-28,PHI,PIT,0,1,3.94,3.79,1e-06,1e-06,PHI,PHI,1.2,0.0,0.325,0.28
TEX202208280,2022-08-28,TEX,DET,0,0,9.45,4.53,1e-06,1e-06,TEX,TEX,0.3,0.6,0.306,0.281
NYN202208280,2022-08-28,NYN,COL,0,0,2.29,4.95,1e-06,1e-06,NYN,NYN,0.7,0.0,0.329,0.284
OAK202208280,2022-08-28,OAK,NYA,2,0,6.24,3.12,1e-06,1e-06,OAK,OAK,0.3,0.4,0.278,0.318
MIL202208280,2022-08-28,MIL,CHN,0,1,3.69,8.78,1e-06,1e-06,MIL,MIL,0.6,0.6,0.324,0.301
SLN202208280,2022-08-28,SLN,ATL,0,0,1.25,2.06,1e-06,1e-06,SLN,SLN,0.9,0.1,0.326,0.309
KCA202208280,2022-08-28,KCA,SDN,5,1,5.28,4.96,1e-06,1e-06,KCA,KCA,0.8,0.8,0.318,0.323
CHA202208280,2022-08-28,CHA,ARI,0,0,3.18,5.22,1e-06,1e-06,CHA,CHA,0.5,0.2,0.31,0.301
HOU202208280,2022-08-28,HOU,BAL,0,0,1.15,4.34,1e-06,1e-06,HOU,HOU,0.9,0.2,0.329,0.304
SEA202208280,2022-08-28,SEA,CLE,0,0,3.71,4.92,1e-06,1e-06,SEA,SEA,0.5,0.5,0.305,0.31
BOS202208280,2022-08-28,BOS,TBA,0,0,4.56,4.34,1e-06,1e-06,BOS,BOS,0.6,0.4,0.331,0.303
MIN202208280,2022-08-28,MIN,SFN,0,0,3.71,4.42,1e-06,1e-06,MIN,MIN,0.6,0.2,0.325,0.309
WAS202208280,2022-08-28,WAS,CIN,0,1,6.31,3.66,1e-06,1e-06,WAS,WAS,0.0,0.4,0.301,0.287
TOR202208280,2022-08-28,TOR,ANA,0,0,3.01,3.22,1e-06,1e-06,TOR,TOR,0.4,0.1,0.326,0.286
ANA202208290,2022-08-29,ANA,NYA,0,0,3.96,4.05,3477.996626466436,592.0809005913671,TOR,OAK,0.5,0.3,0.308,0.318
TOR202208290,2022-08-29,TOR,CHN,0,0,3.1,3.99,1e-06,695.7214064772647,TOR,MIL,0.3,0.6,0.326,0.301
CIN202208290,2022-08-29,CIN,SLN,0,0,6.38,4.26,647.9323389925676,494.9532553693752,WAS,SLN,0.4,1.2,0.321,0.322
SFN202208290,2022-08-29,SFN,SDN,0,3,2.88,4.33,2544.035408277149,2419.4492026360936,MIN,KCA,0.1,0.9,0.322,0.323
MIA202208290,2022-08-29,MIA,LAN,1,0,3.09,3.75,1e-06,1e-06,MIA,MIA,0.1,0.8,0.302,0.33
MIL202208290,2022-08-29,MIL,PIT,0,0,1.93,4.38,1e-06,1117.7982780855818,MIL,PHI,0.6,0.1,0.324,0.28
ARI202208290,2022-08-29,ARI,PHI,0,2,10.59,5.63,2336.6124175783,3344.1998186127516,CHA,PHI,0.7,0.3,0.307,0.304
MIN202208290,2022-08-29,MIN,BOS,0,0,3.49,4.71,1e-06,1804.1923618308683,MIN,BOS,0.6,0.6,0.325,0.311
DET202208300,2022-08-30,DET,SEA,0,0,3.43,3.39,1624.6230769135182,3110.621572335556,TEX,SEA,0.1,1.1,0.292,0.322
MIN202208300,2022-08-30,MIN,BOS,2,0,3.39,5.47,1e-06,1e-06,MIN,MIN,0.6,0.4,0.325,0.311
MIL202208300,2022-08-30,MIL,PIT,0,0,2.95,4.39,1e-06,1e-06,MIL,MIL,0.6,0.1,0.324,0.28
TEX202208300,2022-08-30,TEX,HOU,0,1,4.46,2.82,1e-06,368.5990384284446,TEX,HOU,0.3,0.3,0.306,0.308
CLE202208300,2022-08-30,CLE,BAL,0,0,3.38,4.7,3251.6066902182984,1793.7234420980124,SEA,HOU,0.3,0.2,0.319,0.304
CHA202208300,2022-08-30,CHA,KCA,0,0,4.9,3.58,1e-06,663.9206411727051,CHA,KCA,0.4,0.2,0.31,0.296
SFN202208300,2022-08-30,SFN,SDN,0,0,2.9,3.38,1e-06,1e-06,SFN,SFN,0.1,1.2,0.322,0.323
WAS202208300,2022-08-30,WAS,OAK,2,1,5.81,3.98,1e-06,3906.884032068614,WAS,OAK,0.0,0.2,0.301,0.283
ARI202208300,2022-08-30,ARI,PHI,0,0,2.54,3.25,1e-06,1e-06,ARI,ARI,0.6,0.5,0.307,0.304
CIN202208300,2022-08-30,CIN,SLN,0,0,4.12,4.45,1e-06,1e-06,CIN,CIN,0.3,0.7,0.321,0.322
TOR202208300,2022-08-30,TOR,CHN,0,0,3.35,40.5,1e-06,1e-06,TOR,TOR,0.3,0.3,0.326,0.301
MIA202208300,2022-08-30,MIA,TBA,0,0,3.32,2.42,1e-06,2024.1956124919243,MIA,BOS,0.2,0.4,0.302,0.303
ANA202208300,2022-08-30,ANA,NYA,0,1,5.68,5.56,1e-06,1e-06,ANA,ANA,0.4,0.1,0.308,0.318
ATL202208300,2022-08-30,ATL,COL,0,0,2.48,5.01,751.930362209131,1200.4511584455877,SLN,NYN,0.2,0.0,0.323,0.284
NYN202208300,2022-08-30,NYN,LAN,1,0,4.47,7.36,1e-06,1756.5620451799746,NYN,MIA,0.7,0.8,0.329,0.33
CIN202208310,2022-08-31,CIN,SLN,0,0,6.38,3.17,1e-06,1e-06,CIN,CIN,0.1,0.7,0.321,0.322
NYN202208310,2022-08-31,NYN,LAN,0,0,3.08,2.57,1e-06,1e-06,NYN,NYN,0.6,0.3,0.329,0.33
MIN202208310,2022-08-31,MIN,BOS,0,0,3.55,3.32,1e-06,1e-06,MIN,MIN,0.8,0.4,0.325,0.311
TEX202208310,2022-08-31,TEX,HOU,2,1,2.89,2.54,1e-06,1e-06,TEX,TEX,0.3,0.4,0.306,0.308
MIA202208310,2022-08-31,MIA,TBA,0,0,4.33,1.56,1e-06,1e-06,MIA,MIA,0.2,0.4,0.302,0.303
CLE202208310,2022-08-31,CLE,BAL,0,0,2.96,4.42,1e-06,1e-06,CLE,CLE,0.3,0.2,0.319,0.304
MIL202208310,2022-08-31,MIL,PIT,0,0,4.76,8.88,1e-06,1e-06,MIL,MIL,0.5,0.1,0.324,0.28
DET202208310,2022-08-31,DET,SEA,0,2,3.41,4.13,1e-06,1e-06,DET,DET,0.1,0.5,0.292,0.322
ANA202208310,2022-08-31,ANA,NYA,0,0,2.91,3.5,1e-06,1e-06,ANA,ANA,0.3,0.2,0.308,0.318
ARI202208310,2022-08-31,ARI,PHI,0,1,5.36,3.86,1e-06,1e-06,ARI,ARI,0.5,0.3,0.307,0.304
SFN202208310,2022-08-31,SFN,SDN,0,0,5.1,2.93,1e-06,1e-06,SFN,SFN,0.1,1.2,0.322,0.323
CHA202208310,2022-08-31,CHA,KCA,0,0,3.99,5.58,1e-06,1e-06,CHA,CHA,0.4,0.2,0.31,0.296
WAS202208310,2022-08-31,WAS,OAK,0,0,4.28,4.23,1e-06,1e-06,WAS,WAS,0.2,0.3,0.301,0.283
TOR202208310,2022-08-31,TOR,CHN,0,1,5.45,3.29,1e-06,1e-06,TOR,TOR,0.3,0.3,0.326,0.301
ATL202208310,2022-08-31,ATL,COL,2,0,3.19,5.83,1e-06,1e-06,ATL,ATL,0.2,0.0,0.323,0.284
ARI202209010,2022-09-01,ARI,MIL,2,0,3.37,3.05,1e-06,2349.997873269975,ARI,MIL,0.3,0.4,0.307,0.307
WAS202209010,2022-09-01,WAS,OAK,1,0,2.52,7.11,1e-06,1e-06,WAS,WAS,0.2,0.3,0.301,0.283
NYN202209010,2022-09-01,NYN,LAN,1,0,3.42,3.05,1e-06,1e-06,NYN,NYN,0.6,0.3,0.329,0.33
CHA202209010,2022-09-01,CHA,KCA,0,0,3.35,5.14,1e-06,1e-06,CHA,CHA,0.3,0.2,0.31,0.296
BOS202209010,2022-09-01,BOS,TEX,0,0,6.09,2.97,1804.1923618308683,2512.560414403036,MIN,TEX,0.6,0.8,0.331,0.296
CLE202209010,2022-09-01,CLE,BAL,0,2,2.88,4.9,1e-06,1e-06,CLE,CLE,0.2,0.1,0.319,0.304
DET202209010,2022-09-01,DET,SEA,0,1,4.05,3.2,1e-06,1e-06,DET,DET,0.1,0.7,0.292,0.322
ATL202209010,2022-09-01,ATL,COL,0,0,2.67,5.72,1e-06,1e-06,ATL,ATL,0.4,0.0,0.323,0.284
LAN202209020,2022-09-02,LAN,SDN,0,0,4.5,3.1,3936.366792360479,559.4406195325591,NYN,SFN,1.0,1.2,0.335,0.323
BAL202209020,2022-09-02,BAL,OAK,0,0,3.05,3.33,495.2645964012307,55.02896457567408,CLE,WAS,1.2,0.3,0.307,0.283
NYN202209020,2022-09-02,NYN,WAS,0,0,3.38,5.02,1e-06,326.3648041771951,NYN,WAS,0.5,0.1,0.329,0.319
PIT202209020,2022-09-02,PIT,TOR,0,0,5.14,2.24,722.0054120555708,360.601143606632,MIL,TOR,0.6,0.2,0.303,0.331
ARI202209020,2022-09-02,ARI,MIL,0,0,2.19,3.69,1e-06,1e-06,ARI,ARI,0.5,0.4,0.307,0.307
ATL202209020,2022-09-02,ATL,MIA,0,0,4.34,2.28,1e-06,973.359131898138,ATL,MIA,0.4,0.0,0.323,0.286
TBA202209020,2022-09-02,TBA,NYA,0,0,2.46,3.61,319.9354673545946,3425.3074193268753,MIA,ANA,0.3,0.2,0.311,0.318
DET202209020,2022-09-02,DET,KCA,0,0,2.83,7.39,1e-06,380.91207013286544,DET,CHA,0.1,0.2,0.292,0.296
SLN202209020,2022-09-02,SLN,CHN,2,0,3.48,3.11,494.9532553693752,1062.9448026030143,CIN,TOR,0.8,0.4,0.326,0.301
CLE202209020,2022-09-02,CLE,SEA,0,1,2.28,2.99,1e-06,145.52553501827433,CLE,DET,0.1,0.6,0.319,0.322
CIN202209020,2022-09-02,CIN,COL,0,0,1.84,5.74,1e-06,595.1171397463928,CIN,ATL,0.1,0.0,0.321,0.284
ANA202209020,2022-09-02,ANA,HOU,0,0,3.77,2.27,1e-06,1938.7751997181072,ANA,TEX,0.3,0.5,0.308,0.308
BOS202209020,2022-09-02,BOS,TEX,1,0,5.13,9.2,1e-06,1e-06,BOS,BOS,0.5,0.7,0.331,0.296
SFN202209020,2022-09-02,SFN,PHI,4,0,3.73,5.05,1e-06,1050.993394248722,SFN,ARI,0.1,0.4,0.322,0.304
CHA202209020,2022-09-02,CHA,MIN,0,2,2.81,2.54,1e-06,571.0232496384983,CHA,MIN,0.3,0.4,0.31,0.309
BAL202209030,2022-09-03,BAL,OAK,2,1,3.2,6.3,1e-06,1e-06,BAL,BAL,1.2,0.3,0.307,0.283
TBA202209030,2022-09-03,TBA,NYA,0,0,4.34,3.12,1e-06,1e-06,TBA,TBA,0.2,0.1,0.311,0.318
ATL202209030,2022-09-03,ATL,MIA,0,0,3.5,2.98,1e-06,1e-06,ATL,ATL,0.4,0.0,0.323,0.286
BOS202209030,2022-09-03,BOS,TEX,1,0,4.71,5.22,1e-06,1e-06,BOS,BOS,0.6,0.6,0.331,0.296
CLE202209030,2022-09-03,CLE,SEA,0,1,5.79,3.71,1e-06,1e-06,CLE,CLE,0.1,0.7,0.319,0.322
NYN202209030,2022-09-03,NYN,WAS,0,1,2.06,6.31,1e-06,1e-06,NYN,NYN,0.5,0.1,0.329,0.319
ARI202209030,2022-09-03,ARI,MIL,1,0,2.85,1.93,1e-06,1e-06,ARI,ARI,0.4,0.4,0.307,0.307
PIT202209030,2022-09-03,PIT,TOR,0,0,4.4,3.1,1e-06,1e-06,PIT,PIT,0.6,0.2,0.303,0.331
DET202209030,2022-09-03,DET,KCA,0,1,5.79,5.28,1e-06,1e-06,DET,DET,0.1,0.0,0.292,0.296
SFN202209030,2022-09-03,SFN,PHI,1,0,5.08,2.8,1e-06,1e-06,SFN,SFN,0.5,0.4,0.322,0.304
SLN202209030,2022-09-03,SLN,CHN,2,3,3.71,3.47,1e-06,1e-06,SLN,SLN,0.9,0.2,0.326,0.301
ANA202209030,2022-09-03,ANA,HOU,0,0,3.61,,1e-06,1e-06,ANA,ANA,0.2,0.5,0.308,0.308
CHA202209030,2022-09-03,CHA,MIN,4,0,2.2,4.4,1e-06,1e-06,CHA,CHA,0.3,0.6,0.31,0.309
LAN202209030,2022-09-03,LAN,SDN,2,0,2.16,4.96,1e-06,1e-06,LAN,LAN,1.0,1.2,0.335,0.323
BAL202209040,2022-09-04,BAL,OAK,0,0,4.7,6.24,1e-06,1e-06,BAL,BAL,1.1,0.4,0.307,0.283
DET202209040,2022-09-04,DET,KCA,0,0,3.28,2.78,1e-06,1e-06,DET,DET,0.1,0.1,0.292,0.296
BOS202209040,2022-09-04,BOS,TEX,4,2,6.35,4.46,1e-06,1e-06,BOS,BOS,0.7,0.6,0.331,0.296
SFN202209040,2022-09-04,SFN,PHI,0,0,2.53,2.4,1e-06,1e-06,SFN,SFN,0.5,0.3,0.322,0.304
SLN202209040,2022-09-04,SLN,CHN,0,0,3.29,3.12,1e-06,1e-06,SLN,SLN,0.9,0.5,0.326,0.301
CIN202209041,2022-09-04,CIN,COL,0,0,6.36,4.95,1e-06,1e-06,CIN,CIN,0.1,0.0,0.321,0.284
CIN202209042,2022-09-04,CIN,COL,0,0,4.12,5.01,1e-06,1e-06,CIN,CIN,0.1,0.0,0.321,0.284
ANA202209040,2022-09-04,ANA,HOU,0,0,6.75,3.94,1e-06,1e-06,ANA,ANA,0.2,0.3,0.308,0.308
ARI202209040,2022-09-04,ARI,MIL,0,0,2.54,5.4,1e-06,1e-06,ARI,ARI,0.5,0.4,0.307,0.307
CLE202209040,2022-09-04,CLE,SEA,1,1,2.69,1.35,1e-06,1e-06,CLE,CLE,0.1,0.7,0.319,0.322
PIT202209040,2022-09-04,PIT,TOR,0,0,4.4,3.01,1e-06,1e-06,PIT,PIT,0.6,0.2,0.303,0.331
ATL202209040,2022-09-04,ATL,MIA,0,0,2.48,3.75,1e-06,1e-06,ATL,ATL,0.4,0.0,0.323,0.286
LAN202209040,2022-09-04,LAN,SDN,0,0,2.15,4.33,1e-06,1e-06,LAN,LAN,1.2,1.2,0.335,0.323
CHA202209040,2022-09-04,CHA,MIN,0,0,4.9,4.89,1e-06,1e-06,CHA,CHA,0.7,0.6,0.31,0.309
NYN202209040,2022-09-04,NYN,WAS,0,1,3.97,5.81,1e-06,1e-06,NYN,NYN,0.4,0.2,0.329,0.319
TBA202209040,2022-09-04,TBA,NYA,0,1,4.38,4.05,1e-06,1e-06,TBA,TBA,0.2,0.1,0.311,0.318
NYA202209050,2022-09-05,NYA,MIN,1,0,5.56,4.8,1638.0556824552712,1144.129935670241,TBA,CHA,0.2,0.6,0.325,0.309
BAL202209052,2022-09-05,BAL,TOR,0,0,3.2,5.23,1e-06,1e-06,BAL,BAL,0.9,0.2,0.307,0.331
HOU202209050,2022-09-05,HOU,TEX,0,0,0.89,2.89,2169.9670210701,2582.243070652819,ANA,BOS,0.9,0.8,0.329,0.296
TBA202209050,2022-09-05,TBA,BOS,1,1,5.48,6.09,1e-06,1926.694381718032,TBA,BOS,0.1,0.4,0.311,0.311
ANA202209050,2022-09-05,ANA,DET,2,0,3.96,4.81,1e-06,3167.1614902696224,ANA,DET,0.2,0.6,0.308,0.281
SLN202209050,2022-09-05,SLN,WAS,0,0,4.25,4.28,1e-06,1403.0288811452067,SLN,NYN,0.9,0.3,0.326,0.319
SEA202209050,2022-09-05,SEA,CHA,0,0,4.13,3.99,3251.6066902182984,2788.668911659839,CLE,CHA,0.5,0.7,0.305,0.311
SDN202209050,2022-09-05,SDN,ARI,0,0,3.38,1.47,179.52869961196944,481.0116378281714,LAN,ARI,0.0,0.1,0.308,0.301
LAN202209050,2022-09-05,LAN,SFN,2,0,3.1,2.9,1e-06,559.4406195325591,LAN,SFN,1.1,0.2,0.335,0.309
BAL202209051,2022-09-05,BAL,TOR,1,0,4.72,3.35,1e-06,314.0609856627503,BAL,PIT,0.9,0.2,0.307,0.331
KCA202209050,2022-09-05,KCA,CLE,0,0,7.39,3.38,1034.95696626315,1123.5230318083022,DET,CLE,1.3,0.4,0.318,0.31
COL202209050,2022-09-05,COL,MIL,3,0,5.83,4.73,1756.1898521305268,942.6579354569092,CIN,ARI,0.0,0.4,0.345,0.307
OAK202209060,2022-09-06,OAK,ATL,1,3,3.23,3.76,3931.3055139950993,3423.460480270077,BAL,ATL,0.5,0.1,0.278,0.309
TBA202209060,2022-09-06,TBA,BOS,3,0,3.91,4.27,1e-06,1e-06,TBA,TBA,0.2,0.5,0.311,0.311
ANA202209060,2022-09-06,ANA,DET,1,0,3.61,2.83,1e-06,1e-06,ANA,ANA,0.4,0.6,0.308,0.281
PIT202209060,2022-09-06,PIT,NYN,0,0,3.91,3.49,1e-06,505.04779123783345,PIT,NYN,0.4,0.4,0.303,0.334
SLN202209060,2022-09-06,SLN,WAS,0,0,2.93,4.84,1e-06,1e-06,SLN,SLN,0.9,0.3,0.326,0.319
SEA202209060,2022-09-06,SEA,CHA,0,0,3.2,3.35,1e-06,1e-06,SEA,SEA,0.4,0.7,0.305,0.311
SDN202209060,2022-09-06,SDN,ARI,0,1,3.47,5.36,1e-06,1e-06,SDN,SDN,0.0,0.0,0.308,0.301
COL202209060,2022-09-06,COL,MIL,0,3,1.79,4.76,1e-06,1e-06,COL,COL,0.3,0.2,0.345,0.307
LAN202209060,2022-09-06,LAN,SFN,0,1,2.57,3.74,1e-06,1e-06,LAN,LAN,1.3,0.1,0.335,0.309
KCA202209060,2022-09-06,KCA,CLE,0,0,5.58,2.88,1e-06,1e-06,KCA,KCA,1.3,0.4,0.318,0.31
HOU202209060,2022-09-06,HOU,TEX,0,0,2.82,5.13,1e-06,1e-06,HOU,HOU,0.9,0.8,0.329,0.296
PHI202209060,2022-09-06,PHI,MIA,0,0,2.4,4.33,4049.99076989334,1071.2330338826837,SFN,ATL,1.2,0.0,0.325,0.286
BAL202209060,2022-09-06,BAL,TOR,0,0,3.05,5.45,1e-06,1e-06,BAL,BAL,1.0,0.2,0.307,0.331
CHN202209060,2022-09-06,CHN,CIN,1,2,2.18,4.5,422.4920912040455,406.2527329885922,SLN,CIN,0.4,0.5,0.322,0.287
SEA202209070,2022-09-07,SEA,CHA,0,0,3.64,2.36,1e-06,1e-06,SEA,SEA,0.3,0.7,0.305,0.311
CHN202209070,2022-09-07,CHN,CIN,0,0,3.11,6.06,1e-06,1e-06,CHN,CHN,0.5,0.7,0.322,0.287
HOU202209070,2022-09-07,HOU,TEX,0,1,3.72,2.97,1e-06,1e-06,HOU,HOU,0.9,0.7,0.329,0.296
PHI202209070,2022-09-07,PHI,MIA,0,1,3.86,5.47,1e-06,1e-06,PHI,PHI,1.2,0.0,0.325,0.286
NYA202209072,2022-09-07,NYA,MIN,0,0,3.5,3.55,1e-06,1e-06,NYA,NYA,0.3,0.6,0.325,0.309
KCA202209070,2022-09-07,KCA,CLE,0,0,2.18,1.36,1e-06,1e-06,KCA,KCA,1.3,0.4,0.318,0.31
OAK202209070,2022-09-07,OAK,ATL,2,0,4.93,2.67,1e-06,1e-06,OAK,OAK,0.4,0.4,0.278,0.309
NYA202209071,2022-09-07,NYA,MIN,0,2,5.56,4.8,1e-06,1e-06,NYA,NYA,0.3,0.6,0.325,0.309
LAN202209070,2022-09-07,LAN,SFN,0,0,1.14,5.08,1e-06,1e-06,LAN,LAN,1.3,0.2,0.335,0.309
SLN202209070,2022-09-07,SLN,WAS,0,0,2.23,3.51,1e-06,1e-06,SLN,SLN,0.9,0.3,0.326,0.319
TBA202209070,2022-09-07,TBA,BOS,0,0,0.0,4.56,1e-06,1e-06,TBA,TBA,0.5,0.1,0.311,0.311
BAL202209070,2022-09-07,BAL,TOR,1,0,3.23,2.24,1e-06,1e-06,BAL,BAL,1.0,0.2,0.307,0.331
PIT202209072,2022-09-07,PIT,NYN,0,0,3.21,3.08,1e-06,1e-06,PIT,PIT,0.2,0.4,0.303,0.334
SDN202209070,2022-09-07,SDN,ARI,0,0,3.1,5.36,1e-06,1e-06,SDN,SDN,0.0,0.1,0.308,0.301
PIT202209071,2022-09-07,PIT,NYN,0,1,4.4,3.42,1e-06,1e-06,PIT,PIT,0.2,0.4,0.303,0.334
COL202209070,2022-09-07,COL,MIL,0,0,4.53,3.69,1e-06,1e-06,COL,COL,0.3,0.4,0.345,0.307
ANA202209070,2022-09-07,ANA,DET,0,0,3.98,1.08,1e-06,1e-06,ANA,ANA,0.4,0.6,0.308,0.281
OAK202209080,2022-09-08,OAK,CHA,0,2,3.86,2.2,1e-06,1089.6592015072615,OAK,SEA,0.6,0.7,0.278,0.311
SLN202209080,2022-09-08,SLN,WAS,1,0,3.17,2.92,1e-06,1e-06,SLN,SLN,0.7,0.3,0.326,0.319
CHN202209080,2022-09-08,CHN,CIN,0,0,3.99,1.84,1e-06,1e-06,CHN,CHN,0.5,0.7,0.322,0.287
NYA202209080,2022-09-08,NYA,MIN,0,0,2.72,3.36,1e-06,1e-06,NYA,NYA,0.3,0.7,0.325,0.309
PHI202209080,2022-09-08,PHI,MIA,0,0,2.4,3.02,1e-06,1e-06,PHI,PHI,1.1,0.1,0.325,0.286
MIL202209082,2022-09-08,MIL,SFN,3,0,2.83,2.36,1465.0252316671194,2799.844413597458,COL,LAN,0.3,0.2,0.324,0.309
MIL202209081,2022-09-08,MIL,SFN,0,0,2.94,4.42,1e-06,1e-06,MIL,MIL,0.6,0.2,0.324,0.309
NYA202209090,2022-09-09,NYA,TBA,0,1,4.05,2.84,1e-06,1638.0556824552712,NYA,TBA,0.3,0.4,0.325,0.303
PIT202209090,2022-09-09,PIT,SLN,0,0,3.79,3.29,1e-06,898.8824563980571,PIT,SLN,0.2,0.6,0.303,0.322
BAL202209090,2022-09-09,BAL,BOS,0,0,7.02,4.71,1e-06,1393.7772067986984,BAL,TBA,0.9,0.1,0.307,0.311
HOU202209090,2022-09-09,HOU,ANA,0,0,2.27,3.22,1e-06,2169.9670210701,HOU,ANA,0.7,0.1,0.329,0.286
MIA202209090,2022-09-09,MIA,NYN,2,0,3.01,3.83,1644.1190984600378,1630.230113794326,PHI,PIT,0.2,0.3,0.302,0.334
OAK202209090,2022-09-09,OAK,CHA,1,0,3.12,2.36,1e-06,1e-06,OAK,OAK,0.5,0.9,0.278,0.311
KCA202209090,2022-09-09,KCA,DET,0,0,5.13,3.03,1e-06,2158.345510444982,KCA,ANA,1.3,0.6,0.318,0.281
COL202209090,2022-09-09,COL,ARI,1,1,1.79,4.11,1e-06,1340.79250926624,COL,SDN,0.3,0.1,0.345,0.301
MIL202209090,2022-09-09,MIL,CIN,0,5,5.4,3.66,1e-06,132.54357794550742,MIL,CHN,0.4,0.6,0.324,0.287
SEA202209090,2022-09-09,SEA,ATL,0,2,3.71,4.34,1e-06,1089.6592015072615,SEA,OAK,0.3,0.3,0.305,0.309
PHI202209090,2022-09-09,PHI,WAS,0,0,3.94,6.31,1e-06,1300.629186583633,PHI,SLN,0.7,0.3,0.325,0.319
TEX202209090,2022-09-09,TEX,TOR,0,1,2.83,3.14,368.5990384284446,1968.7690954443951,HOU,BAL,0.5,0.2,0.306,0.331
SDN202209090,2022-09-09,SDN,LAN,0,1,4.24,7.36,1e-06,179.52869961196944,SDN,LAN,0.0,0.2,0.308,0.33
MIN202209090,2022-09-09,MIN,CLE,0,4,4.89,3.38,1636.0526645605564,662.9211681328137,NYA,KCA,0.6,0.3,0.325,0.31
CHN202209090,2022-09-09,CHN,SFN,0,0,3.47,2.88,1e-06,132.54357794550742,CHN,MIL,0.2,0.2,0.322,0.309
MIN202209100,2022-09-10,MIN,CLE,0,2,4.56,2.96,1e-06,1e-06,MIN,MIN,0.4,0.6,0.325,0.31
BAL202209100,2022-09-10,BAL,BOS,0,4,4.42,3.32,1e-06,1e-06,BAL,BAL,0.6,0.1,0.307,0.311
HOU202209100,2022-09-10,HOU,ANA,1,1,3.94,2.33,1e-06,1e-06,HOU,HOU,0.5,0.1,0.329,0.286
PHI202209100,2022-09-10,PHI,WAS,0,0,3.65,5.81,1e-06,1e-06,PHI,PHI,0.7,0.3,0.325,0.319
TEX202209100,2022-09-10,TEX,TOR,3,4,9.45,3.35,1e-06,1e-06,TEX,TEX,0.5,0.3,0.306,0.331
NYA202209100,2022-09-10,NYA,TBA,6,0,3.91,4.34,1e-06,1e-06,NYA,NYA,0.3,0.5,0.325,0.303
OAK202209100,2022-09-10,OAK,CHA,0,0,6.24,3.99,1e-06,1e-06,OAK,OAK,0.6,0.7,0.278,0.311
PIT202209100,2022-09-10,PIT,SLN,1,0,4.38,3.05,1e-06,1e-06,PIT,PIT,0.0,0.6,0.303,0.322
SDN202209100,2022-09-10,SDN,LAN,0,0,3.38,2.16,1e-06,1e-06,SDN,SDN,0.0,0.3,0.308,0.33
COL202209100,2022-09-10,COL,ARI,0,0,5.7,4.88,1e-06,1e-06,COL,COL,0.4,0.2,0.345,0.301
CHN202209100,2022-09-10,CHN,SFN,1,0,3.5,2.9,1e-06,1e-06,CHN,CHN,0.2,0.1,0.322,0.309
MIA202209100,2022-09-10,MIA,NYN,1,0,3.75,3.97,1e-06,1e-06,MIA,MIA,0.4,0.3,0.302,0.334
MIL202209100,2022-09-10,MIL,CIN,2,0,4.73,6.38,1e-06,1e-06,MIL,MIL,0.4,1.1,0.324,0.287
KCA202209100,2022-09-10,KCA,DET,1,0,5.28,3.43,1e-06,1e-06,KCA,KCA,1.2,0.6,0.318,0.281
SEA202209100,2022-09-10,SEA,ATL,0,0,3.39,2.48,1e-06,1e-06,SEA,SEA,0.3,0.5,0.305,0.309
MIN202209110,2022-09-11,MIN,CLE,0,0,4.7,2.88,1e-06,1e-06,MIN,MIN,0.4,0.8,0.325,0.31
BAL202209110,2022-09-11,BAL,BOS,0,1,4.9,4.27,1e-06,1e-06,BAL,BAL,0.6,0.5,0.307,0.311
OAK202209110,2022-09-11,OAK,CHA,1,1,3.98,3.35,1e-06,1e-06,OAK,OAK,0.6,0.7,0.278,0.311
CHN202209110,2022-09-11,CHN,SFN,0,0,2.18,5.08,1e-06,1e-06,CHN,CHN,0.2,0.1,0.322,0.309
COL202209110,2022-09-11,COL,ARI,0,0,5.83,2.54,1e-06,1e-06,COL,COL,0.4,0.2,0.345,0.301
MIA202209110,2022-09-11,MIA,NYN,0,0,3.32,3.49,1e-06,1e-06,MIA,MIA,0.5,0.2,0.302,0.334
PHI202209110,2022-09-11,PHI,WAS,1,0,3.18,3.51,1e-06,1e-06,PHI,PHI,0.7,0.3,0.325,0.319
SDN202209110,2022-09-11,SDN,LAN,0,0,2.93,3.1,1e-06,1e-06,SDN,SDN,0.0,0.3,0.308,0.33
MIL202209110,2022-09-11,MIL,CIN,2,0,3.05,6.1,1e-06,1e-06,MIL,MIL,0.5,1.1,0.324,0.287
NYA202209110,2022-09-11,NYA,TBA,3,0,2.72,8.1,1e-06,1e-06,NYA,NYA,0.9,0.5,0.325,0.303
SEA202209110,2022-09-11,SEA,ATL,1,0,2.67,3.38,1e-06,1e-06,SEA,SEA,0.3,0.5,0.305,0.309
KCA202209110,2022-09-11,KCA,DET,1,0,3.23,4.81,1e-06,1e-06,KCA,KCA,0.9,0.5,0.318,0.281
HOU202209110,2022-09-11,HOU,ANA,0,2,,6.75,1e-06,1e-06,HOU,HOU,0.6,0.1,0.329,0.286
TEX202209110,2022-09-11,TEX,TOR,1,0,2.89,5.34,1e-06,1e-06,TEX,TEX,0.8,0.7,0.306,0.331
PIT202209110,2022-09-11,PIT,SLN,0,0,2.64,4.26,1e-06,1e-06,PIT,PIT,0.1,0.3,0.303,0.322
SFN202209120,2022-09-12,SFN,ATL,0,0,3.73,2.67,2984.5094702126535,1092.0187760809354,CHN,SEA,0.5,0.5,0.322,0.309
DET202209120,2022-09-12,DET,HOU,0,2,4.05,2.82,1034.95696626315,1780.0976623230767,KCA,HOU,0.1,0.3,0.292,0.308
CIN202209120,2022-09-12,CIN,PIT,0,1,6.06,5.52,525.1892238126902,415.25842934625814,MIL,PIT,0.0,0.1,0.321,0.28
MIA202209121,2022-09-12,MIA,TEX,0,0,2.98,2.97,1e-06,1e-06,MIA,MIA,0.5,0.8,0.302,0.296
MIA202209122,2022-09-12,MIA,TEX,1,0,12.08,11.57,1e-06,1804.0128601780743,MIA,TEX,0.4,0.8,0.302,0.296
CLE202209120,2022-09-12,CLE,ANA,0,0,3.04,3.84,1013.2251113855248,1793.7234420980124,MIN,HOU,0.2,0.3,0.319,0.286
TOR202209120,2022-09-12,TOR,TBA,0,0,3.14,1.56,1953.690097165916,550.2922217550002,TEX,NYA,0.3,0.5,0.326,0.303
NYN202209120,2022-09-12,NYN,CHN,0,0,3.42,3.11,1756.5620451799746,1144.129935670241,MIA,CHN,0.3,0.5,0.329,0.301
ARI202209120,2022-09-12,ARI,LAN,0,0,2.19,2.57,942.6579354569092,481.0116378281714,COL,SDN,0.5,0.3,0.307,0.33
SLN202209130,2022-09-13,SLN,MIL,3,2,3.48,3.8,898.8824563980571,526.8349145670746,PIT,MIL,0.5,0.4,0.326,0.307
SFN202209130,2022-09-13,SFN,ATL,1,0,4.42,3.19,1e-06,1e-06,SFN,SFN,0.5,0.5,0.322,0.309
DET202209130,2022-09-13,DET,HOU,0,1,4.53,0.89,1e-06,1e-06,DET,DET,0.1,0.4,0.292,0.308
MIA202209130,2022-09-13,MIA,PHI,0,0,2.28,3.86,1e-06,1644.1190984600378,MIA,PHI,0.5,0.3,0.302,0.304
SEA202209130,2022-09-13,SEA,SDN,0,0,3.2,3.1,1e-06,1711.8059777853623,SEA,SDN,0.4,1.2,0.305,0.323
BOS202209130,2022-09-13,BOS,NYA,0,0,6.09,2.54,578.81170796599,306.2037667286439,BAL,NYA,1.0,0.2,0.331,0.318
ARI202209130,2022-09-13,ARI,LAN,0,0,3.37,2.28,1e-06,1e-06,ARI,ARI,0.5,0.3,0.307,0.33
WAS202209130,2022-09-13,WAS,BAL,1,1,2.52,3.23,197.2342958595587,55.02896457567408,PHI,BAL,0.3,0.3,0.301,0.304
CLE202209130,2022-09-13,CLE,ANA,0,0,4.54,3.96,1e-06,1e-06,CLE,CLE,0.1,0.3,0.319,0.286
TOR202209132,2022-09-13,TOR,TBA,0,0,1.54,3.99,1e-06,1e-06,TOR,TOR,0.2,0.2,0.326,0.303
MIN202209130,2022-09-13,MIN,KCA,0,0,3.55,5.58,1e-06,662.9211681328137,MIN,KCA,0.4,0.1,0.325,0.296
CIN202209131,2022-09-13,CIN,PIT,0,0,4.57,3.21,1e-06,1e-06,CIN,CIN,0.0,0.2,0.321,0.28
CIN202209132,2022-09-13,CIN,PIT,0,0,7.71,2.64,1e-06,1e-06,CIN,CIN,0.0,0.2,0.321,0.28
CHA202209130,2022-09-13,CHA,COL,3,0,3.54,5.72,2971.6570204984887,1477.450780411816,OAK,COL,0.7,0.0,0.31,0.284
NYN202209130,2022-09-13,NYN,CHN,0,0,3.08,3.11,1e-06,1e-06,NYN,NYN,0.3,0.5,0.329,0.301
TOR202209131,2022-09-13,TOR,TBA,0,1,6.75,2.46,1e-06,1e-06,TOR,TOR,0.2,0.2,0.326,0.303
TEX202209130,2022-09-13,TEX,OAK,2,3,1.97,3.23,1804.0128601780743,2350.5503898425545,MIA,OAK,0.9,0.4,0.306,0.283
SEA202209140,2022-09-14,SEA,SDN,3,0,2.99,4.33,1e-06,1e-06,SEA,SEA,0.1,0.7,0.305,0.323
MIN202209140,2022-09-14,MIN,KCA,3,0,3.08,3.68,1e-06,1e-06,MIN,MIN,0.4,0.1,0.325,0.296
SLN202209140,2022-09-14,SLN,MIL,0,0,3.71,2.94,1e-06,1e-06,SLN,SLN,0.8,0.6,0.326,0.307
CHA202209140,2022-09-14,CHA,COL,0,0,2.2,4.53,1e-06,1e-06,CHA,CHA,1.0,0.0,0.31,0.284
TEX202209140,2022-09-14,TEX,OAK,0,0,2.83,2.7,1e-06,1e-06,TEX,TEX,1.0,0.7,0.306,0.283
NYN202209140,2022-09-14,NYN,CHN,0,6,3.83,3.47,1e-06,1e-06,NYN,NYN,0.3,0.5,0.329,0.301
CLE202209140,2022-09-14,CLE,ANA,0,0,2.69,3.61,1e-06,1e-06,CLE,CLE,0.1,0.3,0.319,0.286
DET202209140,2022-09-14,DET,HOU,0,0,3.03,2.54,1e-06,1e-06,DET,DET,0.0,0.5,0.292,0.308
ARI202209140,2022-09-14,ARI,LAN,1,0,4.3,3.75,1e-06,1e-06,ARI,ARI,0.3,0.3,0.307,0.33
TOR202209140,2022-09-14,TOR,TBA,1,0,3.01,2.84,1e-06,1e-06,TOR,TOR,0.0,0.2,0.326,0.303
CIN202209140,2022-09-14,CIN,PIT,0,0,3.66,5.14,1e-06,1e-06,CIN,CIN,0.0,0.2,0.321,0.28
MIA202209140,2022-09-14,MIA,PHI,1,0,3.01,5.05,1e-06,1e-06,MIA,MIA,0.5,0.3,0.302,0.304
WAS202209140,2022-09-14,WAS,BAL,0,0,2.92,4.34,1e-06,1e-06,WAS,WAS,0.4,0.4,0.301,0.304
BOS202209140,2022-09-14,BOS,NYA,0,0,4.71,2.44,1e-06,1e-06,BOS,BOS,1.0,0.2,0.331,0.318
SFN202209140,2022-09-14,SFN,ATL,0,0,2.88,4.34,1e-06,1e-06,SFN,SFN,0.6,0.5,0.322,0.309
ARI202209150,2022-09-15,ARI,SDN,0,0,1.48,4.96,1e-06,1793.290239503433,ARI,SEA,0.4,0.4,0.307,0.323
TOR202209150,2022-09-15,TOR,TBA,0,0,3.35,2.54,1e-06,1e-06,TOR,TOR,0.1,0.2,0.326,0.303
MIA202209150,2022-09-15,MIA,PHI,0,0,3.75,3.94,1e-06,1e-06,MIA,MIA,0.6,0.3,0.302,0.304
NYN202209150,2022-09-15,NYN,PIT,2,0,3.97,4.69,1e-06,913.3322258208744,NYN,CIN,0.2,0.2,0.329,0.28
CLE202209150,2022-09-15,CLE,CHA,0,0,18.41,3.99,1e-06,494.38381964269325,CLE,CHA,0.1,0.8,0.319,0.311
MIN202209150,2022-09-15,MIN,KCA,1,0,4.8,5.13,1e-06,1e-06,MIN,MIN,0.5,0.1,0.325,0.296
SLN202209150,2022-09-15,SLN,CIN,0,0,3.29,6.38,1e-06,494.9532553693752,SLN,CIN,0.8,1.1,0.326,0.287
HOU202209150,2022-09-15,HOU,OAK,0,0,2.09,3.23,1780.0976623230767,368.5990384284446,DET,TEX,0.5,0.6,0.329,0.283
SLN202209160,2022-09-16,SLN,CIN,0,0,4.26,4.5,1e-06,1e-06,SLN,SLN,0.8,1.1,0.326,0.287
CHN202209160,2022-09-16,CHN,COL,1,0,3.5,4.95,1144.129935670241,1e-06,NYN,CHA,0.2,0.0,0.322,0.284
ANA202209160,2022-09-16,ANA,SEA,2,1,4.24,3.71,3271.7957310678776,1575.276973597757,CLE,SEA,0.3,0.8,0.308,0.322
NYN202209160,2022-09-16,NYN,PIT,0,0,3.49,3.91,1e-06,1e-06,NYN,NYN,0.4,0.2,0.329,0.28
ARI202209160,2022-09-16,ARI,SDN,0,2,4.88,3.38,1e-06,1e-06,ARI,ARI,0.4,0.4,0.307,0.323
ATL202209160,2022-09-16,ATL,PHI,0,0,3.76,3.0,3436.411305395792,973.359131898138,SFN,MIA,0.4,0.3,0.323,0.304
CLE202209160,2022-09-16,CLE,MIN,0,0,2.69,1.86,1e-06,1013.2251113855248,CLE,MIN,0.1,0.5,0.319,0.309
DET202209160,2022-09-16,DET,CHA,1,0,3.41,2.81,1e-06,145.52553501827433,DET,CLE,0.0,0.6,0.292,0.311
SFN202209160,2022-09-16,SFN,LAN,0,0,2.9,4.5,1e-06,1050.993394248722,SFN,ARI,0.6,0.1,0.322,0.33
TOR202209160,2022-09-16,TOR,BAL,0,0,5.19,4.42,1e-06,563.6478111844908,TOR,WAS,0.1,0.3,0.326,0.304
TBA202209160,2022-09-16,TBA,TEX,0,0,4.34,2.89,1789.459752085548,1496.616116420437,TOR,TEX,0.4,0.5,0.311,0.296
BOS202209160,2022-09-16,BOS,KCA,0,0,3.45,2.78,1e-06,1804.1923618308683,BOS,MIN,1.0,0.1,0.331,0.296
MIL202209160,2022-09-16,MIL,NYA,0,3,4.76,2.54,526.8349145670746,1380.0911924179386,SLN,BOS,0.7,0.2,0.324,0.318
HOU202209160,2022-09-16,HOU,OAK,1,0,1.75,6.24,1e-06,1e-06,HOU,HOU,0.1,0.5,0.329,0.283
WAS202209160,2022-09-16,WAS,MIA,0,0,2.76,5.29,1e-06,1489.628641346009,WAS,MIA,0.4,0.1,0.301,0.286
ARI202209170,2022-09-17,ARI,SDN,0,0,2.54,2.93,1e-06,1e-06,ARI,ARI,0.4,0.5,0.307,0.323
SFN202209170,2022-09-17,SFN,LAN,1,0,5.76,2.16,1e-06,1e-06,SFN,SFN,0.6,0.1,0.322,0.33
ANA202209170,2022-09-17,ANA,SEA,1,0,2.33,3.39,1e-06,1e-06,ANA,ANA,0.5,0.9,0.308,0.322
MIL202209170,2022-09-17,MIL,NYA,0,0,3.05,3.91,1e-06,1e-06,MIL,MIL,0.7,0.5,0.324,0.318
WAS202209170,2022-09-17,WAS,MIA,1,0,2.52,3.38,1e-06,1e-06,WAS,WAS,0.4,0.1,0.301,0.286
ATL202209170,2022-09-17,ATL,PHI,0,0,2.13,3.25,1e-06,1e-06,ATL,ATL,0.4,0.3,0.323,0.304
HOU202209170,2022-09-17,HOU,OAK,4,1,3.94,3.98,1e-06,1e-06,HOU,HOU,0.2,0.5,0.329,0.283
TBA202209170,2022-09-17,TBA,TEX,1,0,4.5,3.96,1e-06,1e-06,TBA,TBA,0.4,0.3,0.311,0.296
SLN202209172,2022-09-17,SLN,CIN,0,0,5.25,1.23,1e-06,1e-06,SLN,SLN,0.6,0.9,0.326,0.287
CLE202209171,2022-09-17,CLE,MIN,1,0,2.88,3.81,1e-06,1e-06,CLE,CLE,0.1,0.5,0.319,0.309
NYN202209170,2022-09-17,NYN,PIT,0,0,3.42,5.52,1e-06,1e-06,NYN,NYN,0.3,0.2,0.329,0.28
TOR202209170,2022-09-17,TOR,BAL,1,0,5.23,4.9,1e-06,1e-06,TOR,TOR,0.1,0.3,0.326,0.304
BOS202209170,2022-09-17,BOS,KCA,0,0,4.27,3.23,1e-06,1e-06,BOS,BOS,1.0,0.1,0.331,0.296
CHN202209170,2022-09-17,CHN,COL,0,0,3.38,3.47,1e-06,1e-06,CHN,CHN,0.3,0.0,0.322,0.284
CLE202209172,2022-09-17,CLE,MIN,1,0,4.54,3.52,1e-06,1e-06,CLE,CLE,0.2,0.5,0.319,0.309
SLN202209171,2022-09-17,SLN,CIN,0,0,4.45,6.06,1e-06,1e-06,SLN,SLN,0.4,0.8,0.326,0.287
DET202209170,2022-09-17,DET,CHA,0,0,3.28,2.81,1e-06,1e-06,DET,DET,0.1,0.4,0.292,0.311
CHN202209180,2022-09-18,CHN,COL,0,3,3.11,5.83,1e-06,1e-06,CHN,CHN,0.3,0.0,0.322,0.284
SFN202209180,2022-09-18,SFN,LAN,0,0,3.18,3.75,1e-06,1e-06,SFN,SFN,0.7,0.1,0.322,0.33
MIL202209180,2022-09-18,MIL,NYA,3,0,3.76,3.5,1e-06,1e-06,MIL,MIL,0.7,0.5,0.324,0.318
ANA202209180,2022-09-18,ANA,SEA,1,0,3.77,4.13,1e-06,1e-06,ANA,ANA,0.6,0.8,0.308,0.322
HOU202209180,2022-09-18,HOU,OAK,0,0,2.82,4.93,1e-06,1e-06,HOU,HOU,0.6,0.5,0.329,0.283
TBA202209180,2022-09-18,TBA,TEX,0,0,2.46,4.64,1e-06,1e-06,TBA,TBA,0.5,0.3,0.311,0.296
WAS202209180,2022-09-18,WAS,MIA,0,0,4.28,2.28,1e-06,1e-06,WAS,WAS,0.5,0.1,0.301,0.286
DET202209180,2022-09-18,DET,CHA,2,1,4.53,3.06,1e-06,1e-06,DET,DET,0.1,0.3,0.292,0.311
CLE202209180,2022-09-18,CLE,MIN,0,0,2.28,3.55,1e-06,1e-06,CLE,CLE,0.3,0.4,0.319,0.309
SLN202209180,2022-09-18,SLN,CIN,0,0,3.48,4.57,1e-06,1e-06,SLN,SLN,0.4,0.7,0.326,0.287
ATL202209180,2022-09-18,ATL,PHI,0,0,2.67,3.27,1e-06,1e-06,ATL,ATL,0.4,0.1,0.323,0.304
TOR202209180,2022-09-18,TOR,BAL,0,0,2.11,3.9,1e-06,1e-06,TOR,TOR,0.2,0.3,0.326,0.304
NYN202209180,2022-09-18,NYN,PIT,1,0,4.47,5.43,1e-06,1e-06,NYN,NYN,0.3,0.1,0.329,0.28
ARI202209180,2022-09-18,ARI,SDN,0,2,1.47,3.1,1e-06,1e-06,ARI,ARI,0.4,0.2,0.307,0.323
BOS202209180,2022-09-18,BOS,KCA,1,1,4.56,5.58,1e-06,1e-06,BOS,BOS,1.0,0.1,0.331,0.296
MIL202209190,2022-09-19,MIL,NYN,0,0,2.94,2.29,1e-06,1181.7674036325852,MIL,NYN,1.0,0.2,0.324,0.334
MIA202209190,2022-09-19,MIA,CHN,0,0,3.01,3.16,1489.628641346009,1915.1205670973725,WAS,CHN,0.5,1.1,0.302,0.301
LAN202209190,2022-09-19,LAN,ARI,0,0,2.28,3.37,559.4406195325591,574.8341159449532,SFN,ARI,1.0,0.2,0.335,0.301
ANA202209190,2022-09-19,ANA,SEA,0,1,3.96,3.2,1e-06,1e-06,ANA,ANA,0.7,0.7,0.308,0.322
BAL202209190,2022-09-19,BAL,DET,0,1,4.25,4.81,537.0332419152472,638.3359432178316,TOR,DET,0.4,0.2,0.307,0.281
ATL202209190,2022-09-19,ATL,WAS,1,0,3.19,5.25,1e-06,874.0887985860761,ATL,WAS,0.4,0.2,0.323,0.319
COL202209190,2022-09-19,COL,SFN,1,1,7.71,2.53,1477.450780411816,1524.5101947303656,CHN,SFN,0.4,0.1,0.345,0.309
CLE202209190,2022-09-19,CLE,MIN,3,0,3.38,3.08,1e-06,1e-06,CLE,CLE,0.3,0.2,0.319,0.309
TBA202209190,2022-09-19,TBA,HOU,0,1,2.84,,1e-06,1270.2138325576016,TBA,HOU,0.5,0.5,0.311,0.308
MIA202209200,2022-09-20,MIA,CHN,0,0,2.98,3.38,1e-06,1e-06,MIA,MIA,0.5,1.0,0.302,0.301
COL202209200,2022-09-20,COL,SFN,0,0,4.53,3.57,1e-06,1e-06,COL,COL,0.5,0.2,0.345,0.309
SDN202209200,2022-09-20,SDN,SLN,2,0,4.33,3.71,481.0116378281714,2512.7882729547905,ARI,SLN,0.0,0.3,0.308,0.322
PHI202209200,2022-09-20,PHI,TOR,0,3,5.05,2.77,1071.2330338826837,539.7375980826044,ATL,TOR,0.8,0.5,0.325,0.331
CHA202209200,2022-09-20,CHA,CLE,0,0,4.99,1.36,380.91207013286544,494.38381964269325,DET,CLE,1.0,0.7,0.31,0.31
ATL202209200,2022-09-20,ATL,WAS,0,0,4.34,2.92,1e-06,1e-06,ATL,ATL,0.3,0.2,0.323,0.319
NYA202209200,2022-09-20,NYA,PIT,0,0,4.46,4.38,1181.7674036325852,1e-06,MIL,NYN,1.2,0.1,0.325,0.28
TBA202209200,2022-09-20,TBA,HOU,0,1,2.54,2.54,1e-06,1e-06,TBA,TBA,0.5,0.6,0.311,0.308
LAN202209201,2022-09-20,LAN,ARI,1,0,3.47,3.38,1e-06,1e-06,LAN,LAN,0.9,0.2,0.335,0.301
TEX202209200,2022-09-20,TEX,ANA,1,0,5.22,2.91,1496.616116420437,1938.7751997181072,TBA,ANA,1.0,0.3,0.306,0.286
CIN202209200,2022-09-20,CIN,BOS,0,0,3.66,4.71,494.9532553693752,1188.7504512902326,SLN,BOS,0.0,0.6,0.321,0.311
MIL202209200,2022-09-20,MIL,NYN,0,0,4.76,4.47,1e-06,1e-06,MIL,MIL,1.0,0.1,0.324,0.334
KCA202209200,2022-09-20,KCA,MIN,0,0,2.78,3.39,2008.0645584325655,1123.5230318083022,BOS,CLE,1.0,0.2,0.318,0.309
OAK202209200,2022-09-20,OAK,SEA,0,0,3.86,2.99,2629.671879056886,592.0809005913671,HOU,ANA,0.7,0.8,0.278,0.322
LAN202209202,2022-09-20,LAN,ARI,0,0,2.57,1.48,1e-06,1e-06,LAN,LAN,1.0,0.2,0.335,0.301
BAL202209200,2022-09-20,BAL,DET,0,0,4.34,3.03,1e-06,1e-06,BAL,BAL,0.4,0.3,0.307,0.281
ATL202209210,2022-09-21,ATL,WAS,1,0,3.76,3.34,1e-06,1e-06,ATL,ATL,0.3,0.1,0.323,0.319
SDN202209210,2022-09-21,SDN,SLN,0,0,3.38,3.29,1e-06,1e-06,SDN,SDN,0.2,0.3,0.308,0.322
TBA202209210,2022-09-21,TBA,HOU,0,1,2.68,2.27,1e-06,1e-06,TBA,TBA,0.5,0.7,0.311,0.308
MIA202209210,2022-09-21,MIA,CHN,0,0,2.98,3.76,1e-06,1e-06,MIA,MIA,0.5,1.0,0.302,0.301
KCA202209210,2022-09-21,KCA,MIN,2,0,4.34,3.21,1e-06,1e-06,KCA,KCA,1.0,0.2,0.318,0.309
MIL202209210,2022-09-21,MIL,NYN,0,0,4.14,3.49,1e-06,1e-06,MIL,MIL,1.0,0.1,0.324,0.334
BAL202209210,2022-09-21,BAL,DET,0,0,4.42,3.43,1e-06,1e-06,BAL,BAL,0.2,0.3,0.307,0.281
COL202209210,2022-09-21,COL,SFN,0,1,4.95,2.9,1e-06,1e-06,COL,COL,0.5,0.2,0.345,0.309
CIN202209210,2022-09-21,CIN,BOS,0,0,6.38,11.29,1e-06,1e-06,CIN,CIN,0.0,0.6,0.321,0.311
TEX202209210,2022-09-21,TEX,ANA,1,2,4.46,6.75,1e-06,1e-06,TEX,TEX,1.0,0.3,0.306,0.286
NYA202209210,2022-09-21,NYA,PIT,4,0,3.18,3.79,1e-06,1e-06,NYA,NYA,1.1,0.1,0.325,0.28
PHI202209210,2022-09-21,PHI,TOR,0,0,3.31,2.8,1e-06,1e-06,PHI,PHI,0.8,0.8,0.325,0.331
OAK202209210,2022-09-21,OAK,SEA,0,0,4.23,1.68,1e-06,1e-06,OAK,OAK,0.7,0.8,0.278,0.322
CHA202209210,2022-09-21,CHA,CLE,0,2,3.99,2.96,1e-06,1e-06,CHA,CHA,0.7,0.6,0.31,0.31
LAN202209210,2022-09-21,LAN,ARI,0,1,4.5,4.88,1e-06,1e-06,LAN,LAN,0.9,0.2,0.335,0.301
KCA202209220,2022-09-22,KCA,MIN,0,0,5.28,4.7,1e-06,1e-06,KCA,KCA,1.2,0.2,0.318,0.309
NYA202209220,2022-09-22,NYA,BOS,0,0,2.54,6.35,1e-06,913.3322258208744,NYA,CIN,1.4,0.6,0.325,0.311
LAN202209220,2022-09-22,LAN,ARI,0,0,3.75,4.3,1e-06,1e-06,LAN,LAN,0.5,0.3,0.335,0.301
SDN202209220,2022-09-22,SDN,SLN,1,0,3.47,4.25,1e-06,1e-06,SDN,SDN,0.2,0.3,0.308,0.322
PIT202209220,2022-09-22,PIT,CHN,0,0,3.91,2.18,505.04779123783345,1630.230113794326,NYA,MIA,0.1,1.0,0.303,0.301
COL202209220,2022-09-22,COL,SFN,0,1,5.01,3.56,1e-06,1e-06,COL,COL,0.5,0.3,0.345,0.309
CIN202209220,2022-09-22,CIN,MIL,0,0,4.44,3.05,1e-06,525.1892238126902,CIN,MIL,0.0,0.6,0.321,0.307
BAL202209220,2022-09-22,BAL,HOU,0,0,4.9,1.75,1e-06,1393.7772067986984,BAL,TBA,0.2,0.7,0.307,0.308
CHA202209220,2022-09-22,CHA,CLE,1,1,3.35,2.88,1e-06,1e-06,CHA,CHA,0.7,0.8,0.31,0.31
PHI202209220,2022-09-22,PHI,ATL,0,0,3.65,2.48,1e-06,1071.2330338826837,PHI,ATL,0.4,0.5,0.325,0.309
TBA202209220,2022-09-22,TBA,TOR,3,1,4.5,5.23,1e-06,1515.8203845337373,TBA,PHI,0.5,0.8,0.311,0.331
TEX202209220,2022-09-22,TEX,ANA,0,0,1.95,3.98,1e-06,1e-06,TEX,TEX,1.0,0.5,0.306,0.286
OAK202209220,2022-09-22,OAK,SEA,0,3,5.84,1.35,1e-06,1e-06,OAK,OAK,0.7,0.6,0.278,0.322
PIT202209230,2022-09-23,PIT,CHN,1,0,4.58,3.29,1e-06,1e-06,PIT,PIT,0.1,0.9,0.303,0.301
LAN202209230,2022-09-23,LAN,SLN,0,0,3.1,2.93,1e-06,179.52869961196944,LAN,SDN,0.5,0.3,0.335,0.322
PHI202209230,2022-09-23,PHI,ATL,0,0,3.25,4.4,1e-06,1e-06,PHI,PHI,0.1,0.5,0.325,0.309
TBA202209230,2022-09-23,TBA,TOR,2,0,5.0,3.1,1e-06,1e-06,TBA,TBA,0.8,0.9,0.311,0.331
MIN202209230,2022-09-23,MIN,ANA,1,0,3.81,2.33,662.9211681328137,1396.7696185124962,KCA,TEX,0.6,0.5,0.325,0.286
KCA202209230,2022-09-23,KCA,SEA,0,0,3.23,4.13,1e-06,2406.427657157802,KCA,OAK,0.9,0.8,0.318,0.322
TEX202209230,2022-09-23,TEX,CLE,0,0,5.13,2.28,1e-06,1309.650558347085,TEX,CHA,1.0,0.9,0.306,0.31
CIN202209230,2022-09-23,CIN,MIL,2,0,4.57,3.8,1e-06,1e-06,CIN,CIN,0.0,0.5,0.321,0.307
OAK202209230,2022-09-23,OAK,NYN,0,0,3.98,3.42,1e-06,2941.6301363819452,OAK,MIL,0.7,0.1,0.278,0.334
BAL202209230,2022-09-23,BAL,HOU,0,0,3.23,3.94,1e-06,1e-06,BAL,BAL,0.2,0.6,0.307,0.308
COL202209230,2022-09-23,COL,SDN,0,0,1.79,4.24,1e-06,1340.79250926624,COL,SDN,0.5,0.4,0.345,0.323
MIA202209230,2022-09-23,MIA,WAS,1,1,3.58,5.02,1e-06,973.359131898138,MIA,ATL,0.3,0.0,0.302,0.319
CHA202209230,2022-09-23,CHA,DET,0,2,2.76,4.05,1e-06,972.7856247406662,CHA,BAL,0.8,0.1,0.31,0.281
ARI202209230,2022-09-23,ARI,SFN,0,0,4.11,2.36,574.8341159449532,942.6579354569092,LAN,COL,0.2,0.3,0.307,0.309
NYA202209230,2022-09-23,NYA,BOS,0,1,4.13,3.83,1e-06,1e-06,NYA,NYA,1.4,0.6,0.325,0.311
NYA202209240,2022-09-24,NYA,BOS,1,0,2.67,2.22,1e-06,1e-06,NYA,NYA,1.3,0.7,0.325,0.311
KCA202209240,2022-09-24,KCA,SEA,2,1,5.09,2.67,1e-06,1e-06,KCA,KCA,0.4,0.7,0.318,0.322
OAK202209240,2022-09-24,OAK,NYN,4,3,4.93,3.08,1e-06,1e-06,OAK,OAK,0.5,0.1,0.278,0.334
TEX202209240,2022-09-24,TEX,CLE,0,0,1.97,3.38,1e-06,1e-06,TEX,TEX,1.0,0.9,0.306,0.31
PIT202209240,2022-09-24,PIT,CHN,1,0,3.21,3.16,1e-06,1e-06,PIT,PIT,0.2,0.9,0.303,0.301
BAL202209240,2022-09-24,BAL,HOU,0,0,2.19,2.37,1e-06,1e-06,BAL,BAL,0.1,0.6,0.307,0.308
CHA202209240,2022-09-24,CHA,DET,0,2,4.83,4.53,1e-06,1e-06,CHA,CHA,0.8,0.3,0.31,0.281
PHI202209240,2022-09-24,PHI,ATL,0,0,3.86,3.19,1e-06,1e-06,PHI,PHI,0.1,0.5,0.325,0.309
LAN202209240,2022-09-24,LAN,SLN,1,0,2.28,3.48,1e-06,1e-06,LAN,LAN,0.3,0.0,0.335,0.322
TBA202209240,2022-09-24,TBA,TOR,0,0,2.84,2.24,1e-06,1e-06,TBA,TBA,0.9,0.9,0.311,0.331
COL202209240,2022-09-24,COL,SDN,1,0,5.72,3.1,1e-06,1e-06,COL,COL,0.2,0.4,0.345,0.323
CIN202209240,2022-09-24,CIN,MIL,1,0,4.89,2.94,1e-06,1e-06,CIN,CIN,0.2,0.5,0.321,0.307
MIN202209240,2022-09-24,MIN,ANA,2,0,3.36,3.77,1e-06,1e-06,MIN,MIN,0.7,0.5,0.325,0.286
MIA202209240,2022-09-24,MIA,WAS,2,1,2.28,5.81,1e-06,1e-06,MIA,MIA,0.3,0.1,0.302,0.319
ARI202209240,2022-09-24,ARI,SFN,0,0,3.37,3.73,1e-06,1e-06,ARI,ARI,0.2,0.3,0.307,0.309
PHI202209250,2022-09-25,PHI,ATL,3,2,3.31,3.69,1e-06,1e-06,PHI,PHI,0.1,0.2,0.325,0.309
PIT202209250,2022-09-25,PIT,CHN,0,0,,3.11,1e-06,1e-06,PIT,PIT,0.3,0.6,0.303,0.301
TEX202209250,2022-09-25,TEX,CLE,0,0,4.95,4.92,1e-06,1e-06,TEX,TEX,0.8,0.9,0.306,0.31
KCA202209250,2022-09-25,KCA,SEA,0,0,3.58,1.68,1e-06,1e-06,KCA,KCA,0.6,0.7,0.318,0.322
TBA202209250,2022-09-25,TBA,TOR,0,0,2.54,3.01,1e-06,1e-06,TBA,TBA,0.6,0.9,0.311,0.331
ARI202209250,2022-09-25,ARI,SFN,0,0,10.59,4.42,1e-06,1e-06,ARI,ARI,0.1,0.3,0.307,0.309
MIN202209250,2022-09-25,MIN,ANA,1,2,4.89,3.96,1e-06,1e-06,MIN,MIN,0.9,0.5,0.325,0.286
OAK202209250,2022-09-25,OAK,NYN,0,0,3.86,2.29,1e-06,1e-06,OAK,OAK,0.8,0.4,0.278,0.334
MIA202209250,2022-09-25,MIA,WAS,0,2,3.01,4.28,1e-06,1e-06,MIA,MIA,0.5,0.2,0.302,0.319
LAN202209250,2022-09-25,LAN,SLN,2,0,4.6,3.71,1e-06,1e-06,LAN,LAN,0.4,0.0,0.335,0.322
CIN202209250,2022-09-25,CIN,MIL,0,0,3.83,3.47,1e-06,1e-06,CIN,CIN,0.3,0.5,0.321,0.307
BAL202209250,2022-09-25,BAL,HOU,0,0,3.2,3.72,1e-06,1e-06,BAL,BAL,0.1,0.6,0.307,0.308
COL202209250,2022-09-25,COL,SDN,0,3,4.53,2.27,1e-06,1e-06,COL,COL,0.3,0.4,0.345,0.323
NYA202209250,2022-09-25,NYA,BOS,0,0,2.44,4.71,1e-06,1e-06,NYA,NYA,1.4,0.6,0.325,0.311
CHA202209250,2022-09-25,CHA,DET,0,0,3.18,2.83,1e-06,1e-06,CHA,CHA,0.8,0.5,0.31,0.281
WAS202209260,2022-09-26,WAS,ATL,0,0,5.25,3.17,1489.628641346009,197.2342958595587,MIA,PHI,0.5,0.4,0.301,0.309
PIT202209260,2022-09-26,PIT,CIN,0,1,4.58,4.12,1e-06,415.25842934625814,PIT,CIN,0.3,0.5,0.303,0.287
BOS202209260,2022-09-26,BOS,BAL,0,1,11.29,4.7,306.2037667286439,578.81170796599,NYA,BAL,0.7,0.3,0.331,0.304
TOR202209260,2022-09-26,TOR,NYA,0,1,3.14,3.12,1789.459752085548,550.2922217550002,TBA,NYA,0.2,0.5,0.326,0.318
MIN202209270,2022-09-27,MIN,CHA,0,0,3.21,3.99,1e-06,571.0232496384983,MIN,CHA,0.8,0.4,0.325,0.311
SDN202209270,2022-09-27,SDN,LAN,2,0,5.02,3.75,1340.79250926624,179.52869961196944,COL,LAN,0.3,0.1,0.308,0.33
BOS202209270,2022-09-27,BOS,BAL,0,1,3.83,3.9,1e-06,1e-06,BOS,BOS,0.7,0.4,0.331,0.304
MIL202209270,2022-09-27,MIL,SLN,0,1,4.73,3.29,525.1892238126902,2799.844413597458,CIN,LAN,0.7,0.0,0.324,0.322
WAS202209270,2022-09-27,WAS,ATL,1,0,4.84,2.6,1e-06,1e-06,WAS,WAS,0.5,0.2,0.301,0.309
CLE202209270,2022-09-27,CLE,TBA,0,0,2.69,5.0,1666.9381007624936,1529.408250521614,TEX,TBA,0.6,0.2,0.319,0.303
DET202209270,2022-09-27,DET,KCA,0,0,3.41,4.34,380.91207013286544,1034.95696626315,CHA,KCA,0.3,0.2,0.292,0.296
ANA202209270,2022-09-27,ANA,OAK,0,0,3.61,3.12,2437.087352189671,592.0809005913671,MIN,OAK,0.7,0.5,0.308,0.283
PIT202209270,2022-09-27,PIT,CIN,0,1,4.38,3.83,1e-06,1e-06,PIT,PIT,0.3,0.6,0.303,0.287
HOU202209270,2022-09-27,HOU,ARI,1,0,,4.09,2013.2384377541168,1630.8590123845936,BAL,ARI,0.6,0.3,0.329,0.301
TOR202209270,2022-09-27,TOR,NYA,1,0,5.23,3.91,1e-06,1e-06,TOR,TOR,0.2,0.5,0.326,0.318
CHN202209270,2022-09-27,CHN,PHI,0,0,3.5,3.27,660.0502267315369,1068.017024042746,PIT,PHI,0.3,0.1,0.322,0.304
NYN202209270,2022-09-27,NYN,MIA,0,2,3.97,3.75,4115.687447058069,1756.5620451799746,OAK,MIA,0.3,0.1,0.329,0.286
SEA202209270,2022-09-27,SEA,TEX,0,0,3.71,10.97,2418.3539462011913,2688.6235870338205,KCA,TEX,0.4,0.3,0.305,0.296
SFN202209270,2022-09-27,SFN,COL,2,1,2.9,4.95,1050.993394248722,1524.5101947303656,ARI,COL,0.7,0.3,0.322,0.284
TOR202209280,2022-09-28,TOR,NYA,0,3,3.14,3.5,1e-06,1e-06,TOR,TOR,0.3,0.5,0.326,0.318
DET202209280,2022-09-28,DET,KCA,2,1,5.22,5.13,1e-06,1e-06,DET,DET,0.3,0.2,0.292,0.296
SFN202209280,2022-09-28,SFN,COL,3,0,5.76,5.01,1e-06,1e-06,SFN,SFN,0.9,0.4,0.322,0.284
WAS202209280,2022-09-28,WAS,ATL,1,0,3.51,3.69,1e-06,1e-06,WAS,WAS,0.6,0.2,0.301,0.309
NYN202209280,2022-09-28,NYN,MIA,0,0,3.33,3.02,1e-06,1e-06,NYN,NYN,0.3,0.3,0.329,0.286
PIT202209280,2022-09-28,PIT,CIN,1,0,4.58,1.84,1e-06,1e-06,PIT,PIT,0.3,0.7,0.303,0.287
CHN202209280,2022-09-28,CHN,PHI,0,0,2.18,3.25,1e-06,1e-06,CHN,CHN,0.3,0.0,0.322,0.304
MIL202209280,2022-09-28,MIL,SLN,0,0,3.05,2.93,1e-06,1e-06,MIL,MIL,0.7,0.1,0.324,0.322
MIN202209280,2022-09-28,MIN,CHA,0,0,3.49,3.35,1e-06,1e-06,MIN,MIN,0.8,0.4,0.325,0.311
BOS202209280,2022-09-28,BOS,BAL,1,0,4.27,3.23,1e-06,1e-06,BOS,BOS,0.7,0.5,0.331,0.304
SEA202209280,2022-09-28,SEA,TEX,2,1,3.39,2.89,1e-06,1e-06,SEA,SEA,0.4,0.3,0.305,0.296
SDN202209280,2022-09-28,SDN,LAN,0,0,3.06,2.15,1e-06,1e-06,SDN,SDN,0.5,0.1,0.308,0.33
HOU202209280,2022-09-28,HOU,ARI,0,2,,4.3,1e-06,1e-06,HOU,HOU,0.7,0.2,0.329,0.301
CLE202209280,2022-09-28,CLE,TBA,0,0,2.08,5.0,1e-06,1e-06,CLE,CLE,0.5,0.2,0.319,0.303
ANA202209280,2022-09-28,ANA,OAK,0,1,4.24,6.24,1e-06,1e-06,ANA,ANA,0.7,0.5,0.308,0.283
CHN202209290,2022-09-29,CHN,PHI,1,0,3.11,3.65,1e-06,1e-06,CHN,CHN,0.2,0.0,0.322,0.304
BOS202209290,2022-09-29,BOS,BAL,0,0,3.95,3.05,1e-06,1e-06,BOS,BOS,0.7,0.5,0.331,0.304
DET202209290,2022-09-29,DET,KCA,0,0,4.05,5.28,1e-06,1e-06,DET,DET,0.5,0.3,0.292,0.296
SDN202209290,2022-09-29,SDN,LAN,2,0,5.02,3.1,1e-06,1e-06,SDN,SDN,0.5,0.0,0.308,0.33
SFN202209290,2022-09-29,SFN,COL,0,0,2.88,5.83,1e-06,1e-06,SFN,SFN,0.8,0.4,0.322,0.284
MIN202209290,2022-09-29,MIN,CHA,2,0,3.49,2.76,1e-06,1e-06,MIN,MIN,0.8,0.4,0.325,0.311
SEA202209290,2022-09-29,SEA,TEX,2,0,3.73,4.03,1e-06,1e-06,SEA,SEA,0.6,0.2,0.305,0.296
ANA202209290,2022-09-29,ANA,OAK,2,0,2.33,3.98,1e-06,1e-06,ANA,ANA,0.7,0.6,0.308,0.283
CLE202209290,2022-09-29,CLE,TBA,0,1,3.04,4.38,1e-06,1e-06,CLE,CLE,0.5,0.2,0.319,0.303
MIL202209290,2022-09-29,MIL,MIA,0,0,3.58,4.33,1e-06,1181.7674036325852,MIL,NYN,0.7,0.3,0.324,0.286
HOU202209300,2022-09-30,HOU,TBA,1,1,2.82,2.84,1e-06,1793.7234420980124,HOU,CLE,0.7,0.2,0.329,0.303
SEA202209300,2022-09-30,SEA,OAK,1,0,4.44,3.33,1e-06,1575.276973597757,SEA,ANA,0.8,0.5,0.305,0.283
TOR202209300,2022-09-30,TOR,BOS,1,0,2.24,4.56,1e-06,691.6136251477402,TOR,BOS,0.3,0.6,0.326,0.311
CLE202209300,2022-09-30,CLE,KCA,0,0,4.92,3.23,1e-06,145.52553501827433,CLE,DET,0.5,0.2,0.319,0.296
SDN202209300,2022-09-30,SDN,CHA,0,0,3.1,4.83,1e-06,2463.5292715191244,SDN,MIN,0.7,0.2,0.308,0.311
NYA202209300,2022-09-30,NYA,BAL,0,1,3.61,4.42,550.2922217550002,306.2037667286439,TOR,BOS,1.4,0.5,0.325,0.304
SLN202209300,2022-09-30,SLN,PIT,0,0,4.25,3.21,526.8349145670746,898.8824563980571,MIL,PIT,0.4,0.1,0.326,0.28
ANA202209300,2022-09-30,ANA,TEX,0,0,3.77,4.64,1e-06,1575.276973597757,ANA,SEA,0.9,0.2,0.308,0.296
MIL202209300,2022-09-30,MIL,MIA,0,0,2.94,2.28,1e-06,1e-06,MIL,MIL,0.5,0.3,0.324,0.286
WAS202209300,2022-09-30,WAS,PHI,0,1,5.81,3.86,1e-06,956.88299544195,WAS,CHN,0.5,0.0,0.301,0.304
ATL202209300,2022-09-30,ATL,NYN,0,0,2.48,3.08,874.0887985860761,1200.4511584455877,WAS,NYN,0.2,0.4,0.323,0.334
LAN202209300,2022-09-30,LAN,COL,0,0,2.28,5.72,179.52869961196944,559.4406195325591,SDN,SFN,0.4,0.4,0.335,0.284
SFN202209300,2022-09-30,SFN,ARI,4,1,3.73,3.37,1e-06,2641.7391700833814,SFN,HOU,0.7,0.4,0.322,0.301
DET202209300,2022-09-30,DET,MIN,0,0,4.81,3.55,1e-06,872.516450655481,DET,MIN,0.5,0.2,0.292,0.309
CHN202209300,2022-09-30,CHN,CIN,0,0,3.11,4.89,1e-06,660.0502267315369,CHN,PIT,0.3,0.2,0.322,0.287
LAN202210010,2022-10-01,LAN,COL,0,0,1.14,7.71,1e-06,1e-06,LAN,LAN,0.4,0.4,0.335,0.284
SEA202210010,2022-10-01,SEA,OAK,3,1,2.99,6.3,1e-06,1e-06,SEA,SEA,0.9,0.5,0.305,0.283
MIL202210010,2022-10-01,MIL,MIA,0,0,1.93,4.33,1e-06,1e-06,MIL,MIL,0.3,0.3,0.324,0.286
CLE202210010,2022-10-01,CLE,KCA,0,0,4.31,5.58,1e-06,1e-06,CLE,CLE,0.5,0.2,0.319,0.296
CHN202210010,2022-10-01,CHN,CIN,0,0,3.16,4.12,1e-06,1e-06,CHN,CHN,0.3,0.2,0.322,0.287
SDN202210010,2022-10-01,SDN,CHA,1,1,4.33,2.2,1e-06,1e-06,SDN,SDN,0.7,0.2,0.308,0.311
SLN202210010,2022-10-01,SLN,PIT,6,0,3.48,,1e-06,1e-06,SLN,SLN,0.4,0.0,0.326,0.28
ATL202210010,2022-10-01,ATL,NYN,0,1,3.19,2.29,1e-06,1e-06,ATL,ATL,0.2,0.3,0.323,0.334
WAS202210011,2022-10-01,WAS,PHI,1,0,4.28,5.05,1e-06,1e-06,WAS,WAS,0.5,0.1,0.301,0.304
WAS202210012,2022-10-01,WAS,PHI,0,1,10.8,3.94,1e-06,1e-06,WAS,WAS,0.5,0.1,0.301,0.304
ANA202210010,2022-10-01,ANA,TEX,0,0,3.96,2.97,1e-06,1e-06,ANA,ANA,0.7,0.2,0.308,0.296
SFN202210010,2022-10-01,SFN,ARI,0,0,4.42,1.48,1e-06,1e-06,SFN,SFN,1.1,0.4,0.322,0.301
NYA202210010,2022-10-01,NYA,BAL,3,0,2.44,4.34,1e-06,1e-06,NYA,NYA,1.4,0.4,0.325,0.304
DET202210010,2022-10-01,DET,MIN,1,0,5.22,2.31,1e-06,1e-06,DET,DET,0.5,0.0,0.292,0.309
TOR202210010,2022-10-01,TOR,BOS,0,0,3.01,4.71,1e-06,1e-06,TOR,TOR,0.4,0.6,0.326,0.311
HOU202210010,2022-10-01,HOU,TBA,0,0,2.54,2.54,1e-06,1e-06,HOU,HOU,0.8,0.3,0.329,0.303
ANA202210020,2022-10-02,ANA,TEX,6,0,2.61,10.97,1e-06,1e-06,ANA,ANA,0.6,0.1,0.308,0.296
ATL202210020,2022-10-02,ATL,NYN,1,0,2.13,3.42,1e-06,1e-06,ATL,ATL,0.2,0.4,0.323,0.334
TOR202210020,2022-10-02,TOR,BOS,0,0,2.77,3.32,1e-06,1e-06,TOR,TOR,0.4,0.6,0.326,0.311
SLN202210020,2022-10-02,SLN,PIT,3,0,3.71,2.64,1e-06,1e-06,SLN,SLN,1.0,0.0,0.326,0.28
SFN202210020,2022-10-02,SFN,ARI,1,0,3.56,3.63,1e-06,1e-06,SFN,SFN,1.1,0.4,0.322,0.301
MIL202210020,2022-10-02,MIL,MIA,0,0,4.14,3.09,1e-06,1e-06,MIL,MIL,0.3,0.3,0.324,0.286
CLE202210020,2022-10-02,CLE,KCA,1,0,2.88,5.95,1e-06,1e-06,CLE,CLE,0.5,0.2,0.319,0.296
NYA202210020,2022-10-02,NYA,BAL,0,1,4.46,3.12,1e-06,1e-06,NYA,NYA,1.7,0.3,0.325,0.304
DET202210020,2022-10-02,DET,MIN,2,0,3.41,3.6,1e-06,1e-06,DET,DET,0.6,0.0,0.292,0.309
SDN202210020,2022-10-02,SDN,CHA,0,0,3.38,3.99,1e-06,1e-06,SDN,SDN,0.8,0.3,0.308,0.311
CHN202210020,2022-10-02,CHN,CIN,5,0,3.5,6.38,1e-06,1e-06,CHN,CHN,0.3,0.2,0.322,0.287
LAN202210020,2022-10-02,LAN,COL,0,1,2.57,4.95,1e-06,1e-06,LAN,LAN,0.4,0.4,0.335,0.284
HOU202210020,2022-10-02,HOU,TBA,2,0,,4.34,1e-06,1e-06,HOU,HOU,0.8,0.3,0.329,0.303
WAS202210020,2022-10-02,WAS,PHI,0,0,6.31,2.82,1e-06,1e-06,WAS,WAS,0.4,0.2,0.301,0.304
SEA202210020,2022-10-02,SEA,OAK,0,0,3.71,4.23,1e-06,1e-06,SEA,SEA,1.2,0.3,0.305,0.283
CHA202210030,2022-10-03,CHA,MIN,0,2,3.35,3.36,2787.070270174863,380.91207013286544,SDN,DET,0.8,0.0,0.31,0.309
LAN202210030,2022-10-03,LAN,COL,0,0,3.26,4.91,1e-06,1e-06,LAN,LAN,0.4,0.5,0.335,0.284
BAL202210030,2022-10-03,BAL,TOR,0,0,3.23,5.23,272.81937803481173,537.0332419152472,NYA,TOR,0.0,0.9,0.307,0.331
BOS202210030,2022-10-03,BOS,TBA,0,1,2.22,7.71,691.6136251477402,2582.243070652819,TOR,HOU,0.6,0.3,0.331,0.303
SEA202210030,2022-10-03,SEA,DET,1,1,3.39,3.54,1e-06,3110.621572335556,SEA,DET,1.2,0.5,0.305,0.281
SDN202210030,2022-10-03,SDN,SFN,0,0,4.24,6.43,1e-06,738.1265117326025,SDN,SFN,0.8,0.3,0.308,0.309
TEX202210030,2022-10-03,TEX,NYA,0,0,2.89,3.18,1938.7751997181072,2225.551415128663,ANA,NYA,0.8,0.8,0.306,0.318
CIN202210030,2022-10-03,CIN,CHN,0,0,4.44,2.18,406.2527329885922,406.2527329885922,CHN,CHN,0.3,0.6,0.321,0.301
MIA202210030,2022-10-03,MIA,ATL,2,0,3.32,3.17,2045.0709343750696,973.359131898138,MIL,ATL,0.5,0.2,0.302,0.309
MIL202210030,2022-10-03,MIL,ARI,0,0,2.95,4.3,1e-06,2954.3733541563483,MIL,SFN,0.3,0.4,0.324,0.301
CLE202210030,2022-10-03,CLE,KCA,0,0,4.54,2.18,1e-06,1e-06,CLE,CLE,0.6,0.2,0.319,0.296
OAK202210030,2022-10-03,OAK,ANA,0,0,3.33,3.38,1089.6592015072615,592.0809005913671,SEA,ANA,0.6,0.6,0.278,0.286
HOU202210030,2022-10-03,HOU,PHI,0,1,2.27,3.25,1e-06,1963.4510544527368,HOU,WAS,0.9,0.2,0.329,0.304
PIT202210030,2022-10-03,PIT,SLN,0,0,4.58,3.05,898.8824563980571,898.8824563980571,SLN,SLN,0.4,0.1,0.303,0.322
SDN202210040,2022-10-04,SDN,SFN,0,0,4.96,3.73,1e-06,1e-06,SDN,SDN,0.8,0.3,0.308,0.309
LAN202210040,2022-10-04,LAN,COL,0,1,3.1,5.83,1e-06,1e-06,LAN,LAN,0.3,0.5,0.335,0.284
PIT202210040,2022-10-04,PIT,SLN,1,0,2.64,4.26,1e-06,1e-06,PIT,PIT,0.4,0.1,0.303,0.322
SEA202210041,2022-10-04,SEA,DET,0,0,4.5,3.28,1e-06,1e-06,SEA,SEA,1.3,0.6,0.305,0.281
OAK202210040,2022-10-04,OAK,ANA,0,0,3.12,3.61,1e-06,1e-06,OAK,OAK,0.6,0.4,0.278,0.286
NYN202210042,2022-10-04,NYN,WAS,7,0,2.45,4.84,1e-06,1e-06,NYN,NYN,0.3,0.4,0.329,0.319
NYN202210041,2022-10-04,NYN,WAS,0,0,2.06,5.25,1200.4511584455877,326.3648041771951,ATL,WAS,1.0,0.4,0.329,0.319
MIL202210040,2022-10-04,MIL,ARI,0,0,3.69,2.54,1e-06,1e-06,MIL,MIL,0.0,0.4,0.324,0.301
SEA202210042,2022-10-04,SEA,DET,1,0,3.86,10.62,1e-06,1e-06,SEA,SEA,1.2,0.6,0.305,0.281
TEX202210042,2022-10-04,TEX,NYA,1,1,7.29,3.5,1e-06,1e-06,TEX,TEX,0.5,0.8,0.306,0.318
MIA202210040,2022-10-04,MIA,ATL,0,0,3.58,4.4,1e-06,1e-06,MIA,MIA,0.6,0.2,0.302,0.309
CIN202210040,2022-10-04,CIN,CHN,0,0,1.84,3.12,1e-06,1e-06,CIN,CIN,0.3,0.6,0.321,0.301
HOU202210040,2022-10-04,HOU,PHI,5,0,1.75,3.65,1e-06,1e-06,HOU,HOU,0.9,0.3,0.329,0.304
BOS202210040,2022-10-04,BOS,TBA,0,0,3.87,2.46,1e-06,1e-06,BOS,BOS,0.2,0.4,0.331,0.303
CHA202210040,2022-10-04,CHA,MIN,0,0,4.9,4.7,1e-06,1e-06,CHA,CHA,0.4,0.2,0.31,0.309
CLE202210040,2022-10-04,CLE,KCA,0,0,3.38,5.13,1e-06,1e-06,CLE,CLE,0.5,0.2,0.319,0.296
TEX202210041,2022-10-04,TEX,NYA,2,1,1.97,4.46,1e-06,1e-06,TEX,TEX,0.5,0.8,0.306,0.318
HOU202210050,2022-10-05,HOU,PHI,0,0,2.82,3.68,1e-06,1e-06,HOU,HOU,1.4,0.3,0.329,0.304
MIA202210050,2022-10-05,MIA,ATL,0,0,9.82,3.76,1e-06,1e-06,MIA,MIA,0.6,0.2,0.302,0.309
MIL202210050,2022-10-05,MIL,ARI,0,0,4.14,4.4,1e-06,1e-06,MIL,MIL,0.0,0.4,0.324,0.301
CLE202210050,2022-10-05,CLE,KCA,4,1,4.92,5.28,1e-06,1e-06,CLE,CLE,0.4,0.2,0.319,0.296
NYN202210050,2022-10-05,NYN,WAS,3,0,3.21,5.81,1e-06,1e-06,NYN,NYN,1.0,0.4,0.329,0.319
CIN202210050,2022-10-05,CIN,CHN,0,0,4.89,3.38,1e-06,1e-06,CIN,CIN,0.3,0.6,0.321,0.301
OAK202210050,2022-10-05,OAK,ANA,0,0,4.93,2.33,1e-06,1e-06,OAK,OAK,0.5,0.4,0.278,0.286
BAL202210052,2022-10-05,BAL,TOR,0,1,11.5,5.19,1e-06,1e-06,BAL,BAL,0.0,0.9,0.307,0.331
PIT202210050,2022-10-05,PIT,SLN,0,2,4.39,5.97,1e-06,1e-06,PIT,PIT,0.4,0.1,0.303,0.322
BOS202210050,2022-10-05,BOS,TBA,3,0,2.76,6.43,1e-06,1e-06,BOS,BOS,0.2,0.3,0.331,0.303
BAL202210051,2022-10-05,BAL,TOR,0,0,5.93,5.45,1e-06,1e-06,BAL,BAL,0.0,0.9,0.307,0.331
SEA202210050,2022-10-05,SEA,DET,2,0,1.68,3.28,1e-06,1e-06,SEA,SEA,1.3,0.6,0.305,0.281
LAN202210050,2022-10-05,LAN,COL,0,0,2.28,7.5,1e-06,1e-06,LAN,LAN,0.3,0.6,0.335,0.284
SDN202210050,2022-10-05,SDN,SFN,1,0,4.43,5.44,1e-06,1e-06,SDN,SDN,0.6,0.3,0.308,0.309
CHA202210050,2022-10-05,CHA,MIN,0,6,4.83,3.81,1e-06,1e-06,CHA,CHA,0.4,0.2,0.31,0.309
TEX202210050,2022-10-05,TEX,NYA,0,0,4.64,3.61,1e-06,1e-06,TEX,TEX,0.5,0.9,0.306,0.318
