game_id,date,hometeam,visteam,home_first_inning_runs,visiting_first_inning_runs,home_ERA,vis_ERA,home_travel,vis_travel,home_last_location,visiting_last_location,home_avg_prev,away_avg_prev,home_OBP,away_OBP
ANA202104020,2021-04-02,ANA,CHA,1,0,5.83,3.5,1e-06,1e-06,ANA,ANA,1.0,0.0,0.318,0.325
SDN202104020,2021-04-02,SDN,ARI,0,0,4.83,4.44,1e-06,1e-06,SDN,SDN,0.0,0.0,0.331,0.296
MIA202104020,2021-04-02,MIA,TBA,0,0,3.82,1.88,1e-06,1e-06,MIA,MIA,0.0,0.0,0.303,0.312
COL202104020,2021-04-02,COL,LAN,0,2,4.42,2.59,1e-06,1e-06,COL,COL,0.0,2.0,0.341,0.324
SEA202104020,2021-04-02,SEA,SFN,0,0,2.0,3.35,1e-06,1e-06,SEA,SEA,0.0,0.0,0.295,0.316
OAK202104020,2021-04-02,OAK,HOU,0,0,6.61,5.75,1e-06,1e-06,OAK,OAK,0.0,0.0,0.313,0.336
MIL202104030,2021-04-03,MIL,MIN,0,0,2.43,3.52,1e-06,1e-06,MIL,MIL,0.0,0.0,0.314,0.31
CHN202104030,2021-04-03,CHN,PIT,0,1,7.39,4.53,1e-06,1e-06,CHN,CHN,0.0,1.0,0.318,0.297
MIA202104030,2021-04-03,MIA,TBA,1,0,2.95,4.66,1e-06,1e-06,MIA,MIA,0.0,0.0,0.303,0.312
ANA202104030,2021-04-03,ANA,CHA,0,0,6.06,5.6,1e-06,1e-06,ANA,ANA,1.0,0.0,0.318,0.325
KCA202104030,2021-04-03,KCA,TEX,0,2,5.05,3.97,1e-06,1e-06,KCA,KCA,0.0,2.0,0.322,0.288
OAK202104030,2021-04-03,OAK,HOU,1,1,4.24,3.16,1e-06,1e-06,OAK,OAK,0.0,0.0,0.313,0.336
NYA202104030,2021-04-03,NYA,TOR,0,0,2.17,4.8,1e-06,1e-06,NYA,NYA,0.0,0.0,0.323,0.325
CIN202104030,2021-04-03,CIN,SLN,0,0,3.75,3.05,1e-06,1e-06,CIN,CIN,0.0,0.0,0.346,0.316
BOS202104030,2021-04-03,BOS,BAL,0,0,3.52,6.71,1e-06,1e-06,BOS,BOS,0.0,0.0,0.349,0.291
PHI202104030,2021-04-03,PHI,ATL,0,0,2.78,3.34,1e-06,1e-06,PHI,PHI,0.0,0.0,0.324,0.312
SDN202104030,2021-04-03,SDN,ARI,2,0,3.18,4.83,1e-06,1e-06,SDN,SDN,0.0,0.0,0.331,0.296
DET202104030,2021-04-03,DET,CLE,2,0,1.8,4.67,1e-06,1e-06,DET,DET,2.0,0.0,0.311,0.302
COL202104030,2021-04-03,COL,LAN,0,0,3.35,1.99,1e-06,1e-06,COL,COL,0.0,2.0,0.341,0.324
SEA202104030,2021-04-03,SEA,SFN,0,0,3.61,3.03,1e-06,1e-06,SEA,SEA,0.0,0.0,0.295,0.316
DET202104040,2021-04-04,DET,CLE,2,1,6.16,3.84,1e-06,1e-06,DET,DET,2.0,0.0,0.311,0.302
CHN202104040,2021-04-04,CHN,PIT,2,0,5.78,6.17,1e-06,1e-06,CHN,CHN,0.0,1.0,0.318,0.297
NYA202104040,2021-04-04,NYA,TOR,0,0,4.58,4.94,1e-06,1e-06,NYA,NYA,0.0,0.0,0.323,0.325
OAK202104040,2021-04-04,OAK,HOU,1,1,3.91,4.5,1e-06,1e-06,OAK,OAK,0.5,0.5,0.313,0.336
COL202104040,2021-04-04,COL,LAN,0,3,4.53,2.96,1e-06,1e-06,COL,COL,0.0,1.0,0.341,0.324
ANA202104040,2021-04-04,ANA,CHA,2,0,2.57,3.05,1e-06,1e-06,ANA,ANA,0.5,0.0,0.318,0.325
PHI202104040,2021-04-04,PHI,ATL,0,0,4.2,3.95,1e-06,1e-06,PHI,PHI,0.0,0.0,0.324,0.312
SDN202104040,2021-04-04,SDN,ARI,0,2,5.07,4.35,1e-06,1e-06,SDN,SDN,1.0,0.0,0.331,0.296
BOS202104040,2021-04-04,BOS,BAL,0,3,4.87,5.04,1e-06,1e-06,BOS,BOS,0.0,0.0,0.349,0.291
KCA202104040,2021-04-04,KCA,TEX,0,0,4.91,5.15,1e-06,1e-06,KCA,KCA,0.0,2.0,0.322,0.288
MIL202104040,2021-04-04,MIL,MIN,0,1,3.22,3.62,1e-06,1e-06,MIL,MIL,0.0,0.0,0.314,0.31
CIN202104040,2021-04-04,CIN,SLN,0,0,4.56,6.23,1e-06,1e-06,CIN,CIN,0.0,0.0,0.346,0.316
TEX202104050,2021-04-05,TEX,TOR,0,1,5.44,3.82,738.3603208647532,2225.551415128663,KCA,NYA,0.0,0.0,0.301,0.325
ANA202104050,2021-04-05,ANA,HOU,0,3,3.92,4.99,1e-06,592.0809005913671,ANA,OAK,1.0,0.6666666666666666,0.318,0.336
NYA202104050,2021-04-05,NYA,BAL,0,0,3.83,6.07,1e-06,306.2037667286439,NYA,BOS,0.0,1.5,0.323,0.291
OAK202104050,2021-04-05,OAK,LAN,0,0,3.37,2.74,1e-06,1511.503011223779,OAK,COL,0.6666666666666666,1.6666666666666667,0.313,0.324
SEA202104050,2021-04-05,SEA,CHA,0,0,6.83,2.37,1e-06,1575.276973597757,SEA,ANA,0.0,0.0,0.295,0.325
CIN202104050,2021-04-05,CIN,PIT,0,2,4.53,5.6,1e-06,406.2527329885922,CIN,CHN,0.0,0.5,0.346,0.297
MIA202104050,2021-04-05,MIA,SLN,0,3,2.64,6.21,1e-06,1534.6263109130673,MIA,CIN,0.5,0.0,0.303,0.316
BOS202104050,2021-04-05,BOS,TBA,0,0,4.53,5.05,1e-06,2024.1956124919243,BOS,MIA,0.0,0.0,0.349,0.312
DET202104050,2021-04-05,DET,MIN,0,1,5.81,8.06,1e-06,408.2632535344616,DET,MIL,2.0,0.5,0.311,0.31
CLE202104050,2021-04-05,CLE,KCA,0,0,6.26,2.51,145.52553501827433,1123.5230318083022,DET,KCA,0.0,0.0,0.306,0.291
SDN202104050,2021-04-05,SDN,SFN,0,0,3.06,1.57,1e-06,1711.8059777853623,SDN,SEA,0.6666666666666666,0.0,0.331,0.316
CHN202104050,2021-04-05,CHN,MIL,0,0,4.35,4.22,1e-06,132.54357794550742,CHN,MIL,1.0,0.0,0.318,0.318
SDN202104060,2021-04-06,SDN,SFN,0,0,5.06,3.7,1e-06,1e-06,SDN,SDN,0.5,0.0,0.331,0.316
CIN202104060,2021-04-06,CIN,PIT,1,0,3.37,6.57,1e-06,1e-06,CIN,CIN,0.0,1.0,0.346,0.297
CHN202104060,2021-04-06,CHN,MIL,0,3,4.58,2.81,1e-06,1e-06,CHN,CHN,0.6666666666666666,0.0,0.318,0.318
SEA202104060,2021-04-06,SEA,CHA,0,0,8.25,3.53,1e-06,1e-06,SEA,SEA,0.0,0.0,0.295,0.325
NYA202104060,2021-04-06,NYA,BAL,0,0,3.23,7.55,1e-06,1e-06,NYA,NYA,0.0,1.0,0.323,0.291
COL202104060,2021-04-06,COL,ARI,0,0,6.56,4.9,1e-06,1340.79250926624,COL,SDN,0.0,0.6666666666666666,0.341,0.296
MIA202104060,2021-04-06,MIA,SLN,1,0,3.19,4.56,1e-06,1e-06,MIA,MIA,0.3333333333333333,1.0,0.303,0.316
OAK202104060,2021-04-06,OAK,LAN,1,0,3.15,3.55,1e-06,1e-06,OAK,OAK,0.5,1.25,0.313,0.324
PHI202104060,2021-04-06,PHI,NYN,0,0,6.75,3.02,1e-06,1e-06,PHI,PHI,0.0,0.0,0.324,0.307
ANA202104060,2021-04-06,ANA,HOU,2,0,2.57,2.25,1e-06,1e-06,ANA,ANA,0.75,1.25,0.318,0.336
DET202104060,2021-04-06,DET,MIN,0,0,3.39,4.43,1e-06,1e-06,DET,DET,1.3333333333333333,0.6666666666666666,0.311,0.31
BOS202104060,2021-04-06,BOS,TBA,1,0,5.85,2.38,1e-06,1e-06,BOS,BOS,0.0,0.0,0.349,0.312
TEX202104060,2021-04-06,TEX,TOR,2,1,4.51,6.43,1e-06,1e-06,TEX,TEX,0.0,0.3333333333333333,0.301,0.325
TEX202104070,2021-04-07,TEX,TOR,0,0,3.71,4.37,1e-06,1e-06,TEX,TEX,1.0,0.5,0.301,0.325
SEA202104070,2021-04-07,SEA,CHA,0,0,6.17,6.0,1e-06,1e-06,SEA,SEA,0.0,0.0,0.295,0.325
OAK202104070,2021-04-07,OAK,LAN,0,1,3.92,1.86,1e-06,1e-06,OAK,OAK,0.6,1.0,0.313,0.324
WAS202104072,2021-04-07,WAS,ATL,0,0,7.39,1.98,1e-06,1e-06,WAS,WAS,0.0,0.0,0.34,0.312
CLE202104070,2021-04-07,CLE,KCA,0,0,1.29,4.85,1e-06,1e-06,CLE,CLE,0.0,0.0,0.306,0.291
WAS202104071,2021-04-07,WAS,ATL,4,1,5.47,6.57,1e-06,1e-06,WAS,WAS,0.0,0.0,0.34,0.312
SDN202104070,2021-04-07,SDN,SFN,0,0,3.62,2.72,1e-06,1e-06,SDN,SDN,0.4,0.0,0.331,0.316
CIN202104070,2021-04-07,CIN,PIT,5,0,3.98,4.82,1e-06,1e-06,CIN,CIN,0.25,0.75,0.346,0.297
MIA202104070,2021-04-07,MIA,SLN,0,0,3.07,3.22,1e-06,1e-06,MIA,MIA,0.5,0.75,0.303,0.316
CHN202104070,2021-04-07,CHN,MIL,0,0,5.46,1.23,1e-06,1e-06,CHN,CHN,0.5,1.5,0.318,0.318
NYA202104070,2021-04-07,NYA,BAL,0,0,3.12,5.87,1e-06,1e-06,NYA,NYA,0.0,0.75,0.323,0.291
DET202104070,2021-04-07,DET,MIN,0,0,3.89,4.66,1e-06,1e-06,DET,DET,1.0,0.5,0.311,0.31
BOS202104070,2021-04-07,BOS,TBA,0,0,3.75,5.11,1e-06,1e-06,BOS,BOS,0.25,0.0,0.349,0.312
PHI202104070,2021-04-07,PHI,NYN,4,0,3.43,5.54,1e-06,1e-06,PHI,PHI,0.0,0.0,0.324,0.307
COL202104070,2021-04-07,COL,ARI,1,0,4.42,4.67,1e-06,1e-06,COL,COL,0.0,0.5,0.341,0.296
MIN202104080,2021-04-08,MIN,SEA,0,0,3.52,3.96,872.516450655481,2238.4089622775527,DET,SEA,0.0,0.0,0.318,0.309
TOR202104080,2021-04-08,TOR,ANA,3,1,4.94,6.06,1953.690097165916,3477.996626466436,TEX,ANA,3.0,1.0,0.336,0.301
COL202104080,2021-04-08,COL,ARI,3,0,4.59,4.44,1e-06,1e-06,COL,COL,0.2,0.4,0.341,0.296
CHA202104080,2021-04-08,CHA,KCA,3,0,2.69,5.39,2788.668911659839,494.38381964269325,SEA,CLE,3.0,0.0,0.348,0.291
BAL202104080,2021-04-08,BAL,BOS,2,2,6.27,4.74,272.81937803481173,578.81170796599,NYA,BOS,2.0,2.0,0.317,0.308
SLN202104080,2021-04-08,SLN,MIL,0,0,3.02,2.84,1707.3616110149374,422.4920912040455,MIA,CHN,0.0,1.0,0.31,0.318
HOU202104080,2021-04-08,HOU,OAK,0,0,3.55,4.24,2169.9670210701,2629.671879056886,ANA,OAK,0.0,0.0,0.341,0.319
PIT202104080,2021-04-08,PIT,CHN,0,1,4.53,7.39,415.25842934625814,660.0502267315369,CIN,CHN,0.0,1.0,0.322,0.305
NYN202104080,2021-04-08,NYN,MIA,0,0,3.45,3.82,129.48897528262268,1756.5620451799746,PHI,MIA,0.0,0.0,0.323,0.294
LAN202104090,2021-04-09,LAN,WAS,0,0,2.47,12.6,552.4676717810693,3694.422011983425,OAK,WAS,0.0,0.0,0.334,0.334
TEX202104090,2021-04-09,TEX,SDN,0,0,6.64,3.18,1e-06,1879.917699205684,TEX,SDN,0.6666666666666666,0.0,0.301,0.312
ARI202104090,2021-04-09,ARI,CIN,0,0,6.58,6.38,942.6579354569092,2538.655038172322,COL,CIN,0.0,0.0,0.322,0.31
HOU202104090,2021-04-09,HOU,OAK,0,0,5.75,3.92,1e-06,1e-06,HOU,HOU,0.0,0.0,0.341,0.319
CLE202104090,2021-04-09,CLE,DET,3,0,4.67,5.07,1e-06,145.52553501827433,CLE,DET,0.0,0.0,0.306,0.304
SFN202104090,2021-04-09,SFN,COL,0,0,4.08,4.53,738.1265117326025,1524.5101947303656,SDN,COL,0.0,0.0,0.336,0.291
TOR202104090,2021-04-09,TOR,ANA,0,0,6.6,5.83,1e-06,1e-06,TOR,TOR,3.0,1.0,0.336,0.301
ATL202104090,2021-04-09,ATL,PHI,0,0,3.34,2.78,874.0887985860761,1071.2330338826837,WAS,PHI,0.0,0.0,0.325,0.311
TBA202104090,2021-04-09,TBA,NYA,0,0,3.86,3.83,1926.694381718032,1638.0556824552712,BOS,NYA,0.0,0.0,0.328,0.32
ATL202104100,2021-04-10,ATL,PHI,3,2,4.73,3.71,1e-06,1e-06,ATL,ATL,0.0,0.0,0.325,0.311
ARI202104100,2021-04-10,ARI,CIN,0,0,6.01,4.56,1e-06,1e-06,ARI,ARI,0.0,0.0,0.322,0.31
NYN202104100,2021-04-10,NYN,MIA,0,0,1.08,2.64,1e-06,1e-06,NYN,NYN,0.0,0.0,0.323,0.294
TOR202104100,2021-04-10,TOR,ANA,0,0,3.82,6.43,1e-06,1e-06,TOR,TOR,1.5,0.5,0.336,0.301
TBA202104100,2021-04-10,TBA,NYA,1,0,1.88,4.58,1e-06,1e-06,TBA,TBA,0.0,0.0,0.328,0.32
SLN202104100,2021-04-10,SLN,MIL,0,1,6.23,3.22,1e-06,1e-06,SLN,SLN,0.0,0.75,0.31,0.318
MIN202104100,2021-04-10,MIN,SEA,0,0,3.35,1.77,1e-06,1e-06,MIN,MIN,0.0,0.0,0.318,0.309
HOU202104100,2021-04-10,HOU,OAK,0,0,3.62,3.37,1e-06,1e-06,HOU,HOU,0.0,0.0,0.341,0.319
BAL202104100,2021-04-10,BAL,BOS,2,2,4.39,3.79,1e-06,1e-06,BAL,BAL,2.0,2.0,0.317,0.308
SFN202104100,2021-04-10,SFN,COL,0,0,1.57,6.56,1e-06,1e-06,SFN,SFN,0.0,0.0,0.336,0.291
TEX202104100,2021-04-10,TEX,SDN,0,0,8.74,5.32,1e-06,1e-06,TEX,TEX,0.5,0.0,0.301,0.312
CLE202104100,2021-04-10,CLE,DET,0,0,3.84,4.34,1e-06,1e-06,CLE,CLE,1.0,0.0,0.306,0.304
PIT202104100,2021-04-10,PIT,CHN,0,1,6.17,5.78,1e-06,1e-06,PIT,PIT,0.0,1.0,0.322,0.305
LAN202104100,2021-04-10,LAN,WAS,0,1,2.96,5.82,1e-06,1e-06,LAN,LAN,0.0,0.0,0.334,0.334
SLN202104110,2021-04-11,SLN,MIL,0,4,6.21,4.22,1e-06,1e-06,SLN,SLN,0.0,0.8,0.31,0.318
PIT202104110,2021-04-11,PIT,CHN,0,0,5.36,4.35,1e-06,1e-06,PIT,PIT,0.0,1.0,0.322,0.305
ARI202104110,2021-04-11,ARI,CIN,0,0,4.25,8.35,1e-06,1e-06,ARI,ARI,0.0,0.0,0.322,0.31
LAN202104110,2021-04-11,LAN,WAS,0,0,3.55,2.46,1e-06,1e-06,LAN,LAN,0.0,0.5,0.334,0.334
SFN202104110,2021-04-11,SFN,COL,2,0,3.17,4.4,1e-06,1e-06,SFN,SFN,0.0,0.0,0.336,0.291
TBA202104110,2021-04-11,TBA,NYA,0,0,1.55,3.36,1e-06,1e-06,TBA,TBA,0.5,0.0,0.328,0.32
TEX202104110,2021-04-11,TEX,SDN,0,0,5.44,3.06,1e-06,1e-06,TEX,TEX,0.4,0.0,0.301,0.312
CLE202104110,2021-04-11,CLE,DET,0,1,6.26,5.81,1e-06,1e-06,CLE,CLE,0.75,0.0,0.306,0.304
CHA202104110,2021-04-11,CHA,KCA,0,0,2.82,4.85,1e-06,1e-06,CHA,CHA,3.0,0.0,0.348,0.291
BAL202104110,2021-04-11,BAL,BOS,0,0,6.07,4.53,1e-06,1e-06,BAL,BAL,2.0,2.0,0.317,0.308
NYN202104110,2021-04-11,NYN,MIA,0,0,3.94,2.81,1e-06,1e-06,NYN,NYN,0.0,0.0,0.323,0.294
ATL202104110,2021-04-11,ATL,PHI,3,0,,4.2,1e-06,1e-06,ATL,ATL,1.5,1.0,0.325,0.311
MIN202104110,2021-04-11,MIN,SEA,1,0,4.15,2.0,1e-06,1e-06,MIN,MIN,0.0,0.0,0.318,0.309
KCA202104120,2021-04-12,KCA,ANA,0,0,4.91,3.76,663.9206411727051,1362.7751953099455,CHA,TOR,0.0,0.3333333333333333,0.322,0.301
TOR202104120,2021-04-12,TOR,NYA,1,0,2.84,3.23,1e-06,1789.459752085548,TOR,TBA,1.0,0.0,0.336,0.32
PIT202104120,2021-04-12,PIT,SDN,0,1,8.8,4.22,1e-06,1741.1290055955549,PIT,TEX,0.0,0.0,0.322,0.312
MIL202104120,2021-04-12,MIL,CHN,0,0,2.81,4.58,526.8349145670746,722.0054120555708,SLN,PIT,0.0,0.6666666666666666,0.314,0.305
ATL202104120,2021-04-12,ATL,MIA,1,0,4.19,4.21,1e-06,1200.4511584455877,ATL,NYN,2.0,0.0,0.325,0.294
CHA202104120,2021-04-12,CHA,CLE,0,0,4.28,1.29,1e-06,494.38381964269325,CHA,CLE,1.5,0.5,0.348,0.302
SFN202104120,2021-04-12,SFN,CIN,0,0,3.06,3.37,1e-06,1050.993394248722,SFN,ARI,0.6666666666666666,0.0,0.336,0.31
SLN202104120,2021-04-12,SLN,WAS,0,1,4.09,3.55,1e-06,2553.1974748902726,SLN,LAN,0.0,0.3333333333333333,0.31,0.334
TBA202104120,2021-04-12,TBA,TEX,0,0,2.66,4.66,1e-06,1496.616116420437,TBA,TEX,0.3333333333333333,1.0,0.328,0.288
ARI202104120,2021-04-12,ARI,OAK,0,1,4.67,3.15,1e-06,1630.8590123845936,ARI,HOU,0.0,0.0,0.322,0.319
HOU202104120,2021-04-12,HOU,DET,0,0,4.16,3.71,1e-06,1793.7234420980124,HOU,CLE,0.0,0.3333333333333333,0.341,0.304
SFN202104130,2021-04-13,SFN,CIN,4,4,3.35,6.38,1e-06,1e-06,SFN,SFN,0.5,0.0,0.336,0.31
HOU202104130,2021-04-13,HOU,DET,0,0,4.21,3.89,1e-06,1e-06,HOU,HOU,0.0,0.25,0.341,0.304
MIN202104130,2021-04-13,MIN,BOS,2,0,7.64,4.21,1e-06,1508.338155320694,MIN,BAL,0.3333333333333333,1.3333333333333333,0.318,0.308
MIL202104130,2021-04-13,MIL,CHN,0,0,3.07,0.0,1e-06,1e-06,MIL,MIL,0.0,0.5,0.314,0.305
CHA202104130,2021-04-13,CHA,CLE,0,0,2.82,3.17,1e-06,1e-06,CHA,CHA,1.0,0.3333333333333333,0.348,0.302
SLN202104130,2021-04-13,SLN,WAS,1,0,3.22,4.57,1e-06,1e-06,SLN,SLN,0.0,0.5,0.31,0.334
TBA202104130,2021-04-13,TBA,TEX,2,1,5.11,3.71,1e-06,1e-06,TBA,TBA,0.25,0.6666666666666666,0.328,0.288
BAL202104132,2021-04-13,BAL,SEA,0,0,5.87,0.67,1e-06,1508.338155320694,BAL,MIN,1.3333333333333333,0.0,0.317,0.309
PIT202104130,2021-04-13,PIT,SDN,3,2,3.63,3.76,1e-06,1e-06,PIT,PIT,0.0,0.25,0.322,0.312
KCA202104130,2021-04-13,KCA,ANA,1,0,2.51,6.06,1e-06,1e-06,KCA,KCA,0.0,0.25,0.322,0.301
ATL202104130,2021-04-13,ATL,MIA,3,0,3.04,3.45,1e-06,1e-06,ATL,ATL,1.75,0.0,0.325,0.294
TOR202104130,2021-04-13,TOR,NYA,0,0,4.37,4.3,1e-06,1e-06,TOR,TOR,1.0,0.0,0.336,0.32
LAN202104130,2021-04-13,LAN,COL,2,0,2.59,4.42,1e-06,559.4406195325591,LAN,SFN,0.0,0.0,0.334,0.291
BAL202104131,2021-04-13,BAL,SEA,0,1,5.17,6.39,1e-06,1e-06,BAL,BAL,1.0,0.0,0.317,0.309
NYN202104131,2021-04-13,NYN,PHI,2,0,3.59,3.63,1e-06,1200.4511584455877,NYN,ATL,0.0,0.6666666666666666,0.323,0.311
ARI202104130,2021-04-13,ARI,OAK,0,0,9.49,3.92,1e-06,1e-06,ARI,ARI,0.0,0.25,0.322,0.319
NYN202104132,2021-04-13,NYN,PHI,0,0,3.02,4.63,1e-06,1e-06,NYN,NYN,0.5,0.5,0.323,0.311
TOR202104140,2021-04-14,TOR,NYA,0,1,5.63,3.12,1e-06,1e-06,TOR,TOR,0.8,0.0,0.336,0.32
SFN202104140,2021-04-14,SFN,CIN,0,0,4.08,3.75,1e-06,1e-06,SFN,SFN,1.2,0.8,0.336,0.31
TBA202104140,2021-04-14,TBA,TEX,0,0,5.09,6.64,1e-06,1e-06,TBA,TBA,0.6,0.75,0.328,0.288
MIL202104140,2021-04-14,MIL,CHN,2,0,2.43,7.39,1e-06,1e-06,MIL,MIL,0.0,0.4,0.314,0.305
CHA202104140,2021-04-14,CHA,CLE,6,0,2.37,4.67,1e-06,1e-06,CHA,CHA,0.75,0.25,0.348,0.302
SLN202104140,2021-04-14,SLN,WAS,0,0,3.05,4.17,1e-06,1e-06,SLN,SLN,0.2,0.4,0.31,0.334
NYN202104140,2021-04-14,NYN,PHI,2,0,5.54,2.78,1e-06,1e-06,NYN,NYN,0.4,0.4,0.323,0.311
MIN202104141,2021-04-14,MIN,BOS,0,0,4.66,3.75,1e-06,1e-06,MIN,MIN,0.75,1.0,0.318,0.308
LAN202104140,2021-04-14,LAN,COL,2,0,2.45,4.59,1e-06,1e-06,LAN,LAN,0.5,0.0,0.334,0.291
ATL202104140,2021-04-14,ATL,MIA,0,0,2.57,3.45,1e-06,1e-06,ATL,ATL,2.0,0.0,0.325,0.294
KCA202104140,2021-04-14,KCA,ANA,0,0,5.39,5.6,1e-06,1e-06,KCA,KCA,0.25,0.2,0.322,0.301
MIN202104142,2021-04-14,MIN,BOS,1,0,3.52,4.74,1e-06,1e-06,MIN,MIN,0.6,0.8,0.318,0.308
HOU202104140,2021-04-14,HOU,DET,0,0,3.16,2.97,1e-06,1e-06,HOU,HOU,0.0,0.2,0.341,0.304
PIT202104140,2021-04-14,PIT,SDN,0,0,4.53,3.18,1e-06,1e-06,PIT,PIT,0.6,0.6,0.322,0.312
CHA202104150,2021-04-15,CHA,CLE,1,0,2.69,3.84,1e-06,1e-06,CHA,CHA,1.8,0.2,0.348,0.302
ATL202104150,2021-04-15,ATL,MIA,0,0,3.78,2.81,1e-06,1e-06,ATL,ATL,1.6666666666666667,0.0,0.325,0.294
KCA202104150,2021-04-15,KCA,TOR,1,0,5.26,5.61,1e-06,1362.7751953099455,KCA,TOR,0.2,0.4,0.322,0.325
OAK202104150,2021-04-15,OAK,DET,0,0,3.91,4.34,1040.2976618519092,2629.671879056886,ARI,HOU,0.5,0.1666666666666666,0.313,0.304
WAS202104150,2021-04-15,WAS,ARI,4,3,5.82,4.44,1142.2462660488457,3184.3579900386735,SLN,ARI,2.0,0.3333333333333333,0.34,0.296
TBA202104150,2021-04-15,TBA,TEX,0,0,3.72,3.97,1e-06,1e-06,TBA,TBA,0.5,0.6,0.328,0.288
PIT202104150,2021-04-15,PIT,SDN,0,4,6.17,5.07,1e-06,1e-06,PIT,PIT,0.5,0.5,0.322,0.312
LAN202104150,2021-04-15,LAN,COL,0,1,1.86,7.55,1e-06,1e-06,LAN,LAN,0.8,0.0,0.334,0.291
BAL202104152,2021-04-15,BAL,SEA,0,0,5.04,3.75,1e-06,1e-06,BAL,BAL,0.8,0.2,0.317,0.309
MIN202104150,2021-04-15,MIN,BOS,0,0,4.15,4.21,1e-06,1e-06,MIN,MIN,0.6666666666666666,0.6666666666666666,0.318,0.308
BAL202104151,2021-04-15,BAL,SEA,2,0,5.17,3.96,1e-06,1e-06,BAL,BAL,0.6666666666666666,0.1666666666666666,0.317,0.309
CIN202104160,2021-04-16,CIN,CLE,0,0,4.56,6.26,3280.370735305635,406.2527329885922,SFN,CHA,1.2,0.1666666666666666,0.346,0.302
MIA202104160,2021-04-16,MIA,SFN,0,0,3.82,3.7,973.359131898138,4167.0413845935145,ATL,SFN,0.4,0.0,0.303,0.316
ANA202104160,2021-04-16,ANA,MIN,0,0,6.97,7.64,2158.345510444982,2437.087352189671,KCA,MIN,1.0,0.4,0.318,0.31
CHN202104160,2021-04-16,CHN,ATL,0,0,5.78,6.57,132.54357794550742,947.8182724063668,MIL,ATL,0.4,0.25,0.318,0.312
MIL202104160,2021-04-16,MIL,PIT,0,0,3.22,5.36,1e-06,722.0054120555708,MIL,PIT,0.4,0.6,0.314,0.297
NYA202104160,2021-04-16,NYA,TBA,0,2,8.79,5.05,550.2922217550002,1638.0556824552712,TOR,TBA,0.0,0.0,0.323,0.312
TEX202104160,2021-04-16,TEX,BAL,0,0,5.44,6.07,1496.616116420437,1968.7690954443951,TBA,BAL,0.3333333333333333,0.6,0.301,0.291
SDN202104160,2021-04-16,SDN,LAN,0,0,3.62,4.03,3402.7692440534656,179.52869961196944,PIT,LAN,0.3333333333333333,1.0,0.331,0.324
WAS202104160,2021-04-16,WAS,ARI,0,0,3.9,6.58,1e-06,1e-06,WAS,WAS,2.6666666666666665,0.7142857142857143,0.34,0.296
SEA202104160,2021-04-16,SEA,HOU,0,0,4.61,3.42,3746.584168000963,3039.1839825945185,BAL,HOU,0.0,1.0,0.295,0.336
OAK202104160,2021-04-16,OAK,DET,0,0,3.37,5.81,1e-06,1e-06,OAK,OAK,0.4285714285714285,0.1428571428571428,0.313,0.304
PHI202104160,2021-04-16,PHI,SLN,0,0,4.17,6.23,129.48897528262268,1300.629186583633,NYN,SLN,1.0,0.6,0.324,0.316
WAS202104170,2021-04-17,WAS,ARI,0,0,5.47,4.25,1e-06,1e-06,WAS,WAS,2.0,0.625,0.34,0.296
MIA202104170,2021-04-17,MIA,SFN,1,0,4.21,2.62,1e-06,1e-06,MIA,MIA,0.3333333333333333,0.0,0.303,0.316
OAK202104170,2021-04-17,OAK,DET,1,0,4.24,3.71,1e-06,1e-06,OAK,OAK,0.375,0.125,0.313,0.304
KCA202104172,2021-04-17,KCA,TOR,0,0,4.85,3.4,1e-06,1e-06,KCA,KCA,0.3333333333333333,0.3333333333333333,0.322,0.325
KCA202104171,2021-04-17,KCA,TOR,0,2,5.05,3.82,1e-06,1e-06,KCA,KCA,0.2857142857142857,0.2857142857142857,0.322,0.325
CHN202104170,2021-04-17,CHN,ATL,1,0,4.35,4.05,1e-06,1e-06,CHN,CHN,0.3333333333333333,0.2,0.318,0.312
NYA202104170,2021-04-17,NYA,TBA,0,0,3.83,2.66,1e-06,1e-06,NYA,NYA,0.0,0.3333333333333333,0.323,0.312
SEA202104170,2021-04-17,SEA,HOU,0,0,3.61,4.16,1e-06,1e-06,SEA,SEA,0.0,0.8333333333333334,0.295,0.336
TEX202104170,2021-04-17,TEX,BAL,0,0,4.66,5.79,1e-06,1e-06,TEX,TEX,0.2857142857142857,0.5,0.301,0.291
COL202104171,2021-04-17,COL,NYN,0,0,5.21,1.08,1e-06,1e-06,COL,COL,0.6666666666666666,0.0,0.341,0.307
CIN202104170,2021-04-17,CIN,CLE,0,0,4.53,0.0,1e-06,1e-06,CIN,CIN,1.0,0.1428571428571428,0.346,0.302
COL202104172,2021-04-17,COL,NYN,3,0,4.4,4.46,1336.5596902131042,2618.595617996944,LAN,NYN,0.5714285714285714,0.0,0.341,0.307
SDN202104170,2021-04-17,SDN,LAN,0,0,4.22,3.55,1e-06,1e-06,SDN,SDN,0.2857142857142857,0.8571428571428571,0.331,0.324
BOS202104170,2021-04-17,BOS,CHA,0,2,4.21,4.28,1804.1923618308683,1365.5064971534737,MIN,CHA,0.2,0.0,0.349,0.325
MIL202104170,2021-04-17,MIL,PIT,5,0,4.22,6.57,1e-06,1e-06,MIL,MIL,0.3333333333333333,0.5,0.314,0.297
PHI202104170,2021-04-17,PHI,SLN,1,0,6.29,4.56,1e-06,1e-06,PHI,PHI,0.8,0.5,0.324,0.316
MIL202104180,2021-04-18,MIL,PIT,2,0,2.73,2.94,1e-06,1e-06,MIL,MIL,1.0,0.4285714285714285,0.314,0.297
SEA202104180,2021-04-18,SEA,HOU,1,0,7.98,4.21,1e-06,1e-06,SEA,SEA,0.0,0.7142857142857143,0.295,0.336
PHI202104180,2021-04-18,PHI,SLN,1,0,4.63,4.09,1e-06,1e-06,PHI,PHI,0.8333333333333334,0.4285714285714285,0.324,0.316
NYA202104180,2021-04-18,NYA,TBA,0,0,3.23,5.11,1e-06,1e-06,NYA,NYA,0.0,0.2857142857142857,0.323,0.312
OAK202104180,2021-04-18,OAK,DET,0,0,3.18,3.39,1e-06,1e-06,OAK,OAK,0.4444444444444444,0.1111111111111111,0.313,0.304
MIA202104180,2021-04-18,MIA,SFN,0,0,3.07,3.83,1e-06,1e-06,MIA,MIA,0.4285714285714285,0.0,0.303,0.316
TEX202104180,2021-04-18,TEX,BAL,0,0,3.52,5.79,1e-06,1e-06,TEX,TEX,0.25,0.4285714285714285,0.301,0.291
SDN202104180,2021-04-18,SDN,LAN,0,0,5.06,2.93,1e-06,1e-06,SDN,SDN,0.25,0.75,0.331,0.324
COL202104180,2021-04-18,COL,NYN,0,0,4.42,3.02,1e-06,1e-06,COL,COL,0.875,0.0,0.341,0.307
BOS202104182,2021-04-18,BOS,CHA,0,1,4.74,6.0,1e-06,1e-06,BOS,BOS,0.1666666666666666,0.2857142857142857,0.349,0.325
BOS202104181,2021-04-18,BOS,CHA,0,1,3.52,5.28,1e-06,1e-06,BOS,BOS,0.1428571428571428,0.375,0.349,0.325
CHN202104180,2021-04-18,CHN,ATL,2,6,4.77,5.35,1e-06,1e-06,CHN,CHN,0.4285714285714285,0.1666666666666666,0.318,0.312
WAS202104180,2021-04-18,WAS,ARI,0,1,4.27,4.67,1e-06,1e-06,WAS,WAS,1.6,0.5555555555555556,0.34,0.296
CIN202104180,2021-04-18,CIN,CLE,0,1,3.37,3.17,1e-06,1e-06,CIN,CIN,0.8571428571428571,0.125,0.346,0.302
KCA202104180,2021-04-18,KCA,TOR,0,0,4.83,6.6,1e-06,1e-06,KCA,KCA,0.25,0.5,0.322,0.325
KCA202104190,2021-04-19,KCA,TBA,0,0,2.51,5.09,1e-06,1759.8286951805926,KCA,NYA,0.2222222222222222,0.25,0.322,0.312
WAS202104190,2021-04-19,WAS,SLN,0,0,4.17,3.22,1e-06,197.2342958595587,WAS,PHI,1.3333333333333333,0.375,0.34,0.316
ANA202104190,2021-04-19,ANA,TEX,0,0,6.06,6.64,1e-06,1938.7751997181072,ANA,TEX,0.8333333333333334,0.5,0.318,0.288
SEA202104190,2021-04-19,SEA,LAN,2,0,6.83,2.74,1e-06,1711.8059777853623,SEA,SDN,0.125,0.6666666666666666,0.295,0.324
SDN202104190,2021-04-19,SDN,MIL,1,0,3.18,2.56,1e-06,2790.8560532571964,SDN,MIL,0.2222222222222222,1.3333333333333333,0.331,0.318
PHI202104190,2021-04-19,PHI,SFN,0,0,6.75,2.81,1e-06,1644.1190984600378,PHI,MIA,0.8571428571428571,0.0,0.324,0.316
BOS202104190,2021-04-19,BOS,CHA,6,1,3.75,3.53,1e-06,1e-06,BOS,BOS,0.125,0.4444444444444444,0.349,0.325
ANA202104200,2021-04-20,ANA,TEX,0,0,5.6,5.15,1e-06,1e-06,ANA,ANA,0.7142857142857143,0.4285714285714285,0.318,0.288
CHN202104200,2021-04-20,CHN,NYN,0,0,7.39,4.47,1e-06,1477.450780411816,CHN,COL,0.625,0.0,0.318,0.307
KCA202104200,2021-04-20,KCA,TBA,0,1,5.39,1.88,1e-06,1e-06,KCA,KCA,0.2,0.2222222222222222,0.322,0.312
SEA202104200,2021-04-20,SEA,LAN,0,0,3.96,2.96,1e-06,1e-06,SEA,SEA,0.3333333333333333,0.6,0.295,0.324
MIA202104200,2021-04-20,MIA,BAL,1,3,4.54,6.27,1e-06,1804.0128601780743,MIA,TEX,0.375,0.375,0.303,0.291
NYA202104200,2021-04-20,NYA,ATL,0,0,2.17,2.57,1e-06,1144.129935670241,NYA,CHN,0.0,1.0,0.323,0.312
PHI202104200,2021-04-20,PHI,SFN,0,0,3.43,2.37,1e-06,1e-06,PHI,PHI,0.75,0.0,0.324,0.316
CIN202104200,2021-04-20,CIN,ARI,0,3,6.04,7.79,1e-06,647.9323389925676,CIN,WAS,0.75,0.6,0.346,0.296
SDN202104200,2021-04-20,SDN,MIL,0,0,5.07,2.43,1e-06,1e-06,SDN,SDN,0.3,1.1428571428571428,0.331,0.318
OAK202104202,2021-04-20,OAK,MIN,0,0,6.61,3.52,1e-06,1e-06,OAK,OAK,0.4,0.3333333333333333,0.313,0.31
COL202104200,2021-04-20,COL,HOU,0,0,4.59,,1e-06,1640.846947858291,COL,SEA,0.7777777777777778,0.625,0.341,0.336
CLE202104200,2021-04-20,CLE,CHA,0,0,4.67,2.37,358.1075548344512,884.5468110577992,CIN,BOS,0.6,0.5,0.306,0.325
OAK202104201,2021-04-20,OAK,MIN,0,0,3.91,8.06,1e-06,592.0809005913671,OAK,ANA,0.4,0.2857142857142857,0.313,0.31
WAS202104200,2021-04-20,WAS,SLN,0,0,3.31,3.02,1e-06,1e-06,WAS,WAS,1.1428571428571428,0.3333333333333333,0.34,0.316
BOS202104200,2021-04-20,BOS,TOR,0,0,4.74,4.37,1e-06,2008.0645584325655,BOS,KCA,0.7777777777777778,0.4444444444444444,0.349,0.325
CIN202104210,2021-04-21,CIN,ARI,0,0,6.38,4.98,1e-06,1e-06,CIN,CIN,0.6666666666666666,0.9,0.346,0.296
SDN202104210,2021-04-21,SDN,MIL,0,0,5.06,3.07,1e-06,1e-06,SDN,SDN,0.3,1.0,0.331,0.318
COL202104210,2021-04-21,COL,HOU,2,0,4.53,3.62,1e-06,1e-06,COL,COL,0.7,0.5555555555555556,0.341,0.336
NYA202104210,2021-04-21,NYA,ATL,0,0,3.83,3.58,1e-06,1e-06,NYA,NYA,0.0,0.875,0.323,0.312
BOS202104210,2021-04-21,BOS,TOR,0,1,4.87,4.94,1e-06,1e-06,BOS,BOS,0.7,0.4,0.349,0.325
PHI202104210,2021-04-21,PHI,SFN,0,0,3.63,3.35,1e-06,1e-06,PHI,PHI,0.6666666666666666,0.0,0.324,0.316
KCA202104210,2021-04-21,KCA,TBA,0,4,2.42,2.78,1e-06,1e-06,KCA,KCA,0.2,0.3,0.322,0.312
DET202104212,2021-04-21,DET,PIT,0,1,2.88,8.4,1e-06,1e-06,DET,DET,0.8,0.375,0.311,0.297
DET202104211,2021-04-21,DET,PIT,0,0,2.97,4.53,3345.164678963249,408.2632535344616,OAK,MIL,0.6666666666666666,0.4444444444444444,0.311,0.297
ANA202104210,2021-04-21,ANA,TEX,1,0,3.84,3.52,1e-06,1e-06,ANA,ANA,0.625,0.375,0.318,0.288
OAK202104210,2021-04-21,OAK,MIN,0,1,4.11,4.15,1e-06,1e-06,OAK,OAK,0.3,0.25,0.313,0.31
WAS202104210,2021-04-21,WAS,SLN,0,0,2.46,6.23,1e-06,1e-06,WAS,WAS,1.0,0.3,0.34,0.316
MIA202104210,2021-04-21,MIA,BAL,0,0,2.64,5.04,1e-06,1e-06,MIA,MIA,0.4444444444444444,0.6666666666666666,0.303,0.291
CHN202104210,2021-04-21,CHN,NYN,0,1,5.07,5.54,1e-06,1e-06,CHN,CHN,0.5555555555555556,0.0,0.318,0.307
SFN202104220,2021-04-22,SFN,MIA,3,0,3.06,4.87,4049.99076989334,4167.0413845935145,PHI,MIA,1.0,0.0,0.336,0.294
CLE202104220,2021-04-22,CLE,NYA,3,0,5.05,4.58,1e-06,649.8727601989037,CLE,NYA,0.5,0.1666666666666666,0.306,0.32
LAN202104220,2021-04-22,LAN,SDN,0,0,1.99,3.76,1545.141516309272,179.52869961196944,SEA,SDN,0.6666666666666666,1.0,0.334,0.312
BOS202104220,2021-04-22,BOS,SEA,0,0,3.38,6.39,1e-06,4000.0367541660753,BOS,SEA,0.7,0.1428571428571428,0.349,0.309
HOU202104220,2021-04-22,HOU,ANA,0,0,3.55,3.76,1412.379089095518,2169.9670210701,COL,ANA,0.0,0.1666666666666666,0.341,0.301
CIN202104220,2021-04-22,CIN,ARI,1,0,4.4,4.83,1e-06,1e-06,CIN,CIN,0.6,0.9,0.346,0.296
DET202104220,2021-04-22,DET,PIT,0,2,3.65,5.6,1e-06,1e-06,DET,DET,0.5714285714285714,0.4,0.311,0.297
CHN202104220,2021-04-22,CHN,NYN,0,0,5.22,3.45,1e-06,1e-06,CHN,CHN,0.5,0.1428571428571428,0.318,0.307
TBA202104230,2021-04-23,TBA,TOR,0,4,2.66,3.82,1680.826511683993,1926.694381718032,KCA,BOS,0.4285714285714285,0.5,0.328,0.325
SFN202104230,2021-04-23,SFN,MIA,0,1,3.83,3.19,1e-06,1e-06,SFN,SFN,1.2857142857142858,0.0,0.336,0.294
BAL202104230,2021-04-23,BAL,OAK,0,0,6.07,4.24,1539.1317139517298,3931.3055139950993,MIA,OAK,0.8571428571428571,0.2,0.317,0.319
CLE202104230,2021-04-23,CLE,NYA,3,0,6.26,2.74,1e-06,1e-06,CLE,CLE,0.8571428571428571,0.1428571428571428,0.306,0.32
LAN202104230,2021-04-23,LAN,SDN,1,0,3.55,4.22,1e-06,1e-06,LAN,LAN,0.5714285714285714,0.875,0.334,0.312
SLN202104230,2021-04-23,SLN,CIN,0,0,3.46,4.19,1142.2462660488457,494.9532553693752,WAS,CIN,0.1666666666666666,0.6666666666666666,0.31,0.31
ATL202104230,2021-04-23,ATL,ARI,0,0,4.05,4.25,1200.4511584455877,595.1171397463928,NYA,CIN,1.4285714285714286,0.7,0.325,0.296
CHN202104230,2021-04-23,CHN,MIL,6,0,4.77,4.22,1e-06,2787.070270174863,CHN,SDN,0.5,0.8888888888888888,0.318,0.318
COL202104230,2021-04-23,COL,PHI,0,0,3.35,3.63,1e-06,2534.0409405234473,COL,PHI,0.9,0.3333333333333333,0.341,0.311
BOS202104230,2021-04-23,BOS,SEA,2,1,3.06,4.41,1e-06,1e-06,BOS,BOS,0.7,0.125,0.349,0.309
HOU202104230,2021-04-23,HOU,ANA,0,0,2.25,2.57,1e-06,1e-06,HOU,HOU,0.0,0.1428571428571428,0.341,0.301
NYN202104230,2021-04-23,NYN,WAS,0,0,1.08,5.47,1144.129935670241,326.3648041771951,CHN,WAS,0.6666666666666666,0.3333333333333333,0.323,0.334
MIN202104230,2021-04-23,MIN,PIT,0,0,5.79,5.36,2531.5923192792015,872.516450655481,OAK,DET,0.5714285714285714,0.5,0.318,0.297
CHA202104230,2021-04-23,CHA,TEX,0,0,4.28,7.94,494.38381964269325,2786.2559450879285,CLE,ANA,1.6666666666666667,0.3333333333333333,0.348,0.288
DET202104230,2021-04-23,DET,KCA,0,0,3.71,5.05,1e-06,1034.95696626315,DET,KCA,0.5,0.0,0.311,0.291
MIN202104240,2021-04-24,MIN,PIT,0,0,3.62,6.57,1e-06,1e-06,MIN,MIN,0.5,0.5,0.318,0.297
HOU202104240,2021-04-24,HOU,ANA,3,0,2.55,5.6,1e-06,1e-06,HOU,HOU,0.0,0.125,0.341,0.301
CHN202104240,2021-04-24,CHN,MIL,0,0,1.83,3.07,1e-06,1e-06,CHN,CHN,0.9,0.8,0.318,0.318
DET202104240,2021-04-24,DET,KCA,0,0,3.89,4.91,1e-06,1e-06,DET,DET,0.4444444444444444,0.0,0.311,0.291
COL202104240,2021-04-24,COL,PHI,1,0,4.34,4.63,1e-06,1e-06,COL,COL,0.9,0.2857142857142857,0.341,0.311
BOS202104240,2021-04-24,BOS,SEA,0,1,3.75,3.61,1e-06,1e-06,BOS,BOS,0.9,0.2222222222222222,0.349,0.309
BAL202104240,2021-04-24,BAL,OAK,0,1,4.41,3.15,1e-06,1e-06,BAL,BAL,0.75,0.1666666666666666,0.317,0.319
CLE202104240,2021-04-24,CLE,NYA,0,0,3.17,3.23,1e-06,1e-06,CLE,CLE,1.125,0.125,0.306,0.32
SFN202104240,2021-04-24,SFN,MIA,0,0,22.5,2.81,1e-06,1e-06,SFN,SFN,1.125,0.1111111111111111,0.336,0.294
CHA202104240,2021-04-24,CHA,TEX,0,0,2.54,3.52,1e-06,1e-06,CHA,CHA,1.4285714285714286,0.3,0.348,0.288
SLN202104240,2021-04-24,SLN,CIN,1,0,4.09,3.37,1e-06,1e-06,SLN,SLN,0.1428571428571428,0.5714285714285714,0.31,0.31
NYN202104240,2021-04-24,NYN,WAS,0,1,3.02,4.17,1e-06,1e-06,NYN,NYN,0.5714285714285714,0.2857142857142857,0.323,0.334
TBA202104240,2021-04-24,TBA,TOR,0,3,2.38,2.14,1e-06,1e-06,TBA,TBA,0.375,0.9,0.328,0.325
LAN202104240,2021-04-24,LAN,SDN,0,1,2.59,3.22,1e-06,1e-06,LAN,LAN,0.625,0.7777777777777778,0.334,0.312
ATL202104251,2021-04-25,ATL,ARI,0,0,5.35,4.3,1e-06,1e-06,ATL,ATL,1.25,0.7,0.325,0.296
CHN202104250,2021-04-25,CHN,MIL,0,1,7.39,2.56,1e-06,1e-06,CHN,CHN,0.9,0.8,0.318,0.318
DET202104250,2021-04-25,DET,KCA,0,0,4.34,2.51,1e-06,1e-06,DET,DET,0.4,0.0,0.311,0.291
CHA202104250,2021-04-25,CHA,TEX,2,0,3.5,6.64,1e-06,1e-06,CHA,CHA,1.25,0.1,0.348,0.288
SLN202104250,2021-04-25,SLN,CIN,1,0,3.22,3.98,1e-06,1e-06,SLN,SLN,0.25,0.5,0.31,0.31
ATL202104252,2021-04-25,ATL,ARI,0,5,4.48,4.67,1e-06,1e-06,ATL,ATL,1.1111111111111112,0.7,0.325,0.296
LAN202104250,2021-04-25,LAN,SDN,0,0,3.0,3.62,1e-06,1e-06,LAN,LAN,0.5555555555555556,0.8,0.334,0.312
CLE202104250,2021-04-25,CLE,NYA,0,0,6.68,4.3,1e-06,1e-06,CLE,CLE,1.0,0.1111111111111111,0.306,0.32
BOS202104250,2021-04-25,BOS,SEA,4,1,4.74,8.25,1e-06,1e-06,BOS,BOS,0.8,0.3,0.349,0.309
HOU202104250,2021-04-25,HOU,ANA,0,0,,3.64,1e-06,1e-06,HOU,HOU,0.3333333333333333,0.1111111111111111,0.341,0.301
TBA202104250,2021-04-25,TBA,TOR,0,0,5.09,3.4,1e-06,1e-06,TBA,TBA,0.3333333333333333,1.1,0.328,0.325
BAL202104250,2021-04-25,BAL,OAK,0,0,3.62,6.61,1e-06,1e-06,BAL,BAL,0.6666666666666666,0.2857142857142857,0.317,0.319
SFN202104250,2021-04-25,SFN,MIA,0,0,3.03,6.41,1e-06,1e-06,SFN,SFN,1.0,0.1,0.336,0.294
COL202104250,2021-04-25,COL,PHI,0,1,4.59,6.75,1e-06,1e-06,COL,COL,1.0,0.25,0.341,0.311
NYN202104250,2021-04-25,NYN,WAS,2,0,4.47,5.82,1e-06,1e-06,NYN,NYN,0.5,0.375,0.323,0.334
MIN202104250,2021-04-25,MIN,PIT,1,2,8.06,3.6,1e-06,1e-06,MIN,MIN,0.4444444444444444,0.3,0.318,0.297
TBA202104260,2021-04-26,TBA,OAK,1,0,3.86,3.91,1e-06,1393.7772067986984,TBA,BAL,0.3,0.25,0.328,0.319
MIL202104260,2021-04-26,MIL,MIA,0,0,2.43,2.64,132.54357794550742,2954.3733541563483,CHN,SFN,1.125,0.1,0.314,0.294
ATL202104260,2021-04-26,ATL,CHN,4,0,3.34,5.46,1e-06,947.8182724063668,ATL,CHN,1.0,0.3333333333333333,0.325,0.305
LAN202104260,2021-04-26,LAN,CIN,0,0,2.22,2.14,1e-06,2553.1974748902726,LAN,SLN,0.5,0.4444444444444444,0.334,0.31
DET202104260,2021-04-26,DET,KCA,0,0,2.88,5.39,1e-06,1e-06,DET,DET,0.2,0.0,0.311,0.291
BAL202104260,2021-04-26,BAL,NYA,1,0,6.27,6.48,1e-06,495.2645964012307,BAL,CLE,0.6,0.1,0.317,0.32
HOU202104260,2021-04-26,HOU,SEA,2,0,3.62,6.83,1e-06,2582.243070652819,HOU,BOS,0.3,0.4,0.341,0.309
SFN202104260,2021-04-26,SFN,COL,4,0,3.17,4.53,1e-06,1524.5101947303656,SFN,COL,0.9,0.1666666666666666,0.336,0.291
CLE202104260,2021-04-26,CLE,MIN,0,0,1.29,4.15,1e-06,1013.2251113855248,CLE,MIN,0.9,0.3333333333333333,0.306,0.31
SLN202104260,2021-04-26,SLN,PHI,0,0,3.05,2.78,1e-06,1279.0227614650469,SLN,COL,0.3333333333333333,0.3333333333333333,0.31,0.311
TEX202104260,2021-04-26,TEX,ANA,4,1,5.15,3.18,1309.650558347085,368.5990384284446,CHA,HOU,0.2222222222222222,0.1,0.301,0.301
CHA202104270,2021-04-27,CHA,DET,1,1,3.53,5.81,1e-06,380.91207013286544,CHA,DET,1.3333333333333333,0.1,0.348,0.304
HOU202104270,2021-04-27,HOU,SEA,0,0,3.55,3.96,1e-06,1e-06,HOU,HOU,0.5,0.4,0.341,0.309
LAN202104270,2021-04-27,LAN,CIN,0,1,2.93,5.97,1e-06,1e-06,LAN,LAN,0.5,0.4,0.334,0.31
TBA202104270,2021-04-27,TBA,OAK,1,0,3.43,3.37,1e-06,1e-06,TBA,TBA,0.4,0.2222222222222222,0.328,0.319
MIL202104270,2021-04-27,MIL,MIA,0,1,3.22,3.45,1e-06,1e-06,MIL,MIL,1.0,0.1,0.314,0.294
CLE202104270,2021-04-27,CLE,MIN,1,2,3.84,4.66,1e-06,1e-06,CLE,CLE,0.9,0.3,0.306,0.31
NYN202104270,2021-04-27,NYN,BOS,0,0,5.54,4.87,1e-06,306.2037667286439,NYN,BOS,0.6666666666666666,0.5714285714285714,0.323,0.308
PIT202104270,2021-04-27,PIT,KCA,1,0,4.33,5.26,1195.838861467298,331.7516309667575,MIN,DET,0.4285714285714285,0.0,0.322,0.291
ATL202104270,2021-04-27,ATL,CHN,0,0,3.58,4.35,1e-06,1e-06,ATL,ATL,1.4,0.2857142857142857,0.325,0.305
SLN202104270,2021-04-27,SLN,PHI,1,1,6.23,4.17,1e-06,1e-06,SLN,SLN,0.3,0.3,0.31,0.311
ARI202104270,2021-04-27,ARI,SDN,0,0,4.44,5.07,2556.4851145812468,574.8341159449532,ATL,LAN,0.0,0.8,0.322,0.312
BAL202104270,2021-04-27,BAL,NYA,0,1,5.04,3.83,1e-06,1e-06,BAL,BAL,0.5,0.1,0.317,0.32
TOR202104270,2021-04-27,TOR,WAS,0,1,6.43,2.46,1789.459752085548,550.2922217550002,TBA,NYN,0.6666666666666666,0.3333333333333333,0.336,0.334
SFN202104270,2021-04-27,SFN,COL,1,2,22.5,5.21,1e-06,1e-06,SFN,SFN,1.3,0.1428571428571428,0.336,0.291
TEX202104270,2021-04-27,TEX,ANA,1,0,5.44,6.43,1e-06,1e-06,TEX,TEX,0.6,0.1,0.301,0.301
TEX202104280,2021-04-28,TEX,ANA,1,4,4.51,3.64,1e-06,1e-06,TEX,TEX,0.7,0.1,0.301,0.301
HOU202104280,2021-04-28,HOU,SEA,0,0,4.99,6.39,1e-06,1e-06,HOU,HOU,0.5,0.4,0.341,0.309
LAN202104280,2021-04-28,LAN,CIN,0,0,3.55,4.19,1e-06,1e-06,LAN,LAN,0.5,0.5,0.334,0.31
SFN202104280,2021-04-28,SFN,COL,0,0,3.83,4.4,1e-06,1e-06,SFN,SFN,1.4,0.375,0.336,0.291
MIL202104280,2021-04-28,MIL,MIA,0,0,16.2,3.19,1e-06,1e-06,MIL,MIL,0.9,0.2,0.314,0.294
BAL202104280,2021-04-28,BAL,NYA,0,0,7.55,4.58,1e-06,1e-06,BAL,BAL,0.3,0.2,0.317,0.32
PIT202104280,2021-04-28,PIT,KCA,0,3,6.17,4.83,1e-06,1e-06,PIT,PIT,0.5,0.0,0.322,0.291
ARI202104280,2021-04-28,ARI,SDN,0,0,6.01,2.25,1e-06,1e-06,ARI,ARI,0.0,0.8,0.322,0.312
NYN202104280,2021-04-28,NYN,BOS,0,0,1.08,4.53,1e-06,1e-06,NYN,NYN,0.6,0.5,0.323,0.308
TBA202104280,2021-04-28,TBA,OAK,0,0,2.66,4.24,1e-06,1e-06,TBA,TBA,0.4,0.2,0.328,0.319
SLN202104280,2021-04-28,SLN,PHI,0,0,3.73,6.37,1e-06,1e-06,SLN,SLN,0.4,0.4,0.31,0.311
CLE202104280,2021-04-28,CLE,MIN,0,4,6.26,5.79,1e-06,1e-06,CLE,CLE,1.0,0.5,0.306,0.31
ATL202104280,2021-04-28,ATL,CHN,4,0,4.05,4.77,1e-06,1e-06,ATL,ATL,1.1,0.25,0.325,0.305
TOR202104280,2021-04-28,TOR,WAS,0,0,3.82,5.47,1e-06,1e-06,TOR,TOR,0.5714285714285714,0.4,0.336,0.334
CHA202104292,2021-04-29,CHA,DET,0,0,3.91,3.89,1e-06,1e-06,CHA,CHA,1.3,0.2,0.348,0.304
CHA202104291,2021-04-29,CHA,DET,0,0,2.37,3.71,1e-06,1e-06,CHA,CHA,1.0,0.2,0.348,0.304
HOU202104290,2021-04-29,HOU,SEA,0,0,,4.41,1e-06,1e-06,HOU,HOU,0.5,0.4,0.341,0.309
ATL202104290,2021-04-29,ATL,CHN,0,2,5.35,4.58,1e-06,1e-06,ATL,ATL,1.2,0.2222222222222222,0.325,0.305
MIL202104290,2021-04-29,MIL,LAN,0,0,3.19,2.59,1e-06,2799.844413597458,MIL,LAN,0.9,0.4,0.314,0.324
TBA202104290,2021-04-29,TBA,OAK,1,0,2.78,3.86,1e-06,1e-06,TBA,TBA,0.4,0.2,0.328,0.319
SLN202104290,2021-04-29,SLN,PHI,0,0,3.24,6.41,1e-06,1e-06,SLN,SLN,0.4,0.2,0.31,0.311
TEX202104290,2021-04-29,TEX,BOS,0,0,3.71,4.74,1e-06,2225.551415128663,TEX,NYN,0.6,0.4444444444444444,0.301,0.308
ARI202104290,2021-04-29,ARI,COL,0,0,4.83,3.13,1e-06,1050.993394248722,ARI,SFN,0.0,0.3333333333333333,0.322,0.291
BAL202104290,2021-04-29,BAL,NYA,1,0,5.17,2.17,1e-06,1e-06,BAL,BAL,0.3,0.2,0.317,0.32
OAK202104300,2021-04-30,OAK,BAL,0,0,7.71,3.62,3845.9573440873414,3931.3055139950993,TBA,BAL,0.2,0.6,0.313,0.291
NYA202104300,2021-04-30,NYA,DET,1,0,3.23,4.34,272.81937803481173,1144.129935670241,BAL,CHA,0.0,0.1,0.323,0.304
ARI202104300,2021-04-30,ARI,COL,0,1,4.67,4.59,1e-06,1e-06,ARI,ARI,0.0,0.3,0.322,0.291
SEA202104300,2021-04-30,SEA,ANA,1,2,2.0,5.83,3039.1839825945185,2688.6235870338205,HOU,TEX,0.3,0.5,0.295,0.301
TEX202104300,2021-04-30,TEX,BOS,0,4,6.64,3.75,1e-06,1e-06,TEX,TEX,0.6,0.4,0.301,0.308
WAS202104300,2021-04-30,WAS,MIA,0,0,3.9,4.21,563.6478111844908,1025.9779093655509,TOR,MIL,0.8888888888888888,0.2,0.34,0.294
PHI202104300,2021-04-30,PHI,NYN,0,0,6.75,3.02,1300.629186583633,129.48897528262268,SLN,NYN,0.6,0.125,0.324,0.307
PIT202104300,2021-04-30,PIT,SLN,0,1,5.36,4.09,1e-06,898.8824563980571,PIT,SLN,0.4444444444444444,0.3,0.322,0.316
CIN202104300,2021-04-30,CIN,CHN,0,1,3.37,7.39,3046.5057464053752,595.1171397463928,LAN,ATL,0.7,0.4,0.346,0.305
CHA202104300,2021-04-30,CHA,CLE,0,0,5.28,3.17,1e-06,494.38381964269325,CHA,CLE,1.0,0.2222222222222222,0.348,0.302
TOR202104300,2021-04-30,TOR,ATL,0,0,2.84,4.48,1e-06,1183.2911929642491,TOR,ATL,0.5,0.7777777777777778,0.336,0.312
SDN202104300,2021-04-30,SDN,SFN,1,1,4.22,3.03,481.0116378281714,738.1265117326025,ARI,SFN,0.1,0.0,0.331,0.316
MIN202104300,2021-04-30,MIN,KCA,0,0,3.62,4.91,1013.2251113855248,1195.838861467298,CLE,PIT,0.5,0.3,0.318,0.291
TBA202104300,2021-04-30,TBA,HOU,0,1,5.11,3.16,1e-06,1270.2138325576016,TBA,HOU,0.5,0.5,0.328,0.336
MIL202104300,2021-04-30,MIL,LAN,0,0,2.81,6.64,1e-06,1e-06,MIL,MIL,0.9,0.4,0.314,0.324
MIN202105010,2021-05-01,MIN,KCA,0,2,8.06,2.51,1e-06,1e-06,MIN,MIN,0.5,0.3,0.318,0.291
TEX202105010,2021-05-01,TEX,BOS,0,0,3.97,5.21,1e-06,1e-06,TEX,TEX,0.6,0.6,0.301,0.308
SDN202105010,2021-05-01,SDN,SFN,3,0,4.2,3.17,1e-06,1e-06,SDN,SDN,0.2,0.1,0.331,0.316
CIN202105010,2021-05-01,CIN,CHN,2,0,3.98,5.26,1e-06,1e-06,CIN,CIN,0.7,0.4,0.346,0.305
ARI202105010,2021-05-01,ARI,COL,0,1,4.3,4.53,1e-06,1e-06,ARI,ARI,0.0,0.4,0.322,0.291
TOR202105010,2021-05-01,TOR,ATL,0,0,2.14,5.68,1e-06,1e-06,TOR,TOR,0.4444444444444444,0.7,0.336,0.312
PHI202105010,2021-05-01,PHI,NYN,0,4,3.63,3.59,1e-06,1e-06,PHI,PHI,0.6,0.1111111111111111,0.324,0.307
PIT202105010,2021-05-01,PIT,SLN,0,4,6.57,3.22,1e-06,1e-06,PIT,PIT,0.4,0.4,0.322,0.316
SEA202105010,2021-05-01,SEA,ANA,0,3,7.98,5.6,1e-06,1e-06,SEA,SEA,0.4,0.7,0.295,0.301
MIL202105010,2021-05-01,MIL,LAN,0,1,6.35,2.25,1e-06,1e-06,MIL,MIL,0.9,0.1,0.314,0.324
NYA202105010,2021-05-01,NYA,DET,0,0,4.3,2.88,1e-06,1e-06,NYA,NYA,0.1,0.1,0.323,0.304
CHA202105010,2021-05-01,CHA,CLE,0,0,2.69,4.95,1e-06,1e-06,CHA,CHA,1.0,0.2,0.348,0.302
WAS202105010,2021-05-01,WAS,MIA,1,0,5.82,6.41,1e-06,1e-06,WAS,WAS,0.8,0.2,0.34,0.294
OAK202105010,2021-05-01,OAK,BAL,0,0,6.61,6.27,1e-06,1e-06,OAK,OAK,0.2,0.6,0.313,0.291
TBA202105010,2021-05-01,TBA,HOU,0,3,5.09,3.62,1e-06,1e-06,TBA,TBA,0.3,0.6,0.328,0.336
SDN202105020,2021-05-02,SDN,SFN,1,0,3.18,2.81,1e-06,1e-06,SDN,SDN,0.5,0.1,0.331,0.316
PIT202105020,2021-05-02,PIT,SLN,0,0,5.48,6.23,1e-06,1e-06,PIT,PIT,0.4,0.5,0.322,0.316
MIN202105020,2021-05-02,MIN,KCA,0,0,3.52,5.39,1e-06,1e-06,MIN,MIN,0.5,0.5,0.318,0.291
TBA202105020,2021-05-02,TBA,HOU,0,0,3.43,4.78,1e-06,1e-06,TBA,TBA,0.3,0.8,0.328,0.336
ARI202105020,2021-05-02,ARI,COL,0,0,8.59,5.21,1e-06,1e-06,ARI,ARI,0.0,0.5,0.322,0.291
MIL202105020,2021-05-02,MIL,LAN,0,5,13.5,2.96,1e-06,1e-06,MIL,MIL,0.9,0.2,0.314,0.324
CIN202105020,2021-05-02,CIN,CHN,2,1,5.97,2.26,1e-06,1e-06,CIN,CIN,0.9,0.3,0.346,0.305
PHI202105020,2021-05-02,PHI,NYN,1,0,6.37,6.28,1e-06,1e-06,PHI,PHI,0.6,0.5,0.324,0.307
TOR202105020,2021-05-02,TOR,ATL,0,0,4.94,3.58,1e-06,1e-06,TOR,TOR,0.4,0.7,0.336,0.312
NYA202105020,2021-05-02,NYA,DET,0,0,3.83,5.81,1e-06,1e-06,NYA,NYA,0.1,0.1,0.323,0.304
OAK202105020,2021-05-02,OAK,BAL,2,0,3.92,5.79,1e-06,1e-06,OAK,OAK,0.1,0.3,0.313,0.291
CHA202105020,2021-05-02,CHA,CLE,0,0,3.53,4.67,1e-06,1e-06,CHA,CHA,1.0,0.2,0.348,0.302
WAS202105020,2021-05-02,WAS,MIA,0,0,2.46,2.64,1e-06,1e-06,WAS,WAS,0.9,0.2,0.34,0.294
TEX202105020,2021-05-02,TEX,BOS,0,0,3.97,4.21,1e-06,1e-06,TEX,TEX,0.6,0.4,0.301,0.308
SEA202105020,2021-05-02,SEA,ANA,0,0,6.83,6.06,1e-06,1e-06,SEA,SEA,0.4,1.0,0.295,0.301
OAK202105030,2021-05-03,OAK,TOR,0,0,3.37,3.82,1e-06,3630.644600855592,OAK,TOR,0.3,1.0,0.313,0.325
MIN202105030,2021-05-03,MIN,TEX,0,0,4.66,4.51,1e-06,1396.7696185124962,MIN,TEX,0.4,0.1,0.318,0.288
PHI202105030,2021-05-03,PHI,MIL,2,1,6.3,3.22,1e-06,1117.7982780855818,PHI,MIL,0.7,0.6,0.324,0.318
SDN202105030,2021-05-03,SDN,PIT,0,0,3.62,4.53,1e-06,3402.7692440534656,SDN,PIT,0.6,0.5,0.331,0.297
SEA202105030,2021-05-03,SEA,BAL,0,0,4.61,2.7,1e-06,1089.6592015072615,SEA,OAK,0.4,0.3,0.295,0.291
KCA202105030,2021-05-03,KCA,CLE,0,0,5.26,3.49,662.9211681328137,663.9206411727051,MIN,CHA,0.2,0.1,0.322,0.302
SLN202105030,2021-05-03,SLN,NYN,1,0,3.05,4.46,898.8824563980571,1300.629186583633,PIT,PHI,0.4,0.5,0.31,0.307
ANA202105030,2021-05-03,ANA,TBA,0,0,6.43,2.66,1575.276973597757,3425.3074193268753,SEA,TBA,0.6666666666666666,0.7,0.318,0.312
SDN202105040,2021-05-04,SDN,PIT,0,0,5.32,6.17,1e-06,1e-06,SDN,SDN,0.6,0.5,0.331,0.297
WAS202105040,2021-05-04,WAS,ATL,0,0,4.17,4.05,1e-06,563.6478111844908,WAS,TOR,0.5,0.7,0.34,0.312
ANA202105040,2021-05-04,ANA,TBA,0,1,3.76,4.31,1e-06,1e-06,ANA,ANA,0.6,0.7,0.318,0.312
BOS202105040,2021-05-04,BOS,DET,4,0,4.53,2.97,2512.560414403036,306.2037667286439,TEX,NYA,1.2,0.1,0.349,0.304
KCA202105040,2021-05-04,KCA,CLE,0,0,2.88,5.05,1e-06,1e-06,KCA,KCA,0.2,0.1,0.322,0.302
OAK202105040,2021-05-04,OAK,TOR,0,0,4.24,5.61,1e-06,1e-06,OAK,OAK,0.3,1.0,0.313,0.325
NYA202105040,2021-05-04,NYA,HOU,3,1,2.74,4.5,1e-06,1638.0556824552712,NYA,TBA,0.1,0.7,0.323,0.336
CHN202105042,2021-05-04,CHN,LAN,0,0,4.26,3.0,1e-06,1e-06,CHN,CHN,0.9,0.7,0.318,0.324
COL202105042,2021-05-04,COL,SFN,0,2,6.56,3.0,942.6579354569092,1340.79250926624,ARI,SDN,1.0,0.1,0.341,0.316
MIN202105040,2021-05-04,MIN,TEX,2,1,6.75,4.66,1e-06,1e-06,MIN,MIN,0.2,0.1,0.318,0.288
PHI202105040,2021-05-04,PHI,MIL,1,1,4.63,3.19,1e-06,1e-06,PHI,PHI,0.5,0.7,0.324,0.318
COL202105041,2021-05-04,COL,SFN,0,10,4.4,3.7,1e-06,1e-06,COL,COL,0.9,0.3,0.341,0.316
CIN202105040,2021-05-04,CIN,CHA,0,0,4.56,3.91,1e-06,406.2527329885922,CIN,CHA,1.0,0.5,0.346,0.325
SEA202105040,2021-05-04,SEA,BAL,0,0,6.39,5.79,1e-06,1e-06,SEA,SEA,0.4,0.3,0.295,0.291
MIA202105040,2021-05-04,MIA,ARI,3,0,2.95,6.35,1489.628641346009,3182.157566983313,WAS,ARI,0.4,1.2,0.303,0.296
CHN202105041,2021-05-04,CHN,LAN,4,0,4.77,3.55,406.2527329885922,132.54357794550742,CIN,MIL,0.9,0.6,0.318,0.324
NYA202105050,2021-05-05,NYA,HOU,0,0,2.17,4.78,1e-06,1e-06,NYA,NYA,0.4,0.5,0.323,0.336
OAK202105050,2021-05-05,OAK,TOR,1,2,3.18,2.14,1e-06,1e-06,OAK,OAK,0.3,1.0,0.313,0.325
KCA202105050,2021-05-05,KCA,CLE,0,0,6.75,5.05,1e-06,1e-06,KCA,KCA,0.1,0.1,0.322,0.302
COL202105050,2021-05-05,COL,SFN,0,0,4.59,3.03,1e-06,1e-06,COL,COL,0.6,1.3,0.341,0.316
SEA202105050,2021-05-05,SEA,BAL,0,0,4.41,3.62,1e-06,1e-06,SEA,SEA,0.4,0.3,0.295,0.291
MIN202105050,2021-05-05,MIN,TEX,0,0,4.7,3.52,1e-06,1e-06,MIN,MIN,0.4,0.1,0.318,0.288
BOS202105050,2021-05-05,BOS,DET,0,0,1.96,3.39,1e-06,1e-06,BOS,BOS,1.6,0.1,0.349,0.304
PHI202105050,2021-05-05,PHI,MIL,5,0,6.37,2.81,1e-06,1e-06,PHI,PHI,0.6,0.8,0.324,0.318
ANA202105050,2021-05-05,ANA,TBA,0,0,6.06,5.11,1e-06,1e-06,ANA,ANA,0.5,0.8,0.318,0.312
CIN202105050,2021-05-05,CIN,CHA,0,0,4.4,2.54,1e-06,1e-06,CIN,CIN,0.5,0.5,0.346,0.325
SLN202105052,2021-05-05,SLN,NYN,0,0,4.91,4.05,1e-06,1e-06,SLN,SLN,0.5,0.5,0.31,0.307
MIA202105050,2021-05-05,MIA,ARI,2,0,4.0,4.25,1e-06,1e-06,MIA,MIA,0.7,0.9,0.303,0.296
SDN202105050,2021-05-05,SDN,PIT,0,0,3.06,4.33,1e-06,1e-06,SDN,SDN,0.6,0.5,0.331,0.297
CHN202105050,2021-05-05,CHN,LAN,0,0,5.07,3.0,1e-06,1e-06,CHN,CHN,1.3,0.6,0.318,0.324
SLN202105051,2021-05-05,SLN,NYN,1,0,4.56,3.02,1e-06,1e-06,SLN,SLN,0.4,0.5,0.31,0.307
WAS202105050,2021-05-05,WAS,ATL,0,0,5.47,3.04,1e-06,1e-06,WAS,WAS,0.1,0.7,0.34,0.312
NYA202105060,2021-05-06,NYA,HOU,0,0,3.12,5.03,1e-06,1e-06,NYA,NYA,0.4,0.5,0.323,0.336
ANA202105060,2021-05-06,ANA,TBA,0,0,3.84,5.09,1e-06,1e-06,ANA,ANA,0.5,0.8,0.318,0.312
OAK202105060,2021-05-06,OAK,TOR,1,0,7.71,4.37,1e-06,1e-06,OAK,OAK,0.3,1.2,0.313,0.325
WAS202105060,2021-05-06,WAS,ATL,0,0,4.71,4.48,1e-06,1e-06,WAS,WAS,0.1,0.6,0.34,0.312
PHI202105060,2021-05-06,PHI,MIL,0,0,2.78,2.56,1e-06,1e-06,PHI,PHI,1.0,0.7,0.324,0.318
SLN202105060,2021-05-06,SLN,NYN,0,0,4.09,4.47,1e-06,1e-06,SLN,SLN,0.5,0.5,0.31,0.307
MIA202105060,2021-05-06,MIA,ARI,1,0,2.81,7.79,1e-06,1e-06,MIA,MIA,0.8,0.9,0.303,0.296
KCA202105060,2021-05-06,KCA,CLE,0,0,2.51,4.95,1e-06,1e-06,KCA,KCA,0.1,0.1,0.322,0.302
BOS202105060,2021-05-06,BOS,DET,1,0,5.21,4.04,1e-06,1e-06,BOS,BOS,1.6,0.1,0.349,0.304
MIN202105060,2021-05-06,MIN,TEX,1,0,3.18,4.66,1e-06,1e-06,MIN,MIN,0.3,0.1,0.318,0.288
TEX202105070,2021-05-07,TEX,SEA,2,0,3.97,3.61,1396.7696185124962,2688.6235870338205,MIN,SEA,0.6,0.3,0.301,0.309
SFN202105070,2021-05-07,SFN,SDN,0,0,3.0,5.06,1524.5101947303656,738.1265117326025,COL,SDN,1.2,0.8,0.336,0.312
ANA202105070,2021-05-07,ANA,LAN,0,0,5.6,2.96,1e-06,2786.2559450879285,ANA,CHN,0.3,0.6,0.318,0.324
KCA202105070,2021-05-07,KCA,CHA,0,0,5.39,2.37,1e-06,868.1617780403714,KCA,CIN,0.0,0.5,0.322,0.325
CLE202105070,2021-05-07,CLE,CIN,0,0,1.29,3.37,1123.5230318083022,358.1075548344512,KCA,CIN,0.7,0.5,0.306,0.31
CHN202105070,2021-05-07,CHN,PIT,1,0,5.78,6.57,1e-06,2787.070270174863,CHN,SDN,1.2,0.5,0.318,0.297
HOU202105070,2021-05-07,HOU,TOR,0,1,3.62,4.8,2282.180747677387,2629.671879056886,NYA,OAK,0.5,1.0,0.341,0.325
OAK202105070,2021-05-07,OAK,TBA,0,0,3.86,3.43,1e-06,592.0809005913671,OAK,ANA,0.4,0.8,0.313,0.312
BAL202105070,2021-05-07,BAL,BOS,0,0,6.27,4.74,3746.584168000963,578.81170796599,SEA,BOS,0.4,0.4,0.317,0.308
MIA202105070,2021-05-07,MIA,MIL,1,0,2.64,3.07,1e-06,1644.1190984600378,MIA,PHI,0.9,0.3,0.303,0.318
NYN202105070,2021-05-07,NYN,ARI,0,0,0.95,7.33,1403.0288811452067,1756.5620451799746,SLN,MIA,0.6,0.9,0.323,0.296
SLN202105070,2021-05-07,SLN,COL,0,0,3.22,4.53,1e-06,1279.0227614650469,SLN,COL,0.5,0.5,0.31,0.291
ATL202105070,2021-05-07,ATL,PHI,0,7,3.34,4.17,874.0887985860761,1071.2330338826837,WAS,PHI,1.1,0.2,0.325,0.311
DET202105070,2021-05-07,DET,MIN,0,1,4.34,8.06,984.732039314543,872.516450655481,BOS,MIN,0.0,0.8,0.311,0.31
NYA202105070,2021-05-07,NYA,WAS,1,0,2.17,3.55,1e-06,326.3648041771951,NYA,WAS,0.4,0.4,0.323,0.334
TEX202105080,2021-05-08,TEX,SEA,0,2,3.52,4.61,1e-06,1e-06,TEX,TEX,0.8,0.3,0.301,0.309
NYA202105080,2021-05-08,NYA,WAS,0,0,5.29,7.39,1e-06,1e-06,NYA,NYA,0.5,0.3,0.323,0.334
NYN202105080,2021-05-08,NYN,ARI,0,0,4.46,4.44,1e-06,1e-06,NYN,NYN,0.6,0.8,0.323,0.296
ATL202105080,2021-05-08,ATL,PHI,0,2,4.19,6.37,1e-06,1e-06,ATL,ATL,0.8,0.9,0.325,0.311
MIA202105080,2021-05-08,MIA,MIL,1,0,4.87,3.22,1e-06,1e-06,MIA,MIA,0.9,0.3,0.303,0.318
BAL202105080,2021-05-08,BAL,BOS,1,0,6.67,4.87,1e-06,1e-06,BAL,BAL,0.4,0.4,0.317,0.308
OAK202105080,2021-05-08,OAK,TBA,2,0,3.37,2.66,1e-06,1e-06,OAK,OAK,0.4,0.6,0.313,0.312
KCA202105080,2021-05-08,KCA,CHA,0,8,5.69,2.69,1e-06,1e-06,KCA,KCA,0.0,0.5,0.322,0.325
CLE202105080,2021-05-08,CLE,CIN,1,0,3.84,3.98,1e-06,1e-06,CLE,CLE,0.7,0.5,0.306,0.31
SFN202105080,2021-05-08,SFN,SDN,0,0,2.81,3.18,1e-06,1e-06,SFN,SFN,1.2,0.7,0.336,0.312
ANA202105080,2021-05-08,ANA,LAN,0,0,6.06,3.55,1e-06,1e-06,ANA,ANA,0.3,0.6,0.318,0.324
DET202105080,2021-05-08,DET,MIN,1,0,2.97,3.18,1e-06,1e-06,DET,DET,0.0,0.8,0.311,0.31
HOU202105080,2021-05-08,HOU,TOR,0,0,3.55,3.82,1e-06,1e-06,HOU,HOU,0.5,1.1,0.341,0.325
SLN202105080,2021-05-08,SLN,COL,3,1,6.23,6.46,1e-06,1e-06,SLN,SLN,0.4,0.5,0.31,0.291
CHN202105080,2021-05-08,CHN,PIT,1,0,3.38,5.6,1e-06,1e-06,CHN,CHN,1.1,0.5,0.318,0.297
TEX202105090,2021-05-09,TEX,SEA,0,0,4.51,6.83,1e-06,1e-06,TEX,TEX,0.8,0.5,0.301,0.309
CHN202105090,2021-05-09,CHN,PIT,0,4,4.77,4.53,1e-06,1e-06,CHN,CHN,1.2,0.4,0.318,0.297
KCA202105090,2021-05-09,KCA,CHA,1,0,5.05,3.53,1e-06,1e-06,KCA,KCA,0.0,1.3,0.322,0.325
OAK202105090,2021-05-09,OAK,TBA,0,0,4.24,3.43,1e-06,1e-06,OAK,OAK,0.6,0.6,0.313,0.312
NYN202105090,2021-05-09,NYN,ARI,0,0,1.08,6.01,1e-06,1e-06,NYN,NYN,0.6,0.5,0.323,0.296
SFN202105090,2021-05-09,SFN,SDN,0,0,4.08,5.32,1e-06,1e-06,SFN,SFN,0.8,0.5,0.336,0.312
NYA202105090,2021-05-09,NYA,WAS,0,0,3.36,3.9,1e-06,1e-06,NYA,NYA,0.5,0.3,0.323,0.334
BAL202105090,2021-05-09,BAL,BOS,1,0,7.55,4.53,1e-06,1e-06,BAL,BAL,0.5,0.4,0.317,0.308
HOU202105090,2021-05-09,HOU,TOR,0,0,5.75,4.2,1e-06,1e-06,HOU,HOU,0.5,1.1,0.341,0.325
MIA202105090,2021-05-09,MIA,MIL,0,0,3.82,1.23,1e-06,1e-06,MIA,MIA,1.0,0.3,0.303,0.318
SLN202105090,2021-05-09,SLN,COL,0,0,3.05,4.4,1e-06,1e-06,SLN,SLN,0.6,0.6,0.31,0.291
ATL202105090,2021-05-09,ATL,PHI,4,1,4.05,4.63,1e-06,1e-06,ATL,ATL,0.8,1.1,0.325,0.311
ANA202105090,2021-05-09,ANA,LAN,0,0,6.97,2.59,1e-06,1e-06,ANA,ANA,0.1,0.6,0.318,0.324
PIT202105100,2021-05-10,PIT,CIN,0,0,6.17,3.75,660.0502267315369,186.24975562107616,CHN,CLE,0.4,0.5,0.322,0.31
ARI202105100,2021-05-10,ARI,MIA,1,0,4.25,4.0,3443.682019431773,3182.157566983313,NYN,MIA,0.0,0.2,0.322,0.294
BAL202105100,2021-05-10,BAL,BOS,0,0,5.17,5.21,1e-06,1e-06,BAL,BAL,0.4,0.4,0.317,0.308
HOU202105100,2021-05-10,HOU,ANA,1,0,4.5,3.75,1e-06,2169.9670210701,HOU,ANA,0.5,1.0,0.341,0.301
SFN202105100,2021-05-10,SFN,TEX,0,0,3.83,3.52,1e-06,2363.044634840767,SFN,TEX,0.8,0.1,0.336,0.288
HOU202105110,2021-05-11,HOU,ANA,0,0,3.16,6.97,1e-06,1e-06,HOU,HOU,0.6,1.0,0.341,0.301
CLE202105110,2021-05-11,CLE,CHN,0,0,3.17,4.58,1e-06,494.38381964269325,CLE,CHN,0.8,0.4,0.306,0.305
TBA202105110,2021-05-11,TBA,NYA,0,1,4.31,3.83,3845.9573440873414,1638.0556824552712,OAK,NYA,0.3,0.2,0.328,0.32
ARI202105110,2021-05-11,ARI,MIA,0,0,4.67,3.07,1e-06,1e-06,ARI,ARI,0.1,0.2,0.322,0.294
BOS202105110,2021-05-11,BOS,OAK,1,0,3.38,3.15,578.81170796599,4320.465179781682,BAL,OAK,1.7,0.2,0.349,0.319
SFN202105110,2021-05-11,SFN,TEX,2,1,3.03,5.15,1e-06,1e-06,SFN,SFN,0.5,0.1,0.336,0.288
LAN202105110,2021-05-11,LAN,SEA,0,1,3.0,6.39,40.86770847173621,1971.1455630393184,ANA,TEX,0.5,0.5,0.334,0.309
PIT202105110,2021-05-11,PIT,CIN,1,0,5.36,4.56,1e-06,1e-06,PIT,PIT,0.4,0.1,0.322,0.31
CHA202105110,2021-05-11,CHA,MIN,0,0,2.82,3.92,663.9206411727051,380.91207013286544,KCA,DET,0.4,0.8,0.348,0.31
NYN202105110,2021-05-11,NYN,BAL,0,0,3.94,5.87,1e-06,272.81937803481173,NYN,BAL,0.4,0.3,0.323,0.291
WAS202105110,2021-05-11,WAS,PHI,0,1,5.47,6.75,326.3648041771951,874.0887985860761,NYA,ATL,0.1,1.2,0.34,0.311
ATL202105110,2021-05-11,ATL,TOR,1,0,3.78,4.78,1e-06,1129.120744817785,ATL,HOU,1.2,1.0,0.325,0.325
MIL202105110,2021-05-11,MIL,SLN,0,0,3.34,3.24,2045.0709343750696,526.8349145670746,MIA,SLN,0.7,0.5,0.314,0.316
DET202105110,2021-05-11,DET,KCA,0,0,3.39,2.42,1e-06,1034.95696626315,DET,KCA,0.1,0.5,0.311,0.291
COL202105110,2021-05-11,COL,SDN,1,0,4.42,3.64,1279.0227614650469,1524.5101947303656,SLN,SFN,0.6,0.5,0.341,0.312
COL202105121,2021-05-12,COL,SDN,1,0,4.59,4.83,1e-06,1e-06,COL,COL,0.4,0.1,0.341,0.312
LAN202105120,2021-05-12,LAN,SEA,0,0,2.96,3.75,1e-06,1e-06,LAN,LAN,0.3,0.5,0.334,0.309
CLE202105120,2021-05-12,CLE,CHN,0,0,4.07,3.38,1e-06,1e-06,CLE,CLE,0.8,0.4,0.306,0.305
WAS202105120,2021-05-12,WAS,PHI,0,0,3.9,4.2,1e-06,1e-06,WAS,WAS,0.1,1.3,0.34,0.311
TBA202105120,2021-05-12,TBA,NYA,0,0,2.38,3.23,1e-06,1e-06,TBA,TBA,0.3,0.3,0.328,0.32
HOU202105120,2021-05-12,HOU,ANA,3,0,4.5,5.83,1e-06,1e-06,HOU,HOU,0.3,1.0,0.341,0.301
CHA202105120,2021-05-12,CHA,MIN,2,1,5.28,5.79,1e-06,1e-06,CHA,CHA,0.3,0.8,0.348,0.31
COL202105122,2021-05-12,COL,SDN,0,0,7.55,5.75,1e-06,1e-06,COL,COL,0.5,0.1,0.341,0.312
ATL202105120,2021-05-12,ATL,TOR,0,0,1.98,4.37,1e-06,1e-06,ATL,ATL,1.3,0.6,0.325,0.325
NYN202105120,2021-05-12,NYN,BAL,0,0,4.47,6.27,1e-06,1e-06,NYN,NYN,0.4,0.3,0.323,0.291
ARI202105120,2021-05-12,ARI,MIA,1,2,4.9,4.99,1e-06,1e-06,ARI,ARI,0.1,0.1,0.322,0.294
DET202105120,2021-05-12,DET,KCA,0,2,3.71,2.51,1e-06,1e-06,DET,DET,0.1,0.5,0.311,0.291
PIT202105120,2021-05-12,PIT,CIN,0,0,4.33,4.4,1e-06,1e-06,PIT,PIT,0.5,0.1,0.322,0.31
MIL202105120,2021-05-12,MIL,SLN,0,0,2.5,4.56,1e-06,1e-06,MIL,MIL,0.7,0.5,0.314,0.316
BOS202105120,2021-05-12,BOS,OAK,1,0,4.74,4.07,1e-06,1e-06,BOS,BOS,1.2,0.2,0.349,0.319
SEA202105130,2021-05-13,SEA,CLE,0,0,4.68,4.67,1545.141516309272,3251.6066902182984,LAN,CLE,0.4,0.1,0.295,0.302
WAS202105130,2021-05-13,WAS,PHI,4,0,5.82,4.17,1e-06,1e-06,WAS,WAS,0.1,1.3,0.34,0.311
CHA202105130,2021-05-13,CHA,MIN,1,0,2.69,3.62,1e-06,1e-06,CHA,CHA,0.5,0.9,0.348,0.31
HOU202105130,2021-05-13,HOU,TEX,0,1,4.78,3.18,1e-06,2641.7391700833814,HOU,SFN,0.6,0.2,0.341,0.288
DET202105130,2021-05-13,DET,KCA,0,0,2.88,5.69,1e-06,1e-06,DET,DET,0.1,0.7,0.311,0.291
COL202105130,2021-05-13,COL,CIN,3,0,6.46,3.98,1e-06,2121.7512666569423,COL,PIT,0.5,0.1,0.341,0.31
PIT202105130,2021-05-13,PIT,SFN,0,0,5.48,3.17,1e-06,3638.3530777091846,PIT,SFN,0.2,1.3,0.322,0.316
BOS202105130,2021-05-13,BOS,OAK,3,0,4.87,3.91,1e-06,1e-06,BOS,BOS,1.3,0.1,0.349,0.319
MIL202105130,2021-05-13,MIL,SLN,0,1,2.43,3.22,1e-06,1e-06,MIL,MIL,0.2,0.5,0.314,0.316
TBA202105130,2021-05-13,TBA,NYA,2,0,3.86,4.3,1e-06,1e-06,TBA,TBA,0.3,0.2,0.328,0.32
ATL202105130,2021-05-13,ATL,TOR,2,0,,1.69,1e-06,1e-06,ATL,ATL,1.3,0.3,0.325,0.325
ARI202105130,2021-05-13,ARI,MIA,0,0,4.44,2.64,1e-06,1e-06,ARI,ARI,0.2,0.3,0.322,0.294
PIT202105140,2021-05-14,PIT,SFN,0,0,8.8,1.57,1e-06,1e-06,PIT,PIT,0.2,1.3,0.322,0.316
TOR202105140,2021-05-14,TOR,PHI,0,0,4.78,3.43,1183.2911929642491,563.6478111844908,ATL,WAS,0.1,1.2,0.336,0.311
BAL202105140,2021-05-14,BAL,NYA,1,1,5.79,3.83,272.81937803481173,1393.7772067986984,NYN,TBA,0.4,0.2,0.317,0.32
MIN202105140,2021-05-14,MIN,OAK,0,0,8.06,3.37,571.0232496384983,1804.1923618308683,CHA,BOS,0.4,0.1,0.318,0.319
TBA202105140,2021-05-14,TBA,NYN,0,0,3.59,3.45,1e-06,1638.0556824552712,TBA,NYN,0.5,0.5,0.328,0.307
ARI202105140,2021-05-14,ARI,WAS,0,6,6.01,2.46,1e-06,3184.3579900386735,ARI,WAS,0.2,0.2,0.322,0.334
LAN202105140,2021-05-14,LAN,MIA,0,0,3.55,3.19,1e-06,574.8341159449532,LAN,ARI,0.1,0.3,0.334,0.294
MIL202105140,2021-05-14,MIL,ATL,0,0,3.22,4.48,1e-06,1079.4745171093869,MIL,ATL,0.0,0.6,0.314,0.312
SEA202105140,2021-05-14,SEA,CLE,1,0,3.61,3.84,1e-06,1e-06,SEA,SEA,0.4,0.1,0.295,0.302
SDN202105140,2021-05-14,SDN,SLN,1,0,3.18,4.91,1340.79250926624,2790.8560532571964,COL,MIL,0.6,0.6,0.331,0.316
CHA202105141,2021-05-14,CHA,KCA,1,0,3.53,5.39,1e-06,1e-06,CHA,CHA,0.6,0.7,0.348,0.291
HOU202105140,2021-05-14,HOU,TEX,0,0,4.16,8.74,1e-06,1e-06,HOU,HOU,0.4,0.3,0.341,0.288
CHA202105142,2021-05-14,CHA,KCA,0,0,4.28,5.26,1e-06,380.91207013286544,CHA,DET,0.5,0.7,0.348,0.291
BOS202105140,2021-05-14,BOS,ANA,0,0,5.21,3.92,1e-06,2582.243070652819,BOS,HOU,1.6,1.0,0.349,0.301
DET202105140,2021-05-14,DET,CHN,0,0,4.34,7.39,1e-06,145.52553501827433,DET,CLE,0.1,0.4,0.311,0.305
COL202105140,2021-05-14,COL,CIN,1,0,4.4,3.37,1e-06,1e-06,COL,COL,0.6,0.1,0.341,0.31
SDN202105150,2021-05-15,SDN,SLN,2,0,3.64,3.05,1e-06,1e-06,SDN,SDN,0.7,0.6,0.331,0.316
MIL202105150,2021-05-15,MIL,ATL,0,2,4.22,3.58,1e-06,1e-06,MIL,MIL,0.0,0.6,0.314,0.312
SEA202105150,2021-05-15,SEA,CLE,1,0,6.83,4.95,1e-06,1e-06,SEA,SEA,0.4,0.1,0.295,0.302
PIT202105150,2021-05-15,PIT,SFN,0,3,2.94,2.72,1e-06,1e-06,PIT,PIT,0.2,1.3,0.322,0.316
BAL202105150,2021-05-15,BAL,NYA,0,3,6.07,4.58,1e-06,1e-06,BAL,BAL,0.5,0.3,0.317,0.32
TOR202105150,2021-05-15,TOR,PHI,1,0,1.69,4.63,1e-06,1e-06,TOR,TOR,0.1,1.2,0.336,0.311
COL202105150,2021-05-15,COL,CIN,2,0,4.76,4.4,1e-06,1e-06,COL,COL,0.7,0.1,0.341,0.31
BOS202105150,2021-05-15,BOS,ANA,1,0,4.74,6.06,1e-06,1e-06,BOS,BOS,1.6,1.0,0.349,0.301
CHA202105150,2021-05-15,CHA,KCA,0,1,2.37,5.05,1e-06,1e-06,CHA,CHA,0.4,0.7,0.348,0.291
MIN202105150,2021-05-15,MIN,OAK,1,2,4.15,3.86,1e-06,1e-06,MIN,MIN,0.4,0.1,0.318,0.319
TBA202105150,2021-05-15,TBA,NYN,1,0,3.43,4.46,1e-06,1e-06,TBA,TBA,0.4,0.5,0.328,0.307
HOU202105150,2021-05-15,HOU,TEX,4,1,,4.51,1e-06,1e-06,HOU,HOU,0.4,0.3,0.341,0.288
ARI202105150,2021-05-15,ARI,WAS,3,1,6.58,4.17,1e-06,1e-06,ARI,ARI,0.2,0.8,0.322,0.334
LAN202105150,2021-05-15,LAN,MIA,0,0,2.59,4.0,1e-06,1e-06,LAN,LAN,0.1,0.3,0.334,0.294
DET202105150,2021-05-15,DET,CHN,3,2,2.97,2.26,1e-06,1e-06,DET,DET,0.1,0.4,0.311,0.305
TOR202105160,2021-05-16,TOR,PHI,2,0,2.84,6.75,1e-06,1e-06,TOR,TOR,0.2,1.1,0.336,0.311
DET202105160,2021-05-16,DET,CHN,0,0,3.89,4.77,1e-06,1e-06,DET,DET,0.4,0.6,0.311,0.305
CHA202105160,2021-05-16,CHA,KCA,0,1,6.0,6.75,1e-06,1e-06,CHA,CHA,0.4,0.8,0.348,0.291
SDN202105160,2021-05-16,SDN,SLN,0,2,4.4,3.46,1e-06,1e-06,SDN,SDN,0.8,0.6,0.331,0.316
HOU202105160,2021-05-16,HOU,TEX,1,0,4.78,4.66,1e-06,1e-06,HOU,HOU,0.8,0.4,0.341,0.288
MIL202105160,2021-05-16,MIL,ATL,0,0,2.81,4.05,1e-06,1e-06,MIL,MIL,0.0,0.2,0.314,0.312
LAN202105160,2021-05-16,LAN,MIA,0,0,6.64,3.07,1e-06,1e-06,LAN,LAN,0.1,0.2,0.334,0.294
SEA202105160,2021-05-16,SEA,CLE,1,0,3.06,3.17,1e-06,1e-06,SEA,SEA,0.3,0.0,0.295,0.302
PIT202105160,2021-05-16,PIT,SFN,0,1,6.17,3.83,1e-06,1e-06,PIT,PIT,0.1,1.6,0.322,0.316
ARI202105160,2021-05-16,ARI,WAS,0,0,7.33,5.47,1e-06,1e-06,ARI,ARI,0.5,0.9,0.322,0.334
COL202105160,2021-05-16,COL,CIN,0,0,3.35,4.53,1e-06,1e-06,COL,COL,0.8,0.1,0.341,0.31
TBA202105160,2021-05-16,TBA,NYN,0,0,5.09,3.02,1e-06,1e-06,TBA,TBA,0.4,0.4,0.328,0.307
MIN202105160,2021-05-16,MIN,OAK,0,0,3.35,3.18,1e-06,1e-06,MIN,MIN,0.5,0.2,0.318,0.319
BAL202105160,2021-05-16,BAL,NYA,2,4,5.04,3.55,1e-06,1e-06,BAL,BAL,0.5,0.6,0.317,0.32
BOS202105160,2021-05-16,BOS,ANA,0,0,3.79,2.57,1e-06,1e-06,BOS,BOS,1.5,0.9,0.349,0.301
ANA202105170,2021-05-17,ANA,CLE,1,1,3.92,6.68,4151.631080145035,1575.276973597757,BOS,SEA,0.1,0.0,0.318,0.302
LAN202105170,2021-05-17,LAN,ARI,0,0,2.47,4.67,1e-06,574.8341159449532,LAN,ARI,0.0,0.5,0.334,0.296
SEA202105170,2021-05-17,SEA,DET,0,0,4.41,3.71,1e-06,3110.621572335556,SEA,DET,0.4,0.1,0.295,0.304
CIN202105170,2021-05-17,CIN,SFN,0,1,4.19,3.03,1756.1898521305268,415.25842934625814,COL,PIT,0.5,1.7,0.346,0.316
CHN202105170,2021-05-17,CHN,WAS,1,0,4.58,4.71,380.91207013286544,2336.6124175783,DET,ARI,1.2,0.9,0.318,0.334
ATL202105170,2021-05-17,ATL,NYN,0,0,3.04,5.23,1079.4745171093869,688.5440708416155,MIL,TBA,1.5,0.4,0.325,0.307
MIN202105170,2021-05-17,MIN,CHA,0,3,5.79,5.28,1e-06,571.0232496384983,MIN,CHA,0.4,1.3,0.318,0.325
SDN202105170,2021-05-17,SDN,COL,3,0,4.22,4.59,1e-06,1340.79250926624,SDN,COL,0.8,0.5,0.331,0.291
TEX202105170,2021-05-17,TEX,NYA,0,1,5.15,3.23,368.5990384284446,1968.7690954443951,HOU,BAL,0.8,1.0,0.301,0.32
TEX202105180,2021-05-18,TEX,NYA,0,0,5.44,3.35,1e-06,1e-06,TEX,TEX,0.4,1.1,0.301,0.32
SDN202105180,2021-05-18,SDN,COL,0,0,3.22,5.21,1e-06,1e-06,SDN,SDN,1.1,0.5,0.331,0.291
OAK202105180,2021-05-18,OAK,HOU,1,2,3.92,5.75,2531.5923192792015,2629.671879056886,MIN,HOU,0.6,0.5,0.313,0.336
TOR202105180,2021-05-18,TOR,BOS,0,0,4.37,4.74,1e-06,691.6136251477402,TOR,BOS,0.3,0.4,0.336,0.308
CIN202105180,2021-05-18,CIN,SFN,1,0,3.98,3.17,1e-06,1e-06,CIN,CIN,0.5,1.7,0.346,0.316
BAL202105180,2021-05-18,BAL,TBA,0,0,6.27,1.88,1e-06,1393.7772067986984,BAL,TBA,0.6,0.6,0.317,0.312
ANA202105180,2021-05-18,ANA,CLE,1,5,5.51,4.67,1e-06,1e-06,ANA,ANA,0.2,0.1,0.318,0.302
CHN202105180,2021-05-18,CHN,WAS,0,0,3.38,9.0,1e-06,1e-06,CHN,CHN,1.3,0.8,0.318,0.334
SLN202105180,2021-05-18,SLN,PIT,2,0,4.09,5.36,2512.7882729547905,898.8824563980571,SDN,PIT,0.6,0.8,0.31,0.297
SEA202105180,2021-05-18,SEA,DET,0,1,3.75,2.88,1e-06,1e-06,SEA,SEA,0.3,0.1,0.295,0.304
KCA202105180,2021-05-18,KCA,MIL,0,0,3.66,2.56,663.9206411727051,707.8851314063497,CHA,MIL,0.1,0.3,0.322,0.318
LAN202105180,2021-05-18,LAN,ARI,1,0,2.96,10.69,1e-06,1e-06,LAN,LAN,0.0,0.5,0.334,0.296
PHI202105180,2021-05-18,PHI,MIA,0,0,3.71,2.81,539.7375980826044,3844.216938115361,TOR,LAN,0.9,0.2,0.324,0.294
MIN202105180,2021-05-18,MIN,CHA,0,1,3.35,3.51,1e-06,1e-06,MIN,MIN,0.4,1.4,0.318,0.325
ATL202105180,2021-05-18,ATL,NYN,0,0,,3.94,1e-06,1e-06,ATL,ATL,1.1,0.4,0.325,0.307
BAL202105190,2021-05-19,BAL,TBA,1,0,6.08,2.38,1e-06,1e-06,BAL,BAL,0.6,0.6,0.317,0.312
SLN202105190,2021-05-19,SLN,PIT,1,0,3.22,6.57,1e-06,1e-06,SLN,SLN,0.7,0.6,0.31,0.297
PHI202105190,2021-05-19,PHI,MIA,0,0,4.17,2.64,1e-06,1e-06,PHI,PHI,0.9,0.2,0.324,0.294
TEX202105190,2021-05-19,TEX,NYA,0,0,5.6,3.83,1e-06,1e-06,TEX,TEX,0.3,1.0,0.301,0.32
ANA202105190,2021-05-19,ANA,CLE,0,1,3.92,3.84,1e-06,1e-06,ANA,ANA,0.3,0.6,0.318,0.302
SDN202105190,2021-05-19,SDN,COL,0,0,3.18,6.46,1e-06,1e-06,SDN,SDN,1.0,0.3,0.331,0.291
CHN202105190,2021-05-19,CHN,WAS,0,0,7.39,2.46,1e-06,1e-06,CHN,CHN,0.7,0.8,0.318,0.334
CIN202105190,2021-05-19,CIN,SFN,0,0,3.37,2.81,1e-06,1e-06,CIN,CIN,0.6,1.7,0.346,0.316
OAK202105190,2021-05-19,OAK,HOU,0,2,3.37,4.16,1e-06,1e-06,OAK,OAK,0.7,0.7,0.313,0.336
MIN202105190,2021-05-19,MIN,CHA,0,0,8.06,3.53,1e-06,1e-06,MIN,MIN,0.4,1.4,0.318,0.325
LAN202105190,2021-05-19,LAN,ARI,0,0,2.86,3.4,1e-06,1e-06,LAN,LAN,0.1,0.5,0.334,0.296
TOR202105190,2021-05-19,TOR,BOS,1,5,4.8,4.87,1e-06,1e-06,TOR,TOR,0.3,0.4,0.336,0.308
KCA202105190,2021-05-19,KCA,MIL,0,1,2.42,2.73,1e-06,1e-06,KCA,KCA,0.1,0.3,0.322,0.318
SEA202105190,2021-05-19,SEA,DET,2,0,4.68,4.34,1e-06,1e-06,SEA,SEA,0.3,0.1,0.295,0.304
ATL202105190,2021-05-19,ATL,NYN,0,0,,6.28,1e-06,1e-06,ATL,ATL,1.1,0.0,0.325,0.307
CHN202105200,2021-05-20,CHN,WAS,0,2,4.26,4.17,1e-06,1e-06,CHN,CHN,0.7,0.7,0.318,0.334
LAN202105200,2021-05-20,LAN,ARI,0,0,3.57,4.44,1e-06,1e-06,LAN,LAN,0.1,0.5,0.334,0.296
CIN202105200,2021-05-20,CIN,SFN,0,1,3.75,4.08,1e-06,1e-06,CIN,CIN,0.6,1.7,0.346,0.316
ANA202105201,2021-05-20,ANA,MIN,1,0,3.76,4.7,1e-06,1e-06,ANA,ANA,0.2,0.9,0.318,0.31
BAL202105200,2021-05-20,BAL,TBA,0,0,7.55,3.86,1e-06,1e-06,BAL,BAL,0.7,0.5,0.317,0.312
TOR202105200,2021-05-20,TOR,BOS,2,0,5.63,5.85,1e-06,1e-06,TOR,TOR,0.4,0.9,0.336,0.308
ANA202105202,2021-05-20,ANA,MIN,1,4,5.6,3.52,1e-06,2437.087352189671,ANA,MIN,0.3,0.9,0.318,0.31
OAK202105200,2021-05-20,OAK,HOU,1,0,4.24,,1e-06,1e-06,OAK,OAK,0.7,0.9,0.313,0.336
ATL202105200,2021-05-20,ATL,PIT,0,2,4.19,2.94,1e-06,751.930362209131,ATL,SLN,0.7,0.6,0.325,0.297
TEX202105200,2021-05-20,TEX,NYA,0,0,3.52,4.58,1e-06,1e-06,TEX,TEX,0.2,1.0,0.301,0.32
PHI202105200,2021-05-20,PHI,MIA,0,0,6.41,3.19,1e-06,1e-06,PHI,PHI,0.9,0.2,0.324,0.294
SLN202105210,2021-05-21,SLN,CHN,0,1,4.56,4.77,1e-06,422.4920912040455,SLN,CHN,0.8,0.6,0.31,0.305
WAS202105210,2021-05-21,WAS,BAL,0,0,4.57,6.07,956.88299544195,55.02896457567408,CHN,BAL,0.5,0.3,0.34,0.291
NYA202105210,2021-05-21,NYA,CHA,0,0,3.36,5.6,2225.551415128663,1636.0526645605564,TEX,MIN,0.5,1.3,0.323,0.325
MIA202105210,2021-05-21,MIA,NYN,0,2,2.26,2.4,1644.1190984600378,973.359131898138,PHI,ATL,1.0,0.0,0.303,0.307
ATL202105210,2021-05-21,ATL,PIT,1,0,3.58,4.53,1e-06,1e-06,ATL,ATL,0.7,0.8,0.325,0.297
ANA202105210,2021-05-21,ANA,OAK,0,0,3.84,3.92,1e-06,592.0809005913671,ANA,OAK,0.4,0.2,0.318,0.319
KCA202105210,2021-05-21,KCA,DET,0,0,6.26,5.81,1e-06,2418.3539462011913,KCA,SEA,0.1,0.1,0.322,0.304
CLE202105210,2021-05-21,CLE,MIN,0,0,4.95,7.64,3271.7957310678776,3271.7957310678776,ANA,ANA,0.5,1.2,0.306,0.31
PHI202105210,2021-05-21,PHI,BOS,0,2,4.63,4.74,1e-06,539.7375980826044,PHI,TOR,0.9,0.9,0.324,0.308
SDN202105210,2021-05-21,SDN,SEA,4,1,5.07,3.61,1e-06,1711.8059777853623,SDN,SEA,0.7,0.4,0.331,0.309
COL202105210,2021-05-21,COL,ARI,3,0,4.4,9.2,1340.79250926624,1336.5596902131042,SDN,LAN,0.8,0.0,0.341,0.296
CIN202105210,2021-05-21,CIN,MIL,3,0,4.56,3.22,1e-06,868.1617780403714,CIN,KCA,0.6,0.4,0.346,0.318
SFN202105210,2021-05-21,SFN,LAN,0,0,3.83,2.59,3280.370735305635,559.4406195325591,CIN,LAN,0.7,0.6,0.336,0.324
TOR202105210,2021-05-21,TOR,TBA,2,0,7.71,2.78,1e-06,537.0332419152472,TOR,BAL,0.6,0.1,0.336,0.312
TEX202105210,2021-05-21,TEX,HOU,0,0,4.66,5.75,1e-06,2350.5503898425545,TEX,OAK,0.2,0.9,0.301,0.336
COL202105220,2021-05-22,COL,ARI,0,0,4.73,4.67,1e-06,1e-06,COL,COL,1.1,0.0,0.341,0.296
SFN202105220,2021-05-22,SFN,LAN,0,1,6.35,2.47,1e-06,1e-06,SFN,SFN,0.7,0.6,0.336,0.324
TOR202105220,2021-05-22,TOR,TBA,1,0,4.74,1.88,1e-06,1e-06,TOR,TOR,0.8,0.1,0.336,0.312
PHI202105220,2021-05-22,PHI,BOS,0,0,7.43,3.75,1e-06,1e-06,PHI,PHI,0.9,0.7,0.324,0.308
CLE202105220,2021-05-22,CLE,MIN,2,0,4.07,4.15,1e-06,1e-06,CLE,CLE,0.2,1.2,0.306,0.31
WAS202105220,2021-05-22,WAS,BAL,0,5,3.31,6.71,1e-06,1e-06,WAS,WAS,0.5,0.0,0.34,0.291
ATL202105220,2021-05-22,ATL,PIT,2,0,5.35,6.17,1e-06,1e-06,ATL,ATL,0.8,0.6,0.325,0.297
SLN202105220,2021-05-22,SLN,CHN,0,1,3.73,4.58,1e-06,1e-06,SLN,SLN,0.8,0.7,0.31,0.305
NYA202105220,2021-05-22,NYA,CHA,0,0,3.23,3.91,1e-06,1e-06,NYA,NYA,0.5,1.2,0.323,0.325
TEX202105220,2021-05-22,TEX,HOU,0,2,5.41,5.03,1e-06,1e-06,TEX,TEX,0.2,0.9,0.301,0.336
MIA202105220,2021-05-22,MIA,NYN,0,0,4.21,2.4,1e-06,1e-06,MIA,MIA,0.9,0.2,0.303,0.307
CIN202105220,2021-05-22,CIN,MIL,0,0,5.59,3.07,1e-06,1e-06,CIN,CIN,0.8,0.3,0.346,0.318
ANA202105220,2021-05-22,ANA,OAK,0,1,3.62,3.15,1e-06,1e-06,ANA,ANA,0.4,0.2,0.318,0.319
SDN202105220,2021-05-22,SDN,SEA,0,0,3.06,6.83,1e-06,1e-06,SDN,SDN,1.0,0.4,0.331,0.309
KCA202105220,2021-05-22,KCA,DET,2,0,4.91,3.89,1e-06,1e-06,KCA,KCA,0.1,0.1,0.322,0.304
WAS202105230,2021-05-23,WAS,BAL,4,3,5.82,6.27,1e-06,1e-06,WAS,WAS,0.5,0.5,0.34,0.291
ATL202105230,2021-05-23,ATL,PIT,3,1,3.04,5.36,1e-06,1e-06,ATL,ATL,1.0,0.6,0.325,0.297
ANA202105230,2021-05-23,ANA,OAK,0,0,2.57,4.11,1e-06,1e-06,ANA,ANA,0.4,0.3,0.318,0.319
PHI202105230,2021-05-23,PHI,BOS,4,0,2.78,4.74,1e-06,1e-06,PHI,PHI,0.9,0.7,0.324,0.308
SDN202105230,2021-05-23,SDN,SEA,0,0,4.22,4.61,1e-06,1e-06,SDN,SDN,1.0,0.4,0.331,0.309
CIN202105230,2021-05-23,CIN,MIL,0,3,3.98,3.34,1e-06,1e-06,CIN,CIN,0.8,0.2,0.346,0.318
TOR202105230,2021-05-23,TOR,TBA,0,1,5.63,5.09,1e-06,1e-06,TOR,TOR,0.9,0.0,0.336,0.312
SFN202105230,2021-05-23,SFN,LAN,0,0,3.17,2.96,1e-06,1e-06,SFN,SFN,0.7,0.7,0.336,0.324
MIA202105230,2021-05-23,MIA,NYN,0,0,4.99,4.05,1e-06,1e-06,MIA,MIA,0.9,0.2,0.303,0.307
KCA202105230,2021-05-23,KCA,DET,0,2,4.83,2.97,1e-06,1e-06,KCA,KCA,0.3,0.1,0.322,0.304
CLE202105230,2021-05-23,CLE,MIN,2,0,4.07,4.43,1e-06,1e-06,CLE,CLE,0.4,1.0,0.306,0.31
SLN202105230,2021-05-23,SLN,CHN,0,0,3.24,2.26,1e-06,1e-06,SLN,SLN,0.7,0.6,0.31,0.305
TEX202105230,2021-05-23,TEX,HOU,0,0,3.52,2.25,1e-06,1e-06,TEX,TEX,0.2,1.0,0.301,0.336
COL202105230,2021-05-23,COL,ARI,0,0,5.21,7.33,1e-06,1e-06,COL,COL,1.1,0.0,0.341,0.296
NYA202105230,2021-05-23,NYA,CHA,2,0,3.36,3.51,1e-06,1e-06,NYA,NYA,0.4,1.2,0.323,0.325
TOR202105240,2021-05-24,TOR,TBA,0,6,3.4,3.43,1e-06,1e-06,TOR,TOR,0.9,0.1,0.336,0.312
OAK202105240,2021-05-24,OAK,SEA,0,1,3.37,4.41,592.0809005913671,731.4285571970996,ANA,SDN,0.6,0.4,0.313,0.309
DET202105240,2021-05-24,DET,CLE,0,0,7.55,,1034.95696626315,145.52553501827433,KCA,CLE,0.4,0.7,0.311,0.302
CHA202105240,2021-05-24,CHA,SLN,0,0,2.69,3.46,1144.129935670241,422.4920912040455,NYA,SLN,0.4,0.8,0.348,0.316
MIL202105240,2021-05-24,MIL,SDN,0,0,2.56,4.2,525.1892238126902,2790.8560532571964,CIN,SDN,0.0,0.1,0.314,0.312
NYN202105240,2021-05-24,NYN,COL,0,0,5.54,4.53,1756.5620451799746,2618.595617996944,MIA,COL,0.2,0.3,0.323,0.291
MIN202105240,2021-05-24,MIN,BAL,0,1,3.92,5.17,1013.2251113855248,1500.7861867672325,CLE,WAS,0.4,0.8,0.318,0.291
MIA202105240,2021-05-24,MIA,PHI,0,0,2.26,4.17,1e-06,1644.1190984600378,MIA,PHI,0.8,1.1,0.303,0.311
ARI202105250,2021-05-25,ARI,SFN,0,3,10.69,2.81,942.6579354569092,1050.993394248722,COL,SFN,0.5,1.6,0.322,0.316
PIT202105250,2021-05-25,PIT,CHN,2,0,7.04,7.39,840.3908477621023,898.8824563980571,ATL,SLN,0.1,0.5,0.322,0.305
NYN202105250,2021-05-25,NYN,COL,1,0,3.45,6.46,1e-06,1e-06,NYN,NYN,0.2,0.3,0.323,0.291
ANA202105250,2021-05-25,ANA,TEX,1,0,5.83,5.6,1e-06,1938.7751997181072,ANA,TEX,0.4,0.4,0.318,0.288
CHA202105250,2021-05-25,CHA,SLN,2,0,3.53,3.22,1e-06,1e-06,CHA,CHA,0.4,0.8,0.348,0.316
OAK202105250,2021-05-25,OAK,SEA,0,2,4.24,3.06,1e-06,1e-06,OAK,OAK,0.6,0.5,0.313,0.309
NYA202105250,2021-05-25,NYA,TOR,0,0,3.83,3.82,1e-06,550.2922217550002,NYA,TOR,0.6,0.3,0.323,0.325
MIL202105250,2021-05-25,MIL,SDN,0,0,2.43,3.62,1e-06,1e-06,MIL,MIL,0.0,0.0,0.314,0.312
WAS202105250,2021-05-25,WAS,CIN,0,0,2.46,3.75,1e-06,647.9323389925676,WAS,CIN,0.8,0.0,0.34,0.31
TBA202105250,2021-05-25,TBA,KCA,0,0,3.86,5.39,1789.459752085548,1680.826511683993,TOR,KCA,0.4,0.6,0.328,0.291
DET202105250,2021-05-25,DET,CLE,0,1,4.34,3.84,1e-06,1e-06,DET,DET,0.4,0.7,0.311,0.302
MIA202105250,2021-05-25,MIA,PHI,0,0,3.19,6.3,1e-06,1e-06,MIA,MIA,0.8,1.1,0.303,0.311
BOS202105250,2021-05-25,BOS,ATL,1,0,4.87,3.34,435.5953169043613,1506.627841528967,PHI,ATL,1.5,0.2,0.349,0.312
MIN202105250,2021-05-25,MIN,BAL,0,0,3.52,7.55,1e-06,1e-06,MIN,MIN,0.4,0.9,0.318,0.291
HOU202105250,2021-05-25,HOU,LAN,0,0,4.16,3.55,368.5990384284446,2641.7391700833814,TEX,SFN,0.9,0.6,0.341,0.324
PIT202105260,2021-05-26,PIT,CHN,0,0,5.48,4.35,1e-06,1e-06,PIT,PIT,0.3,0.5,0.322,0.305
MIL202105260,2021-05-26,MIL,SDN,0,1,3.07,4.1,1e-06,1e-06,MIL,MIL,0.0,0.0,0.314,0.312
ARI202105260,2021-05-26,ARI,SFN,1,0,6.58,2.25,1e-06,1e-06,ARI,ARI,0.5,0.9,0.322,0.316
TBA202105260,2021-05-26,TBA,KCA,0,0,2.73,6.26,1e-06,1e-06,TBA,TBA,0.3,0.6,0.328,0.291
MIA202105260,2021-05-26,MIA,PHI,0,0,4.64,4.04,1e-06,1e-06,MIA,MIA,0.5,0.4,0.303,0.311
CHA202105260,2021-05-26,CHA,SLN,0,0,2.37,4.09,1e-06,1e-06,CHA,CHA,0.6,0.7,0.348,0.316
BOS202105260,2021-05-26,BOS,ATL,0,2,4.53,4.48,1e-06,1e-06,BOS,BOS,1.2,0.2,0.349,0.312
MIN202105260,2021-05-26,MIN,BAL,0,1,3.62,6.07,1e-06,1e-06,MIN,MIN,0.2,0.9,0.318,0.291
WAS202105260,2021-05-26,WAS,CIN,2,0,5.34,4.56,1e-06,1e-06,WAS,WAS,0.8,0.0,0.34,0.31
OAK202105260,2021-05-26,OAK,SEA,2,0,4.07,7.36,1e-06,1e-06,OAK,OAK,0.6,0.7,0.313,0.309
ANA202105260,2021-05-26,ANA,TEX,5,0,5.6,4.51,1e-06,1e-06,ANA,ANA,0.5,0.4,0.318,0.288
DET202105260,2021-05-26,DET,CLE,0,0,2.97,2.89,1e-06,1e-06,DET,DET,0.4,0.8,0.311,0.302
HOU202105260,2021-05-26,HOU,LAN,1,0,,2.59,1e-06,1e-06,HOU,HOU,0.9,0.1,0.341,0.324
NYN202105272,2021-05-27,NYN,COL,1,0,2.4,4.42,1e-06,1e-06,NYN,NYN,0.3,0.2,0.323,0.291
NYN202105271,2021-05-27,NYN,COL,0,0,3.02,4.4,1e-06,1e-06,NYN,NYN,0.2,0.1,0.323,0.291
SEA202105270,2021-05-27,SEA,TEX,0,0,3.61,5.41,1089.6592015072615,1575.276973597757,OAK,ANA,0.5,0.3,0.295,0.288
NYA202105271,2021-05-27,NYA,TOR,0,0,4.58,3.22,1e-06,1e-06,NYA,NYA,0.6,0.3,0.323,0.325
PIT202105270,2021-05-27,PIT,CHN,0,1,4.53,4.77,1e-06,1e-06,PIT,PIT,0.3,0.4,0.322,0.305
NYA202105272,2021-05-27,NYA,TOR,1,0,2.17,2.84,1e-06,1e-06,NYA,NYA,0.3,0.3,0.323,0.325
MIL202105270,2021-05-27,MIL,SDN,0,0,3.07,3.64,1e-06,1e-06,MIL,MIL,0.0,0.1,0.314,0.312
CHA202105270,2021-05-27,CHA,BAL,0,0,3.91,4.39,1e-06,571.0232496384983,CHA,MIN,0.6,1.0,0.348,0.291
OAK202105270,2021-05-27,OAK,ANA,0,0,3.15,6.97,1e-06,592.0809005913671,OAK,ANA,0.7,0.9,0.313,0.301
TBA202105270,2021-05-27,TBA,KCA,3,0,3.43,4.91,1e-06,1e-06,TBA,TBA,0.3,0.4,0.328,0.291
WAS202105270,2021-05-27,WAS,CIN,0,1,4.57,4.19,1e-06,1e-06,WAS,WAS,1.0,0.0,0.34,0.31
DET202105270,2021-05-27,DET,CLE,0,1,3.89,3.17,1e-06,1e-06,DET,DET,0.4,0.8,0.311,0.302
MIA202105270,2021-05-27,MIA,PHI,0,0,4.21,4.2,1e-06,1e-06,MIA,MIA,0.3,0.2,0.303,0.311
LAN202105270,2021-05-27,LAN,SFN,0,0,3.57,3.83,2205.5170699182067,574.8341159449532,HOU,ARI,0.1,0.9,0.334,0.316
ARI202105270,2021-05-27,ARI,SLN,0,0,7.33,3.24,1e-06,2336.6124175783,ARI,CHA,0.6,0.3,0.322,0.316
DET202105280,2021-05-28,DET,NYA,0,0,7.55,5.29,1e-06,773.7548030957365,DET,NYA,0.3,1.0,0.311,0.32
ARI202105280,2021-05-28,ARI,SLN,1,4,4.67,3.99,1e-06,1e-06,ARI,ARI,0.6,0.3,0.322,0.316
CLE202105280,2021-05-28,CLE,TOR,2,0,5.34,4.37,145.52553501827433,649.8727601989037,DET,NYA,0.6,0.1,0.306,0.325
SEA202105280,2021-05-28,SEA,TEX,0,0,6.83,5.15,1e-06,1e-06,SEA,SEA,0.5,0.3,0.295,0.288
OAK202105280,2021-05-28,OAK,ANA,0,0,3.92,3.18,1e-06,1e-06,OAK,OAK,0.6,0.5,0.313,0.301
HOU202105280,2021-05-28,HOU,SDN,0,0,4.78,2.23,1e-06,1618.630710213877,HOU,MIL,1.0,0.1,0.341,0.312
CHN202105280,2021-05-28,CHN,CIN,0,0,4.58,4.74,660.0502267315369,956.88299544195,PIT,WAS,0.7,0.1,0.318,0.31
MIN202105280,2021-05-28,MIN,KCA,0,0,7.64,4.43,1e-06,2137.431531245163,MIN,TBA,0.2,0.4,0.318,0.291
BOS202105280,2021-05-28,BOS,MIA,0,0,4.74,4.99,1e-06,2024.1956124919243,BOS,MIA,0.8,0.2,0.349,0.294
LAN202105280,2021-05-28,LAN,SFN,0,0,2.22,2.22,1e-06,1e-06,LAN,LAN,0.1,0.9,0.334,0.316
WAS202105291,2021-05-29,WAS,MIL,0,2,5.82,2.81,1e-06,1e-06,WAS,WAS,1.0,0.4,0.34,0.318
CHN202105290,2021-05-29,CHN,CIN,0,0,3.38,3.98,1e-06,1e-06,CHN,CHN,0.7,0.1,0.318,0.31
OAK202105290,2021-05-29,OAK,ANA,0,0,3.37,3.76,1e-06,1e-06,OAK,OAK,0.6,0.3,0.313,0.301
SEA202105290,2021-05-29,SEA,TEX,0,0,6.23,5.44,1e-06,1e-06,SEA,SEA,0.5,0.3,0.295,0.288
CHA202105292,2021-05-29,CHA,BAL,0,0,2.69,3.62,1e-06,1e-06,CHA,CHA,0.6,1.0,0.348,0.291
BOS202105290,2021-05-29,BOS,MIA,0,0,3.75,2.64,1e-06,1e-06,BOS,BOS,0.8,0.2,0.349,0.294
LAN202105290,2021-05-29,LAN,SFN,1,0,2.96,3.03,1e-06,1e-06,LAN,LAN,0.1,0.9,0.334,0.316
WAS202105292,2021-05-29,WAS,MIL,0,0,3.31,3.07,1e-06,1025.9779093655509,WAS,MIL,1.0,0.6,0.34,0.318
CHA202105291,2021-05-29,CHA,BAL,1,1,5.28,6.27,1e-06,1e-06,CHA,CHA,0.4,1.0,0.348,0.291
HOU202105290,2021-05-29,HOU,SDN,0,0,3.56,4.1,1e-06,1e-06,HOU,HOU,1.0,0.1,0.341,0.312
DET202105290,2021-05-29,DET,NYA,0,0,2.88,6.48,1e-06,1e-06,DET,DET,0.3,0.9,0.311,0.32
TBA202105290,2021-05-29,TBA,PHI,2,0,2.78,4.04,1e-06,319.9354673545946,TBA,MIA,0.6,0.1,0.328,0.311
MIN202105290,2021-05-29,MIN,KCA,1,0,5.79,4.68,1e-06,1e-06,MIN,MIN,0.1,0.4,0.318,0.291
ARI202105290,2021-05-29,ARI,SLN,0,1,9.2,3.05,1e-06,1e-06,ARI,ARI,0.6,0.7,0.322,0.316
NYN202105290,2021-05-29,NYN,ATL,1,0,4.47,3.58,1e-06,306.2037667286439,NYN,BOS,0.2,0.4,0.323,0.312
PIT202105292,2021-05-29,PIT,COL,1,0,6.17,4.53,1e-06,1e-06,PIT,PIT,0.3,0.1,0.322,0.291
PIT202105291,2021-05-29,PIT,COL,0,0,5.36,4.59,1e-06,505.04779123783345,PIT,NYN,0.4,0.1,0.322,0.291
WAS202105300,2021-05-30,WAS,MIL,0,2,2.46,2.56,1e-06,1e-06,WAS,WAS,1.0,0.6,0.34,0.318
MIN202105300,2021-05-30,MIN,KCA,1,1,8.06,5.39,1e-06,1e-06,MIN,MIN,0.2,0.2,0.318,0.291
HOU202105300,2021-05-30,HOU,SDN,4,0,4.16,4.2,1e-06,1e-06,HOU,HOU,0.9,0.1,0.341,0.312
SEA202105300,2021-05-30,SEA,TEX,1,0,4.41,5.6,1e-06,1e-06,SEA,SEA,0.5,0.3,0.295,0.288
CLE202105302,2021-05-30,CLE,TOR,0,0,1.29,5.63,1e-06,1e-06,CLE,CLE,0.8,0.1,0.306,0.325
LAN202105300,2021-05-30,LAN,SFN,0,3,3.55,2.81,1e-06,1e-06,LAN,LAN,0.2,0.6,0.334,0.316
CHN202105300,2021-05-30,CHN,CIN,0,3,7.39,3.75,1e-06,1e-06,CHN,CHN,0.3,0.1,0.318,0.31
CLE202105301,2021-05-30,CLE,TOR,0,0,3.84,4.8,1e-06,1e-06,CLE,CLE,0.7,0.0,0.306,0.325
ARI202105300,2021-05-30,ARI,SLN,0,1,4.9,3.46,1e-06,1e-06,ARI,ARI,0.6,0.8,0.322,0.316
TBA202105300,2021-05-30,TBA,PHI,0,0,5.09,4.17,1e-06,1e-06,TBA,TBA,0.8,0.0,0.328,0.311
CHA202105300,2021-05-30,CHA,BAL,0,0,3.53,4.39,1e-06,1e-06,CHA,CHA,0.4,1.1,0.348,0.291
DET202105300,2021-05-30,DET,NYA,2,0,4.34,3.55,1e-06,1e-06,DET,DET,0.3,0.9,0.311,0.32
OAK202105300,2021-05-30,OAK,ANA,0,0,4.24,3.75,1e-06,1e-06,OAK,OAK,0.4,0.0,0.313,0.301
PIT202105300,2021-05-30,PIT,COL,0,0,2.94,5.21,1e-06,1e-06,PIT,PIT,0.3,0.0,0.322,0.291
HOU202105310,2021-05-31,HOU,BOS,0,0,3.62,4.74,1e-06,2582.243070652819,HOU,BOS,1.3,0.7,0.341,0.308
CIN202105310,2021-05-31,CIN,PHI,0,0,3.37,6.3,406.2527329885922,1273.7149085846368,CHN,TBA,0.6,0.0,0.346,0.311
SEA202105310,2021-05-31,SEA,OAK,0,0,6.23,3.18,1e-06,1089.6592015072615,SEA,OAK,0.6,0.3,0.295,0.319
LAN202105310,2021-05-31,LAN,SLN,0,0,2.59,4.56,1e-06,574.8341159449532,LAN,ARI,0.2,0.8,0.334,0.316
ATL202105310,2021-05-31,ATL,WAS,3,0,3.34,4.17,1200.4511584455877,874.0887985860761,NYN,WAS,0.9,0.9,0.325,0.334
BAL202105310,2021-05-31,BAL,MIN,0,0,6.71,3.35,972.7856247406662,1508.338155320694,CHA,MIN,0.6,0.6,0.317,0.31
CHN202105310,2021-05-31,CHN,SDN,0,0,5.27,5.07,1e-06,1516.5648050119732,CHN,HOU,0.3,0.1,0.318,0.312
CLE202105311,2021-05-31,CLE,CHA,2,0,4.07,4.28,1e-06,1e-06,CLE,CLE,0.7,1.2,0.306,0.325
NYA202105310,2021-05-31,NYA,TBA,0,0,4.3,3.86,773.7548030957365,1638.0556824552712,DET,TBA,0.4,0.7,0.323,0.312
ARI202105310,2021-05-31,ARI,NYN,0,0,4.44,1.08,1e-06,3443.682019431773,ARI,NYN,0.5,0.2,0.322,0.307
MIL202105310,2021-05-31,MIL,DET,0,0,3.34,3.65,1025.9779093655509,408.2632535344616,WAS,DET,0.0,0.3,0.314,0.304
KCA202105310,2021-05-31,KCA,PIT,1,1,5.05,4.82,662.9211681328137,1255.3811411500053,MIN,PIT,0.3,0.7,0.322,0.297
CLE202105312,2021-05-31,CLE,CHA,0,0,4.73,6.23,1e-06,494.38381964269325,CLE,CHA,0.9,1.2,0.306,0.325
SFN202105310,2021-05-31,SFN,ANA,0,0,4.08,6.06,559.4406195325591,13.027453191410114,LAN,OAK,0.3,0.0,0.336,0.301
ARI202106010,2021-06-01,ARI,NYN,0,0,6.58,3.59,1e-06,1e-06,ARI,ARI,0.5,0.2,0.322,0.307
COL202106010,2021-06-01,COL,TEX,1,0,3.35,3.18,2121.7512666569423,1640.846947858291,PIT,SEA,1.1,0.2,0.341,0.288
CIN202106010,2021-06-01,CIN,PHI,0,0,4.19,4.63,1e-06,1e-06,CIN,CIN,0.4,0.0,0.346,0.311
TOR202106010,2021-06-01,TOR,MIA,0,0,2.84,3.19,305.2632734150024,691.6136251477402,CLE,BOS,0.9,0.2,0.336,0.294
LAN202106010,2021-06-01,LAN,SLN,0,1,1.99,3.02,1e-06,1e-06,LAN,LAN,0.2,0.8,0.334,0.316
SFN202106010,2021-06-01,SFN,ANA,0,0,3.83,5.83,1e-06,1e-06,SFN,SFN,0.2,0.0,0.336,0.301
CHN202106010,2021-06-01,CHN,SDN,0,0,4.77,5.32,1e-06,1e-06,CHN,CHN,0.2,0.1,0.318,0.312
KCA202106010,2021-06-01,KCA,PIT,1,0,4.91,5.48,1e-06,1e-06,KCA,KCA,0.4,0.8,0.322,0.297
MIL202106010,2021-06-01,MIL,DET,1,0,3.19,5.07,1e-06,1e-06,MIL,MIL,0.0,0.3,0.314,0.304
CLE202106010,2021-06-01,CLE,CHA,2,0,3.17,3.91,1e-06,1e-06,CLE,CLE,0.8,1.2,0.306,0.325
NYA202106010,2021-06-01,NYA,TBA,0,2,2.51,1.88,1e-06,1e-06,NYA,NYA,0.4,0.7,0.323,0.312
HOU202106010,2021-06-01,HOU,BOS,1,0,,4.87,1e-06,1e-06,HOU,HOU,1.0,0.7,0.341,0.308
SEA202106010,2021-06-01,SEA,OAK,0,0,3.06,6.61,1e-06,1e-06,SEA,SEA,0.5,0.3,0.295,0.319
BAL202106010,2021-06-01,BAL,MIN,1,0,5.04,3.62,1e-06,1e-06,BAL,BAL,0.6,0.5,0.317,0.31
ATL202106010,2021-06-01,ATL,WAS,1,1,3.04,5.34,1e-06,1e-06,ATL,ATL,1.1,0.9,0.325,0.334
BAL202106020,2021-06-02,BAL,MIN,0,0,4.11,7.64,1e-06,1e-06,BAL,BAL,0.6,0.5,0.317,0.31
SEA202106020,2021-06-02,SEA,OAK,0,0,3.61,3.91,1e-06,1e-06,SEA,SEA,0.4,0.3,0.295,0.319
LAN202106020,2021-06-02,LAN,SLN,11,1,2.47,6.23,1e-06,1e-06,LAN,LAN,0.2,0.9,0.334,0.316
ATL202106020,2021-06-02,ATL,WAS,0,0,3.78,3.31,1e-06,1e-06,ATL,ATL,1.2,1.0,0.325,0.334
ARI202106020,2021-06-02,ARI,NYN,5,4,5.06,3.45,1e-06,1e-06,ARI,ARI,0.5,0.2,0.322,0.307
HOU202106020,2021-06-02,HOU,BOS,1,1,3.14,4.53,1e-06,1e-06,HOU,HOU,1.1,0.7,0.341,0.308
CHN202106020,2021-06-02,CHN,SDN,0,0,4.58,3.22,1e-06,1e-06,CHN,CHN,0.1,0.1,0.318,0.312
COL202106020,2021-06-02,COL,TEX,0,0,4.42,5.13,1e-06,1e-06,COL,COL,1.1,0.1,0.341,0.288
TOR202106020,2021-06-02,TOR,MIA,0,0,4.74,4.21,1e-06,1e-06,TOR,TOR,0.9,0.0,0.336,0.294
NYA202106020,2021-06-02,NYA,TBA,2,0,3.83,3.43,1e-06,1e-06,NYA,NYA,0.3,0.9,0.323,0.312
COL202106030,2021-06-03,COL,TEX,0,0,4.53,5.44,1e-06,1e-06,COL,COL,1.0,0.1,0.341,0.288
ATL202106030,2021-06-03,ATL,WAS,0,0,6.57,5.82,1e-06,1e-06,ATL,ATL,1.0,1.0,0.325,0.334
NYA202106030,2021-06-03,NYA,TBA,0,0,3.23,5.11,1e-06,1e-06,NYA,NYA,0.5,0.9,0.323,0.312
SLN202106030,2021-06-03,SLN,CIN,2,1,3.05,4.74,2553.1974748902726,494.9532553693752,LAN,CIN,0.7,0.4,0.31,0.31
CHA202106030,2021-06-03,CHA,DET,1,0,2.69,3.71,494.38381964269325,132.54357794550742,CLE,MIL,0.3,0.3,0.348,0.304
HOU202106030,2021-06-03,HOU,BOS,0,0,4.21,4.74,1e-06,1e-06,HOU,HOU,1.2,0.8,0.341,0.308
KCA202106030,2021-06-03,KCA,MIN,1,1,5.26,4.43,1e-06,1545.5901214265937,KCA,BAL,0.5,0.5,0.322,0.31
PIT202106030,2021-06-03,PIT,MIA,0,0,4.44,2.81,1255.3811411500053,360.601143606632,KCA,TOR,0.3,0.0,0.322,0.294
MIL202106030,2021-06-03,MIL,ARI,0,0,3.07,13.15,1e-06,2349.997873269975,MIL,ARI,0.1,0.0,0.314,0.296
SFN202106030,2021-06-03,SFN,CHN,0,0,3.17,5.78,1e-06,2984.5094702126535,SFN,CHN,0.2,0.5,0.336,0.305
ANA202106030,2021-06-03,ANA,SEA,0,0,5.6,6.83,599.2380275896384,1575.276973597757,SFN,SEA,1.0,0.7,0.318,0.309
SDN202106030,2021-06-03,SDN,NYN,0,0,4.22,4.47,2787.070270174863,481.0116378281714,CHN,ARI,1.0,0.6,0.331,0.307
SFN202106040,2021-06-04,SFN,CHN,0,2,3.86,7.39,1e-06,1e-06,SFN,SFN,0.2,0.5,0.336,0.305
NYA202106040,2021-06-04,NYA,BOS,0,3,3.55,3.75,1e-06,2282.180747677387,NYA,HOU,0.5,0.8,0.323,0.308
CHA202106040,2021-06-04,CHA,DET,0,0,2.54,3.65,1e-06,1e-06,CHA,CHA,0.4,0.3,0.348,0.304
MIL202106040,2021-06-04,MIL,ARI,1,0,2.81,4.9,1e-06,1e-06,MIL,MIL,0.1,0.0,0.314,0.296
KCA202106040,2021-06-04,KCA,MIN,9,0,5.39,8.06,1e-06,1e-06,KCA,KCA,0.6,0.5,0.322,0.31
BAL202106040,2021-06-04,BAL,CLE,0,0,2.7,3.49,1e-06,495.2645964012307,BAL,CLE,0.5,0.9,0.317,0.302
COL202106040,2021-06-04,COL,OAK,0,1,4.59,3.37,1e-06,1640.846947858291,COL,SEA,1.0,0.3,0.341,0.319
ANA202106040,2021-06-04,ANA,SEA,0,1,3.18,3.42,1e-06,1e-06,ANA,ANA,0.9,0.5,0.318,0.309
TEX202106040,2021-06-04,TEX,TBA,0,0,3.71,5.09,1052.76358222127,2225.551415128663,COL,NYA,0.2,0.9,0.301,0.312
PHI202106040,2021-06-04,PHI,WAS,0,0,2.78,2.46,807.0437326700402,1071.2330338826837,CIN,ATL,1.2,0.4,0.324,0.334
ATL202106040,2021-06-04,ATL,LAN,1,0,3.58,2.96,1e-06,3110.7650847781624,ATL,LAN,1.0,0.1,0.325,0.324
SDN202106040,2021-06-04,SDN,NYN,1,0,4.2,4.46,1e-06,1e-06,SDN,SDN,1.0,0.6,0.331,0.307
PIT202106040,2021-06-04,PIT,MIA,2,0,4.33,4.99,1e-06,1e-06,PIT,PIT,0.3,0.0,0.322,0.294
SLN202106040,2021-06-04,SLN,CIN,0,0,3.46,3.98,1e-06,1e-06,SLN,SLN,0.8,0.5,0.31,0.31
TOR202106040,2021-06-04,TOR,HOU,0,0,4.37,4.16,1e-06,2094.913694918614,TOR,HOU,0.8,0.7,0.336,0.336
BAL202106050,2021-06-05,BAL,CLE,1,2,3.62,3.84,1e-06,1e-06,BAL,BAL,0.5,0.9,0.317,0.302
COL202106050,2021-06-05,COL,OAK,1,2,4.33,4.24,1e-06,1e-06,COL,COL,0.7,0.4,0.341,0.319
TEX202106050,2021-06-05,TEX,TBA,0,2,5.41,3.86,1e-06,1e-06,TEX,TEX,0.0,0.9,0.301,0.312
KCA202106050,2021-06-05,KCA,MIN,0,0,5.05,3.52,1e-06,1e-06,KCA,KCA,1.5,0.5,0.322,0.31
SFN202106050,2021-06-05,SFN,CHN,0,0,2.81,5.27,1e-06,1e-06,SFN,SFN,0.2,0.7,0.336,0.305
NYA202106050,2021-06-05,NYA,BOS,0,0,3.12,1.96,1e-06,1e-06,NYA,NYA,0.5,1.1,0.323,0.308
SLN202106050,2021-06-05,SLN,CIN,1,0,4.56,3.75,1e-06,1e-06,SLN,SLN,0.8,0.5,0.31,0.31
ATL202106050,2021-06-05,ATL,LAN,0,1,3.34,3.55,1e-06,1e-06,ATL,ATL,1.1,0.1,0.325,0.324
SDN202106050,2021-06-05,SDN,NYN,0,0,3.18,1.08,1e-06,1e-06,SDN,SDN,1.0,0.6,0.331,0.307
TOR202106050,2021-06-05,TOR,HOU,0,0,4.8,3.62,1e-06,1e-06,TOR,TOR,0.6,0.7,0.336,0.336
PIT202106050,2021-06-05,PIT,MIA,0,0,3.6,2.26,1e-06,1e-06,PIT,PIT,0.5,0.0,0.322,0.294
PHI202106050,2021-06-05,PHI,WAS,0,0,1.36,4.17,1e-06,1e-06,PHI,PHI,1.0,0.3,0.324,0.334
ANA202106050,2021-06-05,ANA,SEA,1,0,3.76,2.0,1e-06,1e-06,ANA,ANA,0.8,0.6,0.318,0.309
CHA202106050,2021-06-05,CHA,DET,1,0,3.53,4.34,1e-06,1e-06,CHA,CHA,0.4,0.3,0.348,0.304
MIL202106050,2021-06-05,MIL,ARI,0,1,2.5,5.06,1e-06,1e-06,MIL,MIL,0.2,0.0,0.314,0.296
COL202106060,2021-06-06,COL,OAK,0,0,4.4,4.07,1e-06,1e-06,COL,COL,0.7,0.6,0.341,0.319
KCA202106060,2021-06-06,KCA,MIN,0,0,4.91,4.74,1e-06,1e-06,KCA,KCA,1.4,0.5,0.322,0.31
NYA202106060,2021-06-06,NYA,BOS,2,1,2.51,3.79,1e-06,1e-06,NYA,NYA,0.5,0.6,0.323,0.308
BAL202106060,2021-06-06,BAL,CLE,1,0,6.07,2.89,1e-06,1e-06,BAL,BAL,0.5,1.1,0.317,0.302
ANA202106060,2021-06-06,ANA,SEA,1,1,3.62,4.68,1e-06,1e-06,ANA,ANA,0.9,0.5,0.318,0.309
MIL202106060,2021-06-06,MIL,ARI,0,0,2.43,4.83,1e-06,1e-06,MIL,MIL,0.2,0.1,0.314,0.296
CHA202106060,2021-06-06,CHA,DET,0,0,3.91,5.81,1e-06,1e-06,CHA,CHA,0.5,0.3,0.348,0.304
SFN202106060,2021-06-06,SFN,CHN,2,0,4.08,4.77,1e-06,1e-06,SFN,SFN,0.2,0.5,0.336,0.305
SDN202106060,2021-06-06,SDN,NYN,0,0,5.07,3.02,1e-06,1e-06,SDN,SDN,0.8,0.6,0.331,0.307
PHI202106060,2021-06-06,PHI,WAS,0,0,4.04,3.55,1e-06,1e-06,PHI,PHI,0.9,0.3,0.324,0.334
TEX202106060,2021-06-06,TEX,TBA,1,0,3.52,2.73,1e-06,1e-06,TEX,TEX,0.0,1.1,0.301,0.312
SLN202106060,2021-06-06,SLN,CIN,0,2,3.24,5.59,1e-06,1e-06,SLN,SLN,0.9,0.5,0.31,0.31
PIT202106060,2021-06-06,PIT,MIA,1,0,4.82,3.19,1e-06,1e-06,PIT,PIT,0.5,0.0,0.322,0.294
ATL202106060,2021-06-06,ATL,LAN,0,0,3.04,2.59,1e-06,1e-06,ATL,ATL,1.1,0.2,0.325,0.324
TOR202106060,2021-06-06,TOR,HOU,0,1,3.82,,1e-06,1e-06,TOR,TOR,0.6,0.6,0.336,0.336
BOS202106070,2021-06-07,BOS,MIA,1,0,3.06,3.24,306.2037667286439,773.5078082361433,NYA,PIT,0.7,0.0,0.349,0.294
SDN202106070,2021-06-07,SDN,CHN,1,0,5.32,4.58,1e-06,738.1265117326025,SDN,SFN,0.8,0.5,0.331,0.305
ANA202106070,2021-06-07,ANA,KCA,4,0,6.06,11.27,1e-06,2158.345510444982,ANA,KCA,0.9,0.3,0.318,0.291
CIN202106080,2021-06-08,CIN,MIL,0,0,5.97,3.22,494.9532553693752,525.1892238126902,SLN,MIL,0.4,0.8,0.346,0.318
PIT202106080,2021-06-08,PIT,LAN,0,0,5.36,2.47,1e-06,840.3908477621023,PIT,ATL,0.6,0.2,0.322,0.324
DET202106080,2021-06-08,DET,SEA,3,0,3.89,3.96,380.91207013286544,3167.1614902696224,CHA,ANA,0.5,0.6,0.311,0.309
TEX202106080,2021-06-08,TEX,SFN,0,0,4.66,2.37,1e-06,2363.044634840767,TEX,SFN,0.1,0.8,0.301,0.316
MIA202106080,2021-06-08,MIA,COL,0,1,3.07,4.42,2024.1956124919243,2773.388608504832,BOS,COL,0.2,0.0,0.303,0.291
PHI202106080,2021-06-08,PHI,ATL,0,1,3.43,4.73,1e-06,1071.2330338826837,PHI,ATL,0.4,0.4,0.324,0.312
SDN202106080,2021-06-08,SDN,CHN,0,0,4.4,5.78,1e-06,1e-06,SDN,SDN,0.6,0.4,0.331,0.305
TBA202106080,2021-06-08,TBA,WAS,1,0,2.66,6.33,1496.616116420437,1515.8203845337373,TEX,PHI,0.8,0.3,0.328,0.334
SLN202106080,2021-06-08,SLN,CLE,0,2,6.23,3.17,1e-06,1175.6168511642563,SLN,BAL,0.6,1.1,0.31,0.302
BAL202106080,2021-06-08,BAL,NYN,0,2,5.04,5.54,1e-06,3688.2820605993606,BAL,SDN,0.6,0.6,0.317,0.307
OAK202106080,2021-06-08,OAK,ARI,0,0,3.15,13.15,1511.503011223779,2941.6301363819452,COL,MIL,0.4,0.1,0.313,0.296
CHA202106080,2021-06-08,CHA,TOR,0,0,2.82,4.78,1e-06,700.98343821047,CHA,TOR,0.5,0.0,0.348,0.325
ANA202106080,2021-06-08,ANA,KCA,2,0,5.83,4.43,1e-06,1e-06,ANA,ANA,1.2,0.3,0.318,0.291
BOS202106080,2021-06-08,BOS,HOU,0,1,4.74,3.14,1e-06,691.6136251477402,BOS,TOR,0.7,0.7,0.349,0.336
MIN202106080,2021-06-08,MIN,NYA,2,0,3.35,2.17,662.9211681328137,1636.0526645605564,KCA,NYA,0.2,0.9,0.318,0.32
CIN202106090,2021-06-09,CIN,MIL,2,1,4.74,4.22,1e-06,1e-06,CIN,CIN,0.4,0.8,0.346,0.318
OAK202106090,2021-06-09,OAK,ARI,0,0,3.91,4.9,1e-06,1e-06,OAK,OAK,0.3,0.1,0.313,0.296
BOS202106090,2021-06-09,BOS,HOU,2,0,3.75,4.21,1e-06,1e-06,BOS,BOS,0.6,0.8,0.349,0.336
TEX202106090,2021-06-09,TEX,SFN,0,0,3.18,2.72,1e-06,1e-06,TEX,TEX,0.1,0.7,0.301,0.316
SLN202106090,2021-06-09,SLN,CLE,4,2,3.05,,1e-06,1e-06,SLN,SLN,0.6,1.2,0.31,0.302
PIT202106090,2021-06-09,PIT,LAN,1,1,4.53,3.57,1e-06,1e-06,PIT,PIT,0.4,0.2,0.322,0.324
BAL202106090,2021-06-09,BAL,NYN,1,2,6.27,4.47,1e-06,1e-06,BAL,BAL,0.4,0.6,0.317,0.307
CHA202106090,2021-06-09,CHA,TOR,1,0,3.51,5.63,1e-06,1e-06,CHA,CHA,0.3,0.0,0.348,0.325
TBA202106090,2021-06-09,TBA,WAS,3,2,2.78,3.9,1e-06,1e-06,TBA,TBA,0.9,0.3,0.328,0.334
SDN202106090,2021-06-09,SDN,CHN,0,0,4.22,5.26,1e-06,1e-06,SDN,SDN,0.6,0.3,0.331,0.305
ANA202106090,2021-06-09,ANA,KCA,0,0,5.6,5.39,1e-06,1e-06,ANA,ANA,1.4,0.3,0.318,0.291
MIA202106090,2021-06-09,MIA,COL,0,1,5.03,4.53,1e-06,1e-06,MIA,MIA,0.1,0.1,0.303,0.291
MIN202106090,2021-06-09,MIN,NYA,0,1,7.64,3.23,1e-06,1e-06,MIN,MIN,0.4,0.8,0.318,0.32
PHI202106090,2021-06-09,PHI,ATL,0,0,1.36,,1e-06,1e-06,PHI,PHI,0.4,0.5,0.324,0.312
DET202106090,2021-06-09,DET,SEA,0,0,6.16,2.52,1e-06,1e-06,DET,DET,0.8,0.5,0.311,0.309
PIT202106100,2021-06-10,PIT,LAN,0,1,6.17,2.96,1e-06,1e-06,PIT,PIT,0.5,0.3,0.322,0.324
CIN202106100,2021-06-10,CIN,MIL,0,1,3.98,3.07,1e-06,1e-06,CIN,CIN,0.6,0.9,0.346,0.318
BOS202106100,2021-06-10,BOS,HOU,0,0,3.38,3.16,1e-06,1e-06,BOS,BOS,0.5,0.6,0.349,0.336
DET202106100,2021-06-10,DET,SEA,2,1,5.96,6.83,1e-06,1e-06,DET,DET,0.5,0.5,0.311,0.309
MIA202106100,2021-06-10,MIA,COL,0,0,2.64,6.46,1e-06,1e-06,MIA,MIA,0.0,0.2,0.303,0.291
CHA202106100,2021-06-10,CHA,TOR,3,0,5.28,4.37,1e-06,1e-06,CHA,CHA,0.4,0.0,0.348,0.325
OAK202106100,2021-06-10,OAK,KCA,0,0,3.37,5.05,1e-06,592.0809005913671,OAK,ANA,0.3,0.2,0.313,0.291
MIN202106100,2021-06-10,MIN,NYA,1,3,4.43,3.36,1e-06,1e-06,MIN,MIN,0.4,0.6,0.318,0.32
PHI202106100,2021-06-10,PHI,ATL,0,0,4.2,3.95,1e-06,1e-06,PHI,PHI,0.4,0.5,0.324,0.312
DET202106110,2021-06-11,DET,CHA,0,0,3.65,2.54,1e-06,380.91207013286544,DET,CHA,0.7,0.4,0.311,0.325
MIN202106110,2021-06-11,MIN,HOU,1,0,8.06,3.42,1e-06,1804.1923618308683,MIN,BOS,0.5,0.4,0.318,0.336
OAK202106110,2021-06-11,OAK,KCA,0,0,3.18,2.42,1e-06,1e-06,OAK,OAK,0.2,0.1,0.313,0.291
NYN202106110,2021-06-11,NYN,SDN,0,0,1.08,4.2,272.81937803481173,3907.304911865239,BAL,SDN,0.3,0.1,0.323,0.312
ARI202106110,2021-06-11,ARI,ANA,0,0,6.61,2.57,1040.2976618519092,540.0297061463508,OAK,ANA,0.7,0.0,0.322,0.301
CHN202106110,2021-06-11,CHN,SLN,0,0,7.22,3.73,2787.070270174863,422.4920912040455,SDN,SLN,0.1,0.8,0.318,0.316
LAN202106110,2021-06-11,LAN,TEX,6,0,3.55,5.44,3433.6519953355796,1971.1455630393184,PIT,TEX,1.3,0.0,0.334,0.288
WAS202106110,2021-06-11,WAS,SFN,0,0,4.27,3.17,1340.493838211085,1924.2853661298936,TBA,TEX,1.0,0.7,0.34,0.316
BOS202106110,2021-06-11,BOS,TOR,0,1,1.96,5.63,1e-06,1365.5064971534737,BOS,CHA,0.5,0.0,0.349,0.325
MIL202106110,2021-06-11,MIL,PIT,0,0,2.56,3.6,525.1892238126902,722.0054120555708,CIN,PIT,0.2,0.8,0.314,0.297
TBA202106110,2021-06-11,TBA,BAL,0,0,5.11,6.63,1e-06,1393.7772067986984,TBA,BAL,1.0,1.1,0.328,0.291
CIN202106110,2021-06-11,CIN,COL,2,0,3.75,4.33,1e-06,1534.6263109130673,CIN,MIA,0.5,0.2,0.346,0.291
CLE202106110,2021-06-11,CLE,SEA,3,0,3.84,3.75,790.4867119732073,145.52553501827433,SLN,DET,1.0,0.6,0.306,0.309
MIA202106110,2021-06-11,MIA,ATL,1,1,3.19,3.34,1e-06,1644.1190984600378,MIA,PHI,0.0,0.5,0.303,0.312
MIL202106120,2021-06-12,MIL,PIT,0,3,3.5,4.82,1e-06,1e-06,MIL,MIL,0.2,0.8,0.314,0.297
NYN202106120,2021-06-12,NYN,SDN,2,0,3.02,3.18,1e-06,1e-06,NYN,NYN,0.3,0.1,0.323,0.312
OAK202106120,2021-06-12,OAK,KCA,1,0,4.07,11.27,1e-06,1e-06,OAK,OAK,0.2,0.1,0.313,0.291
CHN202106120,2021-06-12,CHN,SLN,0,0,4.77,4.09,1e-06,1e-06,CHN,CHN,0.0,0.8,0.318,0.316
DET202106120,2021-06-12,DET,CHA,2,3,5.81,3.91,1e-06,1e-06,DET,DET,0.7,0.4,0.311,0.325
MIA202106120,2021-06-12,MIA,ATL,1,0,3.24,3.04,1e-06,1e-06,MIA,MIA,0.1,0.6,0.303,0.312
TBA202106120,2021-06-12,TBA,BAL,3,0,1.55,6.07,1e-06,1e-06,TBA,TBA,1.0,1.1,0.328,0.291
CIN202106120,2021-06-12,CIN,COL,2,0,3.37,4.4,1e-06,1e-06,CIN,CIN,0.7,0.2,0.346,0.291
LAN202106120,2021-06-12,LAN,TEX,0,0,2.59,5.41,1e-06,1e-06,LAN,LAN,1.8,0.0,0.334,0.288
ARI202106120,2021-06-12,ARI,ANA,0,0,5.06,5.51,1e-06,1e-06,ARI,ARI,0.7,0.0,0.322,0.301
PHI202106120,2021-06-12,PHI,NYA,4,0,3.71,3.36,1e-06,1582.6741426537678,PHI,MIN,0.4,0.5,0.324,0.32
WAS202106122,2021-06-12,WAS,SFN,0,0,3.55,2.72,1e-06,1e-06,WAS,WAS,0.6,0.7,0.34,0.316
WAS202106121,2021-06-12,WAS,SFN,1,0,5.47,2.81,1e-06,1e-06,WAS,WAS,0.6,0.6,0.34,0.316
BOS202106120,2021-06-12,BOS,TOR,0,2,4.53,3.82,1e-06,1e-06,BOS,BOS,0.4,0.1,0.349,0.325
MIN202106120,2021-06-12,MIN,HOU,0,0,3.52,,1e-06,1e-06,MIN,MIN,0.6,0.4,0.318,0.336
CLE202106120,2021-06-12,CLE,SEA,0,1,4.07,3.06,1e-06,1e-06,CLE,CLE,1.3,0.5,0.306,0.309
CHN202106130,2021-06-13,CHN,SLN,0,0,5.78,6.23,1e-06,1e-06,CHN,CHN,0.0,0.8,0.318,0.316
NYN202106130,2021-06-13,NYN,SDN,0,1,3.94,5.07,1e-06,1e-06,NYN,NYN,0.5,0.1,0.323,0.312
CIN202106130,2021-06-13,CIN,COL,0,1,5.97,4.42,1e-06,1e-06,CIN,CIN,0.9,0.2,0.346,0.291
CLE202106130,2021-06-13,CLE,SEA,0,0,3.17,4.68,1e-06,1e-06,CLE,CLE,1.3,0.4,0.306,0.309
TBA202106130,2021-06-13,TBA,BAL,0,0,5.09,5.04,1e-06,1e-06,TBA,TBA,1.2,0.6,0.328,0.291
MIN202106130,2021-06-13,MIN,HOU,0,1,3.62,3.14,1e-06,1e-06,MIN,MIN,0.6,0.4,0.318,0.336
MIA202106130,2021-06-13,MIA,ATL,0,3,3.07,4.48,1e-06,1e-06,MIA,MIA,0.2,0.6,0.303,0.312
MIL202106130,2021-06-13,MIL,PIT,1,0,3.07,2.23,1e-06,1e-06,MIL,MIL,0.2,0.7,0.314,0.297
ARI202106130,2021-06-13,ARI,ANA,0,2,13.15,3.62,1e-06,1e-06,ARI,ARI,0.7,0.0,0.322,0.301
BOS202106130,2021-06-13,BOS,TOR,0,4,4.74,2.84,1e-06,1e-06,BOS,BOS,0.4,0.3,0.349,0.325
LAN202106130,2021-06-13,LAN,TEX,1,0,2.47,4.51,1e-06,1e-06,LAN,LAN,1.8,0.0,0.334,0.288
PHI202106130,2021-06-13,PHI,NYA,1,0,4.63,4.58,1e-06,1e-06,PHI,PHI,0.8,0.4,0.324,0.32
WAS202106130,2021-06-13,WAS,SFN,1,0,4.17,4.08,1e-06,1e-06,WAS,WAS,0.7,0.3,0.34,0.316
DET202106130,2021-06-13,DET,CHA,0,0,3.81,2.37,1e-06,1e-06,DET,DET,0.9,0.4,0.311,0.325
OAK202106130,2021-06-13,OAK,KCA,1,0,3.15,4.43,1e-06,1e-06,OAK,OAK,0.3,0.1,0.313,0.291
COL202106140,2021-06-14,COL,SDN,0,0,4.53,4.4,1756.1898521305268,2618.595617996944,CIN,NYN,0.5,0.1,0.341,0.312
BOS202106140,2021-06-14,BOS,TOR,0,0,3.79,5.63,1e-06,1e-06,BOS,BOS,0.3,0.7,0.349,0.325
SEA202106140,2021-06-14,SEA,MIN,0,1,3.06,4.43,3251.6066902182984,2238.4089622775527,CLE,MIN,0.3,0.1,0.295,0.31
WAS202106140,2021-06-14,WAS,PIT,0,0,3.55,3.6,1e-06,1025.9779093655509,WAS,MIL,0.4,0.7,0.34,0.297
NYN202106140,2021-06-14,NYN,CHN,0,0,5.54,7.39,1e-06,1144.129935670241,NYN,CHN,0.5,0.3,0.323,0.305
KCA202106140,2021-06-14,KCA,DET,0,4,5.39,5.96,2406.427657157802,1034.95696626315,OAK,DET,1.4,0.2,0.322,0.304
CLE202106140,2021-06-14,CLE,BAL,3,0,2.94,7.55,1e-06,1529.408250521614,CLE,TBA,1.1,0.3,0.306,0.291
CHA202106140,2021-06-14,CHA,TBA,0,2,2.69,2.73,380.91207013286544,1636.2782802002057,DET,TBA,0.7,1.1,0.348,0.312
OAK202106140,2021-06-14,OAK,ANA,0,0,3.91,6.06,1e-06,1040.2976618519092,OAK,ARI,0.2,0.2,0.313,0.301
SFN202106140,2021-06-14,SFN,ARI,0,0,3.83,4.9,3919.8438689376185,1050.993394248722,WAS,ARI,0.4,0.1,0.336,0.296
SLN202106140,2021-06-14,SLN,MIA,0,0,3.02,2.81,422.4920912040455,1707.3616110149374,CHN,MIA,0.8,0.0,0.31,0.294
MIL202106140,2021-06-14,MIL,CIN,1,1,3.19,4.74,1e-06,525.1892238126902,MIL,CIN,0.3,0.7,0.314,0.31
LAN202106140,2021-06-14,LAN,PHI,0,1,4.03,7.43,1e-06,3844.216938115361,LAN,PHI,1.9,0.0,0.334,0.311
SFN202106150,2021-06-15,SFN,ARI,0,4,4.2,4.93,1e-06,1e-06,SFN,SFN,0.2,0.1,0.336,0.296
COL202106150,2021-06-15,COL,SDN,0,2,4.38,3.62,1e-06,1e-06,COL,COL,0.5,0.1,0.341,0.312
CHA202106150,2021-06-15,CHA,TBA,0,0,5.28,3.43,1e-06,1e-06,CHA,CHA,0.7,1.3,0.348,0.312
HOU202106150,2021-06-15,HOU,TEX,0,0,2.25,5.13,1702.4056315736932,2205.5170699182067,MIN,LAN,0.8,0.0,0.341,0.288
CLE202106150,2021-06-15,CLE,BAL,1,0,4.07,6.27,1e-06,1e-06,CLE,CLE,1.2,0.2,0.306,0.291
TOR202106150,2021-06-15,TOR,NYA,1,0,3.4,2.17,691.6136251477402,539.7375980826044,BOS,PHI,0.5,0.4,0.336,0.32
KCA202106150,2021-06-15,KCA,DET,0,1,5.05,3.71,1e-06,1e-06,KCA,KCA,1.4,0.6,0.322,0.304
SEA202106150,2021-06-15,SEA,MIN,1,0,3.61,5.79,1e-06,1e-06,SEA,SEA,0.3,0.2,0.295,0.31
SLN202106150,2021-06-15,SLN,MIA,0,0,3.24,4.21,1e-06,1e-06,SLN,SLN,0.7,0.0,0.31,0.294
ATL202106150,2021-06-15,ATL,BOS,0,4,3.95,3.06,973.359131898138,1506.627841528967,MIA,BOS,1.1,0.7,0.325,0.308
OAK202106150,2021-06-15,OAK,ANA,0,0,3.37,5.83,1e-06,1e-06,OAK,OAK,0.2,0.2,0.313,0.301
WAS202106150,2021-06-15,WAS,PIT,5,0,5.82,4.53,1e-06,1e-06,WAS,WAS,0.4,0.7,0.34,0.297
NYN202106150,2021-06-15,NYN,CHN,0,0,4.47,5.07,1e-06,1e-06,NYN,NYN,0.5,0.3,0.323,0.305
MIL202106150,2021-06-15,MIL,CIN,0,0,3.34,4.4,1e-06,1e-06,MIL,MIL,0.4,0.8,0.314,0.31
LAN202106150,2021-06-15,LAN,PHI,1,0,2.86,1.36,1e-06,1e-06,LAN,LAN,1.9,0.1,0.334,0.311
CLE202106160,2021-06-16,CLE,BAL,1,2,3.84,6.63,1e-06,1e-06,CLE,CLE,1.1,0.2,0.306,0.291
SFN202106160,2021-06-16,SFN,ARI,4,2,3.17,4.44,1e-06,1e-06,SFN,SFN,0.2,0.5,0.336,0.296
ATL202106160,2021-06-16,ATL,BOS,0,2,7.23,4.28,1e-06,1e-06,ATL,ATL,1.0,0.9,0.325,0.308
SEA202106160,2021-06-16,SEA,MIN,0,2,6.83,3.23,1e-06,1e-06,SEA,SEA,0.4,0.2,0.295,0.31
CHA202106160,2021-06-16,CHA,TBA,0,0,2.45,3.59,1e-06,1e-06,CHA,CHA,0.6,1.2,0.348,0.312
LAN202106160,2021-06-16,LAN,PHI,0,1,3.55,2.78,1e-06,1e-06,LAN,LAN,2.0,0.1,0.334,0.311
COL202106160,2021-06-16,COL,SDN,3,0,4.38,4.1,1e-06,1e-06,COL,COL,0.2,0.3,0.341,0.312
NYN202106160,2021-06-16,NYN,CHN,0,0,5.23,8.0,1e-06,1e-06,NYN,NYN,0.5,0.3,0.323,0.305
TOR202106160,2021-06-16,TOR,NYA,1,1,4.8,3.23,1e-06,1e-06,TOR,TOR,0.4,0.4,0.336,0.32
HOU202106160,2021-06-16,HOU,TEX,1,0,4.16,5.15,1e-06,1e-06,HOU,HOU,0.7,0.0,0.341,0.288
SLN202106160,2021-06-16,SLN,MIA,0,0,4.56,3.19,1e-06,1e-06,SLN,SLN,0.7,0.0,0.31,0.294
WAS202106160,2021-06-16,WAS,PIT,0,0,4.27,5.77,1e-06,1e-06,WAS,WAS,0.7,0.5,0.34,0.297
OAK202106160,2021-06-16,OAK,ANA,0,3,5.4,3.92,1e-06,1e-06,OAK,OAK,0.2,0.2,0.313,0.301
MIL202106160,2021-06-16,MIL,CIN,0,0,2.81,3.75,1e-06,1e-06,MIL,MIL,0.4,0.8,0.314,0.31
KCA202106160,2021-06-16,KCA,DET,0,0,4.85,4.34,1e-06,1e-06,KCA,KCA,1.4,0.7,0.322,0.304
ANA202106170,2021-06-17,ANA,DET,0,0,3.18,5.8,592.0809005913671,2158.345510444982,OAK,KCA,1.4,0.7,0.318,0.304
SDN202106170,2021-06-17,SDN,CIN,0,0,3.22,6.04,1340.79250926624,2790.8560532571964,COL,MIL,0.6,0.7,0.331,0.31
ATL202106170,2021-06-17,ATL,SLN,0,0,3.34,4.09,1e-06,751.930362209131,ATL,SLN,0.8,0.8,0.325,0.316
HOU202106170,2021-06-17,HOU,CHA,3,0,3.62,3.91,1e-06,1516.5648050119732,HOU,CHA,0.8,0.3,0.341,0.325
SEA202106170,2021-06-17,SEA,TBA,0,0,3.42,3.59,1e-06,2788.668911659839,SEA,CHA,0.2,0.6,0.295,0.312
COL202106170,2021-06-17,COL,MIL,5,0,4.4,2.56,1e-06,1465.0252316671194,COL,MIL,0.5,1.0,0.341,0.318
NYN202106170,2021-06-17,NYN,CHN,0,2,3.02,4.77,1e-06,1e-06,NYN,NYN,0.5,0.2,0.323,0.305
TOR202106170,2021-06-17,TOR,NYA,0,0,4.74,3.12,1e-06,1e-06,TOR,TOR,0.3,0.5,0.336,0.32
CLE202106170,2021-06-17,CLE,BAL,3,0,4.41,6.07,1e-06,1e-06,CLE,CLE,1.2,0.3,0.306,0.291
SFN202106170,2021-06-17,SFN,ARI,0,0,2.81,4.3,1e-06,1e-06,SFN,SFN,0.6,0.7,0.336,0.296
SDN202106180,2021-06-18,SDN,CIN,1,0,5.07,2.91,1e-06,1e-06,SDN,SDN,0.2,0.7,0.331,0.31
ATL202106180,2021-06-18,ATL,SLN,1,1,3.04,6.23,1e-06,1e-06,ATL,ATL,0.5,0.8,0.325,0.316
HOU202106180,2021-06-18,HOU,CHA,0,1,2.25,2.82,1e-06,1e-06,HOU,HOU,1.0,0.3,0.341,0.325
COL202106180,2021-06-18,COL,MIL,0,0,4.34,2.5,1e-06,1e-06,COL,COL,1.0,0.9,0.341,0.318
KCA202106180,2021-06-18,KCA,BOS,0,0,4.43,4.53,1e-06,1087.4766965335918,KCA,ATL,1.2,1.1,0.322,0.308
WAS202106180,2021-06-18,WAS,NYN,0,0,3.9,3.45,1e-06,326.3648041771951,WAS,NYN,0.7,0.8,0.34,0.307
NYA202106180,2021-06-18,NYA,OAK,0,1,3.35,4.07,550.2922217550002,4115.687447058069,TOR,OAK,0.5,0.4,0.323,0.319
ARI202106180,2021-06-18,ARI,LAN,0,0,3.4,2.59,1050.993394248722,574.8341159449532,SFN,LAN,0.6,0.4,0.322,0.324
ANA202106180,2021-06-18,ANA,DET,0,0,3.76,5.81,1e-06,1e-06,ANA,ANA,1.4,0.5,0.318,0.304
BAL202106180,2021-06-18,BAL,TOR,1,0,4.11,2.84,495.2645964012307,537.0332419152472,CLE,TOR,0.5,0.7,0.317,0.325
CHN202106180,2021-06-18,CHN,MIA,1,0,5.78,3.45,1144.129935670241,422.4920912040455,NYN,SLN,0.0,0.0,0.318,0.294
TEX202106180,2021-06-18,TEX,MIN,2,3,3.97,4.43,368.5990384284446,2688.6235870338205,HOU,SEA,0.1,0.4,0.301,0.31
PIT202106180,2021-06-18,PIT,CLE,5,0,4.82,,305.44483751928374,186.24975562107616,WAS,CLE,0.5,0.9,0.322,0.302
SEA202106180,2021-06-18,SEA,TBA,4,1,4.41,5.05,1e-06,1e-06,SEA,SEA,0.2,0.6,0.295,0.312
SFN202106180,2021-06-18,SFN,PHI,0,1,4.08,6.3,1e-06,559.4406195325591,SFN,LAN,0.6,0.2,0.336,0.311
KCA202106190,2021-06-19,KCA,BOS,0,1,5.39,4.74,1e-06,1e-06,KCA,KCA,1.2,1.1,0.322,0.308
WAS202106191,2021-06-19,WAS,NYN,0,2,4.17,0.95,1e-06,1e-06,WAS,WAS,0.7,0.8,0.34,0.307
WAS202106192,2021-06-19,WAS,NYN,1,0,4.71,3.77,1e-06,1e-06,WAS,WAS,0.7,1.0,0.34,0.307
SEA202106190,2021-06-19,SEA,TBA,0,0,6.39,2.73,1e-06,1e-06,SEA,SEA,0.6,0.5,0.295,0.312
SFN202106190,2021-06-19,SFN,PHI,2,1,2.62,1.36,1e-06,1e-06,SFN,SFN,0.6,0.3,0.336,0.311
NYA202106190,2021-06-19,NYA,OAK,0,1,3.12,6.61,1e-06,1e-06,NYA,NYA,0.5,0.5,0.323,0.319
COL202106190,2021-06-19,COL,MIL,2,2,4.73,3.5,1e-06,1e-06,COL,COL,0.9,0.9,0.341,0.318
SDN202106190,2021-06-19,SDN,CIN,0,1,3.76,5.59,1e-06,1e-06,SDN,SDN,0.3,0.7,0.331,0.31
ARI202106190,2021-06-19,ARI,LAN,0,2,4.9,2.47,1e-06,1e-06,ARI,ARI,0.6,0.3,0.322,0.324
BAL202106190,2021-06-19,BAL,TOR,0,2,6.08,2.14,1e-06,1e-06,BAL,BAL,0.5,0.7,0.317,0.325
PIT202106190,2021-06-19,PIT,CLE,0,0,3.63,3.49,1e-06,1e-06,PIT,PIT,0.9,0.8,0.322,0.302
HOU202106190,2021-06-19,HOU,CHA,1,0,3.14,2.69,1e-06,1e-06,HOU,HOU,1.0,0.4,0.341,0.325
CHN202106190,2021-06-19,CHN,MIA,0,3,7.39,3.07,1e-06,1e-06,CHN,CHN,0.1,0.0,0.318,0.294
ANA202106190,2021-06-19,ANA,DET,0,0,3.62,3.07,1e-06,1e-06,ANA,ANA,1.3,0.5,0.318,0.304
TEX202106190,2021-06-19,TEX,MIN,0,0,3.52,3.23,1e-06,1e-06,TEX,TEX,0.3,0.7,0.301,0.31
ATL202106202,2021-06-20,ATL,SLN,0,0,4.48,3.46,1e-06,1e-06,ATL,ATL,0.3,0.5,0.325,0.316
SFN202106200,2021-06-20,SFN,PHI,3,0,,4.17,1e-06,1e-06,SFN,SFN,0.8,0.4,0.336,0.311
KCA202106200,2021-06-20,KCA,BOS,0,0,5.05,3.75,1e-06,1e-06,KCA,KCA,1.1,1.2,0.322,0.308
BAL202106200,2021-06-20,BAL,TOR,1,0,6.27,4.37,1e-06,1e-06,BAL,BAL,0.5,0.9,0.317,0.325
CHN202106200,2021-06-20,CHN,MIA,0,0,5.07,3.24,1e-06,1e-06,CHN,CHN,0.1,0.3,0.318,0.294
SEA202106200,2021-06-20,SEA,TBA,0,0,6.39,2.78,1e-06,1e-06,SEA,SEA,0.6,0.5,0.295,0.312
SDN202106200,2021-06-20,SDN,CIN,0,0,4.4,3.98,1e-06,1e-06,SDN,SDN,0.3,0.5,0.331,0.31
ANA202106200,2021-06-20,ANA,DET,0,0,2.57,3.65,1e-06,1e-06,ANA,ANA,0.8,0.5,0.318,0.304
TEX202106200,2021-06-20,TEX,MIN,0,2,4.51,4.66,1e-06,1e-06,TEX,TEX,0.3,0.7,0.301,0.31
HOU202106200,2021-06-20,HOU,CHA,1,0,3.16,5.28,1e-06,1e-06,HOU,HOU,1.1,0.4,0.341,0.325
ATL202106201,2021-06-20,ATL,SLN,0,2,5.35,3.05,1e-06,1e-06,ATL,ATL,0.2,0.4,0.325,0.316
COL202106200,2021-06-20,COL,MIL,0,2,5.21,2.5,1e-06,1e-06,COL,COL,1.1,1.1,0.341,0.318
NYA202106200,2021-06-20,NYA,OAK,0,1,2.17,3.91,1e-06,1e-06,NYA,NYA,0.5,0.6,0.323,0.319
ARI202106200,2021-06-20,ARI,LAN,0,0,6.58,3.0,1e-06,1e-06,ARI,ARI,0.5,0.5,0.322,0.324
PIT202106200,2021-06-20,PIT,CLE,0,0,5.36,4.73,1e-06,1e-06,PIT,PIT,0.9,0.8,0.322,0.302
WAS202106200,2021-06-20,WAS,NYN,1,0,5.82,4.47,1e-06,1e-06,WAS,WAS,0.8,1.0,0.34,0.307
BAL202106210,2021-06-21,BAL,HOU,0,0,6.63,4.21,1e-06,2013.2384377541168,BAL,HOU,0.6,0.3,0.317,0.336
NYN202106212,2021-06-21,NYN,ATL,0,0,3.45,3.58,1e-06,1e-06,NYN,NYN,0.4,0.7,0.323,0.312
ARI202106210,2021-06-21,ARI,MIL,0,1,4.44,4.22,1e-06,942.6579354569092,ARI,COL,0.5,1.0,0.322,0.318
NYN202106211,2021-06-21,NYN,ATL,1,0,1.08,4.17,326.3648041771951,1200.4511584455877,WAS,ATL,0.3,0.7,0.323,0.312
MIN202106210,2021-06-21,MIN,CIN,0,0,8.06,5.59,1396.7696185124962,2463.5292715191244,TEX,SDN,0.6,0.4,0.318,0.31
SDN202106210,2021-06-21,SDN,LAN,4,0,4.22,2.96,1e-06,481.0116378281714,SDN,ARI,0.3,0.5,0.331,0.324
TEX202106210,2021-06-21,TEX,OAK,5,0,3.71,3.37,1e-06,2225.551415128663,TEX,NYA,0.3,0.6,0.301,0.319
CHN202106210,2021-06-21,CHN,CLE,0,0,4.58,3.49,1e-06,660.0502267315369,CHN,PIT,0.1,0.7,0.318,0.302
PHI202106220,2021-06-22,PHI,WAS,0,2,2.78,2.46,4049.99076989334,197.2342958595587,SFN,WAS,0.9,0.5,0.324,0.334
BAL202106220,2021-06-22,BAL,HOU,0,0,6.07,4.16,1e-06,1e-06,BAL,BAL,0.5,0.3,0.317,0.336
MIN202106220,2021-06-22,MIN,CIN,0,0,4.43,2.14,1e-06,1e-06,MIN,MIN,0.6,0.4,0.318,0.31
NYN202106220,2021-06-22,NYN,ATL,0,0,5.4,3.34,1e-06,1e-06,NYN,NYN,0.4,0.7,0.323,0.312
SDN202106220,2021-06-22,SDN,LAN,2,0,4.2,3.55,1e-06,1e-06,SDN,SDN,0.6,0.5,0.331,0.324
ANA202106220,2021-06-22,ANA,SFN,0,4,5.83,3.17,1e-06,599.2380275896384,ANA,SFN,0.8,0.3,0.318,0.316
TEX202106220,2021-06-22,TEX,OAK,0,4,4.66,4.24,1e-06,1e-06,TEX,TEX,0.8,0.6,0.301,0.319
CHN202106220,2021-06-22,CHN,CLE,0,0,4.77,5.34,1e-06,1e-06,CHN,CHN,0.1,0.7,0.318,0.302
PIT202106220,2021-06-22,PIT,CHA,0,0,2.23,2.82,1e-06,1831.9014463750616,PIT,HOU,0.9,0.4,0.322,0.325
NYA202106220,2021-06-22,NYA,KCA,1,0,2.17,3.66,1e-06,1759.8286951805926,NYA,KCA,0.4,0.1,0.323,0.291
DET202106220,2021-06-22,DET,SLN,0,0,3.42,4.91,3167.1614902696224,961.6946291924536,ANA,ATL,0.9,0.5,0.311,0.316
ARI202106220,2021-06-22,ARI,MIL,0,1,4.3,2.81,1e-06,1e-06,ARI,ARI,0.5,0.9,0.322,0.318
TBA202106220,2021-06-22,TBA,BOS,2,0,3.59,3.38,4073.223093287738,1680.826511683993,SEA,KCA,1.2,1.2,0.328,0.308
SEA202106220,2021-06-22,SEA,COL,0,0,3.06,4.73,1e-06,1640.846947858291,SEA,COL,0.5,0.3,0.295,0.291
MIA202106220,2021-06-22,MIA,TOR,0,0,4.21,3.4,1915.1205670973725,1539.1317139517298,CHN,BAL,0.2,0.9,0.303,0.325
ANA202106230,2021-06-23,ANA,SFN,0,0,5.51,1.51,1e-06,1e-06,ANA,ANA,0.8,0.7,0.318,0.316
ARI202106230,2021-06-23,ARI,MIL,0,0,4.83,2.56,1e-06,1e-06,ARI,ARI,0.5,1.0,0.322,0.318
NYA202106230,2021-06-23,NYA,KCA,0,2,3.36,4.85,1e-06,1e-06,NYA,NYA,0.5,0.1,0.323,0.291
TBA202106230,2021-06-23,TBA,BOS,2,1,3.86,4.87,1e-06,1e-06,TBA,TBA,1.4,1.1,0.328,0.308
PIT202106230,2021-06-23,PIT,CHA,0,0,5.77,3.91,1e-06,1e-06,PIT,PIT,0.9,0.4,0.322,0.325
MIA202106230,2021-06-23,MIA,TOR,0,2,2.64,2.84,1e-06,1e-06,MIA,MIA,0.2,0.9,0.303,0.325
PHI202106230,2021-06-23,PHI,WAS,0,0,3.63,7.39,1e-06,1e-06,PHI,PHI,0.9,0.5,0.324,0.334
NYN202106230,2021-06-23,NYN,ATL,2,0,3.48,9.95,1e-06,1e-06,NYN,NYN,0.3,0.5,0.323,0.312
DET202106230,2021-06-23,DET,SLN,0,0,5.8,4.09,1e-06,1e-06,DET,DET,0.9,0.5,0.311,0.316
SDN202106230,2021-06-23,SDN,LAN,2,0,3.62,1.99,1e-06,1e-06,SDN,SDN,0.8,0.5,0.331,0.324
SEA202106230,2021-06-23,SEA,COL,0,0,6.83,4.4,1e-06,1e-06,SEA,SEA,0.5,0.3,0.295,0.291
BAL202106230,2021-06-23,BAL,HOU,0,3,,3.62,1e-06,1e-06,BAL,BAL,0.5,0.3,0.317,0.336
TEX202106230,2021-06-23,TEX,OAK,0,0,3.18,3.92,1e-06,1e-06,TEX,TEX,0.8,1.0,0.301,0.319
NYA202106240,2021-06-24,NYA,KCA,2,0,4.3,5.39,1e-06,1e-06,NYA,NYA,0.5,0.3,0.323,0.291
SLN202106240,2021-06-24,SLN,PIT,0,2,6.23,4.82,731.229570844315,898.8824563980571,DET,PIT,0.7,0.5,0.31,0.297
LAN202106240,2021-06-24,LAN,CHN,0,1,2.47,5.78,179.52869961196944,2804.824680217871,SDN,CHN,1.9,0.4,0.334,0.305
MIN202106240,2021-06-24,MIN,CLE,1,0,3.92,3.09,1e-06,571.0232496384983,MIN,CHN,0.6,0.6,0.318,0.302
TEX202106240,2021-06-24,TEX,OAK,0,3,5.41,3.15,1e-06,1e-06,TEX,TEX,0.8,1.0,0.301,0.319
TOR202106240,2021-06-24,TOR,BAL,6,0,5.61,7.55,1988.7442573540511,537.0332419152472,MIA,BAL,0.2,0.3,0.336,0.291
DET202106240,2021-06-24,DET,HOU,0,0,5.81,,1e-06,638.3359432178316,DET,BAL,0.9,0.6,0.311,0.336
CIN202106240,2021-06-24,CIN,ATL,1,1,2.91,2.14,973.9884963018676,913.3322258208744,MIN,NYN,0.6,0.5,0.346,0.312
TBA202106240,2021-06-24,TBA,BOS,0,0,2.73,3.79,1e-06,1e-06,TBA,TBA,1.6,1.2,0.328,0.308
MIA202106240,2021-06-24,MIA,WAS,0,1,4.99,4.17,1e-06,1644.1190984600378,MIA,PHI,0.2,0.5,0.303,0.334
TOR202106250,2021-06-25,TOR,BAL,0,0,4.78,6.08,1e-06,1e-06,TOR,TOR,0.8,0.3,0.336,0.291
TBA202106250,2021-06-25,TBA,ANA,3,2,1.55,3.75,1e-06,3425.3074193268753,TBA,ANA,1.3,0.5,0.328,0.301
SFN202106250,2021-06-25,SFN,OAK,0,0,4.08,3.91,599.2380275896384,2363.044634840767,ANA,TEX,1.1,1.3,0.336,0.319
MIL202106250,2021-06-25,MIL,COL,0,0,2.5,3.38,2349.997873269975,2711.809431696189,ARI,SEA,0.3,0.3,0.314,0.291
LAN202106250,2021-06-25,LAN,CHN,0,1,1.99,2.79,1e-06,1e-06,LAN,LAN,1.9,0.3,0.334,0.305
MIA202106250,2021-06-25,MIA,WAS,4,0,3.07,4.71,1e-06,1e-06,MIA,MIA,0.2,0.5,0.303,0.334
SLN202106250,2021-06-25,SLN,PIT,0,0,3.99,5.48,1e-06,1e-06,SLN,SLN,0.7,0.7,0.31,0.297
CIN202106250,2021-06-25,CIN,ATL,0,0,4.74,4.48,1e-06,1e-06,CIN,CIN,0.7,0.5,0.346,0.312
NYN202106252,2021-06-25,NYN,PHI,0,0,5.23,3.71,1e-06,1e-06,NYN,NYN,0.5,0.4,0.323,0.311
NYN202106251,2021-06-25,NYN,PHI,0,0,3.5,1.36,1e-06,129.48897528262268,NYN,PHI,0.3,0.4,0.323,0.311
MIN202106250,2021-06-25,MIN,CLE,1,4,6.37,5.05,1e-06,1e-06,MIN,MIN,0.6,0.6,0.318,0.302
TEX202106250,2021-06-25,TEX,KCA,0,0,4.51,5.05,1e-06,2225.551415128663,TEX,NYA,0.8,0.2,0.301,0.291
BOS202106250,2021-06-25,BOS,NYA,3,0,1.96,4.58,1926.694381718032,306.2037667286439,TBA,NYA,0.3,0.5,0.349,0.32
SDN202106250,2021-06-25,SDN,ARI,4,0,5.75,10.69,1e-06,481.0116378281714,SDN,ARI,1.0,0.7,0.331,0.296
CHA202106250,2021-06-25,CHA,SEA,0,0,2.37,4.41,660.0502267315369,2788.668911659839,PIT,SEA,0.6,0.4,0.348,0.309
SDN202106260,2021-06-26,SDN,ARI,0,1,4.4,4.44,1e-06,1e-06,SDN,SDN,1.3,0.7,0.331,0.296
CIN202106260,2021-06-26,CIN,ATL,1,0,3.98,3.58,1e-06,1e-06,CIN,CIN,0.7,0.5,0.346,0.312
DET202106261,2021-06-26,DET,HOU,0,0,3.71,3.14,1e-06,1e-06,DET,DET,0.9,0.5,0.311,0.336
SFN202106260,2021-06-26,SFN,OAK,0,0,2.72,5.4,1e-06,1e-06,SFN,SFN,1.1,1.2,0.336,0.319
CHA202106260,2021-06-26,CHA,SEA,0,0,2.54,3.06,1e-06,1e-06,CHA,CHA,0.5,0.4,0.348,0.309
MIL202106260,2021-06-26,MIL,COL,2,1,3.34,4.38,1e-06,1e-06,MIL,MIL,0.3,0.3,0.314,0.291
TOR202106260,2021-06-26,TOR,BAL,0,0,4.37,6.63,1e-06,1e-06,TOR,TOR,0.8,0.2,0.336,0.291
LAN202106260,2021-06-26,LAN,CHN,2,0,4.03,3.38,1e-06,1e-06,LAN,LAN,1.9,0.4,0.334,0.305
BOS202106260,2021-06-26,BOS,NYA,0,0,3.75,3.83,1e-06,1e-06,BOS,BOS,0.6,0.5,0.349,0.32
TBA202106260,2021-06-26,TBA,ANA,0,0,3.43,3.76,1e-06,1e-06,TBA,TBA,1.4,0.7,0.328,0.301
SLN202106260,2021-06-26,SLN,PIT,1,0,3.05,5.36,1e-06,1e-06,SLN,SLN,0.5,0.6,0.31,0.297
DET202106262,2021-06-26,DET,HOU,1,0,2.97,3.16,1e-06,1e-06,DET,DET,0.7,0.4,0.311,0.336
NYN202106260,2021-06-26,NYN,PHI,0,0,3.45,3.63,1e-06,1e-06,NYN,NYN,0.3,0.4,0.323,0.311
TEX202106260,2021-06-26,TEX,KCA,0,0,3.71,4.43,1e-06,1e-06,TEX,TEX,0.7,0.2,0.301,0.291
MIA202106260,2021-06-26,MIA,WAS,2,1,3.24,5.82,1e-06,1e-06,MIA,MIA,0.6,0.5,0.303,0.334
MIN202106270,2021-06-27,MIN,CLE,1,0,5.79,6.68,1e-06,1e-06,MIN,MIN,0.6,0.8,0.318,0.302
TEX202106270,2021-06-27,TEX,KCA,3,0,5.15,4.91,1e-06,1e-06,TEX,TEX,0.7,0.2,0.301,0.291
LAN202106270,2021-06-27,LAN,CHN,0,0,3.55,4.58,1e-06,1e-06,LAN,LAN,2.1,0.4,0.334,0.305
SLN202106270,2021-06-27,SLN,PIT,0,3,4.91,6.28,1e-06,1e-06,SLN,SLN,0.6,0.5,0.31,0.297
CIN202106270,2021-06-27,CIN,ATL,0,0,3.75,4.17,1e-06,1e-06,CIN,CIN,0.8,0.5,0.346,0.312
BOS202106270,2021-06-27,BOS,NYA,4,0,4.74,3.23,1e-06,1e-06,BOS,BOS,0.6,0.5,0.349,0.32
SFN202106270,2021-06-27,SFN,OAK,0,2,,4.24,1e-06,1e-06,SFN,SFN,1.1,1.0,0.336,0.319
MIL202106270,2021-06-27,MIL,COL,0,0,3.19,6.46,1e-06,1e-06,MIL,MIL,0.4,0.4,0.314,0.291
NYN202106270,2021-06-27,NYN,PHI,0,0,3.02,2.78,1e-06,1e-06,NYN,NYN,0.3,0.4,0.323,0.311
SDN202106270,2021-06-27,SDN,ARI,2,0,3.62,4.9,1e-06,1e-06,SDN,SDN,1.3,0.8,0.331,0.296
MIA202106270,2021-06-27,MIA,WAS,1,1,3.19,2.46,1e-06,1e-06,MIA,MIA,0.8,0.6,0.303,0.334
DET202106270,2021-06-27,DET,HOU,0,0,3.39,3.16,1e-06,1e-06,DET,DET,0.5,0.4,0.311,0.336
CHA202106270,2021-06-27,CHA,SEA,2,0,3.51,7.36,1e-06,1e-06,CHA,CHA,0.5,0.3,0.348,0.309
TBA202106270,2021-06-27,TBA,ANA,0,0,3.7,3.92,1e-06,1e-06,TBA,TBA,1.4,0.7,0.328,0.301
TOR202106270,2021-06-27,TOR,BAL,0,1,4.8,6.07,1e-06,1e-06,TOR,TOR,0.8,0.2,0.336,0.291
CIN202106280,2021-06-28,CIN,PHI,0,0,5.59,9.0,1e-06,913.3322258208744,CIN,NYN,0.8,0.4,0.346,0.311
COL202106280,2021-06-28,COL,PIT,0,0,4.33,4.53,1465.0252316671194,1279.0227614650469,MIL,SLN,1.1,0.8,0.341,0.297
WAS202106280,2021-06-28,WAS,NYN,2,0,4.27,8.69,1489.628641346009,326.3648041771951,MIA,NYN,0.9,0.6,0.34,0.307
MIL202106280,2021-06-28,MIL,CHN,2,2,2.5,2.79,1e-06,2799.844413597458,MIL,LAN,0.4,0.4,0.314,0.305
SLN202106280,2021-06-28,SLN,ARI,0,0,3.02,6.58,1e-06,2512.7882729547905,SLN,SDN,0.5,0.7,0.31,0.296
BOS202106280,2021-06-28,BOS,KCA,1,3,3.06,2.88,1e-06,2512.560414403036,BOS,TEX,0.9,0.2,0.349,0.291
NYA202106280,2021-06-28,NYA,ANA,1,2,3.55,3.75,306.2037667286439,1638.0556824552712,BOS,TBA,0.5,0.7,0.323,0.301
HOU202106280,2021-06-28,HOU,BAL,0,0,4.5,6.08,1780.0976623230767,2094.913694918614,DET,TOR,0.8,0.3,0.341,0.291
CLE202106280,2021-06-28,CLE,DET,2,0,5.34,5.8,1013.2251113855248,145.52553501827433,MIN,DET,1.5,0.5,0.306,0.304
LAN202106280,2021-06-28,LAN,SFN,2,0,2.59,3.17,1e-06,559.4406195325591,LAN,SFN,1.0,0.7,0.334,0.316
OAK202106290,2021-06-29,OAK,TEX,1,0,4.07,5.44,13.027453191410114,2350.5503898425545,SFN,TEX,0.2,0.0,0.313,0.288
WAS202106290,2021-06-29,WAS,TBA,3,0,4.17,3.86,1e-06,1340.493838211085,WAS,TBA,1.1,0.5,0.34,0.312
NYA202106290,2021-06-29,NYA,ANA,1,0,4.3,5.83,1e-06,1e-06,NYA,NYA,0.6,0.9,0.323,0.301
ATL202106290,2021-06-29,ATL,NYN,0,0,3.78,2.4,595.1171397463928,874.0887985860761,CIN,WAS,0.2,0.6,0.325,0.307
HOU202106290,2021-06-29,HOU,BAL,0,1,3.56,6.75,1e-06,1e-06,HOU,HOU,0.8,0.3,0.341,0.291
CIN202106290,2021-06-29,CIN,SDN,1,2,2.91,4.83,1e-06,3007.676031937142,CIN,SDN,0.8,0.3,0.346,0.312
PHI202106290,2021-06-29,PHI,MIA,1,0,6.3,2.64,807.0437326700402,1644.1190984600378,CIN,MIA,0.5,0.3,0.324,0.294
BOS202106290,2021-06-29,BOS,KCA,2,1,4.28,3.66,1e-06,1e-06,BOS,BOS,1.0,0.5,0.349,0.291
MIL202106290,2021-06-29,MIL,CHN,1,0,2.56,5.78,1e-06,1e-06,MIL,MIL,0.6,0.6,0.314,0.305
SLN202106290,2021-06-29,SLN,ARI,0,0,6.23,4.83,1e-06,1e-06,SLN,SLN,0.5,0.7,0.31,0.296
COL202106290,2021-06-29,COL,PIT,0,0,4.4,5.77,1e-06,1e-06,COL,COL,1.1,0.8,0.341,0.297
LAN202106290,2021-06-29,LAN,SFN,2,0,2.47,2.81,1e-06,1e-06,LAN,LAN,0.6,0.7,0.334,0.316
CHA202106290,2021-06-29,CHA,MIN,1,2,3.53,4.66,1e-06,571.0232496384983,CHA,MIN,0.6,0.9,0.348,0.31
TOR202106290,2021-06-29,TOR,SEA,0,0,2.84,6.39,1e-06,700.98343821047,TOR,CHA,0.8,0.3,0.336,0.309
NYA202106300,2021-06-30,NYA,ANA,7,2,2.74,3.84,1e-06,1e-06,NYA,NYA,0.7,0.9,0.323,0.301
SLN202106300,2021-06-30,SLN,ARI,0,0,3.46,6.01,1e-06,1e-06,SLN,SLN,0.5,0.7,0.31,0.296
CLE202106301,2021-06-30,CLE,DET,1,0,3.49,3.42,1e-06,1e-06,CLE,CLE,1.5,0.5,0.306,0.304
ATL202106300,2021-06-30,ATL,NYN,2,2,3.04,5.54,1e-06,1e-06,ATL,ATL,0.2,0.6,0.325,0.307
CIN202106300,2021-06-30,CIN,SDN,4,0,4.74,3.18,1e-06,1e-06,CIN,CIN,0.7,0.5,0.346,0.312
CLE202106302,2021-06-30,CLE,DET,0,0,6.26,3.07,1e-06,1e-06,CLE,CLE,1.6,0.5,0.306,0.304
PHI202106300,2021-06-30,PHI,MIA,0,0,4.63,4.12,1e-06,1e-06,PHI,PHI,0.6,0.3,0.324,0.294
BOS202106300,2021-06-30,BOS,KCA,0,0,4.74,5.05,1e-06,1e-06,BOS,BOS,1.0,0.6,0.349,0.291
MIL202106300,2021-06-30,MIL,CHN,1,7,3.5,5.26,1e-06,1e-06,MIL,MIL,0.7,0.6,0.314,0.305
CHA202106300,2021-06-30,CHA,MIN,0,1,3.91,4.19,1e-06,1e-06,CHA,CHA,0.7,1.0,0.348,0.31
TOR202106300,2021-06-30,TOR,SEA,0,0,5.14,1.77,1e-06,1e-06,TOR,TOR,0.8,0.2,0.336,0.309
OAK202106300,2021-06-30,OAK,TEX,0,0,3.15,5.41,1e-06,1e-06,OAK,OAK,0.3,0.0,0.313,0.288
COL202106300,2021-06-30,COL,PIT,0,2,4.59,4.82,1e-06,1e-06,COL,COL,1.0,0.5,0.341,0.297
HOU202106300,2021-06-30,HOU,BAL,0,4,,5.17,1e-06,1e-06,HOU,HOU,0.7,0.4,0.341,0.291
WAS202106300,2021-06-30,WAS,TBA,2,2,4.71,5.52,1e-06,1e-06,WAS,WAS,1.3,0.5,0.34,0.312
ARI202107010,2021-07-01,ARI,SFN,0,1,4.44,4.08,2043.890455711885,574.8341159449532,SLN,LAN,0.5,0.4,0.322,0.316
CIN202107010,2021-07-01,CIN,SDN,0,0,1.29,2.23,1e-06,1e-06,CIN,CIN,1.1,0.5,0.346,0.312
TOR202107010,2021-07-01,TOR,SEA,1,2,4.37,4.41,1e-06,1e-06,TOR,TOR,0.8,0.2,0.336,0.309
PIT202107010,2021-07-01,PIT,MIL,0,0,5.48,2.43,2121.7512666569423,722.0054120555708,COL,MIL,0.7,0.8,0.322,0.318
CLE202107010,2021-07-01,CLE,HOU,0,0,,3.14,1e-06,1793.7234420980124,CLE,HOU,1.4,0.4,0.306,0.336
BOS202107010,2021-07-01,BOS,KCA,1,0,3.75,4.43,1e-06,1e-06,BOS,BOS,1.0,0.6,0.349,0.291
WAS202107010,2021-07-01,WAS,LAN,1,0,5.82,3.23,1e-06,3694.422011983425,WAS,LAN,1.4,0.4,0.34,0.324
ATL202107010,2021-07-01,ATL,NYN,3,1,,3.5,1e-06,1e-06,ATL,ATL,0.3,0.8,0.325,0.307
CHA202107010,2021-07-01,CHA,MIN,0,0,3.5,3.92,1e-06,1e-06,CHA,CHA,0.7,1.1,0.348,0.31
COL202107010,2021-07-01,COL,SLN,0,0,5.21,3.02,1e-06,1279.0227614650469,COL,SLN,1.0,0.4,0.341,0.316
OAK202107010,2021-07-01,OAK,TEX,0,1,3.91,3.52,1e-06,1e-06,OAK,OAK,0.3,0.0,0.313,0.288
KCA202107020,2021-07-02,KCA,MIN,0,3,3.48,5.79,2008.0645584325655,663.9206411727051,BOS,CHA,1.0,1.1,0.322,0.31
COL202107020,2021-07-02,COL,SLN,0,0,7.55,3.24,1e-06,1e-06,COL,COL,1.0,0.3,0.341,0.316
ANA202107020,2021-07-02,ANA,BAL,0,1,2.57,6.08,3915.807145653056,2169.9670210701,NYA,HOU,0.7,0.8,0.318,0.291
PIT202107020,2021-07-02,PIT,MIL,0,1,5.36,3.22,1e-06,1e-06,PIT,PIT,0.7,0.8,0.322,0.318
TOR202107020,2021-07-02,TOR,TBA,2,0,3.22,4.31,1e-06,563.6478111844908,TOR,WAS,0.9,0.5,0.336,0.312
SEA202107020,2021-07-02,SEA,TEX,0,0,4.61,4.66,3325.1452076248356,1089.6592015072615,TOR,OAK,0.5,0.1,0.295,0.288
PHI202107020,2021-07-02,PHI,SDN,2,0,1.36,4.1,1e-06,807.0437326700402,PHI,CIN,0.6,0.5,0.324,0.312
DET202107020,2021-07-02,DET,CHA,0,2,3.71,2.69,145.52553501827433,380.91207013286544,CLE,CHA,0.5,0.4,0.311,0.325
CLE202107020,2021-07-02,CLE,HOU,0,0,6.68,3.16,1e-06,1e-06,CLE,CLE,1.1,0.4,0.306,0.336
OAK202107020,2021-07-02,OAK,BOS,0,0,3.18,3.79,1e-06,4320.465179781682,OAK,BOS,0.3,0.9,0.313,0.308
ATL202107020,2021-07-02,ATL,MIA,1,0,4.48,3.07,1e-06,1071.2330338826837,ATL,PHI,0.6,0.3,0.325,0.294
WAS202107020,2021-07-02,WAS,LAN,0,0,5.6,2.96,1e-06,1e-06,WAS,WAS,1.5,0.4,0.34,0.324
ARI202107020,2021-07-02,ARI,SFN,0,0,4.3,3.83,1e-06,1e-06,ARI,ARI,0.0,0.5,0.322,0.316
CIN202107020,2021-07-02,CIN,CHN,0,0,5.02,5.07,1e-06,525.1892238126902,CIN,MIL,0.9,1.3,0.346,0.305
OAK202107030,2021-07-03,OAK,BOS,0,0,4.33,5.21,1e-06,1e-06,OAK,OAK,0.3,0.9,0.313,0.308
ATL202107030,2021-07-03,ATL,MIA,0,0,4.17,3.19,1e-06,1e-06,ATL,ATL,0.7,0.3,0.325,0.294
CLE202107030,2021-07-03,CLE,HOU,0,1,5.34,4.21,1e-06,1e-06,CLE,CLE,1.1,0.4,0.306,0.336
ARI202107030,2021-07-03,ARI,SFN,0,0,6.61,1.51,1e-06,1e-06,ARI,ARI,0.0,0.5,0.322,0.316
SEA202107030,2021-07-03,SEA,TEX,0,0,3.96,5.15,1e-06,1e-06,SEA,SEA,0.5,0.1,0.295,0.288
NYA202107030,2021-07-03,NYA,NYN,0,0,3.83,4.47,1e-06,1200.4511584455877,NYA,ATL,1.4,0.9,0.323,0.307
WAS202107030,2021-07-03,WAS,LAN,0,0,6.33,4.59,1e-06,1e-06,WAS,WAS,1.0,0.4,0.34,0.324
COL202107030,2021-07-03,COL,SLN,0,0,4.34,3.73,1e-06,1e-06,COL,COL,1.0,0.3,0.341,0.316
ANA202107030,2021-07-03,ANA,BAL,2,0,3.76,6.07,1e-06,1e-06,ANA,ANA,0.6,0.9,0.318,0.291
KCA202107030,2021-07-03,KCA,MIN,0,0,4.83,6.37,1e-06,1e-06,KCA,KCA,0.9,1.4,0.322,0.31
PIT202107030,2021-07-03,PIT,MIL,0,3,7.04,3.19,1e-06,1e-06,PIT,PIT,0.6,0.8,0.322,0.318
DET202107030,2021-07-03,DET,CHA,0,2,4.34,5.28,1e-06,1e-06,DET,DET,0.3,0.6,0.311,0.325
CIN202107030,2021-07-03,CIN,CHN,0,0,5.97,4.58,1e-06,1e-06,CIN,CIN,0.7,1.3,0.346,0.305
TOR202107030,2021-07-03,TOR,TBA,0,0,2.26,3.43,1e-06,1e-06,TOR,TOR,1.0,0.5,0.336,0.312
PHI202107030,2021-07-03,PHI,SDN,0,2,4.17,4.22,1e-06,1e-06,PHI,PHI,0.8,0.5,0.324,0.312
NYA202107042,2021-07-04,NYA,NYN,0,0,3.12,3.48,1e-06,1e-06,NYA,NYA,1.2,0.7,0.323,0.307
NYA202107041,2021-07-04,NYA,NYN,0,1,3.36,3.94,1e-06,1e-06,NYA,NYA,1.2,0.5,0.323,0.307
KCA202107040,2021-07-04,KCA,MIN,0,0,5.39,4.66,1e-06,1e-06,KCA,KCA,0.0,1.3,0.322,0.31
DET202107040,2021-07-04,DET,CHA,1,0,3.81,3.53,1e-06,1e-06,DET,DET,0.3,0.8,0.311,0.325
TOR202107040,2021-07-04,TOR,TBA,0,0,2.84,5.11,1e-06,1e-06,TOR,TOR,0.9,0.3,0.336,0.312
CLE202107040,2021-07-04,CLE,HOU,0,0,1.29,3.16,1e-06,1e-06,CLE,CLE,1.1,0.4,0.306,0.336
CIN202107040,2021-07-04,CIN,CHN,0,1,1.29,5.22,1e-06,1e-06,CIN,CIN,0.7,1.3,0.346,0.305
ATL202107040,2021-07-04,ATL,MIA,0,0,,3.82,1e-06,1e-06,ATL,ATL,0.7,0.3,0.325,0.294
COL202107040,2021-07-04,COL,SLN,1,0,8.64,3.24,1e-06,1e-06,COL,COL,0.7,0.3,0.341,0.316
SEA202107040,2021-07-04,SEA,TEX,0,0,3.61,5.44,1e-06,1e-06,SEA,SEA,0.5,0.1,0.295,0.288
WAS202107040,2021-07-04,WAS,LAN,0,0,4.17,4.03,1e-06,1e-06,WAS,WAS,1.0,0.3,0.34,0.324
ANA202107040,2021-07-04,ANA,BAL,2,0,2.57,2.7,1e-06,1e-06,ANA,ANA,0.4,0.7,0.318,0.291
OAK202107040,2021-07-04,OAK,BOS,0,0,4.07,4.53,1e-06,1e-06,OAK,OAK,0.3,0.8,0.313,0.308
PHI202107040,2021-07-04,PHI,SDN,0,2,6.3,4.1,1e-06,1e-06,PHI,PHI,0.8,0.7,0.324,0.312
ARI202107040,2021-07-04,ARI,SFN,0,2,4.83,3.17,1e-06,1e-06,ARI,ARI,0.0,0.5,0.322,0.316
PIT202107040,2021-07-04,PIT,MIL,1,0,4.53,2.81,1e-06,1e-06,PIT,PIT,0.6,1.0,0.322,0.318
MIN202107050,2021-07-05,MIN,CHA,0,0,4.19,3.91,662.9211681328137,872.516450655481,KCA,DET,0.5,0.5,0.318,0.325
ANA202107050,2021-07-05,ANA,BOS,0,0,3.75,4.74,1e-06,592.0809005913671,ANA,OAK,0.4,0.4,0.318,0.308
KCA202107050,2021-07-05,KCA,CIN,0,0,5.05,4.74,1e-06,868.1617780403714,KCA,CIN,0.0,0.4,0.322,0.31
TEX202107050,2021-07-05,TEX,DET,0,0,5.41,3.07,2688.6235870338205,1624.6230769135182,SEA,DET,1.0,0.5,0.301,0.304
SDN202107050,2021-07-05,SDN,WAS,0,1,3.62,6.33,3810.8466979584146,3654.8629358941057,PHI,WAS,1.5,0.7,0.331,0.334
MIA202107050,2021-07-05,MIA,LAN,0,0,9.9,3.57,973.359131898138,1489.628641346009,ATL,WAS,0.9,0.2,0.303,0.324
NYN202107050,2021-07-05,NYN,MIL,0,0,3.5,2.56,1e-06,505.04779123783345,NYA,PIT,0.3,1.0,0.323,0.318
CHN202107050,2021-07-05,CHN,PHI,0,0,5.26,3.43,406.2527329885922,1068.017024042746,CIN,PHI,0.1,0.3,0.318,0.311
TBA202107050,2021-07-05,TBA,CLE,0,0,3.59,1.29,1789.459752085548,1529.408250521614,TOR,CLE,1.3,0.8,0.328,0.302
SFN202107050,2021-07-05,SFN,SLN,0,0,2.81,3.46,1050.993394248722,1524.5101947303656,ARI,COL,0.9,0.3,0.336,0.316
PIT202107050,2021-07-05,PIT,ATL,0,1,5.77,3.04,1e-06,840.3908477621023,PIT,ATL,0.6,0.4,0.322,0.312
MIN202107060,2021-07-06,MIN,CHA,0,0,3.52,2.37,1e-06,1e-06,MIN,MIN,0.5,0.5,0.318,0.325
TEX202107060,2021-07-06,TEX,DET,0,0,3.52,6.16,1e-06,1e-06,TEX,TEX,0.8,0.1,0.301,0.304
MIA202107060,2021-07-06,MIA,LAN,0,0,9.9,1.99,1e-06,1e-06,MIA,MIA,0.9,0.2,0.303,0.324
SFN202107060,2021-07-06,SFN,SLN,0,2,4.08,3.05,1e-06,1e-06,SFN,SFN,0.9,0.3,0.336,0.316
SEA202107060,2021-07-06,SEA,NYA,0,3,6.83,4.3,1e-06,3865.3953610333656,SEA,NYA,0.4,0.5,0.295,0.32
PIT202107060,2021-07-06,PIT,ATL,0,0,2.94,2.57,1e-06,1e-06,PIT,PIT,0.6,0.5,0.322,0.312
BAL202107060,2021-07-06,BAL,TOR,0,1,8.07,3.82,3703.3736830857606,537.0332419152472,ANA,TOR,0.5,1.1,0.317,0.325
KCA202107060,2021-07-06,KCA,CIN,0,0,3.48,5.59,1e-06,1e-06,KCA,KCA,0.0,0.2,0.322,0.31
ANA202107060,2021-07-06,ANA,BOS,3,1,3.18,3.75,1e-06,1e-06,ANA,ANA,0.4,0.2,0.318,0.308
SDN202107060,2021-07-06,SDN,WAS,0,0,5.32,5.47,1e-06,1e-06,SDN,SDN,1.5,0.8,0.331,0.334
HOU202107060,2021-07-06,HOU,OAK,2,3,5.75,4.33,1793.7234420980124,2629.671879056886,CLE,OAK,0.6,1.2,0.341,0.319
CHN202107060,2021-07-06,CHN,PHI,0,4,7.39,4.63,1e-06,1e-06,CHN,CHN,0.1,0.3,0.318,0.311
ARI202107060,2021-07-06,ARI,COL,3,0,5.06,5.21,1e-06,942.6579354569092,ARI,COL,0.0,0.3,0.322,0.291
NYN202107072,2021-07-07,NYN,MIL,0,0,8.0,2.7,1e-06,1e-06,NYN,NYN,0.3,1.0,0.323,0.318
MIA202107070,2021-07-07,MIA,LAN,1,0,2.79,6.64,1e-06,1e-06,MIA,MIA,0.8,0.0,0.303,0.324
TBA202107071,2021-07-07,TBA,CLE,3,0,5.05,,1e-06,1e-06,TBA,TBA,1.0,0.6,0.328,0.302
KCA202107070,2021-07-07,KCA,CIN,0,0,2.42,4.19,1e-06,1e-06,KCA,KCA,0.0,0.1,0.322,0.31
HOU202107070,2021-07-07,HOU,OAK,0,1,3.16,3.91,1e-06,1e-06,HOU,HOU,0.8,1.4,0.341,0.319
BAL202107070,2021-07-07,BAL,TOR,0,3,6.27,4.37,1e-06,1e-06,BAL,BAL,0.4,1.2,0.317,0.325
TBA202107072,2021-07-07,TBA,CLE,0,0,5.09,6.68,1e-06,1e-06,TBA,TBA,1.3,0.4,0.328,0.302
ANA202107070,2021-07-07,ANA,BOS,2,0,5.83,4.74,1e-06,1e-06,ANA,ANA,0.7,0.3,0.318,0.308
TEX202107070,2021-07-07,TEX,DET,0,1,3.71,3.42,1e-06,1e-06,TEX,TEX,0.8,0.0,0.301,0.304
NYN202107071,2021-07-07,NYN,MIL,1,1,3.45,3.07,1e-06,1e-06,NYN,NYN,0.3,0.8,0.323,0.318
CHN202107070,2021-07-07,CHN,PHI,3,0,5.07,2.78,1e-06,1e-06,CHN,CHN,0.1,0.6,0.318,0.311
ARI202107070,2021-07-07,ARI,COL,0,0,4.9,4.42,1e-06,1e-06,ARI,ARI,0.3,0.2,0.322,0.291
PIT202107070,2021-07-07,PIT,ATL,3,1,4.44,4.48,1e-06,1e-06,PIT,PIT,0.1,0.2,0.322,0.312
SDN202107070,2021-07-07,SDN,WAS,0,3,5.07,5.82,1e-06,1e-06,SDN,SDN,1.4,0.8,0.331,0.334
MIN202107070,2021-07-07,MIN,CHA,0,0,3.62,2.69,1e-06,1e-06,MIN,MIN,0.4,0.5,0.318,0.325
SFN202107070,2021-07-07,SFN,SLN,1,1,3.83,4.91,1e-06,1e-06,SFN,SFN,0.9,0.4,0.336,0.316
SEA202107070,2021-07-07,SEA,NYA,1,3,4.41,2.51,1e-06,1e-06,SEA,SEA,0.4,0.7,0.295,0.32
ARI202107080,2021-07-08,ARI,COL,0,0,15.88,6.46,1e-06,1e-06,ARI,ARI,0.3,0.2,0.322,0.291
MIL202107080,2021-07-08,MIL,CIN,2,0,2.5,6.3,1181.7674036325852,707.8851314063497,NYN,KCA,0.8,0.1,0.314,0.31
CLE202107080,2021-07-08,CLE,KCA,0,0,4.07,4.85,1529.408250521614,1123.5230318083022,TBA,KCA,0.8,0.6,0.306,0.291
SEA202107080,2021-07-08,SEA,NYA,1,0,4.68,3.83,1e-06,1e-06,SEA,SEA,0.5,0.7,0.295,0.32
MIA202107080,2021-07-08,MIA,LAN,1,0,3.19,2.96,1e-06,1e-06,MIA,MIA,0.8,0.0,0.303,0.324
HOU202107080,2021-07-08,HOU,OAK,0,2,3.16,3.37,1e-06,1e-06,HOU,HOU,0.8,1.4,0.341,0.319
CHN202107080,2021-07-08,CHN,PHI,0,0,4.58,4.17,1e-06,1e-06,CHN,CHN,0.4,0.5,0.318,0.311
MIN202107080,2021-07-08,MIN,DET,0,0,5.79,4.34,1e-06,1396.7696185124962,MIN,TEX,0.3,0.1,0.318,0.304
SDN202107080,2021-07-08,SDN,WAS,0,3,2.23,5.6,1e-06,1e-06,SDN,SDN,1.4,1.1,0.331,0.334
CHN202107090,2021-07-09,CHN,SLN,3,0,4.77,4.41,1e-06,2984.5094702126535,CHN,SFN,0.4,0.5,0.318,0.316
SFN202107090,2021-07-09,SFN,WAS,1,0,2.62,5.6,1e-06,738.1265117326025,SFN,SDN,0.6,1.2,0.336,0.334
BAL202107090,2021-07-09,BAL,CHA,0,0,6.07,5.28,1e-06,1508.338155320694,BAL,MIN,0.3,0.4,0.317,0.325
LAN202107090,2021-07-09,LAN,ARI,0,0,8.22,7.56,3756.8524313396424,574.8341159449532,MIA,ARI,0.8,0.7,0.334,0.296
SDN202107090,2021-07-09,SDN,COL,0,0,3.64,4.33,1e-06,481.0116378281714,SDN,ARI,1.4,0.2,0.331,0.291
HOU202107090,2021-07-09,HOU,NYA,0,0,4.21,2.74,1e-06,3039.1839825945185,HOU,SEA,0.7,0.7,0.341,0.32
SEA202107090,2021-07-09,SEA,ANA,0,1,2.0,3.84,1e-06,1575.276973597757,SEA,ANA,0.2,1.1,0.295,0.301
NYN202107090,2021-07-09,NYN,PIT,0,0,0.95,5.36,1e-06,505.04779123783345,NYN,PIT,0.4,0.7,0.323,0.297
MIN202107090,2021-07-09,MIN,DET,0,0,3.92,5.8,1e-06,1e-06,MIN,MIN,0.3,0.1,0.318,0.304
BOS202107090,2021-07-09,BOS,PHI,2,1,4.87,6.3,4151.631080145035,1365.5064971534737,ANA,CHN,1.1,0.4,0.349,0.311
MIL202107090,2021-07-09,MIL,CIN,0,0,3.19,3.37,1e-06,1e-06,MIL,MIL,0.9,0.1,0.314,0.31
TBA202107090,2021-07-09,TBA,TOR,0,0,1.88,3.22,1e-06,1393.7772067986984,TBA,BAL,1.0,1.4,0.328,0.325
TEX202107090,2021-07-09,TEX,OAK,0,0,5.15,4.24,1e-06,368.5990384284446,TEX,HOU,0.8,1.5,0.301,0.319
MIA202107090,2021-07-09,MIA,ATL,0,1,3.82,3.34,1e-06,1630.230113794326,MIA,PIT,0.9,0.3,0.303,0.312
CLE202107090,2021-07-09,CLE,KCA,0,0,4.07,3.66,1e-06,1e-06,CLE,CLE,0.7,0.6,0.306,0.291
TEX202107100,2021-07-10,TEX,OAK,2,0,3.83,4.33,1e-06,1e-06,TEX,TEX,0.3,1.5,0.301,0.319
LAN202107100,2021-07-10,LAN,ARI,5,0,2.47,4.83,1e-06,1e-06,LAN,LAN,0.7,0.7,0.334,0.296
CLE202107100,2021-07-10,CLE,KCA,0,0,2.89,5.05,1e-06,1e-06,CLE,CLE,0.6,0.4,0.306,0.291
BOS202107100,2021-07-10,BOS,PHI,0,1,4.74,5.61,1e-06,1e-06,BOS,BOS,1.3,0.5,0.349,0.311
HOU202107100,2021-07-10,HOU,NYA,0,0,4.16,3.23,1e-06,1e-06,HOU,HOU,0.4,0.7,0.341,0.32
MIA202107100,2021-07-10,MIA,ATL,0,0,2.64,3.04,1e-06,1e-06,MIA,MIA,0.9,0.4,0.303,0.312
NYN202107102,2021-07-10,NYN,PIT,2,0,3.94,6.28,1e-06,1e-06,NYN,NYN,0.3,0.7,0.323,0.297
SDN202107100,2021-07-10,SDN,COL,0,0,3.18,4.4,1e-06,1e-06,SDN,SDN,1.0,0.2,0.331,0.291
SEA202107100,2021-07-10,SEA,ANA,0,0,3.61,3.62,1e-06,1e-06,SEA,SEA,0.2,1.0,0.295,0.301
CHN202107100,2021-07-10,CHN,SLN,0,1,5.78,3.46,1e-06,1e-06,CHN,CHN,0.7,0.3,0.318,0.316
TBA202107100,2021-07-10,TBA,TOR,1,0,5.11,4.8,1e-06,1e-06,TBA,TBA,1.0,1.2,0.328,0.325
SFN202107100,2021-07-10,SFN,WAS,3,0,3.17,4.71,1e-06,1e-06,SFN,SFN,0.7,1.0,0.336,0.334
BAL202107100,2021-07-10,BAL,CHA,0,0,,3.53,1e-06,1e-06,BAL,BAL,0.3,0.4,0.317,0.325
MIL202107100,2021-07-10,MIL,CIN,1,0,1.23,5.02,1e-06,1e-06,MIL,MIL,0.8,0.1,0.314,0.31
MIN202107100,2021-07-10,MIN,DET,0,0,,5.96,1e-06,1e-06,MIN,MIN,0.3,0.1,0.318,0.304
NYN202107101,2021-07-10,NYN,PIT,1,0,3.02,4.53,1e-06,1e-06,NYN,NYN,0.5,0.7,0.323,0.297
MIN202107110,2021-07-11,MIN,DET,0,0,3.18,5.07,1e-06,1e-06,MIN,MIN,0.3,0.1,0.318,0.304
TBA202107110,2021-07-11,TBA,TOR,0,0,3.86,2.84,1e-06,1e-06,TBA,TBA,0.9,0.8,0.328,0.325
TEX202107110,2021-07-11,TEX,OAK,0,0,5.41,3.15,1e-06,1e-06,TEX,TEX,0.5,1.1,0.301,0.319
BAL202107110,2021-07-11,BAL,CHA,2,0,4.11,2.54,1e-06,1e-06,BAL,BAL,0.2,0.4,0.317,0.325
BOS202107110,2021-07-11,BOS,PHI,0,0,4.53,4.97,1e-06,1e-06,BOS,BOS,1.3,0.6,0.349,0.311
SFN202107110,2021-07-11,SFN,WAS,0,0,2.81,5.47,1e-06,1e-06,SFN,SFN,1.0,1.0,0.336,0.334
HOU202107110,2021-07-11,HOU,NYA,0,0,3.56,3.12,1e-06,1e-06,HOU,HOU,0.4,0.7,0.341,0.32
MIA202107110,2021-07-11,MIA,ATL,3,0,3.07,3.58,1e-06,1e-06,MIA,MIA,0.9,0.4,0.303,0.312
LAN202107110,2021-07-11,LAN,ARI,1,0,2.22,7.79,1e-06,1e-06,LAN,LAN,1.2,0.3,0.334,0.296
SEA202107110,2021-07-11,SEA,ANA,1,0,3.9,3.75,1e-06,1e-06,SEA,SEA,0.2,1.0,0.295,0.301
MIL202107110,2021-07-11,MIL,CIN,0,1,1.23,5.97,1e-06,1e-06,MIL,MIL,0.9,0.1,0.314,0.31
SDN202107110,2021-07-11,SDN,COL,0,0,3.06,4.59,1e-06,1e-06,SDN,SDN,0.8,0.1,0.331,0.291
NYN202107110,2021-07-11,NYN,PIT,5,0,3.45,2.23,1e-06,1e-06,NYN,NYN,0.4,0.7,0.323,0.297
ATL202107160,2021-07-16,ATL,TBA,0,0,2.14,3.7,973.359131898138,688.5440708416155,MIA,TBA,0.7,0.3,0.325,0.312
COL202107160,2021-07-16,COL,LAN,0,5,6.46,2.96,1340.79250926624,1336.5596902131042,SDN,LAN,0.3,0.0,0.341,0.324
CHA202107160,2021-07-16,CHA,HOU,1,0,3.91,3.16,972.7856247406662,1516.5648050119732,BAL,HOU,0.6,0.4,0.348,0.336
OAK202107160,2021-07-16,OAK,CLE,0,0,4.67,1.29,2350.5503898425545,3466.040146226439,TEX,CLE,0.2,0.4,0.313,0.302
KCA202107160,2021-07-16,KCA,BAL,1,0,2.88,6.63,1123.5230318083022,1545.5901214265937,CLE,BAL,0.0,0.7,0.322,0.291
NYA202107160,2021-07-16,NYA,BOS,0,0,3.83,4.74,2282.180747677387,306.2037667286439,HOU,BOS,1.2,0.2,0.323,0.308
PHI202107162,2021-07-16,PHI,MIA,0,2,4.17,4.0,1e-06,1e-06,PHI,PHI,0.8,0.3,0.324,0.294
SLN202107160,2021-07-16,SLN,SFN,0,0,3.05,3.74,422.4920912040455,2802.2400845274956,CHN,SFN,0.1,0.7,0.31,0.316
PHI202107161,2021-07-16,PHI,MIA,3,0,3.71,3.19,435.5953169043613,1644.1190984600378,BOS,MIA,0.8,0.5,0.324,0.294
ANA202107160,2021-07-16,ANA,SEA,0,1,5.83,3.61,1575.276973597757,1575.276973597757,SEA,SEA,0.9,0.4,0.318,0.309
PIT202107160,2021-07-16,PIT,NYN,0,0,4.82,3.02,505.04779123783345,505.04779123783345,NYN,NYN,0.4,0.6,0.322,0.307
TOR202107160,2021-07-16,TOR,TEX,1,0,2.84,5.15,1789.459752085548,1953.690097165916,TBA,TEX,0.9,0.1,0.336,0.288
WAS202107160,2021-07-16,WAS,SDN,3,2,5.47,5.07,3919.8438689376185,3654.8629358941057,SFN,SDN,1.0,0.9,0.34,0.312
ARI202107160,2021-07-16,ARI,CHN,0,0,4.67,4.77,574.8341159449532,2336.6124175783,LAN,CHN,0.3,1.2,0.322,0.305
CIN202107160,2021-07-16,CIN,MIL,2,0,6.04,3.07,525.1892238126902,525.1892238126902,MIL,MIL,0.6,0.7,0.346,0.318
OAK202107170,2021-07-17,OAK,CLE,1,0,3.37,2.89,1e-06,1e-06,OAK,OAK,0.1,0.4,0.313,0.302
PHI202107170,2021-07-17,PHI,MIA,2,0,4.2,4.21,1e-06,1e-06,PHI,PHI,0.7,0.5,0.324,0.294
ARI202107170,2021-07-17,ARI,CHN,0,0,5.06,5.26,1e-06,1e-06,ARI,ARI,0.3,1.1,0.322,0.305
PIT202107170,2021-07-17,PIT,NYN,0,0,3.6,3.45,1e-06,1e-06,PIT,PIT,0.4,0.4,0.322,0.307
KCA202107170,2021-07-17,KCA,BAL,0,0,4.91,6.08,1e-06,1e-06,KCA,KCA,0.1,0.7,0.322,0.291
CIN202107170,2021-07-17,CIN,MIL,0,0,4.53,3.44,1e-06,1e-06,CIN,CIN,0.8,0.6,0.346,0.318
ANA202107170,2021-07-17,ANA,SEA,0,0,3.76,4.41,1e-06,1e-06,ANA,ANA,0.9,0.4,0.318,0.309
NYA202107170,2021-07-17,NYA,BOS,0,0,3.23,3.06,1e-06,1e-06,NYA,NYA,1.2,0.2,0.323,0.308
WAS202107170,2021-07-17,WAS,SDN,1,2,5.82,3.06,1e-06,1e-06,WAS,WAS,1.3,1.0,0.34,0.312
CHA202107170,2021-07-17,CHA,HOU,0,0,3.53,4.21,1e-06,1e-06,CHA,CHA,0.4,0.4,0.348,0.336
ATL202107170,2021-07-17,ATL,TBA,0,0,3.04,5.09,1e-06,1e-06,ATL,ATL,0.7,0.3,0.325,0.312
DET202107171,2021-07-17,DET,MIN,1,0,6.16,5.92,1e-06,1e-06,DET,DET,0.2,1.3,0.311,0.31
SLN202107170,2021-07-17,SLN,SFN,0,0,3.46,3.17,1e-06,1e-06,SLN,SLN,0.1,0.7,0.31,0.316
COL202107170,2021-07-17,COL,LAN,0,1,4.33,2.47,1e-06,1e-06,COL,COL,0.3,0.5,0.341,0.324
DET202107172,2021-07-17,DET,MIN,0,1,5.96,3.35,872.516450655481,872.516450655481,MIN,MIN,0.3,1.1,0.311,0.31
NYA202107180,2021-07-18,NYA,BOS,0,0,4.3,4.74,1e-06,1e-06,NYA,NYA,1.1,0.2,0.323,0.308
KCA202107180,2021-07-18,KCA,BAL,0,0,3.68,6.27,1e-06,1e-06,KCA,KCA,0.1,0.7,0.322,0.291
TOR202107182,2021-07-18,TOR,TEX,6,0,3.82,5.44,1e-06,1e-06,TOR,TOR,0.4,0.1,0.336,0.288
TOR202107181,2021-07-18,TOR,TEX,0,0,4.37,5.41,1e-06,1e-06,TOR,TOR,1.0,0.1,0.336,0.288
OAK202107180,2021-07-18,OAK,CLE,0,1,3.15,4.67,1e-06,1e-06,OAK,OAK,0.2,0.4,0.313,0.302
ARI202107180,2021-07-18,ARI,CHN,0,0,4.44,5.22,1e-06,1e-06,ARI,ARI,0.3,1.0,0.322,0.305
CHA202107180,2021-07-18,CHA,HOU,0,0,2.37,3.14,1e-06,1e-06,CHA,CHA,0.4,0.1,0.348,0.336
WAS202107180,2021-07-18,WAS,SDN,0,0,3.9,2.23,1e-06,1e-06,WAS,WAS,1.3,1.2,0.34,0.312
DET202107180,2021-07-18,DET,MIN,0,0,3.07,5.79,1e-06,1e-06,DET,DET,0.3,0.9,0.311,0.31
CIN202107180,2021-07-18,CIN,MIL,0,1,4.19,2.43,1e-06,1e-06,CIN,CIN,0.7,0.5,0.346,0.318
SLN202107180,2021-07-18,SLN,SFN,0,0,3.73,5.89,1e-06,1e-06,SLN,SLN,0.1,0.7,0.31,0.316
ATL202107180,2021-07-18,ATL,TBA,1,0,3.78,3.43,1e-06,1e-06,ATL,ATL,0.6,0.3,0.325,0.312
PIT202107180,2021-07-18,PIT,NYN,6,0,2.94,3.94,1e-06,1e-06,PIT,PIT,0.4,0.4,0.322,0.307
ANA202107180,2021-07-18,ANA,SEA,0,2,3.62,4.68,1e-06,1e-06,ANA,ANA,0.9,0.4,0.318,0.309
PHI202107180,2021-07-18,PHI,MIA,0,0,2.78,2.79,1e-06,1e-06,PHI,PHI,0.8,0.5,0.324,0.294
COL202107180,2021-07-18,COL,LAN,1,0,3.35,2.81,1e-06,1e-06,COL,COL,0.1,0.6,0.341,0.324
TBA202107190,2021-07-19,TBA,BAL,0,2,5.11,8.07,688.5440708416155,1680.826511683993,ATL,KCA,0.7,0.7,0.328,0.291
CHA202107191,2021-07-19,CHA,MIN,0,0,2.82,3.18,1e-06,1e-06,CHA,CHA,0.4,0.9,0.348,0.31
CHA202107192,2021-07-19,CHA,MIN,1,1,3.51,3.52,1e-06,380.91207013286544,CHA,DET,0.4,0.7,0.348,0.31
SLN202107190,2021-07-19,SLN,CHN,0,0,3.99,5.07,1e-06,2043.890455711885,SLN,ARI,0.1,1.0,0.31,0.305
ARI202107190,2021-07-19,ARI,PIT,0,0,4.83,5.77,1e-06,2938.6428184476895,ARI,PIT,0.3,0.5,0.322,0.297
TOR202107190,2021-07-19,TOR,BOS,0,8,4.8,4.53,1e-06,550.2922217550002,TOR,NYA,1.0,0.1,0.336,0.308
OAK202107190,2021-07-19,OAK,ANA,0,0,4.24,3.42,1e-06,592.0809005913671,OAK,ANA,0.2,1.0,0.313,0.301
HOU202107190,2021-07-19,HOU,CLE,1,0,4.16,,1516.5648050119732,2629.671879056886,CHA,OAK,0.3,0.5,0.341,0.302
WAS202107190,2021-07-19,WAS,MIA,4,0,4.71,4.64,1e-06,197.2342958595587,WAS,PHI,1.2,0.2,0.34,0.294
LAN202107190,2021-07-19,LAN,SFN,2,3,3.23,2.62,1336.5596902131042,2553.1974748902726,COL,SLN,1.2,0.3,0.334,0.316
CIN202107190,2021-07-19,CIN,NYN,4,3,12.27,4.28,1e-06,415.25842934625814,CIN,PIT,0.7,0.4,0.346,0.307
DET202107190,2021-07-19,DET,TEX,0,0,5.96,3.71,1e-06,332.4198044988213,DET,TOR,0.3,0.1,0.311,0.288
DET202107200,2021-07-20,DET,TEX,1,0,4.34,4.51,1e-06,1e-06,DET,DET,0.3,0.1,0.311,0.288
WAS202107200,2021-07-20,WAS,MIA,0,0,5.34,2.95,1e-06,1e-06,WAS,WAS,1.4,0.2,0.34,0.294
MIL202107200,2021-07-20,MIL,KCA,0,1,2.61,5.05,525.1892238126902,707.8851314063497,CIN,KCA,0.9,0.4,0.314,0.291
SLN202107200,2021-07-20,SLN,CHN,0,0,3.24,2.59,1e-06,1e-06,SLN,SLN,0.1,1.0,0.31,0.305
CHA202107200,2021-07-20,CHA,MIN,2,0,2.45,3.92,1e-06,1e-06,CHA,CHA,0.5,0.6,0.348,0.31
ARI202107200,2021-07-20,ARI,PIT,0,0,7.79,5.13,1e-06,1e-06,ARI,ARI,0.3,0.5,0.322,0.297
HOU202107200,2021-07-20,HOU,CLE,1,0,,4.95,1e-06,1e-06,HOU,HOU,0.3,0.5,0.341,0.302
LAN202107200,2021-07-20,LAN,SFN,1,0,4.2,2.22,1e-06,1e-06,LAN,LAN,1.4,0.6,0.334,0.316
TBA202107200,2021-07-20,TBA,BAL,2,0,3.43,3.62,1e-06,1e-06,TBA,TBA,0.7,0.8,0.328,0.291
NYA202107200,2021-07-20,NYA,PHI,0,0,2.51,4.63,1e-06,129.48897528262268,NYA,PHI,1.1,0.6,0.323,0.311
COL202107200,2021-07-20,COL,SEA,0,0,4.4,3.96,1e-06,1321.5005793187804,COL,ANA,0.2,0.5,0.341,0.309
OAK202107200,2021-07-20,OAK,ANA,0,0,4.07,3.75,1e-06,1e-06,OAK,OAK,0.2,0.7,0.313,0.301
CIN202107200,2021-07-20,CIN,NYN,1,1,3.37,6.0,1e-06,1e-06,CIN,CIN,1.1,0.7,0.346,0.307
ATL202107200,2021-07-20,ATL,SDN,0,0,4.5,4.22,1e-06,874.0887985860761,ATL,WAS,0.7,1.0,0.325,0.312
DET202107210,2021-07-21,DET,TEX,1,0,5.8,5.15,1e-06,1e-06,DET,DET,0.4,0.1,0.311,0.288
ATL202107211,2021-07-21,ATL,SDN,0,0,4.17,5.07,1e-06,1e-06,ATL,ATL,0.7,1.0,0.325,0.312
MIL202107210,2021-07-21,MIL,KCA,0,0,3.07,5.39,1e-06,1e-06,MIL,MIL,0.9,0.5,0.314,0.291
WAS202107210,2021-07-21,WAS,MIA,0,0,3.9,2.81,1e-06,1e-06,WAS,WAS,1.1,0.2,0.34,0.294
ATL202107212,2021-07-21,ATL,SDN,0,4,,3.31,1e-06,1e-06,ATL,ATL,0.7,0.8,0.325,0.312
TOR202107210,2021-07-21,TOR,BOS,0,0,2.84,4.87,1e-06,1e-06,TOR,TOR,1.0,0.9,0.336,0.308
CHA202107210,2021-07-21,CHA,MIN,0,0,3.91,3.62,1e-06,1e-06,CHA,CHA,0.7,0.5,0.348,0.31
HOU202107210,2021-07-21,HOU,CLE,0,0,3.68,3.49,1e-06,1e-06,HOU,HOU,0.4,0.5,0.341,0.302
CIN202107210,2021-07-21,CIN,NYN,0,0,4.56,3.02,1e-06,1e-06,CIN,CIN,1.1,0.8,0.346,0.307
SLN202107210,2021-07-21,SLN,CHN,0,0,2.56,2.26,1e-06,1e-06,SLN,SLN,0.1,0.8,0.31,0.305
ARI202107210,2021-07-21,ARI,PIT,0,0,7.56,4.33,1e-06,1e-06,ARI,ARI,0.3,0.5,0.322,0.297
COL202107210,2021-07-21,COL,SEA,5,0,4.53,4.94,1e-06,1e-06,COL,COL,0.2,0.5,0.341,0.309
NYA202107210,2021-07-21,NYA,PHI,0,1,14.29,1.36,1e-06,1e-06,NYA,NYA,0.9,0.6,0.323,0.311
TBA202107210,2021-07-21,TBA,BAL,1,1,1.55,5.17,1e-06,1e-06,TBA,TBA,0.6,0.8,0.328,0.291
LAN202107210,2021-07-21,LAN,SFN,1,1,2.22,2.37,1e-06,1e-06,LAN,LAN,1.5,0.6,0.334,0.316
LAN202107220,2021-07-22,LAN,SFN,1,1,2.22,2.37,1e-06,1e-06,LAN,LAN,1.6,0.7,0.334,0.316
CLE202107220,2021-07-22,CLE,TBA,0,0,3.49,3.59,1793.7234420980124,1529.408250521614,HOU,TBA,0.3,0.2,0.306,0.312
MIN202107220,2021-07-22,MIN,ANA,0,0,4.66,5.83,571.0232496384983,2531.5923192792015,CHA,OAK,0.3,0.5,0.318,0.301
DET202107220,2021-07-22,DET,TEX,3,0,3.42,5.44,1e-06,1e-06,DET,DET,0.4,0.1,0.311,0.288
BOS202107220,2021-07-22,BOS,NYA,0,0,3.79,14.29,691.6136251477402,306.2037667286439,TOR,NYA,1.3,0.6,0.349,0.32
PHI202107220,2021-07-22,PHI,ATL,0,1,6.29,3.34,129.48897528262268,1071.2330338826837,NYA,ATL,0.8,0.4,0.324,0.312
SEA202107220,2021-07-22,SEA,OAK,0,0,3.61,3.91,1640.846947858291,1089.6592015072615,COL,OAK,0.3,1.1,0.295,0.319
SLN202107220,2021-07-22,SLN,CHN,1,0,3.46,4.58,1e-06,1e-06,SLN,SLN,0.0,0.8,0.31,0.305
MIA202107220,2021-07-22,MIA,SDN,0,0,4.0,4.2,1489.628641346009,973.359131898138,WAS,ATL,1.2,1.2,0.303,0.312
CLE202107230,2021-07-23,CLE,TBA,0,0,5.05,3.7,1e-06,1e-06,CLE,CLE,0.1,0.2,0.306,0.312
PHI202107230,2021-07-23,PHI,ATL,1,0,2.78,3.04,1e-06,1e-06,PHI,PHI,0.8,0.4,0.324,0.312
LAN202107230,2021-07-23,LAN,COL,3,0,4.2,5.21,1e-06,1336.5596902131042,LAN,COL,1.5,0.1,0.334,0.291
CHN202107230,2021-07-23,CHN,ARI,3,0,5.78,4.3,422.4920912040455,2336.6124175783,SLN,ARI,0.6,0.1,0.318,0.296
KCA202107230,2021-07-23,KCA,DET,0,0,4.43,3.07,707.8851314063497,1034.95696626315,MIL,DET,0.1,0.1,0.322,0.304
BAL202107230,2021-07-23,BAL,WAS,0,0,6.08,5.82,1393.7772067986984,55.02896457567408,TBA,WAS,0.3,0.9,0.317,0.334
MIA202107230,2021-07-23,MIA,SDN,0,2,3.24,3.18,1e-06,1e-06,MIA,MIA,0.8,1.2,0.303,0.312
MIN202107230,2021-07-23,MIN,ANA,0,3,2.48,2.57,1e-06,1e-06,MIN,MIN,0.2,0.5,0.318,0.301
NYN202107230,2021-07-23,NYN,TOR,2,0,4.52,3.82,913.3322258208744,550.2922217550002,CIN,TOR,0.9,0.8,0.323,0.325
BOS202107230,2021-07-23,BOS,NYA,0,0,4.28,3.23,1e-06,1e-06,BOS,BOS,1.0,0.6,0.349,0.32
SFN202107230,2021-07-23,SFN,PIT,0,0,1.51,3.63,559.4406195325591,1050.993394248722,LAN,ARI,0.8,0.2,0.336,0.297
MIL202107230,2021-07-23,MIL,CHA,0,0,3.22,3.53,1e-06,132.54357794550742,MIL,CHA,0.7,0.4,0.314,0.325
CIN202107230,2021-07-23,CIN,SLN,2,1,6.3,3.02,1e-06,494.9532553693752,CIN,SLN,0.7,0.4,0.346,0.316
SEA202107230,2021-07-23,SEA,OAK,0,0,3.06,3.86,1e-06,1e-06,SEA,SEA,0.3,0.8,0.295,0.319
HOU202107230,2021-07-23,HOU,TEX,0,0,4.5,5.41,1e-06,1780.0976623230767,HOU,DET,0.4,0.0,0.341,0.288
MIN202107240,2021-07-24,MIN,ANA,0,2,3.52,3.62,1e-06,1e-06,MIN,MIN,0.1,0.8,0.318,0.301
MIL202107240,2021-07-24,MIL,CHA,1,0,2.43,2.37,1e-06,1e-06,MIL,MIL,0.7,0.4,0.314,0.325
CLE202107240,2021-07-24,CLE,TBA,0,1,,2.31,1e-06,1e-06,CLE,CLE,0.0,0.2,0.306,0.312
BAL202107240,2021-07-24,BAL,WAS,1,0,6.27,4.71,1e-06,1e-06,BAL,BAL,0.3,0.9,0.317,0.334
PHI202107240,2021-07-24,PHI,ATL,0,2,6.3,6.57,1e-06,1e-06,PHI,PHI,0.8,0.4,0.324,0.312
CIN202107240,2021-07-24,CIN,SLN,0,0,3.98,3.99,1e-06,1e-06,CIN,CIN,0.9,0.5,0.346,0.316
LAN202107240,2021-07-24,LAN,COL,0,0,3.23,4.33,1e-06,1e-06,LAN,LAN,1.8,0.1,0.334,0.291
CHN202107240,2021-07-24,CHN,ARI,0,0,1.83,4.44,1e-06,1e-06,CHN,CHN,0.9,0.1,0.318,0.296
BOS202107240,2021-07-24,BOS,NYA,1,0,4.21,4.3,1e-06,1e-06,BOS,BOS,1.0,0.6,0.349,0.32
SFN202107240,2021-07-24,SFN,PIT,0,1,2.81,5.48,1e-06,1e-06,SFN,SFN,0.5,0.2,0.336,0.297
MIA202107240,2021-07-24,MIA,SDN,0,1,5.03,3.62,1e-06,1e-06,MIA,MIA,0.6,1.4,0.303,0.312
SEA202107240,2021-07-24,SEA,OAK,1,0,1.77,3.18,1e-06,1e-06,SEA,SEA,0.3,0.8,0.295,0.319
KCA202107240,2021-07-24,KCA,DET,0,0,3.66,3.42,1e-06,1e-06,KCA,KCA,0.1,0.1,0.322,0.304
HOU202107240,2021-07-24,HOU,TEX,1,0,3.14,3.71,1e-06,1e-06,HOU,HOU,0.4,0.0,0.341,0.288
NYN202107240,2021-07-24,NYN,TOR,0,0,4.47,3.5,1e-06,1e-06,NYN,NYN,1.1,0.8,0.323,0.325
CLE202107250,2021-07-25,CLE,TBA,1,1,4.07,3.7,1e-06,1e-06,CLE,CLE,0.0,0.3,0.306,0.312
MIA202107250,2021-07-25,MIA,SDN,0,0,2.79,4.22,1e-06,1e-06,MIA,MIA,0.5,1.3,0.303,0.312
MIL202107250,2021-07-25,MIL,CHA,0,0,2.56,2.69,1e-06,1e-06,MIL,MIL,0.6,0.2,0.314,0.325
LAN202107250,2021-07-25,LAN,COL,1,1,2.81,4.38,1e-06,1e-06,LAN,LAN,1.6,0.1,0.334,0.291
PHI202107250,2021-07-25,PHI,ATL,0,0,4.63,4.5,1e-06,1e-06,PHI,PHI,0.8,0.6,0.324,0.312
KCA202107250,2021-07-25,KCA,DET,4,0,5.69,4.34,1e-06,1e-06,KCA,KCA,0.1,0.1,0.322,0.304
CHN202107250,2021-07-25,CHN,ARI,3,0,4.35,4.83,1e-06,1e-06,CHN,CHN,0.9,0.1,0.318,0.296
MIN202107250,2021-07-25,MIN,ANA,2,0,,4.61,1e-06,1e-06,MIN,MIN,0.0,0.8,0.318,0.301
SEA202107250,2021-07-25,SEA,OAK,0,0,3.96,4.24,1e-06,1e-06,SEA,SEA,0.4,0.8,0.295,0.319
BOS202107250,2021-07-25,BOS,NYA,0,0,5.46,2.17,1e-06,1e-06,BOS,BOS,0.7,0.6,0.349,0.32
HOU202107250,2021-07-25,HOU,TEX,0,0,4.16,4.28,1e-06,1e-06,HOU,HOU,0.3,0.0,0.341,0.288
CIN202107250,2021-07-25,CIN,SLN,3,2,4.19,4.56,1e-06,1e-06,CIN,CIN,0.9,0.5,0.346,0.316
SFN202107250,2021-07-25,SFN,PIT,1,1,3.83,5.36,1e-06,1e-06,SFN,SFN,0.5,0.3,0.336,0.297
NYN202107250,2021-07-25,NYN,TOR,0,0,3.5,6.28,1e-06,1e-06,NYN,NYN,1.1,0.6,0.323,0.325
BAL202107250,2021-07-25,BAL,WAS,1,1,2.7,3.9,1e-06,1e-06,BAL,BAL,0.3,0.8,0.317,0.334
ANA202107260,2021-07-26,ANA,COL,2,0,3.18,4.4,2437.087352189671,40.86770847173621,MIN,LAN,0.9,0.1,0.318,0.291
BOS202107260,2021-07-26,BOS,TOR,0,0,4.21,3.5,1e-06,306.2037667286439,BOS,NYN,0.6,0.6,0.349,0.325
PHI202107260,2021-07-26,PHI,WAS,0,0,3.71,3.9,1e-06,144.5656230575587,PHI,BAL,0.6,0.8,0.324,0.334
CHN202107260,2021-07-26,CHN,CIN,2,0,2.26,5.59,1e-06,406.2527329885922,CHN,CIN,1.2,0.1,0.318,0.31
NYN202107261,2021-07-26,NYN,ATL,0,0,3.02,4.17,1e-06,1e-06,NYN,NYN,1.1,0.6,0.323,0.312
NYN202107262,2021-07-26,NYN,ATL,0,0,3.59,1.98,1e-06,129.48897528262268,NYN,PHI,1.1,0.5,0.323,0.312
SEA202107260,2021-07-26,SEA,HOU,0,6,1.77,3.42,1e-06,3039.1839825945185,SEA,HOU,0.4,0.1,0.295,0.336
KCA202107260,2021-07-26,KCA,CHA,0,0,5.05,5.28,1e-06,707.8851314063497,KCA,MIL,0.5,0.0,0.322,0.325
MIN202107260,2021-07-26,MIN,DET,0,0,3.23,3.39,1e-06,662.9211681328137,MIN,KCA,0.2,0.1,0.318,0.304
SFN202107270,2021-07-27,SFN,LAN,0,0,2.22,1.99,1e-06,559.4406195325591,SFN,LAN,0.6,0.6,0.336,0.324
CHN202107270,2021-07-27,CHN,CIN,2,2,4.58,4.74,1e-06,1e-06,CHN,CHN,1.4,0.1,0.318,0.31
BAL202107270,2021-07-27,BAL,MIA,0,0,8.07,3.19,1e-06,1539.1317139517298,BAL,MIA,0.4,0.2,0.317,0.294
SDN202107270,2021-07-27,SDN,OAK,0,0,5.07,4.07,3647.952032104879,1711.8059777853623,MIA,SEA,0.6,0.6,0.331,0.319
SEA202107270,2021-07-27,SEA,HOU,2,3,3.61,3.16,1e-06,1e-06,SEA,SEA,0.4,0.7,0.295,0.336
PHI202107270,2021-07-27,PHI,WAS,1,3,6.29,6.33,1e-06,1e-06,PHI,PHI,0.6,0.7,0.324,0.334
NYN202107270,2021-07-27,NYN,ATL,0,2,8.69,3.34,1e-06,1e-06,NYN,NYN,1.1,0.5,0.323,0.312
MIN202107270,2021-07-27,MIN,DET,4,0,3.92,3.65,1e-06,1e-06,MIN,MIN,0.2,0.1,0.318,0.304
CLE202107270,2021-07-27,CLE,SLN,0,0,3.49,3.05,1e-06,358.1075548344512,CLE,CIN,0.1,0.7,0.306,0.316
TEX202107270,2021-07-27,TEX,ARI,0,0,4.51,4.35,368.5990384284446,1309.650558347085,HOU,CHN,0.5,0.0,0.301,0.296
PIT202107270,2021-07-27,PIT,MIL,0,3,8.8,4.22,3638.3530777091846,722.0054120555708,SFN,MIL,1.0,0.6,0.322,0.318
KCA202107270,2021-07-27,KCA,CHA,0,0,4.83,3.43,1e-06,1e-06,KCA,KCA,0.5,0.0,0.322,0.325
ANA202107270,2021-07-27,ANA,COL,0,2,3.75,4.53,1e-06,1e-06,ANA,ANA,1.1,0.1,0.318,0.291
TBA202107270,2021-07-27,TBA,NYA,0,0,3.43,3.83,1529.408250521614,1926.694381718032,CLE,BOS,0.7,0.6,0.328,0.32
SEA202107280,2021-07-28,SEA,HOU,0,0,4.41,4.21,1e-06,1e-06,SEA,SEA,0.5,1.0,0.295,0.336
BOS202107281,2021-07-28,BOS,TOR,1,0,4.87,2.84,1e-06,1e-06,BOS,BOS,0.4,0.6,0.349,0.325
PIT202107280,2021-07-28,PIT,MIL,0,1,6.28,3.22,1e-06,1e-06,PIT,PIT,1.0,0.9,0.322,0.318
NYN202107280,2021-07-28,NYN,ATL,0,0,3.59,3.04,1e-06,1e-06,NYN,NYN,1.0,0.6,0.323,0.312
SDN202107280,2021-07-28,SDN,OAK,0,4,4.2,3.91,1e-06,1e-06,SDN,SDN,0.2,0.3,0.331,0.319
BAL202107280,2021-07-28,BAL,MIA,0,2,5.17,2.75,1e-06,1e-06,BAL,BAL,0.4,0.2,0.317,0.294
TEX202107280,2021-07-28,TEX,ARI,0,0,3.18,4.67,1e-06,1e-06,TEX,TEX,0.5,0.0,0.301,0.296
BOS202107282,2021-07-28,BOS,TOR,1,0,1.96,3.82,1e-06,1e-06,BOS,BOS,0.5,0.4,0.349,0.325
MIN202107280,2021-07-28,MIN,DET,0,0,5.79,5.07,1e-06,1e-06,MIN,MIN,0.6,0.1,0.318,0.304
KCA202107280,2021-07-28,KCA,CHA,0,0,2.42,2.45,1e-06,1e-06,KCA,KCA,0.5,0.0,0.322,0.325
CHN202107280,2021-07-28,CHN,CIN,0,0,5.78,3.75,1e-06,1e-06,CHN,CHN,1.6,0.3,0.318,0.31
SFN202107280,2021-07-28,SFN,LAN,0,0,3.17,2.47,1e-06,1e-06,SFN,SFN,0.6,0.6,0.336,0.324
TBA202107280,2021-07-28,TBA,NYA,0,0,3.59,3.12,1e-06,1e-06,TBA,TBA,0.7,0.3,0.328,0.32
ANA202107280,2021-07-28,ANA,COL,1,2,2.57,4.38,1e-06,1e-06,ANA,ANA,1.1,0.3,0.318,0.291
CLE202107280,2021-07-28,CLE,SLN,0,1,4.67,3.46,1e-06,1e-06,CLE,CLE,0.1,0.7,0.306,0.316
PHI202107292,2021-07-29,PHI,WAS,0,4,1.36,5.6,1e-06,1e-06,PHI,PHI,0.7,1.0,0.324,0.334
KCA202107290,2021-07-29,KCA,CHA,2,0,3.68,2.37,1e-06,1e-06,KCA,KCA,0.5,0.0,0.322,0.325
NYN202107290,2021-07-29,NYN,ATL,0,0,4.47,2.14,1e-06,1e-06,NYN,NYN,1.0,0.5,0.323,0.312
PHI202107291,2021-07-29,PHI,WAS,0,0,2.78,2.46,1e-06,1e-06,PHI,PHI,0.7,1.1,0.324,0.334
PIT202107290,2021-07-29,PIT,MIL,0,0,4.82,2.81,1e-06,1e-06,PIT,PIT,1.0,0.9,0.322,0.318
SDN202107290,2021-07-29,SDN,COL,1,0,3.18,4.33,1e-06,141.8121399568677,SDN,ANA,0.2,0.5,0.331,0.291
TBA202107290,2021-07-29,TBA,NYA,4,0,4.31,3.23,1e-06,1e-06,TBA,TBA,0.7,0.0,0.328,0.32
CHN202107290,2021-07-29,CHN,CIN,0,2,5.07,3.98,1e-06,1e-06,CHN,CHN,1.6,0.3,0.318,0.31
ANA202107290,2021-07-29,ANA,OAK,0,3,6.06,3.37,1e-06,141.8121399568677,ANA,SDN,1.0,0.6,0.318,0.319
BOS202107290,2021-07-29,BOS,TOR,0,3,4.74,4.37,1e-06,1e-06,BOS,BOS,0.5,0.3,0.349,0.325
SFN202107290,2021-07-29,SFN,LAN,2,0,4.08,4.03,1e-06,1e-06,SFN,SFN,0.6,0.6,0.336,0.324
DET202107290,2021-07-29,DET,BAL,2,0,3.71,6.75,872.516450655481,638.3359432178316,MIN,BAL,0.7,0.8,0.311,0.291
ATL202107300,2021-07-30,ATL,MIL,4,0,4.5,3.34,1200.4511584455877,840.3908477621023,NYN,PIT,0.5,0.6,0.325,0.318
PIT202107300,2021-07-30,PIT,PHI,3,0,5.48,6.3,1e-06,412.2899901216241,PIT,PHI,1.0,0.7,0.322,0.311
NYN202107300,2021-07-30,NYN,CIN,1,1,3.45,4.19,1e-06,1144.129935670241,NYN,CHN,0.8,0.5,0.323,0.31
TBA202107300,2021-07-30,TBA,BOS,2,0,5.09,4.74,1e-06,1926.694381718032,TBA,BOS,0.8,0.9,0.328,0.308
ANA202107300,2021-07-30,ANA,OAK,0,0,3.62,3.15,1e-06,1e-06,ANA,ANA,0.8,0.7,0.318,0.319
MIA202107300,2021-07-30,MIA,NYA,0,0,3.24,4.3,1539.1317139517298,319.9354673545946,BAL,TBA,0.5,0.0,0.303,0.32
WAS202107300,2021-07-30,WAS,CHN,0,0,4.27,7.39,197.2342958595587,956.88299544195,PHI,CHN,0.9,0.1,0.34,0.305
SFN202107300,2021-07-30,SFN,HOU,0,2,2.81,3.14,1e-06,1092.0187760809354,SFN,SEA,0.8,1.0,0.336,0.336
SLN202107300,2021-07-30,SLN,MIN,0,0,4.56,3.18,790.4867119732073,750.9189277472408,CLE,MIN,0.1,0.5,0.31,0.31
TEX202107300,2021-07-30,TEX,SEA,0,0,5.41,4.68,1e-06,2688.6235870338205,TEX,SEA,0.5,0.5,0.301,0.309
CHA202107300,2021-07-30,CHA,CLE,0,2,3.05,4.07,663.9206411727051,494.38381964269325,KCA,CLE,0.5,0.1,0.348,0.302
SDN202107300,2021-07-30,SDN,COL,0,4,5.32,4.59,1e-06,1e-06,SDN,SDN,0.1,0.5,0.331,0.291
TOR202107300,2021-07-30,TOR,KCA,0,0,4.8,5.69,691.6136251477402,1362.7751953099455,BOS,KCA,1.0,0.5,0.336,0.291
DET202107300,2021-07-30,DET,BAL,0,0,4.34,6.27,1e-06,1e-06,DET,DET,0.9,0.4,0.311,0.291
ARI202107300,2021-07-30,ARI,LAN,0,0,4.9,1.86,1401.854927086376,1050.993394248722,TEX,SFN,0.3,0.6,0.322,0.324
CHA202107310,2021-07-31,CHA,CLE,0,0,3.5,4.71,1e-06,1e-06,CHA,CHA,0.4,0.3,0.348,0.302
ANA202107310,2021-07-31,ANA,OAK,0,0,4.61,4.24,1e-06,1e-06,ANA,ANA,0.8,0.7,0.318,0.319
TBA202107310,2021-07-31,TBA,BOS,2,3,1.88,3.75,1e-06,1e-06,TBA,TBA,1.0,0.9,0.328,0.308
WAS202107310,2021-07-31,WAS,CHN,1,1,4.17,4.77,1e-06,1e-06,WAS,WAS,0.8,0.1,0.34,0.305
SLN202107310,2021-07-31,SLN,MIN,0,2,3.99,3.92,1e-06,1e-06,SLN,SLN,0.1,0.2,0.31,0.31
PIT202107310,2021-07-31,PIT,PHI,0,0,3.63,4.2,1e-06,1e-06,PIT,PIT,1.2,0.7,0.322,0.311
DET202107310,2021-07-31,DET,BAL,0,0,5.8,3.62,1e-06,1e-06,DET,DET,0.9,0.3,0.311,0.291
MIA202107310,2021-07-31,MIA,NYA,0,0,9.9,2.74,1e-06,1e-06,MIA,MIA,0.5,0.0,0.303,0.32
TOR202107310,2021-07-31,TOR,KCA,1,0,3.22,5.05,1e-06,1e-06,TOR,TOR,1.0,0.5,0.336,0.291
ATL202107310,2021-07-31,ATL,MIL,0,0,2.14,2.56,1e-06,1e-06,ATL,ATL,0.6,0.6,0.325,0.318
NYN202107310,2021-07-31,NYN,CIN,0,0,3.45,2.51,1e-06,1e-06,NYN,NYN,0.8,0.6,0.323,0.31
SDN202107310,2021-07-31,SDN,COL,0,0,4.22,4.4,1e-06,1e-06,SDN,SDN,0.1,0.9,0.331,0.291
ARI202107310,2021-07-31,ARI,LAN,0,0,4.44,2.25,1e-06,1e-06,ARI,ARI,0.3,0.6,0.322,0.324
TEX202107310,2021-07-31,TEX,SEA,0,2,3.83,2.78,1e-06,1e-06,TEX,TEX,0.5,0.5,0.301,0.309
SFN202107310,2021-07-31,SFN,HOU,0,0,3.74,3.16,1e-06,1e-06,SFN,SFN,0.7,1.2,0.336,0.336
MIA202108010,2021-08-01,MIA,NYA,1,0,3.82,4.66,1e-06,1e-06,MIA,MIA,0.4,0.0,0.303,0.32
SDN202108010,2021-08-01,SDN,COL,4,0,3.06,4.53,1e-06,1e-06,SDN,SDN,0.1,0.9,0.331,0.291
TOR202108010,2021-08-01,TOR,KCA,0,0,3.52,5.39,1e-06,1e-06,TOR,TOR,1.0,0.2,0.336,0.291
TEX202108010,2021-08-01,TEX,SEA,0,0,4.28,3.31,1e-06,1e-06,TEX,TEX,0.2,0.7,0.301,0.309
SLN202108010,2021-08-01,SLN,MIN,0,0,3.05,3.62,1e-06,1e-06,SLN,SLN,0.1,0.4,0.31,0.31
TBA202108010,2021-08-01,TBA,BOS,0,0,3.43,4.53,1e-06,1e-06,TBA,TBA,1.2,1.2,0.328,0.308
WAS202108010,2021-08-01,WAS,CHN,0,1,3.55,6.11,1e-06,1e-06,WAS,WAS,0.9,0.2,0.34,0.305
SFN202108010,2021-08-01,SFN,HOU,0,2,3.03,,1e-06,1e-06,SFN,SFN,0.6,1.2,0.336,0.336
ARI202108010,2021-08-01,ARI,LAN,0,0,4.83,2.96,1e-06,1e-06,ARI,ARI,0.0,0.6,0.322,0.324
DET202108010,2021-08-01,DET,BAL,3,2,5.74,8.07,1e-06,1e-06,DET,DET,0.8,0.3,0.311,0.291
ATL202108010,2021-08-01,ATL,MIL,0,1,3.34,4.22,1e-06,1e-06,ATL,ATL,0.5,0.6,0.325,0.318
CHA202108010,2021-08-01,CHA,CLE,0,0,2.54,5.05,1e-06,1e-06,CHA,CHA,0.4,0.3,0.348,0.302
ANA202108010,2021-08-01,ANA,OAK,2,0,7.4,3.6,1e-06,1e-06,ANA,ANA,0.5,0.7,0.318,0.319
PIT202108010,2021-08-01,PIT,PHI,0,1,6.17,3.71,1e-06,1e-06,PIT,PIT,1.2,0.7,0.322,0.311
NYN202108010,2021-08-01,NYN,CIN,0,0,3.02,4.74,1e-06,1e-06,NYN,NYN,0.3,0.6,0.323,0.31
MIL202108020,2021-08-02,MIL,PIT,0,0,3.19,5.35,1079.4745171093869,722.0054120555708,ATL,PIT,0.5,0.2,0.314,0.297
WAS202108020,2021-08-02,WAS,PHI,0,0,5.56,3.71,1e-06,305.44483751928374,WAS,PIT,0.9,0.4,0.34,0.311
ARI202108020,2021-08-02,ARI,SFN,0,0,6.43,2.62,1e-06,1050.993394248722,ARI,SFN,0.0,0.7,0.322,0.316
NYA202108020,2021-08-02,NYA,BAL,0,0,5.83,6.07,1756.5620451799746,773.7548030957365,MIA,DET,0.8,0.5,0.323,0.291
TEX202108020,2021-08-02,TEX,ANA,0,0,4.51,3.64,1e-06,1938.7751997181072,TEX,ANA,0.2,0.8,0.301,0.301
TOR202108020,2021-08-02,TOR,CLE,0,0,3.9,3.49,1e-06,700.98343821047,TOR,CHA,0.8,0.3,0.336,0.302
TBA202108020,2021-08-02,TBA,SEA,0,0,5.05,3.61,1e-06,1496.616116420437,TBA,TEX,1.1,0.7,0.328,0.309
MIA202108020,2021-08-02,MIA,NYN,4,0,6.61,4.52,1e-06,1756.5620451799746,MIA,NYN,0.4,0.6,0.303,0.307
WAS202108030,2021-08-03,WAS,PHI,0,1,5.82,2.78,1e-06,1e-06,WAS,WAS,0.9,0.4,0.34,0.311
NYA202108030,2021-08-03,NYA,BAL,0,0,3.07,6.75,1e-06,1e-06,NYA,NYA,0.7,0.5,0.323,0.291
TEX202108030,2021-08-03,TEX,ANA,0,0,5.15,3.75,1e-06,1e-06,TEX,TEX,0.2,0.6,0.301,0.301
ARI202108030,2021-08-03,ARI,SFN,0,0,4.67,4.08,1e-06,1e-06,ARI,ARI,0.0,0.7,0.322,0.316
DET202108030,2021-08-03,DET,BOS,0,1,3.42,4.87,1e-06,1620.843911772028,DET,TBA,1.0,1.2,0.311,0.308
CHA202108030,2021-08-03,CHA,KCA,0,0,3.91,4.43,1e-06,700.98343821047,CHA,TOR,0.4,0.1,0.348,0.291
OAK202108030,2021-08-03,OAK,SDN,0,1,3.91,4.2,592.0809005913671,731.4285571970996,ANA,SDN,0.1,1.1,0.313,0.312
SLN202108030,2021-08-03,SLN,ATL,0,5,4.71,3.04,1e-06,751.930362209131,SLN,ATL,0.1,0.5,0.31,0.312
TOR202108030,2021-08-03,TOR,CLE,3,0,4.37,4.67,1e-06,1e-06,TOR,TOR,0.8,0.3,0.336,0.302
COL202108030,2021-08-03,COL,CHN,0,0,4.33,5.78,1340.79250926624,2397.8679070622884,SDN,WAS,0.7,0.2,0.341,0.305
TBA202108030,2021-08-03,TBA,SEA,1,0,4.31,4.41,1e-06,1e-06,TBA,TBA,1.1,0.7,0.328,0.309
LAN202108030,2021-08-03,LAN,HOU,0,0,2.47,3.16,574.8341159449532,559.4406195325591,ARI,SFN,1.5,1.3,0.334,0.336
MIA202108030,2021-08-03,MIA,NYN,0,0,4.54,4.47,1e-06,1e-06,MIA,MIA,0.8,0.5,0.303,0.307
CIN202108030,2021-08-03,CIN,MIN,0,0,5.59,,913.3322258208744,494.9532553693752,NYN,SLN,1.2,0.4,0.346,0.31
MIL202108030,2021-08-03,MIL,PIT,1,0,18.0,2.23,1e-06,1e-06,MIL,MIL,0.4,0.2,0.314,0.297
OAK202108040,2021-08-04,OAK,SDN,0,0,3.18,3.62,1e-06,1e-06,OAK,OAK,0.1,1.0,0.313,0.312
TEX202108040,2021-08-04,TEX,ANA,0,0,5.41,3.18,1e-06,1e-06,TEX,TEX,0.2,0.5,0.301,0.301
COL202108040,2021-08-04,COL,CHN,2,0,4.59,5.07,1e-06,1e-06,COL,COL,0.7,0.2,0.341,0.305
CHA202108040,2021-08-04,CHA,KCA,0,1,3.53,3.68,1e-06,1e-06,CHA,CHA,0.3,0.1,0.348,0.291
TOR202108040,2021-08-04,TOR,CLE,4,0,3.82,,1e-06,1e-06,TOR,TOR,1.1,0.3,0.336,0.302
SLN202108040,2021-08-04,SLN,ATL,3,0,3.02,3.95,1e-06,1e-06,SLN,SLN,0.1,1.0,0.31,0.312
MIA202108040,2021-08-04,MIA,NYN,0,0,3.82,3.45,1e-06,1e-06,MIA,MIA,0.8,0.5,0.303,0.307
MIL202108040,2021-08-04,MIL,PIT,0,0,3.07,6.48,1e-06,1e-06,MIL,MIL,0.3,0.2,0.314,0.297
DET202108040,2021-08-04,DET,BOS,0,0,3.71,4.74,1e-06,1e-06,DET,DET,1.0,1.2,0.311,0.308
LAN202108040,2021-08-04,LAN,HOU,4,1,2.46,4.21,1e-06,1e-06,LAN,LAN,1.5,1.3,0.334,0.336
WAS202108040,2021-08-04,WAS,PHI,1,0,4.27,6.29,1e-06,1e-06,WAS,WAS,0.6,0.5,0.34,0.311
CIN202108040,2021-08-04,CIN,MIN,0,1,3.98,5.92,1e-06,1e-06,CIN,CIN,1.2,0.4,0.346,0.31
NYA202108040,2021-08-04,NYA,BAL,0,2,2.17,2.7,1e-06,1e-06,NYA,NYA,0.0,0.5,0.323,0.291
TBA202108040,2021-08-04,TBA,SEA,0,0,5.09,4.68,1e-06,1e-06,TBA,TBA,1.2,0.5,0.328,0.309
ARI202108040,2021-08-04,ARI,SFN,0,0,4.3,2.81,1e-06,1e-06,ARI,ARI,0.0,0.7,0.322,0.316
DET202108050,2021-08-05,DET,BOS,1,0,4.34,4.74,1e-06,1e-06,DET,DET,1.0,1.2,0.311,0.308
HOU202108050,2021-08-05,HOU,MIN,0,0,3.14,6.37,2205.5170699182067,1437.2452542414687,LAN,CIN,0.3,0.4,0.341,0.31
WAS202108050,2021-08-05,WAS,PHI,0,0,3.55,9.45,1e-06,1e-06,WAS,WAS,0.6,0.4,0.34,0.311
TOR202108050,2021-08-05,TOR,CLE,0,0,4.8,4.95,1e-06,1e-06,TOR,TOR,1.4,0.3,0.336,0.302
MIA202108050,2021-08-05,MIA,NYN,0,0,4.64,3.94,1e-06,1e-06,MIA,MIA,0.5,0.5,0.303,0.307
NYA202108050,2021-08-05,NYA,SEA,0,0,3.12,3.06,1e-06,1638.0556824552712,NYA,TBA,0.0,0.4,0.323,0.309
COL202108050,2021-08-05,COL,CHN,1,0,4.73,9.9,1e-06,1e-06,COL,COL,0.9,0.2,0.341,0.305
CIN202108050,2021-08-05,CIN,PIT,1,0,4.19,5.48,1e-06,525.1892238126902,CIN,MIL,1.0,0.2,0.346,0.297
SLN202108050,2021-08-05,SLN,ATL,0,0,3.02,3.59,1e-06,1e-06,SLN,SLN,0.4,0.9,0.31,0.312
TEX202108050,2021-08-05,TEX,ANA,0,0,7.43,6.06,1e-06,1e-06,TEX,TEX,0.2,0.5,0.301,0.301
ARI202108050,2021-08-05,ARI,SFN,2,0,3.15,2.22,1e-06,1e-06,ARI,ARI,0.0,0.5,0.322,0.316
CHA202108050,2021-08-05,CHA,KCA,1,2,5.28,5.69,1e-06,1e-06,CHA,CHA,0.3,0.2,0.348,0.291
HOU202108060,2021-08-06,HOU,MIN,0,0,6.39,2.48,1e-06,1e-06,HOU,HOU,0.3,0.4,0.341,0.31
ATL202108060,2021-08-06,ATL,WAS,2,0,3.59,5.47,751.930362209131,874.0887985860761,SLN,WAS,0.5,0.8,0.325,0.334
MIL202108060,2021-08-06,MIL,SFN,0,0,3.07,2.62,1e-06,2349.997873269975,MIL,ARI,0.3,0.5,0.314,0.316
CIN202108060,2021-08-06,CIN,PIT,7,0,3.37,5.36,1e-06,1e-06,CIN,CIN,1.1,0.2,0.346,0.297
COL202108060,2021-08-06,COL,MIA,0,0,4.4,3.19,1e-06,2773.388608504832,COL,MIA,1.0,0.4,0.341,0.294
SDN202108060,2021-08-06,SDN,ARI,0,0,5.32,4.9,731.4285571970996,481.0116378281714,OAK,ARI,0.5,0.0,0.331,0.296
NYA202108060,2021-08-06,NYA,SEA,0,0,5.15,4.94,1e-06,1e-06,NYA,NYA,0.0,0.4,0.323,0.309
OAK202108060,2021-08-06,OAK,TEX,0,0,3.92,5.3,1e-06,2350.5503898425545,OAK,TEX,0.1,0.0,0.313,0.288
CLE202108060,2021-08-06,CLE,DET,0,0,2.89,5.8,305.2632734150024,145.52553501827433,TOR,DET,0.1,0.0,0.306,0.304
SLN202108060,2021-08-06,SLN,KCA,1,0,3.05,5.05,1e-06,422.4920912040455,SLN,CHA,0.4,0.4,0.31,0.291
LAN202108060,2021-08-06,LAN,ANA,1,0,3.0,1.77,1e-06,1971.1455630393184,LAN,TEX,1.4,0.5,0.334,0.301
PHI202108060,2021-08-06,PHI,NYN,0,0,3.71,3.02,197.2342958595587,1644.1190984600378,WAS,MIA,0.4,0.4,0.324,0.307
CHN202108060,2021-08-06,CHN,CHA,0,0,6.11,2.54,1477.450780411816,1e-06,COL,CHA,1.3,0.0,0.318,0.325
BAL202108060,2021-08-06,BAL,TBA,1,0,6.08,2.84,272.81937803481173,1393.7772067986984,NYA,TBA,0.4,0.2,0.317,0.312
TOR202108060,2021-08-06,TOR,BOS,0,0,3.22,3.75,1e-06,332.4198044988213,TOR,DET,0.8,1.2,0.336,0.308
ATL202108070,2021-08-07,ATL,WAS,1,0,,3.53,1e-06,1e-06,ATL,ATL,0.7,0.8,0.325,0.334
COL202108070,2021-08-07,COL,MIA,0,0,4.53,6.61,1e-06,1e-06,COL,COL,1.0,0.4,0.341,0.294
CIN202108070,2021-08-07,CIN,PIT,0,0,4.74,6.17,1e-06,1e-06,CIN,CIN,1.8,0.2,0.346,0.297
SLN202108070,2021-08-07,SLN,KCA,2,0,3.48,5.39,1e-06,1e-06,SLN,SLN,0.5,0.4,0.31,0.291
OAK202108070,2021-08-07,OAK,TEX,0,2,4.24,3.27,1e-06,1e-06,OAK,OAK,0.1,0.0,0.313,0.288
NYA202108070,2021-08-07,NYA,SEA,1,2,5.83,4.61,1e-06,1e-06,NYA,NYA,0.0,0.2,0.323,0.309
CLE202108070,2021-08-07,CLE,DET,0,0,5.34,3.81,1e-06,1e-06,CLE,CLE,0.1,0.0,0.306,0.304
HOU202108070,2021-08-07,HOU,MIN,0,0,,3.62,1e-06,1e-06,HOU,HOU,0.3,0.4,0.341,0.31
PHI202108070,2021-08-07,PHI,NYN,0,0,4.95,4.52,1e-06,1e-06,PHI,PHI,0.2,0.4,0.324,0.307
TOR202108072,2021-08-07,TOR,BOS,0,0,2.26,3.79,1e-06,1e-06,TOR,TOR,0.8,1.2,0.336,0.308
SDN202108070,2021-08-07,SDN,ARI,1,0,1.75,7.56,1e-06,1e-06,SDN,SDN,0.5,0.0,0.331,0.296
BAL202108070,2021-08-07,BAL,TBA,0,0,8.07,3.43,1e-06,1e-06,BAL,BAL,0.5,0.2,0.317,0.312
TOR202108071,2021-08-07,TOR,BOS,0,0,2.14,3.79,1e-06,1e-06,TOR,TOR,0.8,1.2,0.336,0.308
MIL202108070,2021-08-07,MIL,SFN,0,0,6.12,2.62,1e-06,1e-06,MIL,MIL,0.2,0.5,0.314,0.316
CHN202108070,2021-08-07,CHN,CHA,0,2,4.58,2.37,1e-06,1e-06,CHN,CHN,1.3,0.0,0.318,0.325
LAN202108070,2021-08-07,LAN,ANA,2,0,4.59,6.06,1e-06,1e-06,LAN,LAN,1.4,0.5,0.334,0.301
COL202108080,2021-08-08,COL,MIA,3,1,4.33,9.9,1e-06,1e-06,COL,COL,0.9,0.2,0.341,0.294
SDN202108080,2021-08-08,SDN,ARI,1,0,4.2,4.67,1e-06,1e-06,SDN,SDN,0.6,0.0,0.331,0.296
ATL202108080,2021-08-08,ATL,WAS,0,0,3.04,5.82,1e-06,1e-06,ATL,ATL,0.8,0.8,0.325,0.334
LAN202108080,2021-08-08,LAN,ANA,2,0,2.47,7.4,1e-06,1e-06,LAN,LAN,1.4,0.5,0.334,0.301
PHI202108080,2021-08-08,PHI,NYN,2,0,2.78,4.47,1e-06,1e-06,PHI,PHI,0.2,0.4,0.324,0.307
SLN202108080,2021-08-08,SLN,KCA,1,0,3.24,2.42,1e-06,1e-06,SLN,SLN,0.7,0.4,0.31,0.291
CLE202108080,2021-08-08,CLE,DET,1,0,3.49,5.74,1e-06,1e-06,CLE,CLE,0.1,0.0,0.306,0.304
CHN202108080,2021-08-08,CHN,CHA,0,5,5.78,3.91,1e-06,1e-06,CHN,CHN,1.0,0.2,0.318,0.325
BAL202108080,2021-08-08,BAL,TBA,1,0,6.08,2.52,1e-06,1e-06,BAL,BAL,0.5,0.2,0.317,0.312
CIN202108080,2021-08-08,CIN,PIT,0,0,3.75,5.35,1e-06,1e-06,CIN,CIN,1.4,0.2,0.346,0.297
NYA202108080,2021-08-08,NYA,SEA,0,0,2.74,3.06,1e-06,1e-06,NYA,NYA,0.1,0.4,0.323,0.309
HOU202108080,2021-08-08,HOU,MIN,1,0,3.16,4.66,1e-06,1e-06,HOU,HOU,0.3,0.3,0.341,0.31
OAK202108080,2021-08-08,OAK,TEX,3,1,4.07,5.15,1e-06,1e-06,OAK,OAK,0.1,0.2,0.313,0.288
MIL202108080,2021-08-08,MIL,SFN,0,1,3.34,3.92,1e-06,1e-06,MIL,MIL,0.2,0.5,0.314,0.316
TOR202108080,2021-08-08,TOR,BOS,1,0,5.63,3.79,1e-06,1e-06,TOR,TOR,0.8,0.4,0.336,0.308
CLE202108090,2021-08-09,CLE,CIN,1,1,4.71,3.98,1e-06,358.1075548344512,CLE,CIN,0.2,0.6,0.306,0.31
MIN202108090,2021-08-09,MIN,CHA,0,4,13.91,3.53,1702.4056315736932,571.0232496384983,HOU,CHN,0.6,0.7,0.318,0.325
SDN202108090,2021-08-09,SDN,MIA,0,0,3.18,3.24,1e-06,1340.79250926624,SDN,COL,0.7,0.3,0.331,0.294
KCA202108090,2021-08-09,KCA,NYA,0,0,4.85,3.6,382.8562661725535,1759.8286951805926,SLN,NYA,0.7,0.0,0.322,0.32
ATL202108100,2021-08-10,ATL,CIN,0,0,4.48,5.59,1e-06,893.7492632763934,ATL,CLE,0.8,0.7,0.325,0.31
SFN202108100,2021-08-10,SFN,ARI,4,0,2.92,4.9,2954.3733541563483,738.1265117326025,MIL,SDN,0.3,0.0,0.336,0.296
HOU202108100,2021-08-10,HOU,COL,0,0,4.21,4.59,1e-06,1412.379089095518,HOU,COL,0.4,0.9,0.341,0.291
PHI202108100,2021-08-10,PHI,LAN,0,0,4.95,2.25,1e-06,3844.216938115361,PHI,LAN,0.4,0.6,0.324,0.324
SDN202108100,2021-08-10,SDN,MIA,2,3,3.22,2.95,1e-06,1e-06,SDN,SDN,0.7,0.3,0.331,0.294
NYN202108100,2021-08-10,NYN,WAS,1,3,3.59,4.01,129.48897528262268,1200.4511584455877,PHI,ATL,0.1,0.8,0.323,0.334
BOS202108100,2021-08-10,BOS,TBA,0,0,3.79,1.88,691.6136251477402,578.81170796599,TOR,BAL,0.3,0.2,0.349,0.312
PIT202108100,2021-08-10,PIT,SLN,0,1,5.86,5.79,415.25842934625814,898.8824563980571,CIN,SLN,1.2,0.8,0.322,0.316
MIN202108100,2021-08-10,MIN,CHA,2,0,6.37,5.28,1e-06,1e-06,MIN,MIN,0.6,1.1,0.318,0.325
CHN202108101,2021-08-10,CHN,MIL,0,0,4.26,2.81,1e-06,1e-06,CHN,CHN,1.0,0.7,0.318,0.318
ANA202108102,2021-08-10,ANA,TOR,0,2,3.75,3.5,1e-06,1e-06,ANA,ANA,0.5,0.3,0.318,0.325
ANA202108101,2021-08-10,ANA,TOR,0,0,6.06,3.82,40.86770847173621,3477.996626466436,LAN,TOR,0.5,0.5,0.318,0.325
CHN202108102,2021-08-10,CHN,MIL,0,0,5.22,4.15,1e-06,132.54357794550742,CHN,MIL,0.7,0.6,0.318,0.318
SEA202108100,2021-08-10,SEA,TEX,0,0,3.31,3.18,3865.3953610333656,1089.6592015072615,NYA,OAK,0.4,0.3,0.295,0.288
BAL202108100,2021-08-10,BAL,DET,0,0,6.63,3.42,1e-06,495.2645964012307,BAL,CLE,0.6,0.0,0.317,0.304
KCA202108100,2021-08-10,KCA,NYA,2,0,2.88,2.9,1e-06,1e-06,KCA,KCA,0.6,0.0,0.322,0.32
CLE202108100,2021-08-10,CLE,OAK,1,0,5.05,3.18,1e-06,3466.040146226439,CLE,OAK,0.3,0.7,0.306,0.319
SFN202108110,2021-08-11,SFN,ARI,1,0,2.81,4.44,1e-06,1e-06,SFN,SFN,0.7,0.0,0.336,0.296
PHI202108110,2021-08-11,PHI,LAN,0,0,3.71,4.59,1e-06,1e-06,PHI,PHI,0.3,0.6,0.324,0.324
PIT202108110,2021-08-11,PIT,SLN,0,0,5.48,3.05,1e-06,1e-06,PIT,PIT,0.9,0.9,0.322,0.316
ATL202108110,2021-08-11,ATL,CIN,1,0,3.59,4.4,1e-06,1e-06,ATL,ATL,0.7,0.7,0.325,0.31
SEA202108110,2021-08-11,SEA,TEX,0,0,2.0,4.28,1e-06,1e-06,SEA,SEA,0.4,0.3,0.295,0.288
ANA202108110,2021-08-11,ANA,TOR,0,0,6.06,3.22,1e-06,1e-06,ANA,ANA,0.5,0.5,0.318,0.325
MIN202108110,2021-08-11,MIN,CHA,0,0,3.23,3.05,1e-06,1e-06,MIN,MIN,0.8,1.1,0.318,0.325
BAL202108110,2021-08-11,BAL,DET,0,0,6.27,4.34,1e-06,1e-06,BAL,BAL,0.6,0.0,0.317,0.304
CLE202108110,2021-08-11,CLE,OAK,2,0,2.94,3.86,1e-06,1e-06,CLE,CLE,0.4,0.7,0.306,0.319
KCA202108110,2021-08-11,KCA,NYA,1,3,4.91,3.12,1e-06,1e-06,KCA,KCA,0.8,0.0,0.322,0.32
HOU202108110,2021-08-11,HOU,COL,1,1,3.14,4.42,1e-06,1e-06,HOU,HOU,0.3,0.9,0.341,0.291
SDN202108110,2021-08-11,SDN,MIA,0,3,5.32,3.19,1e-06,1e-06,SDN,SDN,0.9,0.6,0.331,0.294
BOS202108110,2021-08-11,BOS,TBA,3,0,3.75,5.09,1e-06,1e-06,BOS,BOS,0.3,0.2,0.349,0.312
CHN202108110,2021-08-11,CHN,MIL,0,7,7.39,2.43,1e-06,1e-06,CHN,CHN,0.7,0.6,0.318,0.318
NYN202108122,2021-08-12,NYN,WAS,0,0,3.94,3.55,1e-06,1e-06,NYN,NYN,0.2,1.1,0.323,0.334
CLE202108120,2021-08-12,CLE,OAK,0,0,5.34,3.15,1e-06,1e-06,CLE,CLE,0.6,0.7,0.306,0.319
SEA202108120,2021-08-12,SEA,TEX,0,0,3.96,5.44,1e-06,1e-06,SEA,SEA,0.4,0.3,0.295,0.288
NYN202108121,2021-08-12,NYN,WAS,0,0,3.02,4.39,1e-06,1e-06,NYN,NYN,0.2,1.1,0.323,0.334
CHA202108120,2021-08-12,CHA,NYA,1,0,2.54,,571.0232496384983,663.9206411727051,MIN,KCA,0.4,0.3,0.348,0.32
PHI202108120,2021-08-12,PHI,LAN,1,0,3.71,3.66,1e-06,1e-06,PHI,PHI,0.3,0.1,0.324,0.324
BAL202108120,2021-08-12,BAL,DET,0,0,3.62,5.8,1e-06,1e-06,BAL,BAL,0.4,0.0,0.317,0.304
ATL202108120,2021-08-12,ATL,CIN,1,0,4.17,4.74,1e-06,1e-06,ATL,ATL,0.8,0.6,0.325,0.31
ARI202108120,2021-08-12,ARI,SDN,0,2,4.83,4.22,1050.993394248722,481.0116378281714,SFN,SDN,0.2,0.8,0.322,0.312
PIT202108120,2021-08-12,PIT,SLN,3,1,5.36,2.56,1e-06,1e-06,PIT,PIT,0.9,0.7,0.322,0.316
ANA202108120,2021-08-12,ANA,TOR,0,0,3.18,3.52,1e-06,1e-06,ANA,ANA,0.5,0.5,0.318,0.325
BOS202108120,2021-08-12,BOS,TBA,0,0,3.52,1.55,1e-06,1e-06,BOS,BOS,0.6,0.2,0.349,0.312
CHN202108120,2021-08-12,CHN,MIL,0,0,4.77,2.61,1e-06,1e-06,CHN,CHN,0.4,1.3,0.318,0.318
SFN202108120,2021-08-12,SFN,COL,0,0,3.03,4.4,1e-06,2641.7391700833814,SFN,HOU,0.8,1.0,0.336,0.291
WAS202108130,2021-08-13,WAS,ATL,2,0,5.48,3.34,326.3648041771951,874.0887985860761,NYN,ATL,0.6,0.9,0.34,0.312
SEA202108130,2021-08-13,SEA,TOR,0,0,2.0,2.26,1e-06,1575.276973597757,SEA,ANA,0.3,0.5,0.295,0.325
ANA202108130,2021-08-13,ANA,HOU,0,0,3.62,4.16,1e-06,2169.9670210701,ANA,HOU,0.3,1.4,0.318,0.336
KCA202108130,2021-08-13,KCA,SLN,0,0,5.05,3.22,1e-06,1255.3811411500053,KCA,PIT,0.9,0.7,0.322,0.316
NYN202108130,2021-08-13,NYN,LAN,0,1,3.94,2.22,1e-06,129.48897528262268,NYN,PHI,0.2,0.0,0.323,0.324
ARI202108130,2021-08-13,ARI,SDN,0,0,3.2,3.06,1e-06,1e-06,ARI,ARI,0.2,1.0,0.322,0.312
SFN202108130,2021-08-13,SFN,COL,4,0,3.17,4.53,1e-06,1e-06,SFN,SFN,0.8,0.9,0.336,0.291
MIN202108130,2021-08-13,MIN,TBA,0,1,3.62,3.43,1e-06,1804.1923618308683,MIN,BOS,0.8,0.2,0.318,0.312
BOS202108130,2021-08-13,BOS,BAL,0,0,4.53,8.07,1e-06,578.81170796599,BOS,BAL,0.6,0.7,0.349,0.291
PHI202108130,2021-08-13,PHI,CIN,0,0,2.78,3.75,1e-06,1071.2330338826837,PHI,ATL,0.4,0.6,0.324,0.31
DET202108130,2021-08-13,DET,CLE,0,0,3.81,4.67,638.3359432178316,145.52553501827433,BAL,CLE,1.1,0.2,0.311,0.302
MIA202108130,2021-08-13,MIA,CHN,1,2,6.61,4.58,3647.952032104879,1915.1205670973725,SDN,CHN,0.5,0.2,0.303,0.305
TEX202108130,2021-08-13,TEX,OAK,3,0,4.28,4.24,2688.6235870338205,1666.9381007624936,SEA,CLE,0.0,0.7,0.301,0.319
CHA202108140,2021-08-14,CHA,NYA,1,2,2.54,3.12,1e-06,1e-06,CHA,CHA,0.5,0.3,0.348,0.32
ANA202108140,2021-08-14,ANA,HOU,2,0,4.61,,1e-06,1e-06,ANA,ANA,0.3,1.4,0.318,0.336
ARI202108140,2021-08-14,ARI,SDN,5,0,3.15,3.18,1e-06,1e-06,ARI,ARI,0.2,1.0,0.322,0.312
NYN202108140,2021-08-14,NYN,LAN,0,0,5.4,2.81,1e-06,1e-06,NYN,NYN,0.2,0.1,0.323,0.324
MIN202108140,2021-08-14,MIN,TBA,4,0,4.66,5.05,1e-06,1e-06,MIN,MIN,0.8,0.3,0.318,0.312
SEA202108140,2021-08-14,SEA,TOR,2,0,4.94,4.37,1e-06,1e-06,SEA,SEA,0.3,0.5,0.295,0.325
TEX202108140,2021-08-14,TEX,OAK,1,1,5.15,1.83,1e-06,1e-06,TEX,TEX,0.3,0.7,0.301,0.319
BOS202108140,2021-08-14,BOS,BAL,4,0,3.16,6.07,1e-06,1e-06,BOS,BOS,0.6,0.5,0.349,0.291
KCA202108140,2021-08-14,KCA,SLN,0,0,5.39,4.71,1e-06,1e-06,KCA,KCA,0.9,0.7,0.322,0.316
DET202108140,2021-08-14,DET,CLE,2,0,2.97,3.49,1e-06,1e-06,DET,DET,1.0,0.2,0.311,0.302
PHI202108140,2021-08-14,PHI,CIN,0,0,6.29,3.98,1e-06,1e-06,PHI,PHI,0.4,0.4,0.324,0.31
SFN202108140,2021-08-14,SFN,COL,0,0,1.51,4.33,1e-06,1e-06,SFN,SFN,1.1,0.9,0.336,0.291
MIA202108140,2021-08-14,MIA,CHN,0,0,2.81,4.28,1e-06,1e-06,MIA,MIA,0.6,0.4,0.303,0.305
PIT202108141,2021-08-14,PIT,MIL,0,1,3.2,4.22,1e-06,1e-06,PIT,PIT,1.2,1.2,0.322,0.318
PIT202108142,2021-08-14,PIT,MIL,0,0,6.17,3.34,1e-06,660.0502267315369,PIT,CHN,0.6,1.0,0.322,0.318
WAS202108140,2021-08-14,WAS,ATL,0,0,5.82,3.04,1e-06,1e-06,WAS,WAS,0.4,0.7,0.34,0.312
BOS202108150,2021-08-15,BOS,BAL,3,1,4.74,6.63,1e-06,1e-06,BOS,BOS,0.9,0.5,0.349,0.291
TEX202108150,2021-08-15,TEX,OAK,3,0,5.41,3.91,1e-06,1e-06,TEX,TEX,0.4,0.8,0.301,0.319
MIA202108150,2021-08-15,MIA,CHN,0,0,6.41,5.07,1e-06,1e-06,MIA,MIA,0.6,0.4,0.303,0.305
WAS202108150,2021-08-15,WAS,ATL,0,0,4.27,2.14,1e-06,1e-06,WAS,WAS,0.4,0.7,0.34,0.312
PHI202108150,2021-08-15,PHI,CIN,0,1,4.63,4.4,1e-06,1e-06,PHI,PHI,0.3,0.4,0.324,0.31
KCA202108150,2021-08-15,KCA,SLN,0,3,4.43,5.79,1e-06,1e-06,KCA,KCA,0.9,0.6,0.322,0.316
NYN202108150,2021-08-15,NYN,LAN,0,3,6.04,2.46,1e-06,1e-06,NYN,NYN,0.2,0.1,0.323,0.324
CHA202108150,2021-08-15,CHA,NYA,0,0,3.53,2.9,1e-06,1e-06,CHA,CHA,0.5,0.5,0.348,0.32
MIN202108150,2021-08-15,MIN,TBA,2,0,4.15,3.7,1e-06,1e-06,MIN,MIN,1.2,0.3,0.318,0.312
PIT202108150,2021-08-15,PIT,MIL,0,1,3.71,3.07,1e-06,1e-06,PIT,PIT,0.6,0.9,0.322,0.318
ARI202108150,2021-08-15,ARI,SDN,0,0,4.3,4.97,1e-06,1e-06,ARI,ARI,0.7,1.0,0.322,0.312
ANA202108150,2021-08-15,ANA,HOU,0,0,7.4,3.16,1e-06,1e-06,ANA,ANA,0.4,1.4,0.318,0.336
DET202108150,2021-08-15,DET,CLE,0,0,2.11,4.95,1e-06,1e-06,DET,DET,1.1,0.2,0.311,0.302
SFN202108150,2021-08-15,SFN,COL,0,0,3.83,4.59,1e-06,1e-06,SFN,SFN,1.1,0.7,0.336,0.291
SEA202108150,2021-08-15,SEA,TOR,1,0,4.68,3.82,1e-06,1e-06,SEA,SEA,0.5,0.5,0.295,0.325
CHA202108160,2021-08-16,CHA,OAK,0,0,5.28,3.37,1e-06,1309.650558347085,CHA,TEX,0.3,0.4,0.348,0.319
CIN202108160,2021-08-16,CIN,CHN,0,0,3.37,4.26,807.0437326700402,1534.6263109130673,PHI,MIA,1.3,0.4,0.346,0.305
LAN202108160,2021-08-16,LAN,PIT,0,0,1.99,3.2,3936.366792360479,3433.6519953355796,NYN,PIT,1.5,0.2,0.334,0.297
MIN202108160,2021-08-16,MIN,CLE,1,0,3.23,5.05,1e-06,872.516450655481,MIN,DET,1.4,0.2,0.318,0.302
MIA202108160,2021-08-16,MIA,ATL,1,1,5.03,4.5,1e-06,1489.628641346009,MIA,WAS,0.6,0.7,0.303,0.312
SFN202108160,2021-08-16,SFN,NYN,0,0,2.81,3.45,1e-06,4128.529875974277,SFN,NYN,1.1,0.4,0.336,0.307
NYA202108160,2021-08-16,NYA,ANA,2,1,3.23,3.75,1144.129935670241,3915.807145653056,CHA,ANA,0.1,0.5,0.323,0.301
TBA202108160,2021-08-16,TBA,BAL,0,0,5.09,6.27,2137.431531245163,1926.694381718032,MIN,BOS,1.0,0.5,0.328,0.291
COL202108160,2021-08-16,COL,SDN,1,0,5.21,3.31,1524.5101947303656,942.6579354569092,SFN,ARI,1.2,0.6,0.341,0.312
KCA202108160,2021-08-16,KCA,HOU,0,1,2.42,4.21,1e-06,2158.345510444982,KCA,ANA,0.5,0.8,0.322,0.336
CHA202108170,2021-08-17,CHA,OAK,0,0,3.43,3.15,1e-06,1e-06,CHA,CHA,0.3,0.1,0.348,0.319
SLN202108170,2021-08-17,SLN,MIL,0,0,3.05,2.43,382.8562661725535,898.8824563980571,KCA,PIT,0.8,1.0,0.31,0.318
NYA202108172,2021-08-17,NYA,BOS,0,0,3.35,3.75,1e-06,1e-06,NYA,NYA,0.3,0.4,0.323,0.308
MIA202108170,2021-08-17,MIA,ATL,0,0,3.19,3.95,1e-06,1e-06,MIA,MIA,0.7,0.8,0.303,0.312
TBA202108170,2021-08-17,TBA,BAL,0,0,2.15,3.62,1e-06,1e-06,TBA,TBA,0.9,0.5,0.328,0.291
KCA202108170,2021-08-17,KCA,HOU,0,0,5.69,3.14,1e-06,1e-06,KCA,KCA,0.5,0.6,0.322,0.336
SFN202108170,2021-08-17,SFN,NYN,2,0,3.03,3.02,1e-06,1e-06,SFN,SFN,0.9,0.1,0.336,0.307
COL202108170,2021-08-17,COL,SDN,1,0,4.4,8.1,1e-06,1e-06,COL,COL,1.3,0.6,0.341,0.312
MIN202108170,2021-08-17,MIN,CLE,0,0,4.19,5.34,1e-06,1e-06,MIN,MIN,1.3,0.0,0.318,0.302
LAN202108170,2021-08-17,LAN,PIT,0,0,2.45,7.04,1e-06,1e-06,LAN,LAN,1.4,0.2,0.334,0.297
NYA202108171,2021-08-17,NYA,BOS,0,0,5.15,1.96,1e-06,306.2037667286439,NYA,BOS,0.3,0.4,0.323,0.308
DET202108170,2021-08-17,DET,ANA,0,1,3.39,3.84,1e-06,773.7548030957365,DET,NYA,0.8,0.3,0.311,0.301
CIN202108170,2021-08-17,CIN,CHN,0,0,4.74,4.77,1e-06,1e-06,CIN,CIN,1.3,0.4,0.346,0.305
WAS202108170,2021-08-17,WAS,TOR,0,0,5.47,3.22,1e-06,3737.7812997837673,WAS,SEA,0.4,0.5,0.34,0.325
ARI202108170,2021-08-17,ARI,PHI,0,0,6.43,3.71,1e-06,3344.1998186127516,ARI,PHI,0.7,0.3,0.322,0.311
TEX202108170,2021-08-17,TEX,SEA,0,0,4.66,4.53,1e-06,2688.6235870338205,TEX,SEA,0.7,0.4,0.301,0.309
NYA202108180,2021-08-18,NYA,BOS,0,1,5.83,4.53,1e-06,1e-06,NYA,NYA,0.3,0.1,0.323,0.308
ARI202108180,2021-08-18,ARI,PHI,0,1,4.93,1.36,1e-06,1e-06,ARI,ARI,0.7,0.3,0.322,0.311
LAN202108180,2021-08-18,LAN,PIT,3,0,3.66,5.36,1e-06,1e-06,LAN,LAN,1.3,0.1,0.334,0.297
TEX202108180,2021-08-18,TEX,SEA,0,2,5.44,3.96,1e-06,1e-06,TEX,TEX,0.7,0.4,0.301,0.309
TBA202108180,2021-08-18,TBA,BAL,2,2,5.11,8.07,1e-06,1e-06,TBA,TBA,0.9,0.5,0.328,0.291
MIN202108180,2021-08-18,MIN,CLE,1,1,,4.71,1e-06,1e-06,MIN,MIN,1.3,0.0,0.318,0.302
SFN202108180,2021-08-18,SFN,NYN,0,0,5.63,3.94,1e-06,1e-06,SFN,SFN,1.1,0.0,0.336,0.307
CIN202108180,2021-08-18,CIN,CHN,0,1,3.75,6.11,1e-06,1e-06,CIN,CIN,1.1,0.4,0.346,0.305
SLN202108180,2021-08-18,SLN,MIL,2,0,3.24,1.23,1e-06,1e-06,SLN,SLN,0.7,1.0,0.31,0.318
WAS202108180,2021-08-18,WAS,TOR,3,0,4.01,3.9,1e-06,1e-06,WAS,WAS,0.4,0.5,0.34,0.325
DET202108180,2021-08-18,DET,ANA,0,2,4.34,3.18,1e-06,1e-06,DET,DET,0.6,0.2,0.311,0.301
MIA202108180,2021-08-18,MIA,ATL,0,0,6.61,3.34,1e-06,1e-06,MIA,MIA,0.7,0.6,0.303,0.312
COL202108180,2021-08-18,COL,SDN,3,0,6.56,7.39,1e-06,1e-06,COL,COL,1.3,0.4,0.341,0.312
CHA202108180,2021-08-18,CHA,OAK,1,0,2.82,5.87,1e-06,1e-06,CHA,CHA,0.3,0.1,0.348,0.319
KCA202108180,2021-08-18,KCA,HOU,0,0,2.67,3.16,1e-06,1e-06,KCA,KCA,0.5,0.6,0.322,0.336
KCA202108190,2021-08-19,KCA,HOU,1,0,6.75,2.25,1e-06,1e-06,KCA,KCA,0.5,0.4,0.322,0.336
DET202108190,2021-08-19,DET,ANA,2,0,2.97,3.84,1e-06,1e-06,DET,DET,0.6,0.4,0.311,0.301
CHA202108190,2021-08-19,CHA,OAK,1,0,3.5,4.24,1e-06,1e-06,CHA,CHA,0.4,0.1,0.348,0.319
ARI202108190,2021-08-19,ARI,PHI,0,0,4.67,2.78,1e-06,1e-06,ARI,ARI,0.7,0.4,0.322,0.311
TEX202108190,2021-08-19,TEX,SEA,0,2,1.55,4.99,1e-06,1e-06,TEX,TEX,0.7,0.4,0.301,0.309
NYA202108190,2021-08-19,NYA,MIN,0,0,4.3,4.09,1e-06,1636.0526645605564,NYA,MIN,0.3,0.3,0.323,0.31
LAN202108190,2021-08-19,LAN,NYN,0,0,3.38,4.47,1e-06,559.4406195325591,LAN,SFN,1.3,0.0,0.334,0.307
SLN202108190,2021-08-19,SLN,MIL,1,0,5.66,2.56,1e-06,1e-06,SLN,SLN,0.9,1.0,0.31,0.318
CIN202108190,2021-08-19,CIN,MIA,0,0,3.98,4.54,1e-06,1534.6263109130673,CIN,MIA,1.1,0.9,0.346,0.294
TBA202108190,2021-08-19,TBA,BAL,2,0,3.43,6.07,1e-06,1e-06,TBA,TBA,1.1,0.7,0.328,0.291
CIN202108200,2021-08-20,CIN,MIA,2,0,4.19,4.18,1e-06,1e-06,CIN,CIN,0.8,0.9,0.346,0.294
MIL202108200,2021-08-20,MIL,WAS,0,0,4.22,5.82,526.8349145670746,1025.9779093655509,SLN,WAS,0.2,1.0,0.314,0.334
BAL202108200,2021-08-20,BAL,ATL,0,0,6.63,3.04,1393.7772067986984,1539.1317139517298,TBA,MIA,0.4,0.6,0.317,0.312
NYA202108200,2021-08-20,NYA,MIN,4,0,2.9,5.92,1e-06,1e-06,NYA,NYA,0.3,0.3,0.323,0.31
CLE202108200,2021-08-20,CLE,ANA,3,0,4.41,4.61,1013.2251113855248,145.52553501827433,MIN,DET,0.6,0.4,0.306,0.301
TOR202108200,2021-08-20,TOR,DET,0,0,3.5,3.39,563.6478111844908,332.4198044988213,WAS,DET,0.9,0.0,0.336,0.304
BOS202108200,2021-08-20,BOS,TEX,1,0,3.16,4.51,306.2037667286439,2512.560414403036,NYA,TEX,1.2,0.3,0.349,0.288
CHN202108200,2021-08-20,CHN,KCA,0,0,5.78,5.39,406.2527329885922,663.9206411727051,CIN,KCA,0.2,0.3,0.318,0.291
COL202108200,2021-08-20,COL,ARI,0,0,3.13,7.56,1e-06,942.6579354569092,COL,ARI,1.6,0.0,0.341,0.296
LAN202108200,2021-08-20,LAN,NYN,1,0,2.47,6.04,1e-06,1e-06,LAN,LAN,1.3,0.0,0.334,0.307
HOU202108200,2021-08-20,HOU,SEA,2,0,3.16,4.41,1040.8267966673652,368.5990384284446,KCA,TEX,0.3,0.6,0.341,0.309
SLN202108200,2021-08-20,SLN,PIT,0,0,4.23,6.17,1e-06,2553.1974748902726,SLN,LAN,1.0,0.0,0.31,0.297
SDN202108200,2021-08-20,SDN,PHI,0,0,4.2,3.63,1340.79250926624,481.0116378281714,COL,ARI,0.9,0.3,0.331,0.311
TBA202108200,2021-08-20,TBA,CHA,0,1,1.88,2.54,1e-06,1636.2782802002057,TBA,CHA,0.9,1.1,0.328,0.325
OAK202108200,2021-08-20,OAK,SFN,0,0,4.07,3.83,2971.6570204984887,13.027453191410114,CHA,SFN,0.4,0.3,0.313,0.316
OAK202108210,2021-08-21,OAK,SFN,3,0,3.18,2.22,1e-06,1e-06,OAK,OAK,0.4,0.3,0.313,0.316
TOR202108210,2021-08-21,TOR,DET,0,0,4.37,3.07,1e-06,1e-06,TOR,TOR,0.8,0.0,0.336,0.304
BOS202108210,2021-08-21,BOS,TEX,0,0,4.74,5.15,1e-06,1e-06,BOS,BOS,1.3,0.3,0.349,0.288
CHN202108210,2021-08-21,CHN,KCA,0,1,3.38,4.43,1e-06,1e-06,CHN,CHN,0.0,0.3,0.318,0.291
MIL202108210,2021-08-21,MIL,WAS,1,2,2.5,,1e-06,1e-06,MIL,MIL,0.2,1.0,0.314,0.334
SLN202108210,2021-08-21,SLN,PIT,0,0,3.73,3.2,1e-06,1e-06,SLN,SLN,1.0,0.0,0.31,0.297
COL202108210,2021-08-21,COL,ARI,0,0,5.21,4.33,1e-06,1e-06,COL,COL,1.1,0.0,0.341,0.296
CIN202108210,2021-08-21,CIN,MIA,2,0,2.51,2.79,1e-06,1e-06,CIN,CIN,1.0,0.9,0.346,0.294
NYA202108210,2021-08-21,NYA,MIN,0,0,3.23,4.66,1e-06,1e-06,NYA,NYA,0.7,0.3,0.323,0.31
TBA202108210,2021-08-21,TBA,CHA,3,0,4.31,5.28,1e-06,1e-06,TBA,TBA,0.7,1.2,0.328,0.325
BAL202108210,2021-08-21,BAL,ATL,1,0,6.27,4.48,1e-06,1e-06,BAL,BAL,0.3,0.6,0.317,0.312
LAN202108210,2021-08-21,LAN,NYN,2,0,2.46,3.86,1e-06,1e-06,LAN,LAN,1.3,0.0,0.334,0.307
HOU202108210,2021-08-21,HOU,SEA,1,0,4.21,4.68,1e-06,1e-06,HOU,HOU,0.5,0.6,0.341,0.309
CLE202108210,2021-08-21,CLE,ANA,0,0,4.95,7.4,1e-06,1e-06,CLE,CLE,0.8,0.4,0.306,0.301
SDN202108210,2021-08-21,SDN,PHI,0,1,2.23,3.43,1e-06,1e-06,SDN,SDN,0.8,0.3,0.331,0.311
CLE202108220,2021-08-22,CLE,ANA,2,0,2.89,3.75,1e-06,1e-06,CLE,CLE,0.8,0.4,0.306,0.301
OAK202108220,2021-08-22,OAK,SFN,0,0,6.08,1.51,1e-06,1e-06,OAK,OAK,0.6,0.2,0.313,0.316
SDN202108220,2021-08-22,SDN,PHI,1,0,5.32,3.71,1e-06,1e-06,SDN,SDN,0.8,0.4,0.331,0.311
BAL202108220,2021-08-22,BAL,ATL,0,0,3.62,4.5,1e-06,1e-06,BAL,BAL,0.3,0.1,0.317,0.312
CHN202108220,2021-08-22,CHN,KCA,0,0,5.07,3.68,1e-06,1e-06,CHN,CHN,0.0,0.4,0.318,0.291
LAN202108220,2021-08-22,LAN,NYN,0,3,4.03,3.02,1e-06,1e-06,LAN,LAN,1.5,0.0,0.334,0.307
MIL202108220,2021-08-22,MIL,WAS,1,0,2.61,4.39,1e-06,1e-06,MIL,MIL,0.3,0.9,0.314,0.334
COL202108220,2021-08-22,COL,ARI,1,0,4.59,4.35,1e-06,1e-06,COL,COL,1.1,0.0,0.341,0.296
HOU202108220,2021-08-22,HOU,SEA,0,0,3.42,3.06,1e-06,1e-06,HOU,HOU,0.6,0.6,0.341,0.309
CIN202108220,2021-08-22,CIN,MIA,1,0,4.74,3.19,1e-06,1e-06,CIN,CIN,1.2,0.9,0.346,0.294
SLN202108220,2021-08-22,SLN,PIT,1,0,3.05,5.86,1e-06,1e-06,SLN,SLN,1.0,0.0,0.31,0.297
TOR202108220,2021-08-22,TOR,DET,0,0,2.35,3.39,1e-06,1e-06,TOR,TOR,0.8,0.0,0.336,0.304
TBA202108220,2021-08-22,TBA,CHA,1,0,6.75,3.43,1e-06,1e-06,TBA,TBA,0.8,1.2,0.328,0.325
HOU202108230,2021-08-23,HOU,KCA,0,0,4.16,5.69,1e-06,1516.5648050119732,HOU,CHN,0.5,0.4,0.341,0.291
PIT202108230,2021-08-23,PIT,ARI,0,0,4.28,3.0,898.8824563980571,2121.7512666569423,SLN,COL,0.6,0.0,0.322,0.296
TOR202108230,2021-08-23,TOR,CHA,0,0,3.4,2.26,1e-06,1789.459752085548,TOR,TBA,0.8,1.2,0.336,0.325
BOS202108230,2021-08-23,BOS,TEX,0,0,1.96,4.28,1e-06,1e-06,BOS,BOS,1.2,0.3,0.349,0.288
OAK202108230,2021-08-23,OAK,SEA,1,0,3.18,4.61,1e-06,2629.671879056886,OAK,HOU,0.6,0.6,0.313,0.309
CHN202108230,2021-08-23,CHN,COL,0,3,6.11,5.21,1e-06,1477.450780411816,CHN,COL,0.0,0.5,0.318,0.291
ATL202108230,2021-08-23,ATL,NYA,0,0,4.05,3.83,927.9028501726538,1200.4511584455877,BAL,NYA,0.9,0.5,0.325,0.32
BOS202108240,2021-08-24,BOS,MIN,0,1,3.4,6.37,1e-06,306.2037667286439,BOS,NYA,1.1,0.1,0.349,0.31
SDN202108240,2021-08-24,SDN,LAN,0,0,3.22,2.96,1e-06,179.52869961196944,SDN,LAN,0.9,0.4,0.331,0.324
PHI202108240,2021-08-24,PHI,TBA,0,0,3.71,2.52,3810.8466979584146,1515.8203845337373,SDN,TBA,0.3,0.2,0.324,0.312
MIA202108240,2021-08-24,MIA,WAS,0,0,6.61,5.47,1534.6263109130673,2045.0709343750696,CIN,MIL,0.6,0.5,0.303,0.334
MIL202108240,2021-08-24,MIL,CIN,1,0,2.61,5.59,1e-06,525.1892238126902,MIL,CIN,0.3,0.3,0.314,0.31
ATL202108240,2021-08-24,ATL,NYA,2,0,3.34,3.6,1e-06,1e-06,ATL,ATL,0.9,0.5,0.325,0.32
OAK202108240,2021-08-24,OAK,SEA,1,0,4.24,3.61,1e-06,1e-06,OAK,OAK,0.7,0.6,0.313,0.309
BAL202108240,2021-08-24,BAL,ANA,1,0,8.07,6.06,1e-06,495.2645964012307,BAL,CLE,0.3,0.4,0.317,0.301
SLN202108240,2021-08-24,SLN,DET,0,0,3.22,3.71,1e-06,1062.9448026030143,SLN,TOR,0.8,0.0,0.31,0.304
PIT202108240,2021-08-24,PIT,ARI,0,0,5.36,4.67,1e-06,1e-06,PIT,PIT,0.6,0.0,0.322,0.296
HOU202108240,2021-08-24,HOU,KCA,3,0,,4.91,1e-06,1e-06,HOU,HOU,0.5,0.4,0.341,0.291
NYN202108240,2021-08-24,NYN,SFN,0,1,4.52,,3936.366792360479,4115.687447058069,LAN,OAK,0.2,0.1,0.323,0.316
CLE202108240,2021-08-24,CLE,TEX,0,3,5.34,4.66,1e-06,884.5468110577992,CLE,BOS,1.0,0.3,0.306,0.288
TOR202108240,2021-08-24,TOR,CHA,0,4,3.52,3.91,1e-06,1e-06,TOR,TOR,0.5,1.2,0.336,0.325
TOR202108250,2021-08-25,TOR,CHA,0,0,3.4,3.51,1e-06,1e-06,TOR,TOR,0.1,1.6,0.336,0.325
SDN202108250,2021-08-25,SDN,LAN,0,0,9.64,2.45,1e-06,1e-06,SDN,SDN,0.5,0.4,0.331,0.324
BAL202108250,2021-08-25,BAL,ANA,2,0,5.17,15.0,1e-06,1e-06,BAL,BAL,0.4,0.4,0.317,0.301
SLN202108250,2021-08-25,SLN,DET,1,0,2.56,2.97,1e-06,1e-06,SLN,SLN,0.8,0.0,0.31,0.304
CLE202108250,2021-08-25,CLE,TEX,0,0,4.67,5.79,1e-06,1e-06,CLE,CLE,1.0,0.6,0.306,0.288
MIA202108250,2021-08-25,MIA,WAS,0,0,2.81,3.55,1e-06,1e-06,MIA,MIA,0.2,0.5,0.303,0.334
PIT202108250,2021-08-25,PIT,ARI,0,0,4.28,7.56,1e-06,1e-06,PIT,PIT,0.3,0.0,0.322,0.296
NYN202108250,2021-08-25,NYN,SFN,0,0,4.47,3.92,1e-06,1e-06,NYN,NYN,0.2,0.2,0.323,0.316
MIL202108250,2021-08-25,MIL,CIN,0,0,2.56,3.98,1e-06,1e-06,MIL,MIL,0.4,0.2,0.314,0.31
HOU202108250,2021-08-25,HOU,KCA,0,0,1.77,3.4,1e-06,1e-06,HOU,HOU,0.8,0.4,0.341,0.291
BOS202108250,2021-08-25,BOS,MIN,0,0,4.43,4.15,1e-06,1e-06,BOS,BOS,1.1,0.2,0.349,0.31
PHI202108250,2021-08-25,PHI,TBA,0,0,2.78,1.55,1e-06,1e-06,PHI,PHI,0.3,0.1,0.324,0.312
CHN202108252,2021-08-25,CHN,COL,0,2,9.9,6.56,1e-06,1e-06,CHN,CHN,0.0,0.8,0.318,0.291
CHN202108251,2021-08-25,CHN,COL,0,0,4.28,4.53,1e-06,1e-06,CHN,CHN,0.0,0.6,0.318,0.291
PIT202108260,2021-08-26,PIT,SLN,0,2,4.82,3.73,1e-06,898.8824563980571,PIT,SLN,0.3,0.8,0.322,0.316
BAL202108260,2021-08-26,BAL,ANA,0,1,6.63,27.0,1e-06,1e-06,BAL,BAL,0.5,0.4,0.317,0.301
CLE202108260,2021-08-26,CLE,TEX,4,0,4.41,5.15,1e-06,1e-06,CLE,CLE,1.0,0.6,0.306,0.288
SDN202108260,2021-08-26,SDN,LAN,0,0,4.22,2.46,1e-06,1e-06,SDN,SDN,0.5,0.4,0.331,0.324
MIL202108260,2021-08-26,MIL,CIN,0,1,4.22,4.19,1e-06,1e-06,MIL,MIL,0.4,0.2,0.314,0.31
BOS202108260,2021-08-26,BOS,MIN,0,0,3.16,4.09,1e-06,1e-06,BOS,BOS,1.1,0.2,0.349,0.31
NYN202108260,2021-08-26,NYN,SFN,0,2,3.5,2.62,1e-06,1e-06,NYN,NYN,0.1,0.2,0.323,0.316
SEA202108260,2021-08-26,SEA,KCA,1,0,4.99,4.68,1089.6592015072615,3039.1839825945185,OAK,HOU,0.5,0.3,0.295,0.291
OAK202108260,2021-08-26,OAK,NYA,0,0,3.18,2.17,1e-06,3423.460480270077,OAK,ATL,0.8,0.5,0.313,0.32
TOR202108260,2021-08-26,TOR,CHA,1,0,4.37,2.37,1e-06,1e-06,TOR,TOR,0.1,1.4,0.336,0.325
MIA202108260,2021-08-26,MIA,WAS,4,0,4.18,5.82,1e-06,1e-06,MIA,MIA,0.2,0.5,0.303,0.334
PHI202108260,2021-08-26,PHI,ARI,0,0,6.29,4.3,1e-06,412.2899901216241,PHI,PIT,0.3,0.0,0.324,0.296
PHI202108270,2021-08-27,PHI,ARI,0,0,6.37,4.98,1e-06,1e-06,PHI,PHI,0.3,0.0,0.324,0.296
PIT202108270,2021-08-27,PIT,SLN,0,0,3.71,5.79,1e-06,1e-06,PIT,PIT,0.3,1.0,0.322,0.316
TEX202108270,2021-08-27,TEX,HOU,0,0,3.18,4.73,1666.9381007624936,368.5990384284446,CLE,HOU,0.7,0.4,0.301,0.336
DET202108270,2021-08-27,DET,TOR,0,0,3.65,3.4,731.229570844315,332.4198044988213,SLN,TOR,0.8,0.5,0.311,0.325
NYN202108270,2021-08-27,NYN,WAS,0,0,3.86,4.27,1e-06,1756.5620451799746,NYN,MIA,0.1,0.5,0.323,0.334
BAL202108270,2021-08-27,BAL,TBA,0,3,6.27,3.43,1e-06,144.5656230575587,BAL,PHI,0.5,0.1,0.317,0.312
MIN202108270,2021-08-27,MIN,MIL,2,0,7.58,3.19,1804.1923618308683,476.3851219130703,BOS,MIL,1.0,0.9,0.318,0.318
OAK202108270,2021-08-27,OAK,NYA,0,0,3.91,3.23,1e-06,1e-06,OAK,OAK,0.8,0.5,0.313,0.32
CHA202108270,2021-08-27,CHA,CHN,1,5,3.43,2.8,700.98343821047,1e-06,TOR,CHN,0.5,0.4,0.348,0.305
MIA202108270,2021-08-27,MIA,CIN,0,1,3.24,3.37,1e-06,2045.0709343750696,MIA,MIL,0.6,0.3,0.303,0.31
ANA202108270,2021-08-27,ANA,SDN,0,0,20.25,3.18,3703.3736830857606,141.8121399568677,BAL,SDN,0.4,0.3,0.318,0.312
ATL202108270,2021-08-27,ATL,SFN,0,2,3.78,3.92,1e-06,1200.4511584455877,ATL,NYN,0.7,0.4,0.325,0.316
SEA202108270,2021-08-27,SEA,KCA,3,1,3.9,2.88,1e-06,1e-06,SEA,SEA,0.6,0.1,0.295,0.291
CLE202108270,2021-08-27,CLE,BOS,0,0,4.07,4.74,1e-06,884.5468110577992,CLE,BOS,1.3,0.2,0.306,0.308
LAN202108270,2021-08-27,LAN,COL,0,2,2.31,4.33,179.52869961196944,2804.824680217871,SDN,CHN,1.1,0.6,0.334,0.291
TEX202108280,2021-08-28,TEX,HOU,0,0,5.41,3.14,1e-06,1e-06,TEX,TEX,0.7,0.2,0.301,0.336
SEA202108280,2021-08-28,SEA,KCA,0,1,4.53,3.4,1e-06,1e-06,SEA,SEA,0.9,0.2,0.295,0.291
CLE202108280,2021-08-28,CLE,BOS,0,2,5.05,1.96,1e-06,1e-06,CLE,CLE,1.2,0.1,0.306,0.308
MIN202108280,2021-08-28,MIN,MIL,0,0,3.23,3.22,1e-06,1e-06,MIN,MIN,1.2,0.9,0.318,0.318
NYN202108280,2021-08-28,NYN,WAS,0,0,3.59,4.04,1e-06,1e-06,NYN,NYN,0.1,0.5,0.323,0.334
PIT202108280,2021-08-28,PIT,SLN,0,0,5.86,3.05,1e-06,1e-06,PIT,PIT,0.3,0.8,0.322,0.316
ANA202108280,2021-08-28,ANA,SDN,0,0,4.94,5.32,1e-06,1e-06,ANA,ANA,0.4,0.3,0.318,0.312
BAL202108280,2021-08-28,BAL,TBA,0,0,2.7,2.52,1e-06,1e-06,BAL,BAL,0.4,0.4,0.317,0.312
DET202108280,2021-08-28,DET,TOR,0,0,3.42,2.14,1e-06,1e-06,DET,DET,0.5,0.2,0.311,0.325
MIA202108280,2021-08-28,MIA,CIN,5,0,3.19,4.74,1e-06,1e-06,MIA,MIA,0.6,0.3,0.303,0.31
LAN202108280,2021-08-28,LAN,COL,0,0,1.99,5.21,1e-06,1e-06,LAN,LAN,1.0,0.8,0.334,0.291
ATL202108280,2021-08-28,ATL,SFN,0,1,4.05,3.03,1e-06,1e-06,ATL,ATL,0.7,0.6,0.325,0.316
OAK202108280,2021-08-28,OAK,NYA,0,0,3.37,2.9,1e-06,1e-06,OAK,OAK,0.8,0.5,0.313,0.32
PHI202108280,2021-08-28,PHI,ARI,2,0,3.71,7.25,1e-06,1e-06,PHI,PHI,0.1,0.0,0.324,0.296
CHA202108280,2021-08-28,CHA,CHN,0,0,2.69,5.07,1e-06,1e-06,CHA,CHA,0.6,0.8,0.348,0.305
SEA202108290,2021-08-29,SEA,KCA,1,0,3.96,6.26,1e-06,1e-06,SEA,SEA,0.7,0.3,0.295,0.291
BAL202108290,2021-08-29,BAL,TBA,1,2,8.07,2.52,1e-06,1e-06,BAL,BAL,0.4,0.4,0.317,0.312
OAK202108290,2021-08-29,OAK,NYA,0,0,4.11,3.12,1e-06,1e-06,OAK,OAK,0.8,0.5,0.313,0.32
PIT202108290,2021-08-29,PIT,SLN,0,0,3.63,3.24,1e-06,1e-06,PIT,PIT,0.3,0.8,0.322,0.316
TEX202108290,2021-08-29,TEX,HOU,3,0,4.66,4.16,1e-06,1e-06,TEX,TEX,0.7,0.2,0.301,0.336
PHI202108290,2021-08-29,PHI,ARI,2,0,1.36,4.67,1e-06,1e-06,PHI,PHI,0.3,0.0,0.324,0.296
DET202108290,2021-08-29,DET,TOR,0,1,3.89,3.52,1e-06,1e-06,DET,DET,0.5,0.0,0.311,0.325
MIA202108290,2021-08-29,MIA,CIN,2,0,6.61,3.75,1e-06,1e-06,MIA,MIA,1.0,0.3,0.303,0.31
CLE202108290,2021-08-29,CLE,BOS,0,1,3.49,5.13,1e-06,1e-06,CLE,CLE,1.1,0.3,0.306,0.308
ATL202108290,2021-08-29,ATL,SFN,0,0,3.58,3.17,1e-06,1e-06,ATL,ATL,0.7,0.7,0.325,0.316
NYN202108290,2021-08-29,NYN,WAS,1,0,4.52,5.47,1e-06,1e-06,NYN,NYN,0.0,0.2,0.323,0.334
CHA202108290,2021-08-29,CHA,CHN,1,0,3.91,4.77,1e-06,1e-06,CHA,CHA,0.6,0.8,0.348,0.305
LAN202108290,2021-08-29,LAN,COL,0,3,3.66,4.42,1e-06,1e-06,LAN,LAN,0.8,0.8,0.334,0.291
MIN202108290,2021-08-29,MIN,MIL,0,0,6.37,4.55,1e-06,1e-06,MIN,MIN,1.2,0.9,0.318,0.318
ARI202108300,2021-08-30,ARI,SDN,0,3,3.15,3.06,3344.1998186127516,540.0297061463508,PHI,ANA,0.7,0.2,0.322,0.312
TEX202108300,2021-08-30,TEX,COL,0,0,4.7,4.4,1e-06,1971.1455630393184,TEX,LAN,1.0,1.0,0.301,0.291
CIN202108300,2021-08-30,CIN,SLN,0,2,3.98,4.71,1534.6263109130673,415.25842934625814,MIA,PIT,1.2,0.7,0.346,0.316
ANA202108300,2021-08-30,ANA,NYA,0,2,6.06,3.35,1e-06,592.0809005913671,ANA,OAK,0.4,0.5,0.318,0.32
SEA202108300,2021-08-30,SEA,HOU,0,2,4.99,4.73,1e-06,2688.6235870338205,SEA,TEX,0.8,0.1,0.295,0.336
SFN202108300,2021-08-30,SFN,MIL,0,1,2.37,2.43,3436.411305395792,2544.035408277149,ATL,MIN,1.1,0.2,0.336,0.318
TOR202108300,2021-08-30,TOR,BAL,0,1,2.84,4.39,332.4198044988213,537.0332419152472,DET,BAL,0.2,0.5,0.336,0.291
LAN202108300,2021-08-30,LAN,ATL,1,0,2.96,4.48,1e-06,3110.7650847781624,LAN,ATL,0.6,0.1,0.334,0.312
WAS202108300,2021-08-30,WAS,PHI,0,3,5.48,2.78,326.3648041771951,197.2342958595587,NYN,PHI,0.6,0.3,0.34,0.311
DET202108300,2021-08-30,DET,MIN,0,0,3.71,4.19,1e-06,872.516450655481,DET,MIN,0.5,0.1,0.311,0.31
TBA202108300,2021-08-30,TBA,BOS,1,0,4.31,4.53,1393.7772067986984,1529.408250521614,BAL,CLE,0.9,0.4,0.328,0.308
CHA202108310,2021-08-31,CHA,PIT,0,0,3.5,5.35,1e-06,660.0502267315369,CHA,PIT,0.6,0.0,0.348,0.297
NYN202108310,2021-08-31,NYN,MIA,0,0,0.95,5.81,1e-06,1756.5620451799746,NYN,MIA,0.1,0.7,0.323,0.294
SEA202108310,2021-08-31,SEA,HOU,0,0,3.06,1.77,1e-06,1e-06,SEA,SEA,0.8,0.3,0.295,0.336
LAN202108310,2021-08-31,LAN,ATL,0,0,1.99,2.57,1e-06,1e-06,LAN,LAN,0.7,0.1,0.334,0.312
DET202108310,2021-08-31,DET,OAK,1,0,4.34,4.11,1e-06,3345.164678963249,DET,OAK,0.4,0.1,0.311,0.319
KCA202108310,2021-08-31,KCA,CLE,0,1,5.26,4.67,2418.3539462011913,1123.5230318083022,SEA,CLE,0.4,0.1,0.322,0.302
MIN202108310,2021-08-31,MIN,CHN,1,1,4.09,6.11,872.516450655481,571.0232496384983,DET,CHA,1.0,0.8,0.318,0.305
TBA202108310,2021-08-31,TBA,BOS,0,1,5.11,15.19,1e-06,1e-06,TBA,TBA,1.0,0.4,0.328,0.308
ARI202108310,2021-08-31,ARI,SDN,0,0,4.3,4.2,1e-06,1e-06,ARI,ARI,0.7,0.5,0.322,0.312
ANA202108310,2021-08-31,ANA,NYA,0,0,5.3,4.3,1e-06,1e-06,ANA,ANA,0.2,0.4,0.318,0.32
SFN202108310,2021-08-31,SFN,MIL,0,2,4.08,2.56,1e-06,1e-06,SFN,SFN,1.1,0.3,0.336,0.318
TEX202108310,2021-08-31,TEX,COL,0,0,5.15,4.53,1e-06,1e-06,TEX,TEX,1.0,1.0,0.301,0.291
WAS202108310,2021-08-31,WAS,PHI,0,0,5.82,5.61,1e-06,1e-06,WAS,WAS,0.6,0.6,0.34,0.311
TOR202108310,2021-08-31,TOR,BAL,0,0,4.37,6.63,1e-06,1e-06,TOR,TOR,0.2,0.6,0.336,0.291
SEA202109010,2021-09-01,SEA,HOU,0,0,6.83,4.21,1e-06,1e-06,SEA,SEA,0.8,0.3,0.295,0.336
KCA202109010,2021-09-01,KCA,CLE,1,0,4.68,3.09,1e-06,1e-06,KCA,KCA,0.4,0.2,0.322,0.302
ARI202109010,2021-09-01,ARI,SDN,0,0,4.25,4.22,1e-06,1e-06,ARI,ARI,0.7,0.3,0.322,0.312
CIN202109012,2021-09-01,CIN,SLN,2,1,4.19,5.79,1e-06,1e-06,CIN,CIN,0.5,0.8,0.346,0.316
SFN202109010,2021-09-01,SFN,MIL,0,0,1.51,6.16,1e-06,1e-06,SFN,SFN,0.7,0.4,0.336,0.318
DET202109010,2021-09-01,DET,OAK,0,1,5.96,6.08,1e-06,1e-06,DET,DET,0.5,0.1,0.311,0.319
ANA202109010,2021-09-01,ANA,NYA,0,0,6.35,3.23,1e-06,1e-06,ANA,ANA,0.2,0.4,0.318,0.32
LAN202109010,2021-09-01,LAN,ATL,1,0,2.81,3.95,1e-06,1e-06,LAN,LAN,0.7,0.1,0.334,0.312
MIN202109010,2021-09-01,MIN,CHN,0,0,4.05,4.26,1e-06,1e-06,MIN,MIN,1.1,0.9,0.318,0.305
CIN202109011,2021-09-01,CIN,SLN,0,1,3.37,3.73,1e-06,1e-06,CIN,CIN,0.7,0.9,0.346,0.316
TBA202109010,2021-09-01,TBA,BOS,0,0,3.59,1.96,1e-06,1e-06,TBA,TBA,0.9,0.5,0.328,0.308
TOR202109010,2021-09-01,TOR,BAL,1,0,3.4,4.39,1e-06,1e-06,TOR,TOR,0.2,0.6,0.336,0.291
CHA202109010,2021-09-01,CHA,PIT,0,0,2.37,6.28,1e-06,1e-06,CHA,CHA,0.5,0.0,0.348,0.297
TEX202109010,2021-09-01,TEX,COL,0,0,1.55,4.34,1e-06,1e-06,TEX,TEX,0.7,1.0,0.301,0.291
CHN202109020,2021-09-02,CHN,PIT,0,3,4.28,5.6,571.0232496384983,1e-06,MIN,CHA,0.0,0.0,0.318,0.297
TBA202109020,2021-09-02,TBA,BOS,0,1,3.43,4.74,1e-06,1e-06,TBA,TBA,0.9,0.5,0.328,0.308
SFN202109020,2021-09-02,SFN,MIL,1,0,2.22,2.5,1e-06,1e-06,SFN,SFN,0.6,0.4,0.336,0.318
COL202109020,2021-09-02,COL,ATL,0,1,7.55,4.19,1052.76358222127,1336.5596902131042,TEX,LAN,1.0,0.1,0.341,0.312
NYN202109020,2021-09-02,NYN,MIA,1,2,3.94,3.19,1e-06,1e-06,NYN,NYN,0.1,0.7,0.323,0.294
WAS202109020,2021-09-02,WAS,PHI,0,0,3.53,4.04,1e-06,1e-06,WAS,WAS,0.6,0.5,0.34,0.311
DET202109020,2021-09-02,DET,OAK,0,4,5.8,3.37,1e-06,1e-06,DET,DET,0.3,0.2,0.311,0.319
KCA202109020,2021-09-02,KCA,CLE,0,0,5.05,4.95,1e-06,1e-06,KCA,KCA,0.3,0.2,0.322,0.302
TBA202109030,2021-09-03,TBA,MIN,0,1,5.05,7.64,1e-06,2137.431531245163,TBA,MIN,0.9,0.1,0.328,0.31
SDN202109030,2021-09-03,SDN,HOU,0,0,4.83,3.16,481.0116378281714,1711.8059777853623,ARI,SEA,0.4,0.3,0.331,0.336
SFN202109030,2021-09-03,SFN,LAN,0,0,2.62,3.38,1e-06,559.4406195325591,SFN,LAN,0.7,0.4,0.336,0.324
COL202109030,2021-09-03,COL,ATL,1,1,4.42,4.05,1e-06,1e-06,COL,COL,0.9,0.2,0.341,0.312
CIN202109030,2021-09-03,CIN,DET,0,0,4.74,5.07,1e-06,380.0544669682655,CIN,DET,0.7,0.0,0.346,0.304
MIL202109030,2021-09-03,MIL,SLN,0,2,2.81,3.05,2954.3733541563483,525.1892238126902,SFN,CIN,0.3,0.9,0.314,0.316
NYA202109030,2021-09-03,NYA,BAL,0,0,3.6,4.39,3915.807145653056,550.2922217550002,ANA,TOR,0.7,0.4,0.323,0.291
CHN202109030,2021-09-03,CHN,PIT,0,0,8.37,9.24,1e-06,1e-06,CHN,CHN,0.0,0.3,0.318,0.297
KCA202109030,2021-09-03,KCA,CHA,0,0,3.68,5.28,1e-06,663.9206411727051,KCA,CHA,0.2,0.9,0.322,0.325
ARI202109030,2021-09-03,ARI,SEA,0,1,4.98,6.83,1e-06,1793.290239503433,ARI,SEA,0.5,0.6,0.322,0.309
TOR202109030,2021-09-03,TOR,OAK,0,2,2.14,4.67,1e-06,332.4198044988213,TOR,DET,0.2,0.6,0.336,0.319
WAS202109030,2021-09-03,WAS,NYN,0,0,5.34,3.45,1e-06,326.3648041771951,WAS,NYN,0.6,0.3,0.34,0.307
MIA202109030,2021-09-03,MIA,PHI,3,1,2.75,3.71,1756.5620451799746,1489.628641346009,NYN,WAS,1.2,0.5,0.303,0.311
ANA202109030,2021-09-03,ANA,TEX,2,0,3.18,4.28,1e-06,1938.7751997181072,ANA,TEX,0.2,0.4,0.318,0.288
BOS202109030,2021-09-03,BOS,CLE,1,0,4.21,2.89,1926.694381718032,2008.0645584325655,TBA,KCA,0.8,0.2,0.349,0.302
ANA202109040,2021-09-04,ANA,TEX,0,0,3.75,5.41,1e-06,1e-06,ANA,ANA,0.4,0.3,0.318,0.288
ARI202109040,2021-09-04,ARI,SEA,4,3,4.83,3.96,1e-06,1e-06,ARI,ARI,0.5,0.5,0.322,0.309
SDN202109040,2021-09-04,SDN,HOU,0,1,3.18,3.14,1e-06,1e-06,SDN,SDN,0.3,0.2,0.331,0.336
COL202109040,2021-09-04,COL,ATL,0,2,4.73,3.78,1e-06,1e-06,COL,COL,1.0,0.2,0.341,0.312
TOR202109040,2021-09-04,TOR,OAK,0,0,3.52,5.87,1e-06,1e-06,TOR,TOR,0.2,0.8,0.336,0.319
MIA202109040,2021-09-04,MIA,PHI,0,0,3.82,3.71,1e-06,1e-06,MIA,MIA,1.5,0.6,0.303,0.311
MIL202109040,2021-09-04,MIL,SLN,1,0,3.22,3.46,1e-06,1e-06,MIL,MIL,0.3,1.1,0.314,0.316
WAS202109042,2021-09-04,WAS,NYN,2,1,3.28,4.52,1e-06,1e-06,WAS,WAS,0.5,0.3,0.34,0.307
KCA202109040,2021-09-04,KCA,CHA,0,3,5.69,2.26,1e-06,1e-06,KCA,KCA,0.2,0.5,0.322,0.325
SFN202109040,2021-09-04,SFN,LAN,1,3,3.74,2.96,1e-06,1e-06,SFN,SFN,0.3,0.4,0.336,0.324
CIN202109040,2021-09-04,CIN,DET,0,0,3.75,3.89,1e-06,1e-06,CIN,CIN,0.7,0.0,0.346,0.304
WAS202109041,2021-09-04,WAS,NYN,0,2,3.55,3.59,1e-06,1e-06,WAS,WAS,0.7,0.4,0.34,0.307
BOS202109040,2021-09-04,BOS,CLE,0,0,4.21,3.49,1e-06,1e-06,BOS,BOS,0.9,0.2,0.349,0.302
CHN202109040,2021-09-04,CHN,PIT,0,1,3.68,3.63,1e-06,1e-06,CHN,CHN,0.0,0.3,0.318,0.297
NYA202109040,2021-09-04,NYA,BAL,0,0,3.36,2.7,1e-06,1e-06,NYA,NYA,0.7,0.4,0.323,0.291
TBA202109040,2021-09-04,TBA,MIN,2,0,4.66,7.58,1e-06,1e-06,TBA,TBA,0.9,0.2,0.328,0.31
CHN202109050,2021-09-05,CHN,PIT,0,1,4.58,5.6,1e-06,1e-06,CHN,CHN,0.0,0.4,0.318,0.297
WAS202109050,2021-09-05,WAS,NYN,3,4,3.53,0.95,1e-06,1e-06,WAS,WAS,0.5,0.6,0.34,0.307
SFN202109050,2021-09-05,SFN,LAN,1,0,2.92,2.47,1e-06,1e-06,SFN,SFN,0.4,0.7,0.336,0.324
CIN202109050,2021-09-05,CIN,DET,0,0,3.98,5.81,1e-06,1e-06,CIN,CIN,0.7,0.0,0.346,0.304
KCA202109050,2021-09-05,KCA,CHA,3,0,4.91,3.91,1e-06,1e-06,KCA,KCA,0.2,0.8,0.322,0.325
MIA202109050,2021-09-05,MIA,PHI,0,0,2.81,3.2,1e-06,1e-06,MIA,MIA,1.4,0.6,0.303,0.311
BOS202109050,2021-09-05,BOS,CLE,0,2,22.5,4.67,1e-06,1e-06,BOS,BOS,0.9,0.2,0.349,0.302
TBA202109050,2021-09-05,TBA,MIN,0,0,1.88,3.18,1e-06,1e-06,TBA,TBA,0.9,0.2,0.328,0.31
TOR202109050,2021-09-05,TOR,OAK,0,0,2.84,4.24,1e-06,1e-06,TOR,TOR,0.2,0.7,0.336,0.319
MIL202109050,2021-09-05,MIL,SLN,0,0,4.15,3.24,1e-06,1e-06,MIL,MIL,0.4,1.1,0.314,0.316
ARI202109050,2021-09-05,ARI,SEA,0,0,4.98,3.9,1e-06,1e-06,ARI,ARI,0.9,0.8,0.322,0.309
NYA202109050,2021-09-05,NYA,BAL,0,0,5.83,4.5,1e-06,1e-06,NYA,NYA,0.6,0.4,0.323,0.291
SDN202109050,2021-09-05,SDN,HOU,3,1,2.23,3.42,1e-06,1e-06,SDN,SDN,0.3,0.3,0.331,0.336
ANA202109050,2021-09-05,ANA,TEX,0,0,3.86,4.66,1e-06,1e-06,ANA,ANA,0.4,0.3,0.318,0.288
COL202109050,2021-09-05,COL,ATL,0,1,11.37,3.34,1e-06,1e-06,COL,COL,1.0,0.4,0.341,0.312
NYA202109060,2021-09-06,NYA,TOR,0,2,4.3,4.37,1e-06,550.2922217550002,NYA,TOR,0.6,0.1,0.323,0.325
WAS202109060,2021-09-06,WAS,NYN,1,1,3.55,3.45,1e-06,1e-06,WAS,WAS,0.8,1.0,0.34,0.307
BAL202109060,2021-09-06,BAL,KCA,0,0,2.7,2.67,272.81937803481173,1545.5901214265937,NYA,KCA,0.5,0.3,0.317,0.291
PIT202109060,2021-09-06,PIT,DET,2,0,3.2,3.42,660.0502267315369,415.25842934625814,CHN,CIN,0.0,0.0,0.322,0.304
ANA202109060,2021-09-06,ANA,TEX,0,1,4.61,4.7,1e-06,1e-06,ANA,ANA,0.4,0.3,0.318,0.288
SLN202109060,2021-09-06,SLN,LAN,0,4,4.23,2.46,526.8349145670746,2802.2400845274956,MIL,SFN,0.8,0.7,0.31,0.324
BOS202109060,2021-09-06,BOS,TBA,1,1,1.96,1.55,1e-06,1926.694381718032,BOS,TBA,0.5,0.6,0.349,0.312
CLE202109060,2021-09-06,CLE,MIN,0,2,6.26,3.62,884.5468110577992,1529.408250521614,BOS,TBA,0.9,0.2,0.306,0.31
CHN202109060,2021-09-06,CHN,CIN,3,0,3.68,5.59,1e-06,406.2527329885922,CHN,CIN,0.0,0.3,0.318,0.31
COL202109060,2021-09-06,COL,SFN,0,2,4.33,2.81,1e-06,1524.5101947303656,COL,SFN,0.7,0.7,0.341,0.316
MIL202109060,2021-09-06,MIL,PHI,0,2,2.56,2.78,1e-06,2045.0709343750696,MIL,MIA,0.4,0.5,0.314,0.311
HOU202109060,2021-09-06,HOU,SEA,0,0,3.16,4.41,2092.675240202723,1630.8590123845936,SDN,ARI,0.8,0.8,0.341,0.309
HOU202109070,2021-09-07,HOU,SEA,0,0,3.42,3.9,1e-06,1e-06,HOU,HOU,0.8,0.6,0.341,0.309
SDN202109070,2021-09-07,SDN,ANA,0,0,4.2,5.3,1e-06,141.8121399568677,SDN,ANA,0.4,0.5,0.331,0.301
ARI202109070,2021-09-07,ARI,TEX,0,0,4.3,5.15,1e-06,540.0297061463508,ARI,ANA,0.4,0.4,0.322,0.288
ATL202109070,2021-09-07,ATL,WAS,3,1,1.98,4.04,1946.7466716258368,874.0887985860761,COL,WAS,0.5,0.2,0.325,0.334
COL202109070,2021-09-07,COL,SFN,0,3,6.46,3.03,1e-06,1e-06,COL,COL,0.6,0.8,0.341,0.316
SLN202109070,2021-09-07,SLN,LAN,1,1,5.79,2.25,1e-06,1e-06,SLN,SLN,0.6,1.1,0.31,0.324
MIL202109070,2021-09-07,MIL,PHI,0,0,3.19,4.63,1e-06,1e-06,MIL,MIL,0.4,0.7,0.314,0.311
MIA202109070,2021-09-07,MIA,NYN,1,2,6.41,6.04,1e-06,1489.628641346009,MIA,WAS,1.4,1.1,0.303,0.307
CLE202109070,2021-09-07,CLE,MIN,0,0,3.84,4.09,1e-06,1e-06,CLE,CLE,0.9,0.4,0.306,0.31
PIT202109070,2021-09-07,PIT,DET,1,0,5.6,4.04,1e-06,1e-06,PIT,PIT,0.2,0.0,0.322,0.304
BAL202109070,2021-09-07,BAL,KCA,4,0,9.9,11.27,1e-06,1e-06,BAL,BAL,0.5,0.3,0.317,0.291
NYA202109070,2021-09-07,NYA,TOR,0,0,3.23,3.82,1e-06,1e-06,NYA,NYA,0.4,0.3,0.323,0.325
CHN202109070,2021-09-07,CHN,CIN,0,2,2.8,3.37,1e-06,1e-06,CHN,CHN,0.3,0.3,0.318,0.31
OAK202109070,2021-09-07,OAK,CHA,1,1,6.08,6.23,3630.644600855592,2406.427657157802,TOR,KCA,0.8,0.8,0.313,0.325
BOS202109070,2021-09-07,BOS,TBA,0,0,4.74,2.84,1e-06,1e-06,BOS,BOS,0.3,0.7,0.349,0.312
HOU202109080,2021-09-08,HOU,SEA,0,2,2.25,2.78,1e-06,1e-06,HOU,HOU,0.7,0.4,0.341,0.309
OAK202109080,2021-09-08,OAK,CHA,0,0,3.37,5.28,1e-06,1e-06,OAK,OAK,0.6,0.8,0.313,0.325
NYA202109080,2021-09-08,NYA,TOR,0,0,3.6,3.5,1e-06,1e-06,NYA,NYA,0.4,0.3,0.323,0.325
CLE202109080,2021-09-08,CLE,MIN,0,0,4.95,4.05,1e-06,1e-06,CLE,CLE,0.6,0.4,0.306,0.31
MIA202109080,2021-09-08,MIA,NYN,0,0,2.79,3.45,1e-06,1e-06,MIA,MIA,1.5,1.3,0.303,0.307
ATL202109080,2021-09-08,ATL,WAS,0,1,2.94,5.34,1e-06,1e-06,ATL,ATL,0.7,0.3,0.325,0.334
CHN202109080,2021-09-08,CHN,CIN,1,0,4.28,6.3,1e-06,1e-06,CHN,CHN,0.3,0.5,0.318,0.31
BOS202109080,2021-09-08,BOS,TBA,0,0,4.87,2.52,1e-06,1e-06,BOS,BOS,0.2,0.7,0.349,0.312
SDN202109080,2021-09-08,SDN,ANA,0,0,4.22,3.84,1e-06,1e-06,SDN,SDN,0.4,0.4,0.331,0.301
PIT202109080,2021-09-08,PIT,DET,0,1,6.17,2.11,1e-06,1e-06,PIT,PIT,0.3,0.0,0.322,0.304
ARI202109080,2021-09-08,ARI,TEX,0,0,4.25,3.52,1e-06,1e-06,ARI,ARI,0.4,0.4,0.322,0.288
MIL202109080,2021-09-08,MIL,PHI,2,1,4.55,3.43,1e-06,1e-06,MIL,MIL,0.4,0.7,0.314,0.311
COL202109080,2021-09-08,COL,SFN,0,0,4.38,2.22,1e-06,1e-06,COL,COL,0.5,1.1,0.341,0.316
SLN202109080,2021-09-08,SLN,LAN,3,1,3.05,3.66,1e-06,1e-06,SLN,SLN,0.6,1.1,0.31,0.324
BAL202109080,2021-09-08,BAL,KCA,0,1,13.5,2.88,1e-06,1e-06,BAL,BAL,0.9,0.2,0.317,0.291
MIA202109090,2021-09-09,MIA,NYN,0,1,2.95,3.94,1e-06,1e-06,MIA,MIA,1.5,1.3,0.303,0.307
NYA202109090,2021-09-09,NYA,TOR,0,1,6.12,3.52,1e-06,1e-06,NYA,NYA,0.4,0.3,0.323,0.325
CLE202109090,2021-09-09,CLE,MIN,0,0,2.89,7.58,1e-06,1e-06,CLE,CLE,0.6,0.4,0.306,0.31
BAL202109090,2021-09-09,BAL,KCA,0,1,3.62,3.68,1e-06,1e-06,BAL,BAL,0.8,0.3,0.317,0.291
PHI202109090,2021-09-09,PHI,COL,1,0,3.2,3.38,1117.7982780855818,2534.0409405234473,MIL,COL,0.5,1.0,0.324,0.291
ATL202109090,2021-09-09,ATL,WAS,0,2,4.19,6.33,1e-06,1e-06,ATL,ATL,0.7,0.4,0.325,0.334
OAK202109090,2021-09-09,OAK,CHA,0,0,3.91,3.43,1e-06,1e-06,OAK,OAK,0.6,0.8,0.313,0.325
SLN202109090,2021-09-09,SLN,LAN,0,0,3.24,2.81,1e-06,1e-06,SLN,SLN,0.9,1.2,0.31,0.324
OAK202109100,2021-09-10,OAK,TEX,0,1,4.11,9.26,1e-06,1040.2976618519092,OAK,ARI,0.3,0.4,0.313,0.288
SLN202109100,2021-09-10,SLN,CIN,0,0,2.56,5.59,1e-06,422.4920912040455,SLN,CHN,0.7,0.5,0.31,0.31
PHI202109100,2021-09-10,PHI,COL,0,0,5.61,4.4,1e-06,1e-06,PHI,PHI,0.5,1.0,0.324,0.291
HOU202109100,2021-09-10,HOU,ANA,0,1,3.14,3.18,1e-06,2092.675240202723,HOU,SDN,0.7,0.3,0.341,0.301
SEA202109100,2021-09-10,SEA,ARI,1,0,3.96,4.67,3039.1839825945185,1793.290239503433,HOU,ARI,0.8,0.0,0.295,0.296
CHN202109100,2021-09-10,CHN,SFN,0,0,8.37,3.0,1e-06,1477.450780411816,CHN,COL,0.4,1.1,0.318,0.316
BAL202109100,2021-09-10,BAL,TOR,3,0,7.11,4.85,1e-06,272.81937803481173,BAL,NYA,0.8,0.4,0.317,0.325
MIN202109100,2021-09-10,MIN,KCA,4,3,2.48,4.68,1013.2251113855248,1508.338155320694,CLE,BAL,1.1,0.4,0.318,0.291
DET202109100,2021-09-10,DET,TBA,0,0,3.65,3.59,331.7516309667575,984.732039314543,PIT,BOS,0.3,0.6,0.311,0.312
CLE202109100,2021-09-10,CLE,MIL,2,1,5.34,3.22,1e-06,542.6220003248809,CLE,MIL,0.4,0.3,0.306,0.318
ATL202109100,2021-09-10,ATL,MIA,0,2,3.58,2.64,1e-06,973.359131898138,ATL,MIA,0.7,0.9,0.325,0.294
PIT202109100,2021-09-10,PIT,WAS,0,0,4.82,5.14,1e-06,840.3908477621023,PIT,ATL,0.3,0.4,0.322,0.334
LAN202109100,2021-09-10,LAN,SDN,0,0,2.96,3.18,2553.1974748902726,179.52869961196944,SLN,SDN,0.5,0.3,0.334,0.312
CHA202109100,2021-09-10,CHA,BOS,0,0,2.37,3.52,2971.6570204984887,1365.5064971534737,OAK,BOS,0.4,0.6,0.348,0.308
NYN202109100,2021-09-10,NYN,NYA,1,1,4.52,3.83,1756.5620451799746,1e-06,MIA,NYA,0.2,0.2,0.323,0.32
PHI202109110,2021-09-11,PHI,COL,0,0,2.78,4.33,1e-06,1e-06,PHI,PHI,0.5,0.7,0.324,0.291
DET202109110,2021-09-11,DET,TBA,0,0,3.71,2.82,1e-06,1e-06,DET,DET,0.3,0.6,0.311,0.312
BAL202109111,2021-09-11,BAL,TOR,2,0,4.11,4.2,1e-06,1e-06,BAL,BAL,1.0,0.4,0.317,0.325
OAK202109110,2021-09-11,OAK,TEX,1,0,1.83,3.18,1e-06,1e-06,OAK,OAK,0.3,0.5,0.313,0.288
BAL202109112,2021-09-11,BAL,TOR,0,0,6.63,3.5,1e-06,1e-06,BAL,BAL,1.0,0.4,0.317,0.325
ATL202109110,2021-09-11,ATL,MIA,0,2,2.94,3.82,1e-06,1e-06,ATL,ATL,0.6,1.0,0.325,0.294
NYN202109110,2021-09-11,NYN,NYA,0,0,3.59,3.6,1e-06,1e-06,NYN,NYN,0.3,0.3,0.323,0.32
MIN202109110,2021-09-11,MIN,KCA,2,0,3.62,4.91,1e-06,1e-06,MIN,MIN,1.1,0.7,0.318,0.291
HOU202109110,2021-09-11,HOU,ANA,0,2,,3.75,1e-06,1e-06,HOU,HOU,0.6,0.2,0.341,0.301
SEA202109110,2021-09-11,SEA,ARI,2,1,3.61,4.93,1e-06,1e-06,SEA,SEA,0.9,0.0,0.295,0.296
CHA202109110,2021-09-11,CHA,BOS,0,0,5.5,1.96,1e-06,1e-06,CHA,CHA,0.4,0.6,0.348,0.308
SLN202109110,2021-09-11,SLN,CIN,0,0,3.24,4.4,1e-06,1e-06,SLN,SLN,0.6,0.4,0.31,0.31
LAN202109110,2021-09-11,LAN,SDN,0,0,2.47,5.07,1e-06,1e-06,LAN,LAN,0.5,0.3,0.334,0.312
PIT202109110,2021-09-11,PIT,WAS,0,0,6.48,8.44,1e-06,1e-06,PIT,PIT,0.3,0.4,0.322,0.334
CLE202109110,2021-09-11,CLE,MIL,0,2,4.67,2.43,1e-06,1e-06,CLE,CLE,0.6,0.4,0.306,0.318
CHN202109110,2021-09-11,CHN,SFN,1,0,5.78,2.81,1e-06,1e-06,CHN,CHN,0.4,1.1,0.318,0.316
CHA202109120,2021-09-12,CHA,BOS,0,0,2.26,1.96,1e-06,1e-06,CHA,CHA,0.4,0.6,0.348,0.308
PIT202109120,2021-09-12,PIT,WAS,0,0,5.35,5.82,1e-06,1e-06,PIT,PIT,0.3,0.4,0.322,0.334
SLN202109120,2021-09-12,SLN,CIN,2,0,5.79,4.19,1e-06,1e-06,SLN,SLN,0.6,0.4,0.31,0.31
HOU202109120,2021-09-12,HOU,ANA,1,0,3.16,4.56,1e-06,1e-06,HOU,HOU,0.4,0.4,0.341,0.301
BAL202109120,2021-09-12,BAL,TOR,0,5,6.67,3.82,1e-06,1e-06,BAL,BAL,1.0,0.4,0.317,0.325
MIN202109120,2021-09-12,MIN,KCA,1,1,3.92,3.66,1e-06,1e-06,MIN,MIN,1.1,0.7,0.318,0.291
ATL202109120,2021-09-12,ATL,MIA,0,0,4.19,3.82,1e-06,1e-06,ATL,ATL,0.5,1.2,0.325,0.294
CHN202109120,2021-09-12,CHN,SFN,0,0,4.26,3.03,1e-06,1e-06,CHN,CHN,0.5,1.0,0.318,0.316
CLE202109120,2021-09-12,CLE,MIL,0,1,3.84,3.19,1e-06,1e-06,CLE,CLE,0.6,0.6,0.306,0.318
SEA202109120,2021-09-12,SEA,ARI,0,0,4.61,3.15,1e-06,1e-06,SEA,SEA,0.9,0.1,0.295,0.296
DET202109120,2021-09-12,DET,TBA,0,0,3.42,2.73,1e-06,1e-06,DET,DET,0.3,0.6,0.311,0.312
NYN202109120,2021-09-12,NYN,NYA,1,2,3.5,3.12,1e-06,1e-06,NYN,NYN,0.3,0.3,0.323,0.32
LAN202109120,2021-09-12,LAN,SDN,0,0,2.46,4.4,1e-06,1e-06,LAN,LAN,0.4,0.3,0.334,0.312
PHI202109120,2021-09-12,PHI,COL,1,0,3.63,4.19,1e-06,1e-06,PHI,PHI,0.5,0.5,0.324,0.291
OAK202109120,2021-09-12,OAK,TEX,0,0,4.07,4.66,1e-06,1e-06,OAK,OAK,0.3,0.2,0.313,0.288
SFN202109130,2021-09-13,SFN,SDN,5,0,2.92,4.22,2984.5094702126535,559.4406195325591,CHN,LAN,0.5,0.3,0.336,0.312
TEX202109130,2021-09-13,TEX,HOU,0,3,7.43,3.55,2350.5503898425545,368.5990384284446,OAK,HOU,0.6,0.4,0.301,0.336
WAS202109130,2021-09-13,WAS,MIA,0,1,4.27,3.19,305.44483751928374,874.0887985860761,PIT,ATL,0.9,0.9,0.34,0.294
NYN202109130,2021-09-13,NYN,SLN,0,0,3.86,3.05,1e-06,1403.0288811452067,NYN,SLN,0.4,0.8,0.323,0.316
SEA202109130,2021-09-13,SEA,BOS,1,0,2.78,1.5,1e-06,2788.668911659839,SEA,CHA,0.8,0.5,0.295,0.308
NYA202109130,2021-09-13,NYA,MIN,0,4,3.6,3.56,1e-06,1636.0526645605564,NYN,MIN,0.4,0.3,0.323,0.31
LAN202109130,2021-09-13,LAN,ARI,3,1,2.81,4.3,1e-06,1545.141516309272,LAN,SEA,0.2,0.1,0.334,0.296
TOR202109130,2021-09-13,TOR,TBA,0,0,3.22,5.11,537.0332419152472,332.4198044988213,BAL,DET,0.2,0.6,0.336,0.312
LAN202109140,2021-09-14,LAN,ARI,1,0,3.23,4.25,1e-06,1e-06,LAN,LAN,0.5,0.2,0.334,0.296
BAL202109140,2021-09-14,BAL,NYA,0,2,6.75,3.23,1e-06,272.81937803481173,BAL,NYA,1.0,0.5,0.317,0.32
SEA202109140,2021-09-14,SEA,BOS,0,0,4.99,4.21,1e-06,1e-06,SEA,SEA,0.8,0.5,0.295,0.308
WAS202109140,2021-09-14,WAS,MIA,0,0,5.47,6.61,1e-06,1e-06,WAS,WAS,0.9,0.7,0.34,0.294
TOR202109140,2021-09-14,TOR,TBA,0,0,3.52,2.84,1e-06,1e-06,TOR,TOR,0.2,0.6,0.336,0.312
ATL202109140,2021-09-14,ATL,COL,1,0,4.5,4.59,1e-06,1071.2330338826837,ATL,PHI,0.5,0.5,0.325,0.291
TEX202109140,2021-09-14,TEX,HOU,2,0,5.15,4.16,1e-06,1e-06,TEX,TEX,0.3,0.7,0.301,0.336
PHI202109140,2021-09-14,PHI,CHN,1,0,3.71,2.8,1e-06,1068.017024042746,PHI,CHN,0.6,0.7,0.324,0.305
SFN202109140,2021-09-14,SFN,SDN,1,0,3.17,7.39,1e-06,1e-06,SFN,SFN,1.0,0.3,0.336,0.312
MIN202109141,2021-09-14,MIN,CLE,0,0,,4.95,1e-06,1e-06,MIN,MIN,1.1,0.4,0.318,0.302
DET202109140,2021-09-14,DET,MIL,0,0,7.55,2.61,1e-06,145.52553501827433,DET,CLE,0.1,0.7,0.311,0.318
PIT202109140,2021-09-14,PIT,CIN,3,0,3.71,3.37,1e-06,898.8824563980571,PIT,SLN,0.3,0.4,0.322,0.31
CHA202109140,2021-09-14,CHA,ANA,0,1,3.51,6.35,1e-06,1516.5648050119732,CHA,HOU,0.4,0.4,0.348,0.301
KCA202109140,2021-09-14,KCA,OAK,0,2,3.66,3.92,662.9211681328137,2406.427657157802,MIN,OAK,0.5,0.7,0.322,0.319
MIN202109142,2021-09-14,MIN,CLE,0,0,5.54,6.26,1636.0526645605564,1013.2251113855248,NYA,CLE,1.1,0.4,0.318,0.302
NYN202109140,2021-09-14,NYN,SLN,2,0,3.6,3.24,1e-06,1e-06,NYN,NYN,0.4,0.6,0.323,0.316
NYN202109150,2021-09-15,NYN,SLN,0,5,4.52,4.71,1e-06,1e-06,NYN,NYN,0.6,0.6,0.323,0.316
MIN202109150,2021-09-15,MIN,CLE,0,0,6.37,2.89,1e-06,1e-06,MIN,MIN,1.0,0.4,0.318,0.302
BAL202109150,2021-09-15,BAL,NYA,0,0,4.11,3.35,1e-06,1e-06,BAL,BAL,1.0,0.7,0.317,0.32
PIT202109150,2021-09-15,PIT,CIN,0,2,3.63,3.35,1e-06,1e-06,PIT,PIT,0.6,0.3,0.322,0.31
LAN202109150,2021-09-15,LAN,ARI,0,0,2.96,4.44,1e-06,1e-06,LAN,LAN,0.6,0.2,0.334,0.296
SFN202109150,2021-09-15,SFN,SDN,0,2,1.51,3.18,1e-06,1e-06,SFN,SFN,0.9,0.3,0.336,0.312
SEA202109150,2021-09-15,SEA,BOS,0,1,3.31,4.21,1e-06,1e-06,SEA,SEA,0.5,0.3,0.295,0.308
WAS202109150,2021-09-15,WAS,MIA,0,0,3.55,6.41,1e-06,1e-06,WAS,WAS,0.6,0.7,0.34,0.294
PHI202109150,2021-09-15,PHI,CHN,0,0,3.2,8.37,1e-06,1e-06,PHI,PHI,0.7,0.7,0.324,0.305
KCA202109150,2021-09-15,KCA,OAK,1,0,3.68,3.91,1e-06,1e-06,KCA,KCA,0.5,0.9,0.322,0.319
ATL202109150,2021-09-15,ATL,COL,0,0,3.78,4.38,1e-06,1e-06,ATL,ATL,0.4,0.3,0.325,0.291
TEX202109150,2021-09-15,TEX,HOU,0,0,6.64,3.62,1e-06,1e-06,TEX,TEX,0.5,0.7,0.301,0.336
DET202109150,2021-09-15,DET,MIL,0,0,5.8,2.56,1e-06,1e-06,DET,DET,0.1,0.7,0.311,0.318
CHA202109150,2021-09-15,CHA,ANA,0,0,3.5,3.84,1e-06,1e-06,CHA,CHA,0.3,0.5,0.348,0.301
TOR202109150,2021-09-15,TOR,TBA,3,0,2.84,5.05,1e-06,1e-06,TOR,TOR,0.2,0.3,0.336,0.312
CHA202109160,2021-09-16,CHA,ANA,0,0,3.43,3.76,1e-06,1e-06,CHA,CHA,0.2,0.5,0.348,0.301
BAL202109160,2021-09-16,BAL,NYA,0,0,2.7,3.35,1e-06,1e-06,BAL,BAL,0.9,0.7,0.317,0.32
SFN202109160,2021-09-16,SFN,SDN,0,0,2.81,3.76,1e-06,1e-06,SFN,SFN,0.9,0.5,0.336,0.312
PIT202109160,2021-09-16,PIT,CIN,0,0,7.04,3.75,1e-06,1e-06,PIT,PIT,0.6,0.4,0.322,0.31
TBA202109160,2021-09-16,TBA,DET,2,0,2.82,3.81,1789.459752085548,1620.843911772028,TOR,DET,0.7,0.1,0.328,0.304
TEX202109160,2021-09-16,TEX,HOU,0,0,9.26,,1e-06,1e-06,TEX,TEX,0.5,0.7,0.301,0.336
KCA202109160,2021-09-16,KCA,OAK,2,0,5.69,5.87,1e-06,1e-06,KCA,KCA,0.6,0.9,0.322,0.319
PHI202109160,2021-09-16,PHI,CHN,0,0,3.63,6.11,1e-06,1e-06,PHI,PHI,0.7,0.7,0.324,0.305
SFN202109170,2021-09-17,SFN,ATL,2,2,3.0,4.19,1e-06,3436.411305395792,SFN,ATL,0.9,0.5,0.336,0.312
WAS202109170,2021-09-17,WAS,COL,2,2,3.55,3.38,1e-06,874.0887985860761,WAS,ATL,0.6,0.3,0.34,0.291
SLN202109170,2021-09-17,SLN,SDN,3,0,4.23,6.3,1403.0288811452067,2802.2400845274956,NYN,SFN,0.8,0.5,0.31,0.312
KCA202109170,2021-09-17,KCA,SEA,0,0,,3.61,1e-06,2418.3539462011913,KCA,SEA,0.8,0.6,0.322,0.309
NYN202109170,2021-09-17,NYN,PHI,0,0,4.47,2.78,1e-06,129.48897528262268,NYN,PHI,0.6,0.7,0.323,0.311
NYA202109170,2021-09-17,NYA,CLE,0,0,3.83,4.67,272.81937803481173,1636.0526645605564,BAL,MIN,0.4,0.4,0.323,0.302
MIL202109170,2021-09-17,MIL,CHN,0,0,4.55,4.3,408.2632535344616,1117.7982780855818,DET,PHI,0.5,0.7,0.314,0.305
BOS202109170,2021-09-17,BOS,BAL,0,0,3.16,6.63,4000.0367541660753,578.81170796599,SEA,BAL,0.2,0.3,0.349,0.291
MIA202109170,2021-09-17,MIA,PIT,0,1,4.18,5.48,1489.628641346009,1630.230113794326,WAS,PIT,1.5,0.5,0.303,0.297
HOU202109170,2021-09-17,HOU,ARI,0,0,3.42,3.2,368.5990384284446,2205.5170699182067,TEX,LAN,0.4,0.2,0.341,0.296
TOR202109170,2021-09-17,TOR,MIN,0,0,4.37,3.62,1e-06,1113.301279752142,TOR,MIN,0.5,0.7,0.336,0.31
TBA202109170,2021-09-17,TBA,DET,1,1,1.88,7.55,1e-06,1e-06,TBA,TBA,0.9,0.1,0.328,0.304
CIN202109170,2021-09-17,CIN,LAN,0,0,3.98,2.47,415.25842934625814,3046.5057464053752,PIT,LAN,0.7,0.9,0.346,0.324
TEX202109170,2021-09-17,TEX,CHA,0,1,4.66,3.91,1e-06,1309.650558347085,TEX,CHA,0.5,0.8,0.301,0.325
ANA202109170,2021-09-17,ANA,OAK,0,0,9.0,4.24,2786.2559450879285,2158.345510444982,CHA,KCA,0.2,0.9,0.318,0.319
BOS202109180,2021-09-18,BOS,BAL,3,2,3.52,9.9,1e-06,1e-06,BOS,BOS,0.2,0.3,0.349,0.291
TEX202109180,2021-09-18,TEX,CHA,0,0,3.27,2.69,1e-06,1e-06,TEX,TEX,0.5,0.9,0.301,0.325
HOU202109180,2021-09-18,HOU,ARI,2,0,4.21,4.33,1e-06,1e-06,HOU,HOU,0.4,0.2,0.341,0.296
NYN202109180,2021-09-18,NYN,PHI,0,1,6.04,4.63,1e-06,1e-06,NYN,NYN,0.6,0.7,0.323,0.311
KCA202109180,2021-09-18,KCA,SEA,2,0,4.43,4.41,1e-06,1e-06,KCA,KCA,0.7,0.6,0.322,0.309
MIA202109180,2021-09-18,MIA,PIT,0,1,5.81,5.35,1e-06,1e-06,MIA,MIA,1.1,0.6,0.303,0.297
TBA202109180,2021-09-18,TBA,DET,0,3,5.11,5.81,1e-06,1e-06,TBA,TBA,0.7,0.2,0.328,0.304
NYA202109180,2021-09-18,NYA,CLE,0,0,3.07,3.84,1e-06,1e-06,NYA,NYA,0.0,0.3,0.323,0.302
SLN202109180,2021-09-18,SLN,SDN,0,0,6.16,4.83,1e-06,1e-06,SLN,SLN,1.0,0.2,0.31,0.312
WAS202109180,2021-09-18,WAS,COL,0,3,5.82,4.33,1e-06,1e-06,WAS,WAS,0.8,0.2,0.34,0.291
CIN202109180,2021-09-18,CIN,LAN,0,0,4.19,2.46,1e-06,1e-06,CIN,CIN,0.7,0.9,0.346,0.324
TOR202109180,2021-09-18,TOR,MIN,0,2,3.82,4.19,1e-06,1e-06,TOR,TOR,0.4,0.7,0.336,0.31
MIL202109180,2021-09-18,MIL,CHN,0,0,2.5,3.68,1e-06,1e-06,MIL,MIL,0.4,0.7,0.314,0.305
SFN202109180,2021-09-18,SFN,ATL,0,0,2.92,3.34,1e-06,1e-06,SFN,SFN,1.1,0.7,0.336,0.312
ANA202109180,2021-09-18,ANA,OAK,0,3,3.75,4.07,1e-06,1e-06,ANA,ANA,0.2,0.9,0.318,0.319
TBA202109190,2021-09-19,TBA,DET,0,0,3.43,3.07,1e-06,1e-06,TBA,TBA,0.6,0.5,0.328,0.304
BOS202109190,2021-09-19,BOS,BAL,3,0,3.06,7.11,1e-06,1e-06,BOS,BOS,0.5,0.5,0.349,0.291
SLN202109190,2021-09-19,SLN,SDN,5,0,3.24,7.39,1e-06,1e-06,SLN,SLN,1.0,0.2,0.31,0.312
SFN202109190,2021-09-19,SFN,ATL,0,0,3.17,3.04,1e-06,1e-06,SFN,SFN,1.1,0.7,0.336,0.312
NYA202109190,2021-09-19,NYA,CLE,0,2,3.23,5.34,1e-06,1e-06,NYA,NYA,0.0,0.2,0.323,0.302
CIN202109190,2021-09-19,CIN,LAN,0,0,3.37,3.55,1e-06,1e-06,CIN,CIN,0.5,0.9,0.346,0.324
TEX202109190,2021-09-19,TEX,CHA,0,0,5.15,3.53,1e-06,1e-06,TEX,TEX,0.5,0.5,0.301,0.325
KCA202109190,2021-09-19,KCA,SEA,0,2,11.27,4.68,1e-06,1e-06,KCA,KCA,0.9,0.6,0.322,0.309
NYN202109190,2021-09-19,NYN,PHI,0,1,0.95,3.71,1e-06,1e-06,NYN,NYN,0.5,0.5,0.323,0.311
TOR202109190,2021-09-19,TOR,MIN,5,0,3.52,4.74,1e-06,1e-06,TOR,TOR,0.4,0.9,0.336,0.31
ANA202109190,2021-09-19,ANA,OAK,0,0,2.57,3.18,1e-06,1e-06,ANA,ANA,0.2,1.2,0.318,0.319
HOU202109190,2021-09-19,HOU,ARI,3,0,1.29,7.71,1e-06,1e-06,HOU,HOU,0.6,0.2,0.341,0.296
WAS202109190,2021-09-19,WAS,COL,1,0,4.27,4.59,1e-06,1e-06,WAS,WAS,0.8,0.5,0.34,0.291
MIA202109190,2021-09-19,MIA,PIT,0,0,2.75,4.82,1e-06,1e-06,MIA,MIA,1.1,0.7,0.303,0.297
MIL202109190,2021-09-19,MIL,CHN,0,0,3.34,4.26,1e-06,1e-06,MIL,MIL,0.3,0.6,0.314,0.305
DET202109200,2021-09-20,DET,CHA,0,0,2.11,2.26,1620.843911772028,1624.6230769135182,TBA,TEX,0.1,0.5,0.311,0.325
TBA202109200,2021-09-20,TBA,TOR,0,0,2.03,2.84,1e-06,1789.459752085548,TBA,TOR,0.5,0.9,0.328,0.325
PHI202109200,2021-09-20,PHI,BAL,0,2,1.36,3.62,129.48897528262268,435.5953169043613,NYN,BOS,0.7,0.3,0.324,0.291
CLE202109202,2021-09-20,CLE,KCA,0,2,5.05,2.67,1e-06,1e-06,CLE,CLE,0.2,0.8,0.306,0.291
ANA202109200,2021-09-20,ANA,HOU,0,2,4.61,3.14,1e-06,2169.9670210701,ANA,HOU,0.2,0.7,0.318,0.336
OAK202109200,2021-09-20,OAK,SEA,0,0,3.91,4.53,592.0809005913671,2406.427657157802,ANA,KCA,0.2,0.8,0.313,0.309
ARI202109200,2021-09-20,ARI,ATL,0,0,7.25,4.19,1630.8590123845936,1050.993394248722,HOU,SFN,0.4,0.7,0.322,0.312
NYA202109200,2021-09-20,NYA,TEX,0,0,3.12,4.7,1e-06,2225.551415128663,NYA,TEX,0.0,0.2,0.323,0.288
CLE202109201,2021-09-20,CLE,KCA,0,0,4.95,4.91,649.8727601989037,1123.5230318083022,NYA,KCA,0.2,0.9,0.306,0.291
MIL202109200,2021-09-20,MIL,SLN,0,2,2.81,4.71,1e-06,526.8349145670746,MIL,SLN,0.3,1.1,0.314,0.316
CIN202109200,2021-09-20,CIN,PIT,0,2,2.51,7.04,1e-06,1534.6263109130673,CIN,MIA,0.3,0.7,0.346,0.297
MIA202109200,2021-09-20,MIA,WAS,0,2,2.81,5.6,1e-06,1489.628641346009,MIA,WAS,0.6,0.4,0.303,0.334
CIN202109210,2021-09-21,CIN,PIT,0,0,3.75,6.17,1e-06,1e-06,CIN,CIN,0.2,0.9,0.346,0.297
NYA202109210,2021-09-21,NYA,TEX,1,0,3.83,4.51,1e-06,1e-06,NYA,NYA,0.0,0.2,0.323,0.288
PHI202109210,2021-09-21,PHI,BAL,0,0,3.2,5.87,1e-06,1e-06,PHI,PHI,0.7,0.5,0.324,0.291
OAK202109210,2021-09-21,OAK,SEA,1,0,5.87,3.96,1e-06,1e-06,OAK,OAK,0.2,0.8,0.313,0.309
ARI202109210,2021-09-21,ARI,ATL,0,3,4.25,4.48,1e-06,1e-06,ARI,ARI,0.4,0.7,0.322,0.312
MIA202109210,2021-09-21,MIA,WAS,0,0,2.64,3.28,1e-06,1e-06,MIA,MIA,0.4,0.6,0.303,0.334
DET202109210,2021-09-21,DET,CHA,0,0,7.55,10.8,1e-06,1e-06,DET,DET,0.1,0.5,0.311,0.325
CLE202109210,2021-09-21,CLE,KCA,3,0,2.89,5.69,1e-06,1e-06,CLE,CLE,0.2,0.8,0.306,0.291
MIL202109210,2021-09-21,MIL,SLN,0,1,2.56,3.99,1e-06,1e-06,MIL,MIL,0.3,1.3,0.314,0.316
COL202109210,2021-09-21,COL,LAN,0,0,4.34,2.22,2397.8679070622884,1756.1898521305268,WAS,CIN,0.2,0.9,0.341,0.324
ANA202109210,2021-09-21,ANA,HOU,0,0,6.35,3.62,1e-06,1e-06,ANA,ANA,0.2,0.7,0.318,0.336
TBA202109210,2021-09-21,TBA,TOR,0,0,4.5,3.22,1e-06,1e-06,TBA,TBA,0.5,0.9,0.328,0.325
SDN202109210,2021-09-21,SDN,SFN,1,1,2.23,3.92,2512.7882729547905,738.1265117326025,SLN,SFN,0.4,1.0,0.331,0.316
CHN202109210,2021-09-21,CHN,MIN,1,2,5.07,5.54,132.54357794550742,700.98343821047,MIL,TOR,0.5,0.8,0.318,0.31
BOS202109210,2021-09-21,BOS,NYN,0,0,1.5,3.02,1e-06,306.2037667286439,BOS,NYN,0.8,1.4,0.349,0.307
MIL202109220,2021-09-22,MIL,SLN,0,2,4.22,4.23,1e-06,1e-06,MIL,MIL,0.3,1.2,0.314,0.316
COL202109220,2021-09-22,COL,LAN,0,0,3.13,2.89,1e-06,1e-06,COL,COL,0.2,0.9,0.341,0.324
MIA202109220,2021-09-22,MIA,WAS,0,0,4.18,5.48,1e-06,1e-06,MIA,MIA,0.1,0.6,0.303,0.334
SDN202109220,2021-09-22,SDN,SFN,0,3,6.3,3.0,1e-06,1e-06,SDN,SDN,0.5,0.9,0.331,0.316
CHN202109220,2021-09-22,CHN,MIN,0,2,4.77,4.05,1e-06,1e-06,CHN,CHN,0.6,1.0,0.318,0.31
ANA202109220,2021-09-22,ANA,HOU,0,2,5.76,4.21,1e-06,1e-06,ANA,ANA,0.2,0.7,0.318,0.336
OAK202109220,2021-09-22,OAK,SEA,0,0,4.24,3.61,1e-06,1e-06,OAK,OAK,0.3,0.7,0.313,0.309
ARI202109220,2021-09-22,ARI,ATL,1,3,4.44,3.58,1e-06,1e-06,ARI,ARI,0.4,1.0,0.322,0.312
TBA202109220,2021-09-22,TBA,TOR,0,0,2.52,4.8,1e-06,1e-06,TBA,TBA,0.5,0.8,0.328,0.325
NYA202109220,2021-09-22,NYA,TEX,0,0,3.12,3.83,1e-06,1e-06,NYA,NYA,0.1,0.2,0.323,0.288
BOS202109220,2021-09-22,BOS,NYN,2,0,3.16,4.47,1e-06,1e-06,BOS,BOS,0.8,1.4,0.349,0.307
PHI202109220,2021-09-22,PHI,BAL,0,0,4.2,7.11,1e-06,1e-06,PHI,PHI,0.5,0.4,0.324,0.291
BAL202109230,2021-09-23,BAL,TEX,0,0,6.67,9.26,144.5656230575587,272.81937803481173,PHI,NYA,0.9,0.2,0.317,0.288
ANA202109230,2021-09-23,ANA,HOU,0,0,1.77,3.16,1e-06,1e-06,ANA,ANA,0.2,0.9,0.318,0.336
CIN202109230,2021-09-23,CIN,WAS,0,0,3.98,5.82,1e-06,1534.6263109130673,CIN,MIA,0.2,0.6,0.346,0.334
MIL202109230,2021-09-23,MIL,SLN,4,0,4.55,2.56,1e-06,1e-06,MIL,MIL,0.2,1.3,0.314,0.316
MIN202109230,2021-09-23,MIN,TOR,0,0,3.62,6.75,571.0232496384983,2137.431531245163,CHN,TBA,0.8,0.6,0.318,0.325
CLE202109232,2021-09-23,CLE,CHA,0,0,1.29,3.05,1e-06,1e-06,CLE,CLE,0.5,0.5,0.306,0.325
COL202109230,2021-09-23,COL,LAN,0,0,3.38,2.22,1e-06,1e-06,COL,COL,0.2,0.6,0.341,0.324
ARI202109230,2021-09-23,ARI,ATL,0,0,5.16,4.19,1e-06,1e-06,ARI,ARI,0.5,1.3,0.322,0.312
PHI202109230,2021-09-23,PHI,PIT,0,0,4.63,4.28,1e-06,807.0437326700402,PHI,CIN,0.3,0.9,0.324,0.297
SDN202109230,2021-09-23,SDN,SFN,4,0,4.64,1.51,1e-06,1e-06,SDN,SDN,0.4,1.0,0.331,0.316
CLE202109231,2021-09-23,CLE,CHA,0,1,3.84,3.51,1e-06,145.52553501827433,CLE,DET,0.5,0.2,0.306,0.325
OAK202109230,2021-09-23,OAK,SEA,0,0,3.86,4.99,1e-06,1e-06,OAK,OAK,0.3,0.4,0.313,0.309
CHN202109241,2021-09-24,CHN,SLN,0,0,4.26,3.24,1e-06,132.54357794550742,CHN,MIL,0.6,1.2,0.318,0.316
CHN202109242,2021-09-24,CHN,SLN,2,3,5.78,2.08,1e-06,1e-06,CHN,CHN,0.6,1.0,0.318,0.316
MIN202109240,2021-09-24,MIN,TOR,0,0,4.19,3.52,1e-06,1e-06,MIN,MIN,0.8,0.6,0.318,0.325
COL202109240,2021-09-24,COL,SFN,2,1,4.19,0.0,1e-06,1340.79250926624,COL,SDN,0.1,0.9,0.341,0.316
DET202109240,2021-09-24,DET,KCA,0,0,4.04,2.67,1e-06,145.52553501827433,DET,CLE,0.1,0.8,0.311,0.291
ARI202109240,2021-09-24,ARI,LAN,0,0,4.93,3.23,1e-06,942.6579354569092,ARI,COL,0.5,0.6,0.322,0.324
ANA202109240,2021-09-24,ANA,SEA,0,1,5.3,4.99,1e-06,592.0809005913671,ANA,OAK,0.0,0.4,0.318,0.309
BOS202109240,2021-09-24,BOS,NYA,0,3,3.75,3.23,1e-06,306.2037667286439,BOS,NYA,0.9,0.7,0.349,0.32
OAK202109240,2021-09-24,OAK,HOU,0,1,3.37,4.5,1e-06,592.0809005913671,OAK,ANA,0.3,0.9,0.313,0.336
CLE202109240,2021-09-24,CLE,CHA,0,0,4.41,3.91,1e-06,1e-06,CLE,CLE,0.5,0.3,0.306,0.325
MIL202109240,2021-09-24,MIL,NYN,1,1,3.19,4.52,1e-06,1380.0911924179386,MIL,BOS,0.6,1.1,0.314,0.307
SDN202109240,2021-09-24,SDN,ATL,0,1,4.97,3.04,1e-06,481.0116378281714,SDN,ARI,0.8,1.2,0.331,0.312
PHI202109240,2021-09-24,PHI,PIT,0,0,3.63,3.2,1e-06,1e-06,PHI,PHI,0.2,0.9,0.324,0.297
CIN202109240,2021-09-24,CIN,WAS,0,1,1.29,4.01,1e-06,1e-06,CIN,CIN,0.0,0.6,0.346,0.334
TBA202109240,2021-09-24,TBA,MIA,3,0,5.11,5.81,1e-06,319.9354673545946,TBA,MIA,0.5,0.7,0.328,0.294
BAL202109240,2021-09-24,BAL,TEX,0,2,7.11,3.97,1e-06,1e-06,BAL,BAL,0.5,0.2,0.317,0.288
MIL202109250,2021-09-25,MIL,NYN,0,0,2.43,3.86,1e-06,1e-06,MIL,MIL,0.7,1.2,0.314,0.307
PHI202109250,2021-09-25,PHI,PIT,0,0,1.36,5.48,1e-06,1e-06,PHI,PHI,0.2,0.6,0.324,0.297
COL202109250,2021-09-25,COL,SFN,2,1,4.59,3.92,1e-06,1e-06,COL,COL,0.3,1.0,0.341,0.316
CHN202109250,2021-09-25,CHN,SLN,0,0,4.28,3.46,1e-06,1e-06,CHN,CHN,0.8,1.3,0.318,0.316
MIN202109250,2021-09-25,MIN,TOR,1,0,4.09,2.84,1e-06,1e-06,MIN,MIN,0.8,0.6,0.318,0.325
ANA202109250,2021-09-25,ANA,SEA,2,0,4.15,4.53,1e-06,1e-06,ANA,ANA,0.0,0.5,0.318,0.309
BOS202109250,2021-09-25,BOS,NYA,0,0,3.52,0.0,1e-06,1e-06,BOS,BOS,0.9,1.0,0.349,0.32
CLE202109250,2021-09-25,CLE,CHA,2,0,5.34,2.69,1e-06,1e-06,CLE,CLE,0.5,0.2,0.306,0.325
OAK202109250,2021-09-25,OAK,HOU,0,0,1.83,2.25,1e-06,1e-06,OAK,OAK,0.2,0.9,0.313,0.336
BAL202109250,2021-09-25,BAL,TEX,0,0,14.29,5.15,1e-06,1e-06,BAL,BAL,0.5,0.3,0.317,0.288
ARI202109250,2021-09-25,ARI,LAN,1,0,4.3,3.55,1e-06,1e-06,ARI,ARI,0.5,0.2,0.322,0.324
TBA202109250,2021-09-25,TBA,MIA,0,0,3.43,3.19,1e-06,1e-06,TBA,TBA,0.8,0.7,0.328,0.294
CIN202109250,2021-09-25,CIN,WAS,0,1,3.35,5.14,1e-06,1e-06,CIN,CIN,0.0,0.6,0.346,0.334
DET202109250,2021-09-25,DET,KCA,0,0,2.11,2.67,1e-06,1e-06,DET,DET,0.0,0.8,0.311,0.291
SDN202109250,2021-09-25,SDN,ATL,1,0,3.31,2.94,1e-06,1e-06,SDN,SDN,0.8,1.2,0.331,0.312
MIN202109260,2021-09-26,MIN,TOR,0,0,6.37,3.22,1e-06,1e-06,MIN,MIN,0.8,0.5,0.318,0.325
BAL202109260,2021-09-26,BAL,TEX,0,0,3.62,3.52,1e-06,1e-06,BAL,BAL,0.5,0.3,0.317,0.288
BOS202109260,2021-09-26,BOS,NYA,0,0,4.87,3.12,1e-06,1e-06,BOS,BOS,0.9,0.8,0.349,0.32
OAK202109260,2021-09-26,OAK,HOU,0,0,3.18,3.42,1e-06,1e-06,OAK,OAK,0.2,0.8,0.313,0.336
SDN202109260,2021-09-26,SDN,ATL,0,0,3.22,3.78,1e-06,1e-06,SDN,SDN,0.9,1.0,0.331,0.312
DET202109260,2021-09-26,DET,KCA,0,1,3.07,4.43,1e-06,1e-06,DET,DET,0.0,0.8,0.311,0.291
PHI202109260,2021-09-26,PHI,PIT,0,1,5.14,6.28,1e-06,1e-06,PHI,PHI,0.2,0.6,0.324,0.297
COL202109260,2021-09-26,COL,SFN,0,0,5.21,3.0,1e-06,1e-06,COL,COL,0.4,0.9,0.341,0.316
ARI202109260,2021-09-26,ARI,LAN,0,2,7.25,2.96,1e-06,1e-06,ARI,ARI,0.6,0.1,0.322,0.324
ANA202109260,2021-09-26,ANA,SEA,0,0,4.56,3.96,1e-06,1e-06,ANA,ANA,0.2,0.5,0.318,0.309
CLE202109260,2021-09-26,CLE,CHA,0,1,4.95,3.53,1e-06,1e-06,CLE,CLE,0.7,0.2,0.306,0.325
TBA202109260,2021-09-26,TBA,MIA,2,0,2.03,6.61,1e-06,1e-06,TBA,TBA,0.6,0.7,0.328,0.294
CHN202109260,2021-09-26,CHN,SLN,0,0,4.28,3.73,1e-06,1e-06,CHN,CHN,0.5,1.3,0.318,0.316
CIN202109260,2021-09-26,CIN,WAS,0,0,3.75,3.28,1e-06,1e-06,CIN,CIN,0.0,0.6,0.346,0.334
MIL202109260,2021-09-26,MIL,NYN,2,1,2.81,6.04,1e-06,1e-06,MIL,MIL,0.7,1.1,0.314,0.307
CLE202109270,2021-09-27,CLE,KCA,2,1,2.89,11.27,1e-06,145.52553501827433,CLE,DET,0.5,0.8,0.306,0.291
DET202109270,2021-09-27,DET,CHA,0,0,5.8,5.28,1e-06,145.52553501827433,DET,CLE,0.0,0.3,0.311,0.325
SEA202109270,2021-09-27,SEA,OAK,0,3,3.61,4.24,1575.276973597757,1089.6592015072615,ANA,OAK,0.5,1.1,0.295,0.319
COL202109270,2021-09-27,COL,WAS,0,0,4.4,5.48,1e-06,1756.1898521305268,COL,CIN,0.4,0.4,0.341,0.334
CIN202109270,2021-09-27,CIN,PIT,4,0,1.54,4.7,1e-06,807.0437326700402,CIN,PHI,0.0,0.6,0.346,0.297
MIN202109280,2021-09-28,MIN,DET,0,0,3.23,3.81,1e-06,872.516450655481,MIN,DET,0.8,0.5,0.318,0.304
HOU202109280,2021-09-28,HOU,TBA,0,2,4.73,5.09,2629.671879056886,1270.2138325576016,OAK,TBA,0.6,0.3,0.341,0.312
ATL202109280,2021-09-28,ATL,PHI,0,0,3.34,2.78,3037.495642889967,1071.2330338826837,SDN,PHI,0.4,0.6,0.325,0.311
TOR202109280,2021-09-28,TOR,NYA,1,0,4.37,3.55,1113.301279752142,691.6136251477402,MIN,BOS,0.9,0.8,0.336,0.32
TEX202109280,2021-09-28,TEX,ANA,0,0,4.7,6.35,1968.7690954443951,1938.7751997181072,BAL,ANA,0.2,0.5,0.301,0.301
NYN202109282,2021-09-28,NYN,MIA,0,0,3.9,3.82,1e-06,1e-06,NYN,NYN,0.5,0.7,0.323,0.294
COL202109280,2021-09-28,COL,WAS,0,0,4.33,5.82,1e-06,1e-06,COL,COL,0.4,0.4,0.341,0.334
NYN202109281,2021-09-28,NYN,MIA,1,0,3.02,3.24,1181.7674036325852,1638.0556824552712,MIL,TBA,0.4,0.5,0.323,0.294
BAL202109280,2021-09-28,BAL,BOS,0,0,4.5,3.16,1e-06,578.81170796599,BAL,BOS,0.2,0.3,0.317,0.308
CHA202109280,2021-09-28,CHA,CIN,1,0,3.43,13.5,380.91207013286544,406.2527329885922,DET,CIN,0.1,0.4,0.348,0.31
SLN202109280,2021-09-28,SLN,MIL,0,0,3.05,3.44,422.4920912040455,526.8349145670746,CHN,MIL,1.4,0.7,0.31,0.318
LAN202109280,2021-09-28,LAN,SDN,1,0,2.47,4.22,574.8341159449532,179.52869961196944,ARI,SDN,0.6,0.2,0.334,0.312
KCA202109280,2021-09-28,KCA,CLE,2,3,2.88,3.09,1123.5230318083022,1123.5230318083022,CLE,CLE,0.8,0.4,0.322,0.302
SEA202109280,2021-09-28,SEA,OAK,0,0,4.61,3.92,1e-06,1e-06,SEA,SEA,0.4,1.0,0.295,0.319
SFN202109280,2021-09-28,SFN,ARI,1,0,2.37,5.16,1524.5101947303656,1050.993394248722,COL,ARI,1.0,0.2,0.336,0.296
PIT202109280,2021-09-28,PIT,CHN,3,0,6.37,4.26,415.25842934625814,660.0502267315369,CIN,CHN,0.6,0.1,0.322,0.305
SFN202109290,2021-09-29,SFN,ARI,0,0,1.51,3.0,1e-06,1e-06,SFN,SFN,1.1,0.2,0.336,0.296
BAL202109290,2021-09-29,BAL,BOS,0,0,6.67,3.75,1e-06,1e-06,BAL,BAL,0.0,0.3,0.317,0.308
SEA202109290,2021-09-29,SEA,OAK,0,0,2.78,1.83,1e-06,1e-06,SEA,SEA,0.4,0.8,0.295,0.319
COL202109290,2021-09-29,COL,WAS,4,2,4.19,4.01,1e-06,1e-06,COL,COL,0.4,0.4,0.341,0.334
KCA202109290,2021-09-29,KCA,CLE,3,1,4.85,5.05,1e-06,1e-06,KCA,KCA,1.0,0.7,0.322,0.302
LAN202109290,2021-09-29,LAN,SDN,4,0,4.03,4.83,1e-06,1e-06,LAN,LAN,0.7,0.2,0.334,0.312
TEX202109290,2021-09-29,TEX,ANA,0,1,4.66,1.77,1e-06,1e-06,TEX,TEX,0.2,0.5,0.301,0.301
HOU202109290,2021-09-29,HOU,TBA,0,0,,2.84,1e-06,1e-06,HOU,HOU,0.6,0.3,0.341,0.312
PIT202109290,2021-09-29,PIT,CHN,0,0,3.2,4.26,1e-06,1e-06,PIT,PIT,0.9,0.1,0.322,0.305
SLN202109290,2021-09-29,SLN,MIL,0,1,4.23,3.22,1e-06,1e-06,SLN,SLN,1.4,0.7,0.31,0.318
NYN202109290,2021-09-29,NYN,MIA,0,0,3.5,2.75,1e-06,1e-06,NYN,NYN,0.4,0.3,0.323,0.294
TOR202109290,2021-09-29,TOR,NYA,2,0,2.26,3.6,1e-06,1e-06,TOR,TOR,0.9,0.8,0.336,0.32
CHA202109290,2021-09-29,CHA,CIN,0,0,2.37,4.19,1e-06,1e-06,CHA,CHA,0.2,0.4,0.348,0.31
ATL202109290,2021-09-29,ATL,PHI,2,0,3.04,4.63,1e-06,1e-06,ATL,ATL,0.4,0.6,0.325,0.311
MIN202109290,2021-09-29,MIN,DET,3,0,3.62,3.71,1e-06,1e-06,MIN,MIN,0.4,0.5,0.318,0.304
TEX202109300,2021-09-30,TEX,ANA,0,5,3.83,5.3,1e-06,1e-06,TEX,TEX,0.2,0.5,0.301,0.301
BAL202109300,2021-09-30,BAL,BOS,0,1,6.75,4.53,1e-06,1e-06,BAL,BAL,0.0,0.2,0.317,0.308
NYN202109300,2021-09-30,NYN,MIA,0,0,3.86,9.3,1e-06,1e-06,NYN,NYN,0.4,0.1,0.323,0.294
TOR202109300,2021-09-30,TOR,NYA,0,1,2.84,3.55,1e-06,1e-06,TOR,TOR,1.1,0.7,0.336,0.32
LAN202109300,2021-09-30,LAN,SDN,2,0,2.45,6.3,1e-06,1e-06,LAN,LAN,1.0,0.2,0.334,0.312
SFN202109300,2021-09-30,SFN,ARI,1,3,2.22,3.4,1e-06,1e-06,SFN,SFN,1.0,0.2,0.336,0.296
SLN202109300,2021-09-30,SLN,MIL,0,0,5.79,4.15,1e-06,1e-06,SLN,SLN,1.3,0.7,0.31,0.318
MIN202109300,2021-09-30,MIN,DET,1,0,3.56,4.04,1e-06,1e-06,MIN,MIN,0.5,0.5,0.318,0.304
ATL202109300,2021-09-30,ATL,PHI,1,0,3.58,3.71,1e-06,1e-06,ATL,ATL,0.6,0.5,0.325,0.311
HOU202109300,2021-09-30,HOU,TBA,0,0,3.16,5.11,1e-06,1e-06,HOU,HOU,0.6,0.2,0.341,0.312
PIT202109300,2021-09-30,PIT,CHN,0,1,8.4,4.26,1e-06,1e-06,PIT,PIT,0.7,0.1,0.322,0.305
KCA202109300,2021-09-30,KCA,CLE,0,0,0.0,6.26,1e-06,1e-06,KCA,KCA,1.3,0.8,0.322,0.302
KCA202110010,2021-10-01,KCA,MIN,2,0,,4.09,1e-06,662.9211681328137,KCA,MIN,1.3,1.2,0.322,0.31
ATL202110010,2021-10-01,ATL,NYN,0,0,4.05,4.52,1e-06,1200.4511584455877,ATL,NYN,0.4,1.0,0.325,0.307
SEA202110010,2021-10-01,SEA,ANA,0,0,3.96,3.75,1e-06,2688.6235870338205,SEA,TEX,0.4,1.0,0.295,0.301
WAS202110010,2021-10-01,WAS,BOS,0,0,3.28,4.74,2397.8679070622884,55.02896457567408,COL,BAL,0.9,0.3,0.34,0.308
ARI202110010,2021-10-01,ARI,COL,0,0,4.33,3.38,1050.993394248722,942.6579354569092,SFN,COL,0.2,0.5,0.322,0.291
HOU202110010,2021-10-01,HOU,OAK,1,0,3.14,3.91,1e-06,3039.1839825945185,HOU,SEA,0.6,0.8,0.341,0.319
TOR202110010,2021-10-01,TOR,BAL,0,0,3.82,,1e-06,537.0332419152472,TOR,BAL,1.1,0.4,0.336,0.291
PIT202110010,2021-10-01,PIT,CIN,1,0,3.63,6.04,1e-06,660.0502267315369,PIT,CHA,0.6,0.4,0.322,0.31
TEX202110010,2021-10-01,TEX,CLE,0,0,7.43,5.34,1e-06,738.3603208647532,TEX,KCA,0.2,0.8,0.301,0.302
CHA202110010,2021-10-01,CHA,DET,0,0,2.69,3.07,1e-06,571.0232496384983,CHA,MIN,0.1,0.5,0.348,0.304
SLN202110010,2021-10-01,SLN,CHN,1,0,3.02,7.22,1e-06,898.8824563980571,SLN,PIT,1.0,0.1,0.31,0.305
LAN202110010,2021-10-01,LAN,MIL,1,0,1.99,3.44,1e-06,2553.1974748902726,LAN,SLN,1.2,0.5,0.334,0.318
MIA202110010,2021-10-01,MIA,PHI,0,0,3.19,1.36,1756.5620451799746,973.359131898138,NYN,ATL,0.1,0.5,0.303,0.311
SFN202110010,2021-10-01,SFN,SDN,2,0,3.17,2.25,1e-06,559.4406195325591,SFN,LAN,1.0,0.2,0.336,0.312
NYA202110010,2021-10-01,NYA,TBA,1,1,2.9,2.31,550.2922217550002,2282.180747677387,TOR,HOU,0.1,0.2,0.323,0.312
SEA202110020,2021-10-02,SEA,ANA,0,0,3.06,3.42,1e-06,1e-06,SEA,SEA,0.4,1.0,0.295,0.301
TEX202110020,2021-10-02,TEX,CLE,1,0,5.15,4.95,1e-06,1e-06,TEX,TEX,0.2,0.6,0.301,0.302
ATL202110020,2021-10-02,ATL,NYN,0,0,4.48,6.04,1e-06,1e-06,ATL,ATL,0.4,0.6,0.325,0.307
ARI202110020,2021-10-02,ARI,COL,6,0,4.3,4.42,1e-06,1e-06,ARI,ARI,0.2,0.5,0.322,0.291
TOR202110020,2021-10-02,TOR,BAL,3,0,3.22,3.62,1e-06,1e-06,TOR,TOR,1.1,0.4,0.336,0.291
NYA202110020,2021-10-02,NYA,TBA,1,3,3.83,4.31,1e-06,1e-06,NYA,NYA,0.2,0.3,0.323,0.312
PIT202110020,2021-10-02,PIT,CIN,0,1,5.01,2.91,1e-06,1e-06,PIT,PIT,0.7,0.2,0.322,0.31
SFN202110020,2021-10-02,SFN,SDN,0,0,0.0,3.62,1e-06,1e-06,SFN,SFN,0.7,0.2,0.336,0.312
WAS202110020,2021-10-02,WAS,BOS,0,0,7.39,5.13,1e-06,1e-06,WAS,WAS,0.7,0.2,0.34,0.308
MIA202110020,2021-10-02,MIA,PHI,0,0,6.61,5.14,1e-06,1e-06,MIA,MIA,0.1,0.5,0.303,0.311
CHA202110020,2021-10-02,CHA,DET,0,0,3.51,3.42,1e-06,1e-06,CHA,CHA,0.1,0.5,0.348,0.304
KCA202110020,2021-10-02,KCA,MIN,0,1,4.43,6.37,1e-06,1e-06,KCA,KCA,1.2,1.0,0.322,0.31
LAN202110020,2021-10-02,LAN,MIL,3,1,2.96,2.43,1e-06,1e-06,LAN,LAN,1.2,0.5,0.334,0.318
HOU202110020,2021-10-02,HOU,OAK,3,2,4.73,5.87,1e-06,1e-06,HOU,HOU,0.7,0.8,0.341,0.319
SLN202110020,2021-10-02,SLN,CHN,1,0,3.48,5.91,1e-06,1e-06,SLN,SLN,1.1,0.1,0.31,0.305
ARI202110030,2021-10-03,ARI,COL,0,0,4.33,4.38,1e-06,1e-06,ARI,ARI,0.8,0.5,0.322,0.291
ATL202110030,2021-10-03,ATL,NYN,2,0,3.86,9.0,1e-06,1e-06,ATL,ATL,0.4,0.5,0.325,0.307
CHA202110030,2021-10-03,CHA,DET,1,1,3.43,5.96,1e-06,1e-06,CHA,CHA,0.1,0.5,0.348,0.304
HOU202110030,2021-10-03,HOU,OAK,0,0,3.16,3.18,1e-06,1e-06,HOU,HOU,1.0,0.8,0.341,0.319
KCA202110030,2021-10-03,KCA,MIN,0,5,11.27,0.71,1e-06,1e-06,KCA,KCA,1.2,1.1,0.322,0.31
LAN202110030,2021-10-03,LAN,MIL,0,0,2.47,4.55,1e-06,1e-06,LAN,LAN,1.5,0.6,0.334,0.318
SFN202110030,2021-10-03,SFN,SDN,0,0,3.03,4.97,1e-06,1e-06,SFN,SFN,0.6,0.2,0.336,0.312
PIT202110030,2021-10-03,PIT,CIN,1,0,7.04,1.54,1e-06,1e-06,PIT,PIT,0.7,0.3,0.322,0.31
SEA202110030,2021-10-03,SEA,ANA,0,2,4.53,4.82,1e-06,1e-06,SEA,SEA,0.3,0.9,0.295,0.301
SLN202110030,2021-10-03,SLN,CHN,1,1,3.99,0.0,1e-06,1e-06,SLN,SLN,1.2,0.1,0.31,0.305
TEX202110030,2021-10-03,TEX,CLE,0,1,4.51,3.84,1e-06,1e-06,TEX,TEX,0.1,0.6,0.301,0.302
MIA202110030,2021-10-03,MIA,PHI,2,0,3.24,3.63,1e-06,1e-06,MIA,MIA,0.0,0.3,0.303,0.311
TOR202110030,2021-10-03,TOR,BAL,3,0,4.37,5.04,1e-06,1e-06,TOR,TOR,1.4,0.4,0.336,0.291
NYA202110030,2021-10-03,NYA,TBA,0,0,3.36,5.09,1e-06,1e-06,NYA,NYA,0.3,0.6,0.323,0.312
WAS202110030,2021-10-03,WAS,BOS,0,0,3.55,4.74,1e-06,1e-06,WAS,WAS,0.7,0.2,0.34,0.308
