game_id,date,hometeam,visteam,home_first_inning_runs,visiting_first_inning_runs,home_ERA,vis_ERA,home_travel,vis_travel,home_last_location,visiting_last_location,home_avg_prev,away_avg_prev,home_OBP,away_OBP
TBA201604040,2016-04-04,TBA,TOR,0,0,4.88,4.46,1e-06,1e-06,TBA,TBA,0.0,0.0,0.301,0.317
TBA201604050,2016-04-05,TBA,TOR,0,0,1.91,3.93,1e-06,1e-06,TBA,TBA,0.0,0.0,0.301,0.317
KCA201604050,2016-04-05,KCA,NYN,0,0,6.19,2.6,1e-06,1e-06,KCA,KCA,0.0,0.0,0.323,0.315
MIL201604050,2016-04-05,MIL,SFN,0,0,4.62,2.79,1e-06,1e-06,MIL,MIL,0.0,0.0,0.325,0.309
ARI201604050,2016-04-05,ARI,COL,1,0,3.57,8.39,1e-06,1e-06,ARI,ARI,1.0,0.0,0.328,0.302
ANA201604050,2016-04-05,ANA,CHN,0,0,6.0,2.44,1e-06,1e-06,ANA,ANA,0.0,0.0,0.317,0.338
TEX201604050,2016-04-05,TEX,SEA,0,0,2.09,3.73,1e-06,1e-06,TEX,TEX,0.0,0.0,0.343,0.323
OAK201604050,2016-04-05,OAK,CHA,0,0,3.23,2.29,1e-06,1e-06,OAK,OAK,0.0,0.0,0.291,0.311
SDN201604050,2016-04-05,SDN,LAN,0,0,5.85,4.56,1e-06,1e-06,SDN,SDN,0.0,0.0,0.308,0.315
PIT201604050,2016-04-05,PIT,SLN,0,0,3.96,3.41,1e-06,1e-06,PIT,PIT,0.0,0.0,0.344,0.329
CLE201604060,2016-04-06,CLE,BOS,4,0,3.44,4.17,1e-06,1e-06,CLE,CLE,4.0,0.0,0.354,0.33
CIN201604060,2016-04-06,CIN,PHI,1,2,3.99,3.27,1e-06,1e-06,CIN,CIN,1.0,2.0,0.324,0.31
BAL201604060,2016-04-06,BAL,MIN,0,0,5.42,5.07,1e-06,1e-06,BAL,BAL,0.0,0.0,0.324,0.32
SDN201604060,2016-04-06,SDN,LAN,0,4,5.25,3.48,1e-06,1e-06,SDN,SDN,0.0,0.0,0.308,0.315
PIT201604060,2016-04-06,PIT,SLN,1,0,4.5,4.69,1e-06,1e-06,PIT,PIT,0.0,0.0,0.344,0.329
MIL201604060,2016-04-06,MIL,SFN,1,0,2.15,4.05,1e-06,1e-06,MIL,MIL,0.0,0.0,0.325,0.309
ATL201604060,2016-04-06,ATL,WAS,0,0,5.1,3.6,1e-06,1e-06,ATL,ATL,0.0,0.0,0.328,0.326
ARI201604060,2016-04-06,ARI,COL,0,2,5.15,3.87,1e-06,1e-06,ARI,ARI,1.0,0.0,0.328,0.302
NYA201604060,2016-04-06,NYA,HOU,6,1,4.82,4.34,1e-06,1e-06,NYA,NYA,6.0,1.0,0.322,0.326
TEX201604060,2016-04-06,TEX,SEA,0,2,7.68,2.81,1e-06,1e-06,TEX,TEX,0.0,0.0,0.343,0.323
MIA201604060,2016-04-06,MIA,DET,0,0,2.86,5.87,1e-06,1e-06,MIA,MIA,0.0,0.0,0.31,0.324
OAK201604060,2016-04-06,OAK,CHA,1,0,5.69,4.04,1e-06,1e-06,OAK,OAK,0.0,0.0,0.291,0.311
TBA201604060,2016-04-06,TBA,TOR,0,0,3.77,4.06,1e-06,1e-06,TBA,TBA,0.0,0.0,0.301,0.317
ANA201604070,2016-04-07,ANA,TEX,0,1,6.45,2.43,1e-06,1938.7751997181072,ANA,TEX,0.0,1.0,0.317,0.298
CIN201604070,2016-04-07,CIN,PHI,0,0,6.08,4.15,1e-06,1e-06,CIN,CIN,1.0,2.0,0.324,0.31
ARI201604070,2016-04-07,ARI,CHN,3,0,4.26,3.35,1e-06,540.0297061463508,ARI,ANA,0.5,0.0,0.328,0.338
BAL201604070,2016-04-07,BAL,MIN,0,1,5.44,5.95,1e-06,1e-06,BAL,BAL,0.0,0.0,0.324,0.32
SFN201604070,2016-04-07,SFN,LAN,0,0,10.8,3.73,2954.3733541563483,738.1265117326025,MIL,SDN,0.0,2.0,0.347,0.315
WAS201604070,2016-04-07,WAS,MIA,3,3,2.83,2.28,874.0887985860761,1489.628641346009,ATL,MIA,3.0,3.0,0.326,0.333
OAK201604070,2016-04-07,OAK,CHA,0,0,4.11,4.89,1e-06,1e-06,OAK,OAK,0.5,0.0,0.291,0.311
NYA201604070,2016-04-07,NYA,HOU,0,0,5.18,2.25,1e-06,1e-06,NYA,NYA,6.0,1.0,0.322,0.326
BAL201604080,2016-04-08,BAL,TBA,0,1,3.77,4.02,1e-06,1393.7772067986984,BAL,TBA,0.0,1.0,0.324,0.313
DET201604080,2016-04-08,DET,NYA,1,0,4.87,5.83,1858.8415502997775,773.7548030957365,MIA,NYA,1.0,0.0,0.338,0.307
TOR201604080,2016-04-08,TOR,BOS,1,0,5.23,4.05,1789.459752085548,305.2632734150024,TBA,CLE,1.0,0.0,0.339,0.33
MIL201604080,2016-04-08,MIL,HOU,3,0,4.39,3.97,1e-06,1181.7674036325852,MIL,NYA,0.5,0.5,0.325,0.326
SEA201604080,2016-04-08,SEA,OAK,0,0,2.81,3.23,2688.6235870338205,1089.6592015072615,TEX,OAK,0.0,0.0,0.33,0.316
KCA201604080,2016-04-08,KCA,MIN,0,0,4.05,5.98,1e-06,1545.5901214265937,KCA,BAL,0.0,0.5,0.323,0.32
NYN201604080,2016-04-08,NYN,PHI,0,0,3.04,3.65,1759.8286951805926,913.3322258208744,KCA,CIN,0.0,1.0,0.316,0.31
ARI201604080,2016-04-08,ARI,CHN,0,0,2.25,2.74,1e-06,1e-06,ARI,ARI,1.3333333333333333,0.0,0.328,0.338
CIN201604080,2016-04-08,CIN,PIT,2,0,13.5,4.81,1e-06,415.25842934625814,CIN,PIT,0.5,0.0,0.324,0.322
SFN201604080,2016-04-08,SFN,LAN,0,0,3.57,2.48,1e-06,1e-06,SFN,SFN,0.0,1.3333333333333333,0.347,0.315
ATL201604080,2016-04-08,ATL,SLN,0,0,6.91,2.77,1e-06,840.3908477621023,ATL,PIT,0.0,0.0,0.328,0.329
COL201604080,2016-04-08,COL,SDN,0,0,5.83,4.02,942.6579354569092,1340.79250926624,ARI,SDN,0.0,0.0,0.369,0.29
CHA201604080,2016-04-08,CHA,CLE,0,3,7.25,3.87,2971.6570204984887,494.38381964269325,OAK,CLE,0.0,3.0,0.323,0.297
ANA201604080,2016-04-08,ANA,TEX,0,3,3.88,5.07,1e-06,1e-06,ANA,ANA,0.0,1.0,0.317,0.298
KCA201604090,2016-04-09,KCA,MIN,0,0,3.68,,1e-06,1e-06,KCA,KCA,0.0,0.3333333333333333,0.323,0.32
ARI201604090,2016-04-09,ARI,CHN,0,3,4.37,2.13,1e-06,1e-06,ARI,ARI,1.0,0.0,0.328,0.338
ATL201604090,2016-04-09,ATL,SLN,0,0,3.21,3.04,1e-06,1e-06,ATL,ATL,0.0,0.0,0.328,0.329
TOR201604090,2016-04-09,TOR,BOS,2,0,4.46,3.15,1e-06,1e-06,TOR,TOR,1.0,0.0,0.339,0.33
DET201604090,2016-04-09,DET,NYA,0,1,5.07,3.91,1e-06,1e-06,DET,DET,1.0,0.0,0.338,0.307
ANA201604090,2016-04-09,ANA,TEX,1,1,2.34,3.32,1e-06,1e-06,ANA,ANA,0.0,2.0,0.317,0.298
CIN201604090,2016-04-09,CIN,PIT,2,0,2.53,3.88,1e-06,1e-06,CIN,CIN,1.0,0.0,0.324,0.322
COL201604090,2016-04-09,COL,SDN,0,0,5.51,3.32,1e-06,1e-06,COL,COL,0.0,0.0,0.369,0.29
SFN201604090,2016-04-09,SFN,LAN,0,0,2.53,5.53,1e-06,1e-06,SFN,SFN,0.0,1.0,0.347,0.315
CHA201604090,2016-04-09,CHA,CLE,0,0,3.34,3.24,1e-06,1e-06,CHA,CHA,0.0,3.0,0.323,0.297
MIL201604090,2016-04-09,MIL,HOU,0,2,4.86,4.64,1e-06,1e-06,MIL,MIL,1.3333333333333333,0.3333333333333333,0.325,0.326
NYN201604090,2016-04-09,NYN,PHI,0,0,3.43,,1e-06,1e-06,NYN,NYN,0.0,0.6666666666666666,0.316,0.31
SEA201604090,2016-04-09,SEA,OAK,0,2,,2.12,1e-06,1e-06,SEA,SEA,0.0,0.0,0.33,0.316
KCA201604100,2016-04-10,KCA,MIN,0,0,1.87,5.27,1e-06,1e-06,KCA,KCA,0.0,0.25,0.323,0.32
ATL201604100,2016-04-10,ATL,SLN,1,0,3.06,,1e-06,1e-06,ATL,ATL,0.0,0.0,0.328,0.329
TOR201604100,2016-04-10,TOR,BOS,2,0,3.48,3.33,1e-06,1e-06,TOR,TOR,1.5,0.0,0.339,0.33
MIL201604100,2016-04-10,MIL,HOU,2,1,4.62,4.55,1e-06,1e-06,MIL,MIL,1.0,0.75,0.325,0.326
BAL201604100,2016-04-10,BAL,TBA,0,0,2.05,3.69,1e-06,1e-06,BAL,BAL,0.0,1.0,0.324,0.313
SFN201604100,2016-04-10,SFN,LAN,2,5,2.79,4.69,1e-06,1e-06,SFN,SFN,0.0,0.8,0.347,0.315
WAS201604100,2016-04-10,WAS,MIA,1,1,3.43,4.33,1e-06,1e-06,WAS,WAS,3.0,3.0,0.326,0.333
CIN201604100,2016-04-10,CIN,PIT,0,0,4.66,3.56,1e-06,1e-06,CIN,CIN,1.25,0.0,0.324,0.322
ANA201604100,2016-04-10,ANA,TEX,0,0,5.06,4.39,1e-06,1e-06,ANA,ANA,0.25,1.6666666666666667,0.317,0.298
NYN201604100,2016-04-10,NYN,PHI,0,0,4.86,3.71,1e-06,1e-06,NYN,NYN,0.0,0.5,0.316,0.31
ARI201604100,2016-04-10,ARI,CHN,0,0,6.15,3.1,1e-06,1e-06,ARI,ARI,0.8,0.75,0.328,0.338
SEA201604100,2016-04-10,SEA,OAK,0,0,3.73,3.97,1e-06,1e-06,SEA,SEA,0.0,1.0,0.33,0.316
COL201604100,2016-04-10,COL,SDN,2,0,4.79,5.85,1e-06,1e-06,COL,COL,0.0,0.0,0.369,0.29
HOU201604110,2016-04-11,HOU,KCA,3,0,4.34,6.19,1618.630710213877,1040.8267966673652,MIL,KCA,3.0,0.0,0.311,0.302
WAS201604110,2016-04-11,WAS,ATL,3,2,2.96,5.1,1e-06,874.0887985860761,WAS,ATL,2.0,2.0,0.326,0.313
CHN201604110,2016-04-11,CHN,CIN,0,1,4.68,4.14,2336.6124175783,406.2527329885922,ARI,CIN,0.0,1.0,0.34,0.308
SLN201604110,2016-04-11,SLN,MIL,3,0,5.09,7.76,751.930362209131,526.8349145670746,ATL,MIL,3.0,0.0,0.321,0.32
PHI201604110,2016-04-11,PHI,SDN,0,0,4.78,3.92,129.48897528262268,2534.0409405234473,NYN,COL,0.0,0.0,0.291,0.29
SEA201604110,2016-04-11,SEA,TEX,1,0,4.12,3.71,1e-06,1575.276973597757,SEA,ANA,0.0,1.25,0.33,0.298
NYN201604110,2016-04-11,NYN,MIA,0,0,3.4,8.64,1e-06,326.3648041771951,NYN,WAS,0.0,2.0,0.316,0.333
MIN201604110,2016-04-11,MIN,CHA,0,0,5.07,3.2,662.9211681328137,571.0232496384983,KCA,CHA,0.0,0.0,0.313,0.311
BOS201604110,2016-04-11,BOS,BAL,3,0,3.4,2.05,691.6136251477402,578.81170796599,TOR,BAL,3.0,0.0,0.365,0.308
DET201604110,2016-04-11,DET,PIT,0,1,3.04,5.5,1e-06,380.0544669682655,DET,CIN,0.5,0.0,0.338,0.322
OAK201604110,2016-04-11,OAK,ANA,0,0,5.69,3.56,1089.6592015072615,592.0809005913671,SEA,ANA,0.3333333333333333,0.0,0.291,0.326
SEA201604120,2016-04-12,SEA,TEX,0,0,5.37,4.95,1e-06,1e-06,SEA,SEA,0.25,1.0,0.33,0.298
DET201604120,2016-04-12,DET,PIT,2,0,5.87,4.5,1e-06,1e-06,DET,DET,0.3333333333333333,0.25,0.338,0.322
OAK201604120,2016-04-12,OAK,ANA,1,0,3.23,4.37,1e-06,1e-06,OAK,OAK,0.25,0.0,0.291,0.326
HOU201604120,2016-04-12,HOU,KCA,2,3,4.48,7.77,1e-06,1e-06,HOU,HOU,3.0,0.0,0.311,0.302
PHI201604120,2016-04-12,PHI,SDN,0,0,4.15,4.02,1e-06,1e-06,PHI,PHI,0.0,0.0,0.291,0.29
TBA201604120,2016-04-12,TBA,CLE,0,0,3.7,3.14,1393.7772067986984,1636.2782802002057,BAL,CHA,0.0,1.5,0.301,0.297
TOR201604120,2016-04-12,TOR,NYA,0,0,3.93,,1e-06,332.4198044988213,TOR,DET,1.6666666666666667,0.5,0.339,0.307
BOS201604120,2016-04-12,BOS,BAL,2,0,4.78,5.79,1e-06,1e-06,BOS,BOS,3.0,0.0,0.365,0.308
WAS201604120,2016-04-12,WAS,ATL,0,0,2.28,3.06,1e-06,1e-06,WAS,WAS,2.3333333333333335,2.0,0.326,0.313
LAN201604120,2016-04-12,LAN,ARI,0,0,5.53,3.57,559.4406195325591,574.8341159449532,SFN,ARI,0.0,0.0,0.323,0.313
NYN201604120,2016-04-12,NYN,MIA,1,0,4.11,2.28,1e-06,1e-06,NYN,NYN,0.0,1.3333333333333333,0.316,0.333
COL201604120,2016-04-12,COL,SFN,0,0,3.87,3.81,1e-06,1524.5101947303656,COL,SFN,0.6666666666666666,0.0,0.369,0.309
TOR201604130,2016-04-13,TOR,NYA,0,0,3.18,4.82,1e-06,1e-06,TOR,TOR,1.25,0.3333333333333333,0.339,0.307
COL201604130,2016-04-13,COL,SFN,2,0,3.74,5.54,1e-06,1e-06,COL,COL,0.5,0.0,0.369,0.309
CHN201604130,2016-04-13,CHN,CIN,5,1,3.35,9.36,1e-06,1e-06,CHN,CHN,0.0,1.0,0.34,0.308
OAK201604130,2016-04-13,OAK,ANA,0,0,6.98,3.88,1e-06,1e-06,OAK,OAK,0.4,0.0,0.291,0.326
PHI201604130,2016-04-13,PHI,SDN,1,0,3.65,4.82,1e-06,1e-06,PHI,PHI,0.0,0.0,0.291,0.29
MIN201604130,2016-04-13,MIN,CHA,0,0,5.95,4.04,1e-06,1e-06,MIN,MIN,0.0,0.0,0.313,0.311
PIT201604130,2016-04-13,PIT,DET,2,0,3.56,5.82,331.7516309667575,331.7516309667575,DET,DET,0.5,0.0,0.344,0.324
SEA201604130,2016-04-13,SEA,TEX,0,0,2.81,3.4,1e-06,1e-06,SEA,SEA,0.2,0.8333333333333334,0.33,0.298
TBA201604130,2016-04-13,TBA,CLE,0,0,4.88,3.32,1e-06,1e-06,TBA,TBA,0.0,1.0,0.301,0.297
BOS201604130,2016-04-13,BOS,BAL,0,0,5.18,5.44,1e-06,1e-06,BOS,BOS,2.5,0.0,0.365,0.308
NYN201604130,2016-04-13,NYN,MIA,0,0,2.79,2.82,1e-06,1e-06,NYN,NYN,0.2,1.0,0.316,0.333
LAN201604130,2016-04-13,LAN,ARI,0,0,3.73,4.26,1e-06,1e-06,LAN,LAN,0.0,0.0,0.323,0.313
WAS201604130,2016-04-13,WAS,ATL,0,0,2.83,5.0,1e-06,1e-06,WAS,WAS,1.75,1.0,0.326,0.313
HOU201604130,2016-04-13,HOU,KCA,0,0,4.11,3.86,1e-06,1e-06,HOU,HOU,2.5,1.5,0.311,0.302
SLN201604130,2016-04-13,SLN,MIL,3,1,4.46,5.66,1e-06,1e-06,SLN,SLN,3.0,0.0,0.321,0.32
TBA201604140,2016-04-14,TBA,CLE,0,0,4.02,3.87,1e-06,1e-06,TBA,TBA,0.0,0.75,0.301,0.297
SLN201604140,2016-04-14,SLN,MIL,0,0,4.67,4.86,1e-06,1e-06,SLN,SLN,3.0,0.5,0.321,0.32
WAS201604140,2016-04-14,WAS,ATL,0,0,3.6,3.21,1e-06,1e-06,WAS,WAS,1.4,0.6666666666666666,0.326,0.313
CHN201604140,2016-04-14,CHN,CIN,0,0,3.83,2.53,1e-06,1e-06,CHN,CHN,2.5,1.0,0.34,0.308
LAN201604140,2016-04-14,LAN,ARI,0,0,4.09,4.44,1e-06,1e-06,LAN,LAN,0.0,0.0,0.323,0.313
COL201604140,2016-04-14,COL,SFN,0,0,5.51,5.64,1e-06,1e-06,COL,COL,0.8,0.0,0.369,0.309
TOR201604140,2016-04-14,TOR,NYA,0,0,4.37,4.76,1e-06,1e-06,TOR,TOR,1.0,0.25,0.339,0.307
MIN201604140,2016-04-14,MIN,CHA,0,1,3.38,4.89,1e-06,1e-06,MIN,MIN,0.0,0.0,0.313,0.311
PHI201604140,2016-04-14,PHI,SDN,0,0,,3.32,1e-06,1e-06,PHI,PHI,0.3333333333333333,0.0,0.291,0.29
HOU201604140,2016-04-14,HOU,KCA,0,1,4.64,3.68,1e-06,1e-06,HOU,HOU,1.6666666666666667,1.0,0.311,0.302
PIT201604140,2016-04-14,PIT,DET,0,0,3.88,4.87,1e-06,1e-06,PIT,PIT,1.0,0.0,0.344,0.324
TEX201604140,2016-04-14,TEX,BAL,0,0,6.8,3.77,2688.6235870338205,2512.560414403036,SEA,BOS,0.0,0.0,0.343,0.308
SDN201604150,2016-04-15,SDN,ARI,0,0,3.44,5.22,3810.8466979584146,179.52869961196944,PHI,LAN,0.0,0.0,0.308,0.313
TBA201604150,2016-04-15,TBA,CHA,0,0,1.91,3.34,1e-06,2137.431531245163,TBA,MIN,0.0,0.1666666666666666,0.301,0.311
CHN201604150,2016-04-15,CHN,COL,0,0,2.13,4.79,1e-06,1477.450780411816,CHN,COL,1.6666666666666667,1.0,0.34,0.302
NYA201604150,2016-04-15,NYA,SEA,1,0,5.83,,550.2922217550002,3865.3953610333656,TOR,SEA,3.0,1.0,0.322,0.323
HOU201604150,2016-04-15,HOU,DET,1,0,4.55,5.07,1e-06,1831.9014463750616,HOU,PIT,1.25,0.0,0.311,0.324
PIT201604150,2016-04-15,PIT,MIL,0,0,5.44,4.62,1e-06,898.8824563980571,PIT,SLN,0.75,0.3333333333333333,0.344,0.32
SLN201604150,2016-04-15,SLN,CIN,4,0,3.04,11.0,1e-06,422.4920912040455,SLN,CHN,2.0,0.6666666666666666,0.321,0.308
TEX201604150,2016-04-15,TEX,BAL,0,1,6.8,3.53,1e-06,1e-06,TEX,TEX,0.0,0.0,0.343,0.308
LAN201604150,2016-04-15,LAN,SFN,1,0,1.69,2.74,1e-06,1336.5596902131042,LAN,COL,0.0,0.0,0.323,0.309
BOS201604150,2016-04-15,BOS,TOR,3,0,3.15,4.46,1e-06,691.6136251477402,BOS,TOR,1.6666666666666667,0.0,0.365,0.317
CLE201604150,2016-04-15,CLE,NYN,1,1,6.68,3.43,1529.408250521614,649.8727601989037,TBA,NYN,4.0,0.0,0.354,0.315
PHI201604150,2016-04-15,PHI,WAS,0,5,3.71,3.43,1e-06,197.2342958595587,PHI,WAS,0.25,0.0,0.291,0.326
MIA201604150,2016-04-15,MIA,ATL,1,0,2.28,3.94,1756.5620451799746,1489.628641346009,NYN,WAS,0.0,0.5,0.31,0.313
MIN201604150,2016-04-15,MIN,ANA,0,0,5.49,3.91,1e-06,2531.5923192792015,MIN,OAK,0.0,0.0,0.313,0.326
OAK201604150,2016-04-15,OAK,KCA,0,2,2.12,5.37,1e-06,2629.671879056886,OAK,HOU,0.3333333333333333,1.0,0.291,0.302
HOU201604160,2016-04-16,HOU,DET,3,0,4.34,3.04,1e-06,1e-06,HOU,HOU,1.2,0.0,0.311,0.324
BOS201604160,2016-04-16,BOS,TOR,0,1,3.99,3.48,1e-06,1e-06,BOS,BOS,2.0,0.0,0.365,0.317
MIA201604160,2016-04-16,MIA,ATL,0,0,4.33,5.1,1e-06,1e-06,MIA,MIA,0.5,0.4,0.31,0.313
OAK201604160,2016-04-16,OAK,KCA,3,1,5.69,6.19,1e-06,1e-06,OAK,OAK,0.2857142857142857,1.2,0.291,0.302
CHN201604160,2016-04-16,CHN,COL,0,0,3.1,8.39,1e-06,1e-06,CHN,CHN,1.25,0.6666666666666666,0.34,0.302
TEX201604160,2016-04-16,TEX,BAL,1,1,6.09,6.93,1e-06,1e-06,TEX,TEX,0.0,0.2,0.343,0.308
NYA201604160,2016-04-16,NYA,SEA,0,0,3.91,3.82,1e-06,1e-06,NYA,NYA,2.3333333333333335,0.6666666666666666,0.322,0.323
SDN201604160,2016-04-16,SDN,ARI,0,0,5.71,4.26,1e-06,1e-06,SDN,SDN,0.0,0.0,0.308,0.313
PHI201604160,2016-04-16,PHI,WAS,0,3,4.78,2.96,1e-06,1e-06,PHI,PHI,0.2,2.5,0.291,0.326
PIT201604160,2016-04-16,PIT,MIL,0,0,5.5,7.76,1e-06,1e-06,PIT,PIT,0.6,0.25,0.344,0.32
LAN201604160,2016-04-16,LAN,SFN,0,1,4.56,2.79,1e-06,1e-06,LAN,LAN,0.25,0.0,0.323,0.309
MIN201604160,2016-04-16,MIN,ANA,2,0,3.7,3.46,1e-06,1e-06,MIN,MIN,0.0,0.0,0.313,0.326
SLN201604160,2016-04-16,SLN,CIN,0,0,4.62,3.98,1e-06,1e-06,SLN,SLN,2.5,0.5,0.321,0.308
TBA201604160,2016-04-16,TBA,CHA,0,0,3.77,7.25,1e-06,1e-06,TBA,TBA,0.0,0.1428571428571428,0.301,0.311
CLE201604160,2016-04-16,CLE,NYN,0,1,4.4,4.86,1e-06,1e-06,CLE,CLE,2.5,0.5,0.354,0.315
HOU201604170,2016-04-17,HOU,DET,2,0,4.48,5.87,1e-06,1e-06,HOU,HOU,1.5,0.0,0.311,0.324
LAN201604170,2016-04-17,LAN,SFN,0,0,3.48,3.81,1e-06,1e-06,LAN,LAN,0.2,0.1428571428571428,0.323,0.309
BOS201604170,2016-04-17,BOS,TOR,0,2,3.33,3.0,1e-06,1e-06,BOS,BOS,1.6,0.2,0.365,0.317
SDN201604170,2016-04-17,SDN,ARI,2,2,4.02,5.15,1e-06,1e-06,SDN,SDN,0.0,0.0,0.308,0.313
PIT201604170,2016-04-17,PIT,MIL,0,0,4.5,3.97,1e-06,1e-06,PIT,PIT,0.5,0.2,0.344,0.32
CHN201604170,2016-04-17,CHN,COL,0,0,2.44,3.87,1e-06,1e-06,CHN,CHN,1.0,0.5,0.34,0.302
CLE201604170,2016-04-17,CLE,NYN,0,3,3.14,3.4,1e-06,1e-06,CLE,CLE,1.6666666666666667,0.6666666666666666,0.354,0.315
MIA201604170,2016-04-17,MIA,ATL,0,4,5.89,4.12,1e-06,1e-06,MIA,MIA,0.3333333333333333,0.3333333333333333,0.31,0.313
NYA201604170,2016-04-17,NYA,SEA,0,1,3.07,4.12,1e-06,1e-06,NYA,NYA,1.75,0.5,0.322,0.323
PHI201604170,2016-04-17,PHI,WAS,0,0,4.85,4.37,1e-06,1e-06,PHI,PHI,0.1666666666666666,2.6666666666666665,0.291,0.326
SLN201604170,2016-04-17,SLN,CIN,0,1,2.77,4.66,1e-06,1e-06,SLN,SLN,2.0,0.4,0.321,0.308
MIN201604170,2016-04-17,MIN,ANA,0,2,5.02,5.84,1e-06,1e-06,MIN,MIN,0.4,0.0,0.313,0.326
OAK201604170,2016-04-17,OAK,KCA,0,0,3.97,4.05,1e-06,1e-06,OAK,OAK,0.625,1.1666666666666667,0.291,0.302
TBA201604170,2016-04-17,TBA,CHA,1,0,4.08,3.2,1e-06,1e-06,TBA,TBA,0.0,0.125,0.301,0.311
PHI201604180,2016-04-18,PHI,NYN,0,1,3.65,2.6,1e-06,576.425945012328,PHI,CLE,0.1428571428571428,1.25,0.291,0.315
BOS201604180,2016-04-18,BOS,TOR,0,0,3.45,3.18,1e-06,1e-06,BOS,BOS,1.3333333333333333,0.5,0.365,0.317
MIN201604180,2016-04-18,MIN,MIL,0,1,5.95,4.39,1e-06,1195.838861467298,MIN,PIT,0.3333333333333333,0.1666666666666666,0.313,0.32
CIN201604180,2016-04-18,CIN,COL,0,0,4.66,5.83,494.9532553693752,406.2527329885922,SLN,CHN,1.0,0.4,0.324,0.302
SFN201604180,2016-04-18,SFN,ARI,0,1,10.8,4.26,559.4406195325591,738.1265117326025,LAN,SDN,0.5,0.3333333333333333,0.347,0.313
SLN201604180,2016-04-18,SLN,CHN,0,0,4.69,3.35,1e-06,422.4920912040455,SLN,CHN,1.6666666666666667,0.6,0.321,0.338
MIA201604180,2016-04-18,MIA,WAS,3,0,2.86,2.83,1e-06,1644.1190984600378,MIA,PHI,0.25,2.0,0.31,0.326
CHA201604180,2016-04-18,CHA,ANA,0,5,4.04,4.7,1636.2782802002057,571.0232496384983,TBA,MIN,0.0,0.3333333333333333,0.323,0.326
SFN201604190,2016-04-19,SFN,ARI,0,0,5.64,4.9,1e-06,1e-06,SFN,SFN,0.4,0.4285714285714285,0.347,0.313
BOS201604190,2016-04-19,BOS,TBA,0,0,4.05,3.77,1e-06,1926.694381718032,BOS,TBA,1.1428571428571428,0.5,0.365,0.313
TEX201604190,2016-04-19,TEX,HOU,3,0,4.95,3.97,1e-06,368.5990384284446,TEX,HOU,0.2,0.8,0.343,0.326
MIA201604190,2016-04-19,MIA,WAS,0,0,3.85,3.6,1e-06,1e-06,MIA,MIA,0.8,1.6,0.31,0.326
CLE201604190,2016-04-19,CLE,SEA,0,0,3.32,5.37,1e-06,649.8727601989037,CLE,NYA,1.25,0.6,0.354,0.323
ATL201604190,2016-04-19,ATL,LAN,2,0,5.45,3.73,973.359131898138,3110.7650847781624,MIA,LAN,0.25,1.5,0.328,0.315
CHA201604190,2016-04-19,CHA,ANA,0,0,4.89,3.88,1e-06,1e-06,CHA,CHA,0.0,1.0,0.323,0.326
NYA201604190,2016-04-19,NYA,OAK,1,0,,4.2,1e-06,4115.687447058069,NYA,OAK,1.4,0.6666666666666666,0.322,0.316
PHI201604190,2016-04-19,PHI,NYN,0,2,,5.2,1e-06,1e-06,PHI,PHI,0.125,1.2,0.291,0.315
MIN201604190,2016-04-19,MIN,MIL,1,2,5.98,2.15,1e-06,1e-06,MIN,MIN,0.2857142857142857,0.2857142857142857,0.313,0.32
BAL201604190,2016-04-19,BAL,TOR,0,0,5.79,4.37,1968.7690954443951,578.81170796599,TEX,BOS,0.0,0.4285714285714285,0.324,0.317
SDN201604190,2016-04-19,SDN,PIT,0,1,4.82,4.69,1e-06,3402.7692440534656,SDN,PIT,0.4,0.2,0.308,0.322
SLN201604190,2016-04-19,SLN,CHN,0,0,4.67,3.83,1e-06,1e-06,SLN,SLN,1.4285714285714286,0.5,0.321,0.338
CIN201604190,2016-04-19,CIN,COL,0,0,6.08,5.51,1e-06,1e-06,CIN,CIN,0.8333333333333334,0.3333333333333333,0.324,0.302
KCA201604190,2016-04-19,KCA,DET,0,0,4.45,5.82,2406.427657157802,1040.8267966673652,OAK,HOU,0.0,0.0,0.323,0.324
CIN201604200,2016-04-20,CIN,COL,0,0,4.66,8.39,1e-06,1e-06,CIN,CIN,0.7142857142857143,0.2857142857142857,0.324,0.302
CLE201604200,2016-04-20,CLE,SEA,0,0,3.87,4.22,1e-06,1e-06,CLE,CLE,1.0,0.5,0.354,0.323
PHI201604200,2016-04-20,PHI,NYN,0,0,4.85,3.48,1e-06,1e-06,PHI,PHI,0.1111111111111111,1.3333333333333333,0.291,0.315
MIL201604200,2016-04-20,MIL,MIN,0,0,4.62,3.7,476.3851219130703,476.3851219130703,MIN,MIN,1.2,0.2,0.325,0.32
BAL201604200,2016-04-20,BAL,TOR,3,0,3.13,3.06,1e-06,1e-06,BAL,BAL,0.0,0.375,0.324,0.317
ATL201604200,2016-04-20,ATL,LAN,0,0,4.12,2.48,1e-06,1e-06,ATL,ATL,0.6,1.2857142857142858,0.328,0.315
MIA201604200,2016-04-20,MIA,WAS,0,1,4.96,4.5,1e-06,1e-06,MIA,MIA,0.6666666666666666,1.3333333333333333,0.31,0.326
SLN201604200,2016-04-20,SLN,CHN,2,0,3.04,2.13,1e-06,1e-06,SLN,SLN,1.25,0.4285714285714285,0.321,0.338
SDN201604200,2016-04-20,SDN,PIT,0,0,3.32,5.44,1e-06,1e-06,SDN,SDN,0.3333333333333333,0.3333333333333333,0.308,0.322
BOS201604200,2016-04-20,BOS,TBA,3,0,3.15,4.02,1e-06,1e-06,BOS,BOS,1.0,0.3333333333333333,0.365,0.313
KCA201604200,2016-04-20,KCA,DET,0,0,3.68,4.87,1e-06,1e-06,KCA,KCA,0.0,0.0,0.323,0.324
NYA201604200,2016-04-20,NYA,OAK,0,0,4.76,4.11,1e-06,1e-06,NYA,NYA,1.3333333333333333,0.5,0.322,0.316
TEX201604200,2016-04-20,TEX,HOU,0,0,3.32,4.64,1e-06,1e-06,TEX,TEX,0.6666666666666666,0.6666666666666666,0.343,0.326
SFN201604200,2016-04-20,SFN,ARI,0,0,2.74,4.37,1e-06,1e-06,SFN,SFN,0.3333333333333333,0.375,0.347,0.313
CHA201604200,2016-04-20,CHA,ANA,1,0,3.34,2.34,1e-06,1e-06,CHA,CHA,0.0,0.875,0.323,0.326
ATL201604210,2016-04-21,ATL,LAN,1,1,3.94,5.53,1e-06,1e-06,ATL,ATL,0.5,1.125,0.328,0.315
SFN201604210,2016-04-21,SFN,ARI,0,1,2.79,1.8,1e-06,1e-06,SFN,SFN,0.2857142857142857,0.3333333333333333,0.347,0.313
SDN201604210,2016-04-21,SDN,PIT,0,0,5.85,3.88,1e-06,1e-06,SDN,SDN,0.2857142857142857,0.2857142857142857,0.308,0.322
MIL201604210,2016-04-21,MIL,MIN,1,2,7.76,4.42,1e-06,1e-06,MIL,MIL,1.0,0.1666666666666666,0.325,0.32
BOS201604210,2016-04-21,BOS,TBA,4,1,3.6,3.77,1e-06,1e-06,BOS,BOS,1.2222222222222223,0.25,0.365,0.313
KCA201604210,2016-04-21,KCA,DET,1,0,5.37,5.07,1e-06,1e-06,KCA,KCA,0.0,0.0,0.323,0.324
BAL201604210,2016-04-21,BAL,TOR,1,2,3.77,3.93,1e-06,1e-06,BAL,BAL,0.5,0.3333333333333333,0.324,0.317
NYA201604210,2016-04-21,NYA,OAK,0,0,5.18,2.12,1e-06,1e-06,NYA,NYA,1.1428571428571428,0.4,0.322,0.316
CLE201604210,2016-04-21,CLE,SEA,0,0,2.51,3.29,1e-06,1e-06,CLE,CLE,0.8333333333333334,0.4285714285714285,0.354,0.323
CIN201604210,2016-04-21,CIN,CHN,0,2,3.98,3.1,1e-06,494.9532553693752,CIN,SLN,0.625,0.375,0.324,0.338
CHA201604210,2016-04-21,CHA,ANA,0,0,7.25,5.06,1e-06,1e-06,CHA,CHA,0.2,0.7777777777777778,0.323,0.326
TEX201604210,2016-04-21,TEX,HOU,3,1,5.07,4.55,1e-06,1e-06,TEX,TEX,0.5714285714285714,0.5714285714285714,0.343,0.326
MIA201604210,2016-04-21,MIA,WAS,3,1,4.33,2.96,1e-06,1e-06,MIA,MIA,0.5714285714285714,1.2857142857142858,0.31,0.326
ARI201604220,2016-04-22,ARI,PIT,0,0,5.15,5.5,1050.993394248722,481.0116378281714,SFN,SDN,0.6666666666666666,0.25,0.328,0.322
KCA201604220,2016-04-22,KCA,BAL,3,0,6.19,5.42,1e-06,1545.5901214265937,KCA,BAL,0.1428571428571428,0.3333333333333333,0.323,0.308
ATL201604220,2016-04-22,ATL,NYN,0,0,5.1,4.86,1e-06,1071.2330338826837,ATL,PHI,0.5714285714285714,1.1428571428571428,0.328,0.315
NYA201604220,2016-04-22,NYA,TBA,0,0,4.17,4.08,1e-06,306.2037667286439,NYA,BOS,1.0,0.4,0.322,0.313
WAS201604220,2016-04-22,WAS,MIN,4,0,4.57,5.07,1489.628641346009,1025.9779093655509,MIA,MIL,1.1666666666666667,0.4285714285714285,0.326,0.32
TOR201604220,2016-04-22,TOR,OAK,0,1,3.0,5.69,537.0332419152472,550.2922217550002,BAL,NYA,0.8333333333333334,0.3333333333333333,0.339,0.316
HOU201604220,2016-04-22,HOU,BOS,0,2,4.34,3.33,368.5990384284446,2582.243070652819,TEX,BOS,1.5714285714285714,0.0,0.311,0.33
CIN201604220,2016-04-22,CIN,CHN,0,0,8.02,2.44,1e-06,1e-06,CIN,CIN,0.5555555555555556,0.5555555555555556,0.324,0.338
ANA201604220,2016-04-22,ANA,SEA,0,2,3.45,5.93,2786.2559450879285,3271.7957310678776,CHA,CLE,0.2,0.375,0.317,0.323
DET201604220,2016-04-22,DET,CLE,0,1,3.04,4.4,1034.95696626315,145.52553501827433,KCA,CLE,0.75,0.6,0.338,0.297
MIL201604220,2016-04-22,MIL,PHI,1,0,3.97,4.78,1e-06,1117.7982780855818,MIL,PHI,1.0,0.4,0.325,0.31
SDN201604220,2016-04-22,SDN,SLN,1,0,5.25,4.62,1e-06,2512.7882729547905,SDN,SLN,0.25,0.0,0.308,0.329
COL201604220,2016-04-22,COL,LAN,0,3,5.23,5.53,1756.1898521305268,1946.7466716258368,CIN,ATL,0.6666666666666666,1.1111111111111112,0.369,0.315
SFN201604220,2016-04-22,SFN,MIA,3,0,3.81,6.0,1e-06,4167.0413845935145,SFN,MIA,0.25,0.8,0.347,0.333
CHA201604220,2016-04-22,CHA,TEX,0,0,3.2,4.39,1e-06,1309.650558347085,CHA,TEX,0.1666666666666666,0.7142857142857143,0.323,0.298
WAS201604230,2016-04-23,WAS,MIN,2,0,2.83,5.95,1e-06,1e-06,WAS,WAS,1.5714285714285714,0.375,0.326,0.32
NYA201604230,2016-04-23,NYA,TBA,1,0,1.45,3.77,1e-06,1e-06,NYA,NYA,0.8888888888888888,0.3333333333333333,0.322,0.313
CHA201604230,2016-04-23,CHA,TEX,0,0,6.31,5.59,1e-06,1e-06,CHA,CHA,0.1428571428571428,0.625,0.323,0.298
CIN201604230,2016-04-23,CIN,CHN,0,0,3.99,3.35,1e-06,1e-06,CIN,CIN,0.5,0.5,0.324,0.338
COL201604230,2016-04-23,COL,LAN,0,1,3.87,3.48,1e-06,1e-06,COL,COL,0.5714285714285714,1.3,0.369,0.315
ATL201604230,2016-04-23,ATL,NYN,0,2,4.81,3.4,1e-06,1e-06,ATL,ATL,0.5,1.0,0.328,0.315
SFN201604230,2016-04-23,SFN,MIA,2,0,5.54,2.86,1e-06,1e-06,SFN,SFN,0.5555555555555556,0.6666666666666666,0.347,0.333
SDN201604230,2016-04-23,SDN,SLN,1,0,3.92,5.09,1e-06,1e-06,SDN,SDN,0.3333333333333333,0.0,0.308,0.329
TOR201604230,2016-04-23,TOR,OAK,2,1,3.18,6.11,1e-06,1e-06,TOR,TOR,0.7142857142857143,0.4285714285714285,0.339,0.316
KCA201604230,2016-04-23,KCA,BAL,0,0,7.77,5.27,1e-06,1e-06,KCA,KCA,0.5,0.2857142857142857,0.323,0.308
MIL201604230,2016-04-23,MIL,PHI,1,0,4.39,5.89,1e-06,1e-06,MIL,MIL,1.0,0.3333333333333333,0.325,0.31
ANA201604230,2016-04-23,ANA,SEA,0,0,4.7,3.82,1e-06,1e-06,ANA,ANA,0.1666666666666666,0.5555555555555556,0.317,0.323
HOU201604230,2016-04-23,HOU,BOS,0,1,4.48,4.78,1e-06,1e-06,HOU,HOU,1.375,0.4,0.311,0.33
DET201604230,2016-04-23,DET,CLE,0,3,5.87,3.14,1e-06,1e-06,DET,DET,0.6,0.6666666666666666,0.338,0.297
ARI201604230,2016-04-23,ARI,PIT,0,0,4.26,4.5,1e-06,1e-06,ARI,ARI,0.5714285714285714,0.2222222222222222,0.328,0.322
TOR201604240,2016-04-24,TOR,OAK,0,0,5.25,6.98,1e-06,1e-06,TOR,TOR,0.875,0.5,0.339,0.316
MIL201604240,2016-04-24,MIL,PHI,0,0,4.86,3.65,1e-06,1e-06,MIL,MIL,1.0,0.2857142857142857,0.325,0.31
ATL201604240,2016-04-24,ATL,NYN,0,1,7.59,3.04,1e-06,1e-06,ATL,ATL,0.4444444444444444,1.1111111111111112,0.328,0.315
SFN201604240,2016-04-24,SFN,MIA,0,0,4.71,2.85,1e-06,1e-06,SFN,SFN,0.7,0.5714285714285714,0.347,0.333
DET201604240,2016-04-24,DET,CLE,0,0,5.82,4.26,1e-06,1e-06,DET,DET,0.5,1.0,0.338,0.297
WAS201604240,2016-04-24,WAS,MIN,1,0,4.95,5.02,1e-06,1e-06,WAS,WAS,1.625,0.3333333333333333,0.326,0.32
CIN201604240,2016-04-24,CIN,CHN,0,3,9.36,3.83,1e-06,1e-06,CIN,CIN,0.4,0.5,0.324,0.338
ANA201604240,2016-04-24,ANA,SEA,3,4,3.88,5.37,1e-06,1e-06,ANA,ANA,0.1428571428571428,0.5,0.317,0.323
HOU201604240,2016-04-24,HOU,BOS,0,3,4.11,2.65,1e-06,1e-06,HOU,HOU,1.2222222222222223,0.5,0.311,0.33
NYA201604240,2016-04-24,NYA,TBA,0,5,4.82,4.88,1e-06,1e-06,NYA,NYA,0.9,0.2857142857142857,0.322,0.313
COL201604240,2016-04-24,COL,LAN,0,0,4.73,2.48,1e-06,1e-06,COL,COL,0.5,1.4,0.369,0.315
ARI201604240,2016-04-24,ARI,PIT,1,0,8.8,3.52,1e-06,1e-06,ARI,ARI,0.5,0.2,0.328,0.322
KCA201604240,2016-04-24,KCA,BAL,0,1,4.45,5.79,1e-06,1e-06,KCA,KCA,0.4444444444444444,0.25,0.323,0.308
CHA201604240,2016-04-24,CHA,TEX,0,1,4.89,4.95,1e-06,1e-06,CHA,CHA,0.125,0.5555555555555556,0.323,0.298
SDN201604240,2016-04-24,SDN,SLN,0,2,4.52,2.77,1e-06,1e-06,SDN,SDN,0.4,0.0,0.308,0.329
MIN201604250,2016-04-25,MIN,CLE,0,0,5.98,3.44,1500.7861867672325,872.516450655481,WAS,DET,0.375,0.875,0.313,0.297
TEX201604250,2016-04-25,TEX,NYA,0,0,6.04,4.76,1309.650558347085,2225.551415128663,CHA,NYA,0.875,0.2,0.343,0.307
COL201604250,2016-04-25,COL,PIT,0,0,4.79,5.44,1e-06,942.6579354569092,COL,ARI,0.4444444444444444,0.2,0.369,0.322
SFN201604250,2016-04-25,SFN,SDN,0,0,2.74,3.32,1e-06,738.1265117326025,SFN,SDN,0.7,0.0,0.347,0.29
ARI201604250,2016-04-25,ARI,SLN,0,2,4.37,3.46,1e-06,481.0116378281714,ARI,SDN,0.5555555555555556,0.25,0.328,0.329
TOR201604250,2016-04-25,TOR,CHA,2,1,3.93,2.3,1e-06,700.98343821047,TOR,CHA,0.7777777777777778,0.1111111111111111,0.339,0.311
ANA201604250,2016-04-25,ANA,KCA,3,0,2.34,3.68,1e-06,2158.345510444982,ANA,KCA,0.5,1.0,0.317,0.302
TBA201604250,2016-04-25,TBA,BAL,0,0,4.02,3.61,1638.0556824552712,1680.826511683993,NYA,KCA,0.1111111111111111,0.3333333333333333,0.301,0.308
LAN201604250,2016-04-25,LAN,MIA,0,0,3.96,4.96,1336.5596902131042,559.4406195325591,COL,SFN,0.1666666666666666,0.5,0.323,0.333
ATL201604250,2016-04-25,ATL,BOS,0,0,3.21,3.15,1e-06,1129.120744817785,ATL,HOU,0.4,0.8571428571428571,0.328,0.33
DET201604250,2016-04-25,DET,OAK,1,0,4.87,4.11,1e-06,332.4198044988213,DET,TOR,0.4285714285714285,0.4444444444444444,0.338,0.316
SEA201604250,2016-04-25,SEA,HOU,0,0,4.22,4.64,1575.276973597757,3039.1839825945185,ANA,HOU,0.1666666666666666,0.625,0.33,0.326
NYN201604250,2016-04-25,NYN,CIN,1,0,5.2,4.35,1200.4511584455877,913.3322258208744,ATL,CIN,0.1666666666666666,0.5,0.316,0.308
LAN201604260,2016-04-26,LAN,MIA,2,0,1.69,4.33,1e-06,1e-06,LAN,LAN,0.1428571428571428,0.4444444444444444,0.323,0.333
ARI201604260,2016-04-26,ARI,SLN,0,0,6.15,3.04,1e-06,1e-06,ARI,ARI,0.5,0.4444444444444444,0.328,0.329
SEA201604260,2016-04-26,SEA,HOU,0,0,,4.55,1e-06,1e-06,SEA,SEA,0.1428571428571428,0.5555555555555556,0.33,0.326
ANA201604260,2016-04-26,ANA,KCA,0,1,5.06,5.37,1e-06,1e-06,ANA,ANA,0.7777777777777778,0.875,0.317,0.302
TOR201604260,2016-04-26,TOR,CHA,0,0,4.46,3.34,1e-06,1e-06,TOR,TOR,0.9,0.2,0.339,0.311
TBA201604260,2016-04-26,TBA,BAL,0,0,5.91,5.44,1e-06,1e-06,TBA,TBA,0.1,0.3,0.301,0.308
DET201604260,2016-04-26,DET,OAK,0,0,5.07,2.12,1e-06,1e-06,DET,DET,0.5,0.4,0.338,0.316
CHN201604260,2016-04-26,CHN,MIL,0,0,4.68,4.62,406.2527329885922,132.54357794550742,CIN,MIL,0.8333333333333334,0.5,0.34,0.32
TEX201604260,2016-04-26,TEX,NYA,1,0,5.07,5.83,1e-06,1e-06,TEX,TEX,0.7777777777777778,0.1666666666666666,0.343,0.307
NYN201604260,2016-04-26,NYN,CIN,0,0,5.2,4.14,1e-06,1e-06,NYN,NYN,0.2857142857142857,0.4285714285714285,0.316,0.308
COL201604260,2016-04-26,COL,PIT,0,3,5.51,3.88,1e-06,1e-06,COL,COL,0.4,0.2,0.369,0.322
MIN201604260,2016-04-26,MIN,CLE,1,1,5.98,2.51,1e-06,1e-06,MIN,MIN,0.3333333333333333,0.7777777777777778,0.313,0.297
WAS201604260,2016-04-26,WAS,PHI,0,2,4.95,,1e-06,1025.9779093655509,WAS,MIL,1.5555555555555556,0.25,0.326,0.31
ATL201604260,2016-04-26,ATL,BOS,1,4,5.0,3.99,1e-06,1e-06,ATL,ATL,0.4,0.75,0.328,0.33
SFN201604260,2016-04-26,SFN,SDN,0,0,2.79,5.85,1e-06,1e-06,SFN,SFN,0.7,0.0,0.347,0.29
TBA201604270,2016-04-27,TBA,BAL,0,0,4.08,3.77,1e-06,1e-06,TBA,TBA,0.1,0.3,0.301,0.308
DET201604270,2016-04-27,DET,OAK,0,0,3.04,5.69,1e-06,1e-06,DET,DET,0.4444444444444444,0.4,0.338,0.316
WAS201604270,2016-04-27,WAS,PHI,0,0,4.57,3.71,1e-06,1e-06,WAS,WAS,1.4,0.4444444444444444,0.326,0.31
SEA201604270,2016-04-27,SEA,HOU,1,1,4.12,4.34,1e-06,1e-06,SEA,SEA,0.125,0.5,0.33,0.326
COL201604270,2016-04-27,COL,PIT,0,0,5.24,3.96,1e-06,1e-06,COL,COL,0.4,0.5,0.369,0.322
TEX201604270,2016-04-27,TEX,NYA,0,0,4.39,3.91,1e-06,1e-06,TEX,TEX,0.8,0.1428571428571428,0.343,0.307
ANA201604270,2016-04-27,ANA,KCA,0,2,3.91,6.19,1e-06,1e-06,ANA,ANA,0.7,0.8888888888888888,0.317,0.302
MIN201604270,2016-04-27,MIN,CLE,3,0,8.02,4.4,1e-06,1e-06,MIN,MIN,0.4,0.8,0.313,0.297
NYN201604270,2016-04-27,NYN,CIN,2,1,4.86,8.02,1e-06,1e-06,NYN,NYN,0.25,0.375,0.316,0.308
SFN201604270,2016-04-27,SFN,SDN,3,0,3.81,5.25,1e-06,1e-06,SFN,SFN,0.7,0.0,0.347,0.29
LAN201604270,2016-04-27,LAN,MIA,0,2,4.56,4.99,1e-06,1e-06,LAN,LAN,0.375,0.4,0.323,0.333
ARI201604270,2016-04-27,ARI,SLN,0,1,5.15,4.62,1e-06,1e-06,ARI,ARI,0.4,0.4,0.328,0.329
BOS201604270,2016-04-27,BOS,ATL,2,0,3.33,5.1,1506.627841528967,1506.627841528967,ATL,ATL,1.5,0.8571428571428571,0.365,0.313
TOR201604270,2016-04-27,TOR,CHA,0,0,3.48,3.2,1e-06,1e-06,TOR,TOR,0.8,0.2,0.339,0.311
WAS201604280,2016-04-28,WAS,PHI,0,0,,5.6,1e-06,1e-06,WAS,WAS,1.1,0.4,0.326,0.31
BAL201604280,2016-04-28,BAL,CHA,1,2,3.13,7.25,1393.7772067986984,537.0332419152472,TBA,TOR,0.5714285714285714,0.2,0.324,0.311
CHN201604280,2016-04-28,CHN,MIL,2,0,3.1,7.76,1e-06,1e-06,CHN,CHN,0.7142857142857143,0.4444444444444444,0.34,0.32
BOS201604280,2016-04-28,BOS,ATL,1,0,4.78,4.81,1e-06,1e-06,BOS,BOS,1.4,0.75,0.365,0.313
LAN201604280,2016-04-28,LAN,MIA,2,0,3.48,2.86,1e-06,1e-06,LAN,LAN,0.3333333333333333,0.3,0.323,0.333
DET201604280,2016-04-28,DET,OAK,0,0,5.87,6.11,1e-06,1e-06,DET,DET,0.4,0.2,0.338,0.316
ARI201604280,2016-04-28,ARI,SLN,0,0,4.26,5.09,1e-06,1e-06,ARI,ARI,0.4,0.5,0.328,0.329
BAL201604290,2016-04-29,BAL,CHA,0,0,2.05,4.04,1e-06,1e-06,BAL,BAL,0.625,0.4,0.324,0.311
PHI201604290,2016-04-29,PHI,CLE,0,0,3.84,2.51,197.2342958595587,1582.6741426537678,WAS,MIN,0.1,0.5,0.291,0.297
TBA201604290,2016-04-29,TBA,TOR,0,0,4.88,3.0,1e-06,1789.459752085548,TBA,TOR,0.1,0.5,0.301,0.317
LAN201604290,2016-04-29,LAN,SDN,0,0,5.53,2.86,1e-06,559.4406195325591,LAN,SFN,0.5,0.0,0.323,0.29
MIL201604290,2016-04-29,MIL,MIA,0,3,3.97,3.85,132.54357794550742,2799.844413597458,CHN,LAN,0.9,0.2,0.325,0.333
PIT201604290,2016-04-29,PIT,CIN,0,0,4.5,3.76,2121.7512666569423,505.04779123783345,COL,NYN,0.4285714285714285,0.4444444444444444,0.344,0.308
MIN201604290,2016-04-29,MIN,DET,0,3,5.95,3.06,1e-06,872.516450655481,MIN,DET,0.7,0.0,0.313,0.324
BOS201604290,2016-04-29,BOS,NYA,0,0,3.45,3.08,1e-06,2512.560414403036,BOS,TEX,1.3,0.125,0.365,0.307
ARI201604290,2016-04-29,ARI,COL,0,0,4.9,3.87,1e-06,942.6579354569092,ARI,COL,0.1,0.25,0.328,0.302
TEX201604290,2016-04-29,TEX,ANA,0,0,3.71,4.7,1e-06,1938.7751997181072,TEX,ANA,0.8,0.7,0.343,0.326
OAK201604290,2016-04-29,OAK,HOU,0,0,3.62,4.95,3345.164678963249,1089.6592015072615,DET,SEA,0.5555555555555556,0.5,0.291,0.326
SLN201604290,2016-04-29,SLN,WAS,2,1,4.69,3.6,2043.890455711885,1142.2462660488457,ARI,WAS,1.3333333333333333,1.25,0.321,0.326
CHN201604290,2016-04-29,CHN,ATL,0,0,2.85,3.06,1e-06,1365.5064971534737,CHN,BOS,0.875,0.6666666666666666,0.34,0.313
SEA201604290,2016-04-29,SEA,KCA,0,0,3.82,7.77,1e-06,1575.276973597757,SEA,ANA,0.2222222222222222,1.0,0.33,0.302
NYN201604290,2016-04-29,NYN,SFN,0,0,3.4,5.54,1e-06,4128.529875974277,NYN,SFN,0.4444444444444444,0.125,0.316,0.309
NYN201604300,2016-04-30,NYN,SFN,2,0,3.04,5.64,1e-06,1e-06,NYN,NYN,0.4,0.1111111111111111,0.316,0.309
SEA201604300,2016-04-30,SEA,KCA,4,0,5.37,4.45,1e-06,1e-06,SEA,SEA,0.2,1.0,0.33,0.302
OAK201604300,2016-04-30,OAK,HOU,0,0,6.02,2.16,1e-06,1e-06,OAK,OAK,0.5,0.5,0.291,0.326
TEX201604300,2016-04-30,TEX,ANA,1,0,4.95,3.88,1e-06,1e-06,TEX,TEX,0.8,0.7,0.343,0.326
PHI201604300,2016-04-30,PHI,CLE,2,0,5.36,3.18,1e-06,1e-06,PHI,PHI,0.1,0.5,0.291,0.297
BOS201604300,2016-04-30,BOS,NYA,0,0,3.15,4.82,1e-06,1e-06,BOS,BOS,1.3,0.1111111111111111,0.365,0.307
SLN201604300,2016-04-30,SLN,WAS,0,4,4.67,3.43,1e-06,1e-06,SLN,SLN,1.4,1.2222222222222223,0.321,0.326
TBA201604300,2016-04-30,TBA,TOR,0,0,3.7,3.93,1e-06,1e-06,TBA,TBA,0.1,0.5,0.301,0.317
ARI201604300,2016-04-30,ARI,COL,0,0,2.25,5.23,1e-06,1e-06,ARI,ARI,0.1,0.2222222222222222,0.328,0.302
BAL201604300,2016-04-30,BAL,CHA,1,0,,2.29,1e-06,1e-06,BAL,BAL,0.5555555555555556,0.4,0.324,0.311
MIL201604300,2016-04-30,MIL,MIA,1,1,4.39,4.96,1e-06,1e-06,MIL,MIL,0.9,0.5,0.325,0.333
MIN201604300,2016-04-30,MIN,DET,0,4,6.43,4.87,1e-06,1e-06,MIN,MIN,0.7,0.3,0.313,0.324
LAN201604300,2016-04-30,LAN,SDN,0,0,3.96,4.82,1e-06,1e-06,LAN,LAN,0.5,0.0,0.323,0.29
PIT201604300,2016-04-30,PIT,CIN,1,0,4.69,9.36,1e-06,1e-06,PIT,PIT,0.375,0.4,0.344,0.308
PIT201605010,2016-05-01,PIT,CIN,0,0,4.81,3.99,1e-06,1e-06,PIT,PIT,0.4444444444444444,0.3,0.344,0.308
LAN201605010,2016-05-01,LAN,SDN,0,0,1.69,3.32,1e-06,1e-06,LAN,LAN,0.5,0.0,0.323,0.29
SEA201605010,2016-05-01,SEA,KCA,0,0,4.22,3.68,1e-06,1e-06,SEA,SEA,0.6,0.7,0.33,0.302
PHI201605010,2016-05-01,PHI,CLE,0,0,,3.87,1e-06,1e-06,PHI,PHI,0.3,0.5,0.291,0.297
OAK201605010,2016-05-01,OAK,HOU,0,1,2.12,4.64,1e-06,1e-06,OAK,OAK,0.5,0.5,0.291,0.326
ARI201605010,2016-05-01,ARI,COL,1,0,6.15,4.79,1e-06,1e-06,ARI,ARI,0.1,0.2,0.328,0.302
SLN201605010,2016-05-01,SLN,WAS,0,0,3.04,2.96,1e-06,1e-06,SLN,SLN,1.1,1.5,0.321,0.326
BOS201605010,2016-05-01,BOS,NYA,1,0,3.99,4.17,1e-06,1e-06,BOS,BOS,1.0,0.1,0.365,0.307
NYN201605010,2016-05-01,NYN,SFN,0,0,2.6,2.74,1e-06,1e-06,NYN,NYN,0.6,0.1,0.316,0.309
TBA201605010,2016-05-01,TBA,TOR,0,0,3.7,4.37,1e-06,1e-06,TBA,TBA,0.1,0.5,0.301,0.317
TEX201605010,2016-05-01,TEX,ANA,0,0,6.8,5.4,1e-06,1e-06,TEX,TEX,0.9,0.7,0.343,0.326
MIN201605010,2016-05-01,MIN,DET,2,0,3.7,7.11,1e-06,1e-06,MIN,MIN,0.7,0.7,0.313,0.324
BAL201605010,2016-05-01,BAL,CHA,0,0,5.44,3.34,1e-06,1e-06,BAL,BAL,0.6,0.4,0.324,0.311
MIL201605010,2016-05-01,MIL,MIA,2,0,4.86,4.33,1e-06,1e-06,MIL,MIL,0.9,0.6,0.325,0.333
CHN201605010,2016-05-01,CHN,ATL,0,0,3.53,4.42,1e-06,1e-06,CHN,CHN,0.7777777777777778,0.6,0.34,0.313
KCA201605020,2016-05-02,KCA,WAS,0,2,5.37,4.57,2418.3539462011913,382.8562661725535,SEA,SLN,0.4,1.5,0.323,0.326
MIL201605020,2016-05-02,MIL,ANA,0,1,4.62,5.06,1e-06,1392.1494573742093,MIL,TEX,0.8,0.7,0.325,0.326
OAK201605020,2016-05-02,OAK,SEA,0,0,4.11,,1e-06,1089.6592015072615,OAK,SEA,0.4,0.9,0.291,0.323
PIT201605020,2016-05-02,PIT,CHN,1,0,3.88,3.83,1e-06,660.0502267315369,PIT,CHN,0.4,0.8,0.344,0.338
HOU201605020,2016-05-02,HOU,MIN,0,0,4.55,8.02,2629.671879056886,1702.4056315736932,OAK,MIN,1.1,0.3,0.311,0.32
TOR201605020,2016-05-02,TOR,TEX,0,0,4.06,2.09,1789.459752085548,1953.690097165916,TBA,TEX,0.6,0.6,0.339,0.298
SLN201605020,2016-05-02,SLN,PHI,0,0,4.62,3.71,1e-06,1300.629186583633,SLN,PHI,0.8,0.2,0.321,0.31
NYN201605020,2016-05-02,NYN,ATL,4,0,3.43,4.31,1e-06,1144.129935670241,NYN,CHN,0.6,0.4,0.316,0.313
CIN201605020,2016-05-02,CIN,SFN,0,0,4.35,54.0,415.25842934625814,913.3322258208744,PIT,NYN,0.4,0.1,0.324,0.309
SDN201605020,2016-05-02,SDN,COL,2,0,5.85,4.61,179.52869961196944,481.0116378281714,LAN,ARI,0.4,0.2,0.308,0.302
CIN201605030,2016-05-03,CIN,SFN,0,1,7.4,3.81,1e-06,1e-06,CIN,CIN,0.2,0.1,0.324,0.309
HOU201605030,2016-05-03,HOU,MIN,0,1,4.34,5.68,1e-06,1e-06,HOU,HOU,0.8,0.3,0.311,0.32
TBA201605030,2016-05-03,TBA,LAN,1,0,4.08,4.56,1e-06,3459.25197839954,TBA,LAN,0.1,1.0,0.301,0.315
SLN201605030,2016-05-03,SLN,PHI,0,0,5.09,4.78,1e-06,1e-06,SLN,SLN,0.8,0.2,0.321,0.31
TOR201605030,2016-05-03,TOR,TEX,0,1,3.06,6.98,1e-06,1e-06,TOR,TOR,0.4,0.5,0.339,0.298
MIA201605030,2016-05-03,MIA,ARI,1,0,4.99,6.75,2045.0709343750696,3182.157566983313,MIL,ARI,0.875,0.4,0.31,0.313
PIT201605030,2016-05-03,PIT,CHN,0,0,5.5,3.1,1e-06,1e-06,PIT,PIT,0.5,0.8,0.344,0.338
BAL201605030,2016-05-03,BAL,NYA,0,0,3.77,5.83,1e-06,578.81170796599,BAL,BOS,0.6,0.1,0.324,0.307
MIL201605030,2016-05-03,MIL,ANA,0,1,2.81,3.56,1e-06,1e-06,MIL,MIL,0.8,0.8,0.325,0.326
CLE201605030,2016-05-03,CLE,DET,3,0,4.4,3.04,576.425945012328,1013.2251113855248,PHI,MIN,0.7142857142857143,0.7,0.354,0.324
SDN201605030,2016-05-03,SDN,COL,0,2,5.25,7.17,1e-06,1e-06,SDN,SDN,0.6,0.0,0.308,0.302
OAK201605030,2016-05-03,OAK,SEA,0,0,5.69,4.12,1e-06,1e-06,OAK,OAK,0.4,0.7,0.291,0.323
KCA201605030,2016-05-03,KCA,WAS,0,1,4.22,4.37,1e-06,1e-06,KCA,KCA,0.4,1.2,0.323,0.326
CHA201605030,2016-05-03,CHA,BOS,1,0,3.2,3.33,972.7856247406662,1365.5064971534737,BAL,BOS,0.1111111111111111,1.1111111111111112,0.323,0.33
NYN201605030,2016-05-03,NYN,ATL,0,0,4.86,5.0,1e-06,1e-06,NYN,NYN,1.0,0.4,0.316,0.313
SDN201605040,2016-05-04,SDN,COL,0,0,5.03,3.87,1e-06,1e-06,SDN,SDN,0.6,0.2,0.308,0.302
CLE201605040,2016-05-04,CLE,DET,0,0,3.14,5.87,1e-06,1e-06,CLE,CLE,1.0,0.7,0.354,0.324
TOR201605040,2016-05-04,TOR,TEX,1,2,2.68,2.09,1e-06,1e-06,TOR,TOR,0.4,0.3,0.339,0.298
KCA201605040,2016-05-04,KCA,WAS,0,6,7.77,3.6,1e-06,1e-06,KCA,KCA,0.4,1.0,0.323,0.326
TBA201605040,2016-05-04,TBA,LAN,1,0,3.77,3.73,1e-06,1e-06,TBA,TBA,0.2,1.0,0.301,0.315
SLN201605040,2016-05-04,SLN,PHI,0,0,2.77,4.85,1e-06,1e-06,SLN,SLN,0.4,0.2,0.321,0.31
PIT201605040,2016-05-04,PIT,CHN,0,0,4.5,2.44,1e-06,1e-06,PIT,PIT,0.4,0.5,0.344,0.338
MIA201605040,2016-05-04,MIA,ARI,0,0,2.86,4.26,1e-06,1e-06,MIA,MIA,0.8888888888888888,0.4,0.31,0.313
CHA201605040,2016-05-04,CHA,BOS,2,0,4.04,4.78,1e-06,1e-06,CHA,CHA,0.2,1.0,0.323,0.33
OAK201605040,2016-05-04,OAK,SEA,0,0,3.97,2.52,1e-06,1e-06,OAK,OAK,0.4,0.7,0.291,0.323
BAL201605040,2016-05-04,BAL,NYA,0,0,5.27,3.91,1e-06,1e-06,BAL,BAL,0.6,0.0,0.324,0.307
NYN201605040,2016-05-04,NYN,ATL,0,0,3.4,4.81,1e-06,1e-06,NYN,NYN,1.0,0.4,0.316,0.313
HOU201605040,2016-05-04,HOU,MIN,3,0,3.97,5.95,1e-06,1e-06,HOU,HOU,0.6,0.3,0.311,0.32
CIN201605040,2016-05-04,CIN,SFN,0,0,3.76,5.54,1e-06,1e-06,CIN,CIN,0.0,0.2,0.324,0.309
MIL201605040,2016-05-04,MIL,ANA,0,0,2.15,3.91,1e-06,1e-06,MIL,MIL,0.6,0.9,0.325,0.326
SFN201605050,2016-05-05,SFN,COL,2,3,5.64,8.39,3280.370735305635,738.1265117326025,CIN,SDN,0.8,0.2,0.347,0.302
TOR201605050,2016-05-05,TOR,TEX,5,1,3.18,4.95,1e-06,1e-06,TOR,TOR,0.5,0.4,0.339,0.298
CHN201605050,2016-05-05,CHN,WAS,0,0,2.13,3.43,660.0502267315369,663.9206411727051,PIT,KCA,0.7,1.6,0.34,0.326
SLN201605050,2016-05-05,SLN,PHI,1,0,4.67,3.65,1e-06,1e-06,SLN,SLN,0.4,0.2,0.321,0.31
CLE201605050,2016-05-05,CLE,DET,4,0,4.26,3.06,1e-06,1e-06,CLE,CLE,0.8888888888888888,0.7,0.354,0.324
HOU201605050,2016-05-05,HOU,SEA,1,0,3.28,3.73,1e-06,2629.671879056886,HOU,OAK,0.9,0.7,0.311,0.323
MIA201605050,2016-05-05,MIA,ARI,0,0,3.85,4.9,1e-06,1e-06,MIA,MIA,0.8,0.4,0.31,0.313
BAL201605050,2016-05-05,BAL,NYA,0,0,,,1e-06,1e-06,BAL,BAL,0.6,0.0,0.324,0.307
SDN201605050,2016-05-05,SDN,NYN,1,0,4.82,3.04,1e-06,3907.304911865239,SDN,NYN,0.6,1.1,0.308,0.315
CHA201605050,2016-05-05,CHA,BOS,1,1,8.33,4.05,1e-06,1e-06,CHA,CHA,0.4,1.0,0.323,0.33
CIN201605050,2016-05-05,CIN,MIL,5,0,9.36,4.39,1e-06,525.1892238126902,CIN,MIL,0.0,0.4,0.324,0.32
CLE201605060,2016-05-06,CLE,KCA,1,0,3.87,4.45,1e-06,1123.5230318083022,CLE,KCA,1.2,0.7,0.354,0.302
CHA201605060,2016-05-06,CHA,MIN,2,0,4.89,4.42,1e-06,1516.5648050119732,CHA,HOU,0.5,0.3,0.323,0.32
SLN201605060,2016-05-06,SLN,PIT,0,0,3.04,4.69,1e-06,898.8824563980571,SLN,PIT,0.5,0.4,0.321,0.322
SFN201605060,2016-05-06,SFN,COL,0,0,2.74,4.79,1e-06,1e-06,SFN,SFN,1.0,0.5,0.347,0.302
CIN201605060,2016-05-06,CIN,MIL,1,0,4.0,2.86,1e-06,1e-06,CIN,CIN,0.5,0.4,0.324,0.32
TOR201605060,2016-05-06,TOR,LAN,0,0,4.06,2.48,1e-06,1789.459752085548,TOR,TBA,1.0,1.0,0.339,0.315
ATL201605060,2016-05-06,ATL,ARI,0,0,7.59,4.37,1200.4511584455877,973.359131898138,NYN,MIA,0.5,0.4,0.328,0.313
NYA201605060,2016-05-06,NYA,BOS,1,2,5.23,3.15,272.81937803481173,1144.129935670241,BAL,CHA,0.3,1.1,0.322,0.33
DET201605060,2016-05-06,DET,TEX,0,0,4.87,3.32,145.52553501827433,332.4198044988213,CLE,TOR,0.3,0.5,0.338,0.298
SDN201605060,2016-05-06,SDN,NYN,1,0,3.32,2.6,1e-06,1e-06,SDN,SDN,0.5,1.1,0.308,0.315
HOU201605060,2016-05-06,HOU,SEA,1,0,4.64,4.22,1e-06,1e-06,HOU,HOU,1.0,0.6,0.311,0.323
MIA201605060,2016-05-06,MIA,PHI,2,0,2.85,2.58,1e-06,1707.3616110149374,MIA,SLN,0.8,0.2,0.31,0.31
CHN201605060,2016-05-06,CHN,WAS,0,1,3.35,2.96,1e-06,1e-06,CHN,CHN,0.7,1.6,0.34,0.326
ANA201605060,2016-05-06,ANA,TBA,0,4,5.84,4.02,2783.0805047768185,3425.3074193268753,MIL,TBA,0.7,0.875,0.317,0.313
CHA201605070,2016-05-07,CHA,MIN,0,2,3.34,3.38,1e-06,1e-06,CHA,CHA,0.7,0.3,0.323,0.32
ATL201605070,2016-05-07,ATL,ARI,1,0,5.1,6.15,1e-06,1e-06,ATL,ATL,0.5,0.4,0.328,0.313
BAL201605071,2016-05-07,BAL,OAK,0,0,5.79,2.12,1e-06,1e-06,BAL,BAL,0.6,0.2,0.324,0.316
BAL201605072,2016-05-07,BAL,OAK,0,0,5.44,6.02,1e-06,3931.3055139950993,BAL,OAK,0.6,0.2,0.324,0.316
ANA201605070,2016-05-07,ANA,TBA,0,0,3.46,3.77,1e-06,1e-06,ANA,ANA,0.7,1.2222222222222223,0.317,0.313
CIN201605070,2016-05-07,CIN,MIL,1,0,7.4,2.33,1e-06,1e-06,CIN,CIN,0.6,0.3,0.324,0.32
SLN201605070,2016-05-07,SLN,PIT,2,2,4.46,3.63,1e-06,1e-06,SLN,SLN,0.5,0.4,0.321,0.322
MIA201605070,2016-05-07,MIA,PHI,0,0,4.5,5.89,1e-06,1e-06,MIA,MIA,0.9,0.2,0.31,0.31
HOU201605070,2016-05-07,HOU,SEA,0,0,4.95,2.81,1e-06,1e-06,HOU,HOU,1.0,0.6,0.311,0.323
NYA201605070,2016-05-07,NYA,BOS,0,0,4.76,3.99,1e-06,1e-06,NYA,NYA,0.4,1.3,0.322,0.33
SDN201605070,2016-05-07,SDN,NYN,0,2,5.85,3.43,1e-06,1e-06,SDN,SDN,0.6,1.0,0.308,0.315
SFN201605070,2016-05-07,SFN,COL,0,0,2.13,5.7,1e-06,1e-06,SFN,SFN,1.0,0.5,0.347,0.302
TOR201605070,2016-05-07,TOR,LAN,0,0,4.46,1.69,1e-06,1e-06,TOR,TOR,1.0,1.0,0.339,0.315
CHN201605070,2016-05-07,CHN,WAS,0,0,4.68,2.41,1e-06,1e-06,CHN,CHN,0.2,1.7,0.34,0.326
CLE201605070,2016-05-07,CLE,KCA,0,3,6.68,3.68,1e-06,1e-06,CLE,CLE,0.9,0.6,0.354,0.302
DET201605070,2016-05-07,DET,TEX,0,2,3.07,9.48,1e-06,1e-06,DET,DET,0.3,0.5,0.338,0.298
TOR201605080,2016-05-08,TOR,LAN,0,0,5.23,5.53,1e-06,1e-06,TOR,TOR,0.8,0.5,0.339,0.315
ATL201605080,2016-05-08,ATL,ARI,0,0,3.06,4.44,1e-06,1e-06,ATL,ATL,0.5,0.4,0.328,0.313
NYA201605080,2016-05-08,NYA,BOS,0,2,5.83,3.33,1e-06,1e-06,NYA,NYA,0.3,1.3,0.322,0.33
DET201605080,2016-05-08,DET,TEX,0,0,7.11,6.8,1e-06,1e-06,DET,DET,0.3,0.7,0.338,0.298
CLE201605080,2016-05-08,CLE,KCA,1,0,4.4,5.37,1e-06,1e-06,CLE,CLE,0.8,0.7,0.354,0.302
CHA201605080,2016-05-08,CHA,MIN,0,0,3.2,6.43,1e-06,1e-06,CHA,CHA,0.7,0.5,0.323,0.32
ANA201605080,2016-05-08,ANA,TBA,1,0,3.56,4.37,1e-06,1e-06,ANA,ANA,0.7,1.1,0.317,0.313
BAL201605080,2016-05-08,BAL,OAK,2,3,3.77,4.11,1e-06,1e-06,BAL,BAL,0.3,0.2,0.324,0.316
HOU201605080,2016-05-08,HOU,SEA,0,0,4.34,4.12,1e-06,1e-06,HOU,HOU,0.7,0.6,0.311,0.323
CHN201605080,2016-05-08,CHN,WAS,0,0,2.95,2.28,1e-06,1e-06,CHN,CHN,0.2,1.6,0.34,0.326
SDN201605080,2016-05-08,SDN,NYN,0,0,5.25,4.86,1e-06,1e-06,SDN,SDN,0.6,1.1,0.308,0.315
CIN201605080,2016-05-08,CIN,MIL,0,1,4.66,4.13,1e-06,1e-06,CIN,CIN,0.7,0.3,0.324,0.32
SLN201605080,2016-05-08,SLN,PIT,0,0,5.09,3.88,1e-06,1e-06,SLN,SLN,0.7,0.5,0.321,0.322
MIA201605080,2016-05-08,MIA,PHI,0,0,2.28,2.58,1e-06,1e-06,MIA,MIA,0.9,0.2,0.31,0.31
SFN201605080,2016-05-08,SFN,COL,0,1,3.81,7.17,1e-06,1e-06,SFN,SFN,1.0,0.5,0.347,0.302
WAS201605090,2016-05-09,WAS,DET,0,2,2.64,7.11,956.88299544195,635.8759829799529,CHN,DET,1.0,0.7,0.326,0.324
BOS201605090,2016-05-09,BOS,OAK,0,1,4.78,5.69,306.2037667286439,578.81170796599,NYA,BAL,1.1,0.5,0.365,0.316
SEA201605090,2016-05-09,SEA,TBA,0,0,3.82,9.0,3039.1839825945185,1575.276973597757,HOU,ANA,0.6,1.0,0.33,0.313
NYA201605090,2016-05-09,NYA,KCA,1,0,5.23,6.19,1e-06,649.8727601989037,NYA,CLE,0.3,0.6,0.322,0.302
TEX201605090,2016-05-09,TEX,CHA,0,1,6.04,2.08,1624.6230769135182,1309.650558347085,DET,CHA,0.9,0.3,0.343,0.311
CIN201605090,2016-05-09,CIN,PIT,1,0,4.35,5.5,1e-06,494.9532553693752,CIN,SLN,0.7,0.5,0.324,0.322
SFN201605090,2016-05-09,SFN,TOR,0,1,5.54,3.0,1e-06,3643.298205081526,SFN,TOR,1.0,0.5,0.347,0.317
COL201605090,2016-05-09,COL,ARI,1,1,3.87,5.02,1524.5101947303656,1946.7466716258368,SFN,ATL,0.4,0.2,0.369,0.313
LAN201605090,2016-05-09,LAN,NYN,0,1,4.56,3.4,3495.1223375467466,179.52869961196944,TOR,SDN,0.5,0.8,0.323,0.315
HOU201605090,2016-05-09,HOU,CLE,0,0,4.48,3.14,1e-06,1793.7234420980124,HOU,CLE,0.5,0.5,0.311,0.297
MIA201605090,2016-05-09,MIA,MIL,0,0,2.86,4.86,1e-06,1534.6263109130673,MIA,CIN,0.9,0.4,0.31,0.32
NYA201605100,2016-05-10,NYA,KCA,1,0,1.45,2.75,1e-06,1e-06,NYA,NYA,0.4,0.6,0.322,0.302
SEA201605100,2016-05-10,SEA,TBA,3,0,5.37,4.88,1e-06,1e-06,SEA,SEA,0.6,1.0,0.33,0.313
ANA201605100,2016-05-10,ANA,SLN,0,1,4.7,4.69,1e-06,2530.048122245164,ANA,SLN,0.7,0.5,0.317,0.329
MIN201605100,2016-05-10,MIN,BAL,1,0,5.98,3.77,571.0232496384983,1508.338155320694,CHA,BAL,0.9,0.3,0.313,0.308
BOS201605100,2016-05-10,BOS,OAK,3,0,6.75,3.86,1e-06,1e-06,BOS,BOS,1.1,0.5,0.365,0.316
HOU201605100,2016-05-10,HOU,CLE,0,0,2.16,4.26,1e-06,1e-06,HOU,HOU,0.5,0.5,0.311,0.297
ATL201605100,2016-05-10,ATL,PHI,0,0,5.0,6.04,1e-06,973.359131898138,ATL,MIA,0.3,0.2,0.328,0.31
MIA201605100,2016-05-10,MIA,MIL,0,1,3.85,3.97,1e-06,1e-06,MIA,MIA,0.6,0.4,0.31,0.32
CHN201605100,2016-05-10,CHN,SDN,0,0,2.44,5.03,1e-06,2787.070270174863,CHN,SDN,0.2,0.0,0.34,0.29
SFN201605100,2016-05-10,SFN,TOR,0,0,5.64,3.18,1e-06,1e-06,SFN,SFN,0.7,0.6,0.347,0.317
WAS201605100,2016-05-10,WAS,DET,0,0,3.43,3.06,1e-06,1e-06,WAS,WAS,0.7,0.9,0.326,0.324
TEX201605100,2016-05-10,TEX,CHA,2,1,2.79,6.31,1e-06,1e-06,TEX,TEX,0.8,0.4,0.343,0.311
COL201605100,2016-05-10,COL,ARI,0,0,3.74,4.26,1e-06,1e-06,COL,COL,0.3,0.2,0.369,0.313
LAN201605100,2016-05-10,LAN,NYN,2,0,1.83,3.48,1e-06,1e-06,LAN,LAN,0.4,0.8,0.323,0.315
NYA201605110,2016-05-11,NYA,KCA,0,4,4.82,4.45,1e-06,1e-06,NYA,NYA,0.4,0.6,0.322,0.302
CHN201605111,2016-05-11,CHN,SDN,1,2,2.85,5.96,1e-06,1e-06,CHN,CHN,0.2,0.0,0.34,0.29
TEX201605110,2016-05-11,TEX,CHA,0,0,2.09,2.08,1e-06,1e-06,TEX,TEX,0.7,0.5,0.343,0.311
LAN201605110,2016-05-11,LAN,NYN,0,0,3.48,2.6,1e-06,1e-06,LAN,LAN,0.6,0.6,0.323,0.315
CHN201605112,2016-05-11,CHN,SDN,0,0,3.35,3.32,1e-06,1e-06,CHN,CHN,0.3,0.2,0.34,0.29
MIA201605110,2016-05-11,MIA,MIL,0,0,4.96,4.39,1e-06,1e-06,MIA,MIA,0.6,0.5,0.31,0.32
COL201605110,2016-05-11,COL,ARI,0,0,5.31,3.57,1e-06,1e-06,COL,COL,0.3,0.2,0.369,0.313
ATL201605110,2016-05-11,ATL,PHI,1,0,6.04,3.65,1e-06,1e-06,ATL,ATL,0.3,0.0,0.328,0.31
BOS201605110,2016-05-11,BOS,OAK,0,0,3.15,6.98,1e-06,1e-06,BOS,BOS,1.4,0.4,0.365,0.316
SFN201605110,2016-05-11,SFN,TOR,0,0,4.29,2.95,1e-06,1e-06,SFN,SFN,0.5,0.5,0.347,0.317
ANA201605110,2016-05-11,ANA,SLN,0,0,3.88,4.67,1e-06,1e-06,ANA,ANA,0.7,0.6,0.317,0.329
HOU201605110,2016-05-11,HOU,CLE,0,0,4.43,6.68,1e-06,1e-06,HOU,HOU,0.5,0.4,0.311,0.297
SEA201605110,2016-05-11,SEA,TBA,3,0,4.32,5.74,1e-06,1e-06,SEA,SEA,0.8,1.0,0.33,0.313
CIN201605110,2016-05-11,CIN,PIT,1,0,4.66,3.06,1e-06,1e-06,CIN,CIN,0.8,0.5,0.324,0.322
MIN201605110,2016-05-11,MIN,BAL,0,0,5.95,5.27,1e-06,1e-06,MIN,MIN,0.8,0.3,0.313,0.308
WAS201605110,2016-05-11,WAS,DET,1,0,2.96,4.87,1e-06,1e-06,WAS,WAS,0.7,0.9,0.326,0.324
BAL201605120,2016-05-12,BAL,DET,0,1,3.53,4.14,1508.338155320694,55.02896457567408,MIN,WAS,0.4,0.9,0.324,0.324
ATL201605120,2016-05-12,ATL,PHI,0,1,4.12,5.36,1e-06,1e-06,ATL,ATL,0.3,0.0,0.328,0.31
MIL201605120,2016-05-12,MIL,SDN,0,0,4.62,5.85,2045.0709343750696,132.54357794550742,MIA,CHN,0.6,0.2,0.325,0.29
LAN201605120,2016-05-12,LAN,NYN,4,0,1.69,3.43,1e-06,1e-06,LAN,LAN,0.6,0.6,0.323,0.315
ARI201605120,2016-05-12,ARI,SFN,1,0,4.37,2.79,942.6579354569092,1050.993394248722,COL,SFN,0.2,0.2,0.328,0.309
BOS201605120,2016-05-12,BOS,HOU,2,0,3.99,4.55,1e-06,2582.243070652819,BOS,HOU,1.4,0.4,0.365,0.326
NYA201605120,2016-05-12,NYA,KCA,1,0,4.76,3.68,1e-06,1e-06,NYA,NYA,0.4,0.9,0.322,0.302
ANA201605120,2016-05-12,ANA,SLN,0,0,5.06,4.62,1e-06,1e-06,ANA,ANA,0.7,0.6,0.317,0.329
MIL201605130,2016-05-13,MIL,SDN,1,0,2.81,4.8,1e-06,1e-06,MIL,MIL,0.5,0.2,0.325,0.29
KCA201605130,2016-05-13,KCA,ATL,1,0,5.37,3.21,1759.8286951805926,1087.4766965335918,NYA,ATL,0.4,0.4,0.323,0.313
BOS201605130,2016-05-13,BOS,HOU,0,1,4.05,3.97,1e-06,1e-06,BOS,BOS,1.3,0.3,0.365,0.326
PHI201605130,2016-05-13,PHI,CIN,0,0,3.71,3.98,1071.2330338826837,807.0437326700402,ATL,CIN,0.2,0.2,0.291,0.308
SEA201605130,2016-05-13,SEA,ANA,0,0,2.81,3.46,1e-06,1575.276973597757,SEA,ANA,1.1,0.7,0.33,0.326
COL201605130,2016-05-13,COL,NYN,0,0,4.61,4.86,1e-06,1336.5596902131042,COL,LAN,0.1,0.6,0.369,0.315
LAN201605130,2016-05-13,LAN,SLN,0,1,3.96,5.09,1e-06,40.86770847173621,LAN,ANA,1.0,0.6,0.323,0.329
WAS201605130,2016-05-13,WAS,MIA,0,0,2.28,2.85,1e-06,1489.628641346009,WAS,MIA,0.8,0.6,0.326,0.333
CLE201605130,2016-05-13,CLE,MIN,0,1,3.44,5.27,1793.7234420980124,1013.2251113855248,HOU,MIN,0.9,0.5,0.354,0.32
NYA201605130,2016-05-13,NYA,CHA,0,0,5.83,3.34,1e-06,2225.551415128663,NYA,TEX,0.5,0.5,0.322,0.311
ARI201605130,2016-05-13,ARI,SFN,0,0,6.15,3.81,1e-06,1e-06,ARI,ARI,0.3,0.2,0.328,0.309
BAL201605130,2016-05-13,BAL,DET,0,0,3.77,3.04,1e-06,1e-06,BAL,BAL,0.3,1.0,0.324,0.324
TEX201605130,2016-05-13,TEX,TOR,0,0,4.39,4.46,1e-06,2363.044634840767,TEX,SFN,0.7,0.3,0.343,0.317
CHN201605130,2016-05-13,CHN,PIT,0,0,3.83,4.69,1e-06,406.2527329885922,CHN,CIN,0.3,0.5,0.34,0.322
TBA201605130,2016-05-13,TBA,OAK,2,4,3.69,2.12,4073.223093287738,1926.694381718032,SEA,BOS,0.3,0.4,0.301,0.316
LAN201605140,2016-05-14,LAN,SLN,0,0,4.56,3.04,1e-06,1e-06,LAN,LAN,0.8,0.7,0.323,0.329
CLE201605140,2016-05-14,CLE,MIN,0,0,3.14,3.38,1e-06,1e-06,CLE,CLE,0.9,0.4,0.354,0.32
NYA201605140,2016-05-14,NYA,CHA,0,0,4.17,3.2,1e-06,1e-06,NYA,NYA,0.5,0.4,0.322,0.311
MIL201605140,2016-05-14,MIL,SDN,2,2,4.13,5.73,1e-06,1e-06,MIL,MIL,0.5,0.2,0.325,0.29
BOS201605140,2016-05-14,BOS,HOU,2,1,3.45,4.43,1e-06,1e-06,BOS,BOS,0.9,0.4,0.365,0.326
COL201605140,2016-05-14,COL,NYN,1,0,7.17,5.2,1e-06,1e-06,COL,COL,0.1,0.4,0.369,0.315
SEA201605140,2016-05-14,SEA,ANA,0,0,2.81,1.12,1e-06,1e-06,SEA,SEA,1.1,0.2,0.33,0.326
PHI201605140,2016-05-14,PHI,CIN,0,1,4.78,4.0,1e-06,1e-06,PHI,PHI,0.2,0.2,0.291,0.308
BAL201605140,2016-05-14,BAL,DET,0,0,5.79,5.87,1e-06,1e-06,BAL,BAL,0.3,0.7,0.324,0.324
TBA201605140,2016-05-14,TBA,OAK,0,0,4.37,4.11,1e-06,1e-06,TBA,TBA,0.5,0.8,0.301,0.316
WAS201605141,2016-05-14,WAS,MIA,3,1,3.6,4.99,1e-06,1e-06,WAS,WAS,0.8,0.6,0.326,0.333
KCA201605140,2016-05-14,KCA,ATL,0,0,4.68,4.31,1e-06,1e-06,KCA,KCA,0.5,0.4,0.323,0.313
TEX201605140,2016-05-14,TEX,TOR,0,0,2.09,4.06,1e-06,1e-06,TEX,TEX,0.4,0.3,0.343,0.317
ARI201605140,2016-05-14,ARI,SFN,0,1,5.22,3.1,1e-06,1e-06,ARI,ARI,0.3,0.2,0.328,0.309
WAS201605142,2016-05-14,WAS,MIA,0,0,2.83,6.13,1e-06,1e-06,WAS,WAS,0.7,0.7,0.326,0.333
CHN201605140,2016-05-14,CHN,PIT,0,0,3.1,5.44,1e-06,1e-06,CHN,CHN,0.1,0.5,0.34,0.322
TEX201605150,2016-05-15,TEX,TOR,0,0,2.48,4.43,1e-06,1e-06,TEX,TEX,0.4,0.3,0.343,0.317
BAL201605150,2016-05-15,BAL,DET,3,1,3.77,7.45,1e-06,1e-06,BAL,BAL,0.2,0.3,0.324,0.324
MIL201605150,2016-05-15,MIL,SDN,0,0,3.95,3.92,1e-06,1e-06,MIL,MIL,0.6,0.4,0.325,0.29
LAN201605150,2016-05-15,LAN,SLN,0,0,4.09,4.69,1e-06,1e-06,LAN,LAN,0.8,0.7,0.323,0.329
CHN201605150,2016-05-15,CHN,PIT,0,0,2.44,3.88,1e-06,1e-06,CHN,CHN,0.1,0.5,0.34,0.322
TBA201605150,2016-05-15,TBA,OAK,1,1,5.74,3.97,1e-06,1e-06,TBA,TBA,0.4,0.8,0.301,0.316
KCA201605150,2016-05-15,KCA,ATL,1,0,4.22,6.91,1e-06,1e-06,KCA,KCA,0.5,0.4,0.323,0.313
BOS201605150,2016-05-15,BOS,HOU,2,0,2.65,3.97,1e-06,1e-06,BOS,BOS,0.9,0.5,0.365,0.326
ARI201605150,2016-05-15,ARI,SFN,0,0,2.25,3.1,1e-06,1e-06,ARI,ARI,0.2,0.2,0.328,0.309
CLE201605150,2016-05-15,CLE,MIN,0,0,4.26,6.43,1e-06,1e-06,CLE,CLE,0.9,0.4,0.354,0.32
SEA201605150,2016-05-15,SEA,ANA,0,0,3.82,4.7,1e-06,1e-06,SEA,SEA,1.1,0.2,0.33,0.326
PHI201605150,2016-05-15,PHI,CIN,0,0,6.04,3.76,1e-06,1e-06,PHI,PHI,0.2,0.3,0.291,0.308
NYA201605150,2016-05-15,NYA,CHA,1,0,3.08,6.31,1e-06,1e-06,NYA,NYA,0.4,0.4,0.322,0.311
WAS201605150,2016-05-15,WAS,MIA,0,0,3.43,2.86,1e-06,1e-06,WAS,WAS,0.5,0.7,0.326,0.333
COL201605150,2016-05-15,COL,NYN,0,0,3.87,4.11,1e-06,1e-06,COL,COL,0.2,0.3,0.369,0.315
CLE201605160,2016-05-16,CLE,CIN,0,1,3.18,6.43,1e-06,576.425945012328,CLE,PHI,0.9,0.3,0.354,0.308
PHI201605160,2016-05-16,PHI,MIA,0,0,3.65,3.85,1e-06,197.2342958595587,PHI,WAS,0.2,0.7,0.291,0.333
PIT201605160,2016-05-16,PIT,ATL,3,0,5.5,6.04,660.0502267315369,1255.3811411500053,CHN,KCA,0.2,0.0,0.344,0.313
TOR201605160,2016-05-16,TOR,TBA,0,2,3.18,4.88,1953.690097165916,1789.459752085548,TEX,TBA,0.8,1.0,0.339,0.313
DET201605160,2016-05-16,DET,MIN,8,0,4.87,6.28,638.3359432178316,145.52553501827433,BAL,CLE,0.1,0.4,0.338,0.32
LAN201605160,2016-05-16,LAN,ANA,0,0,3.48,3.88,1e-06,1545.141516309272,LAN,SEA,0.6,0.2,0.323,0.326
OAK201605160,2016-05-16,OAK,TEX,0,0,3.86,4.95,3845.9573440873414,2350.5503898425545,TBA,TEX,0.3,0.7,0.291,0.298
ARI201605160,2016-05-16,ARI,NYA,1,0,4.9,4.73,1e-06,3443.682019431773,ARI,NYA,0.2,0.0,0.328,0.307
PIT201605170,2016-05-17,PIT,ATL,7,0,4.5,7.59,1e-06,1e-06,PIT,PIT,0.5,0.0,0.344,0.313
OAK201605170,2016-05-17,OAK,TEX,0,0,3.62,7.68,1e-06,1e-06,OAK,OAK,0.3,0.7,0.291,0.298
ARI201605170,2016-05-17,ARI,NYA,0,0,4.37,4.82,1e-06,1e-06,ARI,ARI,0.3,0.0,0.328,0.307
KCA201605170,2016-05-17,KCA,BOS,0,0,4.45,3.15,1e-06,2008.0645584325655,KCA,BOS,0.6,1.3,0.323,0.33
LAN201605170,2016-05-17,LAN,ANA,0,0,1.69,5.06,1e-06,1e-06,LAN,LAN,0.6,0.2,0.323,0.326
CHA201605170,2016-05-17,CHA,HOU,0,0,6.31,3.06,1144.129935670241,1365.5064971534737,NYA,BOS,0.6,0.4,0.323,0.326
DET201605170,2016-05-17,DET,MIN,0,0,3.07,5.02,1e-06,1e-06,DET,DET,0.9,0.4,0.338,0.32
TOR201605170,2016-05-17,TOR,TBA,2,1,4.37,4.02,1e-06,1e-06,TOR,TOR,0.6,1.1,0.339,0.313
SLN201605170,2016-05-17,SLN,COL,0,0,4.67,4.79,2553.1974748902726,1279.0227614650469,LAN,COL,0.5,0.6,0.321,0.302
CLE201605170,2016-05-17,CLE,CIN,0,0,3.87,9.36,1e-06,1e-06,CLE,CLE,0.9,0.3,0.354,0.308
NYN201605170,2016-05-17,NYN,WAS,1,0,2.6,2.96,2618.595617996944,326.3648041771951,COL,WAS,0.9,1.5,0.316,0.326
PHI201605170,2016-05-17,PHI,MIA,0,0,,4.96,1e-06,1e-06,PHI,PHI,0.2,0.7,0.291,0.333
MIL201605170,2016-05-17,MIL,CHN,0,0,4.39,2.13,1e-06,132.54357794550742,MIL,CHN,0.6,0.5,0.325,0.338
BAL201605170,2016-05-17,BAL,SEA,0,2,5.44,5.37,1e-06,3746.584168000963,BAL,SEA,0.5,0.6,0.324,0.323
SDN201605170,2016-05-17,SDN,SFN,0,0,4.82,2.74,2790.8560532571964,481.0116378281714,MIL,ARI,0.6,0.2,0.308,0.309
NYN201605180,2016-05-18,NYN,WAS,0,0,3.43,4.57,1e-06,1e-06,NYN,NYN,1.0,1.4,0.316,0.326
DET201605180,2016-05-18,DET,MIN,1,0,3.04,4.42,1e-06,1e-06,DET,DET,0.9,0.4,0.338,0.32
SDN201605180,2016-05-18,SDN,SFN,0,0,3.32,2.79,1e-06,1e-06,SDN,SDN,0.5,0.2,0.308,0.309
PHI201605180,2016-05-18,PHI,MIA,0,2,3.71,4.33,1e-06,1e-06,PHI,PHI,0.2,0.5,0.291,0.333
ANA201605180,2016-05-18,ANA,LAN,1,0,3.56,6.83,40.86770847173621,40.86770847173621,LAN,LAN,0.7,0.5,0.317,0.315
CIN201605180,2016-05-18,CIN,CLE,0,0,4.35,2.51,358.1075548344512,358.1075548344512,CLE,CLE,0.9,0.1,0.324,0.297
TOR201605180,2016-05-18,TOR,TBA,0,0,4.46,3.69,1e-06,1e-06,TOR,TOR,0.8,1.2,0.339,0.313
OAK201605180,2016-05-18,OAK,TEX,3,0,2.12,4.39,1e-06,1e-06,OAK,OAK,0.3,0.7,0.291,0.298
ARI201605180,2016-05-18,ARI,NYA,1,2,6.15,4.76,1e-06,1e-06,ARI,ARI,0.3,0.0,0.328,0.307
BAL201605180,2016-05-18,BAL,SEA,0,0,3.77,4.22,1e-06,1e-06,BAL,BAL,0.5,0.6,0.324,0.323
KCA201605182,2016-05-18,KCA,BOS,0,0,5.37,3.99,1e-06,1e-06,KCA,KCA,0.5,1.2,0.323,0.33
PIT201605180,2016-05-18,PIT,ATL,0,0,4.69,3.21,1e-06,1e-06,PIT,PIT,1.2,0.0,0.344,0.313
CHA201605180,2016-05-18,CHA,HOU,1,1,4.89,4.64,1e-06,1e-06,CHA,CHA,0.6,0.4,0.323,0.326
KCA201605181,2016-05-18,KCA,BOS,2,0,2.6,3.33,1e-06,1e-06,KCA,KCA,0.2,0.9,0.323,0.33
SLN201605180,2016-05-18,SLN,COL,0,0,4.62,3.74,1e-06,1e-06,SLN,SLN,0.3,0.6,0.321,0.302
MIL201605180,2016-05-18,MIL,CHN,0,0,2.73,2.95,1e-06,1e-06,MIL,MIL,0.6,0.5,0.325,0.338
CIN201605190,2016-05-19,CIN,CLE,0,0,7.4,4.4,1e-06,1e-06,CIN,CIN,0.9,0.1,0.324,0.297
PIT201605190,2016-05-19,PIT,ATL,2,0,5.44,4.31,1e-06,1e-06,PIT,PIT,1.2,0.0,0.344,0.313
CHA201605190,2016-05-19,CHA,HOU,0,0,3.34,4.34,1e-06,1e-06,CHA,CHA,0.7,0.5,0.323,0.326
BAL201605190,2016-05-19,BAL,SEA,0,1,5.27,,1e-06,1e-06,BAL,BAL,0.5,0.6,0.324,0.323
SDN201605190,2016-05-19,SDN,SFN,0,1,5.85,3.81,1e-06,1e-06,SDN,SDN,0.4,0.2,0.308,0.309
MIN201605190,2016-05-19,MIN,TOR,1,0,3.7,2.68,872.516450655481,1113.301279752142,DET,TOR,0.8,0.3,0.313,0.317
MIL201605190,2016-05-19,MIL,CHN,0,1,2.81,3.83,1e-06,1e-06,MIL,MIL,0.5,0.5,0.325,0.338
NYN201605190,2016-05-19,NYN,WAS,0,2,4.86,3.6,1e-06,1e-06,NYN,NYN,0.9,1.0,0.316,0.326
OAK201605190,2016-05-19,OAK,NYA,0,0,4.11,4.17,1e-06,1040.2976618519092,OAK,ARI,0.3,0.2,0.291,0.307
ANA201605190,2016-05-19,ANA,LAN,1,1,3.45,3.96,1e-06,1e-06,ANA,ANA,0.5,0.5,0.317,0.315
SLN201605190,2016-05-19,SLN,COL,3,0,3.38,4.61,1e-06,1e-06,SLN,SLN,0.3,0.6,0.321,0.302
BOS201605200,2016-05-20,BOS,CLE,1,0,4.78,3.14,2008.0645584325655,1188.7504512902326,KCA,CIN,1.0,0.1,0.365,0.297
MIA201605200,2016-05-20,MIA,WAS,0,0,4.99,2.83,1644.1190984600378,1756.5620451799746,PHI,NYN,0.6,1.2,0.31,0.326
PHI201605200,2016-05-20,PHI,ATL,1,0,4.78,5.0,1e-06,412.2899901216241,PHI,PIT,0.2,0.0,0.291,0.313
CIN201605200,2016-05-20,CIN,SEA,1,0,3.99,4.12,1e-06,680.6636621509456,CIN,BAL,0.9,0.3,0.324,0.323
SDN201605200,2016-05-20,SDN,LAN,0,0,3.92,1.83,1e-06,141.8121399568677,SDN,ANA,0.4,0.5,0.308,0.315
MIN201605200,2016-05-20,MIN,TOR,0,0,6.43,3.0,1e-06,1e-06,MIN,MIN,0.9,0.1,0.313,0.317
HOU201605200,2016-05-20,HOU,TEX,0,0,3.22,3.71,1516.5648050119732,2629.671879056886,CHA,OAK,0.5,0.6,0.311,0.298
SLN201605200,2016-05-20,SLN,ARI,1,2,3.04,5.15,1e-06,2043.890455711885,SLN,ARI,0.6,0.2,0.321,0.313
ANA201605200,2016-05-20,ANA,BAL,0,2,3.45,3.13,1e-06,3703.3736830857606,ANA,BAL,0.3,0.3,0.317,0.308
DET201605200,2016-05-20,DET,TBA,0,3,5.87,4.37,1e-06,332.4198044988213,DET,TOR,1.0,1.2,0.338,0.313
CHA201605200,2016-05-20,CHA,KCA,0,0,3.2,4.68,1e-06,663.9206411727051,CHA,KCA,0.7,0.7,0.323,0.302
OAK201605200,2016-05-20,OAK,NYA,0,0,5.69,3.91,1e-06,1e-06,OAK,OAK,0.3,0.2,0.291,0.307
SFN201605200,2016-05-20,SFN,CHN,0,0,5.54,3.1,738.1265117326025,2954.3733541563483,SDN,MIL,0.5,0.6,0.347,0.338
NYN201605200,2016-05-20,NYN,MIL,0,2,3.4,4.86,1e-06,1181.7674036325852,NYN,MIL,0.9,0.4,0.316,0.32
PIT201605200,2016-05-20,PIT,COL,1,0,3.88,7.17,1e-06,898.8824563980571,PIT,SLN,1.4,0.6,0.344,0.302
SFN201605210,2016-05-21,SFN,CHN,0,0,5.64,2.44,1e-06,1e-06,SFN,SFN,0.5,0.4,0.347,0.338
CIN201605210,2016-05-21,CIN,SEA,0,0,6.43,3.82,1e-06,1e-06,CIN,CIN,1.0,0.3,0.324,0.323
SLN201605210,2016-05-21,SLN,ARI,0,0,4.69,4.9,1e-06,1e-06,SLN,SLN,0.7,0.3,0.321,0.313
MIN201605210,2016-05-21,MIN,TOR,0,0,3.66,3.18,1e-06,1e-06,MIN,MIN,0.8,0.1,0.313,0.317
HOU201605210,2016-05-21,HOU,TEX,0,0,4.48,6.04,1e-06,1e-06,HOU,HOU,0.5,0.6,0.311,0.298
MIA201605210,2016-05-21,MIA,WAS,0,0,2.86,3.43,1e-06,1e-06,MIA,MIA,0.3,1.0,0.31,0.326
CHA201605210,2016-05-21,CHA,KCA,0,1,3.73,4.05,1e-06,1e-06,CHA,CHA,0.7,0.7,0.323,0.302
BOS201605210,2016-05-21,BOS,CLE,0,0,5.18,4.26,1e-06,1e-06,BOS,BOS,1.1,0.0,0.365,0.297
DET201605210,2016-05-21,DET,TBA,0,0,3.06,4.88,1e-06,1e-06,DET,DET,0.9,1.0,0.338,0.313
OAK201605210,2016-05-21,OAK,NYA,0,0,3.86,3.07,1e-06,1e-06,OAK,OAK,0.3,0.2,0.291,0.307
PIT201605210,2016-05-21,PIT,COL,0,1,1.64,5.24,1e-06,1e-06,PIT,PIT,1.5,0.6,0.344,0.302
NYN201605210,2016-05-21,NYN,MIL,1,0,2.55,5.66,1e-06,1e-06,NYN,NYN,0.7,0.4,0.316,0.32
SDN201605210,2016-05-21,SDN,LAN,0,0,2.92,5.4,1e-06,1e-06,SDN,SDN,0.2,0.2,0.308,0.315
PHI201605210,2016-05-21,PHI,ATL,0,0,6.04,6.04,1e-06,1e-06,PHI,PHI,0.3,0.0,0.291,0.313
ANA201605210,2016-05-21,ANA,BAL,0,0,3.46,2.05,1e-06,1e-06,ANA,ANA,0.3,0.4,0.317,0.308
PHI201605220,2016-05-22,PHI,ATL,0,0,3.65,5.82,1e-06,1e-06,PHI,PHI,0.3,0.0,0.291,0.313
SLN201605220,2016-05-22,SLN,ARI,0,3,4.67,4.37,1e-06,1e-06,SLN,SLN,0.7,0.3,0.321,0.313
CHA201605220,2016-05-22,CHA,KCA,0,0,4.04,4.45,1e-06,1e-06,CHA,CHA,0.6,0.8,0.323,0.302
SDN201605220,2016-05-22,SDN,LAN,0,0,5.71,3.96,1e-06,1e-06,SDN,SDN,0.2,0.1,0.308,0.315
NYN201605220,2016-05-22,NYN,MIL,1,1,2.6,4.39,1e-06,1e-06,NYN,NYN,0.8,0.4,0.316,0.32
HOU201605220,2016-05-22,HOU,TEX,0,0,4.55,3.32,1e-06,1e-06,HOU,HOU,0.5,0.5,0.311,0.298
CIN201605220,2016-05-22,CIN,SEA,3,0,9.36,5.37,1e-06,1e-06,CIN,CIN,1.0,0.3,0.324,0.323
DET201605220,2016-05-22,DET,TBA,2,0,4.87,4.02,1e-06,1e-06,DET,DET,0.9,0.6,0.338,0.313
SFN201605220,2016-05-22,SFN,CHN,0,0,2.74,2.13,1e-06,1e-06,SFN,SFN,0.5,0.4,0.347,0.338
OAK201605220,2016-05-22,OAK,NYA,1,0,6.02,4.82,1e-06,1e-06,OAK,OAK,0.3,0.2,0.291,0.307
BOS201605220,2016-05-22,BOS,CLE,2,0,3.15,3.87,1e-06,1e-06,BOS,BOS,1.1,0.0,0.365,0.297
ANA201605220,2016-05-22,ANA,BAL,0,0,5.06,5.44,1e-06,1e-06,ANA,ANA,0.3,0.3,0.317,0.308
MIN201605220,2016-05-22,MIN,TOR,0,3,5.95,4.37,1e-06,1e-06,MIN,MIN,0.8,0.1,0.313,0.317
MIA201605220,2016-05-22,MIA,WAS,0,1,3.85,2.96,1e-06,1e-06,MIA,MIA,0.2,0.9,0.31,0.326
MIA201605230,2016-05-23,MIA,TBA,3,2,2.28,3.77,1e-06,1858.8415502997775,MIA,DET,0.2,0.6,0.31,0.313
LAN201605230,2016-05-23,LAN,CIN,0,0,1.69,3.98,179.52869961196944,3046.5057464053752,SDN,CIN,0.6,0.3,0.323,0.308
SFN201605230,2016-05-23,SFN,SDN,0,0,2.79,2.92,1e-06,738.1265117326025,SFN,SDN,0.2,0.4,0.347,0.29
DET201605230,2016-05-23,DET,PHI,0,0,4.14,6.25,1e-06,711.1078712045012,DET,PHI,1.1,0.1,0.338,0.31
SEA201605230,2016-05-23,SEA,OAK,0,0,4.22,2.12,3165.192755528632,1089.6592015072615,CIN,OAK,1.1,0.9,0.33,0.316
PIT201605230,2016-05-23,PIT,COL,0,0,6.46,5.83,1e-06,1e-06,PIT,PIT,1.4,0.5,0.344,0.302
TEX201605230,2016-05-23,TEX,ANA,0,0,4.95,3.56,368.5990384284446,1938.7751997181072,HOU,ANA,0.3,0.2,0.343,0.326
CHA201605232,2016-05-23,CHA,CLE,0,0,8.33,6.68,1e-06,1e-06,CHA,CHA,0.4,0.0,0.323,0.297
SLN201605230,2016-05-23,SLN,CHN,0,0,4.46,4.68,1e-06,2802.2400845274956,SLN,SFN,0.7,0.4,0.321,0.338
CHA201605231,2016-05-23,CHA,CLE,1,0,4.89,5.26,1e-06,1365.5064971534737,CHA,BOS,0.3,0.0,0.323,0.297
WAS201605230,2016-05-23,WAS,NYN,1,0,4.57,3.43,1489.628641346009,326.3648041771951,MIA,NYN,0.4,0.3,0.326,0.315
MIN201605230,2016-05-23,MIN,KCA,2,1,4.42,3.43,1e-06,571.0232496384983,MIN,CHA,0.7,0.8,0.313,0.302
MIN201605240,2016-05-24,MIN,KCA,0,0,3.38,5.37,1e-06,1e-06,MIN,MIN,0.6,0.9,0.313,0.302
SFN201605240,2016-05-24,SFN,SDN,0,0,3.81,5.25,1e-06,1e-06,SFN,SFN,0.0,0.4,0.347,0.29
LAN201605240,2016-05-24,LAN,CIN,1,0,6.83,6.13,1e-06,1e-06,LAN,LAN,0.6,0.3,0.323,0.308
SLN201605240,2016-05-24,SLN,CHN,0,6,5.09,3.83,1e-06,1e-06,SLN,SLN,0.6,0.1,0.321,0.338
BOS201605240,2016-05-24,BOS,COL,2,0,3.99,5.51,1e-06,773.5078082361433,BOS,PIT,1.2,0.5,0.365,0.302
HOU201605240,2016-05-24,HOU,BAL,0,0,4.43,4.02,1e-06,2169.9670210701,HOU,ANA,0.2,0.3,0.311,0.308
PIT201605240,2016-05-24,PIT,ARI,3,0,4.69,6.15,1e-06,898.8824563980571,PIT,SLN,1.4,0.6,0.344,0.313
TEX201605240,2016-05-24,TEX,ANA,0,0,4.39,4.81,1e-06,1e-06,TEX,TEX,0.3,0.2,0.343,0.326
NYA201605240,2016-05-24,NYA,TOR,1,0,4.76,4.46,4115.687447058069,1636.0526645605564,OAK,MIN,0.5,0.4,0.322,0.317
DET201605240,2016-05-24,DET,PHI,1,0,3.04,3.71,1e-06,1e-06,DET,DET,1.1,0.1,0.338,0.31
MIA201605240,2016-05-24,MIA,TBA,0,0,4.33,3.69,1e-06,1e-06,MIA,MIA,0.5,0.8,0.31,0.313
ATL201605240,2016-05-24,ATL,MIL,0,0,5.1,5.66,1071.2330338826837,1200.4511584455877,PHI,NYN,0.3,0.5,0.328,0.32
WAS201605240,2016-05-24,WAS,NYN,0,0,3.6,4.86,1e-06,1e-06,WAS,WAS,0.5,0.3,0.326,0.315
SEA201605240,2016-05-24,SEA,OAK,1,0,2.52,3.62,1e-06,1e-06,SEA,SEA,1.0,0.9,0.33,0.316
CHA201605240,2016-05-24,CHA,CLE,1,0,3.34,4.4,1e-06,1e-06,CHA,CHA,0.2,0.0,0.323,0.297
NYA201605250,2016-05-25,NYA,TOR,0,0,4.17,3.48,1e-06,1e-06,NYA,NYA,0.5,0.3,0.322,0.317
ATL201605250,2016-05-25,ATL,MIL,0,0,5.82,5.66,1e-06,1e-06,ATL,ATL,0.3,0.5,0.328,0.32
WAS201605250,2016-05-25,WAS,NYN,0,1,2.83,3.4,1e-06,1e-06,WAS,WAS,0.5,0.1,0.326,0.315
SFN201605250,2016-05-25,SFN,SDN,0,0,2.53,2.92,1e-06,1e-06,SFN,SFN,0.0,0.4,0.347,0.29
TEX201605250,2016-05-25,TEX,ANA,1,1,3.71,4.7,1e-06,1e-06,TEX,TEX,0.3,0.2,0.343,0.326
PIT201605250,2016-05-25,PIT,ARI,0,0,5.44,4.26,1e-06,1e-06,PIT,PIT,1.6,0.6,0.344,0.313
BOS201605250,2016-05-25,BOS,COL,0,0,3.33,4.79,1e-06,1e-06,BOS,BOS,1.4,0.2,0.365,0.302
CHA201605250,2016-05-25,CHA,CLE,0,0,3.2,3.14,1e-06,1e-06,CHA,CHA,0.3,0.0,0.323,0.297
LAN201605250,2016-05-25,LAN,CIN,0,0,4.56,3.76,1e-06,1e-06,LAN,LAN,0.7,0.2,0.323,0.308
DET201605250,2016-05-25,DET,PHI,0,0,5.87,4.78,1e-06,1e-06,DET,DET,1.2,0.1,0.338,0.31
TBA201605250,2016-05-25,TBA,MIA,0,0,3.93,2.85,319.9354673545946,319.9354673545946,MIA,MIA,0.5,0.7,0.301,0.333
SLN201605250,2016-05-25,SLN,CHN,1,0,3.04,3.1,1e-06,1e-06,SLN,SLN,0.6,0.7,0.321,0.338
SEA201605250,2016-05-25,SEA,OAK,0,0,4.12,4.24,1e-06,1e-06,SEA,SEA,1.1,0.9,0.33,0.316
HOU201605250,2016-05-25,HOU,BAL,0,1,3.06,5.27,1e-06,1e-06,HOU,HOU,0.1,0.3,0.311,0.308
MIN201605250,2016-05-25,MIN,KCA,2,0,6.43,4.68,1e-06,1e-06,MIN,MIN,0.6,0.6,0.313,0.302
ATL201605260,2016-05-26,ATL,MIL,2,0,5.0,4.86,1e-06,1e-06,ATL,ATL,0.3,0.5,0.328,0.32
WAS201605260,2016-05-26,WAS,SLN,0,0,3.43,4.69,1e-06,1142.2462660488457,WAS,SLN,0.5,0.5,0.326,0.329
BOS201605260,2016-05-26,BOS,COL,2,0,4.78,4.61,1e-06,1e-06,BOS,BOS,1.1,0.2,0.365,0.302
NYA201605260,2016-05-26,NYA,TOR,1,0,3.91,3.18,1e-06,1e-06,NYA,NYA,0.5,0.3,0.322,0.317
TBA201605260,2016-05-26,TBA,MIA,0,0,4.88,2.86,1e-06,1e-06,TBA,TBA,0.5,0.4,0.301,0.333
HOU201605260,2016-05-26,HOU,BAL,1,0,3.22,3.61,1e-06,1e-06,HOU,HOU,0.0,0.3,0.311,0.308
PIT201605260,2016-05-26,PIT,ARI,0,1,3.63,5.15,1e-06,1e-06,PIT,PIT,1.6,0.6,0.344,0.313
ATL201605270,2016-05-27,ATL,MIA,0,0,3.18,2.28,1e-06,688.5440708416155,ATL,TBA,0.5,0.3,0.328,0.333
OAK201605270,2016-05-27,OAK,DET,0,0,3.86,3.06,1089.6592015072615,3345.164678963249,SEA,DET,0.4,0.4,0.291,0.324
NYN201605270,2016-05-27,NYN,LAN,3,0,2.55,3.04,326.3648041771951,3936.366792360479,WAS,LAN,0.7,0.1,0.316,0.315
SEA201605270,2016-05-27,SEA,MIN,1,0,3.82,6.28,1e-06,2238.4089622775527,SEA,MIN,0.7,0.3,0.33,0.32
CHN201605270,2016-05-27,CHN,PHI,1,0,2.44,6.04,422.4920912040455,380.91207013286544,SLN,DET,0.1,0.1,0.34,0.31
CLE201605270,2016-05-27,CLE,BAL,0,3,3.44,4.02,494.38381964269325,1793.7234420980124,CHA,HOU,0.6,0.3,0.354,0.308
TEX201605270,2016-05-27,TEX,PIT,0,0,3.32,5.5,1e-06,1741.1290055955549,TEX,PIT,0.3,0.5,0.343,0.322
TOR201605270,2016-05-27,TOR,BOS,1,0,3.06,3.45,550.2922217550002,691.6136251477402,NYA,BOS,0.8,0.9,0.339,0.33
COL201605270,2016-05-27,COL,SFN,0,0,3.87,4.29,2840.9292097018947,1524.5101947303656,BOS,SFN,0.2,0.3,0.369,0.309
ARI201605270,2016-05-27,ARI,SDN,0,1,4.9,4.8,2938.6428184476895,1050.993394248722,PIT,SFN,0.4,0.4,0.328,0.29
ANA201605270,2016-05-27,ANA,HOU,0,0,3.88,4.48,1938.7751997181072,2169.9670210701,TEX,HOU,0.3,0.4,0.317,0.326
MIL201605270,2016-05-27,MIL,CIN,1,4,3.97,6.43,1079.4745171093869,2799.844413597458,ATL,LAN,0.3,0.2,0.325,0.308
KCA201605270,2016-05-27,KCA,CHA,1,0,3.43,6.31,662.9211681328137,663.9206411727051,MIN,CHA,0.4,0.4,0.323,0.311
WAS201605270,2016-05-27,WAS,SLN,0,0,2.96,4.67,1e-06,1e-06,WAS,WAS,0.5,0.3,0.326,0.329
TBA201605270,2016-05-27,TBA,NYA,0,0,4.02,3.07,1e-06,1638.0556824552712,TBA,NYA,0.5,0.2,0.301,0.307
TBA201605280,2016-05-28,TBA,NYA,3,0,4.08,4.82,1e-06,1e-06,TBA,TBA,0.5,0.2,0.301,0.307
CLE201605280,2016-05-28,CLE,BAL,4,0,3.87,5.44,1e-06,1e-06,CLE,CLE,0.6,0.6,0.354,0.308
CHN201605280,2016-05-28,CHN,PHI,2,0,2.13,3.65,1e-06,1e-06,CHN,CHN,0.2,0.1,0.34,0.31
TOR201605280,2016-05-28,TOR,BOS,0,0,4.06,3.4,1e-06,1e-06,TOR,TOR,0.9,0.5,0.339,0.33
ATL201605280,2016-05-28,ATL,MIA,0,0,6.91,6.13,1e-06,1e-06,ATL,ATL,0.4,0.3,0.328,0.333
ANA201605280,2016-05-28,ANA,HOU,2,1,5.06,4.55,1e-06,1e-06,ANA,ANA,0.3,0.4,0.317,0.326
MIL201605280,2016-05-28,MIL,CIN,2,0,2.33,3.99,1e-06,1e-06,MIL,MIL,0.4,0.6,0.325,0.308
NYN201605280,2016-05-28,NYN,LAN,0,0,5.2,3.48,1e-06,1e-06,NYN,NYN,1.0,0.1,0.316,0.315
WAS201605280,2016-05-28,WAS,SLN,0,0,4.57,4.62,1e-06,1e-06,WAS,WAS,0.5,0.3,0.326,0.329
SEA201605280,2016-05-28,SEA,MIN,1,2,3.73,3.7,1e-06,1e-06,SEA,SEA,0.8,0.3,0.33,0.32
COL201605280,2016-05-28,COL,SFN,0,3,5.24,4.28,1e-06,1e-06,COL,COL,0.2,0.3,0.369,0.309
KCA201605280,2016-05-28,KCA,CHA,0,0,4.22,2.63,1e-06,1e-06,KCA,KCA,0.5,0.2,0.323,0.311
ARI201605280,2016-05-28,ARI,SDN,2,1,4.37,5.03,1e-06,1e-06,ARI,ARI,0.4,0.5,0.328,0.29
OAK201605280,2016-05-28,OAK,DET,0,0,6.02,7.45,1e-06,1e-06,OAK,OAK,0.4,0.4,0.291,0.324
TEX201605280,2016-05-28,TEX,PIT,3,0,3.41,4.5,1e-06,1e-06,TEX,TEX,0.3,0.2,0.343,0.322
ANA201605290,2016-05-29,ANA,HOU,1,0,4.37,4.43,1e-06,1e-06,ANA,ANA,0.4,0.5,0.317,0.326
ARI201605290,2016-05-29,ARI,SDN,1,0,5.02,3.32,1e-06,1e-06,ARI,ARI,0.6,0.4,0.328,0.29
TBA201605290,2016-05-29,TBA,NYA,0,0,3.69,4.76,1e-06,1e-06,TBA,TBA,0.8,0.2,0.301,0.307
WAS201605290,2016-05-29,WAS,SLN,0,0,3.6,5.09,1e-06,1e-06,WAS,WAS,0.4,0.2,0.326,0.329
KCA201605290,2016-05-29,KCA,CHA,2,0,6.19,2.29,1e-06,1e-06,KCA,KCA,0.5,0.2,0.323,0.311
SEA201605290,2016-05-29,SEA,MIN,1,0,4.22,4.42,1e-06,1e-06,SEA,SEA,0.9,0.5,0.33,0.32
MIL201605290,2016-05-29,MIL,CIN,1,0,4.62,3.98,1e-06,1e-06,MIL,MIL,0.6,0.6,0.325,0.308
TOR201605290,2016-05-29,TOR,BOS,0,0,4.06,4.78,1e-06,1e-06,TOR,TOR,0.9,0.5,0.339,0.33
COL201605290,2016-05-29,COL,SFN,0,0,3.74,2.79,1e-06,1e-06,COL,COL,0.2,0.5,0.369,0.309
NYN201605290,2016-05-29,NYN,LAN,0,0,2.55,3.38,1e-06,1e-06,NYN,NYN,0.6,0.1,0.316,0.315
ATL201605290,2016-05-29,ATL,MIA,0,0,3.21,4.33,1e-06,1e-06,ATL,ATL,0.4,0.3,0.328,0.333
TEX201605290,2016-05-29,TEX,PIT,0,1,4.39,4.69,1e-06,1e-06,TEX,TEX,0.6,0.2,0.343,0.322
CLE201605290,2016-05-29,CLE,BAL,0,3,3.12,3.77,1e-06,1e-06,CLE,CLE,0.6,0.6,0.354,0.308
OAK201605290,2016-05-29,OAK,DET,0,0,2.12,5.07,1e-06,1e-06,OAK,OAK,0.4,0.4,0.291,0.324
CHN201605290,2016-05-29,CHN,PHI,1,0,3.35,,1e-06,1e-06,CHN,CHN,0.4,0.1,0.34,0.31
TOR201605300,2016-05-30,TOR,NYA,1,0,3.48,4.17,1e-06,1789.459752085548,TOR,TBA,0.8,0.2,0.339,0.307
COL201605300,2016-05-30,COL,CIN,1,1,4.79,3.76,1e-06,1465.0252316671194,COL,MIL,0.2,0.6,0.369,0.308
ANA201605300,2016-05-30,ANA,DET,0,0,4.81,3.04,1e-06,592.0809005913671,ANA,OAK,0.5,0.4,0.317,0.324
ATL201605300,2016-05-30,ATL,SFN,0,0,4.31,3.81,1e-06,1946.7466716258368,ATL,COL,0.3,0.5,0.328,0.309
CLE201605300,2016-05-30,CLE,TEX,0,2,4.4,4.95,1e-06,1666.9381007624936,CLE,TEX,0.5,0.3,0.354,0.298
SEA201605300,2016-05-30,SEA,SDN,0,0,,5.25,1e-06,1793.290239503433,SEA,ARI,0.7,0.4,0.33,0.29
PHI201605300,2016-05-30,PHI,WAS,0,0,2.58,2.83,1068.017024042746,197.2342958595587,CHN,WAS,0.1,0.4,0.291,0.326
MIA201605300,2016-05-30,MIA,PIT,0,1,4.99,5.44,973.359131898138,1804.0128601780743,ATL,TEX,0.3,0.3,0.31,0.322
BAL201605300,2016-05-30,BAL,BOS,0,1,5.27,3.33,495.2645964012307,537.0332419152472,CLE,TOR,0.5,0.5,0.324,0.33
CHN201605300,2016-05-30,CHN,LAN,0,0,2.95,3.73,1e-06,1144.129935670241,CHN,NYN,0.5,0.1,0.34,0.315
OAK201605300,2016-05-30,OAK,MIN,1,0,4.11,3.38,1e-06,1089.6592015072615,OAK,SEA,0.4,0.3,0.291,0.32
NYN201605300,2016-05-30,NYN,CHA,0,0,4.86,3.2,1e-06,1759.8286951805926,NYN,KCA,0.6,0.2,0.316,0.311
ARI201605300,2016-05-30,ARI,HOU,1,0,7.23,4.34,1e-06,540.0297061463508,ARI,ANA,0.6,0.4,0.328,0.326
MIL201605300,2016-05-30,MIL,SLN,0,0,2.81,3.04,1e-06,1025.9779093655509,MIL,WAS,0.7,0.2,0.325,0.329
KCA201605300,2016-05-30,KCA,TBA,0,0,2.75,3.77,1e-06,1680.826511683993,KCA,TBA,0.7,0.8,0.323,0.313
MIL201605310,2016-05-31,MIL,SLN,0,2,4.86,4.69,1e-06,1e-06,MIL,MIL,0.7,0.1,0.325,0.329
CLE201605310,2016-05-31,CLE,TEX,0,0,3.14,3.71,1e-06,1e-06,CLE,CLE,0.5,0.4,0.354,0.298
TOR201605310,2016-05-31,TOR,NYA,0,0,3.06,3.91,1e-06,1e-06,TOR,TOR,0.4,0.2,0.339,0.307
BAL201605310,2016-05-31,BAL,BOS,0,2,3.61,4.71,1e-06,1e-06,BAL,BAL,0.5,0.5,0.324,0.33
MIA201605310,2016-05-31,MIA,PIT,0,0,2.86,3.88,1e-06,1e-06,MIA,MIA,0.3,0.2,0.31,0.322
COL201605310,2016-05-31,COL,CIN,5,0,4.61,8.02,1e-06,1e-06,COL,COL,0.3,0.6,0.369,0.308
OAK201605310,2016-05-31,OAK,MIN,0,0,2.42,6.43,1e-06,1e-06,OAK,OAK,0.5,0.3,0.291,0.32
ATL201605310,2016-05-31,ATL,SFN,0,0,5.0,5.54,1e-06,1e-06,ATL,ATL,0.3,0.5,0.328,0.309
ARI201605310,2016-05-31,ARI,HOU,2,0,5.15,3.22,1e-06,1e-06,ARI,ARI,0.6,0.4,0.328,0.326
SEA201605310,2016-05-31,SEA,SDN,1,0,4.12,5.85,1e-06,1e-06,SEA,SEA,0.4,0.4,0.33,0.29
CHN201605310,2016-05-31,CHN,LAN,0,0,3.33,2.48,1e-06,1e-06,CHN,CHN,0.5,0.1,0.34,0.315
NYN201605310,2016-05-31,NYN,CHA,1,0,3.48,2.08,1e-06,1e-06,NYN,NYN,0.6,0.2,0.316,0.311
ANA201605310,2016-05-31,ANA,DET,2,1,6.45,7.11,1e-06,1e-06,ANA,ANA,0.5,0.2,0.317,0.324
PHI201605310,2016-05-31,PHI,WAS,0,1,4.78,3.43,1e-06,1e-06,PHI,PHI,0.1,0.4,0.291,0.326
KCA201605310,2016-05-31,KCA,TBA,2,0,4.68,4.88,1e-06,1e-06,KCA,KCA,0.7,0.8,0.323,0.313
ANA201606010,2016-06-01,ANA,DET,0,0,3.88,3.06,1e-06,1e-06,ANA,ANA,0.7,0.3,0.317,0.324
COL201606010,2016-06-01,COL,CIN,1,1,3.87,6.43,1e-06,1e-06,COL,COL,0.7,0.6,0.369,0.308
NYN201606010,2016-06-01,NYN,CHA,0,0,5.2,6.31,1e-06,1e-06,NYN,NYN,0.6,0.1,0.316,0.311
OAK201606010,2016-06-01,OAK,MIN,0,0,3.86,6.28,1e-06,1e-06,OAK,OAK,0.5,0.2,0.291,0.32
PHI201606010,2016-06-01,PHI,WAS,0,1,6.04,2.96,1e-06,1e-06,PHI,PHI,0.1,0.4,0.291,0.326
SDN201606010,2016-06-01,SDN,SEA,7,3,4.8,3.79,1711.8059777853623,1711.8059777853623,SEA,SEA,0.2,0.3,0.308,0.323
BAL201606010,2016-06-01,BAL,BOS,4,1,2.05,4.78,1e-06,1e-06,BAL,BAL,0.5,0.5,0.324,0.33
TOR201606010,2016-06-01,TOR,NYA,0,0,3.0,3.07,1e-06,1e-06,TOR,TOR,0.4,0.2,0.339,0.307
HOU201606010,2016-06-01,HOU,ARI,0,0,4.43,3.57,1630.8590123845936,1630.8590123845936,ARI,ARI,0.1,0.7,0.311,0.313
MIL201606010,2016-06-01,MIL,SLN,2,0,3.97,4.67,1e-06,1e-06,MIL,MIL,0.6,0.3,0.325,0.329
CHN201606010,2016-06-01,CHN,LAN,0,1,2.44,6.83,1e-06,1e-06,CHN,CHN,0.5,0.1,0.34,0.315
KCA201606010,2016-06-01,KCA,TBA,2,0,3.51,4.02,1e-06,1e-06,KCA,KCA,0.8,0.8,0.323,0.313
MIA201606010,2016-06-01,MIA,PIT,0,0,2.28,3.06,1e-06,1e-06,MIA,MIA,0.3,0.2,0.31,0.322
ATL201606010,2016-06-01,ATL,SFN,0,0,3.58,2.13,1e-06,1e-06,ATL,ATL,0.3,0.5,0.328,0.309
CLE201606010,2016-06-01,CLE,TEX,2,1,21.0,2.79,1e-06,1e-06,CLE,CLE,0.4,0.4,0.354,0.298
MIN201606020,2016-06-02,MIN,TBA,1,0,3.96,3.77,2531.5923192792015,662.9211681328137,OAK,KCA,0.8,0.6,0.313,0.313
SDN201606020,2016-06-02,SDN,SEA,4,1,4.52,3.86,1e-06,1e-06,SDN,SDN,0.8,0.6,0.308,0.323
CLE201606020,2016-06-02,CLE,KCA,0,0,3.18,4.05,1e-06,1123.5230318083022,CLE,KCA,0.6,0.6,0.354,0.302
HOU201606020,2016-06-02,HOU,ARI,0,0,4.55,4.37,1e-06,1e-06,HOU,HOU,0.1,0.7,0.311,0.313
DET201606020,2016-06-02,DET,NYA,0,0,4.53,3.08,3167.1614902696224,332.4198044988213,ANA,TOR,1.2,0.0,0.338,0.307
ATL201606020,2016-06-02,ATL,SFN,0,0,7.59,2.74,1e-06,1e-06,ATL,ATL,0.2,0.4,0.328,0.309
CHN201606020,2016-06-02,CHN,LAN,0,0,2.13,3.39,1e-06,1e-06,CHN,CHN,0.4,0.2,0.34,0.315
COL201606020,2016-06-02,COL,CIN,0,1,7.17,9.36,1e-06,1e-06,COL,COL,0.8,0.6,0.369,0.308
PHI201606020,2016-06-02,PHI,MIL,0,0,3.65,4.39,1e-06,1117.7982780855818,PHI,MIL,0.1,0.5,0.291,0.32
MIA201606020,2016-06-02,MIA,PIT,0,0,3.14,3.63,1e-06,1e-06,MIA,MIA,0.3,0.2,0.31,0.322
BAL201606020,2016-06-02,BAL,BOS,0,0,3.13,3.25,1e-06,1e-06,BAL,BAL,0.7,0.6,0.324,0.33
LAN201606030,2016-06-03,LAN,ATL,0,1,3.48,3.21,2804.824680217871,3110.7650847781624,CHN,ATL,0.5,0.0,0.323,0.313
PIT201606030,2016-06-03,PIT,ANA,0,3,4.69,5.06,1630.230113794326,3412.626180224414,MIA,ANA,1.6,0.2,0.344,0.326
PHI201606030,2016-06-03,PHI,MIL,0,0,5.36,4.62,1e-06,1e-06,PHI,PHI,0.1,0.4,0.291,0.32
SLN201606030,2016-06-03,SLN,SFN,0,0,4.62,2.79,526.8349145670746,751.930362209131,MIL,ATL,0.5,0.4,0.321,0.309
CHN201606030,2016-06-03,CHN,ARI,0,0,3.35,5.02,1e-06,1516.5648050119732,CHN,HOU,0.4,0.6,0.34,0.313
MIA201606030,2016-06-03,MIA,NYN,0,0,4.33,2.6,1e-06,1756.5620451799746,MIA,NYN,0.3,0.2,0.31,0.315
CLE201606030,2016-06-03,CLE,KCA,0,0,3.87,5.37,1e-06,1e-06,CLE,CLE,0.6,0.6,0.354,0.302
MIN201606030,2016-06-03,MIN,TBA,0,1,4.42,3.77,1e-06,1e-06,MIN,MIN,0.7,0.5,0.313,0.313
BOS201606030,2016-06-03,BOS,TOR,1,2,3.99,4.46,578.81170796599,691.6136251477402,BAL,TOR,1.3,0.3,0.365,0.317
SDN201606030,2016-06-03,SDN,COL,3,0,3.32,3.74,1e-06,1340.79250926624,SDN,COL,1.1,0.2,0.308,0.302
TEX201606030,2016-06-03,TEX,SEA,3,0,3.41,4.22,1666.9381007624936,1879.917699205684,CLE,SDN,0.4,0.7,0.343,0.323
BAL201606030,2016-06-03,BAL,NYA,0,0,3.13,3.08,1e-06,638.3359432178316,BAL,DET,0.7,0.0,0.324,0.307
CIN201606030,2016-06-03,CIN,WAS,0,0,3.98,4.57,1756.1898521305268,807.0437326700402,COL,PHI,0.8,0.5,0.324,0.326
HOU201606030,2016-06-03,HOU,OAK,7,0,4.64,6.02,1e-06,2629.671879056886,HOU,OAK,0.1,0.9,0.311,0.316
DET201606030,2016-06-03,DET,CHA,0,0,4.87,4.04,1e-06,773.7548030957365,DET,NYN,1.2,0.0,0.338,0.311
LAN201606040,2016-06-04,LAN,ATL,0,0,1.69,5.1,1e-06,1e-06,LAN,LAN,0.5,0.1,0.323,0.313
PHI201606040,2016-06-04,PHI,MIL,0,1,2.58,3.35,1e-06,1e-06,PHI,PHI,0.1,0.4,0.291,0.32
CHN201606040,2016-06-04,CHN,ARI,1,2,3.83,7.23,1e-06,1e-06,CHN,CHN,0.4,0.6,0.34,0.313
SDN201606040,2016-06-04,SDN,COL,1,0,5.25,4.79,1e-06,1e-06,SDN,SDN,1.4,0.1,0.308,0.302
MIA201606040,2016-06-04,MIA,NYN,1,0,2.28,4.11,1e-06,1e-06,MIA,MIA,0.3,0.1,0.31,0.315
SLN201606040,2016-06-04,SLN,SFN,0,1,3.38,3.81,1e-06,1e-06,SLN,SLN,0.5,0.4,0.321,0.309
DET201606040,2016-06-04,DET,CHA,1,1,5.07,3.34,1e-06,1e-06,DET,DET,0.4,0.0,0.338,0.311
HOU201606040,2016-06-04,HOU,OAK,0,0,3.97,3.62,1e-06,1e-06,HOU,HOU,0.8,0.6,0.311,0.316
BOS201606040,2016-06-04,BOS,TOR,0,0,3.33,4.37,1e-06,1e-06,BOS,BOS,1.2,0.5,0.365,0.317
BAL201606040,2016-06-04,BAL,NYA,0,0,5.27,4.17,1e-06,1e-06,BAL,BAL,0.7,0.0,0.324,0.307
TEX201606040,2016-06-04,TEX,SEA,3,0,4.39,,1e-06,1e-06,TEX,TEX,0.7,0.7,0.343,0.323
MIN201606040,2016-06-04,MIN,TBA,1,0,3.38,4.37,1e-06,1e-06,MIN,MIN,0.6,0.6,0.313,0.313
CIN201606040,2016-06-04,CIN,WAS,0,0,4.66,,1e-06,1e-06,CIN,CIN,0.7,0.5,0.324,0.326
CLE201606040,2016-06-04,CLE,KCA,0,0,4.4,3.68,1e-06,1e-06,CLE,CLE,0.6,0.6,0.354,0.302
PIT201606040,2016-06-04,PIT,ANA,0,1,5.44,3.91,1e-06,1e-06,PIT,PIT,1.3,0.4,0.344,0.326
PHI201606050,2016-06-05,PHI,MIL,1,0,4.78,4.86,1e-06,1e-06,PHI,PHI,0.1,0.4,0.291,0.32
PIT201606050,2016-06-05,PIT,ANA,1,1,3.06,3.21,1e-06,1e-06,PIT,PIT,0.6,0.5,0.344,0.326
MIN201606050,2016-06-05,MIN,TBA,1,0,5.98,3.7,1e-06,1e-06,MIN,MIN,0.7,0.3,0.313,0.313
DET201606050,2016-06-05,DET,CHA,0,1,3.04,3.2,1e-06,1e-06,DET,DET,0.5,0.1,0.338,0.311
HOU201606050,2016-06-05,HOU,OAK,0,2,3.22,2.42,1e-06,1e-06,HOU,HOU,0.8,0.5,0.311,0.316
SLN201606050,2016-06-05,SLN,SFN,0,0,3.04,5.54,1e-06,1e-06,SLN,SLN,0.5,0.5,0.321,0.309
TEX201606050,2016-06-05,TEX,SEA,0,0,4.95,4.12,1e-06,1e-06,TEX,TEX,1.0,0.7,0.343,0.323
CHN201606050,2016-06-05,CHN,ARI,0,0,3.1,5.15,1e-06,1e-06,CHN,CHN,0.5,0.8,0.34,0.313
BOS201606050,2016-06-05,BOS,TOR,0,1,4.71,3.48,1e-06,1e-06,BOS,BOS,1.2,0.5,0.365,0.317
MIA201606050,2016-06-05,MIA,NYN,0,0,2.86,4.86,1e-06,1e-06,MIA,MIA,0.4,0.1,0.31,0.315
CIN201606050,2016-06-05,CIN,WAS,0,0,6.13,2.41,1e-06,1e-06,CIN,CIN,0.6,0.5,0.324,0.326
BAL201606050,2016-06-05,BAL,NYA,0,0,6.93,3.08,1e-06,1e-06,BAL,BAL,0.7,0.0,0.324,0.307
LAN201606050,2016-06-05,LAN,ATL,2,2,4.56,5.0,1e-06,1e-06,LAN,LAN,0.1,0.1,0.323,0.313
CLE201606050,2016-06-05,CLE,KCA,1,0,3.14,6.19,1e-06,1e-06,CLE,CLE,0.6,0.2,0.354,0.302
SDN201606050,2016-06-05,SDN,COL,0,2,5.71,4.61,1e-06,1e-06,SDN,SDN,1.5,0.1,0.308,0.302
SEA201606060,2016-06-06,SEA,CLE,0,0,3.79,4.26,2688.6235870338205,3251.6066902182984,TEX,CLE,0.5,0.0,0.33,0.297
BAL201606060,2016-06-06,BAL,KCA,0,0,5.79,3.51,1e-06,495.2645964012307,BAL,CLE,0.4,0.2,0.324,0.302
LAN201606060,2016-06-06,LAN,COL,0,0,6.83,3.87,1e-06,179.52869961196944,LAN,SDN,0.3,0.3,0.323,0.302
SDN201606060,2016-06-06,SDN,ATL,1,1,4.8,6.04,1e-06,179.52869961196944,SDN,LAN,1.5,0.3,0.308,0.313
PHI201606060,2016-06-06,PHI,CHN,0,1,6.04,2.44,1e-06,1068.017024042746,PHI,CHN,0.2,0.7,0.291,0.338
DET201606060,2016-06-06,DET,TOR,0,0,3.06,3.18,1e-06,984.732039314543,DET,BOS,0.4,0.6,0.338,0.317
TEX201606060,2016-06-06,TEX,HOU,3,0,2.43,4.11,1e-06,368.5990384284446,TEX,HOU,1.0,0.3,0.343,0.326
NYA201606060,2016-06-06,NYA,ANA,0,1,1.45,3.88,272.81937803481173,505.04779123783345,BAL,PIT,0.6,0.6,0.322,0.326
ARI201606060,2016-06-06,ARI,TBA,0,0,4.9,4.02,2336.6124175783,2057.4775315109005,CHN,MIN,0.8,0.3,0.328,0.313
MIN201606070,2016-06-07,MIN,MIA,2,1,4.25,2.82,1e-06,2434.20864183359,MIN,MIA,0.7,0.2,0.313,0.333
LAN201606070,2016-06-07,LAN,COL,3,0,1.83,5.24,1e-06,1e-06,LAN,LAN,0.3,0.3,0.323,0.302
DET201606070,2016-06-07,DET,TOR,0,0,4.14,3.06,1e-06,1e-06,DET,DET,0.4,0.6,0.338,0.317
SDN201606070,2016-06-07,SDN,ATL,1,1,5.82,4.42,1e-06,1e-06,SDN,SDN,1.6,0.4,0.308,0.313
CIN201606070,2016-06-07,CIN,SLN,0,0,4.14,2.77,1e-06,494.9532553693752,CIN,SLN,0.6,0.3,0.324,0.329
PIT201606071,2016-06-07,PIT,NYN,1,0,5.5,3.4,1e-06,1e-06,PIT,PIT,0.7,0.1,0.344,0.315
MIL201606070,2016-06-07,MIL,OAK,0,0,3.97,3.86,1117.7982780855818,1618.630710213877,PHI,HOU,0.6,0.7,0.325,0.316
SFN201606070,2016-06-07,SFN,BOS,0,0,3.57,4.17,2802.2400845274956,4333.158933800953,SLN,BOS,0.0,0.4,0.347,0.33
TEX201606070,2016-06-07,TEX,HOU,0,0,3.4,4.55,1e-06,1e-06,TEX,TEX,1.3,0.2,0.343,0.326
ARI201606070,2016-06-07,ARI,TBA,0,0,4.37,4.08,1e-06,1e-06,ARI,ARI,0.8,0.3,0.328,0.313
SEA201606070,2016-06-07,SEA,CLE,2,0,5.37,6.68,1e-06,1e-06,SEA,SEA,0.5,0.0,0.33,0.297
PHI201606070,2016-06-07,PHI,CHN,1,0,3.65,2.13,1e-06,1e-06,PHI,PHI,0.1,0.8,0.291,0.338
BAL201606070,2016-06-07,BAL,KCA,4,0,5.44,4.45,1e-06,1e-06,BAL,BAL,0.4,0.2,0.324,0.302
NYA201606070,2016-06-07,NYA,ANA,3,0,4.82,11.81,1e-06,1e-06,NYA,NYA,0.5,0.7,0.322,0.326
CHA201606070,2016-06-07,CHA,WAS,2,0,4.89,2.28,380.91207013286544,406.2527329885922,DET,CIN,0.3,0.5,0.323,0.326
PIT201606072,2016-06-07,PIT,NYN,0,0,4.5,3.04,1e-06,1630.230113794326,PIT,MIA,0.6,0.1,0.344,0.315
BAL201606080,2016-06-08,BAL,KCA,0,0,3.77,5.37,1e-06,1e-06,BAL,BAL,0.8,0.1,0.324,0.302
ARI201606080,2016-06-08,ARI,TBA,0,1,5.02,3.69,1e-06,1e-06,ARI,ARI,0.8,0.1,0.328,0.313
DET201606080,2016-06-08,DET,TOR,2,2,4.87,4.46,1e-06,1e-06,DET,DET,0.4,0.6,0.338,0.317
NYA201606080,2016-06-08,NYA,ANA,2,1,5.52,5.06,1e-06,1e-06,NYA,NYA,0.7,0.7,0.322,0.326
SEA201606080,2016-06-08,SEA,CLE,0,0,4.22,3.32,1e-06,1e-06,SEA,SEA,0.7,0.0,0.33,0.297
SFN201606080,2016-06-08,SFN,BOS,0,0,4.28,3.99,1e-06,1e-06,SFN,SFN,0.0,0.4,0.347,0.33
CIN201606080,2016-06-08,CIN,SLN,1,3,9.36,3.46,1e-06,1e-06,CIN,CIN,0.5,0.2,0.324,0.329
SDN201606080,2016-06-08,SDN,ATL,0,2,3.32,3.21,1e-06,1e-06,SDN,SDN,1.7,0.5,0.308,0.313
PIT201606080,2016-06-08,PIT,NYN,2,0,9.35,1.97,1e-06,1e-06,PIT,PIT,0.5,0.1,0.344,0.315
MIN201606080,2016-06-08,MIN,MIA,1,0,3.96,3.14,1e-06,1e-06,MIN,MIN,0.9,0.3,0.313,0.333
TEX201606080,2016-06-08,TEX,HOU,0,1,6.8,4.64,1e-06,1e-06,TEX,TEX,1.3,0.2,0.343,0.326
PHI201606080,2016-06-08,PHI,CHN,0,0,5.89,3.35,1e-06,1e-06,PHI,PHI,0.2,0.8,0.291,0.338
LAN201606080,2016-06-08,LAN,COL,0,0,3.48,3.74,1e-06,1e-06,LAN,LAN,0.6,0.3,0.323,0.302
MIL201606080,2016-06-08,MIL,OAK,1,0,4.39,6.02,1e-06,1e-06,MIL,MIL,0.6,0.7,0.325,0.316
CHA201606080,2016-06-08,CHA,WAS,0,4,5.85,2.96,1e-06,1e-06,CHA,CHA,0.5,0.3,0.323,0.326
SEA201606090,2016-06-09,SEA,CLE,1,0,2.81,1.53,1e-06,1e-06,SEA,SEA,0.7,0.0,0.33,0.297
NYA201606090,2016-06-09,NYA,ANA,0,0,4.17,4.81,1e-06,1e-06,NYA,NYA,0.9,0.8,0.322,0.326
COL201606090,2016-06-09,COL,PIT,4,1,5.51,5.44,1336.5596902131042,2121.7512666569423,LAN,PIT,0.8,0.2,0.369,0.322
TEX201606090,2016-06-09,TEX,HOU,0,0,4.39,4.34,1e-06,1e-06,TEX,TEX,1.3,0.3,0.343,0.326
CIN201606090,2016-06-09,CIN,SLN,2,0,4.66,,1e-06,1e-06,CIN,CIN,0.5,0.5,0.324,0.329
MIN201606090,2016-06-09,MIN,MIA,0,1,3.38,4.33,1e-06,1e-06,MIN,MIN,1.0,0.3,0.313,0.333
MIL201606090,2016-06-09,MIL,NYN,0,1,4.62,3.43,1e-06,722.0054120555708,MIL,PIT,0.7,0.1,0.325,0.315
TOR201606090,2016-06-09,TOR,BAL,3,1,2.68,4.02,332.4198044988213,537.0332419152472,DET,BAL,0.4,0.9,0.339,0.308
CHA201606090,2016-06-09,CHA,WAS,3,0,3.73,4.57,1e-06,1e-06,CHA,CHA,0.4,0.7,0.323,0.326
ARI201606100,2016-06-10,ARI,MIA,0,1,3.57,2.45,1e-06,2057.4775315109005,ARI,MIN,0.7,0.4,0.328,0.333
ANA201606100,2016-06-10,ANA,CLE,1,4,4.7,3.14,3915.807145653056,1575.276973597757,NYA,SEA,0.6,0.0,0.317,0.297
MIN201606100,2016-06-10,MIN,BOS,0,0,6.43,3.33,1e-06,2544.035408277149,MIN,SFN,1.0,0.4,0.313,0.33
CIN201606100,2016-06-10,CIN,OAK,0,0,3.99,5.69,1e-06,525.1892238126902,CIN,MIL,0.7,0.3,0.324,0.316
NYA201606100,2016-06-10,NYA,DET,3,0,3.91,5.07,1e-06,773.7548030957365,NYA,DET,0.8,0.3,0.322,0.324
TOR201606100,2016-06-10,TOR,BAL,1,0,5.23,2.05,1e-06,1e-06,TOR,TOR,0.7,1.0,0.339,0.308
MIL201606100,2016-06-10,MIL,NYN,0,0,3.95,2.79,1e-06,1e-06,MIL,MIL,0.7,0.2,0.325,0.315
COL201606100,2016-06-10,COL,SDN,2,0,4.73,3.92,1e-06,1340.79250926624,COL,SDN,1.2,0.4,0.369,0.29
SEA201606100,2016-06-10,SEA,TEX,0,0,4.12,4.95,1e-06,2688.6235870338205,SEA,TEX,0.7,0.3,0.33,0.298
TBA201606100,2016-06-10,TBA,HOU,2,0,4.37,3.22,2885.436539054756,1496.616116420437,ARI,TEX,0.8,0.2,0.301,0.326
ATL201606100,2016-06-10,ATL,CHN,0,0,5.1,3.83,3037.495642889967,1071.2330338826837,SDN,PHI,0.2,0.8,0.328,0.338
PIT201606100,2016-06-10,PIT,SLN,0,0,4.5,4.3,2121.7512666569423,415.25842934625814,COL,CIN,0.7,0.5,0.344,0.329
SFN201606100,2016-06-10,SFN,LAN,1,2,3.57,1.69,1e-06,559.4406195325591,SFN,LAN,0.0,0.1,0.347,0.315
WAS201606100,2016-06-10,WAS,PHI,0,0,3.6,3.71,956.88299544195,197.2342958595587,CHA,PHI,0.4,0.1,0.326,0.31
CHA201606100,2016-06-10,CHA,KCA,0,1,3.34,3.68,1e-06,972.7856247406662,CHA,BAL,0.7,0.1,0.323,0.302
COL201606110,2016-06-11,COL,SDN,3,2,3.87,8.33,1e-06,1e-06,COL,COL,1.3,0.2,0.369,0.29
TOR201606110,2016-06-11,TOR,BAL,0,0,3.18,6.93,1e-06,1e-06,TOR,TOR,0.8,0.8,0.339,0.308
NYA201606110,2016-06-11,NYA,DET,0,0,3.07,3.04,1e-06,1e-06,NYA,NYA,1.1,0.2,0.322,0.324
SFN201606110,2016-06-11,SFN,LAN,2,0,3.6,1.83,1e-06,1e-06,SFN,SFN,0.1,0.3,0.347,0.315
ATL201606110,2016-06-11,ATL,CHN,0,1,5.0,3.1,1e-06,1e-06,ATL,ATL,0.2,0.7,0.328,0.338
MIN201606110,2016-06-11,MIN,BOS,0,4,5.07,2.65,1e-06,1e-06,MIN,MIN,0.8,0.4,0.313,0.33
CHA201606110,2016-06-11,CHA,KCA,0,0,3.2,3.51,1e-06,1e-06,CHA,CHA,0.7,0.1,0.323,0.302
ARI201606110,2016-06-11,ARI,MIA,0,1,6.39,2.86,1e-06,1e-06,ARI,ARI,0.7,0.5,0.328,0.333
WAS201606110,2016-06-11,WAS,PHI,0,0,2.83,4.78,1e-06,1e-06,WAS,WAS,0.1,0.1,0.326,0.31
MIL201606110,2016-06-11,MIL,NYN,0,0,4.86,5.2,1e-06,1e-06,MIL,MIL,0.7,0.2,0.325,0.315
CIN201606110,2016-06-11,CIN,OAK,0,1,3.76,6.5,1e-06,1e-06,CIN,CIN,0.7,0.3,0.324,0.316
ANA201606110,2016-06-11,ANA,CLE,0,0,3.91,3.24,1e-06,1e-06,ANA,ANA,0.6,0.4,0.317,0.297
PIT201606110,2016-06-11,PIT,SLN,0,0,4.69,3.04,1e-06,1e-06,PIT,PIT,0.7,0.5,0.344,0.329
SEA201606110,2016-06-11,SEA,TEX,0,0,2.52,2.48,1e-06,1e-06,SEA,SEA,0.7,0.3,0.33,0.298
TBA201606110,2016-06-11,TBA,HOU,0,0,4.02,4.48,1e-06,1e-06,TBA,TBA,0.9,0.2,0.301,0.326
TOR201606120,2016-06-12,TOR,BAL,5,0,3.0,5.44,1e-06,1e-06,TOR,TOR,0.6,0.8,0.339,0.308
COL201606120,2016-06-12,COL,SDN,0,0,5.31,3.92,1e-06,1e-06,COL,COL,1.6,0.4,0.369,0.29
MIL201606120,2016-06-12,MIL,NYN,0,0,3.97,3.4,1e-06,1e-06,MIL,MIL,0.6,0.2,0.325,0.315
WAS201606120,2016-06-12,WAS,PHI,2,0,4.37,4.85,1e-06,1e-06,WAS,WAS,0.1,0.1,0.326,0.31
CIN201606120,2016-06-12,CIN,OAK,0,0,6.43,4.2,1e-06,1e-06,CIN,CIN,0.6,0.3,0.324,0.316
ATL201606120,2016-06-12,ATL,CHN,1,1,4.86,2.44,1e-06,1e-06,ATL,ATL,0.2,0.8,0.328,0.338
CHA201606120,2016-06-12,CHA,KCA,0,1,4.04,4.45,1e-06,1e-06,CHA,CHA,0.7,0.1,0.323,0.302
ANA201606120,2016-06-12,ANA,CLE,0,1,11.81,3.87,1e-06,1e-06,ANA,ANA,0.6,0.4,0.317,0.297
SEA201606120,2016-06-12,SEA,TEX,0,0,5.37,3.32,1e-06,1e-06,SEA,SEA,0.6,0.3,0.33,0.298
ARI201606120,2016-06-12,ARI,MIA,4,0,4.9,3.85,1e-06,1e-06,ARI,ARI,0.6,0.4,0.328,0.333
NYA201606120,2016-06-12,NYA,DET,0,0,4.82,3.06,1e-06,1e-06,NYA,NYA,1.1,0.2,0.322,0.324
SFN201606120,2016-06-12,SFN,LAN,0,0,5.54,3.39,1e-06,1e-06,SFN,SFN,0.3,0.3,0.347,0.315
MIN201606120,2016-06-12,MIN,BOS,1,0,5.02,4.05,1e-06,1e-06,MIN,MIN,0.8,0.8,0.313,0.33
TBA201606120,2016-06-12,TBA,HOU,0,0,4.08,4.55,1e-06,1e-06,TBA,TBA,0.8,0.2,0.301,0.326
PIT201606120,2016-06-12,PIT,SLN,0,1,5.5,4.69,1e-06,1e-06,PIT,PIT,0.4,0.5,0.344,0.329
ARI201606130,2016-06-13,ARI,LAN,1,1,4.37,6.83,1e-06,1050.993394248722,ARI,SFN,1.0,0.3,0.328,0.315
TOR201606130,2016-06-13,TOR,PHI,0,0,4.46,3.65,1e-06,563.6478111844908,TOR,WAS,1.1,0.1,0.339,0.31
ATL201606130,2016-06-13,ATL,CIN,2,3,4.42,4.66,1e-06,595.1171397463928,ATL,CIN,0.1,0.7,0.328,0.308
CHA201606130,2016-06-13,CHA,DET,0,3,2.36,5.87,1e-06,1144.129935670241,CHA,NYA,0.7,0.2,0.323,0.324
KCA201606130,2016-06-13,KCA,CLE,1,0,5.37,3.32,663.9206411727051,2158.345510444982,CHA,ANA,1.0,0.5,0.323,0.297
WAS201606130,2016-06-13,WAS,CHN,0,0,2.96,2.13,1e-06,874.0887985860761,WAS,ATL,0.3,0.9,0.326,0.338
SFN201606130,2016-06-13,SFN,MIL,2,0,4.29,4.68,1e-06,2954.3733541563483,SFN,MIL,0.3,0.4,0.347,0.32
ANA201606130,2016-06-13,ANA,MIN,0,1,5.06,4.42,1e-06,2437.087352189671,ANA,MIN,0.6,0.2,0.317,0.32
OAK201606130,2016-06-13,OAK,TEX,1,0,,6.04,3267.3762996950604,1089.6592015072615,CIN,SEA,0.2,0.3,0.291,0.298
SDN201606130,2016-06-13,SDN,MIA,1,1,4.82,4.96,1340.79250926624,481.0116378281714,COL,ARI,1.7,0.4,0.308,0.333
COL201606140,2016-06-14,COL,NYA,0,0,5.51,4.76,1e-06,2618.595617996944,COL,NYA,1.6,0.0,0.369,0.307
WAS201606140,2016-06-14,WAS,CHN,0,0,2.41,3.53,1e-06,1e-06,WAS,WAS,0.2,0.9,0.326,0.338
NYN201606140,2016-06-14,NYN,PIT,0,0,3.04,3.38,1181.7674036325852,505.04779123783345,MIL,PIT,0.6,0.3,0.316,0.322
KCA201606140,2016-06-14,KCA,CLE,0,0,4.05,3.24,1e-06,1e-06,KCA,KCA,1.0,0.5,0.323,0.297
CHA201606140,2016-06-14,CHA,DET,2,1,3.73,4.87,1e-06,1e-06,CHA,CHA,0.7,0.4,0.323,0.324
ARI201606140,2016-06-14,ARI,LAN,1,0,5.02,3.48,1e-06,1e-06,ARI,ARI,0.9,0.4,0.328,0.315
SDN201606140,2016-06-14,SDN,MIA,0,5,3.32,4.33,1e-06,1e-06,SDN,SDN,1.8,0.5,0.308,0.333
TOR201606140,2016-06-14,TOR,PHI,1,0,4.37,5.54,1e-06,1e-06,TOR,TOR,1.0,0.0,0.339,0.31
ATL201606140,2016-06-14,ATL,CIN,0,3,3.21,3.98,1e-06,1e-06,ATL,ATL,0.3,1.0,0.328,0.308
OAK201606140,2016-06-14,OAK,TEX,1,1,6.98,4.39,1e-06,1e-06,OAK,OAK,0.3,0.3,0.291,0.298
SLN201606140,2016-06-14,SLN,HOU,0,0,4.67,4.64,898.8824563980571,1400.9866618185608,PIT,TBA,0.5,0.1,0.321,0.326
BOS201606140,2016-06-14,BOS,BAL,0,2,3.99,3.77,1804.1923618308683,691.6136251477402,MIN,TOR,1.0,0.8,0.365,0.308
ANA201606140,2016-06-14,ANA,MIN,1,0,4.81,3.38,1e-06,1e-06,ANA,ANA,0.6,0.3,0.317,0.32
SFN201606140,2016-06-14,SFN,MIL,0,0,2.74,3.35,1e-06,1e-06,SFN,SFN,0.5,0.2,0.347,0.32
TBA201606140,2016-06-14,TBA,SEA,0,0,4.35,2.52,1e-06,4073.223093287738,TBA,SEA,0.6,0.5,0.301,0.323
SDN201606150,2016-06-15,SDN,MIA,0,1,5.71,4.99,1e-06,1e-06,SDN,SDN,1.8,1.0,0.308,0.333
BOS201606150,2016-06-15,BOS,BAL,0,0,3.33,3.61,1e-06,1e-06,BOS,BOS,0.8,1.0,0.365,0.308
ARI201606150,2016-06-15,ARI,LAN,0,0,5.15,1.69,1e-06,1e-06,ARI,ARI,0.9,0.4,0.328,0.315
NYN201606150,2016-06-15,NYN,PIT,3,0,2.6,5.44,1e-06,1e-06,NYN,NYN,0.6,0.3,0.316,0.322
SFN201606150,2016-06-15,SFN,MIL,0,0,2.79,4.62,1e-06,1e-06,SFN,SFN,0.5,0.2,0.347,0.32
PHI201606150,2016-06-15,PHI,TOR,0,0,3.71,3.48,539.7375980826044,539.7375980826044,TOR,TOR,0.2,0.8,0.291,0.317
TBA201606150,2016-06-15,TBA,SEA,0,0,4.37,2.52,1e-06,1e-06,TBA,TBA,0.6,0.5,0.301,0.323
CHA201606150,2016-06-15,CHA,DET,1,0,3.34,5.07,1e-06,1e-06,CHA,CHA,0.8,0.5,0.323,0.324
SLN201606150,2016-06-15,SLN,HOU,0,0,2.77,4.95,1e-06,1e-06,SLN,SLN,0.2,0.1,0.321,0.326
ANA201606150,2016-06-15,ANA,MIN,0,0,4.7,6.43,1e-06,1e-06,ANA,ANA,0.7,0.3,0.317,0.32
KCA201606150,2016-06-15,KCA,CLE,2,0,3.68,3.14,1e-06,1e-06,KCA,KCA,1.0,0.5,0.323,0.297
OAK201606150,2016-06-15,OAK,TEX,0,0,3.97,5.59,1e-06,1e-06,OAK,OAK,0.4,0.4,0.291,0.298
ATL201606150,2016-06-15,ATL,CIN,1,0,3.94,9.36,1e-06,1e-06,ATL,ATL,0.3,1.3,0.328,0.308
WAS201606150,2016-06-15,WAS,CHN,1,1,4.5,2.74,1e-06,1e-06,WAS,WAS,0.2,0.9,0.326,0.338
COL201606150,2016-06-15,COL,NYA,0,0,4.79,4.17,1e-06,1e-06,COL,COL,1.6,0.0,0.369,0.307
KCA201606160,2016-06-16,KCA,DET,2,0,3.86,3.04,1e-06,663.9206411727051,KCA,CHA,1.2,0.5,0.323,0.324
BOS201606160,2016-06-16,BOS,BAL,0,0,4.71,5.27,1e-06,1e-06,BOS,BOS,0.7,0.9,0.365,0.308
PHI201606160,2016-06-16,PHI,TOR,0,3,4.78,3.18,1e-06,1e-06,PHI,PHI,0.2,0.5,0.291,0.317
SDN201606160,2016-06-16,SDN,WAS,2,0,8.33,2.83,1e-06,3654.8629358941057,SDN,WAS,1.1,0.7,0.308,0.326
OAK201606160,2016-06-16,OAK,TEX,0,0,6.5,3.71,1e-06,1e-06,OAK,OAK,0.4,0.4,0.291,0.298
ATL201606160,2016-06-16,ATL,CIN,0,1,5.0,3.76,1e-06,1e-06,ATL,ATL,0.4,1.3,0.328,0.308
LAN201606160,2016-06-16,LAN,MIL,0,0,3.04,2.15,574.8341159449532,559.4406195325591,ARI,SFN,0.6,0.1,0.323,0.32
MIN201606160,2016-06-16,MIN,NYA,0,0,5.07,3.91,2437.087352189671,1123.7187605762444,ANA,COL,0.7,0.0,0.313,0.307
NYN201606160,2016-06-16,NYN,PIT,1,0,3.43,4.5,1e-06,1e-06,NYN,NYN,0.9,0.3,0.316,0.322
TBA201606160,2016-06-16,TBA,SEA,0,3,3.54,3.79,1e-06,1e-06,TBA,TBA,0.5,0.4,0.301,0.323
CHN201606170,2016-06-17,CHN,PIT,2,0,3.1,4.69,956.88299544195,1144.129935670241,WAS,NYN,0.5,0.3,0.34,0.322
SDN201606170,2016-06-17,SDN,WAS,1,0,4.8,3.43,1e-06,1e-06,SDN,SDN,0.9,0.6,0.308,0.326
MIA201606170,2016-06-17,MIA,COL,0,0,3.14,4.61,3647.952032104879,2773.388608504832,SDN,COL,0.4,0.2,0.31,0.302
LAN201606170,2016-06-17,LAN,MIL,1,0,3.04,2.33,1e-06,1e-06,LAN,LAN,0.6,0.1,0.323,0.32
NYN201606170,2016-06-17,NYN,ATL,1,0,4.86,4.86,1e-06,1200.4511584455877,NYN,ATL,0.9,0.7,0.316,0.313
OAK201606170,2016-06-17,OAK,ANA,0,0,3.62,3.91,1e-06,592.0809005913671,OAK,ANA,0.3,0.8,0.291,0.326
KCA201606170,2016-06-17,KCA,DET,0,0,4.45,3.06,1e-06,1e-06,KCA,KCA,1.2,0.5,0.323,0.324
MIN201606170,2016-06-17,MIN,NYA,0,4,6.28,3.07,1e-06,1e-06,MIN,MIN,0.6,0.0,0.313,0.307
PHI201606170,2016-06-17,PHI,ARI,2,0,6.04,4.9,1e-06,3344.1998186127516,PHI,ARI,0.2,0.6,0.291,0.313
CLE201606170,2016-06-17,CLE,CHA,1,0,2.51,2.29,1123.5230318083022,494.38381964269325,KCA,CHA,0.7,0.2,0.354,0.311
HOU201606170,2016-06-17,HOU,CIN,0,0,3.06,13.5,1094.473323196354,1129.120744817785,SLN,ATL,0.8,1.0,0.311,0.308
BAL201606170,2016-06-17,BAL,TOR,1,3,5.79,3.0,578.81170796599,144.5656230575587,BOS,PHI,0.8,0.8,0.324,0.317
SLN201606170,2016-06-17,SLN,TEX,0,0,5.09,3.32,1e-06,2789.217487399641,SLN,OAK,0.1,0.4,0.321,0.298
BOS201606170,2016-06-17,BOS,SEA,0,2,12.91,4.12,1e-06,1926.694381718032,BOS,TBA,0.7,0.7,0.365,0.323
TBA201606170,2016-06-17,TBA,SFN,0,2,4.02,3.81,1e-06,3858.5242840402384,TBA,SFN,0.5,0.4,0.301,0.309
LAN201606180,2016-06-18,LAN,MIL,1,1,5.53,4.39,1e-06,1e-06,LAN,LAN,0.7,0.1,0.323,0.32
NYN201606180,2016-06-18,NYN,ATL,0,0,1.97,5.06,1e-06,1e-06,NYN,NYN,0.9,0.7,0.316,0.313
MIN201606180,2016-06-18,MIN,NYA,0,0,3.66,1.45,1e-06,1e-06,MIN,MIN,0.6,0.4,0.313,0.307
BOS201606180,2016-06-18,BOS,SEA,0,1,3.15,7.71,1e-06,1e-06,BOS,BOS,0.5,0.9,0.365,0.323
TBA201606180,2016-06-18,TBA,SFN,1,0,1.91,3.1,1e-06,1e-06,TBA,TBA,0.5,0.6,0.301,0.309
PHI201606180,2016-06-18,PHI,ARI,1,0,3.65,4.37,1e-06,1e-06,PHI,PHI,0.4,0.6,0.291,0.313
CHN201606180,2016-06-18,CHN,PIT,0,1,2.44,5.5,1e-06,1e-06,CHN,CHN,0.6,0.3,0.34,0.322
SLN201606180,2016-06-18,SLN,TEX,0,0,4.46,7.68,1e-06,1e-06,SLN,SLN,0.1,0.2,0.321,0.298
OAK201606180,2016-06-18,OAK,ANA,0,0,2.42,9.16,1e-06,1e-06,OAK,OAK,0.3,0.8,0.291,0.326
HOU201606180,2016-06-18,HOU,CIN,2,0,3.97,,1e-06,1e-06,HOU,HOU,0.8,1.0,0.311,0.308
BAL201606180,2016-06-18,BAL,TOR,2,0,5.42,4.46,1e-06,1e-06,BAL,BAL,0.9,1.1,0.324,0.317
SDN201606180,2016-06-18,SDN,WAS,1,1,3.92,,1e-06,1e-06,SDN,SDN,0.7,0.6,0.308,0.326
CLE201606180,2016-06-18,CLE,CHA,5,0,3.87,5.85,1e-06,1e-06,CLE,CLE,0.8,0.2,0.354,0.311
MIA201606180,2016-06-18,MIA,COL,1,0,2.82,7.17,1e-06,1e-06,MIA,MIA,0.4,0.2,0.31,0.302
KCA201606180,2016-06-18,KCA,DET,0,2,5.37,4.53,1e-06,1e-06,KCA,KCA,1.1,0.5,0.323,0.324
SLN201606190,2016-06-19,SLN,TEX,0,1,3.46,2.09,1e-06,1e-06,SLN,SLN,0.1,0.2,0.321,0.298
MIA201606190,2016-06-19,MIA,COL,0,0,4.33,3.54,1e-06,1e-06,MIA,MIA,0.2,0.2,0.31,0.302
SDN201606190,2016-06-19,SDN,WAS,1,1,3.32,4.57,1e-06,1e-06,SDN,SDN,0.7,0.6,0.308,0.326
OAK201606190,2016-06-19,OAK,ANA,0,1,6.98,5.06,1e-06,1e-06,OAK,OAK,0.3,0.8,0.291,0.326
LAN201606190,2016-06-19,LAN,MIL,0,1,1.83,2.15,1e-06,1e-06,LAN,LAN,0.7,0.2,0.323,0.32
KCA201606190,2016-06-19,KCA,DET,0,0,4.22,3.07,1e-06,1e-06,KCA,KCA,1.1,0.6,0.323,0.324
NYN201606190,2016-06-19,NYN,ATL,0,0,3.04,3.21,1e-06,1e-06,NYN,NYN,0.6,0.7,0.316,0.313
HOU201606190,2016-06-19,HOU,CIN,0,0,4.48,3.98,1e-06,1e-06,HOU,HOU,1.0,1.0,0.311,0.308
BOS201606190,2016-06-19,BOS,SEA,0,0,3.99,2.79,1e-06,1e-06,BOS,BOS,0.3,1.0,0.365,0.323
PHI201606190,2016-06-19,PHI,ARI,0,0,5.54,5.02,1e-06,1e-06,PHI,PHI,0.5,0.3,0.291,0.313
MIN201606190,2016-06-19,MIN,NYA,0,0,3.38,4.76,1e-06,1e-06,MIN,MIN,0.5,0.4,0.313,0.307
CLE201606190,2016-06-19,CLE,CHA,1,1,1.53,3.47,1e-06,1e-06,CLE,CLE,0.9,0.2,0.354,0.311
CHN201606190,2016-06-19,CHN,PIT,1,0,2.13,3.38,1e-06,1e-06,CHN,CHN,0.4,0.3,0.34,0.322
BAL201606190,2016-06-19,BAL,TOR,3,0,3.77,4.37,1e-06,1e-06,BAL,BAL,1.1,1.1,0.324,0.317
TBA201606190,2016-06-19,TBA,SFN,1,0,3.7,2.13,1e-06,1e-06,TBA,TBA,0.6,0.3,0.301,0.309
DET201606200,2016-06-20,DET,SEA,2,0,5.87,3.53,1034.95696626315,984.732039314543,KCA,BOS,0.4,0.7,0.338,0.323
PIT201606200,2016-06-20,PIT,SFN,0,0,5.44,2.74,660.0502267315369,1429.1664141131923,CHN,TBA,0.4,0.3,0.344,0.309
PHI201606200,2016-06-20,PHI,ARI,0,3,3.71,6.15,1e-06,1e-06,PHI,PHI,0.5,0.3,0.291,0.313
LAN201606200,2016-06-20,LAN,WAS,1,0,1.69,4.5,1e-06,179.52869961196944,LAN,SDN,0.7,0.6,0.323,0.326
CHN201606200,2016-06-20,CHN,SLN,0,0,3.35,4.67,1e-06,422.4920912040455,CHN,SLN,0.4,0.6,0.34,0.329
TEX201606200,2016-06-20,TEX,BAL,0,0,7.68,3.61,897.3043892909234,1968.7690954443951,SLN,BAL,1.2,0.9,0.343,0.308
BOS201606200,2016-06-20,BOS,CHA,0,0,3.4,2.36,1e-06,884.5468110577992,BOS,CLE,0.3,0.3,0.365,0.311
HOU201606200,2016-06-20,HOU,ANA,3,0,4.64,4.81,1e-06,2629.671879056886,HOU,OAK,1.0,0.8,0.311,0.326
CLE201606200,2016-06-20,CLE,TBA,0,2,3.24,3.77,1e-06,1529.408250521614,CLE,TBA,1.0,0.2,0.354,0.313
MIA201606200,2016-06-20,MIA,COL,2,0,2.45,5.51,1e-06,1e-06,MIA,MIA,0.2,0.2,0.31,0.302
DET201606210,2016-06-21,DET,SEA,0,0,2.97,3.79,1e-06,1e-06,DET,DET,0.6,0.6,0.338,0.323
OAK201606210,2016-06-21,OAK,MIL,0,0,3.23,3.35,1e-06,552.4676717810693,OAK,LAN,0.3,0.3,0.291,0.32
BOS201606210,2016-06-21,BOS,CHA,0,2,4.78,3.34,1e-06,1e-06,BOS,BOS,0.1,0.3,0.365,0.311
NYN201606210,2016-06-21,NYN,KCA,1,0,3.48,3.68,1e-06,1759.8286951805926,NYN,KCA,0.6,0.2,0.316,0.302
CLE201606210,2016-06-21,CLE,TBA,0,0,3.14,3.54,1e-06,1e-06,CLE,CLE,1.0,0.4,0.354,0.313
TOR201606210,2016-06-21,TOR,ARI,0,0,3.48,5.15,537.0332419152472,539.7375980826044,BAL,PHI,1.1,0.6,0.339,0.313
BAL201606210,2016-06-21,BAL,SDN,0,1,3.13,3.92,1968.7690954443951,3688.2820605993606,TEX,SDN,1.0,0.4,0.324,0.29
LAN201606210,2016-06-21,LAN,WAS,0,1,4.69,2.83,1e-06,1e-06,LAN,LAN,0.8,0.6,0.323,0.326
MIN201606210,2016-06-21,MIN,PHI,4,1,4.25,4.78,1e-06,1582.6741426537678,MIN,PHI,0.4,0.0,0.313,0.31
MIA201606210,2016-06-21,MIA,ATL,0,0,2.85,3.58,1e-06,1756.5620451799746,MIA,NYN,0.4,0.7,0.31,0.313
NYA201606210,2016-06-21,NYA,COL,1,3,4.17,4.79,1636.0526645605564,1756.5620451799746,MIN,MIA,1.0,0.2,0.322,0.302
HOU201606210,2016-06-21,HOU,ANA,0,1,3.28,6.45,1e-06,1e-06,HOU,HOU,1.3,0.5,0.311,0.326
CHN201606210,2016-06-21,CHN,SLN,1,0,3.83,4.62,1e-06,1e-06,CHN,CHN,0.4,0.6,0.34,0.329
TEX201606210,2016-06-21,TEX,CIN,0,3,3.71,3.28,1e-06,368.5990384284446,TEX,HOU,1.2,0.9,0.343,0.308
PIT201606210,2016-06-21,PIT,SFN,0,0,6.46,2.79,1e-06,1e-06,PIT,PIT,0.4,0.3,0.344,0.309
HOU201606220,2016-06-22,HOU,ANA,0,0,3.28,3.88,1e-06,1e-06,HOU,HOU,1.2,0.5,0.311,0.326
BOS201606220,2016-06-22,BOS,CHA,0,1,3.45,2.08,1e-06,1e-06,BOS,BOS,0.0,0.5,0.365,0.311
NYN201606220,2016-06-22,NYN,KCA,0,0,2.6,4.05,1e-06,1e-06,NYN,NYN,0.7,0.2,0.316,0.302
MIN201606220,2016-06-22,MIN,PHI,1,0,3.96,3.84,1e-06,1e-06,MIN,MIN,0.6,0.1,0.313,0.31
BAL201606220,2016-06-22,BAL,SDN,0,1,5.44,8.33,1e-06,1e-06,BAL,BAL,1.0,0.5,0.324,0.29
TEX201606220,2016-06-22,TEX,CIN,0,0,3.32,3.76,1e-06,1e-06,TEX,TEX,0.9,1.2,0.343,0.308
CLE201606220,2016-06-22,CLE,TBA,3,0,4.26,4.02,1e-06,1e-06,CLE,CLE,1.0,0.4,0.354,0.313
CHN201606220,2016-06-22,CHN,SLN,0,0,3.1,5.09,1e-06,1e-06,CHN,CHN,0.5,0.6,0.34,0.329
TOR201606220,2016-06-22,TOR,ARI,3,0,3.18,4.9,1e-06,1e-06,TOR,TOR,1.1,0.5,0.339,0.313
OAK201606220,2016-06-22,OAK,MIL,0,0,6.5,2.81,1e-06,1e-06,OAK,OAK,0.2,0.3,0.291,0.32
LAN201606220,2016-06-22,LAN,WAS,1,0,5.53,2.64,1e-06,1e-06,LAN,LAN,0.8,0.7,0.323,0.326
DET201606220,2016-06-22,DET,SEA,1,0,3.07,4.12,1e-06,1e-06,DET,DET,0.5,0.6,0.338,0.323
MIA201606220,2016-06-22,MIA,ATL,0,0,3.85,4.86,1e-06,1e-06,MIA,MIA,0.4,0.7,0.31,0.313
PIT201606220,2016-06-22,PIT,SFN,2,0,3.03,2.13,1e-06,1e-06,PIT,PIT,0.4,0.3,0.344,0.309
NYA201606220,2016-06-22,NYA,COL,0,0,1.55,4.94,1e-06,1e-06,NYA,NYA,1.0,0.5,0.322,0.302
ANA201606230,2016-06-23,ANA,OAK,0,0,9.16,4.11,2169.9670210701,592.0809005913671,HOU,OAK,0.5,0.3,0.317,0.316
BOS201606230,2016-06-23,BOS,CHA,0,2,3.4,5.5,1e-06,1e-06,BOS,BOS,0.0,0.6,0.365,0.311
CIN201606230,2016-06-23,CIN,SDN,0,0,4.35,4.8,1327.4667402221744,680.6636621509456,TEX,BAL,0.6,0.6,0.324,0.29
ATL201606230,2016-06-23,ATL,NYN,0,0,3.06,1.97,973.359131898138,1200.4511584455877,MIA,NYN,0.4,0.1,0.328,0.315
COL201606230,2016-06-23,COL,ARI,2,0,5.24,2.25,2618.595617996944,2160.739883960971,NYA,TOR,1.6,0.5,0.369,0.313
MIA201606230,2016-06-23,MIA,CHN,0,0,2.85,2.85,1e-06,1915.1205670973725,MIA,CHN,0.4,0.4,0.31,0.338
PIT201606230,2016-06-23,PIT,SFN,1,0,5.5,4.29,1e-06,1e-06,PIT,PIT,0.6,0.3,0.344,0.309
MIN201606230,2016-06-23,MIN,PHI,1,0,4.42,3.65,1e-06,1e-06,MIN,MIN,0.6,0.1,0.313,0.31
DET201606230,2016-06-23,DET,SEA,0,0,3.07,2.81,1e-06,1e-06,DET,DET,0.6,0.6,0.338,0.323
SEA201606240,2016-06-24,SEA,SLN,0,0,8.44,4.46,3110.621572335556,2788.668911659839,DET,CHN,0.5,0.4,0.33,0.329
PIT201606240,2016-06-24,PIT,LAN,0,0,3.52,11.25,1e-06,3433.6519953355796,PIT,LAN,0.6,0.4,0.344,0.315
DET201606240,2016-06-24,DET,CLE,0,0,4.87,3.87,1e-06,145.52553501827433,DET,CLE,0.6,0.5,0.338,0.297
ATL201606240,2016-06-24,ATL,NYN,0,0,7.59,3.48,1e-06,1e-06,ATL,ATL,0.4,0.1,0.328,0.315
CHA201606240,2016-06-24,CHA,TOR,0,0,2.29,4.43,1365.5064971534737,700.98343821047,BOS,TOR,0.8,0.9,0.323,0.317
CIN201606240,2016-06-24,CIN,SDN,0,1,7.36,4.82,1e-06,1e-06,CIN,CIN,0.3,0.5,0.324,0.29
COL201606240,2016-06-24,COL,ARI,0,1,5.24,3.7,1e-06,1e-06,COL,COL,1.7,0.5,0.369,0.313
TEX201606240,2016-06-24,TEX,BOS,3,0,2.48,2.65,1e-06,2512.560414403036,TEX,BOS,0.9,0.8,0.343,0.33
NYA201606240,2016-06-24,NYA,MIN,0,0,3.07,,1e-06,1636.0526645605564,NYA,MIN,1.0,0.3,0.322,0.32
ANA201606240,2016-06-24,ANA,OAK,2,1,3.91,2.42,1e-06,1e-06,ANA,ANA,0.4,0.3,0.317,0.316
KCA201606240,2016-06-24,KCA,HOU,0,9,5.37,4.55,1759.8286951805926,1040.8267966673652,NYN,HOU,0.9,0.1,0.323,0.326
MIL201606240,2016-06-24,MIL,WAS,2,0,2.73,2.96,2941.6301363819452,2799.844413597458,OAK,LAN,0.4,0.7,0.325,0.326
BAL201606240,2016-06-24,BAL,TBA,0,3,5.79,4.08,1e-06,495.2645964012307,BAL,CLE,1.0,0.4,0.324,0.313
MIA201606240,2016-06-24,MIA,CHN,5,4,3.4,2.74,1e-06,1e-06,MIA,MIA,0.4,0.4,0.31,0.338
SFN201606240,2016-06-24,SFN,PHI,1,0,5.54,5.6,3638.3530777091846,2544.035408277149,PIT,MIN,0.5,0.1,0.347,0.31
CIN201606250,2016-06-25,CIN,SDN,0,1,3.98,3.32,1e-06,1e-06,CIN,CIN,0.3,0.5,0.324,0.29
DET201606250,2016-06-25,DET,CLE,0,2,5.87,3.32,1e-06,1e-06,DET,DET,0.6,0.5,0.338,0.297
KCA201606250,2016-06-25,KCA,HOU,0,0,6.19,4.43,1e-06,1e-06,KCA,KCA,0.9,1.0,0.323,0.326
COL201606250,2016-06-25,COL,ARI,1,1,5.51,6.15,1e-06,1e-06,COL,COL,1.2,0.6,0.369,0.313
CHA201606250,2016-06-25,CHA,TOR,0,3,3.73,4.46,1e-06,1e-06,CHA,CHA,0.8,0.9,0.323,0.317
TEX201606250,2016-06-25,TEX,BOS,0,0,6.04,3.33,1e-06,1e-06,TEX,TEX,0.9,0.8,0.343,0.33
PIT201606250,2016-06-25,PIT,LAN,0,0,5.44,3.48,1e-06,1e-06,PIT,PIT,0.5,0.4,0.344,0.315
MIA201606250,2016-06-25,MIA,CHN,1,0,4.04,3.35,1e-06,1e-06,MIA,MIA,0.9,0.7,0.31,0.338
MIL201606250,2016-06-25,MIL,WAS,3,0,4.51,4.57,1e-06,1e-06,MIL,MIL,0.5,0.7,0.325,0.326
BAL201606251,2016-06-25,BAL,TBA,0,0,3.61,4.37,1e-06,1e-06,BAL,BAL,1.0,0.7,0.324,0.313
BAL201606252,2016-06-25,BAL,TBA,0,1,6.93,3.77,1e-06,1e-06,BAL,BAL,1.0,0.6,0.324,0.313
NYA201606250,2016-06-25,NYA,MIN,0,0,1.45,3.7,1e-06,1e-06,NYA,NYA,0.9,0.3,0.322,0.32
SEA201606250,2016-06-25,SEA,SLN,3,0,,4.69,1e-06,1e-06,SEA,SEA,0.4,0.4,0.33,0.329
ANA201606250,2016-06-25,ANA,OAK,2,2,4.81,11.47,1e-06,1e-06,ANA,ANA,0.6,0.4,0.317,0.316
SFN201606250,2016-06-25,SFN,PHI,0,0,2.74,3.71,1e-06,1e-06,SFN,SFN,0.6,0.1,0.347,0.31
ATL201606250,2016-06-25,ATL,NYN,0,0,5.06,1.97,1e-06,1e-06,ATL,ATL,0.4,0.1,0.328,0.315
MIL201606260,2016-06-26,MIL,WAS,0,0,2.7,2.83,1e-06,1e-06,MIL,MIL,0.8,0.3,0.325,0.326
DET201606260,2016-06-26,DET,CLE,0,0,3.04,4.4,1e-06,1e-06,DET,DET,0.5,0.7,0.338,0.297
BAL201606260,2016-06-26,BAL,TBA,4,0,5.27,4.88,1e-06,1e-06,BAL,BAL,1.0,0.7,0.324,0.313
KCA201606260,2016-06-26,KCA,HOU,0,0,3.68,4.64,1e-06,1e-06,KCA,KCA,0.7,1.0,0.323,0.326
PIT201606260,2016-06-26,PIT,LAN,0,0,4.2,1.69,1e-06,1e-06,PIT,PIT,0.5,0.4,0.344,0.315
CHA201606260,2016-06-26,CHA,TOR,0,0,3.34,4.37,1e-06,1e-06,CHA,CHA,0.6,1.1,0.323,0.317
SFN201606260,2016-06-26,SFN,PHI,1,1,4.28,5.6,1e-06,1e-06,SFN,SFN,0.6,0.1,0.347,0.31
SEA201606260,2016-06-26,SEA,SLN,1,1,3.73,2.77,1e-06,1e-06,SEA,SEA,0.7,0.4,0.33,0.329
NYA201606260,2016-06-26,NYA,MIN,0,0,4.76,6.43,1e-06,1e-06,NYA,NYA,0.9,0.3,0.322,0.32
MIA201606260,2016-06-26,MIA,CHN,0,0,2.86,3.83,1e-06,1e-06,MIA,MIA,0.9,0.7,0.31,0.338
TEX201606260,2016-06-26,TEX,BOS,3,0,4.39,4.78,1e-06,1e-06,TEX,TEX,0.6,0.7,0.343,0.33
ANA201606260,2016-06-26,ANA,OAK,2,0,6.45,3.76,1e-06,1e-06,ANA,ANA,0.6,0.6,0.317,0.316
ATL201606260,2016-06-26,ATL,NYN,1,0,5.1,3.43,1e-06,1e-06,ATL,ATL,0.4,0.1,0.328,0.315
COL201606260,2016-06-26,COL,ARI,0,2,5.24,7.3,1e-06,1e-06,COL,COL,1.2,0.5,0.369,0.313
CIN201606260,2016-06-26,CIN,SDN,0,0,3.28,5.71,1e-06,1e-06,CIN,CIN,0.3,0.6,0.324,0.29
WAS201606270,2016-06-27,WAS,NYN,0,1,3.43,2.6,1025.9779093655509,874.0887985860761,MIL,ATL,0.3,0.1,0.326,0.315
COL201606270,2016-06-27,COL,TOR,0,1,4.61,5.23,1e-06,1477.450780411816,COL,CHA,1.2,1.1,0.369,0.317
TBA201606270,2016-06-27,TBA,BOS,5,0,3.54,4.71,1393.7772067986984,1496.616116420437,BAL,TEX,0.4,0.5,0.301,0.33
ARI201606270,2016-06-27,ARI,PHI,0,0,4.9,,942.6579354569092,1050.993394248722,COL,SFN,0.8,0.2,0.328,0.31
NYA201606270,2016-06-27,NYA,TEX,0,1,5.23,2.09,1e-06,2225.551415128663,NYA,TEX,0.6,0.2,0.322,0.298
ATL201606270,2016-06-27,ATL,CLE,0,1,5.88,4.26,1e-06,961.6946291924536,ATL,DET,0.5,0.7,0.328,0.297
PIT201606270,2016-06-27,PIT,LAN,4,0,4.69,4.56,1e-06,1e-06,PIT,PIT,0.3,0.3,0.344,0.315
ANA201606270,2016-06-27,ANA,HOU,0,0,3.91,3.28,1e-06,2158.345510444982,ANA,KCA,0.8,1.0,0.317,0.326
SFN201606270,2016-06-27,SFN,OAK,0,0,3.81,6.5,1e-06,599.2380275896384,SFN,ANA,0.7,0.6,0.347,0.316
KCA201606270,2016-06-27,KCA,SLN,2,2,3.51,4.62,1e-06,2418.3539462011913,KCA,SEA,0.5,0.2,0.323,0.329
CIN201606270,2016-06-27,CIN,CHN,2,2,3.76,3.1,1e-06,1534.6263109130673,CIN,MIA,0.3,0.7,0.324,0.338
KCA201606280,2016-06-28,KCA,SLN,0,0,4.45,5.09,1e-06,1e-06,KCA,KCA,0.6,0.4,0.323,0.329
SEA201606280,2016-06-28,SEA,PIT,0,0,4.12,5.5,1e-06,3433.5376208349658,SEA,PIT,0.7,0.2,0.33,0.322
SFN201606280,2016-06-28,SFN,OAK,0,0,4.05,4.24,1e-06,1e-06,SFN,SFN,0.7,0.4,0.347,0.316
ARI201606280,2016-06-28,ARI,PHI,0,0,2.25,2.58,1e-06,1e-06,ARI,ARI,0.6,0.2,0.328,0.31
NYA201606280,2016-06-28,NYA,TEX,0,2,3.91,3.32,1e-06,1e-06,NYA,NYA,0.4,0.3,0.322,0.298
DET201606280,2016-06-28,DET,MIA,0,0,5.07,3.85,1e-06,1858.8415502997775,DET,MIA,0.5,1.1,0.338,0.333
ATL201606280,2016-06-28,ATL,CLE,0,1,4.42,3.14,1e-06,1e-06,ATL,ATL,0.5,0.8,0.328,0.297
TBA201606280,2016-06-28,TBA,BOS,0,0,4.02,3.15,1e-06,1e-06,TBA,TBA,0.9,0.4,0.301,0.33
COL201606280,2016-06-28,COL,TOR,1,0,7.17,3.18,1e-06,1e-06,COL,COL,0.8,1.2,0.369,0.317
ANA201606280,2016-06-28,ANA,HOU,0,3,9.16,3.97,1e-06,1e-06,ANA,ANA,0.7,0.9,0.317,0.326
CIN201606280,2016-06-28,CIN,CHN,0,1,13.5,5.48,1e-06,1e-06,CIN,CIN,0.5,0.9,0.324,0.338
CHA201606280,2016-06-28,CHA,MIN,0,0,3.2,5.07,1e-06,1144.129935670241,CHA,NYA,0.6,0.1,0.323,0.32
MIL201606280,2016-06-28,MIL,LAN,0,0,4.39,3.39,1e-06,722.0054120555708,MIL,PIT,0.8,0.3,0.325,0.315
SDN201606280,2016-06-28,SDN,BAL,1,1,8.33,5.44,3007.676031937142,3688.2820605993606,CIN,BAL,0.8,0.6,0.308,0.308
WAS201606280,2016-06-28,WAS,NYN,0,0,4.95,4.86,1e-06,1e-06,WAS,WAS,0.3,0.2,0.326,0.315
MIL201606290,2016-06-29,MIL,LAN,0,0,2.81,5.79,1e-06,1e-06,MIL,MIL,0.6,0.1,0.325,0.315
CHA201606290,2016-06-29,CHA,MIN,0,1,5.85,4.42,1e-06,1e-06,CHA,CHA,0.3,0.1,0.323,0.32
WAS201606290,2016-06-29,WAS,NYN,0,0,2.96,5.2,1e-06,1e-06,WAS,WAS,0.3,0.2,0.326,0.315
SDN201606290,2016-06-29,SDN,BAL,0,0,4.8,5.42,1e-06,1e-06,SDN,SDN,0.8,0.7,0.308,0.308
DET201606290,2016-06-29,DET,MIA,4,0,3.38,4.33,1e-06,1e-06,DET,DET,0.5,1.1,0.338,0.333
TBA201606290,2016-06-29,TBA,BOS,0,0,4.08,3.99,1e-06,1e-06,TBA,TBA,0.7,0.4,0.301,0.33
SEA201606290,2016-06-29,SEA,PIT,0,0,5.37,3.38,1e-06,1e-06,SEA,SEA,0.7,0.2,0.33,0.322
NYA201606290,2016-06-29,NYA,TEX,0,0,4.35,2.43,1e-06,1e-06,NYA,NYA,0.4,0.5,0.322,0.298
ANA201606290,2016-06-29,ANA,HOU,0,1,5.06,4.55,1e-06,1e-06,ANA,ANA,0.7,1.2,0.317,0.326
CIN201606290,2016-06-29,CIN,CHN,0,3,7.36,2.13,1e-06,1e-06,CIN,CIN,0.4,0.9,0.324,0.338
OAK201606290,2016-06-29,OAK,SFN,0,0,3.86,5.54,13.027453191410114,13.027453191410114,SFN,SFN,0.2,0.3,0.291,0.309
ARI201606290,2016-06-29,ARI,PHI,3,2,7.3,4.85,1e-06,1e-06,ARI,ARI,0.6,0.2,0.328,0.31
COL201606290,2016-06-29,COL,TOR,0,0,3.54,3.0,1e-06,1e-06,COL,COL,0.7,1.0,0.369,0.317
SLN201606290,2016-06-29,SLN,KCA,0,0,3.41,4.22,382.8562661725535,382.8562661725535,KCA,KCA,0.1,0.2,0.321,0.302
ATL201606290,2016-06-29,ATL,CLE,0,0,4.88,3.87,1e-06,1e-06,ATL,ATL,0.4,0.5,0.328,0.297
TOR201606300,2016-06-30,TOR,CLE,0,0,4.46,3.32,2160.739883960971,1183.2911929642491,COL,ATL,1.3,0.5,0.339,0.297
CHA201606300,2016-06-30,CHA,MIN,0,0,2.29,3.66,1e-06,1e-06,CHA,CHA,0.3,0.2,0.323,0.32
NYA201606300,2016-06-30,NYA,TEX,0,1,1.55,2.09,1e-06,1e-06,NYA,NYA,0.1,0.5,0.322,0.298
ATL201606300,2016-06-30,ATL,MIA,0,0,5.06,4.96,1e-06,961.6946291924536,ATL,DET,0.2,1.0,0.328,0.333
OAK201606300,2016-06-30,OAK,SFN,1,0,11.47,2.74,1e-06,1e-06,OAK,OAK,0.2,0.3,0.291,0.309
SEA201606300,2016-06-30,SEA,BAL,1,0,4.22,3.77,1e-06,1711.8059777853623,SEA,SDN,0.5,0.4,0.33,0.308
NYN201606300,2016-06-30,NYN,CHN,0,2,4.54,5.93,326.3648041771951,913.3322258208744,WAS,CIN,0.7,1.1,0.316,0.338
TBA201606300,2016-06-30,TBA,DET,1,0,3.77,5.87,1e-06,1620.843911772028,TBA,DET,0.7,0.6,0.301,0.324
SLN201606300,2016-06-30,SLN,KCA,0,1,4.69,4.68,1e-06,1e-06,SLN,SLN,0.1,0.2,0.321,0.302
MIL201606300,2016-06-30,MIL,LAN,1,0,3.97,3.48,1e-06,1e-06,MIL,MIL,0.6,0.1,0.325,0.315
WAS201606300,2016-06-30,WAS,CIN,4,1,4.57,3.98,1e-06,647.9323389925676,WAS,CIN,0.3,1.1,0.326,0.308
SEA201607010,2016-07-01,SEA,BAL,1,0,3.77,3.61,1e-06,1e-06,SEA,SEA,0.6,0.3,0.33,0.308
ATL201607010,2016-07-01,ATL,MIA,0,3,5.82,3.14,1e-06,1e-06,ATL,ATL,0.2,1.0,0.328,0.333
HOU201607010,2016-07-01,HOU,CHA,0,0,4.48,3.73,2169.9670210701,1516.5648050119732,ANA,CHA,1.2,0.8,0.311,0.311
NYN201607010,2016-07-01,NYN,CHN,0,0,3.04,3.83,1e-06,1e-06,NYN,NYN,0.6,1.3,0.316,0.338
ARI201607010,2016-07-01,ARI,SFN,3,0,6.15,2.79,1e-06,1040.2976618519092,ARI,OAK,0.9,0.2,0.328,0.309
BOS201607010,2016-07-01,BOS,ANA,1,0,3.33,4.81,1926.694381718032,4151.631080145035,TBA,ANA,0.0,0.4,0.365,0.326
LAN201607010,2016-07-01,LAN,COL,0,0,5.1,5.51,2799.844413597458,1336.5596902131042,MIL,COL,0.7,0.5,0.323,0.302
OAK201607010,2016-07-01,OAK,PIT,2,0,5.69,5.44,1e-06,1089.6592015072615,OAK,SEA,0.2,0.2,0.291,0.322
SLN201607010,2016-07-01,SLN,MIL,1,0,4.67,4.51,1e-06,526.8349145670746,SLN,MIL,0.0,0.2,0.321,0.32
MIN201607010,2016-07-01,MIN,TEX,0,0,3.66,2.48,571.0232496384983,1636.0526645605564,CHA,NYA,0.7,0.6,0.313,0.298
TBA201607010,2016-07-01,TBA,DET,0,0,4.88,3.06,1e-06,1e-06,TBA,TBA,0.8,0.6,0.301,0.324
SDN201607010,2016-07-01,SDN,NYA,3,0,4.82,4.76,1e-06,3907.304911865239,SDN,NYA,0.7,0.4,0.308,0.307
WAS201607010,2016-07-01,WAS,CIN,1,0,4.5,4.66,1e-06,1e-06,WAS,WAS,0.7,1.1,0.326,0.308
PHI201607010,2016-07-01,PHI,KCA,1,0,3.71,3.68,3344.1998186127516,1300.629186583633,ARI,SLN,0.5,0.3,0.291,0.302
TOR201607010,2016-07-01,TOR,CLE,0,0,9.0,4.26,1e-06,1e-06,TOR,TOR,1.3,0.4,0.339,0.297
SLN201607020,2016-07-02,SLN,MIL,0,0,4.62,4.62,1e-06,1e-06,SLN,SLN,0.1,0.2,0.321,0.32
ARI201607020,2016-07-02,ARI,SFN,0,0,3.49,3.1,1e-06,1e-06,ARI,ARI,1.2,0.2,0.328,0.309
BOS201607020,2016-07-02,BOS,ANA,0,2,4.78,4.7,1e-06,1e-06,BOS,BOS,0.1,0.3,0.365,0.326
WAS201607020,2016-07-02,WAS,CIN,0,3,2.41,,1e-06,1e-06,WAS,WAS,0.8,0.8,0.326,0.308
OAK201607020,2016-07-02,OAK,PIT,0,0,,4.5,1e-06,1e-06,OAK,OAK,0.3,0.2,0.291,0.322
LAN201607020,2016-07-02,LAN,COL,2,0,4.56,4.79,1e-06,1e-06,LAN,LAN,0.7,0.3,0.323,0.302
SEA201607020,2016-07-02,SEA,BAL,3,0,3.79,5.27,1e-06,1e-06,SEA,SEA,0.6,0.3,0.33,0.308
MIN201607020,2016-07-02,MIN,TEX,4,0,6.43,8.71,1e-06,1e-06,MIN,MIN,0.7,0.5,0.313,0.298
TBA201607020,2016-07-02,TBA,DET,0,0,3.54,3.04,1e-06,1e-06,TBA,TBA,0.8,0.6,0.301,0.324
PHI201607020,2016-07-02,PHI,KCA,1,0,4.78,3.51,1e-06,1e-06,PHI,PHI,0.5,0.3,0.291,0.302
ATL201607020,2016-07-02,ATL,MIA,2,0,4.21,2.86,1e-06,1e-06,ATL,ATL,0.1,1.2,0.328,0.333
HOU201607020,2016-07-02,HOU,CHA,1,0,4.64,3.34,1e-06,1e-06,HOU,HOU,1.2,0.8,0.311,0.311
NYN201607020,2016-07-02,NYN,CHN,2,0,3.43,3.1,1e-06,1e-06,NYN,NYN,0.6,1.3,0.316,0.338
SDN201607020,2016-07-02,SDN,NYA,0,0,2.92,1.45,1e-06,1e-06,SDN,SDN,1.0,0.4,0.308,0.307
TOR201607020,2016-07-02,TOR,CLE,3,1,4.12,1.53,1e-06,1e-06,TOR,TOR,1.3,0.4,0.339,0.297
TOR201607030,2016-07-03,TOR,CLE,3,0,3.18,3.14,1e-06,1e-06,TOR,TOR,1.3,0.5,0.339,0.297
OAK201607030,2016-07-03,OAK,PIT,0,0,6.5,4.69,1e-06,1e-06,OAK,OAK,0.3,0.1,0.291,0.322
SDN201607030,2016-07-03,SDN,NYA,0,0,5.25,4.73,1e-06,1e-06,SDN,SDN,0.9,0.4,0.308,0.307
TBA201607030,2016-07-03,TBA,DET,0,0,4.37,2.97,1e-06,1e-06,TBA,TBA,0.8,0.6,0.301,0.324
BOS201607030,2016-07-03,BOS,ANA,0,0,6.75,3.88,1e-06,1e-06,BOS,BOS,0.1,0.5,0.365,0.326
ARI201607030,2016-07-03,ARI,SFN,0,0,5.66,4.71,1e-06,1e-06,ARI,ARI,1.2,0.0,0.328,0.309
PHI201607030,2016-07-03,PHI,KCA,3,0,,4.45,1e-06,1e-06,PHI,PHI,0.6,0.3,0.291,0.302
SEA201607030,2016-07-03,SEA,BAL,0,0,4.12,5.44,1e-06,1e-06,SEA,SEA,0.9,0.3,0.33,0.308
LAN201607030,2016-07-03,LAN,COL,0,0,4.95,4.61,1e-06,1e-06,LAN,LAN,0.6,0.3,0.323,0.302
HOU201607030,2016-07-03,HOU,CHA,1,0,4.34,3.2,1e-06,1e-06,HOU,HOU,0.6,0.7,0.311,0.311
SLN201607030,2016-07-03,SLN,MIL,1,0,5.09,4.39,1e-06,1e-06,SLN,SLN,0.1,0.2,0.321,0.32
NYN201607030,2016-07-03,NYN,CHN,1,1,2.6,2.44,1e-06,1e-06,NYN,NYN,0.8,1.2,0.316,0.338
ATL201607030,2016-07-03,ATL,MIA,0,0,5.0,3.85,1e-06,1e-06,ATL,ATL,0.3,1.1,0.328,0.333
WAS201607030,2016-07-03,WAS,CIN,0,0,3.6,6.43,1e-06,1e-06,WAS,WAS,0.8,0.8,0.326,0.308
MIN201607030,2016-07-03,MIN,TEX,0,1,5.07,3.32,1e-06,1e-06,MIN,MIN,1.1,0.5,0.313,0.298
CLE201607040,2016-07-04,CLE,DET,0,0,3.12,2.97,305.2632734150024,1529.408250521614,TOR,TBA,1.1,0.3,0.354,0.324
BOS201607040,2016-07-04,BOS,TEX,1,4,3.15,5.59,1e-06,1804.1923618308683,BOS,MIN,0.1,0.6,0.365,0.298
CHA201607040,2016-07-04,CHA,NYA,0,0,5.85,3.91,1516.5648050119732,2787.070270174863,HOU,SDN,0.3,0.4,0.323,0.307
ARI201607040,2016-07-04,ARI,SDN,2,0,5.02,5.71,1e-06,481.0116378281714,ARI,SDN,1.2,0.6,0.328,0.29
TOR201607040,2016-07-04,TOR,KCA,1,0,3.0,5.37,1e-06,539.7375980826044,TOR,PHI,1.5,0.3,0.339,0.302
HOU201607040,2016-07-04,HOU,SEA,1,0,3.22,5.37,1e-06,3039.1839825945185,HOU,SEA,0.7,0.6,0.311,0.323
PHI201607040,2016-07-04,PHI,ATL,0,1,3.65,4.88,1e-06,1071.2330338826837,PHI,ATL,0.8,0.6,0.291,0.313
TBA201607040,2016-07-04,TBA,ANA,0,0,4.08,3.91,1e-06,1926.694381718032,TBA,BOS,0.8,0.4,0.301,0.326
SLN201607040,2016-07-04,SLN,PIT,0,0,3.04,5.5,1e-06,2789.217487399641,SLN,OAK,0.2,0.1,0.321,0.322
CHN201607040,2016-07-04,CHN,CIN,3,0,2.13,7.36,1144.129935670241,956.88299544195,NYN,WAS,0.5,0.8,0.34,0.308
MIN201607040,2016-07-04,MIN,OAK,0,0,4.42,4.11,1e-06,2531.5923192792015,MIN,OAK,1.0,0.4,0.313,0.316
NYN201607040,2016-07-04,NYN,MIA,0,0,2.79,3.44,1e-06,1200.4511584455877,NYN,ATL,0.6,1.0,0.316,0.333
WAS201607040,2016-07-04,WAS,MIL,0,0,2.96,2.81,1e-06,1142.2462660488457,WAS,SLN,0.6,0.2,0.326,0.32
LAN201607040,2016-07-04,LAN,BAL,0,0,2.48,5.93,1e-06,1545.141516309272,LAN,SEA,0.6,0.3,0.323,0.308
SFN201607040,2016-07-04,SFN,COL,0,0,5.54,3.54,1050.993394248722,559.4406195325591,ARI,LAN,0.6,0.3,0.347,0.302
CLE201607050,2016-07-05,CLE,DET,0,0,3.32,5.87,1e-06,1e-06,CLE,CLE,1.1,0.2,0.354,0.324
TOR201607050,2016-07-05,TOR,KCA,1,0,4.46,6.19,1e-06,1e-06,TOR,TOR,1.6,0.2,0.339,0.302
HOU201607050,2016-07-05,HOU,SEA,0,0,4.55,4.22,1e-06,1e-06,HOU,HOU,0.8,0.6,0.311,0.323
SLN201607050,2016-07-05,SLN,PIT,0,0,4.69,4.5,1e-06,1e-06,SLN,SLN,0.2,0.1,0.321,0.322
LAN201607050,2016-07-05,LAN,BAL,1,0,3.48,3.77,1e-06,1e-06,LAN,LAN,0.6,0.1,0.323,0.308
WAS201607050,2016-07-05,WAS,MIL,0,0,4.57,3.97,1e-06,1e-06,WAS,WAS,0.6,0.2,0.326,0.32
BOS201607050,2016-07-05,BOS,TEX,0,2,3.99,6.04,1e-06,1e-06,BOS,BOS,0.2,1.0,0.365,0.298
CHN201607050,2016-07-05,CHN,CIN,0,2,3.35,3.98,1e-06,1e-06,CHN,CHN,0.8,0.7,0.34,0.308
CHA201607050,2016-07-05,CHA,NYA,0,0,4.04,3.07,1e-06,1e-06,CHA,CHA,0.3,0.4,0.323,0.307
ARI201607050,2016-07-05,ARI,SDN,0,0,6.39,4.8,1e-06,1e-06,ARI,ARI,1.0,0.6,0.328,0.29
PHI201607050,2016-07-05,PHI,ATL,1,0,5.54,4.31,1e-06,1e-06,PHI,PHI,0.8,0.7,0.291,0.313
MIN201607050,2016-07-05,MIN,OAK,0,0,,3.86,1e-06,1e-06,MIN,MIN,1.0,0.4,0.313,0.316
NYN201607050,2016-07-05,NYN,MIA,0,0,3.4,4.96,1e-06,1e-06,NYN,NYN,0.5,1.0,0.316,0.333
SFN201607050,2016-07-05,SFN,COL,1,0,4.28,5.83,1e-06,1e-06,SFN,SFN,0.4,0.3,0.347,0.302
TBA201607050,2016-07-05,TBA,ANA,1,0,3.69,3.21,1e-06,1e-06,TBA,TBA,0.8,0.4,0.301,0.326
ARI201607060,2016-07-06,ARI,SDN,1,0,6.15,5.05,1e-06,1e-06,ARI,ARI,0.9,0.6,0.328,0.29
PHI201607060,2016-07-06,PHI,ATL,0,0,2.58,4.42,1e-06,1e-06,PHI,PHI,0.9,0.5,0.291,0.313
CHA201607060,2016-07-06,CHA,NYA,0,0,3.73,4.82,1e-06,1e-06,CHA,CHA,0.3,0.4,0.323,0.307
HOU201607060,2016-07-06,HOU,SEA,3,0,4.11,2.79,1e-06,1e-06,HOU,HOU,0.8,0.6,0.311,0.323
WAS201607060,2016-07-06,WAS,MIL,3,0,2.83,4.51,1e-06,1e-06,WAS,WAS,0.6,0.2,0.326,0.32
MIN201607060,2016-07-06,MIN,OAK,0,0,3.38,5.69,1e-06,1e-06,MIN,MIN,1.0,0.4,0.313,0.316
SLN201607060,2016-07-06,SLN,PIT,0,1,4.3,3.63,1e-06,1e-06,SLN,SLN,0.2,0.1,0.321,0.322
NYN201607060,2016-07-06,NYN,MIA,0,0,3.04,4.99,1e-06,1e-06,NYN,NYN,0.4,0.9,0.316,0.333
CLE201607060,2016-07-06,CLE,DET,0,0,4.4,3.06,1e-06,1e-06,CLE,CLE,1.1,0.2,0.354,0.324
BOS201607060,2016-07-06,BOS,TEX,2,0,3.33,4.39,1e-06,1e-06,BOS,BOS,0.2,1.2,0.365,0.298
TBA201607060,2016-07-06,TBA,ANA,0,0,4.88,5.06,1e-06,1e-06,TBA,TBA,0.8,0.4,0.301,0.326
LAN201607060,2016-07-06,LAN,BAL,2,0,5.53,3.13,1e-06,1e-06,LAN,LAN,0.6,0.1,0.323,0.308
SFN201607060,2016-07-06,SFN,COL,2,0,2.79,5.51,1e-06,1e-06,SFN,SFN,0.5,0.3,0.347,0.302
TOR201607060,2016-07-06,TOR,KCA,0,0,4.37,2.75,1e-06,1e-06,TOR,TOR,1.2,0.2,0.339,0.302
CHN201607060,2016-07-06,CHN,CIN,0,1,2.74,3.28,1e-06,1e-06,CHN,CHN,0.8,0.9,0.34,0.308
HOU201607070,2016-07-07,HOU,OAK,1,0,4.64,2.12,1e-06,1702.4056315736932,HOU,MIN,0.9,0.3,0.311,0.316
KCA201607070,2016-07-07,KCA,SEA,0,0,9.24,2.81,1362.7751953099455,1040.8267966673652,TOR,HOU,0.6,0.3,0.323,0.323
COL201607070,2016-07-07,COL,PHI,1,0,4.79,6.04,1524.5101947303656,2534.0409405234473,SFN,PHI,0.4,0.4,0.369,0.31
CLE201607070,2016-07-07,CLE,NYA,0,0,4.26,4.17,1e-06,494.38381964269325,CLE,CHA,1.1,0.4,0.354,0.307
SLN201607070,2016-07-07,SLN,PIT,0,0,4.62,4.24,1e-06,1e-06,SLN,SLN,0.2,0.2,0.321,0.322
TBA201607070,2016-07-07,TBA,ANA,0,0,3.54,4.7,1e-06,1e-06,TBA,TBA,0.7,0.4,0.301,0.326
TEX201607070,2016-07-07,TEX,MIN,0,2,8.71,6.43,2512.560414403036,1396.7696185124962,BOS,MIN,0.9,0.2,0.343,0.32
LAN201607070,2016-07-07,LAN,SDN,0,1,11.57,3.32,1e-06,574.8341159449532,LAN,ARI,0.7,0.4,0.323,0.29
CHN201607070,2016-07-07,CHN,ATL,0,2,5.48,5.06,1e-06,1068.017024042746,CHN,PHI,0.7,0.4,0.34,0.313
NYN201607070,2016-07-07,NYN,WAS,0,1,3.48,4.95,1e-06,326.3648041771951,NYN,WAS,0.4,0.3,0.316,0.326
TOR201607070,2016-07-07,TOR,DET,2,0,4.12,4.14,1e-06,305.2632734150024,TOR,CLE,1.2,0.2,0.339,0.324
LAN201607080,2016-07-08,LAN,SDN,4,1,3.04,5.25,1e-06,1e-06,LAN,LAN,0.7,0.5,0.323,0.29
BOS201607080,2016-07-08,BOS,TBA,2,0,3.25,4.02,1e-06,1926.694381718032,BOS,TBA,0.4,0.7,0.365,0.313
TOR201607080,2016-07-08,TOR,DET,0,0,3.18,5.07,1e-06,1e-06,TOR,TOR,1.3,0.2,0.339,0.324
BAL201607080,2016-07-08,BAL,ANA,1,2,5.44,3.88,3725.6014398784982,1393.7772067986984,LAN,TBA,1.0,0.3,0.324,0.326
KCA201607080,2016-07-08,KCA,SEA,0,0,4.45,4.12,1e-06,1e-06,KCA,KCA,0.4,0.1,0.323,0.323
TEX201607080,2016-07-08,TEX,MIN,2,0,2.09,3.7,1e-06,1e-06,TEX,TEX,0.6,0.4,0.343,0.32
PIT201607080,2016-07-08,PIT,CHN,0,0,3.52,3.1,898.8824563980571,660.0502267315369,SLN,CHN,0.7,1.3,0.344,0.338
SFN201607080,2016-07-08,SFN,ARI,0,2,3.81,5.15,1e-06,1050.993394248722,SFN,ARI,0.5,0.7,0.347,0.313
CLE201607080,2016-07-08,CLE,NYA,4,0,3.14,4.73,1e-06,1e-06,CLE,CLE,1.0,0.4,0.354,0.307
NYN201607080,2016-07-08,NYN,WAS,0,0,2.6,3.6,1e-06,1e-06,NYN,NYN,0.4,0.4,0.316,0.326
COL201607080,2016-07-08,COL,PHI,0,0,4.73,,1e-06,1e-06,COL,COL,0.5,0.4,0.369,0.31
CHA201607080,2016-07-08,CHA,ATL,1,1,3.34,5.0,1e-06,1e-06,CHA,CHN,0.1,0.5,0.323,0.313
MIA201607080,2016-07-08,MIA,CIN,1,0,2.86,3.76,1756.5620451799746,1915.1205670973725,NYN,CHN,0.9,1.0,0.31,0.308
HOU201607080,2016-07-08,HOU,OAK,0,0,4.43,3.62,1e-06,1e-06,HOU,HOU,1.0,0.3,0.311,0.316
MIL201607080,2016-07-08,MIL,SLN,0,0,2.33,4.46,1025.9779093655509,526.8349145670746,WAS,SLN,0.6,0.4,0.325,0.329
MIA201607090,2016-07-09,MIA,CIN,1,0,3.85,6.43,1e-06,1e-06,MIA,MIA,1.0,1.0,0.31,0.308
COL201607090,2016-07-09,COL,PHI,0,0,3.54,3.65,1e-06,1e-06,COL,COL,0.5,0.3,0.369,0.31
MIL201607090,2016-07-09,MIL,SLN,0,0,4.39,3.04,1e-06,1e-06,MIL,MIL,0.6,0.4,0.325,0.329
CHA201607090,2016-07-09,CHA,ATL,0,1,3.2,3.21,1e-06,1e-06,CHA,CHA,0.1,0.4,0.323,0.313
TOR201607090,2016-07-09,TOR,DET,0,0,4.12,2.97,1e-06,1e-06,TOR,TOR,1.3,0.0,0.339,0.324
PIT201607090,2016-07-09,PIT,CHN,0,2,3.56,4.68,1e-06,1e-06,PIT,PIT,0.7,0.9,0.344,0.338
SFN201607090,2016-07-09,SFN,ARI,0,0,2.53,4.9,1e-06,1e-06,SFN,SFN,0.5,0.9,0.347,0.313
HOU201607090,2016-07-09,HOU,OAK,0,0,3.22,4.11,1e-06,1e-06,HOU,HOU,0.7,0.3,0.311,0.316
TEX201607090,2016-07-09,TEX,MIN,0,0,12.54,4.42,1e-06,1e-06,TEX,TEX,0.8,0.3,0.343,0.32
NYN201607090,2016-07-09,NYN,WAS,1,0,5.2,2.96,1e-06,1e-06,NYN,NYN,0.3,0.4,0.316,0.326
KCA201607090,2016-07-09,KCA,SEA,0,0,5.37,5.37,1e-06,1e-06,KCA,KCA,0.2,0.0,0.323,0.323
BOS201607090,2016-07-09,BOS,TBA,0,1,3.15,4.08,1e-06,1e-06,BOS,BOS,0.6,0.7,0.365,0.313
LAN201607090,2016-07-09,LAN,SDN,1,2,4.95,5.71,1e-06,1e-06,LAN,LAN,1.0,0.5,0.323,0.29
BAL201607090,2016-07-09,BAL,ANA,0,0,2.05,3.46,1e-06,1e-06,BAL,BAL,1.1,0.5,0.324,0.326
CLE201607090,2016-07-09,CLE,NYA,1,0,3.18,1.55,1e-06,1e-06,CLE,CLE,1.3,0.0,0.354,0.307
MIL201607100,2016-07-10,MIL,SLN,1,0,2.81,4.69,1e-06,1e-06,MIL,MIL,0.6,0.3,0.325,0.329
BAL201607100,2016-07-10,BAL,ANA,0,1,3.77,9.16,1e-06,1e-06,BAL,BAL,1.0,0.4,0.324,0.326
TEX201607100,2016-07-10,TEX,MIN,0,0,5.07,,1e-06,1e-06,TEX,TEX,0.8,0.3,0.343,0.32
SFN201607100,2016-07-10,SFN,ARI,2,0,2.74,5.02,1e-06,1e-06,SFN,SFN,0.5,0.9,0.347,0.313
TOR201607100,2016-07-10,TOR,DET,0,0,4.46,5.87,1e-06,1e-06,TOR,TOR,1.0,0.0,0.339,0.324
BOS201607100,2016-07-10,BOS,TBA,3,0,3.99,3.69,1e-06,1e-06,BOS,BOS,0.6,0.8,0.365,0.313
HOU201607100,2016-07-10,HOU,OAK,0,0,2.25,3.76,1e-06,1e-06,HOU,HOU,0.7,0.2,0.311,0.316
MIA201607100,2016-07-10,MIA,CIN,0,1,3.4,7.36,1e-06,1e-06,MIA,MIA,1.0,0.7,0.31,0.308
LAN201607100,2016-07-10,LAN,SDN,1,0,3.48,4.8,1e-06,1e-06,LAN,LAN,1.1,0.6,0.323,0.29
CHA201607100,2016-07-10,CHA,ATL,0,0,5.85,4.31,1e-06,1e-06,CHA,CHA,0.1,0.5,0.323,0.313
NYN201607100,2016-07-10,NYN,WAS,1,2,3.4,4.57,1e-06,1e-06,NYN,NYN,0.4,0.3,0.316,0.326
COL201607100,2016-07-10,COL,PHI,0,0,3.87,5.54,1e-06,1e-06,COL,COL,0.5,0.3,0.369,0.31
CLE201607100,2016-07-10,CLE,NYA,0,0,3.32,4.76,1e-06,1e-06,CLE,CLE,0.9,0.0,0.354,0.307
KCA201607100,2016-07-10,KCA,SEA,0,2,4.68,2.52,1e-06,1e-06,KCA,KCA,0.2,0.0,0.323,0.323
PIT201607100,2016-07-10,PIT,CHN,0,2,3.06,2.85,1e-06,1e-06,PIT,PIT,0.7,1.1,0.344,0.338
WAS201607150,2016-07-15,WAS,PIT,0,0,3.6,4.69,326.3648041771951,305.44483751928374,NYN,PIT,0.8,0.1,0.326,0.322
SLN201607150,2016-07-15,SLN,MIA,0,0,,3.44,526.8349145670746,1707.3616110149374,MIL,MIA,0.2,0.4,0.321,0.333
NYA201607150,2016-07-15,NYA,BOS,0,0,4.82,3.33,649.8727601989037,306.2037667286439,CLE,BOS,0.1,0.4,0.322,0.33
ARI201607150,2016-07-15,ARI,LAN,0,1,5.15,5.1,1050.993394248722,574.8341159449532,SFN,LAN,0.9,0.1,0.328,0.315
OAK201607150,2016-07-15,OAK,TOR,2,0,2.42,3.93,2629.671879056886,3630.644600855592,HOU,TOR,0.3,1.0,0.291,0.317
MIN201607150,2016-07-15,MIN,CLE,1,0,3.38,3.32,1396.7696185124962,1013.2251113855248,TEX,CLE,1.0,0.5,0.313,0.297
ATL201607150,2016-07-15,ATL,COL,0,1,4.21,5.51,947.8182724063668,1946.7466716258368,CHA,COL,0.3,0.3,0.328,0.302
PHI201607150,2016-07-15,PHI,NYN,0,0,3.71,3.43,2534.0409405234473,129.48897528262268,COL,NYN,0.9,0.1,0.291,0.315
ANA201607150,2016-07-15,ANA,CHA,0,0,4.7,3.73,3703.3736830857606,2786.2559450879285,BAL,CHA,0.7,0.6,0.317,0.311
SEA201607150,2016-07-15,SEA,HOU,0,1,3.79,4.64,2418.3539462011913,3039.1839825945185,KCA,HOU,0.9,1.3,0.33,0.326
SDN201607150,2016-07-15,SDN,SFN,1,0,5.25,2.74,179.52869961196944,738.1265117326025,LAN,SFN,0.9,0.0,0.308,0.309
CHN201607150,2016-07-15,CHN,TEX,0,0,2.13,4.39,660.0502267315369,1309.650558347085,PIT,TEX,0.7,1.1,0.34,0.298
TBA201607150,2016-07-15,TBA,BAL,1,0,4.02,3.13,1926.694381718032,1393.7772067986984,BOS,BAL,0.2,0.1,0.301,0.308
DET201607150,2016-07-15,DET,KCA,1,0,3.04,3.86,332.4198044988213,1034.95696626315,TOR,KCA,0.9,0.1,0.338,0.302
CIN201607150,2016-07-15,CIN,MIL,0,1,3.28,4.51,1534.6263109130673,525.1892238126902,MIA,MIL,0.2,0.2,0.324,0.32
MIN201607160,2016-07-16,MIN,CLE,0,1,5.27,,1e-06,1e-06,MIN,MIN,1.1,0.5,0.313,0.297
CHN201607160,2016-07-16,CHN,TEX,0,0,3.83,3.41,1e-06,1e-06,CHN,CHN,0.5,1.0,0.34,0.298
NYA201607160,2016-07-16,NYA,BOS,0,0,3.91,4.71,1e-06,1e-06,NYA,NYA,0.1,0.4,0.322,0.33
SEA201607160,2016-07-16,SEA,HOU,0,0,4.12,3.22,1e-06,1e-06,SEA,SEA,0.9,1.4,0.33,0.326
ANA201607160,2016-07-16,ANA,CHA,1,0,3.88,5.85,1e-06,1e-06,ANA,ANA,0.7,0.6,0.317,0.311
WAS201607160,2016-07-16,WAS,PIT,1,0,2.83,3.88,1e-06,1e-06,WAS,WAS,0.8,0.1,0.326,0.322
DET201607160,2016-07-16,DET,KCA,1,4,5.07,3.51,1e-06,1e-06,DET,DET,0.8,0.1,0.338,0.302
ATL201607160,2016-07-16,ATL,COL,0,0,3.06,3.69,1e-06,1e-06,ATL,ATL,0.3,0.4,0.328,0.302
CIN201607160,2016-07-16,CIN,MIL,0,4,6.43,4.62,1e-06,1e-06,CIN,CIN,0.2,0.2,0.324,0.32
SLN201607160,2016-07-16,SLN,MIA,0,0,4.62,4.33,1e-06,1e-06,SLN,SLN,0.2,0.3,0.321,0.333
PHI201607160,2016-07-16,PHI,NYN,0,0,3.83,2.79,1e-06,1e-06,PHI,PHI,0.7,0.1,0.291,0.315
TBA201607160,2016-07-16,TBA,BAL,0,0,4.08,3.77,1e-06,1e-06,TBA,TBA,0.3,0.1,0.301,0.308
ARI201607160,2016-07-16,ARI,LAN,0,0,4.44,5.49,1e-06,1e-06,ARI,ARI,0.9,0.1,0.328,0.315
OAK201607160,2016-07-16,OAK,TOR,0,0,5.69,4.46,1e-06,1e-06,OAK,OAK,0.5,0.7,0.291,0.317
SDN201607160,2016-07-16,SDN,SFN,2,0,3.92,3.57,1e-06,1e-06,SDN,SDN,1.0,0.0,0.308,0.309
DET201607170,2016-07-17,DET,KCA,0,0,3.24,4.05,1e-06,1e-06,DET,DET,0.7,0.5,0.338,0.302
SLN201607170,2016-07-17,SLN,MIA,0,0,4.3,2.85,1e-06,1e-06,SLN,SLN,0.2,0.3,0.321,0.333
CHN201607170,2016-07-17,CHN,TEX,0,0,3.35,3.32,1e-06,1e-06,CHN,CHN,0.5,0.8,0.34,0.298
MIN201607170,2016-07-17,MIN,CLE,0,0,5.07,4.4,1e-06,1e-06,MIN,MIN,0.7,0.4,0.313,0.297
OAK201607170,2016-07-17,OAK,TOR,0,1,3.97,4.12,1e-06,1e-06,OAK,OAK,0.5,0.4,0.291,0.317
WAS201607170,2016-07-17,WAS,PIT,0,0,4.95,5.5,1e-06,1e-06,WAS,WAS,0.9,0.1,0.326,0.322
PHI201607170,2016-07-17,PHI,NYN,0,0,5.54,3.04,1e-06,1e-06,PHI,PHI,0.6,0.1,0.291,0.315
CIN201607170,2016-07-17,CIN,MIL,0,0,4.14,2.15,1e-06,1e-06,CIN,CIN,0.2,0.5,0.324,0.32
NYA201607170,2016-07-17,NYA,BOS,0,1,3.07,3.99,1e-06,1e-06,NYA,NYA,0.0,0.4,0.322,0.33
TBA201607170,2016-07-17,TBA,BAL,1,1,3.69,4.02,1e-06,1e-06,TBA,TBA,0.3,0.0,0.301,0.308
ARI201607170,2016-07-17,ARI,LAN,3,0,4.9,3.48,1e-06,1e-06,ARI,ARI,0.9,0.1,0.328,0.315
ANA201607170,2016-07-17,ANA,CHA,2,0,5.06,6.57,1e-06,1e-06,ANA,ANA,0.7,0.6,0.317,0.311
SEA201607170,2016-07-17,SEA,HOU,0,1,2.52,4.34,1e-06,1e-06,SEA,SEA,0.9,1.4,0.33,0.326
ATL201607170,2016-07-17,ATL,COL,0,0,3.06,5.31,1e-06,1e-06,ATL,ATL,0.3,0.4,0.328,0.302
SDN201607170,2016-07-17,SDN,SFN,0,0,5.89,2.79,1e-06,1e-06,SDN,SDN,1.0,0.0,0.308,0.309
DET201607180,2016-07-18,DET,MIN,0,0,4.53,4.42,1e-06,872.516450655481,DET,MIN,0.7,0.3,0.338,0.32
CIN201607180,2016-07-18,CIN,ATL,0,0,3.98,5.0,1e-06,595.1171397463928,CIN,ATL,0.2,0.5,0.324,0.313
PHI201607180,2016-07-18,PHI,MIA,1,0,5.89,2.85,1e-06,1300.629186583633,PHI,SLN,0.6,0.3,0.291,0.333
SLN201607180,2016-07-18,SLN,SDN,0,0,4.69,4.8,1e-06,2512.7882729547905,SLN,SDN,0.2,0.6,0.321,0.29
KCA201607180,2016-07-18,KCA,CLE,0,1,3.86,3.24,1034.95696626315,662.9211681328137,DET,MIN,0.2,0.4,0.323,0.297
COL201607180,2016-07-18,COL,TBA,1,1,3.54,4.88,1946.7466716258368,2454.2852318253576,ATL,TBA,0.3,0.7,0.369,0.313
SEA201607180,2016-07-18,SEA,CHA,0,1,7.71,3.47,1e-06,1575.276973597757,SEA,ANA,0.6,0.5,0.33,0.311
OAK201607180,2016-07-18,OAK,HOU,0,0,4.11,4.48,1e-06,1089.6592015072615,OAK,SEA,0.5,1.5,0.291,0.326
NYA201607180,2016-07-18,NYA,BAL,0,0,4.17,3.61,1e-06,1638.0556824552712,NYA,TBA,0.0,0.1,0.322,0.308
CHN201607180,2016-07-18,CHN,NYN,0,0,2.44,3.4,1e-06,1068.017024042746,CHN,PHI,0.4,0.1,0.34,0.315
ANA201607180,2016-07-18,ANA,TEX,0,3,4.35,6.09,1e-06,2786.2559450879285,ANA,CHN,0.9,0.8,0.317,0.298
BOS201607190,2016-07-19,BOS,SFN,0,0,3.15,5.54,306.2037667286439,4150.310228277586,NYA,SDN,0.9,0.0,0.365,0.309
CHN201607190,2016-07-19,CHN,NYN,0,0,3.53,3.48,1e-06,1e-06,CHN,CHN,0.4,0.1,0.34,0.315
OAK201607190,2016-07-19,OAK,HOU,0,0,2.64,3.06,1e-06,1e-06,OAK,OAK,0.5,1.5,0.291,0.326
SEA201607190,2016-07-19,SEA,CHA,0,0,5.37,3.2,1e-06,1e-06,SEA,SEA,0.5,0.6,0.33,0.311
PHI201607190,2016-07-19,PHI,MIA,0,0,3.84,3.4,1e-06,1e-06,PHI,PHI,0.7,0.3,0.291,0.333
CIN201607190,2016-07-19,CIN,ATL,2,0,4.14,2.82,1e-06,1e-06,CIN,CIN,0.2,0.5,0.324,0.313
KCA201607190,2016-07-19,KCA,CLE,0,2,2.6,3.87,1e-06,1e-06,KCA,KCA,0.2,0.4,0.323,0.297
ANA201607190,2016-07-19,ANA,TEX,0,0,9.16,12.54,1e-06,1e-06,ANA,ANA,0.9,1.0,0.317,0.298
COL201607190,2016-07-19,COL,TBA,0,1,3.87,3.54,1e-06,1e-06,COL,COL,0.4,0.6,0.369,0.313
NYA201607190,2016-07-19,NYA,BAL,0,0,4.76,3.53,1e-06,1e-06,NYA,NYA,0.0,0.1,0.322,0.308
WAS201607190,2016-07-19,WAS,LAN,0,3,4.91,4.56,1e-06,3184.3579900386735,WAS,ARI,0.9,0.1,0.326,0.315
DET201607190,2016-07-19,DET,MIN,0,0,5.87,,1e-06,1e-06,DET,DET,0.6,0.3,0.338,0.32
ARI201607190,2016-07-19,ARI,TOR,1,0,6.39,3.0,1e-06,1040.2976618519092,ARI,OAK,1.2,0.5,0.328,0.317
PIT201607190,2016-07-19,PIT,MIL,2,0,1.64,2.15,305.44483751928374,415.25842934625814,WAS,CIN,0.7,0.5,0.344,0.32
KCA201607200,2016-07-20,KCA,CLE,0,1,3.68,3.32,1e-06,1e-06,KCA,KCA,0.2,0.5,0.323,0.297
CHN201607200,2016-07-20,CHN,NYN,2,0,2.13,3.43,1e-06,1e-06,CHN,CHN,0.3,0.1,0.34,0.315
BOS201607200,2016-07-20,BOS,SFN,0,0,4.05,5.64,1e-06,1e-06,BOS,BOS,0.9,0.0,0.365,0.309
PIT201607200,2016-07-20,PIT,MIL,0,0,5.44,2.73,1e-06,1e-06,PIT,PIT,0.9,0.5,0.344,0.32
DET201607200,2016-07-20,DET,MIN,1,1,3.24,3.7,1e-06,1e-06,DET,DET,0.6,0.3,0.338,0.32
ANA201607200,2016-07-20,ANA,TEX,4,0,4.7,4.39,1e-06,1e-06,ANA,ANA,0.7,1.0,0.317,0.298
NYA201607200,2016-07-20,NYA,BAL,1,0,4.82,5.42,1e-06,1e-06,NYA,NYA,0.0,0.1,0.322,0.308
WAS201607200,2016-07-20,WAS,LAN,2,0,4.57,5.1,1e-06,1e-06,WAS,WAS,0.5,0.4,0.326,0.315
PHI201607200,2016-07-20,PHI,MIA,2,0,3.71,4.96,1e-06,1e-06,PHI,PHI,0.6,0.0,0.291,0.333
SLN201607202,2016-07-20,SLN,SDN,0,0,4.67,4.04,1e-06,1e-06,SLN,SLN,0.1,0.5,0.321,0.29
ARI201607200,2016-07-20,ARI,TOR,1,2,5.15,4.37,1e-06,1e-06,ARI,ARI,1.0,0.5,0.328,0.317
SLN201607201,2016-07-20,SLN,SDN,0,2,3.04,4.82,1e-06,1e-06,SLN,SLN,0.1,0.4,0.321,0.29
SEA201607200,2016-07-20,SEA,CHA,0,3,3.53,2.08,1e-06,1e-06,SEA,SEA,0.5,0.4,0.33,0.311
CIN201607200,2016-07-20,CIN,ATL,0,1,3.28,4.21,1e-06,1e-06,CIN,CIN,0.4,0.5,0.324,0.313
COL201607200,2016-07-20,COL,TBA,0,1,5.51,4.02,1e-06,1e-06,COL,COL,0.3,0.7,0.369,0.313
OAK201607200,2016-07-20,OAK,HOU,0,1,6.5,4.64,1e-06,1e-06,OAK,OAK,0.5,0.6,0.291,0.326
COL201607210,2016-07-21,COL,ATL,0,0,4.79,4.31,1e-06,1756.1898521305268,COL,CIN,0.3,0.6,0.369,0.313
OAK201607210,2016-07-21,OAK,TBA,0,1,5.69,4.08,1e-06,1511.503011223779,OAK,COL,0.5,0.8,0.291,0.313
WAS201607210,2016-07-21,WAS,LAN,1,2,3.6,3.38,1e-06,1e-06,WAS,WAS,0.6,0.4,0.326,0.315
NYA201607210,2016-07-21,NYA,BAL,0,2,3.91,3.77,1e-06,1e-06,NYA,NYA,0.1,0.1,0.322,0.308
PIT201607210,2016-07-21,PIT,MIL,3,0,4.69,4.51,1e-06,1e-06,PIT,PIT,0.7,0.5,0.344,0.32
PHI201607210,2016-07-21,PHI,MIA,0,0,3.65,4.33,1e-06,1e-06,PHI,PHI,0.7,0.0,0.291,0.333
BOS201607210,2016-07-21,BOS,MIN,3,0,3.33,6.43,1e-06,984.732039314543,BOS,DET,0.8,0.4,0.365,0.32
CHA201607210,2016-07-21,CHA,DET,0,0,5.85,5.07,2788.668911659839,380.91207013286544,SEA,DET,0.1,0.0,0.323,0.324
SLN201607210,2016-07-21,SLN,SDN,0,0,4.3,5.96,1e-06,1e-06,SLN,SLN,0.0,0.6,0.321,0.29
SLN201607220,2016-07-22,SLN,LAN,0,1,3.41,5.1,1e-06,1142.2462660488457,SLN,WAS,0.0,0.6,0.321,0.315
MIA201607220,2016-07-22,MIA,NYN,0,1,2.28,3.48,1644.1190984600378,1915.1205670973725,PHI,CHN,1.0,0.1,0.31,0.315
WAS201607220,2016-07-22,WAS,SDN,2,1,2.83,5.71,1e-06,1142.2462660488457,WAS,SLN,0.7,0.6,0.326,0.29
COL201607220,2016-07-22,COL,ATL,0,1,4.61,4.88,1e-06,1e-06,COL,COL,0.3,0.5,0.369,0.313
CIN201607220,2016-07-22,CIN,ARI,3,2,3.76,5.02,1e-06,2538.655038172322,CIN,ARI,0.4,0.9,0.324,0.313
TOR201607220,2016-07-22,TOR,SEA,0,1,3.48,3.79,3036.6167095848677,3325.1452076248356,ARI,SEA,1.0,0.2,0.339,0.323
PIT201607220,2016-07-22,PIT,PHI,0,0,3.88,5.54,1e-06,412.2899901216241,PIT,PHI,0.9,0.3,0.344,0.31
CHA201607220,2016-07-22,CHA,DET,1,0,8.49,3.07,1e-06,1e-06,CHA,CHA,0.1,0.0,0.323,0.324
KCA201607220,2016-07-22,KCA,TEX,1,0,3.51,3.41,1e-06,2158.345510444982,KCA,ANA,0.2,1.0,0.323,0.298
BOS201607220,2016-07-22,BOS,MIN,1,0,4.71,5.07,1e-06,1e-06,BOS,BOS,1.1,0.4,0.365,0.32
HOU201607220,2016-07-22,HOU,ANA,0,0,3.22,3.88,2629.671879056886,2169.9670210701,OAK,ANA,0.7,0.5,0.311,0.326
BAL201607220,2016-07-22,BAL,CLE,3,0,4.02,4.26,272.81937803481173,1545.5901214265937,NYA,KCA,0.8,0.6,0.324,0.297
OAK201607220,2016-07-22,OAK,TBA,0,0,3.97,4.2,1e-06,1e-06,OAK,OAK,0.4,0.6,0.291,0.313
NYA201607220,2016-07-22,NYA,SFN,1,0,1.45,4.71,1e-06,306.2037667286439,NYA,BOS,0.1,0.0,0.322,0.309
MIL201607220,2016-07-22,MIL,CHN,0,1,4.62,3.83,722.0054120555708,132.54357794550742,PIT,CHN,0.7,1.3,0.325,0.338
KCA201607230,2016-07-23,KCA,TEX,1,0,4.45,3.32,1e-06,1e-06,KCA,KCA,0.3,0.9,0.323,0.298
OAK201607230,2016-07-23,OAK,TBA,1,0,4.11,1.91,1e-06,1e-06,OAK,OAK,0.2,0.6,0.291,0.313
BAL201607230,2016-07-23,BAL,CLE,3,0,3.61,4.4,1e-06,1e-06,BAL,BAL,0.8,0.6,0.324,0.297
CHA201607230,2016-07-23,CHA,DET,0,1,3.47,4.14,1e-06,1e-06,CHA,CHA,0.2,0.0,0.323,0.324
COL201607230,2016-07-23,COL,ATL,0,0,3.54,5.0,1e-06,1e-06,COL,COL,0.2,0.6,0.369,0.313
NYA201607230,2016-07-23,NYA,SFN,0,0,5.52,3.57,1e-06,1e-06,NYA,NYA,0.2,0.0,0.322,0.309
MIA201607230,2016-07-23,MIA,NYN,0,0,2.86,3.04,1e-06,1e-06,MIA,MIA,0.8,0.2,0.31,0.315
PIT201607230,2016-07-23,PIT,PHI,1,1,4.5,4.78,1e-06,1e-06,PIT,PIT,0.9,0.3,0.344,0.31
CIN201607230,2016-07-23,CIN,ARI,3,1,2.88,4.9,1e-06,1e-06,CIN,CIN,0.7,0.8,0.324,0.313
WAS201607230,2016-07-23,WAS,SDN,0,0,4.37,3.92,1e-06,1e-06,WAS,WAS,0.9,0.7,0.326,0.29
TOR201607230,2016-07-23,TOR,SEA,0,0,4.46,4.12,1e-06,1e-06,TOR,TOR,1.0,0.3,0.339,0.323
HOU201607230,2016-07-23,HOU,ANA,0,0,4.34,5.06,1e-06,1e-06,HOU,HOU,0.7,0.5,0.311,0.326
BOS201607230,2016-07-23,BOS,MIN,1,1,,3.7,1e-06,1e-06,BOS,BOS,1.2,0.3,0.365,0.32
MIL201607230,2016-07-23,MIL,CHN,2,0,3.97,3.35,1e-06,1e-06,MIL,MIL,0.7,1.2,0.325,0.338
SLN201607230,2016-07-23,SLN,LAN,0,0,4.69,3.48,1e-06,1e-06,SLN,SLN,0.0,0.7,0.321,0.315
WAS201607240,2016-07-24,WAS,SDN,1,0,4.37,2.86,1e-06,1e-06,WAS,WAS,0.9,0.7,0.326,0.29
MIA201607240,2016-07-24,MIA,NYN,0,0,6.13,3.4,1e-06,1e-06,MIA,MIA,0.8,0.1,0.31,0.315
CIN201607240,2016-07-24,CIN,ARI,2,1,3.98,6.39,1e-06,1e-06,CIN,CIN,0.8,0.9,0.324,0.313
PIT201607240,2016-07-24,PIT,PHI,0,1,3.52,3.83,1e-06,1e-06,PIT,PIT,1.0,0.4,0.344,0.31
BAL201607240,2016-07-24,BAL,CLE,0,0,3.77,2.51,1e-06,1e-06,BAL,BAL,1.1,0.6,0.324,0.297
SLN201607240,2016-07-24,SLN,LAN,1,6,27.0,4.56,1e-06,1e-06,SLN,SLN,0.0,0.7,0.321,0.315
KCA201607240,2016-07-24,KCA,TEX,0,0,3.86,2.79,1e-06,1e-06,KCA,KCA,0.2,0.5,0.323,0.298
CHA201607240,2016-07-24,CHA,DET,1,0,3.47,2.97,1e-06,1e-06,CHA,CHA,0.2,0.1,0.323,0.324
HOU201607240,2016-07-24,HOU,ANA,4,0,4.48,9.16,1e-06,1e-06,HOU,HOU,0.6,0.3,0.311,0.326
MIL201607240,2016-07-24,MIL,CHN,2,0,3.35,0.0,1e-06,1e-06,MIL,MIL,0.7,1.1,0.325,0.338
COL201607240,2016-07-24,COL,ATL,4,0,3.87,5.88,1e-06,1e-06,COL,COL,0.2,0.6,0.369,0.313
BOS201607240,2016-07-24,BOS,MIN,0,0,3.15,,1e-06,1e-06,BOS,BOS,1.2,0.4,0.365,0.32
TOR201607240,2016-07-24,TOR,SEA,0,0,3.18,5.37,1e-06,1e-06,TOR,TOR,0.7,0.3,0.339,0.323
NYA201607240,2016-07-24,NYA,SFN,1,0,4.76,3.81,1e-06,1e-06,NYA,NYA,0.2,0.0,0.322,0.309
OAK201607240,2016-07-24,OAK,TBA,2,0,2.42,3.77,1e-06,1e-06,OAK,OAK,0.3,0.5,0.291,0.313
SFN201607250,2016-07-25,SFN,CIN,1,0,5.54,3.28,4128.529875974277,3280.370735305635,NYA,CIN,0.6,0.8,0.347,0.308
KCA201607250,2016-07-25,KCA,ANA,0,4,3.68,4.7,1e-06,1040.8267966673652,KCA,HOU,0.2,0.3,0.323,0.326
HOU201607250,2016-07-25,HOU,NYA,1,0,4.55,4.82,1e-06,2282.180747677387,HOU,NYA,0.9,0.0,0.311,0.307
CHA201607250,2016-07-25,CHA,CHN,0,0,2.08,2.52,1e-06,132.54357794550742,CHA,MIL,0.3,0.8,0.323,0.338
MIL201607250,2016-07-25,MIL,ARI,1,0,4.39,5.27,1e-06,525.1892238126902,MIL,CIN,0.6,1.0,0.325,0.313
BAL201607250,2016-07-25,BAL,COL,0,0,3.64,5.83,1e-06,2423.9297247133413,BAL,COL,1.1,0.1,0.324,0.302
BOS201607250,2016-07-25,BOS,DET,0,0,3.32,3.04,1e-06,1365.5064971534737,BOS,CHA,1.2,0.1,0.365,0.324
TEX201607250,2016-07-25,TEX,OAK,1,3,3.4,3.62,738.3603208647532,2350.5503898425545,KCA,OAK,0.8,0.0,0.343,0.316
TOR201607250,2016-07-25,TOR,SDN,0,0,3.0,4.82,1e-06,563.6478111844908,TOR,WAS,0.4,0.6,0.339,0.29
MIA201607250,2016-07-25,MIA,PHI,0,0,3.44,3.84,1e-06,1630.230113794326,MIA,PIT,0.8,0.4,0.31,0.31
CLE201607260,2016-07-26,CLE,WAS,2,2,3.24,4.37,495.2645964012307,490.8851885982564,BAL,WAS,0.8,0.4,0.354,0.326
PIT201607260,2016-07-26,PIT,SEA,3,0,4.69,3.82,1e-06,360.601143606632,PIT,TOR,1.0,0.3,0.344,0.323
SFN201607260,2016-07-26,SFN,CIN,0,0,5.64,7.36,1e-06,1e-06,SFN,SFN,0.7,0.7,0.347,0.308
BAL201607260,2016-07-26,BAL,COL,0,0,3.77,4.79,1e-06,1e-06,BAL,BAL,1.1,0.1,0.324,0.302
BOS201607260,2016-07-26,BOS,DET,0,2,3.25,2.96,1e-06,1e-06,BOS,BOS,1.0,0.1,0.365,0.324
MIA201607260,2016-07-26,MIA,PHI,0,0,4.33,3.65,1e-06,1e-06,MIA,MIA,0.8,0.4,0.31,0.31
MIN201607260,2016-07-26,MIN,ATL,0,0,3.38,4.21,1804.1923618308683,1123.7187605762444,BOS,COL,0.6,0.4,0.313,0.313
TEX201607260,2016-07-26,TEX,OAK,0,0,5.59,5.69,1e-06,1e-06,TEX,TEX,0.9,0.3,0.343,0.316
KCA201607260,2016-07-26,KCA,ANA,0,1,4.68,4.17,1e-06,1e-06,KCA,KCA,0.2,0.7,0.323,0.326
TOR201607260,2016-07-26,TOR,SDN,2,0,4.43,5.96,1e-06,1e-06,TOR,TOR,0.3,0.5,0.339,0.29
MIL201607260,2016-07-26,MIL,ARI,3,2,2.15,5.22,1e-06,1e-06,MIL,MIL,0.7,1.0,0.325,0.313
CHA201607260,2016-07-26,CHA,CHN,1,0,5.85,2.13,1e-06,1e-06,CHA,CHA,0.3,0.6,0.323,0.338
NYN201607262,2016-07-26,NYN,SLN,0,0,3.43,4.67,1e-06,1e-06,NYN,NYN,0.5,0.3,0.316,0.329
NYN201607261,2016-07-26,NYN,SLN,0,0,2.6,3.04,1756.5620451799746,1403.0288811452067,MIA,SLN,0.5,0.3,0.316,0.329
HOU201607260,2016-07-26,HOU,NYA,1,0,4.64,3.91,1e-06,1e-06,HOU,HOU,0.9,0.0,0.311,0.307
LAN201607260,2016-07-26,LAN,TBA,0,0,5.1,4.02,2553.1974748902726,552.4676717810693,SLN,OAK,1.1,0.5,0.323,0.313
HOU201607270,2016-07-27,HOU,NYA,0,0,3.22,3.07,1e-06,1e-06,HOU,HOU,1.0,0.0,0.311,0.307
MIL201607270,2016-07-27,MIL,ARI,0,6,4.62,5.02,1e-06,1e-06,MIL,MIL,1.0,1.1,0.325,0.313
TEX201607270,2016-07-27,TEX,OAK,0,2,2.48,2.42,1e-06,1e-06,TEX,TEX,0.9,0.3,0.343,0.316
SFN201607270,2016-07-27,SFN,CIN,0,0,2.74,3.76,1e-06,1e-06,SFN,SFN,0.6,0.7,0.347,0.308
BOS201607270,2016-07-27,BOS,DET,1,0,2.25,2.97,1e-06,1e-06,BOS,BOS,0.8,0.3,0.365,0.324
CHN201607270,2016-07-27,CHN,CHA,0,0,3.83,9.48,1e-06,1e-06,CHA,CHA,0.5,0.6,0.34,0.311
KCA201607270,2016-07-27,KCA,ANA,0,0,4.05,3.88,1e-06,1e-06,KCA,KCA,0.2,0.8,0.323,0.326
LAN201607270,2016-07-27,LAN,TBA,0,0,4.95,4.08,1e-06,1e-06,LAN,LAN,1.1,0.5,0.323,0.313
MIN201607270,2016-07-27,MIN,ATL,0,4,6.43,4.31,1e-06,1e-06,MIN,MIN,0.5,0.3,0.313,0.313
TOR201607270,2016-07-27,TOR,SDN,0,0,4.46,5.71,1e-06,1e-06,TOR,TOR,0.4,0.3,0.339,0.29
PIT201607270,2016-07-27,PIT,SEA,0,0,3.88,3.79,1e-06,1e-06,PIT,PIT,0.9,0.3,0.344,0.323
BAL201607270,2016-07-27,BAL,COL,0,0,4.02,4.61,1e-06,1e-06,BAL,BAL,1.1,0.1,0.324,0.302
NYN201607270,2016-07-27,NYN,SLN,0,0,2.55,4.3,1e-06,1e-06,NYN,NYN,0.3,0.3,0.316,0.329
MIA201607270,2016-07-27,MIA,PHI,3,0,3.85,5.54,1e-06,1e-06,MIA,MIA,0.3,0.4,0.31,0.31
CLE201607270,2016-07-27,CLE,WAS,0,0,3.32,3.6,1e-06,1e-06,CLE,CLE,1.0,0.6,0.354,0.326
MIA201607280,2016-07-28,MIA,SLN,0,0,2.86,5.09,1e-06,1756.5620451799746,MIA,NYN,0.5,0.3,0.31,0.329
ANA201607280,2016-07-28,ANA,BOS,0,0,1.12,2.25,2158.345510444982,4151.631080145035,KCA,BOS,0.9,0.1,0.317,0.33
MIL201607280,2016-07-28,MIL,ARI,0,2,3.97,4.9,1e-06,1e-06,MIL,MIL,1.0,1.6,0.325,0.313
TEX201607280,2016-07-28,TEX,KCA,0,0,3.32,4.45,1e-06,738.3603208647532,TEX,KCA,0.9,0.5,0.343,0.302
NYN201607280,2016-07-28,NYN,COL,0,0,2.55,5.83,1e-06,272.81937803481173,NYN,BAL,0.2,0.1,0.316,0.302
MIN201607280,2016-07-28,MIN,BAL,1,1,3.7,5.93,1e-06,1508.338155320694,MIN,BAL,0.5,0.3,0.313,0.308
SFN201607280,2016-07-28,SFN,WAS,0,0,2.79,2.83,1e-06,3478.8930495355935,SFN,CLE,0.6,0.5,0.347,0.326
CHN201607280,2016-07-28,CHN,CHA,1,1,3.35,3.34,1e-06,1e-06,CHN,CHN,0.2,0.4,0.34,0.311
ATL201607280,2016-07-28,ATL,PHI,0,5,5.0,4.78,1461.737067247833,973.359131898138,MIN,MIA,0.2,0.2,0.328,0.31
CLE201607290,2016-07-29,CLE,OAK,0,0,6.68,4.11,1e-06,1666.9381007624936,CLE,TEX,1.0,0.5,0.354,0.316
TBA201607290,2016-07-29,TBA,NYA,2,0,3.69,4.17,3459.25197839954,1270.2138325576016,LAN,HOU,0.3,0.0,0.301,0.307
LAN201607290,2016-07-29,LAN,ARI,0,0,3.04,6.75,1e-06,2799.844413597458,LAN,MIL,0.9,1.6,0.323,0.313
NYN201607290,2016-07-29,NYN,COL,0,1,3.4,3.87,1e-06,1e-06,NYN,NYN,0.2,0.1,0.316,0.302
MIA201607290,2016-07-29,MIA,SLN,0,0,6.13,4.69,1e-06,1e-06,MIA,MIA,0.5,0.3,0.31,0.329
MIN201607290,2016-07-29,MIN,CHA,0,1,5.27,2.08,1e-06,571.0232496384983,MIN,CHN,0.2,0.5,0.313,0.311
CHN201607290,2016-07-29,CHN,SEA,0,0,2.44,4.12,1e-06,660.0502267315369,CHN,PIT,0.3,0.3,0.34,0.323
SDN201607290,2016-07-29,SDN,CIN,0,4,5.89,3.98,3483.4093062075885,738.1265117326025,TOR,SFN,0.9,0.4,0.308,0.308
DET201607290,2016-07-29,DET,HOU,2,2,4.53,4.34,984.732039314543,1780.0976623230767,BOS,HOU,0.7,0.7,0.338,0.326
TOR201607290,2016-07-29,TOR,BAL,3,2,3.48,3.61,1e-06,1113.301279752142,TOR,MIN,0.4,0.4,0.339,0.308
ANA201607290,2016-07-29,ANA,BOS,0,0,9.16,3.15,1e-06,1e-06,ANA,ANA,0.7,0.1,0.317,0.33
MIL201607290,2016-07-29,MIL,PIT,2,0,2.81,4.86,1e-06,722.0054120555708,MIL,PIT,0.9,0.1,0.325,0.322
SFN201607290,2016-07-29,SFN,WAS,0,0,3.81,2.96,1e-06,1e-06,SFN,SFN,0.6,0.5,0.347,0.326
TEX201607290,2016-07-29,TEX,KCA,3,0,5.07,5.37,1e-06,1e-06,TEX,TEX,0.6,0.4,0.343,0.302
ATL201607290,2016-07-29,ATL,PHI,0,0,5.88,,1e-06,1e-06,ATL,ATL,0.2,0.7,0.328,0.31
ANA201607300,2016-07-30,ANA,BOS,1,2,4.7,3.32,1e-06,1e-06,ANA,ANA,0.7,0.1,0.317,0.33
DET201607300,2016-07-30,DET,HOU,0,0,3.04,2.25,1e-06,1e-06,DET,DET,0.9,0.9,0.338,0.326
CHN201607300,2016-07-30,CHN,SEA,0,0,3.1,5.37,1e-06,1e-06,CHN,CHN,0.3,0.3,0.34,0.323
ATL201607300,2016-07-30,ATL,PHI,0,0,3.21,3.71,1e-06,1e-06,ATL,ATL,0.2,0.7,0.328,0.31
TOR201607300,2016-07-30,TOR,BAL,0,0,3.18,5.42,1e-06,1e-06,TOR,TOR,0.5,0.6,0.339,0.308
NYN201607300,2016-07-30,NYN,COL,1,0,3.43,5.51,1e-06,1e-06,NYN,NYN,0.2,0.2,0.316,0.302
SDN201607300,2016-07-30,SDN,CIN,0,0,2.92,3.14,1e-06,1e-06,SDN,SDN,0.8,0.8,0.308,0.308
TBA201607300,2016-07-30,TBA,NYA,1,0,4.88,4.76,1e-06,1e-06,TBA,TBA,0.5,0.0,0.301,0.307
SFN201607300,2016-07-30,SFN,WAS,0,0,2.13,4.5,1e-06,1e-06,SFN,SFN,0.6,0.5,0.347,0.326
MIA201607300,2016-07-30,MIA,SLN,4,0,2.28,4.67,1e-06,1e-06,MIA,MIA,0.4,0.2,0.31,0.329
MIN201607300,2016-07-30,MIN,CHA,0,0,3.66,3.0,1e-06,1e-06,MIN,MIN,0.2,0.6,0.313,0.311
MIL201607300,2016-07-30,MIL,PIT,2,0,4.39,3.38,1e-06,1e-06,MIL,MIL,1.1,0.1,0.325,0.322
CLE201607300,2016-07-30,CLE,OAK,1,1,4.4,11.47,1e-06,1e-06,CLE,CLE,0.7,0.5,0.354,0.316
LAN201607300,2016-07-30,LAN,ARI,0,1,4.56,5.27,1e-06,1e-06,LAN,LAN,0.9,1.4,0.323,0.313
TEX201607300,2016-07-30,TEX,KCA,0,1,2.48,9.24,1e-06,1e-06,TEX,TEX,0.9,0.4,0.343,0.302
CLE201607310,2016-07-31,CLE,OAK,0,0,3.14,5.69,1e-06,1e-06,CLE,CLE,0.8,0.6,0.354,0.316
ATL201607310,2016-07-31,ATL,PHI,0,0,2.82,5.36,1e-06,1e-06,ATL,ATL,0.2,0.7,0.328,0.31
SFN201607310,2016-07-31,SFN,WAS,0,0,5.64,4.57,1e-06,1e-06,SFN,SFN,0.5,0.5,0.347,0.326
TEX201607310,2016-07-31,TEX,KCA,2,1,4.21,4.68,1e-06,1e-06,TEX,TEX,0.6,0.5,0.343,0.302
MIN201607310,2016-07-31,MIN,CHA,3,0,3.38,4.04,1e-06,1e-06,MIN,MIN,0.2,0.6,0.313,0.311
TBA201607310,2016-07-31,TBA,NYA,0,0,3.54,4.82,1e-06,1e-06,TBA,TBA,0.6,0.0,0.301,0.307
SDN201607310,2016-07-31,SDN,CIN,1,0,4.04,6.65,1e-06,1e-06,SDN,SDN,0.7,0.8,0.308,0.308
CHN201607310,2016-07-31,CHN,SEA,0,2,3.53,3.86,1e-06,1e-06,CHN,CHN,0.3,0.3,0.34,0.323
MIL201607310,2016-07-31,MIL,PIT,1,0,4.51,4.69,1e-06,1e-06,MIL,MIL,1.3,0.1,0.325,0.322
DET201607310,2016-07-31,DET,HOU,6,0,5.07,4.55,1e-06,1e-06,DET,DET,0.9,0.9,0.338,0.326
MIA201607310,2016-07-31,MIA,SLN,3,0,2.81,3.46,1e-06,1e-06,MIA,MIA,0.7,0.0,0.31,0.329
NYN201607310,2016-07-31,NYN,COL,1,0,2.79,3.69,1e-06,1e-06,NYN,NYN,0.3,0.2,0.316,0.302
LAN201607310,2016-07-31,LAN,ARI,0,1,4.69,5.15,1e-06,1e-06,LAN,LAN,0.9,1.5,0.323,0.313
TOR201607310,2016-07-31,TOR,BAL,0,0,9.0,3.13,1e-06,1e-06,TOR,TOR,0.5,0.6,0.339,0.308
ANA201607310,2016-07-31,ANA,BOS,0,0,6.45,4.78,1e-06,1e-06,ANA,ANA,0.8,0.3,0.317,0.33
SEA201608010,2016-08-01,SEA,BOS,0,0,2.81,4.17,2788.668911659839,1575.276973597757,CHN,ANA,0.5,0.3,0.33,0.33
NYN201608010,2016-08-01,NYN,NYA,0,0,2.67,4.68,1e-06,1638.0556824552712,NYN,TBA,0.4,0.0,0.316,0.307
ARI201608010,2016-08-01,ARI,WAS,1,4,5.02,3.6,574.8341159449532,1050.993394248722,LAN,SFN,0.8,0.5,0.328,0.326
TBA201608010,2016-08-01,TBA,KCA,0,0,4.02,3.51,1e-06,1496.616116420437,TBA,TEX,0.6,0.6,0.301,0.302
HOU201608010,2016-08-01,HOU,TOR,0,0,4.43,3.97,1780.0976623230767,2094.913694918614,DET,TOR,0.7,0.7,0.311,0.317
SDN201608010,2016-08-01,SDN,MIL,0,0,5.96,4.62,1e-06,2790.8560532571964,SDN,MIL,0.7,0.5,0.308,0.32
CLE201608010,2016-08-01,CLE,MIN,3,2,3.87,8.02,1e-06,1013.2251113855248,CLE,MIN,0.8,0.2,0.354,0.32
CHN201608010,2016-08-01,CHN,MIA,2,0,2.13,3.85,1e-06,1915.1205670973725,CHN,MIA,0.3,0.0,0.34,0.333
SDN201608020,2016-08-02,SDN,MIL,0,0,5.71,3.97,1e-06,1e-06,SDN,SDN,0.7,0.5,0.308,0.32
SEA201608020,2016-08-02,SEA,BOS,0,1,8.44,3.66,1e-06,1e-06,SEA,SEA,0.4,0.3,0.33,0.33
ARI201608020,2016-08-02,ARI,WAS,1,1,4.9,2.83,1e-06,1e-06,ARI,ARI,0.9,0.8,0.328,0.326
COL201608020,2016-08-02,COL,LAN,0,0,4.61,4.95,2618.595617996944,1336.5596902131042,NYN,LAN,0.5,1.3,0.369,0.315
CHN201608020,2016-08-02,CHN,MIA,1,0,3.83,2.86,1e-06,1e-06,CHN,CHN,0.5,0.0,0.34,0.333
ATL201608020,2016-08-02,ATL,PIT,0,0,4.31,3.88,1e-06,1079.4745171093869,ATL,MIL,0.2,0.1,0.328,0.322
TBA201608020,2016-08-02,TBA,KCA,0,1,3.7,6.19,1e-06,1e-06,TBA,TBA,0.6,0.6,0.301,0.302
CIN201608020,2016-08-02,CIN,SLN,1,0,3.14,,3007.676031937142,1534.6263109130673,SDN,MIA,1.0,0.0,0.324,0.329
BAL201608020,2016-08-02,BAL,TEX,0,0,4.02,3.41,537.0332419152472,1968.7690954443951,TOR,TEX,1.1,0.3,0.324,0.298
ANA201608020,2016-08-02,ANA,OAK,0,0,3.88,3.86,1e-06,3271.7957310678776,ANA,CLE,0.8,0.6,0.317,0.316
PHI201608020,2016-08-02,PHI,SFN,2,0,2.58,3.35,1071.2330338826837,4049.99076989334,ATL,SFN,0.4,0.0,0.291,0.309
CLE201608020,2016-08-02,CLE,MIN,0,0,3.32,3.7,1e-06,1e-06,CLE,CLE,1.1,0.4,0.354,0.32
HOU201608020,2016-08-02,HOU,TOR,0,0,3.22,4.46,1e-06,1e-06,HOU,HOU,0.6,0.4,0.311,0.317
DET201608020,2016-08-02,DET,CHA,0,0,5.87,5.85,1e-06,872.516450655481,DET,MIN,1.5,0.6,0.338,0.311
NYN201608020,2016-08-02,NYN,NYA,0,0,3.04,3.07,1e-06,1e-06,NYN,NYN,0.4,0.0,0.316,0.307
CHN201608030,2016-08-03,CHN,MIA,0,1,4.1,2.81,1e-06,1e-06,CHN,CHN,0.6,0.0,0.34,0.333
CLE201608030,2016-08-03,CLE,MIN,0,2,4.26,6.43,1e-06,1e-06,CLE,CLE,1.1,0.4,0.354,0.32
DET201608030,2016-08-03,DET,CHA,0,0,5.82,3.34,1e-06,1e-06,DET,DET,1.1,0.6,0.338,0.311
CIN201608030,2016-08-03,CIN,SLN,2,4,7.36,5.09,1e-06,1e-06,CIN,CIN,1.1,0.0,0.324,0.329
COL201608030,2016-08-03,COL,LAN,5,2,3.54,5.79,1e-06,1e-06,COL,COL,0.5,1.3,0.369,0.315
NYA201608030,2016-08-03,NYA,NYN,3,2,5.83,3.4,1e-06,1e-06,NYN,NYN,0.3,0.1,0.322,0.315
ATL201608030,2016-08-03,ATL,PIT,0,4,6.57,5.44,1e-06,1e-06,ATL,ATL,0.2,0.1,0.328,0.322
SEA201608030,2016-08-03,SEA,BOS,0,0,4.12,3.15,1e-06,1e-06,SEA,SEA,0.3,0.4,0.33,0.33
HOU201608030,2016-08-03,HOU,TOR,0,0,4.34,3.48,1e-06,1e-06,HOU,HOU,0.6,0.4,0.311,0.317
BAL201608030,2016-08-03,BAL,TEX,3,1,3.61,3.32,1e-06,1e-06,BAL,BAL,0.7,0.3,0.324,0.298
TBA201608030,2016-08-03,TBA,KCA,4,0,3.69,5.37,1e-06,1e-06,TBA,TBA,0.5,0.7,0.301,0.302
PHI201608030,2016-08-03,PHI,SFN,0,2,6.46,2.53,1e-06,1e-06,PHI,PHI,0.6,0.0,0.291,0.309
ANA201608030,2016-08-03,ANA,OAK,0,0,4.37,2.42,1e-06,1e-06,ANA,ANA,0.8,0.6,0.317,0.316
ARI201608030,2016-08-03,ARI,WAS,0,0,6.39,2.96,1e-06,1e-06,ARI,ARI,1.0,0.9,0.328,0.326
SDN201608030,2016-08-03,SDN,MIL,3,0,5.89,2.81,1e-06,1e-06,SDN,SDN,0.4,0.5,0.308,0.32
ANA201608040,2016-08-04,ANA,OAK,0,1,4.37,3.62,1e-06,1e-06,ANA,ANA,0.7,0.6,0.317,0.316
NYA201608040,2016-08-04,NYA,NYN,0,0,4.76,3.43,1e-06,1e-06,NYA,NYA,0.6,0.3,0.322,0.315
COL201608040,2016-08-04,COL,LAN,0,0,3.87,3.48,1e-06,1e-06,COL,COL,1.0,1.4,0.369,0.315
HOU201608040,2016-08-04,HOU,TOR,0,1,4.48,3.18,1e-06,1e-06,HOU,HOU,0.6,0.3,0.311,0.317
ATL201608040,2016-08-04,ATL,PIT,0,0,3.53,,1e-06,1e-06,ATL,ATL,0.0,0.5,0.328,0.322
DET201608040,2016-08-04,DET,CHA,1,1,4.87,3.2,1e-06,1e-06,DET,DET,1.0,0.6,0.338,0.311
BAL201608040,2016-08-04,BAL,TEX,0,0,5.37,5.07,1e-06,1e-06,BAL,BAL,0.9,0.4,0.324,0.298
TBA201608040,2016-08-04,TBA,KCA,0,0,4.81,4.05,1e-06,1e-06,TBA,TBA,0.9,0.7,0.301,0.302
SEA201608040,2016-08-04,SEA,BOS,0,0,3.86,3.4,1e-06,1e-06,SEA,SEA,0.0,0.4,0.33,0.33
CLE201608040,2016-08-04,CLE,MIN,1,0,1.53,4.7,1e-06,1e-06,CLE,CLE,0.7,0.6,0.354,0.32
PHI201608040,2016-08-04,PHI,SFN,1,1,5.6,2.64,1e-06,1e-06,PHI,PHI,0.5,0.2,0.291,0.309
CIN201608040,2016-08-04,CIN,SLN,0,0,3.98,4.69,1e-06,1e-06,CIN,CIN,1.3,0.4,0.324,0.329
TBA201608050,2016-08-05,TBA,MIN,1,0,3.77,3.38,1e-06,1529.408250521614,TBA,CLE,0.9,0.6,0.301,0.32
SDN201608050,2016-08-05,SDN,PHI,0,0,4.8,3.71,1e-06,3810.8466979584146,SDN,PHI,0.7,0.7,0.308,0.31
DET201608050,2016-08-05,DET,NYN,1,0,3.04,2.6,1e-06,773.7548030957365,DET,NYA,1.0,0.3,0.338,0.315
KCA201608050,2016-08-05,KCA,TOR,1,1,2.75,3.93,1680.826511683993,1040.8267966673652,TBA,HOU,0.2,0.4,0.323,0.317
LAN201608050,2016-08-05,LAN,BOS,0,0,4.56,3.33,1336.5596902131042,1545.141516309272,COL,SEA,0.8,0.4,0.323,0.33
SEA201608050,2016-08-05,SEA,ANA,6,3,3.82,9.16,1e-06,1575.276973597757,SEA,ANA,0.0,0.8,0.33,0.326
NYA201608050,2016-08-05,NYA,CLE,1,0,4.82,4.4,1e-06,649.8727601989037,NYA,CLE,0.6,0.5,0.322,0.297
CHA201608050,2016-08-05,CHA,BAL,0,0,3.73,5.42,380.91207013286544,972.7856247406662,DET,BAL,0.4,0.6,0.323,0.308
SLN201608050,2016-08-05,SLN,ATL,0,0,4.67,4.88,494.9532553693752,751.930362209131,CIN,ATL,0.1,0.6,0.321,0.313
OAK201608050,2016-08-05,OAK,CHN,0,4,11.47,2.44,592.0809005913671,2971.6570204984887,ANA,CHN,0.5,0.6,0.291,0.338
COL201608050,2016-08-05,COL,MIA,0,1,5.24,2.45,1e-06,1477.450780411816,COL,CHN,1.0,0.1,0.369,0.333
PIT201608050,2016-08-05,PIT,CIN,0,1,3.06,4.66,840.3908477621023,415.25842934625814,ATL,CIN,0.9,0.6,0.344,0.308
WAS201608050,2016-08-05,WAS,SFN,2,0,4.57,3.81,3184.3579900386735,197.2342958595587,ARI,PHI,1.0,0.3,0.326,0.309
HOU201608050,2016-08-05,HOU,TEX,0,0,4.55,4.39,1e-06,2013.2384377541168,HOU,BAL,0.6,0.4,0.311,0.298
ARI201608050,2016-08-05,ARI,MIL,0,0,15.0,3.95,1e-06,481.0116378281714,ARI,SDN,0.8,0.5,0.328,0.32
COL201608060,2016-08-06,COL,MIA,1,2,4.79,5.25,1e-06,1e-06,COL,COL,0.9,0.2,0.369,0.333
OAK201608060,2016-08-06,OAK,CHN,0,0,5.69,3.1,1e-06,1e-06,OAK,OAK,0.3,1.0,0.291,0.338
WAS201608060,2016-08-06,WAS,SFN,0,0,3.6,5.64,1e-06,1e-06,WAS,WAS,0.9,0.3,0.326,0.309
SDN201608060,2016-08-06,SDN,PHI,4,0,3.72,5.7,1e-06,1e-06,SDN,SDN,0.7,0.7,0.308,0.31
NYA201608060,2016-08-06,NYA,CLE,0,0,3.91,3.14,1e-06,1e-06,NYA,NYA,0.7,0.5,0.322,0.297
ARI201608060,2016-08-06,ARI,MIL,0,2,5.15,4.51,1e-06,1e-06,ARI,ARI,0.8,0.5,0.328,0.32
KCA201608060,2016-08-06,KCA,TOR,0,1,3.51,3.0,1e-06,1e-06,KCA,KCA,0.3,0.5,0.323,0.317
SLN201608060,2016-08-06,SLN,ATL,0,1,3.04,8.0,1e-06,1e-06,SLN,SLN,0.1,0.6,0.321,0.313
LAN201608060,2016-08-06,LAN,BOS,0,0,3.96,4.71,1e-06,1e-06,LAN,LAN,0.6,0.4,0.323,0.33
SEA201608060,2016-08-06,SEA,ANA,1,3,5.23,4.24,1e-06,1e-06,SEA,SEA,0.6,1.1,0.33,0.326
DET201608060,2016-08-06,DET,NYN,1,0,4.53,5.2,1e-06,1e-06,DET,DET,1.1,0.3,0.338,0.315
CHA201608060,2016-08-06,CHA,BAL,1,0,2.29,3.77,1e-06,1e-06,CHA,CHA,0.4,0.6,0.323,0.308
PIT201608060,2016-08-06,PIT,CIN,1,0,4.17,6.65,1e-06,1e-06,PIT,PIT,0.9,0.6,0.344,0.308
HOU201608060,2016-08-06,HOU,TEX,1,0,2.16,6.09,1e-06,1e-06,HOU,HOU,0.6,0.4,0.311,0.298
TBA201608060,2016-08-06,TBA,MIN,1,0,4.02,8.02,1e-06,1e-06,TBA,TBA,0.9,0.6,0.301,0.32
COL201608070,2016-08-07,COL,MIA,0,4,4.61,3.85,1e-06,1e-06,COL,COL,1.0,0.4,0.369,0.333
OAK201608070,2016-08-07,OAK,CHN,0,0,3.86,2.13,1e-06,1e-06,OAK,OAK,0.3,0.9,0.291,0.338
CHA201608070,2016-08-07,CHA,BAL,0,2,5.85,4.02,1e-06,1e-06,CHA,CHA,0.4,0.5,0.323,0.308
NYA201608070,2016-08-07,NYA,CLE,1,0,3.07,3.32,1e-06,1e-06,NYA,NYA,0.7,0.5,0.322,0.297
ARI201608070,2016-08-07,ARI,MIL,0,1,5.22,4.62,1e-06,1e-06,ARI,ARI,0.7,0.6,0.328,0.32
HOU201608070,2016-08-07,HOU,TEX,0,0,2.16,2.48,1e-06,1e-06,HOU,HOU,0.7,0.1,0.311,0.298
SLN201608070,2016-08-07,SLN,ATL,0,3,4.62,4.31,1e-06,1e-06,SLN,SLN,0.1,0.7,0.321,0.313
WAS201608070,2016-08-07,WAS,SFN,0,0,2.83,2.74,1e-06,1e-06,WAS,WAS,0.9,0.3,0.326,0.309
KCA201608070,2016-08-07,KCA,TOR,0,0,4.45,4.37,1e-06,1e-06,KCA,KCA,0.3,0.6,0.323,0.317
DET201608070,2016-08-07,DET,NYN,0,0,3.24,1.97,1e-06,1e-06,DET,DET,1.2,0.3,0.338,0.315
SEA201608070,2016-08-07,SEA,ANA,0,0,3.79,3.88,1e-06,1e-06,SEA,SEA,0.7,1.2,0.33,0.326
PIT201608070,2016-08-07,PIT,CIN,0,2,3.88,3.76,1e-06,1e-06,PIT,PIT,1.0,0.6,0.344,0.308
LAN201608070,2016-08-07,LAN,BOS,0,1,4.63,3.99,1e-06,1e-06,LAN,LAN,0.6,0.3,0.323,0.33
SDN201608070,2016-08-07,SDN,PHI,0,1,2.92,3.65,1e-06,1e-06,SDN,SDN,1.0,0.6,0.308,0.31
TBA201608070,2016-08-07,TBA,MIN,1,0,4.37,5.07,1e-06,1e-06,TBA,TBA,1.0,0.5,0.301,0.32
MIL201608080,2016-08-08,MIL,ATL,0,0,2.73,4.24,2349.997873269975,526.8349145670746,ARI,SLN,1.3,1.0,0.325,0.313
COL201608080,2016-08-08,COL,TEX,0,0,5.24,6.09,1e-06,1412.379089095518,COL,HOU,1.0,0.1,0.369,0.298
TOR201608080,2016-08-08,TOR,TBA,2,0,2.81,3.7,1362.7751953099455,1789.459752085548,KCA,TBA,0.5,0.4,0.339,0.313
LAN201608080,2016-08-08,LAN,PHI,5,0,3.39,5.54,1e-06,179.52869961196944,LAN,SDN,0.2,0.6,0.323,0.31
MIA201608080,2016-08-08,MIA,SFN,0,0,2.82,2.53,2773.388608504832,1489.628641346009,COL,WAS,1.0,0.3,0.31,0.309
SLN201608080,2016-08-08,SLN,CIN,0,0,3.41,4.14,1e-06,898.8824563980571,SLN,PIT,0.1,0.8,0.321,0.308
SEA201608080,2016-08-08,SEA,DET,0,0,4.12,3.06,1e-06,3110.621572335556,SEA,DET,0.7,0.3,0.33,0.324
OAK201608080,2016-08-08,OAK,BAL,0,0,4.11,3.61,1e-06,2971.6570204984887,OAK,CHA,0.3,0.7,0.291,0.308
MIN201608080,2016-08-08,MIN,HOU,0,0,6.43,4.34,2137.431531245163,1702.4056315736932,TBA,HOU,0.5,0.6,0.313,0.326
SLN201608090,2016-08-09,SLN,CIN,0,0,3.46,2.88,1e-06,1e-06,SLN,SLN,0.1,0.7,0.321,0.308
OAK201608090,2016-08-09,OAK,BAL,0,0,4.24,5.37,1e-06,1e-06,OAK,OAK,0.3,0.7,0.291,0.308
COL201608090,2016-08-09,COL,TEX,2,0,5.19,2.79,1e-06,1e-06,COL,COL,1.0,0.1,0.369,0.298
CHN201608090,2016-08-09,CHN,ANA,0,1,3.35,5.06,2971.6570204984887,2788.668911659839,OAK,SEA,0.6,1.2,0.34,0.326
NYN201608090,2016-08-09,NYN,ARI,1,0,3.48,4.37,773.7548030957365,3443.682019431773,DET,ARI,0.3,1.6,0.316,0.313
TOR201608090,2016-08-09,TOR,TBA,0,1,3.48,4.88,1e-06,1e-06,TOR,TOR,0.7,0.4,0.339,0.313
MIA201608090,2016-08-09,MIA,SFN,2,0,4.33,4.08,1e-06,1e-06,MIA,MIA,1.0,0.3,0.31,0.309
BOS201608090,2016-08-09,BOS,NYA,0,0,3.15,5.83,4170.326282177437,306.2037667286439,LAN,NYA,0.9,0.0,0.365,0.307
LAN201608090,2016-08-09,LAN,PHI,0,0,3.48,,1e-06,1e-06,LAN,LAN,0.6,0.6,0.323,0.31
MIN201608090,2016-08-09,MIN,HOU,0,2,4.7,4.48,1e-06,1e-06,MIN,MIN,0.5,0.5,0.313,0.326
SEA201608090,2016-08-09,SEA,DET,0,2,3.88,3.24,1e-06,1e-06,SEA,SEA,0.7,0.3,0.33,0.324
PIT201608090,2016-08-09,PIT,SDN,0,2,4.2,5.71,1e-06,3402.7692440534656,PIT,SDN,0.8,0.3,0.344,0.29
WAS201608090,2016-08-09,WAS,CLE,0,0,2.96,4.26,1e-06,326.3648041771951,WAS,NYA,0.8,0.4,0.326,0.297
KCA201608090,2016-08-09,KCA,CHA,1,0,2.75,3.47,1e-06,663.9206411727051,KCA,CHA,0.3,0.6,0.323,0.311
MIL201608090,2016-08-09,MIL,ATL,0,0,4.86,5.88,1e-06,1e-06,MIL,MIL,1.3,0.9,0.325,0.313
SLN201608100,2016-08-10,SLN,CIN,1,0,4.67,3.28,1e-06,1e-06,SLN,SLN,0.1,0.7,0.321,0.308
MIA201608100,2016-08-10,MIA,SFN,0,0,2.28,3.81,1e-06,1e-06,MIA,MIA,1.2,0.3,0.31,0.309
TOR201608100,2016-08-10,TOR,TBA,4,0,3.18,3.54,1e-06,1e-06,TOR,TOR,0.7,0.4,0.339,0.313
NYN201608100,2016-08-10,NYN,ARI,0,0,2.79,4.44,1e-06,1e-06,NYN,NYN,0.3,1.4,0.316,0.313
MIL201608100,2016-08-10,MIL,ATL,0,0,4.39,4.88,1e-06,1e-06,MIL,MIL,1.1,0.9,0.325,0.313
PIT201608100,2016-08-10,PIT,SDN,0,0,4.81,5.89,1e-06,1e-06,PIT,PIT,0.8,0.5,0.344,0.29
CHN201608100,2016-08-10,CHN,ANA,0,0,3.83,4.42,1e-06,1e-06,CHN,CHN,0.6,1.2,0.34,0.326
WAS201608100,2016-08-10,WAS,CLE,1,0,4.57,4.4,1e-06,1e-06,WAS,WAS,0.8,0.4,0.326,0.297
BOS201608100,2016-08-10,BOS,NYA,0,0,3.66,3.57,1e-06,1e-06,BOS,BOS,0.6,0.0,0.365,0.307
LAN201608100,2016-08-10,LAN,PHI,1,0,4.56,5.6,1e-06,1e-06,LAN,LAN,0.5,0.6,0.323,0.31
TEX201608100,2016-08-10,TEX,COL,0,1,3.4,3.69,1052.76358222127,1052.76358222127,COL,COL,0.8,0.2,0.343,0.302
OAK201608100,2016-08-10,OAK,BAL,0,0,6.1,5.42,1e-06,1e-06,OAK,OAK,0.3,0.7,0.291,0.308
KCA201608100,2016-08-10,KCA,CHA,0,0,4.68,6.31,1e-06,1e-06,KCA,KCA,0.4,0.6,0.323,0.311
SEA201608100,2016-08-10,SEA,DET,1,0,3.56,4.14,1e-06,1e-06,SEA,SEA,0.7,0.5,0.33,0.324
OAK201608110,2016-08-11,OAK,BAL,0,0,4.31,3.77,1e-06,1e-06,OAK,OAK,0.3,0.5,0.291,0.308
NYN201608110,2016-08-11,NYN,ARI,0,0,2.6,5.27,1e-06,1e-06,NYN,NYN,0.3,1.3,0.316,0.313
PIT201608110,2016-08-11,PIT,SDN,1,0,3.38,4.8,1e-06,1e-06,PIT,PIT,0.5,0.5,0.344,0.29
MIN201608112,2016-08-11,MIN,HOU,0,0,,2.16,1e-06,1e-06,MIN,MIN,0.4,0.6,0.313,0.326
MIN201608111,2016-08-11,MIN,HOU,0,2,8.02,4.64,1e-06,1e-06,MIN,MIN,0.4,0.6,0.313,0.326
TEX201608110,2016-08-11,TEX,COL,0,1,3.4,5.19,1e-06,1e-06,TEX,TEX,0.6,0.2,0.343,0.302
MIL201608110,2016-08-11,MIL,ATL,2,0,4.51,8.0,1e-06,1e-06,MIL,MIL,0.9,0.8,0.325,0.313
BOS201608110,2016-08-11,BOS,NYA,1,0,2.25,4.35,1e-06,1e-06,BOS,BOS,0.6,0.0,0.365,0.307
CHN201608110,2016-08-11,CHN,SLN,0,1,2.52,2.36,1e-06,422.4920912040455,CHN,SLN,0.4,0.4,0.34,0.329
CLE201608110,2016-08-11,CLE,ANA,5,1,3.14,4.81,490.8851885982564,494.38381964269325,WAS,CHN,0.7,1.2,0.354,0.326
KCA201608110,2016-08-11,KCA,CHA,0,0,3.51,8.49,1e-06,1e-06,KCA,KCA,0.3,0.3,0.323,0.311
MIA201608120,2016-08-12,MIA,CHA,0,2,5.25,4.04,1e-06,1997.6979082625944,MIA,KCA,1.2,0.3,0.31,0.311
NYN201608120,2016-08-12,NYN,SDN,0,5,5.2,4.04,1e-06,505.04779123783345,NYN,PIT,0.3,0.3,0.316,0.29
PHI201608120,2016-08-12,PHI,COL,1,0,5.7,4.61,3844.216938115361,2108.1981504571195,LAN,TEX,0.6,0.3,0.291,0.302
MIN201608120,2016-08-12,MIN,KCA,0,1,5.07,4.45,1e-06,662.9211681328137,MIN,KCA,0.4,0.7,0.313,0.302
TEX201608120,2016-08-12,TEX,DET,4,0,3.41,5.87,1e-06,2688.6235870338205,TEX,SEA,0.6,0.5,0.343,0.324
WAS201608120,2016-08-12,WAS,ATL,0,1,3.6,4.31,1e-06,1025.9779093655509,WAS,MIL,0.9,0.8,0.326,0.313
MIL201608120,2016-08-12,MIL,CIN,0,1,4.62,6.65,1e-06,526.8349145670746,MIL,SLN,1.0,0.7,0.325,0.308
CHN201608120,2016-08-12,CHN,SLN,2,0,3.1,4.62,1e-06,1e-06,CHN,CHN,0.4,0.5,0.34,0.329
OAK201608120,2016-08-12,OAK,SEA,3,0,3.86,10.8,1e-06,1089.6592015072615,OAK,SEA,0.3,0.5,0.291,0.323
LAN201608120,2016-08-12,LAN,PIT,0,3,3.96,4.17,1e-06,3433.6519953355796,LAN,PIT,0.6,0.4,0.323,0.322
CLE201608120,2016-08-12,CLE,ANA,1,2,3.32,4.17,1e-06,1e-06,CLE,CLE,1.2,1.3,0.354,0.326
TOR201608120,2016-08-12,TOR,HOU,0,0,4.69,4.06,1e-06,1113.301279752142,TOR,MIN,1.1,0.7,0.339,0.326
SFN201608120,2016-08-12,SFN,BAL,0,0,5.64,4.02,4167.0413845935145,13.027453191410114,MIA,OAK,0.3,0.4,0.347,0.308
BOS201608120,2016-08-12,BOS,ARI,5,2,3.99,5.15,1e-06,306.2037667286439,BOS,NYN,0.7,1.2,0.365,0.313
NYA201608120,2016-08-12,NYA,TBA,1,1,3.91,4.02,306.2037667286439,550.2922217550002,BOS,TOR,0.8,0.3,0.322,0.313
TEX201608130,2016-08-13,TEX,DET,0,0,3.32,4.53,1e-06,1e-06,TEX,TEX,1.0,0.5,0.343,0.324
BOS201608130,2016-08-13,BOS,ARI,0,0,3.25,5.02,1e-06,1e-06,BOS,BOS,0.9,1.4,0.365,0.313
NYN201608130,2016-08-13,NYN,SDN,1,0,6.38,4.52,1e-06,1e-06,NYN,NYN,0.3,0.8,0.316,0.29
NYA201608130,2016-08-13,NYA,TBA,0,0,3.07,4.37,1e-06,1e-06,NYA,NYA,0.8,0.3,0.322,0.313
TOR201608130,2016-08-13,TOR,HOU,1,2,3.0,4.34,1e-06,1e-06,TOR,TOR,1.1,0.7,0.339,0.326
PHI201608130,2016-08-13,PHI,COL,3,0,3.65,3.54,1e-06,1e-06,PHI,PHI,0.7,0.3,0.291,0.302
CHN201608130,2016-08-13,CHN,SLN,0,0,3.75,1.57,1e-06,1e-06,CHN,CHN,0.5,0.5,0.34,0.329
SFN201608130,2016-08-13,SFN,BAL,0,0,2.74,3.61,1e-06,1e-06,SFN,SFN,0.3,0.2,0.347,0.308
CLE201608130,2016-08-13,CLE,ANA,3,0,5.26,3.88,1e-06,1e-06,CLE,CLE,1.1,1.5,0.354,0.326
OAK201608130,2016-08-13,OAK,SEA,0,0,4.11,4.12,1e-06,1e-06,OAK,OAK,0.6,0.5,0.291,0.323
MIA201608130,2016-08-13,MIA,CHA,0,1,2.85,6.39,1e-06,1e-06,MIA,MIA,1.2,0.4,0.31,0.311
WAS201608130,2016-08-13,WAS,ATL,2,1,4.91,6.57,1e-06,1e-06,WAS,WAS,0.7,0.9,0.326,0.313
MIL201608130,2016-08-13,MIL,CIN,0,0,3.97,3.76,1e-06,1e-06,MIL,MIL,0.7,0.8,0.325,0.308
LAN201608130,2016-08-13,LAN,PIT,1,1,3.39,3.88,1e-06,1e-06,LAN,LAN,0.6,0.7,0.323,0.322
MIN201608130,2016-08-13,MIN,KCA,1,0,6.43,4.68,1e-06,1e-06,MIN,MIN,0.4,0.4,0.313,0.302
SFN201608140,2016-08-14,SFN,BAL,0,0,3.57,2.05,1e-06,1e-06,SFN,SFN,0.3,0.2,0.347,0.308
CHN201608140,2016-08-14,CHN,SLN,2,0,3.53,3.46,1e-06,1e-06,CHN,CHN,0.5,0.5,0.34,0.329
MIA201608140,2016-08-14,MIA,CHA,0,2,3.4,3.34,1e-06,1e-06,MIA,MIA,1.2,0.4,0.31,0.311
CLE201608140,2016-08-14,CLE,ANA,1,0,4.26,5.06,1e-06,1e-06,CLE,CLE,1.4,1.1,0.354,0.326
BOS201608140,2016-08-14,BOS,ARI,2,0,3.15,4.37,1e-06,1e-06,BOS,BOS,0.8,1.2,0.365,0.313
LAN201608140,2016-08-14,LAN,PIT,1,5,11.91,4.2,1e-06,1e-06,LAN,LAN,0.7,0.8,0.323,0.322
MIL201608140,2016-08-14,MIL,CIN,3,0,4.86,7.36,1e-06,1e-06,MIL,MIL,0.7,0.4,0.325,0.308
NYN201608140,2016-08-14,NYN,SDN,0,0,3.4,3.33,1e-06,1e-06,NYN,NYN,0.4,0.7,0.316,0.29
WAS201608140,2016-08-14,WAS,ATL,3,0,2.83,5.88,1e-06,1e-06,WAS,WAS,0.8,1.0,0.326,0.313
TOR201608140,2016-08-14,TOR,HOU,1,0,4.37,4.48,1e-06,1e-06,TOR,TOR,1.2,0.9,0.339,0.326
PHI201608140,2016-08-14,PHI,COL,0,0,5.6,3.87,1e-06,1e-06,PHI,PHI,1.0,0.3,0.291,0.302
MIN201608140,2016-08-14,MIN,KCA,0,1,4.7,5.37,1e-06,1e-06,MIN,MIN,0.5,0.4,0.313,0.302
TEX201608140,2016-08-14,TEX,DET,0,0,5.07,3.06,1e-06,1e-06,TEX,TEX,0.9,0.5,0.343,0.324
NYA201608140,2016-08-14,NYA,TBA,0,1,5.83,3.69,1e-06,1e-06,NYA,NYA,0.8,0.2,0.322,0.313
OAK201608140,2016-08-14,OAK,SEA,0,0,4.24,3.77,1e-06,1e-06,OAK,OAK,0.5,0.3,0.291,0.323
TBA201608150,2016-08-15,TBA,SDN,1,1,4.88,5.71,1638.0556824552712,1638.0556824552712,NYA,NYN,1.0,0.7,0.301,0.29
ARI201608150,2016-08-15,ARI,NYN,3,0,4.9,3.43,3693.799946449326,3443.682019431773,BOS,NYN,0.7,0.3,0.328,0.315
NYA201608150,2016-08-15,NYA,TOR,0,0,4.73,4.46,1e-06,550.2922217550002,NYA,TOR,0.7,0.6,0.322,0.317
ANA201608150,2016-08-15,ANA,SEA,0,0,4.42,3.82,3271.7957310678776,592.0809005913671,CLE,OAK,0.5,0.2,0.317,0.323
SFN201608150,2016-08-15,SFN,PIT,1,0,4.08,4.81,1e-06,559.4406195325591,SFN,LAN,0.1,1.3,0.347,0.322
DET201608150,2016-08-15,DET,KCA,0,1,3.38,3.68,1624.6230769135182,872.516450655481,TEX,MIN,1.2,0.5,0.338,0.302
TEX201608150,2016-08-15,TEX,OAK,0,1,4.39,6.1,1e-06,2350.5503898425545,TEX,OAK,0.9,0.7,0.343,0.316
CLE201608150,2016-08-15,CLE,BOS,0,0,4.4,3.32,1e-06,884.5468110577992,CLE,BOS,1.5,0.4,0.354,0.33
COL201608150,2016-08-15,COL,WAS,3,0,5.83,2.41,2534.0409405234473,2397.8679070622884,PHI,WAS,1.2,0.9,0.369,0.326
CIN201608150,2016-08-15,CIN,MIA,0,1,3.98,2.28,525.1892238126902,1534.6263109130673,MIL,MIA,1.3,0.8,0.324,0.333
SFN201608160,2016-08-16,SFN,PIT,2,1,2.13,4.52,1e-06,1e-06,SFN,SFN,0.1,1.3,0.347,0.322
CIN201608160,2016-08-16,CIN,MIA,5,1,3.28,6.13,1e-06,1e-06,CIN,CIN,1.3,0.9,0.324,0.333
ATL201608160,2016-08-16,ATL,MIN,0,1,4.88,3.38,874.0887985860761,1461.737067247833,WAS,MIN,0.0,0.5,0.328,0.32
PHI201608160,2016-08-16,PHI,LAN,0,0,,3.48,1e-06,3844.216938115361,PHI,LAN,1.0,1.4,0.291,0.315
HOU201608160,2016-08-16,HOU,SLN,2,2,4.55,4.67,2094.913694918614,1516.5648050119732,TOR,CHN,0.3,0.5,0.311,0.329
NYA201608160,2016-08-16,NYA,TOR,1,0,4.68,3.97,1e-06,1e-06,NYA,NYA,0.7,0.5,0.322,0.317
BAL201608160,2016-08-16,BAL,BOS,0,0,2.05,2.25,3944.2464327611815,495.2645964012307,SFN,CLE,0.9,0.4,0.324,0.33
TEX201608160,2016-08-16,TEX,OAK,0,0,6.09,3.97,1e-06,1e-06,TEX,TEX,0.9,0.8,0.343,0.316
DET201608160,2016-08-16,DET,KCA,0,0,3.04,3.51,1e-06,1e-06,DET,DET,1.1,0.6,0.338,0.302
COL201608160,2016-08-16,COL,WAS,0,0,3.74,4.5,1e-06,1e-06,COL,COL,1.5,0.7,0.369,0.326
ANA201608160,2016-08-16,ANA,SEA,1,0,5.89,3.56,1e-06,1e-06,ANA,ANA,0.5,0.2,0.317,0.323
CHN201608161,2016-08-16,CHN,MIL,1,0,2.74,4.51,1e-06,132.54357794550742,CHN,MIL,0.7,0.3,0.34,0.32
CLE201608160,2016-08-16,CLE,CHA,1,0,3.14,3.2,1e-06,1753.208311365246,CLE,MIA,1.4,0.6,0.354,0.311
TBA201608160,2016-08-16,TBA,SDN,0,0,3.54,5.89,1e-06,1e-06,TBA,TBA,0.9,0.8,0.301,0.29
ARI201608160,2016-08-16,ARI,NYN,0,0,5.27,2.6,1e-06,1e-06,ARI,ARI,1.0,0.3,0.328,0.315
CHN201608162,2016-08-16,CHN,MIL,0,0,3.83,3.18,1e-06,1e-06,CHN,CHN,0.8,0.3,0.34,0.32
CLE201608170,2016-08-17,CLE,CHA,0,0,2.51,6.57,1e-06,1e-06,CLE,CLE,1.5,0.6,0.354,0.311
DET201608170,2016-08-17,DET,KCA,0,0,5.82,1.23,1e-06,1e-06,DET,DET,0.9,0.5,0.338,0.302
HOU201608170,2016-08-17,HOU,SLN,0,0,4.64,3.04,1e-06,1e-06,HOU,HOU,0.4,0.7,0.311,0.329
CIN201608170,2016-08-17,CIN,MIA,0,0,,3.14,1e-06,1e-06,CIN,CIN,1.8,1.0,0.324,0.333
COL201608170,2016-08-17,COL,WAS,7,0,3.69,3.6,1e-06,1e-06,COL,COL,1.1,0.5,0.369,0.326
ATL201608170,2016-08-17,ATL,MIN,0,2,6.91,5.07,1e-06,1e-06,ATL,ATL,0.0,0.6,0.328,0.32
CHN201608170,2016-08-17,CHN,MIL,5,0,2.44,4.62,1e-06,1e-06,CHN,CHN,0.6,0.3,0.34,0.32
BAL201608170,2016-08-17,BAL,BOS,0,0,4.02,3.99,1e-06,1e-06,BAL,BAL,0.9,0.2,0.324,0.33
NYA201608170,2016-08-17,NYA,TOR,0,0,3.91,3.18,1e-06,1e-06,NYA,NYA,0.7,0.5,0.322,0.317
ARI201608170,2016-08-17,ARI,NYN,0,1,6.39,5.5,1e-06,1e-06,ARI,ARI,0.7,0.3,0.328,0.315
TBA201608170,2016-08-17,TBA,SDN,2,0,4.02,4.8,1e-06,1e-06,TBA,TBA,0.8,0.8,0.301,0.29
ANA201608170,2016-08-17,ANA,SEA,2,0,4.17,5.23,1e-06,1e-06,ANA,ANA,0.6,0.2,0.317,0.323
TEX201608170,2016-08-17,TEX,OAK,0,1,3.41,3.86,1e-06,1e-06,TEX,TEX,0.9,0.5,0.343,0.316
SFN201608170,2016-08-17,SFN,PIT,2,0,5.64,4.5,1e-06,1e-06,SFN,SFN,0.3,1.4,0.347,0.322
PHI201608170,2016-08-17,PHI,LAN,0,0,5.7,4.56,1e-06,1e-06,PHI,PHI,0.9,1.4,0.291,0.315
CLE201608180,2016-08-18,CLE,CHA,0,3,1.45,6.57,1e-06,1e-06,CLE,CLE,1.2,0.6,0.354,0.311
KCA201608180,2016-08-18,KCA,MIN,0,1,4.68,6.43,1034.95696626315,1087.4766965335918,DET,ATL,0.2,0.7,0.323,0.32
BAL201608180,2016-08-18,BAL,HOU,3,0,3.61,4.06,1e-06,2013.2384377541168,BAL,HOU,0.6,0.8,0.324,0.326
DET201608180,2016-08-18,DET,BOS,0,0,4.14,4.17,1e-06,638.3359432178316,DET,BAL,0.9,0.2,0.338,0.33
SFN201608180,2016-08-18,SFN,NYN,0,0,2.74,3.04,1e-06,1050.993394248722,SFN,ARI,0.5,0.3,0.347,0.315
SDN201608180,2016-08-18,SDN,ARI,1,2,2.86,3.49,3355.6668168427304,481.0116378281714,TBA,ARI,0.8,0.6,0.308,0.313
ATL201608180,2016-08-18,ATL,WAS,0,2,6.57,4.91,1e-06,1946.7466716258368,ATL,COL,0.0,0.5,0.328,0.326
CHN201608180,2016-08-18,CHN,MIL,2,0,3.1,3.97,1e-06,1e-06,CHN,CHN,1.0,0.3,0.34,0.32
PHI201608180,2016-08-18,PHI,LAN,0,3,5.82,2.05,1e-06,1e-06,PHI,PHI,0.9,1.1,0.291,0.315
ANA201608180,2016-08-18,ANA,SEA,2,1,3.88,4.12,1e-06,1e-06,ANA,ANA,0.4,0.2,0.317,0.323
CIN201608180,2016-08-18,CIN,MIA,0,0,3.76,2.86,1e-06,1e-06,CIN,CIN,1.6,1.0,0.324,0.333
ATL201608190,2016-08-19,ATL,WAS,0,1,3.06,5.03,1e-06,1e-06,ATL,ATL,0.0,0.7,0.328,0.326
SFN201608190,2016-08-19,SFN,NYN,0,0,2.79,2.67,1e-06,1e-06,SFN,SFN,0.5,0.3,0.347,0.315
DET201608190,2016-08-19,DET,BOS,0,4,3.06,3.15,1e-06,1e-06,DET,DET,0.3,0.2,0.338,0.33
CIN201608190,2016-08-19,CIN,LAN,3,0,4.0,5.1,1e-06,807.0437326700402,CIN,PHI,1.6,1.4,0.324,0.315
CHA201608190,2016-08-19,CHA,OAK,0,0,5.85,4.11,494.38381964269325,1309.650558347085,CLE,TEX,0.4,0.6,0.323,0.316
SEA201608190,2016-08-19,SEA,MIL,0,0,3.77,3.32,1575.276973597757,2788.668911659839,ANA,CHN,0.8,0.3,0.33,0.32
TBA201608190,2016-08-19,TBA,TEX,0,0,4.37,3.32,1e-06,1496.616116420437,TBA,TEX,1.0,0.1,0.301,0.298
BAL201608190,2016-08-19,BAL,HOU,5,1,5.44,2.16,1e-06,1e-06,BAL,BAL,0.6,0.6,0.324,0.326
KCA201608190,2016-08-19,KCA,MIN,0,0,4.22,4.7,1e-06,1e-06,KCA,KCA,0.2,0.8,0.323,0.32
PIT201608190,2016-08-19,PIT,MIA,0,0,3.52,3.14,3638.3530777091846,415.25842934625814,SFN,CIN,0.6,1.0,0.344,0.333
ANA201608190,2016-08-19,ANA,NYA,0,1,5.06,3.07,1e-06,3915.807145653056,ANA,NYA,0.6,0.0,0.317,0.307
PHI201608190,2016-08-19,PHI,SLN,1,0,8.4,,1e-06,2157.262613807304,PHI,HOU,0.7,0.7,0.291,0.329
SDN201608190,2016-08-19,SDN,ARI,0,0,3.92,5.15,1e-06,1e-06,SDN,SDN,0.9,0.6,0.308,0.313
CLE201608190,2016-08-19,CLE,TOR,0,2,3.12,2.68,1e-06,649.8727601989037,CLE,NYA,1.2,0.3,0.354,0.317
COL201608190,2016-08-19,COL,CHN,1,1,9.19,1.55,1e-06,1477.450780411816,COL,CHN,1.8,0.9,0.369,0.338
PIT201608200,2016-08-20,PIT,MIA,0,0,4.2,2.28,1e-06,1e-06,PIT,PIT,0.5,1.0,0.344,0.333
CHA201608200,2016-08-20,CHA,OAK,1,0,3.34,6.1,1e-06,1e-06,CHA,CHA,0.4,0.4,0.323,0.316
ANA201608200,2016-08-20,ANA,NYA,0,3,4.42,4.35,1e-06,1e-06,ANA,ANA,0.6,0.1,0.317,0.307
KCA201608200,2016-08-20,KCA,MIN,0,0,3.68,4.7,1e-06,1e-06,KCA,KCA,0.2,0.6,0.323,0.32
SEA201608200,2016-08-20,SEA,MIL,0,0,3.82,4.86,1e-06,1e-06,SEA,SEA,0.8,0.3,0.33,0.32
ATL201608200,2016-08-20,ATL,WAS,0,0,5.88,2.96,1e-06,1e-06,ATL,ATL,0.0,0.8,0.328,0.326
CLE201608200,2016-08-20,CLE,TOR,0,0,4.4,3.06,1e-06,1e-06,CLE,CLE,1.2,0.5,0.354,0.317
COL201608200,2016-08-20,COL,CHN,0,0,4.88,2.74,1e-06,1e-06,COL,COL,1.4,0.8,0.369,0.338
PHI201608200,2016-08-20,PHI,SLN,2,0,3.71,5.7,1e-06,1e-06,PHI,PHI,0.8,0.7,0.291,0.329
SFN201608200,2016-08-20,SFN,NYN,0,1,4.08,3.43,1e-06,1e-06,SFN,SFN,0.5,0.3,0.347,0.315
DET201608200,2016-08-20,DET,BOS,0,0,3.38,3.32,1e-06,1e-06,DET,DET,0.3,0.5,0.338,0.33
CIN201608200,2016-08-20,CIN,LAN,4,0,3.98,11.91,1e-06,1e-06,CIN,CIN,1.6,1.2,0.324,0.315
BAL201608200,2016-08-20,BAL,HOU,0,2,3.77,4.48,1e-06,1e-06,BAL,BAL,1.1,0.7,0.324,0.326
TBA201608200,2016-08-20,TBA,TEX,1,0,3.69,5.07,1e-06,1e-06,TBA,TBA,1.0,0.1,0.301,0.298
SDN201608200,2016-08-20,SDN,ARI,0,0,3.33,4.9,1e-06,1e-06,SDN,SDN,0.9,0.6,0.308,0.313
SDN201608210,2016-08-21,SDN,ARI,0,0,5.71,5.27,1e-06,1e-06,SDN,SDN,0.9,0.5,0.308,0.313
CHA201608210,2016-08-21,CHA,OAK,3,0,3.2,4.24,1e-06,1e-06,CHA,CHA,0.5,0.4,0.323,0.316
PHI201608210,2016-08-21,PHI,SLN,0,1,,4.69,1e-06,1e-06,PHI,PHI,0.8,0.7,0.291,0.329
ATL201608210,2016-08-21,ATL,WAS,0,0,,2.64,1e-06,1e-06,ATL,ATL,0.0,0.8,0.328,0.326
SEA201608210,2016-08-21,SEA,MIL,0,0,6.8,2.15,1e-06,1e-06,SEA,SEA,0.8,0.3,0.33,0.32
CIN201608210,2016-08-21,CIN,LAN,0,1,3.28,3.39,1e-06,1e-06,CIN,CIN,1.7,1.1,0.324,0.315
KCA201608210,2016-08-21,KCA,MIN,0,0,3.51,3.38,1e-06,1e-06,KCA,KCA,0.2,0.6,0.323,0.32
PIT201608210,2016-08-21,PIT,MIA,0,1,4.81,6.13,1e-06,1e-06,PIT,PIT,0.5,1.0,0.344,0.333
DET201608210,2016-08-21,DET,BOS,0,0,3.04,6.95,1e-06,1e-06,DET,DET,0.3,0.5,0.338,0.33
SFN201608210,2016-08-21,SFN,NYN,0,0,3.81,2.6,1e-06,1e-06,SFN,SFN,0.5,0.2,0.347,0.315
CLE201608210,2016-08-21,CLE,TOR,0,0,5.26,3.93,1e-06,1e-06,CLE,CLE,1.1,0.5,0.354,0.317
BAL201608210,2016-08-21,BAL,HOU,0,0,5.42,4.55,1e-06,1e-06,BAL,BAL,1.1,0.9,0.324,0.326
TBA201608210,2016-08-21,TBA,TEX,0,0,4.88,4.39,1e-06,1e-06,TBA,TBA,1.1,0.1,0.301,0.298
COL201608210,2016-08-21,COL,CHN,7,0,5.51,3.83,1e-06,1e-06,COL,COL,1.4,0.6,0.369,0.338
ANA201608210,2016-08-21,ANA,NYA,1,0,4.81,4.73,1e-06,1e-06,ANA,ANA,0.5,0.4,0.317,0.307
SEA201608220,2016-08-22,SEA,NYA,0,1,3.73,5.52,1e-06,1575.276973597757,SEA,ANA,0.8,0.4,0.33,0.307
PIT201608220,2016-08-22,PIT,HOU,0,0,3.38,4.64,1e-06,314.0609856627503,PIT,BAL,0.2,0.9,0.344,0.326
OAK201608220,2016-08-22,OAK,CLE,0,0,2.42,3.32,2971.6570204984887,3466.040146226439,CHA,CLE,0.3,0.3,0.291,0.297
MIL201608220,2016-08-22,MIL,COL,3,1,4.62,4.79,2711.809431696189,1465.0252316671194,SEA,COL,1.0,0.3,0.325,0.302
CIN201608220,2016-08-22,CIN,LAN,1,4,6.65,4.43,1e-06,1e-06,CIN,CIN,1.5,1.2,0.324,0.315
TBA201608220,2016-08-22,TBA,BOS,0,0,3.54,3.99,1e-06,1620.843911772028,TBA,DET,0.7,0.5,0.301,0.33
BAL201608220,2016-08-22,BAL,WAS,0,1,4.02,5.17,1e-06,927.9028501726538,BAL,ATL,1.1,0.8,0.324,0.326
SDN201608220,2016-08-22,SDN,CHN,0,0,5.89,2.44,1e-06,1340.79250926624,SDN,COL,0.8,0.5,0.308,0.338
ARI201608220,2016-08-22,ARI,ATL,0,3,5.66,4.86,481.0116378281714,2556.4851145812468,SDN,ATL,0.6,0.6,0.328,0.313
PIT201608230,2016-08-23,PIT,HOU,4,0,4.17,4.06,1e-06,1e-06,PIT,PIT,0.2,0.7,0.344,0.326
ARI201608230,2016-08-23,ARI,ATL,0,2,3.49,,1e-06,1e-06,ARI,ARI,0.5,0.9,0.328,0.313
MIA201608230,2016-08-23,MIA,KCA,0,0,5.25,4.45,1630.230113794326,1997.6979082625944,PIT,KCA,0.9,0.4,0.31,0.302
LAN201608230,2016-08-23,LAN,SFN,1,0,3.48,2.74,3046.5057464053752,559.4406195325591,CIN,SFN,0.8,0.3,0.323,0.309
CHA201608230,2016-08-23,CHA,PHI,1,0,4.04,5.7,1e-06,1068.017024042746,CHA,PHI,0.7,0.6,0.323,0.31
SLN201608230,2016-08-23,SLN,NYN,3,3,4.67,2.42,1300.629186583633,2802.2400845274956,PHI,SFN,0.2,0.2,0.321,0.315
OAK201608230,2016-08-23,OAK,CLE,3,0,3.86,3.87,1e-06,1e-06,OAK,OAK,0.3,0.1,0.291,0.297
TBA201608230,2016-08-23,TBA,BOS,0,0,4.02,4.78,1e-06,1e-06,TBA,TBA,0.7,0.5,0.301,0.33
BAL201608230,2016-08-23,BAL,WAS,1,0,3.61,4.91,1e-06,1e-06,BAL,BAL,1.1,0.5,0.324,0.326
MIN201608230,2016-08-23,MIN,DET,0,0,5.07,5.87,662.9211681328137,872.516450655481,KCA,DET,0.4,0.4,0.313,0.324
TOR201608230,2016-08-23,TOR,ANA,1,0,4.46,4.17,305.2632734150024,3477.996626466436,CLE,ANA,1.1,1.0,0.339,0.326
MIL201608230,2016-08-23,MIL,COL,0,0,3.32,3.69,1e-06,1e-06,MIL,MIL,1.1,0.4,0.325,0.302
SDN201608230,2016-08-23,SDN,CHN,0,0,4.8,3.1,1e-06,1e-06,SDN,SDN,0.8,0.5,0.308,0.338
CIN201608230,2016-08-23,CIN,TEX,0,0,3.76,4.95,1e-06,1273.7149085846368,CIN,TBA,1.5,0.1,0.324,0.298
SEA201608230,2016-08-23,SEA,NYA,0,0,4.22,3.91,1e-06,1e-06,SEA,SEA,0.8,0.5,0.33,0.307
WAS201608240,2016-08-24,WAS,BAL,1,4,2.83,5.37,55.02896457567408,55.02896457567408,BAL,BAL,0.9,0.2,0.326,0.308
CHA201608240,2016-08-24,CHA,PHI,0,0,5.85,3.65,1e-06,1e-06,CHA,CHA,0.8,0.1,0.323,0.31
TOR201608240,2016-08-24,TOR,ANA,0,2,3.48,3.88,1e-06,1e-06,TOR,TOR,1.2,1.0,0.339,0.326
PIT201608240,2016-08-24,PIT,HOU,0,0,3.88,4.34,1e-06,1e-06,PIT,PIT,0.6,0.7,0.344,0.326
MIA201608240,2016-08-24,MIA,KCA,0,0,2.86,4.68,1e-06,1e-06,MIA,MIA,0.9,0.4,0.31,0.302
MIN201608240,2016-08-24,MIN,DET,1,1,6.43,4.53,1e-06,1e-06,MIN,MIN,0.4,0.4,0.313,0.324
MIL201608240,2016-08-24,MIL,COL,0,1,3.97,3.54,1e-06,1e-06,MIL,MIL,0.9,0.4,0.325,0.302
TBA201608240,2016-08-24,TBA,BOS,0,2,4.81,2.65,1e-06,1e-06,TBA,TBA,0.6,0.5,0.301,0.33
SLN201608240,2016-08-24,SLN,NYN,1,0,3.04,3.04,1e-06,1e-06,SLN,SLN,0.5,0.5,0.321,0.315
CIN201608240,2016-08-24,CIN,TEX,0,0,3.99,3.4,1e-06,1e-06,CIN,CIN,1.3,0.0,0.324,0.298
SDN201608240,2016-08-24,SDN,CHN,0,3,4.04,2.13,1e-06,1e-06,SDN,SDN,0.8,0.5,0.308,0.338
OAK201608240,2016-08-24,OAK,CLE,0,0,4.11,4.26,1e-06,1e-06,OAK,OAK,0.6,0.0,0.291,0.297
LAN201608240,2016-08-24,LAN,SFN,0,0,2.12,2.79,1e-06,1e-06,LAN,LAN,0.9,0.3,0.323,0.309
SEA201608240,2016-08-24,SEA,NYA,0,1,4.12,3.07,1e-06,1e-06,SEA,SEA,0.2,0.5,0.33,0.307
ARI201608240,2016-08-24,ARI,ATL,1,0,5.15,,1e-06,1e-06,ARI,ARI,0.4,1.0,0.328,0.313
CHA201608250,2016-08-25,CHA,SEA,3,2,3.47,3.73,1e-06,2788.668911659839,CHA,SEA,0.7,0.3,0.323,0.323
TOR201608250,2016-08-25,TOR,ANA,0,0,3.18,5.06,1e-06,1e-06,TOR,TOR,0.9,0.9,0.339,0.326
TEX201608250,2016-08-25,TEX,CLE,0,0,3.32,4.4,1327.4667402221744,2350.5503898425545,CIN,OAK,0.6,0.0,0.343,0.297
LAN201608250,2016-08-25,LAN,SFN,0,0,3.96,4.08,1e-06,1e-06,LAN,LAN,0.9,0.3,0.323,0.309
MIL201608250,2016-08-25,MIL,PIT,0,1,2.73,4.52,1e-06,722.0054120555708,MIL,PIT,0.8,1.4,0.325,0.322
SLN201608250,2016-08-25,SLN,NYN,0,0,4.62,2.67,1e-06,1e-06,SLN,SLN,0.6,0.5,0.321,0.315
MIA201608250,2016-08-25,MIA,KCA,0,0,4.33,5.37,1e-06,1e-06,MIA,MIA,0.9,0.3,0.31,0.302
TBA201608250,2016-08-25,TBA,BOS,0,0,3.69,3.32,1e-06,1e-06,TBA,TBA,0.5,0.6,0.301,0.33
WAS201608250,2016-08-25,WAS,BAL,0,0,2.96,5.44,1e-06,1e-06,WAS,WAS,1.0,0.6,0.326,0.308
MIN201608250,2016-08-25,MIN,DET,0,0,8.02,3.38,1e-06,1e-06,MIN,MIN,0.5,0.5,0.313,0.324
ARI201608250,2016-08-25,ARI,ATL,0,0,4.9,5.0,1e-06,1e-06,ARI,ARI,0.4,0.7,0.328,0.313
DET201608260,2016-08-26,DET,ANA,0,1,3.04,4.42,872.516450655481,332.4198044988213,MIN,TOR,0.2,0.6,0.338,0.326
SFN201608260,2016-08-26,SFN,ATL,3,0,3.81,4.88,559.4406195325591,1050.993394248722,LAN,ARI,0.5,0.7,0.347,0.313
NYA201608260,2016-08-26,NYA,BAL,2,1,4.35,5.42,3865.3953610333656,326.3648041771951,SEA,WAS,0.4,0.6,0.322,0.308
ARI201608260,2016-08-26,ARI,CIN,0,0,7.23,3.99,1e-06,2538.655038172322,ARI,CIN,0.4,0.4,0.328,0.308
BOS201608260,2016-08-26,BOS,KCA,1,5,3.33,3.68,1926.694381718032,2024.1956124919243,TBA,MIA,0.9,0.3,0.365,0.302
LAN201608260,2016-08-26,LAN,CHN,0,1,3.38,2.95,1e-06,179.52869961196944,LAN,SDN,0.9,0.8,0.323,0.338
WAS201608260,2016-08-26,WAS,COL,1,0,4.57,4.88,1e-06,1025.9779093655509,WAS,MIL,0.9,0.4,0.326,0.302
CHA201608260,2016-08-26,CHA,SEA,0,0,3.34,3.82,1e-06,1e-06,CHA,CHA,1.0,0.5,0.323,0.323
MIA201608260,2016-08-26,MIA,SDN,1,0,3.44,4.52,1e-06,3647.952032104879,MIA,SDN,0.5,0.8,0.31,0.29
MIL201608260,2016-08-26,MIL,PIT,0,0,4.51,4.81,1e-06,1e-06,MIL,MIL,0.8,1.5,0.325,0.322
TEX201608260,2016-08-26,TEX,CLE,0,0,4.39,3.14,1e-06,1e-06,TEX,TEX,0.6,0.0,0.343,0.297
NYN201608260,2016-08-26,NYN,PHI,2,0,3.43,6.04,1403.0288811452067,1144.129935670241,SLN,CHA,0.4,0.1,0.316,0.31
HOU201608260,2016-08-26,HOU,TBA,2,0,4.11,1.91,1831.9014463750616,1270.2138325576016,PIT,TBA,0.3,0.3,0.311,0.313
TOR201608260,2016-08-26,TOR,MIN,0,1,4.69,6.28,1e-06,1113.301279752142,TOR,MIN,0.9,0.4,0.339,0.32
SLN201608260,2016-08-26,SLN,OAK,2,0,5.7,6.1,1e-06,2789.217487399641,SLN,OAK,0.6,0.3,0.321,0.316
ARI201608270,2016-08-27,ARI,CIN,0,4,6.39,3.28,1e-06,1e-06,ARI,ARI,0.4,0.4,0.328,0.308
NYN201608270,2016-08-27,NYN,PHI,0,0,2.6,3.71,1e-06,1e-06,NYN,NYN,0.5,0.1,0.316,0.31
SFN201608270,2016-08-27,SFN,ATL,0,0,4.29,4.31,1e-06,1e-06,SFN,SFN,0.8,0.7,0.347,0.313
CHA201608270,2016-08-27,CHA,SEA,2,1,3.2,3.88,1e-06,1e-06,CHA,CHA,0.9,0.5,0.323,0.323
TEX201608270,2016-08-27,TEX,CLE,6,0,5.07,3.32,1e-06,1e-06,TEX,TEX,0.4,0.0,0.343,0.297
DET201608270,2016-08-27,DET,ANA,1,0,3.06,4.81,1e-06,1e-06,DET,DET,0.1,0.7,0.338,0.326
LAN201608270,2016-08-27,LAN,CHN,1,1,3.39,3.83,1e-06,1e-06,LAN,LAN,0.9,0.9,0.323,0.338
MIL201608270,2016-08-27,MIL,PIT,4,1,3.95,5.44,1e-06,1e-06,MIL,MIL,0.8,1.5,0.325,0.322
NYA201608270,2016-08-27,NYA,BAL,1,0,,4.02,1e-06,1e-06,NYA,NYA,0.6,0.5,0.322,0.308
WAS201608270,2016-08-27,WAS,COL,0,0,4.5,4.73,1e-06,1e-06,WAS,WAS,0.8,0.4,0.326,0.302
HOU201608270,2016-08-27,HOU,TBA,0,0,4.55,3.54,1e-06,1e-06,HOU,HOU,0.5,0.3,0.311,0.313
TOR201608270,2016-08-27,TOR,MIN,0,1,4.12,3.7,1e-06,1e-06,TOR,TOR,0.9,0.5,0.339,0.32
MIA201608270,2016-08-27,MIA,SDN,0,0,6.13,3.33,1e-06,1e-06,MIA,MIA,0.3,0.8,0.31,0.29
SLN201608270,2016-08-27,SLN,OAK,0,0,3.46,,1e-06,1e-06,SLN,SLN,0.7,0.3,0.321,0.316
BOS201608270,2016-08-27,BOS,KCA,2,0,3.99,3.51,1e-06,1e-06,BOS,BOS,1.0,0.8,0.365,0.302
SLN201608280,2016-08-28,SLN,OAK,1,2,4.67,4.31,1e-06,1e-06,SLN,SLN,0.7,0.3,0.321,0.316
LAN201608280,2016-08-28,LAN,CHN,0,0,2.48,2.74,1e-06,1e-06,LAN,LAN,0.5,0.6,0.323,0.338
MIL201608280,2016-08-28,MIL,PIT,0,0,4.39,4.17,1e-06,1e-06,MIL,MIL,1.2,1.2,0.325,0.322
NYA201608280,2016-08-28,NYA,BAL,0,0,3.91,3.61,1e-06,1e-06,NYA,NYA,0.6,0.5,0.322,0.308
ARI201608280,2016-08-28,ARI,CIN,3,0,5.02,6.65,1e-06,1e-06,ARI,ARI,0.4,0.7,0.328,0.308
TEX201608280,2016-08-28,TEX,CLE,0,0,4.95,3.87,1e-06,1e-06,TEX,TEX,1.0,0.0,0.343,0.297
WAS201608280,2016-08-28,WAS,COL,1,1,6.75,4.79,1e-06,1e-06,WAS,WAS,0.8,0.4,0.326,0.302
CHA201608280,2016-08-28,CHA,SEA,0,0,4.04,4.22,1e-06,1e-06,CHA,CHA,1.1,0.4,0.323,0.323
MIA201608280,2016-08-28,MIA,SDN,0,0,4.99,5.71,1e-06,1e-06,MIA,MIA,0.3,0.6,0.31,0.29
NYN201608280,2016-08-28,NYN,PHI,1,0,2.42,3.84,1e-06,1e-06,NYN,NYN,0.4,0.1,0.316,0.31
DET201608280,2016-08-28,DET,ANA,0,0,5.87,4.17,1e-06,1e-06,DET,DET,0.1,0.6,0.338,0.326
BOS201608280,2016-08-28,BOS,KCA,0,0,4.71,1.23,1e-06,1e-06,BOS,BOS,1.2,0.7,0.365,0.302
SFN201608280,2016-08-28,SFN,ATL,0,1,2.74,7.59,1e-06,1e-06,SFN,SFN,0.8,0.7,0.347,0.313
HOU201608280,2016-08-28,HOU,TBA,0,0,4.64,4.02,1e-06,1e-06,HOU,HOU,0.5,0.3,0.311,0.313
TOR201608280,2016-08-28,TOR,MIN,1,0,3.97,11.34,1e-06,1e-06,TOR,TOR,0.7,0.6,0.339,0.32
PHI201608290,2016-08-29,PHI,WAS,0,2,5.7,2.83,129.48897528262268,197.2342958595587,NYN,WAS,0.8,0.4,0.291,0.326
TEX201608290,2016-08-29,TEX,SEA,1,0,3.41,4.12,1e-06,1309.650558347085,TEX,CHA,1.0,0.4,0.343,0.323
MIL201608290,2016-08-29,MIL,SLN,0,0,2.15,2.0,1e-06,526.8349145670746,MIL,SLN,1.0,0.4,0.325,0.329
BAL201608290,2016-08-29,BAL,TOR,0,0,5.37,3.48,272.81937803481173,537.0332419152472,NYA,TOR,1.2,0.5,0.324,0.317
DET201608290,2016-08-29,DET,CHA,0,0,4.14,2.29,1e-06,380.91207013286544,DET,CHA,0.1,0.9,0.338,0.311
CHN201608290,2016-08-29,CHN,PIT,1,0,1.13,5.44,2804.824680217871,132.54357794550742,LAN,MIL,1.2,1.2,0.34,0.322
BOS201608290,2016-08-29,BOS,TBA,0,0,3.15,4.37,1e-06,2582.243070652819,BOS,HOU,1.2,0.3,0.365,0.313
NYN201608290,2016-08-29,NYN,MIA,0,0,4.7,3.14,1e-06,1756.5620451799746,NYN,MIA,0.5,1.0,0.316,0.333
COL201608290,2016-08-29,COL,LAN,0,0,4.61,3.48,2397.8679070622884,1336.5596902131042,WAS,LAN,2.1,1.0,0.369,0.315
CLE201608290,2016-08-29,CLE,MIN,0,0,3.44,3.15,1666.9381007624936,305.2632734150024,TEX,TOR,0.6,0.6,0.354,0.32
HOU201608290,2016-08-29,HOU,OAK,0,0,4.06,3.86,1e-06,1094.473323196354,HOU,SLN,0.5,0.5,0.311,0.316
ANA201608290,2016-08-29,ANA,CIN,3,2,3.88,3.76,3167.1614902696224,540.0297061463508,DET,ARI,0.6,0.7,0.317,0.308
KCA201608290,2016-08-29,KCA,NYA,3,0,4.68,4.82,2008.0645584325655,1759.8286951805926,BOS,NYA,0.2,0.6,0.323,0.307
NYN201608300,2016-08-30,NYN,MIA,3,2,2.67,4.33,1e-06,1e-06,NYN,NYN,0.5,0.9,0.316,0.333
CHN201608300,2016-08-30,CHN,PIT,2,0,2.13,4.2,1e-06,1e-06,CHN,CHN,1.3,0.9,0.34,0.322
PHI201608300,2016-08-30,PHI,WAS,0,2,3.65,2.96,1e-06,1e-06,PHI,PHI,0.7,0.6,0.291,0.326
HOU201608300,2016-08-30,HOU,OAK,0,0,4.34,4.11,1e-06,1e-06,HOU,HOU,0.5,0.4,0.311,0.316
ATL201608300,2016-08-30,ATL,SDN,0,0,3.21,5.89,3436.411305395792,973.359131898138,SFN,MIA,0.0,0.6,0.328,0.29
ANA201608300,2016-08-30,ANA,CIN,2,0,5.06,4.0,1e-06,1e-06,ANA,ANA,0.9,0.7,0.317,0.308
CLE201608300,2016-08-30,CLE,MIN,1,2,1.53,4.15,1e-06,1e-06,CLE,CLE,0.5,0.6,0.354,0.32
SFN201608300,2016-08-30,SFN,ARI,0,0,2.79,4.37,1e-06,1050.993394248722,SFN,ARI,0.8,0.4,0.347,0.313
BAL201608300,2016-08-30,BAL,TOR,0,0,2.05,4.12,1e-06,1e-06,BAL,BAL,0.9,0.4,0.324,0.317
BOS201608300,2016-08-30,BOS,TBA,0,1,4.78,5.91,1e-06,1e-06,BOS,BOS,1.1,0.3,0.365,0.313
MIL201608300,2016-08-30,MIL,SLN,0,0,4.68,,1e-06,1e-06,MIL,MIL,1.0,0.4,0.325,0.329
TEX201608300,2016-08-30,TEX,SEA,0,0,2.48,2.79,1e-06,1e-06,TEX,TEX,0.7,0.4,0.343,0.323
KCA201608300,2016-08-30,KCA,NYA,0,0,4.05,3.08,1e-06,1e-06,KCA,KCA,0.4,0.6,0.323,0.307
DET201608300,2016-08-30,DET,CHA,0,0,2.97,6.31,1e-06,1e-06,DET,DET,0.1,0.8,0.338,0.311
ATL201608310,2016-08-31,ATL,SDN,1,0,5.0,4.04,1e-06,1e-06,ATL,ATL,0.0,0.6,0.328,0.29
NYN201608310,2016-08-31,NYN,MIA,0,0,1.97,2.81,1e-06,1e-06,NYN,NYN,0.7,0.9,0.316,0.333
DET201608310,2016-08-31,DET,CHA,0,0,3.24,3.47,1e-06,1e-06,DET,DET,0.1,0.8,0.338,0.311
KCA201608310,2016-08-31,KCA,NYA,2,0,6.19,6.43,1e-06,1e-06,KCA,KCA,0.4,0.6,0.323,0.307
PHI201608310,2016-08-31,PHI,WAS,0,1,6.04,4.57,1e-06,1e-06,PHI,PHI,0.6,0.8,0.291,0.326
CLE201608310,2016-08-31,CLE,MIN,0,0,3.14,6.28,1e-06,1e-06,CLE,CLE,0.3,0.7,0.354,0.32
BAL201608310,2016-08-31,BAL,TOR,0,3,5.42,3.0,1e-06,1e-06,BAL,BAL,0.9,0.3,0.324,0.317
HOU201608310,2016-08-31,HOU,OAK,0,0,4.43,3.76,1e-06,1e-06,HOU,HOU,0.5,0.3,0.311,0.316
COL201608311,2016-08-31,COL,LAN,1,0,3.54,3.96,1e-06,1e-06,COL,COL,2.0,1.0,0.369,0.315
MIL201608310,2016-08-31,MIL,SLN,0,0,4.51,5.7,1e-06,1e-06,MIL,MIL,1.0,0.3,0.325,0.329
CHN201608310,2016-08-31,CHN,PIT,1,0,3.83,4.81,1e-06,1e-06,CHN,CHN,1.5,0.8,0.34,0.322
ANA201608310,2016-08-31,ANA,CIN,0,0,4.42,3.98,1e-06,1e-06,ANA,ANA,1.1,0.7,0.317,0.308
COL201608312,2016-08-31,COL,LAN,5,1,2.67,3.2,1e-06,1e-06,COL,COL,2.1,0.8,0.369,0.315
BOS201608310,2016-08-31,BOS,TBA,1,1,4.17,3.77,1e-06,1e-06,BOS,BOS,1.1,0.4,0.365,0.313
TEX201608310,2016-08-31,TEX,SEA,0,0,4.39,3.82,1e-06,1e-06,TEX,TEX,0.7,0.4,0.343,0.323
SFN201608310,2016-08-31,SFN,ARI,2,0,4.08,6.15,1e-06,1e-06,SFN,SFN,0.7,0.4,0.347,0.313
MIN201609010,2016-09-01,MIN,CHA,0,0,3.38,3.2,1013.2251113855248,872.516450655481,CLE,DET,0.2,0.8,0.313,0.311
CHN201609010,2016-09-01,CHN,SFN,3,2,3.46,3.1,1e-06,2984.5094702126535,CHN,SFN,1.6,0.1,0.34,0.309
NYN201609010,2016-09-01,NYN,MIA,0,0,3.04,6.13,1e-06,1e-06,NYN,NYN,0.7,0.5,0.316,0.333
ATL201609010,2016-09-01,ATL,SDN,0,0,4.31,6.0,1e-06,1e-06,ATL,ATL,0.1,0.1,0.328,0.29
SEA201609020,2016-09-02,SEA,ANA,1,4,3.88,5.89,2688.6235870338205,1575.276973597757,TEX,ANA,0.1,0.6,0.33,0.326
BAL201609020,2016-09-02,BAL,NYA,0,0,4.02,4.73,1e-06,1545.5901214265937,BAL,KCA,0.9,0.6,0.324,0.307
OAK201609020,2016-09-02,OAK,BOS,0,1,4.24,3.99,2629.671879056886,4320.465179781682,HOU,BOS,0.6,0.6,0.291,0.33
PIT201609020,2016-09-02,PIT,MIL,0,0,3.38,3.95,660.0502267315369,722.0054120555708,CHN,MIL,0.5,0.3,0.344,0.32
MIN201609020,2016-09-02,MIN,CHA,0,1,5.07,4.04,1e-06,1e-06,MIN,MIN,0.2,0.8,0.313,0.311
CHN201609020,2016-09-02,CHN,SFN,0,0,2.44,4.29,1e-06,1e-06,CHN,CHN,1.7,0.2,0.34,0.309
NYN201609020,2016-09-02,NYN,WAS,0,1,2.6,5.17,1e-06,129.48897528262268,NYN,PHI,0.7,0.9,0.316,0.326
CLE201609020,2016-09-02,CLE,MIA,3,0,3.32,5.25,1e-06,649.8727601989037,CLE,NYN,0.2,0.4,0.354,0.333
TEX201609020,2016-09-02,TEX,HOU,0,2,5.07,4.64,1e-06,368.5990384284446,TEX,HOU,0.7,0.5,0.343,0.326
TBA201609020,2016-09-02,TBA,TOR,0,2,3.06,4.37,1926.694381718032,1393.7772067986984,BOS,BAL,0.4,0.5,0.301,0.317
PHI201609020,2016-09-02,PHI,ATL,1,0,4.85,2.82,1e-06,1071.2330338826837,PHI,ATL,0.3,0.8,0.291,0.313
LAN201609020,2016-09-02,LAN,SDN,0,0,3.38,2.92,1336.5596902131042,3110.7650847781624,COL,ATL,0.5,0.1,0.323,0.29
COL201609020,2016-09-02,COL,ARI,0,0,5.24,5.66,1e-06,1524.5101947303656,COL,SFN,2.6,0.4,0.369,0.313
KCA201609020,2016-09-02,KCA,DET,0,0,1.87,3.24,1e-06,1034.95696626315,KCA,DET,0.6,0.3,0.323,0.324
CIN201609020,2016-09-02,CIN,SLN,0,0,2.53,,3023.82450563501,525.1892238126902,ANA,MIL,1.3,0.3,0.324,0.329
COL201609030,2016-09-03,COL,ARI,0,0,3.87,5.27,1e-06,1e-06,COL,COL,2.4,0.4,0.369,0.313
MIN201609030,2016-09-03,MIN,CHA,1,1,4.7,5.85,1e-06,1e-06,MIN,MIN,0.2,0.7,0.313,0.311
TBA201609030,2016-09-03,TBA,TOR,0,0,3.54,3.48,1e-06,1e-06,TBA,TBA,0.3,0.7,0.301,0.317
TEX201609030,2016-09-03,TEX,HOU,0,0,4.95,4.06,1e-06,1e-06,TEX,TEX,0.7,0.7,0.343,0.326
PIT201609030,2016-09-03,PIT,MIL,1,0,3.52,2.73,1e-06,1e-06,PIT,PIT,0.5,0.3,0.344,0.32
NYN201609030,2016-09-03,NYN,WAS,0,1,2.42,2.83,1e-06,1e-06,NYN,NYN,0.7,1.0,0.316,0.326
SEA201609030,2016-09-03,SEA,ANA,2,6,4.22,4.17,1e-06,1e-06,SEA,SEA,0.2,0.9,0.33,0.326
CHN201609030,2016-09-03,CHN,SFN,0,1,3.1,2.74,1e-06,1e-06,CHN,CHN,1.7,0.2,0.34,0.309
KCA201609030,2016-09-03,KCA,DET,0,0,4.45,3.06,1e-06,1e-06,KCA,KCA,0.5,0.3,0.323,0.324
PHI201609030,2016-09-03,PHI,ATL,0,1,3.83,5.14,1e-06,1e-06,PHI,PHI,0.4,0.7,0.291,0.313
CLE201609030,2016-09-03,CLE,MIA,2,3,4.26,2.86,1e-06,1e-06,CLE,CLE,0.5,0.3,0.354,0.333
BAL201609030,2016-09-03,BAL,NYA,0,0,3.61,3.91,1e-06,1e-06,BAL,BAL,0.9,0.6,0.324,0.307
LAN201609030,2016-09-03,LAN,SDN,0,0,2.12,5.71,1e-06,1e-06,LAN,LAN,0.4,0.1,0.323,0.29
CIN201609030,2016-09-03,CIN,SLN,0,1,3.76,4.67,1e-06,1e-06,CIN,CIN,1.3,0.3,0.324,0.329
OAK201609030,2016-09-03,OAK,BOS,0,2,6.5,3.15,1e-06,1e-06,OAK,OAK,0.6,0.7,0.291,0.33
TBA201609040,2016-09-04,TBA,TOR,2,1,5.98,2.81,1e-06,1e-06,TBA,TBA,0.3,0.7,0.301,0.317
MIN201609040,2016-09-04,MIN,CHA,0,3,6.28,4.35,1e-06,1e-06,MIN,MIN,0.3,0.7,0.313,0.311
TEX201609040,2016-09-04,TEX,HOU,0,2,3.41,2.16,1e-06,1e-06,TEX,TEX,0.7,0.5,0.343,0.326
CHN201609040,2016-09-04,CHN,SFN,0,0,2.74,,1e-06,1e-06,CHN,CHN,1.5,0.3,0.34,0.309
KCA201609040,2016-09-04,KCA,DET,0,0,4.05,5.82,1e-06,1e-06,KCA,KCA,0.5,0.3,0.323,0.324
CLE201609040,2016-09-04,CLE,MIA,0,0,2.51,3.44,1e-06,1e-06,CLE,CLE,0.6,0.6,0.354,0.333
SEA201609040,2016-09-04,SEA,ANA,0,2,4.12,3.21,1e-06,1e-06,SEA,SEA,0.4,1.3,0.33,0.326
CIN201609040,2016-09-04,CIN,SLN,0,0,4.0,3.04,1e-06,1e-06,CIN,CIN,0.8,0.4,0.324,0.329
COL201609040,2016-09-04,COL,ARI,1,1,4.61,5.02,1e-06,1e-06,COL,COL,2.1,0.2,0.369,0.313
PHI201609040,2016-09-04,PHI,ATL,0,0,5.7,3.21,1e-06,1e-06,PHI,PHI,0.4,0.7,0.291,0.313
OAK201609040,2016-09-04,OAK,BOS,0,0,3.62,3.4,1e-06,1e-06,OAK,OAK,0.6,0.9,0.291,0.33
BAL201609040,2016-09-04,BAL,NYA,0,3,5.37,5.83,1e-06,1e-06,BAL,BAL,0.6,0.5,0.324,0.307
NYN201609040,2016-09-04,NYN,WAS,1,0,2.67,4.91,1e-06,1e-06,NYN,NYN,0.6,0.9,0.316,0.326
PIT201609040,2016-09-04,PIT,MIL,0,0,4.86,4.39,1e-06,1e-06,PIT,PIT,0.6,0.1,0.344,0.32
LAN201609040,2016-09-04,LAN,SDN,0,0,6.35,3.92,1e-06,1e-06,LAN,LAN,0.4,0.0,0.323,0.29
CIN201609050,2016-09-05,CIN,NYN,0,0,6.08,3.43,1e-06,913.3322258208744,CIN,NYN,0.8,0.5,0.324,0.315
NYA201609050,2016-09-05,NYA,TOR,2,1,3.07,4.46,272.81937803481173,1638.0556824552712,BAL,TBA,0.6,0.8,0.322,0.317
COL201609050,2016-09-05,COL,SFN,0,0,4.79,4.08,1e-06,1477.450780411816,COL,CHN,2.2,0.3,0.369,0.309
TBA201609050,2016-09-05,TBA,BAL,3,0,4.37,5.44,1e-06,1393.7772067986984,TBA,BAL,0.3,0.5,0.301,0.308
PIT201609050,2016-09-05,PIT,SLN,0,0,4.2,4.62,1e-06,415.25842934625814,PIT,CIN,0.6,0.2,0.344,0.329
LAN201609050,2016-09-05,LAN,ARI,0,0,3.48,4.37,1e-06,1336.5596902131042,LAN,COL,0.3,0.3,0.323,0.313
MIL201609050,2016-09-05,MIL,CHN,0,0,3.97,2.13,722.0054120555708,132.54357794550742,PIT,CHN,0.7,0.6,0.325,0.338
OAK201609050,2016-09-05,OAK,ANA,2,3,7.25,4.24,1e-06,1089.6592015072615,OAK,SEA,0.6,1.5,0.291,0.326
SEA201609050,2016-09-05,SEA,TEX,5,0,3.82,3.32,1e-06,2688.6235870338205,SEA,TEX,0.4,0.0,0.33,0.298
CHA201609050,2016-09-05,CHA,DET,0,1,6.39,2.96,571.0232496384983,663.9206411727051,MIN,KCA,1.0,0.1,0.323,0.324
SDN201609050,2016-09-05,SDN,BOS,0,0,5.89,3.32,179.52869961196944,731.4285571970996,LAN,OAK,0.5,0.9,0.308,0.33
WAS201609050,2016-09-05,WAS,ATL,0,0,2.96,5.45,326.3648041771951,197.2342958595587,NYN,PHI,0.9,0.7,0.326,0.313
CLE201609050,2016-09-05,CLE,HOU,0,1,5.26,4.48,1e-06,1666.9381007624936,CLE,TEX,0.6,0.7,0.354,0.326
MIN201609050,2016-09-05,MIN,KCA,1,0,8.02,3.68,1e-06,662.9211681328137,MIN,KCA,0.3,0.7,0.313,0.302
MIA201609050,2016-09-05,MIA,PHI,2,0,5.54,3.65,1753.208311365246,1644.1190984600378,CLE,PHI,0.1,0.1,0.31,0.31
MIA201609060,2016-09-06,MIA,PHI,0,2,6.13,6.04,1e-06,1e-06,MIA,MIA,0.3,0.1,0.31,0.31
MIL201609060,2016-09-06,MIL,CHN,5,1,4.86,3.83,1e-06,1e-06,MIL,MIL,0.4,0.6,0.325,0.338
WAS201609060,2016-09-06,WAS,ATL,0,2,5.03,,1e-06,1e-06,WAS,WAS,0.9,0.4,0.326,0.313
SDN201609060,2016-09-06,SDN,BOS,0,0,4.04,4.78,1e-06,1e-06,SDN,SDN,0.5,0.5,0.308,0.33
TBA201609060,2016-09-06,TBA,BAL,1,0,3.69,5.42,1e-06,1e-06,TBA,TBA,0.6,0.5,0.301,0.308
MIN201609060,2016-09-06,MIN,KCA,2,2,3.15,2.75,1e-06,1e-06,MIN,MIN,0.4,0.6,0.313,0.302
CIN201609060,2016-09-06,CIN,NYN,0,0,2.88,4.7,1e-06,1e-06,CIN,CIN,0.8,0.5,0.324,0.315
PIT201609060,2016-09-06,PIT,SLN,0,4,3.06,27.0,1e-06,1e-06,PIT,PIT,0.5,0.2,0.344,0.329
NYA201609060,2016-09-06,NYA,TOR,0,1,5.18,4.12,1e-06,1e-06,NYA,NYA,0.7,0.9,0.322,0.317
SEA201609060,2016-09-06,SEA,TEX,1,1,3.79,4.39,1e-06,1e-06,SEA,SEA,0.8,0.0,0.33,0.298
CHA201609060,2016-09-06,CHA,DET,0,0,3.73,4.53,1e-06,1e-06,CHA,CHA,1.0,0.2,0.323,0.324
COL201609060,2016-09-06,COL,SFN,0,0,2.67,4.05,1e-06,1e-06,COL,COL,1.5,0.3,0.369,0.309
CLE201609060,2016-09-06,CLE,HOU,0,0,3.14,4.5,1e-06,1e-06,CLE,CLE,0.6,0.8,0.354,0.326
OAK201609060,2016-09-06,OAK,ANA,0,0,3.97,4.42,1e-06,1e-06,OAK,OAK,0.8,1.8,0.291,0.326
LAN201609060,2016-09-06,LAN,ARI,1,1,3.96,6.15,1e-06,1e-06,LAN,LAN,0.2,0.3,0.323,0.313
CIN201609070,2016-09-07,CIN,NYN,0,1,3.28,2.6,1e-06,1e-06,CIN,CIN,0.5,0.5,0.324,0.315
CLE201609070,2016-09-07,CLE,HOU,0,0,3.32,4.64,1e-06,1e-06,CLE,CLE,0.6,0.7,0.354,0.326
LAN201609070,2016-09-07,LAN,ARI,2,1,5.79,4.9,1e-06,1e-06,LAN,LAN,0.2,0.2,0.323,0.313
OAK201609070,2016-09-07,OAK,ANA,0,0,2.15,5.68,1e-06,1e-06,OAK,OAK,0.5,1.8,0.291,0.326
MIL201609070,2016-09-07,MIL,CHN,0,0,4.68,3.46,1e-06,1e-06,MIL,MIL,0.9,0.6,0.325,0.338
MIA201609070,2016-09-07,MIA,PHI,1,0,5.25,3.71,1e-06,1e-06,MIA,MIA,0.3,0.2,0.31,0.31
WAS201609070,2016-09-07,WAS,ATL,0,0,4.89,5.14,1e-06,1e-06,WAS,WAS,0.8,0.4,0.326,0.313
NYA201609070,2016-09-07,NYA,TOR,0,0,3.24,4.37,1e-06,1e-06,NYA,NYA,0.6,0.8,0.322,0.317
PIT201609070,2016-09-07,PIT,SLN,2,1,7.82,1.57,1e-06,1e-06,PIT,PIT,0.5,0.6,0.344,0.329
CHA201609070,2016-09-07,CHA,DET,1,0,6.39,5.82,1e-06,1e-06,CHA,CHA,1.0,0.2,0.323,0.324
SEA201609070,2016-09-07,SEA,TEX,5,0,3.88,5.07,1e-06,1e-06,SEA,SEA,0.9,0.1,0.33,0.298
SDN201609070,2016-09-07,SDN,BOS,1,0,6.0,3.99,1e-06,1e-06,SDN,SDN,0.1,0.5,0.308,0.33
MIN201609070,2016-09-07,MIN,KCA,1,0,4.15,4.05,1e-06,1e-06,MIN,MIN,0.5,0.7,0.313,0.302
TBA201609070,2016-09-07,TBA,BAL,1,0,4.81,3.13,1e-06,1e-06,TBA,TBA,0.6,0.5,0.301,0.308
COL201609070,2016-09-07,COL,SFN,1,1,5.83,4.71,1e-06,1e-06,COL,COL,1.4,0.3,0.369,0.309
CLE201609080,2016-09-08,CLE,HOU,0,1,4.26,5.14,1e-06,1e-06,CLE,CLE,0.6,0.5,0.354,0.326
PIT201609080,2016-09-08,PIT,CIN,3,0,4.17,3.76,1e-06,415.25842934625814,PIT,CIN,0.7,0.7,0.344,0.308
NYA201609080,2016-09-08,NYA,TBA,2,1,,3.77,1e-06,1638.0556824552712,NYA,TBA,0.6,0.4,0.322,0.313
SLN201609080,2016-09-08,SLN,MIL,1,0,4.67,2.81,898.8824563980571,526.8349145670746,PIT,MIL,0.8,0.0,0.321,0.32
SEA201609080,2016-09-08,SEA,TEX,0,0,4.22,4.95,1e-06,1e-06,SEA,SEA,1.4,0.1,0.33,0.298
SDN201609080,2016-09-08,SDN,COL,0,0,3.33,4.88,1e-06,1340.79250926624,SDN,COL,0.2,0.4,0.308,0.302
WAS201609080,2016-09-08,WAS,PHI,0,0,5.17,2.28,1e-06,1489.628641346009,WAS,MIA,0.8,0.2,0.326,0.31
MIN201609090,2016-09-09,MIN,CLE,1,0,6.43,,1e-06,1013.2251113855248,MIN,CLE,0.6,0.0,0.313,0.297
PIT201609090,2016-09-09,PIT,CIN,0,0,3.06,2.53,1e-06,1e-06,PIT,PIT,1.0,0.7,0.344,0.308
SLN201609090,2016-09-09,SLN,MIL,0,1,3.04,4.62,1e-06,1e-06,SLN,SLN,0.9,0.0,0.321,0.32
HOU201609090,2016-09-09,HOU,CHN,0,0,4.06,2.44,1793.7234420980124,1618.630710213877,CLE,MIL,0.5,0.6,0.311,0.338
DET201609090,2016-09-09,DET,BAL,0,0,2.96,2.05,380.91207013286544,1620.843911772028,CHA,TBA,0.1,0.5,0.338,0.308
SDN201609090,2016-09-09,SDN,COL,0,0,5.71,3.87,1e-06,1e-06,SDN,SDN,0.1,0.3,0.308,0.302
ATL201609090,2016-09-09,ATL,NYN,0,0,2.82,3.48,874.0887985860761,595.1171397463928,WAS,CIN,0.1,0.5,0.328,0.315
WAS201609090,2016-09-09,WAS,PHI,0,0,1.64,8.4,1e-06,1e-06,WAS,WAS,0.6,0.2,0.326,0.31
TOR201609090,2016-09-09,TOR,BOS,0,1,3.48,3.15,550.2922217550002,3483.4093062075885,NYA,SDN,0.8,0.5,0.339,0.33
MIA201609090,2016-09-09,MIA,LAN,1,0,2.86,1.69,1e-06,3756.8524313396424,MIA,LAN,0.4,0.9,0.31,0.315
NYA201609090,2016-09-09,NYA,TBA,1,0,4.68,3.54,1e-06,1e-06,NYA,NYA,0.8,0.5,0.322,0.313
ANA201609090,2016-09-09,ANA,TEX,0,0,4.35,2.48,592.0809005913671,1575.276973597757,OAK,SEA,1.1,0.1,0.317,0.298
OAK201609090,2016-09-09,OAK,SEA,0,1,6.5,4.12,1e-06,1089.6592015072615,OAK,SEA,0.5,0.4,0.291,0.323
ARI201609090,2016-09-09,ARI,SFN,0,0,6.33,0.0,574.8341159449532,942.6579354569092,LAN,COL,0.7,0.4,0.328,0.309
CHA201609090,2016-09-09,CHA,KCA,1,2,4.04,4.45,1e-06,571.0232496384983,CHA,MIN,1.0,0.7,0.323,0.302
TOR201609100,2016-09-10,TOR,BOS,0,0,3.18,4.71,1e-06,1e-06,TOR,TOR,0.4,0.6,0.339,0.33
CHA201609100,2016-09-10,CHA,KCA,0,2,6.39,6.48,1e-06,1e-06,CHA,CHA,0.8,0.9,0.323,0.302
MIA201609100,2016-09-10,MIA,LAN,0,0,4.33,2.12,1e-06,1e-06,MIA,MIA,0.5,0.9,0.31,0.315
NYA201609100,2016-09-10,NYA,TBA,0,0,3.07,4.02,1e-06,1e-06,NYA,NYA,0.9,0.4,0.322,0.313
SLN201609100,2016-09-10,SLN,MIL,0,0,4.62,4.68,1e-06,1e-06,SLN,SLN,0.9,0.1,0.321,0.32
HOU201609100,2016-09-10,HOU,CHN,0,0,4.34,3.35,1e-06,1e-06,HOU,HOU,0.4,0.6,0.311,0.338
OAK201609100,2016-09-10,OAK,SEA,0,2,4.11,3.82,1e-06,1e-06,OAK,OAK,0.5,0.5,0.291,0.323
DET201609100,2016-09-10,DET,BAL,1,3,4.87,5.44,1e-06,1e-06,DET,DET,0.1,0.5,0.338,0.308
ATL201609100,2016-09-10,ATL,NYN,1,2,3.58,4.54,1e-06,1e-06,ATL,ATL,0.1,0.5,0.328,0.315
MIN201609100,2016-09-10,MIN,CLE,0,1,4.7,,1e-06,1e-06,MIN,MIN,0.7,0.0,0.313,0.297
PIT201609100,2016-09-10,PIT,CIN,2,0,7.82,,1e-06,1e-06,PIT,PIT,1.0,0.6,0.344,0.308
ARI201609100,2016-09-10,ARI,SFN,0,0,5.02,2.79,1e-06,1e-06,ARI,ARI,0.4,0.4,0.328,0.309
ANA201609100,2016-09-10,ANA,TEX,0,2,4.24,4.15,1e-06,1e-06,ANA,ANA,1.1,0.1,0.317,0.298
SDN201609100,2016-09-10,SDN,COL,1,0,4.8,4.61,1e-06,1e-06,SDN,SDN,0.1,0.3,0.308,0.302
WAS201609100,2016-09-10,WAS,PHI,0,0,2.64,6.46,1e-06,1e-06,WAS,WAS,0.3,0.2,0.326,0.31
SDN201609110,2016-09-11,SDN,COL,0,0,3.92,4.73,1e-06,1e-06,SDN,SDN,0.2,0.3,0.308,0.302
WAS201609110,2016-09-11,WAS,PHI,1,0,4.57,6.04,1e-06,1e-06,WAS,WAS,0.2,0.2,0.326,0.31
SLN201609110,2016-09-11,SLN,MIL,0,1,2.77,2.15,1e-06,1e-06,SLN,SLN,0.9,0.1,0.321,0.32
MIA201609110,2016-09-11,MIA,LAN,0,0,6.13,3.48,1e-06,1e-06,MIA,MIA,0.5,0.9,0.31,0.315
OAK201609110,2016-09-11,OAK,SEA,0,0,3.62,2.81,1e-06,1e-06,OAK,OAK,0.5,0.7,0.291,0.323
PIT201609110,2016-09-11,PIT,CIN,0,0,4.81,3.98,1e-06,1e-06,PIT,PIT,0.8,0.6,0.344,0.308
MIN201609110,2016-09-11,MIN,CLE,0,0,8.02,3.14,1e-06,1e-06,MIN,MIN,0.6,0.1,0.313,0.297
ATL201609110,2016-09-11,ATL,NYN,0,1,6.04,2.67,1e-06,1e-06,ATL,ATL,0.2,0.7,0.328,0.315
CHA201609110,2016-09-11,CHA,KCA,0,0,3.34,3.68,1e-06,1e-06,CHA,CHA,0.7,1.1,0.323,0.302
NYA201609110,2016-09-11,NYA,TBA,0,0,4.35,4.37,1e-06,1e-06,NYA,NYA,0.8,0.4,0.322,0.313
HOU201609110,2016-09-11,HOU,CHN,0,1,4.48,3.1,1e-06,1e-06,HOU,HOU,0.4,0.6,0.311,0.338
ANA201609110,2016-09-11,ANA,TEX,1,0,5.06,3.71,1e-06,1e-06,ANA,ANA,1.0,0.3,0.317,0.298
DET201609110,2016-09-11,DET,BAL,0,0,3.04,3.77,1e-06,1e-06,DET,DET,0.2,0.8,0.338,0.308
ARI201609110,2016-09-11,ARI,SFN,0,1,4.37,4.08,1e-06,1e-06,ARI,ARI,0.4,0.4,0.328,0.309
TOR201609110,2016-09-11,TOR,BOS,1,1,5.51,3.25,1e-06,1e-06,TOR,TOR,0.4,0.6,0.339,0.33
KCA201609120,2016-09-12,KCA,OAK,0,0,4.68,,663.9206411727051,2406.427657157802,CHA,OAK,0.5,0.3,0.323,0.316
ARI201609120,2016-09-12,ARI,COL,0,0,4.44,5.83,1e-06,481.0116378281714,ARI,SDN,0.4,0.3,0.328,0.302
SLN201609120,2016-09-12,SLN,CHN,0,0,4.69,2.13,1e-06,1094.473323196354,SLN,HOU,0.8,0.7,0.321,0.338
BOS201609120,2016-09-12,BOS,BAL,5,0,3.99,5.37,691.6136251477402,984.732039314543,TOR,DET,1.2,0.4,0.365,0.308
SFN201609120,2016-09-12,SFN,SDN,0,0,3.81,4.04,1050.993394248722,738.1265117326025,ARI,SDN,0.7,0.0,0.347,0.29
CIN201609120,2016-09-12,CIN,MIL,3,0,3.99,4.86,415.25842934625814,494.9532553693752,PIT,SLN,0.1,0.2,0.324,0.32
ATL201609120,2016-09-12,ATL,MIA,1,0,3.64,2.45,1e-06,973.359131898138,ATL,MIA,0.2,0.6,0.328,0.333
NYA201609120,2016-09-12,NYA,LAN,0,1,3.24,6.35,1e-06,1756.5620451799746,NYA,MIA,0.8,0.6,0.322,0.315
TOR201609120,2016-09-12,TOR,TBA,0,0,4.12,4.81,1e-06,550.2922217550002,TOR,NYA,0.4,0.3,0.339,0.313
DET201609120,2016-09-12,DET,MIN,1,0,5.82,4.15,1e-06,872.516450655481,DET,MIN,0.2,0.5,0.338,0.32
ANA201609120,2016-09-12,ANA,SEA,0,0,4.42,3.88,1e-06,592.0809005913671,ANA,OAK,0.9,0.6,0.317,0.323
PHI201609120,2016-09-12,PHI,PIT,0,1,3.71,3.88,197.2342958595587,412.2899901216241,WAS,PIT,0.4,0.3,0.291,0.322
WAS201609120,2016-09-12,WAS,NYN,2,1,4.91,8.05,1e-06,874.0887985860761,WAS,ATL,0.3,0.7,0.326,0.315
CHA201609120,2016-09-12,CHA,CLE,1,0,3.73,3.32,1e-06,571.0232496384983,CHA,MIN,0.7,0.1,0.323,0.297
HOU201609120,2016-09-12,HOU,TEX,0,2,4.5,6.09,1e-06,2169.9670210701,HOU,ANA,0.2,0.3,0.311,0.298
BOS201609130,2016-09-13,BOS,BAL,0,0,3.32,4.02,1e-06,1e-06,BOS,BOS,1.6,0.4,0.365,0.308
TOR201609130,2016-09-13,TOR,TBA,0,0,4.37,4.88,1e-06,1e-06,TOR,TOR,0.3,0.3,0.339,0.313
SFN201609130,2016-09-13,SFN,SDN,0,0,3.1,4.5,1e-06,1e-06,SFN,SFN,0.5,0.0,0.347,0.29
NYA201609130,2016-09-13,NYA,LAN,0,0,4.68,3.96,1e-06,1e-06,NYA,NYA,0.6,0.7,0.322,0.315
ATL201609130,2016-09-13,ATL,MIA,2,0,5.0,4.99,1e-06,1e-06,ATL,ATL,0.3,0.6,0.328,0.333
CHA201609130,2016-09-13,CHA,CLE,1,0,3.2,4.26,1e-06,1e-06,CHA,CHA,0.5,0.1,0.323,0.297
ANA201609130,2016-09-13,ANA,SEA,0,2,5.68,4.22,1e-06,1e-06,ANA,ANA,0.7,0.4,0.317,0.323
SLN201609130,2016-09-13,SLN,CHN,0,1,1.57,3.83,1e-06,1e-06,SLN,SLN,0.5,0.4,0.321,0.338
WAS201609130,2016-09-13,WAS,NYN,0,0,1.64,2.55,1e-06,1e-06,WAS,WAS,0.4,0.8,0.326,0.315
KCA201609130,2016-09-13,KCA,OAK,0,0,1.23,3.97,1e-06,1e-06,KCA,KCA,0.5,0.2,0.323,0.316
ARI201609130,2016-09-13,ARI,COL,4,3,4.9,5.51,1e-06,1e-06,ARI,ARI,0.4,0.2,0.328,0.302
CIN201609130,2016-09-13,CIN,MIL,1,0,3.76,4.51,1e-06,1e-06,CIN,CIN,0.4,0.2,0.324,0.32
HOU201609130,2016-09-13,HOU,TEX,0,0,4.11,2.79,1e-06,1e-06,HOU,HOU,0.2,0.5,0.311,0.298
DET201609130,2016-09-13,DET,MIN,1,2,4.53,5.07,1e-06,1e-06,DET,DET,0.3,0.4,0.338,0.32
PHI201609130,2016-09-13,PHI,PIT,0,0,4.85,,1e-06,1e-06,PHI,PHI,0.4,0.4,0.291,0.322
SLN201609140,2016-09-14,SLN,CHN,0,0,3.04,2.44,1e-06,1e-06,SLN,SLN,0.4,0.4,0.321,0.338
ANA201609140,2016-09-14,ANA,SEA,0,0,4.24,4.12,1e-06,1e-06,ANA,ANA,0.7,0.6,0.317,0.323
DET201609140,2016-09-14,DET,MIN,1,0,5.82,3.7,1e-06,1e-06,DET,DET,0.4,0.6,0.338,0.32
SFN201609140,2016-09-14,SFN,SDN,0,1,2.74,5.71,1e-06,1e-06,SFN,SFN,0.5,0.0,0.347,0.29
NYA201609140,2016-09-14,NYA,LAN,0,0,3.08,3.2,1e-06,1e-06,NYA,NYA,0.5,0.7,0.322,0.315
ARI201609140,2016-09-14,ARI,COL,2,1,5.27,4.88,1e-06,1e-06,ARI,ARI,0.8,0.5,0.328,0.302
WAS201609140,2016-09-14,WAS,NYN,0,0,2.83,3.91,1e-06,1e-06,WAS,WAS,0.4,0.5,0.326,0.315
BOS201609140,2016-09-14,BOS,BAL,0,0,3.15,3.61,1e-06,1e-06,BOS,BOS,1.1,0.3,0.365,0.308
CHA201609140,2016-09-14,CHA,CLE,0,0,4.04,4.4,1e-06,1e-06,CHA,CHA,0.6,0.1,0.323,0.297
HOU201609140,2016-09-14,HOU,TEX,1,1,4.06,4.95,1e-06,1e-06,HOU,HOU,0.0,0.5,0.311,0.298
TOR201609140,2016-09-14,TOR,TBA,1,0,3.48,8.59,1e-06,1e-06,TOR,TOR,0.2,0.3,0.339,0.313
ATL201609140,2016-09-14,ATL,MIA,0,1,3.21,2.86,1e-06,1e-06,ATL,ATL,0.5,0.6,0.328,0.333
CIN201609140,2016-09-14,CIN,MIL,0,0,4.0,2.81,1e-06,1e-06,CIN,CIN,0.4,0.2,0.324,0.32
KCA201609140,2016-09-14,KCA,OAK,0,2,4.45,3.86,1e-06,1e-06,KCA,KCA,0.5,0.2,0.323,0.316
PHI201609140,2016-09-14,PHI,PIT,0,0,5.7,4.86,1e-06,1e-06,PHI,PHI,0.3,0.3,0.291,0.322
CHN201609150,2016-09-15,CHN,MIL,0,0,4.1,4.62,422.4920912040455,406.2527329885922,SLN,CIN,1.4,0.2,0.34,0.32
PHI201609150,2016-09-15,PHI,PIT,0,1,3.65,4.2,1e-06,1e-06,PHI,PHI,0.1,0.3,0.291,0.322
KCA201609150,2016-09-15,KCA,OAK,0,0,5.37,6.5,1e-06,1e-06,KCA,KCA,0.5,0.4,0.323,0.316
ARI201609150,2016-09-15,ARI,LAN,0,0,5.02,2.12,1e-06,3443.682019431773,ARI,NYA,0.9,0.6,0.328,0.315
DET201609150,2016-09-15,DET,MIN,0,0,5.07,4.7,1e-06,1e-06,DET,DET,0.4,0.6,0.338,0.32
BOS201609150,2016-09-15,BOS,NYA,0,2,5.18,3.08,1e-06,306.2037667286439,BOS,NYA,1.1,0.5,0.365,0.307
BAL201609150,2016-09-15,BAL,TBA,4,3,5.42,4.81,578.81170796599,537.0332419152472,BOS,TOR,0.1,0.3,0.324,0.313
ANA201609150,2016-09-15,ANA,TOR,0,0,6.13,3.18,1e-06,3477.996626466436,ANA,TOR,0.7,0.8,0.317,0.317
CHA201609150,2016-09-15,CHA,CLE,0,0,3.47,3.24,1e-06,1e-06,CHA,CHA,0.4,0.1,0.323,0.297
SFN201609150,2016-09-15,SFN,SLN,2,0,2.79,4.62,1e-06,2802.2400845274956,SFN,SLN,0.5,0.7,0.347,0.329
BOS201609160,2016-09-16,BOS,NYA,2,0,4.78,4.35,1e-06,1e-06,BOS,BOS,0.9,0.7,0.365,0.307
NYN201609160,2016-09-16,NYN,MIN,0,0,3.43,8.02,326.3648041771951,773.7548030957365,WAS,DET,0.7,0.6,0.316,0.32
SEA201609160,2016-09-16,SEA,HOU,0,0,3.82,4.34,1575.276973597757,3039.1839825945185,ANA,HOU,1.4,0.6,0.33,0.326
COL201609160,2016-09-16,COL,SDN,0,2,2.67,4.52,942.6579354569092,1524.5101947303656,ARI,SFN,1.5,0.1,0.369,0.29
CIN201609160,2016-09-16,CIN,PIT,1,3,4.14,4.52,1e-06,807.0437326700402,CIN,PHI,0.4,0.3,0.324,0.322
ATL201609160,2016-09-16,ATL,WAS,0,2,4.86,2.96,1e-06,874.0887985860761,ATL,WAS,0.5,0.8,0.328,0.326
CLE201609160,2016-09-16,CLE,DET,2,0,3.14,3.06,494.38381964269325,145.52553501827433,CHA,DET,0.6,0.2,0.354,0.324
CHN201609160,2016-09-16,CHN,MIL,0,0,1.55,3.95,1e-06,1e-06,CHN,CHN,1.4,0.2,0.34,0.32
SFN201609160,2016-09-16,SFN,SLN,0,0,4.08,5.7,1e-06,1e-06,SFN,SFN,0.7,0.6,0.347,0.329
ANA201609160,2016-09-16,ANA,TOR,0,0,5.06,4.46,1e-06,1e-06,ANA,ANA,0.6,0.8,0.317,0.317
KCA201609160,2016-09-16,KCA,CHA,0,0,2.75,3.34,1e-06,663.9206411727051,KCA,CHA,0.5,0.8,0.323,0.311
ARI201609160,2016-09-16,ARI,LAN,0,2,4.37,3.48,1e-06,1e-06,ARI,ARI,0.9,0.2,0.328,0.315
TEX201609160,2016-09-16,TEX,OAK,0,0,2.43,3.62,368.5990384284446,738.3603208647532,HOU,KCA,0.7,0.4,0.343,0.316
BAL201609160,2016-09-16,BAL,TBA,0,2,2.05,4.81,1e-06,1e-06,BAL,BAL,0.5,0.6,0.324,0.313
PHI201609160,2016-09-16,PHI,MIA,0,0,8.4,2.81,1e-06,1071.2330338826837,PHI,ATL,0.1,0.6,0.291,0.333
PHI201609170,2016-09-17,PHI,MIA,5,0,3.71,6.13,1e-06,1e-06,PHI,PHI,0.1,0.6,0.291,0.333
BAL201609170,2016-09-17,BAL,TBA,1,0,3.77,4.37,1e-06,1e-06,BAL,BAL,0.5,0.7,0.324,0.313
ATL201609170,2016-09-17,ATL,WAS,1,1,3.7,4.57,1e-06,1e-06,ATL,ATL,0.5,1.0,0.328,0.326
SEA201609170,2016-09-17,SEA,HOU,0,0,3.79,4.48,1e-06,1e-06,SEA,SEA,1.4,0.6,0.33,0.326
KCA201609170,2016-09-17,KCA,CHA,1,1,4.68,3.73,1e-06,1e-06,KCA,KCA,0.2,0.8,0.323,0.311
ARI201609170,2016-09-17,ARI,LAN,1,1,6.15,5.79,1e-06,1e-06,ARI,ARI,0.9,0.4,0.328,0.315
SFN201609170,2016-09-17,SFN,SLN,0,1,3.57,,1e-06,1e-06,SFN,SFN,0.7,0.6,0.347,0.329
NYN201609170,2016-09-17,NYN,MIN,0,0,5.23,3.96,1e-06,1e-06,NYN,NYN,0.5,0.5,0.316,0.32
ANA201609170,2016-09-17,ANA,TOR,0,0,4.42,4.69,1e-06,1e-06,ANA,ANA,0.3,0.8,0.317,0.317
COL201609170,2016-09-17,COL,SDN,4,0,4.61,5.89,1e-06,1e-06,COL,COL,0.8,0.3,0.369,0.29
CIN201609171,2016-09-17,CIN,PIT,0,4,3.28,3.38,1e-06,1e-06,CIN,CIN,0.5,0.6,0.324,0.322
CIN201609172,2016-09-17,CIN,PIT,0,0,3.98,4.5,1e-06,1e-06,CIN,CIN,0.5,0.9,0.324,0.322
TEX201609170,2016-09-17,TEX,OAK,0,1,3.41,7.25,1e-06,1e-06,TEX,TEX,0.7,0.4,0.343,0.316
CLE201609170,2016-09-17,CLE,DET,0,0,1.45,4.14,1e-06,1e-06,CLE,CLE,0.8,0.2,0.354,0.324
BOS201609170,2016-09-17,BOS,NYA,0,0,4.05,4.68,1e-06,1e-06,BOS,BOS,1.0,0.6,0.365,0.307
CHN201609170,2016-09-17,CHN,MIL,3,0,3.1,3.97,1e-06,1e-06,CHN,CHN,0.9,0.2,0.34,0.32
PHI201609180,2016-09-18,PHI,MIA,2,0,2.58,3.4,1e-06,1e-06,PHI,PHI,0.6,0.4,0.291,0.333
CLE201609180,2016-09-18,CLE,DET,0,0,4.26,3.38,1e-06,1e-06,CLE,CLE,0.7,0.2,0.354,0.324
ARI201609180,2016-09-18,ARI,LAN,0,0,2.0,3.96,1e-06,1e-06,ARI,ARI,1.0,0.5,0.328,0.315
BAL201609180,2016-09-18,BAL,TBA,0,0,2.05,4.35,1e-06,1e-06,BAL,BAL,0.6,0.6,0.324,0.313
BOS201609180,2016-09-18,BOS,NYA,0,1,0.0,3.57,1e-06,1e-06,BOS,BOS,0.8,0.6,0.365,0.307
ANA201609180,2016-09-18,ANA,TOR,0,0,5.68,4.37,1e-06,1e-06,ANA,ANA,0.1,0.8,0.317,0.317
SFN201609180,2016-09-18,SFN,SLN,0,0,4.29,1.57,1e-06,1e-06,SFN,SFN,0.4,0.7,0.347,0.329
ATL201609180,2016-09-18,ATL,WAS,0,0,5.0,3.43,1e-06,1e-06,ATL,ATL,0.6,1.1,0.328,0.326
NYN201609180,2016-09-18,NYN,MIN,2,0,4.54,5.07,1e-06,1e-06,NYN,NYN,0.5,0.4,0.316,0.32
TEX201609180,2016-09-18,TEX,OAK,0,0,3.71,6.1,1e-06,1e-06,TEX,TEX,0.7,0.5,0.343,0.316
CIN201609180,2016-09-18,CIN,PIT,0,0,3.76,4.17,1e-06,1e-06,CIN,CIN,0.5,0.9,0.324,0.322
KCA201609180,2016-09-18,KCA,CHA,1,0,3.51,3.2,1e-06,1e-06,KCA,KCA,0.3,0.9,0.323,0.311
COL201609180,2016-09-18,COL,SDN,0,0,4.79,6.0,1e-06,1e-06,COL,COL,1.2,0.3,0.369,0.29
SEA201609180,2016-09-18,SEA,HOU,2,0,3.88,4.64,1e-06,1e-06,SEA,SEA,1.4,0.6,0.33,0.326
CHN201609180,2016-09-18,CHN,MIL,0,0,2.13,4.86,1e-06,1e-06,CHN,CHN,1.0,0.2,0.34,0.32
CHN201609190,2016-09-19,CHN,CIN,0,0,3.83,3.99,1e-06,406.2527329885922,CHN,CIN,0.9,0.6,0.34,0.308
COL201609190,2016-09-19,COL,SLN,1,0,3.54,3.04,1e-06,1524.5101947303656,COL,SFN,1.1,0.7,0.369,0.329
SDN201609190,2016-09-19,SDN,ARI,0,0,3.33,5.27,1340.79250926624,481.0116378281714,COL,ARI,0.2,0.3,0.308,0.313
MIA201609190,2016-09-19,MIA,WAS,0,0,2.45,4.89,1644.1190984600378,973.359131898138,PHI,ATL,0.5,1.0,0.31,0.326
SEA201609190,2016-09-19,SEA,TOR,0,0,4.22,3.48,1e-06,1575.276973597757,SEA,ANA,1.6,0.5,0.33,0.317
LAN201609190,2016-09-19,LAN,SFN,0,0,2.48,4.05,574.8341159449532,559.4406195325591,ARI,SFN,0.4,0.5,0.323,0.309
BAL201609190,2016-09-19,BAL,BOS,0,0,4.02,3.15,1e-06,578.81170796599,BAL,BOS,0.5,0.5,0.324,0.33
KCA201609190,2016-09-19,KCA,CHA,0,0,4.45,4.04,1e-06,1e-06,KCA,KCA,0.2,0.6,0.323,0.311
NYN201609190,2016-09-19,NYN,ATL,0,0,2.6,7.59,1e-06,1200.4511584455877,NYN,ATL,0.6,0.4,0.316,0.313
OAK201609190,2016-09-19,OAK,HOU,0,0,3.62,3.28,2350.5503898425545,1089.6592015072615,TEX,SEA,0.2,0.6,0.291,0.326
TEX201609190,2016-09-19,TEX,ANA,0,0,2.43,3.45,1e-06,1938.7751997181072,TEX,ANA,0.1,1.6,0.343,0.326
BAL201609200,2016-09-20,BAL,BOS,0,0,3.61,4.71,1e-06,1e-06,BAL,BAL,0.5,0.5,0.324,0.33
TBA201609200,2016-09-20,TBA,NYA,0,0,4.81,5.83,1393.7772067986984,1926.694381718032,BAL,BOS,0.7,0.6,0.301,0.307
SDN201609200,2016-09-20,SDN,ARI,0,0,4.15,6.39,1e-06,1e-06,SDN,SDN,0.2,0.3,0.308,0.313
PHI201609200,2016-09-20,PHI,CHA,2,0,5.7,5.85,1e-06,1664.5791350776744,PHI,KCA,0.8,0.6,0.291,0.311
OAK201609200,2016-09-20,OAK,HOU,0,0,3.23,2.16,1e-06,1e-06,OAK,OAK,0.2,0.4,0.291,0.326
COL201609200,2016-09-20,COL,SLN,1,0,5.51,4.62,1e-06,1e-06,COL,COL,0.7,0.7,0.369,0.329
NYN201609200,2016-09-20,NYN,ATL,0,0,2.42,3.21,1e-06,1e-06,NYN,NYN,0.6,0.4,0.316,0.313
MIL201609200,2016-09-20,MIL,PIT,0,2,4.51,3.03,132.54357794550742,525.1892238126902,CHN,CIN,0.9,0.9,0.325,0.322
MIA201609200,2016-09-20,MIA,WAS,0,0,2.86,2.83,1e-06,1e-06,MIA,MIA,0.5,1.0,0.31,0.326
SEA201609200,2016-09-20,SEA,TOR,0,0,4.12,3.18,1e-06,1e-06,SEA,SEA,1.5,0.3,0.33,0.317
TEX201609200,2016-09-20,TEX,ANA,1,0,5.59,6.13,1e-06,1e-06,TEX,TEX,0.1,1.6,0.343,0.326
CLE201609200,2016-09-20,CLE,KCA,0,0,1.45,2.6,1e-06,1123.5230318083022,CLE,KCA,0.7,1.1,0.354,0.302
LAN201609200,2016-09-20,LAN,SFN,0,0,2.12,2.79,1e-06,1e-06,LAN,LAN,0.4,0.3,0.323,0.309
MIN201609200,2016-09-20,MIN,DET,0,0,4.7,4.53,1636.0526645605564,1013.2251113855248,NYN,CLE,0.6,0.1,0.313,0.324
CHN201609200,2016-09-20,CHN,CIN,0,0,2.44,,1e-06,1e-06,CHN,CHN,0.7,0.6,0.34,0.308
BAL201609210,2016-09-21,BAL,BOS,0,0,5.44,4.78,1e-06,1e-06,BAL,BAL,0.5,0.4,0.324,0.33
COL201609210,2016-09-21,COL,SLN,1,0,5.23,5.7,1e-06,1e-06,COL,COL,0.8,0.6,0.369,0.329
TEX201609210,2016-09-21,TEX,ANA,0,0,4.95,5.06,1e-06,1e-06,TEX,TEX,0.1,1.5,0.343,0.326
SDN201609210,2016-09-21,SDN,ARI,0,1,5.71,4.37,1e-06,1e-06,SDN,SDN,0.2,0.3,0.308,0.313
OAK201609210,2016-09-21,OAK,HOU,0,0,6.5,4.34,1e-06,1e-06,OAK,OAK,0.2,0.4,0.291,0.326
TBA201609210,2016-09-21,TBA,NYA,0,3,8.59,3.07,1e-06,1e-06,TBA,TBA,0.7,0.6,0.301,0.307
NYN201609210,2016-09-21,NYN,ATL,2,0,2.55,3.18,1e-06,1e-06,NYN,NYN,0.3,0.4,0.316,0.313
SEA201609210,2016-09-21,SEA,TOR,0,0,3.73,4.46,1e-06,1e-06,SEA,SEA,1.3,0.3,0.33,0.317
MIL201609210,2016-09-21,MIL,PIT,0,3,4.62,4.2,1e-06,1e-06,MIL,MIL,0.9,1.1,0.325,0.322
CHN201609210,2016-09-21,CHN,CIN,2,0,3.35,6.08,1e-06,1e-06,CHN,CHN,0.6,0.2,0.34,0.308
LAN201609210,2016-09-21,LAN,SFN,5,1,3.48,4.08,1e-06,1e-06,LAN,LAN,0.4,0.3,0.323,0.309
PHI201609210,2016-09-21,PHI,CHA,3,1,3.65,3.34,1e-06,1e-06,PHI,PHI,0.9,0.6,0.291,0.311
CLE201609210,2016-09-21,CLE,KCA,0,0,3.14,3.68,1e-06,1e-06,CLE,CLE,0.4,1.1,0.354,0.302
MIA201609210,2016-09-21,MIA,WAS,0,0,4.33,2.96,1e-06,1e-06,MIA,MIA,0.4,0.8,0.31,0.326
MIN201609222,2016-09-22,MIN,DET,0,0,3.38,3.04,1e-06,1e-06,MIN,MIN,0.6,0.1,0.313,0.324
NYN201609220,2016-09-22,NYN,PHI,0,0,4.11,3.83,1e-06,129.48897528262268,NYN,PHI,0.5,0.2,0.316,0.31
MIL201609220,2016-09-22,MIL,PIT,2,0,4.39,4.81,1e-06,1e-06,MIL,MIL,0.9,1.4,0.325,0.322
HOU201609220,2016-09-22,HOU,ANA,0,2,4.48,4.42,2629.671879056886,368.5990384284446,OAK,TEX,0.1,1.5,0.311,0.326
MIN201609221,2016-09-22,MIN,DET,1,1,4.15,2.96,1e-06,1e-06,MIN,MIN,0.6,0.1,0.313,0.324
TBA201609220,2016-09-22,TBA,NYA,1,0,3.54,4.35,1e-06,1e-06,TBA,TBA,0.7,0.9,0.301,0.307
SDN201609220,2016-09-22,SDN,SFN,0,0,4.8,3.81,1e-06,179.52869961196944,SDN,LAN,0.2,0.3,0.308,0.309
BAL201609220,2016-09-22,BAL,BOS,0,1,3.53,3.99,1e-06,1e-06,BAL,BAL,0.5,0.2,0.324,0.33
MIA201609220,2016-09-22,MIA,ATL,0,1,6.13,3.7,1e-06,1756.5620451799746,MIA,NYN,0.4,0.4,0.31,0.313
LAN201609220,2016-09-22,LAN,COL,0,0,3.2,3.69,1e-06,1336.5596902131042,LAN,COL,0.8,0.5,0.323,0.302
CLE201609220,2016-09-22,CLE,KCA,2,0,1.53,4.68,1e-06,1e-06,CLE,CLE,0.2,0.6,0.354,0.302
OAK201609230,2016-09-23,OAK,TEX,0,0,4.11,3.32,1e-06,2350.5503898425545,OAK,TEX,0.2,0.6,0.291,0.298
SDN201609230,2016-09-23,SDN,SFN,3,0,5.89,4.29,1e-06,1e-06,SDN,SDN,0.2,0.3,0.308,0.309
CHN201609230,2016-09-23,CHN,SLN,4,0,3.1,4.69,1e-06,1477.450780411816,CHN,COL,0.5,0.6,0.34,0.329
TBA201609230,2016-09-23,TBA,BOS,0,2,4.02,3.32,1e-06,1393.7772067986984,TBA,BAL,0.8,0.3,0.301,0.33
CLE201609230,2016-09-23,CLE,CHA,0,2,4.26,3.73,1e-06,576.425945012328,CLE,PHI,0.4,0.7,0.354,0.311
NYN201609230,2016-09-23,NYN,PHI,0,0,4.7,3.71,1e-06,1e-06,NYN,NYN,0.5,0.2,0.316,0.31
BAL201609230,2016-09-23,BAL,ARI,0,1,4.0,2.0,1e-06,3688.2820605993606,BAL,SDN,0.5,0.4,0.324,0.313
PIT201609230,2016-09-23,PIT,WAS,0,0,3.77,4.5,722.0054120555708,1630.230113794326,MIL,MIA,0.8,0.6,0.344,0.326
MIL201609230,2016-09-23,MIL,CIN,0,0,3.32,3.28,1e-06,132.54357794550742,MIL,CHN,0.7,0.2,0.325,0.308
HOU201609230,2016-09-23,HOU,ANA,0,0,4.11,3.86,1e-06,1e-06,HOU,HOU,0.1,1.7,0.311,0.326
DET201609230,2016-09-23,DET,KCA,2,0,3.06,3.51,872.516450655481,145.52553501827433,MIN,CLE,0.4,0.6,0.338,0.302
MIA201609230,2016-09-23,MIA,ATL,2,0,2.81,4.24,1e-06,1e-06,MIA,MIA,0.4,0.4,0.31,0.313
TOR201609230,2016-09-23,TOR,NYA,2,0,4.69,3.24,3325.1452076248356,1789.459752085548,SEA,TBA,0.3,0.9,0.339,0.307
MIN201609230,2016-09-23,MIN,SEA,0,0,5.07,3.79,1e-06,2238.4089622775527,MIN,SEA,0.6,0.5,0.313,0.323
LAN201609230,2016-09-23,LAN,COL,2,0,3.96,4.61,1e-06,1e-06,LAN,LAN,0.8,0.5,0.323,0.302
TBA201609240,2016-09-24,TBA,BOS,0,0,4.35,3.15,1e-06,1e-06,TBA,TBA,0.8,0.5,0.301,0.33
MIA201609240,2016-09-24,MIA,ATL,2,1,2.45,7.59,1e-06,1e-06,MIA,MIA,0.4,0.4,0.31,0.313
HOU201609240,2016-09-24,HOU,ANA,0,0,3.28,4.24,1e-06,1e-06,HOU,HOU,0.1,1.3,0.311,0.326
LAN201609240,2016-09-24,LAN,COL,0,0,1.69,4.79,1e-06,1e-06,LAN,LAN,1.0,0.5,0.323,0.302
CLE201609240,2016-09-24,CLE,CHA,0,2,6.68,3.2,1e-06,1e-06,CLE,CLE,0.4,0.9,0.354,0.311
BAL201609240,2016-09-24,BAL,ARI,1,0,5.37,4.9,1e-06,1e-06,BAL,BAL,0.5,0.5,0.324,0.313
DET201609240,2016-09-24,DET,KCA,0,0,3.24,1.87,1e-06,1e-06,DET,DET,0.6,0.6,0.338,0.302
TOR201609240,2016-09-24,TOR,NYA,0,0,4.12,3.57,1e-06,1e-06,TOR,TOR,0.5,0.9,0.339,0.307
OAK201609240,2016-09-24,OAK,TEX,0,0,7.25,3.41,1e-06,1e-06,OAK,OAK,0.2,0.6,0.291,0.298
SDN201609240,2016-09-24,SDN,SFN,0,3,3.92,3.35,1e-06,1e-06,SDN,SDN,0.5,0.3,0.308,0.309
PIT201609240,2016-09-24,PIT,WAS,0,3,4.17,4.91,1e-06,1e-06,PIT,PIT,0.8,0.5,0.344,0.326
MIL201609240,2016-09-24,MIL,CIN,0,2,7.76,3.76,1e-06,1e-06,MIL,MIL,0.7,0.0,0.325,0.308
CHN201609240,2016-09-24,CHN,SLN,2,4,3.83,1.57,1e-06,1e-06,CHN,CHN,0.9,0.6,0.34,0.329
MIN201609240,2016-09-24,MIN,SEA,1,0,6.43,3.88,1e-06,1e-06,MIN,MIN,0.6,0.5,0.313,0.323
NYN201609240,2016-09-24,NYN,PHI,0,5,7.13,2.28,1e-06,1e-06,NYN,NYN,0.5,0.2,0.316,0.31
CHN201609250,2016-09-25,CHN,SLN,0,0,2.44,3.04,1e-06,1e-06,CHN,CHN,1.1,0.6,0.34,0.329
OAK201609250,2016-09-25,OAK,TEX,0,0,2.15,3.71,1e-06,1e-06,OAK,OAK,0.0,0.5,0.291,0.298
PIT201609250,2016-09-25,PIT,WAS,3,3,,2.64,1e-06,1e-06,PIT,PIT,0.7,0.7,0.344,0.326
NYN201609250,2016-09-25,NYN,PHI,0,0,2.42,5.7,1e-06,1e-06,NYN,NYN,0.5,0.7,0.316,0.31
DET201609250,2016-09-25,DET,KCA,0,4,4.53,4.68,1e-06,1e-06,DET,DET,0.6,0.6,0.338,0.302
MIL201609250,2016-09-25,MIL,CIN,0,2,4.86,3.98,1e-06,1e-06,MIL,MIL,0.7,0.2,0.325,0.308
CLE201609250,2016-09-25,CLE,CHA,0,0,4.4,4.04,1e-06,1e-06,CLE,CLE,0.4,1.0,0.354,0.311
SDN201609250,2016-09-25,SDN,SFN,0,0,1.69,4.28,1e-06,1e-06,SDN,SDN,0.4,0.6,0.308,0.309
HOU201609250,2016-09-25,HOU,ANA,1,0,4.06,6.13,1e-06,1e-06,HOU,HOU,0.1,0.7,0.311,0.326
MIN201609250,2016-09-25,MIN,SEA,1,0,4.7,4.22,1e-06,1e-06,MIN,MIN,0.6,0.5,0.313,0.323
TOR201609250,2016-09-25,TOR,NYA,0,0,2.68,3.57,1e-06,1e-06,TOR,TOR,0.5,0.9,0.339,0.307
LAN201609250,2016-09-25,LAN,COL,0,0,2.48,3.69,1e-06,1e-06,LAN,LAN,1.0,0.4,0.323,0.302
BAL201609250,2016-09-25,BAL,ARI,0,0,4.02,5.27,1e-06,1e-06,BAL,BAL,0.6,0.5,0.324,0.313
TBA201609250,2016-09-25,TBA,BOS,0,1,1.35,5.18,1e-06,1e-06,TBA,TBA,0.8,0.5,0.301,0.33
MIA201609260,2016-09-26,MIA,NYN,1,0,3.4,3.43,1e-06,1756.5620451799746,MIA,NYN,0.6,0.5,0.31,0.315
PIT201609260,2016-09-26,PIT,CHN,0,1,4.2,2.13,1e-06,660.0502267315369,PIT,CHN,1.0,0.3,0.344,0.338
HOU201609260,2016-09-26,HOU,SEA,0,1,3.28,5.23,1e-06,1702.4056315736932,HOU,MIN,0.2,0.5,0.311,0.323
DET201609260,2016-09-26,DET,CLE,0,0,4.6,1.45,1e-06,145.52553501827433,DET,CLE,0.6,0.1,0.338,0.297
WAS201609260,2016-09-26,WAS,ARI,0,0,2.83,6.39,305.44483751928374,55.02896457567408,PIT,BAL,0.3,0.5,0.326,0.313
SLN201609260,2016-09-26,SLN,CIN,0,2,4.67,4.0,422.4920912040455,526.8349145670746,CHN,MIL,0.4,0.4,0.321,0.308
TEX201609260,2016-09-26,TEX,MIL,0,0,4.39,4.51,2350.5503898425545,1392.1494573742093,OAK,MIL,0.1,0.2,0.343,0.32
TOR201609260,2016-09-26,TOR,NYA,1,1,4.12,4.68,1e-06,1e-06,TOR,TOR,0.5,0.6,0.339,0.307
CHA201609260,2016-09-26,CHA,TBA,1,0,5.85,4.88,494.38381964269325,1636.2782802002057,CLE,TBA,0.4,0.5,0.323,0.313
ANA201609260,2016-09-26,ANA,OAK,0,0,4.35,2.42,2169.9670210701,592.0809005913671,HOU,OAK,0.1,0.3,0.317,0.316
TOR201609270,2016-09-27,TOR,BAL,2,0,3.0,3.61,1e-06,537.0332419152472,TOR,BAL,0.5,0.3,0.339,0.308
HOU201609270,2016-09-27,HOU,SEA,2,1,3.52,3.82,1e-06,1e-06,HOU,HOU,0.2,0.6,0.311,0.323
SDN201609270,2016-09-27,SDN,LAN,3,0,4.04,3.48,1e-06,179.52869961196944,SDN,LAN,0.4,0.4,0.308,0.315
ATL201609270,2016-09-27,ATL,PHI,0,4,2.82,3.84,973.359131898138,1200.4511584455877,MIA,NYN,0.5,0.7,0.328,0.31
MIA201609270,2016-09-27,MIA,NYN,1,0,4.33,2.6,1e-06,1e-06,MIA,MIA,0.6,0.5,0.31,0.315
KCA201609270,2016-09-27,KCA,MIN,0,0,9.24,,1034.95696626315,662.9211681328137,DET,MIN,0.2,0.4,0.323,0.32
ANA201609270,2016-09-27,ANA,OAK,1,0,4.42,6.5,1e-06,1e-06,ANA,ANA,0.1,0.3,0.317,0.316
TEX201609270,2016-09-27,TEX,MIL,0,2,2.09,4.62,1e-06,1e-06,TEX,TEX,0.1,0.1,0.343,0.32
CHA201609270,2016-09-27,CHA,TBA,3,0,3.34,8.59,1e-06,1e-06,CHA,CHA,0.5,0.5,0.323,0.313
DET201609270,2016-09-27,DET,CLE,2,0,3.04,5.26,1e-06,1e-06,DET,DET,0.6,0.1,0.338,0.297
SFN201609270,2016-09-27,SFN,COL,1,0,4.08,5.23,738.1265117326025,559.4406195325591,SDN,LAN,0.4,0.4,0.347,0.302
WAS201609270,2016-09-27,WAS,ARI,0,1,2.96,4.44,1e-06,1e-06,WAS,WAS,0.3,0.4,0.326,0.313
SLN201609270,2016-09-27,SLN,CIN,0,1,4.62,6.08,1e-06,1e-06,SLN,SLN,0.2,0.6,0.321,0.308
NYA201609270,2016-09-27,NYA,BOS,2,0,4.67,3.99,550.2922217550002,1638.0556824552712,TOR,TBA,0.5,0.6,0.322,0.33
PIT201609270,2016-09-27,PIT,CHN,0,0,4.81,3.35,1e-06,1e-06,PIT,PIT,1.0,0.4,0.344,0.338
ANA201609280,2016-09-28,ANA,OAK,0,2,3.11,6.1,1e-06,1e-06,ANA,ANA,0.2,0.3,0.317,0.316
NYA201609280,2016-09-28,NYA,BOS,0,0,13.5,3.4,1e-06,1e-06,NYA,NYA,0.5,0.5,0.322,0.33
ATL201609280,2016-09-28,ATL,PHI,0,0,4.31,6.04,1e-06,1e-06,ATL,ATL,0.5,0.9,0.328,0.31
TOR201609280,2016-09-28,TOR,BAL,1,0,2.68,4.05,1e-06,1e-06,TOR,TOR,0.7,0.3,0.339,0.308
MIA201609280,2016-09-28,MIA,NYN,2,0,6.13,2.67,1e-06,1e-06,MIA,MIA,0.6,0.5,0.31,0.315
SFN201609280,2016-09-28,SFN,COL,0,0,3.81,3.87,1e-06,1e-06,SFN,SFN,0.5,0.4,0.347,0.302
KCA201609280,2016-09-28,KCA,MIN,0,0,4.05,3.96,1e-06,1e-06,KCA,KCA,0.2,0.4,0.323,0.32
SLN201609280,2016-09-28,SLN,CIN,0,0,4.69,3.28,1e-06,1e-06,SLN,SLN,0.2,0.7,0.321,0.308
WAS201609280,2016-09-28,WAS,ARI,0,1,4.57,6.15,1e-06,1e-06,WAS,WAS,0.3,0.5,0.326,0.313
HOU201609280,2016-09-28,HOU,SEA,0,3,4.64,3.79,1e-06,1e-06,HOU,HOU,0.4,0.6,0.311,0.323
DET201609280,2016-09-28,DET,CLE,0,1,3.51,,1e-06,1e-06,DET,DET,0.7,0.1,0.338,0.297
PIT201609280,2016-09-28,PIT,CHN,1,1,3.38,3.1,1e-06,1e-06,PIT,PIT,1.0,0.4,0.344,0.338
CHA201609280,2016-09-28,CHA,TBA,0,0,3.73,1.35,1e-06,1e-06,CHA,CHA,0.8,0.5,0.323,0.313
SDN201609280,2016-09-28,SDN,LAN,3,2,5.71,3.96,1e-06,1e-06,SDN,SDN,0.7,0.4,0.308,0.315
TEX201609280,2016-09-28,TEX,MIL,3,2,2.33,4.68,1e-06,1e-06,TEX,TEX,0.1,0.3,0.343,0.32
NYA201609290,2016-09-29,NYA,BOS,1,0,3.91,6.95,1e-06,1e-06,NYA,NYA,0.5,0.5,0.322,0.33
SLN201609290,2016-09-29,SLN,CIN,0,0,,3.99,1e-06,1e-06,SLN,SLN,0.1,0.7,0.321,0.308
SFN201609290,2016-09-29,SFN,COL,0,2,2.79,4.61,1e-06,1e-06,SFN,SFN,0.5,0.4,0.347,0.302
WAS201609290,2016-09-29,WAS,ARI,0,0,4.91,4.9,1e-06,1e-06,WAS,WAS,0.3,0.5,0.326,0.313
ATL201609290,2016-09-29,ATL,PHI,0,0,2.82,4.85,1e-06,1e-06,ATL,ATL,0.5,0.9,0.328,0.31
KCA201609290,2016-09-29,KCA,MIN,0,0,2.75,5.02,1e-06,1e-06,KCA,KCA,0.2,0.2,0.323,0.32
TOR201609290,2016-09-29,TOR,BAL,0,0,4.37,5.44,1e-06,1e-06,TOR,TOR,0.8,0.3,0.339,0.308
SDN201609290,2016-09-29,SDN,LAN,0,0,4.8,11.91,1e-06,1e-06,SDN,SDN,0.9,0.6,0.308,0.315
CHA201609290,2016-09-29,CHA,TBA,0,0,3.2,4.02,1e-06,1e-06,CHA,CHA,0.7,0.5,0.323,0.313
SEA201609290,2016-09-29,SEA,OAK,0,0,2.81,3.76,3039.1839825945185,1575.276973597757,HOU,ANA,1.3,0.5,0.33,0.316
PIT201609290,2016-09-29,PIT,CHN,0,0,,,1e-06,1e-06,PIT,PIT,0.9,0.4,0.344,0.338
KCA201609300,2016-09-30,KCA,CLE,1,0,4.45,1.64,1e-06,1034.95696626315,KCA,DET,0.2,0.2,0.323,0.297
TEX201609300,2016-09-30,TEX,TBA,1,0,3.41,4.37,1e-06,1309.650558347085,TEX,CHA,0.4,0.5,0.343,0.313
WAS201609300,2016-09-30,WAS,MIA,0,0,2.41,3.4,1e-06,1489.628641346009,WAS,MIA,0.3,0.4,0.326,0.333
CIN201609300,2016-09-30,CIN,CHN,0,0,,1.5,494.9532553693752,415.25842934625814,SLN,PIT,0.5,0.4,0.324,0.338
SFN201609300,2016-09-30,SFN,LAN,2,2,2.74,4.95,1e-06,738.1265117326025,SFN,SDN,0.3,0.6,0.347,0.315
BOS201609300,2016-09-30,BOS,TOR,1,0,2.25,3.06,306.2037667286439,691.6136251477402,NYA,TOR,0.8,0.2,0.365,0.317
ANA201609300,2016-09-30,ANA,HOU,0,0,6.13,3.69,1e-06,2169.9670210701,ANA,HOU,0.1,0.2,0.317,0.326
COL201609300,2016-09-30,COL,MIL,2,0,4.79,3.32,1524.5101947303656,1052.76358222127,SFN,TEX,0.9,0.4,0.369,0.32
PHI201609300,2016-09-30,PHI,NYN,0,0,2.28,2.42,1071.2330338826837,1644.1190984600378,ATL,MIA,1.2,0.5,0.291,0.315
SEA201609300,2016-09-30,SEA,OAK,2,0,4.22,7.25,1e-06,1e-06,SEA,SEA,0.8,0.5,0.33,0.316
SLN201609300,2016-09-30,SLN,PIT,0,0,3.04,4.24,1e-06,898.8824563980571,SLN,PIT,0.0,1.3,0.321,0.322
ARI201609300,2016-09-30,ARI,SDN,1,0,4.44,5.89,3184.3579900386735,481.0116378281714,WAS,SDN,0.7,0.3,0.328,0.29
ATL201609300,2016-09-30,ATL,DET,0,3,5.0,3.38,1e-06,961.6946291924536,ATL,DET,0.4,0.2,0.328,0.324
NYA201609300,2016-09-30,NYA,BAL,0,0,4.82,5.42,1e-06,550.2922217550002,NYA,TOR,0.6,0.3,0.322,0.308
CHA201609300,2016-09-30,CHA,MIN,2,0,4.04,6.43,1e-06,663.9206411727051,CHA,KCA,0.6,0.2,0.323,0.32
KCA201610010,2016-10-01,KCA,CLE,0,0,1.23,5.26,1e-06,1e-06,KCA,KCA,0.3,0.2,0.323,0.297
BOS201610010,2016-10-01,BOS,TOR,2,0,3.4,2.68,1e-06,1e-06,BOS,BOS,0.9,0.1,0.365,0.317
CHA201610010,2016-10-01,CHA,MIN,0,0,5.85,4.7,1e-06,1e-06,CHA,CHA,0.8,0.2,0.323,0.32
SEA201610010,2016-10-01,SEA,OAK,0,0,2.79,3.62,1e-06,1e-06,SEA,SEA,0.9,0.5,0.33,0.316
TEX201610010,2016-10-01,TEX,TBA,0,0,3.71,3.69,1e-06,1e-06,TEX,TEX,0.5,0.5,0.343,0.313
NYA201610010,2016-10-01,NYA,BAL,0,0,3.57,2.05,1e-06,1e-06,NYA,NYA,0.4,0.3,0.322,0.308
ATL201610010,2016-10-01,ATL,DET,0,0,7.59,4.87,1e-06,1e-06,ATL,ATL,0.4,0.5,0.328,0.324
SLN201610010,2016-10-01,SLN,PIT,0,3,2.77,,1e-06,1e-06,SLN,SLN,0.0,1.3,0.321,0.322
WAS201610010,2016-10-01,WAS,MIA,1,0,2.83,4.96,1e-06,1e-06,WAS,WAS,0.3,0.4,0.326,0.333
CIN201610010,2016-10-01,CIN,CHN,1,0,4.0,2.44,1e-06,1e-06,CIN,CIN,0.5,0.4,0.324,0.338
PHI201610010,2016-10-01,PHI,NYN,0,0,18.69,3.43,1e-06,1e-06,PHI,PHI,1.2,0.4,0.291,0.315
SFN201610010,2016-10-01,SFN,LAN,0,0,1.06,1.69,1e-06,1e-06,SFN,SFN,0.5,0.7,0.347,0.315
ANA201610010,2016-10-01,ANA,HOU,0,0,4.17,4.34,1e-06,1e-06,ANA,ANA,0.1,0.1,0.317,0.326
ARI201610010,2016-10-01,ARI,SDN,5,0,5.02,3.33,1e-06,1e-06,ARI,ARI,0.8,0.3,0.328,0.29
COL201610010,2016-10-01,COL,MIL,0,0,2.67,2.15,1e-06,1e-06,COL,COL,1.0,0.4,0.369,0.32
SEA201610020,2016-10-02,SEA,OAK,0,1,3.82,3.86,1e-06,1e-06,SEA,SEA,0.4,0.3,0.33,0.316
COL201610020,2016-10-02,COL,MIL,1,0,3.74,2.15,1e-06,1e-06,COL,COL,1.0,0.4,0.369,0.32
PHI201610020,2016-10-02,PHI,NYN,0,0,6.25,4.54,1e-06,1e-06,PHI,PHI,1.2,0.4,0.291,0.315
ARI201610020,2016-10-02,ARI,SDN,0,0,5.22,2.92,1e-06,1e-06,ARI,ARI,1.3,0.3,0.328,0.29
NYA201610020,2016-10-02,NYA,BAL,0,0,4.35,3.61,1e-06,1e-06,NYA,NYA,0.3,0.3,0.322,0.308
CHA201610020,2016-10-02,CHA,MIN,0,1,3.34,8.02,1e-06,1e-06,CHA,CHA,0.8,0.0,0.323,0.32
SFN201610020,2016-10-02,SFN,LAN,2,0,4.08,3.48,1e-06,1e-06,SFN,SFN,0.5,0.7,0.347,0.315
ANA201610020,2016-10-02,ANA,HOU,0,0,4.81,15.12,1e-06,1e-06,ANA,ANA,0.1,0.1,0.317,0.326
KCA201610020,2016-10-02,KCA,CLE,1,0,3.68,4.4,1e-06,1e-06,KCA,KCA,0.3,0.1,0.323,0.297
BOS201610020,2016-10-02,BOS,TOR,0,0,2.25,3.0,1e-06,1e-06,BOS,BOS,1.1,0.0,0.365,0.317
CIN201610020,2016-10-02,CIN,CHN,3,0,2.53,4.1,1e-06,1e-06,CIN,CIN,0.6,0.4,0.324,0.338
TEX201610020,2016-10-02,TEX,TBA,0,0,4.15,1.91,1e-06,1e-06,TEX,TEX,0.5,0.5,0.343,0.313
SLN201610020,2016-10-02,SLN,PIT,0,0,4.3,4.5,1e-06,1e-06,SLN,SLN,0.0,1.6,0.321,0.322
ATL201610020,2016-10-02,ATL,DET,1,0,3.21,3.04,1e-06,1e-06,ATL,ATL,0.3,0.4,0.328,0.324
WAS201610020,2016-10-02,WAS,MIA,0,0,2.96,7.07,1e-06,1e-06,WAS,WAS,0.4,0.4,0.326,0.333
