game_id,date,hometeam,visteam,home_first_inning_runs,visiting_first_inning_runs,home_ERA,vis_ERA,home_travel,vis_travel,home_last_location,visiting_last_location,home_avg_prev,away_avg_prev,home_OBP,away_OBP
HOU201704040,2017-04-04,HOU,SEA,0,0,4.25,4.35,1e-06,1e-06,HOU,HOU,0.0,0.0,0.342,0.317
TEX201704040,2017-04-04,TEX,CLE,0,1,4.82,3.29,1e-06,1e-06,TEX,TEX,0.0,1.0,0.347,0.333
TBA201704040,2017-04-04,TBA,NYA,0,0,4.14,3.69,1e-06,1e-06,TBA,TBA,0.0,0.0,0.322,0.327
LAN201704040,2017-04-04,LAN,SDN,0,2,4.22,4.79,1e-06,1e-06,LAN,LAN,0.0,2.0,0.334,0.293
OAK201704040,2017-04-04,OAK,ANA,1,0,5.14,0.0,1e-06,1e-06,OAK,OAK,1.0,0.0,0.327,0.312
MIL201704040,2017-04-04,MIL,COL,0,0,3.9,4.81,1e-06,1e-06,MIL,MIL,0.0,0.0,0.318,0.313
ARI201704040,2017-04-04,ARI,SFN,0,0,4.03,4.52,1e-06,1e-06,ARI,ARI,0.0,0.0,0.35,0.309
SLN201704040,2017-04-04,SLN,CHN,0,0,5.11,3.53,1e-06,1e-06,SLN,SLN,0.0,0.0,0.339,0.324
OAK201704050,2017-04-05,OAK,ANA,0,0,5.58,4.15,1e-06,1e-06,OAK,OAK,1.0,0.0,0.327,0.312
MIN201704050,2017-04-05,MIN,KCA,0,0,5.63,5.38,1e-06,1e-06,MIN,MIN,0.0,0.0,0.347,0.308
MIL201704050,2017-04-05,MIL,COL,0,0,7.85,4.69,1e-06,1e-06,MIL,MIL,0.0,0.0,0.318,0.313
LAN201704050,2017-04-05,LAN,SDN,2,0,3.32,4.93,1e-06,1e-06,LAN,LAN,0.0,2.0,0.334,0.293
TBA201704050,2017-04-05,TBA,NYA,1,0,3.66,4.39,1e-06,1e-06,TBA,TBA,0.0,0.0,0.322,0.327
CIN201704050,2017-04-05,CIN,PHI,0,0,4.15,4.71,1e-06,1e-06,CIN,CIN,0.0,0.0,0.335,0.307
NYN201704050,2017-04-05,NYN,ATL,0,0,5.52,5.56,1e-06,1e-06,NYN,NYN,0.0,0.0,0.31,0.327
BAL201704050,2017-04-05,BAL,TOR,0,0,4.24,3.53,1e-06,1e-06,BAL,BAL,0.0,0.0,0.323,0.311
WAS201704050,2017-04-05,WAS,MIA,0,2,4.67,4.26,1e-06,1e-06,WAS,WAS,0.0,2.0,0.352,0.33
TEX201704050,2017-04-05,TEX,CLE,2,0,6.09,4.38,1e-06,1e-06,TEX,TEX,0.0,1.0,0.347,0.333
HOU201704050,2017-04-05,HOU,SEA,0,0,3.0,6.35,1e-06,1e-06,HOU,HOU,0.0,0.0,0.342,0.317
BOS201704050,2017-04-05,BOS,PIT,0,0,2.79,15.0,1e-06,1e-06,BOS,BOS,0.0,0.0,0.341,0.311
ARI201704050,2017-04-05,ARI,SFN,0,0,3.49,5.52,1e-06,1e-06,ARI,ARI,0.0,0.0,0.35,0.309
NYN201704060,2017-04-06,NYN,ATL,0,0,6.7,4.41,1e-06,1e-06,NYN,NYN,0.0,0.0,0.31,0.327
LAN201704060,2017-04-06,LAN,SDN,0,0,3.98,7.44,1e-06,1e-06,LAN,LAN,1.0,1.0,0.334,0.293
HOU201704060,2017-04-06,HOU,SEA,1,0,2.3,4.24,1e-06,1e-06,HOU,HOU,0.0,0.0,0.342,0.317
MIN201704060,2017-04-06,MIN,KCA,0,0,3.07,2.55,1e-06,1e-06,MIN,MIN,0.0,0.0,0.347,0.308
CIN201704060,2017-04-06,CIN,PHI,0,1,5.09,4.12,1e-06,1e-06,CIN,CIN,0.0,0.0,0.335,0.307
MIL201704060,2017-04-06,MIL,COL,0,0,5.48,4.47,1e-06,1e-06,MIL,MIL,0.0,0.0,0.318,0.313
CHA201704060,2017-04-06,CHA,DET,0,0,5.23,5.27,1e-06,1e-06,CHA,CHA,0.0,0.0,0.315,0.306
TBA201704060,2017-04-06,TBA,TOR,0,0,4.04,3.09,1e-06,1393.7772067986984,TBA,BAL,0.5,0.0,0.322,0.311
SLN201704060,2017-04-06,SLN,CHN,3,0,3.88,4.59,1e-06,1e-06,SLN,SLN,0.0,0.0,0.339,0.324
WAS201704060,2017-04-06,WAS,MIA,1,0,5.68,3.4,1e-06,1e-06,WAS,WAS,0.0,2.0,0.352,0.33
ARI201704060,2017-04-06,ARI,SFN,0,0,4.21,4.42,1e-06,1e-06,ARI,ARI,0.0,0.0,0.35,0.309
OAK201704060,2017-04-06,OAK,ANA,0,0,4.27,4.55,1e-06,1e-06,OAK,OAK,0.5,0.0,0.327,0.312
MIL201704070,2017-04-07,MIL,CHN,0,0,3.02,3.38,1e-06,526.8349145670746,MIL,SLN,0.0,0.0,0.318,0.324
ANA201704070,2017-04-07,ANA,SEA,1,0,5.35,5.72,592.0809005913671,2169.9670210701,OAK,HOU,1.0,0.0,0.318,0.317
SDN201704070,2017-04-07,SDN,SFN,1,1,4.21,3.39,179.52869961196944,481.0116378281714,LAN,ARI,1.0,0.0,0.306,0.309
TBA201704070,2017-04-07,TBA,TOR,5,2,12.0,7.36,1e-06,1e-06,TBA,TBA,0.3333333333333333,0.0,0.322,0.311
DET201704070,2017-04-07,DET,BOS,1,0,7.82,3.63,380.91207013286544,984.732039314543,CHA,BOS,1.0,0.0,0.341,0.318
COL201704070,2017-04-07,COL,LAN,1,0,4.1,3.77,1465.0252316671194,1336.5596902131042,MIL,LAN,1.0,0.0,0.364,0.336
PHI201704070,2017-04-07,PHI,WAS,0,2,,2.51,807.0437326700402,197.2342958595587,CIN,WAS,0.0,2.0,0.322,0.311
ARI201704070,2017-04-07,ARI,CLE,0,1,4.09,4.98,1e-06,1401.854927086376,ARI,TEX,0.0,0.5,0.35,0.333
HOU201704070,2017-04-07,HOU,KCA,0,0,5.22,4.16,1e-06,1702.4056315736932,HOU,MIN,0.3333333333333333,0.0,0.342,0.308
PIT201704070,2017-04-07,PIT,ATL,0,0,4.14,4.79,773.5078082361433,505.04779123783345,BOS,NYN,0.0,0.0,0.325,0.327
TEX201704070,2017-04-07,TEX,OAK,3,0,2.5,7.13,1e-06,2350.5503898425545,TEX,OAK,1.0,0.0,0.347,0.312
NYN201704070,2017-04-07,NYN,MIA,1,0,5.21,3.82,1e-06,326.3648041771951,NYN,WAS,0.0,1.0,0.31,0.33
BAL201704070,2017-04-07,BAL,NYA,1,1,3.71,4.77,1e-06,1393.7772067986984,BAL,TBA,0.0,0.0,0.323,0.327
SLN201704070,2017-04-07,SLN,CIN,0,0,3.92,7.39,1e-06,494.9532553693752,SLN,CIN,1.5,0.0,0.339,0.323
CHA201704070,2017-04-07,CHA,MIN,1,0,6.2,5.87,1e-06,571.0232496384983,CHA,MIN,0.0,0.0,0.315,0.322
COL201704080,2017-04-08,COL,LAN,1,0,4.47,2.31,1e-06,1e-06,COL,COL,1.0,0.0,0.364,0.336
TEX201704080,2017-04-08,TEX,OAK,0,0,3.86,4.19,1e-06,1e-06,TEX,TEX,1.6666666666666667,0.0,0.347,0.312
HOU201704080,2017-04-08,HOU,KCA,0,0,4.57,3.81,1e-06,1e-06,HOU,HOU,0.25,0.0,0.342,0.308
DET201704080,2017-04-08,DET,BOS,0,0,6.08,4.19,1e-06,1e-06,DET,DET,1.0,0.0,0.341,0.318
ANA201704080,2017-04-08,ANA,SEA,0,2,4.15,11.05,1e-06,1e-06,ANA,ANA,1.0,0.0,0.318,0.317
ARI201704080,2017-04-08,ARI,CLE,0,0,3.2,4.19,1e-06,1e-06,ARI,ARI,0.0,0.6666666666666666,0.35,0.333
PHI201704080,2017-04-08,PHI,WAS,12,0,3.54,135.0,1e-06,1e-06,PHI,PHI,0.0,2.0,0.322,0.311
SLN201704080,2017-04-08,SLN,CIN,2,0,4.13,7.35,1e-06,1e-06,SLN,SLN,1.0,0.0,0.339,0.323
SDN201704080,2017-04-08,SDN,SFN,1,0,3.89,3.32,1e-06,1e-06,SDN,SDN,1.0,0.25,0.306,0.309
TBA201704080,2017-04-08,TBA,TOR,0,0,4.39,6.34,1e-06,1e-06,TBA,TBA,1.5,0.6666666666666666,0.322,0.311
BAL201704080,2017-04-08,BAL,NYA,0,0,2.75,2.87,1e-06,1e-06,BAL,BAL,0.5,0.3333333333333333,0.323,0.327
CHA201704080,2017-04-08,CHA,MIN,1,0,4.62,4.5,1e-06,1e-06,CHA,CHA,0.5,0.0,0.315,0.322
MIL201704080,2017-04-08,MIL,CHN,2,0,3.7,3.03,1e-06,1e-06,MIL,MIL,0.0,0.0,0.318,0.324
PIT201704080,2017-04-08,PIT,ATL,0,0,4.35,4.26,1e-06,1e-06,PIT,PIT,0.0,0.0,0.325,0.327
NYN201704080,2017-04-08,NYN,MIA,0,1,5.19,6.14,1e-06,1e-06,NYN,NYN,0.3333333333333333,0.6666666666666666,0.31,0.33
CHA201704090,2017-04-09,CHA,MIN,0,0,4.15,3.28,1e-06,1e-06,CHA,CHA,0.6666666666666666,0.0,0.315,0.322
SLN201704090,2017-04-09,SLN,CIN,0,0,3.64,4.77,1e-06,1e-06,SLN,SLN,1.25,0.0,0.339,0.323
PHI201704090,2017-04-09,PHI,WAS,0,0,7.25,5.12,1e-06,1e-06,PHI,PHI,6.0,1.0,0.322,0.311
MIL201704090,2017-04-09,MIL,CHN,0,4,3.9,3.53,1e-06,1e-06,MIL,MIL,0.4,0.0,0.318,0.324
HOU201704090,2017-04-09,HOU,KCA,1,0,2.68,5.45,1e-06,1e-06,HOU,HOU,0.2,0.0,0.342,0.308
SDN201704090,2017-04-09,SDN,SFN,0,0,4.79,4.52,1e-06,1e-06,SDN,SDN,1.0,0.2,0.306,0.309
TEX201704090,2017-04-09,TEX,OAK,0,0,4.82,4.37,1e-06,1e-06,TEX,TEX,1.25,0.0,0.347,0.312
ANA201704090,2017-04-09,ANA,SEA,0,1,0.0,3.27,1e-06,1e-06,ANA,ANA,0.5,0.4,0.318,0.317
DET201704090,2017-04-09,DET,BOS,1,0,10.91,3.88,1e-06,1e-06,DET,DET,0.5,0.0,0.341,0.318
NYN201704090,2017-04-09,NYN,MIA,2,0,2.97,4.19,1e-06,1e-06,NYN,NYN,0.25,0.75,0.31,0.33
BAL201704090,2017-04-09,BAL,NYA,0,0,3.43,2.87,1e-06,1e-06,BAL,BAL,0.3333333333333333,0.25,0.323,0.327
COL201704090,2017-04-09,COL,LAN,0,2,4.81,4.22,1e-06,1e-06,COL,COL,1.0,0.0,0.364,0.336
TBA201704090,2017-04-09,TBA,TOR,0,2,4.14,4.98,1e-06,1e-06,TBA,TBA,1.2,0.5,0.322,0.311
ARI201704090,2017-04-09,ARI,CLE,0,0,4.03,2.25,1e-06,1e-06,ARI,ARI,0.0,0.5,0.35,0.333
PIT201704090,2017-04-09,PIT,ATL,0,2,,,1e-06,1e-06,PIT,PIT,0.0,0.0,0.325,0.327
PHI201704100,2017-04-10,PHI,NYN,2,0,4.21,2.94,1e-06,129.48897528262268,PHI,NYN,4.0,0.0,0.322,0.33
KCA201704100,2017-04-10,KCA,OAK,0,0,5.38,5.58,1040.8267966673652,738.3603208647532,HOU,TEX,0.0,0.0,0.315,0.312
CHN201704100,2017-04-10,CHN,LAN,0,0,2.3,3.56,132.54357794550742,1477.450780411816,MIL,COL,0.0,0.6666666666666666,0.342,0.336
PIT201704100,2017-04-10,PIT,CIN,0,3,7.69,4.45,1e-06,898.8824563980571,PIT,SLN,0.0,0.0,0.325,0.323
COL201704100,2017-04-10,COL,SDN,0,0,4.69,7.34,1e-06,1340.79250926624,COL,SDN,0.6666666666666666,0.6666666666666666,0.364,0.293
SEA201704100,2017-04-10,SEA,HOU,0,0,2.98,3.62,1575.276973597757,3039.1839825945185,ANA,HOU,0.0,0.0,0.334,0.343
DET201704100,2017-04-10,DET,BOS,0,0,3.41,2.9,1e-06,1e-06,DET,DET,0.6666666666666666,0.0,0.341,0.318
WAS201704100,2017-04-10,WAS,SLN,1,0,4.67,5.11,197.2342958595587,1142.2462660488457,PHI,SLN,0.5,0.0,0.352,0.329
SFN201704100,2017-04-10,SFN,ARI,0,0,5.52,3.49,738.1265117326025,1050.993394248722,SDN,ARI,0.0,0.0,0.308,0.309
NYA201704100,2017-04-10,NYA,TBA,0,0,4.39,3.66,272.81937803481173,1638.0556824552712,BAL,TBA,0.0,0.0,0.343,0.312
SEA201704110,2017-04-11,SEA,HOU,0,1,5.12,4.77,1e-06,1e-06,SEA,SEA,0.0,0.0,0.334,0.343
SFN201704110,2017-04-11,SFN,ARI,0,0,4.42,2.89,1e-06,1e-06,SFN,SFN,0.0,0.0,0.308,0.309
COL201704110,2017-04-11,COL,SDN,0,1,4.68,7.34,1e-06,1e-06,COL,COL,0.5,0.5,0.364,0.293
CLE201704110,2017-04-11,CLE,CHA,1,0,3.52,2.59,2809.3817942144524,494.38381964269325,ARI,CHA,1.0,0.0,0.34,0.312
DET201704110,2017-04-11,DET,MIN,0,0,5.27,5.63,1e-06,380.91207013286544,DET,CHA,0.5,0.0,0.341,0.322
WAS201704110,2017-04-11,WAS,SLN,0,1,2.96,3.43,1e-06,1e-06,WAS,WAS,0.6666666666666666,0.0,0.352,0.329
MIA201704110,2017-04-11,MIA,ATL,3,0,4.26,6.48,1756.5620451799746,1630.230113794326,NYN,PIT,3.0,0.4,0.332,0.327
BOS201704110,2017-04-11,BOS,BAL,0,0,3.32,4.24,984.732039314543,578.81170796599,DET,BAL,0.0,0.0,0.341,0.3
ANA201704110,2017-04-11,ANA,TEX,0,1,4.43,4.68,1e-06,1938.7751997181072,ANA,TEX,0.3333333333333333,1.0,0.318,0.293
PIT201704110,2017-04-11,PIT,CIN,0,0,2.61,4.45,1e-06,1e-06,PIT,PIT,0.0,0.75,0.325,0.323
PHI201704110,2017-04-11,PHI,NYN,0,3,12.27,6.7,1e-06,1e-06,PHI,PHI,3.5,0.0,0.322,0.33
TOR201704110,2017-04-11,TOR,MIL,1,2,3.53,7.85,1789.459752085548,695.7214064772647,TBA,MIL,1.0,2.0,0.314,0.326
PIT201704120,2017-04-12,PIT,CIN,0,0,4.14,7.39,1e-06,1e-06,PIT,PIT,0.0,0.6,0.325,0.323
KCA201704120,2017-04-12,KCA,OAK,0,0,5.29,4.27,1e-06,1e-06,KCA,KCA,0.0,0.0,0.315,0.312
DET201704120,2017-04-12,DET,MIN,0,1,3.83,5.07,1e-06,1e-06,DET,DET,0.4,0.0,0.341,0.322
ANA201704120,2017-04-12,ANA,TEX,0,0,5.35,5.94,1e-06,1e-06,ANA,ANA,0.25,1.0,0.318,0.293
BOS201704120,2017-04-12,BOS,BAL,0,6,8.25,2.75,1e-06,1e-06,BOS,BOS,0.0,0.0,0.341,0.3
SEA201704120,2017-04-12,SEA,HOU,2,0,4.24,3.0,1e-06,1e-06,SEA,SEA,0.0,0.5,0.334,0.343
CHN201704120,2017-04-12,CHN,LAN,0,1,4.59,3.98,1e-06,1e-06,CHN,CHN,0.0,0.5,0.342,0.336
PHI201704120,2017-04-12,PHI,NYN,0,1,,5.21,1e-06,1e-06,PHI,PHI,2.8,1.5,0.322,0.33
WAS201704120,2017-04-12,WAS,SLN,0,1,2.51,3.92,1e-06,1e-06,WAS,WAS,0.5,0.5,0.352,0.329
MIA201704120,2017-04-12,MIA,ATL,0,0,3.99,2.83,1e-06,1e-06,MIA,MIA,3.0,0.3333333333333333,0.332,0.327
SFN201704120,2017-04-12,SFN,ARI,0,1,5.43,4.09,1e-06,1e-06,SFN,SFN,0.0,0.0,0.308,0.309
COL201704120,2017-04-12,COL,SDN,0,4,4.1,5.63,1e-06,1e-06,COL,COL,0.4,0.6,0.364,0.293
CLE201704120,2017-04-12,CLE,CHA,0,0,4.28,6.2,1e-06,1e-06,CLE,CLE,1.0,0.0,0.34,0.312
TOR201704120,2017-04-12,TOR,MIL,0,0,3.09,2.74,1e-06,1e-06,TOR,TOR,1.0,2.0,0.314,0.326
NYA201704120,2017-04-12,NYA,TBA,0,2,5.79,5.7,1e-06,1e-06,NYA,NYA,0.0,0.0,0.343,0.312
CHN201704130,2017-04-13,CHN,LAN,1,0,6.34,3.77,1e-06,1e-06,CHN,CHN,0.0,0.6,0.342,0.336
DET201704130,2017-04-13,DET,MIN,1,0,6.08,5.87,1e-06,1e-06,DET,DET,0.3333333333333333,0.2,0.341,0.322
CLE201704130,2017-04-13,CLE,CHA,1,5,4.98,2.33,1e-06,1e-06,CLE,CLE,0.5,0.0,0.34,0.312
ANA201704130,2017-04-13,ANA,TEX,0,1,4.92,3.86,1e-06,1e-06,ANA,ANA,0.2,0.5,0.318,0.293
KCA201704130,2017-04-13,KCA,OAK,2,0,4.16,5.3,1e-06,1e-06,KCA,KCA,0.0,0.0,0.315,0.312
MIA201704130,2017-04-13,MIA,NYN,4,0,6.14,4.92,1e-06,1644.1190984600378,MIA,PHI,1.5,1.3333333333333333,0.332,0.33
NYA201704130,2017-04-13,NYA,TBA,1,0,2.98,12.0,1e-06,1e-06,NYA,NYA,0.0,1.0,0.343,0.312
TOR201704130,2017-04-13,TOR,BAL,0,0,5.66,4.68,1e-06,691.6136251477402,TOR,BOS,0.5,3.0,0.314,0.3
CIN201704130,2017-04-13,CIN,MIL,1,0,7.35,3.49,415.25842934625814,662.6904179930643,PIT,TOR,0.0,1.0,0.335,0.326
SFN201704130,2017-04-13,SFN,COL,0,0,3.32,2.65,1e-06,1524.5101947303656,SFN,COL,0.0,0.0,0.308,0.313
BOS201704130,2017-04-13,BOS,PIT,0,2,3.88,2.61,1e-06,773.5078082361433,BOS,PIT,0.0,0.0,0.341,0.311
TOR201704140,2017-04-14,TOR,BAL,0,0,4.25,5.61,1e-06,1e-06,TOR,TOR,0.3333333333333333,2.0,0.314,0.3
MIA201704140,2017-04-14,MIA,NYN,1,0,3.99,3.65,1e-06,1e-06,MIA,MIA,2.3333333333333335,1.0,0.332,0.33
OAK201704140,2017-04-14,OAK,HOU,0,0,1.83,2.9,2406.427657157802,1089.6592015072615,KCA,SEA,0.3333333333333333,0.3333333333333333,0.327,0.343
BOS201704140,2017-04-14,BOS,TBA,0,0,4.65,4.07,1e-06,306.2037667286439,BOS,NYA,0.0,0.6666666666666666,0.341,0.312
KCA201704140,2017-04-14,KCA,ANA,2,1,3.81,4.15,1e-06,2158.345510444982,KCA,ANA,0.6666666666666666,0.0,0.315,0.312
CIN201704140,2017-04-14,CIN,MIL,0,0,5.45,,1e-06,1e-06,CIN,CIN,0.3333333333333333,0.6666666666666666,0.335,0.326
LAN201704140,2017-04-14,LAN,ARI,0,0,2.31,3.2,2804.824680217871,559.4406195325591,CHN,SFN,0.6666666666666666,0.3333333333333333,0.334,0.309
MIN201704140,2017-04-14,MIN,CHA,0,0,4.7,3.45,872.516450655481,1013.2251113855248,DET,CLE,0.0,1.6666666666666667,0.347,0.312
SFN201704140,2017-04-14,SFN,COL,0,0,4.52,4.81,1e-06,1e-06,SFN,SFN,0.0,0.0,0.308,0.313
SEA201704140,2017-04-14,SEA,TEX,0,0,4.36,3.94,1e-06,1575.276973597757,SEA,ANA,0.6666666666666666,0.6666666666666666,0.334,0.293
CHN201704140,2017-04-14,CHN,PIT,0,0,3.03,4.26,1e-06,1365.5064971534737,CHN,BOS,0.3333333333333333,1.0,0.342,0.311
NYA201704140,2017-04-14,NYA,SLN,2,2,4.74,4.13,1e-06,326.3648041771951,NYA,WAS,0.3333333333333333,0.6666666666666666,0.343,0.329
ATL201704140,2017-04-14,ATL,SDN,2,0,4.49,3.89,973.359131898138,1946.7466716258368,MIA,COL,2.0,1.1666666666666667,0.325,0.293
CLE201704140,2017-04-14,CLE,DET,0,0,4.19,5.31,1e-06,145.52553501827433,CLE,DET,0.6666666666666666,0.0,0.34,0.306
WAS201704140,2017-04-14,WAS,PHI,0,0,7.27,7.25,1e-06,197.2342958595587,WAS,PHI,0.4,0.5,0.352,0.307
CIN201704150,2017-04-15,CIN,MIL,0,2,2.49,4.21,1e-06,1e-06,CIN,CIN,0.25,0.5,0.335,0.326
SEA201704150,2017-04-15,SEA,TEX,0,0,2.98,3.4,1e-06,1e-06,SEA,SEA,0.5,0.5,0.334,0.293
TOR201704150,2017-04-15,TOR,BAL,0,0,3.38,7.04,1e-06,1e-06,TOR,TOR,0.25,1.5,0.314,0.3
KCA201704150,2017-04-15,KCA,ANA,1,1,3.7,3.88,1e-06,1e-06,KCA,KCA,1.0,0.25,0.315,0.312
OAK201704150,2017-04-15,OAK,HOU,0,0,4.27,2.98,1e-06,1e-06,OAK,OAK,0.25,0.25,0.327,0.343
MIA201704150,2017-04-15,MIA,NYN,0,1,5.69,5.22,1e-06,1e-06,MIA,MIA,2.0,0.8,0.332,0.33
BOS201704150,2017-04-15,BOS,TBA,0,0,2.9,2.61,1e-06,1e-06,BOS,BOS,0.0,0.5,0.341,0.312
CLE201704150,2017-04-15,CLE,DET,3,0,2.25,3.36,1e-06,1e-06,CLE,CLE,0.5,0.0,0.34,0.306
SFN201704150,2017-04-15,SFN,COL,0,0,5.52,4.69,1e-06,1e-06,SFN,SFN,0.0,0.0,0.308,0.313
MIN201704150,2017-04-15,MIN,CHA,5,0,3.28,4.15,1e-06,1e-06,MIN,MIN,0.0,1.25,0.347,0.312
WAS201704150,2017-04-15,WAS,PHI,0,0,5.68,5.43,1e-06,1e-06,WAS,WAS,0.3333333333333333,0.3333333333333333,0.352,0.307
ATL201704150,2017-04-15,ATL,SDN,0,0,4.26,4.79,1e-06,1e-06,ATL,ATL,2.0,1.0,0.325,0.293
NYA201704150,2017-04-15,NYA,SLN,1,0,3.69,3.64,1e-06,1e-06,NYA,NYA,0.75,1.0,0.343,0.329
CHN201704150,2017-04-15,CHN,PIT,4,0,2.83,4.07,1e-06,1e-06,CHN,CHN,0.25,0.6666666666666666,0.342,0.311
LAN201704150,2017-04-15,LAN,ARI,2,0,2.72,4.03,1e-06,1e-06,LAN,LAN,0.5,0.25,0.334,0.309
CIN201704160,2017-04-16,CIN,MIL,0,0,4.45,7.85,1e-06,1e-06,CIN,CIN,0.2,0.8,0.335,0.326
KCA201704160,2017-04-16,KCA,ANA,0,0,4.25,2.54,1e-06,1e-06,KCA,KCA,1.0,0.4,0.315,0.312
BOS201704160,2017-04-16,BOS,TBA,2,3,2.79,4.2,1e-06,1e-06,BOS,BOS,0.0,0.4,0.341,0.312
MIN201704160,2017-04-16,MIN,CHA,0,0,4.7,2.31,1e-06,1e-06,MIN,MIN,1.25,1.0,0.347,0.312
ATL201704160,2017-04-16,ATL,SDN,0,0,6.48,4.93,1e-06,1e-06,ATL,ATL,1.0,0.875,0.325,0.293
CHN201704160,2017-04-16,CHN,PIT,0,0,3.98,4.44,1e-06,1e-06,CHN,CHN,1.0,0.5,0.342,0.311
WAS201704160,2017-04-16,WAS,PHI,1,1,7.27,4.65,1e-06,1e-06,WAS,WAS,0.2857142857142857,0.25,0.352,0.307
NYA201704160,2017-04-16,NYA,SLN,0,0,4.39,5.11,1e-06,1e-06,NYA,NYA,0.8,0.8,0.343,0.329
MIA201704160,2017-04-16,MIA,NYN,1,0,3.4,2.84,1e-06,1e-06,MIA,MIA,1.6,0.8333333333333334,0.332,0.33
SEA201704160,2017-04-16,SEA,TEX,1,0,3.27,6.09,1e-06,1e-06,SEA,SEA,0.4,0.4,0.334,0.293
TOR201704160,2017-04-16,TOR,BAL,0,0,3.53,4.24,1e-06,1e-06,TOR,TOR,0.2,1.2,0.314,0.3
CLE201704160,2017-04-16,CLE,DET,0,0,3.29,5.27,1e-06,1e-06,CLE,CLE,1.0,0.0,0.34,0.306
LAN201704160,2017-04-16,LAN,ARI,0,0,3.32,3.49,1e-06,1e-06,LAN,LAN,0.8,0.2,0.334,0.309
SFN201704160,2017-04-16,SFN,COL,3,3,4.42,4.68,1e-06,1e-06,SFN,SFN,0.0,0.0,0.308,0.313
BOS201704170,2017-04-17,BOS,TBA,1,2,8.25,4.04,1e-06,1e-06,BOS,BOS,0.2857142857142857,0.8333333333333334,0.341,0.312
CHN201704170,2017-04-17,CHN,MIL,1,2,4.59,2.74,1e-06,406.2527329885922,CHN,CIN,0.8333333333333334,0.6666666666666666,0.342,0.326
SLN201704170,2017-04-17,SLN,PIT,0,0,3.43,4.14,1403.0288811452067,422.4920912040455,NYA,CHN,1.0,0.4,0.339,0.311
ATL201704170,2017-04-17,ATL,SDN,0,1,5.56,6.52,1e-06,1e-06,ATL,ATL,0.6666666666666666,0.7777777777777778,0.325,0.293
LAN201704170,2017-04-17,LAN,ARI,0,0,4.22,3.92,1e-06,1e-06,LAN,LAN,0.6666666666666666,0.1666666666666666,0.334,0.309
NYA201704170,2017-04-17,NYA,CHA,0,0,3.88,6.2,1e-06,1636.0526645605564,NYA,MIN,0.6666666666666666,0.8333333333333334,0.343,0.312
HOU201704170,2017-04-17,HOU,ANA,0,0,3.62,5.35,2629.671879056886,1040.8267966673652,OAK,KCA,0.3333333333333333,0.3333333333333333,0.342,0.312
MIN201704170,2017-04-17,MIN,CLE,0,0,5.07,4.28,1e-06,1013.2251113855248,MIN,CLE,1.0,0.4,0.347,0.333
OAK201704170,2017-04-17,OAK,TEX,0,1,5.58,5.94,1e-06,1089.6592015072615,OAK,SEA,0.2,0.3333333333333333,0.327,0.293
SEA201704170,2017-04-17,SEA,MIA,3,0,5.12,6.69,1e-06,4393.138063781564,SEA,MIA,0.5,0.6,0.334,0.33
CIN201704180,2017-04-18,CIN,BAL,2,0,7.35,4.68,1e-06,662.6904179930643,CIN,TOR,0.1666666666666666,1.0,0.335,0.3
TBA201704180,2017-04-18,TBA,DET,0,1,4.5,3.83,1926.694381718032,1529.408250521614,BOS,CLE,1.0,0.0,0.322,0.306
TOR201704180,2017-04-18,TOR,BOS,2,0,3.09,4.33,1e-06,691.6136251477402,TOR,BOS,0.1666666666666666,0.0,0.314,0.318
MIN201704180,2017-04-18,MIN,CLE,2,3,5.87,4.98,1e-06,1e-06,MIN,MIN,0.8333333333333334,0.3333333333333333,0.347,0.333
SEA201704180,2017-04-18,SEA,MIA,0,1,5.72,3.82,1e-06,1e-06,SEA,SEA,0.8571428571428571,0.5,0.334,0.33
HOU201704180,2017-04-18,HOU,ANA,0,0,4.77,4.92,1e-06,1e-06,HOU,HOU,0.2857142857142857,0.2857142857142857,0.342,0.312
SDN201704180,2017-04-18,SDN,ARI,0,0,4.88,4.09,3037.495642889967,179.52869961196944,ATL,LAN,0.6666666666666666,0.1428571428571428,0.306,0.309
KCA201704180,2017-04-18,KCA,SFN,0,0,2.48,5.06,1e-06,2419.4492026360936,KCA,SFN,0.8333333333333334,0.1666666666666666,0.315,0.309
NYA201704180,2017-04-18,NYA,CHA,0,0,2.98,4.62,1e-06,1e-06,NYA,NYA,0.5714285714285714,0.7142857142857143,0.343,0.312
ATL201704180,2017-04-18,ATL,WAS,0,0,4.79,2.51,1e-06,874.0887985860761,ATL,WAS,0.5,0.6666666666666666,0.325,0.311
OAK201704180,2017-04-18,OAK,TEX,0,0,4.27,3.86,1e-06,1e-06,OAK,OAK,0.1666666666666666,0.4285714285714285,0.327,0.293
CHN201704180,2017-04-18,CHN,MIL,0,3,5.53,3.02,1e-06,1e-06,CHN,CHN,0.8571428571428571,0.8571428571428571,0.342,0.326
LAN201704180,2017-04-18,LAN,COL,0,2,3.77,2.65,1e-06,559.4406195325591,LAN,SFN,0.5714285714285714,0.4285714285714285,0.334,0.313
SLN201704180,2017-04-18,SLN,PIT,1,0,3.92,4.35,1e-06,1e-06,SLN,SLN,0.8333333333333334,0.3333333333333333,0.339,0.311
NYN201704180,2017-04-18,NYN,PHI,2,1,5.52,2.65,1756.5620451799746,326.3648041771951,MIA,WAS,0.6,0.4,0.31,0.307
NYA201704190,2017-04-19,NYA,CHA,2,0,4.74,7.71,1e-06,1e-06,NYA,NYA,0.5,0.625,0.343,0.312
LAN201704190,2017-04-19,LAN,COL,0,1,2.31,4.81,1e-06,1e-06,LAN,LAN,0.5,0.625,0.334,0.313
TOR201704190,2017-04-19,TOR,BOS,0,0,5.66,4.65,1e-06,1e-06,TOR,TOR,0.4285714285714285,0.0,0.314,0.318
ATL201704190,2017-04-19,ATL,WAS,2,1,4.49,5.01,1e-06,1e-06,ATL,ATL,0.4,0.5,0.325,0.311
TBA201704190,2017-04-19,TBA,DET,2,0,5.31,7.82,1e-06,1e-06,TBA,TBA,0.8571428571428571,0.2,0.322,0.306
SDN201704190,2017-04-19,SDN,ARI,0,0,3.89,3.2,1e-06,1e-06,SDN,SDN,0.5,0.125,0.306,0.309
SLN201704190,2017-04-19,SLN,PIT,0,0,4.13,4.26,1e-06,1e-06,SLN,SLN,0.8571428571428571,0.2857142857142857,0.339,0.311
KCA201704190,2017-04-19,KCA,SFN,0,0,4.16,3.32,1e-06,1e-06,KCA,KCA,0.7142857142857143,0.1428571428571428,0.315,0.309
NYN201704190,2017-04-19,NYN,PHI,0,0,4.92,4.21,1e-06,1e-06,NYN,NYN,0.8333333333333334,0.5,0.31,0.307
SEA201704190,2017-04-19,SEA,MIA,1,2,4.36,4.19,1e-06,1e-06,SEA,SEA,0.75,0.5714285714285714,0.334,0.33
OAK201704190,2017-04-19,OAK,TEX,4,0,5.3,4.82,1e-06,1e-06,OAK,OAK,0.1428571428571428,0.375,0.327,0.293
CIN201704190,2017-04-19,CIN,BAL,0,0,7.39,6.81,1e-06,1e-06,CIN,CIN,0.4285714285714285,0.8571428571428571,0.335,0.3
CHN201704190,2017-04-19,CHN,MIL,0,2,2.3,5.48,1e-06,1e-06,CHN,CHN,0.75,1.125,0.342,0.326
HOU201704190,2017-04-19,HOU,ANA,1,0,2.9,4.15,1e-06,1e-06,HOU,HOU,0.25,0.25,0.342,0.312
ATL201704200,2017-04-20,ATL,WAS,0,0,4.26,2.52,1e-06,1e-06,ATL,ATL,0.6666666666666666,0.6,0.325,0.311
TOR201704200,2017-04-20,TOR,BOS,0,0,6.3,1.43,1e-06,1e-06,TOR,TOR,0.375,0.0,0.314,0.318
CIN201704200,2017-04-20,CIN,BAL,0,0,5.45,3.43,1e-06,1e-06,CIN,CIN,0.375,0.75,0.335,0.3
TEX201704200,2017-04-20,TEX,KCA,0,0,2.76,6.8,2350.5503898425545,738.3603208647532,OAK,KCA,1.0,0.0,0.347,0.308
NYN201704200,2017-04-20,NYN,PHI,0,0,2.97,3.54,1e-06,1e-06,NYN,NYN,0.7142857142857143,0.4285714285714285,0.31,0.307
MIL201704200,2017-04-20,MIL,SLN,3,0,3.9,3.64,132.54357794550742,526.8349145670746,CHN,SLN,0.3333333333333333,0.6666666666666666,0.318,0.329
HOU201704200,2017-04-20,HOU,ANA,1,0,4.25,4.52,1e-06,1e-06,HOU,HOU,0.3333333333333333,0.2222222222222222,0.342,0.312
OAK201704200,2017-04-20,OAK,SEA,0,1,5.14,11.05,1e-06,1089.6592015072615,OAK,SEA,0.625,0.5,0.327,0.317
SDN201704200,2017-04-20,SDN,ARI,1,0,4.79,4.03,1e-06,1e-06,SDN,SDN,0.4,0.1111111111111111,0.306,0.309
TBA201704200,2017-04-20,TBA,DET,1,1,4.39,5.31,1e-06,1e-06,TBA,TBA,1.0,0.1666666666666666,0.322,0.306
MIN201704200,2017-04-20,MIN,CLE,0,0,4.94,4.19,1e-06,1e-06,MIN,MIN,1.0,0.7142857142857143,0.347,0.333
MIN201704210,2017-04-21,MIN,DET,0,0,5.63,3.36,1e-06,2137.431531245163,MIN,TBA,0.875,0.2857142857142857,0.347,0.306
TEX201704210,2017-04-21,TEX,KCA,0,1,4.2,,1e-06,1e-06,TEX,TEX,0.8333333333333334,0.0,0.347,0.308
COL201704210,2017-04-21,COL,SFN,0,0,4.69,4.52,1336.5596902131042,896.2397141964761,LAN,KCA,0.3333333333333333,0.125,0.364,0.309
PIT201704210,2017-04-21,PIT,NYA,2,0,2.61,3.69,898.8824563980571,505.04779123783345,SLN,NYA,0.0,0.2,0.325,0.327
PHI201704210,2017-04-21,PHI,ATL,0,0,5.43,6.48,129.48897528262268,1071.2330338826837,NYN,ATL,2.3333333333333335,0.2857142857142857,0.322,0.327
TBA201704210,2017-04-21,TBA,HOU,1,0,3.66,5.63,1e-06,1270.2138325576016,TBA,HOU,1.0,0.2,0.322,0.343
NYN201704210,2017-04-21,NYN,WAS,1,2,5.11,3.56,1e-06,1200.4511584455877,NYN,ATL,0.625,0.5,0.31,0.311
SDN201704210,2017-04-21,SDN,MIA,1,0,4.93,3.4,1e-06,1711.8059777853623,SDN,SEA,0.5,0.75,0.306,0.33
ANA201704210,2017-04-21,ANA,TOR,0,0,5.35,3.59,2169.9670210701,3477.996626466436,HOU,TOR,0.1666666666666666,0.8,0.318,0.311
OAK201704210,2017-04-21,OAK,SEA,0,0,4.37,4.35,1e-06,1e-06,OAK,OAK,0.5555555555555556,0.5714285714285714,0.327,0.317
MIL201704210,2017-04-21,MIL,SLN,0,0,7.85,5.11,1e-06,1e-06,MIL,MIL,0.7142857142857143,0.5714285714285714,0.318,0.329
ARI201704210,2017-04-21,ARI,LAN,1,2,1.73,3.75,481.0116378281714,574.8341159449532,SDN,LAN,0.0,0.5,0.35,0.336
CHA201704210,2017-04-21,CHA,CLE,0,0,4.15,2.25,1144.129935670241,571.0232496384983,NYA,MIN,0.5,0.625,0.315,0.333
BAL201704210,2017-04-21,BAL,BOS,0,0,4.24,3.32,680.6636621509456,537.0332419152472,CIN,TOR,0.25,0.0,0.323,0.318
CIN201704210,2017-04-21,CIN,CHN,0,0,4.68,2.98,1e-06,406.2527329885922,CIN,CHN,0.3333333333333333,0.8,0.335,0.324
COL201704220,2017-04-22,COL,SFN,3,0,4.68,5.52,1e-06,1e-06,COL,COL,0.2857142857142857,0.1111111111111111,0.364,0.309
PHI201704220,2017-04-22,PHI,ATL,0,0,7.25,5.56,1e-06,1e-06,PHI,PHI,2.0,0.25,0.322,0.327
ARI201704220,2017-04-22,ARI,LAN,3,1,2.89,4.22,1e-06,1e-06,ARI,ARI,0.1428571428571428,0.7142857142857143,0.35,0.336
MIN201704220,2017-04-22,MIN,DET,0,0,5.14,5.94,1e-06,1e-06,MIN,MIN,0.7777777777777778,0.25,0.347,0.306
BAL201704220,2017-04-22,BAL,BOS,0,0,7.43,8.25,1e-06,1e-06,BAL,BAL,0.2,0.0,0.323,0.318
SDN201704220,2017-04-22,SDN,MIA,0,0,4.21,4.79,1e-06,1e-06,SDN,SDN,0.5714285714285714,0.6666666666666666,0.306,0.33
CIN201704220,2017-04-22,CIN,CHN,4,3,5.09,3.53,1e-06,1e-06,CIN,CIN,0.3,0.6666666666666666,0.335,0.324
TEX201704220,2017-04-22,TEX,KCA,0,0,3.78,6.8,1e-06,1e-06,TEX,TEX,0.7142857142857143,0.1428571428571428,0.347,0.308
ANA201704220,2017-04-22,ANA,TOR,1,1,4.55,6.34,1e-06,1e-06,ANA,ANA,0.1428571428571428,0.6666666666666666,0.318,0.311
PIT201704220,2017-04-22,PIT,NYA,1,0,,2.87,1e-06,1e-06,PIT,PIT,0.2857142857142857,0.1666666666666666,0.325,0.327
OAK201704220,2017-04-22,OAK,SEA,3,1,5.58,5.12,1e-06,1e-06,OAK,OAK,0.5,0.5,0.327,0.317
MIL201704220,2017-04-22,MIL,SLN,1,0,4.21,3.43,1e-06,1e-06,MIL,MIL,0.625,0.5,0.318,0.329
TBA201704220,2017-04-22,TBA,HOU,0,0,5.31,3.62,1e-06,1e-06,TBA,TBA,1.0,0.1666666666666666,0.322,0.343
CHA201704220,2017-04-22,CHA,CLE,0,2,5.93,3.29,1e-06,1e-06,CHA,CHA,0.4,0.5555555555555556,0.315,0.333
NYN201704220,2017-04-22,NYN,WAS,0,0,3.53,2.96,1e-06,1e-06,NYN,NYN,0.6666666666666666,0.7142857142857143,0.31,0.311
CHA201704230,2017-04-23,CHA,CLE,3,0,6.2,4.28,1e-06,1e-06,CHA,CHA,0.3333333333333333,0.7,0.315,0.333
TBA201704230,2017-04-23,TBA,HOU,4,0,4.91,4.57,1e-06,1e-06,TBA,TBA,1.0,0.1428571428571428,0.322,0.343
BAL201704230,2017-04-23,BAL,BOS,0,4,4.68,4.19,1e-06,1e-06,BAL,BAL,0.1666666666666666,0.0,0.323,0.318
ARI201704230,2017-04-23,ARI,LAN,2,0,4.09,3.98,1e-06,1e-06,ARI,ARI,0.5,0.75,0.35,0.336
MIL201704230,2017-04-23,MIL,SLN,1,0,3.49,3.92,1e-06,1e-06,MIL,MIL,0.6666666666666666,0.4444444444444444,0.318,0.329
COL201704230,2017-04-23,COL,SFN,1,0,4.1,4.42,1e-06,1e-06,COL,COL,0.625,0.1,0.364,0.309
NYN201704230,2017-04-23,NYN,WAS,1,4,5.21,2.51,1e-06,1e-06,NYN,NYN,0.6,0.625,0.31,0.311
SDN201704230,2017-04-23,SDN,MIA,1,0,3.14,6.69,1e-06,1e-06,SDN,SDN,0.5,0.6,0.306,0.33
ANA201704230,2017-04-23,ANA,TOR,0,0,4.68,3.09,1e-06,1e-06,ANA,ANA,0.25,0.7142857142857143,0.318,0.311
TEX201704230,2017-04-23,TEX,KCA,0,0,3.86,5.29,1e-06,1e-06,TEX,TEX,0.625,0.125,0.347,0.308
CIN201704230,2017-04-23,CIN,CHN,1,0,7.35,4.59,1e-06,1e-06,CIN,CIN,0.7,1.0,0.335,0.324
PHI201704230,2017-04-23,PHI,ATL,0,0,6.33,2.83,1e-06,1e-06,PHI,PHI,1.75,0.2222222222222222,0.322,0.327
MIN201704230,2017-04-23,MIN,DET,1,0,5.07,3.83,1e-06,1e-06,MIN,MIN,0.7,0.2222222222222222,0.347,0.306
OAK201704230,2017-04-23,OAK,SEA,0,1,4.27,5.72,1e-06,1e-06,OAK,OAK,0.7,0.5555555555555556,0.327,0.317
PIT201704230,2017-04-23,PIT,NYA,1,0,4.14,3.88,1e-06,1e-06,PIT,PIT,0.375,0.1428571428571428,0.325,0.327
PIT201704240,2017-04-24,PIT,CHN,1,4,4.35,6.34,1e-06,415.25842934625814,PIT,CIN,0.4444444444444444,0.875,0.325,0.324
CHA201704240,2017-04-24,CHA,KCA,0,0,4.62,4.16,1e-06,1309.650558347085,CHA,TEX,0.7142857142857143,0.1111111111111111,0.315,0.308
MIL201704240,2017-04-24,MIL,CIN,4,0,4.21,7.39,1e-06,525.1892238126902,MIL,CIN,0.7,0.5,0.318,0.323
TEX201704240,2017-04-24,TEX,MIN,0,0,4.82,5.87,1e-06,1396.7696185124962,TEX,MIN,0.5555555555555556,0.1666666666666666,0.347,0.322
SFN201704240,2017-04-24,SFN,LAN,0,0,5.43,3.77,1524.5101947303656,1050.993394248722,COL,ARI,0.4285714285714285,0.6666666666666666,0.308,0.336
ARI201704240,2017-04-24,ARI,SDN,1,0,3.2,3.89,1e-06,481.0116378281714,ARI,SDN,0.6666666666666666,0.8,0.35,0.293
ANA201704240,2017-04-24,ANA,TOR,0,0,5.35,5.66,1e-06,1e-06,ANA,ANA,0.2222222222222222,0.625,0.318,0.311
BAL201704240,2017-04-24,BAL,TBA,0,1,2.75,4.07,1e-06,1393.7772067986984,BAL,TBA,0.1428571428571428,1.0,0.323,0.312
COL201704240,2017-04-24,COL,WAS,0,0,5.57,3.56,1e-06,2618.595617996944,COL,NYN,0.6666666666666666,1.0,0.364,0.311
ANA201704250,2017-04-25,ANA,OAK,0,0,10.45,1.83,1e-06,592.0809005913671,ANA,OAK,0.2,0.0,0.318,0.312
ARI201704250,2017-04-25,ARI,SDN,1,0,4.03,4.79,1e-06,1e-06,ARI,ARI,0.7,0.6,0.35,0.293
PIT201704250,2017-04-25,PIT,CHN,0,0,4.26,3.03,1e-06,1e-06,PIT,PIT,0.5,1.2222222222222223,0.325,0.324
BAL201704250,2017-04-25,BAL,TBA,0,0,5.61,4.08,1e-06,1e-06,BAL,BAL,0.125,1.0,0.323,0.312
CLE201704250,2017-04-25,CLE,HOU,0,0,4.98,2.9,494.38381964269325,1529.408250521614,CHA,TBA,0.8333333333333334,0.125,0.34,0.343
SLN201704250,2017-04-25,SLN,TOR,1,0,8.68,6.3,526.8349145670746,2530.048122245164,MIL,ANA,0.75,0.5555555555555556,0.339,0.311
DET201704250,2017-04-25,DET,SEA,1,2,6.08,4.36,872.516450655481,3345.164678963249,MIN,OAK,0.4285714285714285,0.6,0.341,0.317
COL201704250,2017-04-25,COL,WAS,0,2,4.39,3.56,1e-06,1e-06,COL,COL,0.6,0.9,0.364,0.311
SFN201704250,2017-04-25,SFN,LAN,0,0,4.78,2.31,1e-06,1e-06,SFN,SFN,0.375,0.6,0.308,0.336
TEX201704250,2017-04-25,TEX,MIN,0,0,3.4,3.28,1e-06,1e-06,TEX,TEX,0.5,0.1428571428571428,0.347,0.322
CHA201704250,2017-04-25,CHA,KCA,0,1,3.45,3.81,1e-06,1e-06,CHA,CHA,0.625,0.1,0.315,0.308
MIL201704250,2017-04-25,MIL,CIN,0,0,3.9,4.77,1e-06,1e-06,MIL,MIL,1.1,0.4285714285714285,0.318,0.323
ARI201704260,2017-04-26,ARI,SDN,1,0,4.23,2.89,1e-06,1e-06,ARI,ARI,0.8,0.6,0.35,0.293
CLE201704260,2017-04-26,CLE,HOU,3,0,4.19,4.25,1e-06,1e-06,CLE,CLE,0.7142857142857143,0.1111111111111111,0.34,0.343
MIL201704260,2017-04-26,MIL,CIN,5,1,7.85,8.63,1e-06,1e-06,MIL,MIL,1.1,0.375,0.318,0.323
NYN201704260,2017-04-26,NYN,ATL,0,5,5.19,4.49,1e-06,129.48897528262268,NYN,PHI,0.7,0.2,0.31,0.327
DET201704260,2017-04-26,DET,SEA,0,0,5.31,2.98,1e-06,1e-06,DET,DET,0.5,0.8,0.341,0.317
PHI201704260,2017-04-26,PHI,MIA,0,1,,3.82,1e-06,3810.8466979584146,PHI,SDN,1.5555555555555556,0.4,0.322,0.33
SFN201704260,2017-04-26,SFN,LAN,0,0,5.06,3.75,1e-06,1e-06,SFN,SFN,0.3333333333333333,0.6,0.308,0.336
PIT201704260,2017-04-26,PIT,CHN,2,0,4.5,4.33,1e-06,1e-06,PIT,PIT,0.5,1.1,0.325,0.324
CHA201704260,2017-04-26,CHA,KCA,2,0,4.15,,1e-06,1e-06,CHA,CHA,0.5555555555555556,0.2,0.315,0.308
BOS201704260,2017-04-26,BOS,NYA,0,0,4.65,2.98,578.81170796599,773.5078082361433,BAL,PIT,0.375,0.125,0.341,0.327
BAL201704260,2017-04-26,BAL,TBA,0,0,5.25,3.24,1e-06,1e-06,BAL,BAL,0.1111111111111111,0.8888888888888888,0.323,0.312
TEX201704260,2017-04-26,TEX,MIN,0,0,4.2,3.07,1e-06,1e-06,TEX,TEX,0.5,0.125,0.347,0.322
COL201704260,2017-04-26,COL,WAS,0,0,4.69,4.67,1e-06,1e-06,COL,COL,0.5,0.9,0.364,0.311
ANA201704260,2017-04-26,ANA,OAK,0,2,4.52,4.37,1e-06,1e-06,ANA,ANA,0.1,0.0,0.318,0.312
PHI201704270,2017-04-27,PHI,MIA,1,0,5.43,4.19,1e-06,1e-06,PHI,PHI,1.4,0.5,0.322,0.33
CLE201704270,2017-04-27,CLE,HOU,0,0,2.25,2.68,1e-06,1e-06,CLE,CLE,1.0,0.1,0.34,0.343
ARI201704270,2017-04-27,ARI,SDN,0,1,3.49,7.44,1e-06,1e-06,ARI,ARI,0.9,0.6,0.35,0.293
ANA201704270,2017-04-27,ANA,OAK,2,0,4.92,4.19,1e-06,1e-06,ANA,ANA,0.1,0.25,0.318,0.312
COL201704270,2017-04-27,COL,WAS,1,0,4.68,2.96,1e-06,1e-06,COL,COL,0.4,0.9,0.364,0.311
SFN201704270,2017-04-27,SFN,LAN,0,1,1.99,1.32,1e-06,1e-06,SFN,SFN,0.3,0.6,0.308,0.336
DET201704270,2017-04-27,DET,SEA,0,0,7.82,2.66,1e-06,1e-06,DET,DET,0.4444444444444444,0.8,0.341,0.317
SLN201704271,2017-04-27,SLN,TOR,0,0,3.99,3.59,1e-06,1e-06,SLN,SLN,0.7777777777777778,0.5,0.339,0.311
NYN201704270,2017-04-27,NYN,ATL,0,0,6.7,4.26,1e-06,1e-06,NYN,NYN,0.7,0.7,0.31,0.327
SLN201704272,2017-04-27,SLN,TOR,3,0,5.11,6.34,1e-06,1e-06,SLN,SLN,0.7,0.5,0.339,0.311
BOS201704270,2017-04-27,BOS,NYA,0,0,2.9,4.74,1e-06,1e-06,BOS,BOS,0.3333333333333333,0.1111111111111111,0.341,0.327
HOU201704280,2017-04-28,HOU,OAK,3,3,3.62,5.58,1793.7234420980124,2169.9670210701,CLE,ANA,0.4,0.2222222222222222,0.342,0.312
LAN201704280,2017-04-28,LAN,PHI,0,0,4.22,4.71,559.4406195325591,3844.216938115361,SFN,PHI,0.4444444444444444,0.375,0.334,0.307
ARI201704280,2017-04-28,ARI,COL,0,1,2.89,4.1,1e-06,942.6579354569092,ARI,COL,0.9,0.6666666666666666,0.35,0.313
MIL201704280,2017-04-28,MIL,ATL,0,0,5.48,,1e-06,1181.7674036325852,MIL,NYN,1.6,0.7,0.318,0.327
WAS201704280,2017-04-28,WAS,NYN,0,0,2.51,3.53,2397.8679070622884,326.3648041771951,COL,NYN,0.375,0.7142857142857143,0.352,0.33
DET201704280,2017-04-28,DET,CHA,2,0,4.5,2.33,1e-06,380.91207013286544,DET,CHA,0.4,0.5555555555555556,0.341,0.312
CLE201704280,2017-04-28,CLE,SEA,0,0,3.29,5.12,1e-06,145.52553501827433,CLE,DET,0.8888888888888888,0.8,0.34,0.317
TOR201704280,2017-04-28,TOR,TBA,0,0,6.3,5.31,1062.9448026030143,537.0332419152472,SLN,BAL,0.3333333333333333,0.8,0.314,0.312
BOS201704280,2017-04-28,BOS,CHN,5,1,3.32,3.53,1e-06,773.5078082361433,BOS,PIT,0.3,1.1,0.341,0.324
SLN201704280,2017-04-28,SLN,CIN,0,0,3.43,5.52,1e-06,526.8349145670746,SLN,MIL,1.0,0.4444444444444444,0.339,0.323
KCA201704280,2017-04-28,KCA,MIN,0,0,3.7,5.09,663.9206411727051,738.3603208647532,CHA,TEX,0.625,0.1111111111111111,0.315,0.322
SFN201704280,2017-04-28,SFN,SDN,2,0,5.06,2.89,1e-06,1050.993394248722,SFN,ARI,0.3,0.7,0.308,0.293
NYA201704280,2017-04-28,NYA,BAL,0,0,3.22,7.43,306.2037667286439,272.81937803481173,BOS,BAL,0.6666666666666666,0.6666666666666666,0.343,0.3
MIA201704280,2017-04-28,MIA,PIT,0,1,6.14,4.44,1644.1190984600378,1630.230113794326,PHI,PIT,1.5,0.25,0.332,0.311
TEX201704280,2017-04-28,TEX,ANA,1,1,4.68,4.68,1e-06,1938.7751997181072,TEX,ANA,0.3,0.2,0.347,0.312
LAN201704290,2017-04-29,LAN,PHI,1,0,4.94,3.01,1e-06,1e-06,LAN,LAN,0.4,0.3333333333333333,0.334,0.307
MIA201704290,2017-04-29,MIA,PIT,0,0,4.26,4.14,1e-06,1e-06,MIA,MIA,1.2857142857142858,0.3333333333333333,0.332,0.311
BOS201704290,2017-04-29,BOS,CHN,0,0,8.25,4.59,1e-06,1e-06,BOS,BOS,0.8,1.2,0.341,0.324
WAS201704290,2017-04-29,WAS,NYN,1,0,2.52,4.92,1e-06,1e-06,WAS,WAS,0.3333333333333333,0.625,0.352,0.33
MIL201704290,2017-04-29,MIL,ATL,1,0,3.49,4.41,1e-06,1e-06,MIL,MIL,1.6,0.7,0.318,0.327
TOR201704290,2017-04-29,TOR,TBA,1,0,5.66,4.5,1e-06,1e-06,TOR,TOR,0.3,0.8,0.314,0.312
TEX201704290,2017-04-29,TEX,ANA,0,0,3.86,5.35,1e-06,1e-06,TEX,TEX,0.1,0.3,0.347,0.312
NYA201704290,2017-04-29,NYA,BAL,1,0,4.39,6.81,1e-06,1e-06,NYA,NYA,0.6,0.6,0.343,0.3
ARI201704290,2017-04-29,ARI,COL,0,0,4.23,5.57,1e-06,1e-06,ARI,ARI,0.9,0.7,0.35,0.313
DET201704290,2017-04-29,DET,CHA,1,1,3.41,1.84,1e-06,1e-06,DET,DET,0.5,0.5,0.341,0.312
HOU201704290,2017-04-29,HOU,OAK,0,0,4.77,4.27,1e-06,1e-06,HOU,HOU,0.7,0.5,0.342,0.312
CLE201704290,2017-04-29,CLE,SEA,4,3,4.28,5.72,1e-06,1e-06,CLE,CLE,0.8,0.8,0.34,0.317
SFN201704290,2017-04-29,SFN,SDN,0,0,3.68,3.89,1e-06,1e-06,SFN,SFN,0.5,0.6,0.308,0.293
TOR201704300,2017-04-30,TOR,TBA,0,0,7.36,3.24,1e-06,1e-06,TOR,TOR,0.3,0.6,0.314,0.312
SFN201704300,2017-04-30,SFN,SDN,0,0,3.39,2.89,1e-06,1e-06,SFN,SFN,0.5,0.2,0.308,0.293
CLE201704300,2017-04-30,CLE,SEA,1,0,4.98,6.35,1e-06,1e-06,CLE,CLE,1.1,0.9,0.34,0.317
BOS201704300,2017-04-30,BOS,CHN,2,0,3.88,3.98,1e-06,1e-06,BOS,BOS,0.8,1.2,0.341,0.324
MIA201704300,2017-04-30,MIA,PIT,0,3,4.75,4.07,1e-06,1e-06,MIA,MIA,1.125,0.3,0.332,0.311
NYA201704300,2017-04-30,NYA,BAL,1,0,5.79,4.22,1e-06,1e-06,NYA,NYA,0.7,0.6,0.343,0.3
KCA201704300,2017-04-30,KCA,MIN,0,0,5.29,5.87,1e-06,1e-06,KCA,KCA,0.5555555555555556,0.1,0.315,0.322
LAN201704300,2017-04-30,LAN,PHI,1,1,3.77,6.02,1e-06,1e-06,LAN,LAN,0.5,0.3,0.334,0.307
WAS201704300,2017-04-30,WAS,NYN,5,1,1.62,2.97,1e-06,1e-06,WAS,WAS,0.4,0.5555555555555556,0.352,0.33
DET201704300,2017-04-30,DET,CHA,0,1,6.08,4.62,1e-06,1e-06,DET,DET,0.6,0.6,0.341,0.312
ARI201704300,2017-04-30,ARI,COL,0,0,3.59,7.75,1e-06,1e-06,ARI,ARI,0.9,0.7,0.35,0.313
MIL201704300,2017-04-30,MIL,ATL,0,1,4.94,4.79,1e-06,1e-06,MIL,MIL,1.5,0.7,0.318,0.327
SLN201704300,2017-04-30,SLN,CIN,1,0,3.4,3.76,1e-06,1e-06,SLN,SLN,0.7,0.4,0.339,0.323
HOU201704300,2017-04-30,HOU,OAK,1,0,2.9,5.3,1e-06,1e-06,HOU,HOU,0.7,0.5,0.342,0.312
TEX201704300,2017-04-30,TEX,ANA,1,0,4.82,4.15,1e-06,1e-06,TEX,TEX,0.1,0.3,0.347,0.312
BOS201705010,2017-05-01,BOS,BAL,0,0,4.65,4.24,1e-06,306.2037667286439,BOS,NYA,1.0,0.0,0.341,0.3
KCA201705010,2017-05-01,KCA,CHA,0,0,4.16,7.71,1e-06,1034.95696626315,KCA,DET,0.5,0.7,0.315,0.312
NYA201705010,2017-05-01,NYA,TOR,0,0,2.98,4.98,1e-06,550.2922217550002,NYA,TOR,0.8,0.5,0.343,0.311
DET201705010,2017-05-01,DET,CLE,2,0,5.31,4.19,1e-06,145.52553501827433,DET,CLE,0.5,0.6,0.341,0.333
LAN201705010,2017-05-01,LAN,SFN,1,2,2.31,4.52,1e-06,559.4406195325591,LAN,SFN,0.4,0.1,0.334,0.309
ATL201705010,2017-05-01,ATL,NYN,1,1,4.49,5.19,1079.4745171093869,874.0887985860761,MIL,WAS,0.5714285714285714,0.6,0.325,0.33
MIA201705010,2017-05-01,MIA,TBA,1,0,4.79,4.2,1e-06,1988.7442573540511,MIA,TOR,1.0,0.6,0.332,0.312
SLN201705010,2017-05-01,SLN,MIL,0,0,,4.66,1e-06,526.8349145670746,SLN,MIL,0.8,1.2222222222222223,0.339,0.326
HOU201705010,2017-05-01,HOU,TEX,1,0,2.68,3.4,1e-06,368.5990384284446,HOU,TEX,0.7,0.3333333333333333,0.342,0.293
CIN201705010,2017-05-01,CIN,PIT,0,1,4.45,4.38,494.9532553693752,1534.6263109130673,SLN,MIA,0.8,0.6,0.335,0.311
CHN201705010,2017-05-01,CHN,PHI,0,4,6.34,,1365.5064971534737,2804.824680217871,BOS,LAN,0.6666666666666666,0.4,0.342,0.307
MIA201705020,2017-05-02,MIA,TBA,0,0,4.19,3.66,1e-06,1e-06,MIA,MIA,1.0,0.6,0.332,0.312
CIN201705020,2017-05-02,CIN,PIT,3,0,4.77,7.69,1e-06,1e-06,CIN,CIN,0.7,0.5,0.335,0.311
CHN201705020,2017-05-02,CHN,PHI,1,1,4.33,5.43,1e-06,1e-06,CHN,CHN,0.6,0.7,0.342,0.307
WAS201705020,2017-05-02,WAS,ARI,1,1,4.67,5.33,1e-06,3184.3579900386735,WAS,ARI,0.9,0.1,0.352,0.309
LAN201705020,2017-05-02,LAN,SFN,0,0,2.72,5.52,1e-06,1e-06,LAN,LAN,0.5,0.3,0.334,0.309
MIN201705020,2017-05-02,MIN,OAK,0,0,3.28,3.55,662.9211681328137,1702.4056315736932,KCA,HOU,0.8,0.5,0.347,0.312
KCA201705020,2017-05-02,KCA,CHA,0,0,3.81,4.15,1e-06,1e-06,KCA,KCA,0.5,0.2,0.315,0.312
ATL201705020,2017-05-02,ATL,NYN,2,2,4.26,6.7,1e-06,1e-06,ATL,ATL,0.625,0.7,0.325,0.33
BOS201705020,2017-05-02,BOS,BAL,0,0,2.9,5.25,1e-06,1e-06,BOS,BOS,1.0,0.0,0.341,0.3
NYA201705020,2017-05-02,NYA,TOR,1,0,4.74,6.6,1e-06,1e-06,NYA,NYA,0.7,0.3,0.343,0.311
HOU201705020,2017-05-02,HOU,TEX,0,1,4.38,2.79,1e-06,1e-06,HOU,HOU,0.8,0.3,0.342,0.293
SEA201705020,2017-05-02,SEA,ANA,0,0,3.86,4.68,3251.6066902182984,2688.6235870338205,CLE,TEX,0.7777777777777778,0.3,0.334,0.312
SLN201705020,2017-05-02,SLN,MIL,0,0,3.64,7.85,1e-06,1e-06,SLN,SLN,0.6,1.1,0.339,0.326
DET201705020,2017-05-02,DET,CLE,1,1,3.36,2.25,1e-06,1e-06,DET,DET,0.7,0.6,0.341,0.333
SDN201705020,2017-05-02,SDN,COL,0,0,4.93,4.69,738.1265117326025,481.0116378281714,SFN,ARI,0.5555555555555556,0.7,0.306,0.313
ATL201705030,2017-05-03,ATL,NYN,0,2,6.48,3.53,1e-06,1e-06,ATL,ATL,0.7777777777777778,0.6,0.325,0.33
SDN201705030,2017-05-03,SDN,COL,1,4,7.44,4.68,1e-06,1e-06,SDN,SDN,0.5,0.7,0.306,0.313
WAS201705030,2017-05-03,WAS,ARI,0,1,5.08,2.89,1e-06,1e-06,WAS,WAS,0.9,0.2,0.352,0.309
SEA201705030,2017-05-03,SEA,ANA,1,0,1.17,2.54,1e-06,1e-06,SEA,SEA,0.7,0.2,0.334,0.312
KCA201705030,2017-05-03,KCA,CHA,0,0,,5.93,1e-06,1e-06,KCA,KCA,0.5,0.2,0.315,0.312
MIN201705030,2017-05-03,MIN,OAK,2,0,5.63,4.19,1e-06,1e-06,MIN,MIN,0.8,0.5,0.347,0.312
BOS201705030,2017-05-03,BOS,BAL,0,0,3.32,4.68,1e-06,1e-06,BOS,BOS,1.0,0.0,0.341,0.3
LAN201705030,2017-05-03,LAN,SFN,0,0,4.94,5.67,1e-06,1e-06,LAN,LAN,0.5,0.3,0.334,0.309
TBA201705030,2017-05-03,TBA,MIA,0,0,5.31,6.14,319.9354673545946,319.9354673545946,MIA,MIA,1.3,0.5,0.322,0.33
NYA201705030,2017-05-03,NYA,TOR,3,4,2.87,5.34,1e-06,1e-06,NYA,NYA,0.6,0.3,0.343,0.311
DET201705030,2017-05-03,DET,CLE,0,0,5.27,3.29,1e-06,1e-06,DET,DET,0.8,0.6,0.341,0.333
CHN201705030,2017-05-03,CHN,PHI,0,2,3.53,4.71,1e-06,1e-06,CHN,CHN,0.7,0.8,0.342,0.307
CIN201705030,2017-05-03,CIN,PIT,3,0,8.63,4.44,1e-06,1e-06,CIN,CIN,1.0,0.5,0.335,0.311
HOU201705030,2017-05-03,HOU,TEX,0,0,3.62,5.66,1e-06,1e-06,HOU,HOU,0.8,0.3,0.342,0.293
CHN201705040,2017-05-04,CHN,PHI,1,0,3.98,6.33,1e-06,1e-06,CHN,CHN,0.7,1.0,0.342,0.307
HOU201705040,2017-05-04,HOU,TEX,1,4,4.77,5.94,1e-06,1e-06,HOU,HOU,0.7,0.3,0.342,0.293
BOS201705040,2017-05-04,BOS,BAL,2,0,12.96,7.04,1e-06,1e-06,BOS,BOS,1.0,0.0,0.341,0.3
SEA201705040,2017-05-04,SEA,ANA,1,0,5.12,3.74,1e-06,1e-06,SEA,SEA,0.8,0.1,0.334,0.312
CIN201705040,2017-05-04,CIN,PIT,0,0,5.52,4.14,1e-06,1e-06,CIN,CIN,1.3,0.5,0.335,0.311
SLN201705040,2017-05-04,SLN,MIL,0,0,3.99,4.66,1e-06,1e-06,SLN,SLN,0.6,0.9,0.339,0.326
KCA201705040,2017-05-04,KCA,CHA,0,2,5.38,6.2,1e-06,1e-06,KCA,KCA,0.3,0.2,0.315,0.312
TBA201705040,2017-05-04,TBA,MIA,0,0,4.5,4.26,1e-06,1e-06,TBA,TBA,1.3,0.4,0.322,0.33
SDN201705040,2017-05-04,SDN,COL,0,0,2.16,5.4,1e-06,1e-06,SDN,SDN,0.5,1.1,0.306,0.313
MIN201705040,2017-05-04,MIN,OAK,0,1,5.07,5.58,1e-06,1e-06,MIN,MIN,1.0,0.5,0.347,0.312
WAS201705040,2017-05-04,WAS,ARI,0,0,2.51,5.76,1e-06,1e-06,WAS,WAS,0.8,0.3,0.352,0.309
PHI201705050,2017-05-05,PHI,WAS,0,1,6.02,2.52,1068.017024042746,197.2342958595587,CHN,WAS,1.5,0.9,0.322,0.311
MIN201705050,2017-05-05,MIN,BOS,2,0,3.03,3.88,1e-06,1804.1923618308683,MIN,BOS,0.5,0.4,0.347,0.318
CHN201705050,2017-05-05,CHN,NYA,1,0,4.24,3.89,1e-06,1144.129935670241,CHN,NYA,0.7,0.1,0.342,0.327
OAK201705050,2017-05-05,OAK,DET,0,0,4.27,3.83,2531.5923192792015,3345.164678963249,MIN,DET,0.7,0.2,0.327,0.306
NYN201705050,2017-05-05,NYN,MIA,1,0,2.94,4.79,1200.4511584455877,1638.0556824552712,ATL,TBA,0.6,0.4,0.31,0.33
ATL201705050,2017-05-05,ATL,SLN,0,1,4.79,3.43,1e-06,751.930362209131,ATL,SLN,0.7,0.4,0.325,0.329
COL201705050,2017-05-05,COL,ARI,0,2,4.39,3.2,1340.79250926624,2397.8679070622884,SDN,WAS,0.5,0.2,0.364,0.309
SDN201705050,2017-05-05,SDN,LAN,0,0,4.21,3.56,1e-06,179.52869961196944,SDN,LAN,0.4,0.5,0.306,0.336
SEA201705050,2017-05-05,SEA,TEX,0,1,3.22,3.78,1e-06,3039.1839825945185,SEA,HOU,0.9,0.6,0.334,0.293
KCA201705050,2017-05-05,KCA,CLE,0,0,5.29,4.28,1e-06,1034.95696626315,KCA,DET,0.1,0.6,0.315,0.333
BAL201705050,2017-05-05,BAL,CHA,1,0,4.15,4.62,578.81170796599,1545.5901214265937,BOS,KCA,0.1,0.4,0.323,0.312
CIN201705050,2017-05-05,CIN,SFN,3,0,7.35,5.43,1e-06,3046.5057464053752,CIN,LAN,1.3,0.2,0.335,0.309
PIT201705050,2017-05-05,PIT,MIL,0,0,4.5,4.43,415.25842934625814,898.8824563980571,CIN,SLN,0.7,0.9,0.325,0.326
ANA201705050,2017-05-05,ANA,HOU,0,0,4.21,2.3,1575.276973597757,2169.9670210701,SEA,HOU,0.3,0.1,0.318,0.343
TBA201705050,2017-05-05,TBA,TOR,0,0,5.7,3.75,1e-06,1638.0556824552712,TBA,NYA,0.8,0.5,0.322,0.311
MIN201705060,2017-05-06,MIN,BOS,0,0,5.17,4.65,1e-06,1e-06,MIN,MIN,0.7,0.4,0.347,0.318
KCA201705060,2017-05-06,KCA,CLE,0,0,4.25,1.44,1e-06,1e-06,KCA,KCA,0.0,0.6,0.315,0.333
OAK201705060,2017-05-06,OAK,DET,0,0,7.03,7.82,1e-06,1e-06,OAK,OAK,0.7,0.2,0.327,0.306
NYN201705060,2017-05-06,NYN,MIA,5,0,5.19,4.01,1e-06,1e-06,NYN,NYN,0.7,0.4,0.31,0.33
PHI201705060,2017-05-06,PHI,WAS,0,0,,3.81,1e-06,1e-06,PHI,PHI,0.3,1.0,0.322,0.311
SEA201705060,2017-05-06,SEA,TEX,1,0,3.86,4.82,1e-06,1e-06,SEA,SEA,0.7,0.7,0.334,0.293
CHN201705060,2017-05-06,CHN,NYA,0,5,6.34,3.88,1e-06,1e-06,CHN,CHN,0.8,0.1,0.342,0.327
BAL201705060,2017-05-06,BAL,CHA,3,0,4.24,7.71,1e-06,1e-06,BAL,BAL,0.2,0.4,0.323,0.312
CIN201705060,2017-05-06,CIN,SFN,2,0,7.39,4.78,1e-06,1e-06,CIN,CIN,1.4,0.2,0.335,0.309
ANA201705060,2017-05-06,ANA,HOU,0,1,4.21,2.68,1e-06,1e-06,ANA,ANA,0.3,0.0,0.318,0.343
ATL201705060,2017-05-06,ATL,SLN,0,1,4.49,3.92,1e-06,1e-06,ATL,ATL,0.5,0.5,0.325,0.329
COL201705060,2017-05-06,COL,ARI,4,0,4.81,4.03,1e-06,1e-06,COL,COL,0.5,0.4,0.364,0.309
PIT201705060,2017-05-06,PIT,MIL,0,0,3.38,4.21,1e-06,1e-06,PIT,PIT,0.7,0.9,0.325,0.326
TBA201705060,2017-05-06,TBA,TOR,0,1,4.14,4.98,1e-06,1e-06,TBA,TBA,0.8,0.5,0.322,0.311
SDN201705060,2017-05-06,SDN,LAN,0,0,4.79,2.31,1e-06,1e-06,SDN,SDN,0.4,0.5,0.306,0.336
SEA201705070,2017-05-07,SEA,TEX,0,1,4.02,6.09,1e-06,1e-06,SEA,SEA,0.8,0.7,0.334,0.293
KCA201705070,2017-05-07,KCA,CLE,0,0,3.81,3.11,1e-06,1e-06,KCA,KCA,0.0,0.6,0.315,0.333
ATL201705070,2017-05-07,ATL,SLN,0,1,9.0,2.55,1e-06,1e-06,ATL,ATL,0.5,0.5,0.325,0.329
ANA201705070,2017-05-07,ANA,HOU,1,0,4.52,5.22,1e-06,1e-06,ANA,ANA,0.3,0.1,0.318,0.343
NYN201705070,2017-05-07,NYN,MIA,0,3,9.0,3.82,1e-06,1e-06,NYN,NYN,1.0,0.3,0.31,0.33
MIN201705070,2017-05-07,MIN,BOS,0,3,3.28,2.9,1e-06,1e-06,MIN,MIN,0.7,0.4,0.347,0.318
COL201705070,2017-05-07,COL,ARI,0,0,4.69,3.49,1e-06,1e-06,COL,COL,0.9,0.4,0.364,0.309
PHI201705070,2017-05-07,PHI,WAS,0,1,3.01,3.93,1e-06,1e-06,PHI,PHI,0.3,0.9,0.322,0.311
BAL201705070,2017-05-07,BAL,CHA,2,0,7.84,4.15,1e-06,1e-06,BAL,BAL,0.4,0.4,0.323,0.312
CIN201705070,2017-05-07,CIN,SFN,2,0,4.77,4.52,1e-06,1e-06,CIN,CIN,1.6,0.2,0.335,0.309
OAK201705070,2017-05-07,OAK,DET,0,0,4.27,7.82,1e-06,1e-06,OAK,OAK,0.7,0.2,0.327,0.306
PIT201705070,2017-05-07,PIT,MIL,0,0,7.69,3.9,1e-06,1e-06,PIT,PIT,0.7,0.9,0.325,0.326
CHN201705070,2017-05-07,CHN,NYA,0,1,2.83,3.77,1e-06,1e-06,CHN,CHN,0.4,0.6,0.342,0.327
TBA201705070,2017-05-07,TBA,TOR,0,0,3.66,3.59,1e-06,1e-06,TBA,TBA,0.8,0.5,0.322,0.311
OAK201705080,2017-05-08,OAK,ANA,0,2,4.22,4.68,1e-06,592.0809005913671,OAK,ANA,0.7,0.1,0.327,0.312
SDN201705080,2017-05-08,SDN,TEX,0,0,4.93,5.66,1e-06,1711.8059777853623,SDN,SEA,0.4,0.8,0.306,0.293
TBA201705080,2017-05-08,TBA,KCA,1,0,4.04,,1e-06,1680.826511683993,TBA,KCA,0.8,0.2,0.322,0.308
TOR201705080,2017-05-08,TOR,CLE,0,0,3.09,4.19,1789.459752085548,1362.7751953099455,TBA,KCA,0.3,0.3,0.314,0.333
NYN201705080,2017-05-08,NYN,SFN,1,2,4.38,6.23,1e-06,913.3322258208744,NYN,CIN,0.8,0.2,0.31,0.309
MIA201705080,2017-05-08,MIA,SLN,0,0,6.14,3.64,1756.5620451799746,973.359131898138,NYN,ATL,0.7,0.5,0.332,0.329
BAL201705080,2017-05-08,BAL,WAS,4,0,4.68,2.96,1e-06,144.5656230575587,BAL,PHI,0.6,1.0,0.323,0.311
LAN201705080,2017-05-08,LAN,PIT,7,0,2.72,4.07,179.52869961196944,3433.6519953355796,SDN,PIT,0.3,0.5,0.334,0.311
CIN201705080,2017-05-08,CIN,NYA,1,3,8.63,4.74,1e-06,406.2527329885922,CIN,CHN,1.8,0.6,0.335,0.327
MIA201705090,2017-05-09,MIA,SLN,0,0,3.99,3.4,1e-06,1e-06,MIA,MIA,0.7,0.3,0.332,0.329
HOU201705090,2017-05-09,HOU,ATL,5,0,3.62,6.48,2169.9670210701,1129.120744817785,ANA,ATL,0.8,0.6,0.342,0.327
COL201705091,2017-05-09,COL,CHN,0,0,4.68,3.53,1e-06,1e-06,COL,COL,0.9,1.2,0.364,0.324
COL201705092,2017-05-09,COL,CHN,0,0,4.1,4.59,1e-06,1477.450780411816,COL,CHN,0.9,0.8,0.364,0.324
OAK201705090,2017-05-09,OAK,ANA,2,1,5.58,3.74,1e-06,1e-06,OAK,OAK,0.7,0.3,0.327,0.312
CHA201705090,2017-05-09,CHA,MIN,0,0,5.93,5.63,972.7856247406662,571.0232496384983,BAL,MIN,0.7,0.1,0.315,0.322
TOR201705090,2017-05-09,TOR,CLE,0,0,6.31,3.29,1e-06,1e-06,TOR,TOR,0.3,0.3,0.314,0.333
NYN201705090,2017-05-09,NYN,SFN,4,0,5.21,4.42,1e-06,1e-06,NYN,NYN,0.9,0.4,0.31,0.309
SDN201705090,2017-05-09,SDN,TEX,0,5,7.44,5.94,1e-06,1e-06,SDN,SDN,0.4,0.7,0.306,0.293
MIL201705090,2017-05-09,MIL,BOS,5,1,4.21,3.32,722.0054120555708,476.3851219130703,PIT,MIN,1.5,0.7,0.318,0.318
CIN201705090,2017-05-09,CIN,NYA,0,1,5.52,3.69,1e-06,1e-06,CIN,CIN,1.9,0.9,0.335,0.327
LAN201705090,2017-05-09,LAN,PIT,0,0,1.32,4.38,1e-06,1e-06,LAN,LAN,1.0,0.5,0.334,0.311
BAL201705090,2017-05-09,BAL,WAS,0,0,4.22,5.08,1e-06,1e-06,BAL,BAL,1.0,0.8,0.323,0.311
PHI201705090,2017-05-09,PHI,SEA,4,0,3.01,3.2,1e-06,3819.2290792052354,PHI,SEA,0.1,0.8,0.322,0.317
TBA201705090,2017-05-09,TBA,KCA,4,0,4.76,,1e-06,1e-06,TBA,TBA,0.7,0.2,0.322,0.308
ARI201705090,2017-05-09,ARI,DET,0,1,2.89,3.36,942.6579354569092,1040.2976618519092,COL,OAK,0.9,0.2,0.35,0.306
TBA201705100,2017-05-10,TBA,KCA,1,0,4.07,5.29,1e-06,1e-06,TBA,TBA,1.0,0.2,0.322,0.308
MIA201705100,2017-05-10,MIA,SLN,4,0,4.73,2.55,1e-06,1e-06,MIA,MIA,0.3,0.3,0.332,0.329
WAS201705100,2017-05-10,WAS,BAL,0,0,1.62,3.18,55.02896457567408,55.02896457567408,BAL,BAL,0.8,0.0,0.352,0.3
NYN201705100,2017-05-10,NYN,SFN,1,0,4.38,6.43,1e-06,1e-06,NYN,NYN,1.3,0.4,0.31,0.309
COL201705100,2017-05-10,COL,CHN,0,0,4.39,3.03,1e-06,1e-06,COL,COL,0.6,0.8,0.364,0.324
TOR201705100,2017-05-10,TOR,CLE,3,2,3.38,2.94,1e-06,1e-06,TOR,TOR,0.3,0.3,0.314,0.333
LAN201705100,2017-05-10,LAN,PIT,3,0,4.22,4.35,1e-06,1e-06,LAN,LAN,1.0,0.5,0.334,0.311
TEX201705100,2017-05-10,TEX,SDN,1,1,4.68,2.16,1879.917699205684,1879.917699205684,SDN,SDN,0.2,0.2,0.347,0.293
HOU201705100,2017-05-10,HOU,ATL,0,0,4.77,4.41,1e-06,1e-06,HOU,HOU,1.3,0.6,0.342,0.327
OAK201705100,2017-05-10,OAK,ANA,0,1,4.27,5.35,1e-06,1e-06,OAK,OAK,0.9,0.4,0.327,0.312
ARI201705100,2017-05-10,ARI,DET,0,0,3.37,5.27,1e-06,1e-06,ARI,ARI,0.8,0.3,0.35,0.306
PHI201705100,2017-05-10,PHI,SEA,0,1,4.65,2.66,1e-06,1e-06,PHI,PHI,0.5,0.7,0.322,0.317
MIL201705100,2017-05-10,MIL,BOS,2,0,4.43,12.96,1e-06,1e-06,MIL,MIL,1.7,0.8,0.318,0.318
MIL201705110,2017-05-11,MIL,BOS,0,1,5.48,1.43,1e-06,1e-06,MIL,MIL,1.9,0.8,0.318,0.318
ARI201705110,2017-05-11,ARI,PIT,0,0,3.2,4.26,1e-06,574.8341159449532,ARI,LAN,0.5,0.5,0.35,0.311
TOR201705110,2017-05-11,TOR,SEA,1,2,4.98,6.35,1e-06,539.7375980826044,TOR,PHI,0.6,0.8,0.314,0.317
CHA201705110,2017-05-11,CHA,MIN,0,5,6.2,4.7,1e-06,1e-06,CHA,CHA,0.7,0.1,0.315,0.322
NYA201705110,2017-05-11,NYA,HOU,0,2,4.39,2.9,913.3322258208744,2282.180747677387,CIN,HOU,0.8,0.1,0.343,0.343
SFN201705110,2017-05-11,SFN,CIN,1,0,2.64,3.76,4128.529875974277,3280.370735305635,NYN,CIN,0.5,0.4,0.308,0.323
COL201705110,2017-05-11,COL,LAN,2,0,5.89,3.77,1e-06,1336.5596902131042,COL,LAN,0.5,0.4,0.364,0.336
ANA201705110,2017-05-11,ANA,DET,0,3,4.15,3.83,592.0809005913671,540.0297061463508,OAK,ARI,0.4,0.2,0.318,0.306
TBA201705110,2017-05-11,TBA,KCA,0,0,4.14,4.16,1e-06,1e-06,TBA,TBA,1.0,0.2,0.322,0.308
TEX201705110,2017-05-11,TEX,SDN,0,1,6.09,6.52,1e-06,1e-06,TEX,TEX,0.3,0.3,0.347,0.293
MIA201705120,2017-05-12,MIA,ATL,0,0,3.82,4.79,1e-06,1555.6920636215998,MIA,HOU,0.6,0.6,0.332,0.327
CHA201705120,2017-05-12,CHA,SDN,0,1,4.62,3.89,1e-06,1309.650558347085,CHA,TEX,0.6,0.4,0.315,0.293
BOS201705120,2017-05-12,BOS,TBA,0,0,4.65,3.66,1380.0911924179386,1926.694381718032,MIL,TBA,1.0,0.6,0.341,0.312
SLN201705120,2017-05-12,SLN,CHN,0,0,3.92,3.95,1707.3616110149374,1279.0227614650469,MIA,COL,0.6,0.5,0.339,0.324
TOR201705120,2017-05-12,TOR,SEA,0,0,5.34,5.0,1e-06,1e-06,TOR,TOR,0.7,0.9,0.314,0.317
NYA201705120,2017-05-12,NYA,HOU,0,0,3.88,4.25,1e-06,1e-06,NYA,NYA,0.8,0.3,0.343,0.343
MIL201705120,2017-05-12,MIL,NYN,0,0,4.94,6.7,1e-06,1181.7674036325852,MIL,NYN,1.8,0.7,0.318,0.33
CLE201705120,2017-05-12,CLE,MIN,0,1,4.98,3.28,305.2632734150024,494.38381964269325,TOR,CHA,1.2,0.6,0.34,0.322
ARI201705120,2017-05-12,ARI,PIT,0,1,4.03,7.69,1e-06,1e-06,ARI,ARI,0.3,0.4,0.35,0.311
TEX201705120,2017-05-12,TEX,OAK,0,0,2.79,4.27,1e-06,2350.5503898425545,TEX,OAK,0.3,0.6,0.347,0.312
ANA201705120,2017-05-12,ANA,DET,0,0,4.52,6.08,1e-06,1e-06,ANA,ANA,0.4,0.5,0.318,0.306
SFN201705120,2017-05-12,SFN,CIN,1,0,1.99,4.68,1e-06,1e-06,SFN,SFN,0.6,0.4,0.308,0.323
KCA201705120,2017-05-12,KCA,BAL,1,0,3.7,10.43,1680.826511683993,1515.349923149057,TBA,WAS,0.0,0.0,0.315,0.3
COL201705120,2017-05-12,COL,LAN,0,0,4.69,2.31,1e-06,1e-06,COL,COL,0.7,0.4,0.364,0.336
ANA201705130,2017-05-13,ANA,DET,0,0,4.21,4.5,1e-06,1e-06,ANA,ANA,0.3,0.4,0.318,0.306
WAS201705130,2017-05-13,WAS,PHI,0,0,7.27,4.21,1e-06,197.2342958595587,WAS,PHI,0.8,0.9,0.352,0.307
CHA201705130,2017-05-13,CHA,SDN,0,1,1.84,2.16,1e-06,1e-06,CHA,CHA,0.5,0.4,0.315,0.293
MIA201705130,2017-05-13,MIA,ATL,0,0,4.19,4.49,1e-06,1e-06,MIA,MIA,0.6,0.6,0.332,0.327
SLN201705130,2017-05-13,SLN,CHN,0,0,3.64,4.33,1e-06,1e-06,SLN,SLN,0.5,0.5,0.339,0.324
KCA201705130,2017-05-13,KCA,BAL,0,0,3.72,5.25,1e-06,1e-06,KCA,KCA,0.1,0.0,0.315,0.3
MIL201705130,2017-05-13,MIL,NYN,1,0,3.9,5.19,1e-06,1e-06,MIL,MIL,1.7,0.7,0.318,0.33
SFN201705130,2017-05-13,SFN,CIN,1,0,5.52,8.1,1e-06,1e-06,SFN,SFN,0.7,0.4,0.308,0.323
TEX201705130,2017-05-13,TEX,OAK,0,0,5.49,5.14,1e-06,1e-06,TEX,TEX,0.3,0.6,0.347,0.312
COL201705130,2017-05-13,COL,LAN,0,0,4.81,2.72,1e-06,1e-06,COL,COL,0.7,0.2,0.364,0.336
BOS201705130,2017-05-13,BOS,TBA,0,0,2.9,4.04,1e-06,1e-06,BOS,BOS,0.9,0.3,0.341,0.312
ARI201705130,2017-05-13,ARI,PIT,0,0,3.49,4.07,1e-06,1e-06,ARI,ARI,0.2,0.5,0.35,0.311
CLE201705130,2017-05-13,CLE,MIN,0,0,3.11,3.89,1e-06,1e-06,CLE,CLE,1.1,0.7,0.34,0.322
TOR201705130,2017-05-13,TOR,SEA,0,0,2.56,3.2,1e-06,1e-06,TOR,TOR,0.5,0.8,0.314,0.317
ARI201705140,2017-05-14,ARI,PIT,2,1,4.44,3.38,1e-06,1e-06,ARI,ARI,0.1,0.2,0.35,0.311
MIL201705140,2017-05-14,MIL,NYN,1,1,5.48,2.84,1e-06,1e-06,MIL,MIL,1.4,0.7,0.318,0.33
COL201705140,2017-05-14,COL,LAN,3,2,4.68,5.4,1e-06,1e-06,COL,COL,0.7,0.1,0.364,0.336
WAS201705141,2017-05-14,WAS,PHI,1,0,7.27,4.65,1e-06,1e-06,WAS,WAS,0.8,0.8,0.352,0.307
NYA201705142,2017-05-14,NYA,HOU,0,6,4.74,3.62,1e-06,1e-06,NYA,NYA,0.8,0.3,0.343,0.343
NYA201705141,2017-05-14,NYA,HOU,1,0,2.35,2.98,1e-06,1e-06,NYA,NYA,0.8,0.9,0.343,0.343
KCA201705140,2017-05-14,KCA,BAL,0,0,5.45,1.99,1e-06,1e-06,KCA,KCA,0.1,0.0,0.315,0.3
CLE201705140,2017-05-14,CLE,MIN,1,0,4.19,5.63,1e-06,1e-06,CLE,CLE,1.1,0.6,0.34,0.322
WAS201705142,2017-05-14,WAS,PHI,0,0,5.08,1.59,1e-06,1e-06,WAS,WAS,0.9,0.8,0.352,0.307
MIA201705140,2017-05-14,MIA,ATL,0,0,3.0,4.26,1e-06,1e-06,MIA,MIA,0.5,0.6,0.332,0.327
SFN201705140,2017-05-14,SFN,CIN,4,0,4.42,5.52,1e-06,1e-06,SFN,SFN,0.5,0.1,0.308,0.323
TEX201705140,2017-05-14,TEX,OAK,2,0,2.76,1.83,1e-06,1e-06,TEX,TEX,0.3,0.6,0.347,0.312
BOS201705140,2017-05-14,BOS,TBA,1,1,3.32,4.5,1e-06,1e-06,BOS,BOS,0.9,0.1,0.341,0.312
SLN201705140,2017-05-14,SLN,CHN,0,0,5.11,3.53,1e-06,1e-06,SLN,SLN,0.5,0.1,0.339,0.324
CHA201705140,2017-05-14,CHA,SDN,1,0,5.9,2.89,1e-06,1e-06,CHA,CHA,0.5,0.5,0.315,0.293
ANA201705140,2017-05-14,ANA,DET,1,1,3.74,3.36,1e-06,1e-06,ANA,ANA,0.3,0.4,0.318,0.306
TOR201705140,2017-05-14,TOR,SEA,0,0,3.59,3.27,1e-06,1e-06,TOR,TOR,0.5,0.6,0.314,0.317
TOR201705150,2017-05-15,TOR,ATL,0,2,6.31,6.48,1e-06,1988.7442573540511,TOR,MIA,0.5,0.6,0.314,0.327
MIA201705150,2017-05-15,MIA,HOU,0,0,5.69,4.77,1e-06,1756.5620451799746,MIA,NYA,0.5,0.9,0.332,0.343
ANA201705150,2017-05-15,ANA,CHA,0,0,5.35,5.93,1e-06,2786.2559450879285,ANA,CHA,0.4,0.4,0.318,0.312
CLE201705150,2017-05-15,CLE,TBA,5,1,4.71,4.07,1e-06,884.5468110577992,CLE,BOS,0.9,0.1,0.34,0.312
ARI201705150,2017-05-15,ARI,NYN,0,0,4.21,4.92,1e-06,2349.997873269975,ARI,MIL,0.2,0.7,0.35,0.33
SFN201705150,2017-05-15,SFN,LAN,0,0,5.43,3.98,1e-06,1524.5101947303656,SFN,COL,0.9,0.3,0.308,0.336
SDN201705150,2017-05-15,SDN,MIL,0,0,4.21,4.66,2787.070270174863,2790.8560532571964,CHA,MIL,0.3,0.7,0.306,0.326
SEA201705150,2017-05-15,SEA,OAK,2,0,5.72,4.37,3325.1452076248356,2688.6235870338205,TOR,TEX,0.8,0.4,0.334,0.312
SLN201705160,2017-05-16,SLN,BOS,0,1,3.43,4.19,1e-06,1666.9051134731696,SLN,BOS,0.4,0.9,0.339,0.318
TEX201705160,2017-05-16,TEX,PHI,1,0,3.86,4.71,1e-06,1924.2853661298936,TEX,WAS,0.5,0.8,0.347,0.307
MIN201705160,2017-05-16,MIN,COL,0,0,5.87,4.1,1013.2251113855248,1123.7187605762444,CLE,COL,0.5,1.1,0.347,0.313
CHN201705160,2017-05-16,CHN,CIN,3,1,4.59,7.35,422.4920912040455,2984.5094702126535,SLN,SFN,0.4,0.1,0.342,0.323
SEA201705160,2017-05-16,SEA,OAK,1,0,2.01,1.83,1e-06,1e-06,SEA,SEA,0.9,0.4,0.334,0.312
ARI201705160,2017-05-16,ARI,NYN,0,0,3.2,,1e-06,1e-06,ARI,ARI,0.2,0.7,0.35,0.33
SDN201705160,2017-05-16,SDN,MIL,0,5,4.79,3.49,1e-06,1e-06,SDN,SDN,0.2,0.7,0.306,0.326
TOR201705160,2017-05-16,TOR,ATL,0,2,3.55,,1e-06,1e-06,TOR,TOR,0.5,0.3,0.314,0.327
CLE201705160,2017-05-16,CLE,TBA,0,0,4.28,4.14,1e-06,1e-06,CLE,CLE,1.4,0.2,0.34,0.312
DET201705160,2017-05-16,DET,BAL,1,0,7.82,1.99,3167.1614902696224,1034.95696626315,ANA,KCA,0.8,0.0,0.341,0.3
ANA201705160,2017-05-16,ANA,CHA,0,0,2.76,1.84,1e-06,1e-06,ANA,ANA,0.4,0.4,0.318,0.312
SFN201705160,2017-05-16,SFN,LAN,0,0,4.78,2.93,1e-06,1e-06,SFN,SFN,0.9,0.3,0.308,0.336
PIT201705160,2017-05-16,PIT,WAS,1,1,4.35,2.52,2938.6428184476895,305.44483751928374,ARI,WAS,0.7,0.8,0.325,0.311
KCA201705160,2017-05-16,KCA,NYA,0,0,5.29,3.69,1e-06,1759.8286951805926,KCA,NYA,0.1,1.0,0.315,0.327
MIA201705160,2017-05-16,MIA,HOU,2,3,6.69,2.9,1e-06,1e-06,MIA,MIA,0.5,0.9,0.332,0.343
KCA201705170,2017-05-17,KCA,NYA,0,1,4.16,4.39,1e-06,1e-06,KCA,KCA,0.1,1.0,0.315,0.327
MIA201705170,2017-05-17,MIA,HOU,0,1,3.82,4.25,1e-06,1e-06,MIA,MIA,0.7,1.2,0.332,0.343
ARI201705170,2017-05-17,ARI,NYN,1,2,4.44,5.52,1e-06,1e-06,ARI,ARI,0.2,0.7,0.35,0.33
CLE201705170,2017-05-17,CLE,TBA,0,0,4.98,3.66,1e-06,1e-06,CLE,CLE,1.4,0.2,0.34,0.312
SFN201705170,2017-05-17,SFN,LAN,0,2,4.52,2.31,1e-06,1e-06,SFN,SFN,0.9,0.3,0.308,0.336
SLN201705170,2017-05-17,SLN,BOS,1,0,2.55,3.3,1e-06,1e-06,SLN,SLN,0.4,1.0,0.339,0.318
CHN201705170,2017-05-17,CHN,CIN,0,1,3.03,4.77,1e-06,1e-06,CHN,CHN,0.6,0.2,0.342,0.323
PIT201705170,2017-05-17,PIT,WAS,0,0,4.26,5.08,1e-06,1e-06,PIT,PIT,0.8,0.5,0.325,0.311
TEX201705170,2017-05-17,TEX,PHI,1,0,3.4,6.16,1e-06,1e-06,TEX,TEX,0.6,0.8,0.347,0.307
SEA201705170,2017-05-17,SEA,OAK,1,0,5.0,5.3,1e-06,1e-06,SEA,SEA,0.7,0.1,0.334,0.312
DET201705170,2017-05-17,DET,BAL,0,0,3.83,6.81,1e-06,1e-06,DET,DET,0.8,0.0,0.341,0.3
ATL201705170,2017-05-17,ATL,TOR,6,0,4.79,5.34,1183.2911929642491,1183.2911929642491,TOR,TOR,0.5,0.5,0.325,0.311
SDN201705170,2017-05-17,SDN,MIL,0,1,6.52,4.0,1e-06,1e-06,SDN,SDN,0.2,1.0,0.306,0.326
ANA201705170,2017-05-17,ANA,CHA,0,2,4.52,4.62,1e-06,1e-06,ANA,ANA,0.4,0.3,0.318,0.312
CHN201705180,2017-05-18,CHN,CIN,5,0,4.33,7.39,1e-06,1e-06,CHN,CHN,0.6,0.3,0.342,0.323
SEA201705180,2017-05-18,SEA,CHA,0,0,3.2,3.45,1e-06,1575.276973597757,SEA,ANA,0.8,0.4,0.334,0.312
SDN201705180,2017-05-18,SDN,MIL,0,0,7.86,3.9,1e-06,1e-06,SDN,SDN,0.1,0.8,0.306,0.326
MIN201705181,2017-05-18,MIN,COL,0,1,3.28,4.39,1e-06,1e-06,MIN,MIN,0.5,1.1,0.347,0.313
OAK201705180,2017-05-18,OAK,BOS,3,2,3.55,2.92,1089.6592015072615,2789.217487399641,SEA,SLN,0.5,1.0,0.327,0.318
TEX201705180,2017-05-18,TEX,PHI,0,0,4.82,6.33,1e-06,1e-06,TEX,TEX,0.7,0.8,0.347,0.307
MIN201705182,2017-05-18,MIN,COL,1,0,3.89,4.69,1e-06,1e-06,MIN,MIN,0.5,0.9,0.347,0.313
KCA201705180,2017-05-18,KCA,NYA,0,0,3.81,3.88,1e-06,1e-06,KCA,KCA,0.1,1.1,0.315,0.327
PIT201705180,2017-05-18,PIT,WAS,2,0,7.69,4.67,1e-06,1e-06,PIT,PIT,0.6,0.5,0.325,0.311
ATL201705180,2017-05-18,ATL,TOR,0,3,4.49,3.09,1e-06,1e-06,ATL,ATL,1.1,0.5,0.325,0.311
LAN201705180,2017-05-18,LAN,MIA,1,0,3.77,4.19,559.4406195325591,3756.8524313396424,SFN,MIA,1.3,0.4,0.334,0.33
DET201705180,2017-05-18,DET,BAL,0,2,6.08,4.24,1e-06,1e-06,DET,DET,0.7,0.0,0.341,0.3
SLN201705190,2017-05-19,SLN,SFN,0,0,,6.43,1e-06,2802.2400845274956,SLN,SFN,0.2,0.4,0.339,0.309
CIN201705190,2017-05-19,CIN,COL,0,2,8.1,4.81,406.2527329885922,973.9884963018676,CHN,MIN,1.5,0.7,0.335,0.313
CHN201705190,2017-05-19,CHN,MIL,0,2,3.38,7.85,1e-06,2787.070270174863,CHN,SDN,1.1,0.6,0.342,0.326
PIT201705190,2017-05-19,PIT,PHI,2,0,4.07,5.43,1e-06,1741.1290055955549,PIT,TEX,0.7,0.7,0.325,0.307
DET201705190,2017-05-19,DET,TEX,0,0,5.31,5.66,1e-06,1624.6230769135182,DET,TEX,0.7,1.2,0.341,0.293
LAN201705190,2017-05-19,LAN,MIA,1,0,2.72,5.06,1e-06,1e-06,LAN,LAN,1.4,0.4,0.334,0.33
ATL201705190,2017-05-19,ATL,WAS,0,0,2.83,3.56,1e-06,840.3908477621023,ATL,PIT,1.1,0.3,0.325,0.311
SDN201705190,2017-05-19,SDN,ARI,0,8,7.44,3.49,1e-06,481.0116378281714,SDN,ARI,0.1,0.4,0.306,0.309
SEA201705190,2017-05-19,SEA,CHA,0,0,2.66,1.84,1e-06,1e-06,SEA,SEA,0.7,0.4,0.334,0.312
BAL201705190,2017-05-19,BAL,TOR,0,0,2.75,6.3,638.3359432178316,927.9028501726538,DET,ATL,1.0,0.8,0.323,0.311
TBA201705190,2017-05-19,TBA,NYA,1,1,4.2,4.77,1529.408250521614,1680.826511683993,CLE,KCA,1.0,1.1,0.322,0.327
NYN201705190,2017-05-19,NYN,ANA,1,0,3.53,4.92,3443.682019431773,3915.807145653056,ARI,ANA,1.3,0.5,0.31,0.312
OAK201705190,2017-05-19,OAK,BOS,0,0,5.14,3.63,1e-06,1e-06,OAK,OAK,0.8,1.2,0.327,0.318
HOU201705190,2017-05-19,HOU,CLE,1,0,3.62,4.19,1555.6920636215998,1793.7234420980124,MIA,CLE,1.2,0.3,0.342,0.333
MIN201705190,2017-05-19,MIN,KCA,0,0,3.03,2.5,1e-06,662.9211681328137,MIN,KCA,0.6,0.2,0.347,0.308
NYN201705200,2017-05-20,NYN,ANA,1,0,5.21,3.74,1e-06,1e-06,NYN,NYN,1.4,0.5,0.31,0.312
HOU201705200,2017-05-20,HOU,CLE,0,0,5.22,3.11,1e-06,1e-06,HOU,HOU,1.2,0.3,0.342,0.333
SDN201705200,2017-05-20,SDN,ARI,0,5,4.67,2.89,1e-06,1e-06,SDN,SDN,0.0,1.2,0.306,0.309
OAK201705200,2017-05-20,OAK,BOS,0,0,4.37,5.19,1e-06,1e-06,OAK,OAK,0.8,0.8,0.327,0.318
DET201705200,2017-05-20,DET,TEX,3,0,3.36,5.94,1e-06,1e-06,DET,DET,0.7,1.2,0.341,0.293
ATL201705200,2017-05-20,ATL,WAS,0,0,5.33,2.51,1e-06,1e-06,ATL,ATL,0.9,0.3,0.325,0.311
SLN201705200,2017-05-20,SLN,SFN,0,0,4.81,2.64,1e-06,1e-06,SLN,SLN,0.2,0.4,0.339,0.309
CIN201705200,2017-05-20,CIN,COL,0,1,6.5,4.47,1e-06,1e-06,CIN,CIN,1.4,0.8,0.335,0.313
SEA201705200,2017-05-20,SEA,CHA,0,4,5.72,5.93,1e-06,1e-06,SEA,SEA,0.7,0.4,0.334,0.312
TBA201705200,2017-05-20,TBA,NYA,1,0,4.5,4.74,1e-06,1e-06,TBA,TBA,0.7,1.2,0.322,0.327
PIT201705200,2017-05-20,PIT,PHI,0,1,4.14,,1e-06,1e-06,PIT,PIT,0.8,0.3,0.325,0.307
LAN201705200,2017-05-20,LAN,MIA,0,1,5.4,4.26,1e-06,1e-06,LAN,LAN,1.5,0.4,0.334,0.33
BAL201705200,2017-05-20,BAL,TOR,1,1,2.75,3.55,1e-06,1e-06,BAL,BAL,1.0,0.8,0.323,0.311
MIN201705211,2017-05-21,MIN,KCA,0,0,5.87,2.55,1e-06,1e-06,MIN,MIN,0.5,0.1,0.347,0.308
CIN201705210,2017-05-21,CIN,COL,1,0,7.35,4.1,1e-06,1e-06,CIN,CIN,1.4,0.8,0.335,0.313
DET201705210,2017-05-21,DET,TEX,1,1,5.27,3.86,1e-06,1e-06,DET,DET,0.8,1.2,0.341,0.293
SEA201705210,2017-05-21,SEA,CHA,0,5,16.5,6.2,1e-06,1e-06,SEA,SEA,0.6,0.8,0.334,0.312
BAL201705210,2017-05-21,BAL,TOR,0,4,5.61,4.98,1e-06,1e-06,BAL,BAL,1.1,0.9,0.323,0.311
OAK201705210,2017-05-21,OAK,BOS,0,2,4.27,4.19,1e-06,1e-06,OAK,OAK,0.5,0.8,0.327,0.318
CHN201705210,2017-05-21,CHN,MIL,3,0,3.53,2.74,1e-06,1e-06,CHN,CHN,1.1,0.8,0.342,0.326
HOU201705210,2017-05-21,HOU,CLE,0,0,4.77,4.28,1e-06,1e-06,HOU,HOU,0.9,0.3,0.342,0.333
LAN201705210,2017-05-21,LAN,MIA,2,0,3.98,6.91,1e-06,1e-06,LAN,LAN,1.4,0.5,0.334,0.33
NYN201705210,2017-05-21,NYN,ANA,0,5,,5.35,1e-06,1e-06,NYN,NYN,1.4,0.4,0.31,0.312
ATL201705210,2017-05-21,ATL,WAS,0,0,4.41,2.52,1e-06,1e-06,ATL,ATL,0.9,0.3,0.325,0.311
PIT201705210,2017-05-21,PIT,PHI,0,0,4.5,3.54,1e-06,1e-06,PIT,PIT,0.7,0.3,0.325,0.307
TBA201705210,2017-05-21,TBA,NYA,1,0,4.07,3.69,1e-06,1e-06,TBA,TBA,0.8,1.2,0.322,0.327
SDN201705210,2017-05-21,SDN,ARI,0,0,4.79,3.37,1e-06,1e-06,SDN,SDN,0.0,1.7,0.306,0.309
SLN201705210,2017-05-21,SLN,SFN,0,0,5.11,5.43,1e-06,1e-06,SLN,SLN,0.1,0.2,0.339,0.309
MIN201705212,2017-05-21,MIN,KCA,4,2,4.5,5.38,1e-06,1e-06,MIN,MIN,0.5,0.1,0.347,0.308
CHN201705220,2017-05-22,CHN,SFN,0,1,4.59,4.78,1e-06,422.4920912040455,CHN,SLN,1.3,0.2,0.342,0.309
ARI201705220,2017-05-22,ARI,CHA,0,0,3.2,4.62,481.0116378281714,1793.290239503433,SDN,SEA,0.3,1.1,0.35,0.312
HOU201705220,2017-05-22,HOU,DET,1,0,2.68,3.83,1e-06,1780.0976623230767,HOU,DET,0.9,0.5,0.342,0.306
NYA201705220,2017-05-22,NYA,KCA,0,0,4.39,4.16,1638.0556824552712,1636.0526645605564,TBA,MIN,0.7,0.3,0.343,0.308
TBA201705220,2017-05-22,TBA,ANA,2,1,5.7,4.15,1e-06,1638.0556824552712,TBA,NYN,0.9,0.9,0.322,0.312
ATL201705220,2017-05-22,ATL,PIT,0,0,4.79,4.26,1e-06,840.3908477621023,ATL,PIT,0.8,0.2,0.325,0.311
PHI201705220,2017-05-22,PHI,COL,0,0,4.71,5.89,412.2899901216241,807.0437326700402,PIT,CIN,0.5,0.8,0.322,0.313
BAL201705220,2017-05-22,BAL,MIN,0,0,7.04,5.07,1e-06,1508.338155320694,BAL,MIN,1.1,0.6,0.323,0.322
CIN201705220,2017-05-22,CIN,CLE,1,0,4.77,4.98,1e-06,1437.2452542414687,CIN,HOU,1.2,0.2,0.335,0.333
CHN201705230,2017-05-23,CHN,SFN,1,0,4.33,4.52,1e-06,1e-06,CHN,CHN,1.3,0.3,0.342,0.309
TBA201705230,2017-05-23,TBA,ANA,0,2,3.66,4.52,1e-06,1e-06,TBA,TBA,1.1,1.0,0.322,0.312
OAK201705230,2017-05-23,OAK,MIA,0,1,5.3,3.82,1e-06,552.4676717810693,OAK,LAN,0.5,0.4,0.327,0.33
NYN201705230,2017-05-23,NYN,SDN,7,0,6.7,3.89,1e-06,3907.304911865239,NYN,SDN,1.4,0.5,0.31,0.293
WAS201705230,2017-05-23,WAS,SEA,0,0,5.01,5.0,874.0887985860761,3737.7812997837673,ATL,SEA,0.8,0.6,0.352,0.317
NYA201705230,2017-05-23,NYA,KCA,0,0,2.35,3.81,1e-06,1e-06,NYA,NYA,0.7,0.3,0.343,0.308
MIL201705230,2017-05-23,MIL,TOR,0,0,3.49,3.55,132.54357794550742,1035.68831801876,CHN,BAL,1.5,1.3,0.318,0.311
BOS201705230,2017-05-23,BOS,TEX,0,0,4.65,3.4,4320.465179781682,984.732039314543,OAK,DET,1.0,1.2,0.341,0.293
CIN201705230,2017-05-23,CIN,CLE,1,1,4.45,1.44,1e-06,1e-06,CIN,CIN,1.0,0.2,0.335,0.333
LAN201705230,2017-05-23,LAN,SLN,1,0,2.84,6.89,1e-06,2553.1974748902726,LAN,SLN,1.5,0.3,0.334,0.329
PHI201705230,2017-05-23,PHI,COL,0,0,6.16,4.39,1e-06,1e-06,PHI,PHI,0.5,0.8,0.322,0.313
HOU201705230,2017-05-23,HOU,DET,0,0,4.25,6.08,1e-06,1e-06,HOU,HOU,0.9,0.5,0.342,0.306
BAL201705230,2017-05-23,BAL,MIN,0,0,4.24,3.28,1e-06,1e-06,BAL,BAL,1.1,0.6,0.323,0.322
ARI201705230,2017-05-23,ARI,CHA,3,0,4.03,7.71,1e-06,1e-06,ARI,ARI,0.3,1.1,0.35,0.312
ATL201705230,2017-05-23,ATL,PIT,0,1,4.62,3.38,1e-06,1e-06,ATL,ATL,0.6,0.2,0.325,0.311
PHI201705240,2017-05-24,PHI,COL,0,0,5.43,4.69,1e-06,1e-06,PHI,PHI,0.5,0.8,0.322,0.313
HOU201705240,2017-05-24,HOU,DET,0,0,2.68,2.66,1e-06,1e-06,HOU,HOU,0.8,0.5,0.342,0.306
ARI201705240,2017-05-24,ARI,CHA,0,0,3.51,4.15,1e-06,1e-06,ARI,ARI,0.6,1.1,0.35,0.312
NYN201705240,2017-05-24,NYN,SDN,0,0,5.11,2.89,1e-06,1e-06,NYN,NYN,2.1,0.5,0.31,0.293
BAL201705240,2017-05-24,BAL,MIN,0,3,7.84,3.89,1e-06,1e-06,BAL,BAL,1.1,0.6,0.323,0.322
CHN201705240,2017-05-24,CHN,SFN,0,0,3.03,5.52,1e-06,1e-06,CHN,CHN,1.3,0.3,0.342,0.309
CLE201705240,2017-05-24,CLE,CIN,0,0,2.94,4.45,358.1075548344512,358.1075548344512,CIN,CIN,1.1,0.3,0.34,0.323
OAK201705240,2017-05-24,OAK,MIA,2,0,3.55,4.19,1e-06,1e-06,OAK,OAK,0.5,0.5,0.327,0.33
TBA201705240,2017-05-24,TBA,ANA,0,2,4.39,4.92,1e-06,1e-06,TBA,TBA,1.1,1.2,0.322,0.312
WAS201705240,2017-05-24,WAS,SEA,5,1,4.67,4.36,1e-06,1e-06,WAS,WAS,0.8,0.6,0.352,0.317
NYA201705240,2017-05-24,NYA,KCA,0,0,2.98,5.29,1e-06,1e-06,NYA,NYA,0.6,0.2,0.343,0.308
LAN201705240,2017-05-24,LAN,SLN,0,0,3.32,3.92,1e-06,1e-06,LAN,LAN,1.5,0.3,0.334,0.329
BOS201705240,2017-05-24,BOS,TEX,0,0,2.9,6.09,1e-06,1e-06,BOS,BOS,0.5,1.2,0.341,0.293
ATL201705240,2017-05-24,ATL,PIT,0,0,9.0,,1e-06,1e-06,ATL,ATL,0.6,0.3,0.325,0.311
MIL201705240,2017-05-24,MIL,TOR,0,0,4.94,3.09,1e-06,1e-06,MIL,MIL,1.0,1.3,0.318,0.311
ATL201705250,2017-05-25,ATL,PIT,0,0,6.48,4.14,1e-06,1e-06,ATL,ATL,0.6,0.3,0.325,0.311
LAN201705250,2017-05-25,LAN,SLN,0,3,4.22,4.13,1e-06,1e-06,LAN,LAN,1.5,0.3,0.334,0.329
BOS201705250,2017-05-25,BOS,TEX,2,0,3.32,5.66,1e-06,1e-06,BOS,BOS,0.5,0.8,0.341,0.293
WAS201705250,2017-05-25,WAS,SEA,0,0,5.08,5.12,1e-06,1e-06,WAS,WAS,1.2,0.7,0.352,0.317
HOU201705250,2017-05-25,HOU,DET,0,0,4.57,4.5,1e-06,1e-06,HOU,HOU,0.8,0.5,0.342,0.306
MIL201705250,2017-05-25,MIL,ARI,0,1,3.9,2.89,1e-06,2349.997873269975,MIL,ARI,1.0,1.7,0.318,0.309
TBA201705250,2017-05-25,TBA,ANA,2,0,4.5,4.58,1e-06,1e-06,TBA,TBA,1.1,1.4,0.322,0.312
PHI201705250,2017-05-25,PHI,COL,0,0,7.25,4.94,1e-06,1e-06,PHI,PHI,0.5,0.4,0.322,0.313
NYN201705250,2017-05-25,NYN,SDN,0,2,5.52,4.57,1e-06,1e-06,NYN,NYN,2.0,0.4,0.31,0.293
CHN201705250,2017-05-25,CHN,SFN,1,1,3.95,4.42,1e-06,1e-06,CHN,CHN,1.2,0.3,0.342,0.309
PIT201705260,2017-05-26,PIT,NYN,0,0,4.35,3.53,840.3908477621023,505.04779123783345,ATL,NYN,0.7,0.9,0.325,0.33
TOR201705260,2017-05-26,TOR,TEX,0,0,3.75,5.94,695.7214064772647,691.6136251477402,MIL,BOS,0.4,0.7,0.314,0.293
LAN201705260,2017-05-26,LAN,CHN,0,0,2.72,3.53,1e-06,2804.824680217871,LAN,CHN,1.5,0.1,0.334,0.324
MIN201705260,2017-05-26,MIN,TBA,0,0,5.63,4.07,1508.338155320694,2137.431531245163,BAL,TBA,0.7,0.2,0.347,0.312
CHA201705260,2017-05-26,CHA,DET,0,0,5.93,5.27,2336.6124175783,1516.5648050119732,ARI,HOU,0.6,0.5,0.315,0.306
MIA201705260,2017-05-26,MIA,ANA,4,1,4.26,5.35,4154.555160966592,319.9354673545946,OAK,TBA,0.6,1.4,0.332,0.312
SFN201705260,2017-05-26,SFN,ATL,0,0,5.43,4.41,2984.5094702126535,3436.411305395792,CHN,ATL,0.9,0.5,0.308,0.327
COL201705260,2017-05-26,COL,SLN,0,0,4.68,3.64,2534.0409405234473,1336.5596902131042,PHI,LAN,0.9,0.6,0.364,0.329
CLE201705260,2017-05-26,CLE,KCA,0,0,3.52,2.55,1e-06,649.8727601989037,CLE,NYA,1.1,0.2,0.34,0.308
PHI201705260,2017-05-26,PHI,CIN,0,2,3.54,5.52,1e-06,576.425945012328,PHI,CLE,0.5,0.2,0.322,0.323
NYA201705260,2017-05-26,NYA,OAK,0,0,4.74,4.37,1e-06,4115.687447058069,NYA,OAK,0.5,0.1,0.343,0.312
WAS201705260,2017-05-26,WAS,SDN,1,0,2.51,4.67,1e-06,326.3648041771951,WAS,NYN,0.7,0.6,0.352,0.293
HOU201705260,2017-05-26,HOU,BAL,0,0,4.77,4.68,1e-06,2013.2384377541168,HOU,BAL,0.8,0.2,0.342,0.3
MIL201705260,2017-05-26,MIL,ARI,0,0,7.85,5.33,1e-06,1e-06,MIL,MIL,0.9,1.8,0.318,0.309
BOS201705260,2017-05-26,BOS,SEA,0,0,4.19,5.72,1e-06,632.55798631456,BOS,WAS,0.5,0.4,0.341,0.317
MIN201705270,2017-05-27,MIN,TBA,0,0,3.07,4.2,1e-06,1e-06,MIN,MIN,0.7,0.2,0.347,0.312
BOS201705270,2017-05-27,BOS,SEA,3,0,4.33,6.14,1e-06,1e-06,BOS,BOS,0.5,0.4,0.341,0.317
TOR201705270,2017-05-27,TOR,TEX,0,1,4.98,3.86,1e-06,1e-06,TOR,TOR,0.4,0.7,0.314,0.293
SFN201705270,2017-05-27,SFN,ATL,0,0,4.78,4.79,1e-06,1e-06,SFN,SFN,0.7,0.5,0.308,0.327
CHA201705271,2017-05-27,CHA,DET,0,0,0.0,3.83,1e-06,1e-06,CHA,CHA,0.6,0.4,0.315,0.306
MIA201705270,2017-05-27,MIA,ANA,1,1,6.91,4.15,1e-06,1e-06,MIA,MIA,1.0,1.3,0.332,0.312
PHI201705270,2017-05-27,PHI,CIN,1,2,3.01,4.45,1e-06,1e-06,PHI,PHI,0.4,0.4,0.322,0.323
MIL201705270,2017-05-27,MIL,ARI,0,0,2.74,3.2,1e-06,1e-06,MIL,MIL,0.9,1.7,0.318,0.309
LAN201705270,2017-05-27,LAN,CHN,0,0,3.98,4.59,1e-06,1e-06,LAN,LAN,0.8,0.1,0.334,0.324
WAS201705270,2017-05-27,WAS,SDN,0,0,2.52,4.79,1e-06,1e-06,WAS,WAS,0.7,0.6,0.352,0.293
COL201705270,2017-05-27,COL,SLN,0,0,4.1,5.11,1e-06,1e-06,COL,COL,0.9,0.6,0.364,0.329
PIT201705270,2017-05-27,PIT,NYN,0,1,3.38,5.32,1e-06,1e-06,PIT,PIT,0.5,0.8,0.325,0.33
CHA201705272,2017-05-27,CHA,DET,0,0,6.2,6.75,1e-06,1e-06,CHA,CHA,0.3,0.4,0.315,0.306
NYA201705270,2017-05-27,NYA,OAK,1,0,3.69,5.58,1e-06,1e-06,NYA,NYA,0.5,0.1,0.343,0.312
HOU201705270,2017-05-27,HOU,BAL,2,0,2.9,5.61,1e-06,1e-06,HOU,HOU,0.7,0.2,0.342,0.3
CLE201705270,2017-05-27,CLE,KCA,1,1,4.28,4.16,1e-06,1e-06,CLE,CLE,1.1,0.2,0.34,0.308
MIN201705280,2017-05-28,MIN,TBA,0,2,5.63,3.24,1e-06,1e-06,MIN,MIN,0.5,0.2,0.347,0.312
BOS201705280,2017-05-28,BOS,SEA,0,0,4.65,5.0,1e-06,1e-06,BOS,BOS,0.8,0.4,0.341,0.317
MIL201705280,2017-05-28,MIL,ARI,2,0,3.49,4.03,1e-06,1e-06,MIL,MIL,0.4,1.6,0.318,0.309
WAS201705280,2017-05-28,WAS,SDN,1,2,5.01,3.97,1e-06,1e-06,WAS,WAS,0.7,0.6,0.352,0.293
TOR201705280,2017-05-28,TOR,TEX,1,0,5.34,3.4,1e-06,1e-06,TOR,TOR,0.4,0.7,0.314,0.293
CLE201705280,2017-05-28,CLE,KCA,0,0,4.98,3.81,1e-06,1e-06,CLE,CLE,0.8,0.3,0.34,0.308
MIA201705280,2017-05-28,MIA,ANA,1,0,3.82,4.52,1e-06,1e-06,MIA,MIA,1.1,1.3,0.332,0.312
SFN201705280,2017-05-28,SFN,ATL,2,0,4.52,4.26,1e-06,1e-06,SFN,SFN,0.7,0.5,0.308,0.327
NYA201705280,2017-05-28,NYA,OAK,0,0,4.39,4.27,1e-06,1e-06,NYA,NYA,0.5,0.1,0.343,0.312
PHI201705280,2017-05-28,PHI,CIN,0,1,6.16,4.77,1e-06,1e-06,PHI,PHI,0.5,0.6,0.322,0.323
PIT201705280,2017-05-28,PIT,NYN,0,0,7.69,6.7,1e-06,1e-06,PIT,PIT,0.5,0.8,0.325,0.33
COL201705280,2017-05-28,COL,SLN,0,0,4.39,3.43,1e-06,1e-06,COL,COL,0.5,0.5,0.364,0.329
HOU201705280,2017-05-28,HOU,BAL,0,2,4.25,5.25,1e-06,1e-06,HOU,HOU,0.4,0.2,0.342,0.3
CHA201705280,2017-05-28,CHA,DET,0,0,4.62,6.08,1e-06,1e-06,CHA,CHA,0.3,0.1,0.315,0.306
LAN201705280,2017-05-28,LAN,CHN,0,0,2.84,4.33,1e-06,1e-06,LAN,LAN,0.8,0.0,0.334,0.324
CLE201705290,2017-05-29,CLE,OAK,0,0,3.29,3.14,1e-06,649.8727601989037,CLE,NYA,0.7,0.1,0.34,0.312
CHA201705290,2017-05-29,CHA,BOS,0,1,4.53,3.88,1e-06,1365.5064971534737,CHA,BOS,0.3,1.0,0.315,0.318
NYN201705290,2017-05-29,NYN,MIL,0,0,5.19,4.94,505.04779123783345,1181.7674036325852,PIT,MIL,1.5,0.8,0.31,0.326
PIT201705290,2017-05-29,PIT,ARI,0,1,3.38,1.73,1e-06,722.0054120555708,PIT,MIL,0.5,1.6,0.325,0.309
ANA201705290,2017-05-29,ANA,ATL,0,0,4.92,4.49,3722.1362347132,599.2380275896384,MIA,SFN,0.2,0.4,0.318,0.327
SDN201705290,2017-05-29,SDN,CHN,0,2,4.21,3.03,3654.8629358941057,179.52869961196944,WAS,LAN,0.0,0.0,0.306,0.324
SLN201705290,2017-05-29,SLN,LAN,0,0,3.92,3.32,1279.0227614650469,2553.1974748902726,COL,LAN,0.1,0.5,0.339,0.336
BAL201705290,2017-05-29,BAL,NYA,1,0,4.24,3.88,2013.2384377541168,272.81937803481173,HOU,NYA,1.0,1.2,0.323,0.327
MIA201705290,2017-05-29,MIA,PHI,0,0,4.19,5.43,1e-06,1644.1190984600378,MIA,PHI,1.2,0.1,0.332,0.307
TOR201705290,2017-05-29,TOR,CIN,0,1,3.09,8.1,1e-06,539.7375980826044,TOR,PHI,0.5,0.7,0.314,0.323
SFN201705290,2017-05-29,SFN,WAS,0,0,5.52,4.67,1e-06,3919.8438689376185,SFN,WAS,0.9,0.2,0.308,0.311
KCA201705290,2017-05-29,KCA,DET,0,0,3.7,7.82,1123.5230318083022,663.9206411727051,CLE,CHA,0.1,0.1,0.315,0.306
MIN201705290,2017-05-29,MIN,HOU,0,0,5.09,12.46,1e-06,1702.4056315736932,MIN,HOU,0.5,1.3,0.347,0.343
COL201705290,2017-05-29,COL,SEA,0,0,4.69,4.36,1e-06,2840.9292097018947,COL,BOS,0.5,0.3,0.364,0.317
TEX201705290,2017-05-29,TEX,TBA,3,1,5.49,10.13,1953.690097165916,1396.7696185124962,TOR,MIN,0.6,0.4,0.347,0.312
SFN201705300,2017-05-30,SFN,WAS,0,2,4.42,2.96,1e-06,1e-06,SFN,SFN,0.8,0.2,0.308,0.311
NYN201705300,2017-05-30,NYN,MIL,0,1,5.11,7.85,1e-06,1e-06,NYN,NYN,1.5,0.8,0.31,0.326
MIA201705300,2017-05-30,MIA,PHI,0,0,4.75,,1e-06,1e-06,MIA,MIA,0.8,0.1,0.332,0.307
COL201705300,2017-05-30,COL,SEA,0,0,4.81,5.12,1e-06,1e-06,COL,COL,0.5,0.1,0.364,0.317
CLE201705300,2017-05-30,CLE,OAK,0,0,4.19,3.55,1e-06,1e-06,CLE,CLE,0.7,0.0,0.34,0.312
PIT201705300,2017-05-30,PIT,ARI,0,0,4.14,2.89,1e-06,1e-06,PIT,PIT,0.5,1.5,0.325,0.309
SDN201705300,2017-05-30,SDN,CHN,0,0,4.57,3.95,1e-06,1e-06,SDN,SDN,0.0,0.2,0.306,0.324
TOR201705300,2017-05-30,TOR,CIN,0,2,3.33,5.45,1e-06,1e-06,TOR,TOR,0.2,0.8,0.314,0.323
BAL201705300,2017-05-30,BAL,NYA,0,2,7.84,2.98,1e-06,1e-06,BAL,BAL,0.8,0.7,0.323,0.327
CHA201705300,2017-05-30,CHA,BOS,0,0,4.15,2.9,1e-06,1e-06,CHA,CHA,0.1,0.8,0.315,0.318
TEX201705300,2017-05-30,TEX,TBA,2,0,2.79,4.08,1e-06,1e-06,TEX,TEX,0.9,0.5,0.347,0.312
MIN201705300,2017-05-30,MIN,HOU,2,0,3.89,5.22,1e-06,1e-06,MIN,MIN,0.5,1.3,0.347,0.343
SLN201705300,2017-05-30,SLN,LAN,3,0,4.13,2.06,1e-06,1e-06,SLN,SLN,0.1,0.4,0.339,0.336
KCA201705300,2017-05-30,KCA,DET,0,0,9.5,3.36,1e-06,1e-06,KCA,KCA,0.1,0.1,0.315,0.306
ANA201705300,2017-05-30,ANA,ATL,0,0,3.64,6.48,1e-06,1e-06,ANA,ANA,0.2,0.4,0.318,0.327
BAL201705310,2017-05-31,BAL,NYA,0,0,4.68,4.74,1e-06,1e-06,BAL,BAL,0.6,0.8,0.323,0.327
MIA201705310,2017-05-31,MIA,PHI,3,0,4.26,3.54,1e-06,1e-06,MIA,MIA,0.8,0.1,0.332,0.307
KCA201705310,2017-05-31,KCA,DET,3,0,5.38,4.88,1e-06,1e-06,KCA,KCA,0.1,0.0,0.315,0.306
TEX201705310,2017-05-31,TEX,TBA,1,0,6.09,5.31,1e-06,1e-06,TEX,TEX,1.0,0.5,0.347,0.312
SFN201705310,2017-05-31,SFN,WAS,0,3,5.43,2.51,1e-06,1e-06,SFN,SFN,0.7,0.3,0.308,0.311
TOR201705310,2017-05-31,TOR,CIN,1,2,6.3,3.76,1e-06,1e-06,TOR,TOR,0.1,1.0,0.314,0.323
CLE201705310,2017-05-31,CLE,OAK,0,0,3.11,4.37,1e-06,1e-06,CLE,CLE,0.7,0.0,0.34,0.312
NYN201705310,2017-05-31,NYN,MIL,0,2,3.53,5.12,1e-06,1e-06,NYN,NYN,1.4,0.9,0.31,0.326
SLN201705310,2017-05-31,SLN,LAN,0,0,3.64,3.75,1e-06,1e-06,SLN,SLN,0.4,0.4,0.339,0.336
PIT201705310,2017-05-31,PIT,ARI,0,0,3.7,5.33,1e-06,1e-06,PIT,PIT,0.4,1.5,0.325,0.309
SEA201705310,2017-05-31,SEA,COL,0,0,2.98,4.68,1640.846947858291,1640.846947858291,COL,COL,0.5,0.4,0.334,0.313
SDN201705310,2017-05-31,SDN,CHN,0,0,2.16,3.98,1e-06,1e-06,SDN,SDN,0.0,0.2,0.306,0.324
ANA201705310,2017-05-31,ANA,ATL,0,0,2.54,2.83,1e-06,1e-06,ANA,ANA,0.2,0.4,0.318,0.327
CHA201705310,2017-05-31,CHA,BOS,0,0,2.33,3.32,1e-06,1e-06,CHA,CHA,0.1,0.7,0.315,0.318
MIN201705310,2017-05-31,MIN,HOU,0,2,5.63,5.63,1e-06,1e-06,MIN,MIN,0.7,1.2,0.347,0.343
SEA201706010,2017-06-01,SEA,COL,0,0,5.72,4.1,1e-06,1e-06,SEA,SEA,0.5,0.4,0.334,0.313
MIA201706010,2017-06-01,MIA,ARI,0,0,3.0,3.2,1e-06,1630.230113794326,MIA,PIT,1.1,1.5,0.332,0.309
NYN201706010,2017-06-01,NYN,MIL,0,0,5.21,2.74,1e-06,1e-06,NYN,NYN,1.0,1.1,0.31,0.326
SLN201706010,2017-06-01,SLN,LAN,0,0,5.11,3.98,1e-06,1e-06,SLN,SLN,0.4,0.4,0.339,0.336
BAL201706010,2017-06-01,BAL,BOS,2,0,5.61,4.19,1e-06,972.7856247406662,BAL,CHA,0.2,0.7,0.323,0.318
CLE201706010,2017-06-01,CLE,OAK,0,0,2.25,5.58,1e-06,1e-06,CLE,CLE,0.6,0.0,0.34,0.312
TOR201706010,2017-06-01,TOR,NYA,0,4,4.98,3.69,1e-06,537.0332419152472,TOR,BAL,0.2,0.5,0.314,0.327
ANA201706010,2017-06-01,ANA,MIN,0,0,3.88,3.07,1e-06,2437.087352189671,ANA,MIN,0.1,0.9,0.318,0.322
NYN201706020,2017-06-02,NYN,PIT,0,1,4.55,4.26,1e-06,505.04779123783345,NYN,PIT,0.9,0.3,0.31,0.311
CHN201706020,2017-06-02,CHN,SLN,0,1,2.83,3.4,2787.070270174863,422.4920912040455,SDN,SLN,1.3,0.4,0.342,0.329
TEX201706020,2017-06-02,TEX,HOU,0,0,3.86,2.9,1e-06,1396.7696185124962,TEX,MIN,1.0,1.4,0.347,0.343
ANA201706020,2017-06-02,ANA,MIN,0,2,4.15,5.07,1e-06,1e-06,ANA,ANA,0.1,0.9,0.318,0.322
SEA201706020,2017-06-02,SEA,TBA,6,0,5.0,4.14,1e-06,2688.6235870338205,SEA,TEX,0.4,0.5,0.334,0.312
OAK201706020,2017-06-02,OAK,WAS,0,0,4.27,2.52,3466.040146226439,13.027453191410114,CLE,SFN,0.7,0.6,0.327,0.311
KCA201706020,2017-06-02,KCA,CLE,0,0,4.16,4.98,1e-06,1123.5230318083022,KCA,CLE,0.4,0.3,0.315,0.333
PHI201706020,2017-06-02,PHI,SFN,0,2,4.71,4.78,1644.1190984600378,4049.99076989334,MIA,SFN,0.5,0.4,0.322,0.309
MIL201706020,2017-06-02,MIL,LAN,0,0,5.48,1.32,1181.7674036325852,526.8349145670746,NYN,SLN,0.4,0.4,0.318,0.336
TOR201706020,2017-06-02,TOR,NYA,3,0,5.66,4.39,1e-06,1e-06,TOR,TOR,0.2,0.8,0.314,0.327
SDN201706020,2017-06-02,SDN,COL,0,0,4.79,4.39,1e-06,1711.8059777853623,SDN,SEA,0.0,0.3,0.306,0.313
DET201706020,2017-06-02,DET,CHA,2,0,3.83,6.2,1034.95696626315,380.91207013286544,KCA,CHA,0.8,1.1,0.341,0.312
CIN201706020,2017-06-02,CIN,ATL,0,0,2.49,,662.6904179930643,3023.82450563501,TOR,ANA,1.1,0.4,0.335,0.327
BAL201706020,2017-06-02,BAL,BOS,2,0,5.25,4.65,1e-06,1e-06,BAL,BAL,0.4,0.6,0.323,0.318
MIA201706020,2017-06-02,MIA,ARI,4,0,4.75,4.03,1e-06,1e-06,MIA,MIA,1.1,0.7,0.332,0.309
OAK201706030,2017-06-03,OAK,WAS,4,0,4.22,5.01,1e-06,1e-06,OAK,OAK,0.7,0.6,0.327,0.311
TOR201706030,2017-06-03,TOR,NYA,0,0,5.34,3.88,1e-06,1e-06,TOR,TOR,0.5,0.8,0.314,0.327
NYN201706030,2017-06-03,NYN,PIT,2,0,5.19,7.69,1e-06,1e-06,NYN,NYN,0.8,0.4,0.31,0.311
SDN201706030,2017-06-03,SDN,COL,0,0,3.89,4.69,1e-06,1e-06,SDN,SDN,0.0,0.3,0.306,0.313
MIL201706030,2017-06-03,MIL,LAN,2,1,4.21,2.06,1e-06,1e-06,MIL,MIL,0.4,0.4,0.318,0.336
TEX201706030,2017-06-03,TEX,HOU,1,0,3.4,2.68,1e-06,1e-06,TEX,TEX,1.0,1.2,0.347,0.343
DET201706030,2017-06-03,DET,CHA,0,0,6.08,4.62,1e-06,1e-06,DET,DET,1.0,1.1,0.341,0.312
ANA201706030,2017-06-03,ANA,MIN,0,1,4.52,3.28,1e-06,1e-06,ANA,ANA,0.1,1.1,0.318,0.322
BAL201706030,2017-06-03,BAL,BOS,0,0,4.24,3.38,1e-06,1e-06,BAL,BAL,0.6,0.5,0.323,0.318
CHN201706030,2017-06-03,CHN,SLN,0,2,4.24,3.92,1e-06,1e-06,CHN,CHN,1.3,0.4,0.342,0.329
PHI201706030,2017-06-03,PHI,SFN,0,0,4.26,4.52,1e-06,1e-06,PHI,PHI,0.5,0.4,0.322,0.309
SEA201706030,2017-06-03,SEA,TBA,0,1,4.36,3.66,1e-06,1e-06,SEA,SEA,1.0,0.4,0.334,0.312
CIN201706030,2017-06-03,CIN,ATL,0,0,5.45,5.56,1e-06,1e-06,CIN,CIN,0.8,0.4,0.335,0.327
KCA201706030,2017-06-03,KCA,CLE,0,0,5.29,3.29,1e-06,1e-06,KCA,KCA,0.4,0.3,0.315,0.333
MIA201706030,2017-06-03,MIA,ARI,0,0,4.19,3.59,1e-06,1e-06,MIA,MIA,1.5,0.2,0.332,0.309
DET201706040,2017-06-04,DET,CHA,0,1,3.41,1.84,1e-06,1e-06,DET,DET,0.8,1.1,0.341,0.312
NYN201706040,2017-06-04,NYN,PIT,0,2,5.32,4.07,1e-06,1e-06,NYN,NYN,0.9,0.4,0.31,0.311
TOR201706040,2017-06-04,TOR,NYA,0,0,3.33,4.77,1e-06,1e-06,TOR,TOR,0.5,0.7,0.314,0.327
SDN201706040,2017-06-04,SDN,COL,0,0,4.88,5.89,1e-06,1e-06,SDN,SDN,0.0,0.1,0.306,0.313
KCA201706040,2017-06-04,KCA,CLE,0,0,9.5,2.85,1e-06,1e-06,KCA,KCA,0.3,0.3,0.315,0.333
MIA201706040,2017-06-04,MIA,ARI,0,1,4.68,4.21,1e-06,1e-06,MIA,MIA,1.3,0.2,0.332,0.309
PHI201706040,2017-06-04,PHI,SFN,2,1,1.59,5.06,1e-06,1e-06,PHI,PHI,0.1,0.4,0.322,0.309
TEX201706040,2017-06-04,TEX,HOU,0,2,4.82,3.0,1e-06,1e-06,TEX,TEX,1.1,1.2,0.347,0.343
OAK201706040,2017-06-04,OAK,WAS,0,0,1.83,4.67,1e-06,1e-06,OAK,OAK,1.1,0.5,0.327,0.311
SEA201706040,2017-06-04,SEA,TBA,2,0,5.12,4.39,1e-06,1e-06,SEA,SEA,0.8,0.4,0.334,0.312
CHN201706040,2017-06-04,CHN,SLN,0,0,2.83,3.99,1e-06,1e-06,CHN,CHN,1.0,0.6,0.342,0.329
BAL201706040,2017-06-04,BAL,BOS,3,2,7.84,2.9,1e-06,1e-06,BAL,BAL,0.5,0.5,0.323,0.318
MIL201706040,2017-06-04,MIL,LAN,1,0,3.9,4.22,1e-06,1e-06,MIL,MIL,0.6,0.5,0.318,0.336
ANA201706040,2017-06-04,ANA,MIN,0,0,4.92,3.89,1e-06,1e-06,ANA,ANA,0.1,1.2,0.318,0.322
CIN201706040,2017-06-04,CIN,ATL,2,1,7.39,4.49,1e-06,1e-06,CIN,CIN,0.6,0.4,0.335,0.327
ATL201706050,2017-06-05,ATL,PHI,0,3,6.48,6.02,595.1171397463928,1071.2330338826837,CIN,PHI,0.6,0.1,0.325,0.307
LAN201706050,2017-06-05,LAN,WAS,0,0,3.77,2.96,2799.844413597458,552.4676717810693,MIL,OAK,0.5,0.5,0.334,0.311
CHN201706050,2017-06-05,CHN,MIA,2,0,3.95,4.26,1e-06,1915.1205670973725,CHN,MIA,1.0,0.5,0.342,0.33
OAK201706050,2017-06-05,OAK,TOR,0,1,4.37,3.53,1e-06,3630.644600855592,OAK,TOR,0.9,0.9,0.327,0.311
MIL201706050,2017-06-05,MIL,SFN,2,0,4.43,4.42,1e-06,1117.7982780855818,MIL,PHI,0.6,0.5,0.318,0.309
KCA201706050,2017-06-05,KCA,HOU,0,0,5.38,5.22,1e-06,738.3603208647532,KCA,TEX,0.3,0.8,0.315,0.343
CIN201706050,2017-06-05,CIN,SLN,0,0,8.1,3.64,1e-06,406.2527329885922,CIN,CHN,0.6,0.6,0.335,0.329
LAN201706060,2017-06-06,LAN,WAS,1,1,3.98,2.51,1e-06,1e-06,LAN,LAN,0.4,0.5,0.334,0.311
CIN201706060,2017-06-06,CIN,SLN,1,0,5.52,5.11,1e-06,1e-06,CIN,CIN,0.5,0.6,0.335,0.329
ARI201706060,2017-06-06,ARI,SDN,2,0,2.89,4.57,3182.157566983313,481.0116378281714,MIA,SDN,0.6,0.7,0.35,0.293
BAL201706060,2017-06-06,BAL,PIT,1,0,3.18,4.5,1e-06,272.81937803481173,BAL,NYN,0.8,0.6,0.323,0.311
OAK201706060,2017-06-06,OAK,TOR,1,0,5.3,4.98,1e-06,1e-06,OAK,OAK,0.9,1.0,0.327,0.311
ATL201706060,2017-06-06,ATL,PHI,1,0,4.41,3.54,1e-06,1e-06,ATL,ATL,0.6,0.4,0.325,0.307
DET201706060,2017-06-06,DET,ANA,0,1,5.31,5.35,1e-06,3167.1614902696224,DET,ANA,0.7,1.2,0.341,0.312
SEA201706060,2017-06-06,SEA,MIN,3,0,2.98,5.63,1e-06,1575.276973597757,SEA,ANA,0.9,0.7,0.334,0.322
TEX201706060,2017-06-06,TEX,NYN,1,1,4.67,3.53,1e-06,2225.551415128663,TEX,NYN,1.1,0.6,0.347,0.33
NYA201706060,2017-06-06,NYA,BOS,0,1,4.74,3.32,550.2922217550002,272.81937803481173,TOR,BAL,0.2,0.5,0.343,0.318
TBA201706060,2017-06-06,TBA,CHA,1,1,4.07,6.4,4073.223093287738,1620.843911772028,SEA,DET,1.2,1.0,0.322,0.312
KCA201706060,2017-06-06,KCA,HOU,0,0,2.55,2.3,1e-06,1e-06,KCA,KCA,0.3,0.8,0.315,0.343
CHN201706060,2017-06-06,CHN,MIA,0,1,3.53,8.16,1e-06,1e-06,CHN,CHN,0.7,0.5,0.342,0.33
COL201706060,2017-06-06,COL,CLE,0,0,4.68,3.11,1340.79250926624,896.2397141964761,SDN,KCA,0.5,0.3,0.364,0.333
MIL201706060,2017-06-06,MIL,SFN,0,0,2.74,5.43,1e-06,1e-06,MIL,MIL,0.7,0.5,0.318,0.309
DET201706070,2017-06-07,DET,ANA,0,0,6.75,3.74,1e-06,1e-06,DET,DET,0.7,1.3,0.341,0.312
CHN201706070,2017-06-07,CHN,MIA,0,1,4.59,3.82,1e-06,1e-06,CHN,CHN,0.7,0.6,0.342,0.33
BAL201706070,2017-06-07,BAL,PIT,0,0,2.75,4.5,1e-06,1e-06,BAL,BAL,0.9,0.5,0.323,0.311
ARI201706070,2017-06-07,ARI,SDN,0,1,3.2,4.67,1e-06,1e-06,ARI,ARI,0.8,0.6,0.35,0.293
CIN201706070,2017-06-07,CIN,SLN,0,0,3.76,3.88,1e-06,1e-06,CIN,CIN,0.6,0.6,0.335,0.329
COL201706070,2017-06-07,COL,CLE,0,0,4.1,4.19,1e-06,1e-06,COL,COL,0.5,0.3,0.364,0.333
ATL201706070,2017-06-07,ATL,PHI,0,0,4.79,4.71,1e-06,1e-06,ATL,ATL,0.1,0.4,0.325,0.307
TEX201706070,2017-06-07,TEX,NYN,1,0,3.78,2.94,1e-06,1e-06,TEX,TEX,1.0,0.5,0.347,0.33
NYA201706070,2017-06-07,NYA,BOS,0,0,3.69,4.65,1e-06,1e-06,NYA,NYA,0.2,0.6,0.343,0.318
SEA201706070,2017-06-07,SEA,MIN,0,0,3.27,3.03,1e-06,1e-06,SEA,SEA,1.1,0.6,0.334,0.322
OAK201706070,2017-06-07,OAK,TOR,1,0,7.03,3.59,1e-06,1e-06,OAK,OAK,0.7,0.9,0.327,0.311
KCA201706070,2017-06-07,KCA,HOU,0,0,4.16,9.0,1e-06,1e-06,KCA,KCA,0.3,0.8,0.315,0.343
LAN201706070,2017-06-07,LAN,WAS,0,0,2.31,2.52,1e-06,1e-06,LAN,LAN,0.4,0.6,0.334,0.311
TBA201706070,2017-06-07,TBA,CHA,0,1,3.43,5.93,1e-06,1e-06,TBA,TBA,0.9,1.1,0.322,0.312
MIL201706070,2017-06-07,MIL,SFN,1,0,3.49,4.78,1e-06,1e-06,MIL,MIL,0.7,0.5,0.318,0.309
TBA201706080,2017-06-08,TBA,CHA,0,0,4.14,6.2,1e-06,1e-06,TBA,TBA,0.8,1.2,0.322,0.312
CIN201706080,2017-06-08,CIN,SLN,0,0,4.77,3.92,1e-06,1e-06,CIN,CIN,0.6,0.6,0.335,0.329
WAS201706080,2017-06-08,WAS,BAL,4,0,5.01,5.25,3694.422011983425,55.02896457567408,LAN,BAL,0.8,0.4,0.352,0.3
KCA201706080,2017-06-08,KCA,HOU,0,0,4.25,2.98,1e-06,1e-06,KCA,KCA,0.3,0.5,0.315,0.343
ARI201706080,2017-06-08,ARI,SDN,2,2,4.03,4.79,1e-06,1e-06,ARI,ARI,0.8,0.6,0.35,0.293
NYA201706080,2017-06-08,NYA,BOS,0,0,4.39,3.38,1e-06,1e-06,NYA,NYA,0.2,0.6,0.343,0.318
CHN201706080,2017-06-08,CHN,COL,1,0,4.33,4.69,1e-06,1477.450780411816,CHN,COL,0.4,0.0,0.342,0.313
SEA201706080,2017-06-08,SEA,MIN,0,0,5.0,5.07,1e-06,1e-06,SEA,SEA,1.1,0.6,0.334,0.322
ATL201706080,2017-06-08,ATL,PHI,2,0,4.26,4.26,1e-06,1e-06,ATL,ATL,0.1,0.4,0.325,0.307
DET201706080,2017-06-08,DET,ANA,1,0,3.83,4.15,1e-06,1e-06,DET,DET,0.6,1.3,0.341,0.312
PIT201706080,2017-06-08,PIT,MIA,0,3,4.26,4.19,314.0609856627503,660.0502267315369,BAL,CHN,0.4,0.7,0.325,0.33
MIL201706080,2017-06-08,MIL,SFN,1,0,4.0,4.5,1e-06,1e-06,MIL,MIL,0.8,0.5,0.318,0.309
ARI201706090,2017-06-09,ARI,MIL,3,3,5.33,3.9,1e-06,2349.997873269975,ARI,MIL,1.0,1.1,0.35,0.326
SEA201706090,2017-06-09,SEA,TOR,0,0,0.0,5.34,1e-06,1089.6592015072615,SEA,OAK,1.1,0.9,0.334,0.311
SFN201706090,2017-06-09,SFN,MIN,0,0,5.52,3.28,2954.3733541563483,1092.0187760809354,MIL,SEA,0.6,0.6,0.308,0.322
HOU201706090,2017-06-09,HOU,ANA,0,1,3.0,4.52,1040.8267966673652,1780.0976623230767,KCA,DET,0.4,0.8,0.342,0.312
SLN201706090,2017-06-09,SLN,PHI,0,0,4.13,5.43,494.9532553693752,751.930362209131,CIN,ATL,0.4,0.4,0.339,0.307
PIT201706090,2017-06-09,PIT,MIA,1,0,7.69,4.75,1e-06,1e-06,PIT,PIT,0.2,0.7,0.325,0.33
CLE201706090,2017-06-09,CLE,CHA,1,0,2.25,4.62,1969.4706962302864,1529.408250521614,COL,TBA,0.1,0.8,0.34,0.312
NYA201706090,2017-06-09,NYA,BAL,0,0,3.88,4.24,1e-06,326.3648041771951,NYA,WAS,0.2,0.4,0.343,0.3
BOS201706090,2017-06-09,BOS,DET,0,2,3.88,4.5,306.2037667286439,984.732039314543,NYA,DET,0.8,0.0,0.341,0.306
ATL201706090,2017-06-09,ATL,NYN,0,0,5.56,5.22,1e-06,1179.9161829380423,ATL,TEX,0.3,0.5,0.325,0.33
LAN201706090,2017-06-09,LAN,CIN,2,0,3.32,7.39,1e-06,3046.5057464053752,LAN,CIN,0.4,1.2,0.334,0.323
WAS201706090,2017-06-09,WAS,TEX,0,0,4.67,3.4,1e-06,1924.2853661298936,WAS,TEX,1.2,0.7,0.352,0.293
TBA201706090,2017-06-09,TBA,OAK,3,0,3.66,4.27,1e-06,3845.9573440873414,TBA,OAK,0.8,0.0,0.322,0.312
SDN201706090,2017-06-09,SDN,KCA,1,0,3.89,5.45,481.0116378281714,2147.4778828729673,ARI,KCA,0.0,0.3,0.306,0.308
CHN201706090,2017-06-09,CHN,COL,2,0,9.0,2.65,1e-06,1e-06,CHN,CHN,0.5,0.0,0.342,0.313
BOS201706100,2017-06-10,BOS,DET,0,0,2.9,4.88,1e-06,1e-06,BOS,BOS,0.6,0.2,0.341,0.306
ATL201706102,2017-06-10,ATL,NYN,0,0,8.35,6.08,1e-06,1e-06,ATL,ATL,0.3,0.5,0.325,0.33
NYA201706100,2017-06-10,NYA,BAL,6,0,2.98,7.84,1e-06,1e-06,NYA,NYA,0.1,0.4,0.343,0.3
CLE201706100,2017-06-10,CLE,CHA,0,3,4.98,4.68,1e-06,1e-06,CLE,CLE,0.2,0.3,0.34,0.312
SEA201706100,2017-06-10,SEA,TOR,0,0,2.66,3.09,1e-06,1e-06,SEA,SEA,1.1,0.9,0.334,0.311
ARI201706100,2017-06-10,ARI,MIL,0,0,3.37,5.12,1e-06,1e-06,ARI,ARI,1.1,1.4,0.35,0.326
CHN201706100,2017-06-10,CHN,COL,0,2,3.95,5.89,1e-06,1e-06,CHN,CHN,0.6,0.0,0.342,0.313
TBA201706102,2017-06-10,TBA,OAK,1,1,2.7,4.37,1e-06,1e-06,TBA,TBA,1.0,0.0,0.322,0.312
WAS201706100,2017-06-10,WAS,TEX,0,0,7.27,2.79,1e-06,1e-06,WAS,WAS,1.2,0.2,0.352,0.293
TBA201706101,2017-06-10,TBA,OAK,0,0,5.31,4.22,1e-06,1e-06,TBA,TBA,1.0,0.1,0.322,0.312
SDN201706100,2017-06-10,SDN,KCA,1,0,2.16,6.8,1e-06,1e-06,SDN,SDN,0.1,0.3,0.306,0.308
ATL201706101,2017-06-10,ATL,NYN,0,0,4.32,5.19,1e-06,1e-06,ATL,ATL,0.3,0.4,0.325,0.33
SLN201706100,2017-06-10,SLN,PHI,0,0,3.64,6.02,1e-06,1e-06,SLN,SLN,0.4,0.4,0.339,0.307
LAN201706100,2017-06-10,LAN,CIN,3,0,1.32,4.45,1e-06,1e-06,LAN,LAN,0.4,1.1,0.334,0.323
HOU201706100,2017-06-10,HOU,ANA,0,0,5.22,4.92,1e-06,1e-06,HOU,HOU,0.3,0.8,0.342,0.312
PIT201706100,2017-06-10,PIT,MIA,0,3,4.38,3.4,1e-06,1e-06,PIT,PIT,0.1,0.7,0.325,0.33
SFN201706100,2017-06-10,SFN,MIN,1,0,4.42,3.89,1e-06,1e-06,SFN,SFN,0.2,0.6,0.308,0.322
SFN201706110,2017-06-11,SFN,MIN,2,0,6.23,4.03,1e-06,1e-06,SFN,SFN,0.3,0.6,0.308,0.322
ATL201706110,2017-06-11,ATL,NYN,0,1,4.41,4.71,1e-06,1e-06,ATL,ATL,0.3,0.4,0.325,0.33
CLE201706110,2017-06-11,CLE,CHA,0,0,3.29,4.15,1e-06,1e-06,CLE,CLE,0.2,0.6,0.34,0.312
CHN201706110,2017-06-11,CHN,COL,4,0,2.98,7.75,1e-06,1e-06,CHN,CHN,0.6,0.2,0.342,0.313
LAN201706110,2017-06-11,LAN,CIN,0,0,2.93,2.49,1e-06,1e-06,LAN,LAN,0.6,1.0,0.334,0.323
SDN201706110,2017-06-11,SDN,KCA,0,4,4.57,,1e-06,1e-06,SDN,SDN,0.2,0.3,0.306,0.308
NYA201706110,2017-06-11,NYA,BAL,5,0,2.35,4.68,1e-06,1e-06,NYA,NYA,0.7,0.4,0.343,0.3
HOU201706110,2017-06-11,HOU,ANA,0,1,5.63,3.86,1e-06,1e-06,HOU,HOU,0.3,0.6,0.342,0.312
SLN201706110,2017-06-11,SLN,PHI,0,1,5.11,3.54,1e-06,1e-06,SLN,SLN,0.4,0.3,0.339,0.307
PIT201706110,2017-06-11,PIT,MIA,2,0,4.14,8.16,1e-06,1e-06,PIT,PIT,0.1,1.0,0.325,0.33
ARI201706110,2017-06-11,ARI,MIL,1,0,2.89,2.74,1e-06,1e-06,ARI,ARI,1.1,0.9,0.35,0.326
SEA201706110,2017-06-11,SEA,TOR,0,2,2.98,3.53,1e-06,1e-06,SEA,SEA,1.1,0.6,0.334,0.311
WAS201706110,2017-06-11,WAS,TEX,1,0,2.51,4.67,1e-06,1e-06,WAS,WAS,1.1,0.2,0.352,0.293
TBA201706110,2017-06-11,TBA,OAK,0,0,4.08,,1e-06,1e-06,TBA,TBA,0.9,0.1,0.322,0.312
BOS201706110,2017-06-11,BOS,DET,1,3,3.32,5.31,1e-06,1e-06,BOS,BOS,0.6,0.2,0.341,0.306
CHA201706120,2017-06-12,CHA,BAL,0,0,7.01,5.61,494.38381964269325,1144.129935670241,CLE,NYA,0.1,0.4,0.315,0.3
HOU201706120,2017-06-12,HOU,TEX,0,0,4.77,3.86,1e-06,1963.4510544527368,HOU,WAS,0.3,0.2,0.342,0.293
PIT201706120,2017-06-12,PIT,COL,2,0,4.44,4.1,1e-06,660.0502267315369,PIT,CHN,0.3,0.2,0.325,0.313
WAS201706120,2017-06-12,WAS,ATL,2,3,1.62,3.54,1e-06,874.0887985860761,WAS,ATL,1.2,0.3,0.352,0.327
MIN201706120,2017-06-12,MIN,SEA,2,2,4.5,5.72,2544.035408277149,2238.4089622775527,SFN,SEA,0.7,0.1,0.347,0.317
BOS201706120,2017-06-12,BOS,PHI,0,4,3.88,12.75,1e-06,1666.9051134731696,BOS,SLN,0.7,0.4,0.341,0.307
NYN201706120,2017-06-12,NYN,CHN,0,0,3.53,4.59,1200.4511584455877,1144.129935670241,ATL,CHN,0.9,0.2,0.31,0.324
SDN201706120,2017-06-12,SDN,CIN,1,2,4.67,7.35,1e-06,179.52869961196944,SDN,LAN,0.2,1.0,0.306,0.323
ANA201706120,2017-06-12,ANA,NYA,1,0,3.88,4.77,2169.9670210701,3915.807145653056,HOU,NYA,0.0,0.7,0.318,0.327
SDN201706130,2017-06-13,SDN,CIN,2,0,4.79,4.77,1e-06,1e-06,SDN,SDN,0.3,1.2,0.306,0.323
MIN201706130,2017-06-13,MIN,SEA,0,2,5.07,5.0,1e-06,1e-06,MIN,MIN,0.8,0.3,0.347,0.317
DET201706130,2017-06-13,DET,ARI,0,2,3.41,1.73,984.732039314543,2715.3721691495725,BOS,ARI,0.7,0.2,0.341,0.309
SLN201706132,2017-06-13,SLN,MIL,1,0,3.4,3.02,1e-06,1e-06,SLN,SLN,0.3,0.8,0.339,0.326
SLN201706131,2017-06-13,SLN,MIL,0,0,3.43,3.42,1e-06,2043.890455711885,SLN,ARI,0.4,0.8,0.339,0.326
MIA201706130,2017-06-13,MIA,OAK,0,0,3.82,5.58,1630.230113794326,319.9354673545946,PIT,TBA,1.3,0.1,0.332,0.312
NYN201706130,2017-06-13,NYN,CHN,1,1,5.21,4.33,1e-06,1e-06,NYN,NYN,0.2,0.2,0.31,0.324
HOU201706130,2017-06-13,HOU,TEX,1,0,4.57,3.94,1e-06,1e-06,HOU,HOU,0.2,0.1,0.342,0.293
SFN201706130,2017-06-13,SFN,KCA,0,0,4.78,4.16,1e-06,738.1265117326025,SFN,SDN,0.5,0.7,0.308,0.308
PIT201706130,2017-06-13,PIT,COL,0,0,4.26,5.06,1e-06,1e-06,PIT,PIT,0.5,0.2,0.325,0.313
BOS201706130,2017-06-13,BOS,PHI,1,0,3.3,2.65,1e-06,1e-06,BOS,BOS,0.6,0.8,0.341,0.307
WAS201706130,2017-06-13,WAS,ATL,3,0,30.0,4.26,1e-06,1e-06,WAS,WAS,1.4,0.4,0.352,0.327
CLE201706130,2017-06-13,CLE,LAN,0,0,1.44,2.31,1e-06,3291.4801650439395,CLE,LAN,0.2,0.3,0.34,0.336
CHA201706130,2017-06-13,CHA,BAL,0,1,6.2,5.25,1e-06,1e-06,CHA,CHA,0.1,0.4,0.315,0.3
TOR201706130,2017-06-13,TOR,TBA,0,0,4.98,3.43,3325.1452076248356,1789.459752085548,SEA,TBA,0.5,0.4,0.314,0.312
ANA201706130,2017-06-13,ANA,NYA,0,0,3.86,3.77,1e-06,1e-06,ANA,ANA,0.1,0.6,0.318,0.327
HOU201706140,2017-06-14,HOU,TEX,1,0,5.8,3.4,1e-06,1e-06,HOU,HOU,0.3,0.1,0.342,0.293
NYN201706140,2017-06-14,NYN,CHN,0,2,2.94,2.98,1e-06,1e-06,NYN,NYN,0.3,0.3,0.31,0.324
SFN201706140,2017-06-14,SFN,KCA,0,0,4.52,5.29,1e-06,1e-06,SFN,SFN,0.5,0.5,0.308,0.308
ANA201706140,2017-06-14,ANA,NYA,1,4,2.54,6.0,1e-06,1e-06,ANA,ANA,0.1,0.6,0.318,0.327
CLE201706140,2017-06-14,CLE,LAN,0,0,1.44,2.84,1e-06,1e-06,CLE,CLE,0.2,0.3,0.34,0.336
DET201706140,2017-06-14,DET,ARI,0,2,6.08,3.49,1e-06,1e-06,DET,DET,0.7,0.4,0.341,0.309
MIA201706140,2017-06-14,MIA,OAK,0,1,3.0,6.11,1e-06,1e-06,MIA,MIA,0.9,0.1,0.332,0.312
CHA201706140,2017-06-14,CHA,BAL,2,0,4.62,4.24,1e-06,1e-06,CHA,CHA,0.1,0.5,0.315,0.3
WAS201706140,2017-06-14,WAS,ATL,0,3,4.67,4.49,1e-06,1e-06,WAS,WAS,1.2,0.4,0.352,0.327
MIN201706140,2017-06-14,MIN,SEA,0,2,3.28,4.36,1e-06,1e-06,MIN,MIN,0.8,0.5,0.347,0.317
PIT201706140,2017-06-14,PIT,COL,0,0,4.35,4.39,1e-06,1e-06,PIT,PIT,0.5,0.2,0.325,0.313
TOR201706140,2017-06-14,TOR,TBA,0,0,3.33,3.64,1e-06,1e-06,TOR,TOR,0.5,0.4,0.314,0.312
SLN201706140,2017-06-14,SLN,MIL,0,2,3.92,4.94,1e-06,1e-06,SLN,SLN,0.4,0.6,0.339,0.326
SDN201706140,2017-06-14,SDN,CIN,0,1,3.89,4.45,1e-06,1e-06,SDN,SDN,0.5,1.0,0.306,0.323
PHI201706140,2017-06-14,PHI,BOS,0,2,5.43,2.92,435.5953169043613,435.5953169043613,BOS,BOS,0.3,0.4,0.322,0.318
MIN201706150,2017-06-15,MIN,SEA,5,0,3.89,5.12,1e-06,1e-06,MIN,MIN,0.8,0.7,0.347,0.317
DET201706150,2017-06-15,DET,TBA,1,0,3.41,2.61,1e-06,332.4198044988213,DET,TOR,0.7,0.4,0.341,0.312
CLE201706150,2017-06-15,CLE,LAN,3,0,4.98,3.32,1e-06,1e-06,CLE,CLE,0.1,0.3,0.34,0.336
OAK201706150,2017-06-15,OAK,NYA,1,0,4.22,4.87,4154.555160966592,592.0809005913671,MIA,ANA,0.8,1.0,0.327,0.327
COL201706150,2017-06-15,COL,SFN,3,0,3.61,2.64,2121.7512666569423,1524.5101947303656,PIT,SFN,0.3,0.4,0.364,0.309
NYN201706150,2017-06-15,NYN,WAS,0,1,5.19,2.96,1e-06,326.3648041771951,NYN,WAS,0.3,0.6,0.31,0.311
PHI201706150,2017-06-15,PHI,BOS,0,0,1.59,2.9,1e-06,1e-06,PHI,PHI,0.3,0.5,0.322,0.318
CHA201706150,2017-06-15,CHA,BAL,0,0,2.33,7.84,1e-06,1e-06,CHA,CHA,0.2,0.3,0.315,0.3
SLN201706150,2017-06-15,SLN,MIL,2,0,,4.21,1e-06,1e-06,SLN,SLN,0.4,0.8,0.339,0.326
ANA201706150,2017-06-15,ANA,KCA,1,0,4.92,5.45,1e-06,599.2380275896384,ANA,SFN,0.2,0.5,0.318,0.308
BAL201706160,2017-06-16,BAL,SLN,0,0,4.68,3.64,972.7856247406662,1175.6168511642563,CHA,SLN,0.9,0.3,0.323,0.329
ATL201706160,2017-06-16,ATL,MIA,0,1,4.32,4.26,874.0887985860761,973.359131898138,WAS,MIA,0.3,0.9,0.325,0.33
NYN201706160,2017-06-16,NYN,WAS,0,0,6.08,2.51,1e-06,1e-06,NYN,NYN,0.3,0.7,0.31,0.311
CIN201706160,2017-06-16,CIN,LAN,0,0,5.52,2.72,3007.676031937142,358.1075548344512,SDN,CLE,0.6,0.1,0.335,0.336
HOU201706160,2017-06-16,HOU,BOS,0,0,2.98,2.79,1e-06,2157.262613807304,HOU,PHI,0.4,0.5,0.342,0.318
MIL201706160,2017-06-16,MIL,SDN,0,4,3.02,2.89,526.8349145670746,2790.8560532571964,SLN,SDN,0.9,0.7,0.318,0.293
PHI201706160,2017-06-16,PHI,ARI,0,0,3.54,4.03,1e-06,711.1078712045012,PHI,DET,0.3,0.6,0.322,0.309
TEX201706160,2017-06-16,TEX,SEA,0,1,7.71,2.98,368.5990384284446,1396.7696185124962,HOU,MIN,1.0,0.6,0.347,0.317
ANA201706160,2017-06-16,ANA,KCA,0,0,5.35,5.38,1e-06,1e-06,ANA,ANA,0.3,0.5,0.318,0.308
DET201706160,2017-06-16,DET,TBA,1,0,5.31,4.39,1e-06,1e-06,DET,DET,0.5,0.4,0.341,0.312
COL201706160,2017-06-16,COL,SFN,0,1,4.68,4.42,1e-06,1e-06,COL,COL,0.6,0.4,0.364,0.309
OAK201706160,2017-06-16,OAK,NYA,0,0,,3.89,1e-06,1e-06,OAK,OAK,0.9,1.0,0.327,0.327
PIT201706160,2017-06-16,PIT,CHN,0,3,2.61,3.98,1e-06,505.04779123783345,PIT,NYN,0.5,0.5,0.325,0.324
TOR201706160,2017-06-16,TOR,CHA,0,4,5.34,4.15,1e-06,700.98343821047,TOR,CHA,0.5,0.6,0.314,0.312
MIN201706160,2017-06-16,MIN,CLE,0,0,11.21,3.29,1e-06,1013.2251113855248,MIN,CLE,0.9,0.1,0.347,0.333
TEX201706170,2017-06-17,TEX,SEA,5,0,4.82,5.72,1e-06,1e-06,TEX,TEX,0.9,0.7,0.347,0.317
PHI201706170,2017-06-17,PHI,ARI,0,0,4.21,4.21,1e-06,1e-06,PHI,PHI,0.3,0.6,0.322,0.309
DET201706170,2017-06-17,DET,TBA,0,0,3.83,4.07,1e-06,1e-06,DET,DET,0.5,0.2,0.341,0.312
MIN201706171,2017-06-17,MIN,CLE,0,3,9.0,2.61,1e-06,1e-06,MIN,MIN,0.9,0.1,0.347,0.333
COL201706170,2017-06-17,COL,SFN,0,0,4.1,5.43,1e-06,1e-06,COL,COL,0.6,0.5,0.364,0.309
MIL201706170,2017-06-17,MIL,SDN,0,0,4.66,4.21,1e-06,1e-06,MIL,MIL,0.9,1.1,0.318,0.293
CIN201706170,2017-06-17,CIN,LAN,1,1,6.5,3.77,1e-06,1e-06,CIN,CIN,0.5,0.1,0.335,0.336
MIN201706172,2017-06-17,MIN,CLE,0,0,4.5,2.8,1e-06,1e-06,MIN,MIN,0.9,0.4,0.347,0.333
TOR201706170,2017-06-17,TOR,CHA,0,0,3.09,5.93,1e-06,1e-06,TOR,TOR,0.4,1.0,0.314,0.312
ATL201706170,2017-06-17,ATL,MIA,1,0,2.83,3.99,1e-06,1e-06,ATL,ATL,0.3,1.0,0.325,0.33
ANA201706170,2017-06-17,ANA,KCA,1,0,3.74,,1e-06,1e-06,ANA,ANA,0.3,0.5,0.318,0.308
NYN201706170,2017-06-17,NYN,WAS,0,1,4.71,2.52,1e-06,1e-06,NYN,NYN,0.3,0.7,0.31,0.311
OAK201706170,2017-06-17,OAK,NYA,1,0,5.3,4.74,1e-06,1e-06,OAK,OAK,0.9,0.8,0.327,0.327
BAL201706170,2017-06-17,BAL,SLN,2,1,5.61,5.11,1e-06,1e-06,BAL,BAL,0.9,0.3,0.323,0.329
HOU201706170,2017-06-17,HOU,BOS,3,0,6.52,4.65,1e-06,1e-06,HOU,HOU,0.4,0.5,0.342,0.318
PIT201706170,2017-06-17,PIT,CHN,2,0,4.14,3.53,1e-06,1e-06,PIT,PIT,0.5,0.8,0.325,0.324
MIL201706180,2017-06-18,MIL,SDN,0,0,3.49,4.67,1e-06,1e-06,MIL,MIL,0.9,1.1,0.318,0.293
DET201706180,2017-06-18,DET,TBA,1,2,6.75,3.43,1e-06,1e-06,DET,DET,0.3,0.1,0.341,0.312
MIN201706180,2017-06-18,MIN,CLE,0,0,5.07,4.19,1e-06,1e-06,MIN,MIN,0.9,0.4,0.347,0.333
PIT201706180,2017-06-18,PIT,CHN,0,1,4.44,4.59,1e-06,1e-06,PIT,PIT,0.7,0.8,0.325,0.324
ATL201706180,2017-06-18,ATL,MIA,0,0,5.56,2.34,1e-06,1e-06,ATL,ATL,0.4,0.9,0.325,0.33
CIN201706180,2017-06-18,CIN,LAN,0,0,7.35,4.22,1e-06,1e-06,CIN,CIN,0.5,0.2,0.335,0.336
PHI201706180,2017-06-18,PHI,ARI,1,3,7.25,1.73,1e-06,1e-06,PHI,PHI,0.3,0.5,0.322,0.309
TEX201706180,2017-06-18,TEX,SEA,0,4,3.86,5.0,1e-06,1e-06,TEX,TEX,1.4,0.7,0.347,0.317
BAL201706180,2017-06-18,BAL,SLN,1,0,6.81,3.43,1e-06,1e-06,BAL,BAL,1.0,0.4,0.323,0.329
OAK201706180,2017-06-18,OAK,NYA,0,0,5.58,4.75,1e-06,1e-06,OAK,OAK,1.0,0.8,0.327,0.327
ANA201706180,2017-06-18,ANA,KCA,2,0,4.15,4.16,1e-06,1e-06,ANA,ANA,0.4,0.5,0.318,0.308
HOU201706180,2017-06-18,HOU,BOS,1,1,4.77,3.38,1e-06,1e-06,HOU,HOU,0.7,0.5,0.342,0.318
NYN201706180,2017-06-18,NYN,WAS,0,1,3.53,5.01,1e-06,1e-06,NYN,NYN,0.3,0.6,0.31,0.311
COL201706180,2017-06-18,COL,SFN,0,0,5.57,4.5,1e-06,1e-06,COL,COL,0.3,0.4,0.364,0.309
TOR201706180,2017-06-18,TOR,CHA,0,0,3.53,2.33,1e-06,1e-06,TOR,TOR,0.4,1.0,0.314,0.312
SEA201706190,2017-06-19,SEA,DET,0,0,3.86,4.5,2688.6235870338205,3110.621572335556,TEX,DET,1.1,0.5,0.334,0.306
ATL201706190,2017-06-19,ATL,SFN,0,0,4.26,4.52,1e-06,1946.7466716258368,ATL,COL,0.4,0.2,0.325,0.309
KCA201706190,2017-06-19,KCA,BOS,0,0,5.29,4.35,2158.345510444982,1040.8267966673652,ANA,HOU,0.3,0.6,0.315,0.318
MIA201706190,2017-06-19,MIA,WAS,0,2,3.99,3.56,973.359131898138,1756.5620451799746,ATL,NYN,0.8,0.4,0.332,0.311
OAK201706190,2017-06-19,OAK,HOU,0,0,6.11,3.0,1e-06,2629.671879056886,OAK,HOU,0.8,0.4,0.327,0.343
TBA201706190,2017-06-19,TBA,CIN,0,0,3.64,4.45,1620.843911772028,1273.7149085846368,DET,CIN,0.7,0.9,0.322,0.323
LAN201706190,2017-06-19,LAN,NYN,4,0,2.31,5.21,3046.5057464053752,3936.366792360479,CIN,NYN,0.6,0.5,0.334,0.33
MIL201706190,2017-06-19,MIL,PIT,0,0,4.94,4.26,1e-06,722.0054120555708,MIL,PIT,0.7,0.5,0.318,0.311
CHN201706190,2017-06-19,CHN,SDN,0,1,4.24,3.97,660.0502267315369,132.54357794550742,PIT,MIL,0.9,1.1,0.342,0.293
BAL201706190,2017-06-19,BAL,CLE,0,0,4.24,2.25,1e-06,1508.338155320694,BAL,MIN,1.1,0.4,0.323,0.333
TEX201706190,2017-06-19,TEX,TOR,1,0,3.78,7.47,1e-06,1953.690097165916,TEX,TOR,1.1,0.8,0.347,0.311
ATL201706200,2017-06-20,ATL,SFN,0,0,4.49,5.52,1e-06,1e-06,ATL,ATL,0.3,0.2,0.325,0.309
CHN201706200,2017-06-20,CHN,SDN,1,0,3.38,3.89,1e-06,1e-06,CHN,CHN,0.9,1.0,0.342,0.293
MIL201706200,2017-06-20,MIL,PIT,0,6,3.9,4.35,1e-06,1e-06,MIL,MIL,0.7,0.4,0.318,0.311
COL201706200,2017-06-20,COL,ARI,0,0,5.06,3.2,1e-06,2534.0409405234473,COL,PHI,0.3,0.8,0.364,0.309
BAL201706200,2017-06-20,BAL,CLE,1,2,3.53,3.52,1e-06,1e-06,BAL,BAL,1.1,0.3,0.323,0.333
TBA201706200,2017-06-20,TBA,CIN,0,0,3.66,7.39,1e-06,1e-06,TBA,TBA,0.7,0.8,0.322,0.323
SEA201706200,2017-06-20,SEA,DET,2,1,2.01,3.41,1e-06,1e-06,SEA,SEA,1.1,0.5,0.334,0.306
KCA201706200,2017-06-20,KCA,BOS,0,0,5.45,2.9,1e-06,1e-06,KCA,KCA,0.3,0.6,0.315,0.318
MIA201706200,2017-06-20,MIA,WAS,0,0,4.19,2.96,1e-06,1e-06,MIA,MIA,0.7,0.6,0.332,0.311
NYA201706200,2017-06-20,NYA,ANA,0,1,4.77,2.54,4115.687447058069,3915.807145653056,OAK,ANA,1.2,0.5,0.343,0.312
LAN201706200,2017-06-20,LAN,NYN,4,0,3.98,5.19,1e-06,1e-06,LAN,LAN,1.0,0.3,0.334,0.33
PHI201706200,2017-06-20,PHI,SLN,0,0,4.21,4.81,1e-06,144.5656230575587,PHI,BAL,0.4,0.4,0.322,0.329
MIN201706200,2017-06-20,MIN,CHA,2,0,3.28,6.2,1e-06,1113.301279752142,MIN,TOR,0.9,1.0,0.347,0.312
OAK201706200,2017-06-20,OAK,HOU,1,5,3.55,5.8,1e-06,1e-06,OAK,OAK,0.8,0.4,0.327,0.343
TEX201706200,2017-06-20,TEX,TOR,4,0,5.66,5.66,1e-06,1e-06,TEX,TEX,1.0,0.7,0.347,0.311
ATL201706210,2017-06-21,ATL,SFN,0,0,4.62,1.99,1e-06,1e-06,ATL,ATL,0.3,0.1,0.325,0.309
TEX201706210,2017-06-21,TEX,TOR,0,6,7.71,5.34,1e-06,1e-06,TEX,TEX,1.3,0.3,0.347,0.311
OAK201706210,2017-06-21,OAK,HOU,0,0,4.37,5.22,1e-06,1e-06,OAK,OAK,0.5,0.9,0.327,0.343
MIA201706210,2017-06-21,MIA,WAS,0,0,3.0,2.51,1e-06,1e-06,MIA,MIA,0.7,0.6,0.332,0.311
COL201706210,2017-06-21,COL,ARI,0,0,5.89,3.49,1e-06,1e-06,COL,COL,0.3,0.8,0.364,0.309
MIL201706210,2017-06-21,MIL,PIT,0,0,4.66,4.38,1e-06,1e-06,MIL,MIL,0.5,1.0,0.318,0.311
PHI201706210,2017-06-21,PHI,SLN,3,0,4.21,3.88,1e-06,1e-06,PHI,PHI,0.3,0.3,0.322,0.329
NYA201706210,2017-06-21,NYA,ANA,0,0,3.88,4.92,1e-06,1e-06,NYA,NYA,1.2,0.6,0.343,0.312
MIN201706210,2017-06-21,MIN,CHA,0,1,3.89,4.68,1e-06,1e-06,MIN,MIN,0.9,0.9,0.347,0.312
TBA201706210,2017-06-21,TBA,CIN,0,0,4.39,5.52,1e-06,1e-06,TBA,TBA,0.7,0.7,0.322,0.323
KCA201706210,2017-06-21,KCA,BOS,0,0,3.7,3.79,1e-06,1e-06,KCA,KCA,0.3,0.4,0.315,0.318
CHN201706210,2017-06-21,CHN,SDN,0,0,3.98,4.19,1e-06,1e-06,CHN,CHN,1.0,1.0,0.342,0.293
LAN201706210,2017-06-21,LAN,NYN,0,1,3.32,5.32,1e-06,1e-06,LAN,LAN,1.4,0.3,0.334,0.33
SEA201706210,2017-06-21,SEA,DET,0,0,2.66,2.66,1e-06,1e-06,SEA,SEA,0.7,0.6,0.334,0.306
BAL201706210,2017-06-21,BAL,CLE,0,0,4.68,3.29,1e-06,1e-06,BAL,BAL,1.0,0.5,0.323,0.333
BAL201706220,2017-06-22,BAL,CLE,1,0,5.61,3.11,1e-06,1e-06,BAL,BAL,0.8,0.5,0.323,0.333
SEA201706220,2017-06-22,SEA,DET,0,0,5.34,5.31,1e-06,1e-06,SEA,SEA,0.7,0.6,0.334,0.306
MIN201706220,2017-06-22,MIN,CHA,0,5,11.21,4.15,1e-06,1e-06,MIN,MIN,0.9,0.9,0.347,0.312
PHI201706220,2017-06-22,PHI,SLN,1,0,3.54,3.64,1e-06,1e-06,PHI,PHI,0.6,0.1,0.322,0.329
TEX201706220,2017-06-22,TEX,TOR,1,0,4.82,3.09,1e-06,1e-06,TEX,TEX,1.3,0.9,0.347,0.311
NYA201706220,2017-06-22,NYA,ANA,1,1,2.98,2.76,1e-06,1e-06,NYA,NYA,1.2,0.5,0.343,0.312
MIA201706220,2017-06-22,MIA,CHN,0,0,8.16,3.53,1e-06,1915.1205670973725,MIA,CHN,0.7,0.9,0.332,0.324
LAN201706220,2017-06-22,LAN,NYN,0,1,2.95,4.55,1e-06,1e-06,LAN,LAN,1.4,0.3,0.334,0.33
OAK201706220,2017-06-22,OAK,HOU,0,2,5.3,6.52,1e-06,1e-06,OAK,OAK,0.5,0.7,0.327,0.343
COL201706220,2017-06-22,COL,ARI,1,0,4.68,3.37,1e-06,1e-06,COL,COL,0.3,0.8,0.364,0.309
MIL201706220,2017-06-22,MIL,PIT,2,1,2.74,4.14,1e-06,1e-06,MIL,MIL,0.4,0.9,0.318,0.311
ATL201706220,2017-06-22,ATL,SFN,2,0,5.06,5.43,1e-06,1e-06,ATL,ATL,0.1,0.1,0.325,0.309
ATL201706230,2017-06-23,ATL,MIL,2,0,4.79,3.49,1e-06,1079.4745171093869,ATL,MIL,0.3,0.8,0.325,0.326
SFN201706230,2017-06-23,SFN,NYN,1,1,4.78,4.71,3436.411305395792,559.4406195325591,ATL,LAN,0.5,0.4,0.308,0.33
CLE201706230,2017-06-23,CLE,MIN,0,0,4.19,4.5,495.2645964012307,1013.2251113855248,BAL,MIN,0.4,0.3,0.34,0.322
BOS201706230,2017-06-23,BOS,ANA,3,0,4.65,3.74,2008.0645584325655,306.2037667286439,KCA,NYA,0.7,0.5,0.341,0.312
MIA201706230,2017-06-23,MIA,CHN,0,0,3.82,4.59,1e-06,1e-06,MIA,MIA,0.4,0.9,0.332,0.324
TBA201706230,2017-06-23,TBA,BAL,4,0,4.07,6.81,1e-06,1393.7772067986984,TBA,BAL,0.5,0.3,0.322,0.3
LAN201706230,2017-06-23,LAN,COL,1,0,2.72,4.1,1e-06,1336.5596902131042,LAN,COL,1.4,0.2,0.334,0.313
NYA201706230,2017-06-23,NYA,TEX,0,0,3.77,3.78,1e-06,2225.551415128663,NYA,TEX,1.2,0.1,0.343,0.293
SLN201706230,2017-06-23,SLN,PIT,0,0,,,1300.629186583633,526.8349145670746,PHI,MIL,0.6,1.0,0.339,0.311
CHA201706230,2017-06-23,CHA,OAK,0,2,5.93,5.58,571.0232496384983,2971.6570204984887,MIN,OAK,0.2,0.2,0.315,0.312
ARI201706230,2017-06-23,ARI,PHI,0,1,4.03,4.96,942.6579354569092,3344.1998186127516,COL,PHI,1.2,0.8,0.35,0.307
SEA201706230,2017-06-23,SEA,HOU,0,1,4.36,4.77,1e-06,1089.6592015072615,SEA,OAK,0.5,0.9,0.334,0.343
SDN201706230,2017-06-23,SDN,DET,0,0,4.67,3.83,2787.070270174863,1711.8059777853623,CHN,SEA,0.5,0.6,0.306,0.306
WAS201706230,2017-06-23,WAS,CIN,1,4,1.62,2.49,1489.628641346009,1340.493838211085,MIA,TBA,1.2,0.5,0.352,0.323
KCA201706230,2017-06-23,KCA,TOR,0,0,3.7,3.75,1e-06,738.3603208647532,KCA,TEX,0.0,0.9,0.315,0.311
CHA201706240,2017-06-24,CHA,OAK,0,2,5.23,6.11,1e-06,1e-06,CHA,CHA,0.2,0.4,0.315,0.312
NYA201706240,2017-06-24,NYA,TEX,0,1,4.75,4.67,1e-06,1e-06,NYA,NYA,1.2,0.1,0.343,0.293
KCA201706240,2017-06-24,KCA,TOR,0,0,4.16,4.98,1e-06,1e-06,KCA,KCA,0.0,0.8,0.315,0.311
SLN201706240,2017-06-24,SLN,PIT,1,1,3.43,4.26,1e-06,1e-06,SLN,SLN,0.3,1.0,0.339,0.311
LAN201706240,2017-06-24,LAN,COL,0,0,2.31,4.69,1e-06,1e-06,LAN,LAN,1.5,0.2,0.334,0.313
SFN201706240,2017-06-24,SFN,NYN,0,0,6.09,3.53,1e-06,1e-06,SFN,SFN,0.6,0.4,0.308,0.33
ATL201706240,2017-06-24,ATL,MIL,1,1,4.26,4.94,1e-06,1e-06,ATL,ATL,0.5,0.7,0.325,0.326
SEA201706240,2017-06-24,SEA,HOU,0,0,4.36,4.25,1e-06,1e-06,SEA,SEA,0.2,1.0,0.334,0.343
ARI201706240,2017-06-24,ARI,PHI,0,0,2.89,4.26,1e-06,1e-06,ARI,ARI,1.1,0.9,0.35,0.307
WAS201706240,2017-06-24,WAS,CIN,2,0,5.01,6.43,1e-06,1e-06,WAS,WAS,1.2,0.7,0.352,0.323
CLE201706240,2017-06-24,CLE,MIN,0,2,2.94,3.07,1e-06,1e-06,CLE,CLE,0.4,0.3,0.34,0.322
BOS201706240,2017-06-24,BOS,ANA,0,1,3.38,4.15,1e-06,1e-06,BOS,BOS,1.0,0.5,0.341,0.312
SDN201706240,2017-06-24,SDN,DET,0,0,3.97,2.66,1e-06,1e-06,SDN,SDN,0.5,0.6,0.306,0.306
TBA201706240,2017-06-24,TBA,BAL,0,0,3.64,4.24,1e-06,1e-06,TBA,TBA,0.8,0.3,0.322,0.3
MIA201706240,2017-06-24,MIA,CHN,3,1,4.68,4.33,1e-06,1e-06,MIA,MIA,0.4,0.7,0.332,0.324
ATL201706250,2017-06-25,ATL,MIL,0,2,4.49,3.9,1e-06,1e-06,ATL,ATL,0.6,0.6,0.325,0.326
KCA201706250,2017-06-25,KCA,TOR,1,0,2.48,5.66,1e-06,1e-06,KCA,KCA,0.0,0.8,0.315,0.311
SFN201706250,2017-06-25,SFN,NYN,0,1,5.52,5.52,1e-06,1e-06,SFN,SFN,0.4,0.4,0.308,0.33
TBA201706250,2017-06-25,TBA,BAL,0,0,3.24,3.18,1e-06,1e-06,TBA,TBA,0.8,0.1,0.322,0.3
CHA201706250,2017-06-25,CHA,OAK,0,0,2.59,3.55,1e-06,1e-06,CHA,CHA,0.2,0.6,0.315,0.312
ARI201706250,2017-06-25,ARI,PHI,0,0,5.33,4.21,1e-06,1e-06,ARI,ARI,1.1,0.6,0.35,0.307
BOS201706250,2017-06-25,BOS,ANA,0,0,4.88,3.64,1e-06,1e-06,BOS,BOS,0.8,0.5,0.341,0.312
SDN201706250,2017-06-25,SDN,DET,1,0,6.52,10.91,1e-06,1e-06,SDN,SDN,0.5,0.6,0.306,0.306
WAS201706250,2017-06-25,WAS,CIN,0,5,4.67,4.77,1e-06,1e-06,WAS,WAS,1.4,0.7,0.352,0.323
SEA201706250,2017-06-25,SEA,HOU,0,0,5.12,5.63,1e-06,1e-06,SEA,SEA,0.2,0.8,0.334,0.343
CLE201706250,2017-06-25,CLE,MIN,0,0,4.98,3.28,1e-06,1e-06,CLE,CLE,0.4,0.3,0.34,0.322
MIA201706250,2017-06-25,MIA,CHN,3,0,4.19,3.38,1e-06,1e-06,MIA,MIA,0.3,0.8,0.332,0.324
SLN201706250,2017-06-25,SLN,PIT,0,0,3.4,2.61,1e-06,1e-06,SLN,SLN,0.4,1.0,0.339,0.311
LAN201706250,2017-06-25,LAN,COL,0,0,2.95,5.06,1e-06,1e-06,LAN,LAN,1.4,0.2,0.334,0.313
NYA201706250,2017-06-25,NYA,TEX,0,3,4.39,5.66,1e-06,1e-06,NYA,NYA,1.2,0.2,0.343,0.293
LAN201706260,2017-06-26,LAN,ANA,0,0,3.32,4.92,1e-06,4170.326282177437,LAN,BOS,1.4,0.5,0.334,0.312
SFN201706260,2017-06-26,SFN,COL,1,0,4.42,4.39,1e-06,559.4406195325591,SFN,LAN,0.4,0.2,0.308,0.313
WAS201706260,2017-06-26,WAS,CHN,0,1,2.96,3.95,1e-06,1489.628641346009,WAS,MIA,1.3,0.8,0.352,0.324
CLE201706260,2017-06-26,CLE,TEX,1,4,3.52,6.75,1e-06,649.8727601989037,CLE,NYA,0.4,0.4,0.34,0.293
CHA201706260,2017-06-26,CHA,NYA,0,0,4.68,3.88,1e-06,1144.129935670241,CHA,NYA,0.2,0.4,0.315,0.327
BOS201706260,2017-06-26,BOS,MIN,2,0,2.9,3.89,1e-06,884.5468110577992,BOS,CLE,0.8,0.2,0.341,0.322
SLN201706260,2017-06-26,SLN,CIN,3,0,4.13,4.15,1e-06,1142.2462660488457,SLN,WAS,0.4,1.2,0.339,0.323
ARI201706260,2017-06-26,ARI,PHI,1,0,3.2,6.02,1e-06,1e-06,ARI,ARI,0.8,0.6,0.35,0.307
LAN201706270,2017-06-27,LAN,ANA,0,0,4.22,5.35,1e-06,1e-06,LAN,LAN,1.2,0.5,0.334,0.312
BOS201706270,2017-06-27,BOS,MIN,0,0,3.32,5.63,1e-06,1e-06,BOS,BOS,0.7,0.2,0.341,0.322
SEA201706270,2017-06-27,SEA,PHI,0,0,2.98,3.54,1e-06,1793.290239503433,SEA,ARI,0.2,0.6,0.334,0.307
WAS201706270,2017-06-27,WAS,CHN,1,1,2.51,3.53,1e-06,1e-06,WAS,WAS,0.9,0.9,0.352,0.324
CIN201706270,2017-06-27,CIN,MIL,4,0,5.52,5.12,494.9532553693752,595.1171397463928,SLN,ATL,0.4,0.8,0.335,0.326
CHA201706270,2017-06-27,CHA,NYA,0,0,3.45,2.87,1e-06,1e-06,CHA,CHA,0.2,0.4,0.315,0.327
CLE201706270,2017-06-27,CLE,TEX,0,0,2.94,2.79,1e-06,1e-06,CLE,CLE,0.5,0.8,0.34,0.293
PIT201706270,2017-06-27,PIT,TBA,0,0,,3.24,898.8824563980571,1429.1664141131923,SLN,TBA,0.7,0.3,0.325,0.312
DET201706270,2017-06-27,DET,KCA,0,3,3.36,5.45,3167.619360952703,1034.95696626315,SDN,KCA,0.4,0.4,0.341,0.308
ARI201706270,2017-06-27,ARI,SLN,0,1,4.23,3.99,1e-06,2043.890455711885,ARI,SLN,0.9,0.1,0.35,0.329
HOU201706270,2017-06-27,HOU,OAK,0,0,5.22,4.37,3039.1839825945185,1516.5648050119732,SEA,CHA,0.6,0.6,0.342,0.312
TOR201706270,2017-06-27,TOR,BAL,0,2,5.34,4.68,1362.7751953099455,1789.459752085548,KCA,TBA,0.4,0.1,0.314,0.3
SFN201706270,2017-06-27,SFN,COL,0,0,1.99,5.4,1e-06,1e-06,SFN,SFN,0.5,0.2,0.308,0.313
SDN201706270,2017-06-27,SDN,ATL,0,0,3.89,4.32,1e-06,3037.495642889967,SDN,ATL,0.6,0.7,0.306,0.327
MIA201706270,2017-06-27,MIA,NYN,3,1,3.0,7.18,1e-06,4167.0413845935145,MIA,SFN,0.6,0.5,0.332,0.33
PIT201706280,2017-06-28,PIT,TBA,4,1,4.14,4.04,1e-06,1e-06,PIT,PIT,0.7,0.3,0.325,0.312
CIN201706280,2017-06-28,CIN,MIL,0,0,4.45,1.78,1e-06,1e-06,CIN,CIN,0.8,0.5,0.335,0.326
WAS201706280,2017-06-28,WAS,CHN,1,0,2.52,4.59,1e-06,1e-06,WAS,WAS,1.0,0.9,0.352,0.324
HOU201706280,2017-06-28,HOU,OAK,2,0,5.63,5.3,1e-06,1e-06,HOU,HOU,0.6,0.6,0.342,0.312
CHA201706280,2017-06-28,CHA,NYA,0,3,4.15,4.74,1e-06,1e-06,CHA,CHA,0.2,0.4,0.315,0.327
SFN201706280,2017-06-28,SFN,COL,0,2,4.78,4.1,1e-06,1e-06,SFN,SFN,0.5,0.2,0.308,0.313
TOR201706280,2017-06-28,TOR,BAL,1,0,3.09,5.61,1e-06,1e-06,TOR,TOR,0.3,0.3,0.314,0.3
MIA201706280,2017-06-28,MIA,NYN,0,3,8.16,6.08,1e-06,1e-06,MIA,MIA,0.9,0.6,0.332,0.33
DET201706280,2017-06-28,DET,KCA,0,0,5.31,5.38,1e-06,1e-06,DET,DET,0.4,0.7,0.341,0.308
SDN201706280,2017-06-28,SDN,ATL,2,0,4.67,6.48,1e-06,1e-06,SDN,SDN,0.6,0.7,0.306,0.327
BOS201706280,2017-06-28,BOS,MIN,0,2,4.65,4.5,1e-06,1e-06,BOS,BOS,0.7,0.2,0.341,0.322
SEA201706280,2017-06-28,SEA,PHI,1,0,3.27,7.89,1e-06,1e-06,SEA,SEA,0.2,0.6,0.334,0.307
CLE201706280,2017-06-28,CLE,TEX,1,0,4.19,3.86,1e-06,1e-06,CLE,CLE,0.4,0.8,0.34,0.293
ARI201706280,2017-06-28,ARI,SLN,0,0,3.37,5.11,1e-06,1e-06,ARI,ARI,0.7,0.2,0.35,0.329
ANA201706280,2017-06-28,ANA,LAN,0,0,4.43,2.95,40.86770847173621,40.86770847173621,LAN,LAN,0.6,0.2,0.318,0.336
WAS201706290,2017-06-29,WAS,CHN,1,1,3.93,5.24,1e-06,1e-06,WAS,WAS,1.1,0.7,0.352,0.324
ARI201706290,2017-06-29,ARI,SLN,0,0,4.7,3.43,1e-06,1e-06,ARI,ARI,0.7,0.2,0.35,0.329
MIA201706290,2017-06-29,MIA,NYN,0,2,3.82,4.71,1e-06,1e-06,MIA,MIA,0.9,0.9,0.332,0.33
CLE201706290,2017-06-29,CLE,TEX,0,1,2.25,3.4,1e-06,1e-06,CLE,CLE,0.5,0.8,0.34,0.293
PIT201706290,2017-06-29,PIT,TBA,0,0,4.44,4.07,1e-06,1e-06,PIT,PIT,1.0,0.4,0.325,0.312
ANA201706290,2017-06-29,ANA,LAN,0,0,4.15,2.31,1e-06,1e-06,ANA,ANA,0.6,0.2,0.318,0.336
CHA201706290,2017-06-29,CHA,NYA,0,1,5.23,4.75,1e-06,1e-06,CHA,CHA,0.2,0.7,0.315,0.327
BOS201706290,2017-06-29,BOS,MIN,0,1,3.38,5.07,1e-06,1e-06,BOS,BOS,0.7,0.4,0.341,0.322
CIN201706290,2017-06-29,CIN,MIL,0,1,6.43,3.49,1e-06,1e-06,CIN,CIN,0.8,0.5,0.335,0.326
DET201706290,2017-06-29,DET,KCA,3,0,3.83,,1e-06,1e-06,DET,DET,0.4,0.7,0.341,0.308
TOR201706290,2017-06-29,TOR,BAL,0,0,3.53,6.81,1e-06,1e-06,TOR,TOR,0.4,0.3,0.314,0.3
HOU201706290,2017-06-29,HOU,OAK,0,0,3.0,6.11,1e-06,1e-06,HOU,HOU,0.8,0.6,0.342,0.312
SDN201706290,2017-06-29,SDN,ATL,0,0,4.57,4.41,1e-06,1e-06,SDN,SDN,0.7,0.7,0.306,0.327
KCA201706300,2017-06-30,KCA,MIN,0,0,4.16,3.28,1034.95696626315,2008.0645584325655,DET,BOS,0.1,0.5,0.315,0.322
CHA201706300,2017-06-30,CHA,TEX,2,0,2.33,3.78,1e-06,494.38381964269325,CHA,CLE,0.2,0.9,0.315,0.293
CIN201706300,2017-06-30,CIN,CHN,0,0,4.77,3.38,1e-06,647.9323389925676,CIN,WAS,0.6,0.5,0.335,0.324
ARI201706300,2017-06-30,ARI,COL,1,1,2.89,3.67,1e-06,1050.993394248722,ARI,SFN,0.5,0.2,0.35,0.313
NYN201706300,2017-06-30,NYN,PHI,0,0,3.53,4.26,1756.5620451799746,3865.3953610333656,MIA,SEA,0.3,0.6,0.31,0.307
SLN201706300,2017-06-30,SLN,WAS,0,0,3.92,4.67,2043.890455711885,1142.2462660488457,ARI,WAS,0.7,0.6,0.339,0.311
BAL201706300,2017-06-30,BAL,TBA,0,0,3.43,5.7,537.0332419152472,314.0609856627503,TOR,PIT,0.9,0.3,0.323,0.312
PIT201706300,2017-06-30,PIT,SFN,3,1,4.26,4.52,1e-06,3638.3530777091846,PIT,SFN,1.0,0.1,0.325,0.309
TOR201706300,2017-06-30,TOR,BOS,3,0,3.75,4.35,1e-06,691.6136251477402,TOR,BOS,0.1,0.3,0.314,0.318
SDN201706300,2017-06-30,SDN,LAN,0,4,4.79,2.72,1e-06,141.8121399568677,SDN,ANA,0.6,0.2,0.306,0.336
OAK201706300,2017-06-30,OAK,ATL,0,0,3.55,4.79,2629.671879056886,731.4285571970996,HOU,SDN,0.5,0.7,0.327,0.327
HOU201706300,2017-06-30,HOU,NYA,1,0,5.63,4.39,1e-06,1516.5648050119732,HOU,CHA,0.8,0.8,0.342,0.327
MIL201706300,2017-06-30,MIL,MIA,0,0,4.21,3.4,525.1892238126902,2045.0709343750696,CIN,MIA,0.4,0.9,0.318,0.33
ANA201706300,2017-06-30,ANA,SEA,0,0,3.64,5.12,1e-06,1575.276973597757,ANA,SEA,0.6,1.1,0.318,0.317
ANA201707010,2017-07-01,ANA,SEA,0,0,4.92,4.36,1e-06,1e-06,ANA,ANA,0.6,1.1,0.318,0.317
OAK201707010,2017-07-01,OAK,ATL,0,0,4.27,2.55,1e-06,1e-06,OAK,OAK,0.4,0.7,0.327,0.327
ARI201707010,2017-07-01,ARI,COL,1,0,3.2,4.69,1e-06,1e-06,ARI,ARI,0.3,0.3,0.35,0.313
KCA201707011,2017-07-01,KCA,MIN,0,0,2.55,4.94,1e-06,1e-06,KCA,KCA,0.1,0.5,0.315,0.322
MIL201707010,2017-07-01,MIL,MIA,0,2,3.9,6.69,1e-06,1e-06,MIL,MIL,0.4,0.9,0.318,0.33
SDN201707010,2017-07-01,SDN,LAN,0,1,6.65,3.32,1e-06,1e-06,SDN,SDN,0.6,0.5,0.306,0.336
KCA201707012,2017-07-01,KCA,MIN,2,0,5.29,10.57,1e-06,1e-06,KCA,KCA,0.1,0.5,0.315,0.322
CHA201707010,2017-07-01,CHA,TEX,2,0,6.2,4.2,1e-06,1e-06,CHA,CHA,0.4,0.9,0.315,0.293
BAL201707010,2017-07-01,BAL,TBA,0,3,4.24,4.14,1e-06,1e-06,BAL,BAL,0.6,0.3,0.323,0.312
NYN201707010,2017-07-01,NYN,PHI,0,0,5.22,1.59,1e-06,1e-06,NYN,NYN,0.3,0.6,0.31,0.307
SLN201707010,2017-07-01,SLN,WAS,0,0,4.13,2.96,1e-06,1e-06,SLN,SLN,0.7,0.6,0.339,0.311
DET201707012,2017-07-01,DET,CLE,0,0,6.08,3.29,1e-06,1e-06,DET,DET,0.7,0.5,0.341,0.333
DET201707011,2017-07-01,DET,CLE,0,0,2.66,3.52,1e-06,145.52553501827433,DET,CLE,0.6,0.5,0.341,0.333
CIN201707010,2017-07-01,CIN,CHN,0,0,4.68,3.95,1e-06,1e-06,CIN,CIN,0.6,0.5,0.335,0.324
HOU201707010,2017-07-01,HOU,NYA,0,0,9.0,2.87,1e-06,1e-06,HOU,HOU,0.9,0.8,0.342,0.327
TOR201707010,2017-07-01,TOR,BOS,0,2,5.66,2.9,1e-06,1e-06,TOR,TOR,0.4,0.3,0.314,0.318
PIT201707010,2017-07-01,PIT,SFN,0,0,4.38,6.23,1e-06,1e-06,PIT,PIT,1.1,0.2,0.325,0.309
OAK201707020,2017-07-02,OAK,ATL,0,0,6.43,5.56,1e-06,1e-06,OAK,OAK,0.3,0.7,0.327,0.327
ANA201707020,2017-07-02,ANA,SEA,0,0,5.35,2.98,1e-06,1e-06,ANA,ANA,0.5,1.1,0.318,0.317
SDN201707020,2017-07-02,SDN,LAN,1,0,3.89,4.22,1e-06,1e-06,SDN,SDN,0.5,0.6,0.306,0.336
TOR201707020,2017-07-02,TOR,BOS,0,1,5.34,3.32,1e-06,1e-06,TOR,TOR,0.4,0.5,0.314,0.318
HOU201707020,2017-07-02,HOU,NYA,0,0,2.68,2.98,1e-06,1e-06,HOU,HOU,0.9,0.4,0.342,0.327
MIL201707020,2017-07-02,MIL,MIA,1,0,5.12,4.26,1e-06,1e-06,MIL,MIL,0.3,1.0,0.318,0.33
CHA201707020,2017-07-02,CHA,TEX,1,0,1.84,3.94,1e-06,1e-06,CHA,CHA,0.4,0.9,0.315,0.293
KCA201707020,2017-07-02,KCA,MIN,0,0,2.48,5.63,1e-06,1e-06,KCA,KCA,0.3,0.5,0.315,0.322
CIN201707020,2017-07-02,CIN,CHN,0,0,5.52,3.53,1e-06,1e-06,CIN,CIN,0.5,0.4,0.335,0.324
ARI201707020,2017-07-02,ARI,COL,0,0,4.23,5.06,1e-06,1e-06,ARI,ARI,0.4,0.3,0.35,0.313
PIT201707020,2017-07-02,PIT,SFN,0,0,3.38,4.42,1e-06,1e-06,PIT,PIT,0.9,0.2,0.325,0.309
DET201707020,2017-07-02,DET,CLE,0,0,3.36,3.11,1e-06,1e-06,DET,DET,0.6,0.5,0.341,0.333
SLN201707020,2017-07-02,SLN,WAS,0,2,3.64,2.51,1e-06,1e-06,SLN,SLN,0.7,0.5,0.339,0.311
NYN201707020,2017-07-02,NYN,PHI,0,0,5.52,6.02,1e-06,1e-06,NYN,NYN,0.1,0.5,0.31,0.307
BAL201707020,2017-07-02,BAL,TBA,0,0,4.68,3.66,1e-06,1e-06,BAL,BAL,0.5,0.6,0.323,0.312
COL201707030,2017-07-03,COL,CIN,0,1,5.89,3.12,942.6579354569092,1756.1898521305268,ARI,CIN,0.4,1.2,0.364,0.323
WAS201707030,2017-07-03,WAS,NYN,0,0,1.62,4.55,1142.2462660488457,326.3648041771951,SLN,NYN,1.1,1.0,0.352,0.33
TEX201707030,2017-07-03,TEX,BOS,1,0,5.14,3.63,1309.650558347085,1953.690097165916,CHA,TOR,1.3,0.4,0.347,0.318
SEA201707030,2017-07-03,SEA,KCA,0,1,5.34,5.38,1575.276973597757,2418.3539462011913,ANA,KCA,0.3,0.7,0.334,0.308
OAK201707030,2017-07-03,OAK,CHA,0,0,5.58,4.15,1e-06,2971.6570204984887,OAK,CHA,0.2,1.3,0.327,0.312
NYA201707030,2017-07-03,NYA,TOR,2,0,4.74,3.09,2282.180747677387,550.2922217550002,HOU,TOR,1.2,0.8,0.343,0.311
SLN201707030,2017-07-03,SLN,MIA,4,0,5.11,8.16,1e-06,526.8349145670746,SLN,MIL,0.6,0.9,0.339,0.33
MIN201707030,2017-07-03,MIN,ANA,0,0,4.5,3.74,662.9211681328137,2437.087352189671,KCA,ANA,0.7,0.4,0.347,0.312
MIL201707030,2017-07-03,MIL,BAL,4,0,3.42,5.61,1e-06,1035.68831801876,MIL,BAL,0.3,0.3,0.318,0.3
PHI201707030,2017-07-03,PHI,PIT,2,0,3.54,4.14,129.48897528262268,412.2899901216241,NYN,PIT,0.7,1.0,0.322,0.311
CLE201707040,2017-07-04,CLE,SDN,0,0,2.25,4.21,145.52553501827433,3267.492473719747,DET,SDN,0.5,1.0,0.34,0.293
SLN201707040,2017-07-04,SLN,MIA,0,0,3.43,3.82,1e-06,1e-06,SLN,SLN,1.0,0.6,0.339,0.33
PHI201707040,2017-07-04,PHI,PIT,0,0,4.96,4.44,1e-06,1e-06,PHI,PHI,0.9,0.8,0.322,0.311
MIN201707040,2017-07-04,MIN,ANA,0,0,5.07,4.15,1e-06,1e-06,MIN,MIN,0.7,0.4,0.347,0.312
WAS201707040,2017-07-04,WAS,NYN,0,1,5.01,4.71,1e-06,1e-06,WAS,WAS,0.9,1.0,0.352,0.33
SEA201707040,2017-07-04,SEA,KCA,2,1,4.36,3.81,1e-06,1e-06,SEA,SEA,0.3,0.4,0.334,0.308
COL201707040,2017-07-04,COL,CIN,1,1,4.1,6.43,1e-06,1e-06,COL,COL,0.4,1.1,0.364,0.323
ATL201707040,2017-07-04,ATL,HOU,0,0,4.32,3.0,3423.460480270077,1129.120744817785,OAK,HOU,0.6,0.8,0.325,0.343
TEX201707040,2017-07-04,TEX,BOS,0,0,3.86,3.38,1e-06,1e-06,TEX,TEX,1.4,0.4,0.347,0.318
CHN201707040,2017-07-04,CHN,TBA,0,0,4.33,4.07,406.2527329885922,972.7856247406662,CIN,BAL,1.0,0.6,0.342,0.312
NYA201707040,2017-07-04,NYA,TOR,0,0,3.69,3.53,1e-06,1e-06,NYA,NYA,1.4,0.8,0.343,0.311
DET201707040,2017-07-04,DET,SFN,0,1,3.83,5.43,1e-06,331.7516309667575,DET,PIT,0.6,0.2,0.341,0.309
MIL201707040,2017-07-04,MIL,BAL,0,0,3.49,6.81,1e-06,1e-06,MIL,MIL,0.7,0.3,0.318,0.3
LAN201707040,2017-07-04,LAN,ARI,1,0,2.31,4.03,179.52869961196944,574.8341159449532,SDN,ARI,0.9,0.8,0.334,0.309
OAK201707040,2017-07-04,OAK,CHA,0,0,4.27,2.59,1e-06,1e-06,OAK,OAK,0.2,1.3,0.327,0.312
CHN201707050,2017-07-05,CHN,TBA,0,1,2.83,4.39,1e-06,1e-06,CHN,CHN,0.8,0.6,0.342,0.312
PHI201707050,2017-07-05,PHI,PIT,2,0,4.26,4.26,1e-06,1e-06,PHI,PHI,0.7,0.8,0.322,0.311
DET201707050,2017-07-05,DET,SFN,0,0,5.31,4.78,1e-06,1e-06,DET,DET,0.5,0.2,0.341,0.309
MIN201707050,2017-07-05,MIN,ANA,0,1,3.28,3.64,1e-06,1e-06,MIN,MIN,0.7,0.3,0.347,0.312
SEA201707050,2017-07-05,SEA,KCA,2,4,3.86,2.55,1e-06,1e-06,SEA,SEA,0.5,0.5,0.334,0.308
TEX201707050,2017-07-05,TEX,BOS,0,0,3.4,4.88,1e-06,1e-06,TEX,TEX,1.3,0.4,0.347,0.318
NYA201707050,2017-07-05,NYA,TOR,0,1,2.87,3.55,1e-06,1e-06,NYA,NYA,1.4,0.8,0.343,0.311
CLE201707050,2017-07-05,CLE,SDN,0,0,4.19,4.67,1e-06,1e-06,CLE,CLE,0.5,0.8,0.34,0.293
ATL201707050,2017-07-05,ATL,HOU,0,1,4.41,2.68,1e-06,1e-06,ATL,ATL,0.6,0.8,0.325,0.343
MIL201707050,2017-07-05,MIL,BAL,0,0,4.94,7.43,1e-06,1e-06,MIL,MIL,0.7,0.2,0.318,0.3
LAN201707050,2017-07-05,LAN,ARI,0,0,2.72,3.37,1e-06,1e-06,LAN,LAN,1.0,0.8,0.334,0.309
OAK201707050,2017-07-05,OAK,CHA,1,0,3.55,5.93,1e-06,1e-06,OAK,OAK,0.1,1.3,0.327,0.312
SLN201707050,2017-07-05,SLN,MIA,0,1,3.92,4.75,1e-06,1e-06,SLN,SLN,1.0,0.6,0.339,0.33
COL201707050,2017-07-05,COL,CIN,0,0,3.67,4.77,1e-06,1e-06,COL,COL,0.5,1.2,0.364,0.323
PHI201707060,2017-07-06,PHI,PIT,0,0,4.65,4.35,1e-06,1e-06,PHI,PHI,0.9,0.8,0.322,0.311
SLN201707060,2017-07-06,SLN,MIA,0,1,4.13,6.69,1e-06,1e-06,SLN,SLN,0.8,0.4,0.339,0.33
MIN201707060,2017-07-06,MIN,BAL,0,0,3.89,4.24,1e-06,476.3851219130703,MIN,MIL,0.2,0.2,0.347,0.3
SEA201707060,2017-07-06,SEA,OAK,0,3,4.36,3.22,1e-06,1089.6592015072615,SEA,OAK,0.5,0.5,0.334,0.312
DET201707060,2017-07-06,DET,SFN,1,0,6.41,3.68,1e-06,1e-06,DET,DET,0.4,0.2,0.341,0.309
COL201707060,2017-07-06,COL,CIN,0,1,4.69,4.45,1e-06,1e-06,COL,COL,0.5,1.1,0.364,0.323
LAN201707060,2017-07-06,LAN,ARI,0,0,2.84,4.23,1e-06,1e-06,LAN,LAN,0.6,0.7,0.334,0.309
WAS201707060,2017-07-06,WAS,ATL,0,0,2.96,4.79,1e-06,874.0887985860761,WAS,ATL,0.6,0.7,0.352,0.327
TOR201707060,2017-07-06,TOR,HOU,0,0,5.66,4.25,550.2922217550002,1183.2911929642491,NYA,ATL,0.4,0.9,0.314,0.343
CLE201707060,2017-07-06,CLE,SDN,3,0,4.98,4.57,1e-06,1e-06,CLE,CLE,0.5,0.8,0.34,0.293
CHN201707060,2017-07-06,CHN,MIL,0,2,3.38,3.9,1e-06,132.54357794550742,CHN,MIL,0.8,0.6,0.342,0.326
TBA201707060,2017-07-06,TBA,BOS,0,0,3.43,2.9,1636.2782802002057,1496.616116420437,CHN,TEX,0.8,0.4,0.322,0.318
PHI201707070,2017-07-07,PHI,SDN,0,1,3.01,2.16,1e-06,576.425945012328,PHI,CLE,0.9,0.7,0.322,0.293
SLN201707070,2017-07-07,SLN,NYN,0,1,3.64,3.53,1e-06,1142.2462660488457,SLN,WAS,0.8,1.1,0.339,0.33
MIN201707070,2017-07-07,MIN,BAL,0,2,3.21,3.53,1e-06,1e-06,MIN,MIN,0.2,0.2,0.347,0.3
SEA201707070,2017-07-07,SEA,OAK,1,0,2.98,4.37,1e-06,1e-06,SEA,SEA,0.5,0.8,0.334,0.312
TBA201707070,2017-07-07,TBA,BOS,0,0,4.14,3.32,1e-06,1e-06,TBA,TBA,0.5,0.3,0.322,0.318
SFN201707070,2017-07-07,SFN,MIA,0,4,5.52,4.26,3357.960642412695,2802.2400845274956,DET,SLN,0.5,0.5,0.308,0.33
ARI201707070,2017-07-07,ARI,CIN,0,0,3.2,5.52,574.8341159449532,942.6579354569092,LAN,COL,0.3,1.2,0.35,0.323
WAS201707070,2017-07-07,WAS,ATL,0,0,1.62,5.33,1e-06,1e-06,WAS,WAS,0.6,0.6,0.352,0.327
COL201707070,2017-07-07,COL,CHA,4,0,4.39,6.2,1e-06,1511.503011223779,COL,OAK,0.2,1.0,0.364,0.312
TOR201707070,2017-07-07,TOR,HOU,0,2,4.25,3.62,1e-06,1e-06,TOR,TOR,0.4,0.9,0.314,0.343
CHN201707070,2017-07-07,CHN,PIT,0,0,2.98,4.07,1e-06,1068.017024042746,CHN,PHI,0.8,0.8,0.342,0.311
TEX201707070,2017-07-07,TEX,ANA,3,0,4.2,4.92,1e-06,1396.7696185124962,TEX,MIN,1.2,0.3,0.347,0.312
CLE201707070,2017-07-07,CLE,DET,0,0,3.29,6.08,1e-06,145.52553501827433,CLE,DET,0.5,0.6,0.34,0.306
NYA201707070,2017-07-07,NYA,MIL,0,0,4.77,2.08,1e-06,1144.129935670241,NYA,CHN,0.8,0.8,0.343,0.326
LAN201707070,2017-07-07,LAN,KCA,0,0,4.22,5.29,1e-06,1545.141516309272,LAN,SEA,0.2,0.9,0.334,0.308
MIN201707080,2017-07-08,MIN,BAL,0,0,4.5,5.61,1e-06,1e-06,MIN,MIN,0.2,0.4,0.347,0.3
COL201707080,2017-07-08,COL,CHA,2,3,3.61,2.59,1e-06,1e-06,COL,COL,0.6,1.0,0.364,0.312
ARI201707080,2017-07-08,ARI,CIN,0,3,3.49,3.12,1e-06,1e-06,ARI,ARI,0.3,1.2,0.35,0.323
TEX201707080,2017-07-08,TEX,ANA,1,0,7.71,5.35,1e-06,1e-06,TEX,TEX,1.5,0.3,0.347,0.312
PHI201707080,2017-07-08,PHI,SDN,0,0,3.54,3.89,1e-06,1e-06,PHI,PHI,0.9,0.6,0.322,0.293
SLN201707080,2017-07-08,SLN,NYN,0,0,5.11,5.21,1e-06,1e-06,SLN,SLN,0.7,1.1,0.339,0.33
SFN201707080,2017-07-08,SFN,MIA,0,2,4.42,4.36,1e-06,1e-06,SFN,SFN,0.4,0.8,0.308,0.33
CLE201707080,2017-07-08,CLE,DET,0,0,3.11,3.36,1e-06,1e-06,CLE,CLE,0.5,0.4,0.34,0.306
NYA201707080,2017-07-08,NYA,MIL,0,3,3.22,1.78,1e-06,1e-06,NYA,NYA,0.3,0.8,0.343,0.326
TBA201707080,2017-07-08,TBA,BOS,0,0,3.66,4.65,1e-06,1e-06,TBA,TBA,0.4,0.3,0.322,0.318
SEA201707080,2017-07-08,SEA,OAK,0,0,3.27,2.81,1e-06,1e-06,SEA,SEA,0.6,0.8,0.334,0.312
WAS201707080,2017-07-08,WAS,ATL,0,0,2.52,4.49,1e-06,1e-06,WAS,WAS,0.5,0.3,0.352,0.327
LAN201707080,2017-07-08,LAN,KCA,0,0,3.75,2.48,1e-06,1e-06,LAN,LAN,0.2,0.9,0.334,0.308
CHN201707080,2017-07-08,CHN,PIT,0,0,3.53,4.14,1e-06,1e-06,CHN,CHN,0.7,0.2,0.342,0.311
TOR201707080,2017-07-08,TOR,HOU,0,0,3.09,5.22,1e-06,1e-06,TOR,TOR,0.4,1.1,0.314,0.343
NYA201707090,2017-07-09,NYA,MIL,0,3,4.74,3.49,1e-06,1e-06,NYA,NYA,0.3,0.9,0.343,0.326
TOR201707090,2017-07-09,TOR,HOU,0,0,3.53,3.0,1e-06,1e-06,TOR,TOR,0.4,0.6,0.314,0.343
CHN201707090,2017-07-09,CHN,PIT,0,12,4.33,1.97,1e-06,1e-06,CHN,CHN,0.5,0.2,0.342,0.311
SLN201707090,2017-07-09,SLN,NYN,1,0,3.43,6.08,1e-06,1e-06,SLN,SLN,0.7,1.0,0.339,0.33
CLE201707090,2017-07-09,CLE,DET,0,0,2.8,3.83,1e-06,1e-06,CLE,CLE,0.5,0.4,0.34,0.306
SEA201707090,2017-07-09,SEA,OAK,0,0,4.36,6.11,1e-06,1e-06,SEA,SEA,0.6,0.8,0.334,0.312
MIN201707090,2017-07-09,MIN,BAL,0,3,5.07,6.81,1e-06,1e-06,MIN,MIN,0.2,0.4,0.347,0.3
PHI201707090,2017-07-09,PHI,SDN,0,0,4.71,4.93,1e-06,1e-06,PHI,PHI,0.9,0.2,0.322,0.293
COL201707090,2017-07-09,COL,CHA,0,0,4.1,4.15,1e-06,1e-06,COL,COL,0.8,0.9,0.364,0.312
LAN201707090,2017-07-09,LAN,KCA,1,0,2.31,3.81,1e-06,1e-06,LAN,LAN,0.2,0.9,0.334,0.308
ARI201707090,2017-07-09,ARI,CIN,0,0,4.03,6.43,1e-06,1e-06,ARI,ARI,0.3,1.5,0.35,0.323
TBA201707090,2017-07-09,TBA,BOS,1,1,3.38,2.79,1e-06,1e-06,TBA,TBA,0.4,0.3,0.322,0.318
SFN201707090,2017-07-09,SFN,MIA,0,0,3.39,4.68,1e-06,1e-06,SFN,SFN,0.2,1.0,0.308,0.33
WAS201707090,2017-07-09,WAS,ATL,3,0,4.32,4.32,1e-06,1e-06,WAS,WAS,0.3,0.3,0.352,0.327
TEX201707090,2017-07-09,TEX,ANA,0,1,3.86,4.15,1e-06,1e-06,TEX,TEX,1.1,0.2,0.347,0.312
BOS201707140,2017-07-14,BOS,NYA,0,0,3.79,3.22,1926.694381718032,306.2037667286439,TBA,NYA,0.7,0.4,0.341,0.327
NYN201707140,2017-07-14,NYN,COL,0,1,3.53,3.67,1403.0288811452067,2618.595617996944,SLN,COL,0.1,0.3,0.31,0.313
MIA201707140,2017-07-14,MIA,LAN,0,0,3.99,2.84,4167.0413845935145,3756.8524313396424,SFN,LAN,0.9,0.6,0.332,0.336
SDN201707140,2017-07-14,SDN,SFN,0,1,4.79,1.99,3810.8466979584146,738.1265117326025,PHI,SFN,0.4,0.2,0.306,0.309
PIT201707140,2017-07-14,PIT,SLN,0,2,,,660.0502267315369,898.8824563980571,CHN,SLN,0.9,0.2,0.325,0.329
MIL201707140,2017-07-14,MIL,PHI,0,2,3.9,6.02,1181.7674036325852,1117.7982780855818,NYA,PHI,0.7,0.1,0.318,0.307
ATL201707140,2017-07-14,ATL,ARI,1,0,7.23,1.73,874.0887985860761,2556.4851145812468,WAS,ARI,0.5,0.5,0.325,0.309
OAK201707140,2017-07-14,OAK,CLE,0,0,3.55,3.29,1089.6592015072615,3466.040146226439,SEA,CLE,0.2,0.5,0.327,0.333
BAL201707140,2017-07-14,BAL,CHN,0,4,3.18,3.98,1508.338155320694,972.7856247406662,MIN,CHN,0.5,0.4,0.323,0.324
DET201707140,2017-07-14,DET,TOR,0,0,3.36,4.25,145.52553501827433,332.4198044988213,CLE,TOR,0.5,0.7,0.341,0.311
KCA201707140,2017-07-14,KCA,TEX,0,0,2.55,4.82,2180.1721742734608,738.3603208647532,LAN,TEX,0.3,0.9,0.315,0.293
CIN201707140,2017-07-14,CIN,WAS,0,2,5.52,2.96,2538.655038172322,647.9323389925676,ARI,WAS,0.5,0.7,0.335,0.311
ANA201707140,2017-07-14,ANA,TBA,0,1,4.43,3.38,1938.7751997181072,3425.3074193268753,TEX,TBA,0.5,0.7,0.318,0.312
CHA201707140,2017-07-14,CHA,SEA,0,0,5.23,2.98,1477.450780411816,2788.668911659839,COL,SEA,0.5,1.1,0.315,0.317
HOU201707140,2017-07-14,HOU,MIN,0,1,3.62,3.89,2094.913694918614,1702.4056315736932,TOR,MIN,0.8,0.5,0.342,0.322
CIN201707150,2017-07-15,CIN,WAS,0,0,3.12,2.51,1e-06,1e-06,CIN,CIN,0.5,0.8,0.335,0.311
CHA201707150,2017-07-15,CHA,SEA,1,0,2.33,4.36,1e-06,1e-06,CHA,CHA,0.5,0.9,0.315,0.317
HOU201707150,2017-07-15,HOU,MIN,0,1,4.77,3.28,1e-06,1e-06,HOU,HOU,0.7,0.4,0.342,0.322
ATL201707150,2017-07-15,ATL,ARI,0,1,5.33,3.59,1e-06,1e-06,ATL,ATL,0.6,0.3,0.325,0.309
DET201707150,2017-07-15,DET,TOR,1,0,3.83,5.66,1e-06,1e-06,DET,DET,0.4,0.7,0.341,0.311
MIL201707150,2017-07-15,MIL,PHI,0,0,4.0,4.65,1e-06,1e-06,MIL,MIL,0.7,0.3,0.318,0.307
BOS201707150,2017-07-15,BOS,NYA,0,0,4.88,0.82,1e-06,1e-06,BOS,BOS,0.6,0.4,0.341,0.327
ANA201707150,2017-07-15,ANA,TBA,0,0,4.15,3.66,1e-06,1e-06,ANA,ANA,0.4,0.8,0.318,0.312
MIA201707150,2017-07-15,MIA,LAN,0,0,3.82,2.72,1e-06,1e-06,MIA,MIA,0.9,0.6,0.332,0.336
SDN201707150,2017-07-15,SDN,SFN,0,2,6.52,1.99,1e-06,1e-06,SDN,SDN,0.4,0.3,0.306,0.309
NYN201707150,2017-07-15,NYN,COL,4,0,4.71,4.69,1e-06,1e-06,NYN,NYN,0.1,0.4,0.31,0.313
OAK201707150,2017-07-15,OAK,CLE,0,0,1.83,1.44,1e-06,1e-06,OAK,OAK,0.2,0.2,0.327,0.333
KCA201707150,2017-07-15,KCA,TEX,0,0,3.81,3.94,1e-06,1e-06,KCA,KCA,0.3,0.9,0.315,0.293
BAL201707150,2017-07-15,BAL,CHN,0,0,5.61,3.53,1e-06,1e-06,BAL,BAL,0.5,0.8,0.323,0.324
PIT201707150,2017-07-15,PIT,SLN,0,0,4.44,3.43,1e-06,1e-06,PIT,PIT,0.9,0.4,0.325,0.329
HOU201707160,2017-07-16,HOU,MIN,0,0,5.22,5.07,1e-06,1e-06,HOU,HOU,0.7,0.5,0.342,0.322
BAL201707160,2017-07-16,BAL,CHN,0,0,6.81,4.15,1e-06,1e-06,BAL,BAL,0.3,0.7,0.323,0.324
PIT201707160,2017-07-16,PIT,SLN,1,0,4.5,3.88,1e-06,1e-06,PIT,PIT,0.9,0.4,0.325,0.329
OAK201707160,2017-07-16,OAK,CLE,4,0,4.37,4.19,1e-06,1e-06,OAK,OAK,0.1,0.2,0.327,0.333
SDN201707160,2017-07-16,SDN,SFN,4,0,4.93,4.42,1e-06,1e-06,SDN,SDN,0.4,0.5,0.306,0.309
MIA201707160,2017-07-16,MIA,LAN,0,1,4.36,3.32,1e-06,1e-06,MIA,MIA,0.9,0.6,0.332,0.336
CHA201707160,2017-07-16,CHA,SEA,0,0,6.4,3.2,1e-06,1e-06,CHA,CHA,0.6,0.7,0.315,0.317
NYN201707160,2017-07-16,NYN,COL,0,4,6.08,5.89,1e-06,1e-06,NYN,NYN,0.4,0.4,0.31,0.313
ATL201707160,2017-07-16,ATL,ARI,1,0,4.41,3.37,1e-06,1e-06,ATL,ATL,0.6,0.4,0.325,0.309
BOS201707161,2017-07-16,BOS,NYA,0,0,4.65,3.69,1e-06,1e-06,BOS,BOS,0.6,0.4,0.341,0.327
KCA201707160,2017-07-16,KCA,TEX,1,0,4.25,6.3,1e-06,1e-06,KCA,KCA,0.3,0.8,0.315,0.293
MIL201707160,2017-07-16,MIL,PHI,0,0,4.43,5.43,1e-06,1e-06,MIL,MIL,0.7,0.2,0.318,0.307
CIN201707160,2017-07-16,CIN,WAS,0,2,6.43,4.67,1e-06,1e-06,CIN,CIN,0.5,0.8,0.335,0.311
ANA201707160,2017-07-16,ANA,TBA,0,0,3.11,5.7,1e-06,1e-06,ANA,ANA,0.3,0.6,0.318,0.312
DET201707160,2017-07-16,DET,TOR,3,3,4.88,7.47,1e-06,1e-06,DET,DET,0.5,0.7,0.341,0.311
BOS201707162,2017-07-16,BOS,NYA,0,0,3.38,4.74,1e-06,1e-06,BOS,BOS,0.5,0.4,0.341,0.327
NYN201707170,2017-07-17,NYN,SLN,0,0,5.21,5.11,1e-06,505.04779123783345,NYN,PIT,0.4,0.3,0.31,0.329
KCA201707170,2017-07-17,KCA,DET,0,1,4.16,6.08,1e-06,1034.95696626315,KCA,DET,0.4,0.1,0.315,0.306
BOS201707170,2017-07-17,BOS,TOR,0,2,3.63,3.59,1e-06,984.732039314543,BOS,DET,0.2,0.4,0.341,0.311
OAK201707170,2017-07-17,OAK,TBA,0,0,6.11,4.14,1e-06,592.0809005913671,OAK,ANA,0.5,0.6,0.327,0.312
SFN201707170,2017-07-17,SFN,CLE,0,0,5.52,4.98,738.1265117326025,13.027453191410114,SDN,OAK,0.2,0.2,0.308,0.333
ATL201707170,2017-07-17,ATL,CHN,0,0,4.49,4.33,1e-06,927.9028501726538,ATL,BAL,0.7,0.7,0.325,0.324
COL201707170,2017-07-17,COL,SDN,1,0,4.39,4.67,2618.595617996944,1340.79250926624,NYN,SDN,0.8,0.2,0.364,0.293
MIA201707170,2017-07-17,MIA,PHI,2,0,2.34,4.96,1e-06,2045.0709343750696,MIA,MIL,0.9,0.2,0.332,0.307
PIT201707170,2017-07-17,PIT,MIL,0,0,4.38,2.08,1e-06,722.0054120555708,PIT,MIL,0.8,1.2,0.325,0.326
MIN201707170,2017-07-17,MIN,NYA,0,0,3.07,7.71,1702.4056315736932,1804.1923618308683,HOU,BOS,0.2,0.4,0.347,0.327
HOU201707170,2017-07-17,HOU,SEA,1,1,5.79,5.72,1e-06,1516.5648050119732,HOU,CHA,0.4,0.5,0.342,0.317
BAL201707170,2017-07-17,BAL,TEX,0,0,1.99,3.4,1e-06,1545.5901214265937,BAL,KCA,0.2,0.5,0.323,0.293
CIN201707170,2017-07-17,CIN,WAS,0,5,4.77,2.52,1e-06,1e-06,CIN,CIN,0.4,0.9,0.335,0.311
ANA201707180,2017-07-18,ANA,WAS,1,1,4.43,5.21,1e-06,3023.82450563501,ANA,CIN,0.3,1.3,0.318,0.311
BAL201707180,2017-07-18,BAL,TEX,6,1,4.24,7.71,1e-06,1e-06,BAL,BAL,0.2,0.1,0.323,0.293
CIN201707180,2017-07-18,CIN,ARI,1,0,4.45,2.89,1e-06,595.1171397463928,CIN,ATL,0.4,0.4,0.335,0.309
SFN201707180,2017-07-18,SFN,CLE,0,0,6.09,2.94,1e-06,1e-06,SFN,SFN,0.2,0.2,0.308,0.333
MIA201707180,2017-07-18,MIA,PHI,1,0,4.75,1.59,1e-06,1e-06,MIA,MIA,1.1,0.2,0.332,0.307
MIN201707180,2017-07-18,MIN,NYA,1,0,6.48,3.77,1e-06,1e-06,MIN,MIN,0.0,0.4,0.347,0.327
PIT201707180,2017-07-18,PIT,MIL,0,0,4.14,4.66,1e-06,1e-06,PIT,PIT,0.8,1.2,0.325,0.326
CHA201707180,2017-07-18,CHA,LAN,0,1,4.62,2.31,1e-06,1915.1205670973725,CHA,MIA,0.6,0.7,0.315,0.336
ATL201707180,2017-07-18,ATL,CHN,0,0,4.32,4.59,1e-06,1e-06,ATL,ATL,0.7,0.6,0.325,0.324
BOS201707180,2017-07-18,BOS,TOR,0,0,2.92,6.31,1e-06,1e-06,BOS,BOS,0.2,0.6,0.341,0.311
HOU201707180,2017-07-18,HOU,SEA,1,0,3.0,4.36,1e-06,1e-06,HOU,HOU,0.4,0.6,0.342,0.317
COL201707180,2017-07-18,COL,SDN,3,3,4.68,4.57,1e-06,1e-06,COL,COL,0.9,0.2,0.364,0.293
OAK201707180,2017-07-18,OAK,TBA,2,0,4.27,6.48,1e-06,1e-06,OAK,OAK,0.5,0.5,0.327,0.312
NYN201707180,2017-07-18,NYN,SLN,0,1,5.52,4.13,1e-06,1e-06,NYN,NYN,0.4,0.3,0.31,0.329
KCA201707180,2017-07-18,KCA,DET,3,0,6.8,5.27,1e-06,1e-06,KCA,KCA,0.4,0.2,0.315,0.306
ANA201707190,2017-07-19,ANA,WAS,2,0,3.74,2.96,1e-06,1e-06,ANA,ANA,0.3,1.2,0.318,0.311
CIN201707190,2017-07-19,CIN,ARI,1,0,4.45,5.33,1e-06,1e-06,CIN,CIN,0.1,0.1,0.335,0.309
SFN201707190,2017-07-19,SFN,CLE,1,0,1.99,3.52,1e-06,1e-06,SFN,SFN,0.1,0.0,0.308,0.333
KCA201707190,2017-07-19,KCA,DET,0,1,3.2,3.41,1e-06,1e-06,KCA,KCA,0.7,0.1,0.315,0.306
BAL201707190,2017-07-19,BAL,TEX,1,0,4.68,4.82,1e-06,1e-06,BAL,BAL,0.7,0.2,0.323,0.293
CHA201707190,2017-07-19,CHA,LAN,1,1,4.15,4.22,1e-06,1e-06,CHA,CHA,0.6,0.7,0.315,0.336
COL201707190,2017-07-19,COL,SDN,3,0,3.67,4.79,1e-06,1e-06,COL,COL,1.2,0.4,0.364,0.293
ATL201707190,2017-07-19,ATL,CHN,0,0,4.26,3.38,1e-06,1e-06,ATL,ATL,0.5,0.5,0.325,0.324
BOS201707190,2017-07-19,BOS,TOR,0,0,3.32,4.25,1e-06,1e-06,BOS,BOS,0.2,0.6,0.341,0.311
OAK201707190,2017-07-19,OAK,TBA,0,0,3.55,3.43,1e-06,1e-06,OAK,OAK,0.7,0.5,0.327,0.312
NYN201707190,2017-07-19,NYN,SLN,3,0,3.53,3.92,1e-06,1e-06,NYN,NYN,0.4,0.4,0.31,0.329
MIN201707190,2017-07-19,MIN,NYA,0,0,3.89,3.88,1e-06,1e-06,MIN,MIN,0.1,0.1,0.347,0.327
MIA201707190,2017-07-19,MIA,PHI,1,2,4.26,6.02,1e-06,1e-06,MIA,MIA,1.2,0.2,0.332,0.307
HOU201707190,2017-07-19,HOU,SEA,0,0,3.62,2.98,1e-06,1e-06,HOU,HOU,0.5,0.5,0.342,0.317
PIT201707190,2017-07-19,PIT,MIL,1,1,3.38,3.02,1e-06,1e-06,PIT,PIT,0.8,1.1,0.325,0.326
SEA201707200,2017-07-20,SEA,NYA,0,0,4.36,2.98,3039.1839825945185,2238.4089622775527,HOU,MIN,0.6,0.0,0.334,0.327
PIT201707200,2017-07-20,PIT,MIL,0,0,4.44,3.49,1e-06,1e-06,PIT,PIT,0.5,1.0,0.325,0.326
KCA201707200,2017-07-20,KCA,DET,4,0,3.81,3.83,1e-06,1e-06,KCA,KCA,0.6,0.2,0.315,0.306
NYN201707200,2017-07-20,NYN,SLN,0,0,2.84,3.4,1e-06,1e-06,NYN,NYN,0.7,0.4,0.31,0.329
SFN201707200,2017-07-20,SFN,SDN,0,0,3.32,3.89,1e-06,1524.5101947303656,SFN,COL,0.2,0.4,0.308,0.293
BOS201707200,2017-07-20,BOS,TOR,0,1,4.88,2.56,1e-06,1e-06,BOS,BOS,0.0,0.6,0.341,0.311
LAN201707200,2017-07-20,LAN,ATL,1,2,3.98,4.79,2804.824680217871,3110.7650847781624,CHA,ATL,0.2,0.0,0.334,0.327
BAL201707200,2017-07-20,BAL,TEX,0,1,3.53,4.2,1e-06,1e-06,BAL,BAL,0.8,0.2,0.323,0.293
CIN201707200,2017-07-20,CIN,ARI,0,3,3.12,4.03,1e-06,1e-06,CIN,CIN,0.2,0.1,0.335,0.309
COL201707210,2017-07-21,COL,PIT,3,2,5.89,4.07,1e-06,2121.7512666569423,COL,PIT,1.4,1.3,0.364,0.311
PHI201707210,2017-07-21,PHI,MIL,2,0,3.54,4.94,1644.1190984600378,412.2899901216241,MIA,PIT,0.8,1.0,0.322,0.326
ANA201707210,2017-07-21,ANA,BOS,0,5,4.92,2.9,1e-06,4151.631080145035,ANA,BOS,0.3,0.4,0.318,0.318
ARI201707210,2017-07-21,ARI,WAS,4,0,4.23,3.56,2538.655038172322,540.0297061463508,CIN,ANA,0.3,1.2,0.35,0.311
SFN201707210,2017-07-21,SFN,SDN,4,0,3.39,4.19,1e-06,1e-06,SFN,SFN,0.2,0.4,0.308,0.293
MIN201707210,2017-07-21,MIN,DET,0,0,3.28,6.41,1e-06,662.9211681328137,MIN,KCA,0.1,0.2,0.347,0.306
CIN201707210,2017-07-21,CIN,MIA,0,2,6.43,3.82,1e-06,1534.6263109130673,CIN,MIA,0.2,1.0,0.335,0.33
SEA201707210,2017-07-21,SEA,NYA,1,0,5.34,3.69,1e-06,1e-06,SEA,SEA,0.6,0.0,0.334,0.327
BAL201707210,2017-07-21,BAL,HOU,0,3,6.81,5.22,1e-06,2013.2384377541168,BAL,HOU,0.7,0.6,0.323,0.343
CLE201707210,2017-07-21,CLE,TOR,0,1,4.19,4.98,3478.8930495355935,884.5468110577992,SFN,BOS,0.5,0.7,0.34,0.311
CHN201707210,2017-07-21,CHN,SLN,2,0,2.98,3.99,947.8182724063668,1144.129935670241,ATL,NYN,0.5,0.4,0.342,0.329
KCA201707210,2017-07-21,KCA,CHA,0,0,5.48,4.77,1e-06,663.9206411727051,KCA,CHA,1.0,0.9,0.315,0.312
TBA201707210,2017-07-21,TBA,TEX,0,1,3.38,2.5,3845.9573440873414,1393.7772067986984,OAK,BAL,0.5,0.2,0.322,0.293
LAN201707210,2017-07-21,LAN,ATL,0,2,2.72,4.41,1e-06,1e-06,LAN,LAN,0.3,0.2,0.334,0.327
NYN201707210,2017-07-21,NYN,OAK,0,1,4.92,3.22,1e-06,4115.687447058069,NYN,OAK,0.7,0.7,0.31,0.312
COL201707220,2017-07-22,COL,PIT,0,1,4.39,4.35,1e-06,1e-06,COL,COL,1.7,1.5,0.364,0.311
KCA201707220,2017-07-22,KCA,CHA,0,0,2.48,4.68,1e-06,1e-06,KCA,KCA,1.0,0.9,0.315,0.312
CLE201707220,2017-07-22,CLE,TOR,0,0,3.52,3.55,1e-06,1e-06,CLE,CLE,0.4,0.8,0.34,0.311
SFN201707220,2017-07-22,SFN,SDN,0,0,6.23,7.86,1e-06,1e-06,SFN,SFN,0.5,0.4,0.308,0.293
BAL201707220,2017-07-22,BAL,HOU,0,0,3.43,5.8,1e-06,1e-06,BAL,BAL,0.7,0.7,0.323,0.343
ANA201707220,2017-07-22,ANA,BOS,0,1,4.15,3.38,1e-06,1e-06,ANA,ANA,0.3,0.9,0.318,0.318
TBA201707220,2017-07-22,TBA,TEX,0,0,4.07,3.4,1e-06,1e-06,TBA,TBA,0.5,0.3,0.322,0.293
LAN201707220,2017-07-22,LAN,ATL,1,0,3.32,4.49,1e-06,1e-06,LAN,LAN,0.3,0.4,0.334,0.327
ARI201707220,2017-07-22,ARI,WAS,1,1,5.96,4.67,1e-06,1e-06,ARI,ARI,0.6,1.2,0.35,0.311
NYN201707220,2017-07-22,NYN,OAK,0,4,4.92,4.38,1e-06,1e-06,NYN,NYN,0.7,0.6,0.31,0.312
CIN201707220,2017-07-22,CIN,MIA,2,1,4.68,4.68,1e-06,1e-06,CIN,CIN,0.2,1.2,0.335,0.33
PHI201707220,2017-07-22,PHI,MIL,0,0,3.01,4.0,1e-06,1e-06,PHI,PHI,1.0,1.0,0.322,0.326
SEA201707220,2017-07-22,SEA,NYA,0,0,2.66,2.35,1e-06,1e-06,SEA,SEA,0.7,0.0,0.334,0.327
CHN201707220,2017-07-22,CHN,SLN,0,0,4.33,3.99,1e-06,1e-06,CHN,CHN,0.3,0.3,0.342,0.329
MIN201707220,2017-07-22,MIN,DET,0,0,5.07,6.08,1e-06,1e-06,MIN,MIN,0.1,0.2,0.347,0.306
ANA201707230,2017-07-23,ANA,BOS,0,0,3.64,4.65,1e-06,1e-06,ANA,ANA,0.3,0.8,0.318,0.318
SFN201707230,2017-07-23,SFN,SDN,1,1,4.78,4.57,1e-06,1e-06,SFN,SFN,0.5,0.4,0.308,0.293
TBA201707230,2017-07-23,TBA,TEX,0,0,3.38,3.78,1e-06,1e-06,TBA,TBA,0.5,0.3,0.322,0.293
CHN201707230,2017-07-23,CHN,SLN,0,0,4.15,4.13,1e-06,1e-06,CHN,CHN,0.3,0.3,0.342,0.329
COL201707230,2017-07-23,COL,PIT,0,0,4.1,4.14,1e-06,1e-06,COL,COL,1.6,1.5,0.364,0.311
ARI201707230,2017-07-23,ARI,WAS,0,4,2.89,5.68,1e-06,1e-06,ARI,ARI,0.7,1.3,0.35,0.311
NYN201707230,2017-07-23,NYN,OAK,0,1,5.52,6.11,1e-06,1e-06,NYN,NYN,0.7,0.8,0.31,0.312
LAN201707230,2017-07-23,LAN,ATL,0,0,2.06,5.56,1e-06,1e-06,LAN,LAN,0.4,0.4,0.334,0.327
PHI201707230,2017-07-23,PHI,MIL,0,0,4.71,5.12,1e-06,1e-06,PHI,PHI,0.7,0.9,0.322,0.326
MIN201707230,2017-07-23,MIN,DET,0,0,3.21,5.27,1e-06,1e-06,MIN,MIN,0.1,0.2,0.347,0.306
SEA201707230,2017-07-23,SEA,NYA,0,1,3.86,1.83,1e-06,1e-06,SEA,SEA,0.6,0.0,0.334,0.327
BAL201707230,2017-07-23,BAL,HOU,0,0,2.75,4.57,1e-06,1e-06,BAL,BAL,0.7,0.6,0.323,0.343
KCA201707230,2017-07-23,KCA,CHA,0,0,4.25,3.13,1e-06,1e-06,KCA,KCA,0.8,0.9,0.315,0.312
CLE201707230,2017-07-23,CLE,TOR,4,0,2.25,3.53,1e-06,1e-06,CLE,CLE,0.4,0.8,0.34,0.311
CIN201707230,2017-07-23,CIN,MIA,0,0,4.45,6.69,1e-06,1e-06,CIN,CIN,0.4,1.1,0.335,0.33
PHI201707240,2017-07-24,PHI,HOU,0,0,,4.77,1e-06,144.5656230575587,PHI,BAL,0.6,0.6,0.322,0.343
CHN201707240,2017-07-24,CHN,CHA,0,0,5.53,4.62,1e-06,663.9206411727051,CHN,KCA,0.2,0.8,0.342,0.312
TEX201707240,2017-07-24,TEX,MIA,0,2,4.82,6.14,1496.616116420437,1327.4667402221744,TBA,CIN,1.1,1.1,0.347,0.33
SFN201707240,2017-07-24,SFN,PIT,0,2,5.43,4.26,1e-06,1524.5101947303656,SFN,COL,0.6,1.5,0.308,0.311
TBA201707240,2017-07-24,TBA,BAL,0,0,4.04,4.68,1e-06,1393.7772067986984,TBA,BAL,0.5,0.7,0.322,0.3
CLE201707240,2017-07-24,CLE,CIN,1,0,4.98,5.52,1e-06,358.1075548344512,CLE,CIN,0.7,1.1,0.34,0.323
DET201707240,2017-07-24,DET,KCA,0,0,5.77,,872.516450655481,1034.95696626315,MIN,KCA,0.8,0.9,0.341,0.308
SDN201707240,2017-07-24,SDN,NYN,0,0,4.79,3.53,738.1265117326025,3907.304911865239,SFN,NYN,0.8,0.9,0.306,0.33
SLN201707240,2017-07-24,SLN,COL,2,0,3.92,4.68,422.4920912040455,1279.0227614650469,CHN,COL,0.5,0.8,0.339,0.313
LAN201707240,2017-07-24,LAN,MIN,0,0,3.24,3.07,1e-06,2448.9556082748627,LAN,MIN,0.4,0.5,0.334,0.322
ARI201707240,2017-07-24,ARI,ATL,0,0,3.2,4.26,1e-06,574.8341159449532,ARI,LAN,0.7,0.4,0.35,0.327
SEA201707240,2017-07-24,SEA,BOS,0,0,2.98,4.19,1e-06,1575.276973597757,SEA,ANA,0.6,0.7,0.334,0.318
TOR201707240,2017-07-24,TOR,OAK,1,1,5.66,,305.2632734150024,550.2922217550002,CLE,NYN,0.4,0.9,0.314,0.312
CHN201707250,2017-07-25,CHN,CHA,3,0,4.59,4.15,1e-06,1e-06,CHN,CHN,0.2,0.3,0.342,0.312
TEX201707250,2017-07-25,TEX,MIA,0,1,4.2,4.26,1e-06,1e-06,TEX,TEX,1.0,1.3,0.347,0.33
SLN201707250,2017-07-25,SLN,COL,2,0,3.4,3.61,1e-06,1e-06,SLN,SLN,0.7,0.8,0.339,0.313
SFN201707250,2017-07-25,SFN,PIT,0,0,3.32,4.44,1e-06,1e-06,SFN,SFN,0.6,1.7,0.308,0.311
TOR201707250,2017-07-25,TOR,OAK,0,0,7.63,3.55,1e-06,1e-06,TOR,TOR,0.5,1.0,0.314,0.312
CLE201707250,2017-07-25,CLE,ANA,0,0,2.85,4.21,1e-06,3271.7957310678776,CLE,ANA,0.8,0.3,0.34,0.312
ARI201707250,2017-07-25,ARI,ATL,0,0,3.92,4.79,1e-06,1e-06,ARI,ARI,0.7,0.4,0.35,0.327
NYA201707250,2017-07-25,NYA,CIN,0,0,3.88,3.12,3865.3953610333656,649.8727601989037,SEA,CLE,0.3,1.1,0.343,0.323
LAN201707250,2017-07-25,LAN,MIN,0,0,4.22,3.89,1e-06,1e-06,LAN,LAN,0.3,0.5,0.334,0.322
SDN201707250,2017-07-25,SDN,NYN,0,1,4.21,4.71,1e-06,1e-06,SDN,SDN,0.7,0.9,0.306,0.33
SEA201707250,2017-07-25,SEA,BOS,0,0,2.66,4.88,1e-06,1e-06,SEA,SEA,0.4,0.7,0.334,0.318
PHI201707250,2017-07-25,PHI,HOU,0,0,6.02,3.62,1e-06,1e-06,PHI,PHI,0.4,0.6,0.322,0.343
WAS201707250,2017-07-25,WAS,MIL,0,0,5.21,3.9,3184.3579900386735,197.2342958595587,ARI,PHI,0.6,0.7,0.352,0.326
DET201707250,2017-07-25,DET,KCA,0,1,3.83,3.81,1e-06,1e-06,DET,DET,0.5,0.9,0.341,0.308
TBA201707250,2017-07-25,TBA,BAL,0,0,3.43,5.61,1e-06,1e-06,TBA,TBA,0.1,0.5,0.322,0.3
CLE201707260,2017-07-26,CLE,ANA,1,0,3.52,4.92,1e-06,1e-06,CLE,CLE,0.8,0.2,0.34,0.312
TBA201707260,2017-07-26,TBA,BAL,0,0,3.66,6.81,1e-06,1e-06,TBA,TBA,0.1,0.5,0.322,0.3
TEX201707260,2017-07-26,TEX,MIA,1,2,3.86,3.82,1e-06,1e-06,TEX,TEX,0.6,1.4,0.347,0.33
SLN201707260,2017-07-26,SLN,COL,2,2,3.64,5.89,1e-06,1e-06,SLN,SLN,0.9,0.8,0.339,0.313
NYA201707260,2017-07-26,NYA,CIN,0,0,2.98,6.43,1e-06,1e-06,NYA,NYA,0.2,0.6,0.343,0.323
DET201707260,2017-07-26,DET,KCA,0,0,6.41,5.38,1e-06,1e-06,DET,DET,0.5,0.7,0.341,0.308
LAN201707260,2017-07-26,LAN,MIN,0,0,1.32,3.03,1e-06,1e-06,LAN,LAN,0.3,0.3,0.334,0.322
TOR201707260,2017-07-26,TOR,OAK,0,0,5.34,4.27,1e-06,1e-06,TOR,TOR,0.4,1.0,0.314,0.312
WAS201707260,2017-07-26,WAS,MIL,0,2,1.83,4.0,1e-06,1e-06,WAS,WAS,0.6,0.7,0.352,0.326
SDN201707260,2017-07-26,SDN,NYN,2,0,3.89,6.08,1e-06,1e-06,SDN,SDN,0.7,0.9,0.306,0.33
ARI201707260,2017-07-26,ARI,ATL,1,1,4.03,15.0,1e-06,1e-06,ARI,ARI,0.6,0.4,0.35,0.327
SEA201707260,2017-07-26,SEA,BOS,0,0,5.34,2.9,1e-06,1e-06,SEA,SEA,0.2,0.7,0.334,0.318
PHI201707260,2017-07-26,PHI,HOU,0,0,3.54,5.22,1e-06,1e-06,PHI,PHI,0.4,0.6,0.322,0.343
SFN201707260,2017-07-26,SFN,PIT,1,0,4.42,3.38,1e-06,1e-06,SFN,SFN,0.6,1.7,0.308,0.311
CHA201707260,2017-07-26,CHA,CHN,0,0,5.23,3.53,1e-06,1e-06,CHN,CHN,0.7,0.5,0.315,0.324
SLN201707270,2017-07-27,SLN,ARI,0,0,3.88,3.37,1e-06,2043.890455711885,SLN,ARI,1.1,0.4,0.339,0.309
SDN201707270,2017-07-27,SDN,NYN,1,1,4.67,7.88,1e-06,1e-06,SDN,SDN,0.7,0.8,0.306,0.33
CHA201707270,2017-07-27,CHA,CHN,0,0,5.93,4.33,1e-06,1e-06,CHA,CHA,0.7,0.4,0.315,0.324
MIA201707270,2017-07-27,MIA,CIN,0,0,4.36,4.68,1804.0128601780743,1756.5620451799746,TEX,NYA,1.0,0.6,0.332,0.323
CLE201707270,2017-07-27,CLE,ANA,0,0,4.19,4.15,1e-06,1e-06,CLE,CLE,0.9,0.2,0.34,0.312
WAS201707270,2017-07-27,WAS,MIL,2,0,2.51,8.31,1e-06,1e-06,WAS,WAS,0.5,0.6,0.352,0.326
TOR201707270,2017-07-27,TOR,OAK,1,3,3.38,4.22,1e-06,1e-06,TOR,TOR,0.4,1.0,0.314,0.312
NYA201707270,2017-07-27,NYA,TBA,0,0,3.22,1.76,1e-06,1638.0556824552712,NYA,TBA,0.2,0.5,0.343,0.312
MIA201707280,2017-07-28,MIA,CIN,0,3,4.75,3.76,1e-06,1e-06,MIA,MIA,0.7,0.5,0.332,0.323
OAK201707280,2017-07-28,OAK,MIN,0,0,6.11,4.41,3630.644600855592,552.4676717810693,TOR,LAN,0.7,0.2,0.327,0.322
SLN201707280,2017-07-28,SLN,ARI,0,0,4.13,5.33,1e-06,1e-06,SLN,SLN,0.7,0.4,0.339,0.309
MIL201707280,2017-07-28,MIL,CHN,0,0,3.42,4.15,1025.9779093655509,132.54357794550742,WAS,CHA,0.7,0.4,0.318,0.324
SDN201707280,2017-07-28,SDN,PIT,0,0,6.8,4.38,1e-06,738.1265117326025,SDN,SFN,0.8,1.7,0.306,0.311
TEX201707280,2017-07-28,TEX,BAL,2,0,3.4,7.84,1e-06,1496.616116420437,TEX,TBA,0.7,0.5,0.347,0.3
PHI201707280,2017-07-28,PHI,ATL,1,0,3.88,4.49,1e-06,3344.1998186127516,PHI,ARI,0.2,0.5,0.322,0.327
BOS201707280,2017-07-28,BOS,KCA,0,0,4.65,4.16,4000.0367541660753,984.732039314543,SEA,DET,0.0,0.7,0.341,0.308
LAN201707280,2017-07-28,LAN,SFN,1,0,2.72,3.39,1e-06,559.4406195325591,LAN,SFN,0.3,0.5,0.334,0.309
CHA201707280,2017-07-28,CHA,CLE,0,0,6.2,4.28,1e-06,494.38381964269325,CHA,CLE,0.7,0.0,0.315,0.333
SEA201707280,2017-07-28,SEA,NYN,0,2,3.4,2.94,1e-06,1711.8059777853623,SEA,SDN,0.2,0.6,0.334,0.33
DET201707280,2017-07-28,DET,HOU,0,1,10.91,3.0,1e-06,711.1078712045012,DET,PHI,0.5,0.5,0.341,0.343
TOR201707280,2017-07-28,TOR,ANA,0,0,3.53,3.64,1e-06,305.2632734150024,TOR,CLE,0.2,0.2,0.314,0.312
NYA201707280,2017-07-28,NYA,TBA,1,0,4.74,5.31,1e-06,1e-06,NYA,NYA,0.2,0.2,0.343,0.312
MIA201707290,2017-07-29,MIA,CIN,0,1,6.14,5.52,1e-06,1e-06,MIA,MIA,0.4,0.7,0.332,0.323
CHA201707290,2017-07-29,CHA,CLE,0,0,4.5,1.44,1e-06,1e-06,CHA,CHA,0.5,0.0,0.315,0.333
SLN201707290,2017-07-29,SLN,ARI,1,0,3.92,3.2,1e-06,1e-06,SLN,SLN,0.7,0.4,0.339,0.309
SEA201707290,2017-07-29,SEA,NYN,0,0,5.72,3.53,1e-06,1e-06,SEA,SEA,0.1,0.6,0.334,0.33
WAS201707290,2017-07-29,WAS,COL,0,0,4.67,4.39,1e-06,1142.2462660488457,WAS,SLN,0.6,1.0,0.352,0.313
OAK201707290,2017-07-29,OAK,MIN,1,0,,3.07,1e-06,1e-06,OAK,OAK,0.7,0.2,0.327,0.322
PHI201707290,2017-07-29,PHI,ATL,0,2,3.01,7.23,1e-06,1e-06,PHI,PHI,0.3,0.5,0.322,0.327
TEX201707290,2017-07-29,TEX,BAL,0,0,4.67,4.68,1e-06,1e-06,TEX,TEX,0.8,0.5,0.347,0.3
MIL201707290,2017-07-29,MIL,CHN,1,0,3.02,3.38,1e-06,1e-06,MIL,MIL,0.5,0.4,0.318,0.324
LAN201707290,2017-07-29,LAN,SFN,1,0,3.32,4.78,1e-06,1e-06,LAN,LAN,0.4,0.5,0.334,0.309
BOS201707290,2017-07-29,BOS,KCA,0,0,3.88,2.55,1e-06,1e-06,BOS,BOS,0.0,0.7,0.341,0.308
SDN201707290,2017-07-29,SDN,PIT,2,0,4.57,4.14,1e-06,1e-06,SDN,SDN,0.8,1.7,0.306,0.311
NYA201707290,2017-07-29,NYA,TBA,0,1,3.22,3.38,1e-06,1e-06,NYA,NYA,0.3,0.2,0.343,0.312
TOR201707290,2017-07-29,TOR,ANA,0,0,3.38,4.18,1e-06,1e-06,TOR,TOR,0.2,0.2,0.314,0.312
DET201707290,2017-07-29,DET,HOU,0,2,5.27,5.8,1e-06,1e-06,DET,DET,0.5,0.6,0.341,0.343
TOR201707300,2017-07-30,TOR,ANA,1,2,4.43,4.21,1e-06,1e-06,TOR,TOR,0.2,0.2,0.314,0.312
WAS201707302,2017-07-30,WAS,COL,0,0,5.21,3.67,1e-06,1e-06,WAS,WAS,0.5,0.8,0.352,0.313
WAS201707301,2017-07-30,WAS,COL,1,2,9.39,4.1,1e-06,1e-06,WAS,WAS,0.5,0.7,0.352,0.313
SEA201707300,2017-07-30,SEA,NYN,3,0,2.98,4.71,1e-06,1e-06,SEA,SEA,0.1,0.6,0.334,0.33
DET201707300,2017-07-30,DET,HOU,0,0,3.36,4.25,1e-06,1e-06,DET,DET,0.5,0.6,0.341,0.343
MIL201707300,2017-07-30,MIL,CHN,0,0,3.9,4.59,1e-06,1e-06,MIL,MIL,0.6,0.4,0.318,0.324
OAK201707300,2017-07-30,OAK,MIN,0,3,,4.94,1e-06,1e-06,OAK,OAK,0.8,0.2,0.327,0.322
BOS201707300,2017-07-30,BOS,KCA,0,0,3.88,5.29,1e-06,1e-06,BOS,BOS,0.0,0.6,0.341,0.308
SDN201707300,2017-07-30,SDN,PIT,0,1,4.79,4.26,1e-06,1e-06,SDN,SDN,1.0,1.7,0.306,0.311
PHI201707300,2017-07-30,PHI,ATL,0,0,3.01,7.23,1e-06,1e-06,PHI,PHI,0.3,0.7,0.322,0.327
CHA201707300,2017-07-30,CHA,CLE,0,0,4.77,3.52,1e-06,1e-06,CHA,CHA,0.3,0.0,0.315,0.333
NYA201707300,2017-07-30,NYA,TBA,0,1,3.88,2.01,1e-06,1e-06,NYA,NYA,0.1,0.3,0.343,0.312
LAN201707300,2017-07-30,LAN,SFN,0,0,2.95,5.12,1e-06,1e-06,LAN,LAN,0.5,0.4,0.334,0.309
SLN201707300,2017-07-30,SLN,ARI,0,0,3.43,3.49,1e-06,1e-06,SLN,SLN,0.8,0.4,0.339,0.309
TEX201707300,2017-07-30,TEX,BAL,0,0,4.82,5.61,1e-06,1e-06,TEX,TEX,0.7,0.5,0.347,0.3
MIA201707300,2017-07-30,MIA,CIN,0,0,4.26,3.12,1e-06,1e-06,MIA,MIA,0.4,0.8,0.332,0.323
BOS201707310,2017-07-31,BOS,CLE,0,0,4.88,3.11,1e-06,1365.5064971534737,BOS,CHA,0.0,0.0,0.341,0.333
TEX201707310,2017-07-31,TEX,SEA,2,0,2.5,3.4,1e-06,2688.6235870338205,TEX,SEA,0.7,0.5,0.347,0.317
MIA201707310,2017-07-31,MIA,WAS,0,0,3.82,2.96,1e-06,1489.628641346009,MIA,WAS,0.4,1.7,0.332,0.311
CHA201707310,2017-07-31,CHA,TOR,0,1,6.4,3.38,1e-06,700.98343821047,CHA,TOR,0.2,0.7,0.315,0.311
OAK201707310,2017-07-31,OAK,SFN,2,1,3.22,6.23,1e-06,552.4676717810693,OAK,LAN,0.8,0.4,0.327,0.309
BAL201707310,2017-07-31,BAL,KCA,0,1,,3.7,1968.7690954443951,578.81170796599,TEX,BOS,0.7,0.5,0.323,0.308
HOU201707310,2017-07-31,HOU,TBA,0,0,3.62,3.66,1780.0976623230767,2282.180747677387,DET,NYA,0.3,0.3,0.342,0.312
NYA201707310,2017-07-31,NYA,DET,0,0,2.98,3.83,1e-06,773.7548030957365,NYA,DET,0.1,0.2,0.343,0.306
PHI201707310,2017-07-31,PHI,ATL,0,0,6.02,4.79,1e-06,1e-06,PHI,PHI,0.3,0.7,0.322,0.327
HOU201708010,2017-08-01,HOU,TBA,0,3,5.22,4.07,1e-06,1e-06,HOU,HOU,0.3,0.2,0.342,0.312
PIT201708010,2017-08-01,PIT,CIN,1,1,4.44,6.43,3402.7692440534656,1630.230113794326,SDN,MIA,0.5,0.7,0.325,0.323
BAL201708010,2017-08-01,BAL,KCA,2,0,4.24,5.38,1e-06,1e-06,BAL,BAL,0.7,0.2,0.323,0.308
BOS201708010,2017-08-01,BOS,CLE,0,3,1.43,2.94,1e-06,1e-06,BOS,BOS,0.0,0.0,0.341,0.333
TEX201708010,2017-08-01,TEX,SEA,0,0,5.66,6.34,1e-06,1e-06,TEX,TEX,0.9,0.1,0.347,0.317
ANA201708010,2017-08-01,ANA,PHI,0,1,4.92,3.54,3477.996626466436,3822.7863128754534,TOR,PHI,0.3,0.4,0.318,0.307
MIA201708010,2017-08-01,MIA,WAS,0,0,4.75,1.62,1e-06,1e-06,MIA,MIA,0.4,1.5,0.332,0.311
ATL201708010,2017-08-01,ATL,LAN,0,0,5.62,4.22,1071.2330338826837,3110.7650847781624,PHI,LAN,0.3,0.8,0.325,0.336
CHA201708010,2017-08-01,CHA,TOR,0,1,5.93,3.09,1e-06,1e-06,CHA,CHA,0.2,0.8,0.315,0.311
MIL201708010,2017-08-01,MIL,SLN,3,0,3.49,3.64,1e-06,526.8349145670746,MIL,SLN,0.6,0.3,0.318,0.329
NYA201708010,2017-08-01,NYA,DET,0,0,3.69,6.41,1e-06,1e-06,NYA,NYA,0.1,0.2,0.343,0.306
SDN201708010,2017-08-01,SDN,MIN,0,0,3.89,3.89,1e-06,731.4285571970996,SDN,OAK,0.9,0.5,0.306,0.322
CHN201708010,2017-08-01,CHN,ARI,2,0,4.24,4.03,132.54357794550742,422.4920912040455,MIL,SLN,0.5,0.4,0.342,0.309
COL201708010,2017-08-01,COL,NYN,0,1,4.47,4.92,2397.8679070622884,1640.846947858291,WAS,SEA,1.6,0.5,0.364,0.33
OAK201708010,2017-08-01,OAK,SFN,1,6,4.37,4.42,1e-06,1e-06,OAK,OAK,0.9,0.5,0.327,0.309
SFN201708020,2017-08-02,SFN,OAK,0,0,5.52,6.11,13.027453191410114,13.027453191410114,OAK,OAK,0.7,1.0,0.308,0.312
HOU201708020,2017-08-02,HOU,TBA,0,2,2.9,5.31,1e-06,1e-06,HOU,HOU,0.2,0.5,0.342,0.312
ANA201708020,2017-08-02,ANA,PHI,0,0,4.15,3.88,1e-06,1e-06,ANA,ANA,0.3,0.5,0.318,0.307
SDN201708020,2017-08-02,SDN,MIN,0,0,4.67,3.28,1e-06,1e-06,SDN,SDN,0.9,0.5,0.306,0.322
COL201708020,2017-08-02,COL,NYN,0,0,4.69,3.74,1e-06,1e-06,COL,COL,1.6,0.5,0.364,0.33
MIA201708020,2017-08-02,MIA,WAS,1,0,6.91,3.81,1e-06,1e-06,MIA,MIA,0.4,1.3,0.332,0.311
NYA201708020,2017-08-02,NYA,DET,0,1,4.74,6.08,1e-06,1e-06,NYA,NYA,0.1,0.2,0.343,0.306
MIL201708020,2017-08-02,MIL,SLN,1,0,3.42,3.88,1e-06,1e-06,MIL,MIL,0.8,0.1,0.318,0.329
TEX201708020,2017-08-02,TEX,SEA,1,1,3.4,5.12,1e-06,1e-06,TEX,TEX,0.6,0.1,0.347,0.317
CHA201708020,2017-08-02,CHA,TOR,0,0,6.2,3.53,1e-06,1e-06,CHA,CHA,0.1,0.9,0.315,0.311
CHN201708020,2017-08-02,CHN,ARI,0,0,3.53,3.37,1e-06,1e-06,CHN,CHN,0.7,0.4,0.342,0.309
PIT201708020,2017-08-02,PIT,CIN,0,0,4.65,4.45,1e-06,1e-06,PIT,PIT,0.3,0.8,0.325,0.323
BAL201708020,2017-08-02,BAL,KCA,0,0,5.43,4.16,1e-06,1e-06,BAL,BAL,0.9,0.2,0.323,0.308
ATL201708020,2017-08-02,ATL,LAN,0,0,7.23,2.95,1e-06,1e-06,ATL,ATL,0.2,0.8,0.325,0.336
SFN201708030,2017-08-03,SFN,OAK,4,0,4.78,4.19,1e-06,1e-06,SFN,SFN,0.7,1.0,0.308,0.312
ANA201708030,2017-08-03,ANA,PHI,2,0,2.76,2.65,1e-06,1e-06,ANA,ANA,0.3,0.5,0.318,0.307
PIT201708030,2017-08-03,PIT,CIN,2,0,4.35,4.45,1e-06,1e-06,PIT,PIT,0.3,0.5,0.325,0.323
CLE201708030,2017-08-03,CLE,NYA,2,0,2.25,3.55,884.5468110577992,649.8727601989037,BOS,NYA,0.6,0.1,0.34,0.327
KCA201708030,2017-08-03,KCA,SEA,0,0,2.89,3.22,1545.5901214265937,738.3603208647532,BAL,TEX,0.8,0.2,0.315,0.317
COL201708030,2017-08-03,COL,NYN,0,0,3.61,4.92,1e-06,1e-06,COL,COL,1.2,0.5,0.364,0.33
ATL201708030,2017-08-03,ATL,LAN,1,0,4.32,2.72,1e-06,1e-06,ATL,ATL,0.2,0.8,0.325,0.336
BAL201708030,2017-08-03,BAL,DET,0,2,7.84,4.88,1e-06,272.81937803481173,BAL,NYA,0.9,0.3,0.323,0.306
MIN201708030,2017-08-03,MIN,TEX,0,1,4.5,5.94,2463.5292715191244,1396.7696185124962,SDN,TEX,0.1,0.3,0.347,0.293
CHN201708030,2017-08-03,CHN,ARI,0,4,2.3,5.0,1e-06,1e-06,CHN,CHN,0.7,0.3,0.342,0.309
BOS201708030,2017-08-03,BOS,CHA,4,0,4.65,4.62,1e-06,1365.5064971534737,BOS,CHA,0.0,0.3,0.341,0.312
HOU201708030,2017-08-03,HOU,TBA,1,0,5.66,3.38,1e-06,1e-06,HOU,HOU,0.2,0.7,0.342,0.312
MIL201708030,2017-08-03,MIL,SLN,0,0,4.94,3.88,1e-06,1e-06,MIL,MIL,0.5,0.1,0.318,0.329
CHN201708040,2017-08-04,CHN,WAS,0,2,3.03,4.67,1e-06,1915.1205670973725,CHN,MIA,0.7,1.3,0.342,0.311
TBA201708040,2017-08-04,TBA,MIL,0,0,3.43,4.81,1270.2138325576016,1768.0127004273768,HOU,MIL,0.1,0.3,0.322,0.326
KCA201708040,2017-08-04,KCA,SEA,0,1,5.29,2.98,1e-06,1e-06,KCA,KCA,0.8,0.2,0.315,0.317
MIN201708040,2017-08-04,MIN,TEX,4,2,6.48,4.82,1e-06,1e-06,MIN,MIN,0.1,0.4,0.347,0.293
ANA201708040,2017-08-04,ANA,OAK,0,0,5.35,,1e-06,599.2380275896384,ANA,SFN,0.5,1.0,0.318,0.312
HOU201708040,2017-08-04,HOU,TOR,2,0,3.0,7.63,1e-06,1516.5648050119732,HOU,CHA,0.3,0.6,0.342,0.311
COL201708040,2017-08-04,COL,PHI,2,0,4.47,2.65,1e-06,1321.5005793187804,COL,ANA,1.0,0.5,0.364,0.307
CIN201708040,2017-08-04,CIN,SLN,1,0,6.5,3.92,415.25842934625814,525.1892238126902,PIT,MIL,0.4,0.1,0.335,0.329
BAL201708040,2017-08-04,BAL,DET,0,1,2.75,3.36,1e-06,1e-06,BAL,BAL,0.9,0.4,0.323,0.306
ATL201708040,2017-08-04,ATL,MIA,1,0,4.26,6.14,1e-06,973.359131898138,ATL,MIA,0.3,1.5,0.325,0.33
BOS201708040,2017-08-04,BOS,CHA,0,0,3.63,4.5,1e-06,1e-06,BOS,BOS,0.4,0.3,0.341,0.312
CLE201708040,2017-08-04,CLE,NYA,0,0,4.19,4.41,1e-06,1e-06,CLE,CLE,0.8,0.1,0.34,0.327
NYN201708040,2017-08-04,NYN,LAN,0,1,3.53,3.86,2618.595617996944,1200.4511584455877,COL,ATL,0.7,0.4,0.31,0.336
PIT201708040,2017-08-04,PIT,SDN,0,0,1.97,3.97,1e-06,3402.7692440534656,PIT,SDN,0.5,0.5,0.325,0.293
SFN201708040,2017-08-04,SFN,ARI,0,0,3.32,5.96,1e-06,2984.5094702126535,SFN,CHN,1.1,0.7,0.308,0.309
CIN201708050,2017-08-05,CIN,SLN,1,0,3.12,3.43,1e-06,1e-06,CIN,CIN,0.5,0.1,0.335,0.329
ATL201708050,2017-08-05,ATL,MIA,0,0,4.79,4.26,1e-06,1e-06,ATL,ATL,0.4,1.4,0.325,0.33
MIN201708050,2017-08-05,MIN,TEX,0,2,5.07,4.2,1e-06,1e-06,MIN,MIN,0.5,0.6,0.347,0.293
PIT201708050,2017-08-05,PIT,SDN,0,0,4.26,4.57,1e-06,1e-06,PIT,PIT,0.5,0.4,0.325,0.293
COL201708050,2017-08-05,COL,PHI,5,0,3.67,6.02,1e-06,1e-06,COL,COL,1.2,0.5,0.364,0.307
TBA201708050,2017-08-05,TBA,MIL,0,0,3.66,3.9,1e-06,1e-06,TBA,TBA,0.1,0.3,0.322,0.326
BOS201708050,2017-08-05,BOS,CHA,2,1,3.32,5.23,1e-06,1e-06,BOS,BOS,0.4,0.3,0.341,0.312
BAL201708050,2017-08-05,BAL,DET,0,2,3.18,12.32,1e-06,1e-06,BAL,BAL,0.3,0.5,0.323,0.306
HOU201708050,2017-08-05,HOU,TOR,2,1,5.66,3.59,1e-06,1e-06,HOU,HOU,0.5,0.4,0.342,0.311
NYN201708050,2017-08-05,NYN,LAN,3,0,4.55,2.06,1e-06,1e-06,NYN,NYN,0.7,0.4,0.31,0.336
ANA201708050,2017-08-05,ANA,OAK,0,1,4.55,3.22,1e-06,1e-06,ANA,ANA,0.5,1.0,0.318,0.312
SFN201708050,2017-08-05,SFN,ARI,0,2,2.64,5.33,1e-06,1e-06,SFN,SFN,1.0,0.7,0.308,0.309
CLE201708050,2017-08-05,CLE,NYA,0,1,2.61,1.84,1e-06,1e-06,CLE,CLE,0.8,0.1,0.34,0.327
CHN201708050,2017-08-05,CHN,WAS,4,1,4.59,5.21,1e-06,1e-06,CHN,CHN,0.7,1.3,0.342,0.311
TBA201708060,2017-08-06,TBA,MIL,0,0,2.61,4.0,1e-06,1e-06,TBA,TBA,0.1,0.3,0.322,0.326
BAL201708060,2017-08-06,BAL,DET,4,0,6.81,6.41,1e-06,1e-06,BAL,BAL,0.2,0.6,0.323,0.306
NYN201708060,2017-08-06,NYN,LAN,0,3,6.08,3.77,1e-06,1e-06,NYN,NYN,0.6,0.4,0.31,0.336
ATL201708060,2017-08-06,ATL,MIA,0,4,5.62,3.82,1e-06,1e-06,ATL,ATL,0.3,1.0,0.325,0.33
CHN201708060,2017-08-06,CHN,WAS,0,0,2.98,3.03,1e-06,1e-06,CHN,CHN,1.1,0.9,0.342,0.311
SFN201708060,2017-08-06,SFN,ARI,0,1,4.42,4.03,1e-06,1e-06,SFN,SFN,1.0,0.9,0.308,0.309
KCA201708062,2017-08-06,KCA,SEA,0,0,,4.39,1e-06,1e-06,KCA,KCA,0.8,0.3,0.315,0.317
ANA201708060,2017-08-06,ANA,OAK,1,0,4.21,,1e-06,1e-06,ANA,ANA,0.5,1.0,0.318,0.312
CLE201708060,2017-08-06,CLE,NYA,1,0,3.29,2.98,1e-06,1e-06,CLE,CLE,0.8,0.2,0.34,0.327
BOS201708060,2017-08-06,BOS,CHA,2,0,4.88,5.93,1e-06,1e-06,BOS,BOS,0.6,0.4,0.341,0.312
COL201708060,2017-08-06,COL,PHI,1,0,3.61,4.21,1e-06,1e-06,COL,COL,1.6,0.3,0.364,0.307
CIN201708060,2017-08-06,CIN,SLN,3,0,6.43,3.88,1e-06,1e-06,CIN,CIN,0.6,0.0,0.335,0.329
KCA201708061,2017-08-06,KCA,SEA,0,3,3.81,3.86,1e-06,1e-06,KCA,KCA,0.7,0.3,0.315,0.317
HOU201708060,2017-08-06,HOU,TOR,0,0,5.8,3.38,1e-06,1e-06,HOU,HOU,0.7,0.5,0.342,0.311
MIN201708060,2017-08-06,MIN,TEX,0,5,3.89,4.67,1e-06,1e-06,MIN,MIN,0.5,0.8,0.347,0.293
PIT201708060,2017-08-06,PIT,SDN,0,2,3.91,2.55,1e-06,1e-06,PIT,PIT,0.5,0.4,0.325,0.293
CIN201708070,2017-08-07,CIN,SDN,1,0,5.45,3.89,1e-06,415.25842934625814,CIN,PIT,0.9,0.6,0.335,0.293
SFN201708070,2017-08-07,SFN,CHN,0,0,5.52,3.53,1e-06,2984.5094702126535,SFN,CHN,0.6,0.0,0.308,0.324
WAS201708070,2017-08-07,WAS,MIA,0,0,3.03,4.73,956.88299544195,874.0887985860761,CHN,ATL,0.6,1.2,0.352,0.33
ANA201708070,2017-08-07,ANA,BAL,0,0,4.15,4.24,1e-06,3703.3736830857606,ANA,BAL,0.5,0.5,0.318,0.3
MIN201708070,2017-08-07,MIN,MIL,0,0,4.89,4.66,1e-06,2137.431531245163,MIN,TBA,0.5,0.2,0.347,0.326
KCA201708070,2017-08-07,KCA,SLN,0,0,5.38,3.64,1e-06,868.1617780403714,KCA,CIN,0.7,0.0,0.315,0.329
PIT201708070,2017-08-07,PIT,DET,0,0,4.07,6.08,1e-06,314.0609856627503,PIT,BAL,0.4,0.6,0.325,0.306
CLE201708080,2017-08-08,CLE,COL,0,1,2.25,3.61,1e-06,1969.4706962302864,CLE,COL,0.9,0.9,0.34,0.313
CHA201708080,2017-08-08,CHA,HOU,3,0,6.2,2.9,1365.5064971534737,1516.5648050119732,BOS,HOU,0.1,0.6,0.315,0.343
ARI201708080,2017-08-08,ARI,LAN,0,0,3.11,3.38,1050.993394248722,3443.682019431773,SFN,NYN,0.6,0.7,0.35,0.336
MIN201708080,2017-08-08,MIN,MIL,0,0,4.94,4.94,1e-06,1e-06,MIN,MIN,0.5,0.2,0.347,0.326
ATL201708080,2017-08-08,ATL,PHI,1,0,4.49,6.16,1e-06,1946.7466716258368,ATL,COL,0.3,0.3,0.325,0.307
PIT201708080,2017-08-08,PIT,DET,0,0,4.35,5.27,1e-06,1e-06,PIT,PIT,0.4,0.6,0.325,0.306
KCA201708080,2017-08-08,KCA,SLN,0,0,4.16,4.13,1e-06,1e-06,KCA,KCA,0.4,0.0,0.315,0.329
OAK201708080,2017-08-08,OAK,SEA,3,0,,4.02,592.0809005913671,2406.427657157802,ANA,KCA,1.0,0.6,0.327,0.317
TOR201708080,2017-08-08,TOR,NYA,2,0,3.53,3.69,2094.913694918614,305.2632734150024,HOU,CLE,0.3,0.2,0.314,0.327
SFN201708080,2017-08-08,SFN,CHN,3,0,4.78,4.15,1e-06,1e-06,SFN,SFN,0.6,0.0,0.308,0.324
TBA201708080,2017-08-08,TBA,BOS,0,0,5.31,2.9,1e-06,1926.694381718032,TBA,BOS,0.1,0.7,0.322,0.318
ANA201708080,2017-08-08,ANA,BAL,0,0,3.64,5.43,1e-06,1e-06,ANA,ANA,0.3,0.5,0.318,0.3
WAS201708080,2017-08-08,WAS,MIA,0,0,3.81,6.91,1e-06,1e-06,WAS,WAS,0.6,1.2,0.352,0.33
NYN201708080,2017-08-08,NYN,TEX,2,0,7.88,5.94,1e-06,1636.0526645605564,NYN,MIN,0.6,1.3,0.31,0.293
CIN201708080,2017-08-08,CIN,SDN,0,2,4.45,4.67,1e-06,1e-06,CIN,CIN,1.0,0.6,0.335,0.293
TOR201708090,2017-08-09,TOR,NYA,0,0,5.17,1.83,1e-06,1e-06,TOR,TOR,0.5,0.2,0.314,0.327
OAK201708090,2017-08-09,OAK,SEA,1,3,5.58,3.22,1e-06,1e-06,OAK,OAK,1.3,0.5,0.327,0.317
CHA201708090,2017-08-09,CHA,HOU,0,0,4.62,3.55,1e-06,1e-06,CHA,CHA,0.4,0.6,0.315,0.343
MIL201708090,2017-08-09,MIL,MIN,0,0,4.81,6.48,476.3851219130703,476.3851219130703,MIN,MIN,0.5,0.4,0.318,0.322
NYN201708090,2017-08-09,NYN,TEX,0,3,5.52,4.82,1e-06,1e-06,NYN,NYN,0.8,1.2,0.31,0.293
SLN201708090,2017-08-09,SLN,KCA,0,2,3.99,6.52,382.8562661725535,382.8562661725535,KCA,KCA,0.8,0.2,0.339,0.308
ATL201708090,2017-08-09,ATL,PHI,0,0,4.32,4.71,1e-06,1e-06,ATL,ATL,0.3,0.3,0.325,0.307
SFN201708090,2017-08-09,SFN,CHN,0,0,3.32,2.74,1e-06,1e-06,SFN,SFN,0.8,0.0,0.308,0.324
WAS201708090,2017-08-09,WAS,MIA,0,0,2.96,6.14,1e-06,1e-06,WAS,WAS,0.6,1.0,0.352,0.33
TBA201708090,2017-08-09,TBA,BOS,0,0,4.14,4.65,1e-06,1e-06,TBA,TBA,0.0,0.7,0.322,0.318
ANA201708090,2017-08-09,ANA,BAL,0,0,4.18,4.68,1e-06,1e-06,ANA,ANA,0.3,0.3,0.318,0.3
DET201708090,2017-08-09,DET,PIT,1,0,3.36,4.14,331.7516309667575,331.7516309667575,PIT,PIT,0.5,1.8,0.341,0.311
CLE201708090,2017-08-09,CLE,COL,0,0,2.61,5.57,1e-06,1e-06,CLE,CLE,0.9,1.0,0.34,0.313
ARI201708090,2017-08-09,ARI,LAN,0,0,3.2,2.72,1e-06,1e-06,ARI,ARI,0.6,0.7,0.35,0.336
CIN201708090,2017-08-09,CIN,SDN,2,0,6.5,6.8,1e-06,1e-06,CIN,CIN,0.9,0.5,0.335,0.293
TBA201708100,2017-08-10,TBA,CLE,0,1,2.61,2.8,1e-06,1529.408250521614,TBA,CLE,0.0,0.3,0.322,0.333
DET201708100,2017-08-10,DET,PIT,2,1,5.77,4.26,1e-06,1e-06,DET,DET,0.5,0.6,0.341,0.311
WAS201708100,2017-08-10,WAS,MIA,0,0,1.83,5.69,1e-06,1e-06,WAS,WAS,0.6,0.9,0.352,0.33
TOR201708100,2017-08-10,TOR,NYA,0,0,4.98,3.55,1e-06,1e-06,TOR,TOR,0.5,0.2,0.314,0.327
OAK201708100,2017-08-10,OAK,BAL,1,1,,5.61,1e-06,592.0809005913671,OAK,ANA,1.0,0.3,0.327,0.3
SLN201708100,2017-08-10,SLN,KCA,0,0,2.83,2.55,1e-06,1e-06,SLN,SLN,0.8,0.4,0.339,0.308
SEA201708100,2017-08-10,SEA,ANA,0,0,3.27,4.21,1089.6592015072615,1575.276973597757,OAK,ANA,0.4,0.4,0.334,0.312
PHI201708100,2017-08-10,PHI,NYN,0,3,,3.53,1071.2330338826837,129.48897528262268,ATL,NYN,0.3,0.5,0.322,0.33
MIL201708100,2017-08-10,MIL,MIN,0,0,3.9,1.99,1e-06,1e-06,MIL,MIL,0.5,0.3,0.318,0.322
CIN201708100,2017-08-10,CIN,SDN,0,0,4.45,3.97,1e-06,1e-06,CIN,CIN,1.0,0.5,0.335,0.293
ARI201708100,2017-08-10,ARI,LAN,0,3,5.96,3.86,1e-06,1e-06,ARI,ARI,0.6,0.6,0.35,0.336
CHA201708100,2017-08-10,CHA,HOU,0,0,4.68,5.8,1e-06,1e-06,CHA,CHA,0.3,0.3,0.315,0.343
MIA201708110,2017-08-11,MIA,COL,0,0,5.69,3.61,1489.628641346009,1753.208311365246,WAS,CLE,0.5,0.9,0.332,0.313
SEA201708110,2017-08-11,SEA,ANA,0,0,3.86,3.86,1e-06,1e-06,SEA,SEA,0.4,0.3,0.334,0.312
NYA201708110,2017-08-11,NYA,BOS,0,2,2.35,2.84,550.2922217550002,1638.0556824552712,TOR,TBA,0.1,0.7,0.343,0.318
TEX201708110,2017-08-11,TEX,HOU,0,0,4.2,3.62,2225.551415128663,1309.650558347085,NYN,CHA,0.6,0.3,0.347,0.343
OAK201708110,2017-08-11,OAK,BAL,0,0,4.27,3.18,1e-06,1e-06,OAK,OAK,1.1,0.1,0.327,0.3
ARI201708110,2017-08-11,ARI,CHN,0,2,3.49,4.59,1e-06,1050.993394248722,ARI,SFN,0.6,0.0,0.35,0.324
DET201708110,2017-08-11,DET,MIN,1,0,6.41,4.7,1e-06,408.2632535344616,DET,MIL,0.7,0.3,0.341,0.322
SLN201708110,2017-08-11,SLN,ATL,0,0,5.11,4.79,1e-06,751.930362209131,SLN,ATL,0.8,0.5,0.339,0.327
CHA201708110,2017-08-11,CHA,KCA,1,0,4.5,3.81,1e-06,422.4920912040455,CHA,SLN,0.3,0.4,0.315,0.308
PHI201708110,2017-08-11,PHI,NYN,3,0,3.01,4.92,1e-06,1e-06,PHI,PHI,0.1,0.8,0.322,0.33
LAN201708110,2017-08-11,LAN,SDN,1,0,3.75,4.21,574.8341159449532,3046.5057464053752,ARI,CIN,0.4,0.5,0.334,0.293
TBA201708110,2017-08-11,TBA,CLE,0,0,3.43,3.29,1e-06,1e-06,TBA,TBA,0.0,0.4,0.322,0.333
MIL201708110,2017-08-11,MIL,CIN,0,1,3.49,6.43,1e-06,525.1892238126902,MIL,CIN,0.5,0.5,0.318,0.323
TOR201708110,2017-08-11,TOR,PIT,0,0,3.09,4.44,1e-06,332.4198044988213,TOR,DET,0.5,0.5,0.314,0.311
SLN201708120,2017-08-12,SLN,ATL,1,2,3.64,5.62,1e-06,1e-06,SLN,SLN,0.7,0.3,0.339,0.327
PHI201708120,2017-08-12,PHI,NYN,0,0,3.54,6.08,1e-06,1e-06,PHI,PHI,0.4,0.7,0.322,0.33
MIA201708120,2017-08-12,MIA,COL,1,1,5.06,5.89,1e-06,1e-06,MIA,MIA,0.3,0.9,0.332,0.313
TBA201708120,2017-08-12,TBA,CLE,0,1,4.07,3.11,1e-06,1e-06,TBA,TBA,0.0,0.4,0.322,0.333
TEX201708120,2017-08-12,TEX,HOU,0,0,7.71,5.22,1e-06,1e-06,TEX,TEX,0.6,0.3,0.347,0.343
SEA201708120,2017-08-12,SEA,ANA,0,0,2.66,3.86,1e-06,1e-06,SEA,SEA,0.3,0.3,0.334,0.312
WAS201708120,2017-08-12,WAS,SFN,2,1,5.21,4.42,1e-06,3919.8438689376185,WAS,SFN,0.3,1.0,0.352,0.309
TOR201708120,2017-08-12,TOR,PIT,1,0,6.75,4.07,1e-06,1e-06,TOR,TOR,0.4,0.4,0.314,0.311
MIL201708120,2017-08-12,MIL,CIN,3,2,1.78,5.52,1e-06,1e-06,MIL,MIL,0.5,0.6,0.318,0.323
LAN201708120,2017-08-12,LAN,SDN,1,0,3.38,3.14,1e-06,1e-06,LAN,LAN,0.4,0.5,0.334,0.293
CHA201708120,2017-08-12,CHA,KCA,0,1,4.5,2.48,1e-06,1e-06,CHA,CHA,0.4,0.3,0.315,0.308
OAK201708120,2017-08-12,OAK,BAL,2,7,4.37,4.24,1e-06,1e-06,OAK,OAK,0.9,0.1,0.327,0.3
DET201708120,2017-08-12,DET,MIN,5,0,2.66,4.03,1e-06,1e-06,DET,DET,0.7,0.3,0.341,0.322
ARI201708120,2017-08-12,ARI,CHN,0,0,4.03,4.33,1e-06,1e-06,ARI,ARI,0.6,0.2,0.35,0.324
NYA201708120,2017-08-12,NYA,BOS,2,0,2.98,3.32,1e-06,1e-06,NYA,NYA,0.1,0.9,0.343,0.318
SLN201708130,2017-08-13,SLN,ATL,0,0,4.13,4.26,1e-06,1e-06,SLN,SLN,0.6,0.5,0.339,0.327
MIL201708130,2017-08-13,MIL,CIN,3,0,4.94,4.45,1e-06,1e-06,MIL,MIL,0.8,0.8,0.318,0.323
NYA201708130,2017-08-13,NYA,BOS,0,0,3.22,1.43,1e-06,1e-06,NYA,NYA,0.3,0.8,0.343,0.318
WAS201708132,2017-08-13,WAS,SFN,0,0,1.62,5.12,1e-06,1e-06,WAS,WAS,0.5,1.1,0.352,0.309
TEX201708130,2017-08-13,TEX,HOU,0,0,3.4,2.9,1e-06,1e-06,TEX,TEX,0.6,0.3,0.347,0.343
PHI201708130,2017-08-13,PHI,NYN,1,2,6.16,7.88,1e-06,1e-06,PHI,PHI,0.4,0.7,0.322,0.33
LAN201708130,2017-08-13,LAN,SDN,0,2,4.22,4.67,1e-06,1e-06,LAN,LAN,0.5,0.5,0.334,0.293
WAS201708131,2017-08-13,WAS,SFN,0,0,3.81,3.68,1e-06,1e-06,WAS,WAS,0.5,1.1,0.352,0.309
OAK201708130,2017-08-13,OAK,BAL,0,1,4.19,5.43,1e-06,1e-06,OAK,OAK,1.1,0.8,0.327,0.3
ARI201708130,2017-08-13,ARI,CHN,0,1,3.37,3.53,1e-06,1e-06,ARI,ARI,0.2,0.2,0.35,0.324
TOR201708130,2017-08-13,TOR,PIT,4,1,3.53,4.35,1e-06,1e-06,TOR,TOR,0.5,0.4,0.314,0.311
TBA201708130,2017-08-13,TBA,CLE,0,0,2.61,2.25,1e-06,1e-06,TBA,TBA,0.0,0.5,0.322,0.333
SEA201708130,2017-08-13,SEA,ANA,1,0,5.12,3.64,1e-06,1e-06,SEA,SEA,0.3,0.3,0.334,0.312
DET201708130,2017-08-13,DET,MIN,0,1,10.91,4.94,1e-06,1e-06,DET,DET,0.9,0.3,0.341,0.322
CHA201708130,2017-08-13,CHA,KCA,0,0,6.2,4.16,1e-06,1e-06,CHA,CHA,0.4,0.4,0.315,0.308
MIA201708130,2017-08-13,MIA,COL,0,0,3.0,4.39,1e-06,1e-06,MIA,MIA,0.3,0.6,0.332,0.313
MIA201708140,2017-08-14,MIA,SFN,2,0,6.14,4.78,1e-06,1489.628641346009,MIA,WAS,0.2,1.0,0.332,0.309
TOR201708140,2017-08-14,TOR,TBA,2,0,5.17,4.14,1e-06,1789.459752085548,TOR,TBA,0.9,0.7,0.314,0.312
NYA201708140,2017-08-14,NYA,NYN,0,0,1.84,4.92,1e-06,129.48897528262268,NYA,PHI,0.3,0.8,0.343,0.33
COL201708140,2017-08-14,COL,ATL,0,0,4.47,7.23,2773.388608504832,1279.0227614650469,MIA,SLN,1.4,0.5,0.364,0.327
CHN201708140,2017-08-14,CHN,CIN,2,0,4.15,6.5,2336.6124175783,132.54357794550742,ARI,MIL,0.9,0.8,0.342,0.323
OAK201708140,2017-08-14,OAK,KCA,1,1,5.58,,1e-06,2971.6570204984887,OAK,CHA,1.1,0.4,0.327,0.308
BOS201708140,2017-08-14,BOS,CLE,0,0,4.88,4.19,306.2037667286439,1926.694381718032,NYA,TBA,0.8,0.5,0.341,0.333
SEA201708140,2017-08-14,SEA,BAL,1,1,5.72,4.68,1e-06,1089.6592015072615,SEA,OAK,0.4,0.9,0.334,0.3
SDN201708140,2017-08-14,SDN,PHI,0,0,4.21,7.89,179.52869961196944,3810.8466979584146,LAN,PHI,0.9,0.3,0.306,0.307
TEX201708140,2017-08-14,TEX,DET,2,2,4.82,3.83,1e-06,1624.6230769135182,TEX,DET,0.6,0.6,0.347,0.306
ARI201708140,2017-08-14,ARI,HOU,0,0,3.2,3.55,1e-06,1401.854927086376,ARI,TEX,0.1,0.3,0.35,0.343
TEX201708150,2017-08-15,TEX,DET,0,0,5.94,3.36,1e-06,1e-06,TEX,TEX,0.7,0.8,0.347,0.306
CHN201708150,2017-08-15,CHN,CIN,0,0,2.83,4.45,1e-06,1e-06,CHN,CHN,1.1,0.8,0.342,0.323
MIL201708150,2017-08-15,MIL,PIT,0,0,3.9,4.14,1e-06,695.7214064772647,MIL,TOR,1.1,0.3,0.318,0.311
LAN201708150,2017-08-15,LAN,CHA,0,1,2.06,4.53,1e-06,2804.824680217871,LAN,CHA,0.4,0.1,0.334,0.312
WAS201708150,2017-08-15,WAS,ANA,0,0,2.96,4.55,1e-06,3737.7812997837673,WAS,SEA,0.3,0.2,0.352,0.312
MIN201708150,2017-08-15,MIN,CLE,0,0,6.48,4.28,872.516450655481,1804.1923618308683,DET,BOS,0.4,0.5,0.347,0.333
ARI201708150,2017-08-15,ARI,HOU,0,0,5.96,5.8,1e-06,1e-06,ARI,ARI,0.1,0.3,0.35,0.343
COL201708150,2017-08-15,COL,ATL,1,0,1.59,2.55,1e-06,1e-06,COL,COL,1.1,0.5,0.364,0.327
SEA201708150,2017-08-15,SEA,BAL,0,1,3.51,5.61,1e-06,1e-06,SEA,SEA,0.5,1.0,0.334,0.3
NYA201708150,2017-08-15,NYA,NYN,0,0,3.55,3.53,1e-06,1e-06,NYA,NYA,0.3,0.6,0.343,0.33
SDN201708150,2017-08-15,SDN,PHI,3,0,4.57,4.96,1e-06,1e-06,SDN,SDN,0.5,0.3,0.306,0.307
BOS201708150,2017-08-15,BOS,SLN,1,0,4.65,3.92,1e-06,1666.9051134731696,BOS,SLN,0.8,0.0,0.341,0.329
OAK201708150,2017-08-15,OAK,KCA,1,3,3.93,2.55,1e-06,1e-06,OAK,OAK,1.1,0.5,0.327,0.308
MIA201708150,2017-08-15,MIA,SFN,1,0,5.69,3.32,1e-06,1e-06,MIA,MIA,0.4,0.8,0.332,0.309
TOR201708150,2017-08-15,TOR,TBA,0,0,4.98,4.04,1e-06,1e-06,TOR,TOR,1.0,0.7,0.314,0.312
SDN201708160,2017-08-16,SDN,PHI,0,0,4.79,6.02,1e-06,1e-06,SDN,SDN,0.8,0.1,0.306,0.307
SEA201708160,2017-08-16,SEA,BAL,0,1,2.66,6.81,1e-06,1e-06,SEA,SEA,0.5,1.1,0.334,0.3
COL201708160,2017-08-16,COL,ATL,2,0,3.67,4.79,1e-06,1e-06,COL,COL,0.9,0.5,0.364,0.327
OAK201708160,2017-08-16,OAK,KCA,0,1,3.93,6.52,1e-06,1e-06,OAK,OAK,1.2,0.8,0.327,0.308
HOU201708160,2017-08-16,HOU,ARI,0,0,3.62,3.49,1630.8590123845936,1630.8590123845936,ARI,ARI,0.7,0.7,0.342,0.309
MIL201708160,2017-08-16,MIL,PIT,0,1,2.33,2.61,1e-06,1e-06,MIL,MIL,1.0,0.3,0.318,0.311
TEX201708160,2017-08-16,TEX,DET,0,1,4.2,6.93,1e-06,1e-06,TEX,TEX,0.5,0.8,0.347,0.306
NYN201708160,2017-08-16,NYN,NYA,1,0,4.55,2.59,1e-06,1e-06,NYA,NYA,0.8,0.2,0.31,0.327
WAS201708160,2017-08-16,WAS,ANA,2,0,4.67,4.92,1e-06,1e-06,WAS,WAS,0.3,0.2,0.352,0.312
MIA201708160,2017-08-16,MIA,SFN,4,0,3.82,5.43,1e-06,1e-06,MIA,MIA,0.5,0.8,0.332,0.309
BOS201708160,2017-08-16,BOS,SLN,0,0,1.43,3.93,1e-06,1e-06,BOS,BOS,0.9,0.0,0.341,0.329
TOR201708160,2017-08-16,TOR,TBA,0,0,3.09,3.43,1e-06,1e-06,TOR,TOR,1.0,0.7,0.314,0.312
CHN201708160,2017-08-16,CHN,CIN,4,1,2.3,3.76,1e-06,1e-06,CHN,CHN,1.1,0.5,0.342,0.323
LAN201708160,2017-08-16,LAN,CHA,0,1,3.75,7.01,1e-06,1e-06,LAN,LAN,0.4,0.2,0.334,0.312
NYN201708170,2017-08-17,NYN,NYA,0,3,6.08,2.98,1e-06,1e-06,NYN,NYN,0.6,0.2,0.31,0.327
SFN201708170,2017-08-17,SFN,PHI,0,0,4.42,3.54,4167.0413845935145,738.1265117326025,MIA,SDN,0.8,0.0,0.308,0.307
CHN201708170,2017-08-17,CHN,CIN,0,0,5.53,4.45,1e-06,1e-06,CHN,CHN,1.5,0.5,0.342,0.323
MIN201708172,2017-08-17,MIN,CLE,0,0,3.21,3.11,1e-06,1e-06,MIN,MIN,0.4,0.5,0.347,0.333
TEX201708170,2017-08-17,TEX,CHA,0,1,4.67,4.72,1e-06,1971.1455630393184,TEX,LAN,0.5,0.3,0.347,0.312
PIT201708170,2017-08-17,PIT,SLN,2,0,4.65,2.55,722.0054120555708,773.5078082361433,MIL,BOS,0.4,0.0,0.325,0.329
HOU201708170,2017-08-17,HOU,ARI,0,0,5.22,4.03,1e-06,1e-06,HOU,HOU,0.6,0.7,0.342,0.309
TOR201708170,2017-08-17,TOR,TBA,1,0,2.56,2.61,1e-06,1e-06,TOR,TOR,1.0,0.7,0.314,0.312
COL201708170,2017-08-17,COL,ATL,0,0,5.89,5.62,1e-06,1e-06,COL,COL,1.1,0.4,0.364,0.327
SDN201708170,2017-08-17,SDN,WAS,0,0,3.97,5.21,1e-06,3654.8629358941057,SDN,WAS,0.8,0.8,0.306,0.311
MIN201708171,2017-08-17,MIN,CLE,0,2,5.07,3.29,1e-06,1e-06,MIN,MIN,0.4,0.5,0.347,0.333
PIT201708180,2017-08-18,PIT,SLN,1,1,4.07,3.64,1e-06,1e-06,PIT,PIT,0.5,0.0,0.325,0.329
SDN201708180,2017-08-18,SDN,WAS,0,1,4.67,5.68,1e-06,1e-06,SDN,SDN,0.6,0.8,0.306,0.311
KCA201708180,2017-08-18,KCA,CLE,0,3,5.38,2.25,2406.427657157802,662.9211681328137,OAK,MIN,0.4,0.7,0.315,0.333
ATL201708180,2017-08-18,ATL,CIN,0,0,4.26,4.45,1946.7466716258368,947.8182724063668,COL,CHN,0.3,0.5,0.325,0.323
BOS201708180,2017-08-18,BOS,NYA,0,0,2.84,2.59,1e-06,306.2037667286439,BOS,NYN,0.9,0.5,0.341,0.327
TBA201708180,2017-08-18,TBA,SEA,0,3,5.31,4.39,1789.459752085548,4073.223093287738,TOR,SEA,0.0,0.8,0.322,0.317
NYN201708180,2017-08-18,NYN,MIA,0,0,7.88,5.06,1e-06,1756.5620451799746,NYN,MIA,0.6,0.9,0.31,0.33
BAL201708180,2017-08-18,BAL,ANA,0,3,3.43,3.86,3746.584168000963,55.02896457567408,SEA,WAS,0.6,0.2,0.323,0.312
TEX201708180,2017-08-18,TEX,CHA,0,1,6.23,3.13,1e-06,1e-06,TEX,TEX,0.5,0.4,0.347,0.312
MIN201708180,2017-08-18,MIN,ARI,0,2,3.28,3.37,1e-06,1702.4056315736932,MIN,HOU,0.4,0.7,0.347,0.309
CHN201708180,2017-08-18,CHN,TOR,0,1,3.53,3.53,1e-06,700.98343821047,CHN,TOR,1.2,0.5,0.342,0.311
SFN201708180,2017-08-18,SFN,PHI,3,0,5.52,6.16,1e-06,1e-06,SFN,SFN,0.8,0.0,0.308,0.307
DET201708180,2017-08-18,DET,LAN,2,0,6.08,3.32,1624.6230769135182,3185.671339406629,TEX,LAN,0.9,0.8,0.341,0.336
HOU201708180,2017-08-18,HOU,OAK,0,0,2.9,4.37,1e-06,2629.671879056886,HOU,OAK,0.5,0.6,0.342,0.312
COL201708180,2017-08-18,COL,MIL,1,0,4.39,4.94,1e-06,1465.0252316671194,COL,MIL,1.1,0.2,0.364,0.326
TBA201708190,2017-08-19,TBA,SEA,1,0,4.14,5.12,1e-06,1e-06,TBA,TBA,0.0,1.1,0.322,0.317
MIN201708190,2017-08-19,MIN,ARI,0,0,3.89,3.2,1e-06,1e-06,MIN,MIN,0.4,0.9,0.347,0.309
KCA201708190,2017-08-19,KCA,CLE,0,1,4.16,4.19,1e-06,1e-06,KCA,KCA,0.0,1.0,0.315,0.333
COL201708190,2017-08-19,COL,MIL,0,0,3.61,2.33,1e-06,1e-06,COL,COL,1.2,0.2,0.364,0.326
PIT201708190,2017-08-19,PIT,SLN,0,0,4.35,4.13,1e-06,1e-06,PIT,PIT,0.6,0.1,0.325,0.329
BAL201708190,2017-08-19,BAL,ANA,1,1,4.68,4.15,1e-06,1e-06,BAL,BAL,0.6,0.5,0.323,0.312
DET201708190,2017-08-19,DET,LAN,0,0,3.83,3.75,1e-06,1e-06,DET,DET,1.1,0.7,0.341,0.336
SFN201708190,2017-08-19,SFN,PHI,1,0,4.78,4.12,1e-06,1e-06,SFN,SFN,1.0,0.0,0.308,0.307
HOU201708190,2017-08-19,HOU,OAK,0,0,3.55,4.19,1e-06,1e-06,HOU,HOU,0.5,0.5,0.342,0.312
ATL201708190,2017-08-19,ATL,CIN,0,0,4.49,4.68,1e-06,1e-06,ATL,ATL,0.3,0.4,0.325,0.323
BOS201708190,2017-08-19,BOS,NYA,0,0,2.9,3.69,1e-06,1e-06,BOS,BOS,0.9,0.4,0.341,0.327
SDN201708190,2017-08-19,SDN,WAS,2,0,6.8,2.52,1e-06,1e-06,SDN,SDN,0.5,0.9,0.306,0.311
NYN201708190,2017-08-19,NYN,MIA,0,0,5.52,6.91,1e-06,1e-06,NYN,NYN,0.6,0.7,0.31,0.33
CHN201708190,2017-08-19,CHN,TOR,1,0,4.15,3.55,1e-06,1e-06,CHN,CHN,1.0,0.5,0.342,0.311
TEX201708190,2017-08-19,TEX,CHA,1,5,4.82,6.2,1e-06,1e-06,TEX,TEX,0.3,0.5,0.347,0.312
TBA201708200,2017-08-20,TBA,SEA,1,0,4.04,5.72,1e-06,1e-06,TBA,TBA,0.1,1.1,0.322,0.317
TEX201708200,2017-08-20,TEX,CHA,0,0,5.94,4.62,1e-06,1e-06,TEX,TEX,0.4,1.0,0.347,0.312
BAL201708200,2017-08-20,BAL,ANA,0,0,3.18,4.43,1e-06,1e-06,BAL,BAL,0.7,0.6,0.323,0.312
ATL201708200,2017-08-20,ATL,CIN,0,0,4.32,3.12,1e-06,1e-06,ATL,ATL,0.3,0.4,0.325,0.323
COL201708200,2017-08-20,COL,MIL,1,0,4.1,2.74,1e-06,1e-06,COL,COL,1.2,0.2,0.364,0.326
SFN201708200,2017-08-20,SFN,PHI,0,0,2.64,4.12,1e-06,1e-06,SFN,SFN,1.1,0.0,0.308,0.307
KCA201708200,2017-08-20,KCA,CLE,0,0,5.29,4.28,1e-06,1e-06,KCA,KCA,0.0,0.8,0.315,0.333
HOU201708200,2017-08-20,HOU,OAK,0,2,3.0,5.58,1e-06,1e-06,HOU,HOU,0.5,0.4,0.342,0.312
MIN201708200,2017-08-20,MIN,ARI,9,0,6.48,5.33,1e-06,1e-06,MIN,MIN,0.4,0.9,0.347,0.309
SDN201708200,2017-08-20,SDN,WAS,1,0,4.57,2.96,1e-06,1e-06,SDN,SDN,0.7,0.8,0.306,0.311
DET201708200,2017-08-20,DET,LAN,0,0,3.36,4.22,1e-06,1e-06,DET,DET,1.1,0.7,0.341,0.336
BOS201708200,2017-08-20,BOS,NYA,0,0,4.65,3.55,1e-06,1e-06,BOS,BOS,0.9,0.4,0.341,0.327
NYN201708200,2017-08-20,NYN,MIA,1,1,3.53,6.14,1e-06,1e-06,NYN,NYN,0.6,0.6,0.31,0.33
CHN201708200,2017-08-20,CHN,TOR,0,0,3.41,3.38,1e-06,1e-06,CHN,CHN,1.1,0.4,0.342,0.311
PIT201708200,2017-08-20,PIT,SLN,3,0,4.14,3.92,1e-06,1e-06,PIT,PIT,0.5,0.1,0.325,0.329
CHA201708212,2017-08-21,CHA,MIN,0,0,3.86,3.47,1e-06,1e-06,CHA,CHA,0.4,0.4,0.315,0.322
BAL201708210,2017-08-21,BAL,OAK,0,0,5.61,,1e-06,2013.2384377541168,BAL,HOU,0.7,0.6,0.323,0.312
SFN201708210,2017-08-21,SFN,MIL,0,0,3.68,3.9,1e-06,1524.5101947303656,SFN,COL,0.7,0.2,0.308,0.326
ATL201708210,2017-08-21,ATL,SEA,0,0,4.79,3.51,1e-06,688.5440708416155,ATL,TBA,0.3,1.1,0.325,0.317
CHA201708211,2017-08-21,CHA,MIN,2,1,4.15,11.12,1309.650558347085,571.0232496384983,TEX,MIN,0.4,0.4,0.315,0.322
CLE201708210,2017-08-21,CLE,BOS,0,2,2.94,3.18,1123.5230318083022,884.5468110577992,KCA,BOS,0.5,0.3,0.34,0.318
PIT201708210,2017-08-21,PIT,LAN,0,0,3.91,2.93,1e-06,331.7516309667575,PIT,DET,0.8,0.7,0.325,0.336
ANA201708210,2017-08-21,ANA,TEX,0,1,4.55,4.2,3703.3736830857606,1938.7751997181072,BAL,TEX,0.3,1.5,0.318,0.293
NYN201708210,2017-08-21,NYN,ARI,0,0,5.28,,1e-06,1636.0526645605564,NYN,MIN,0.7,0.9,0.31,0.309
CHA201708220,2017-08-22,CHA,MIN,1,0,2.38,5.07,1e-06,1e-06,CHA,CHA,0.6,0.5,0.315,0.322
CLE201708220,2017-08-22,CLE,BOS,1,1,3.29,4.88,1e-06,1e-06,CLE,CLE,0.4,0.4,0.34,0.318
SFN201708220,2017-08-22,SFN,MIL,0,0,5.12,4.68,1e-06,1e-06,SFN,SFN,0.7,0.0,0.308,0.326
DET201708220,2017-08-22,DET,NYA,0,3,5.27,4.74,1e-06,984.732039314543,DET,BOS,1.1,0.4,0.341,0.327
KCA201708220,2017-08-22,KCA,COL,1,0,3.81,3.67,1e-06,896.2397141964761,KCA,COL,0.0,0.6,0.315,0.313
PHI201708222,2017-08-22,PHI,MIA,0,3,6.02,3.82,1e-06,1e-06,PHI,PHI,0.5,0.5,0.322,0.33
BAL201708220,2017-08-22,BAL,OAK,0,3,6.81,4.38,1e-06,1e-06,BAL,BAL,0.7,0.6,0.323,0.312
SLN201708220,2017-08-22,SLN,SDN,0,0,3.99,3.14,898.8824563980571,2512.7882729547905,PIT,SDN,0.4,0.6,0.339,0.293
HOU201708220,2017-08-22,HOU,WAS,1,0,3.62,4.67,1e-06,2092.675240202723,HOU,SDN,0.5,0.4,0.342,0.311
NYN201708220,2017-08-22,NYN,ARI,0,3,,4.03,1e-06,1e-06,NYN,NYN,0.7,0.9,0.31,0.309
TBA201708220,2017-08-22,TBA,TOR,1,1,4.07,6.75,1e-06,1636.2782802002057,TBA,CHN,0.2,0.4,0.322,0.311
CIN201708220,2017-08-22,CIN,CHN,1,0,3.76,4.24,595.1171397463928,406.2527329885922,ATL,CHN,1.0,0.3,0.335,0.324
PIT201708220,2017-08-22,PIT,LAN,0,1,,3.38,1e-06,1e-06,PIT,PIT,0.6,0.7,0.325,0.336
ATL201708220,2017-08-22,ATL,SEA,0,0,5.62,6.08,1e-06,1e-06,ATL,ATL,0.3,1.0,0.325,0.317
ANA201708220,2017-08-22,ANA,TEX,1,0,3.86,7.71,1e-06,1e-06,ANA,ANA,0.3,1.5,0.318,0.293
PHI201708221,2017-08-22,PHI,MIA,2,1,3.54,4.26,4049.99076989334,129.48897528262268,SFN,NYN,0.5,0.8,0.322,0.33
PHI201708230,2017-08-23,PHI,MIA,1,0,4.96,5.06,1e-06,1e-06,PHI,PHI,0.7,0.9,0.322,0.33
TBA201708230,2017-08-23,TBA,TOR,0,2,2.61,3.59,1e-06,1e-06,TBA,TBA,0.3,0.5,0.322,0.311
ATL201708230,2017-08-23,ATL,SEA,2,0,5.56,3.4,1e-06,1e-06,ATL,ATL,0.2,1.0,0.325,0.317
NYN201708230,2017-08-23,NYN,ARI,1,1,7.88,3.37,1e-06,1e-06,NYN,NYN,0.4,0.8,0.31,0.309
DET201708230,2017-08-23,DET,NYA,0,1,6.08,2.98,1e-06,1e-06,DET,DET,1.1,0.6,0.341,0.327
CHA201708230,2017-08-23,CHA,MIN,0,0,4.2,3.21,1e-06,1e-06,CHA,CHA,0.7,0.2,0.315,0.322
SLN201708230,2017-08-23,SLN,SDN,2,0,3.88,3.89,1e-06,1e-06,SLN,SLN,0.2,0.6,0.339,0.293
CLE201708230,2017-08-23,CLE,BOS,0,0,2.25,3.32,1e-06,1e-06,CLE,CLE,0.5,0.5,0.34,0.318
SFN201708230,2017-08-23,SFN,MIL,1,1,2.64,4.0,1e-06,1e-06,SFN,SFN,0.7,0.0,0.308,0.326
BAL201708230,2017-08-23,BAL,OAK,0,0,3.53,4.38,1e-06,1e-06,BAL,BAL,0.5,0.6,0.323,0.312
PIT201708230,2017-08-23,PIT,LAN,0,0,2.61,3.32,1e-06,1e-06,PIT,PIT,0.6,0.7,0.325,0.336
HOU201708230,2017-08-23,HOU,WAS,0,0,5.22,5.21,1e-06,1e-06,HOU,HOU,0.6,0.4,0.342,0.311
CIN201708230,2017-08-23,CIN,CHN,0,3,6.5,3.38,1e-06,1e-06,CIN,CIN,1.1,0.3,0.335,0.324
KCA201708230,2017-08-23,KCA,COL,0,1,6.52,3.61,1e-06,1e-06,KCA,KCA,0.1,0.6,0.315,0.313
ANA201708230,2017-08-23,ANA,TEX,0,0,4.43,2.5,1e-06,1e-06,ANA,ANA,0.4,1.4,0.318,0.293
DET201708240,2017-08-24,DET,NYA,1,0,4.5,2.87,1e-06,1e-06,DET,DET,1.1,0.7,0.341,0.327
PHI201708240,2017-08-24,PHI,MIA,0,1,2.65,4.73,1e-06,1e-06,PHI,PHI,0.7,0.5,0.322,0.33
SLN201708240,2017-08-24,SLN,SDN,0,0,2.55,3.97,1e-06,1e-06,SLN,SLN,0.4,0.6,0.339,0.293
ANA201708240,2017-08-24,ANA,TEX,0,0,4.18,4.82,1e-06,1e-06,ANA,ANA,0.4,1.4,0.318,0.293
CIN201708240,2017-08-24,CIN,CHN,0,0,4.45,2.83,1e-06,1e-06,CIN,CIN,0.9,0.6,0.335,0.324
CHA201708240,2017-08-24,CHA,MIN,0,0,6.2,3.89,1e-06,1e-06,CHA,CHA,0.7,0.2,0.315,0.322
PIT201708240,2017-08-24,PIT,LAN,0,0,4.35,3.77,1e-06,1e-06,PIT,PIT,0.6,0.7,0.325,0.336
HOU201708240,2017-08-24,HOU,WAS,0,0,4.77,1.62,1e-06,1e-06,HOU,HOU,0.5,0.4,0.342,0.311
NYN201708240,2017-08-24,NYN,ARI,0,0,5.52,2.89,1e-06,1e-06,NYN,NYN,0.5,0.9,0.31,0.309
KCA201708240,2017-08-24,KCA,COL,1,0,2.55,5.06,1e-06,1e-06,KCA,KCA,0.1,0.5,0.315,0.313
TBA201708240,2017-08-24,TBA,TOR,0,0,2.01,6.69,1e-06,1e-06,TBA,TBA,0.3,0.6,0.322,0.311
CLE201708240,2017-08-24,CLE,BOS,0,0,4.19,2.9,1e-06,1e-06,CLE,CLE,0.4,0.5,0.34,0.318
OAK201708250,2017-08-25,OAK,TEX,0,1,4.19,5.66,3931.3055139950993,592.0809005913671,BAL,ANA,1.0,1.4,0.327,0.293
CIN201708250,2017-08-25,CIN,PIT,0,0,4.68,4.14,1e-06,415.25842934625814,CIN,PIT,0.9,0.4,0.335,0.311
NYA201708250,2017-08-25,NYA,SEA,0,0,3.22,3.86,773.7548030957365,1200.4511584455877,DET,ATL,0.2,0.9,0.343,0.317
CHA201708250,2017-08-25,CHA,DET,1,0,4.53,12.32,1e-06,380.91207013286544,CHA,DET,0.4,0.9,0.315,0.306
LAN201708250,2017-08-25,LAN,MIL,0,0,4.22,2.74,3433.6519953355796,559.4406195325591,PIT,SFN,0.4,0.1,0.334,0.326
PHI201708250,2017-08-25,PHI,CHN,2,1,4.71,4.15,1e-06,807.0437326700402,PHI,CIN,0.7,0.6,0.322,0.324
BOS201708250,2017-08-25,BOS,BAL,0,2,4.65,5.43,884.5468110577992,578.81170796599,CLE,BAL,0.9,1.2,0.341,0.3
SLN201708250,2017-08-25,SLN,TBA,1,0,4.13,3.56,1e-06,1400.9866618185608,SLN,TBA,0.4,0.7,0.339,0.312
CLE201708250,2017-08-25,CLE,KCA,0,0,1.74,4.16,1e-06,1123.5230318083022,CLE,KCA,0.4,0.8,0.34,0.308
MIA201708250,2017-08-25,MIA,SDN,2,0,4.75,3.97,1644.1190984600378,1707.3616110149374,PHI,SLN,0.9,0.4,0.332,0.293
ARI201708250,2017-08-25,ARI,SFN,0,0,3.2,4.78,3443.682019431773,1050.993394248722,NYN,SFN,0.1,0.8,0.35,0.309
ANA201708250,2017-08-25,ANA,HOU,1,0,3.64,3.55,1e-06,2169.9670210701,ANA,HOU,0.2,0.2,0.318,0.343
WAS201708250,2017-08-25,WAS,NYN,0,1,3.81,3.53,1963.4510544527368,326.3648041771951,HOU,NYN,0.5,0.6,0.352,0.33
ATL201708250,2017-08-25,ATL,COL,2,0,4.49,5.05,1e-06,1087.4766965335918,ATL,KCA,0.3,0.5,0.325,0.313
TOR201708250,2017-08-25,TOR,MIN,0,0,3.53,6.48,1789.459752085548,700.98343821047,TBA,CHA,1.0,0.2,0.314,0.322
CHA201708260,2017-08-26,CHA,DET,0,0,4.15,6.75,1e-06,1e-06,CHA,CHA,0.5,0.8,0.315,0.306
BOS201708260,2017-08-26,BOS,BAL,0,0,4.19,4.68,1e-06,1e-06,BOS,BOS,0.5,1.4,0.341,0.3
TOR201708260,2017-08-26,TOR,MIN,0,0,4.98,3.47,1e-06,1e-06,TOR,TOR,0.8,0.2,0.314,0.322
NYA201708260,2017-08-26,NYA,SEA,0,0,3.55,5.72,1e-06,1e-06,NYA,NYA,0.2,0.9,0.343,0.317
CIN201708260,2017-08-26,CIN,PIT,0,0,3.12,4.26,1e-06,1e-06,CIN,CIN,0.8,0.4,0.335,0.311
ANA201708260,2017-08-26,ANA,HOU,0,2,5.45,4.77,1e-06,1e-06,ANA,ANA,0.3,0.0,0.318,0.343
WAS201708260,2017-08-26,WAS,NYN,4,0,2.96,5.19,1e-06,1e-06,WAS,WAS,0.4,0.7,0.352,0.33
LAN201708260,2017-08-26,LAN,MIL,0,0,6.48,3.9,1e-06,1e-06,LAN,LAN,0.4,0.1,0.334,0.326
PHI201708260,2017-08-26,PHI,CHN,2,0,4.26,3.03,1e-06,1e-06,PHI,PHI,0.9,0.7,0.322,0.324
OAK201708260,2017-08-26,OAK,TEX,1,2,4.37,4.2,1e-06,1e-06,OAK,OAK,0.9,1.4,0.327,0.293
SLN201708260,2017-08-26,SLN,TBA,0,2,2.83,3.38,1e-06,1e-06,SLN,SLN,0.4,0.6,0.339,0.312
CLE201708260,2017-08-26,CLE,KCA,0,0,3.11,5.29,1e-06,1e-06,CLE,CLE,0.2,0.8,0.34,0.308
ATL201708260,2017-08-26,ATL,COL,0,0,2.83,1.59,1e-06,1e-06,ATL,ATL,0.5,0.5,0.325,0.313
MIA201708260,2017-08-26,MIA,SDN,0,0,5.69,4.21,1e-06,1e-06,MIA,MIA,1.1,0.4,0.332,0.293
ARI201708260,2017-08-26,ARI,SFN,1,0,3.49,3.32,1e-06,1e-06,ARI,ARI,0.1,0.8,0.35,0.309
WAS201708271,2017-08-27,WAS,NYN,0,3,5.68,2.94,1e-06,1e-06,WAS,WAS,0.8,0.6,0.352,0.33
PHI201708270,2017-08-27,PHI,CHN,0,3,6.02,4.59,1e-06,1e-06,PHI,PHI,1.1,0.7,0.322,0.324
TOR201708270,2017-08-27,TOR,MIN,0,1,5.34,5.07,1e-06,1e-06,TOR,TOR,0.8,0.2,0.314,0.322
CIN201708270,2017-08-27,CIN,PIT,0,0,2.7,1.97,1e-06,1e-06,CIN,CIN,0.7,0.4,0.335,0.311
OAK201708270,2017-08-27,OAK,TEX,0,0,5.58,5.94,1e-06,1e-06,OAK,OAK,0.7,1.4,0.327,0.293
ANA201708270,2017-08-27,ANA,HOU,0,2,4.43,4.77,1e-06,1e-06,ANA,ANA,0.3,0.2,0.318,0.343
BOS201708270,2017-08-27,BOS,BAL,0,2,4.88,5.61,1e-06,1e-06,BOS,BOS,0.5,1.4,0.341,0.3
ARI201708270,2017-08-27,ARI,SFN,0,0,4.03,3.68,1e-06,1e-06,ARI,ARI,0.1,0.8,0.35,0.309
LAN201708270,2017-08-27,LAN,MIL,0,1,3.86,3.49,1e-06,1e-06,LAN,LAN,0.4,0.1,0.334,0.326
CLE201708270,2017-08-27,CLE,KCA,3,0,3.29,9.5,1e-06,1e-06,CLE,CLE,0.2,0.8,0.34,0.308
NYA201708270,2017-08-27,NYA,SEA,6,1,4.74,3.51,1e-06,1e-06,NYA,NYA,0.2,0.6,0.343,0.317
MIA201708270,2017-08-27,MIA,SDN,0,0,3.0,4.79,1e-06,1e-06,MIA,MIA,1.1,0.2,0.332,0.293
CHA201708270,2017-08-27,CHA,DET,0,0,2.38,5.27,1e-06,1e-06,CHA,CHA,0.5,0.6,0.315,0.306
ATL201708270,2017-08-27,ATL,COL,0,0,4.79,3.67,1e-06,1e-06,ATL,ATL,0.5,0.3,0.325,0.313
WAS201708272,2017-08-27,WAS,NYN,0,0,4.67,4.92,1e-06,1e-06,WAS,WAS,0.8,0.9,0.352,0.33
SLN201708270,2017-08-27,SLN,TBA,0,0,2.55,3.56,1e-06,1e-06,SLN,SLN,0.4,0.7,0.339,0.312
BAL201708280,2017-08-28,BAL,SEA,0,0,3.71,3.22,578.81170796599,272.81937803481173,BOS,NYA,0.5,0.7,0.323,0.317
TOR201708280,2017-08-28,TOR,BOS,2,0,3.55,3.32,1e-06,691.6136251477402,TOR,BOS,0.8,0.5,0.314,0.318
NYA201708280,2017-08-28,NYA,CLE,0,1,2.98,2.25,1e-06,649.8727601989037,NYA,CLE,0.8,0.7,0.343,0.333
KCA201708280,2017-08-28,KCA,TBA,0,1,5.38,5.31,1123.5230318083022,382.8562661725535,CLE,SLN,0.2,0.7,0.315,0.312
COL201708280,2017-08-28,COL,DET,0,2,4.68,6.08,1946.7466716258368,1477.450780411816,ATL,CHA,1.3,0.5,0.364,0.306
PHI201708280,2017-08-28,PHI,ATL,0,0,3.54,5.62,1e-06,1071.2330338826837,PHI,ATL,1.1,0.4,0.322,0.327
SDN201708280,2017-08-28,SDN,SFN,0,0,3.89,4.42,3647.952032104879,481.0116378281714,MIA,ARI,0.6,0.7,0.306,0.309
CHN201708280,2017-08-28,CHN,PIT,0,0,3.38,4.07,1068.017024042746,406.2527329885922,PHI,CIN,1.1,0.3,0.342,0.311
ANA201708280,2017-08-28,ANA,OAK,1,0,7.06,6.11,1e-06,592.0809005913671,ANA,OAK,0.2,0.6,0.318,0.312
WAS201708280,2017-08-28,WAS,MIA,1,0,2.51,3.82,1e-06,1489.628641346009,WAS,MIA,0.8,0.6,0.352,0.33
WAS201708290,2017-08-29,WAS,MIA,0,1,5.21,6.91,1e-06,1e-06,WAS,WAS,0.9,0.6,0.352,0.33
CIN201708290,2017-08-29,CIN,NYN,5,1,4.45,7.88,1e-06,647.9323389925676,CIN,WAS,0.4,0.9,0.335,0.33
BAL201708290,2017-08-29,BAL,SEA,1,0,4.24,4.39,1e-06,1e-06,BAL,BAL,0.5,0.4,0.323,0.317
ARI201708290,2017-08-29,ARI,LAN,5,0,3.37,3.32,1e-06,574.8341159449532,ARI,LAN,0.1,0.4,0.35,0.336
ANA201708290,2017-08-29,ANA,OAK,5,0,5.35,,1e-06,1e-06,ANA,ANA,0.3,0.6,0.318,0.312
SDN201708290,2017-08-29,SDN,SFN,0,0,4.67,5.52,1e-06,1e-06,SDN,SDN,0.6,0.1,0.306,0.309
KCA201708290,2017-08-29,KCA,TBA,0,0,,3.66,1e-06,1e-06,KCA,KCA,0.2,0.5,0.315,0.312
MIL201708290,2017-08-29,MIL,SLN,0,0,4.94,3.88,2799.844413597458,526.8349145670746,LAN,SLN,1.0,0.1,0.318,0.329
COL201708290,2017-08-29,COL,DET,1,0,1.59,3.83,1e-06,1e-06,COL,COL,1.1,0.5,0.364,0.306
TOR201708290,2017-08-29,TOR,BOS,0,0,6.34,2.9,1e-06,1e-06,TOR,TOR,1.0,0.5,0.314,0.318
MIN201708290,2017-08-29,MIN,CHA,2,0,3.28,5.23,1113.301279752142,571.0232496384983,TOR,CHA,0.9,1.0,0.347,0.312
CHN201708290,2017-08-29,CHN,PIT,0,0,3.53,4.35,1e-06,1e-06,CHN,CHN,1.1,0.3,0.342,0.311
HOU201708290,2017-08-29,HOU,TEX,0,0,5.22,4.82,2169.9670210701,2629.671879056886,ANA,OAK,0.3,1.2,0.342,0.293
PHI201708301,2017-08-30,PHI,ATL,0,3,4.71,4.26,1e-06,1e-06,PHI,PHI,0.8,0.2,0.322,0.327
WAS201708300,2017-08-30,WAS,MIA,0,0,2.52,6.14,1e-06,1e-06,WAS,WAS,0.7,0.7,0.352,0.33
SDN201708300,2017-08-30,SDN,SFN,0,0,3.14,4.78,1e-06,1e-06,SDN,SDN,0.6,0.0,0.306,0.309
HOU201708300,2017-08-30,HOU,TEX,0,0,2.9,3.4,1e-06,1e-06,HOU,HOU,0.1,0.7,0.342,0.293
CHN201708300,2017-08-30,CHN,PIT,1,2,4.15,4.14,1e-06,1e-06,CHN,CHN,0.7,0.2,0.342,0.311
MIL201708300,2017-08-30,MIL,SLN,0,2,2.74,3.64,1e-06,1e-06,MIL,MIL,0.7,0.1,0.318,0.329
PHI201708302,2017-08-30,PHI,ATL,0,1,4.96,4.49,1e-06,1e-06,PHI,PHI,0.8,0.5,0.322,0.327
KCA201708300,2017-08-30,KCA,TBA,0,0,4.16,4.14,1e-06,1e-06,KCA,KCA,0.2,0.3,0.315,0.312
NYA201708302,2017-08-30,NYA,CLE,0,4,3.88,1.74,1e-06,1e-06,NYA,NYA,0.8,0.8,0.343,0.333
ARI201708300,2017-08-30,ARI,LAN,3,0,2.89,3.77,1e-06,1e-06,ARI,ARI,0.6,0.4,0.35,0.336
TOR201708300,2017-08-30,TOR,BOS,0,0,6.69,4.65,1e-06,1e-06,TOR,TOR,0.9,0.5,0.314,0.318
ANA201708300,2017-08-30,ANA,OAK,1,0,4.43,4.22,1e-06,1e-06,ANA,ANA,0.8,0.6,0.318,0.312
CIN201708300,2017-08-30,CIN,NYN,0,2,6.43,5.52,1e-06,1e-06,CIN,CIN,0.8,0.7,0.335,0.33
NYA201708301,2017-08-30,NYA,CLE,0,2,4.41,4.19,1e-06,1e-06,NYA,NYA,0.8,1.1,0.343,0.333
BAL201708300,2017-08-30,BAL,SEA,0,0,3.18,5.0,1e-06,1e-06,BAL,BAL,0.6,0.1,0.323,0.317
COL201708300,2017-08-30,COL,DET,0,0,5.05,3.36,1e-06,1e-06,COL,COL,0.7,0.5,0.364,0.306
MIN201708300,2017-08-30,MIN,CHA,1,0,3.89,6.2,1e-06,1e-06,MIN,MIN,1.1,1.0,0.347,0.312
CIN201708310,2017-08-31,CIN,NYN,0,1,4.68,3.53,1e-06,1e-06,CIN,CIN,0.8,0.9,0.335,0.33
MIL201708310,2017-08-31,MIL,WAS,1,0,3.9,2.96,1e-06,1025.9779093655509,MIL,WAS,0.6,0.4,0.318,0.311
CHN201708310,2017-08-31,CHN,ATL,2,0,3.03,4.32,1e-06,1068.017024042746,CHN,PHI,0.8,0.6,0.342,0.327
BAL201708310,2017-08-31,BAL,TOR,2,0,5.43,4.98,1e-06,537.0332419152472,BAL,TOR,0.6,0.5,0.323,0.311
HOU201708310,2017-08-31,HOU,TEX,1,1,2.68,5.66,1e-06,1e-06,HOU,HOU,0.1,0.7,0.342,0.293
MIN201708310,2017-08-31,MIN,CHA,0,0,4.03,4.53,1e-06,1e-06,MIN,MIN,1.2,1.0,0.347,0.312
ARI201708310,2017-08-31,ARI,LAN,2,0,3.2,4.22,1e-06,1e-06,ARI,ARI,0.9,0.4,0.35,0.336
MIA201708310,2017-08-31,MIA,PHI,0,0,4.01,4.26,1489.628641346009,1644.1190984600378,WAS,PHI,1.1,0.0,0.332,0.307
SFN201708310,2017-08-31,SFN,SLN,0,0,5.43,4.13,738.1265117326025,2954.3733541563483,SDN,MIL,0.8,0.3,0.308,0.329
NYA201708310,2017-08-31,NYA,BOS,0,0,3.69,4.19,1e-06,550.2922217550002,NYA,TOR,0.8,0.5,0.343,0.318
SDN201709010,2017-09-01,SDN,LAN,0,0,4.57,2.31,1e-06,481.0116378281714,SDN,ARI,0.6,0.1,0.306,0.336
CHN201709010,2017-09-01,CHN,ATL,0,0,4.59,4.79,1e-06,1e-06,CHN,CHN,0.8,0.6,0.342,0.327
COL201709010,2017-09-01,COL,ARI,0,1,4.1,3.49,1e-06,942.6579354569092,COL,ARI,0.6,0.7,0.364,0.309
MIA201709010,2017-09-01,MIA,PHI,1,0,4.79,2.61,1e-06,1e-06,MIA,MIA,1.0,0.0,0.332,0.307
DET201709011,2017-09-01,DET,CLE,0,0,2.66,2.94,1e-06,1e-06,DET,DET,1.1,1.3,0.341,0.333
MIN201709010,2017-09-01,MIN,KCA,2,0,3.47,5.29,1e-06,662.9211681328137,MIN,KCA,1.2,0.6,0.347,0.308
CHA201709010,2017-09-01,CHA,TBA,0,2,4.72,4.04,571.0232496384983,663.9206411727051,MIN,KCA,0.4,0.3,0.315,0.312
BAL201709010,2017-09-01,BAL,TOR,0,0,4.35,3.75,1e-06,1e-06,BAL,BAL,0.4,0.5,0.323,0.311
SEA201709010,2017-09-01,SEA,OAK,0,2,3.92,4.37,3746.584168000963,1575.276973597757,BAL,ANA,0.5,0.5,0.334,0.312
MIL201709010,2017-09-01,MIL,WAS,1,0,3.49,4.67,1e-06,1e-06,MIL,MIL,0.7,0.2,0.318,0.311
NYA201709010,2017-09-01,NYA,BOS,1,0,3.55,4.88,1e-06,1e-06,NYA,NYA,0.6,0.3,0.343,0.318
TEX201709010,2017-09-01,TEX,ANA,2,2,2.5,4.43,368.5990384284446,1938.7751997181072,HOU,ANA,0.3,0.6,0.347,0.312
DET201709012,2017-09-01,DET,CLE,0,0,6.75,3.11,1856.9068744507315,773.7548030957365,COL,NYA,0.9,1.3,0.341,0.333
PIT201709010,2017-09-01,PIT,CIN,0,3,4.26,6.5,660.0502267315369,415.25842934625814,CHN,CIN,0.6,0.4,0.325,0.323
SFN201709010,2017-09-01,SFN,SLN,0,0,6.09,2.83,1e-06,1e-06,SFN,SFN,0.8,0.3,0.308,0.329
PIT201709020,2017-09-02,PIT,CIN,0,0,1.97,4.45,1e-06,1e-06,PIT,PIT,0.6,0.6,0.325,0.323
SFN201709020,2017-09-02,SFN,SLN,0,0,6.09,3.14,1e-06,1e-06,SFN,SFN,0.5,0.3,0.308,0.329
CHN201709020,2017-09-02,CHN,ATL,0,0,4.33,5.62,1e-06,1e-06,CHN,CHN,0.8,0.4,0.342,0.327
SDN201709022,2017-09-02,SDN,LAN,1,1,2.55,3.86,1e-06,1e-06,SDN,SDN,0.6,0.1,0.306,0.336
SDN201709021,2017-09-02,SDN,LAN,0,1,2.16,2.95,1e-06,1e-06,SDN,SDN,0.4,0.2,0.306,0.336
CHA201709020,2017-09-02,CHA,TBA,2,0,3.86,4.07,1e-06,1e-06,CHA,CHA,0.4,0.5,0.315,0.312
SEA201709020,2017-09-02,SEA,OAK,0,0,3.27,3.93,1e-06,1e-06,SEA,SEA,0.5,0.7,0.334,0.312
MIA201709020,2017-09-02,MIA,PHI,3,0,4.26,3.54,1e-06,1e-06,MIA,MIA,1.1,0.0,0.332,0.307
DET201709020,2017-09-02,DET,CLE,0,4,6.08,2.25,1e-06,1e-06,DET,DET,0.8,1.3,0.341,0.333
HOU201709021,2017-09-02,HOU,NYN,4,0,3.62,6.7,1e-06,1437.2452542414687,HOU,CIN,0.2,1.0,0.342,0.33
TEX201709020,2017-09-02,TEX,ANA,1,0,3.94,2.76,1e-06,1e-06,TEX,TEX,0.5,0.6,0.347,0.312
COL201709020,2017-09-02,COL,ARI,0,3,3.67,4.03,1e-06,1e-06,COL,COL,0.6,0.7,0.364,0.309
NYA201709020,2017-09-02,NYA,BOS,0,0,4.74,3.32,1e-06,1e-06,NYA,NYA,0.7,0.3,0.343,0.318
MIN201709020,2017-09-02,MIN,KCA,4,0,5.07,13.5,1e-06,1e-06,MIN,MIN,1.4,0.6,0.347,0.308
BAL201709020,2017-09-02,BAL,TOR,0,0,5.61,4.43,1e-06,1e-06,BAL,BAL,0.4,0.5,0.323,0.311
MIL201709020,2017-09-02,MIL,WAS,0,0,2.08,1.83,1e-06,1e-06,MIL,MIL,0.8,0.1,0.318,0.311
HOU201709022,2017-09-02,HOU,NYN,0,0,4.77,4.71,1e-06,1e-06,HOU,HOU,0.6,0.8,0.342,0.33
SFN201709030,2017-09-03,SFN,SLN,0,0,3.32,3.88,1e-06,1e-06,SFN,SFN,0.5,0.3,0.308,0.329
COL201709030,2017-09-03,COL,ARI,0,0,4.39,3.37,1e-06,1e-06,COL,COL,0.5,1.0,0.364,0.309
NYA201709030,2017-09-03,NYA,BOS,0,0,2.98,2.9,1e-06,1e-06,NYA,NYA,0.7,0.3,0.343,0.318
TEX201709030,2017-09-03,TEX,ANA,0,2,4.82,7.06,1e-06,1e-06,TEX,TEX,0.6,0.6,0.347,0.312
SEA201709030,2017-09-03,SEA,OAK,2,0,3.51,6.11,1e-06,1e-06,SEA,SEA,0.5,0.7,0.334,0.312
DET201709030,2017-09-03,DET,CLE,0,1,6.93,4.98,1e-06,1e-06,DET,DET,0.3,1.7,0.341,0.333
CHN201709030,2017-09-03,CHN,ATL,0,1,3.38,3.81,1e-06,1e-06,CHN,CHN,0.4,0.4,0.342,0.327
MIN201709030,2017-09-03,MIN,KCA,0,0,1.99,2.48,1e-06,1e-06,MIN,MIN,1.8,0.6,0.347,0.308
CHA201709030,2017-09-03,CHA,TBA,0,0,2.38,4.5,1e-06,1e-06,CHA,CHA,0.6,0.5,0.315,0.312
HOU201709030,2017-09-03,HOU,NYN,1,2,2.98,7.88,1e-06,1e-06,HOU,HOU,0.6,0.8,0.342,0.33
PIT201709030,2017-09-03,PIT,CIN,0,0,4.07,4.45,1e-06,1e-06,PIT,PIT,0.6,0.4,0.325,0.323
MIL201709030,2017-09-03,MIL,WAS,0,0,4.68,5.21,1e-06,1e-06,MIL,MIL,0.8,0.1,0.318,0.311
BAL201709030,2017-09-03,BAL,TOR,0,0,4.35,3.55,1e-06,1e-06,BAL,BAL,0.3,0.4,0.323,0.311
MIA201709030,2017-09-03,MIA,PHI,0,0,5.69,4.12,1e-06,1e-06,MIA,MIA,1.3,0.0,0.332,0.307
SDN201709030,2017-09-03,SDN,LAN,1,0,3.89,2.72,1e-06,1e-06,SDN,SDN,0.4,0.3,0.306,0.336
NYN201709040,2017-09-04,NYN,PHI,0,0,5.52,4.96,2282.180747677387,1756.5620451799746,HOU,MIA,0.3,0.0,0.31,0.307
SEA201709040,2017-09-04,SEA,HOU,1,0,4.02,2.9,1e-06,3039.1839825945185,SEA,HOU,0.4,0.4,0.334,0.343
DET201709040,2017-09-04,DET,KCA,0,1,6.1,,1e-06,872.516450655481,DET,MIN,0.3,0.5,0.341,0.308
BOS201709040,2017-09-04,BOS,TOR,0,3,4.65,3.53,306.2037667286439,578.81170796599,NYA,BAL,0.3,0.4,0.341,0.311
PIT201709040,2017-09-04,PIT,CHN,2,0,4.35,3.53,1e-06,660.0502267315369,PIT,CHN,0.4,1.0,0.325,0.324
TBA201709040,2017-09-04,TBA,MIN,0,0,3.66,3.89,1636.2782802002057,2137.431531245163,CHA,MIN,0.3,0.3,0.322,0.322
CIN201709040,2017-09-04,CIN,MIL,0,0,2.49,2.08,415.25842934625814,525.1892238126902,PIT,MIL,0.6,0.2,0.335,0.326
ATL201709040,2017-09-04,ATL,TEX,0,1,4.26,3.4,947.8182724063668,1179.9161829380423,CHN,TEX,0.4,0.5,0.325,0.293
OAK201709040,2017-09-04,OAK,ANA,4,0,3.93,5.22,1089.6592015072615,2350.5503898425545,SEA,TEX,0.6,0.8,0.327,0.312
COL201709040,2017-09-04,COL,SFN,0,1,3.61,5.67,1e-06,1524.5101947303656,COL,SFN,0.3,0.0,0.364,0.309
BAL201709040,2017-09-04,BAL,NYA,1,0,4.24,1.83,1e-06,272.81937803481173,BAL,NYA,0.3,0.7,0.323,0.327
MIA201709040,2017-09-04,MIA,WAS,1,0,6.14,3.81,1e-06,2045.0709343750696,MIA,MIL,1.3,0.1,0.332,0.311
LAN201709040,2017-09-04,LAN,ARI,0,0,3.32,2.89,179.52869961196944,1336.5596902131042,SDN,COL,0.3,1.0,0.334,0.309
CHA201709040,2017-09-04,CHA,CLE,0,0,5.23,4.19,1e-06,380.91207013286544,CHA,DET,0.6,1.6,0.315,0.333
SDN201709040,2017-09-04,SDN,SLN,0,0,4.67,3.64,1e-06,738.1265117326025,SDN,SFN,0.5,0.3,0.306,0.329
OAK201709050,2017-09-05,OAK,ANA,0,0,3.93,4.43,1e-06,1e-06,OAK,OAK,0.9,0.8,0.327,0.312
BAL201709050,2017-09-05,BAL,NYA,1,0,,2.87,1e-06,1e-06,BAL,BAL,0.4,0.7,0.323,0.327
DET201709050,2017-09-05,DET,KCA,0,1,12.08,4.16,1e-06,1e-06,DET,DET,0.1,0.6,0.341,0.308
SEA201709050,2017-09-05,SEA,HOU,0,0,3.86,3.36,1e-06,1e-06,SEA,SEA,0.5,0.4,0.334,0.343
NYN201709050,2017-09-05,NYN,PHI,1,0,3.53,4.26,1e-06,1e-06,NYN,NYN,0.3,0.0,0.31,0.307
CHA201709050,2017-09-05,CHA,CLE,4,3,4.68,2.85,1e-06,1e-06,CHA,CHA,0.4,1.3,0.315,0.333
COL201709050,2017-09-05,COL,SFN,1,0,2.65,4.78,1e-06,1e-06,COL,COL,0.3,0.1,0.364,0.309
SDN201709050,2017-09-05,SDN,SLN,2,2,6.8,4.13,1e-06,1e-06,SDN,SDN,0.5,0.3,0.306,0.329
CIN201709050,2017-09-05,CIN,MIL,0,0,4.68,3.9,1e-06,1e-06,CIN,CIN,0.6,0.2,0.335,0.326
PIT201709050,2017-09-05,PIT,CHN,0,1,4.5,2.98,1e-06,1e-06,PIT,PIT,0.5,1.0,0.325,0.324
TBA201709050,2017-09-05,TBA,MIN,0,0,4.14,6.48,1e-06,1e-06,TBA,TBA,0.3,0.3,0.322,0.322
BOS201709050,2017-09-05,BOS,TOR,0,0,2.92,6.75,1e-06,1e-06,BOS,BOS,0.1,0.6,0.341,0.311
MIA201709050,2017-09-05,MIA,WAS,0,0,4.01,2.52,1e-06,1e-06,MIA,MIA,1.2,0.0,0.332,0.311
LAN201709050,2017-09-05,LAN,ARI,0,0,2.95,3.11,1e-06,1e-06,LAN,LAN,0.2,0.8,0.334,0.309
CHA201709060,2017-09-06,CHA,CLE,0,0,4.72,3.29,1e-06,1e-06,CHA,CHA,0.7,1.5,0.315,0.333
CIN201709060,2017-09-06,CIN,MIL,0,1,3.12,4.94,1e-06,1e-06,CIN,CIN,0.5,0.2,0.335,0.326
SEA201709060,2017-09-06,SEA,HOU,0,0,3.27,2.68,1e-06,1e-06,SEA,SEA,0.5,0.4,0.334,0.343
PIT201709060,2017-09-06,PIT,CHN,0,0,4.38,2.83,1e-06,1e-06,PIT,PIT,0.5,0.9,0.325,0.324
DET201709060,2017-09-06,DET,KCA,0,0,5.27,5.29,1e-06,1e-06,DET,DET,0.1,0.6,0.341,0.308
COL201709060,2017-09-06,COL,SFN,0,2,4.1,4.52,1e-06,1e-06,COL,COL,0.3,0.1,0.364,0.309
OAK201709060,2017-09-06,OAK,ANA,0,0,4.37,4.55,1e-06,1e-06,OAK,OAK,0.9,0.8,0.327,0.312
LAN201709060,2017-09-06,LAN,ARI,1,0,2.93,3.49,1e-06,1e-06,LAN,LAN,0.2,0.8,0.334,0.309
BOS201709060,2017-09-06,BOS,TOR,1,1,4.88,5.34,1e-06,1e-06,BOS,BOS,0.1,0.6,0.341,0.311
ATL201709062,2017-09-06,ATL,TEX,0,0,4.49,4.2,1e-06,1e-06,ATL,ATL,0.4,0.5,0.325,0.293
MIA201709060,2017-09-06,MIA,WAS,0,2,5.17,2.96,1e-06,1e-06,MIA,MIA,1.1,0.0,0.332,0.311
TBA201709060,2017-09-06,TBA,MIN,1,1,2.01,3.07,1e-06,1e-06,TBA,TBA,0.3,0.2,0.322,0.322
ATL201709061,2017-09-06,ATL,TEX,2,1,4.91,4.67,1e-06,1e-06,ATL,ATL,0.4,0.5,0.325,0.293
SDN201709060,2017-09-06,SDN,SLN,0,0,4.57,3.14,1e-06,1e-06,SDN,SDN,0.5,0.4,0.306,0.329
NYN201709060,2017-09-06,NYN,PHI,3,0,5.19,6.02,1e-06,1e-06,NYN,NYN,0.3,0.0,0.31,0.307
BAL201709070,2017-09-07,BAL,NYA,0,3,4.68,3.55,1e-06,1e-06,BAL,BAL,0.5,0.7,0.323,0.327
WAS201709070,2017-09-07,WAS,PHI,0,0,4.67,4.12,1489.628641346009,326.3648041771951,MIA,NYN,0.7,0.0,0.352,0.307
NYN201709070,2017-09-07,NYN,CIN,0,1,6.7,2.7,1e-06,913.3322258208744,NYN,CIN,0.6,0.4,0.31,0.323
ATL201709070,2017-09-07,ATL,MIA,0,3,7.23,4.79,1e-06,973.359131898138,ATL,MIA,0.6,0.7,0.325,0.33
KCA201709070,2017-09-07,KCA,MIN,0,0,4.25,3.21,1034.95696626315,1680.826511683993,DET,TBA,0.2,0.3,0.315,0.322
CHA201709070,2017-09-07,CHA,CLE,2,4,5.93,2.25,1e-06,1e-06,CHA,CHA,0.7,1.5,0.315,0.333
SDN201709070,2017-09-07,SDN,SLN,1,0,4.79,3.43,1e-06,1e-06,SDN,SDN,0.4,0.4,0.306,0.329
LAN201709070,2017-09-07,LAN,COL,0,3,2.31,3.67,1e-06,1336.5596902131042,LAN,COL,0.2,0.2,0.334,0.313
PIT201709070,2017-09-07,PIT,CHN,0,1,4.44,4.33,1e-06,1e-06,PIT,PIT,0.2,0.9,0.325,0.324
ATL201709080,2017-09-08,ATL,MIA,0,0,4.79,3.82,1e-06,1e-06,ATL,ATL,0.6,1.0,0.325,0.33
WAS201709080,2017-09-08,WAS,PHI,1,3,2.51,3.88,1e-06,1e-06,WAS,WAS,0.7,0.0,0.352,0.307
SLN201709080,2017-09-08,SLN,PIT,0,0,3.88,4.07,2512.7882729547905,898.8824563980571,SDN,PIT,0.4,0.4,0.339,0.311
OAK201709080,2017-09-08,OAK,HOU,0,2,3.93,2.3,1e-06,1089.6592015072615,OAK,SEA,0.7,0.4,0.327,0.343
BOS201709080,2017-09-08,BOS,TBA,3,0,3.32,4.07,1e-06,1926.694381718032,BOS,TBA,0.1,0.5,0.341,0.312
CLE201709080,2017-09-08,CLE,BAL,3,0,3.11,5.61,494.38381964269325,495.2645964012307,CHA,BAL,0.5,1.6,0.34,0.3
LAN201709080,2017-09-08,LAN,COL,4,1,3.86,2.65,1e-06,1e-06,LAN,LAN,0.1,0.5,0.334,0.313
TOR201709080,2017-09-08,TOR,DET,0,0,3.09,6.75,691.6136251477402,332.4198044988213,BOS,DET,0.5,0.5,0.314,0.306
CHA201709080,2017-09-08,CHA,SFN,0,0,2.38,5.52,1e-06,1477.450780411816,CHA,COL,0.9,0.3,0.315,0.309
KCA201709080,2017-09-08,KCA,MIN,1,1,5.38,3.28,1e-06,1e-06,KCA,KCA,0.2,0.2,0.315,0.322
SEA201709080,2017-09-08,SEA,ANA,0,2,3.92,4.92,1e-06,1089.6592015072615,SEA,OAK,0.5,0.8,0.334,0.312
ARI201709080,2017-09-08,ARI,SDN,0,0,4.03,7.75,574.8341159449532,481.0116378281714,LAN,SDN,1.1,0.2,0.35,0.293
CHN201709080,2017-09-08,CHN,MIL,0,2,4.59,3.49,660.0502267315369,406.2527329885922,PIT,CIN,0.4,0.3,0.342,0.326
NYN201709080,2017-09-08,NYN,CIN,0,0,4.71,7.39,1e-06,1e-06,NYN,NYN,0.6,0.5,0.31,0.323
TEX201709080,2017-09-08,TEX,NYA,0,0,4.82,4.74,1179.9161829380423,1968.7690954443951,ATL,BAL,0.6,1.0,0.347,0.327
LAN201709090,2017-09-09,LAN,COL,0,0,2.72,5.05,1e-06,1e-06,LAN,LAN,0.5,0.6,0.334,0.313
ATL201709090,2017-09-09,ATL,MIA,0,1,2.83,3.0,1e-06,1e-06,ATL,ATL,0.6,1.0,0.325,0.33
NYN201709090,2017-09-09,NYN,CIN,0,0,5.52,6.43,1e-06,1e-06,NYN,NYN,0.6,0.5,0.31,0.323
CLE201709090,2017-09-09,CLE,BAL,0,1,4.98,4.15,1e-06,1e-06,CLE,CLE,0.7,1.5,0.34,0.3
CHN201709090,2017-09-09,CHN,MIL,0,0,3.38,2.74,1e-06,1e-06,CHN,CHN,0.4,0.5,0.342,0.326
TOR201709090,2017-09-09,TOR,DET,1,2,6.34,4.88,1e-06,1e-06,TOR,TOR,0.3,0.5,0.314,0.306
SLN201709090,2017-09-09,SLN,PIT,0,0,2.83,3.39,1e-06,1e-06,SLN,SLN,0.4,0.4,0.339,0.311
OAK201709092,2017-09-09,OAK,HOU,0,0,4.22,2.68,1e-06,1e-06,OAK,OAK,0.7,0.6,0.327,0.343
KCA201709090,2017-09-09,KCA,MIN,1,0,2.55,4.7,1e-06,1e-06,KCA,KCA,0.3,0.3,0.315,0.322
CHA201709090,2017-09-09,CHA,SFN,1,0,5.23,4.42,1e-06,1e-06,CHA,CHA,0.8,0.3,0.315,0.309
WAS201709090,2017-09-09,WAS,PHI,1,0,5.21,4.96,1e-06,1e-06,WAS,WAS,0.8,0.3,0.352,0.307
SEA201709090,2017-09-09,SEA,ANA,1,0,3.51,7.06,1e-06,1e-06,SEA,SEA,0.4,1.0,0.334,0.312
BOS201709090,2017-09-09,BOS,TBA,3,0,2.9,4.5,1e-06,1e-06,BOS,BOS,0.4,0.5,0.341,0.312
OAK201709091,2017-09-09,OAK,HOU,0,0,6.11,3.62,1e-06,1e-06,OAK,OAK,0.6,0.6,0.327,0.343
TEX201709090,2017-09-09,TEX,NYA,0,0,2.5,1.84,1e-06,1e-06,TEX,TEX,0.4,0.7,0.347,0.327
ARI201709090,2017-09-09,ARI,SDN,0,0,4.23,4.19,1e-06,1e-06,ARI,ARI,1.1,0.2,0.35,0.293
TEX201709100,2017-09-10,TEX,NYA,0,1,5.94,1.83,1e-06,1e-06,TEX,TEX,0.4,0.7,0.347,0.327
TOR201709100,2017-09-10,TOR,DET,1,0,3.53,6.41,1e-06,1e-06,TOR,TOR,0.4,0.5,0.314,0.306
LAN201709100,2017-09-10,LAN,COL,0,1,3.32,4.69,1e-06,1e-06,LAN,LAN,0.5,0.5,0.334,0.313
CLE201709100,2017-09-10,CLE,BAL,1,0,4.19,5.43,1e-06,1e-06,CLE,CLE,0.7,1.6,0.34,0.3
ATL201709100,2017-09-10,ATL,MIA,0,0,2.83,6.91,1e-06,1e-06,ATL,ATL,0.6,1.0,0.325,0.33
BOS201709100,2017-09-10,BOS,TBA,0,0,4.65,3.66,1e-06,1e-06,BOS,BOS,0.7,0.5,0.341,0.312
OAK201709100,2017-09-10,OAK,HOU,0,0,4.19,2.9,1e-06,1e-06,OAK,OAK,0.5,0.6,0.327,0.343
CHA201709100,2017-09-10,CHA,SFN,0,0,3.86,3.32,1e-06,1e-06,CHA,CHA,0.9,0.3,0.315,0.309
KCA201709100,2017-09-10,KCA,MIN,0,0,4.16,6.48,1e-06,1e-06,KCA,KCA,0.4,0.3,0.315,0.322
SLN201709100,2017-09-10,SLN,PIT,1,0,4.13,4.14,1e-06,1e-06,SLN,SLN,0.4,0.3,0.339,0.311
NYN201709100,2017-09-10,NYN,CIN,1,2,4.38,4.68,1e-06,1e-06,NYN,NYN,0.5,0.4,0.31,0.323
WAS201709100,2017-09-10,WAS,PHI,0,0,2.52,4.26,1e-06,1e-06,WAS,WAS,0.7,0.3,0.352,0.307
SEA201709100,2017-09-10,SEA,ANA,0,1,3.2,4.43,1e-06,1e-06,SEA,SEA,0.4,0.7,0.334,0.312
ARI201709100,2017-09-10,ARI,SDN,0,0,2.89,4.67,1e-06,1e-06,ARI,ARI,1.1,0.2,0.35,0.293
CHN201709100,2017-09-10,CHN,MIL,0,0,3.03,3.9,1e-06,1e-06,CHN,CHN,0.3,0.5,0.342,0.326
KCA201709110,2017-09-11,KCA,CHA,0,2,5.29,4.72,1e-06,663.9206411727051,KCA,CHA,0.4,0.9,0.315,0.312
SFN201709110,2017-09-11,SFN,LAN,2,0,5.06,2.95,2984.5094702126535,559.4406195325591,CHA,LAN,0.5,0.3,0.308,0.336
ARI201709110,2017-09-11,ARI,COL,0,0,5.0,4.81,1e-06,574.8341159449532,ARI,LAN,1.1,0.6,0.35,0.313
CLE201709110,2017-09-11,CLE,DET,0,0,3.29,12.08,1e-06,305.2632734150024,CLE,TOR,0.8,0.5,0.34,0.306
TBA201709110,2017-09-11,TBA,NYA,0,0,4.14,1.84,1926.694381718032,1496.616116420437,BOS,TEX,0.4,0.8,0.322,0.327
TOR201709110,2017-09-11,TOR,BAL,0,0,4.98,6.81,1e-06,305.2632734150024,TOR,CLE,0.5,0.9,0.314,0.3
TEX201709110,2017-09-11,TEX,SEA,2,0,4.2,5.12,1e-06,2688.6235870338205,TEX,SEA,0.4,0.1,0.347,0.317
MIL201709110,2017-09-11,MIL,PIT,0,2,4.81,4.67,132.54357794550742,526.8349145670746,CHN,SLN,0.8,0.3,0.318,0.311
CLE201709120,2017-09-12,CLE,DET,1,0,2.25,5.27,1e-06,1e-06,CLE,CLE,0.8,0.4,0.34,0.306
KCA201709120,2017-09-12,KCA,CHA,4,0,4.36,7.71,1e-06,1e-06,KCA,KCA,0.3,1.1,0.315,0.312
ANA201709120,2017-09-12,ANA,HOU,0,0,2.28,3.36,1575.276973597757,592.0809005913671,SEA,OAK,0.9,0.6,0.318,0.343
ARI201709120,2017-09-12,ARI,COL,0,0,3.11,3.67,1e-06,1e-06,ARI,ARI,1.1,0.6,0.35,0.313
TEX201709120,2017-09-12,TEX,SEA,0,0,4.62,6.08,1e-06,1e-06,TEX,TEX,0.6,0.1,0.347,0.317
MIL201709120,2017-09-12,MIL,PIT,0,0,4.68,4.26,1e-06,1e-06,MIL,MIL,0.5,0.4,0.318,0.311
PHI201709120,2017-09-12,PHI,MIA,1,0,4.21,3.0,197.2342958595587,1071.2330338826837,WAS,ATL,0.7,0.7,0.322,0.33
WAS201709120,2017-09-12,WAS,ATL,0,1,2.96,4.49,1e-06,874.0887985860761,WAS,ATL,0.7,0.5,0.352,0.327
SLN201709120,2017-09-12,SLN,CIN,2,1,3.43,4.68,1e-06,1403.0288811452067,SLN,NYN,0.4,0.6,0.339,0.323
SFN201709120,2017-09-12,SFN,LAN,0,0,4.52,2.31,1e-06,1e-06,SFN,SFN,0.4,0.2,0.308,0.336
BOS201709120,2017-09-12,BOS,OAK,0,1,4.19,4.37,1e-06,4320.465179781682,BOS,OAK,0.7,0.7,0.341,0.312
CHN201709120,2017-09-12,CHN,NYN,0,0,4.15,5.19,1e-06,1144.129935670241,CHN,NYN,0.3,1.0,0.342,0.33
TBA201709120,2017-09-12,TBA,NYA,1,1,2.61,3.55,1e-06,1e-06,TBA,TBA,0.4,0.8,0.322,0.327
TOR201709120,2017-09-12,TOR,BAL,0,0,6.88,,1e-06,1e-06,TOR,TOR,0.4,0.8,0.314,0.3
MIN201709120,2017-09-12,MIN,SDN,1,0,5.07,6.8,662.9211681328137,2057.4775315109005,KCA,ARI,1.8,0.2,0.347,0.293
CLE201709130,2017-09-13,CLE,DET,3,1,3.11,6.75,1e-06,1e-06,CLE,CLE,0.8,0.4,0.34,0.306
KCA201709130,2017-09-13,KCA,CHA,0,0,2.48,4.53,1e-06,1e-06,KCA,KCA,0.7,1.0,0.315,0.312
WAS201709130,2017-09-13,WAS,ATL,1,0,2.51,4.91,1e-06,1e-06,WAS,WAS,0.3,0.6,0.352,0.327
MIL201709130,2017-09-13,MIL,PIT,1,1,2.74,7.69,1e-06,1e-06,MIL,MIL,0.2,0.4,0.318,0.311
CHN201709130,2017-09-13,CHN,NYN,2,1,4.33,6.7,1e-06,1e-06,CHN,CHN,0.3,0.9,0.342,0.33
SFN201709130,2017-09-13,SFN,LAN,0,2,5.52,3.86,1e-06,1e-06,SFN,SFN,0.3,0.2,0.308,0.336
ANA201709130,2017-09-13,ANA,HOU,5,0,4.55,5.22,1e-06,1e-06,ANA,ANA,0.9,0.6,0.318,0.343
MIN201709130,2017-09-13,MIN,SDN,0,0,4.03,4.19,1e-06,1e-06,MIN,MIN,1.9,0.0,0.347,0.293
TBA201709130,2017-09-13,TBA,NYA,0,0,4.07,1.83,1e-06,1e-06,TBA,TBA,0.5,0.6,0.322,0.327
ARI201709130,2017-09-13,ARI,COL,1,0,4.03,4.39,1e-06,1e-06,ARI,ARI,1.1,0.5,0.35,0.313
BOS201709130,2017-09-13,BOS,OAK,1,4,4.88,5.58,1e-06,1e-06,BOS,BOS,0.7,0.6,0.341,0.312
TOR201709130,2017-09-13,TOR,BAL,0,2,3.09,4.68,1e-06,1e-06,TOR,TOR,0.4,0.7,0.314,0.3
TEX201709130,2017-09-13,TEX,SEA,0,0,4.82,3.92,1e-06,1e-06,TEX,TEX,0.6,0.1,0.347,0.317
SLN201709130,2017-09-13,SLN,CIN,0,1,6.33,2.7,1e-06,1e-06,SLN,SLN,0.6,0.7,0.339,0.323
PHI201709130,2017-09-13,PHI,MIA,1,0,3.54,4.26,1e-06,1e-06,PHI,PHI,0.8,0.6,0.322,0.33
NYA201709140,2017-09-14,NYA,BAL,6,0,4.74,5.61,1638.0556824552712,550.2922217550002,TBA,TOR,0.7,0.8,0.343,0.3
MIN201709140,2017-09-14,MIN,TOR,0,0,3.47,2.7,1e-06,1113.301279752142,MIN,TOR,1.9,0.7,0.347,0.311
ARI201709140,2017-09-14,ARI,COL,5,0,3.37,5.05,1e-06,1e-06,ARI,ARI,1.1,0.5,0.35,0.313
ANA201709140,2017-09-14,ANA,HOU,0,0,4.92,3.0,1e-06,1e-06,ANA,ANA,1.3,0.4,0.318,0.343
PHI201709140,2017-09-14,PHI,MIA,2,0,3.88,6.91,1e-06,1e-06,PHI,PHI,0.7,0.6,0.322,0.33
SLN201709140,2017-09-14,SLN,CIN,0,0,3.88,7.39,1e-06,1e-06,SLN,SLN,0.6,0.8,0.339,0.323
BOS201709140,2017-09-14,BOS,OAK,0,0,3.32,6.11,1e-06,1e-06,BOS,BOS,0.8,1.0,0.341,0.312
DET201709140,2017-09-14,DET,CHA,0,2,6.93,5.23,145.52553501827433,1034.95696626315,CLE,KCA,0.1,0.9,0.341,0.312
CHN201709140,2017-09-14,CHN,NYN,0,1,3.38,4.71,1e-06,1e-06,CHN,CHN,0.5,1.0,0.342,0.33
TEX201709140,2017-09-14,TEX,SEA,0,0,3.4,3.51,1e-06,1e-06,TEX,TEX,0.5,0.1,0.347,0.317
CLE201709140,2017-09-14,CLE,KCA,0,0,2.94,6.52,1e-06,1123.5230318083022,CLE,KCA,1.1,0.3,0.34,0.308
WAS201709140,2017-09-14,WAS,ATL,1,0,4.67,4.79,1e-06,1e-06,WAS,WAS,0.4,0.6,0.352,0.327
NYA201709150,2017-09-15,NYA,BAL,1,0,2.98,4.15,1e-06,1e-06,NYA,NYA,1.3,0.7,0.343,0.3
HOU201709150,2017-09-15,HOU,SEA,3,0,3.62,2.98,2169.9670210701,368.5990384284446,ANA,TEX,0.7,0.1,0.342,0.317
WAS201709150,2017-09-15,WAS,LAN,0,1,5.21,2.72,1e-06,3919.8438689376185,WAS,SFN,0.5,0.4,0.352,0.336
TBA201709150,2017-09-15,TBA,BOS,1,1,5.31,3.18,1e-06,1926.694381718032,TBA,BOS,0.4,0.1,0.322,0.318
COL201709150,2017-09-15,COL,SDN,0,0,4.69,4.79,942.6579354569092,1123.7187605762444,ARI,MIN,0.3,0.0,0.364,0.293
DET201709150,2017-09-15,DET,CHA,0,0,2.66,2.5,1e-06,1e-06,DET,DET,0.1,1.0,0.341,0.312
PHI201709150,2017-09-15,PHI,OAK,0,2,4.96,3.14,1e-06,435.5953169043613,PHI,BOS,0.8,0.7,0.322,0.312
ATL201709150,2017-09-15,ATL,NYN,0,0,4.32,5.52,874.0887985860761,947.8182724063668,WAS,CHN,0.4,0.8,0.325,0.33
SFN201709150,2017-09-15,SFN,ARI,1,0,4.42,2.89,1e-06,1050.993394248722,SFN,ARI,0.3,0.8,0.308,0.309
CHN201709150,2017-09-15,CHN,SLN,0,1,2.98,3.64,1e-06,422.4920912040455,CHN,SLN,0.4,0.4,0.342,0.329
CLE201709150,2017-09-15,CLE,KCA,1,0,4.19,4.16,1e-06,1e-06,CLE,CLE,1.1,0.2,0.34,0.308
MIN201709150,2017-09-15,MIN,TOR,0,0,6.48,3.53,1e-06,1e-06,MIN,MIN,1.9,0.6,0.347,0.311
MIL201709150,2017-09-15,MIL,MIA,0,0,3.02,7.25,1e-06,1117.7982780855818,MIL,PHI,0.3,0.5,0.318,0.33
CIN201709150,2017-09-15,CIN,PIT,1,0,6.43,4.35,494.9532553693752,525.1892238126902,SLN,MIL,0.5,0.5,0.335,0.311
ANA201709150,2017-09-15,ANA,TEX,0,0,2.76,5.11,1e-06,1938.7751997181072,ANA,TEX,1.3,0.6,0.318,0.293
WAS201709160,2017-09-16,WAS,LAN,0,0,3.81,3.32,1e-06,1e-06,WAS,WAS,0.4,0.5,0.352,0.336
CLE201709160,2017-09-16,CLE,KCA,0,0,3.29,5.29,1e-06,1e-06,CLE,CLE,1.2,0.2,0.34,0.308
HOU201709160,2017-09-16,HOU,SEA,0,0,2.9,4.39,1e-06,1e-06,HOU,HOU,1.0,0.1,0.342,0.317
ATL201709160,2017-09-16,ATL,NYN,0,0,4.26,3.53,1e-06,1e-06,ATL,ATL,0.2,0.8,0.325,0.33
CIN201709160,2017-09-16,CIN,PIT,0,0,4.45,4.14,1e-06,1e-06,CIN,CIN,0.6,0.5,0.335,0.311
PHI201709160,2017-09-16,PHI,OAK,0,0,1.69,4.38,1e-06,1e-06,PHI,PHI,0.8,0.9,0.322,0.312
DET201709160,2017-09-16,DET,CHA,0,2,12.08,4.72,1e-06,1e-06,DET,DET,0.1,0.9,0.341,0.312
MIL201709160,2017-09-16,MIL,MIA,1,4,3.9,6.14,1e-06,1e-06,MIL,MIL,0.3,0.5,0.318,0.33
MIN201709160,2017-09-16,MIN,TOR,0,1,4.5,4.98,1e-06,1e-06,MIN,MIN,1.0,0.4,0.347,0.311
CHN201709160,2017-09-16,CHN,SLN,0,0,3.03,4.13,1e-06,1e-06,CHN,CHN,0.2,0.5,0.342,0.329
COL201709160,2017-09-16,COL,SDN,0,0,4.81,7.75,1e-06,1e-06,COL,COL,0.2,0.0,0.364,0.293
NYA201709160,2017-09-16,NYA,BAL,0,0,3.88,5.43,1e-06,1e-06,NYA,NYA,1.4,0.5,0.343,0.3
ANA201709160,2017-09-16,ANA,TEX,1,0,3.64,4.2,1e-06,1e-06,ANA,ANA,1.3,0.6,0.318,0.293
TBA201709160,2017-09-16,TBA,BOS,0,0,3.66,4.65,1e-06,1e-06,TBA,TBA,0.4,0.1,0.322,0.318
SFN201709160,2017-09-16,SFN,ARI,0,2,3.32,3.2,1e-06,1e-06,SFN,SFN,0.4,0.8,0.308,0.309
PHI201709170,2017-09-17,PHI,OAK,2,0,4.3,4.37,1e-06,1e-06,PHI,PHI,0.6,0.9,0.322,0.312
ATL201709170,2017-09-17,ATL,NYN,0,2,4.49,5.19,1e-06,1e-06,ATL,ATL,0.2,0.7,0.325,0.33
DET201709170,2017-09-17,DET,CHA,1,0,5.27,7.71,1e-06,1e-06,DET,DET,0.0,0.6,0.341,0.312
CIN201709170,2017-09-17,CIN,PIT,0,0,4.68,4.26,1e-06,1e-06,CIN,CIN,0.6,0.5,0.335,0.311
CLE201709170,2017-09-17,CLE,KCA,0,0,2.25,3.81,1e-06,1e-06,CLE,CLE,1.2,0.2,0.34,0.308
MIN201709170,2017-09-17,MIN,TOR,0,4,5.07,5.34,1e-06,1e-06,MIN,MIN,0.8,0.5,0.347,0.311
CHN201709170,2017-09-17,CHN,SLN,0,0,2.83,2.83,1e-06,1e-06,CHN,CHN,0.2,0.3,0.342,0.329
MIL201709170,2017-09-17,MIL,MIA,0,0,4.81,5.17,1e-06,1e-06,MIL,MIL,0.4,0.8,0.318,0.33
COL201709170,2017-09-17,COL,SDN,0,0,3.61,3.97,1e-06,1e-06,COL,COL,0.2,0.0,0.364,0.293
NYA201709170,2017-09-17,NYA,BAL,0,0,3.55,6.81,1e-06,1e-06,NYA,NYA,0.8,0.5,0.343,0.3
TBA201709170,2017-09-17,TBA,BOS,1,0,4.14,4.19,1e-06,1e-06,TBA,TBA,0.3,0.1,0.322,0.318
ANA201709170,2017-09-17,ANA,TEX,0,2,2.28,4.62,1e-06,1e-06,ANA,ANA,1.3,0.5,0.318,0.293
HOU201709170,2017-09-17,HOU,SEA,0,0,3.36,5.34,1e-06,1e-06,HOU,HOU,0.9,0.1,0.342,0.317
SFN201709170,2017-09-17,SFN,ARI,0,0,3.68,3.49,1e-06,1e-06,SFN,SFN,0.4,0.7,0.308,0.309
WAS201709170,2017-09-17,WAS,LAN,0,0,2.52,3.75,1e-06,1e-06,WAS,WAS,0.4,0.5,0.352,0.336
DET201709180,2017-09-18,DET,OAK,0,1,6.75,4.22,1e-06,711.1078712045012,DET,PHI,0.1,0.9,0.341,0.312
PIT201709180,2017-09-18,PIT,MIL,0,0,4.44,3.42,415.25842934625814,722.0054120555708,CIN,MIL,0.2,0.5,0.325,0.326
PHI201709180,2017-09-18,PHI,LAN,0,2,6.02,2.31,1e-06,197.2342958595587,PHI,WAS,0.6,0.5,0.322,0.336
SDN201709180,2017-09-18,SDN,ARI,3,0,4.67,4.03,1340.79250926624,738.1265117326025,COL,SFN,0.5,0.6,0.306,0.309
NYA201709180,2017-09-18,NYA,MIN,1,0,1.84,3.28,1e-06,1636.0526645605564,NYA,MIN,0.8,0.3,0.343,0.322
MIA201709180,2017-09-18,MIA,NYN,1,0,4.26,6.7,2045.0709343750696,973.359131898138,MIL,ATL,0.7,0.7,0.332,0.33
BAL201709180,2017-09-18,BAL,BOS,1,0,3.53,3.88,272.81937803481173,1393.7772067986984,NYA,TBA,0.5,0.1,0.323,0.318
MIA201709190,2017-09-19,MIA,NYN,0,1,3.0,4.55,1e-06,1e-06,MIA,MIA,0.6,0.6,0.332,0.33
CIN201709190,2017-09-19,CIN,SLN,1,0,5.52,2.61,1e-06,406.2527329885922,CIN,CHN,0.6,0.3,0.335,0.329
PHI201709190,2017-09-19,PHI,LAN,0,0,3.54,2.95,1e-06,1e-06,PHI,PHI,0.6,0.7,0.322,0.336
SEA201709190,2017-09-19,SEA,TEX,0,0,3.2,5.49,3039.1839825945185,1575.276973597757,HOU,ANA,0.4,0.5,0.334,0.293
TBA201709190,2017-09-19,TBA,CHN,0,0,4.07,3.38,1e-06,1636.2782802002057,TBA,CHN,0.4,0.9,0.322,0.324
SFN201709190,2017-09-19,SFN,COL,0,0,6.09,2.65,1e-06,1524.5101947303656,SFN,COL,0.3,0.5,0.308,0.313
SDN201709190,2017-09-19,SDN,ARI,2,1,6.8,3.37,1e-06,1e-06,SDN,SDN,0.8,0.6,0.306,0.309
HOU201709190,2017-09-19,HOU,CHA,0,0,3.55,2.38,1e-06,1780.0976623230767,HOU,DET,0.9,0.6,0.342,0.312
DET201709190,2017-09-19,DET,OAK,0,0,4.5,4.27,1e-06,1e-06,DET,DET,0.1,1.0,0.341,0.312
ANA201709190,2017-09-19,ANA,CLE,0,0,4.55,3.11,1e-06,3271.7957310678776,ANA,CLE,1.3,1.8,0.318,0.333
BAL201709190,2017-09-19,BAL,BOS,0,0,3.18,2.79,1e-06,1e-06,BAL,BAL,0.6,0.1,0.323,0.318
PIT201709190,2017-09-19,PIT,MIL,0,0,4.07,2.74,1e-06,1e-06,PIT,PIT,0.2,0.4,0.325,0.326
ATL201709190,2017-09-19,ATL,WAS,0,0,4.91,2.51,1e-06,874.0887985860761,ATL,WAS,0.2,0.2,0.325,0.311
TOR201709190,2017-09-19,TOR,KCA,0,0,3.09,5.38,1113.301279752142,305.2632734150024,MIN,CLE,0.4,0.2,0.314,0.308
NYA201709190,2017-09-19,NYA,MIN,0,1,3.69,3.89,1e-06,1e-06,NYA,NYA,0.9,0.3,0.343,0.322
DET201709200,2017-09-20,DET,OAK,0,0,6.41,3.14,1e-06,1e-06,DET,DET,0.1,0.8,0.341,0.312
ATL201709200,2017-09-20,ATL,WAS,1,1,,2.96,1e-06,1e-06,ATL,ATL,0.2,0.2,0.325,0.311
HOU201709200,2017-09-20,HOU,CHA,0,0,3.0,5.23,1e-06,1e-06,HOU,HOU,0.9,0.6,0.342,0.312
SFN201709200,2017-09-20,SFN,COL,1,0,5.52,4.69,1e-06,1e-06,SFN,SFN,0.3,0.5,0.308,0.313
ANA201709200,2017-09-20,ANA,CLE,0,0,2.76,0.0,1e-06,1e-06,ANA,ANA,1.3,1.4,0.318,0.333
BAL201709200,2017-09-20,BAL,BOS,0,0,5.61,2.9,1e-06,1e-06,BAL,BAL,0.5,0.1,0.323,0.318
MIA201709200,2017-09-20,MIA,NYN,1,0,3.82,5.52,1e-06,1e-06,MIA,MIA,0.6,0.7,0.332,0.33
CIN201709200,2017-09-20,CIN,SLN,0,1,8.63,3.88,1e-06,1e-06,CIN,CIN,0.7,0.3,0.335,0.329
TOR201709200,2017-09-20,TOR,KCA,0,1,6.34,,1e-06,1e-06,TOR,TOR,0.4,0.2,0.314,0.308
PHI201709200,2017-09-20,PHI,LAN,0,0,2.65,2.93,1e-06,1e-06,PHI,PHI,0.6,0.6,0.322,0.336
SDN201709200,2017-09-20,SDN,ARI,0,1,3.14,,1e-06,1e-06,SDN,SDN,1.0,0.6,0.306,0.309
TBA201709200,2017-09-20,TBA,CHN,1,0,4.04,4.33,1e-06,1e-06,TBA,TBA,0.4,0.9,0.322,0.324
PIT201709200,2017-09-20,PIT,MIL,0,0,,1.78,1e-06,1e-06,PIT,PIT,0.2,0.4,0.325,0.326
SEA201709200,2017-09-20,SEA,TEX,0,0,4.36,3.4,1e-06,1e-06,SEA,SEA,0.4,0.5,0.334,0.293
NYA201709200,2017-09-20,NYA,MIN,0,0,3.77,6.48,1e-06,1e-06,NYA,NYA,0.9,0.4,0.343,0.322
SEA201709210,2017-09-21,SEA,TEX,0,2,2.98,4.2,1e-06,1e-06,SEA,SEA,0.4,0.5,0.334,0.293
BAL201709210,2017-09-21,BAL,TBA,3,0,4.15,4.5,1e-06,1393.7772067986984,BAL,TBA,0.5,0.3,0.323,0.312
ANA201709210,2017-09-21,ANA,CLE,1,0,3.64,2.61,1e-06,1e-06,ANA,ANA,1.2,1.2,0.318,0.333
SDN201709210,2017-09-21,SDN,COL,0,0,4.79,4.81,1e-06,738.1265117326025,SDN,SFN,1.0,0.5,0.306,0.313
TOR201709210,2017-09-21,TOR,KCA,0,0,3.53,4.16,1e-06,1e-06,TOR,TOR,0.2,0.3,0.314,0.308
HOU201709210,2017-09-21,HOU,CHA,0,0,2.9,4.66,1e-06,1e-06,HOU,HOU,0.9,0.6,0.342,0.312
MIL201709210,2017-09-21,MIL,CHN,0,0,4.66,2.3,722.0054120555708,1768.0127004273768,PIT,TBA,0.4,0.6,0.318,0.324
DET201709210,2017-09-21,DET,MIN,0,0,6.08,3.47,1e-06,773.7548030957365,DET,NYA,0.1,0.3,0.341,0.322
CIN201709210,2017-09-21,CIN,SLN,0,1,6.43,3.64,1e-06,1e-06,CIN,CIN,0.2,0.4,0.335,0.329
PHI201709210,2017-09-21,PHI,LAN,0,1,7.89,7.71,1e-06,1e-06,PHI,PHI,0.6,0.5,0.322,0.336
ATL201709210,2017-09-21,ATL,WAS,1,0,4.26,4.67,1e-06,1e-06,ATL,ATL,0.3,0.3,0.325,0.311
SEA201709220,2017-09-22,SEA,CLE,0,0,3.27,2.94,1e-06,1575.276973597757,SEA,ANA,0.4,1.2,0.334,0.333
BAL201709220,2017-09-22,BAL,TBA,0,0,6.81,3.66,1e-06,1e-06,BAL,BAL,0.6,0.3,0.323,0.312
DET201709220,2017-09-22,DET,MIN,0,0,5.31,5.07,1e-06,1e-06,DET,DET,0.1,0.3,0.341,0.322
NYN201709220,2017-09-22,NYN,WAS,0,0,3.74,5.68,1756.5620451799746,1200.4511584455877,MIA,ATL,0.6,0.3,0.31,0.311
OAK201709220,2017-09-22,OAK,TEX,0,0,4.19,5.66,3345.164678963249,1089.6592015072615,DET,SEA,0.5,0.7,0.327,0.293
MIL201709220,2017-09-22,MIL,CHN,1,0,1.78,2.98,1e-06,1e-06,MIL,MIL,0.3,0.6,0.318,0.324
ARI201709220,2017-09-22,ARI,MIA,3,2,3.92,4.75,481.0116378281714,3182.157566983313,SDN,MIA,1.6,0.8,0.35,0.33
PIT201709220,2017-09-22,PIT,SLN,0,1,,2.61,1e-06,415.25842934625814,PIT,CIN,0.2,0.5,0.325,0.329
CHA201709220,2017-09-22,CHA,KCA,0,0,4.72,5.29,1516.5648050119732,700.98343821047,HOU,TOR,0.9,0.3,0.315,0.308
LAN201709220,2017-09-22,LAN,SFN,0,1,3.32,4.42,3844.216938115361,559.4406195325591,PHI,SFN,0.5,0.3,0.334,0.309
TOR201709220,2017-09-22,TOR,NYA,1,1,4.98,4.74,1e-06,550.2922217550002,TOR,NYA,0.2,0.5,0.314,0.327
HOU201709220,2017-09-22,HOU,ANA,0,0,3.36,2.76,1e-06,2169.9670210701,HOU,ANA,0.9,0.7,0.342,0.312
SDN201709220,2017-09-22,SDN,COL,0,0,7.75,3.67,1e-06,1e-06,SDN,SDN,0.9,0.2,0.306,0.313
ATL201709220,2017-09-22,ATL,PHI,5,0,4.32,4.26,1e-06,1071.2330338826837,ATL,PHI,0.2,0.3,0.325,0.307
CIN201709220,2017-09-22,CIN,BOS,4,1,4.45,3.38,1e-06,680.6636621509456,CIN,BAL,0.2,0.1,0.335,0.318
CHA201709230,2017-09-23,CHA,KCA,1,0,7.71,3.81,1e-06,1e-06,CHA,CHA,0.9,0.2,0.315,0.308
SEA201709230,2017-09-23,SEA,CLE,0,1,5.34,3.29,1e-06,1e-06,SEA,SEA,0.2,1.2,0.334,0.333
LAN201709230,2017-09-23,LAN,SFN,0,1,3.77,3.32,1e-06,1e-06,LAN,LAN,0.5,0.4,0.334,0.309
HOU201709230,2017-09-23,HOU,ANA,1,0,3.62,4.21,1e-06,1e-06,HOU,HOU,0.8,0.7,0.342,0.312
CIN201709230,2017-09-23,CIN,BOS,0,1,4.68,4.19,1e-06,1e-06,CIN,CIN,0.6,0.2,0.335,0.318
NYN201709230,2017-09-23,NYN,WAS,0,0,9.0,5.88,1e-06,1e-06,NYN,NYN,0.6,0.3,0.31,0.311
DET201709230,2017-09-23,DET,MIN,2,1,3.82,3.28,1e-06,1e-06,DET,DET,0.1,0.3,0.341,0.322
MIL201709230,2017-09-23,MIL,CHN,1,0,4.68,2.3,1e-06,1e-06,MIL,MIL,0.3,0.5,0.318,0.324
OAK201709230,2017-09-23,OAK,TEX,0,0,7.13,4.62,1e-06,1e-06,OAK,OAK,0.5,0.6,0.327,0.293
PIT201709230,2017-09-23,PIT,SLN,8,2,4.26,3.43,1e-06,1e-06,PIT,PIT,0.2,0.6,0.325,0.329
SDN201709230,2017-09-23,SDN,COL,0,0,3.89,5.05,1e-06,1e-06,SDN,SDN,0.9,0.1,0.306,0.313
BAL201709230,2017-09-23,BAL,TBA,1,0,5.43,4.14,1e-06,1e-06,BAL,BAL,0.6,0.2,0.323,0.312
ATL201709230,2017-09-23,ATL,PHI,0,1,7.23,2.65,1e-06,1e-06,ATL,ATL,0.7,0.3,0.325,0.307
TOR201709230,2017-09-23,TOR,NYA,0,0,5.34,3.55,1e-06,1e-06,TOR,TOR,0.3,0.6,0.314,0.327
ARI201709230,2017-09-23,ARI,MIA,0,0,3.49,7.25,1e-06,1e-06,ARI,ARI,1.4,0.7,0.35,0.33
MIL201709240,2017-09-24,MIL,CHN,0,0,2.74,4.15,1e-06,1e-06,MIL,MIL,0.4,0.5,0.318,0.324
CHA201709240,2017-09-24,CHA,KCA,2,0,2.38,5.38,1e-06,1e-06,CHA,CHA,0.8,0.1,0.315,0.308
NYN201709240,2017-09-24,NYN,WAS,1,0,3.53,2.51,1e-06,1e-06,NYN,NYN,0.5,0.3,0.31,0.311
LAN201709240,2017-09-24,LAN,SFN,0,0,2.31,3.68,1e-06,1e-06,LAN,LAN,0.5,0.5,0.334,0.309
BAL201709240,2017-09-24,BAL,TBA,4,1,2.75,4.07,1e-06,1e-06,BAL,BAL,0.7,0.2,0.323,0.312
PIT201709240,2017-09-24,PIT,SLN,0,0,4.44,,1e-06,1e-06,PIT,PIT,1.0,0.6,0.325,0.329
OAK201709240,2017-09-24,OAK,TEX,0,0,5.58,4.82,1e-06,1e-06,OAK,OAK,0.4,0.5,0.327,0.293
ARI201709240,2017-09-24,ARI,MIA,0,0,4.23,5.06,1e-06,1e-06,ARI,ARI,1.1,0.7,0.35,0.33
ATL201709240,2017-09-24,ATL,PHI,0,0,4.91,6.02,1e-06,1e-06,ATL,ATL,0.7,0.4,0.325,0.307
HOU201709240,2017-09-24,HOU,ANA,0,0,2.68,3.86,1e-06,1e-06,HOU,HOU,0.5,0.5,0.342,0.312
SEA201709240,2017-09-24,SEA,CLE,0,0,3.92,2.25,1e-06,1e-06,SEA,SEA,0.1,0.9,0.334,0.333
CIN201709240,2017-09-24,CIN,BOS,1,0,2.49,3.79,1e-06,1e-06,CIN,CIN,0.6,0.3,0.335,0.318
DET201709240,2017-09-24,DET,MIN,0,1,6.75,3.89,1e-06,1e-06,DET,DET,0.3,0.3,0.341,0.322
SDN201709240,2017-09-24,SDN,COL,2,1,4.67,4.39,1e-06,1e-06,SDN,SDN,0.8,0.1,0.306,0.313
TOR201709240,2017-09-24,TOR,NYA,1,0,3.09,4.41,1e-06,1e-06,TOR,TOR,0.3,0.6,0.314,0.327
TEX201709250,2017-09-25,TEX,HOU,0,0,3.4,3.55,2350.5503898425545,368.5990384284446,OAK,HOU,0.5,0.2,0.347,0.343
COL201709250,2017-09-25,COL,MIA,0,0,4.69,4.01,1340.79250926624,942.6579354569092,SDN,ARI,0.1,0.6,0.364,0.33
CHA201709250,2017-09-25,CHA,ANA,2,0,5.23,4.92,1e-06,1516.5648050119732,CHA,HOU,1.0,0.5,0.315,0.312
PHI201709250,2017-09-25,PHI,WAS,0,0,3.54,3.81,1071.2330338826837,129.48897528262268,ATL,NYN,0.6,0.3,0.322,0.311
NYA201709250,2017-09-25,NYA,KCA,1,0,3.69,,550.2922217550002,1144.129935670241,TOR,CHA,0.9,0.1,0.343,0.308
BOS201709250,2017-09-25,BOS,TOR,2,1,3.32,6.34,1188.7504512902326,691.6136251477402,CIN,TOR,0.8,0.9,0.341,0.311
OAK201709250,2017-09-25,OAK,SEA,0,0,6.11,4.36,1e-06,1089.6592015072615,OAK,SEA,0.4,0.0,0.327,0.317
ARI201709250,2017-09-25,ARI,SFN,1,0,3.37,4.52,1e-06,574.8341159449532,ARI,LAN,0.9,0.5,0.35,0.309
SLN201709250,2017-09-25,SLN,CHN,0,4,3.88,4.33,898.8824563980571,526.8349145670746,PIT,MIL,0.4,0.2,0.339,0.324
LAN201709250,2017-09-25,LAN,SDN,3,0,3.86,6.8,1e-06,179.52869961196944,LAN,SDN,0.5,0.0,0.334,0.293
NYN201709252,2017-09-25,NYN,ATL,0,0,4.71,3.81,1e-06,1200.4511584455877,NYN,ATL,0.6,0.6,0.31,0.327
NYN201709251,2017-09-25,NYN,ATL,0,0,7.88,5.62,1e-06,1e-06,NYN,NYN,0.6,0.6,0.31,0.327
COL201709260,2017-09-26,COL,MIA,4,0,4.81,3.82,1e-06,1e-06,COL,COL,0.1,0.6,0.364,0.33
NYA201709260,2017-09-26,NYA,TBA,0,1,3.88,4.04,1e-06,272.81937803481173,NYA,BAL,0.9,0.3,0.343,0.312
PHI201709260,2017-09-26,PHI,WAS,0,0,3.88,2.96,1e-06,1e-06,PHI,PHI,0.5,0.3,0.322,0.311
OAK201709260,2017-09-26,OAK,SEA,1,0,3.14,3.22,1e-06,1e-06,OAK,OAK,0.0,0.0,0.327,0.317
CLE201709260,2017-09-26,CLE,MIN,2,2,3.52,3.07,3251.6066902182984,145.52553501827433,SEA,DET,0.9,0.4,0.34,0.322
LAN201709260,2017-09-26,LAN,SDN,0,0,2.72,4.57,1e-06,1e-06,LAN,LAN,0.8,0.0,0.334,0.293
KCA201709260,2017-09-26,KCA,DET,0,0,4.16,6.41,1759.8286951805926,1034.95696626315,NYA,DET,0.6,0.5,0.315,0.306
CHA201709260,2017-09-26,CHA,ANA,1,0,4.66,3.64,1e-06,1e-06,CHA,CHA,1.2,0.3,0.315,0.312
NYN201709260,2017-09-26,NYN,ATL,0,1,4.38,3.0,1e-06,1e-06,NYN,NYN,0.5,0.3,0.31,0.327
MIL201709260,2017-09-26,MIL,CIN,4,0,2.08,2.63,1e-06,525.1892238126902,MIL,CIN,0.4,0.8,0.318,0.323
ARI201709260,2017-09-26,ARI,SFN,2,0,2.89,5.52,1e-06,1e-06,ARI,ARI,1.0,0.5,0.35,0.309
TEX201709260,2017-09-26,TEX,HOU,1,4,4.2,2.9,1e-06,1e-06,TEX,TEX,0.3,0.2,0.347,0.343
BOS201709260,2017-09-26,BOS,TOR,1,1,2.9,3.53,1e-06,1e-06,BOS,BOS,1.0,1.0,0.341,0.311
PIT201709260,2017-09-26,PIT,BAL,2,0,4.07,4.68,1e-06,314.0609856627503,PIT,BAL,1.0,0.3,0.325,0.3
SLN201709260,2017-09-26,SLN,CHN,3,0,3.93,3.53,1e-06,1e-06,SLN,SLN,0.4,0.6,0.339,0.324
CHA201709270,2017-09-27,CHA,ANA,0,0,4.2,2.54,1e-06,1e-06,CHA,CHA,0.9,0.3,0.315,0.312
NYN201709270,2017-09-27,NYN,ATL,0,0,5.19,4.32,1e-06,1e-06,NYN,NYN,0.2,0.3,0.31,0.327
PHI201709270,2017-09-27,PHI,WAS,0,0,4.41,4.67,1e-06,1e-06,PHI,PHI,0.4,0.3,0.322,0.311
PIT201709270,2017-09-27,PIT,BAL,1,0,4.35,4.15,1e-06,1e-06,PIT,PIT,1.0,0.3,0.325,0.3
SLN201709270,2017-09-27,SLN,CHN,0,0,4.13,4.59,1e-06,1e-06,SLN,SLN,0.6,0.5,0.339,0.324
KCA201709270,2017-09-27,KCA,DET,0,1,2.48,5.77,1e-06,1e-06,KCA,KCA,0.6,0.5,0.315,0.306
CLE201709270,2017-09-27,CLE,MIN,1,0,3.11,4.5,1e-06,1e-06,CLE,CLE,0.8,0.5,0.34,0.322
OAK201709270,2017-09-27,OAK,SEA,1,0,3.93,7.04,1e-06,1e-06,OAK,OAK,0.1,0.0,0.327,0.317
TEX201709270,2017-09-27,TEX,HOU,0,2,5.66,3.36,1e-06,1e-06,TEX,TEX,0.3,0.6,0.347,0.343
ARI201709270,2017-09-27,ARI,SFN,0,2,3.92,6.09,1e-06,1e-06,ARI,ARI,1.2,0.4,0.35,0.309
NYA201709270,2017-09-27,NYA,TBA,0,0,2.98,4.5,1e-06,1e-06,NYA,NYA,0.9,0.2,0.343,0.312
LAN201709270,2017-09-27,LAN,SDN,2,0,3.32,4.79,1e-06,1e-06,LAN,LAN,0.8,0.0,0.334,0.293
COL201709270,2017-09-27,COL,MIA,0,0,3.67,6.14,1e-06,1e-06,COL,COL,0.5,0.6,0.364,0.33
MIL201709270,2017-09-27,MIL,CIN,0,1,4.81,6.43,1e-06,1e-06,MIL,MIL,0.8,0.5,0.318,0.323
BOS201709270,2017-09-27,BOS,TOR,1,3,4.65,4.98,1e-06,1e-06,BOS,BOS,1.1,1.1,0.341,0.311
SLN201709280,2017-09-28,SLN,CHN,0,1,3.99,7.5,1e-06,1e-06,SLN,SLN,0.6,0.5,0.339,0.324
TEX201709280,2017-09-28,TEX,OAK,0,0,4.62,4.37,1e-06,2350.5503898425545,TEX,OAK,0.3,0.8,0.347,0.312
MIA201709280,2017-09-28,MIA,ATL,0,0,5.17,4.49,2773.388608504832,1756.5620451799746,COL,NYN,0.7,0.3,0.332,0.327
WAS201709280,2017-09-28,WAS,PIT,1,0,2.81,4.38,197.2342958595587,305.44483751928374,PHI,PIT,0.4,0.5,0.352,0.311
NYA201709280,2017-09-28,NYA,TBA,2,1,3.55,2.7,1e-06,1e-06,NYA,NYA,0.9,0.2,0.343,0.312
BOS201709280,2017-09-28,BOS,HOU,0,3,4.19,3.0,1e-06,2512.560414403036,BOS,TEX,1.2,0.8,0.341,0.343
MIL201709280,2017-09-28,MIL,CIN,0,0,3.02,4.45,1e-06,1e-06,MIL,MIL,0.8,0.6,0.318,0.323
CLE201709280,2017-09-28,CLE,MIN,0,0,3.29,3.21,1e-06,1e-06,CLE,CLE,0.9,0.5,0.34,0.322
KCA201709280,2017-09-28,KCA,DET,0,0,3.81,5.31,1e-06,1e-06,KCA,KCA,0.6,0.4,0.315,0.306
CHA201709280,2017-09-28,CHA,ANA,0,0,3.13,5.35,1e-06,1e-06,CHA,CHA,0.9,0.3,0.315,0.312
TEX201709290,2017-09-29,TEX,OAK,2,0,4.82,7.13,1e-06,1e-06,TEX,TEX,0.3,0.8,0.347,0.312
CLE201709290,2017-09-29,CLE,CHA,0,0,4.19,5.93,1e-06,494.38381964269325,CLE,CHA,0.8,0.6,0.34,0.312
KCA201709290,2017-09-29,KCA,ARI,1,0,5.38,3.2,1e-06,1686.0572513450418,KCA,ARI,0.6,0.4,0.315,0.309
TBA201709290,2017-09-29,TBA,BAL,0,0,3.38,5.61,1638.0556824552712,1429.1664141131923,NYA,PIT,0.5,0.2,0.322,0.3
MIA201709290,2017-09-29,MIA,ATL,0,4,6.14,,1e-06,1e-06,MIA,MIA,0.7,0.3,0.332,0.327
CHN201709290,2017-09-29,CHN,CIN,0,0,2.74,4.45,422.4920912040455,132.54357794550742,SLN,MIL,0.2,0.6,0.342,0.323
COL201709290,2017-09-29,COL,LAN,3,0,5.05,3.77,1e-06,1336.5596902131042,COL,LAN,0.5,0.6,0.364,0.336
MIN201709290,2017-09-29,MIN,DET,1,3,3.89,5.27,1013.2251113855248,662.9211681328137,CLE,KCA,0.7,0.4,0.347,0.306
SLN201709290,2017-09-29,SLN,MIL,0,0,4.67,2.74,1e-06,526.8349145670746,SLN,MIL,0.6,0.4,0.339,0.326
SFN201709290,2017-09-29,SFN,SDN,3,0,3.68,7.75,1050.993394248722,559.4406195325591,ARI,LAN,0.4,0.0,0.308,0.293
PHI201709290,2017-09-29,PHI,NYN,0,1,4.26,6.7,1e-06,129.48897528262268,PHI,NYN,0.2,0.7,0.322,0.33
WAS201709290,2017-09-29,WAS,PIT,1,0,2.52,4.26,1e-06,1e-06,WAS,WAS,0.5,0.3,0.352,0.311
NYA201709290,2017-09-29,NYA,TOR,2,0,4.74,5.34,1e-06,306.2037667286439,NYA,BOS,0.5,1.4,0.343,0.311
ANA201709290,2017-09-29,ANA,SEA,1,0,5.45,4.02,2786.2559450879285,592.0809005913671,CHA,OAK,0.8,0.0,0.318,0.317
BOS201709290,2017-09-29,BOS,HOU,0,0,4.88,3.62,1e-06,1e-06,BOS,BOS,1.1,0.9,0.341,0.343
PHI201709300,2017-09-30,PHI,NYN,0,0,4.12,9.0,1e-06,1e-06,PHI,PHI,0.2,0.6,0.322,0.33
SLN201709300,2017-09-30,SLN,MIL,0,0,3.14,2.33,1e-06,1e-06,SLN,SLN,0.6,0.3,0.339,0.326
ANA201709300,2017-09-30,ANA,SEA,0,0,4.43,6.34,1e-06,1e-06,ANA,ANA,0.8,0.0,0.318,0.317
BOS201709300,2017-09-30,BOS,HOU,0,0,3.32,4.25,1e-06,1e-06,BOS,BOS,0.8,0.9,0.341,0.343
SFN201709300,2017-09-30,SFN,SDN,0,0,6.09,2.55,1e-06,1e-06,SFN,SFN,0.7,0.0,0.308,0.293
MIA201709300,2017-09-30,MIA,ATL,5,0,4.01,5.62,1e-06,1e-06,MIA,MIA,0.6,0.7,0.332,0.327
NYA201709300,2017-09-30,NYA,TOR,0,0,3.69,3.09,1e-06,1e-06,NYA,NYA,0.6,1.1,0.343,0.311
WAS201709300,2017-09-30,WAS,PIT,0,0,3.03,3.39,1e-06,1e-06,WAS,WAS,0.5,0.3,0.352,0.311
KCA201709300,2017-09-30,KCA,ARI,0,0,,1.73,1e-06,1e-06,KCA,KCA,0.7,0.4,0.315,0.309
TBA201709300,2017-09-30,TBA,BAL,0,0,4.07,3.53,1e-06,1e-06,TBA,TBA,0.5,0.2,0.322,0.3
CHN201709300,2017-09-30,CHN,CIN,0,0,4.33,4.68,1e-06,1e-06,CHN,CHN,0.2,0.5,0.342,0.323
COL201709300,2017-09-30,COL,LAN,0,0,4.69,2.06,1e-06,1e-06,COL,COL,0.8,0.6,0.364,0.336
CLE201709300,2017-09-30,CLE,CHA,0,0,3.11,3.86,1e-06,1e-06,CLE,CLE,0.8,0.4,0.34,0.312
MIN201709300,2017-09-30,MIN,DET,1,0,6.46,6.75,1e-06,1e-06,MIN,MIN,0.8,0.7,0.347,0.306
TEX201709300,2017-09-30,TEX,OAK,0,0,3.4,6.11,1e-06,1e-06,TEX,TEX,0.5,0.7,0.347,0.312
ANA201710010,2017-10-01,ANA,SEA,0,0,3.64,7.04,1e-06,1e-06,ANA,ANA,0.8,0.0,0.318,0.317
SFN201710010,2017-10-01,SFN,SDN,0,2,2.64,4.19,1e-06,1e-06,SFN,SFN,0.7,0.0,0.308,0.293
MIA201710010,2017-10-01,MIA,ATL,0,0,5.69,,1e-06,1e-06,MIA,MIA,0.8,0.6,0.332,0.327
NYA201710010,2017-10-01,NYA,TOR,0,0,3.14,3.55,1e-06,1e-06,NYA,NYA,0.6,1.1,0.343,0.311
SLN201710010,2017-10-01,SLN,MIL,0,4,6.33,3.48,1e-06,1e-06,SLN,SLN,0.6,0.3,0.339,0.326
KCA201710010,2017-10-01,KCA,ARI,1,0,4.16,5.96,1e-06,1e-06,KCA,KCA,0.6,0.4,0.315,0.309
TBA201710010,2017-10-01,TBA,BAL,0,0,4.04,4.68,1e-06,1e-06,TBA,TBA,0.4,0.2,0.322,0.3
COL201710010,2017-10-01,COL,LAN,0,1,4.1,4.22,1e-06,1e-06,COL,COL,0.8,0.6,0.364,0.336
CLE201710010,2017-10-01,CLE,CHA,3,0,4.98,4.66,1e-06,1e-06,CLE,CLE,0.7,0.4,0.34,0.312
PHI201710010,2017-10-01,PHI,NYN,0,0,6.02,7.88,1e-06,1e-06,PHI,PHI,0.2,0.6,0.322,0.33
BOS201710010,2017-10-01,BOS,HOU,0,0,3.3,3.55,1e-06,1e-06,BOS,BOS,0.5,0.9,0.341,0.343
TEX201710010,2017-10-01,TEX,OAK,0,0,4.2,3.14,1e-06,1e-06,TEX,TEX,0.5,0.3,0.347,0.312
CHN201710010,2017-10-01,CHN,CIN,0,0,4.59,2.63,1e-06,1e-06,CHN,CHN,0.2,0.5,0.342,0.323
MIN201710010,2017-10-01,MIN,DET,1,0,6.48,6.41,1e-06,1e-06,MIN,MIN,0.7,0.7,0.347,0.306
WAS201710010,2017-10-01,WAS,PIT,3,5,2.96,8.76,1e-06,1e-06,WAS,WAS,0.4,0.3,0.352,0.311
