game_id,date,hometeam,visteam,home_first_inning_runs,visiting_first_inning_runs,home_ERA,vis_ERA,home_travel,vis_travel,home_last_location,visiting_last_location,home_avg_prev,away_avg_prev,home_OBP,away_OBP
ARI201504070,2015-04-07,ARI,SFN,0,2,4.67,4.67,1e-06,1e-06,ARI,ARI,0.0,2.0,0.331,0.327
MIA201504070,2015-04-07,MIA,ATL,0,7,4.95,3.84,1e-06,1e-06,MIA,MIA,0.0,7.0,0.312,0.312
OAK201504070,2015-04-07,OAK,TEX,0,0,3.35,4.66,1e-06,1e-06,OAK,OAK,0.0,0.0,0.316,0.306
SEA201504070,2015-04-07,SEA,ANA,0,0,3.9,3.89,1e-06,1e-06,SEA,SEA,0.0,0.0,0.313,0.302
MIL201504070,2015-04-07,MIL,COL,0,0,5.63,5.14,1e-06,1e-06,MIL,MIL,0.0,0.0,0.31,0.277
LAN201504070,2015-04-07,LAN,SDN,0,1,3.69,2.34,1e-06,1e-06,LAN,LAN,0.0,1.0,0.32,0.295
TBA201504070,2015-04-07,TBA,BAL,0,4,,4.25,1e-06,1e-06,TBA,TBA,0.0,4.0,0.312,0.289
MIL201504080,2015-04-08,MIL,COL,0,0,2.21,3.26,1e-06,1e-06,MIL,MIL,0.0,0.0,0.31,0.277
SEA201504080,2015-04-08,SEA,ANA,0,4,3.54,4.46,1e-06,1e-06,SEA,SEA,0.0,0.0,0.313,0.302
PHI201504080,2015-04-08,PHI,BOS,0,0,4.86,4.92,1e-06,1e-06,PHI,PHI,0.0,0.0,0.304,0.302
ARI201504080,2015-04-08,ARI,SFN,1,0,4.62,3.95,1e-06,1e-06,ARI,ARI,0.0,2.0,0.331,0.327
OAK201504080,2015-04-08,OAK,TEX,0,0,3.1,7.25,1e-06,1e-06,OAK,OAK,0.0,0.0,0.316,0.306
WAS201504080,2015-04-08,WAS,NYN,2,0,3.66,2.54,1e-06,1e-06,WAS,WAS,2.0,0.0,0.328,0.316
CIN201504080,2015-04-08,CIN,PIT,1,0,2.94,4.24,1e-06,1e-06,CIN,CIN,1.0,0.0,0.322,0.322
TBA201504080,2015-04-08,TBA,BAL,0,0,3.35,4.91,1e-06,1e-06,TBA,TBA,0.0,4.0,0.312,0.289
DET201504080,2015-04-08,DET,MIN,0,0,4.99,6.75,1e-06,1e-06,DET,DET,0.0,0.0,0.332,0.289
LAN201504080,2015-04-08,LAN,SDN,1,2,5.87,4.34,1e-06,1e-06,LAN,LAN,0.0,1.0,0.32,0.295
HOU201504080,2015-04-08,HOU,CLE,0,0,3.9,3.63,1e-06,1e-06,HOU,HOU,0.0,0.0,0.322,0.305
KCA201504080,2015-04-08,KCA,CHA,1,0,0.94,4.07,1e-06,1e-06,KCA,KCA,1.0,0.0,0.333,0.306
MIA201504080,2015-04-08,MIA,ATL,0,0,4.08,4.63,1e-06,1e-06,MIA,MIA,0.0,7.0,0.312,0.312
CHN201504080,2015-04-08,CHN,SLN,0,0,1.77,3.03,1e-06,1e-06,CHN,CHN,0.0,0.0,0.322,0.311
NYA201504080,2015-04-08,NYA,TOR,0,0,1.5,4.46,1e-06,1e-06,NYA,NYA,0.0,0.0,0.325,0.329
HOU201504090,2015-04-09,HOU,CLE,0,1,7.16,4.55,1e-06,1e-06,HOU,HOU,0.0,0.0,0.322,0.305
NYA201504090,2015-04-09,NYA,TOR,0,0,4.73,3.75,1e-06,1e-06,NYA,NYA,0.0,0.0,0.325,0.329
OAK201504090,2015-04-09,OAK,TEX,0,2,4.05,3.96,1e-06,1e-06,OAK,OAK,0.0,0.0,0.316,0.306
KCA201504090,2015-04-09,KCA,CHA,1,0,3.55,4.71,1e-06,1e-06,KCA,KCA,1.0,0.0,0.333,0.306
PHI201504090,2015-04-09,PHI,BOS,0,0,6.99,5.61,1e-06,1e-06,PHI,PHI,0.0,0.0,0.304,0.302
SDN201504090,2015-04-09,SDN,SFN,0,0,2.35,2.33,179.52869961196944,481.0116378281714,LAN,ARI,0.0,1.0,0.306,0.327
DET201504090,2015-04-09,DET,MIN,2,0,6.88,3.84,1e-06,1e-06,DET,DET,0.0,0.0,0.332,0.289
WAS201504090,2015-04-09,WAS,NYN,0,0,3.46,2.71,1e-06,1e-06,WAS,WAS,2.0,0.0,0.328,0.316
CIN201504090,2015-04-09,CIN,PIT,0,0,1.63,2.64,1e-06,1e-06,CIN,CIN,1.0,0.0,0.322,0.322
PHI201504100,2015-04-10,PHI,WAS,0,1,3.51,3.79,1e-06,197.2342958595587,PHI,WAS,0.0,1.0,0.304,0.314
MIL201504100,2015-04-10,MIL,PIT,0,0,3.69,4.49,1e-06,525.1892238126902,MIL,CIN,0.0,0.0,0.31,0.322
MIA201504100,2015-04-10,MIA,TBA,1,0,3.14,3.71,1e-06,319.9354673545946,MIA,TBA,0.0,0.0,0.312,0.316
CIN201504100,2015-04-10,CIN,SLN,2,1,2.94,0.87,1e-06,406.2527329885922,CIN,CHN,0.5,0.0,0.322,0.311
TEX201504100,2015-04-10,TEX,HOU,0,1,4.91,3.89,2350.5503898425545,368.5990384284446,OAK,HOU,0.0,1.0,0.341,0.308
SDN201504100,2015-04-10,SDN,SFN,0,0,2.34,5.86,1e-06,1e-06,SDN,SDN,0.0,0.6666666666666666,0.306,0.327
OAK201504100,2015-04-10,OAK,SEA,3,0,3.66,4.56,1e-06,1089.6592015072615,OAK,SEA,0.0,0.0,0.316,0.309
CHA201504100,2015-04-10,CHA,MIN,0,1,6.89,,663.9206411727051,380.91207013286544,KCA,DET,0.0,0.0,0.307,0.289
COL201504100,2015-04-10,COL,CHN,0,0,4.74,3.84,1465.0252316671194,1477.450780411816,MIL,CHN,0.0,0.0,0.352,0.317
CLE201504100,2015-04-10,CLE,DET,0,0,3.0,5.05,1793.7234420980124,145.52553501827433,HOU,DET,0.0,0.0,0.344,0.324
ANA201504100,2015-04-10,ANA,KCA,0,1,3.59,3.98,1575.276973597757,2158.345510444982,SEA,KCA,0.0,1.0,0.311,0.311
ATL201504100,2015-04-10,ATL,NYN,2,0,4.46,4.5,973.359131898138,874.0887985860761,MIA,WAS,2.0,0.0,0.317,0.316
BAL201504100,2015-04-10,BAL,TOR,1,4,6.72,3.81,1393.7772067986984,272.81937803481173,TBA,NYA,1.0,0.0,0.327,0.329
ARI201504100,2015-04-10,ARI,LAN,0,0,4.17,1.43,1e-06,574.8341159449532,ARI,LAN,0.5,0.0,0.331,0.33
NYA201504100,2015-04-10,NYA,BOS,0,1,6.27,4.09,1e-06,129.48897528262268,NYA,PHI,0.0,0.0,0.325,0.302
PHI201504110,2015-04-11,PHI,WAS,0,0,6.94,4.38,1e-06,1e-06,PHI,PHI,0.0,1.0,0.304,0.314
SDN201504110,2015-04-11,SDN,SFN,2,0,3.91,2.93,1e-06,1e-06,SDN,SDN,0.0,0.5,0.306,0.327
BAL201504110,2015-04-11,BAL,TOR,2,0,4.11,3.22,1e-06,1e-06,BAL,BAL,1.0,1.3333333333333333,0.327,0.329
ANA201504110,2015-04-11,ANA,KCA,1,0,4.64,5.95,1e-06,1e-06,ANA,ANA,0.0,1.0,0.311,0.311
CIN201504110,2015-04-11,CIN,SLN,1,0,3.44,3.38,1e-06,1e-06,CIN,CIN,1.0,0.5,0.322,0.311
OAK201504110,2015-04-11,OAK,SEA,0,0,4.15,5.4,1e-06,1e-06,OAK,OAK,0.75,0.0,0.316,0.309
COL201504110,2015-04-11,COL,CHN,0,1,6.32,3.74,1e-06,1e-06,COL,COL,0.0,0.0,0.352,0.317
CHA201504110,2015-04-11,CHA,MIN,0,0,3.41,2.49,1e-06,1e-06,CHA,CHA,0.0,0.3333333333333333,0.307,0.289
MIL201504110,2015-04-11,MIL,PIT,0,0,4.11,4.02,1e-06,1e-06,MIL,MIL,0.0,0.0,0.31,0.322
ARI201504110,2015-04-11,ARI,LAN,1,0,5.8,2.13,1e-06,1e-06,ARI,ARI,0.3333333333333333,0.0,0.331,0.33
NYA201504110,2015-04-11,NYA,BOS,0,0,3.29,4.82,1e-06,1e-06,NYA,NYA,0.0,0.3333333333333333,0.325,0.302
CLE201504110,2015-04-11,CLE,DET,0,2,2.99,5.79,1e-06,1e-06,CLE,CLE,0.0,0.0,0.344,0.324
TEX201504110,2015-04-11,TEX,HOU,1,0,3.42,,1e-06,1e-06,TEX,TEX,0.0,1.0,0.341,0.308
ATL201504110,2015-04-11,ATL,NYN,0,0,4.04,5.9,1e-06,1e-06,ATL,ATL,2.0,0.0,0.317,0.316
MIA201504110,2015-04-11,MIA,TBA,0,0,4.52,3.23,1e-06,1e-06,MIA,MIA,0.3333333333333333,0.0,0.312,0.316
CHA201504120,2015-04-12,CHA,MIN,2,0,3.41,4.4,1e-06,1e-06,CHA,CHA,0.0,0.25,0.307,0.289
OAK201504120,2015-04-12,OAK,SEA,0,0,2.92,4.74,1e-06,1e-06,OAK,OAK,0.6,0.0,0.316,0.309
COL201504120,2015-04-12,COL,CHN,0,0,3.26,3.21,1e-06,1e-06,COL,COL,0.0,0.5,0.352,0.317
PHI201504120,2015-04-12,PHI,WAS,0,1,4.01,4.6,1e-06,1e-06,PHI,PHI,0.0,0.5,0.304,0.314
ANA201504120,2015-04-12,ANA,KCA,1,0,3.89,4.08,1e-06,1e-06,ANA,ANA,0.5,0.5,0.311,0.311
MIA201504120,2015-04-12,MIA,TBA,0,1,6.45,,1e-06,1e-06,MIA,MIA,0.25,0.0,0.312,0.316
BAL201504120,2015-04-12,BAL,TOR,2,2,4.99,4.46,1e-06,1e-06,BAL,BAL,1.5,1.0,0.327,0.329
CIN201504120,2015-04-12,CIN,SLN,0,0,10.13,2.95,1e-06,1e-06,CIN,CIN,1.0,0.3333333333333333,0.322,0.311
MIL201504120,2015-04-12,MIL,PIT,0,0,5.85,3.6,1e-06,1e-06,MIL,MIL,0.0,0.0,0.31,0.322
NYA201504120,2015-04-12,NYA,BOS,7,0,3.51,3.26,1e-06,1e-06,NYA,NYA,0.0,0.25,0.325,0.302
CLE201504120,2015-04-12,CLE,DET,1,3,13.15,5.94,1e-06,1e-06,CLE,CLE,0.0,1.0,0.344,0.324
ARI201504120,2015-04-12,ARI,LAN,0,0,3.79,1.66,1e-06,1e-06,ARI,ARI,0.5,0.0,0.331,0.33
SDN201504120,2015-04-12,SDN,SFN,0,0,3.26,3.58,1e-06,1e-06,SDN,SDN,0.6666666666666666,0.4,0.306,0.327
TEX201504120,2015-04-12,TEX,HOU,0,0,3.59,1.9,1e-06,1e-06,TEX,TEX,0.5,0.5,0.341,0.308
ATL201504120,2015-04-12,ATL,NYN,0,2,6.75,4.16,1e-06,1e-06,ATL,ATL,1.0,0.0,0.317,0.316
HOU201504130,2015-04-13,HOU,OAK,0,3,3.9,3.1,368.5990384284446,2629.671879056886,TEX,OAK,0.0,3.0,0.322,0.308
SLN201504130,2015-04-13,SLN,MIL,0,1,1.61,5.63,494.9532553693752,526.8349145670746,CIN,MIL,0.0,1.0,0.329,0.304
LAN201504130,2015-04-13,LAN,SEA,0,2,3.34,8.4,574.8341159449532,552.4676717810693,ARI,OAK,0.5,0.0,0.32,0.309
MIN201504130,2015-04-13,MIN,KCA,1,0,4.0,4.08,571.0232496384983,2437.087352189671,CHA,ANA,1.0,0.3333333333333333,0.322,0.311
SDN201504130,2015-04-13,SDN,ARI,0,0,4.34,4.67,1e-06,481.0116378281714,SDN,ARI,0.5,0.0,0.306,0.317
BAL201504130,2015-04-13,BAL,NYA,0,0,4.18,4.37,1e-06,272.81937803481173,BAL,NYA,1.6666666666666667,0.0,0.327,0.319
TEX201504130,2015-04-13,TEX,ANA,3,0,7.25,4.46,1e-06,1938.7751997181072,TEX,ANA,0.3333333333333333,2.0,0.341,0.302
CHN201504130,2015-04-13,CHN,CIN,3,3,1.67,3.9,1477.450780411816,406.2527329885922,COL,CIN,0.0,3.0,0.322,0.303
SFN201504130,2015-04-13,SFN,COL,0,0,3.95,5.9,738.1265117326025,1524.5101947303656,SDN,COL,0.0,0.0,0.326,0.277
BOS201504130,2015-04-13,BOS,WAS,1,0,4.92,3.66,306.2037667286439,435.5953169043613,NYA,PHI,1.0,0.6666666666666666,0.349,0.314
ATL201504130,2015-04-13,ATL,MIA,0,0,3.02,4.95,1e-06,973.359131898138,ATL,MIA,0.6666666666666666,0.0,0.317,0.308
NYN201504130,2015-04-13,NYN,PHI,0,0,2.54,4.86,1200.4511584455877,129.48897528262268,ATL,PHI,0.0,0.0,0.303,0.301
TOR201504130,2015-04-13,TOR,TBA,0,0,3.91,3.35,537.0332419152472,1988.7442573540511,BAL,MIA,0.0,0.3333333333333333,0.347,0.316
PIT201504130,2015-04-13,PIT,DET,1,0,2.6,4.99,722.0054120555708,186.24975562107616,MIL,CLE,1.0,1.6666666666666667,0.323,0.324
CLE201504140,2015-04-14,CLE,CHA,0,2,3.63,3.36,1e-06,494.38381964269325,CLE,CHA,0.3333333333333333,0.0,0.344,0.306
SFN201504140,2015-04-14,SFN,COL,0,0,4.44,5.09,1e-06,1e-06,SFN,SFN,0.0,0.0,0.326,0.277
ATL201504140,2015-04-14,ATL,MIA,0,3,5.4,4.08,1e-06,1e-06,ATL,ATL,0.5,0.0,0.317,0.308
SDN201504140,2015-04-14,SDN,ARI,3,0,5.8,4.62,1e-06,1e-06,SDN,SDN,0.4,0.0,0.306,0.317
PIT201504140,2015-04-14,PIT,DET,0,0,3.18,6.88,1e-06,1e-06,PIT,PIT,1.0,1.25,0.323,0.324
TEX201504140,2015-04-14,TEX,ANA,1,0,3.96,7.71,1e-06,1e-06,TEX,TEX,1.0,1.3333333333333333,0.341,0.302
HOU201504140,2015-04-14,HOU,OAK,0,1,5.4,4.05,1e-06,1e-06,HOU,HOU,0.0,3.0,0.322,0.308
TOR201504140,2015-04-14,TOR,TBA,0,1,6.11,3.74,1e-06,1e-06,TOR,TOR,0.0,0.25,0.347,0.316
LAN201504140,2015-04-14,LAN,SEA,0,3,3.34,4.74,1e-06,1e-06,LAN,LAN,0.3333333333333333,0.5,0.32,0.309
BAL201504140,2015-04-14,BAL,NYA,1,0,4.91,4.73,1e-06,1e-06,BAL,BAL,1.25,0.0,0.327,0.319
NYN201504140,2015-04-14,NYN,PHI,1,1,2.71,6.99,1e-06,1e-06,NYN,NYN,0.0,0.0,0.303,0.301
BOS201504140,2015-04-14,BOS,WAS,0,0,4.75,3.86,1e-06,1e-06,BOS,BOS,1.0,0.5,0.349,0.314
CHN201504140,2015-04-14,CHN,CIN,0,0,1.77,4.05,1e-06,1e-06,CHN,CHN,1.5,3.0,0.322,0.303
SFN201504150,2015-04-15,SFN,COL,1,3,4.13,4.09,1e-06,1e-06,SFN,SFN,0.0,0.0,0.326,0.277
CHN201504150,2015-04-15,CHN,CIN,2,0,3.84,6.46,1e-06,1e-06,CHN,CHN,1.0,1.5,0.322,0.303
SLN201504150,2015-04-15,SLN,MIL,2,0,3.03,4.72,1e-06,1e-06,SLN,SLN,0.0,1.0,0.329,0.304
TEX201504150,2015-04-15,TEX,ANA,0,0,7.63,3.59,1e-06,1e-06,TEX,TEX,1.0,1.0,0.341,0.302
TOR201504150,2015-04-15,TOR,TBA,2,0,3.81,3.75,1e-06,1e-06,TOR,TOR,0.0,0.4,0.347,0.316
NYN201504150,2015-04-15,NYN,PHI,0,1,4.13,5.8,1e-06,1e-06,NYN,NYN,0.5,0.5,0.303,0.301
CLE201504150,2015-04-15,CLE,CHA,0,0,4.55,4.71,1e-06,1e-06,CLE,CLE,0.25,0.6666666666666666,0.344,0.306
BAL201504150,2015-04-15,BAL,NYA,1,0,2.72,4.01,1e-06,1e-06,BAL,BAL,1.2,0.0,0.327,0.319
LAN201504150,2015-04-15,LAN,SEA,3,0,3.69,4.56,1e-06,1e-06,LAN,LAN,0.25,1.0,0.32,0.309
ATL201504150,2015-04-15,ATL,MIA,0,0,5.85,3.6,1e-06,1e-06,ATL,ATL,0.4,1.5,0.317,0.308
SDN201504150,2015-04-15,SDN,ARI,0,2,2.34,3.25,1e-06,1e-06,SDN,SDN,0.8333333333333334,0.0,0.306,0.317
PIT201504150,2015-04-15,PIT,DET,0,0,3.38,5.05,1e-06,1e-06,PIT,PIT,0.5,1.0,0.323,0.324
HOU201504150,2015-04-15,HOU,OAK,2,0,3.89,3.66,1e-06,1e-06,HOU,HOU,0.0,2.0,0.322,0.308
BOS201504150,2015-04-15,BOS,WAS,0,2,4.46,3.79,1e-06,1e-06,BOS,BOS,0.5,0.4,0.349,0.314
MIN201504150,2015-04-15,MIN,KCA,1,0,3.84,3.55,1e-06,1e-06,MIN,MIN,1.0,0.25,0.322,0.311
TOR201504160,2015-04-16,TOR,TBA,0,0,3.22,3.23,1e-06,1e-06,TOR,TOR,0.6666666666666666,0.3333333333333333,0.347,0.316
SFN201504160,2015-04-16,SFN,ARI,1,0,2.98,3.25,1e-06,738.1265117326025,SFN,SDN,0.3333333333333333,0.6666666666666666,0.326,0.317
SLN201504160,2015-04-16,SLN,MIL,0,0,2.77,3.69,1e-06,1e-06,SLN,SLN,1.0,0.5,0.329,0.304
WAS201504160,2015-04-16,WAS,PHI,1,0,4.19,3.65,632.55798631456,326.3648041771951,BOS,NYN,1.0,0.6666666666666666,0.328,0.301
NYN201504160,2015-04-16,NYN,MIA,0,2,0.0,4.5,1e-06,1200.4511584455877,NYN,ATL,0.3333333333333333,1.0,0.303,0.308
MIN201504160,2015-04-16,MIN,KCA,0,2,,3.98,1e-06,1e-06,MIN,MIN,1.0,0.2,0.322,0.311
KCA201504170,2015-04-17,KCA,OAK,0,0,0.94,6.75,662.9211681328137,1040.8267966673652,MIN,HOU,1.0,1.3333333333333333,0.333,0.308
SLN201504170,2015-04-17,SLN,CIN,1,1,3.38,3.44,1e-06,422.4920912040455,SLN,CHN,0.6666666666666666,1.0,0.329,0.303
CHN201504170,2015-04-17,CHN,SDN,0,0,7.36,3.91,1e-06,2787.070270174863,CHN,SDN,1.25,1.5,0.322,0.295
NYN201504170,2015-04-17,NYN,MIA,0,1,4.16,5.3,1e-06,1e-06,NYN,NYN,0.25,1.25,0.303,0.308
PIT201504170,2015-04-17,PIT,MIL,0,0,4.02,4.11,1e-06,898.8824563980571,PIT,SLN,0.3333333333333333,0.3333333333333333,0.323,0.304
DET201504170,2015-04-17,DET,CHA,0,0,2.53,3.41,331.7516309667575,145.52553501827433,PIT,CLE,1.0,0.5,0.332,0.306
LAN201504170,2015-04-17,LAN,COL,3,0,2.13,6.32,1e-06,559.4406195325591,LAN,SFN,0.8,0.6,0.32,0.277
BOS201504170,2015-04-17,BOS,BAL,0,0,2.23,2.94,1e-06,578.81170796599,BOS,BAL,0.3333333333333333,2.0,0.349,0.289
TBA201504170,2015-04-17,TBA,NYA,0,0,2.33,1.5,1789.459752085548,1393.7772067986984,TOR,BAL,0.0,0.0,0.312,0.319
SEA201504170,2015-04-17,SEA,TEX,0,1,3.61,3.42,1545.141516309272,2688.6235870338205,LAN,TEX,0.0,0.6666666666666666,0.313,0.306
HOU201504170,2015-04-17,HOU,ANA,0,0,4.38,2.75,1e-06,368.5990384284446,HOU,TEX,0.4,0.8,0.322,0.302
SFN201504170,2015-04-17,SFN,ARI,0,0,3.58,3.79,1e-06,1e-06,SFN,SFN,0.5,0.5,0.326,0.317
WAS201504170,2015-04-17,WAS,PHI,3,0,2.79,6.08,1e-06,1e-06,WAS,WAS,1.0,0.5,0.328,0.301
MIN201504170,2015-04-17,MIN,CLE,0,0,2.49,2.95,1e-06,1013.2251113855248,MIN,CLE,0.6666666666666666,0.5,0.322,0.305
TOR201504170,2015-04-17,TOR,ATL,1,0,2.48,7.92,1e-06,1183.2911929642491,TOR,ATL,0.5,3.5,0.347,0.312
NYN201504180,2015-04-18,NYN,MIA,0,0,2.54,4.95,1e-06,1e-06,NYN,NYN,0.2,1.2,0.303,0.308
KCA201504180,2015-04-18,KCA,OAK,0,0,4.08,3.35,1e-06,1e-06,KCA,KCA,0.6666666666666666,1.0,0.333,0.308
SFN201504180,2015-04-18,SFN,ARI,1,0,3.95,4.67,1e-06,1e-06,SFN,SFN,0.4,0.4,0.326,0.317
TOR201504180,2015-04-18,TOR,ATL,0,1,2.48,7.36,1e-06,1e-06,TOR,TOR,0.6,2.3333333333333335,0.347,0.312
BOS201504180,2015-04-18,BOS,BAL,0,0,3.26,4.99,1e-06,1e-06,BOS,BOS,0.25,1.3333333333333333,0.349,0.289
MIN201504180,2015-04-18,MIN,CLE,0,0,4.4,3.45,1e-06,1e-06,MIN,MIN,0.5,0.3333333333333333,0.322,0.305
HOU201504180,2015-04-18,HOU,ANA,0,0,2.48,3.89,1e-06,1e-06,HOU,HOU,0.3333333333333333,0.6666666666666666,0.322,0.302
SLN201504180,2015-04-18,SLN,CIN,1,0,3.01,5.56,1e-06,1e-06,SLN,SLN,0.75,1.0,0.329,0.303
DET201504180,2015-04-18,DET,CHA,1,0,4.99,3.41,1e-06,1e-06,DET,DET,0.6666666666666666,0.4,0.332,0.306
TBA201504180,2015-04-18,TBA,NYA,0,0,3.35,3.51,1e-06,1e-06,TBA,TBA,0.0,0.0,0.312,0.319
LAN201504180,2015-04-18,LAN,COL,0,1,1.66,5.14,1e-06,1e-06,LAN,LAN,1.1666666666666667,0.5,0.32,0.277
SEA201504180,2015-04-18,SEA,TEX,0,0,3.53,4.66,1e-06,1e-06,SEA,SEA,0.0,0.75,0.313,0.306
PIT201504180,2015-04-18,PIT,MIL,3,1,4.49,5.85,1e-06,1e-06,PIT,PIT,0.25,0.25,0.323,0.304
WAS201504180,2015-04-18,WAS,PHI,1,0,3.66,4.86,1e-06,1e-06,WAS,WAS,1.5,0.4,0.328,0.301
CHN201504180,2015-04-18,CHN,SDN,0,2,4.39,2.58,1e-06,1e-06,CHN,CHN,1.0,1.0,0.322,0.295
SFN201504190,2015-04-19,SFN,ARI,1,2,4.44,4.62,1e-06,1e-06,SFN,SFN,0.5,0.3333333333333333,0.326,0.317
KCA201504190,2015-04-19,KCA,OAK,0,0,3.18,8.1,1e-06,1e-06,KCA,KCA,0.5,0.8,0.333,0.308
WAS201504190,2015-04-19,WAS,PHI,0,0,3.46,6.99,1e-06,1e-06,WAS,WAS,1.4,0.3333333333333333,0.328,0.301
TOR201504190,2015-04-19,TOR,ATL,0,3,3.75,3.02,1e-06,1e-06,TOR,TOR,0.5,2.0,0.347,0.312
PIT201504190,2015-04-19,PIT,MIL,2,0,2.6,5.63,1e-06,1e-06,PIT,PIT,0.8,0.4,0.323,0.304
MIN201504190,2015-04-19,MIN,CLE,0,0,4.0,13.15,1e-06,1e-06,MIN,MIN,0.4,0.25,0.322,0.305
SEA201504190,2015-04-19,SEA,TEX,2,0,4.71,6.38,1e-06,1e-06,SEA,SEA,0.0,0.6,0.313,0.306
NYN201504190,2015-04-19,NYN,MIA,0,0,2.71,4.08,1e-06,1e-06,NYN,NYN,0.1666666666666666,1.0,0.303,0.308
BOS201504190,2015-04-19,BOS,BAL,3,2,4.92,4.91,1e-06,1e-06,BOS,BOS,0.2,1.0,0.349,0.289
HOU201504190,2015-04-19,HOU,ANA,0,0,3.9,3.65,1e-06,1e-06,HOU,HOU,0.2857142857142857,0.5714285714285714,0.322,0.302
CHN201504190,2015-04-19,CHN,SDN,2,0,3.34,4.34,1e-06,1e-06,CHN,CHN,0.8333333333333334,1.25,0.322,0.295
LAN201504190,2015-04-19,LAN,COL,0,0,5.87,5.9,1e-06,1e-06,LAN,LAN,1.0,0.5714285714285714,0.32,0.277
TBA201504190,2015-04-19,TBA,NYA,2,1,4.11,4.37,1e-06,1e-06,TBA,TBA,0.0,0.0,0.312,0.319
DET201504190,2015-04-19,DET,CHA,4,0,6.88,3.36,1e-06,1e-06,DET,DET,0.75,0.3333333333333333,0.332,0.306
SLN201504190,2015-04-19,SLN,CIN,1,0,1.61,3.7,1e-06,1e-06,SLN,SLN,0.8,0.8,0.329,0.303
KCA201504200,2015-04-20,KCA,MIN,0,0,3.55,3.84,1e-06,662.9211681328137,KCA,MIN,0.4,0.2,0.333,0.289
BOS201504200,2015-04-20,BOS,BAL,1,0,5.61,3.34,1e-06,1e-06,BOS,BOS,0.6666666666666666,1.2,0.349,0.289
MIL201504200,2015-04-20,MIL,CIN,0,0,4.72,4.05,722.0054120555708,526.8349145670746,PIT,SLN,0.0,0.6666666666666666,0.31,0.303
DET201504200,2015-04-20,DET,NYA,0,0,5.05,4.73,1e-06,1620.843911772028,DET,TBA,1.4,0.1666666666666666,0.332,0.319
CHA201504200,2015-04-20,CHA,CLE,0,0,3.41,2.99,380.91207013286544,571.0232496384983,DET,MIN,0.6666666666666666,0.2,0.307,0.305
COL201504200,2015-04-20,COL,SDN,0,5,4.17,5.8,1336.5596902131042,1477.450780411816,LAN,CHN,0.0,1.0,0.352,0.295
SEA201504200,2015-04-20,SEA,HOU,0,1,5.12,1.99,1e-06,3039.1839825945185,SEA,HOU,0.4,0.3333333333333333,0.313,0.308
ANA201504200,2015-04-20,ANA,OAK,2,1,4.46,6.75,2169.9670210701,2158.345510444982,HOU,KCA,0.6666666666666666,0.6666666666666666,0.311,0.308
PIT201504200,2015-04-20,PIT,CHN,1,0,3.62,1.77,1e-06,660.0502267315369,PIT,CHN,1.0,0.3333333333333333,0.323,0.317
ANA201504210,2015-04-21,ANA,OAK,0,0,3.59,3.66,1e-06,1e-06,ANA,ANA,1.0,0.7142857142857143,0.311,0.308
SEA201504210,2015-04-21,SEA,HOU,1,0,2.08,3.89,1e-06,1e-06,SEA,SEA,0.3333333333333333,0.5,0.313,0.308
COL201504210,2015-04-21,COL,SDN,0,0,4.33,3.0,1e-06,1e-06,COL,COL,0.0,1.6666666666666667,0.352,0.295
MIL201504210,2015-04-21,MIL,CIN,0,0,3.69,6.46,1e-06,1e-06,MIL,MIL,0.0,0.5714285714285714,0.31,0.303
ARI201504210,2015-04-21,ARI,TEX,0,1,3.86,2.99,1050.993394248722,1793.290239503433,SFN,SEA,0.4,0.5,0.331,0.306
DET201504210,2015-04-21,DET,NYA,0,1,5.94,4.2,1e-06,1e-06,DET,DET,1.1666666666666667,0.1428571428571428,0.332,0.319
CHA201504210,2015-04-21,CHA,CLE,1,0,6.89,3.63,1e-06,1e-06,CHA,CHA,0.5,0.1666666666666666,0.307,0.305
KCA201504210,2015-04-21,KCA,MIN,0,0,,3.55,1e-06,1e-06,KCA,KCA,0.3333333333333333,0.1666666666666666,0.333,0.289
TOR201504210,2015-04-21,TOR,BAL,0,0,3.81,6.72,1e-06,691.6136251477402,TOR,BOS,0.4285714285714285,1.0,0.347,0.289
SFN201504210,2015-04-21,SFN,LAN,0,0,4.13,3.69,1e-06,559.4406195325591,SFN,LAN,0.5714285714285714,0.0,0.326,0.33
PHI201504210,2015-04-21,PHI,MIA,0,0,5.8,3.6,197.2342958595587,129.48897528262268,WAS,NYN,0.0,0.8571428571428571,0.304,0.308
WAS201504210,2015-04-21,WAS,SLN,0,0,4.6,2.95,1e-06,1142.2462660488457,WAS,SLN,1.1666666666666667,0.25,0.328,0.311
TBA201504210,2015-04-21,TBA,BOS,0,0,3.23,4.46,1e-06,1926.694381718032,TBA,BOS,0.4,0.2,0.312,0.302
PIT201504210,2015-04-21,PIT,CHN,1,1,2.23,3.07,1e-06,1e-06,PIT,PIT,1.0,0.25,0.323,0.317
NYN201504210,2015-04-21,NYN,ATL,0,0,4.13,5.4,1e-06,550.2922217550002,NYN,TOR,0.1428571428571428,2.2,0.303,0.312
KCA201504220,2015-04-22,KCA,MIN,0,3,5.95,4.26,1e-06,1e-06,KCA,KCA,0.2857142857142857,0.1428571428571428,0.333,0.289
ANA201504220,2015-04-22,ANA,OAK,0,1,4.24,2.73,1e-06,1e-06,ANA,ANA,0.8,0.625,0.311,0.308
TBA201504220,2015-04-22,TBA,BOS,1,0,3.71,4.75,1e-06,1e-06,TBA,TBA,0.3333333333333333,0.1666666666666666,0.312,0.302
PHI201504220,2015-04-22,PHI,MIA,0,0,3.51,4.52,1e-06,1e-06,PHI,PHI,0.0,0.75,0.304,0.308
COL201504220,2015-04-22,COL,SDN,2,1,0.0,2.45,1e-06,1e-06,COL,COL,0.0,1.4285714285714286,0.352,0.295
SEA201504220,2015-04-22,SEA,HOU,1,0,3.61,,1e-06,1e-06,SEA,SEA,0.4285714285714285,0.4,0.313,0.308
WAS201504220,2015-04-22,WAS,SLN,0,1,3.86,2.17,1e-06,1e-06,WAS,WAS,1.0,0.2,0.328,0.311
NYN201504220,2015-04-22,NYN,ATL,0,0,5.63,4.46,1e-06,1e-06,NYN,NYN,0.125,1.8333333333333333,0.303,0.312
CHA201504220,2015-04-22,CHA,CLE,1,0,4.96,3.49,1e-06,1e-06,CHA,CHA,0.6,0.1428571428571428,0.307,0.305
TOR201504220,2015-04-22,TOR,BAL,0,0,3.22,4.11,1e-06,1e-06,TOR,TOR,0.375,0.8571428571428571,0.347,0.289
ARI201504220,2015-04-22,ARI,TEX,2,1,5.8,3.42,1e-06,1e-06,ARI,ARI,0.3333333333333333,0.5714285714285714,0.331,0.306
MIL201504220,2015-04-22,MIL,CIN,1,1,2.21,3.44,1e-06,1e-06,MIL,MIL,0.0,0.5,0.31,0.303
PIT201504220,2015-04-22,PIT,CHN,0,0,4.02,3.74,1e-06,1e-06,PIT,PIT,1.0,0.4,0.323,0.317
SFN201504220,2015-04-22,SFN,LAN,0,0,2.79,3.69,1e-06,1e-06,SFN,SFN,0.5,0.0,0.326,0.33
DET201504220,2015-04-22,DET,NYA,4,6,2.45,3.29,1e-06,1e-06,DET,DET,1.0,0.25,0.332,0.319
TOR201504230,2015-04-23,TOR,BAL,0,0,5.57,4.99,1e-06,1e-06,TOR,TOR,0.3333333333333333,0.75,0.347,0.289
PHI201504230,2015-04-23,PHI,MIA,0,0,6.94,4.5,1e-06,1e-06,PHI,PHI,0.0,0.6666666666666666,0.304,0.308
WAS201504230,2015-04-23,WAS,SLN,0,1,2.79,3.38,1e-06,1e-06,WAS,WAS,0.875,0.3333333333333333,0.328,0.311
COL201504230,2015-04-23,COL,SDN,1,0,5.14,3.26,1e-06,1e-06,COL,COL,0.3333333333333333,1.375,0.352,0.295
PIT201504230,2015-04-23,PIT,CHN,0,0,4.24,7.36,1e-06,1e-06,PIT,PIT,0.8888888888888888,0.3333333333333333,0.323,0.317
CHA201504230,2015-04-23,CHA,KCA,0,2,3.63,3.18,1e-06,663.9206411727051,CHA,KCA,0.6666666666666666,0.5,0.307,0.311
NYN201504230,2015-04-23,NYN,ATL,3,0,4.16,4.04,1e-06,1e-06,NYN,NYN,0.1111111111111111,1.5714285714285714,0.303,0.312
ANA201504230,2015-04-23,ANA,OAK,0,0,3.82,4.18,1e-06,1e-06,ANA,ANA,0.6666666666666666,0.6666666666666666,0.311,0.308
DET201504230,2015-04-23,DET,NYA,1,0,5.95,1.5,1e-06,1e-06,DET,DET,1.375,0.8888888888888888,0.332,0.319
TBA201504230,2015-04-23,TBA,BOS,0,0,3.71,4.09,1e-06,1e-06,TBA,TBA,0.4285714285714285,0.1428571428571428,0.312,0.302
MIL201504230,2015-04-23,MIL,CIN,0,0,5.85,10.13,1e-06,1e-06,MIL,MIL,0.125,0.5555555555555556,0.31,0.303
SFN201504230,2015-04-23,SFN,LAN,0,0,2.79,3.86,1e-06,1e-06,SFN,SFN,0.4444444444444444,0.0,0.326,0.33
PHI201504240,2015-04-24,PHI,ATL,0,0,1.8,4.46,1e-06,129.48897528262268,PHI,NYN,0.0,1.375,0.304,0.312
NYA201504240,2015-04-24,NYA,NYN,2,0,4.37,2.54,773.7548030957365,1e-06,DET,NYN,1.4,0.4,0.325,0.316
OAK201504240,2015-04-24,OAK,HOU,0,0,8.1,3.1,592.0809005913671,1089.6592015072615,ANA,SEA,0.5,0.3333333333333333,0.316,0.308
MIL201504240,2015-04-24,MIL,SLN,0,0,5.63,3.01,1e-06,1025.9779093655509,MIL,WAS,0.1111111111111111,0.4285714285714285,0.31,0.311
CIN201504240,2015-04-24,CIN,CHN,1,0,3.93,3.91,525.1892238126902,415.25842934625814,MIL,PIT,0.8,0.2857142857142857,0.322,0.317
SDN201504240,2015-04-24,SDN,LAN,0,0,4.34,1.66,1340.79250926624,738.1265117326025,COL,SFN,0.7142857142857143,0.0,0.306,0.33
COL201504240,2015-04-24,COL,SFN,0,0,5.9,3.95,1e-06,1524.5101947303656,COL,SFN,0.4285714285714285,0.3333333333333333,0.352,0.327
BAL201504240,2015-04-24,BAL,BOS,0,0,2.94,3.99,537.0332419152472,1393.7772067986984,TOR,TBA,1.1666666666666667,0.125,0.327,0.302
ANA201504240,2015-04-24,ANA,TEX,0,0,3.65,2.39,1e-06,540.0297061463508,ANA,ARI,0.5714285714285714,0.625,0.311,0.306
ARI201504240,2015-04-24,ARI,PIT,0,1,3.79,2.6,1e-06,2938.6428184476895,ARI,PIT,0.5714285714285714,0.0,0.331,0.322
DET201504240,2015-04-24,DET,CLE,0,2,6.88,3.45,1e-06,380.91207013286544,DET,CHA,1.3333333333333333,0.125,0.332,0.305
MIA201504240,2015-04-24,MIA,WAS,0,0,3.14,4.38,1644.1190984600378,1489.628641346009,PHI,WAS,0.2,0.6666666666666666,0.312,0.314
TBA201504240,2015-04-24,TBA,TOR,0,0,0.0,3.91,1e-06,1789.459752085548,TBA,TOR,0.375,1.2,0.312,0.329
CHA201504240,2015-04-24,CHA,KCA,0,0,3.41,2.71,1e-06,1e-06,CHA,CHA,0.5714285714285714,0.7142857142857143,0.307,0.311
SEA201504240,2015-04-24,SEA,MIN,0,0,3.53,4.4,1e-06,2418.3539462011913,SEA,KCA,0.5,0.5,0.313,0.289
MIA201504250,2015-04-25,MIA,WAS,0,0,4.08,3.46,1e-06,1e-06,MIA,MIA,0.1666666666666666,0.5714285714285714,0.312,0.314
BAL201504250,2015-04-25,BAL,BOS,2,0,2.94,2.23,1e-06,1e-06,BAL,BAL,1.0,0.1111111111111111,0.327,0.302
NYA201504250,2015-04-25,NYA,NYN,0,1,4.73,2.71,1e-06,1e-06,NYA,NYA,1.5,0.3333333333333333,0.325,0.316
DET201504250,2015-04-25,DET,CLE,2,0,5.05,13.15,1e-06,1e-06,DET,DET,1.2,0.3333333333333333,0.332,0.305
ARI201504250,2015-04-25,ARI,PIT,0,0,3.38,1.91,1e-06,1e-06,ARI,ARI,0.5,0.1666666666666666,0.331,0.322
ANA201504250,2015-04-25,ANA,TEX,0,0,5.4,4.66,1e-06,1e-06,ANA,ANA,0.5,0.5555555555555556,0.311,0.306
SEA201504250,2015-04-25,SEA,MIN,2,1,3.9,6.97,1e-06,1e-06,SEA,SEA,0.4444444444444444,0.4444444444444444,0.313,0.289
MIL201504250,2015-04-25,MIL,SLN,0,0,4.72,2.67,1e-06,1e-06,MIL,MIL,0.1,0.375,0.31,0.311
PHI201504250,2015-04-25,PHI,ATL,0,0,6.99,3.02,1e-06,1e-06,PHI,PHI,0.0,1.2222222222222223,0.304,0.312
COL201504250,2015-04-25,COL,SFN,0,1,4.91,5.12,1e-06,1e-06,COL,COL,0.375,0.2857142857142857,0.352,0.327
OAK201504250,2015-04-25,OAK,HOU,0,1,4.05,3.9,1e-06,1e-06,OAK,OAK,0.4285714285714285,0.2857142857142857,0.316,0.308
TBA201504250,2015-04-25,TBA,TOR,1,1,4.63,2.48,1e-06,1e-06,TBA,TBA,0.3333333333333333,1.0,0.312,0.329
SDN201504250,2015-04-25,SDN,LAN,3,3,4.28,5.87,1e-06,1e-06,SDN,SDN,0.625,0.0,0.306,0.33
SDN201504260,2015-04-26,SDN,LAN,0,0,2.73,5.73,1e-06,1e-06,SDN,SDN,0.8888888888888888,0.375,0.306,0.33
NYA201504260,2015-04-26,NYA,NYN,1,2,3.09,4.13,1e-06,1e-06,NYA,NYA,1.2857142857142858,0.4285714285714285,0.325,0.316
CIN201504260,2015-04-26,CIN,CHN,0,0,4.05,1.77,1e-06,1e-06,CIN,CIN,0.8333333333333334,0.25,0.322,0.317
TBA201504260,2015-04-26,TBA,TOR,2,0,3.23,3.81,1e-06,1e-06,TBA,TBA,0.4,1.0,0.312,0.329
ANA201504260,2015-04-26,ANA,TEX,0,0,3.49,6.38,1e-06,1e-06,ANA,ANA,0.4444444444444444,0.5,0.311,0.306
CHA201504260,2015-04-26,CHA,KCA,0,0,4.71,3.55,1e-06,1e-06,CHA,CHA,0.5,0.625,0.307,0.311
DET201504260,2015-04-26,DET,CLE,2,0,5.94,3.63,1e-06,1e-06,DET,DET,1.4,0.3,0.332,0.305
MIA201504260,2015-04-26,MIA,WAS,0,0,3.6,3.79,1e-06,1e-06,MIA,MIA,0.1428571428571428,0.5,0.312,0.314
SEA201504260,2015-04-26,SEA,MIN,0,1,5.4,3.55,1e-06,1e-06,SEA,SEA,0.6,0.5,0.313,0.289
MIL201504260,2015-04-26,MIL,SLN,0,0,2.43,3.03,1e-06,1e-06,MIL,MIL,0.1,0.3333333333333333,0.31,0.311
PHI201504260,2015-04-26,PHI,ATL,3,2,5.8,5.4,1e-06,1e-06,PHI,PHI,0.0,1.1,0.304,0.312
BAL201504260,2015-04-26,BAL,BOS,0,0,6.72,4.46,1e-06,1e-06,BAL,BAL,1.125,0.1,0.327,0.302
OAK201504260,2015-04-26,OAK,HOU,0,0,2.92,1.99,1e-06,1e-06,OAK,OAK,0.375,0.375,0.316,0.308
ARI201504260,2015-04-26,ARI,PIT,0,2,4.62,3.38,1e-06,1e-06,ARI,ARI,0.4444444444444444,0.1428571428571428,0.331,0.322
ARI201504270,2015-04-27,ARI,COL,0,3,4.3,4.09,1e-06,942.6579354569092,ARI,COL,0.4,0.5,0.331,0.277
LAN201504270,2015-04-27,LAN,SFN,0,0,4.06,4.13,179.52869961196944,1336.5596902131042,SDN,COL,0.875,0.375,0.32,0.327
SDN201504270,2015-04-27,SDN,HOU,0,0,2.34,3.62,1e-06,731.4285571970996,SDN,OAK,0.8,0.3333333333333333,0.306,0.308
BOS201504270,2015-04-27,BOS,TOR,2,3,2.23,6.11,578.81170796599,1926.694381718032,BAL,TBA,0.7142857142857143,0.875,0.349,0.329
SLN201504270,2015-04-27,SLN,PHI,0,0,2.77,3.65,526.8349145670746,1300.629186583633,MIL,PHI,0.8333333333333334,0.2857142857142857,0.329,0.301
CHN201504270,2015-04-27,CHN,PIT,0,0,3.74,4.02,406.2527329885922,2336.6124175783,CIN,ARI,1.0,0.375,0.322,0.322
TEX201504270,2015-04-27,TEX,SEA,0,2,3.42,4.56,1938.7751997181072,2688.6235870338205,ANA,SEA,0.8333333333333334,0.8333333333333334,0.341,0.309
MIN201504270,2015-04-27,MIN,DET,1,4,,2.45,2238.4089622775527,872.516450655481,SEA,DET,0.3333333333333333,0.8333333333333334,0.322,0.324
CIN201504270,2015-04-27,CIN,MIL,0,0,6.46,4.11,1e-06,525.1892238126902,CIN,MIL,0.7142857142857143,0.3333333333333333,0.322,0.304
NYA201504270,2015-04-27,NYA,TBA,0,0,3.1,4.27,1e-06,1638.0556824552712,NYA,TBA,1.25,0.2857142857142857,0.325,0.316
CLE201504270,2015-04-27,CLE,KCA,0,0,3.49,3.98,145.52553501827433,494.38381964269325,DET,CHA,0.2,0.5555555555555556,0.344,0.311
MIA201504270,2015-04-27,MIA,NYN,0,0,3.58,4.68,1e-06,1756.5620451799746,MIA,NYA,0.125,0.625,0.312,0.316
ATL201504270,2015-04-27,ATL,WAS,1,0,5.85,4.19,1071.2330338826837,973.359131898138,PHI,MIA,0.3333333333333333,0.4444444444444444,0.317,0.314
MIN201504280,2015-04-28,MIN,DET,0,0,4.26,4.99,1e-06,1e-06,MIN,MIN,0.4285714285714285,1.2857142857142858,0.322,0.324
SDN201504280,2015-04-28,SDN,HOU,1,2,3.26,,1e-06,1e-06,SDN,SDN,0.8,0.3,0.306,0.308
CIN201504280,2015-04-28,CIN,MIL,1,0,3.44,5.85,1e-06,1e-06,CIN,CIN,0.625,0.2857142857142857,0.322,0.304
LAN201504280,2015-04-28,LAN,SFN,0,1,2.13,2.93,1e-06,1e-06,LAN,LAN,0.7777777777777778,0.3333333333333333,0.32,0.327
NYA201504280,2015-04-28,NYA,TBA,2,0,4.19,3.35,1e-06,1e-06,NYA,NYA,1.1111111111111112,0.25,0.325,0.316
ATL201504280,2015-04-28,ATL,WAS,2,1,2.94,3.86,1e-06,1e-06,ATL,ATL,0.4285714285714285,0.4,0.317,0.314
OAK201504280,2015-04-28,OAK,ANA,5,2,2.73,4.64,1e-06,592.0809005913671,OAK,ANA,0.3333333333333333,0.5,0.316,0.302
BOS201504280,2015-04-28,BOS,TOR,0,0,3.26,3.13,1e-06,1e-06,BOS,BOS,0.875,1.1111111111111112,0.349,0.329
SLN201504280,2015-04-28,SLN,PHI,2,0,3.38,7.92,1e-06,1e-06,SLN,SLN,0.7142857142857143,0.25,0.329,0.301
ARI201504280,2015-04-28,ARI,COL,3,0,2.76,6.32,1e-06,1e-06,ARI,ARI,0.4,0.7777777777777778,0.331,0.277
TEX201504280,2015-04-28,TEX,SEA,0,0,7.25,3.61,1e-06,1e-06,TEX,TEX,0.7142857142857143,1.0,0.341,0.309
CHN201504280,2015-04-28,CHN,PIT,0,0,3.84,4.49,1e-06,1e-06,CHN,CHN,0.875,0.3333333333333333,0.322,0.322
CLE201504280,2015-04-28,CLE,KCA,0,0,6.86,3.56,1e-06,1e-06,CLE,CLE,0.1666666666666666,0.5,0.344,0.311
MIA201504280,2015-04-28,MIA,NYN,0,0,3.14,4.68,1e-06,1e-06,MIA,MIA,0.1111111111111111,0.5555555555555556,0.312,0.316
SDN201504290,2015-04-29,SDN,HOU,1,0,4.34,2.48,1e-06,1e-06,SDN,SDN,0.9,0.4,0.306,0.308
NYA201504290,2015-04-29,NYA,TBA,0,0,3.09,4.27,1e-06,1e-06,NYA,NYA,1.2,0.2222222222222222,0.325,0.316
ARI201504290,2015-04-29,ARI,COL,2,1,3.79,5.14,1e-06,1e-06,ARI,ARI,0.6,0.7,0.331,0.277
CHN201504290,2015-04-29,CHN,PIT,0,0,3.95,2.6,1e-06,1e-06,CHN,CHN,0.7777777777777778,0.3,0.322,0.322
SLN201504290,2015-04-29,SLN,PHI,0,0,3.01,4.86,1e-06,1e-06,SLN,SLN,0.875,0.2222222222222222,0.329,0.301
CIN201504290,2015-04-29,CIN,MIL,1,0,5.4,5.63,1e-06,1e-06,CIN,CIN,0.6666666666666666,0.25,0.322,0.304
ATL201504290,2015-04-29,ATL,WAS,2,0,3.84,3.66,1e-06,1e-06,ATL,ATL,0.625,0.4,0.317,0.314
TEX201504290,2015-04-29,TEX,SEA,0,0,4.9,3.53,1e-06,1e-06,TEX,TEX,0.625,0.875,0.341,0.309
MIN201504290,2015-04-29,MIN,DET,0,0,3.55,5.95,1e-06,1e-06,MIN,MIN,0.375,1.125,0.322,0.324
BOS201504290,2015-04-29,BOS,TOR,0,0,4.92,3.91,1e-06,1e-06,BOS,BOS,0.7777777777777778,1.0,0.349,0.329
CLE201504290,2015-04-29,CLE,KCA,0,2,3.45,4.08,1e-06,1e-06,CLE,CLE,0.1428571428571428,0.4,0.344,0.311
LAN201504290,2015-04-29,LAN,SFN,4,1,1.66,4.67,1e-06,1e-06,LAN,LAN,0.7,0.4,0.32,0.327
OAK201504290,2015-04-29,OAK,ANA,0,2,18.69,6.37,1e-06,1e-06,OAK,OAK,0.8,0.6666666666666666,0.316,0.302
MIA201504290,2015-04-29,MIA,NYN,2,2,2.63,4.16,1e-06,1e-06,MIA,MIA,0.1,0.5,0.312,0.316
BAL201504290,2015-04-29,BAL,CHA,6,0,4.11,4.96,1e-06,972.7856247406662,BAL,CHA,1.0,0.2857142857142857,0.327,0.306
ATL201504300,2015-04-30,ATL,CIN,0,0,3.02,3.7,1e-06,595.1171397463928,ATL,CIN,0.7777777777777778,0.5,0.317,0.303
KCA201504300,2015-04-30,KCA,DET,0,0,4.08,5.05,1123.5230318083022,662.9211681328137,CLE,MIN,0.25,1.0,0.333,0.324
HOU201504300,2015-04-30,HOU,SEA,1,2,3.1,8.4,2092.675240202723,368.5990384284446,SDN,TEX,0.25,0.7777777777777778,0.322,0.309
MIN201504300,2015-04-30,MIN,CHA,1,0,4.0,3.41,1e-06,1508.338155320694,MIN,BAL,0.3333333333333333,0.25,0.322,0.306
SLN201504300,2015-04-30,SLN,PHI,3,0,2.95,6.99,1e-06,1e-06,SLN,SLN,0.7777777777777778,0.2,0.329,0.301
CLE201504300,2015-04-30,CLE,TOR,0,0,13.15,6.14,1e-06,884.5468110577992,CLE,BOS,0.125,1.0,0.344,0.329
OAK201504300,2015-04-30,OAK,ANA,0,0,4.18,3.65,1e-06,1e-06,OAK,OAK,0.8,0.8,0.316,0.302
NYN201504300,2015-04-30,NYN,WAS,0,0,2.54,3.46,1756.5620451799746,1200.4511584455877,MIA,ATL,0.4,0.4,0.303,0.314
BOS201505010,2015-05-01,BOS,NYA,0,1,4.14,6.27,1e-06,306.2037667286439,BOS,NYA,0.7,0.8,0.349,0.319
SLN201505010,2015-05-01,SLN,PIT,0,0,3.95,2.64,1e-06,422.4920912040455,SLN,CHN,1.0,0.3,0.329,0.322
MIN201505010,2015-05-01,MIN,CHA,0,0,3.84,3.36,1e-06,1e-06,MIN,MIN,0.4,0.2222222222222222,0.322,0.306
NYN201505010,2015-05-01,NYN,WAS,0,0,2.71,2.79,1e-06,1e-06,NYN,NYN,0.4,0.3,0.303,0.314
KCA201505010,2015-05-01,KCA,DET,3,0,,5.94,1e-06,1e-06,KCA,KCA,0.2222222222222222,0.9,0.333,0.324
LAN201505010,2015-05-01,LAN,ARI,0,0,4.06,4.67,1e-06,574.8341159449532,LAN,ARI,1.1,0.5714285714285714,0.32,0.317
TEX201505010,2015-05-01,TEX,OAK,0,0,5.27,6.75,1e-06,2350.5503898425545,TEX,OAK,0.5555555555555556,0.6,0.341,0.308
SFN201505010,2015-05-01,SFN,ANA,1,0,2.79,3.58,559.4406195325591,13.027453191410114,LAN,OAK,0.4,0.8,0.326,0.302
ATL201505010,2015-05-01,ATL,CIN,0,2,5.71,4.05,1e-06,1e-06,ATL,ATL,0.7,0.2,0.317,0.303
CHN201505010,2015-05-01,CHN,MIL,0,0,3.34,4.72,1e-06,406.2527329885922,CHN,CIN,0.7,0.2222222222222222,0.322,0.304
TBA201505010,2015-05-01,TBA,BAL,0,0,3.94,4.99,1638.0556824552712,1393.7772067986984,NYA,BAL,0.6,0.6666666666666666,0.312,0.289
SDN201505010,2015-05-01,SDN,COL,1,0,4.28,5.9,1e-06,481.0116378281714,SDN,ARI,0.8,0.8,0.306,0.277
MIA201505010,2015-05-01,MIA,PHI,0,0,3.58,1.8,1e-06,1707.3616110149374,MIA,SLN,0.3,0.2,0.312,0.301
HOU201505010,2015-05-01,HOU,SEA,2,0,3.55,4.14,1e-06,1e-06,HOU,HOU,0.3333333333333333,0.9,0.322,0.309
CLE201505010,2015-05-01,CLE,TOR,1,1,3.63,3.81,1e-06,1e-06,CLE,CLE,0.1111111111111111,1.0,0.344,0.329
SLN201505020,2015-05-02,SLN,PIT,0,0,2.95,2.28,1e-06,1e-06,SLN,SLN,1.0,0.3,0.329,0.322
BOS201505020,2015-05-02,BOS,NYA,0,0,4.46,4.2,1e-06,1e-06,BOS,BOS,0.6,0.9,0.349,0.319
HOU201505020,2015-05-02,HOU,SEA,0,0,3.89,4.56,1e-06,1e-06,HOU,HOU,0.5,0.9,0.322,0.309
LAN201505020,2015-05-02,LAN,ARI,2,2,3.86,6.08,1e-06,1e-06,LAN,LAN,1.0,0.5,0.32,0.317
TBA201505020,2015-05-02,TBA,BAL,0,0,3.23,4.91,1e-06,1e-06,TBA,TBA,0.6,0.6,0.312,0.289
MIA201505020,2015-05-02,MIA,PHI,0,0,3.6,3.65,1e-06,1e-06,MIA,MIA,0.3,0.1,0.312,0.301
MIN201505020,2015-05-02,MIN,CHA,0,0,6.75,6.89,1e-06,1e-06,MIN,MIN,0.3,0.2,0.322,0.306
SDN201505020,2015-05-02,SDN,COL,1,0,2.73,4.17,1e-06,1e-06,SDN,SDN,0.9,0.8,0.306,0.277
NYN201505020,2015-05-02,NYN,WAS,0,0,4.13,3.79,1e-06,1e-06,NYN,NYN,0.3,0.3,0.303,0.314
SFN201505020,2015-05-02,SFN,ANA,0,0,4.44,3.59,1e-06,1e-06,SFN,SFN,0.5,0.4,0.326,0.302
TEX201505020,2015-05-02,TEX,OAK,1,1,2.39,18.69,1e-06,1e-06,TEX,TEX,0.5,0.3,0.341,0.308
KCA201505020,2015-05-02,KCA,DET,0,0,3.55,2.45,1e-06,1e-06,KCA,KCA,0.5,0.9,0.333,0.324
CLE201505020,2015-05-02,CLE,TOR,1,1,3.49,3.22,1e-06,1e-06,CLE,CLE,0.2,0.7,0.344,0.329
CHN201505020,2015-05-02,CHN,MIL,0,2,1.77,3.69,1e-06,1e-06,CHN,CHN,0.7,0.2,0.322,0.304
ATL201505020,2015-05-02,ATL,CIN,0,0,5.85,6.46,1e-06,1e-06,ATL,ATL,0.5,0.4,0.317,0.303
CLE201505030,2015-05-03,CLE,TOR,0,0,5.66,6.14,1e-06,1e-06,CLE,CLE,0.3,0.8,0.344,0.329
MIA201505030,2015-05-03,MIA,PHI,1,0,4.52,7.92,1e-06,1e-06,MIA,MIA,0.2,0.0,0.312,0.301
CHN201505030,2015-05-03,CHN,MIL,0,0,2.91,2.7,1e-06,1e-06,CHN,CHN,0.4,0.3,0.322,0.304
SFN201505030,2015-05-03,SFN,ANA,2,0,4.13,4.64,1e-06,1e-06,SFN,SFN,0.5,0.4,0.326,0.302
KCA201505030,2015-05-03,KCA,DET,0,0,5.95,4.99,1e-06,1e-06,KCA,KCA,0.4,0.7,0.333,0.324
BOS201505030,2015-05-03,BOS,NYA,0,2,4.82,3.29,1e-06,1e-06,BOS,BOS,0.6,0.9,0.349,0.319
MIN201505030,2015-05-03,MIN,CHA,0,0,2.93,4.71,1e-06,1e-06,MIN,MIN,0.2,0.2,0.322,0.306
TEX201505030,2015-05-03,TEX,OAK,0,0,3.42,2.73,1e-06,1e-06,TEX,TEX,0.6,0.3,0.341,0.308
LAN201505030,2015-05-03,LAN,ARI,0,0,1.43,6.08,1e-06,1e-06,LAN,LAN,1.2,0.6666666666666666,0.32,0.317
TBA201505030,2015-05-03,TBA,BAL,0,0,3.74,4.18,1e-06,1e-06,TBA,TBA,0.6,0.2,0.312,0.289
SLN201505030,2015-05-03,SLN,PIT,0,0,1.82,4.24,1e-06,1e-06,SLN,SLN,0.8,0.3,0.329,0.322
ATL201505030,2015-05-03,ATL,CIN,3,0,4.04,3.44,1e-06,1e-06,ATL,ATL,0.5,0.4,0.317,0.303
NYN201505030,2015-05-03,NYN,WAS,0,1,5.9,4.19,1e-06,1e-06,NYN,NYN,0.3,0.3,0.303,0.314
HOU201505030,2015-05-03,HOU,SEA,3,0,3.62,2.31,1e-06,1e-06,HOU,HOU,0.5,0.9,0.322,0.309
SDN201505030,2015-05-03,SDN,COL,2,1,3.91,6.32,1e-06,1e-06,SDN,SDN,1.0,0.8,0.306,0.277
ANA201505040,2015-05-04,ANA,SEA,0,0,4.46,3.53,599.2380275896384,2169.9670210701,SFN,HOU,0.4,0.9,0.311,0.309
SLN201505040,2015-05-04,SLN,CHN,4,5,1.82,2.91,1e-06,422.4920912040455,SLN,CHN,0.8,0.2222222222222222,0.329,0.317
BOS201505040,2015-05-04,BOS,TBA,0,2,3.26,3.35,1e-06,1926.694381718032,BOS,TBA,0.6,0.2,0.349,0.316
ATL201505040,2015-05-04,ATL,PHI,0,3,3.84,4.86,1e-06,973.359131898138,ATL,MIA,0.8,0.0,0.317,0.301
HOU201505040,2015-05-04,HOU,TEX,1,0,4.38,2.39,1e-06,368.5990384284446,HOU,TEX,0.8,0.5,0.322,0.306
SFN201505040,2015-05-04,SFN,SDN,0,0,2.93,3.26,1e-06,738.1265117326025,SFN,SDN,0.6,1.2222222222222223,0.326,0.295
MIL201505040,2015-05-04,MIL,LAN,0,1,2.43,3.69,132.54357794550742,2799.844413597458,CHN,LAN,0.1,0.3333333333333333,0.31,0.33
WAS201505040,2015-05-04,WAS,MIA,1,1,4.24,3.14,326.3648041771951,1489.628641346009,NYN,MIA,0.7777777777777778,0.6,0.328,0.308
TOR201505040,2015-05-04,TOR,NYA,0,0,3.91,5.66,305.2632734150024,691.6136251477402,CLE,BOS,0.3,1.1,0.347,0.319
MIN201505040,2015-05-04,MIN,OAK,0,4,4.4,3.35,1e-06,1396.7696185124962,MIN,TEX,0.2,0.3,0.322,0.308
MIL201505050,2015-05-05,MIL,LAN,0,0,5.63,1.66,1e-06,1e-06,MIL,MIL,0.1,0.4,0.31,0.33
BOS201505050,2015-05-05,BOS,TBA,0,0,4.92,3.11,1e-06,1e-06,BOS,BOS,0.6,0.4,0.349,0.316
WAS201505050,2015-05-05,WAS,MIA,0,0,3.46,4.95,1e-06,1e-06,WAS,WAS,0.8,0.7,0.328,0.308
HOU201505050,2015-05-05,HOU,TEX,1,4,3.9,4.9,1e-06,1e-06,HOU,HOU,0.9,0.5,0.322,0.306
NYN201505050,2015-05-05,NYN,BAL,0,0,4.16,6.72,1e-06,1638.0556824552712,NYN,TBA,0.3,0.2,0.303,0.289
ATL201505050,2015-05-05,ATL,PHI,2,0,3.02,5.84,1e-06,1e-06,ATL,ATL,0.8,0.3,0.317,0.301
ANA201505050,2015-05-05,ANA,SEA,2,0,3.18,8.4,1e-06,1e-06,ANA,ANA,0.4,0.7,0.311,0.309
KCA201505050,2015-05-05,KCA,CLE,3,2,3.98,3.45,1e-06,1123.5230318083022,KCA,CLE,0.3,0.3,0.333,0.305
SFN201505050,2015-05-05,SFN,SDN,0,0,4.67,4.34,1e-06,1e-06,SFN,SFN,0.5,1.1,0.326,0.295
TOR201505050,2015-05-05,TOR,NYA,0,2,3.13,4.37,1e-06,1e-06,TOR,TOR,0.3,1.1,0.347,0.319
SLN201505050,2015-05-05,SLN,CHN,0,0,3.67,3.07,1e-06,1e-06,SLN,SLN,1.1,0.7,0.329,0.317
PIT201505050,2015-05-05,PIT,CIN,0,0,4.49,5.4,898.8824563980571,840.3908477621023,SLN,ATL,0.8,0.3,0.323,0.303
MIN201505050,2015-05-05,MIN,OAK,0,1,4.0,4.18,1e-06,1e-06,MIN,MIN,0.2,0.7,0.322,0.308
CHA201505050,2015-05-05,CHA,DET,1,1,4.96,6.88,571.0232496384983,663.9206411727051,MIN,KCA,0.4444444444444444,0.4,0.307,0.324
CHA201505060,2015-05-06,CHA,DET,0,1,4.07,4.88,1e-06,1e-06,CHA,CHA,0.5,0.5,0.307,0.324
BOS201505060,2015-05-06,BOS,TBA,0,0,5.61,3.94,1e-06,1e-06,BOS,BOS,0.6,0.4,0.349,0.316
PIT201505060,2015-05-06,PIT,CIN,0,0,2.6,3.7,1e-06,1e-06,PIT,PIT,0.7,0.3,0.323,0.303
NYN201505060,2015-05-06,NYN,BAL,0,0,2.54,4.11,1e-06,1e-06,NYN,NYN,0.3,0.2,0.303,0.289
TOR201505060,2015-05-06,TOR,NYA,0,1,3.81,4.73,1e-06,1e-06,TOR,TOR,0.3,1.3,0.347,0.319
HOU201505060,2015-05-06,HOU,TEX,0,0,,4.66,1e-06,1e-06,HOU,HOU,1.0,0.7,0.322,0.306
ANA201505060,2015-05-06,ANA,SEA,0,0,3.18,2.31,1e-06,1e-06,ANA,ANA,0.5,0.4,0.311,0.309
SLN201505060,2015-05-06,SLN,CHN,0,2,3.03,3.34,1e-06,1e-06,SLN,SLN,1.0,0.7,0.329,0.317
ATL201505060,2015-05-06,ATL,PHI,1,0,5.71,5.8,1e-06,1e-06,ATL,ATL,1.0,0.3,0.317,0.301
WAS201505060,2015-05-06,WAS,MIA,0,0,2.79,4.08,1e-06,1e-06,WAS,WAS,0.6,0.4,0.328,0.308
COL201505062,2015-05-06,COL,ARI,0,0,5.14,3.52,1e-06,1e-06,COL,COL,0.3333333333333333,0.6,0.352,0.317
MIL201505060,2015-05-06,MIL,LAN,5,0,4.72,8.31,1e-06,1e-06,MIL,MIL,0.1,0.4,0.31,0.33
COL201505061,2015-05-06,COL,ARI,0,0,4.09,3.79,1340.79250926624,1336.5596902131042,SDN,LAN,0.3,0.6,0.352,0.317
SFN201505060,2015-05-06,SFN,SDN,0,0,3.95,4.28,1e-06,1e-06,SFN,SFN,0.5,1.0,0.326,0.295
KCA201505060,2015-05-06,KCA,CLE,0,1,4.08,3.63,1e-06,1e-06,KCA,KCA,0.6,0.4,0.333,0.305
MIN201505060,2015-05-06,MIN,OAK,0,0,3.84,3.1,1e-06,1e-06,MIN,MIN,0.2,0.8,0.322,0.308
MIN201505070,2015-05-07,MIN,OAK,0,0,6.75,3.66,1e-06,1e-06,MIN,MIN,0.2,0.8,0.322,0.308
CHA201505070,2015-05-07,CHA,DET,0,1,3.36,5.94,1e-06,1e-06,CHA,CHA,0.5,0.6,0.307,0.324
KCA201505070,2015-05-07,KCA,CLE,4,0,3.18,3.49,1e-06,1e-06,KCA,KCA,0.6,0.5,0.333,0.305
SLN201505070,2015-05-07,SLN,CHN,0,0,2.77,1.77,1e-06,1e-06,SLN,SLN,0.9,0.8,0.329,0.317
MIL201505070,2015-05-07,MIL,LAN,1,0,3.69,4.06,1e-06,1e-06,MIL,MIL,0.6,0.4,0.31,0.33
PIT201505070,2015-05-07,PIT,CIN,1,0,3.18,4.05,1e-06,1e-06,PIT,PIT,0.7,0.3,0.323,0.303
NYA201505070,2015-05-07,NYA,BAL,2,1,4.2,4.99,550.2922217550002,1e-06,TOR,NYN,1.2,0.2,0.325,0.289
ANA201505070,2015-05-07,ANA,HOU,1,0,3.18,3.62,1e-06,2169.9670210701,ANA,HOU,0.4,0.4,0.311,0.308
ARI201505070,2015-05-07,ARI,SDN,4,0,4.67,5.8,942.6579354569092,1050.993394248722,COL,SFN,0.8,0.8,0.331,0.295
SFN201505070,2015-05-07,SFN,MIA,0,0,4.44,3.6,1e-06,3919.8438689376185,SFN,WAS,0.4,0.4,0.326,0.308
TBA201505070,2015-05-07,TBA,TEX,0,0,3.23,2.87,1926.694381718032,1270.2138325576016,BOS,HOU,0.6,0.6,0.312,0.306
SEA201505080,2015-05-08,SEA,OAK,0,0,2.31,6.75,1575.276973597757,2238.4089622775527,ANA,MIN,0.6,0.7,0.313,0.308
WAS201505080,2015-05-08,WAS,ATL,0,1,3.79,5.85,1e-06,874.0887985860761,WAS,ATL,0.6,0.6,0.328,0.312
PHI201505080,2015-05-08,PHI,NYN,1,0,3.65,2.71,1071.2330338826837,129.48897528262268,ATL,NYN,0.3,0.7,0.304,0.316
TOR201505080,2015-05-08,TOR,BOS,1,0,3.22,4.46,1e-06,691.6136251477402,TOR,BOS,0.1,0.1,0.347,0.302
CLE201505080,2015-05-08,CLE,MIN,0,1,4.55,4.26,1123.5230318083022,1013.2251113855248,KCA,MIN,0.3,0.6,0.344,0.289
COL201505080,2015-05-08,COL,LAN,0,2,5.9,3.69,1e-06,1465.0252316671194,COL,MIL,0.3,0.4,0.352,0.33
PIT201505080,2015-05-08,PIT,SLN,1,0,3.38,3.38,1e-06,898.8824563980571,PIT,SLN,0.8,0.3,0.323,0.311
ANA201505080,2015-05-08,ANA,HOU,0,0,4.64,,1e-06,1e-06,ANA,ANA,0.3,0.4,0.311,0.308
NYA201505080,2015-05-08,NYA,BAL,3,0,1.5,4.91,1e-06,1e-06,NYA,NYA,1.4,0.1,0.325,0.289
MIL201505080,2015-05-08,MIL,CHN,1,1,4.11,3.74,1e-06,526.8349145670746,MIL,SLN,0.7,0.8,0.31,0.317
DET201505080,2015-05-08,DET,KCA,0,0,2.53,3.26,380.91207013286544,1034.95696626315,CHA,KCA,1.4,0.6,0.332,0.311
TBA201505080,2015-05-08,TBA,TEX,0,0,,3.42,1e-06,1e-06,TBA,TBA,0.4,0.6,0.312,0.306
SFN201505080,2015-05-08,SFN,MIA,0,0,4.13,4.52,1e-06,1e-06,SFN,SFN,0.3,0.2,0.326,0.308
ARI201505080,2015-05-08,ARI,SDN,0,0,4.67,3.91,1e-06,1e-06,ARI,ARI,1.1,0.8,0.331,0.295
CHA201505091,2015-05-09,CHA,CIN,0,0,3.44,3.44,1e-06,1e-06,CHA,CHA,0.5,0.3,0.307,0.303
CHA201505092,2015-05-09,CHA,CIN,0,0,3.75,6.46,1e-06,660.0502267315369,CHA,PIT,0.3,0.3,0.307,0.303
SEA201505090,2015-05-09,SEA,OAK,2,0,3.61,3.35,1e-06,1e-06,SEA,SEA,0.6,0.7,0.313,0.308
PHI201505090,2015-05-09,PHI,NYN,0,0,4.86,4.13,1e-06,1e-06,PHI,PHI,0.4,0.7,0.304,0.316
ARI201505090,2015-05-09,ARI,SDN,0,1,3.25,4.01,1e-06,1e-06,ARI,ARI,1.1,0.6,0.331,0.295
SFN201505090,2015-05-09,SFN,MIA,0,0,2.93,4.5,1e-06,1e-06,SFN,SFN,0.3,0.1,0.326,0.308
TOR201505090,2015-05-09,TOR,BOS,1,0,5.57,4.82,1e-06,1e-06,TOR,TOR,0.2,0.1,0.347,0.302
PIT201505090,2015-05-09,PIT,SLN,0,0,2.64,3.01,1e-06,1e-06,PIT,PIT,0.9,0.3,0.323,0.311
TBA201505090,2015-05-09,TBA,TEX,3,0,2.31,7.25,1e-06,1e-06,TBA,TBA,0.4,0.6,0.312,0.306
DET201505090,2015-05-09,DET,KCA,0,2,4.99,5.95,1e-06,1e-06,DET,DET,1.4,0.6,0.332,0.311
ANA201505090,2015-05-09,ANA,HOU,2,1,4.46,2.48,1e-06,1e-06,ANA,ANA,0.3,0.3,0.311,0.308
WAS201505090,2015-05-09,WAS,ATL,0,0,3.44,7.92,1e-06,1e-06,WAS,WAS,0.5,0.7,0.328,0.312
CLE201505090,2015-05-09,CLE,MIN,0,1,12.79,4.4,1e-06,1e-06,CLE,CLE,0.2,0.7,0.344,0.289
NYA201505090,2015-05-09,NYA,BAL,0,0,4.19,3.34,1e-06,1e-06,NYA,NYA,1.7,0.1,0.325,0.289
MIL201505090,2015-05-09,MIL,CHN,0,0,5.85,3.84,1e-06,1e-06,MIL,MIL,0.8,0.9,0.31,0.317
CHA201505100,2015-05-10,CHA,CIN,0,0,3.41,1.63,1e-06,1e-06,CHA,CHA,0.3,0.2,0.307,0.303
WAS201505100,2015-05-10,WAS,ATL,3,0,3.38,7.92,1e-06,1e-06,WAS,WAS,0.2,0.7,0.328,0.312
ANA201505100,2015-05-10,ANA,HOU,0,0,3.65,3.9,1e-06,1e-06,ANA,ANA,0.5,0.4,0.311,0.308
PHI201505100,2015-05-10,PHI,NYN,0,0,5.84,4.16,1e-06,1e-06,PHI,PHI,0.4,0.7,0.304,0.316
SFN201505100,2015-05-10,SFN,MIA,0,0,2.79,3.58,1e-06,1e-06,SFN,SFN,0.3,0.1,0.326,0.308
ARI201505100,2015-05-10,ARI,SDN,0,0,5.32,4.34,1e-06,1e-06,ARI,ARI,1.1,0.7,0.331,0.295
CLE201505100,2015-05-10,CLE,MIN,1,1,3.45,4.0,1e-06,1e-06,CLE,CLE,0.2,0.7,0.344,0.289
TBA201505100,2015-05-10,TBA,TEX,0,0,2.33,2.39,1e-06,1e-06,TBA,TBA,0.6,0.5,0.312,0.306
COL201505100,2015-05-10,COL,LAN,0,0,5.09,3.35,1e-06,1e-06,COL,COL,0.3,0.6,0.352,0.33
NYA201505100,2015-05-10,NYA,BAL,0,0,4.37,6.72,1e-06,1e-06,NYA,NYA,1.7,0.1,0.325,0.289
MIL201505100,2015-05-10,MIL,CHN,0,0,2.43,3.91,1e-06,1e-06,MIL,MIL,0.7,0.8,0.31,0.317
PIT201505100,2015-05-10,PIT,SLN,1,0,2.28,3.67,1e-06,1e-06,PIT,PIT,0.6,0.2,0.323,0.311
SEA201505100,2015-05-10,SEA,OAK,0,0,3.53,4.18,1e-06,1e-06,SEA,SEA,0.8,0.6,0.313,0.308
DET201505100,2015-05-10,DET,KCA,0,0,5.4,1.29,1e-06,1e-06,DET,DET,1.3,0.8,0.332,0.311
TOR201505100,2015-05-10,TOR,BOS,0,4,3.91,3.26,1e-06,1e-06,TOR,TOR,0.2,0.0,0.347,0.302
CIN201505110,2015-05-11,CIN,ATL,0,0,1.63,4.05,406.2527329885922,647.9323389925676,CHA,WAS,0.7,0.6,0.322,0.312
MIL201505110,2015-05-11,MIL,CHA,3,0,4.62,3.41,1e-06,132.54357794550742,MIL,CHA,0.7,0.2,0.31,0.306
TEX201505110,2015-05-11,TEX,KCA,0,0,4.66,4.08,1496.616116420437,1624.6230769135182,TBA,DET,0.5,0.8,0.341,0.311
ARI201505110,2015-05-11,ARI,WAS,0,4,3.79,2.79,1e-06,3184.3579900386735,ARI,WAS,0.9,0.2,0.331,0.314
TBA201505110,2015-05-11,TBA,NYA,1,1,3.94,4.73,1e-06,1638.0556824552712,TBA,NYA,0.6,1.3,0.312,0.319
OAK201505110,2015-05-11,OAK,BOS,0,0,2.25,5.44,1089.6592015072615,3630.644600855592,SEA,TOR,0.8,0.4,0.316,0.302
LAN201505110,2015-05-11,LAN,MIA,0,0,1.43,3.58,1336.5596902131042,559.4406195325591,COL,SFN,1.2,0.1,0.32,0.308
PHI201505110,2015-05-11,PHI,PIT,1,0,5.8,2.6,1e-06,412.2899901216241,PHI,PIT,0.4,0.3,0.304,0.322
CHN201505110,2015-05-11,CHN,NYN,3,0,3.34,2.54,132.54357794550742,1068.017024042746,MIL,PHI,0.4,0.7,0.322,0.316
BAL201505110,2015-05-11,BAL,TOR,3,0,4.11,3.13,272.81937803481173,537.0332419152472,NYA,TOR,1.5,0.6,0.327,0.329
CHN201505120,2015-05-12,CHN,NYN,0,0,1.77,3.24,1e-06,1e-06,CHN,CHN,0.5,0.5,0.322,0.316
PHI201505120,2015-05-12,PHI,PIT,0,0,6.08,3.18,1e-06,1e-06,PHI,PHI,0.5,0.3,0.304,0.322
OAK201505120,2015-05-12,OAK,BOS,3,0,3.66,5.61,1e-06,1e-06,OAK,OAK,0.8,0.4,0.316,0.302
ANA201505120,2015-05-12,ANA,COL,0,0,3.89,6.18,1e-06,1321.5005793187804,ANA,COL,0.5,0.9,0.311,0.277
BAL201505120,2015-05-12,BAL,TOR,0,0,4.99,3.81,1e-06,1e-06,BAL,BAL,1.7,0.6,0.327,0.329
SEA201505120,2015-05-12,SEA,SDN,4,0,3.9,4.28,1e-06,1793.290239503433,SEA,ARI,0.8,0.2,0.313,0.295
ARI201505120,2015-05-12,ARI,WAS,2,0,4.67,3.46,1e-06,1e-06,ARI,ARI,0.9,0.6,0.331,0.314
LAN201505120,2015-05-12,LAN,MIA,0,1,3.62,3.6,1e-06,1e-06,LAN,LAN,0.9,0.1,0.32,0.308
MIL201505120,2015-05-12,MIL,CHA,1,0,2.43,3.41,1e-06,1e-06,MIL,MIL,1.0,0.0,0.31,0.306
CIN201505120,2015-05-12,CIN,ATL,2,0,1.63,2.94,1e-06,1e-06,CIN,CIN,0.6,0.3,0.322,0.312
HOU201505120,2015-05-12,HOU,SFN,0,0,3.89,3.95,2169.9670210701,2641.7391700833814,ANA,SFN,0.8,0.3,0.322,0.327
TBA201505120,2015-05-12,TBA,NYA,0,2,2.33,4.2,1e-06,1e-06,TBA,TBA,0.7,1.4,0.312,0.319
DET201505120,2015-05-12,DET,MIN,0,0,5.4,2.93,1e-06,145.52553501827433,DET,CLE,0.9,0.8,0.332,0.289
TEX201505120,2015-05-12,TEX,KCA,1,0,3.97,3.83,1e-06,1e-06,TEX,TEX,0.5,0.6,0.341,0.311
CLE201505120,2015-05-12,CLE,SLN,0,0,3.63,3.03,1e-06,186.24975562107616,CLE,PIT,0.3,0.2,0.344,0.311
LAN201505130,2015-05-13,LAN,MIA,0,0,4.25,2.63,1e-06,1e-06,LAN,LAN,0.6,0.2,0.32,0.308
SEA201505130,2015-05-13,SEA,SDN,0,0,4.56,3.91,1e-06,1e-06,SEA,SEA,1.0,0.2,0.313,0.295
ANA201505130,2015-05-13,ANA,COL,0,0,2.75,5.25,1e-06,1e-06,ANA,ANA,0.5,0.6,0.311,0.277
ARI201505130,2015-05-13,ARI,WAS,0,0,3.38,4.6,1e-06,1e-06,ARI,ARI,1.1,0.6,0.331,0.314
TEX201505130,2015-05-13,TEX,KCA,2,0,3.42,4.08,1e-06,1e-06,TEX,TEX,0.3,0.4,0.341,0.311
TBA201505130,2015-05-13,TBA,NYA,1,2,,3.29,1e-06,1e-06,TBA,TBA,0.6,1.5,0.312,0.319
OAK201505130,2015-05-13,OAK,BOS,0,0,2.73,4.46,1e-06,1e-06,OAK,OAK,0.8,0.4,0.316,0.302
CLE201505130,2015-05-13,CLE,SLN,2,0,3.49,2.77,1e-06,1e-06,CLE,CLE,0.3,0.2,0.344,0.311
CHN201505130,2015-05-13,CHN,NYN,0,0,1.67,4.68,1e-06,1e-06,CHN,CHN,0.5,0.5,0.322,0.316
DET201505130,2015-05-13,DET,MIN,0,1,5.94,6.75,1e-06,1e-06,DET,DET,0.9,0.8,0.332,0.289
MIL201505130,2015-05-13,MIL,CHA,0,3,4.11,3.36,1e-06,1e-06,MIL,MIL,1.1,0.0,0.31,0.306
CIN201505130,2015-05-13,CIN,ATL,1,0,4.15,5.85,1e-06,1e-06,CIN,CIN,0.8,0.3,0.322,0.312
PHI201505130,2015-05-13,PHI,PIT,0,0,3.65,3.38,1e-06,1e-06,PHI,PHI,0.5,0.2,0.304,0.322
HOU201505130,2015-05-13,HOU,SFN,0,1,4.38,5.86,1e-06,1e-06,HOU,HOU,0.8,0.3,0.322,0.327
BAL201505130,2015-05-13,BAL,TOR,0,0,4.91,3.22,1e-06,1e-06,BAL,BAL,1.5,0.5,0.327,0.329
SDN201505140,2015-05-14,SDN,WAS,3,0,3.26,4.19,1711.8059777853623,481.0116378281714,SEA,ARI,0.9,0.6,0.306,0.314
TEX201505140,2015-05-14,TEX,KCA,0,1,7.25,5.95,1e-06,1e-06,TEX,TEX,0.4,0.4,0.341,0.311
LAN201505140,2015-05-14,LAN,COL,2,0,3.34,6.18,1e-06,40.86770847173621,LAN,ANA,0.6,0.6,0.32,0.277
CHN201505140,2015-05-14,CHN,NYN,0,0,2.91,4.13,1e-06,1e-06,CHN,CHN,0.5,0.4,0.322,0.316
PHI201505140,2015-05-14,PHI,PIT,2,0,4.86,4.02,1e-06,1e-06,PHI,PHI,0.5,0.2,0.304,0.322
SEA201505140,2015-05-14,SEA,BOS,0,0,4.74,5.44,1e-06,1089.6592015072615,SEA,OAK,1.0,0.4,0.313,0.302
TBA201505140,2015-05-14,TBA,NYA,1,0,3.75,4.19,1e-06,1e-06,TBA,TBA,0.5,1.1,0.312,0.319
CIN201505140,2015-05-14,CIN,SFN,0,1,4.18,2.98,1e-06,1437.2452542414687,CIN,HOU,0.7,0.4,0.322,0.327
DET201505140,2015-05-14,DET,MIN,3,0,4.99,4.26,1e-06,1e-06,DET,DET,0.9,0.9,0.332,0.289
CLE201505140,2015-05-14,CLE,SLN,0,0,5.66,2.17,1e-06,1e-06,CLE,CLE,0.5,0.2,0.344,0.311
HOU201505140,2015-05-14,HOU,TOR,1,2,3.55,4.46,1e-06,2013.2384377541168,HOU,BAL,0.8,0.5,0.322,0.329
SLN201505150,2015-05-15,SLN,DET,0,0,3.01,6.88,790.4867119732073,731.229570844315,CLE,DET,0.9,0.7,0.329,0.324
OAK201505150,2015-05-15,OAK,CHA,0,2,4.15,3.44,1e-06,2941.6301363819452,OAK,MIL,0.8,0.3,0.316,0.306
TEX201505150,2015-05-15,TEX,CLE,3,2,4.9,3.2,1e-06,1666.9381007624936,TEX,CLE,0.4,0.5,0.341,0.305
SDN201505150,2015-05-15,SDN,WAS,0,4,5.8,3.66,1e-06,1e-06,SDN,SDN,1.2,0.6,0.306,0.314
CHN201505150,2015-05-15,CHN,PIT,0,0,3.07,4.24,1e-06,1068.017024042746,CHN,PHI,0.3,0.0,0.322,0.322
BAL201505150,2015-05-15,BAL,ANA,0,1,3.34,4.64,1e-06,3703.3736830857606,BAL,ANA,1.3,0.4,0.327,0.302
KCA201505150,2015-05-15,KCA,NYA,1,0,,4.37,738.3603208647532,1680.826511683993,TEX,TBA,1.0,1.1,0.333,0.319
PHI201505150,2015-05-15,PHI,ARI,0,0,3.38,4.17,1e-06,3344.1998186127516,PHI,ARI,0.7,0.6,0.304,0.317
SEA201505150,2015-05-15,SEA,BOS,0,0,3.19,,1e-06,1e-06,SEA,SEA,0.9,0.4,0.313,0.302
MIA201505150,2015-05-15,MIA,ATL,1,0,4.5,7.92,3756.8524313396424,1534.6263109130673,LAN,CIN,0.3,0.3,0.312,0.312
HOU201505150,2015-05-15,HOU,TOR,0,0,2.48,3.91,1e-06,1e-06,HOU,HOU,0.9,0.4,0.322,0.329
MIN201505150,2015-05-15,MIN,TBA,0,0,4.4,3.35,872.516450655481,2137.431531245163,DET,TBA,0.1,0.3,0.322,0.316
LAN201505150,2015-05-15,LAN,COL,1,0,2.13,5.9,1e-06,1e-06,LAN,LAN,0.8,0.5,0.32,0.277
CIN201505150,2015-05-15,CIN,SFN,1,3,6.46,2.93,1e-06,1e-06,CIN,CIN,0.6,0.5,0.322,0.327
NYN201505150,2015-05-15,NYN,MIL,0,0,4.16,5.85,1144.129935670241,1181.7674036325852,CHN,MIL,0.3,0.3,0.303,0.304
OAK201505160,2015-05-16,OAK,CHA,2,0,3.84,4.71,1e-06,1e-06,OAK,OAK,0.8,0.5,0.316,0.306
MIN201505160,2015-05-16,MIN,TBA,0,0,4.25,2.33,1e-06,1e-06,MIN,MIN,0.1,0.3,0.322,0.316
HOU201505160,2015-05-16,HOU,TOR,0,3,3.9,6.14,1e-06,1e-06,HOU,HOU,0.8,0.4,0.322,0.329
SEA201505160,2015-05-16,SEA,BOS,1,0,3.53,4.92,1e-06,1e-06,SEA,SEA,0.8,0.4,0.313,0.302
SDN201505160,2015-05-16,SDN,WAS,0,3,4.34,2.79,1e-06,1e-06,SDN,SDN,1.2,0.9,0.306,0.314
CHN201505160,2015-05-16,CHN,PIT,1,0,3.34,2.6,1e-06,1e-06,CHN,CHN,0.3,0.0,0.322,0.322
BAL201505160,2015-05-16,BAL,ANA,0,0,4.11,4.46,1e-06,1e-06,BAL,BAL,1.3,0.5,0.327,0.302
TEX201505160,2015-05-16,TEX,CLE,2,3,6.38,6.86,1e-06,1e-06,TEX,TEX,0.7,0.7,0.341,0.305
LAN201505160,2015-05-16,LAN,COL,0,1,1.66,4.17,1e-06,1e-06,LAN,LAN,0.9,0.5,0.32,0.277
SLN201505160,2015-05-16,SLN,DET,1,1,2.67,3.08,1e-06,1e-06,SLN,SLN,0.7,0.3,0.329,0.324
PHI201505160,2015-05-16,PHI,ARI,0,0,5.8,5.8,1e-06,1e-06,PHI,PHI,0.7,0.4,0.304,0.317
MIA201505160,2015-05-16,MIA,ATL,0,0,4.95,3.84,1e-06,1e-06,MIA,MIA,0.4,0.3,0.312,0.312
NYN201505160,2015-05-16,NYN,MIL,0,0,2.54,5.63,1e-06,1e-06,NYN,NYN,0.3,0.3,0.303,0.304
CIN201505160,2015-05-16,CIN,SFN,0,0,3.7,4.67,1e-06,1e-06,CIN,CIN,0.7,0.8,0.322,0.327
KCA201505160,2015-05-16,KCA,NYA,0,0,4.08,4.73,1e-06,1e-06,KCA,KCA,1.1,1.0,0.333,0.319
LAN201505170,2015-05-17,LAN,COL,0,0,3.62,6.32,1e-06,1e-06,LAN,LAN,0.9,0.3,0.32,0.277
NYN201505170,2015-05-17,NYN,MIL,1,0,3.24,4.72,1e-06,1e-06,NYN,NYN,0.3,0.3,0.303,0.304
KCA201505170,2015-05-17,KCA,NYA,0,0,3.55,7.97,1e-06,1e-06,KCA,KCA,1.1,1.0,0.333,0.319
SLN201505170,2015-05-17,SLN,DET,0,1,3.03,5.05,1e-06,1e-06,SLN,SLN,0.8,0.4,0.329,0.324
CHN201505170,2015-05-17,CHN,PIT,0,0,1.77,3.18,1e-06,1e-06,CHN,CHN,0.4,0.0,0.322,0.322
SDN201505170,2015-05-17,SDN,WAS,1,0,4.28,3.46,1e-06,1e-06,SDN,SDN,0.9,1.2,0.306,0.314
MIN201505170,2015-05-17,MIN,TBA,1,0,3.84,3.23,1e-06,1e-06,MIN,MIN,0.1,0.2,0.322,0.316
SEA201505170,2015-05-17,SEA,BOS,0,0,3.9,4.09,1e-06,1e-06,SEA,SEA,0.9,0.4,0.313,0.302
BAL201505170,2015-05-17,BAL,ANA,0,0,6.04,3.65,1e-06,1e-06,BAL,BAL,1.2,0.5,0.327,0.302
PHI201505170,2015-05-17,PHI,ARI,0,0,6.08,3.79,1e-06,1e-06,PHI,PHI,0.7,0.4,0.304,0.317
CIN201505170,2015-05-17,CIN,SFN,0,0,4.05,3.67,1e-06,1e-06,CIN,CIN,0.6,0.8,0.322,0.327
MIA201505170,2015-05-17,MIA,ATL,0,0,6.45,3.02,1e-06,1e-06,MIA,MIA,0.4,0.3,0.312,0.312
HOU201505170,2015-05-17,HOU,TOR,1,0,3.89,3.81,1e-06,1e-06,HOU,HOU,0.6,0.7,0.322,0.329
TEX201505170,2015-05-17,TEX,CLE,0,0,3.96,3.63,1e-06,1e-06,TEX,TEX,0.9,1.0,0.341,0.305
OAK201505170,2015-05-17,OAK,CHA,0,1,3.1,4.96,1e-06,1e-06,OAK,OAK,1.0,0.5,0.316,0.306
MIA201505180,2015-05-18,MIA,ARI,0,0,3.58,3.38,1e-06,1644.1190984600378,MIA,PHI,0.4,0.4,0.312,0.317
HOU201505180,2015-05-18,HOU,OAK,1,0,3.18,4.75,1e-06,2629.671879056886,HOU,OAK,0.7,0.6,0.322,0.308
NYN201505180,2015-05-18,NYN,SLN,0,0,4.68,3.07,1e-06,1403.0288811452067,NYN,SLN,0.4,0.1,0.303,0.311
TOR201505180,2015-05-18,TOR,ANA,0,0,2.58,6.37,2094.913694918614,537.0332419152472,HOU,BAL,0.2,0.5,0.347,0.302
COL201505180,2015-05-18,COL,PHI,0,1,5.14,3.65,1336.5596902131042,2534.0409405234473,LAN,PHI,0.3,0.3,0.352,0.301
CHA201505180,2015-05-18,CHA,CLE,0,0,3.41,3.0,2971.6570204984887,1309.650558347085,OAK,TEX,0.2,1.0,0.307,0.305
DET201505180,2015-05-18,DET,MIL,1,1,5.94,2.65,731.229570844315,773.7548030957365,SLN,NYN,0.8,0.2,0.332,0.304
MIA201505190,2015-05-19,MIA,ARI,0,0,4.5,3.86,1e-06,1e-06,MIA,MIA,0.4,0.4,0.312,0.317
SDN201505190,2015-05-19,SDN,CHN,0,0,2.34,5.29,1e-06,2787.070270174863,SDN,CHN,1.0,0.8,0.306,0.317
CHA201505190,2015-05-19,CHA,CLE,0,1,3.36,4.55,1e-06,1e-06,CHA,CHA,0.1,1.0,0.307,0.305
BOS201505190,2015-05-19,BOS,TEX,1,0,4.46,3.42,4000.0367541660753,2512.560414403036,SEA,TEX,0.3,0.4,0.349,0.306
KCA201505190,2015-05-19,KCA,CIN,0,0,4.08,3.44,1e-06,868.1617780403714,KCA,CIN,1.1,0.2,0.333,0.303
WAS201505190,2015-05-19,WAS,NYA,2,0,4.24,2.04,3654.8629358941057,1515.349923149057,SDN,KCA,0.4,0.8,0.328,0.319
COL201505190,2015-05-19,COL,PHI,3,0,5.09,5.51,1e-06,1e-06,COL,COL,0.3,0.4,0.352,0.301
SFN201505190,2015-05-19,SFN,LAN,0,0,4.44,4.06,3280.370735305635,559.4406195325591,CIN,LAN,0.3,0.6,0.326,0.33
NYN201505190,2015-05-19,NYN,SLN,0,1,4.13,3.38,1e-06,1e-06,NYN,NYN,0.1,0.0,0.303,0.311
TOR201505190,2015-05-19,TOR,ANA,1,0,3.22,3.59,1e-06,1e-06,TOR,TOR,0.2,0.5,0.347,0.302
PIT201505190,2015-05-19,PIT,MIN,0,1,3.38,6.75,660.0502267315369,1195.838861467298,CHN,MIN,0.5,0.9,0.323,0.289
HOU201505190,2015-05-19,HOU,OAK,0,0,,2.73,1e-06,1e-06,HOU,HOU,0.5,0.6,0.322,0.308
ATL201505190,2015-05-19,ATL,TBA,0,1,5.71,3.75,973.359131898138,1461.737067247833,MIA,MIN,1.1,0.2,0.317,0.316
DET201505190,2015-05-19,DET,MIL,1,0,4.99,4.11,1e-06,1e-06,DET,DET,0.8,0.3,0.332,0.304
BAL201505190,2015-05-19,BAL,SEA,1,1,4.91,5.12,1e-06,3746.584168000963,BAL,SEA,1.1,0.4,0.327,0.309
COL201505200,2015-05-20,COL,PHI,0,2,5.9,7.92,1e-06,1e-06,COL,COL,0.6,0.4,0.352,0.301
SFN201505200,2015-05-20,SFN,LAN,0,0,4.13,3.69,1e-06,1e-06,SFN,SFN,0.2,0.6,0.326,0.33
NYN201505200,2015-05-20,NYN,SLN,0,1,4.16,3.01,1e-06,1e-06,NYN,NYN,0.1,0.1,0.303,0.311
TOR201505200,2015-05-20,TOR,ANA,0,0,5.57,4.64,1e-06,1e-06,TOR,TOR,0.3,0.3,0.347,0.302
PIT201505200,2015-05-20,PIT,MIN,1,3,2.98,4.25,1e-06,1e-06,PIT,PIT,0.4,0.7,0.323,0.289
BOS201505200,2015-05-20,BOS,TEX,0,0,4.82,6.75,1e-06,1e-06,BOS,BOS,0.3,0.4,0.349,0.306
DET201505200,2015-05-20,DET,MIL,0,0,3.08,4.62,1e-06,1e-06,DET,DET,0.9,0.3,0.332,0.304
CHA201505200,2015-05-20,CHA,CLE,0,0,3.99,5.4,1e-06,1e-06,CHA,CHA,0.1,0.9,0.307,0.305
WAS201505200,2015-05-20,WAS,NYA,1,2,3.66,3.29,1e-06,1e-06,WAS,WAS,0.6,0.8,0.328,0.319
BAL201505200,2015-05-20,BAL,SEA,0,0,3.34,4.14,1e-06,1e-06,BAL,BAL,1.2,0.3,0.327,0.309
SDN201505200,2015-05-20,SDN,CHN,0,1,3.26,1.99,1e-06,1e-06,SDN,SDN,1.0,0.8,0.306,0.317
KCA201505200,2015-05-20,KCA,CIN,0,0,5.95,6.46,1e-06,1e-06,KCA,KCA,1.1,0.2,0.333,0.303
ATL201505200,2015-05-20,ATL,TBA,0,1,4.63,3.35,1e-06,1e-06,ATL,ATL,1.0,0.3,0.317,0.316
MIA201505200,2015-05-20,MIA,ARI,0,1,4.5,4.3,1e-06,1e-06,MIA,MIA,0.4,0.2,0.312,0.317
HOU201505200,2015-05-20,HOU,OAK,0,0,2.48,3.35,1e-06,1e-06,HOU,HOU,0.4,0.5,0.322,0.308
MIA201505210,2015-05-21,MIA,ARI,3,1,2.63,2.76,1e-06,1e-06,MIA,MIA,0.4,0.3,0.312,0.317
ATL201505210,2015-05-21,ATL,MIL,1,0,4.04,5.63,1e-06,961.6946291924536,ATL,DET,0.8,0.3,0.317,0.304
BAL201505210,2015-05-21,BAL,SEA,4,0,4.18,5.12,1e-06,1e-06,BAL,BAL,1.0,0.3,0.327,0.309
CHA201505210,2015-05-21,CHA,CLE,0,4,4.71,3.45,1e-06,1e-06,CHA,CHA,0.1,0.9,0.307,0.305
BOS201505210,2015-05-21,BOS,TEX,0,2,3.26,4.9,1e-06,1e-06,BOS,BOS,0.1,0.4,0.349,0.306
SDN201505210,2015-05-21,SDN,CHN,0,2,5.8,3.95,1e-06,1e-06,SDN,SDN,0.9,0.9,0.306,0.317
SFN201505210,2015-05-21,SFN,LAN,0,0,2.93,2.13,1e-06,1e-06,SFN,SFN,0.2,0.6,0.326,0.33
TOR201505210,2015-05-21,TOR,ANA,0,1,3.91,4.46,1e-06,1e-06,TOR,TOR,0.3,0.1,0.347,0.302
NYN201505210,2015-05-21,NYN,SLN,0,0,2.54,2.43,1e-06,1e-06,NYN,NYN,0.1,0.2,0.303,0.311
COL201505210,2015-05-21,COL,PHI,0,0,4.74,5.8,1e-06,1e-06,COL,COL,0.4,0.6,0.352,0.301
DET201505210,2015-05-21,DET,HOU,0,0,2.19,1.99,1e-06,1780.0976623230767,DET,HOU,0.7,0.4,0.332,0.308
TBA201505210,2015-05-21,TBA,OAK,0,0,3.94,4.18,688.5440708416155,1270.2138325576016,ATL,HOU,0.6,0.5,0.312,0.308
ATL201505220,2015-05-22,ATL,MIL,0,2,5.85,2.43,1e-06,1e-06,ATL,ATL,0.7,0.3,0.317,0.304
CHA201505220,2015-05-22,CHA,MIN,0,2,4.96,5.01,1e-06,660.0502267315369,CHA,PIT,0.1,1.0,0.307,0.289
TBA201505220,2015-05-22,TBA,OAK,0,0,3.23,3.1,1e-06,1e-06,TBA,TBA,0.6,0.1,0.312,0.308
PIT201505220,2015-05-22,PIT,NYN,0,0,2.6,3.24,1e-06,505.04779123783345,PIT,NYN,0.4,0.2,0.323,0.316
MIA201505220,2015-05-22,MIA,BAL,1,0,6.45,3.5,1e-06,1539.1317139517298,MIA,BAL,0.5,0.1,0.312,0.289
NYA201505220,2015-05-22,NYA,TEX,0,0,4.37,4.66,326.3648041771951,306.2037667286439,WAS,BOS,1.0,0.6,0.325,0.306
BOS201505220,2015-05-22,BOS,ANA,0,0,4.92,3.65,1e-06,691.6136251477402,BOS,TOR,0.1,0.2,0.349,0.302
DET201505220,2015-05-22,DET,HOU,0,0,5.05,3.89,1e-06,1e-06,DET,DET,0.5,0.4,0.332,0.308
ARI201505220,2015-05-22,ARI,CHN,1,0,3.25,4.39,3182.157566983313,481.0116378281714,MIA,SDN,1.1,1.1,0.331,0.317
CLE201505220,2015-05-22,CLE,CIN,0,0,3.63,3.7,494.38381964269325,1123.5230318083022,CHA,KCA,0.5,0.0,0.344,0.303
TOR201505220,2015-05-22,TOR,SEA,1,0,3.13,3.53,1e-06,537.0332419152472,TOR,BAL,0.3,0.3,0.347,0.309
COL201505220,2015-05-22,COL,SFN,0,0,6.32,4.67,1e-06,1524.5101947303656,COL,SFN,0.3,0.8,0.352,0.327
WAS201505220,2015-05-22,WAS,PHI,0,0,2.79,6.08,1e-06,2397.8679070622884,WAS,COL,0.7,0.6,0.328,0.301
LAN201505220,2015-05-22,LAN,SDN,0,0,3.69,2.34,559.4406195325591,179.52869961196944,SFN,SDN,0.5,0.1,0.32,0.295
KCA201505220,2015-05-22,KCA,SLN,3,0,,3.03,1e-06,1759.8286951805926,KCA,NYN,0.8,0.2,0.333,0.311
ARI201505230,2015-05-23,ARI,CHN,2,0,4.67,3.91,1e-06,1e-06,ARI,ARI,1.2,0.6,0.331,0.317
NYA201505230,2015-05-23,NYA,TEX,0,0,4.73,3.96,1e-06,1e-06,NYA,NYA,0.8,0.6,0.325,0.306
ATL201505230,2015-05-23,ATL,MIL,0,1,4.05,6.43,1e-06,1e-06,ATL,ATL,0.7,0.5,0.317,0.304
WAS201505230,2015-05-23,WAS,PHI,0,0,3.46,3.65,1e-06,1e-06,WAS,WAS,0.7,0.6,0.328,0.301
KCA201505230,2015-05-23,KCA,SLN,0,0,3.55,2.77,1e-06,1e-06,KCA,KCA,1.1,0.2,0.333,0.311
TOR201505230,2015-05-23,TOR,SEA,1,0,3.81,3.9,1e-06,1e-06,TOR,TOR,0.4,0.1,0.347,0.309
PIT201505230,2015-05-23,PIT,NYN,2,0,3.18,2.71,1e-06,1e-06,PIT,PIT,0.4,0.2,0.323,0.316
CHA201505230,2015-05-23,CHA,MIN,0,0,3.41,4.0,1e-06,1e-06,CHA,CHA,0.0,1.1,0.307,0.289
BOS201505230,2015-05-23,BOS,ANA,0,2,4.09,3.89,1e-06,1e-06,BOS,BOS,0.1,0.2,0.349,0.302
DET201505230,2015-05-23,DET,HOU,0,0,5.94,3.22,1e-06,1e-06,DET,DET,0.5,0.3,0.332,0.308
LAN201505230,2015-05-23,LAN,SDN,1,0,3.62,4.28,1e-06,1e-06,LAN,LAN,0.5,0.1,0.32,0.295
TBA201505230,2015-05-23,TBA,OAK,0,0,,4.05,1e-06,1e-06,TBA,TBA,0.6,0.0,0.312,0.308
MIA201505230,2015-05-23,MIA,BAL,0,0,1.16,4.91,1e-06,1e-06,MIA,MIA,0.6,0.1,0.312,0.289
COL201505232,2015-05-23,COL,SFN,0,0,6.09,3.67,1e-06,1e-06,COL,COL,0.3,0.7,0.352,0.327
COL201505231,2015-05-23,COL,SFN,0,0,5.14,3.95,1e-06,1e-06,COL,COL,0.3,0.7,0.352,0.327
CLE201505230,2015-05-23,CLE,CIN,0,0,3.49,5.67,1e-06,1e-06,CLE,CLE,0.5,0.0,0.344,0.303
ARI201505240,2015-05-24,ARI,CHN,1,0,4.62,3.74,1e-06,1e-06,ARI,ARI,1.1,0.6,0.331,0.317
TOR201505240,2015-05-24,TOR,SEA,0,0,3.22,4.56,1e-06,1e-06,TOR,TOR,0.5,0.1,0.347,0.309
TBA201505240,2015-05-24,TBA,OAK,0,1,3.75,2.73,1e-06,1e-06,TBA,TBA,0.6,0.0,0.312,0.308
DET201505240,2015-05-24,DET,HOU,5,3,2.19,3.18,1e-06,1e-06,DET,DET,0.5,0.3,0.332,0.308
COL201505240,2015-05-24,COL,SFN,0,0,4.23,4.44,1e-06,1e-06,COL,COL,0.3,0.6,0.352,0.327
NYA201505240,2015-05-24,NYA,TEX,2,1,7.97,3.42,1e-06,1e-06,NYA,NYA,0.8,0.2,0.325,0.306
LAN201505240,2015-05-24,LAN,SDN,0,4,4.06,3.91,1e-06,1e-06,LAN,LAN,0.4,0.1,0.32,0.295
WAS201505240,2015-05-24,WAS,PHI,0,0,3.79,4.86,1e-06,1e-06,WAS,WAS,0.7,0.6,0.328,0.301
MIA201505240,2015-05-24,MIA,BAL,0,0,4.08,4.91,1e-06,1e-06,MIA,MIA,0.6,0.1,0.312,0.289
ATL201505240,2015-05-24,ATL,MIL,0,0,5.71,4.11,1e-06,1e-06,ATL,ATL,0.7,0.4,0.317,0.304
PIT201505240,2015-05-24,PIT,NYN,0,0,3.38,4.13,1e-06,1e-06,PIT,PIT,0.6,0.2,0.323,0.316
CLE201505240,2015-05-24,CLE,CIN,0,0,4.55,4.15,1e-06,1e-06,CLE,CLE,0.4,0.0,0.344,0.303
BOS201505240,2015-05-24,BOS,ANA,0,0,4.46,3.59,1e-06,1e-06,BOS,BOS,0.1,0.4,0.349,0.302
KCA201505240,2015-05-24,KCA,SLN,0,2,4.08,3.38,1e-06,1e-06,KCA,KCA,1.1,0.2,0.333,0.311
CHA201505240,2015-05-24,CHA,MIN,0,1,3.36,3.84,1e-06,1e-06,CHA,CHA,0.0,1.0,0.307,0.289
PIT201505250,2015-05-25,PIT,MIA,0,1,4.81,4.5,1e-06,1630.230113794326,PIT,MIA,0.6,0.2,0.323,0.308
LAN201505250,2015-05-25,LAN,ATL,1,0,4.25,4.68,1e-06,3110.7650847781624,LAN,ATL,0.4,0.3,0.32,0.312
NYA201505250,2015-05-25,NYA,KCA,8,0,4.2,5.95,1e-06,1759.8286951805926,NYA,KCA,0.9,0.5,0.325,0.311
OAK201505250,2015-05-25,OAK,DET,0,0,3.35,6.88,3845.9573440873414,3345.164678963249,TBA,DET,1.0,0.5,0.316,0.324
NYN201505250,2015-05-25,NYN,PHI,1,0,4.16,3.38,505.04779123783345,326.3648041771951,PIT,WAS,0.1,0.6,0.303,0.301
MIL201505250,2015-05-25,MIL,SFN,1,0,5.85,4.13,1079.4745171093869,1465.0252316671194,ATL,COL,1.1,0.5,0.31,0.327
SLN201505250,2015-05-25,SLN,ARI,1,0,2.1,5.32,382.8562661725535,2043.890455711885,KCA,ARI,0.5,0.2,0.329,0.317
MIN201505250,2015-05-25,MIN,BOS,1,0,6.75,4.82,571.0232496384983,1804.1923618308683,CHA,BOS,0.1,0.4,0.322,0.302
CIN201505250,2015-05-25,CIN,COL,2,1,1.63,6.18,358.1075548344512,1756.1898521305268,CLE,COL,0.6,0.3,0.322,0.277
CLE201505250,2015-05-25,CLE,TEX,1,3,5.66,5.63,1e-06,649.8727601989037,CLE,NYA,0.3,0.3,0.344,0.306
ANA201505250,2015-05-25,ANA,SDN,0,0,3.58,4.01,4151.631080145035,40.86770847173621,BOS,LAN,0.5,0.5,0.311,0.295
BAL201505250,2015-05-25,BAL,HOU,0,0,2.72,2.48,1539.1317139517298,638.3359432178316,MIA,DET,1.4,0.6,0.327,0.308
TOR201505250,2015-05-25,TOR,CHA,4,0,5.57,6.89,1e-06,700.98343821047,TOR,CHA,0.5,0.6,0.347,0.306
CHN201505250,2015-05-25,CHN,WAS,1,1,1.99,4.38,2336.6124175783,956.88299544195,ARI,WAS,0.4,1.2,0.322,0.314
TBA201505250,2015-05-25,TBA,SEA,0,2,3.35,4.14,1e-06,1789.459752085548,TBA,TOR,0.6,0.1,0.312,0.309
MIL201505260,2015-05-26,MIL,SFN,0,1,5.63,2.93,1e-06,1e-06,MIL,MIL,1.2,0.5,0.31,0.327
NYN201505260,2015-05-26,NYN,PHI,0,0,1.85,3.01,1e-06,1e-06,NYN,NYN,0.2,0.3,0.303,0.301
BAL201505260,2015-05-26,BAL,HOU,0,0,4.99,3.9,1e-06,1e-06,BAL,BAL,0.8,0.4,0.327,0.308
CLE201505260,2015-05-26,CLE,TEX,2,0,4.28,2.39,1e-06,1e-06,CLE,CLE,0.4,0.6,0.344,0.306
SLN201505260,2015-05-26,SLN,ARI,4,2,2.43,5.8,1e-06,1e-06,SLN,SLN,0.6,0.2,0.329,0.317
ANA201505260,2015-05-26,ANA,SDN,0,0,3.58,4.06,1e-06,1e-06,ANA,ANA,0.5,0.5,0.311,0.295
OAK201505260,2015-05-26,OAK,DET,0,1,4.18,2.45,1e-06,1e-06,OAK,OAK,1.0,0.5,0.316,0.324
TBA201505260,2015-05-26,TBA,SEA,2,2,3.71,4.74,1e-06,1e-06,TBA,TBA,0.3,0.3,0.312,0.309
CHN201505260,2015-05-26,CHN,WAS,1,0,1.67,4.24,1e-06,1e-06,CHN,CHN,0.5,1.3,0.322,0.314
NYA201505260,2015-05-26,NYA,KCA,2,0,3.29,3.98,1e-06,1e-06,NYA,NYA,1.7,0.5,0.325,0.311
MIN201505260,2015-05-26,MIN,BOS,2,0,4.26,3.26,1e-06,1e-06,MIN,MIN,0.2,0.4,0.322,0.302
PIT201505260,2015-05-26,PIT,MIA,1,0,4.49,5.25,1e-06,1e-06,PIT,PIT,0.6,0.2,0.323,0.308
TOR201505260,2015-05-26,TOR,CHA,1,0,5.22,3.41,1e-06,1e-06,TOR,TOR,0.8,0.6,0.347,0.306
CIN201505260,2015-05-26,CIN,COL,0,0,1.63,4.91,1e-06,1e-06,CIN,CIN,0.8,0.3,0.322,0.277
LAN201505260,2015-05-26,LAN,ATL,0,0,2.13,4.04,1e-06,1e-06,LAN,LAN,0.5,0.1,0.32,0.312
CHN201505270,2015-05-27,CHN,WAS,0,0,3.34,2.79,1e-06,1e-06,CHN,CHN,0.6,1.3,0.322,0.314
ANA201505270,2015-05-27,ANA,SDN,0,0,3.65,4.34,1e-06,1e-06,ANA,ANA,0.5,0.5,0.311,0.295
LAN201505270,2015-05-27,LAN,ATL,0,0,3.69,3.84,1e-06,1e-06,LAN,LAN,0.5,0.0,0.32,0.312
TOR201505270,2015-05-27,TOR,CHA,0,0,2.58,3.41,1e-06,1e-06,TOR,TOR,0.8,0.6,0.347,0.306
NYN201505270,2015-05-27,NYN,PHI,1,0,3.24,6.08,1e-06,1e-06,NYN,NYN,0.2,0.3,0.303,0.301
OAK201505270,2015-05-27,OAK,DET,0,0,6.75,4.47,1e-06,1e-06,OAK,OAK,0.5,0.6,0.316,0.324
NYA201505270,2015-05-27,NYA,KCA,0,1,4.37,,1e-06,1e-06,NYA,NYA,1.7,0.5,0.325,0.311
MIL201505270,2015-05-27,MIL,SFN,0,0,3.69,4.67,1e-06,1e-06,MIL,MIL,1.2,0.5,0.31,0.327
BAL201505270,2015-05-27,BAL,HOU,0,0,2.72,1.99,1e-06,1e-06,BAL,BAL,0.5,0.4,0.327,0.308
TBA201505270,2015-05-27,TBA,SEA,0,0,3.71,3.53,1e-06,1e-06,TBA,TBA,0.5,0.5,0.312,0.309
MIN201505270,2015-05-27,MIN,BOS,0,0,4.4,4.92,1e-06,1e-06,MIN,MIN,0.4,0.4,0.322,0.302
CLE201505270,2015-05-27,CLE,TEX,0,0,3.63,4.66,1e-06,1e-06,CLE,CLE,0.6,0.6,0.344,0.306
SLN201505270,2015-05-27,SLN,ARI,1,0,4.26,1.85,1e-06,1e-06,SLN,SLN,1.0,0.4,0.329,0.317
PIT201505270,2015-05-27,PIT,MIA,0,0,2.6,2.63,1e-06,1e-06,PIT,PIT,0.6,0.2,0.323,0.308
CIN201505270,2015-05-27,CIN,COL,1,3,3.7,6.32,1e-06,1e-06,CIN,CIN,0.7,0.3,0.322,0.277
TEX201505280,2015-05-28,TEX,BOS,0,0,3.96,3.85,1666.9381007624936,1396.7696185124962,CLE,MIN,0.9,0.0,0.341,0.302
SDN201505280,2015-05-28,SDN,PIT,0,3,4.28,3.18,141.8121399568677,3402.7692440534656,ANA,PIT,0.8,0.0,0.306,0.322
ANA201505280,2015-05-28,ANA,DET,2,0,3.89,7.36,1e-06,592.0809005913671,ANA,OAK,0.3,0.6,0.311,0.324
SEA201505280,2015-05-28,SEA,CLE,0,0,3.9,3.49,4073.223093287738,3251.6066902182984,TBA,CLE,0.7,1.3,0.313,0.305
BAL201505281,2015-05-28,BAL,CHA,0,0,3.5,3.41,1e-06,1e-06,BAL,BAL,0.5,0.6,0.327,0.306
SFN201505280,2015-05-28,SFN,ATL,0,0,3.95,3.02,2954.3733541563483,559.4406195325591,MIL,LAN,0.0,0.0,0.326,0.312
OAK201505280,2015-05-28,OAK,NYA,0,0,4.35,4.73,1e-06,4115.687447058069,OAK,NYA,0.5,0.8,0.316,0.319
BAL201505282,2015-05-28,BAL,CHA,2,1,6.04,6.0,1e-06,537.0332419152472,BAL,TOR,0.5,0.6,0.327,0.306
SFN201505290,2015-05-29,SFN,ATL,2,0,4.44,5.71,1e-06,1e-06,SFN,SFN,0.0,0.0,0.326,0.312
BAL201505290,2015-05-29,BAL,TBA,0,0,1.52,4.27,1e-06,1393.7772067986984,BAL,TBA,0.7,0.4,0.327,0.316
PHI201505290,2015-05-29,PHI,COL,0,1,3.65,4.23,129.48897528262268,807.0437326700402,NYN,CIN,0.4,0.6,0.304,0.277
SEA201505290,2015-05-29,SEA,CLE,0,0,4.56,4.55,1e-06,1e-06,SEA,SEA,0.7,1.1,0.313,0.305
CIN201505290,2015-05-29,CIN,WAS,1,0,4.05,5.29,1e-06,406.2527329885922,CIN,CHN,0.7,1.2,0.322,0.314
SLN201505290,2015-05-29,SLN,LAN,1,0,2.77,3.62,1e-06,2553.1974748902726,SLN,LAN,1.1,0.3,0.329,0.33
SDN201505290,2015-05-29,SDN,PIT,0,0,2.58,2.64,1e-06,1e-06,SDN,SDN,0.7,0.3,0.306,0.322
ANA201505290,2015-05-29,ANA,DET,0,0,3.59,4.99,1e-06,1e-06,ANA,ANA,0.5,0.6,0.311,0.324
TEX201505290,2015-05-29,TEX,BOS,0,0,3.42,4.09,1e-06,1e-06,TEX,TEX,0.9,0.0,0.341,0.302
HOU201505290,2015-05-29,HOU,CHA,0,0,3.55,3.99,2013.2384377541168,2013.2384377541168,BAL,BAL,0.3,0.7,0.322,0.306
MIL201505290,2015-05-29,MIL,ARI,1,1,4.62,3.38,1e-06,526.8349145670746,MIL,SLN,0.7,0.4,0.31,0.317
NYN201505290,2015-05-29,NYN,MIA,0,0,2.71,3.6,1e-06,505.04779123783345,NYN,PIT,0.3,0.2,0.303,0.308
CHN201505290,2015-05-29,CHN,KCA,0,1,2.91,2.71,1e-06,1144.129935670241,CHN,NYA,0.6,0.4,0.322,0.311
OAK201505290,2015-05-29,OAK,NYA,0,0,2.73,7.97,1e-06,1e-06,OAK,OAK,0.5,0.7,0.316,0.319
MIN201505290,2015-05-29,MIN,TOR,4,0,3.32,3.81,1e-06,1113.301279752142,MIN,TOR,0.4,0.7,0.322,0.329
SFN201505300,2015-05-30,SFN,ATL,0,0,4.13,4.78,1e-06,1e-06,SFN,SFN,0.2,0.0,0.326,0.312
MIN201505300,2015-05-30,MIN,TOR,0,0,2.93,4.46,1e-06,1e-06,MIN,MIN,0.8,0.6,0.322,0.329
MIL201505300,2015-05-30,MIL,ARI,1,0,5.85,4.62,1e-06,1e-06,MIL,MIL,0.7,0.5,0.31,0.317
PHI201505300,2015-05-30,PHI,COL,1,0,4.86,5.9,1e-06,1e-06,PHI,PHI,0.3,0.6,0.304,0.277
HOU201505300,2015-05-30,HOU,CHA,0,0,2.48,3.36,1e-06,1e-06,HOU,HOU,0.3,0.7,0.322,0.306
BAL201505300,2015-05-30,BAL,TBA,0,1,3.34,3.75,1e-06,1e-06,BAL,BAL,0.7,0.4,0.327,0.316
SEA201505300,2015-05-30,SEA,CLE,0,1,4.14,5.4,1e-06,1e-06,SEA,SEA,0.7,1.0,0.313,0.305
SDN201505300,2015-05-30,SDN,PIT,1,1,3.26,4.81,1e-06,1e-06,SDN,SDN,0.6,0.3,0.306,0.322
CIN201505300,2015-05-30,CIN,WAS,0,1,2.94,4.95,1e-06,1e-06,CIN,CIN,0.8,0.8,0.322,0.314
ANA201505300,2015-05-30,ANA,DET,2,0,4.64,6.88,1e-06,1e-06,ANA,ANA,0.4,0.5,0.311,0.324
TEX201505300,2015-05-30,TEX,BOS,1,0,3.9,4.46,1e-06,1e-06,TEX,TEX,0.8,0.0,0.341,0.302
SLN201505300,2015-05-30,SLN,LAN,1,0,3.38,4.06,1e-06,1e-06,SLN,SLN,0.8,0.3,0.329,0.33
OAK201505300,2015-05-30,OAK,NYA,0,1,3.35,3.09,1e-06,1e-06,OAK,OAK,0.5,0.6,0.316,0.319
NYN201505300,2015-05-30,NYN,MIA,1,0,3.67,4.5,1e-06,1e-06,NYN,NYN,0.3,0.2,0.303,0.308
NYN201505310,2015-05-31,NYN,MIA,1,0,4.16,3.58,1e-06,1e-06,NYN,NYN,0.4,0.2,0.303,0.308
MIN201505310,2015-05-31,MIN,TOR,1,0,2.93,2.58,1e-06,1e-06,MIN,MIN,0.8,0.5,0.322,0.329
SEA201505310,2015-05-31,SEA,CLE,0,0,8.4,3.0,1e-06,1e-06,SEA,SEA,0.5,1.1,0.313,0.305
TEX201505310,2015-05-31,TEX,BOS,1,1,3.72,2.23,1e-06,1e-06,TEX,TEX,0.9,0.0,0.341,0.302
MIL201505310,2015-05-31,MIL,ARI,0,1,5.63,3.74,1e-06,1e-06,MIL,MIL,0.7,0.5,0.31,0.317
SDN201505310,2015-05-31,SDN,PIT,2,0,5.8,4.49,1e-06,1e-06,SDN,SDN,0.5,0.4,0.306,0.322
CHN201505310,2015-05-31,CHN,KCA,0,0,4.39,2.13,1e-06,1e-06,CHN,CHN,0.3,0.5,0.322,0.311
BAL201505310,2015-05-31,BAL,TBA,1,0,4.99,3.35,1e-06,1e-06,BAL,BAL,0.7,0.5,0.327,0.316
SLN201505310,2015-05-31,SLN,LAN,2,0,3.01,3.69,1e-06,1e-06,SLN,SLN,0.9,0.2,0.329,0.33
ANA201505310,2015-05-31,ANA,DET,0,0,3.58,2.45,1e-06,1e-06,ANA,ANA,0.6,0.4,0.311,0.324
PHI201505310,2015-05-31,PHI,COL,0,2,5.8,5.33,1e-06,1e-06,PHI,PHI,0.4,0.6,0.304,0.277
OAK201505310,2015-05-31,OAK,NYA,0,0,4.18,3.29,1e-06,1e-06,OAK,OAK,0.2,0.5,0.316,0.319
SFN201505310,2015-05-31,SFN,ATL,0,0,2.79,4.68,1e-06,1e-06,SFN,SFN,0.2,0.0,0.326,0.312
HOU201505310,2015-05-31,HOU,CHA,0,0,,4.71,1e-06,1e-06,HOU,HOU,0.3,0.4,0.322,0.306
CIN201505310,2015-05-31,CIN,WAS,0,0,2.94,4.6,1e-06,1e-06,CIN,CIN,0.6,0.9,0.322,0.314
COL201506010,2015-06-01,COL,LAN,0,0,6.32,2.13,2534.0409405234473,1279.0227614650469,PHI,SLN,0.3,0.2,0.352,0.33
MIA201506010,2015-06-01,MIA,CHN,0,2,5.25,3.74,1756.5620451799746,1915.1205670973725,NYN,CHN,0.5,0.4,0.312,0.317
SFN201506010,2015-06-01,SFN,PIT,2,0,4.67,2.6,1e-06,738.1265117326025,SFN,SDN,0.2,0.4,0.326,0.322
SEA201506010,2015-06-01,SEA,NYA,0,0,3.53,4.37,1e-06,1089.6592015072615,SEA,OAK,0.5,0.3,0.313,0.319
SDN201506010,2015-06-01,SDN,NYN,0,2,4.34,2.54,1e-06,3907.304911865239,SDN,NYN,0.4,0.0,0.306,0.316
ARI201506010,2015-06-01,ARI,ATL,0,0,5.8,3.84,2349.997873269975,1050.993394248722,MIL,SFN,1.0,0.0,0.331,0.312
HOU201506010,2015-06-01,HOU,BAL,0,0,1.9,2.72,1e-06,2013.2384377541168,HOU,BAL,0.3,0.1,0.322,0.289
SLN201506010,2015-06-01,SLN,MIL,0,1,2.43,3.69,1e-06,526.8349145670746,SLN,MIL,1.1,0.4,0.329,0.304
ANA201506010,2015-06-01,ANA,TBA,0,0,3.65,3.94,1e-06,3703.3736830857606,ANA,BAL,0.4,0.3,0.311,0.316
COL201506022,2015-06-02,COL,LAN,0,1,6.18,6.75,1e-06,1e-06,COL,COL,0.3,0.2,0.352,0.33
HOU201506020,2015-06-02,HOU,BAL,0,0,3.89,6.04,1e-06,1e-06,HOU,HOU,0.2,0.1,0.322,0.289
KCA201506020,2015-06-02,KCA,CLE,0,0,0.94,3.63,663.9206411727051,2418.3539462011913,CHN,SEA,0.8,0.9,0.333,0.305
WAS201506022,2015-06-02,WAS,TOR,0,0,2.79,3.13,1e-06,1e-06,WAS,WAS,0.6,0.5,0.328,0.329
PHI201506020,2015-06-02,PHI,CIN,0,1,2.13,5.67,1e-06,807.0437326700402,PHI,CIN,0.4,0.0,0.304,0.303
TEX201506020,2015-06-02,TEX,CHA,4,0,4.66,4.96,1e-06,368.5990384284446,TEX,HOU,1.0,0.2,0.341,0.306
MIA201506020,2015-06-02,MIA,CHN,0,0,5.3,3.95,1e-06,1e-06,MIA,MIA,0.4,0.6,0.312,0.317
SLN201506020,2015-06-02,SLN,MIL,0,0,3.03,5.7,1e-06,1e-06,SLN,SLN,1.1,0.5,0.329,0.304
SDN201506020,2015-06-02,SDN,NYN,0,1,4.28,3.24,1e-06,1e-06,SDN,SDN,0.4,0.2,0.306,0.316
SFN201506020,2015-06-02,SFN,PIT,2,0,3.95,3.18,1e-06,1e-06,SFN,SFN,0.4,0.4,0.326,0.322
COL201506021,2015-06-02,COL,LAN,0,0,4.17,3.86,1e-06,1e-06,COL,COL,0.3,0.3,0.352,0.33
ARI201506020,2015-06-02,ARI,ATL,0,1,2.76,4.63,1e-06,1e-06,ARI,ARI,0.6,0.0,0.331,0.312
BOS201506020,2015-06-02,BOS,MIN,0,0,3.26,4.26,2512.560414403036,1804.1923618308683,TEX,MIN,0.1,1.0,0.349,0.289
DET201506020,2015-06-02,DET,OAK,0,0,5.05,4.05,3167.1614902696224,3345.164678963249,ANA,OAK,1.0,0.1,0.332,0.308
SEA201506020,2015-06-02,SEA,NYA,0,0,3.19,3.1,1e-06,1e-06,SEA,SEA,0.1,0.3,0.313,0.319
ANA201506020,2015-06-02,ANA,TBA,0,2,3.89,3.23,1e-06,1e-06,ANA,ANA,0.4,0.3,0.311,0.316
WAS201506021,2015-06-02,WAS,TOR,0,0,3.66,3.91,647.9323389925676,1500.7861867672325,CIN,MIN,0.6,0.5,0.328,0.329
BOS201506032,2015-06-03,BOS,MIN,0,0,4.92,4.0,1e-06,1e-06,BOS,BOS,0.1,0.9,0.349,0.289
COL201506030,2015-06-03,COL,LAN,1,0,4.2,3.34,1e-06,1e-06,COL,COL,0.3,0.1,0.352,0.33
BOS201506031,2015-06-03,BOS,MIN,1,0,3.85,4.4,1e-06,1e-06,BOS,BOS,0.1,0.8,0.349,0.289
SLN201506030,2015-06-03,SLN,MIL,5,0,2.77,4.11,1e-06,1e-06,SLN,SLN,1.1,0.5,0.329,0.304
SFN201506030,2015-06-03,SFN,PIT,0,0,4.44,3.38,1e-06,1e-06,SFN,SFN,0.6,0.4,0.326,0.322
MIA201506030,2015-06-03,MIA,CHN,0,0,3.6,3.34,1e-06,1e-06,MIA,MIA,0.4,0.5,0.312,0.317
ANA201506030,2015-06-03,ANA,TBA,1,0,3.18,3.71,1e-06,1e-06,ANA,ANA,0.4,0.5,0.311,0.316
SDN201506030,2015-06-03,SDN,NYN,2,0,3.91,5.9,1e-06,1e-06,SDN,SDN,0.4,0.3,0.306,0.316
WAS201506030,2015-06-03,WAS,TOR,0,4,5.29,3.81,1e-06,1e-06,WAS,WAS,0.6,0.5,0.328,0.329
HOU201506030,2015-06-03,HOU,BAL,0,0,3.22,4.91,1e-06,1e-06,HOU,HOU,0.2,0.1,0.322,0.289
SEA201506030,2015-06-03,SEA,NYA,0,0,4.56,3.51,1e-06,1e-06,SEA,SEA,0.1,0.3,0.313,0.319
TEX201506030,2015-06-03,TEX,CHA,0,0,3.96,3.41,1e-06,1e-06,TEX,TEX,1.3,0.2,0.341,0.306
DET201506030,2015-06-03,DET,OAK,0,0,4.99,2.73,1e-06,1e-06,DET,DET,1.0,0.1,0.332,0.308
KCA201506030,2015-06-03,KCA,CLE,1,0,3.98,3.49,1e-06,1e-06,KCA,KCA,0.8,0.6,0.333,0.305
PHI201506030,2015-06-03,PHI,CIN,0,0,3.51,4.02,1e-06,1e-06,PHI,PHI,0.3,0.1,0.304,0.303
ARI201506030,2015-06-03,ARI,ATL,0,1,2.76,4.46,1e-06,1e-06,ARI,ARI,0.6,0.1,0.331,0.312
TEX201506040,2015-06-04,TEX,CHA,1,0,5.63,3.99,1e-06,1e-06,TEX,TEX,1.1,0.1,0.341,0.306
LAN201506040,2015-06-04,LAN,SLN,0,0,4.06,3.38,1336.5596902131042,2553.1974748902726,COL,SLN,0.5,0.4,0.32,0.311
ARI201506040,2015-06-04,ARI,NYN,0,0,8.4,2.71,1e-06,481.0116378281714,ARI,SDN,0.6,0.3,0.331,0.316
BOS201506040,2015-06-04,BOS,MIN,0,0,2.23,5.01,1e-06,1e-06,BOS,BOS,0.2,0.8,0.349,0.289
KCA201506040,2015-06-04,KCA,CLE,0,0,,4.55,1e-06,1e-06,KCA,KCA,0.5,0.6,0.333,0.305
DET201506040,2015-06-04,DET,OAK,0,0,6.88,3.35,1e-06,1e-06,DET,DET,1.0,0.1,0.332,0.308
PHI201506040,2015-06-04,PHI,CIN,2,1,4.86,4.05,1e-06,1e-06,PHI,PHI,0.3,0.1,0.304,0.303
HOU201506040,2015-06-04,HOU,BAL,0,1,4.38,1.52,1e-06,1e-06,HOU,HOU,0.2,0.1,0.322,0.289
SEA201506040,2015-06-04,SEA,TBA,0,0,4.14,3.75,1e-06,1575.276973597757,SEA,ANA,0.1,0.5,0.313,0.316
WAS201506040,2015-06-04,WAS,CHN,0,2,3.79,1.77,1e-06,1489.628641346009,WAS,MIA,0.6,0.5,0.328,0.317
WAS201506050,2015-06-05,WAS,CHN,0,0,4.38,3.62,1e-06,1e-06,WAS,WAS,0.6,0.7,0.328,0.317
SEA201506050,2015-06-05,SEA,TBA,0,0,4.74,2.31,1e-06,1e-06,SEA,SEA,0.1,0.5,0.313,0.316
CIN201506050,2015-06-05,CIN,SDN,0,2,4.63,3.26,807.0437326700402,3007.676031937142,PHI,SDN,0.5,0.5,0.322,0.295
LAN201506050,2015-06-05,LAN,SLN,0,0,3.69,3.01,1e-06,1e-06,LAN,LAN,0.3,0.4,0.32,0.311
ARI201506050,2015-06-05,ARI,NYN,0,0,4.62,4.13,1e-06,1e-06,ARI,ARI,0.6,0.3,0.331,0.316
KCA201506050,2015-06-05,KCA,TEX,0,1,3.55,3.9,1e-06,738.3603208647532,KCA,TEX,0.4,0.6,0.333,0.306
CHA201506050,2015-06-05,CHA,DET,1,0,3.63,2.19,1309.650558347085,380.91207013286544,TEX,DET,0.0,0.3,0.307,0.324
CLE201506050,2015-06-05,CLE,BAL,0,0,5.4,4.99,1123.5230318083022,1793.7234420980124,KCA,HOU,0.6,0.1,0.344,0.289
NYA201506050,2015-06-05,NYA,ANA,0,0,4.2,4.64,3865.3953610333656,3915.807145653056,SEA,ANA,1.7,0.4,0.325,0.302
BOS201506050,2015-06-05,BOS,OAK,1,0,4.46,3.1,1e-06,984.732039314543,BOS,DET,0.2,0.1,0.349,0.308
PHI201506050,2015-06-05,PHI,SFN,2,0,3.51,4.13,1e-06,4049.99076989334,PHI,SFN,0.5,0.4,0.304,0.327
MIN201506050,2015-06-05,MIN,MIL,0,1,2.49,2.65,1804.1923618308683,750.9189277472408,BOS,SLN,0.9,0.5,0.322,0.304
TOR201506050,2015-06-05,TOR,HOU,0,0,3.22,,563.6478111844908,2094.913694918614,WAS,HOU,0.8,0.4,0.347,0.308
ATL201506050,2015-06-05,ATL,PIT,2,0,4.05,4.81,2556.4851145812468,3436.411305395792,ARI,SFN,0.7,0.4,0.317,0.322
COL201506050,2015-06-05,COL,MIA,0,0,5.9,4.08,1e-06,2773.388608504832,COL,MIA,0.1,0.2,0.352,0.308
TOR201506060,2015-06-06,TOR,HOU,1,0,5.57,4.46,1e-06,1e-06,TOR,TOR,0.8,0.4,0.347,0.308
PHI201506060,2015-06-06,PHI,SFN,0,2,7.92,2.93,1e-06,1e-06,PHI,PHI,0.5,0.1,0.304,0.327
ARI201506060,2015-06-06,ARI,NYN,0,0,3.25,4.16,1e-06,1e-06,ARI,ARI,0.6,0.3,0.331,0.316
LAN201506060,2015-06-06,LAN,SLN,0,0,2.13,2.43,1e-06,1e-06,LAN,LAN,0.2,0.4,0.32,0.311
BOS201506060,2015-06-06,BOS,OAK,2,0,4.82,4.18,1e-06,1e-06,BOS,BOS,0.2,0.1,0.349,0.308
WAS201506060,2015-06-06,WAS,CHN,0,0,3.64,3.74,1e-06,1e-06,WAS,WAS,0.3,0.7,0.328,0.317
COL201506060,2015-06-06,COL,MIA,4,0,5.33,4.5,1e-06,1e-06,COL,COL,0.1,0.2,0.352,0.308
CIN201506060,2015-06-06,CIN,SDN,3,0,4.18,3.0,1e-06,1e-06,CIN,CIN,0.5,0.6,0.322,0.295
CLE201506060,2015-06-06,CLE,BAL,0,0,3.45,2.72,1e-06,1e-06,CLE,CLE,0.5,0.1,0.344,0.289
NYA201506060,2015-06-06,NYA,ANA,6,0,3.29,3.65,1e-06,1e-06,NYA,NYA,1.5,0.3,0.325,0.302
CHA201506060,2015-06-06,CHA,DET,0,0,4.71,2.45,1e-06,1e-06,CHA,CHA,0.1,0.3,0.307,0.324
SEA201506060,2015-06-06,SEA,TBA,0,0,3.53,3.74,1e-06,1e-06,SEA,SEA,0.0,0.5,0.313,0.316
KCA201506060,2015-06-06,KCA,TEX,0,2,4.08,4.9,1e-06,1e-06,KCA,KCA,0.4,0.7,0.333,0.306
ATL201506060,2015-06-06,ATL,PIT,0,0,2.94,4.02,1e-06,1e-06,ATL,ATL,0.6,0.4,0.317,0.322
MIN201506060,2015-06-06,MIN,MIL,0,1,2.93,5.63,1e-06,1e-06,MIN,MIN,0.9,0.5,0.322,0.304
SEA201506070,2015-06-07,SEA,TBA,0,1,4.6,3.23,1e-06,1e-06,SEA,SEA,0.0,0.4,0.313,0.316
TOR201506070,2015-06-07,TOR,HOU,1,0,2.92,3.1,1e-06,1e-06,TOR,TOR,0.8,0.3,0.347,0.308
CLE201506070,2015-06-07,CLE,BAL,0,1,3.63,6.72,1e-06,1e-06,CLE,CLE,0.5,0.1,0.344,0.289
NYA201506070,2015-06-07,NYA,ANA,0,2,4.73,3.89,1e-06,1e-06,NYA,NYA,1.8,0.3,0.325,0.302
WAS201506070,2015-06-07,WAS,CHN,0,0,3.66,3.95,1e-06,1e-06,WAS,WAS,0.1,0.6,0.328,0.317
MIN201506070,2015-06-07,MIN,MIL,0,0,4.26,3.69,1e-06,1e-06,MIN,MIN,0.9,0.6,0.322,0.304
COL201506070,2015-06-07,COL,MIA,0,2,4.33,2.63,1e-06,1e-06,COL,COL,0.5,0.2,0.352,0.308
BOS201506070,2015-06-07,BOS,OAK,0,0,4.09,2.92,1e-06,1e-06,BOS,BOS,0.4,0.1,0.349,0.308
CHA201506070,2015-06-07,CHA,DET,4,1,4.96,5.05,1e-06,1e-06,CHA,CHA,0.1,0.2,0.307,0.324
LAN201506070,2015-06-07,LAN,SLN,1,0,3.86,2.17,1e-06,1e-06,LAN,LAN,0.2,0.4,0.32,0.311
PHI201506070,2015-06-07,PHI,SFN,0,0,1.8,4.67,1e-06,1e-06,PHI,PHI,0.5,0.3,0.304,0.327
ARI201506070,2015-06-07,ARI,NYN,2,1,3.79,2.54,1e-06,1e-06,ARI,ARI,0.4,0.3,0.331,0.316
CIN201506070,2015-06-07,CIN,SDN,0,0,3.44,5.8,1e-06,1e-06,CIN,CIN,0.7,0.6,0.322,0.295
ATL201506070,2015-06-07,ATL,PIT,0,0,3.84,2.6,1e-06,1e-06,ATL,ATL,0.6,0.4,0.317,0.322
KCA201506070,2015-06-07,KCA,TEX,1,0,0.94,2.39,1e-06,1e-06,KCA,KCA,0.4,0.9,0.333,0.306
CHA201506080,2015-06-08,CHA,HOU,0,0,3.41,3.22,1e-06,700.98343821047,CHA,TOR,0.5,0.3,0.307,0.308
PIT201506080,2015-06-08,PIT,MIL,0,0,3.18,4.11,840.3908477621023,1195.838861467298,ATL,MIN,0.5,0.6,0.323,0.304
ATL201506080,2015-06-08,ATL,SDN,0,0,7.92,3.0,1e-06,595.1171397463928,ATL,CIN,0.4,0.6,0.317,0.295
TOR201506080,2015-06-08,TOR,MIA,6,0,3.13,5.3,1e-06,2160.739883960971,TOR,COL,0.9,0.3,0.347,0.308
CIN201506080,2015-06-08,CIN,PHI,1,1,3.7,3.65,1e-06,807.0437326700402,CIN,PHI,0.7,0.3,0.322,0.301
MIN201506080,2015-06-08,MIN,KCA,0,0,4.4,3.98,1e-06,662.9211681328137,MIN,KCA,0.9,0.3,0.322,0.311
COL201506080,2015-06-08,COL,SLN,5,0,6.09,2.77,1e-06,1336.5596902131042,COL,LAN,0.5,0.4,0.352,0.311
LAN201506080,2015-06-08,LAN,ARI,1,0,3.62,4.67,1e-06,574.8341159449532,LAN,ARI,0.3,0.6,0.32,0.317
DET201506090,2015-06-09,DET,CHN,1,0,4.99,3.34,380.91207013286544,635.8759829799529,CHA,WAS,0.7,0.4,0.332,0.317
OAK201506090,2015-06-09,OAK,TEX,0,0,2.73,3.96,4320.465179781682,2406.427657157802,BOS,KCA,0.2,0.9,0.316,0.306
BAL201506090,2015-06-09,BAL,BOS,0,0,4.14,5.44,495.2645964012307,578.81170796599,CLE,BOS,0.7,0.1,0.327,0.302
TOR201506090,2015-06-09,TOR,MIA,0,1,2.92,2.3,1e-06,1e-06,TOR,TOR,1.5,0.3,0.347,0.308
CIN201506090,2015-06-09,CIN,PHI,4,0,4.05,4.86,1e-06,1e-06,CIN,CIN,0.8,0.3,0.322,0.301
TBA201506090,2015-06-09,TBA,ANA,0,2,,4.46,4073.223093287738,1638.0556824552712,SEA,NYA,0.4,0.5,0.312,0.302
CLE201506090,2015-06-09,CLE,SEA,0,1,3.49,4.14,1e-06,3251.6066902182984,CLE,SEA,0.3,0.5,0.344,0.309
CHA201506090,2015-06-09,CHA,HOU,0,0,3.75,2.48,1e-06,1e-06,CHA,CHA,0.5,0.3,0.307,0.308
COL201506090,2015-06-09,COL,SLN,0,0,4.17,3.38,1e-06,1e-06,COL,COL,1.0,0.3,0.352,0.311
NYA201506090,2015-06-09,NYA,WAS,0,0,3.51,2.79,1e-06,326.3648041771951,NYA,WAS,1.8,0.9,0.325,0.314
ATL201506090,2015-06-09,ATL,SDN,0,0,4.46,2.34,1e-06,1e-06,ATL,ATL,0.3,0.6,0.317,0.295
PIT201506090,2015-06-09,PIT,MIL,0,0,3.38,3.77,1e-06,1e-06,PIT,PIT,0.5,0.6,0.323,0.304
MIN201506090,2015-06-09,MIN,KCA,0,1,4.0,,1e-06,1e-06,MIN,MIN,0.8,0.3,0.322,0.311
NYN201506090,2015-06-09,NYN,SFN,0,1,3.24,3.95,3443.682019431773,129.48897528262268,ARI,PHI,0.4,0.3,0.303,0.327
LAN201506090,2015-06-09,LAN,ARI,0,0,4.25,3.52,1e-06,1e-06,LAN,LAN,0.4,0.6,0.32,0.317
BAL201506100,2015-06-10,BAL,BOS,0,0,3.34,4.92,1e-06,1e-06,BAL,BAL,0.7,0.1,0.327,0.302
LAN201506100,2015-06-10,LAN,ARI,0,1,2.41,3.86,1e-06,1e-06,LAN,LAN,0.3,0.6,0.32,0.317
TOR201506100,2015-06-10,TOR,MIA,0,0,6.46,4.08,1e-06,1e-06,TOR,TOR,1.4,0.3,0.347,0.308
CIN201506100,2015-06-10,CIN,PHI,4,0,4.63,5.8,1e-06,1e-06,CIN,CIN,1.0,0.3,0.322,0.301
TBA201506100,2015-06-10,TBA,ANA,0,0,3.75,4.64,1e-06,1e-06,TBA,TBA,0.4,0.7,0.312,0.302
COL201506100,2015-06-10,COL,SLN,0,0,4.23,3.01,1e-06,1e-06,COL,COL,1.0,0.2,0.352,0.311
MIN201506100,2015-06-10,MIN,KCA,0,4,3.84,3.55,1e-06,1e-06,MIN,MIN,0.7,0.4,0.322,0.311
ATL201506100,2015-06-10,ATL,SDN,0,0,4.78,3.26,1e-06,1e-06,ATL,ATL,0.3,0.6,0.317,0.295
CHA201506100,2015-06-10,CHA,HOU,0,0,3.36,1.99,1e-06,1e-06,CHA,CHA,0.5,0.3,0.307,0.308
CLE201506100,2015-06-10,CLE,SEA,0,0,4.55,4.56,1e-06,1e-06,CLE,CLE,0.3,0.6,0.344,0.309
NYN201506100,2015-06-10,NYN,SFN,2,2,2.71,4.44,1e-06,1e-06,NYN,NYN,0.4,0.4,0.303,0.327
DET201506100,2015-06-10,DET,CHN,0,0,6.88,1.77,1e-06,1e-06,DET,DET,0.7,0.4,0.332,0.317
NYA201506100,2015-06-10,NYA,WAS,0,0,7.97,3.86,1e-06,1e-06,NYA,NYA,1.8,0.9,0.325,0.314
OAK201506100,2015-06-10,OAK,TEX,1,0,2.92,2.39,1e-06,1e-06,OAK,OAK,0.2,0.7,0.316,0.306
PIT201506100,2015-06-10,PIT,MIL,1,0,4.81,5.85,1e-06,1e-06,PIT,PIT,0.4,0.4,0.323,0.304
ATL201506110,2015-06-11,ATL,SDN,1,1,4.63,4.06,1e-06,1e-06,ATL,ATL,0.3,0.6,0.317,0.295
OAK201506110,2015-06-11,OAK,TEX,1,0,3.1,3.9,1e-06,1e-06,OAK,OAK,0.1,0.7,0.316,0.306
CHN201506110,2015-06-11,CHN,CIN,3,0,3.84,5.4,380.91207013286544,406.2527329885922,DET,CIN,0.3,0.2,0.322,0.303
MIL201506110,2015-06-11,MIL,WAS,1,1,2.7,4.6,722.0054120555708,1181.7674036325852,PIT,NYA,0.7,0.5,0.31,0.314
BAL201506110,2015-06-11,BAL,BOS,1,0,4.99,4.46,1e-06,1e-06,BAL,BAL,0.3,0.1,0.327,0.302
CLE201506110,2015-06-11,CLE,SEA,0,0,5.4,3.61,1e-06,1e-06,CLE,CLE,0.3,0.5,0.344,0.309
MIA201506110,2015-06-11,MIA,COL,3,0,4.5,5.33,1988.7442573540511,2773.388608504832,TOR,COL,0.4,0.8,0.312,0.277
TBA201506110,2015-06-11,TBA,ANA,0,0,2.33,3.65,1e-06,1e-06,TBA,TBA,0.3,0.7,0.312,0.302
NYN201506110,2015-06-11,NYN,SFN,0,2,1.85,2.98,1e-06,1e-06,NYN,NYN,0.6,0.6,0.303,0.327
DET201506120,2015-06-12,DET,CLE,0,0,2.45,3.45,1e-06,145.52553501827433,DET,CLE,0.6,0.6,0.332,0.305
ANA201506120,2015-06-12,ANA,OAK,0,0,3.49,4.35,3425.3074193268753,592.0809005913671,TBA,OAK,0.5,0.1,0.311,0.308
TBA201506120,2015-06-12,TBA,CHA,0,0,4.11,4.71,1e-06,1636.2782802002057,TBA,CHA,0.2,0.1,0.312,0.306
SFN201506120,2015-06-12,SFN,ARI,0,0,2.93,4.3,4128.529875974277,559.4406195325591,NYN,LAN,0.6,0.6,0.326,0.317
NYN201506120,2015-06-12,NYN,ATL,0,0,4.16,3.84,1e-06,1200.4511584455877,NYN,ATL,0.6,0.2,0.303,0.312
TEX201506120,2015-06-12,TEX,MIN,0,1,5.63,5.01,2350.5503898425545,1396.7696185124962,OAK,MIN,1.2,0.7,0.341,0.289
MIL201506120,2015-06-12,MIL,WAS,2,0,3.69,3.66,1e-06,1e-06,MIL,MIL,0.8,0.3,0.31,0.314
CHN201506120,2015-06-12,CHN,CIN,0,3,1.67,2.94,1e-06,1e-06,CHN,CHN,0.6,0.2,0.322,0.303
HOU201506120,2015-06-12,HOU,SEA,8,0,4.46,3.53,1516.5648050119732,1793.7234420980124,CHA,CLE,0.1,0.5,0.322,0.309
MIA201506120,2015-06-12,MIA,COL,0,0,5.25,6.32,1e-06,1e-06,MIA,MIA,0.7,0.8,0.312,0.277
SDN201506120,2015-06-12,SDN,LAN,0,0,4.06,3.34,3037.495642889967,179.52869961196944,ATL,LAN,0.5,0.1,0.306,0.33
BOS201506120,2015-06-12,BOS,TOR,5,0,4.14,5.22,578.81170796599,691.6136251477402,BAL,TOR,0.4,0.9,0.349,0.329
BAL201506120,2015-06-12,BAL,NYA,1,0,4.11,4.37,1e-06,272.81937803481173,BAL,NYA,0.4,0.3,0.327,0.319
PIT201506120,2015-06-12,PIT,PHI,0,0,2.98,6.94,1e-06,415.25842934625814,PIT,CIN,0.5,0.1,0.323,0.301
SLN201506120,2015-06-12,SLN,KCA,0,0,2.43,4.08,1279.0227614650469,750.9189277472408,COL,MIN,1.5,0.8,0.329,0.311
PIT201506130,2015-06-13,PIT,PHI,2,1,2.6,6.08,1e-06,1e-06,PIT,PIT,0.4,0.1,0.323,0.301
TBA201506130,2015-06-13,TBA,CHA,1,1,3.71,4.07,1e-06,1e-06,TBA,TBA,0.2,0.1,0.312,0.306
DET201506130,2015-06-13,DET,CLE,1,0,3.08,3.63,1e-06,1e-06,DET,DET,0.6,0.5,0.332,0.305
SLN201506130,2015-06-13,SLN,KCA,0,0,3.75,5.95,1e-06,1e-06,SLN,SLN,1.5,0.8,0.329,0.311
NYN201506130,2015-06-13,NYN,ATL,0,1,4.68,2.94,1e-06,1e-06,NYN,NYN,0.6,0.2,0.303,0.312
SDN201506130,2015-06-13,SDN,LAN,1,0,3.0,1.66,1e-06,1e-06,SDN,SDN,0.5,0.1,0.306,0.33
CHN201506130,2015-06-13,CHN,CIN,0,0,3.91,5.67,1e-06,1e-06,CHN,CHN,0.6,0.5,0.322,0.303
BOS201506130,2015-06-13,BOS,TOR,0,0,5.44,4.46,1e-06,1e-06,BOS,BOS,0.9,0.7,0.349,0.329
BAL201506130,2015-06-13,BAL,NYA,0,2,4.14,5.66,1e-06,1e-06,BAL,BAL,0.5,0.3,0.327,0.319
HOU201506130,2015-06-13,HOU,SEA,0,5,3.89,4.6,1e-06,1e-06,HOU,HOU,0.8,0.5,0.322,0.309
MIL201506130,2015-06-13,MIL,WAS,0,1,4.11,3.64,1e-06,1e-06,MIL,MIL,0.7,0.3,0.31,0.314
SFN201506130,2015-06-13,SFN,ARI,0,3,4.67,5.81,1e-06,1e-06,SFN,SFN,0.6,0.5,0.326,0.317
ANA201506130,2015-06-13,ANA,OAK,1,0,3.89,4.05,1e-06,1e-06,ANA,ANA,0.5,0.1,0.311,0.308
TEX201506130,2015-06-13,TEX,MIN,0,0,4.66,4.26,1e-06,1e-06,TEX,TEX,0.9,0.8,0.341,0.289
MIA201506130,2015-06-13,MIA,COL,2,0,4.95,6.09,1e-06,1e-06,MIA,MIA,0.7,0.8,0.312,0.277
TEX201506140,2015-06-14,TEX,MIN,0,2,2.99,3.55,1e-06,1e-06,TEX,TEX,0.7,0.7,0.341,0.289
TBA201506140,2015-06-14,TBA,CHA,0,0,5.52,3.41,1e-06,1e-06,TBA,TBA,0.3,0.2,0.312,0.306
BOS201506140,2015-06-14,BOS,TOR,0,0,3.85,3.13,1e-06,1e-06,BOS,BOS,0.9,0.7,0.349,0.329
BAL201506140,2015-06-14,BAL,NYA,2,1,6.04,3.09,1e-06,1e-06,BAL,BAL,0.5,0.5,0.327,0.319
CHN201506140,2015-06-14,CHN,CIN,0,0,7.36,3.93,1e-06,1e-06,CHN,CHN,0.6,0.5,0.322,0.303
HOU201506140,2015-06-14,HOU,SEA,3,0,3.22,4.14,1e-06,1e-06,HOU,HOU,0.8,1.0,0.322,0.309
DET201506140,2015-06-14,DET,CLE,1,0,5.05,3.49,1e-06,1e-06,DET,DET,0.7,0.5,0.332,0.305
MIA201506140,2015-06-14,MIA,COL,0,3,3.6,4.17,1e-06,1e-06,MIA,MIA,0.9,0.7,0.312,0.277
ANA201506140,2015-06-14,ANA,OAK,0,0,4.46,2.73,1e-06,1e-06,ANA,ANA,0.6,0.1,0.311,0.308
SFN201506140,2015-06-14,SFN,ARI,0,0,3.95,4.67,1e-06,1e-06,SFN,SFN,0.6,0.8,0.326,0.317
PIT201506140,2015-06-14,PIT,PHI,0,0,2.98,2.13,1e-06,1e-06,PIT,PIT,0.6,0.2,0.323,0.301
MIL201506140,2015-06-14,MIL,WAS,0,0,3.77,2.79,1e-06,1e-06,MIL,MIL,0.6,0.3,0.31,0.314
SDN201506140,2015-06-14,SDN,LAN,0,0,4.06,6.75,1e-06,1e-06,SDN,SDN,0.6,0.1,0.306,0.33
NYN201506140,2015-06-14,NYN,ATL,1,1,2.67,4.05,1e-06,1e-06,NYN,NYN,0.5,0.3,0.303,0.312
SFN201506150,2015-06-15,SFN,SEA,0,1,4.44,4.56,1e-06,2641.7391700833814,SFN,HOU,0.6,1.0,0.326,0.309
PIT201506150,2015-06-15,PIT,CHA,5,0,3.38,3.75,1e-06,1429.1664141131923,PIT,TBA,0.4,0.2,0.323,0.306
SLN201506150,2015-06-15,SLN,MIN,0,0,2.77,4.0,1e-06,897.3043892909234,SLN,TEX,1.4,0.6,0.329,0.289
MIL201506150,2015-06-15,MIL,KCA,0,3,5.85,3.55,1e-06,526.8349145670746,MIL,SLN,0.6,0.7,0.31,0.311
MIA201506150,2015-06-15,MIA,NYA,0,0,4.08,3.51,1e-06,1539.1317139517298,MIA,BAL,0.6,0.4,0.312,0.319
DET201506150,2015-06-15,DET,CIN,0,0,4.99,3.42,1e-06,380.91207013286544,DET,CHN,0.8,0.5,0.332,0.303
TEX201506150,2015-06-15,TEX,LAN,0,0,3.42,4.06,1e-06,1879.917699205684,TEX,SDN,0.7,0.1,0.341,0.33
ANA201506150,2015-06-15,ANA,ARI,0,0,4.64,3.52,1e-06,599.2380275896384,ANA,SFN,0.6,0.6,0.311,0.317
TBA201506150,2015-06-15,TBA,WAS,0,0,3.75,3.79,1e-06,1768.0127004273768,TBA,MIL,0.3,0.3,0.312,0.314
BOS201506150,2015-06-15,BOS,ATL,0,0,4.92,4.78,1e-06,306.2037667286439,BOS,NYN,0.9,0.4,0.349,0.312
HOU201506150,2015-06-15,HOU,COL,4,0,2.48,4.23,1e-06,1555.6920636215998,HOU,MIA,1.1,1.0,0.322,0.277
BAL201506150,2015-06-15,BAL,PHI,0,0,3.34,4.86,1e-06,314.0609856627503,BAL,PIT,0.7,0.2,0.327,0.301
NYN201506150,2015-06-15,NYN,TOR,0,1,3.67,2.48,1e-06,306.2037667286439,NYN,BOS,0.6,0.4,0.303,0.329
SDN201506150,2015-06-15,SDN,OAK,0,0,3.26,3.35,1e-06,141.8121399568677,SDN,ANA,0.6,0.1,0.306,0.308
MIL201506160,2015-06-16,MIL,KCA,0,2,5.63,,1e-06,1e-06,MIL,MIL,0.5,1.0,0.31,0.311
SFN201506160,2015-06-16,SFN,SEA,0,0,4.13,3.61,1e-06,1e-06,SFN,SFN,0.6,1.1,0.326,0.309
PIT201506160,2015-06-16,PIT,CHA,0,0,4.81,3.36,1e-06,1e-06,PIT,PIT,0.9,0.1,0.323,0.306
MIA201506160,2015-06-16,MIA,NYA,8,0,4.5,4.2,1e-06,1e-06,MIA,MIA,0.5,0.4,0.312,0.319
TEX201506160,2015-06-16,TEX,LAN,1,0,2.99,6.75,1e-06,1e-06,TEX,TEX,0.7,0.1,0.341,0.33
NYN201506160,2015-06-16,NYN,TOR,0,0,2.71,6.46,1e-06,1e-06,NYN,NYN,0.5,0.5,0.303,0.329
TBA201506160,2015-06-16,TBA,WAS,0,0,3.94,4.38,1e-06,1e-06,TBA,TBA,0.3,0.3,0.312,0.314
DET201506160,2015-06-16,DET,CIN,1,0,4.47,5.4,1e-06,1e-06,DET,DET,0.8,0.5,0.332,0.303
BOS201506160,2015-06-16,BOS,ATL,2,0,4.46,4.04,1e-06,1e-06,BOS,BOS,0.9,0.4,0.349,0.312
CHN201506160,2015-06-16,CHN,CLE,0,0,1.77,4.55,1e-06,380.91207013286544,CHN,DET,0.5,0.1,0.322,0.305
SDN201506160,2015-06-16,SDN,OAK,0,0,2.58,4.35,1e-06,1e-06,SDN,SDN,0.6,0.0,0.306,0.308
BAL201506160,2015-06-16,BAL,PHI,6,0,4.99,5.8,1e-06,1e-06,BAL,BAL,0.5,0.2,0.327,0.301
HOU201506160,2015-06-16,HOU,COL,1,0,1.9,5.33,1e-06,1e-06,HOU,HOU,1.5,0.9,0.322,0.277
ANA201506160,2015-06-16,ANA,ARI,0,0,3.65,4.62,1e-06,1e-06,ANA,ANA,0.4,0.6,0.311,0.317
SLN201506160,2015-06-16,SLN,MIN,0,1,3.38,3.84,1e-06,1e-06,SLN,SLN,1.0,0.4,0.329,0.289
ATL201506170,2015-06-17,ATL,BOS,0,0,4.68,4.14,1506.627841528967,1506.627841528967,BOS,BOS,0.3,0.1,0.317,0.302
CHA201506170,2015-06-17,CHA,PIT,0,3,4.71,4.49,660.0502267315369,660.0502267315369,PIT,PIT,0.5,0.4,0.307,0.322
WAS201506170,2015-06-17,WAS,TBA,0,0,3.66,4.11,1340.493838211085,1340.493838211085,TBA,TBA,0.0,0.4,0.328,0.316
CLE201506170,2015-06-17,CLE,CHN,0,0,5.4,3.62,494.38381964269325,494.38381964269325,CHN,CHN,0.3,0.4,0.344,0.317
TOR201506170,2015-06-17,TOR,NYN,0,0,5.57,4.13,550.2922217550002,550.2922217550002,NYN,NYN,1.3,0.4,0.347,0.316
MIN201506170,2015-06-17,MIN,SLN,0,0,,3.01,750.9189277472408,750.9189277472408,SLN,SLN,0.5,0.2,0.322,0.311
CIN201506170,2015-06-17,CIN,DET,0,0,3.93,5.79,380.0544669682655,380.0544669682655,DET,DET,1.4,0.2,0.322,0.324
OAK201506170,2015-06-17,OAK,SDN,4,0,4.18,5.8,731.4285571970996,731.4285571970996,SDN,SDN,0.2,0.3,0.316,0.295
SEA201506170,2015-06-17,SEA,SFN,0,0,3.53,2.93,1092.0187760809354,1092.0187760809354,SFN,SFN,0.0,0.8,0.313,0.327
PHI201506170,2015-06-17,PHI,BAL,1,1,6.56,4.11,144.5656230575587,144.5656230575587,BAL,BAL,0.5,0.2,0.304,0.289
COL201506170,2015-06-17,COL,HOU,0,2,6.32,4.46,1412.379089095518,1412.379089095518,HOU,HOU,1.0,0.3,0.352,0.308
ARI201506170,2015-06-17,ARI,ANA,1,0,4.3,3.59,540.0297061463508,540.0297061463508,ANA,ANA,0.6,0.7,0.331,0.302
KCA201506170,2015-06-17,KCA,MIL,0,0,2.84,3.69,707.8851314063497,707.8851314063497,MIL,MIL,0.5,0.3,0.333,0.304
LAN201506170,2015-06-17,LAN,TEX,0,0,2.13,4.9,1971.1455630393184,1971.1455630393184,TEX,TEX,0.3,0.7,0.32,0.306
NYA201506170,2015-06-17,NYA,MIA,1,0,4.37,5.25,1756.5620451799746,1756.5620451799746,MIA,MIA,1.8,0.3,0.325,0.308
TOR201506180,2015-06-18,TOR,NYN,0,0,3.91,4.16,1e-06,1e-06,TOR,TOR,1.3,0.4,0.347,0.316
LAN201506180,2015-06-18,LAN,TEX,0,0,2.41,2.39,1e-06,1e-06,LAN,LAN,0.2,0.6,0.32,0.306
SEA201506180,2015-06-18,SEA,SFN,0,0,4.6,4.67,1e-06,1e-06,SEA,SEA,0.0,0.8,0.313,0.327
CLE201506180,2015-06-18,CLE,CHN,2,0,3.0,3.84,1e-06,1e-06,CLE,CLE,0.3,0.4,0.344,0.317
COL201506180,2015-06-18,COL,HOU,3,1,6.09,3.89,1e-06,1e-06,COL,COL,1.0,0.2,0.352,0.308
ARI201506180,2015-06-18,ARI,ANA,0,0,5.81,3.89,1e-06,1e-06,ARI,ARI,0.6,0.6,0.331,0.302
CHA201506180,2015-06-18,CHA,PIT,0,0,3.63,2.6,1e-06,1e-06,CHA,CHA,0.5,0.4,0.307,0.322
PHI201506180,2015-06-18,PHI,BAL,0,1,4.01,6.72,1e-06,1e-06,PHI,PHI,0.6,0.3,0.304,0.289
MIN201506180,2015-06-18,MIN,SLN,0,0,2.49,2.95,1e-06,1e-06,MIN,MIN,0.5,0.2,0.322,0.311
WAS201506180,2015-06-18,WAS,TBA,2,0,4.19,3.23,1e-06,1e-06,WAS,WAS,0.0,0.4,0.328,0.316
OAK201506180,2015-06-18,OAK,SDN,0,0,4.05,4.28,1e-06,1e-06,OAK,OAK,0.6,0.3,0.316,0.295
NYA201506180,2015-06-18,NYA,MIA,1,0,3.09,4.5,1e-06,1e-06,NYA,NYA,1.9,0.3,0.325,0.308
ATL201506180,2015-06-18,ATL,BOS,0,0,3.02,3.26,1e-06,1e-06,ATL,ATL,0.3,0.1,0.317,0.302
KCA201506180,2015-06-18,KCA,MIL,2,0,5.95,4.11,1e-06,1e-06,KCA,KCA,0.5,0.3,0.333,0.304
COL201506190,2015-06-19,COL,MIL,0,3,4.17,3.77,1e-06,896.2397141964761,COL,KCA,1.3,0.2,0.352,0.304
CHA201506190,2015-06-19,CHA,TEX,0,0,3.41,4.66,1e-06,2804.824680217871,CHA,LAN,0.5,0.3,0.307,0.306
MIN201506190,2015-06-19,MIN,CHN,2,0,4.4,3.95,1e-06,1013.2251113855248,MIN,CLE,0.1,0.2,0.322,0.317
WAS201506190,2015-06-19,WAS,PIT,2,0,3.64,3.18,1e-06,956.88299544195,WAS,CHA,0.2,0.4,0.328,0.322
CIN201506190,2015-06-19,CIN,MIA,0,0,3.7,3.6,1e-06,913.3322258208744,CIN,NYA,1.3,0.3,0.322,0.308
ARI201506190,2015-06-19,ARI,SDN,1,0,4.67,3.91,1e-06,1040.2976618519092,ARI,OAK,0.4,0.3,0.331,0.295
KCA201506190,2015-06-19,KCA,BOS,0,0,3.26,3.85,1e-06,1087.4766965335918,KCA,ATL,0.4,0.1,0.333,0.302
SEA201506190,2015-06-19,SEA,HOU,2,1,4.14,3.22,1e-06,1640.846947858291,SEA,COL,0.0,0.3,0.313,0.308
NYA201506190,2015-06-19,NYA,DET,1,0,3.29,3.38,1e-06,913.3322258208744,NYA,CIN,1.8,0.2,0.325,0.324
OAK201506190,2015-06-19,OAK,ANA,3,0,4.75,4.24,1e-06,1040.2976618519092,OAK,ARI,0.6,0.6,0.316,0.302
PHI201506190,2015-06-19,PHI,SLN,0,0,13.5,3.75,1e-06,1582.6741426537678,PHI,MIN,0.6,0.2,0.304,0.311
TOR201506190,2015-06-19,TOR,BAL,2,0,3.13,6.04,1e-06,539.7375980826044,TOR,PHI,0.9,0.4,0.347,0.289
LAN201506190,2015-06-19,LAN,SFN,0,0,3.62,3.95,1e-06,1545.141516309272,LAN,SEA,0.2,0.8,0.32,0.327
ATL201506190,2015-06-19,ATL,NYN,0,0,4.71,2.54,1e-06,1183.2911929642491,ATL,TOR,0.3,0.4,0.317,0.316
CLE201506190,2015-06-19,CLE,TBA,1,1,3.63,,1e-06,490.8851885982564,CLE,WAS,0.4,0.3,0.344,0.316
SEA201506200,2015-06-20,SEA,HOU,0,0,4.56,2.48,1e-06,1e-06,SEA,SEA,0.2,0.4,0.313,0.308
COL201506200,2015-06-20,COL,MIL,0,0,4.23,5.85,1e-06,1e-06,COL,COL,1.3,0.5,0.352,0.304
PHI201506200,2015-06-20,PHI,SLN,0,0,4.86,2.77,1e-06,1e-06,PHI,PHI,0.5,0.0,0.304,0.311
CHA201506200,2015-06-20,CHA,TEX,0,0,3.75,3.96,1e-06,1e-06,CHA,CHA,0.5,0.3,0.307,0.306
ATL201506200,2015-06-20,ATL,NYN,0,2,4.78,2.31,1e-06,1e-06,ATL,ATL,0.3,0.4,0.317,0.316
LAN201506200,2015-06-20,LAN,SFN,2,2,4.06,4.44,1e-06,1e-06,LAN,LAN,0.2,0.7,0.32,0.327
NYA201506200,2015-06-20,NYA,DET,1,0,4.2,5.05,1e-06,1e-06,NYA,NYA,1.1,0.1,0.325,0.324
CIN201506200,2015-06-20,CIN,MIA,0,0,4.05,4.01,1e-06,1e-06,CIN,CIN,1.2,0.3,0.322,0.308
KCA201506200,2015-06-20,KCA,BOS,0,1,3.55,4.92,1e-06,1e-06,KCA,KCA,0.4,0.1,0.333,0.302
MIN201506200,2015-06-20,MIN,CHN,0,0,2.49,3.91,1e-06,1e-06,MIN,MIN,0.3,0.2,0.322,0.317
TOR201506200,2015-06-20,TOR,BAL,1,1,4.46,1.52,1e-06,1e-06,TOR,TOR,1.0,0.4,0.347,0.289
WAS201506200,2015-06-20,WAS,PIT,0,0,2.79,3.38,1e-06,1e-06,WAS,WAS,0.4,0.3,0.328,0.322
ARI201506200,2015-06-20,ARI,SDN,0,0,3.52,3.26,1e-06,1e-06,ARI,ARI,0.4,0.3,0.331,0.295
CLE201506200,2015-06-20,CLE,TBA,0,3,3.49,2.35,1e-06,1e-06,CLE,CLE,0.3,0.4,0.344,0.316
OAK201506200,2015-06-20,OAK,ANA,1,0,3.35,4.64,1e-06,1e-06,OAK,OAK,0.9,0.4,0.316,0.302
WAS201506210,2015-06-21,WAS,PIT,9,0,3.79,4.81,1e-06,1e-06,WAS,WAS,0.4,0.3,0.328,0.322
ARI201506210,2015-06-21,ARI,SDN,0,0,4.62,4.34,1e-06,1e-06,ARI,ARI,0.4,0.1,0.331,0.295
ATL201506210,2015-06-21,ATL,NYN,0,0,4.04,2.71,1e-06,1e-06,ATL,ATL,0.1,0.4,0.317,0.316
PHI201506210,2015-06-21,PHI,SLN,0,0,4.48,3.38,1e-06,1e-06,PHI,PHI,0.5,0.0,0.304,0.311
OAK201506210,2015-06-21,OAK,ANA,0,0,3.1,3.65,1e-06,1e-06,OAK,OAK,1.0,0.4,0.316,0.302
KCA201506210,2015-06-21,KCA,BOS,0,0,,4.46,1e-06,1e-06,KCA,KCA,0.4,0.2,0.333,0.302
TOR201506210,2015-06-21,TOR,BAL,0,0,2.48,1.52,1e-06,1e-06,TOR,TOR,1.1,0.5,0.347,0.289
CIN201506210,2015-06-21,CIN,MIA,2,1,5.4,4.5,1e-06,1e-06,CIN,CIN,1.2,0.3,0.322,0.308
CLE201506210,2015-06-21,CLE,TBA,0,0,2.99,2.33,1e-06,1e-06,CLE,CLE,0.3,0.7,0.344,0.316
COL201506210,2015-06-21,COL,MIL,0,0,5.33,5.63,1e-06,1e-06,COL,COL,1.2,0.5,0.352,0.304
NYA201506210,2015-06-21,NYA,DET,0,5,3.51,4.99,1e-06,1e-06,NYA,NYA,1.0,0.1,0.325,0.324
SEA201506210,2015-06-21,SEA,HOU,1,1,3.61,1.9,1e-06,1e-06,SEA,SEA,0.2,0.4,0.313,0.308
MIN201506210,2015-06-21,MIN,CHN,0,0,3.84,1.77,1e-06,1e-06,MIN,MIN,0.2,0.2,0.322,0.317
CHA201506210,2015-06-21,CHA,TEX,0,1,3.63,2.87,1e-06,1e-06,CHA,CHA,0.5,0.3,0.307,0.306
LAN201506210,2015-06-21,LAN,SFN,1,0,3.69,4.13,1e-06,1e-06,LAN,LAN,0.4,0.9,0.32,0.327
NYA201506220,2015-06-22,NYA,PHI,2,1,4.37,4.01,1e-06,129.48897528262268,NYA,PHI,1.0,0.2,0.325,0.301
TBA201506220,2015-06-22,TBA,TOR,1,0,4.11,5.57,1529.408250521614,1789.459752085548,CLE,TOR,0.3,0.5,0.312,0.329
CHN201506220,2015-06-22,CHN,LAN,0,0,3.84,2.13,571.0232496384983,2804.824680217871,MIN,LAN,0.5,0.1,0.322,0.33
MIN201506220,2015-06-22,MIN,CHA,1,0,,4.71,1e-06,571.0232496384983,MIN,CHA,0.2,0.1,0.322,0.306
SEA201506220,2015-06-22,SEA,KCA,1,0,3.53,2.84,1e-06,2418.3539462011913,SEA,KCA,0.3,1.2,0.313,0.311
CLE201506220,2015-06-22,CLE,DET,0,1,4.55,3.08,1e-06,649.8727601989037,CLE,NYA,0.3,0.6,0.344,0.324
ANA201506220,2015-06-22,ANA,HOU,0,0,3.18,4.38,592.0809005913671,1575.276973597757,OAK,SEA,0.4,0.5,0.311,0.308
BOS201506230,2015-06-23,BOS,BAL,0,0,4.82,4.11,2008.0645584325655,691.6136251477402,KCA,TOR,1.1,0.5,0.349,0.289
NYA201506230,2015-06-23,NYA,PHI,1,0,1.5,1.8,1e-06,1e-06,NYA,NYA,1.2,0.3,0.325,0.301
COL201506230,2015-06-23,COL,ARI,0,0,6.32,4.3,1e-06,942.6579354569092,COL,ARI,1.2,0.5,0.352,0.317
MIL201506230,2015-06-23,MIL,NYN,1,0,2.7,3.67,1465.0252316671194,1079.4745171093869,COL,ATL,0.5,0.3,0.31,0.316
SFN201506230,2015-06-23,SFN,SDN,0,0,2.45,3.0,559.4406195325591,1050.993394248722,LAN,ARI,0.4,0.1,0.326,0.295
TBA201506230,2015-06-23,TBA,TOR,0,0,3.23,3.91,1e-06,1e-06,TBA,TBA,0.2,0.5,0.312,0.329
MIA201506230,2015-06-23,MIA,SLN,2,0,2.63,3.01,1534.6263109130673,1644.1190984600378,CIN,PHI,1.3,0.0,0.312,0.311
TEX201506230,2015-06-23,TEX,OAK,0,0,3.9,4.18,1309.650558347085,2350.5503898425545,CHA,OAK,0.8,0.0,0.341,0.308
ANA201506230,2015-06-23,ANA,HOU,0,1,3.89,3.89,1e-06,1e-06,ANA,ANA,0.2,0.5,0.311,0.308
CLE201506230,2015-06-23,CLE,DET,0,0,3.45,2.45,1e-06,1e-06,CLE,CLE,0.3,0.7,0.344,0.324
WAS201506230,2015-06-23,WAS,ATL,1,0,3.46,3.84,1e-06,874.0887985860761,WAS,ATL,1.3,0.4,0.328,0.312
CHN201506230,2015-06-23,CHN,LAN,0,0,3.91,4.34,1e-06,1e-06,CHN,CHN,0.4,0.1,0.322,0.33
MIN201506230,2015-06-23,MIN,CHA,1,0,4.26,4.96,1e-06,1e-06,MIN,MIN,0.3,0.1,0.322,0.306
PIT201506230,2015-06-23,PIT,CIN,0,3,2.64,3.42,305.44483751928374,415.25842934625814,WAS,CIN,0.9,0.5,0.323,0.303
SEA201506230,2015-06-23,SEA,KCA,0,0,4.6,5.95,1e-06,1e-06,SEA,SEA,0.4,1.1,0.313,0.311
SEA201506240,2015-06-24,SEA,KCA,0,0,4.14,2.13,1e-06,1e-06,SEA,SEA,0.4,1.0,0.313,0.311
MIA201506240,2015-06-24,MIA,SLN,0,0,4.95,2.43,1e-06,1e-06,MIA,MIA,1.5,0.0,0.312,0.311
SFN201506240,2015-06-24,SFN,SDN,0,0,4.67,4.28,1e-06,1e-06,SFN,SFN,0.4,0.1,0.326,0.295
TEX201506240,2015-06-24,TEX,OAK,0,5,4.9,4.05,1e-06,1e-06,TEX,TEX,0.7,0.0,0.341,0.308
WAS201506240,2015-06-24,WAS,ATL,0,0,,5.4,1e-06,1e-06,WAS,WAS,1.4,0.4,0.328,0.312
MIL201506240,2015-06-24,MIL,NYN,2,0,4.11,4.16,1e-06,1e-06,MIL,MIL,0.6,0.3,0.31,0.316
NYA201506240,2015-06-24,NYA,PHI,0,0,5.07,3.65,1e-06,1e-06,NYA,NYA,0.7,0.3,0.325,0.301
PIT201506240,2015-06-24,PIT,CIN,0,4,2.6,3.7,1e-06,1e-06,PIT,PIT,0.8,0.8,0.323,0.303
CLE201506240,2015-06-24,CLE,DET,0,0,3.63,7.36,1e-06,1e-06,CLE,CLE,0.3,0.7,0.344,0.324
BOS201506240,2015-06-24,BOS,BAL,0,0,3.26,6.72,1e-06,1e-06,BOS,BOS,1.0,0.5,0.349,0.289
COL201506240,2015-06-24,COL,ARI,2,0,4.2,3.86,1e-06,1e-06,COL,COL,0.8,0.5,0.352,0.317
CHN201506240,2015-06-24,CHN,LAN,0,0,3.95,1.43,1e-06,1e-06,CHN,CHN,0.3,0.1,0.322,0.33
MIN201506240,2015-06-24,MIN,CHA,0,0,4.4,3.41,1e-06,1e-06,MIN,MIN,0.4,0.1,0.322,0.306
TBA201506240,2015-06-24,TBA,TOR,0,0,4.27,2.48,1e-06,1e-06,TBA,TBA,0.2,0.5,0.312,0.329
ANA201506240,2015-06-24,ANA,HOU,0,0,3.49,3.18,1e-06,1e-06,ANA,ANA,0.2,0.6,0.311,0.308
SFN201506250,2015-06-25,SFN,SDN,2,0,3.95,3.91,1e-06,1e-06,SFN,SFN,0.4,0.1,0.326,0.295
PIT201506250,2015-06-25,PIT,CIN,0,1,2.64,3.42,1e-06,1e-06,PIT,PIT,0.8,1.1,0.323,0.303
COL201506250,2015-06-25,COL,ARI,0,0,4.05,3.86,1e-06,1e-06,COL,COL,1.0,0.4,0.352,0.317
HOU201506250,2015-06-25,HOU,NYA,0,0,2.48,3.29,2169.9670210701,2282.180747677387,ANA,NYA,1.6,0.4,0.322,0.319
BOS201506250,2015-06-25,BOS,BAL,0,0,3.85,4.91,1e-06,1e-06,BOS,BOS,1.0,0.4,0.349,0.289
MIL201506250,2015-06-25,MIL,NYN,0,0,2.43,2.54,1e-06,1e-06,MIL,MIL,0.7,0.3,0.31,0.316
WAS201506250,2015-06-25,WAS,ATL,1,0,4.19,4.71,1e-06,1e-06,WAS,WAS,1.4,0.4,0.328,0.312
TEX201506250,2015-06-25,TEX,OAK,0,0,2.39,2.73,1e-06,1e-06,TEX,TEX,0.6,0.5,0.341,0.308
DET201506250,2015-06-25,DET,CHA,2,1,4.88,3.41,145.52553501827433,872.516450655481,CLE,MIN,0.4,0.1,0.332,0.306
CHN201506250,2015-06-25,CHN,LAN,0,2,3.34,4.06,1e-06,1e-06,CHN,CHN,0.3,0.0,0.322,0.33
MIA201506250,2015-06-25,MIA,SLN,0,0,3.6,3.03,1e-06,1e-06,MIA,MIA,1.5,0.0,0.312,0.311
PHI201506260,2015-06-26,PHI,WAS,0,1,4.86,2.79,129.48897528262268,197.2342958595587,NYA,WAS,0.5,0.3,0.304,0.314
NYN201506260,2015-06-26,NYN,CIN,1,0,3.24,3.44,1181.7674036325852,505.04779123783345,MIL,PIT,0.5,1.2,0.303,0.303
DET201506260,2015-06-26,DET,CHA,1,1,5.81,3.41,1e-06,1e-06,DET,DET,0.6,0.2,0.332,0.306
TOR201506260,2015-06-26,TOR,TEX,4,1,3.81,3.96,1789.459752085548,1953.690097165916,TBA,TEX,1.1,0.3,0.347,0.306
SLN201506260,2015-06-26,SLN,CHN,0,0,4.26,1.99,1707.3616110149374,422.4920912040455,MIA,CHN,0.9,0.0,0.329,0.317
BAL201506260,2015-06-26,BAL,CLE,0,0,1.52,5.66,578.81170796599,495.2645964012307,BOS,CLE,1.1,0.1,0.327,0.305
HOU201506260,2015-06-26,HOU,NYA,0,0,1.9,4.2,1e-06,1e-06,HOU,HOU,1.6,0.3,0.322,0.319
PIT201506260,2015-06-26,PIT,ATL,0,0,2.23,2.94,1e-06,305.44483751928374,PIT,WAS,0.8,0.4,0.323,0.312
SDN201506260,2015-06-26,SDN,ARI,1,0,3.26,3.52,738.1265117326025,1340.79250926624,SFN,COL,0.6,0.4,0.306,0.317
MIL201506260,2015-06-26,MIL,MIN,6,1,5.85,4.0,1e-06,476.3851219130703,MIL,MIN,0.6,0.5,0.31,0.289
MIA201506260,2015-06-26,MIA,LAN,1,0,4.01,3.69,1e-06,1915.1205670973725,MIA,CHN,1.5,0.2,0.312,0.33
ANA201506260,2015-06-26,ANA,SEA,1,0,4.46,4.56,1e-06,1575.276973597757,ANA,SEA,0.2,0.9,0.311,0.309
TBA201506260,2015-06-26,TBA,BOS,0,0,3.74,3.99,1e-06,1926.694381718032,TBA,BOS,0.2,0.2,0.312,0.302
SFN201506260,2015-06-26,SFN,COL,0,0,4.44,4.23,1e-06,1524.5101947303656,SFN,COL,0.4,0.9,0.326,0.277
OAK201506260,2015-06-26,OAK,KCA,0,0,3.35,3.55,2350.5503898425545,1089.6592015072615,TEX,SEA,1.0,1.0,0.316,0.311
SFN201506270,2015-06-27,SFN,COL,0,3,2.33,6.18,1e-06,1e-06,SFN,SFN,0.2,0.6,0.326,0.277
SDN201506270,2015-06-27,SDN,ARI,2,0,4.34,4.62,1e-06,1e-06,SDN,SDN,0.6,0.4,0.306,0.317
PIT201506270,2015-06-27,PIT,ATL,5,0,4.81,4.04,1e-06,1e-06,PIT,PIT,0.8,0.3,0.323,0.312
OAK201506270,2015-06-27,OAK,KCA,1,0,3.1,,1e-06,1e-06,OAK,OAK,1.0,1.0,0.316,0.311
HOU201506270,2015-06-27,HOU,NYA,0,4,3.62,3.09,1e-06,1e-06,HOU,HOU,1.6,0.3,0.322,0.319
NYN201506270,2015-06-27,NYN,CIN,0,0,6.38,6.0,1e-06,1e-06,NYN,NYN,0.5,1.1,0.303,0.303
MIA201506270,2015-06-27,MIA,LAN,2,1,4.08,2.13,1e-06,1e-06,MIA,MIA,1.6,0.2,0.312,0.33
ANA201506270,2015-06-27,ANA,SEA,2,0,3.65,3.61,1e-06,1e-06,ANA,ANA,0.3,0.7,0.311,0.309
SLN201506270,2015-06-27,SLN,CHN,0,0,3.38,10.8,1e-06,1e-06,SLN,SLN,0.8,0.0,0.329,0.317
TOR201506270,2015-06-27,TOR,TEX,0,0,7.53,3.42,1e-06,1e-06,TOR,TOR,1.4,0.2,0.347,0.306
MIL201506270,2015-06-27,MIL,MIN,0,0,5.63,3.84,1e-06,1e-06,MIL,MIL,1.2,0.5,0.31,0.289
TBA201506270,2015-06-27,TBA,BOS,0,0,4.11,4.46,1e-06,1e-06,TBA,TBA,0.2,0.2,0.312,0.302
PHI201506282,2015-06-28,PHI,WAS,0,0,7.92,4.38,1e-06,1e-06,PHI,PHI,0.5,0.3,0.304,0.314
HOU201506280,2015-06-28,HOU,NYA,0,0,3.89,4.37,1e-06,1e-06,HOU,HOU,1.6,0.7,0.322,0.319
DET201506280,2015-06-28,DET,CHA,0,0,2.53,4.07,1e-06,1e-06,DET,DET,0.7,0.3,0.332,0.306
PHI201506281,2015-06-28,PHI,WAS,0,0,6.56,3.46,1e-06,1e-06,PHI,PHI,0.3,0.3,0.304,0.314
MIL201506280,2015-06-28,MIL,MIN,0,0,2.7,3.55,1e-06,1e-06,MIL,MIL,1.1,0.5,0.31,0.289
NYN201506280,2015-06-28,NYN,CIN,0,1,2.27,,1e-06,1e-06,NYN,NYN,0.4,1.1,0.303,0.303
TBA201506280,2015-06-28,TBA,BOS,0,0,3.23,5.61,1e-06,1e-06,TBA,TBA,0.2,0.1,0.312,0.302
ANA201506280,2015-06-28,ANA,SEA,0,0,3.02,3.19,1e-06,1e-06,ANA,ANA,0.4,0.7,0.311,0.309
SFN201506280,2015-06-28,SFN,COL,1,2,2.93,6.32,1e-06,1e-06,SFN,SFN,0.2,0.8,0.326,0.277
OAK201506280,2015-06-28,OAK,KCA,0,0,4.18,5.95,1e-06,1e-06,OAK,OAK,1.1,0.9,0.316,0.311
TOR201506280,2015-06-28,TOR,TEX,0,0,5.57,3.9,1e-06,1e-06,TOR,TOR,1.3,0.2,0.347,0.306
BAL201506281,2015-06-28,BAL,CLE,0,0,4.11,4.55,1e-06,1e-06,BAL,BAL,1.1,0.1,0.327,0.305
BAL201506282,2015-06-28,BAL,CLE,0,0,4.99,8.1,1e-06,1e-06,BAL,BAL,1.0,0.0,0.327,0.305
SLN201506280,2015-06-28,SLN,CHN,0,0,3.01,3.74,1e-06,1e-06,SLN,SLN,0.7,0.0,0.329,0.317
SDN201506280,2015-06-28,SDN,ARI,1,0,5.8,4.3,1e-06,1e-06,SDN,SDN,0.6,0.3,0.306,0.317
MIA201506280,2015-06-28,MIA,LAN,0,0,5.25,1.66,1e-06,1e-06,MIA,MIA,1.5,0.3,0.312,0.33
PIT201506280,2015-06-28,PIT,ATL,0,0,4.49,3.84,1e-06,1e-06,PIT,PIT,1.2,0.2,0.323,0.312
ANA201506290,2015-06-29,ANA,NYA,1,0,3.89,4.73,1e-06,2169.9670210701,ANA,HOU,0.4,0.7,0.311,0.319
TBA201506290,2015-06-29,TBA,CLE,0,1,,3.05,1e-06,1393.7772067986984,TBA,BAL,0.2,0.0,0.312,0.305
PHI201506290,2015-06-29,PHI,MIL,2,1,6.08,4.11,1e-06,1117.7982780855818,PHI,MIL,0.1,0.4,0.304,0.304
BAL201506290,2015-06-29,BAL,TEX,0,0,6.72,4.9,1e-06,537.0332419152472,BAL,TOR,1.0,0.2,0.327,0.306
OAK201506290,2015-06-29,OAK,COL,4,0,4.05,6.09,1e-06,13.027453191410114,OAK,SFN,1.1,1.0,0.316,0.277
CIN201506290,2015-06-29,CIN,MIN,3,0,6.0,4.26,913.3322258208744,525.1892238126902,NYN,MIL,1.4,0.5,0.322,0.289
ARI201506290,2015-06-29,ARI,LAN,0,1,4.67,3.35,481.0116378281714,3182.157566983313,SDN,MIA,0.4,0.3,0.331,0.33
TOR201506290,2015-06-29,TOR,BOS,0,0,3.91,3.26,1e-06,1789.459752085548,TOR,TBA,0.7,0.1,0.347,0.302
HOU201506290,2015-06-29,HOU,KCA,0,0,3.22,2.84,1e-06,2629.671879056886,HOU,OAK,1.6,0.5,0.322,0.311
HOU201506300,2015-06-30,HOU,KCA,0,0,2.48,4.08,1e-06,1e-06,HOU,HOU,1.6,0.5,0.322,0.311
PHI201506300,2015-06-30,PHI,MIL,0,2,1.8,3.41,1e-06,1e-06,PHI,PHI,0.3,0.4,0.304,0.304
OAK201506300,2015-06-30,OAK,COL,0,0,3.56,4.17,1e-06,1e-06,OAK,OAK,1.4,0.8,0.316,0.277
SLN201506300,2015-06-30,SLN,CHA,0,0,1.82,6.3,1e-06,731.229570844315,SLN,DET,0.5,0.3,0.329,0.306
ATL201506300,2015-06-30,ATL,WAS,0,4,3.02,3.66,840.3908477621023,1071.2330338826837,PIT,PHI,0.1,0.3,0.317,0.314
ANA201506300,2015-06-30,ANA,NYA,0,0,3.49,5.07,1e-06,1e-06,ANA,ANA,0.4,0.7,0.311,0.319
NYN201506300,2015-06-30,NYN,CHN,0,0,4.13,3.95,1e-06,1403.0288811452067,NYN,SLN,0.4,0.0,0.303,0.317
DET201506300,2015-06-30,DET,PIT,0,0,2.19,6.48,1e-06,331.7516309667575,DET,PIT,0.7,0.3,0.332,0.322
SDN201506300,2015-06-30,SDN,SEA,0,0,4.28,4.6,1e-06,141.8121399568677,SDN,ANA,0.7,0.6,0.306,0.309
CIN201506300,2015-06-30,CIN,MIN,0,1,4.05,4.4,1e-06,1e-06,CIN,CIN,1.7,0.5,0.322,0.289
MIA201506300,2015-06-30,MIA,SFN,0,1,4.95,4.67,1e-06,4167.0413845935145,MIA,SFN,1.5,0.9,0.312,0.327
ARI201506300,2015-06-30,ARI,LAN,0,0,4.28,4.34,1e-06,1e-06,ARI,ARI,0.4,0.4,0.331,0.33
TOR201506300,2015-06-30,TOR,BOS,0,2,3.13,3.85,1e-06,1e-06,TOR,TOR,0.7,0.1,0.347,0.302
BAL201506300,2015-06-30,BAL,TEX,3,0,4.91,4.66,1e-06,1e-06,BAL,BAL,1.0,0.2,0.327,0.306
TBA201506300,2015-06-30,TBA,CLE,0,0,3.75,3.45,1e-06,1e-06,TBA,TBA,0.1,0.1,0.312,0.305
SLN201507010,2015-07-01,SLN,CHA,1,0,2.77,3.36,1e-06,1e-06,SLN,SLN,0.5,0.2,0.329,0.306
TBA201507010,2015-07-01,TBA,CLE,0,0,3.94,3.63,1e-06,1e-06,TBA,TBA,0.1,0.1,0.312,0.305
ARI201507010,2015-07-01,ARI,LAN,0,1,3.52,3.69,1e-06,1e-06,ARI,ARI,0.4,0.4,0.331,0.33
ANA201507010,2015-07-01,ANA,NYA,0,0,4.46,4.2,1e-06,1e-06,ANA,ANA,0.4,0.7,0.311,0.319
NYN201507010,2015-07-01,NYN,CHN,0,0,4.68,3.91,1e-06,1e-06,NYN,NYN,0.2,0.0,0.303,0.317
HOU201507010,2015-07-01,HOU,KCA,0,2,3.1,2.71,1e-06,1e-06,HOU,HOU,0.8,0.5,0.322,0.311
DET201507010,2015-07-01,DET,PIT,0,0,5.05,3.18,1e-06,1e-06,DET,DET,0.6,0.3,0.332,0.322
SDN201507010,2015-07-01,SDN,SEA,0,0,3.91,4.56,1e-06,1e-06,SDN,SDN,0.7,0.6,0.306,0.309
BAL201507010,2015-07-01,BAL,TEX,0,0,3.34,3.96,1e-06,1e-06,BAL,BAL,1.2,0.2,0.327,0.306
TOR201507010,2015-07-01,TOR,BOS,5,0,3.81,4.92,1e-06,1e-06,TOR,TOR,0.7,0.3,0.347,0.302
PHI201507010,2015-07-01,PHI,MIL,0,2,4.86,5.85,1e-06,1e-06,PHI,PHI,0.3,0.6,0.304,0.304
OAK201507010,2015-07-01,OAK,COL,0,0,3.35,4.23,1e-06,1e-06,OAK,OAK,1.3,0.8,0.316,0.277
ATL201507010,2015-07-01,ATL,WAS,0,0,4.71,4.19,1e-06,1e-06,ATL,ATL,0.1,0.7,0.317,0.314
CIN201507010,2015-07-01,CIN,MIN,0,0,3.44,4.0,1e-06,1e-06,CIN,CIN,1.4,0.6,0.322,0.289
MIA201507010,2015-07-01,MIA,SFN,0,0,3.58,2.79,1e-06,1e-06,MIA,MIA,1.3,0.8,0.312,0.327
SLN201507020,2015-07-02,SLN,SDN,1,0,2.95,2.45,1e-06,2512.7882729547905,SLN,SDN,0.6,0.1,0.329,0.295
TBA201507020,2015-07-02,TBA,CLE,2,0,2.35,2.95,1e-06,1e-06,TBA,TBA,0.1,0.1,0.312,0.305
DET201507020,2015-07-02,DET,PIT,0,0,4.47,3.38,1e-06,1e-06,DET,DET,0.6,0.3,0.332,0.322
ATL201507020,2015-07-02,ATL,WAS,0,0,2.94,2.79,1e-06,1e-06,ATL,ATL,0.1,0.6,0.317,0.314
KCA201507020,2015-07-02,KCA,MIN,0,0,,3.84,1040.8267966673652,868.1617780403714,HOU,CIN,0.4,0.5,0.333,0.289
NYN201507020,2015-07-02,NYN,CHN,0,0,2.54,1.77,1e-06,1e-06,NYN,NYN,0.2,0.0,0.303,0.317
TOR201507020,2015-07-02,TOR,BOS,0,8,7.53,4.46,1e-06,1e-06,TOR,TOR,1.2,0.3,0.347,0.302
BAL201507020,2015-07-02,BAL,TEX,0,0,4.14,2.39,1e-06,1e-06,BAL,BAL,1.1,0.2,0.327,0.306
PHI201507020,2015-07-02,PHI,MIL,0,3,3.51,2.43,1e-06,1e-06,PHI,PHI,0.2,0.8,0.304,0.304
OAK201507020,2015-07-02,OAK,SEA,2,0,3.1,4.14,1e-06,731.4285571970996,OAK,SDN,0.9,0.6,0.316,0.309
MIA201507020,2015-07-02,MIA,SFN,0,2,2.92,5.79,1e-06,1e-06,MIA,MIA,1.3,0.8,0.312,0.327
ARI201507020,2015-07-02,ARI,COL,0,0,4.62,5.33,1e-06,1040.2976618519092,ARI,OAK,0.4,0.8,0.331,0.277
DET201507030,2015-07-03,DET,TOR,1,0,4.99,5.57,1e-06,332.4198044988213,DET,TOR,0.6,0.5,0.332,0.329
SLN201507030,2015-07-03,SLN,SDN,0,0,2.1,2.34,1e-06,1e-06,SLN,SLN,0.2,0.1,0.329,0.295
KCA201507030,2015-07-03,KCA,MIN,0,0,0.94,5.01,1e-06,1e-06,KCA,KCA,0.3,0.5,0.333,0.289
CHN201507030,2015-07-03,CHN,MIA,1,1,3.74,4.08,1144.129935670241,1915.1205670973725,NYN,MIA,0.3,0.4,0.322,0.308
TEX201507030,2015-07-03,TEX,ANA,0,0,3.9,3.65,1968.7690954443951,1938.7751997181072,BAL,ANA,0.2,0.4,0.341,0.302
CIN201507030,2015-07-03,CIN,MIL,0,2,5.4,3.69,1e-06,807.0437326700402,CIN,PHI,1.4,1.1,0.322,0.304
NYA201507030,2015-07-03,NYA,TBA,0,2,3.09,3.74,3915.807145653056,1638.0556824552712,ANA,TBA,0.7,0.5,0.325,0.316
LAN201507030,2015-07-03,LAN,NYN,0,0,2.41,3.67,574.8341159449532,3936.366792360479,ARI,NYN,0.5,0.3,0.32,0.316
WAS201507030,2015-07-03,WAS,SFN,0,0,3.79,3.58,874.0887985860761,1489.628641346009,ATL,MIA,1.5,0.9,0.328,0.327
BOS201507030,2015-07-03,BOS,HOU,0,0,4.15,,691.6136251477402,2582.243070652819,TOR,HOU,0.9,0.6,0.349,0.308
ATL201507030,2015-07-03,ATL,PHI,0,0,4.04,4.48,1e-06,1071.2330338826837,ATL,PHI,0.1,0.2,0.317,0.301
PIT201507030,2015-07-03,PIT,CLE,0,0,4.81,4.55,331.7516309667575,1429.1664141131923,DET,TBA,1.2,0.1,0.323,0.305
CHA201507030,2015-07-03,CHA,BAL,0,0,4.71,4.11,422.4920912040455,972.7856247406662,SLN,BAL,0.4,0.4,0.307,0.289
OAK201507030,2015-07-03,OAK,SEA,0,0,4.18,3.61,1e-06,1e-06,OAK,OAK,1.1,0.6,0.316,0.309
ARI201507030,2015-07-03,ARI,COL,2,3,2.76,4.74,1e-06,1e-06,ARI,ARI,0.4,0.8,0.331,0.277
TEX201507040,2015-07-04,TEX,ANA,0,0,4.9,3.59,1e-06,1e-06,TEX,TEX,0.2,0.4,0.341,0.302
CHN201507040,2015-07-04,CHN,MIA,2,0,3.83,4.52,1e-06,1e-06,CHN,CHN,0.4,0.5,0.322,0.308
NYA201507040,2015-07-04,NYA,TBA,2,0,1.5,3.71,1e-06,1e-06,NYA,NYA,0.7,0.7,0.325,0.316
WAS201507040,2015-07-04,WAS,SFN,3,0,4.38,2.93,1e-06,1e-06,WAS,WAS,1.5,0.7,0.328,0.327
CHA201507040,2015-07-04,CHA,BAL,1,0,4.07,6.72,1e-06,1e-06,CHA,CHA,0.4,0.4,0.307,0.289
ARI201507040,2015-07-04,ARI,COL,2,0,3.6,6.09,1e-06,1e-06,ARI,ARI,0.4,0.8,0.331,0.277
SLN201507040,2015-07-04,SLN,SDN,0,0,4.26,3.0,1e-06,1e-06,SLN,SLN,0.2,0.0,0.329,0.295
LAN201507040,2015-07-04,LAN,NYN,0,0,1.66,2.71,1e-06,1e-06,LAN,LAN,0.5,0.3,0.32,0.316
BOS201507040,2015-07-04,BOS,HOU,1,0,3.26,3.89,1e-06,1e-06,BOS,BOS,0.7,0.6,0.349,0.308
KCA201507040,2015-07-04,KCA,MIN,0,3,2.84,4.25,1e-06,1e-06,KCA,KCA,0.3,0.3,0.333,0.289
DET201507040,2015-07-04,DET,TOR,4,0,2.45,3.91,1e-06,1e-06,DET,DET,0.6,0.5,0.332,0.329
OAK201507040,2015-07-04,OAK,SEA,1,0,4.05,3.53,1e-06,1e-06,OAK,OAK,0.8,0.1,0.316,0.309
PIT201507040,2015-07-04,PIT,CLE,0,0,4.49,3.05,1e-06,1e-06,PIT,PIT,1.0,0.1,0.323,0.305
CIN201507040,2015-07-04,CIN,MIL,0,0,,4.11,1e-06,1e-06,CIN,CIN,1.3,1.3,0.322,0.304
ATL201507040,2015-07-04,ATL,PHI,4,0,3.84,6.56,1e-06,1e-06,ATL,ATL,0.1,0.2,0.317,0.301
SLN201507050,2015-07-05,SLN,SDN,0,0,3.03,4.28,1e-06,1e-06,SLN,SLN,0.2,0.0,0.329,0.295
WAS201507050,2015-07-05,WAS,SFN,0,0,3.66,2.33,1e-06,1e-06,WAS,WAS,1.8,0.5,0.328,0.327
KCA201507050,2015-07-05,KCA,MIN,0,0,3.83,2.49,1e-06,1e-06,KCA,KCA,0.3,0.6,0.333,0.289
PIT201507050,2015-07-05,PIT,CLE,0,0,2.6,3.45,1e-06,1e-06,PIT,PIT,1.0,0.1,0.323,0.305
ATL201507050,2015-07-05,ATL,PHI,0,0,4.68,3.51,1e-06,1e-06,ATL,ATL,0.4,0.2,0.317,0.301
ARI201507050,2015-07-05,ARI,COL,0,4,4.67,4.17,1e-06,1e-06,ARI,ARI,0.5,0.8,0.331,0.277
CIN201507050,2015-07-05,CIN,MIL,0,1,3.7,3.77,1e-06,1e-06,CIN,CIN,0.9,1.3,0.322,0.304
CHA201507050,2015-07-05,CHA,BAL,0,1,3.75,4.91,1e-06,1e-06,CHA,CHA,0.1,0.3,0.307,0.289
DET201507050,2015-07-05,DET,TOR,0,1,3.38,3.13,1e-06,1e-06,DET,DET,0.9,0.1,0.332,0.329
OAK201507050,2015-07-05,OAK,SEA,0,0,3.56,4.6,1e-06,1e-06,OAK,OAK,0.8,0.1,0.316,0.309
BOS201507050,2015-07-05,BOS,HOU,0,0,5.44,1.99,1e-06,1e-06,BOS,BOS,0.8,0.6,0.349,0.308
LAN201507050,2015-07-05,LAN,NYN,0,1,3.62,2.27,1e-06,1e-06,LAN,LAN,0.4,0.2,0.32,0.316
CHN201507050,2015-07-05,CHN,MIA,1,0,3.95,4.95,1e-06,1e-06,CHN,CHN,0.3,0.3,0.322,0.308
TEX201507050,2015-07-05,TEX,ANA,1,3,4.66,3.89,1e-06,1e-06,TEX,TEX,0.1,0.2,0.341,0.302
NYA201507050,2015-07-05,NYA,TBA,0,2,5.07,3.75,1e-06,1e-06,NYA,NYA,0.9,0.7,0.325,0.316
LAN201507060,2015-07-06,LAN,PHI,2,0,1.43,3.01,1e-06,3110.7650847781624,LAN,ATL,0.3,0.2,0.32,0.301
CHN201507060,2015-07-06,CHN,SLN,0,0,3.34,2.77,1e-06,422.4920912040455,CHN,SLN,0.4,0.0,0.322,0.311
WAS201507060,2015-07-06,WAS,CIN,0,0,4.95,3.9,1e-06,647.9323389925676,WAS,CIN,1.8,0.9,0.328,0.303
MIN201507060,2015-07-06,MIN,BAL,1,1,4.0,4.18,662.9211681328137,571.0232496384983,KCA,CHA,0.4,0.3,0.322,0.289
MIL201507060,2015-07-06,MIL,ATL,1,2,5.85,4.71,525.1892238126902,1079.4745171093869,CIN,ATL,0.9,0.2,0.31,0.312
SEA201507060,2015-07-06,SEA,DET,0,0,5.4,5.05,1089.6592015072615,3110.621572335556,OAK,DET,0.4,0.7,0.313,0.324
PIT201507060,2015-07-06,PIT,SDN,0,0,2.28,3.0,1e-06,898.8824563980571,PIT,SLN,0.5,0.0,0.323,0.295
CHA201507060,2015-07-06,CHA,TOR,0,0,3.41,3.81,1e-06,380.91207013286544,CHA,DET,0.1,0.2,0.307,0.329
SFN201507060,2015-07-06,SFN,NYN,0,0,2.98,4.13,3919.8438689376185,559.4406195325591,WAS,LAN,0.3,0.3,0.326,0.316
CLE201507060,2015-07-06,CLE,HOU,0,4,3.63,2.48,186.24975562107616,884.5468110577992,PIT,BOS,0.3,0.4,0.344,0.308
SEA201507070,2015-07-07,SEA,DET,0,0,2.08,5.79,1e-06,1e-06,SEA,SEA,0.4,0.7,0.313,0.324
CHA201507070,2015-07-07,CHA,TOR,0,1,3.36,5.5,1e-06,1e-06,CHA,CHA,0.1,0.2,0.307,0.329
CHN201507072,2015-07-07,CHN,SLN,0,0,3.84,4.26,1e-06,1e-06,CHN,CHN,0.4,0.0,0.322,0.311
COL201507070,2015-07-07,COL,ANA,0,3,4.23,3.49,942.6579354569092,1052.76358222127,ARI,TEX,0.5,0.3,0.352,0.302
CLE201507070,2015-07-07,CLE,HOU,1,0,3.49,,1e-06,1e-06,CLE,CLE,0.3,0.7,0.344,0.308
MIN201507070,2015-07-07,MIN,BAL,3,0,3.84,4.25,1e-06,1e-06,MIN,MIN,0.5,0.3,0.322,0.289
BOS201507070,2015-07-07,BOS,MIA,0,0,4.14,3.58,1e-06,1365.5064971534737,BOS,CHN,0.3,0.3,0.349,0.308
PIT201507070,2015-07-07,PIT,SDN,0,0,1.91,2.34,1e-06,1e-06,PIT,PIT,0.5,0.0,0.323,0.295
LAN201507070,2015-07-07,LAN,PHI,0,1,3.69,5.84,1e-06,1e-06,LAN,LAN,0.5,0.1,0.32,0.301
KCA201507072,2015-07-07,KCA,TBA,0,0,3.56,4.27,1e-06,1759.8286951805926,KCA,NYA,0.3,0.9,0.333,0.316
MIL201507070,2015-07-07,MIL,ATL,1,0,5.7,5.13,1e-06,1e-06,MIL,MIL,1.0,0.3,0.31,0.312
SFN201507070,2015-07-07,SFN,NYN,0,0,5.79,4.16,1e-06,1e-06,SFN,SFN,0.3,0.3,0.326,0.316
KCA201507071,2015-07-07,KCA,TBA,0,0,3.83,3.71,1e-06,1e-06,KCA,KCA,0.2,0.9,0.333,0.316
WAS201507070,2015-07-07,WAS,CIN,0,2,2.79,3.44,1e-06,1e-06,WAS,WAS,1.6,0.9,0.328,0.303
CHN201507071,2015-07-07,CHN,SLN,0,0,1.77,3.75,1e-06,1e-06,CHN,CHN,0.4,0.0,0.322,0.311
TEX201507070,2015-07-07,TEX,ARI,0,0,3.42,3.52,1e-06,1401.854927086376,TEX,ARI,0.2,0.3,0.341,0.317
NYA201507070,2015-07-07,NYA,OAK,2,1,1.5,3.66,1e-06,4115.687447058069,NYA,OAK,0.8,0.5,0.325,0.308
MIN201507080,2015-07-08,MIN,BAL,0,0,,6.72,1e-06,1e-06,MIN,MIN,0.8,0.3,0.322,0.289
SEA201507080,2015-07-08,SEA,DET,0,0,5.4,4.99,1e-06,1e-06,SEA,SEA,0.4,0.7,0.313,0.324
COL201507080,2015-07-08,COL,ANA,0,1,4.2,3.58,1e-06,1e-06,COL,COL,0.5,0.6,0.352,0.302
CLE201507080,2015-07-08,CLE,HOU,1,2,4.55,3.18,1e-06,1e-06,CLE,CLE,0.4,0.6,0.344,0.308
MIL201507080,2015-07-08,MIL,ATL,0,0,2.65,4.05,1e-06,1e-06,MIL,MIL,1.1,0.2,0.31,0.312
SFN201507080,2015-07-08,SFN,NYN,0,0,3.58,2.54,1e-06,1e-06,SFN,SFN,0.3,0.3,0.326,0.316
BOS201507080,2015-07-08,BOS,MIA,0,0,4.92,4.08,1e-06,1e-06,BOS,BOS,0.3,0.2,0.349,0.308
CHA201507080,2015-07-08,CHA,TOR,3,0,4.07,2.58,1e-06,1e-06,CHA,CHA,0.1,0.3,0.307,0.329
NYA201507080,2015-07-08,NYA,OAK,0,0,4.73,4.35,1e-06,1e-06,NYA,NYA,0.9,0.6,0.325,0.308
PIT201507080,2015-07-08,PIT,SDN,0,1,6.48,4.34,1e-06,1e-06,PIT,PIT,0.5,0.0,0.323,0.295
KCA201507080,2015-07-08,KCA,TBA,0,0,5.95,3.23,1e-06,1e-06,KCA,KCA,0.2,0.8,0.333,0.316
TEX201507080,2015-07-08,TEX,ARI,0,0,6.75,3.25,1e-06,1e-06,TEX,TEX,0.2,0.0,0.341,0.317
CHN201507080,2015-07-08,CHN,SLN,0,0,2.91,1.82,1e-06,1e-06,CHN,CHN,0.4,0.0,0.322,0.311
LAN201507080,2015-07-08,LAN,PHI,0,0,2.13,4.48,1e-06,1e-06,LAN,LAN,0.5,0.2,0.32,0.301
MIN201507090,2015-07-09,MIN,DET,0,1,4.26,2.45,1e-06,2238.4089622775527,MIN,SEA,0.8,0.6,0.322,0.324
NYA201507090,2015-07-09,NYA,OAK,1,0,3.51,4.18,1e-06,1e-06,NYA,NYA,0.8,0.6,0.325,0.308
SEA201507090,2015-07-09,SEA,ANA,1,0,3.53,3.65,1e-06,1640.846947858291,SEA,COL,0.4,0.7,0.313,0.302
CHA201507090,2015-07-09,CHA,TOR,0,0,4.96,3.91,1e-06,1e-06,CHA,CHA,0.4,0.2,0.307,0.329
KCA201507090,2015-07-09,KCA,TBA,3,0,4.08,,1e-06,1e-06,KCA,KCA,0.0,0.8,0.333,0.316
MIA201507090,2015-07-09,MIA,CIN,1,0,2.92,5.4,2024.1956124919243,1489.628641346009,BOS,WAS,1.3,1.1,0.312,0.303
CLE201507090,2015-07-09,CLE,HOU,0,0,3.05,4.46,1e-06,1e-06,CLE,CLE,0.5,0.8,0.344,0.308
LAN201507090,2015-07-09,LAN,PHI,0,0,1.66,7.92,1e-06,1e-06,LAN,LAN,0.5,0.2,0.32,0.301
COL201507090,2015-07-09,COL,ATL,2,0,6.09,8.64,1e-06,1465.0252316671194,COL,MIL,0.5,0.2,0.352,0.312
PIT201507090,2015-07-09,PIT,SLN,0,0,4.49,3.01,1e-06,660.0502267315369,PIT,CHN,0.5,0.0,0.323,0.311
MIA201507100,2015-07-10,MIA,CIN,0,0,4.5,3.7,1e-06,1e-06,MIA,MIA,0.6,1.1,0.312,0.303
COL201507100,2015-07-10,COL,ATL,1,0,3.68,3.02,1e-06,1e-06,COL,COL,0.7,0.2,0.352,0.312
NYN201507100,2015-07-10,NYN,ARI,4,1,3.24,4.3,4128.529875974277,2225.551415128663,SFN,TEX,0.2,0.0,0.303,0.317
SEA201507100,2015-07-10,SEA,ANA,1,0,4.6,3.59,1e-06,1e-06,SEA,SEA,0.5,0.7,0.313,0.302
BOS201507100,2015-07-10,BOS,NYA,0,1,3.26,4.37,1e-06,306.2037667286439,BOS,NYA,0.3,0.5,0.349,0.319
SFN201507100,2015-07-10,SFN,PHI,1,0,2.93,3.65,1e-06,559.4406195325591,SFN,LAN,0.3,0.2,0.326,0.301
PIT201507100,2015-07-10,PIT,SLN,1,0,2.6,3.03,1e-06,1e-06,PIT,PIT,0.5,0.0,0.323,0.311
KCA201507100,2015-07-10,KCA,TOR,0,0,4.08,3.13,1e-06,663.9206411727051,KCA,CHA,0.3,0.2,0.333,0.329
CLE201507100,2015-07-10,CLE,OAK,0,1,3.45,4.05,1e-06,649.8727601989037,CLE,NYA,0.3,0.6,0.344,0.308
BAL201507100,2015-07-10,BAL,WAS,0,0,,4.38,1508.338155320694,55.02896457567408,MIN,WAS,1.1,0.6,0.327,0.314
TEX201507100,2015-07-10,TEX,SDN,1,0,4.9,4.28,1e-06,1741.1290055955549,TEX,PIT,0.2,0.1,0.341,0.295
MIN201507100,2015-07-10,MIN,DET,0,0,4.0,2.53,1e-06,1e-06,MIN,MIN,0.8,0.7,0.322,0.324
TBA201507100,2015-07-10,TBA,HOU,0,0,3.75,3.89,1680.826511683993,1529.408250521614,KCA,CLE,0.3,0.7,0.312,0.308
CHN201507100,2015-07-10,CHN,CHA,0,0,1.67,3.63,1e-06,1e-06,CHN,CHA,0.4,0.2,0.322,0.306
LAN201507100,2015-07-10,LAN,MIL,0,0,10.29,4.11,1e-06,2799.844413597458,LAN,MIL,0.5,1.4,0.32,0.304
NYN201507110,2015-07-11,NYN,ARI,0,2,2.71,3.6,1e-06,1e-06,NYN,NYN,0.6,0.1,0.303,0.317
BAL201507110,2015-07-11,BAL,WAS,1,0,4.91,3.66,1e-06,1e-06,BAL,BAL,0.9,0.5,0.327,0.314
MIN201507110,2015-07-11,MIN,DET,0,0,4.4,5.05,1e-06,1e-06,MIN,MIN,0.6,0.7,0.322,0.324
CLE201507110,2015-07-11,CLE,OAK,0,1,3.0,8.1,1e-06,1e-06,CLE,CLE,0.2,0.7,0.344,0.308
TEX201507110,2015-07-11,TEX,SDN,0,0,2.99,2.34,1e-06,1e-06,TEX,TEX,0.3,0.1,0.341,0.295
BOS201507110,2015-07-11,BOS,NYA,0,1,3.85,5.07,1e-06,1e-06,BOS,BOS,0.3,0.5,0.349,0.319
MIA201507110,2015-07-11,MIA,CIN,0,0,3.76,4.15,1e-06,1e-06,MIA,MIA,0.4,1.1,0.312,0.303
PIT201507110,2015-07-11,PIT,SLN,0,0,4.02,,1e-06,1e-06,PIT,PIT,0.6,0.0,0.323,0.311
LAN201507110,2015-07-11,LAN,MIL,0,0,7.88,3.77,1e-06,1e-06,LAN,LAN,0.5,1.1,0.32,0.304
SEA201507110,2015-07-11,SEA,ANA,0,0,3.54,3.89,1e-06,1e-06,SEA,SEA,0.4,0.7,0.313,0.302
SFN201507110,2015-07-11,SFN,PHI,0,1,2.2,3.51,1e-06,1e-06,SFN,SFN,0.4,0.1,0.326,0.301
TBA201507110,2015-07-11,TBA,HOU,0,0,3.35,2.48,1e-06,1e-06,TBA,TBA,0.2,0.7,0.312,0.308
COL201507110,2015-07-11,COL,ATL,2,0,3.26,2.94,1e-06,1e-06,COL,COL,0.5,0.2,0.352,0.312
CHN201507110,2015-07-11,CHN,CHA,0,2,3.34,3.41,1e-06,1e-06,CHN,CHN,0.4,0.2,0.322,0.306
KCA201507110,2015-07-11,KCA,TOR,1,0,,3.81,1e-06,1e-06,KCA,KCA,0.3,0.2,0.333,0.329
CHN201507120,2015-07-12,CHN,CHA,2,0,1.77,3.36,1e-06,1e-06,CHN,CHN,0.4,0.4,0.322,0.306
KCA201507120,2015-07-12,KCA,TOR,6,0,0.94,3.56,1e-06,1e-06,KCA,KCA,0.4,0.2,0.333,0.329
SEA201507120,2015-07-12,SEA,ANA,0,0,4.56,3.49,1e-06,1e-06,SEA,SEA,0.4,0.7,0.313,0.302
TEX201507120,2015-07-12,TEX,SDN,0,0,3.42,3.26,1e-06,1e-06,TEX,TEX,0.2,0.1,0.341,0.295
MIN201507120,2015-07-12,MIN,DET,2,0,3.84,6.88,1e-06,1e-06,MIN,MIN,0.6,0.7,0.322,0.324
BAL201507120,2015-07-12,BAL,WAS,1,0,3.34,2.79,1e-06,1e-06,BAL,BAL,1.0,0.5,0.327,0.314
TBA201507120,2015-07-12,TBA,HOU,0,1,5.43,3.22,1e-06,1e-06,TBA,TBA,0.2,0.6,0.312,0.308
NYN201507120,2015-07-12,NYN,ARI,0,0,4.13,4.67,1e-06,1e-06,NYN,NYN,0.5,0.3,0.303,0.317
COL201507120,2015-07-12,COL,ATL,0,0,4.23,3.84,1e-06,1e-06,COL,COL,0.7,0.2,0.352,0.312
SFN201507120,2015-07-12,SFN,PHI,0,0,3.95,5.84,1e-06,1e-06,SFN,SFN,0.4,0.2,0.326,0.301
BOS201507120,2015-07-12,BOS,NYA,0,0,4.46,4.2,1e-06,1e-06,BOS,BOS,0.1,0.6,0.349,0.319
CLE201507120,2015-07-12,CLE,OAK,0,0,3.49,2.73,1e-06,1e-06,CLE,CLE,0.2,0.8,0.344,0.308
LAN201507120,2015-07-12,LAN,MIL,1,1,3.35,2.7,1e-06,1e-06,LAN,LAN,0.3,1.1,0.32,0.304
MIA201507120,2015-07-12,MIA,CIN,0,1,3.6,3.44,1e-06,1e-06,MIA,MIA,0.4,0.8,0.312,0.303
PIT201507120,2015-07-12,PIT,SLN,0,0,3.62,2.1,1e-06,1e-06,PIT,PIT,0.1,0.0,0.323,0.311
ARI201507170,2015-07-17,ARI,SFN,1,0,3.25,4.67,3443.682019431773,1050.993394248722,NYN,SFN,0.5,0.5,0.331,0.327
TOR201507170,2015-07-17,TOR,TBA,0,0,5.57,3.35,1362.7751953099455,1789.459752085548,KCA,TBA,1.2,0.8,0.347,0.316
DET201507170,2015-07-17,DET,BAL,2,0,4.99,4.11,872.516450655481,638.3359432178316,MIN,BAL,0.9,0.2,0.332,0.289
OAK201507170,2015-07-17,OAK,MIN,0,1,2.73,4.0,3466.040146226439,2531.5923192792015,CLE,MIN,0.8,0.5,0.316,0.289
PHI201507170,2015-07-17,PHI,MIA,0,0,1.8,3.14,4049.99076989334,1644.1190984600378,SFN,MIA,0.2,0.2,0.304,0.308
WAS201507170,2015-07-17,WAS,LAN,0,0,4.95,3.35,55.02896457567408,3694.422011983425,BAL,LAN,1.4,0.5,0.328,0.33
HOU201507170,2015-07-17,HOU,TEX,0,0,3.89,4.46,1270.2138325576016,368.5990384284446,TBA,TEX,0.8,0.2,0.322,0.306
ANA201507170,2015-07-17,ANA,BOS,0,0,3.58,2.23,1575.276973597757,4151.631080145035,SEA,BOS,0.4,1.1,0.311,0.302
CIN201507170,2015-07-17,CIN,CLE,0,0,3.7,4.55,1534.6263109130673,358.1075548344512,MIA,CLE,0.5,0.1,0.322,0.305
CHA201507171,2015-07-17,CHA,KCA,0,1,4.96,,1e-06,1e-06,CHA,CHA,0.4,0.4,0.307,0.311
CHA201507172,2015-07-17,CHA,KCA,0,0,4.71,3.55,1e-06,663.9206411727051,CHN,KCA,0.4,0.3,0.307,0.311
MIL201507170,2015-07-17,MIL,PIT,1,0,3.69,4.81,2799.844413597458,722.0054120555708,LAN,PIT,1.1,0.3,0.31,0.322
SLN201507170,2015-07-17,SLN,NYN,0,1,3.03,3.24,898.8824563980571,1403.0288811452067,PIT,NYN,0.2,0.1,0.329,0.316
NYA201507170,2015-07-17,NYA,SEA,0,0,3.51,3.99,306.2037667286439,3865.3953610333656,BOS,SEA,0.8,0.0,0.325,0.309
SDN201507170,2015-07-17,SDN,COL,3,0,3.91,4.17,1879.917699205684,1340.79250926624,TEX,COL,0.5,1.2,0.306,0.277
ATL201507170,2015-07-17,ATL,CHN,1,0,1.6,2.91,1946.7466716258368,947.8182724063668,COL,CHN,0.4,0.0,0.317,0.317
ATL201507180,2015-07-18,ATL,CHN,0,0,5.13,3.34,1e-06,1e-06,ATL,ATL,0.5,0.0,0.317,0.317
SLN201507180,2015-07-18,SLN,NYN,4,0,2.77,4.16,1e-06,1e-06,SLN,SLN,0.2,0.2,0.329,0.316
PHI201507180,2015-07-18,PHI,MIA,2,0,5.84,4.08,1e-06,1e-06,PHI,PHI,0.2,0.2,0.304,0.308
NYA201507180,2015-07-18,NYA,SEA,0,2,4.37,3.54,1e-06,1e-06,NYA,NYA,0.8,0.0,0.325,0.309
CHA201507180,2015-07-18,CHA,KCA,0,3,3.99,3.56,1e-06,1e-06,CHA,CHA,0.4,0.3,0.307,0.311
TOR201507180,2015-07-18,TOR,TBA,0,0,3.27,2.33,1e-06,1e-06,TOR,TOR,1.0,0.7,0.347,0.316
OAK201507180,2015-07-18,OAK,MIN,0,0,3.66,3.55,1e-06,1e-06,OAK,OAK,0.8,0.5,0.316,0.289
ARI201507180,2015-07-18,ARI,SFN,0,0,4.3,3.58,1e-06,1e-06,ARI,ARI,0.5,0.5,0.331,0.327
ANA201507180,2015-07-18,ANA,BOS,0,0,3.65,4.92,1e-06,1e-06,ANA,ANA,0.4,1.1,0.311,0.302
CIN201507180,2015-07-18,CIN,CLE,1,3,4.05,3.49,1e-06,1e-06,CIN,CIN,0.5,0.1,0.322,0.305
SDN201507180,2015-07-18,SDN,COL,0,0,3.0,5.25,1e-06,1e-06,SDN,SDN,0.8,1.2,0.306,0.277
WAS201507180,2015-07-18,WAS,LAN,0,0,4.19,2.13,1e-06,1e-06,WAS,WAS,1.4,0.5,0.328,0.33
HOU201507180,2015-07-18,HOU,TEX,0,0,3.9,4.66,1e-06,1e-06,HOU,HOU,0.5,0.2,0.322,0.306
DET201507180,2015-07-18,DET,BAL,0,0,2.45,4.99,1e-06,1e-06,DET,DET,1.0,0.2,0.332,0.289
MIL201507180,2015-07-18,MIL,PIT,0,3,4.11,4.02,1e-06,1e-06,MIL,MIL,1.2,0.3,0.31,0.322
MIL201507190,2015-07-19,MIL,PIT,0,0,3.77,4.49,1e-06,1e-06,MIL,MIL,1.1,0.6,0.31,0.322
TOR201507190,2015-07-19,TOR,TBA,0,0,3.13,3.23,1e-06,1e-06,TOR,TOR,0.9,0.4,0.347,0.316
SLN201507190,2015-07-19,SLN,NYN,0,0,3.01,4.68,1e-06,1e-06,SLN,SLN,0.6,0.2,0.329,0.316
ARI201507190,2015-07-19,ARI,SFN,0,0,3.6,2.93,1e-06,1e-06,ARI,ARI,0.5,0.5,0.331,0.327
PHI201507190,2015-07-19,PHI,MIA,0,0,3.79,2.3,1e-06,1e-06,PHI,PHI,0.4,0.2,0.304,0.308
NYA201507190,2015-07-19,NYA,SEA,0,0,1.5,4.74,1e-06,1e-06,NYA,NYA,0.6,0.2,0.325,0.309
CIN201507190,2015-07-19,CIN,CLE,0,0,3.42,5.66,1e-06,1e-06,CIN,CIN,0.6,0.4,0.322,0.305
HOU201507190,2015-07-19,HOU,TEX,0,0,2.48,3.42,1e-06,1e-06,HOU,HOU,0.1,0.2,0.322,0.306
CHA201507190,2015-07-19,CHA,KCA,0,1,3.41,4.08,1e-06,1e-06,CHA,CHA,0.4,0.6,0.307,0.311
DET201507190,2015-07-19,DET,BAL,0,1,3.38,4.91,1e-06,1e-06,DET,DET,0.8,0.2,0.332,0.289
WAS201507190,2015-07-19,WAS,LAN,0,0,2.79,1.66,1e-06,1e-06,WAS,WAS,0.5,0.5,0.328,0.33
ATL201507190,2015-07-19,ATL,CHN,0,0,3.02,1.77,1e-06,1e-06,ATL,ATL,0.5,0.0,0.317,0.317
OAK201507190,2015-07-19,OAK,MIN,0,0,4.18,,1e-06,1e-06,OAK,OAK,0.7,0.5,0.316,0.289
PHI201507200,2015-07-20,PHI,TBA,0,0,6.99,5.43,1e-06,539.7375980826044,PHI,TOR,0.4,0.4,0.304,0.316
ANA201507202,2015-07-20,ANA,BOS,0,0,3.49,4.09,1e-06,1e-06,ANA,ANA,0.4,1.0,0.311,0.302
CIN201507200,2015-07-20,CIN,CHN,1,1,4.02,1.99,1e-06,595.1171397463928,CIN,ATL,0.6,0.0,0.322,0.317
COL201507200,2015-07-20,COL,TEX,3,0,4.2,5.63,1340.79250926624,1412.379089095518,SDN,HOU,0.7,0.1,0.352,0.306
ATL201507200,2015-07-20,ATL,LAN,2,0,4.71,4.25,1e-06,874.0887985860761,ATL,WAS,0.5,0.5,0.317,0.33
ARI201507200,2015-07-20,ARI,MIA,0,0,4.67,4.5,1e-06,3344.1998186127516,ARI,PHI,0.5,0.2,0.331,0.308
WAS201507200,2015-07-20,WAS,NYN,2,0,3.79,2.71,1e-06,1142.2462660488457,WAS,SLN,0.4,0.2,0.328,0.316
SDN201507200,2015-07-20,SDN,SFN,0,0,4.28,4.44,1e-06,481.0116378281714,SDN,ARI,0.7,0.3,0.306,0.327
DET201507200,2015-07-20,DET,SEA,1,0,4.21,1.96,1e-06,773.7548030957365,DET,NYA,0.7,0.2,0.332,0.309
KCA201507200,2015-07-20,KCA,PIT,1,0,4.08,3.18,663.9206411727051,707.8851314063497,CHA,MIL,1.0,0.3,0.333,0.322
ANA201507201,2015-07-20,ANA,BOS,0,0,3.59,3.85,1e-06,1e-06,ANA,ANA,0.4,1.0,0.311,0.302
SDN201507210,2015-07-21,SDN,SFN,0,0,5.8,3.95,1e-06,1e-06,SDN,SDN,0.7,0.3,0.306,0.327
ANA201507210,2015-07-21,ANA,MIN,0,0,4.46,3.84,1e-06,592.0809005913671,ANA,OAK,0.4,0.5,0.311,0.289
CIN201507210,2015-07-21,CIN,CHN,1,0,6.0,3.91,1e-06,1e-06,CIN,CIN,0.5,0.1,0.322,0.317
WAS201507210,2015-07-21,WAS,NYN,0,0,3.64,2.54,1e-06,1e-06,WAS,WAS,0.6,0.2,0.328,0.316
ARI201507210,2015-07-21,ARI,MIA,0,0,4.62,4.95,1e-06,1e-06,ARI,ARI,0.5,0.2,0.331,0.308
COL201507210,2015-07-21,COL,TEX,0,0,6.32,6.75,1e-06,1e-06,COL,COL,1.0,0.0,0.352,0.306
KCA201507210,2015-07-21,KCA,PIT,0,0,0.94,2.6,1e-06,1e-06,KCA,KCA,1.1,0.3,0.333,0.322
ATL201507210,2015-07-21,ATL,LAN,2,1,3.84,10.29,1e-06,1e-06,ATL,ATL,0.7,0.3,0.317,0.33
MIL201507210,2015-07-21,MIL,CLE,1,0,5.63,3.45,1e-06,525.1892238126902,MIL,CIN,0.9,0.4,0.31,0.305
NYA201507210,2015-07-21,NYA,BAL,1,0,3.1,3.34,1e-06,773.7548030957365,NYA,DET,0.5,0.3,0.325,0.289
DET201507210,2015-07-21,DET,SEA,0,4,6.38,3.99,1e-06,1e-06,DET,DET,0.8,0.2,0.332,0.309
PHI201507210,2015-07-21,PHI,TBA,0,0,3.59,,1e-06,1e-06,PHI,PHI,0.4,0.2,0.304,0.316
HOU201507210,2015-07-21,HOU,BOS,1,0,,8.31,1e-06,2169.9670210701,HOU,ANA,0.0,1.0,0.322,0.302
OAK201507210,2015-07-21,OAK,TOR,0,0,4.05,3.81,1e-06,3630.644600855592,OAK,TOR,0.7,0.2,0.316,0.329
CHA201507210,2015-07-21,CHA,SLN,0,0,3.75,3.38,1e-06,422.4920912040455,CHA,SLN,0.4,0.0,0.307,0.311
ATL201507220,2015-07-22,ATL,LAN,0,0,4.04,3.62,1e-06,1e-06,ATL,ATL,0.9,0.4,0.317,0.33
CIN201507221,2015-07-22,CIN,CHN,4,0,3.7,3.95,1e-06,1e-06,CIN,CIN,0.3,0.1,0.322,0.317
CHA201507220,2015-07-22,CHA,SLN,0,0,3.41,1.82,1e-06,1e-06,CHA,CHA,0.3,0.0,0.307,0.311
KCA201507220,2015-07-22,KCA,PIT,0,0,3.55,4.81,1e-06,1e-06,KCA,KCA,1.1,0.3,0.333,0.322
CIN201507222,2015-07-22,CIN,CHN,0,0,1.63,1.67,1e-06,1e-06,CIN,CIN,0.7,0.1,0.322,0.317
SDN201507220,2015-07-22,SDN,SFN,0,0,3.0,5.79,1e-06,1e-06,SDN,SDN,0.7,0.2,0.306,0.327
DET201507220,2015-07-22,DET,SEA,0,0,4.99,4.6,1e-06,1e-06,DET,DET,0.8,0.6,0.332,0.309
MIL201507220,2015-07-22,MIL,CLE,3,1,5.85,3.78,1e-06,1e-06,MIL,MIL,1.0,0.3,0.31,0.305
OAK201507220,2015-07-22,OAK,TOR,0,0,3.84,2.58,1e-06,1e-06,OAK,OAK,0.3,0.2,0.316,0.329
ANA201507220,2015-07-22,ANA,MIN,0,0,3.89,4.26,1e-06,1e-06,ANA,ANA,0.3,0.5,0.311,0.289
PHI201507220,2015-07-22,PHI,TBA,2,0,2.13,3.71,1e-06,1e-06,PHI,PHI,0.4,0.2,0.304,0.316
HOU201507220,2015-07-22,HOU,BOS,1,0,3.89,4.82,1e-06,1e-06,HOU,HOU,0.1,1.0,0.322,0.302
ARI201507220,2015-07-22,ARI,MIA,0,0,3.52,2.92,1e-06,1e-06,ARI,ARI,0.5,0.1,0.331,0.308
COL201507220,2015-07-22,COL,TEX,0,4,4.2,5.63,1e-06,1e-06,COL,COL,1.0,0.0,0.352,0.306
NYA201507220,2015-07-22,NYA,BAL,3,0,5.07,4.25,1e-06,1e-06,NYA,NYA,0.6,0.3,0.325,0.289
WAS201507220,2015-07-22,WAS,NYN,0,0,2.18,6.38,1e-06,1e-06,WAS,WAS,0.5,0.2,0.328,0.316
NYA201507230,2015-07-23,NYA,BAL,4,0,3.51,4.11,1e-06,1e-06,NYA,NYA,0.9,0.3,0.325,0.289
CLE201507230,2015-07-23,CLE,CHA,0,0,4.55,4.96,542.6220003248809,494.38381964269325,MIL,CHA,0.2,0.4,0.344,0.306
HOU201507230,2015-07-23,HOU,BOS,1,1,3.55,4.15,1e-06,1e-06,HOU,HOU,0.2,1.0,0.322,0.302
ARI201507230,2015-07-23,ARI,MIL,0,0,3.19,3.69,1e-06,2349.997873269975,ARI,MIL,0.5,1.2,0.331,0.304
NYN201507230,2015-07-23,NYN,LAN,0,0,4.16,2.13,326.3648041771951,1200.4511584455877,WAS,ATL,0.5,0.3,0.303,0.33
ANA201507230,2015-07-23,ANA,MIN,0,0,3.65,4.0,1e-06,1e-06,ANA,ANA,0.1,0.4,0.311,0.289
SDN201507230,2015-07-23,SDN,MIA,0,0,3.26,4.08,1e-06,481.0116378281714,SDN,ARI,0.7,0.0,0.306,0.308
PIT201507230,2015-07-23,PIT,WAS,1,0,3.38,4.19,1255.3811411500053,305.44483751928374,KCA,WAS,0.1,0.5,0.323,0.314
SLN201507230,2015-07-23,SLN,KCA,0,2,2.77,,422.4920912040455,382.8562661725535,CHA,KCA,0.6,0.7,0.329,0.311
OAK201507230,2015-07-23,OAK,TOR,0,0,6.75,3.91,1e-06,1e-06,OAK,OAK,0.3,0.2,0.316,0.329
DET201507230,2015-07-23,DET,SEA,2,1,5.79,4.74,1e-06,1e-06,DET,DET,0.8,0.6,0.332,0.309
MIN201507240,2015-07-24,MIN,NYA,2,0,4.4,4.37,2437.087352189671,1636.0526645605564,ANA,NYA,0.8,0.6,0.322,0.319
CLE201507240,2015-07-24,CLE,CHA,0,0,3.49,3.36,1e-06,1e-06,CLE,CLE,0.2,0.4,0.344,0.306
NYN201507240,2015-07-24,NYN,LAN,0,1,4.13,3.86,1e-06,1e-06,NYN,NYN,0.5,0.3,0.303,0.33
BOS201507240,2015-07-24,BOS,DET,0,0,5.61,3.08,2582.243070652819,984.732039314543,HOU,DET,0.1,0.2,0.349,0.324
SFN201507240,2015-07-24,SFN,OAK,2,0,3.58,4.18,738.1265117326025,13.027453191410114,SDN,OAK,0.4,0.8,0.326,0.308
ARI201507240,2015-07-24,ARI,MIL,0,0,3.6,4.11,1e-06,1e-06,ARI,ARI,0.5,1.1,0.331,0.304
SEA201507240,2015-07-24,SEA,TOR,0,1,3.53,3.13,3110.621572335556,1089.6592015072615,DET,OAK,0.3,0.1,0.313,0.329
CHN201507240,2015-07-24,CHN,PHI,0,0,5.29,1.8,406.2527329885922,1068.017024042746,CIN,PHI,0.6,0.2,0.322,0.301
PIT201507240,2015-07-24,PIT,WAS,0,0,4.02,3.38,1e-06,1e-06,PIT,PIT,0.2,0.5,0.323,0.314
COL201507240,2015-07-24,COL,CIN,0,0,4.2,4.02,1e-06,1756.1898521305268,COL,CIN,0.8,0.5,0.352,0.303
ANA201507240,2015-07-24,ANA,TEX,0,0,3.82,4.66,1e-06,1321.5005793187804,ANA,COL,0.1,0.4,0.311,0.306
SDN201507240,2015-07-24,SDN,MIA,0,1,4.34,3.6,1e-06,1e-06,SDN,SDN,0.6,0.0,0.306,0.308
KCA201507240,2015-07-24,KCA,HOU,0,0,5.95,3.1,382.8562661725535,1040.8267966673652,SLN,HOU,1.1,0.7,0.333,0.308
TBA201507240,2015-07-24,TBA,BAL,0,0,3.94,1.52,1515.8203845337373,1638.0556824552712,PHI,NYA,0.2,0.3,0.312,0.289
SLN201507240,2015-07-24,SLN,ATL,0,0,3.16,5.13,1e-06,751.930362209131,SLN,ATL,0.6,0.2,0.329,0.312
TBA201507250,2015-07-25,TBA,BAL,0,0,3.75,4.91,1e-06,1e-06,TBA,TBA,0.2,0.2,0.312,0.289
SLN201507250,2015-07-25,SLN,ATL,0,0,3.01,3.02,1e-06,1e-06,SLN,SLN,0.6,0.2,0.329,0.312
MIN201507250,2015-07-25,MIN,NYA,2,0,3.32,3.29,1e-06,1e-06,MIN,MIN,0.9,0.6,0.322,0.319
SEA201507250,2015-07-25,SEA,TOR,1,0,2.31,3.22,1e-06,1e-06,SEA,SEA,0.2,0.2,0.313,0.329
PIT201507250,2015-07-25,PIT,WAS,0,0,3.18,3.79,1e-06,1e-06,PIT,PIT,0.2,0.4,0.323,0.314
BOS201507250,2015-07-25,BOS,DET,0,1,4.09,5.05,1e-06,1e-06,BOS,BOS,0.1,0.1,0.349,0.324
CHN201507250,2015-07-25,CHN,PHI,0,0,1.77,3.65,1e-06,1e-06,CHN,CHN,0.5,0.2,0.322,0.301
NYN201507250,2015-07-25,NYN,LAN,4,0,2.71,13.5,1e-06,1e-06,NYN,NYN,0.4,0.3,0.303,0.33
ANA201507250,2015-07-25,ANA,TEX,1,1,3.58,9.0,1e-06,1e-06,ANA,ANA,0.0,0.4,0.311,0.306
SDN201507250,2015-07-25,SDN,MIA,1,0,4.28,4.5,1e-06,1e-06,SDN,SDN,0.4,0.1,0.306,0.308
KCA201507250,2015-07-25,KCA,HOU,0,0,2.71,1.9,1e-06,1e-06,KCA,KCA,1.1,0.7,0.333,0.308
SFN201507250,2015-07-25,SFN,OAK,0,0,2.93,3.56,1e-06,1e-06,SFN,SFN,0.4,0.8,0.326,0.308
ARI201507250,2015-07-25,ARI,MIL,2,0,4.67,3.77,1e-06,1e-06,ARI,ARI,0.3,0.9,0.331,0.304
CLE201507250,2015-07-25,CLE,CHA,0,5,3.63,3.41,1e-06,1e-06,CLE,CLE,0.2,0.4,0.344,0.306
COL201507250,2015-07-25,COL,CIN,0,0,5.33,3.44,1e-06,1e-06,COL,COL,0.8,0.4,0.352,0.303
SEA201507260,2015-07-26,SEA,TOR,1,1,3.99,4.46,1e-06,1e-06,SEA,SEA,0.3,0.1,0.313,0.329
ARI201507260,2015-07-26,ARI,MIL,0,0,4.62,5.63,1e-06,1e-06,ARI,ARI,0.3,0.7,0.331,0.304
SFN201507260,2015-07-26,SFN,OAK,3,0,4.44,4.05,1e-06,1e-06,SFN,SFN,0.4,0.8,0.326,0.308
CLE201507260,2015-07-26,CLE,CHA,0,0,3.45,3.75,1e-06,1e-06,CLE,CLE,0.2,0.8,0.344,0.306
SLN201507260,2015-07-26,SLN,ATL,0,0,3.38,4.71,1e-06,1e-06,SLN,SLN,0.5,0.2,0.329,0.312
MIN201507260,2015-07-26,MIN,NYA,0,0,3.84,4.2,1e-06,1e-06,MIN,MIN,1.0,0.6,0.322,0.319
CHN201507260,2015-07-26,CHN,PHI,1,3,3.74,3.59,1e-06,1e-06,CHN,CHN,0.3,0.2,0.322,0.301
TBA201507260,2015-07-26,TBA,BAL,0,3,5.43,3.34,1e-06,1e-06,TBA,TBA,0.2,0.1,0.312,0.289
PIT201507260,2015-07-26,PIT,WAS,0,0,2.6,3.64,1e-06,1e-06,PIT,PIT,0.2,0.4,0.323,0.314
BOS201507260,2015-07-26,BOS,DET,0,0,3.85,6.88,1e-06,1e-06,BOS,BOS,0.1,0.2,0.349,0.324
NYN201507260,2015-07-26,NYN,LAN,0,0,0.0,3.86,1e-06,1e-06,NYN,NYN,0.8,0.3,0.303,0.33
SDN201507260,2015-07-26,SDN,MIA,0,0,5.8,4.95,1e-06,1e-06,SDN,SDN,0.4,0.1,0.306,0.308
COL201507260,2015-07-26,COL,CIN,2,0,6.32,5.4,1e-06,1e-06,COL,COL,0.8,0.4,0.352,0.303
ANA201507260,2015-07-26,ANA,TEX,1,0,3.49,3.96,1e-06,1e-06,ANA,ANA,0.1,0.5,0.311,0.306
KCA201507260,2015-07-26,KCA,HOU,4,0,4.08,2.48,1e-06,1e-06,KCA,KCA,1.1,0.7,0.333,0.308
BOS201507270,2015-07-27,BOS,CHA,2,4,3.86,1.21,1e-06,884.5468110577992,BOS,CLE,0.1,0.7,0.349,0.306
SEA201507270,2015-07-27,SEA,ARI,0,1,2.31,4.17,1e-06,1793.290239503433,SEA,ARI,0.4,0.3,0.313,0.317
SLN201507270,2015-07-27,SLN,CIN,0,0,3.03,4.15,1e-06,1279.0227614650469,SLN,COL,0.4,0.4,0.329,0.303
CHN201507270,2015-07-27,CHN,COL,0,0,6.35,4.2,1e-06,1477.450780411816,CHN,COL,0.3,0.9,0.322,0.277
BAL201507270,2015-07-27,BAL,ATL,0,0,2.72,4.05,1393.7772067986984,1175.6168511642563,TBA,SLN,0.5,0.2,0.327,0.312
SFN201507270,2015-07-27,SFN,MIL,0,0,3.95,5.85,1e-06,1050.993394248722,SFN,ARI,0.7,0.4,0.326,0.304
CLE201507270,2015-07-27,CLE,KCA,0,3,3.05,3.55,1e-06,1123.5230318083022,CLE,KCA,0.2,0.9,0.344,0.311
TBA201507270,2015-07-27,TBA,DET,0,0,,4.99,1e-06,1926.694381718032,TBA,BOS,0.2,0.2,0.312,0.324
TEX201507270,2015-07-27,TEX,NYA,0,0,6.75,5.07,1938.7751997181072,1396.7696185124962,ANA,MIN,0.2,0.2,0.341,0.319
BOS201507280,2015-07-28,BOS,CHA,0,5,4.46,4.96,1e-06,1e-06,BOS,BOS,0.2,1.1,0.349,0.306
MIA201507280,2015-07-28,MIA,WAS,0,0,2.92,3.66,3647.952032104879,1630.230113794326,SDN,PIT,0.4,0.4,0.312,0.314
SEA201507280,2015-07-28,SEA,ARI,0,1,3.54,3.19,1e-06,1e-06,SEA,SEA,0.4,0.4,0.313,0.317
LAN201507280,2015-07-28,LAN,OAK,0,1,3.69,2.73,3936.366792360479,559.4406195325591,NYN,SFN,0.3,0.3,0.32,0.308
CLE201507280,2015-07-28,CLE,KCA,0,0,4.55,0.94,1e-06,1e-06,CLE,CLE,0.1,1.2,0.344,0.311
HOU201507280,2015-07-28,HOU,ANA,1,2,3.89,3.89,1040.8267966673652,2169.9670210701,KCA,ANA,0.3,0.7,0.322,0.302
TOR201507280,2015-07-28,TOR,PHI,1,0,5.5,4.48,3325.1452076248356,700.98343821047,SEA,CHN,0.9,0.5,0.347,0.301
CHN201507280,2015-07-28,CHN,COL,1,4,9.72,4.74,1e-06,1e-06,CHN,CHN,0.3,0.7,0.322,0.277
SFN201507280,2015-07-28,SFN,MIL,0,2,5.79,4.72,1e-06,1e-06,SFN,SFN,0.6,0.2,0.326,0.304
BAL201507280,2015-07-28,BAL,ATL,3,2,4.11,4.04,1e-06,1e-06,BAL,BAL,0.5,0.0,0.327,0.312
MIN201507280,2015-07-28,MIN,PIT,1,0,3.32,2.23,1e-06,1195.838861467298,MIN,PIT,1.0,0.3,0.322,0.322
TEX201507280,2015-07-28,TEX,NYA,5,0,4.46,5.23,1e-06,1e-06,TEX,TEX,0.2,0.2,0.341,0.319
TBA201507280,2015-07-28,TBA,DET,0,0,3.35,2.45,1e-06,1e-06,TBA,TBA,0.2,0.2,0.312,0.324
SLN201507280,2015-07-28,SLN,CIN,0,0,2.43,3.7,1e-06,1e-06,SLN,SLN,0.4,0.3,0.329,0.303
NYN201507280,2015-07-28,NYN,SDN,2,0,3.24,3.91,1e-06,3907.304911865239,NYN,SDN,0.8,0.1,0.303,0.295
MIA201507290,2015-07-29,MIA,WAS,0,0,4.08,4.19,1e-06,1e-06,MIA,MIA,0.3,0.0,0.312,0.314
SLN201507290,2015-07-29,SLN,CIN,0,0,2.77,4.05,1e-06,1e-06,SLN,SLN,0.4,0.3,0.329,0.303
NYN201507290,2015-07-29,NYN,SDN,0,2,4.16,3.26,1e-06,1e-06,NYN,NYN,1.0,0.1,0.303,0.295
SEA201507290,2015-07-29,SEA,ARI,0,4,3.53,3.6,1e-06,1e-06,SEA,SEA,0.4,0.5,0.313,0.317
TBA201507290,2015-07-29,TBA,DET,0,0,3.23,3.38,1e-06,1e-06,TBA,TBA,0.2,0.2,0.312,0.324
BOS201507290,2015-07-29,BOS,CHA,0,2,4.92,3.36,1e-06,1e-06,BOS,BOS,0.2,1.6,0.349,0.306
CHN201507290,2015-07-29,CHN,COL,1,0,3.34,5.9,1e-06,1e-06,CHN,CHN,0.4,1.1,0.322,0.277
MIN201507290,2015-07-29,MIN,PIT,0,0,4.0,3.38,1e-06,1e-06,MIN,MIN,1.0,0.3,0.322,0.322
TEX201507290,2015-07-29,TEX,NYA,0,0,4.66,3.51,1e-06,1e-06,TEX,TEX,0.7,0.2,0.341,0.319
BAL201507290,2015-07-29,BAL,ATL,0,0,4.99,5.71,1e-06,1e-06,BAL,BAL,0.8,0.2,0.327,0.312
SFN201507290,2015-07-29,SFN,MIL,0,0,2.45,3.69,1e-06,1e-06,SFN,SFN,0.6,0.4,0.326,0.304
CLE201507290,2015-07-29,CLE,KCA,1,0,3.49,5.95,1e-06,1e-06,CLE,CLE,0.0,1.2,0.344,0.311
TOR201507290,2015-07-29,TOR,PHI,0,0,3.91,5.8,1e-06,1e-06,TOR,TOR,0.6,0.5,0.347,0.301
HOU201507290,2015-07-29,HOU,ANA,0,0,3.22,3.65,1e-06,1e-06,HOU,HOU,0.4,0.9,0.322,0.302
LAN201507290,2015-07-29,LAN,OAK,1,0,3.35,3.66,1e-06,1e-06,LAN,LAN,0.3,0.4,0.32,0.308
MIN201507300,2015-07-30,MIN,SEA,5,2,4.4,3.61,1e-06,2238.4089622775527,MIN,SEA,0.7,0.7,0.322,0.309
BOS201507300,2015-07-30,BOS,CHA,1,2,4.09,3.41,1e-06,1e-06,BOS,BOS,0.2,1.8,0.349,0.306
CIN201507300,2015-07-30,CIN,PIT,3,0,7.62,3.18,494.9532553693752,973.9884963018676,SLN,MIN,0.7,0.3,0.322,0.322
MIA201507300,2015-07-30,MIA,WAS,0,0,3.6,2.79,1e-06,1e-06,MIA,MIA,0.1,0.0,0.312,0.314
NYN201507300,2015-07-30,NYN,SDN,1,0,1.85,4.0,1e-06,1e-06,NYN,NYN,1.0,0.3,0.303,0.295
PHI201507300,2015-07-30,PHI,ATL,0,0,4.86,3.02,539.7375980826044,144.5656230575587,TOR,BAL,0.6,0.2,0.304,0.312
OAK201507300,2015-07-30,OAK,CLE,1,3,3.56,3.63,552.4676717810693,3466.040146226439,LAN,CLE,0.3,0.4,0.316,0.305
TOR201507300,2015-07-30,TOR,KCA,1,2,3.13,4.08,1e-06,305.2632734150024,TOR,CLE,0.6,1.2,0.347,0.311
HOU201507300,2015-07-30,HOU,ANA,0,0,3.1,3.49,1e-06,1e-06,HOU,HOU,0.4,0.9,0.322,0.302
SLN201507300,2015-07-30,SLN,COL,1,1,2.95,4.2,1e-06,422.4920912040455,SLN,CHN,0.4,1.1,0.329,0.277
MIL201507300,2015-07-30,MIL,CHN,0,0,2.7,6.35,2954.3733541563483,132.54357794550742,SFN,CHN,0.7,0.1,0.31,0.317
BAL201507300,2015-07-30,BAL,DET,0,2,4.91,5.05,1e-06,1393.7772067986984,BAL,TBA,0.8,0.2,0.327,0.324
TEX201507300,2015-07-30,TEX,NYA,3,3,2.99,2.04,1e-06,1e-06,TEX,TEX,0.7,0.2,0.341,0.319
MIL201507310,2015-07-31,MIL,CHN,1,0,3.77,3.74,1e-06,1e-06,MIL,MIL,0.7,0.1,0.31,0.317
TEX201507310,2015-07-31,TEX,SFN,2,1,3.96,2.93,1e-06,2363.044634840767,TEX,SFN,1.0,0.2,0.341,0.327
TOR201507310,2015-07-31,TOR,KCA,0,3,2.92,3.18,1e-06,1e-06,TOR,TOR,0.7,1.4,0.347,0.311
PHI201507310,2015-07-31,PHI,ATL,4,0,6.99,4.78,1e-06,1e-06,PHI,PHI,0.4,0.2,0.304,0.312
NYN201507310,2015-07-31,NYN,WAS,0,0,4.68,,1e-06,1756.5620451799746,NYN,MIA,1.1,0.0,0.303,0.314
CIN201507310,2015-07-31,CIN,PIT,0,1,5.4,4.49,1e-06,1e-06,CIN,CIN,1.0,0.3,0.322,0.322
BOS201507310,2015-07-31,BOS,TBA,3,1,4.14,2.41,1e-06,1926.694381718032,BOS,TBA,0.3,0.0,0.349,0.316
CHA201507310,2015-07-31,CHA,NYA,0,1,3.75,4.2,1365.5064971534737,1309.650558347085,BOS,TEX,0.3,0.5,0.307,0.319
OAK201507310,2015-07-31,OAK,CLE,0,0,4.75,3.45,1e-06,1e-06,OAK,OAK,0.2,0.7,0.316,0.305
SLN201507310,2015-07-31,SLN,COL,2,0,3.38,6.32,1e-06,1e-06,SLN,SLN,0.5,1.2,0.329,0.277
MIN201507310,2015-07-31,MIN,SEA,0,0,,4.56,1e-06,1e-06,MIN,MIN,1.2,0.9,0.322,0.309
MIA201507310,2015-07-31,MIA,SDN,2,0,2.3,3.0,1e-06,1756.5620451799746,MIA,NYN,0.1,0.3,0.312,0.295
BAL201507310,2015-07-31,BAL,DET,0,1,1.8,4.0,1e-06,1e-06,BAL,BAL,0.8,0.3,0.327,0.324
LAN201507310,2015-07-31,LAN,ANA,1,0,1.66,3.59,1e-06,2205.5170699182067,LAN,HOU,0.4,0.9,0.32,0.302
HOU201507310,2015-07-31,HOU,ARI,0,0,3.62,3.86,1e-06,3039.1839825945185,HOU,SEA,0.4,0.9,0.322,0.317
CIN201508010,2015-08-01,CIN,PIT,0,0,4.15,2.6,1e-06,1e-06,CIN,CIN,1.0,0.4,0.322,0.322
HOU201508010,2015-08-01,HOU,ARI,1,0,2.48,4.62,1e-06,1e-06,HOU,HOU,0.4,0.9,0.322,0.317
TOR201508010,2015-08-01,TOR,KCA,0,1,1.96,4.08,1e-06,1e-06,TOR,TOR,0.7,1.5,0.347,0.311
TEX201508010,2015-08-01,TEX,SFN,2,0,2.63,2.45,1e-06,1e-06,TEX,TEX,1.1,0.1,0.341,0.327
MIA201508010,2015-08-01,MIA,SDN,0,1,5.25,5.8,1e-06,1e-06,MIA,MIA,0.3,0.3,0.312,0.295
PHI201508010,2015-08-01,PHI,ATL,1,2,3.59,4.71,1e-06,1e-06,PHI,PHI,0.8,0.2,0.304,0.312
SLN201508010,2015-08-01,SLN,COL,0,1,3.03,4.17,1e-06,1e-06,SLN,SLN,0.3,1.2,0.329,0.277
NYN201508010,2015-08-01,NYN,WAS,0,2,3.67,2.18,1e-06,1e-06,NYN,NYN,0.7,0.0,0.303,0.314
MIN201508010,2015-08-01,MIN,SEA,0,1,4.0,2.31,1e-06,1e-06,MIN,MIN,1.2,0.9,0.322,0.309
CHA201508010,2015-08-01,CHA,NYA,1,0,4.71,6.37,1e-06,1e-06,CHA,CHA,0.3,0.5,0.307,0.319
OAK201508010,2015-08-01,OAK,CLE,0,0,6.67,3.05,1e-06,1e-06,OAK,OAK,0.2,0.7,0.316,0.305
BAL201508010,2015-08-01,BAL,DET,2,0,4.25,4.99,1e-06,1e-06,BAL,BAL,0.5,0.4,0.327,0.324
BOS201508010,2015-08-01,BOS,TBA,1,0,4.82,5.43,1e-06,1e-06,BOS,BOS,0.6,0.1,0.349,0.316
LAN201508010,2015-08-01,LAN,ANA,0,0,2.13,3.49,1e-06,1e-06,LAN,LAN,0.5,0.6,0.32,0.302
MIL201508010,2015-08-01,MIL,CHN,0,0,5.63,3.95,1e-06,1e-06,MIL,MIL,0.8,0.1,0.31,0.317
TOR201508020,2015-08-02,TOR,KCA,0,0,3.91,3.55,1e-06,1e-06,TOR,TOR,0.7,1.5,0.347,0.311
CIN201508020,2015-08-02,CIN,PIT,0,0,6.54,4.81,1e-06,1e-06,CIN,CIN,1.0,0.4,0.322,0.322
HOU201508020,2015-08-02,HOU,ARI,0,0,3.89,3.52,1e-06,1e-06,HOU,HOU,0.5,0.9,0.322,0.317
BAL201508020,2015-08-02,BAL,DET,0,3,4.11,3.75,1e-06,1e-06,BAL,BAL,0.7,0.4,0.327,0.324
CHA201508020,2015-08-02,CHA,NYA,0,1,4.96,5.07,1e-06,1e-06,CHA,CHA,0.4,0.4,0.307,0.319
BOS201508020,2015-08-02,BOS,TBA,2,1,4.14,3.74,1e-06,1e-06,BOS,BOS,0.7,0.1,0.349,0.316
MIL201508020,2015-08-02,MIL,CHN,0,1,5.85,3.83,1e-06,1e-06,MIL,MIL,0.7,0.1,0.31,0.317
MIA201508020,2015-08-02,MIA,SDN,2,0,2.3,3.0,1e-06,1e-06,MIA,MIA,0.3,0.4,0.312,0.295
OAK201508020,2015-08-02,OAK,CLE,0,1,3.84,2.99,1e-06,1e-06,OAK,OAK,0.1,0.7,0.316,0.305
LAN201508020,2015-08-02,LAN,ANA,0,0,3.35,7.71,1e-06,1e-06,LAN,LAN,0.3,0.3,0.32,0.302
SLN201508020,2015-08-02,SLN,COL,0,0,2.1,5.09,1e-06,1e-06,SLN,SLN,0.3,1.0,0.329,0.277
NYN201508020,2015-08-02,NYN,WAS,0,1,3.24,3.66,1e-06,1e-06,NYN,NYN,0.7,0.2,0.303,0.314
MIN201508020,2015-08-02,MIN,SEA,0,0,2.33,4.74,1e-06,1e-06,MIN,MIN,1.2,1.0,0.322,0.309
PHI201508020,2015-08-02,PHI,ATL,0,0,4.48,4.04,1e-06,1e-06,PHI,PHI,0.9,0.4,0.304,0.312
TEX201508020,2015-08-02,TEX,SFN,0,0,4.46,3.7,1e-06,1e-06,TEX,TEX,1.3,0.1,0.341,0.327
TOR201508030,2015-08-03,TOR,MIN,0,0,2.45,4.0,1e-06,1113.301279752142,TOR,MIN,0.2,0.4,0.347,0.289
OAK201508030,2015-08-03,OAK,BAL,0,3,4.18,3.5,1e-06,3931.3055139950993,OAK,BAL,0.1,0.4,0.316,0.289
ATL201508030,2015-08-03,ATL,SFN,0,0,1.6,4.67,1071.2330338826837,1179.9161829380423,PHI,TEX,0.9,0.1,0.317,0.327
TEX201508030,2015-08-03,TEX,HOU,6,2,4.66,3.22,1e-06,368.5990384284446,TEX,HOU,1.3,0.7,0.341,0.308
COL201508030,2015-08-03,COL,SEA,1,4,5.9,3.53,1279.0227614650469,1123.7187605762444,SLN,MIN,1.0,1.0,0.352,0.309
MIA201508030,2015-08-03,MIA,NYN,0,0,4.08,4.16,1e-06,1756.5620451799746,MIA,NYN,0.5,0.2,0.312,0.316
ANA201508030,2015-08-03,ANA,CLE,0,3,3.65,3.49,40.86770847173621,592.0809005913671,LAN,OAK,0.2,0.8,0.311,0.305
CHA201508030,2015-08-03,CHA,TBA,0,1,3.41,2.41,1e-06,1365.5064971534737,CHA,BOS,0.1,0.2,0.307,0.316
WAS201508030,2015-08-03,WAS,ARI,0,0,4.19,3.19,326.3648041771951,1963.4510544527368,NYN,HOU,0.5,0.9,0.328,0.317
MIL201508030,2015-08-03,MIL,SDN,2,1,4.72,3.26,1e-06,2045.0709343750696,MIL,MIA,0.6,0.4,0.31,0.295
PHI201508040,2015-08-04,PHI,LAN,0,0,3.01,3.84,1e-06,3844.216938115361,PHI,LAN,0.9,0.2,0.304,0.33
CHA201508040,2015-08-04,CHA,TBA,0,2,3.41,3.23,1e-06,1e-06,CHA,CHA,0.1,0.3,0.307,0.316
COL201508040,2015-08-04,COL,SEA,1,2,5.25,9.98,1e-06,1e-06,COL,COL,0.9,1.2,0.352,0.309
CIN201508040,2015-08-04,CIN,SLN,3,0,4.05,2.77,1e-06,494.9532553693752,CIN,SLN,1.0,0.0,0.322,0.311
MIA201508040,2015-08-04,MIA,NYN,0,0,4.5,4.13,1e-06,1e-06,MIA,MIA,0.4,0.1,0.312,0.316
ANA201508040,2015-08-04,ANA,CLE,0,0,3.49,3.0,1e-06,1e-06,ANA,ANA,0.2,1.1,0.311,0.305
DET201508040,2015-08-04,DET,KCA,0,0,3.38,4.08,638.3359432178316,332.4198044988213,BAL,TOR,1.0,1.5,0.332,0.311
OAK201508040,2015-08-04,OAK,BAL,0,0,3.56,4.91,1e-06,1e-06,OAK,OAK,0.1,0.7,0.316,0.289
WAS201508040,2015-08-04,WAS,ARI,3,0,3.44,4.28,1e-06,1e-06,WAS,WAS,0.2,0.9,0.328,0.317
NYA201508040,2015-08-04,NYA,BOS,1,0,3.51,4.57,1144.129935670241,306.2037667286439,CHA,BOS,1.1,1.1,0.325,0.302
PIT201508040,2015-08-04,PIT,CHN,0,1,3.61,1.77,415.25842934625814,722.0054120555708,CIN,MIL,0.2,0.2,0.323,0.317
MIL201508040,2015-08-04,MIL,SDN,0,0,4.11,4.34,1e-06,1e-06,MIL,MIL,0.8,0.4,0.31,0.295
TEX201508040,2015-08-04,TEX,HOU,0,0,3.42,5.4,1e-06,1e-06,TEX,TEX,1.8,0.5,0.341,0.308
TOR201508040,2015-08-04,TOR,MIN,1,0,3.13,4.4,1e-06,1e-06,TOR,TOR,0.2,0.4,0.347,0.289
ATL201508040,2015-08-04,ATL,SFN,0,1,4.7,5.86,1e-06,1e-06,ATL,ATL,0.9,0.1,0.317,0.327
WAS201508050,2015-08-05,WAS,ARI,2,0,4.6,4.67,1e-06,1e-06,WAS,WAS,0.5,0.8,0.328,0.317
CHA201508050,2015-08-05,CHA,TBA,5,0,3.41,3.71,1e-06,1e-06,CHA,CHA,0.1,0.5,0.307,0.316
NYA201508050,2015-08-05,NYA,BOS,0,0,2.89,4.09,1e-06,1e-06,NYA,NYA,1.2,0.9,0.325,0.302
PIT201508050,2015-08-05,PIT,CHN,2,0,2.98,3.84,1e-06,1e-06,PIT,PIT,0.2,0.3,0.323,0.317
OAK201508050,2015-08-05,OAK,BAL,0,0,4.39,,1e-06,1e-06,OAK,OAK,0.1,0.7,0.316,0.289
COL201508050,2015-08-05,COL,SEA,0,0,4.74,5.4,1e-06,1e-06,COL,COL,0.9,1.4,0.352,0.309
CIN201508050,2015-08-05,CIN,SLN,0,0,7.3,4.26,1e-06,1e-06,CIN,CIN,1.2,0.0,0.322,0.311
TEX201508050,2015-08-05,TEX,HOU,3,0,3.96,3.1,1e-06,1e-06,TEX,TEX,1.8,0.5,0.341,0.308
MIA201508050,2015-08-05,MIA,NYN,0,0,4.5,2.71,1e-06,1e-06,MIA,MIA,0.4,0.1,0.312,0.316
TOR201508050,2015-08-05,TOR,MIN,2,3,5.57,3.1,1e-06,1e-06,TOR,TOR,0.3,0.4,0.347,0.289
ATL201508050,2015-08-05,ATL,SFN,0,0,4.78,2.93,1e-06,1e-06,ATL,ATL,0.9,0.2,0.317,0.327
DET201508050,2015-08-05,DET,KCA,0,0,7.53,3.44,1e-06,1e-06,DET,DET,0.9,1.2,0.332,0.311
ANA201508050,2015-08-05,ANA,CLE,0,0,5.4,2.99,1e-06,1e-06,ANA,ANA,0.2,1.1,0.311,0.305
MIL201508050,2015-08-05,MIL,SDN,4,1,3.77,4.28,1e-06,1e-06,MIL,MIL,0.7,0.4,0.31,0.295
PHI201508050,2015-08-05,PHI,LAN,0,3,4.86,3.69,1e-06,1e-06,PHI,PHI,0.9,0.2,0.304,0.33
TOR201508060,2015-08-06,TOR,MIN,1,0,3.81,3.84,1e-06,1e-06,TOR,TOR,0.5,0.4,0.347,0.289
OAK201508060,2015-08-06,OAK,HOU,0,1,4.75,3.1,1e-06,2350.5503898425545,OAK,TEX,0.1,0.3,0.316,0.308
PHI201508060,2015-08-06,PHI,LAN,5,3,6.99,1.66,1e-06,1e-06,PHI,PHI,0.7,0.5,0.304,0.33
CIN201508060,2015-08-06,CIN,SLN,0,0,5.4,3.38,1e-06,1e-06,CIN,CIN,1.2,0.0,0.322,0.311
ATL201508060,2015-08-06,ATL,MIA,2,2,5.93,3.14,1e-06,973.359131898138,ATL,MIA,0.5,0.1,0.317,0.308
DET201508060,2015-08-06,DET,KCA,0,0,2.19,2.13,1e-06,1e-06,DET,DET,0.5,1.1,0.332,0.311
MIL201508060,2015-08-06,MIL,SDN,1,0,5.63,5.8,1e-06,1e-06,MIL,MIL,1.1,0.5,0.31,0.295
WAS201508060,2015-08-06,WAS,ARI,0,0,3.64,4.62,1e-06,1e-06,WAS,WAS,0.7,0.6,0.328,0.317
NYA201508060,2015-08-06,NYA,BOS,0,0,3.1,3.85,1e-06,1e-06,NYA,NYA,1.0,0.9,0.325,0.302
CHN201508060,2015-08-06,CHN,SFN,2,0,1.99,3.95,660.0502267315369,947.8182724063668,PIT,ATL,0.5,0.2,0.322,0.327
SDN201508070,2015-08-07,SDN,PHI,0,0,4.01,3.79,2790.8560532571964,3810.8466979584146,MIL,PHI,0.4,0.4,0.306,0.301
ANA201508070,2015-08-07,ANA,BAL,1,0,4.24,4.25,1e-06,592.0809005913671,ANA,OAK,0.2,0.7,0.311,0.289
ATL201508070,2015-08-07,ATL,MIA,0,0,7.25,4.97,1e-06,1e-06,ATL,ATL,0.7,0.3,0.317,0.308
PIT201508070,2015-08-07,PIT,LAN,1,0,2.98,4.46,1e-06,412.2899901216241,PIT,PHI,0.4,0.8,0.323,0.33
TBA201508070,2015-08-07,TBA,NYN,0,0,3.71,2.92,1636.2782802002057,319.9354673545946,CHA,MIA,0.2,0.1,0.312,0.316
SEA201508070,2015-08-07,SEA,TEX,0,0,3.54,3.65,1640.846947858291,2688.6235870338205,COL,TEX,0.4,0.5,0.313,0.306
NYA201508070,2015-08-07,NYA,TOR,0,1,2.93,2.48,1e-06,550.2922217550002,NYA,TOR,1.0,0.2,0.325,0.329
CHN201508070,2015-08-07,CHN,SFN,1,0,3.34,4.67,1e-06,1e-06,CHN,CHN,0.7,0.2,0.322,0.327
CLE201508070,2015-08-07,CLE,MIN,0,0,2.95,4.0,3271.7957310678776,305.2632734150024,ANA,TOR,0.1,0.4,0.344,0.289
MIL201508070,2015-08-07,MIL,SLN,0,0,5.7,3.03,1e-06,525.1892238126902,MIL,CIN,1.2,0.0,0.31,0.311
OAK201508070,2015-08-07,OAK,HOU,0,0,2.73,2.48,1e-06,1e-06,OAK,OAK,0.1,0.4,0.316,0.308
KCA201508070,2015-08-07,KCA,CHA,0,0,3.55,4.71,1034.95696626315,663.9206411727051,DET,CHA,1.5,2.0,0.333,0.306
ARI201508070,2015-08-07,ARI,CIN,1,0,4.3,4.15,3184.3579900386735,2538.655038172322,WAS,CIN,0.3,0.1,0.331,0.303
DET201508070,2015-08-07,DET,BOS,0,2,3.75,4.82,1e-06,773.7548030957365,DET,NYA,0.5,0.1,0.332,0.302
WAS201508070,2015-08-07,WAS,COL,1,0,3.44,5.09,1e-06,2397.8679070622884,WAS,COL,0.7,1.0,0.328,0.277
ATL201508080,2015-08-08,ATL,MIA,1,0,5.71,4.08,1e-06,1e-06,ATL,ATL,0.6,0.3,0.317,0.308
OAK201508080,2015-08-08,OAK,HOU,2,0,4.18,3.89,1e-06,1e-06,OAK,OAK,0.1,0.4,0.316,0.308
TBA201508080,2015-08-08,TBA,NYN,4,3,,3.24,1e-06,1e-06,TBA,TBA,0.0,0.1,0.312,0.316
DET201508080,2015-08-08,DET,BOS,0,0,3.08,4.14,1e-06,1e-06,DET,DET,0.3,0.3,0.332,0.302
KCA201508080,2015-08-08,KCA,CHA,0,0,5.95,4.96,1e-06,1e-06,KCA,KCA,1.2,1.8,0.333,0.306
CLE201508080,2015-08-08,CLE,MIN,2,1,4.55,4.0,1e-06,1e-06,CLE,CLE,0.1,0.3,0.344,0.289
NYA201508080,2015-08-08,NYA,TOR,0,0,5.07,2.45,1e-06,1e-06,NYA,NYA,0.9,0.3,0.325,0.329
PIT201508080,2015-08-08,PIT,LAN,1,1,2.84,4.95,1e-06,1e-06,PIT,PIT,0.5,0.8,0.323,0.33
ARI201508080,2015-08-08,ARI,CIN,1,0,3.52,6.54,1e-06,1e-06,ARI,ARI,0.3,0.1,0.331,0.303
CHN201508080,2015-08-08,CHN,SFN,1,0,3.95,5.79,1e-06,1e-06,CHN,CHN,0.8,0.2,0.322,0.327
WAS201508080,2015-08-08,WAS,COL,0,0,3.46,5.9,1e-06,1e-06,WAS,WAS,0.8,0.6,0.328,0.277
SDN201508080,2015-08-08,SDN,PHI,0,2,3.26,4.48,1e-06,1e-06,SDN,SDN,0.4,0.4,0.306,0.301
MIL201508080,2015-08-08,MIL,SLN,0,1,4.72,2.43,1e-06,1e-06,MIL,MIL,1.1,0.0,0.31,0.311
SEA201508080,2015-08-08,SEA,TEX,0,0,9.98,2.99,1e-06,1e-06,SEA,SEA,0.3,0.5,0.313,0.306
ANA201508080,2015-08-08,ANA,BAL,0,0,3.65,4.11,1e-06,1e-06,ANA,ANA,0.3,0.6,0.311,0.289
SEA201508090,2015-08-09,SEA,TEX,0,0,3.53,4.66,1e-06,1e-06,SEA,SEA,0.2,0.5,0.313,0.306
MIL201508090,2015-08-09,MIL,SLN,0,0,2.7,4.62,1e-06,1e-06,MIL,MIL,0.8,0.1,0.31,0.311
TBA201508090,2015-08-09,TBA,NYN,0,0,2.35,4.16,1e-06,1e-06,TBA,TBA,0.4,0.3,0.312,0.316
KCA201508090,2015-08-09,KCA,CHA,3,0,2.71,3.63,1e-06,1e-06,KCA,KCA,1.2,1.8,0.333,0.306
NYA201508090,2015-08-09,NYA,TOR,0,1,3.51,3.13,1e-06,1e-06,NYA,NYA,0.9,0.3,0.325,0.329
SDN201508090,2015-08-09,SDN,PHI,0,1,4.34,5.8,1e-06,1e-06,SDN,SDN,0.1,0.6,0.306,0.301
OAK201508090,2015-08-09,OAK,HOU,0,0,4.15,3.1,1e-06,1e-06,OAK,OAK,0.3,0.4,0.316,0.308
CHN201508090,2015-08-09,CHN,SFN,1,0,1.77,3.58,1e-06,1e-06,CHN,CHN,0.9,0.2,0.322,0.327
PIT201508090,2015-08-09,PIT,LAN,0,2,3.62,4.46,1e-06,1e-06,PIT,PIT,0.5,0.8,0.323,0.33
WAS201508090,2015-08-09,WAS,COL,0,1,3.44,4.2,1e-06,1e-06,WAS,WAS,0.8,0.6,0.328,0.277
CLE201508090,2015-08-09,CLE,MIN,1,0,3.49,4.4,1e-06,1e-06,CLE,CLE,0.3,0.4,0.344,0.289
DET201508090,2015-08-09,DET,BOS,0,0,3.38,4.57,1e-06,1e-06,DET,DET,0.3,0.3,0.332,0.302
ATL201508090,2015-08-09,ATL,MIA,0,0,3.02,5.3,1e-06,1e-06,ATL,ATL,0.7,0.3,0.317,0.308
ANA201508090,2015-08-09,ANA,BAL,1,2,3.02,4.14,1e-06,1e-06,ANA,ANA,0.3,0.6,0.311,0.289
ARI201508090,2015-08-09,ARI,CIN,1,0,3.79,4.02,1e-06,1e-06,ARI,ARI,0.4,0.1,0.331,0.303
KCA201508100,2015-08-10,KCA,DET,3,0,3.44,7.53,1e-06,1034.95696626315,KCA,DET,1.4,0.7,0.333,0.324
ARI201508100,2015-08-10,ARI,PHI,0,0,4.67,4.86,1e-06,481.0116378281714,ARI,SDN,0.5,0.7,0.331,0.301
NYN201508100,2015-08-10,NYN,COL,0,0,4.13,4.05,1638.0556824552712,326.3648041771951,TBA,WAS,0.7,0.7,0.303,0.277
SEA201508100,2015-08-10,SEA,BAL,0,1,3.74,3.34,1e-06,1575.276973597757,SEA,ANA,0.2,0.8,0.313,0.289
SDN201508100,2015-08-10,SDN,CIN,0,0,4.28,7.62,1e-06,481.0116378281714,SDN,ARI,0.1,0.1,0.306,0.303
LAN201508100,2015-08-10,LAN,WAS,0,0,3.69,3.79,3433.6519953355796,3694.422011983425,PIT,WAS,0.3,0.3,0.32,0.314
CHA201508100,2015-08-10,CHA,ANA,1,0,3.41,4.46,663.9206411727051,2786.2559450879285,KCA,ANA,0.6,0.2,0.307,0.302
KCA201508110,2015-08-11,KCA,DET,2,0,4.08,4.99,1e-06,1e-06,KCA,KCA,1.1,0.7,0.333,0.324
CLE201508110,2015-08-11,CLE,NYA,1,0,3.78,2.93,1e-06,649.8727601989037,CLE,NYA,0.4,0.5,0.344,0.319
CHA201508110,2015-08-11,CHA,ANA,0,0,3.75,3.59,1e-06,1e-06,CHA,CHA,0.7,0.2,0.307,0.302
MIN201508110,2015-08-11,MIN,TEX,0,0,3.32,9.0,1013.2251113855248,2238.4089622775527,CLE,SEA,1.2,0.5,0.322,0.306
MIA201508110,2015-08-11,MIA,BOS,0,0,3.14,4.15,973.359131898138,1858.8415502997775,ATL,DET,0.4,0.3,0.312,0.302
SEA201508110,2015-08-11,SEA,BAL,4,2,4.74,4.91,1e-06,1e-06,SEA,SEA,0.2,0.9,0.313,0.289
CHN201508110,2015-08-11,CHN,MIL,0,0,3.6,3.77,1e-06,132.54357794550742,CHN,MIL,0.8,0.3,0.322,0.304
NYN201508110,2015-08-11,NYN,COL,0,0,2.71,5.33,1e-06,1e-06,NYN,NYN,0.7,0.7,0.303,0.277
LAN201508110,2015-08-11,LAN,WAS,0,0,1.66,3.64,1e-06,1e-06,LAN,LAN,0.3,0.3,0.32,0.314
ARI201508110,2015-08-11,ARI,PHI,0,1,4.62,6.99,1e-06,1e-06,ARI,ARI,0.5,0.6,0.331,0.301
SFN201508110,2015-08-11,SFN,HOU,0,0,2.93,3.1,2984.5094702126535,13.027453191410114,CHN,OAK,0.6,0.3,0.326,0.308
SLN201508110,2015-08-11,SLN,PIT,1,1,3.01,4.49,526.8349145670746,898.8824563980571,MIL,PIT,0.3,0.1,0.329,0.322
TBA201508110,2015-08-11,TBA,ATL,0,0,3.75,4.78,1e-06,688.5440708416155,TBA,ATL,0.4,0.4,0.312,0.312
SDN201508110,2015-08-11,SDN,CIN,3,0,4.26,5.4,1e-06,1e-06,SDN,SDN,0.1,0.0,0.306,0.303
TOR201508110,2015-08-11,TOR,OAK,0,1,5.57,4.05,550.2922217550002,3630.644600855592,NYA,OAK,0.6,0.3,0.347,0.308
KCA201508120,2015-08-12,KCA,DET,0,1,3.55,6.38,1e-06,1e-06,KCA,KCA,1.2,0.6,0.333,0.324
LAN201508120,2015-08-12,LAN,WAS,0,0,2.13,3.66,1e-06,1e-06,LAN,LAN,0.3,0.3,0.32,0.314
SLN201508120,2015-08-12,SLN,PIT,0,0,3.38,2.6,1e-06,1e-06,SLN,SLN,0.4,0.2,0.329,0.322
SDN201508120,2015-08-12,SDN,CIN,3,3,3.91,4.15,1e-06,1e-06,SDN,SDN,0.4,0.0,0.306,0.303
TBA201508120,2015-08-12,TBA,ATL,0,0,3.94,5.01,1e-06,1e-06,TBA,TBA,0.4,0.4,0.312,0.312
SEA201508120,2015-08-12,SEA,BAL,0,0,3.54,4.25,1e-06,1e-06,SEA,SEA,0.6,1.1,0.313,0.289
TOR201508120,2015-08-12,TOR,OAK,3,0,3.91,6.67,1e-06,1e-06,TOR,TOR,0.5,0.4,0.347,0.308
CHA201508120,2015-08-12,CHA,ANA,0,0,1.21,2.75,1e-06,1e-06,CHA,CHA,0.7,0.2,0.307,0.302
CHN201508120,2015-08-12,CHN,MIL,0,1,4.18,2.43,1e-06,1e-06,CHN,CHN,0.8,0.3,0.322,0.304
ARI201508120,2015-08-12,ARI,PHI,2,0,4.3,3.59,1e-06,1e-06,ARI,ARI,0.5,0.7,0.331,0.301
MIA201508120,2015-08-12,MIA,BOS,1,0,2.59,3.85,1e-06,1e-06,MIA,MIA,0.4,0.3,0.312,0.302
NYN201508120,2015-08-12,NYN,COL,0,0,2.54,4.17,1e-06,1e-06,NYN,NYN,0.7,0.3,0.303,0.277
MIN201508120,2015-08-12,MIN,TEX,1,0,4.26,3.96,1e-06,1e-06,MIN,MIN,1.0,0.5,0.322,0.306
CLE201508120,2015-08-12,CLE,NYA,0,0,3.45,4.73,1e-06,1e-06,CLE,CLE,0.5,0.5,0.344,0.319
SFN201508120,2015-08-12,SFN,HOU,0,0,3.95,3.9,1e-06,1e-06,SFN,SFN,0.6,0.3,0.326,0.308
MIN201508130,2015-08-13,MIN,TEX,0,0,3.55,2.39,1e-06,1e-06,MIN,MIN,0.9,0.5,0.322,0.306
CLE201508130,2015-08-13,CLE,NYA,0,3,4.55,4.2,1e-06,1e-06,CLE,CLE,0.5,0.5,0.344,0.319
TOR201508130,2015-08-13,TOR,OAK,0,0,3.81,4.18,1e-06,1e-06,TOR,TOR,0.8,0.4,0.347,0.308
NYN201508130,2015-08-13,NYN,COL,3,2,3.24,5.9,1e-06,1e-06,NYN,NYN,0.3,0.3,0.303,0.277
LAN201508130,2015-08-13,LAN,CIN,0,0,4.95,6.54,1e-06,179.52869961196944,LAN,SDN,0.3,0.3,0.32,0.303
SLN201508130,2015-08-13,SLN,PIT,2,7,3.03,3.38,1e-06,1e-06,SLN,SLN,0.4,0.2,0.329,0.322
CHN201508130,2015-08-13,CHN,MIL,0,0,3.34,5.7,1e-06,1e-06,CHN,CHN,0.8,0.4,0.322,0.304
SFN201508130,2015-08-13,SFN,WAS,2,1,4.67,3.46,1e-06,559.4406195325591,SFN,LAN,0.5,0.3,0.326,0.314
KCA201508130,2015-08-13,KCA,ANA,1,0,3.83,3.49,1e-06,663.9206411727051,KCA,CHA,1.2,0.2,0.333,0.302
TEX201508140,2015-08-14,TEX,TBA,1,0,2.63,2.41,1396.7696185124962,1496.616116420437,MIN,TBA,2.1,0.5,0.341,0.316
BAL201508140,2015-08-14,BAL,OAK,0,0,4.25,3.66,3746.584168000963,537.0332419152472,SEA,TOR,0.7,0.3,0.327,0.308
ATL201508140,2015-08-14,ATL,ARI,0,0,4.04,3.52,688.5440708416155,2556.4851145812468,TBA,ARI,0.7,0.6,0.317,0.317
MIL201508140,2015-08-14,MIL,PHI,0,0,4.72,4.48,132.54357794550742,2349.997873269975,CHN,ARI,0.8,0.7,0.31,0.301
MIN201508140,2015-08-14,MIN,CLE,0,0,4.0,3.49,1e-06,1013.2251113855248,MIN,CLE,0.7,0.8,0.322,0.305
SFN201508140,2015-08-14,SFN,WAS,1,1,5.86,2.79,1e-06,1e-06,SFN,SFN,0.7,0.4,0.326,0.314
TOR201508140,2015-08-14,TOR,NYA,0,0,3.22,5.07,1e-06,305.2632734150024,TOR,CLE,0.7,0.8,0.347,0.319
NYN201508140,2015-08-14,NYN,PIT,0,1,6.38,3.62,1e-06,1403.0288811452067,NYN,SLN,0.6,0.9,0.303,0.322
LAN201508140,2015-08-14,LAN,CIN,1,1,3.84,5.8,1e-06,1e-06,LAN,LAN,0.3,0.3,0.32,0.303
BOS201508140,2015-08-14,BOS,SEA,3,1,4.82,4.6,2024.1956124919243,4000.0367541660753,MIA,SEA,0.9,1.4,0.349,0.309
KCA201508140,2015-08-14,KCA,ANA,0,1,4.08,4.64,1e-06,1e-06,KCA,KCA,1.3,0.2,0.333,0.302
SLN201508140,2015-08-14,SLN,MIA,0,0,2.43,4.08,1e-06,1707.3616110149374,SLN,MIA,0.6,0.3,0.329,0.308
COL201508140,2015-08-14,COL,SDN,3,3,,6.72,2618.595617996944,1340.79250926624,NYN,SDN,0.7,0.5,0.352,0.295
HOU201508140,2015-08-14,HOU,DET,0,0,2.48,5.05,2641.7391700833814,1040.8267966673652,SFN,KCA,0.5,0.7,0.322,0.324
CHA201508140,2015-08-14,CHA,CHN,2,1,4.96,3.83,1e-06,1e-06,CHA,CHN,0.7,0.3,0.307,0.317
KCA201508150,2015-08-15,KCA,ANA,0,0,3.44,4.46,1e-06,1e-06,KCA,KCA,1.3,0.1,0.333,0.302
TOR201508150,2015-08-15,TOR,NYA,0,1,3.13,3.51,1e-06,1e-06,TOR,TOR,0.7,0.8,0.347,0.319
ATL201508150,2015-08-15,ATL,ARI,0,1,5.71,3.6,1e-06,1e-06,ATL,ATL,0.5,0.5,0.317,0.317
HOU201508150,2015-08-15,HOU,DET,0,0,3.62,4.21,1e-06,1e-06,HOU,HOU,0.5,0.7,0.322,0.324
SLN201508150,2015-08-15,SLN,MIA,1,0,2.77,5.3,1e-06,1e-06,SLN,SLN,0.6,0.3,0.329,0.308
COL201508150,2015-08-15,COL,SDN,1,1,4.86,4.01,1e-06,1e-06,COL,COL,1.0,0.8,0.352,0.295
MIL201508150,2015-08-15,MIL,PHI,0,1,2.7,5.51,1e-06,1e-06,MIL,MIL,0.7,0.7,0.31,0.301
NYN201508150,2015-08-15,NYN,PIT,0,2,2.67,2.84,1e-06,1e-06,NYN,NYN,0.4,1.0,0.303,0.322
BOS201508150,2015-08-15,BOS,SEA,0,0,4.46,3.53,1e-06,1e-06,BOS,BOS,1.2,1.1,0.349,0.309
LAN201508150,2015-08-15,LAN,CIN,0,2,3.69,7.62,1e-06,1e-06,LAN,LAN,0.3,0.4,0.32,0.303
BAL201508150,2015-08-15,BAL,OAK,0,1,,4.4,1e-06,1e-06,BAL,BAL,0.7,0.2,0.327,0.308
SFN201508150,2015-08-15,SFN,WAS,0,1,3.58,3.79,1e-06,1e-06,SFN,SFN,0.8,0.5,0.326,0.314
CHA201508150,2015-08-15,CHA,CHN,0,0,3.36,1.77,1e-06,1e-06,CHA,CHA,0.9,0.3,0.307,0.317
TEX201508150,2015-08-15,TEX,TBA,1,0,4.66,3.23,1e-06,1e-06,TEX,TEX,2.2,0.5,0.341,0.316
MIN201508150,2015-08-15,MIN,CLE,0,0,3.1,3.02,1e-06,1e-06,MIN,MIN,0.7,0.8,0.322,0.305
KCA201508160,2015-08-16,KCA,ANA,2,0,2.71,3.02,1e-06,1e-06,KCA,KCA,1.3,0.1,0.333,0.302
NYN201508160,2015-08-16,NYN,PIT,0,0,6.38,3.62,1e-06,1e-06,NYN,NYN,0.4,1.2,0.303,0.322
COL201508160,2015-08-16,COL,SDN,0,0,5.33,4.28,1e-06,1e-06,COL,COL,0.8,0.7,0.352,0.295
BAL201508160,2015-08-16,BAL,OAK,1,0,3.34,4.05,1e-06,1e-06,BAL,BAL,0.6,0.3,0.327,0.308
MIL201508160,2015-08-16,MIL,PHI,1,0,3.77,4.86,1e-06,1e-06,MIL,MIL,0.7,0.5,0.31,0.301
BOS201508160,2015-08-16,BOS,SEA,0,3,4.15,9.98,1e-06,1e-06,BOS,BOS,1.2,1.1,0.349,0.309
LAN201508160,2015-08-16,LAN,CIN,0,0,1.66,4.05,1e-06,1e-06,LAN,LAN,0.3,0.6,0.32,0.303
HOU201508160,2015-08-16,HOU,DET,0,2,1.9,5.95,1e-06,1e-06,HOU,HOU,0.4,0.7,0.322,0.324
TOR201508160,2015-08-16,TOR,NYA,0,0,5.57,2.89,1e-06,1e-06,TOR,TOR,0.7,0.9,0.347,0.319
SLN201508160,2015-08-16,SLN,MIA,1,1,3.01,4.45,1e-06,1e-06,SLN,SLN,0.7,0.3,0.329,0.308
MIN201508160,2015-08-16,MIN,CLE,0,0,,3.63,1e-06,1e-06,MIN,MIN,0.6,0.8,0.322,0.305
SFN201508160,2015-08-16,SFN,WAS,0,0,2.93,3.64,1e-06,1e-06,SFN,SFN,0.6,0.6,0.326,0.314
CHA201508160,2015-08-16,CHA,CHN,0,0,3.41,3.6,1e-06,1e-06,CHA,CHA,0.9,0.3,0.307,0.317
ATL201508160,2015-08-16,ATL,ARI,0,0,4.7,4.28,1e-06,1e-06,ATL,ATL,0.3,0.5,0.317,0.317
TEX201508160,2015-08-16,TEX,TBA,2,1,3.42,3.11,1e-06,1e-06,TEX,TEX,1.8,0.5,0.341,0.316
ANA201508170,2015-08-17,ANA,CHA,0,0,4.24,3.75,2158.345510444982,2786.2559450879285,KCA,CHA,0.4,1.8,0.311,0.306
PIT201508170,2015-08-17,PIT,ARI,0,2,2.6,4.62,505.04779123783345,840.3908477621023,NYN,ATL,0.5,0.1,0.323,0.317
NYA201508170,2015-08-17,NYA,MIN,3,0,2.04,3.32,550.2922217550002,1636.0526645605564,TOR,MIN,0.9,0.4,0.325,0.289
HOU201508170,2015-08-17,HOU,TBA,0,4,3.1,3.75,1e-06,368.5990384284446,HOU,TEX,0.3,0.6,0.322,0.316
SDN201508170,2015-08-17,SDN,ATL,0,0,4.26,4.78,1340.79250926624,3037.495642889967,COL,ATL,0.7,0.4,0.306,0.312
BAL201508170,2015-08-17,BAL,OAK,0,0,4.99,2.73,1e-06,1e-06,BAL,BAL,0.6,0.3,0.327,0.308
SLN201508170,2015-08-17,SLN,SFN,0,0,2.17,2.45,1e-06,2802.2400845274956,SLN,SFN,0.8,0.2,0.329,0.327
MIL201508170,2015-08-17,MIL,MIA,0,0,5.63,4.01,1e-06,526.8349145670746,MIL,SLN,0.8,0.4,0.31,0.308
BOS201508170,2015-08-17,BOS,CLE,0,0,5.44,3.45,1e-06,1804.1923618308683,BOS,MIN,1.2,0.7,0.349,0.305
TEX201508170,2015-08-17,TEX,SEA,1,0,2.99,4.74,1e-06,2512.560414403036,TEX,BOS,2.0,1.3,0.341,0.309
CIN201508180,2015-08-18,CIN,KCA,1,0,4.02,4.01,3046.5057464053752,868.1617780403714,LAN,KCA,1.1,0.9,0.322,0.311
OAK201508180,2015-08-18,OAK,LAN,0,0,4.15,3.34,3931.3055139950993,552.4676717810693,BAL,LAN,0.2,1.0,0.316,0.33
SDN201508180,2015-08-18,SDN,ATL,0,0,3.91,4.71,1e-06,1e-06,SDN,SDN,0.7,0.4,0.306,0.312
TEX201508180,2015-08-18,TEX,SEA,0,3,3.9,3.54,1e-06,1e-06,TEX,TEX,1.8,1.1,0.341,0.309
NYA201508180,2015-08-18,NYA,MIN,0,0,4.02,4.95,1e-06,1e-06,NYA,NYA,1.2,0.4,0.325,0.289
BAL201508180,2015-08-18,BAL,NYN,0,1,4.25,2.54,1e-06,272.81937803481173,BAL,NYN,0.6,0.3,0.327,0.316
COL201508180,2015-08-18,COL,WAS,3,2,4.05,3.66,1e-06,1524.5101947303656,COL,SFN,0.8,0.6,0.352,0.314
CHN201508180,2015-08-18,CHN,DET,2,3,2.91,4.21,1e-06,1516.5648050119732,CHA,HOU,0.7,0.9,0.322,0.324
PIT201508180,2015-08-18,PIT,ARI,2,2,2.84,8.03,1e-06,1e-06,PIT,PIT,0.5,0.3,0.323,0.317
ANA201508180,2015-08-18,ANA,CHA,3,0,3.65,4.71,1e-06,1e-06,ANA,ANA,0.4,1.8,0.311,0.306
PHI201508180,2015-08-18,PHI,TOR,0,1,3.01,2.92,1117.7982780855818,539.7375980826044,MIL,TOR,1.2,0.4,0.304,0.329
BOS201508180,2015-08-18,BOS,CLE,1,0,3.85,4.55,1e-06,1e-06,BOS,BOS,1.0,0.4,0.349,0.305
HOU201508180,2015-08-18,HOU,TBA,0,0,3.1,3.71,1e-06,1e-06,HOU,HOU,0.2,1.0,0.322,0.316
SLN201508180,2015-08-18,SLN,SFN,0,0,3.03,4.67,1e-06,1e-06,SLN,SLN,0.7,0.1,0.329,0.327
MIL201508180,2015-08-18,MIL,MIA,0,3,5.7,4.97,1e-06,1e-06,MIL,MIL,0.6,0.3,0.31,0.308
PIT201508190,2015-08-19,PIT,ARI,0,0,3.61,3.52,1e-06,1e-06,PIT,PIT,0.6,0.5,0.323,0.317
NYA201508190,2015-08-19,NYA,MIN,0,0,4.2,4.0,1e-06,1e-06,NYA,NYA,1.1,0.4,0.325,0.289
BAL201508190,2015-08-19,BAL,NYN,0,1,,4.68,1e-06,1e-06,BAL,BAL,0.3,0.4,0.327,0.316
COL201508190,2015-08-19,COL,WAS,0,0,6.18,3.46,1e-06,1e-06,COL,COL,1.1,0.8,0.352,0.314
CIN201508190,2015-08-19,CIN,KCA,2,2,6.54,3.73,1e-06,1e-06,CIN,CIN,1.1,0.6,0.322,0.311
PHI201508190,2015-08-19,PHI,TOR,3,0,4.48,3.81,1e-06,1e-06,PHI,PHI,1.2,0.5,0.304,0.329
OAK201508190,2015-08-19,OAK,LAN,1,0,4.18,3.84,1e-06,1e-06,OAK,OAK,0.2,1.0,0.316,0.33
MIL201508190,2015-08-19,MIL,MIA,0,3,4.72,4.08,1e-06,1e-06,MIL,MIL,0.6,0.6,0.31,0.308
CHN201508190,2015-08-19,CHN,DET,0,0,3.34,6.38,1e-06,1e-06,CHN,CHN,0.9,1.0,0.322,0.324
HOU201508190,2015-08-19,HOU,TBA,1,0,3.55,4.11,1e-06,1e-06,HOU,HOU,0.1,0.9,0.322,0.316
ANA201508190,2015-08-19,ANA,CHA,0,0,4.64,4.96,1e-06,1e-06,ANA,ANA,0.7,1.3,0.311,0.306
SLN201508190,2015-08-19,SLN,SFN,1,0,2.17,2.45,1e-06,1e-06,SLN,SLN,0.5,0.1,0.329,0.327
SDN201508190,2015-08-19,SDN,ATL,0,0,2.45,5.01,1e-06,1e-06,SDN,SDN,0.7,0.4,0.306,0.312
TEX201508190,2015-08-19,TEX,SEA,3,0,4.91,4.6,1e-06,1e-06,TEX,TEX,1.6,1.4,0.341,0.309
BOS201508190,2015-08-19,BOS,CLE,0,0,4.82,3.49,1e-06,1e-06,BOS,BOS,1.1,0.4,0.349,0.305
NYA201508200,2015-08-20,NYA,CLE,0,0,5.07,3.02,1e-06,306.2037667286439,NYA,BOS,0.8,0.4,0.325,0.305
DET201508200,2015-08-20,DET,TEX,1,0,5.05,4.46,380.91207013286544,1624.6230769135182,CHN,TEX,0.3,0.5,0.332,0.306
CIN201508200,2015-08-20,CIN,ARI,1,0,3.93,4.28,1e-06,415.25842934625814,CIN,PIT,0.9,0.5,0.322,0.317
MIA201508200,2015-08-20,MIA,PHI,4,1,5.3,5.8,2045.0709343750696,1644.1190984600378,MIL,PHI,0.5,0.5,0.312,0.301
PIT201508200,2015-08-20,PIT,SFN,1,0,4.81,3.58,1e-06,898.8824563980571,PIT,SLN,0.6,0.1,0.323,0.327
ANA201508200,2015-08-20,ANA,CHA,1,1,3.82,3.36,1e-06,1e-06,ANA,ANA,0.6,1.3,0.311,0.306
BOS201508200,2015-08-20,BOS,KCA,1,0,4.46,4.08,1e-06,1188.7504512902326,BOS,CIN,1.1,0.8,0.349,0.311
CHN201508200,2015-08-20,CHN,ATL,0,0,1.77,5.71,1e-06,2787.070270174863,CHN,SDN,0.8,0.2,0.322,0.312
COL201508200,2015-08-20,COL,WAS,0,0,4.74,2.79,1e-06,1e-06,COL,COL,1.1,0.6,0.352,0.314
HOU201508200,2015-08-20,HOU,TBA,0,0,3.89,3.23,1e-06,1e-06,HOU,HOU,0.2,0.9,0.322,0.316
BAL201508200,2015-08-20,BAL,MIN,0,0,4.91,3.1,1e-06,272.81937803481173,BAL,NYA,0.3,0.4,0.327,0.289
PIT201508210,2015-08-21,PIT,SFN,1,3,4.49,2.93,1e-06,1e-06,PIT,PIT,0.7,0.1,0.323,0.327
BOS201508210,2015-08-21,BOS,KCA,0,0,4.57,3.44,1e-06,1e-06,BOS,BOS,1.1,0.8,0.349,0.311
BAL201508210,2015-08-21,BAL,MIN,0,0,1.52,3.55,1e-06,1e-06,BAL,BAL,0.3,0.4,0.327,0.289
WAS201508210,2015-08-21,WAS,MIL,0,0,3.79,4.11,2397.8679070622884,1025.9779093655509,COL,MIL,0.8,0.3,0.328,0.304
ANA201508210,2015-08-21,ANA,TOR,0,3,3.59,2.45,1e-06,3822.7863128754534,ANA,PHI,0.6,0.5,0.311,0.329
OAK201508210,2015-08-21,OAK,TBA,0,0,3.56,3.11,1e-06,2629.671879056886,OAK,HOU,0.3,0.8,0.316,0.316
MIA201508210,2015-08-21,MIA,PHI,0,0,4.97,2.65,1e-06,1e-06,MIA,MIA,0.9,0.6,0.312,0.301
CIN201508210,2015-08-21,CIN,ARI,0,1,7.62,4.67,1e-06,1e-06,CIN,CIN,1.0,0.5,0.322,0.317
HOU201508210,2015-08-21,HOU,LAN,0,0,3.69,3.69,1e-06,2629.671879056886,HOU,OAK,0.2,0.9,0.322,0.33
NYA201508210,2015-08-21,NYA,CLE,0,0,3.51,3.63,1e-06,1e-06,NYA,NYA,0.4,0.3,0.325,0.305
COL201508210,2015-08-21,COL,NYN,1,1,5.25,2.67,1e-06,2423.9297247133413,COL,BAL,1.1,0.5,0.352,0.316
DET201508210,2015-08-21,DET,TEX,0,0,3.38,4.66,1e-06,1e-06,DET,DET,0.3,0.1,0.332,0.306
CHN201508210,2015-08-21,CHN,ATL,1,1,3.91,3.02,1e-06,1e-06,CHN,CHN,0.7,0.2,0.322,0.312
SEA201508210,2015-08-21,SEA,CHA,0,0,3.53,3.41,2688.6235870338205,1575.276973597757,TEX,ANA,0.5,1.0,0.313,0.306
SDN201508210,2015-08-21,SDN,SLN,0,1,4.34,2.77,1e-06,2512.7882729547905,SDN,SLN,0.6,0.1,0.306,0.311
BOS201508220,2015-08-22,BOS,KCA,0,2,5.44,4.08,1e-06,1e-06,BOS,BOS,0.8,0.6,0.349,0.311
WAS201508220,2015-08-22,WAS,MIL,0,0,3.64,3.77,1e-06,1e-06,WAS,WAS,0.6,0.3,0.328,0.304
CIN201508220,2015-08-22,CIN,ARI,1,3,4.05,3.19,1e-06,1e-06,CIN,CIN,0.7,0.6,0.322,0.317
CHN201508220,2015-08-22,CHN,ATL,1,0,2.91,3.07,1e-06,1e-06,CHN,CHN,0.6,0.3,0.322,0.312
COL201508220,2015-08-22,COL,NYN,0,0,5.33,4.13,1e-06,1e-06,COL,COL,1.0,0.6,0.352,0.316
SEA201508220,2015-08-22,SEA,CHA,0,0,5.12,3.32,1e-06,1e-06,SEA,SEA,0.4,0.5,0.313,0.306
ANA201508220,2015-08-22,ANA,TOR,0,0,3.49,3.13,1e-06,1e-06,ANA,ANA,0.6,0.8,0.311,0.329
NYA201508220,2015-08-22,NYA,CLE,3,1,2.89,3.45,1e-06,1e-06,NYA,NYA,0.3,0.0,0.325,0.305
OAK201508220,2015-08-22,OAK,TBA,0,0,4.4,3.94,1e-06,1e-06,OAK,OAK,0.3,0.7,0.316,0.316
DET201508220,2015-08-22,DET,TEX,0,0,6.23,3.42,1e-06,1e-06,DET,DET,0.3,0.1,0.332,0.306
MIA201508220,2015-08-22,MIA,PHI,0,0,2.3,3.38,1e-06,1e-06,MIA,MIA,0.9,0.6,0.312,0.301
HOU201508220,2015-08-22,HOU,LAN,1,0,3.1,1.66,1e-06,1e-06,HOU,HOU,0.2,0.9,0.322,0.33
SDN201508220,2015-08-22,SDN,SLN,0,0,4.28,3.01,1e-06,1e-06,SDN,SDN,0.6,0.2,0.306,0.311
PIT201508220,2015-08-22,PIT,SFN,0,0,2.23,2.33,1e-06,1e-06,PIT,PIT,0.8,0.3,0.323,0.327
BAL201508220,2015-08-22,BAL,MIN,0,0,4.99,3.55,1e-06,1e-06,BAL,BAL,0.3,0.4,0.327,0.289
SEA201508230,2015-08-23,SEA,CHA,0,0,4.56,4.71,1e-06,1e-06,SEA,SEA,0.4,0.3,0.313,0.306
PIT201508230,2015-08-23,PIT,SFN,3,0,3.38,4.67,1e-06,1e-06,PIT,PIT,0.8,0.3,0.323,0.327
WAS201508230,2015-08-23,WAS,MIL,1,2,3.66,5.63,1e-06,1e-06,WAS,WAS,0.6,0.3,0.328,0.304
CIN201508230,2015-08-23,CIN,ARI,0,0,4.15,4.3,1e-06,1e-06,CIN,CIN,0.8,0.9,0.322,0.317
MIA201508230,2015-08-23,MIA,PHI,0,0,3.76,3.59,1e-06,1e-06,MIA,MIA,0.7,0.4,0.312,0.301
DET201508230,2015-08-23,DET,TEX,1,0,7.53,3.65,1e-06,1e-06,DET,DET,0.3,0.0,0.332,0.306
SDN201508230,2015-08-23,SDN,SLN,0,4,4.26,3.38,1e-06,1e-06,SDN,SDN,0.6,0.2,0.306,0.311
ANA201508230,2015-08-23,ANA,TOR,5,1,3.65,3.91,1e-06,1e-06,ANA,ANA,0.6,0.8,0.311,0.329
BOS201508230,2015-08-23,BOS,KCA,0,0,4.14,,1e-06,1e-06,BOS,BOS,0.7,0.5,0.349,0.311
OAK201508230,2015-08-23,OAK,TBA,0,0,3.84,3.74,1e-06,1e-06,OAK,OAK,0.3,0.5,0.316,0.316
HOU201508230,2015-08-23,HOU,LAN,0,1,3.1,3.69,1e-06,1e-06,HOU,HOU,0.2,0.9,0.322,0.33
NYA201508230,2015-08-23,NYA,CLE,0,2,1.5,2.95,1e-06,1e-06,NYA,NYA,0.6,0.1,0.325,0.305
CHN201508230,2015-08-23,CHN,ATL,3,0,3.74,4.71,1e-06,1e-06,CHN,CHN,0.6,0.3,0.322,0.312
COL201508230,2015-08-23,COL,NYN,0,1,6.09,3.59,1e-06,1e-06,COL,COL,0.9,0.6,0.352,0.316
BAL201508230,2015-08-23,BAL,MIN,0,2,2.94,3.32,1e-06,1e-06,BAL,BAL,0.1,0.1,0.327,0.289
PHI201508240,2015-08-24,PHI,NYN,3,0,3.79,2.67,1644.1190984600378,2534.0409405234473,MIA,COL,1.5,0.7,0.304,0.316
SEA201508240,2015-08-24,SEA,OAK,0,0,3.54,4.75,1e-06,1089.6592015072615,SEA,OAK,0.4,0.3,0.313,0.308
NYA201508240,2015-08-24,NYA,HOU,0,0,2.04,4.17,1e-06,2282.180747677387,NYA,HOU,0.6,0.3,0.325,0.308
CIN201508240,2015-08-24,CIN,DET,0,4,7.47,4.21,1e-06,380.0544669682655,CIN,DET,0.8,0.9,0.322,0.324
KCA201508240,2015-08-24,KCA,BAL,0,2,4.01,4.11,2008.0645584325655,1545.5901214265937,BOS,BAL,1.1,1.1,0.333,0.289
MIA201508240,2015-08-24,MIA,PIT,0,0,4.08,3.61,1e-06,1630.230113794326,MIA,PIT,0.7,1.2,0.312,0.322
CHN201508240,2015-08-24,CHN,CLE,0,0,1.67,3.0,1e-06,1144.129935670241,CHN,NYA,0.8,0.3,0.322,0.305
ARI201508240,2015-08-24,ARI,SLN,0,0,3.38,3.03,2538.655038172322,481.0116378281714,CIN,SDN,0.7,0.6,0.331,0.311
ATL201508240,2015-08-24,ATL,COL,2,1,4.04,4.17,947.8182724063668,1946.7466716258368,CHN,COL,0.3,0.4,0.317,0.277
CHA201508240,2015-08-24,CHA,BOS,1,0,4.96,4.82,2788.668911659839,1365.5064971534737,SEA,BOS,0.8,0.3,0.307,0.302
TBA201508250,2015-08-25,TBA,MIN,0,3,4.11,4.95,3845.9573440873414,1393.7772067986984,OAK,BAL,0.4,0.3,0.312,0.289
CIN201508250,2015-08-25,CIN,LAN,0,1,5.8,3.84,1e-06,1437.2452542414687,CIN,HOU,0.8,1.0,0.322,0.33
NYA201508250,2015-08-25,NYA,HOU,0,5,5.07,2.48,1e-06,1e-06,NYA,NYA,0.6,0.3,0.325,0.308
TEX201508250,2015-08-25,TEX,TOR,1,0,2.99,3.26,1624.6230769135182,1938.7751997181072,DET,ANA,1.7,0.8,0.341,0.329
MIA201508250,2015-08-25,MIA,PIT,0,1,5.3,4.81,1e-06,1e-06,MIA,MIA,0.5,1.2,0.312,0.322
SFN201508250,2015-08-25,SFN,CHN,0,0,5.79,1.77,3638.3530777091846,2984.5094702126535,PIT,CHN,0.6,0.3,0.326,0.317
WAS201508250,2015-08-25,WAS,SDN,0,0,3.46,3.91,1e-06,3654.8629358941057,WAS,SDN,0.7,0.7,0.328,0.295
PHI201508250,2015-08-25,PHI,NYN,0,2,5.8,3.24,1e-06,1e-06,PHI,PHI,1.6,0.7,0.304,0.316
SEA201508250,2015-08-25,SEA,OAK,0,1,4.5,4.18,1e-06,1e-06,SEA,SEA,0.4,0.3,0.313,0.308
ARI201508250,2015-08-25,ARI,SLN,0,4,3.52,2.43,1e-06,1e-06,ARI,ARI,0.7,0.6,0.331,0.311
CLE201508250,2015-08-25,CLE,MIL,2,1,3.02,4.72,494.38381964269325,490.8851885982564,CHN,WAS,0.5,0.5,0.344,0.304
CHA201508250,2015-08-25,CHA,BOS,0,0,3.63,4.46,1e-06,1e-06,CHA,CHA,0.9,0.3,0.307,0.302
DET201508250,2015-08-25,DET,ANA,0,4,5.05,4.64,380.0544669682655,3167.1614902696224,CIN,ANA,0.2,0.1,0.332,0.302
ATL201508250,2015-08-25,ATL,COL,0,2,5.71,4.23,1e-06,1e-06,ATL,ATL,0.5,0.5,0.317,0.277
KCA201508250,2015-08-25,KCA,BAL,0,0,4.08,4.91,1e-06,1e-06,KCA,KCA,1.1,1.0,0.333,0.289
DET201508260,2015-08-26,DET,ANA,0,0,3.38,3.59,1e-06,1e-06,DET,DET,0.2,0.5,0.332,0.302
CIN201508260,2015-08-26,CIN,LAN,0,0,7.62,3.69,1e-06,1e-06,CIN,CIN,0.5,0.8,0.322,0.33
SFN201508260,2015-08-26,SFN,CHN,2,2,3.58,3.95,1e-06,1e-06,SFN,SFN,0.3,0.3,0.326,0.317
MIA201508260,2015-08-26,MIA,PIT,1,1,4.45,4.49,1e-06,1e-06,MIA,MIA,0.5,1.2,0.312,0.322
ATL201508260,2015-08-26,ATL,COL,0,0,3.02,6.1,1e-06,1e-06,ATL,ATL,0.5,0.6,0.317,0.277
CHA201508260,2015-08-26,CHA,BOS,0,0,3.32,4.92,1e-06,1e-06,CHA,CHA,0.9,0.2,0.307,0.302
TEX201508260,2015-08-26,TEX,TOR,2,0,4.66,2.45,1e-06,1e-06,TEX,TEX,1.8,0.8,0.341,0.329
PHI201508260,2015-08-26,PHI,NYN,0,3,2.65,4.16,1e-06,1e-06,PHI,PHI,1.6,0.9,0.304,0.316
KCA201508260,2015-08-26,KCA,BAL,0,0,3.44,3.34,1e-06,1e-06,KCA,KCA,1.1,0.7,0.333,0.289
CLE201508260,2015-08-26,CLE,MIL,0,0,0.92,4.11,1e-06,1e-06,CLE,CLE,0.7,0.6,0.344,0.304
ARI201508260,2015-08-26,ARI,SLN,1,0,4.28,2.77,1e-06,1e-06,ARI,ARI,0.7,1.0,0.331,0.311
SEA201508260,2015-08-26,SEA,OAK,4,1,3.53,3.56,1e-06,1e-06,SEA,SEA,0.4,0.3,0.313,0.308
NYA201508260,2015-08-26,NYA,HOU,0,0,4.37,3.89,1e-06,1e-06,NYA,NYA,0.6,0.6,0.325,0.308
WAS201508260,2015-08-26,WAS,SDN,0,0,3.79,3.26,1e-06,1e-06,WAS,WAS,0.7,0.7,0.328,0.295
TBA201508260,2015-08-26,TBA,MIN,0,0,3.23,4.25,1e-06,1e-06,TBA,TBA,0.4,0.6,0.312,0.289
SFN201508270,2015-08-27,SFN,CHN,0,0,2.93,3.6,1e-06,1e-06,SFN,SFN,0.5,0.5,0.326,0.317
CIN201508270,2015-08-27,CIN,LAN,0,0,4.05,1.66,1e-06,1e-06,CIN,CIN,0.5,0.5,0.322,0.33
CHA201508270,2015-08-27,CHA,SEA,1,0,3.75,4.14,1e-06,2788.668911659839,CHA,SEA,0.9,1.3,0.307,0.309
ARI201508270,2015-08-27,ARI,SLN,0,1,4.67,3.01,1e-06,1e-06,ARI,ARI,0.6,1.0,0.331,0.311
PHI201508270,2015-08-27,PHI,NYN,0,0,3.79,4.68,1e-06,1e-06,PHI,PHI,1.2,1.2,0.304,0.316
WAS201508270,2015-08-27,WAS,SDN,0,0,3.64,4.34,1e-06,1e-06,WAS,WAS,0.4,0.6,0.328,0.295
KCA201508270,2015-08-27,KCA,BAL,0,0,4.08,4.99,1e-06,1e-06,KCA,KCA,0.8,0.7,0.333,0.289
TBA201508270,2015-08-27,TBA,MIN,2,0,4.27,,1e-06,1e-06,TBA,TBA,0.4,0.5,0.312,0.289
MIA201508270,2015-08-27,MIA,PIT,0,0,4.01,2.6,1e-06,1e-06,MIA,MIA,0.6,1.3,0.312,0.322
TEX201508270,2015-08-27,TEX,TOR,1,0,3.42,3.13,1e-06,1e-06,TEX,TEX,1.4,0.7,0.341,0.329
DET201508270,2015-08-27,DET,ANA,0,0,6.23,4.46,1e-06,1e-06,DET,DET,0.2,0.5,0.332,0.302
SFN201508280,2015-08-28,SFN,SLN,0,0,1.6,2.17,1e-06,1050.993394248722,SFN,ARI,0.5,1.1,0.326,0.311
WAS201508280,2015-08-28,WAS,MIA,0,1,2.79,3.76,1e-06,1489.628641346009,WAS,MIA,0.2,0.9,0.328,0.308
NYN201508280,2015-08-28,NYN,BOS,0,0,4.68,,129.48897528262268,1144.129935670241,PHI,CHA,0.3,0.2,0.303,0.302
MIN201508280,2015-08-28,MIN,HOU,0,0,3.84,3.1,2137.431531245163,1636.0526645605564,TBA,NYA,0.6,0.6,0.322,0.308
TBA201508280,2015-08-28,TBA,KCA,0,0,3.75,3.55,1e-06,1680.826511683993,TBA,KCA,0.6,0.4,0.312,0.311
MIL201508280,2015-08-28,MIL,CIN,2,0,3.77,4.15,542.6220003248809,525.1892238126902,CLE,CIN,0.2,0.6,0.31,0.303
CLE201508280,2015-08-28,CLE,ANA,0,0,4.55,3.02,1e-06,145.52553501827433,CLE,DET,0.7,0.5,0.344,0.302
LAN201508280,2015-08-28,LAN,CHN,0,0,2.13,3.74,3046.5057464053752,559.4406195325591,CIN,SFN,0.2,0.5,0.32,0.317
PIT201508280,2015-08-28,PIT,COL,1,0,1.91,5.09,1630.230113794326,840.3908477621023,MIA,ATL,0.9,0.6,0.323,0.277
TOR201508280,2015-08-28,TOR,DET,1,1,3.91,7.53,1953.690097165916,332.4198044988213,TEX,DET,0.7,1.3,0.347,0.324
ARI201508280,2015-08-28,ARI,OAK,0,0,3.25,2.73,1e-06,1793.290239503433,ARI,SEA,0.6,0.4,0.331,0.308
ATL201508280,2015-08-28,ATL,NYA,2,5,4.78,3.51,1e-06,1200.4511584455877,ATL,NYA,0.5,0.9,0.317,0.319
PHI201508280,2015-08-28,PHI,SDN,0,0,3.59,4.28,1e-06,197.2342958595587,PHI,WAS,1.1,0.6,0.304,0.295
TEX201508280,2015-08-28,TEX,BAL,0,0,3.65,4.25,1e-06,738.3603208647532,TEX,KCA,1.5,0.7,0.341,0.289
CHA201508280,2015-08-28,CHA,SEA,0,0,4.71,4.56,1e-06,1e-06,CHA,CHA,0.5,1.3,0.307,0.309
TOR201508290,2015-08-29,TOR,DET,3,0,5.57,7.36,1e-06,1e-06,TOR,TOR,0.8,1.1,0.347,0.324
SFN201508290,2015-08-29,SFN,SLN,0,0,4.67,3.03,1e-06,1e-06,SFN,SFN,0.5,1.1,0.326,0.311
TEX201508290,2015-08-29,TEX,BAL,0,0,4.46,4.11,1e-06,1e-06,TEX,TEX,1.2,0.7,0.341,0.289
CHA201508290,2015-08-29,CHA,SEA,0,3,4.96,3.54,1e-06,1e-06,CHA,CHA,0.4,0.9,0.307,0.309
TBA201508290,2015-08-29,TBA,KCA,0,0,3.35,4.01,1e-06,1e-06,TBA,TBA,0.6,0.4,0.312,0.311
MIL201508290,2015-08-29,MIL,CIN,1,2,2.21,2.94,1e-06,1e-06,MIL,MIL,0.3,0.6,0.31,0.303
WAS201508290,2015-08-29,WAS,MIA,0,0,3.66,4.08,1e-06,1e-06,WAS,WAS,0.2,0.8,0.328,0.308
ATL201508290,2015-08-29,ATL,NYA,0,1,4.71,2.89,1e-06,1e-06,ATL,ATL,0.5,1.1,0.317,0.319
PHI201508290,2015-08-29,PHI,SDN,0,0,4.48,4.26,1e-06,1e-06,PHI,PHI,1.1,0.5,0.304,0.295
CLE201508290,2015-08-29,CLE,ANA,0,1,2.95,3.58,1e-06,1e-06,CLE,CLE,0.7,0.5,0.344,0.302
LAN201508290,2015-08-29,LAN,CHN,0,0,1.43,3.34,1e-06,1e-06,LAN,LAN,0.1,0.5,0.32,0.317
ARI201508290,2015-08-29,ARI,OAK,0,0,2.76,3.84,1e-06,1e-06,ARI,ARI,0.5,0.3,0.331,0.308
NYN201508290,2015-08-29,NYN,BOS,0,0,2.54,4.82,1e-06,1e-06,NYN,NYN,0.3,0.2,0.303,0.302
MIN201508290,2015-08-29,MIN,HOU,0,0,4.26,3.69,1e-06,1e-06,MIN,MIN,0.1,0.6,0.322,0.308
PIT201508290,2015-08-29,PIT,COL,3,0,3.61,5.33,1e-06,1e-06,PIT,PIT,0.9,0.6,0.323,0.277
TBA201508300,2015-08-30,TBA,KCA,1,0,2.35,3.73,1e-06,1e-06,TBA,TBA,0.6,0.4,0.312,0.311
TEX201508300,2015-08-30,TEX,BAL,2,0,4.91,4.91,1e-06,1e-06,TEX,TEX,1.1,0.7,0.341,0.289
PHI201508300,2015-08-30,PHI,SDN,0,2,9.31,3.91,1e-06,1e-06,PHI,PHI,1.1,0.5,0.304,0.295
CHA201508300,2015-08-30,CHA,SEA,1,2,3.41,7.56,1e-06,1e-06,CHA,CHA,0.4,1.0,0.307,0.309
NYN201508300,2015-08-30,NYN,BOS,0,0,2.92,3.86,1e-06,1e-06,NYN,NYN,0.3,0.2,0.303,0.302
ATL201508300,2015-08-30,ATL,NYA,0,0,4.04,4.2,1e-06,1e-06,ATL,ATL,0.5,1.1,0.317,0.319
ARI201508300,2015-08-30,ARI,OAK,0,0,1.85,4.4,1e-06,1e-06,ARI,ARI,0.4,0.3,0.331,0.308
PIT201508300,2015-08-30,PIT,COL,0,0,4.81,4.17,1e-06,1e-06,PIT,PIT,1.1,0.6,0.323,0.277
CLE201508300,2015-08-30,CLE,ANA,2,0,3.02,4.64,1e-06,1e-06,CLE,CLE,0.6,0.6,0.344,0.302
TOR201508300,2015-08-30,TOR,DET,2,0,3.81,5.05,1e-06,1e-06,TOR,TOR,1.0,1.1,0.347,0.324
SFN201508300,2015-08-30,SFN,SLN,2,3,3.95,2.43,1e-06,1e-06,SFN,SFN,0.5,1.0,0.326,0.311
LAN201508300,2015-08-30,LAN,CHN,0,2,3.84,1.77,1e-06,1e-06,LAN,LAN,0.1,0.4,0.32,0.317
MIL201508300,2015-08-30,MIL,CIN,1,0,4.72,5.8,1e-06,1e-06,MIL,MIL,0.4,0.8,0.31,0.303
MIN201508300,2015-08-30,MIN,HOU,1,0,4.0,3.22,1e-06,1e-06,MIN,MIN,0.1,0.5,0.322,0.308
WAS201508300,2015-08-30,WAS,MIA,0,3,4.19,5.3,1e-06,1e-06,WAS,WAS,0.1,0.8,0.328,0.308
COL201508310,2015-08-31,COL,ARI,0,0,6.1,1.85,2121.7512666569423,942.6579354569092,PIT,ARI,0.8,0.9,0.352,0.317
NYN201508310,2015-08-31,NYN,PHI,0,0,4.16,2.65,1e-06,129.48897528262268,NYN,PHI,0.3,0.3,0.303,0.301
SLN201508310,2015-08-31,SLN,WAS,0,1,2.17,4.95,2802.2400845274956,1142.2462660488457,SFN,WAS,0.6,0.5,0.329,0.314
OAK201508310,2015-08-31,OAK,ANA,0,1,5.5,3.59,1040.2976618519092,3466.040146226439,ARI,CLE,0.3,0.6,0.316,0.302
BOS201508310,2015-08-31,BOS,NYA,0,1,3.85,5.07,306.2037667286439,1506.627841528967,NYN,ATL,0.5,1.1,0.349,0.319
LAN201508310,2015-08-31,LAN,SFN,1,0,3.69,5.19,1e-06,559.4406195325591,LAN,SFN,0.1,0.3,0.32,0.327
CHN201508310,2015-08-31,CHN,CIN,0,0,1.99,4.02,2804.824680217871,132.54357794550742,LAN,MIL,0.7,0.8,0.322,0.303
ATL201508310,2015-08-31,ATL,MIA,0,0,3.02,4.45,1e-06,874.0887985860761,ATL,WAS,0.4,1.1,0.317,0.308
HOU201508310,2015-08-31,HOU,SEA,1,0,2.48,3.74,1702.4056315736932,1516.5648050119732,MIN,CHA,0.2,1.2,0.322,0.309
SDN201508310,2015-08-31,SDN,TEX,0,0,3.26,4.66,3810.8466979584146,1879.917699205684,PHI,TEX,0.6,0.0,0.306,0.306
BAL201508310,2015-08-31,BAL,TBA,0,0,3.34,3.23,1968.7690954443951,1393.7772067986984,TEX,TBA,0.1,0.5,0.327,0.316
TOR201508310,2015-08-31,TOR,CLE,0,1,2.45,3.45,1e-06,305.2632734150024,TOR,CLE,1.0,0.3,0.347,0.305
BAL201509010,2015-09-01,BAL,TBA,0,0,4.99,3.11,1e-06,1e-06,BAL,BAL,0.1,0.5,0.327,0.316
MIL201509010,2015-09-01,MIL,PIT,4,0,4.11,2.6,1e-06,722.0054120555708,MIL,PIT,0.5,1.3,0.31,0.322
HOU201509010,2015-09-01,HOU,SEA,0,0,3.62,5.87,1e-06,1e-06,HOU,HOU,0.3,1.1,0.322,0.309
LAN201509010,2015-09-01,LAN,SFN,0,0,1.66,2.93,1e-06,1e-06,LAN,LAN,0.2,0.3,0.32,0.327
TOR201509010,2015-09-01,TOR,CLE,1,0,1.96,2.95,1e-06,1e-06,TOR,TOR,0.9,0.4,0.347,0.305
OAK201509010,2015-09-01,OAK,ANA,1,0,7.92,4.46,1e-06,1e-06,OAK,OAK,0.3,0.7,0.316,0.302
KCA201509010,2015-09-01,KCA,DET,0,1,3.44,3.38,1680.826511683993,1362.7751953099455,TBA,TOR,0.5,1.1,0.333,0.324
BOS201509010,2015-09-01,BOS,NYA,0,0,4.92,4.37,1e-06,1e-06,BOS,BOS,0.2,1.1,0.349,0.319
SDN201509010,2015-09-01,SDN,TEX,0,2,5.66,3.72,1e-06,1e-06,SDN,SDN,0.6,0.0,0.306,0.306
COL201509011,2015-09-01,COL,ARI,0,0,6.11,3.6,1e-06,1e-06,COL,COL,0.8,0.9,0.352,0.317
CHN201509010,2015-09-01,CHN,CIN,0,1,4.74,3.93,1e-06,1e-06,CHN,CHN,0.7,0.8,0.322,0.303
COL201509012,2015-09-01,COL,ARI,2,1,5.09,4.67,1e-06,1e-06,COL,COL,0.5,0.8,0.352,0.317
SLN201509010,2015-09-01,SLN,WAS,0,0,3.67,4.95,1e-06,1e-06,SLN,SLN,0.6,0.6,0.329,0.314
MIN201509010,2015-09-01,MIN,CHA,0,0,2.33,3.41,1e-06,571.0232496384983,MIN,CHA,0.2,0.1,0.322,0.306
NYN201509010,2015-09-01,NYN,PHI,0,0,4.13,3.01,1e-06,1e-06,NYN,NYN,0.3,0.3,0.303,0.301
ATL201509010,2015-09-01,ATL,MIA,0,2,5.13,4.01,1e-06,1e-06,ATL,ATL,0.4,1.1,0.317,0.308
OAK201509020,2015-09-02,OAK,ANA,3,4,2.73,3.49,1e-06,1e-06,OAK,OAK,0.4,0.6,0.316,0.302
NYN201509020,2015-09-02,NYN,PHI,0,0,2.71,3.59,1e-06,1e-06,NYN,NYN,0.3,0.2,0.303,0.301
SLN201509020,2015-09-02,SLN,WAS,0,0,4.62,5.11,1e-06,1e-06,SLN,SLN,0.5,0.6,0.329,0.314
MIN201509020,2015-09-02,MIN,CHA,0,0,,3.75,1e-06,1e-06,MIN,MIN,0.2,0.1,0.322,0.306
CHN201509020,2015-09-02,CHN,CIN,0,1,1.67,2.94,1e-06,1e-06,CHN,CHN,0.7,0.9,0.322,0.303
MIL201509020,2015-09-02,MIL,PIT,2,0,2.65,4.49,1e-06,1e-06,MIL,MIL,0.9,1.2,0.31,0.322
LAN201509020,2015-09-02,LAN,SFN,0,0,2.13,3.7,1e-06,1e-06,LAN,LAN,0.2,0.3,0.32,0.327
COL201509020,2015-09-02,COL,ARI,3,1,4.91,3.25,1e-06,1e-06,COL,COL,0.6,0.9,0.352,0.317
SDN201509020,2015-09-02,SDN,TEX,0,1,6.72,2.63,1e-06,1e-06,SDN,SDN,0.6,0.2,0.306,0.306
TOR201509020,2015-09-02,TOR,CLE,2,0,3.91,4.55,1e-06,1e-06,TOR,TOR,1.0,0.4,0.347,0.305
ATL201509020,2015-09-02,ATL,MIA,0,0,4.78,3.76,1e-06,1e-06,ATL,ATL,0.4,1.3,0.317,0.308
KCA201509020,2015-09-02,KCA,DET,1,0,4.08,6.23,1e-06,1e-06,KCA,KCA,0.3,1.1,0.333,0.324
BOS201509020,2015-09-02,BOS,NYA,1,0,4.57,3.51,1e-06,1e-06,BOS,BOS,0.2,1.1,0.349,0.319
BAL201509020,2015-09-02,BAL,TBA,0,0,2.72,4.11,1e-06,1e-06,BAL,BAL,0.1,0.5,0.327,0.316
HOU201509020,2015-09-02,HOU,SEA,0,0,3.62,2.31,1e-06,1e-06,HOU,HOU,0.3,1.1,0.322,0.309
WAS201509030,2015-09-03,WAS,ATL,2,0,3.66,4.71,1142.2462660488457,874.0887985860761,SLN,ATL,0.1,0.1,0.328,0.312
KCA201509030,2015-09-03,KCA,DET,2,3,,4.47,1e-06,1e-06,KCA,KCA,0.4,1.1,0.333,0.324
MIL201509030,2015-09-03,MIL,PIT,0,0,3.77,3.38,1e-06,1e-06,MIL,MIL,1.1,1.2,0.31,0.322
COL201509030,2015-09-03,COL,SFN,4,0,5.33,4.67,1e-06,1336.5596902131042,COL,LAN,0.9,0.3,0.352,0.327
MIN201509030,2015-09-03,MIN,CHA,0,1,3.55,4.96,1e-06,1e-06,MIN,MIN,0.2,0.1,0.322,0.306
SDN201509030,2015-09-03,SDN,LAN,2,0,4.01,4.46,1e-06,179.52869961196944,SDN,LAN,0.3,0.5,0.306,0.33
BOS201509040,2015-09-04,BOS,PHI,1,0,4.82,4.48,1e-06,306.2037667286439,BOS,NYN,0.3,0.2,0.349,0.301
CHN201509040,2015-09-04,CHN,ARI,3,0,3.34,3.19,1e-06,1477.450780411816,CHN,COL,0.7,0.8,0.322,0.317
MIA201509040,2015-09-04,MIA,NYN,0,0,2.88,2.43,973.359131898138,1756.5620451799746,ATL,NYN,0.6,0.9,0.312,0.316
COL201509040,2015-09-04,COL,SFN,2,0,4.17,3.95,1e-06,1e-06,COL,COL,1.0,0.3,0.352,0.327
SLN201509040,2015-09-04,SLN,PIT,0,2,3.01,3.61,1e-06,526.8349145670746,SLN,MIL,0.5,0.5,0.329,0.322
ANA201509040,2015-09-04,ANA,TEX,0,0,3.65,4.46,592.0809005913671,141.8121399568677,OAK,SDN,1.1,0.3,0.311,0.306
HOU201509040,2015-09-04,HOU,MIN,1,0,3.89,4.26,1e-06,1702.4056315736932,HOU,MIN,0.3,0.5,0.322,0.289
DET201509040,2015-09-04,DET,CLE,0,0,5.94,3.02,1034.95696626315,332.4198044988213,KCA,TOR,0.2,0.4,0.332,0.305
SDN201509040,2015-09-04,SDN,LAN,2,1,4.0,3.62,1e-06,1e-06,SDN,SDN,0.2,0.4,0.306,0.33
TOR201509040,2015-09-04,TOR,BAL,0,0,5.57,4.11,1e-06,537.0332419152472,TOR,BAL,0.9,0.5,0.347,0.289
NYA201509040,2015-09-04,NYA,TBA,0,0,2.89,3.35,306.2037667286439,272.81937803481173,BOS,BAL,0.6,0.4,0.325,0.316
KCA201509040,2015-09-04,KCA,CHA,0,3,4.01,4.71,1e-06,662.9211681328137,KCA,MIN,0.5,0.2,0.333,0.306
WAS201509040,2015-09-04,WAS,ATL,1,0,2.13,5.01,1e-06,1e-06,WAS,WAS,0.3,0.1,0.328,0.312
OAK201509040,2015-09-04,OAK,SEA,4,0,6.67,,1e-06,2629.671879056886,OAK,HOU,0.7,0.8,0.316,0.309
DET201509050,2015-09-05,DET,CLE,0,0,5.05,3.45,1e-06,1e-06,DET,DET,0.2,0.4,0.332,0.305
MIA201509050,2015-09-05,MIA,NYN,0,4,5.3,4.16,1e-06,1e-06,MIA,MIA,0.6,0.9,0.312,0.316
WAS201509050,2015-09-05,WAS,ATL,0,0,3.79,3.02,1e-06,1e-06,WAS,WAS,0.4,0.1,0.328,0.312
OAK201509050,2015-09-05,OAK,SEA,0,3,4.18,3.53,1e-06,1e-06,OAK,OAK,0.9,0.8,0.316,0.309
ANA201509050,2015-09-05,ANA,TEX,1,1,3.58,4.91,1e-06,1e-06,ANA,ANA,1.0,0.3,0.311,0.306
SDN201509050,2015-09-05,SDN,LAN,0,0,3.26,3.84,1e-06,1e-06,SDN,SDN,0.4,0.3,0.306,0.33
HOU201509050,2015-09-05,HOU,MIN,0,0,3.1,4.0,1e-06,1e-06,HOU,HOU,0.4,0.5,0.322,0.289
NYA201509050,2015-09-05,NYA,TBA,0,0,4.2,2.35,1e-06,1e-06,NYA,NYA,0.3,0.0,0.325,0.316
CIN201509051,2015-09-05,CIN,MIL,0,0,2.94,2.65,1e-06,1e-06,CIN,CIN,0.5,0.6,0.322,0.304
CIN201509052,2015-09-05,CIN,MIL,0,0,6.54,4.28,406.2527329885922,525.1892238126902,CHN,MIL,0.4,0.4,0.322,0.304
KCA201509050,2015-09-05,KCA,CHA,0,0,4.08,3.36,1e-06,1e-06,KCA,KCA,0.5,0.5,0.333,0.306
SLN201509050,2015-09-05,SLN,PIT,0,0,2.43,4.81,1e-06,1e-06,SLN,SLN,0.3,0.6,0.329,0.322
COL201509050,2015-09-05,COL,SFN,0,0,4.23,3.58,1e-06,1e-06,COL,COL,1.2,0.3,0.352,0.327
TOR201509050,2015-09-05,TOR,BAL,1,0,2.45,6.04,1e-06,1e-06,TOR,TOR,0.9,0.4,0.347,0.289
CHN201509050,2015-09-05,CHN,ARI,0,0,1.77,3.52,1e-06,1e-06,CHN,CHN,0.8,0.6,0.322,0.317
BOS201509050,2015-09-05,BOS,PHI,0,0,4.46,9.31,1e-06,1e-06,BOS,BOS,0.4,0.2,0.349,0.301
COL201509060,2015-09-06,COL,SFN,2,0,4.74,2.93,1e-06,1e-06,COL,COL,1.2,0.3,0.352,0.327
HOU201509060,2015-09-06,HOU,MIN,0,0,2.48,4.0,1e-06,1e-06,HOU,HOU,0.4,0.5,0.322,0.289
CIN201509060,2015-09-06,CIN,MIL,1,0,5.4,4.11,1e-06,1e-06,CIN,CIN,0.2,0.4,0.322,0.304
ANA201509060,2015-09-06,ANA,TEX,1,0,3.59,4.66,1e-06,1e-06,ANA,ANA,1.1,0.4,0.311,0.306
DET201509060,2015-09-06,DET,CLE,0,0,3.38,3.05,1e-06,1e-06,DET,DET,0.2,0.4,0.332,0.305
NYA201509060,2015-09-06,NYA,TBA,0,0,5.07,3.23,1e-06,1e-06,NYA,NYA,0.3,0.0,0.325,0.316
SLN201509060,2015-09-06,SLN,PIT,0,0,2.77,2.6,1e-06,1e-06,SLN,SLN,0.3,0.4,0.329,0.322
BOS201509060,2015-09-06,BOS,PHI,2,0,3.85,2.65,1e-06,1e-06,BOS,BOS,0.3,0.1,0.349,0.301
SDN201509060,2015-09-06,SDN,LAN,0,1,4.34,3.69,1e-06,1e-06,SDN,SDN,0.4,0.3,0.306,0.33
MIA201509060,2015-09-06,MIA,NYN,1,1,2.3,2.92,1e-06,1e-06,MIA,MIA,0.5,1.2,0.312,0.316
CHN201509060,2015-09-06,CHN,ARI,0,0,1.99,4.67,1e-06,1e-06,CHN,CHN,0.8,0.6,0.322,0.317
OAK201509060,2015-09-06,OAK,SEA,0,0,5.28,3.54,1e-06,1e-06,OAK,OAK,0.9,0.8,0.316,0.309
WAS201509060,2015-09-06,WAS,ATL,0,1,,5.13,1e-06,1e-06,WAS,WAS,0.4,0.1,0.328,0.312
KCA201509060,2015-09-06,KCA,CHA,0,3,3.44,3.34,1e-06,1e-06,KCA,KCA,0.5,0.5,0.333,0.306
TOR201509060,2015-09-06,TOR,BAL,3,0,3.13,4.99,1e-06,1e-06,TOR,TOR,1.0,0.2,0.347,0.289
OAK201509070,2015-09-07,OAK,HOU,1,1,5.5,3.69,1e-06,2629.671879056886,OAK,HOU,0.9,0.5,0.316,0.308
SDN201509070,2015-09-07,SDN,COL,2,2,4.28,6.32,1e-06,1340.79250926624,SDN,COL,0.4,0.5,0.306,0.277
CIN201509070,2015-09-07,CIN,PIT,0,0,4.05,4.49,1e-06,494.9532553693752,CIN,SLN,0.2,0.4,0.322,0.322
SLN201509070,2015-09-07,SLN,CHN,0,1,3.03,3.6,1e-06,422.4920912040455,SLN,CHN,0.2,0.5,0.329,0.317
DET201509070,2015-09-07,DET,TBA,0,0,4.21,4.27,1e-06,773.7548030957365,DET,NYA,0.2,0.0,0.332,0.316
KCA201509070,2015-09-07,KCA,MIN,1,1,4.08,,1e-06,1040.8267966673652,KCA,HOU,0.3,0.5,0.333,0.289
BOS201509070,2015-09-07,BOS,TOR,0,1,4.92,3.81,1e-06,691.6136251477402,BOS,TOR,0.5,0.6,0.349,0.329
MIA201509070,2015-09-07,MIA,MIL,0,0,4.01,3.71,1e-06,1534.6263109130673,MIA,CIN,0.2,0.4,0.312,0.304
ANA201509070,2015-09-07,ANA,LAN,0,0,4.24,1.66,1e-06,141.8121399568677,ANA,SDN,1.1,0.4,0.311,0.33
WAS201509070,2015-09-07,WAS,NYN,0,0,3.86,12.27,1e-06,1489.628641346009,WAS,MIA,0.3,1.2,0.328,0.316
NYA201509070,2015-09-07,NYA,BAL,1,0,3.1,13.19,1e-06,550.2922217550002,NYA,TOR,0.3,0.2,0.325,0.289
CHA201509070,2015-09-07,CHA,CLE,0,0,3.41,4.55,663.9206411727051,380.91207013286544,KCA,DET,0.5,0.4,0.307,0.305
SEA201509070,2015-09-07,SEA,TEX,0,0,4.14,3.42,1089.6592015072615,1575.276973597757,OAK,ANA,0.8,0.4,0.313,0.306
PHI201509070,2015-09-07,PHI,ATL,0,2,4.86,4.78,435.5953169043613,197.2342958595587,BOS,WAS,1.1,0.2,0.304,0.312
ARI201509070,2015-09-07,ARI,SFN,0,0,3.6,3.7,2336.6124175783,942.6579354569092,CHN,COL,0.3,0.3,0.331,0.327
PHI201509080,2015-09-08,PHI,ATL,0,0,3.59,4.76,1e-06,1e-06,PHI,PHI,0.6,0.4,0.304,0.312
BOS201509080,2015-09-08,BOS,TOR,0,1,3.99,3.22,1e-06,1e-06,BOS,BOS,0.4,0.7,0.349,0.329
SLN201509080,2015-09-08,SLN,CHN,0,2,3.38,3.74,1e-06,1e-06,SLN,SLN,0.1,0.6,0.329,0.317
KCA201509080,2015-09-08,KCA,MIN,4,0,3.55,3.84,1e-06,1e-06,KCA,KCA,0.4,0.6,0.333,0.289
SDN201509080,2015-09-08,SDN,COL,0,0,2.58,4.33,1e-06,1e-06,SDN,SDN,0.6,0.7,0.306,0.277
ARI201509080,2015-09-08,ARI,SFN,0,0,4.3,4.44,1e-06,1e-06,ARI,ARI,0.3,0.0,0.331,0.327
WAS201509080,2015-09-08,WAS,NYN,2,0,2.13,3.38,1e-06,1e-06,WAS,WAS,0.3,1.1,0.328,0.316
DET201509080,2015-09-08,DET,TBA,0,0,4.47,2.31,1e-06,1e-06,DET,DET,0.1,0.0,0.332,0.316
CIN201509080,2015-09-08,CIN,PIT,0,0,4.15,3.38,1e-06,1e-06,CIN,CIN,0.2,0.4,0.322,0.322
ANA201509080,2015-09-08,ANA,LAN,1,1,3.49,2.13,1e-06,1e-06,ANA,ANA,1.1,0.4,0.311,0.33
OAK201509080,2015-09-08,OAK,HOU,0,0,2.73,3.1,1e-06,1e-06,OAK,OAK,0.9,0.6,0.316,0.308
MIA201509080,2015-09-08,MIA,MIL,1,0,2.59,3.77,1e-06,1e-06,MIA,MIA,0.2,0.3,0.312,0.304
CHA201509080,2015-09-08,CHA,CLE,0,0,3.75,3.63,1e-06,1e-06,CHA,CHA,0.3,0.4,0.307,0.305
SEA201509080,2015-09-08,SEA,TEX,0,0,4.56,3.65,1e-06,1e-06,SEA,SEA,0.8,0.4,0.313,0.306
NYA201509080,2015-09-08,NYA,BAL,0,0,3.09,1.52,1e-06,1e-06,NYA,NYA,0.4,0.0,0.325,0.289
WAS201509090,2015-09-09,WAS,NYN,1,0,3.46,2.54,1e-06,1e-06,WAS,WAS,0.5,1.1,0.328,0.316
MIA201509090,2015-09-09,MIA,MIL,0,1,4.08,5.7,1e-06,1e-06,MIA,MIA,0.3,0.3,0.312,0.304
SLN201509090,2015-09-09,SLN,CHN,1,2,4.62,3.83,1e-06,1e-06,SLN,SLN,0.1,0.7,0.329,0.317
SEA201509090,2015-09-09,SEA,TEX,1,0,3.74,4.46,1e-06,1e-06,SEA,SEA,0.8,0.4,0.313,0.306
SDN201509090,2015-09-09,SDN,COL,1,2,3.91,5.33,1e-06,1e-06,SDN,SDN,0.6,0.7,0.306,0.277
KCA201509090,2015-09-09,KCA,MIN,0,0,3.18,2.49,1e-06,1e-06,KCA,KCA,0.8,0.6,0.333,0.289
CHA201509090,2015-09-09,CHA,CLE,0,1,4.96,3.02,1e-06,1e-06,CHA,CHA,0.3,0.3,0.307,0.305
ANA201509090,2015-09-09,ANA,LAN,0,1,3.49,4.05,1e-06,1e-06,ANA,ANA,0.9,0.5,0.311,0.33
ARI201509090,2015-09-09,ARI,SFN,0,0,3.19,3.95,1e-06,1e-06,ARI,ARI,0.3,0.0,0.331,0.327
BOS201509090,2015-09-09,BOS,TOR,0,0,4.82,5.57,1e-06,1e-06,BOS,BOS,0.4,0.7,0.349,0.329
OAK201509090,2015-09-09,OAK,HOU,0,0,6.67,3.89,1e-06,1e-06,OAK,OAK,0.9,0.6,0.316,0.308
PHI201509090,2015-09-09,PHI,ATL,0,1,6.99,4.04,1e-06,1e-06,PHI,PHI,0.6,0.4,0.304,0.312
DET201509090,2015-09-09,DET,TBA,0,0,5.94,3.35,1e-06,1e-06,DET,DET,0.1,0.0,0.332,0.316
NYA201509090,2015-09-09,NYA,BAL,1,1,3.29,4.11,1e-06,1e-06,NYA,NYA,0.4,0.0,0.325,0.289
CIN201509090,2015-09-09,CIN,PIT,0,1,6.54,3.61,1e-06,1e-06,CIN,CIN,0.1,0.3,0.322,0.322
CLE201509100,2015-09-10,CLE,DET,0,0,2.99,3.08,494.38381964269325,145.52553501827433,CHA,DET,0.8,1.4,0.344,0.324
PIT201509100,2015-09-10,PIT,MIL,0,3,4.24,2.21,415.25842934625814,1630.230113794326,CIN,MIA,1.1,0.4,0.323,0.304
SDN201509100,2015-09-10,SDN,COL,0,1,2.34,4.05,1e-06,1e-06,SDN,SDN,0.7,0.9,0.306,0.277
SEA201509100,2015-09-10,SEA,TEX,2,0,3.53,4.91,1e-06,1e-06,SEA,SEA,0.5,0.4,0.313,0.306
ATL201509100,2015-09-10,ATL,NYN,0,0,3.02,4.16,1071.2330338826837,874.0887985860761,PHI,WAS,0.4,1.0,0.317,0.316
CIN201509100,2015-09-10,CIN,SLN,0,0,5.8,2.43,1e-06,494.9532553693752,CIN,SLN,0.1,1.3,0.322,0.311
ATL201509110,2015-09-11,ATL,NYN,0,0,4.71,2.27,1e-06,1e-06,ATL,ATL,0.4,1.0,0.317,0.316
TBA201509110,2015-09-11,TBA,BOS,3,1,2.31,4.14,1620.843911772028,1926.694381718032,DET,BOS,0.7,0.0,0.312,0.302
MIA201509110,2015-09-11,MIA,WAS,0,0,4.5,4.95,1e-06,1489.628641346009,MIA,WAS,0.3,0.6,0.312,0.314
CIN201509110,2015-09-11,CIN,SLN,1,0,2.94,4.62,1e-06,1e-06,CIN,CIN,0.1,1.2,0.322,0.311
ARI201509110,2015-09-11,ARI,LAN,4,0,3.52,3.84,1e-06,540.0297061463508,ARI,ANA,0.1,0.5,0.331,0.33
NYA201509110,2015-09-11,NYA,TOR,0,5,2.89,2.45,1e-06,306.2037667286439,NYA,BOS,0.2,0.6,0.325,0.329
ANA201509110,2015-09-11,ANA,HOU,0,0,4.64,2.48,1e-06,592.0809005913671,ANA,OAK,0.9,0.6,0.311,0.308
TEX201509110,2015-09-11,TEX,OAK,3,0,4.66,4.18,2688.6235870338205,2350.5503898425545,SEA,OAK,1.2,0.3,0.341,0.308
CHA201509110,2015-09-11,CHA,MIN,0,0,3.32,4.0,1e-06,663.9206411727051,CHA,KCA,0.3,0.6,0.307,0.289
BAL201509110,2015-09-11,BAL,KCA,0,1,1.8,2.71,272.81937803481173,1545.5901214265937,NYA,KCA,0.0,0.4,0.327,0.311
PIT201509110,2015-09-11,PIT,MIL,0,2,4.81,4.11,1e-06,1e-06,PIT,PIT,1.1,0.7,0.323,0.304
SEA201509110,2015-09-11,SEA,COL,0,0,3.54,4.23,1e-06,1711.8059777853623,SEA,SDN,0.7,0.8,0.313,0.277
PHI201509111,2015-09-11,PHI,CHN,0,0,4.48,1.77,1e-06,1e-06,PHI,PHI,0.3,0.9,0.304,0.317
PHI201509112,2015-09-11,PHI,CHN,0,1,9.31,3.95,1e-06,1300.629186583633,PHI,SLN,0.0,0.9,0.304,0.317
SFN201509110,2015-09-11,SFN,SDN,0,0,3.58,4.34,1050.993394248722,738.1265117326025,ARI,SDN,0.7,0.6,0.326,0.295
SFN201509120,2015-09-12,SFN,SDN,0,0,2.93,4.28,1e-06,1e-06,SFN,SFN,0.5,0.6,0.326,0.295
PIT201509120,2015-09-12,PIT,MIL,0,0,4.49,3.71,1e-06,1e-06,PIT,PIT,0.9,0.7,0.323,0.304
MIA201509120,2015-09-12,MIA,WAS,0,0,2.92,4.38,1e-06,1e-06,MIA,MIA,0.3,0.5,0.312,0.314
ANA201509120,2015-09-12,ANA,HOU,0,0,3.58,1.9,1e-06,1e-06,ANA,ANA,0.8,0.6,0.311,0.308
PHI201509120,2015-09-12,PHI,CHN,0,0,1.8,1.67,1e-06,1e-06,PHI,PHI,0.0,1.0,0.304,0.317
CIN201509120,2015-09-12,CIN,SLN,0,1,4.05,3.03,1e-06,1e-06,CIN,CIN,0.2,1.2,0.322,0.311
ARI201509120,2015-09-12,ARI,LAN,0,2,4.67,1.43,1e-06,1e-06,ARI,ARI,0.5,0.4,0.331,0.33
TEX201509120,2015-09-12,TEX,OAK,0,0,3.42,5.28,1e-06,1e-06,TEX,TEX,1.3,0.3,0.341,0.308
CHA201509120,2015-09-12,CHA,MIN,0,2,3.36,,1e-06,1e-06,CHA,CHA,0.2,0.4,0.307,0.289
NYA201509121,2015-09-12,NYA,TOR,1,0,6.37,2.92,1e-06,1e-06,NYA,NYA,0.2,1.1,0.325,0.329
NYA201509122,2015-09-12,NYA,TOR,0,0,5.07,1.67,1e-06,1e-06,NYA,NYA,0.3,0.8,0.325,0.329
ATL201509120,2015-09-12,ATL,NYN,1,0,1.6,2.92,1e-06,1e-06,ATL,ATL,0.2,0.8,0.317,0.316
TBA201509120,2015-09-12,TBA,BOS,0,3,5.43,4.92,1e-06,1e-06,TBA,TBA,0.6,0.1,0.312,0.302
BAL201509120,2015-09-12,BAL,KCA,1,0,2.94,4.08,1e-06,1e-06,BAL,BAL,0.0,0.5,0.327,0.311
SEA201509120,2015-09-12,SEA,COL,0,0,4.14,4.74,1e-06,1e-06,SEA,SEA,0.7,0.7,0.313,0.277
CLE201509131,2015-09-13,CLE,DET,0,1,3.05,3.38,1e-06,1e-06,CLE,CLE,0.6,1.2,0.344,0.324
TEX201509130,2015-09-13,TEX,OAK,1,0,3.9,5.5,1e-06,1e-06,TEX,TEX,1.2,0.2,0.341,0.308
BAL201509130,2015-09-13,BAL,KCA,3,0,3.34,3.44,1e-06,1e-06,BAL,BAL,0.1,0.5,0.327,0.311
ARI201509130,2015-09-13,ARI,LAN,0,1,3.6,1.66,1e-06,1e-06,ARI,ARI,0.5,0.6,0.331,0.33
MIA201509130,2015-09-13,MIA,WAS,0,0,5.3,2.79,1e-06,1e-06,MIA,MIA,0.3,0.4,0.312,0.314
PHI201509130,2015-09-13,PHI,CHN,2,1,0.73,3.83,1e-06,1e-06,PHI,PHI,0.0,0.8,0.304,0.317
CIN201509130,2015-09-13,CIN,SLN,0,0,3.15,3.38,1e-06,1e-06,CIN,CIN,0.2,0.9,0.322,0.311
SFN201509130,2015-09-13,SFN,SDN,0,2,3.7,5.8,1e-06,1e-06,SFN,SFN,0.4,0.3,0.326,0.295
CLE201509132,2015-09-13,CLE,DET,2,0,4.55,2.05,1e-06,1e-06,CLE,CLE,0.5,1.0,0.344,0.324
SEA201509130,2015-09-13,SEA,COL,0,0,3.9,6.32,1e-06,1e-06,SEA,SEA,0.7,0.5,0.313,0.277
ANA201509130,2015-09-13,ANA,HOU,1,0,3.18,4.38,1e-06,1e-06,ANA,ANA,0.8,0.6,0.311,0.308
TBA201509130,2015-09-13,TBA,BOS,0,0,5.1,3.55,1e-06,1e-06,TBA,TBA,0.6,0.4,0.312,0.302
NYA201509130,2015-09-13,NYA,TOR,0,0,3.51,3.91,1e-06,1e-06,NYA,NYA,0.3,0.8,0.325,0.329
CHA201509130,2015-09-13,CHA,MIN,0,4,3.41,3.84,1e-06,1e-06,CHA,CHA,0.2,0.3,0.307,0.289
PIT201509130,2015-09-13,PIT,MIL,0,2,2.28,3.67,1e-06,1e-06,PIT,PIT,0.9,0.6,0.323,0.304
ATL201509130,2015-09-13,ATL,NYN,0,0,3.07,6.38,1e-06,1e-06,ATL,ATL,0.3,0.5,0.317,0.316
LAN201509140,2015-09-14,LAN,COL,0,1,2.13,5.53,574.8341159449532,1545.141516309272,ARI,SEA,0.2,0.5,0.32,0.277
SFN201509140,2015-09-14,SFN,CIN,2,0,2.33,6.54,1e-06,3280.370735305635,SFN,CIN,0.4,0.7,0.326,0.303
ARI201509140,2015-09-14,ARI,SDN,1,5,4.62,3.91,1e-06,1050.993394248722,ARI,SFN,0.4,0.4,0.331,0.295
CHA201509140,2015-09-14,CHA,OAK,0,0,3.99,4.39,1e-06,1309.650558347085,CHA,TEX,0.2,0.2,0.307,0.308
CLE201509140,2015-09-14,CLE,KCA,1,1,3.63,3.55,1e-06,495.2645964012307,CLE,BAL,0.6,0.3,0.344,0.311
PHI201509140,2015-09-14,PHI,WAS,0,1,3.51,2.13,1e-06,1644.1190984600378,PHI,MIA,0.2,0.3,0.304,0.314
TBA201509140,2015-09-14,TBA,NYA,0,0,3.71,6.52,1e-06,1638.0556824552712,TBA,NYA,0.6,1.1,0.312,0.319
NYN201509140,2015-09-14,NYN,MIA,0,0,3.67,2.59,1200.4511584455877,1756.5620451799746,ATL,MIA,0.3,1.3,0.303,0.308
BAL201509140,2015-09-14,BAL,BOS,1,0,4.25,3.85,1e-06,1393.7772067986984,BAL,TBA,0.4,0.4,0.327,0.302
SEA201509140,2015-09-14,SEA,ANA,0,0,4.56,3.65,1e-06,1575.276973597757,SEA,ANA,0.7,1.0,0.313,0.302
MIN201509140,2015-09-14,MIN,DET,4,0,3.1,5.94,571.0232496384983,1013.2251113855248,CHA,CLE,0.1,1.0,0.322,0.324
TEX201509140,2015-09-14,TEX,HOU,0,1,2.39,1.9,1e-06,1938.7751997181072,TEX,ANA,1.3,0.1,0.341,0.308
PHI201509150,2015-09-15,PHI,WAS,0,1,6.99,3.46,1e-06,1e-06,PHI,PHI,0.2,0.4,0.304,0.314
SEA201509150,2015-09-15,SEA,ANA,1,0,3.53,3.82,1e-06,1e-06,SEA,SEA,0.7,1.0,0.313,0.302
MIL201509150,2015-09-15,MIL,SLN,0,0,3.67,2.17,722.0054120555708,525.1892238126902,PIT,CIN,1.1,0.9,0.31,0.311
ATL201509150,2015-09-15,ATL,TOR,0,0,1.6,3.22,1e-06,1200.4511584455877,ATL,NYA,0.3,0.7,0.317,0.329
TEX201509150,2015-09-15,TEX,HOU,4,0,2.99,4.17,1e-06,1e-06,TEX,TEX,1.0,0.2,0.341,0.308
MIN201509150,2015-09-15,MIN,DET,0,2,4.4,5.05,1e-06,1e-06,MIN,MIN,0.5,0.6,0.322,0.324
LAN201509150,2015-09-15,LAN,COL,1,0,4.95,6.09,1e-06,1e-06,LAN,LAN,0.2,0.6,0.32,0.277
CLE201509150,2015-09-15,CLE,KCA,0,0,3.02,4.01,1e-06,1e-06,CLE,CLE,0.7,0.4,0.344,0.311
CHA201509150,2015-09-15,CHA,OAK,2,5,4.96,6.67,1e-06,1e-06,CHA,CHA,0.1,0.2,0.307,0.308
TBA201509150,2015-09-15,TBA,NYA,1,1,3.35,4.02,1e-06,1e-06,TBA,TBA,0.6,0.8,0.312,0.319
PIT201509152,2015-09-15,PIT,CHN,0,1,3.61,3.34,1e-06,1e-06,PIT,PIT,0.8,0.9,0.323,0.317
NYN201509150,2015-09-15,NYN,MIA,1,0,2.54,4.08,1e-06,1e-06,NYN,NYN,0.0,1.2,0.303,0.308
ARI201509150,2015-09-15,ARI,SDN,0,0,3.25,6.72,1e-06,1e-06,ARI,ARI,0.5,0.9,0.331,0.295
SFN201509150,2015-09-15,SFN,CIN,0,3,2.98,1.63,1e-06,1e-06,SFN,SFN,0.6,0.7,0.326,0.303
PIT201509151,2015-09-15,PIT,CHN,3,1,1.91,1.99,1e-06,412.2899901216241,PIT,PHI,0.7,1.0,0.323,0.317
BAL201509150,2015-09-15,BAL,BOS,0,0,4.14,6.97,1e-06,1e-06,BAL,BAL,0.5,0.4,0.327,0.302
TEX201509160,2015-09-16,TEX,HOU,6,0,4.46,2.48,1e-06,1e-06,TEX,TEX,1.3,0.2,0.341,0.308
CHA201509160,2015-09-16,CHA,OAK,2,0,3.34,7.92,1e-06,1e-06,CHA,CHA,0.3,0.7,0.307,0.308
PIT201509160,2015-09-16,PIT,CHN,0,0,4.02,1.67,1e-06,1e-06,PIT,PIT,1.0,1.1,0.323,0.317
MIL201509160,2015-09-16,MIL,SLN,0,0,4.72,2.43,1e-06,1e-06,MIL,MIL,1.0,0.5,0.31,0.311
CLE201509160,2015-09-16,CLE,KCA,1,0,3.45,4.08,1e-06,1e-06,CLE,CLE,0.7,0.4,0.344,0.311
SFN201509160,2015-09-16,SFN,CIN,1,0,3.58,5.4,1e-06,1e-06,SFN,SFN,0.6,0.9,0.326,0.303
ATL201509160,2015-09-16,ATL,TOR,1,4,3.02,2.45,1e-06,1e-06,ATL,ATL,0.1,0.7,0.317,0.329
MIN201509160,2015-09-16,MIN,DET,0,2,4.25,5.79,1e-06,1e-06,MIN,MIN,0.5,0.7,0.322,0.324
SEA201509160,2015-09-16,SEA,ANA,0,0,3.54,4.64,1e-06,1e-06,SEA,SEA,0.8,0.6,0.313,0.302
TBA201509160,2015-09-16,TBA,NYA,0,0,3.23,2.89,1e-06,1e-06,TBA,TBA,0.7,0.9,0.312,0.319
ARI201509160,2015-09-16,ARI,SDN,0,0,3.52,4.34,1e-06,1e-06,ARI,ARI,0.5,0.9,0.331,0.295
NYN201509160,2015-09-16,NYN,MIA,0,0,4.16,3.76,1e-06,1e-06,NYN,NYN,0.1,1.2,0.303,0.308
PHI201509160,2015-09-16,PHI,WAS,0,0,9.31,3.79,1e-06,1e-06,PHI,PHI,0.2,0.3,0.304,0.314
LAN201509160,2015-09-16,LAN,COL,0,0,3.84,4.17,1e-06,1e-06,LAN,LAN,0.2,0.6,0.32,0.277
BAL201509160,2015-09-16,BAL,BOS,0,0,6.04,4.57,1e-06,1e-06,BAL,BAL,0.5,0.4,0.327,0.302
TBA201509170,2015-09-17,TBA,BAL,0,0,3.94,4.14,1e-06,1393.7772067986984,TBA,BAL,0.7,0.1,0.312,0.289
TEX201509170,2015-09-17,TEX,HOU,0,0,4.66,3.22,1e-06,1e-06,TEX,TEX,1.7,0.2,0.341,0.308
CHA201509170,2015-09-17,CHA,OAK,0,0,3.41,3.95,1e-06,1e-06,CHA,CHA,0.5,0.6,0.307,0.308
WAS201509170,2015-09-17,WAS,MIA,0,2,4.38,4.52,197.2342958595587,326.3648041771951,PHI,NYN,0.6,0.9,0.328,0.308
MIN201509170,2015-09-17,MIN,ANA,5,0,6.75,6.37,1e-06,2238.4089622775527,MIN,SEA,0.5,0.6,0.322,0.302
MIL201509170,2015-09-17,MIL,SLN,0,2,4.11,2.77,1e-06,1e-06,MIL,MIL,1.0,0.5,0.31,0.311
CLE201509170,2015-09-17,CLE,KCA,0,0,3.49,4.08,1e-06,1e-06,CLE,CLE,0.6,0.2,0.344,0.311
PIT201509170,2015-09-17,PIT,CHN,0,1,4.81,3.83,1e-06,1e-06,PIT,PIT,0.7,0.9,0.323,0.317
ATL201509170,2015-09-17,ATL,TOR,0,0,4.71,3.13,1e-06,1e-06,ATL,ATL,0.2,1.1,0.317,0.329
COL201509180,2015-09-18,COL,SDN,0,0,4.23,4.28,1336.5596902131042,942.6579354569092,LAN,ARI,1.3,0.9,0.352,0.295
TBA201509180,2015-09-18,TBA,BAL,0,0,3.11,3.5,1e-06,1e-06,TBA,TBA,0.5,0.1,0.312,0.289
CLE201509180,2015-09-18,CLE,CHA,0,0,3.05,3.41,1e-06,494.38381964269325,CLE,CHA,0.6,0.8,0.344,0.306
HOU201509180,2015-09-18,HOU,OAK,1,0,3.62,3.66,368.5990384284446,1516.5648050119732,TEX,CHA,0.3,0.5,0.322,0.308
MIL201509180,2015-09-18,MIL,CIN,0,1,3.71,3.56,1e-06,2954.3733541563483,MIL,SFN,1.0,0.7,0.31,0.303
DET201509180,2015-09-18,DET,KCA,1,0,2.05,3.83,872.516450655481,145.52553501827433,MIN,CLE,0.1,0.2,0.332,0.311
NYN201509180,2015-09-18,NYN,NYA,0,1,2.27,3.51,1e-06,1638.0556824552712,NYN,TBA,0.1,0.8,0.303,0.319
ATL201509180,2015-09-18,ATL,PHI,1,0,4.78,4.48,1e-06,1071.2330338826837,ATL,PHI,0.2,0.1,0.317,0.301
TOR201509180,2015-09-18,TOR,BOS,0,0,1.67,4.92,1183.2911929642491,537.0332419152472,ATL,BAL,1.3,0.4,0.347,0.302
LAN201509180,2015-09-18,LAN,PIT,1,0,1.66,4.49,1e-06,3433.6519953355796,LAN,PIT,0.2,0.3,0.32,0.322
CHN201509180,2015-09-18,CHN,SLN,3,0,4.18,4.26,660.0502267315369,132.54357794550742,PIT,MIL,0.8,0.6,0.322,0.311
SFN201509180,2015-09-18,SFN,ARI,0,0,2.93,4.67,1e-06,1050.993394248722,SFN,ARI,0.5,0.6,0.326,0.317
TEX201509180,2015-09-18,TEX,SEA,0,0,3.42,5.12,1e-06,2688.6235870338205,TEX,SEA,1.6,0.8,0.341,0.309
WAS201509180,2015-09-18,WAS,MIA,0,2,4.95,2.88,1e-06,1e-06,WAS,WAS,0.6,0.8,0.328,0.308
SFN201509190,2015-09-19,SFN,ARI,0,1,3.7,3.6,1e-06,1e-06,SFN,SFN,0.5,0.5,0.326,0.317
TOR201509190,2015-09-19,TOR,BOS,0,0,2.58,,1e-06,1e-06,TOR,TOR,1.3,0.4,0.347,0.302
MIN201509192,2015-09-19,MIN,ANA,0,0,4.26,3.65,1e-06,1e-06,MIN,MIN,1.0,0.6,0.322,0.302
CLE201509190,2015-09-19,CLE,CHA,0,0,3.63,3.75,1e-06,1e-06,CLE,CLE,0.6,0.7,0.344,0.306
ATL201509190,2015-09-19,ATL,PHI,0,0,3.07,5.8,1e-06,1e-06,ATL,ATL,0.3,0.0,0.317,0.301
MIN201509191,2015-09-19,MIN,ANA,0,0,2.49,6.37,1e-06,1e-06,MIN,MIN,1.0,0.6,0.322,0.302
NYN201509190,2015-09-19,NYN,NYA,0,3,3.24,4.37,1e-06,1e-06,NYN,NYN,0.1,0.9,0.303,0.319
TEX201509190,2015-09-19,TEX,SEA,1,0,3.65,3.74,1e-06,1e-06,TEX,TEX,1.6,0.8,0.341,0.309
CHN201509190,2015-09-19,CHN,SLN,2,0,5.4,3.38,1e-06,1e-06,CHN,CHN,1.0,0.6,0.322,0.311
TBA201509190,2015-09-19,TBA,BAL,1,1,3.75,3.34,1e-06,1e-06,TBA,TBA,0.5,0.1,0.312,0.289
DET201509190,2015-09-19,DET,KCA,0,0,5.95,6.23,1e-06,1e-06,DET,DET,0.1,0.2,0.332,0.311
MIL201509190,2015-09-19,MIL,CIN,2,0,5.7,3.93,1e-06,1e-06,MIL,MIL,1.0,0.8,0.31,0.303
LAN201509190,2015-09-19,LAN,PIT,1,0,2.13,3.38,1e-06,1e-06,LAN,LAN,0.3,0.3,0.32,0.322
COL201509190,2015-09-19,COL,SDN,4,0,4.74,4.76,1e-06,1e-06,COL,COL,1.3,0.9,0.352,0.295
WAS201509190,2015-09-19,WAS,MIA,0,2,3.66,5.3,1e-06,1e-06,WAS,WAS,0.6,0.9,0.328,0.308
HOU201509190,2015-09-19,HOU,OAK,3,0,4.38,3.84,1e-06,1e-06,HOU,HOU,0.4,0.5,0.322,0.308
TBA201509200,2015-09-20,TBA,BAL,1,0,7.97,,1e-06,1e-06,TBA,TBA,0.6,0.2,0.312,0.289
LAN201509200,2015-09-20,LAN,PIT,1,0,3.62,2.6,1e-06,1e-06,LAN,LAN,0.4,0.3,0.32,0.322
COL201509200,2015-09-20,COL,SDN,1,2,6.32,3.91,1e-06,1e-06,COL,COL,1.7,0.9,0.352,0.295
NYN201509200,2015-09-20,NYN,NYA,1,0,3.67,4.73,1e-06,1e-06,NYN,NYN,0.1,0.7,0.303,0.319
HOU201509200,2015-09-20,HOU,OAK,0,0,3.89,6.67,1e-06,1e-06,HOU,HOU,0.7,0.5,0.322,0.308
WAS201509200,2015-09-20,WAS,MIA,3,0,3.46,4.01,1e-06,1e-06,WAS,WAS,0.6,1.1,0.328,0.308
TOR201509200,2015-09-20,TOR,BOS,0,0,2.48,1.55,1e-06,1e-06,TOR,TOR,1.2,0.4,0.347,0.302
CHN201509200,2015-09-20,CHN,SLN,0,3,3.34,3.01,1e-06,1e-06,CHN,CHN,1.1,0.6,0.322,0.311
DET201509200,2015-09-20,DET,KCA,0,2,5.05,4.01,1e-06,1e-06,DET,DET,0.1,0.2,0.332,0.311
MIN201509200,2015-09-20,MIN,ANA,0,0,3.1,4.46,1e-06,1e-06,MIN,MIN,1.0,0.5,0.322,0.302
CLE201509200,2015-09-20,CLE,CHA,0,0,3.02,4.71,1e-06,1e-06,CLE,CLE,0.6,0.7,0.344,0.306
TEX201509200,2015-09-20,TEX,SEA,0,0,4.91,3.53,1e-06,1e-06,TEX,TEX,1.7,0.8,0.341,0.309
MIL201509200,2015-09-20,MIL,CIN,0,0,4.28,4.05,1e-06,1e-06,MIL,MIL,1.0,0.8,0.31,0.303
ATL201509200,2015-09-20,ATL,PHI,1,0,3.48,3.51,1e-06,1e-06,ATL,ATL,0.3,0.0,0.317,0.301
SFN201509200,2015-09-20,SFN,ARI,0,0,4.44,4.62,1e-06,1e-06,SFN,SFN,0.5,0.3,0.326,0.317
BOS201509210,2015-09-21,BOS,TBA,0,3,5.12,4.27,691.6136251477402,1926.694381718032,TOR,TBA,0.4,0.0,0.349,0.316
TOR201509210,2015-09-21,TOR,NYA,3,0,2.45,3.29,1e-06,550.2922217550002,TOR,NYN,0.9,0.6,0.347,0.319
HOU201509210,2015-09-21,HOU,ANA,0,0,2.48,4.64,1e-06,1702.4056315736932,HOU,MIN,0.6,0.5,0.322,0.302
CHN201509210,2015-09-21,CHN,MIL,0,2,3.74,4.72,1e-06,132.54357794550742,CHN,MIL,0.8,0.8,0.322,0.304
DET201509212,2015-09-21,DET,CHA,0,0,6.23,3.34,1e-06,1e-06,DET,DET,0.1,0.7,0.332,0.306
LAN201509210,2015-09-21,LAN,ARI,2,0,3.69,3.38,1e-06,559.4406195325591,LAN,SFN,0.5,0.3,0.32,0.317
COL201509210,2015-09-21,COL,PIT,0,2,5.53,3.18,1e-06,1336.5596902131042,COL,LAN,1.8,0.3,0.352,0.322
SLN201509210,2015-09-21,SLN,CIN,0,1,4.62,2.94,422.4920912040455,526.8349145670746,CHN,MIL,0.2,0.6,0.329,0.303
NYN201509210,2015-09-21,NYN,ATL,1,0,4.13,3.02,1e-06,1200.4511584455877,NYN,ATL,0.2,0.5,0.303,0.312
DET201509211,2015-09-21,DET,CHA,0,0,4.47,4.96,1e-06,145.52553501827433,DET,CLE,0.1,0.7,0.332,0.306
HOU201509220,2015-09-22,HOU,ANA,0,3,3.22,3.59,1e-06,1e-06,HOU,HOU,0.6,0.4,0.322,0.302
TOR201509220,2015-09-22,TOR,NYA,0,2,1.96,2.04,1e-06,1e-06,TOR,TOR,1.0,0.6,0.347,0.319
NYN201509220,2015-09-22,NYN,ATL,1,0,3.59,4.71,1e-06,1e-06,NYN,NYN,0.3,0.4,0.303,0.312
SDN201509220,2015-09-22,SDN,SFN,0,0,3.26,2.33,1340.79250926624,738.1265117326025,COL,SFN,0.7,0.0,0.306,0.327
DET201509220,2015-09-22,DET,CHA,0,0,3.08,3.41,1e-06,1e-06,DET,DET,0.1,0.7,0.332,0.306
SLN201509220,2015-09-22,SLN,CIN,0,1,2.77,3.15,1e-06,1e-06,SLN,SLN,0.1,0.7,0.329,0.303
CHN201509220,2015-09-22,CHN,MIL,0,0,1.77,5.7,1e-06,1e-06,CHN,CHN,0.8,1.0,0.322,0.304
WAS201509220,2015-09-22,WAS,BAL,0,0,3.79,4.11,1e-06,1340.493838211085,WAS,TBA,0.7,0.2,0.328,0.289
KCA201509220,2015-09-22,KCA,SEA,0,2,5.95,3.54,1034.95696626315,738.3603208647532,DET,TEX,0.8,0.5,0.333,0.309
MIA201509220,2015-09-22,MIA,PHI,0,1,4.08,4.86,1489.628641346009,973.359131898138,WAS,ATL,0.2,0.0,0.312,0.301
BOS201509220,2015-09-22,BOS,TBA,2,0,4.57,5.43,1e-06,1e-06,BOS,BOS,0.4,0.3,0.349,0.316
MIN201509220,2015-09-22,MIN,CLE,0,0,4.0,3.45,1e-06,1013.2251113855248,MIN,CLE,0.9,0.2,0.322,0.305
COL201509220,2015-09-22,COL,PIT,0,1,5.33,3.61,1e-06,1e-06,COL,COL,1.8,0.5,0.352,0.322
LAN201509220,2015-09-22,LAN,ARI,0,0,3.84,3.52,1e-06,1e-06,LAN,LAN,0.7,0.3,0.32,0.317
OAK201509220,2015-09-22,OAK,TEX,0,1,3.66,3.9,2629.671879056886,2350.5503898425545,HOU,TEX,0.9,0.4,0.316,0.306
COL201509230,2015-09-23,COL,PIT,0,2,4.74,2.84,1e-06,1e-06,COL,COL,1.6,0.4,0.352,0.322
OAK201509230,2015-09-23,OAK,TEX,0,0,5.5,4.66,1e-06,1e-06,OAK,OAK,0.9,0.5,0.316,0.306
LAN201509230,2015-09-23,LAN,ARI,1,0,3.69,4.28,1e-06,1e-06,LAN,LAN,0.6,0.3,0.32,0.317
KCA201509230,2015-09-23,KCA,SEA,0,0,0.94,7.56,1e-06,1e-06,KCA,KCA,0.8,0.5,0.333,0.309
MIA201509230,2015-09-23,MIA,PHI,0,0,2.88,5.8,1e-06,1e-06,MIA,MIA,0.2,0.1,0.312,0.301
WAS201509230,2015-09-23,WAS,BAL,1,2,2.79,4.99,1e-06,1e-06,WAS,WAS,0.6,0.2,0.328,0.289
MIN201509230,2015-09-23,MIN,CLE,0,0,4.4,3.49,1e-06,1e-06,MIN,MIN,0.9,0.2,0.322,0.305
BOS201509230,2015-09-23,BOS,TBA,0,0,4.92,3.11,1e-06,1e-06,BOS,BOS,0.6,0.3,0.349,0.316
TOR201509230,2015-09-23,TOR,NYA,0,0,1.67,5.07,1e-06,1e-06,TOR,TOR,1.0,0.7,0.347,0.319
HOU201509230,2015-09-23,HOU,ANA,0,2,1.9,3.02,1e-06,1e-06,HOU,HOU,0.5,0.7,0.322,0.302
DET201509230,2015-09-23,DET,CHA,2,0,3.38,4.8,1e-06,1e-06,DET,DET,0.1,0.7,0.332,0.306
CHN201509230,2015-09-23,CHN,MIL,0,0,3.95,3.71,1e-06,1e-06,CHN,CHN,0.8,1.0,0.322,0.304
NYN201509230,2015-09-23,NYN,ATL,1,0,1.85,3.07,1e-06,1e-06,NYN,NYN,0.4,0.4,0.303,0.312
SLN201509230,2015-09-23,SLN,CIN,0,0,3.03,3.56,1e-06,1e-06,SLN,SLN,0.1,0.8,0.329,0.303
SDN201509230,2015-09-23,SDN,SFN,0,2,2.58,2.33,1e-06,1e-06,SDN,SDN,0.7,0.0,0.306,0.327
BOS201509240,2015-09-24,BOS,TBA,2,0,4.46,3.75,1e-06,1e-06,BOS,BOS,0.6,0.3,0.349,0.316
SLN201509240,2015-09-24,SLN,MIL,0,3,3.38,3.77,1e-06,422.4920912040455,SLN,CHN,0.1,1.0,0.329,0.304
KCA201509240,2015-09-24,KCA,SEA,1,0,3.44,5.87,1e-06,1e-06,KCA,KCA,0.8,0.5,0.333,0.309
MIA201509240,2015-09-24,MIA,PHI,0,0,3.14,9.31,1e-06,1e-06,MIA,MIA,0.2,0.1,0.312,0.301
OAK201509240,2015-09-24,OAK,TEX,0,2,3.56,3.65,1e-06,1e-06,OAK,OAK,0.9,0.3,0.316,0.306
MIN201509240,2015-09-24,MIN,CLE,0,3,3.84,3.05,1e-06,1e-06,MIN,MIN,0.9,0.1,0.322,0.305
COL201509240,2015-09-24,COL,PIT,0,1,2.37,2.84,1e-06,1e-06,COL,COL,1.3,0.6,0.352,0.322
NYA201509240,2015-09-24,NYA,CHA,0,0,4.37,3.41,550.2922217550002,773.7548030957365,TOR,DET,0.3,0.6,0.325,0.306
LAN201509240,2015-09-24,LAN,ARI,0,0,2.13,3.6,1e-06,1e-06,LAN,LAN,0.7,0.2,0.32,0.317
WAS201509240,2015-09-24,WAS,BAL,0,1,3.86,6.04,1e-06,1e-06,WAS,WAS,0.7,0.4,0.328,0.289
CIN201509240,2015-09-24,CIN,NYN,1,0,3.9,2.43,494.9532553693752,913.3322258208744,SLN,NYN,0.2,0.5,0.322,0.316
SDN201509240,2015-09-24,SDN,SFN,0,0,2.58,5.19,1e-06,1e-06,SDN,SDN,0.7,0.2,0.306,0.327
MIA201509250,2015-09-25,MIA,ATL,4,4,2.92,4.76,1e-06,1756.5620451799746,MIA,NYN,0.2,0.4,0.312,0.312
DET201509250,2015-09-25,DET,MIN,0,0,2.19,3.32,1e-06,872.516450655481,DET,MIN,0.3,0.7,0.332,0.289
CHN201509250,2015-09-25,CHN,PIT,0,0,3.34,2.6,1e-06,1477.450780411816,CHN,COL,0.8,0.7,0.322,0.322
BOS201509250,2015-09-25,BOS,BAL,0,0,1.55,4.25,1e-06,632.55798631456,BOS,WAS,0.7,0.5,0.349,0.289
SLN201509250,2015-09-25,SLN,MIL,0,0,2.1,2.7,1e-06,1e-06,SLN,SLN,0.1,1.3,0.329,0.304
SDN201509250,2015-09-25,SDN,ARI,0,2,7.94,4.67,1e-06,179.52869961196944,SDN,LAN,0.5,0.1,0.306,0.317
NYA201509250,2015-09-25,NYA,CHA,0,0,4.73,3.75,1e-06,1e-06,NYA,NYA,0.3,0.3,0.325,0.306
KCA201509250,2015-09-25,KCA,CLE,0,1,3.55,3.63,1e-06,662.9211681328137,KCA,MIN,0.8,0.4,0.333,0.305
ANA201509250,2015-09-25,ANA,SEA,4,1,3.65,3.74,2169.9670210701,2158.345510444982,HOU,KCA,0.9,0.5,0.311,0.309
CIN201509250,2015-09-25,CIN,NYN,0,0,4.05,3.24,1e-06,1e-06,CIN,CIN,0.3,0.5,0.322,0.316
COL201509250,2015-09-25,COL,LAN,1,1,6.09,3.62,1e-06,1336.5596902131042,COL,LAN,0.9,0.7,0.352,0.33
HOU201509250,2015-09-25,HOU,TEX,0,1,3.1,3.72,1e-06,2629.671879056886,HOU,OAK,0.5,0.4,0.322,0.306
WAS201509250,2015-09-25,WAS,PHI,1,0,3.66,2.65,1e-06,1489.628641346009,WAS,MIA,0.7,0.1,0.328,0.301
TOR201509250,2015-09-25,TOR,TBA,0,2,3.91,3.35,1e-06,691.6136251477402,TOR,BOS,0.9,0.3,0.347,0.316
OAK201509250,2015-09-25,OAK,SFN,0,2,2.73,3.7,1e-06,731.4285571970996,OAK,SDN,0.8,0.2,0.316,0.327
OAK201509260,2015-09-26,OAK,SFN,0,2,4.24,2.2,1e-06,1e-06,OAK,OAK,0.5,0.4,0.316,0.327
SDN201509260,2015-09-26,SDN,ARI,0,0,4.76,4.62,1e-06,1e-06,SDN,SDN,0.3,0.3,0.306,0.317
CHN201509260,2015-09-26,CHN,PIT,0,0,3.74,3.38,1e-06,1e-06,CHN,CHN,0.8,0.7,0.322,0.322
TOR201509260,2015-09-26,TOR,TBA,5,0,2.45,3.23,1e-06,1e-06,TOR,TOR,0.7,0.5,0.347,0.316
NYA201509260,2015-09-26,NYA,CHA,0,1,3.29,4.71,1e-06,1e-06,NYA,NYA,0.3,0.3,0.325,0.306
CIN201509260,2015-09-26,CIN,NYN,0,4,5.8,2.71,1e-06,1e-06,CIN,CIN,0.3,0.1,0.322,0.316
COL201509260,2015-09-26,COL,LAN,4,0,4.05,3.34,1e-06,1e-06,COL,COL,0.8,0.8,0.352,0.33
SLN201509260,2015-09-26,SLN,MIL,4,0,2.43,7.24,1e-06,1e-06,SLN,SLN,0.1,1.3,0.329,0.304
MIA201509260,2015-09-26,MIA,ATL,2,0,4.01,4.04,1e-06,1e-06,MIA,MIA,0.5,0.8,0.312,0.312
WAS201509260,2015-09-26,WAS,PHI,0,0,2.18,5.87,1e-06,1e-06,WAS,WAS,0.8,0.1,0.328,0.301
ANA201509260,2015-09-26,ANA,SEA,1,0,4.24,5.12,1e-06,1e-06,ANA,ANA,0.8,0.6,0.311,0.309
KCA201509260,2015-09-26,KCA,CLE,1,2,4.01,3.0,1e-06,1e-06,KCA,KCA,0.6,0.5,0.333,0.305
HOU201509260,2015-09-26,HOU,TEX,1,3,3.89,3.9,1e-06,1e-06,HOU,HOU,0.5,0.5,0.322,0.306
BOS201509260,2015-09-26,BOS,BAL,0,0,3.55,3.34,1e-06,1e-06,BOS,BOS,0.6,0.5,0.349,0.289
DET201509260,2015-09-26,DET,MIN,0,1,5.05,3.1,1e-06,1e-06,DET,DET,0.3,0.7,0.332,0.289
NYA201509270,2015-09-27,NYA,CHA,1,0,2.89,3.34,1e-06,1e-06,NYA,NYA,0.3,0.1,0.325,0.306
DET201509270,2015-09-27,DET,MIN,0,0,6.23,4.0,1e-06,1e-06,DET,DET,0.3,0.8,0.332,0.289
COL201509270,2015-09-27,COL,LAN,0,0,5.33,3.84,1e-06,1e-06,COL,COL,1.2,0.7,0.352,0.33
WAS201509270,2015-09-27,WAS,PHI,0,0,2.13,0.73,1e-06,1e-06,WAS,WAS,0.6,0.1,0.328,0.301
SLN201509270,2015-09-27,SLN,MIL,0,0,2.1,4.01,1e-06,1e-06,SLN,SLN,0.5,1.2,0.329,0.304
MIA201509270,2015-09-27,MIA,ATL,2,0,4.08,3.02,1e-06,1e-06,MIA,MIA,0.7,0.8,0.312,0.312
CHN201509270,2015-09-27,CHN,PIT,1,0,1.77,3.18,1e-06,1e-06,CHN,CHN,0.5,0.7,0.322,0.322
HOU201509270,2015-09-27,HOU,TEX,0,1,2.48,4.46,1e-06,1e-06,HOU,HOU,0.5,0.7,0.322,0.306
SDN201509270,2015-09-27,SDN,ARI,0,0,3.91,3.38,1e-06,1e-06,SDN,SDN,0.3,0.3,0.306,0.317
CIN201509270,2015-09-27,CIN,NYN,0,1,6.54,2.54,1e-06,1e-06,CIN,CIN,0.2,0.4,0.322,0.316
TOR201509270,2015-09-27,TOR,TBA,1,1,2.48,3.74,1e-06,1e-06,TOR,TOR,1.2,0.5,0.347,0.316
KCA201509270,2015-09-27,KCA,CLE,0,0,,3.45,1e-06,1e-06,KCA,KCA,0.7,0.7,0.333,0.305
OAK201509270,2015-09-27,OAK,SFN,0,0,5.28,3.95,1e-06,1e-06,OAK,OAK,0.1,0.6,0.316,0.327
BOS201509270,2015-09-27,BOS,BAL,1,0,4.57,4.11,1e-06,1e-06,BOS,BOS,0.6,0.5,0.349,0.289
ANA201509270,2015-09-27,ANA,SEA,0,0,4.24,3.54,1e-06,1e-06,ANA,ANA,0.9,0.6,0.311,0.309
PIT201509280,2015-09-28,PIT,SLN,0,0,2.23,4.62,660.0502267315369,898.8824563980571,CHN,SLN,0.6,0.6,0.323,0.311
SFN201509280,2015-09-28,SFN,LAN,0,0,2.45,3.34,13.027453191410114,1524.5101947303656,OAK,COL,0.5,0.7,0.326,0.33
CHN201509280,2015-09-28,CHN,KCA,0,0,4.74,6.23,1e-06,663.9206411727051,CHN,KCA,0.6,0.4,0.322,0.311
BAL201509280,2015-09-28,BAL,TOR,0,0,2.72,2.48,578.81170796599,537.0332419152472,BOS,TOR,0.5,1.1,0.327,0.329
CLE201509280,2015-09-28,CLE,MIN,1,3,3.49,,1123.5230318083022,145.52553501827433,KCA,DET,0.4,0.8,0.344,0.289
SEA201509280,2015-09-28,SEA,HOU,1,2,5.12,3.22,1575.276973597757,3039.1839825945185,ANA,HOU,0.4,0.2,0.313,0.308
NYA201509280,2015-09-28,NYA,BOS,1,0,5.07,3.85,1e-06,306.2037667286439,NYA,BOS,0.3,0.4,0.325,0.302
TEX201509280,2015-09-28,TEX,DET,0,0,4.66,3.38,368.5990384284446,1624.6230769135182,HOU,DET,1.5,0.9,0.341,0.324
WAS201509280,2015-09-28,WAS,CIN,0,0,2.79,3.56,1e-06,647.9323389925676,WAS,CIN,0.5,0.7,0.328,0.303
ANA201509280,2015-09-28,ANA,OAK,0,0,3.02,4.75,1e-06,592.0809005913671,ANA,OAK,0.8,0.5,0.311,0.308
SEA201509290,2015-09-29,SEA,HOU,2,1,3.19,4.17,1e-06,1e-06,SEA,SEA,0.5,0.3,0.313,0.308
TEX201509290,2015-09-29,TEX,DET,5,2,3.65,7.36,1e-06,1e-06,TEX,TEX,1.2,0.9,0.341,0.324
NYA201509290,2015-09-29,NYA,BOS,4,6,4.37,4.92,1e-06,1e-06,NYA,NYA,0.4,0.4,0.325,0.302
SFN201509290,2015-09-29,SFN,LAN,0,1,2.93,2.13,1e-06,1e-06,SFN,SFN,0.3,0.6,0.326,0.33
ARI201509290,2015-09-29,ARI,COL,1,2,3.25,4.91,481.0116378281714,942.6579354569092,SDN,COL,0.5,0.6,0.331,0.277
ANA201509290,2015-09-29,ANA,OAK,2,0,3.82,3.56,1e-06,1e-06,ANA,ANA,0.7,0.5,0.311,0.308
SDN201509290,2015-09-29,SDN,MIL,0,2,3.26,5.4,1e-06,2512.7882729547905,SDN,SLN,0.3,0.9,0.306,0.304
CIN201509290,2015-09-29,CIN,CHN,0,4,,3.6,647.9323389925676,406.2527329885922,WAS,CHN,0.2,0.9,0.322,0.317
TBA201509290,2015-09-29,TBA,MIA,0,1,3.94,3.14,1789.459752085548,319.9354673545946,TOR,MIA,0.6,0.8,0.312,0.308
CHA201509290,2015-09-29,CHA,KCA,0,0,4.96,3.44,1144.129935670241,1e-06,NYA,CHN,0.4,0.3,0.307,0.311
PHI201509290,2015-09-29,PHI,NYN,3,0,6.98,4.16,197.2342958595587,807.0437326700402,WAS,CIN,0.2,0.5,0.304,0.316
ATL201509290,2015-09-29,ATL,WAS,0,0,4.71,4.38,973.359131898138,874.0887985860761,MIA,WAS,0.4,0.3,0.317,0.314
SEA201509300,2015-09-30,SEA,HOU,0,0,5.12,1.99,1e-06,1e-06,SEA,SEA,0.7,0.4,0.313,0.308
CHA201509300,2015-09-30,CHA,KCA,0,0,3.41,3.18,1e-06,1e-06,CHA,CHA,0.4,0.3,0.307,0.311
ARI201509300,2015-09-30,ARI,COL,0,0,3.25,4.23,1e-06,1e-06,ARI,ARI,0.6,0.6,0.331,0.277
NYA201509300,2015-09-30,NYA,BOS,0,3,5.19,3.99,1e-06,1e-06,NYA,NYA,0.7,0.9,0.325,0.302
SDN201509300,2015-09-30,SDN,MIL,0,0,4.34,3.71,1e-06,1e-06,SDN,SDN,0.1,0.9,0.306,0.304
PHI201509300,2015-09-30,PHI,NYN,0,5,,6.38,1e-06,1e-06,PHI,PHI,0.5,0.5,0.304,0.316
ATL201509300,2015-09-30,ATL,WAS,1,0,4.78,3.66,1e-06,1e-06,ATL,ATL,0.4,0.3,0.317,0.314
PIT201509301,2015-09-30,PIT,SLN,0,0,2.6,3.38,1e-06,1e-06,PIT,PIT,0.3,0.6,0.323,0.311
TBA201509300,2015-09-30,TBA,MIA,0,0,3.11,4.52,1e-06,1e-06,TBA,TBA,0.3,0.9,0.312,0.308
ANA201509300,2015-09-30,ANA,OAK,0,0,6.37,4.24,1e-06,1e-06,ANA,ANA,0.9,0.5,0.311,0.308
BAL201509301,2015-09-30,BAL,TOR,0,0,4.91,1.67,1e-06,1e-06,BAL,BAL,0.5,1.0,0.327,0.329
CIN201509300,2015-09-30,CIN,CHN,1,0,4.05,3.34,1e-06,1e-06,CIN,CIN,0.2,1.1,0.322,0.317
PIT201509302,2015-09-30,PIT,SLN,0,2,4.81,3.75,1e-06,1e-06,PIT,PIT,0.3,0.6,0.323,0.311
CLE201509301,2015-09-30,CLE,MIN,0,1,3.63,3.84,1e-06,1e-06,CLE,CLE,0.5,1.1,0.344,0.289
CLE201509302,2015-09-30,CLE,MIN,0,0,3.05,4.26,1e-06,1e-06,CLE,CLE,0.5,1.1,0.344,0.289
SFN201509300,2015-09-30,SFN,LAN,2,0,3.7,3.62,1e-06,1e-06,SFN,SFN,0.3,0.7,0.326,0.33
TEX201509300,2015-09-30,TEX,DET,2,2,3.42,7.53,1e-06,1e-06,TEX,TEX,1.7,1.0,0.341,0.324
BAL201509302,2015-09-30,BAL,TOR,0,0,4.25,3.27,1e-06,1e-06,BAL,BAL,0.5,0.9,0.327,0.329
BAL201510010,2015-10-01,BAL,TOR,3,0,4.91,5.57,1e-06,1e-06,BAL,BAL,0.5,0.9,0.327,0.329
SDN201510010,2015-10-01,SDN,MIL,0,0,4.28,3.77,1e-06,1e-06,SDN,SDN,0.1,0.9,0.306,0.304
CIN201510010,2015-10-01,CIN,CHN,0,0,5.8,3.74,1e-06,1e-06,CIN,CIN,0.3,0.9,0.322,0.317
PHI201510010,2015-10-01,PHI,NYN,0,0,2.65,2.67,1e-06,1e-06,PHI,PHI,0.5,1.0,0.304,0.316
ARI201510010,2015-10-01,ARI,COL,2,1,4.67,4.05,1e-06,1e-06,ARI,ARI,0.6,0.6,0.331,0.277
TBA201510010,2015-10-01,TBA,MIA,1,0,3.35,2.92,1e-06,1e-06,TBA,TBA,0.3,0.7,0.312,0.308
CHA201510010,2015-10-01,CHA,KCA,0,1,4.71,4.01,1e-06,1e-06,CHA,CHA,0.4,0.3,0.307,0.311
SFN201510010,2015-10-01,SFN,LAN,0,0,4.44,3.69,1e-06,1e-06,SFN,SFN,0.5,0.6,0.326,0.33
NYA201510010,2015-10-01,NYA,BOS,0,0,4.73,1.55,1e-06,1e-06,NYA,NYA,0.7,0.9,0.325,0.302
TEX201510010,2015-10-01,TEX,ANA,0,0,4.91,3.49,1e-06,1938.7751997181072,TEX,ANA,1.8,0.5,0.341,0.302
ATL201510010,2015-10-01,ATL,WAS,0,0,4.76,3.46,1e-06,1e-06,ATL,ATL,0.5,0.2,0.317,0.314
CLE201510010,2015-10-01,CLE,MIN,0,0,2.99,3.32,1e-06,1e-06,CLE,CLE,0.3,1.1,0.344,0.289
SFN201510020,2015-10-02,SFN,COL,0,0,3.95,6.32,1e-06,1050.993394248722,SFN,ARI,0.5,0.5,0.326,0.277
ATL201510020,2015-10-02,ATL,SLN,0,0,4.04,2.43,1e-06,840.3908477621023,ATL,PIT,0.4,0.7,0.317,0.311
PIT201510020,2015-10-02,PIT,CIN,0,0,3.62,7.47,1e-06,415.25842934625814,PIT,CIN,0.3,0.6,0.323,0.303
TEX201510020,2015-10-02,TEX,ANA,0,1,2.99,6.37,1e-06,1e-06,TEX,TEX,1.8,0.5,0.341,0.302
CHA201510020,2015-10-02,CHA,DET,0,0,3.41,5.05,1e-06,1309.650558347085,CHA,TEX,0.4,1.2,0.307,0.324
ARI201510020,2015-10-02,ARI,HOU,0,3,4.67,2.48,1e-06,1793.290239503433,ARI,SEA,0.8,0.4,0.331,0.308
CLE201510020,2015-10-02,CLE,BOS,0,0,3.02,4.57,1e-06,649.8727601989037,CLE,NYA,0.2,0.9,0.344,0.302
SEA201510020,2015-10-02,SEA,OAK,0,0,5.12,6.67,1e-06,1575.276973597757,SEA,ANA,0.6,0.5,0.313,0.308
LAN201510020,2015-10-02,LAN,SDN,0,0,3.84,7.94,559.4406195325591,179.52869961196944,SFN,SDN,0.7,1.1,0.32,0.295
MIN201510020,2015-10-02,MIN,KCA,0,0,4.0,0.0,1013.2251113855248,571.0232496384983,CLE,CHA,0.9,0.3,0.322,0.311
MIL201510020,2015-10-02,MIL,CHN,0,0,4.28,1.77,2790.8560532571964,525.1892238126902,SDN,CIN,0.9,0.9,0.31,0.317
TBA201510020,2015-10-02,TBA,TOR,0,0,5.1,3.81,1e-06,1393.7772067986984,TBA,BAL,0.4,0.4,0.312,0.329
LAN201510030,2015-10-03,LAN,SDN,1,0,1.66,4.76,1e-06,1e-06,LAN,LAN,0.7,0.9,0.32,0.295
ARI201510030,2015-10-03,ARI,HOU,0,1,4.62,3.89,1e-06,1e-06,ARI,ARI,0.8,0.7,0.331,0.308
TBA201510030,2015-10-03,TBA,TOR,1,0,3.94,2.58,1e-06,1e-06,TBA,TBA,0.4,0.4,0.312,0.329
CLE201510030,2015-10-03,CLE,BOS,0,0,3.49,4.15,1e-06,1e-06,CLE,CLE,0.2,0.9,0.344,0.302
TEX201510030,2015-10-03,TEX,ANA,0,0,3.72,0.0,1e-06,1e-06,TEX,TEX,1.4,0.6,0.341,0.302
BAL201510032,2015-10-03,BAL,NYA,2,0,4.91,1.5,1e-06,1e-06,BAL,BAL,0.8,0.7,0.327,0.319
SFN201510030,2015-10-03,SFN,COL,2,0,3.58,5.33,1e-06,1e-06,SFN,SFN,0.3,0.4,0.326,0.277
BAL201510031,2015-10-03,BAL,NYA,1,0,3.34,5.07,1e-06,272.81937803481173,BAL,NYA,1.0,0.7,0.327,0.319
NYN201510031,2015-10-03,NYN,WAS,0,0,3.38,5.11,129.48897528262268,1200.4511584455877,PHI,ATL,0.5,0.2,0.303,0.314
MIL201510030,2015-10-03,MIL,CHN,0,0,7.24,3.95,1e-06,1e-06,MIL,MIL,0.8,0.8,0.31,0.317
CHA201510030,2015-10-03,CHA,DET,1,0,3.32,6.38,1e-06,1e-06,CHA,CHA,0.4,0.9,0.307,0.324
PIT201510030,2015-10-03,PIT,CIN,1,2,3.18,3.56,1e-06,1e-06,PIT,PIT,0.3,0.6,0.323,0.303
NYN201510032,2015-10-03,NYN,WAS,0,0,2.71,2.79,1e-06,1e-06,NYN,NYN,0.5,0.2,0.303,0.314
PHI201510032,2015-10-03,PHI,MIA,0,2,9.31,4.01,1e-06,1e-06,PHI,PHI,0.5,0.7,0.304,0.308
PHI201510031,2015-10-03,PHI,MIA,0,0,1.8,4.45,1e-06,1515.8203845337373,PHI,TBA,0.5,0.9,0.304,0.308
MIN201510030,2015-10-03,MIN,KCA,0,1,2.49,4.08,1e-06,1e-06,MIN,MIN,0.5,0.3,0.322,0.311
SEA201510030,2015-10-03,SEA,OAK,0,3,5.32,4.4,1e-06,1e-06,SEA,SEA,0.4,0.5,0.313,0.308
MIL201510040,2015-10-04,MIL,CHN,0,3,5.4,3.6,1e-06,1e-06,MIL,MIL,0.4,0.8,0.31,0.317
LAN201510040,2015-10-04,LAN,SDN,0,0,4.34,5.21,1e-06,1e-06,LAN,LAN,0.7,0.9,0.32,0.295
MIN201510040,2015-10-04,MIN,KCA,0,0,6.75,3.44,1e-06,1e-06,MIN,MIN,0.5,0.4,0.322,0.311
SFN201510040,2015-10-04,SFN,COL,2,0,2.33,1.74,1e-06,1e-06,SFN,SFN,0.5,0.4,0.326,0.277
PIT201510040,2015-10-04,PIT,CIN,1,0,3.61,,1e-06,1e-06,PIT,PIT,0.4,0.5,0.323,0.303
NYN201510040,2015-10-04,NYN,WAS,0,0,2.92,3.86,1e-06,1e-06,NYN,NYN,0.5,0.2,0.303,0.314
TBA201510040,2015-10-04,TBA,TOR,11,0,5.43,3.81,1e-06,1e-06,TBA,TBA,0.4,0.4,0.312,0.329
ATL201510041,2015-10-04,ATL,SLN,2,0,3.02,2.77,1e-06,1e-06,ATL,ATL,0.4,0.7,0.317,0.311
PHI201510040,2015-10-04,PHI,MIA,0,1,3.51,5.95,1e-06,1e-06,PHI,PHI,0.5,0.9,0.304,0.308
BAL201510040,2015-10-04,BAL,NYA,2,0,4.99,4.37,1e-06,1e-06,BAL,BAL,1.0,0.7,0.327,0.319
ATL201510042,2015-10-04,ATL,SLN,1,0,4.71,3.03,1e-06,1e-06,ATL,ATL,0.6,0.7,0.317,0.311
SEA201510040,2015-10-04,SEA,OAK,0,0,5.87,4.24,1e-06,1e-06,SEA,SEA,0.4,0.3,0.313,0.308
TEX201510040,2015-10-04,TEX,ANA,1,2,3.65,3.65,1e-06,1e-06,TEX,TEX,0.8,0.6,0.341,0.302
CHA201510040,2015-10-04,CHA,DET,0,1,4.8,3.75,1e-06,1e-06,CHA,CHA,0.5,0.9,0.307,0.324
ARI201510040,2015-10-04,ARI,HOU,1,0,3.86,4.38,1e-06,1e-06,ARI,ARI,0.4,0.8,0.331,0.308
CLE201510040,2015-10-04,CLE,BOS,0,1,3.45,4.92,1e-06,1e-06,CLE,CLE,0.1,0.9,0.344,0.302
