year,game_id,hometeam,visteam,home_first_inning_runs,visiting_first_inning_runs,home_pitcher,vis_pitcher,home_ERA,vis_ERA,date,home_travel,vis_travel,home_last_location,visiting_last_location,home_avg_prev,away_avg_prev,home_OBP,away_OBP
2020,LAN202007240,LAN,SFN,1,0,strir001,andet002,5.84,4.37,2020-07-24,1e-06,1e-06,LAN,LAN,1.0,0.0,0.346,0.311
2020,CLE202007250,CLE,KCA,0,2,karij001,barls001,2.67,4.2,2020-07-25,1e-06,1e-06,CLE,CLE,0.0,2.0,0.32,0.291
2020,SLN202007250,SLN,PIT,1,0,waina001,willt002,3.15,6.18,2020-07-25,1e-06,1e-06,SLN,SLN,1.0,0.0,0.341,0.266
2020,CIN202007250,CIN,DET,1,1,igler001,farmb001,2.74,3.8,2020-07-25,1e-06,1e-06,CIN,CIN,1.0,1.0,0.325,0.301
2020,TEX202007250,TEX,COL,0,0,minom001,bardd001,5.56,3.65,2020-07-25,1e-06,1e-06,TEX,TEX,0.0,0.0,0.307,0.3
2020,HOU202007250,HOU,SEA,1,0,mccul002,walkt004,3.93,2.7,2020-07-25,1e-06,1e-06,HOU,HOU,1.0,0.0,0.321,0.317
2020,BOS202007250,BOS,BAL,0,3,perem004,cobba001,4.5,4.3,2020-07-25,1e-06,1e-06,BOS,BOS,0.0,3.0,0.342,0.326
2020,NYN202007250,NYN,ATL,0,0,strih001,jackl001,8.1,6.84,2020-07-25,1e-06,1e-06,NYN,NYN,0.0,0.0,0.333,0.329
2020,TBA202007250,TBA,TOR,0,0,anden001,gavis001,0.55,9.0,2020-07-25,1e-06,1e-06,TBA,TBA,0.0,0.0,0.331,0.305
2020,CHN202007250,CHN,MIL,1,0,darvy001,suteb001,2.01,3.13,2020-07-25,1e-06,1e-06,CHN,CHN,1.0,0.0,0.31,0.312
2020,PHI202007250,PHI,MIA,0,0,wheez001,vesia001,2.92,18.69,2020-07-25,1e-06,1e-06,PHI,PHI,0.0,0.0,0.347,0.316
2020,LAN202007250,LAN,SFN,1,1,wooda002,barac001,6.39,4.03,2020-07-25,1e-06,1e-06,LAN,LAN,1.0,0.0,0.346,0.311
2020,OAK202007250,OAK,ANA,0,0,manas001,bundd001,4.5,3.29,2020-07-25,1e-06,1e-06,OAK,OAK,0.0,0.0,0.321,0.308
2020,CHA202007250,CHA,MIN,0,0,keucd001,dobnr001,1.99,4.05,2020-07-25,1e-06,1e-06,CHA,CHA,0.0,0.0,0.333,0.314
2020,WAS202007250,WAS,NYA,0,0,raint003,paxtj001,2.66,6.64,2020-07-25,1e-06,1e-06,WAS,WAS,0.0,0.0,0.322,0.324
2020,SDN202007250,SDN,ARI,0,0,lamed001,ray-r002,2.09,6.62,2020-07-25,1e-06,1e-06,SDN,SDN,0.0,0.0,0.344,0.284
2020,CHN202007260,CHN,MIL,0,0,chatt001,peraf001,5.3,3.99,2020-07-26,1e-06,1e-06,CHN,CHN,1.0,0.0,0.31,0.312
2020,HOU202007260,HOU,SEA,1,2,devec001,altad001,14.73,5.75,2020-07-26,1e-06,1e-06,HOU,HOU,1.0,0.0,0.321,0.317
2020,SDN202007260,SDN,ARI,0,0,yatek001,brada001,12.46,2.95,2020-07-26,1e-06,1e-06,SDN,SDN,0.0,0.0,0.344,0.284
2020,CIN202007260,CIN,DET,0,0,lorem002,cisnj001,4.28,3.03,2020-07-26,1e-06,1e-06,CIN,CIN,1.0,1.0,0.325,0.301
2020,TBA202007260,TBA,TOR,0,0,roe-c001,yamas001,2.89,8.06,2020-07-26,1e-06,1e-06,TBA,TBA,0.0,0.0,0.331,0.305
2020,BOS202007260,BOS,BAL,0,2,weber001,leblw001,4.4,8.06,2020-07-26,1e-06,1e-06,BOS,BOS,0.0,3.0,0.342,0.326
2020,SLN202007260,SLN,PIT,0,0,hudsd002,kellm003,2.77,2.91,2020-07-26,1e-06,1e-06,SLN,SLN,1.0,0.0,0.341,0.266
2020,WAS202007260,WAS,NYA,0,0,dools001,greec003,5.87,3.51,2020-07-26,1e-06,1e-06,WAS,WAS,0.0,0.0,0.322,0.324
2020,LAN202007260,LAN,SFN,0,0,gratb002,peraw002,3.09,3.29,2020-07-26,1e-06,1e-06,LAN,LAN,1.0,0.5,0.346,0.311
2020,OAK202007260,OAK,ANA,5,0,petiy001,ohtas001,1.66,37.8,2020-07-26,1e-06,1e-06,OAK,OAK,0.0,0.0,0.321,0.308
2020,CHA202007260,CHA,MIN,0,4,loper003,maedk001,6.49,2.7,2020-07-26,1e-06,1e-06,CHA,CHA,0.0,0.0,0.333,0.314
2020,TEX202007260,TEX,COL,0,0,paluj001,freek001,11.57,4.33,2020-07-26,1e-06,1e-06,TEX,TEX,0.0,0.0,0.307,0.3
2020,NYN202007260,NYN,ATL,0,2,porcr001,chacj001,5.64,7.2,2020-07-26,1e-06,1e-06,NYN,NYN,0.0,0.0,0.333,0.329
2020,CLE202007260,CLE,KCA,2,0,carrc003,bolar001,2.91,12.27,2020-07-26,1e-06,1e-06,CLE,CLE,0.0,2.0,0.32,0.291
2020,PHI202007260,PHI,MIA,4,0,irvic001,tarps001,17.18,9.0,2020-07-26,1e-06,1e-06,PHI,PHI,0.0,0.0,0.347,0.316
2020,WAS202007270,WAS,TOR,0,1,sanca004,borur001,6.62,2.7,2020-07-27,1e-06,1340.4938372110848,WAS,TBA,0.0,0.0,0.322,0.305
2020,BOS202007270,BOS,NYN,0,0,osicj001,wachm001,6.38,6.62,2020-07-27,1e-06,306.20376572864393,BOS,NYN,0.0,0.0,0.342,0.361
2020,HOU202007270,HOU,SEA,0,0,bielb001,gravk001,6.75,5.79,2020-07-27,1e-06,1e-06,HOU,HOU,1.0,1.0,0.321,0.317
2020,PIT202007270,PIT,MIL,0,0,neved001,pheld001,7.11,6.53,2020-07-27,898.8824553980571,660.0502257315369,SLN,CHN,0.0,0.0,0.299,0.312
2020,TBA202007270,TBA,ATL,0,0,castd002,foltm001,1.66,16.2,2020-07-27,1e-06,1638.055681455271,TBA,NYN,0.0,1.0,0.331,0.329
2020,CIN202007270,CIN,CHN,0,4,milew001,lestj001,5.65,5.16,2020-07-27,1e-06,406.2527319885922,CIN,CHN,0.5,4.0,0.325,0.323
2020,OAK202007270,OAK,ANA,0,0,smitb005,canng001,2.25,3.99,2020-07-27,1e-06,1e-06,OAK,OAK,2.5,0.0,0.321,0.308
2020,DET202007270,DET,KCA,0,0,funkk001,griff001,7.27,0.0,2020-07-27,380.0544659682655,145.52553401827433,CIN,CLE,0.0,1.0,0.306,0.291
2020,SDN202007270,SDN,ARI,1,0,quanc001,weavl001,2.25,6.58,2020-07-27,1e-06,1e-06,SDN,SDN,0.0,0.0,0.344,0.284
2020,TBA202007280,TBA,ATL,0,0,fairp001,wrigk001,2.7,5.21,2020-07-28,1e-06,1e-06,TBA,TBA,0.0,0.6666666666666666,0.331,0.329
2020,OAK202007280,OAK,COL,0,0,mengd001,senza001,3.65,3.44,2020-07-28,1e-06,2350.550388842554,OAK,TEX,1.6666666666666667,0.0,0.321,0.3
2020,PIT202007280,PIT,MIL,0,0,hartg001,wahlb001,3.63,11.57,2020-07-28,1e-06,1e-06,PIT,PIT,0.0,0.0,0.299,0.312
2020,TEX202007280,TEX,ARI,0,3,gibsk002,kellm002,5.35,2.59,2020-07-28,1e-06,1879.917698205684,TEX,SDN,0.0,0.0,0.307,0.284
2020,WAS202007280,WAS,TOR,0,0,votha001,roart001,6.34,6.8,2020-07-28,1e-06,1e-06,WAS,WAS,0.0,0.3333333333333333,0.322,0.305
2020,ANA202007280,ANA,SEA,0,0,buchr001,shefj001,4.5,3.58,2020-07-28,592.0808995913671,2169.9670200701003,OAK,HOU,0.0,0.6666666666666666,0.356,0.317
2020,SFN202007280,SFN,SDN,1,0,samaj001,daviz001,9.72,2.73,2020-07-28,559.4406185325591,738.1265107326025,LAN,SDN,1.0,0.0,0.354,0.32
2020,CLE202007281,CLE,CHA,2,0,civaa001,ceasd001,4.74,4.01,2020-07-28,1e-06,1e-06,CLE,CLE,1.0,0.0,0.32,0.318
2020,CLE202007282,CLE,CHA,3,0,pluta001,rodoc001,4.88,8.22,2020-07-28,1e-06,494.38381864269326,CLE,CHA,1.3333333333333333,0.0,0.32,0.318
2020,MIN202007280,MIN,SLN,0,0,bailh001,martc006,3.38,9.9,2020-07-28,571.0232486384983,750.9189267472408,CHA,SLN,0.0,0.0,0.312,0.311
2020,BOS202007280,BOS,NYN,0,0,hallm002,peted003,18.69,3.44,2020-07-28,1e-06,1e-06,BOS,BOS,0.0,0.0,0.342,0.361
2020,HOU202007280,HOU,LAN,0,0,valdf001,kolaa001,3.57,0.95,2020-07-28,1e-06,2205.517068918207,HOU,LAN,0.6666666666666666,0.0,0.321,0.338
2020,CIN202007280,CIN,CHN,0,0,reedc002,milla003,4.5,4.48,2020-07-28,1e-06,1e-06,CIN,CIN,0.3333333333333333,4.0,0.325,0.323
2020,DET202007280,DET,KCA,0,0,alext001,zubet001,3.96,4.09,2020-07-28,1e-06,1e-06,DET,DET,0.0,0.6666666666666666,0.306,0.291
2020,ANA202007290,ANA,SEA,0,0,barnj002,shawb001,5.5,18.0,2020-07-29,1e-06,1e-06,ANA,ANA,0.0,0.5,0.356,0.317
2020,PIT202007290,PIT,MIL,0,0,musgj001,woodb005,3.86,3.05,2020-07-29,1e-06,1e-06,PIT,PIT,0.0,0.0,0.299,0.312
2020,SFN202007290,SFN,SDN,0,0,roget002,stram001,4.5,2.61,2020-07-29,1e-06,1e-06,SFN,SFN,1.0,0.0,0.354,0.32
2020,OAK202007290,OAK,COL,1,0,montf001,marqg001,5.6,3.75,2020-07-29,1e-06,1e-06,OAK,OAK,1.25,0.0,0.321,0.3
2020,DET202007290,DET,KCA,0,1,garcb001,kenni001,1.66,9.0,2020-07-29,1e-06,1e-06,DET,DET,0.0,0.5,0.306,0.291
2020,NYN202007290,NYN,BOS,1,0,wilsj004,hembh001,3.66,9.0,2020-07-29,306.20376572864393,306.20376572864393,BOS,BOS,0.0,0.0,0.333,0.318
2020,MIN202007290,MIN,SLN,1,0,hillr001,poncd001,3.03,4.96,2020-07-29,1e-06,1e-06,MIN,MIN,0.0,0.0,0.312,0.311
2020,CIN202007290,CIN,CHN,0,0,grays001,hendk001,3.7,2.88,2020-07-29,1e-06,1e-06,CIN,CIN,0.25,2.0,0.325,0.323
2020,BAL202007290,BAL,NYA,1,2,wojca001,coleg001,6.81,2.84,2020-07-29,578.81170696599,55.02896357567408,BOS,WAS,1.0,0.0,0.318,0.324
2020,TEX202007290,TEX,ARI,0,0,hernj004,chafa001,2.9,6.52,2020-07-29,1e-06,1e-06,TEX,TEX,0.0,0.75,0.307,0.284
2020,ATL202007290,ATL,TBA,0,0,odayd001,drako001,1.1,5.73,2020-07-29,688.5440698416155,688.5440698416155,TBA,TBA,0.0,0.0,0.362,0.311
2020,WAS202007290,WAS,TOR,0,0,hudsd001,yamas001,6.1,8.06,2020-07-29,1e-06,1e-06,WAS,WAS,0.0,0.25,0.322,0.305
2020,HOU202007290,HOU,LAN,0,0,sneec001,santd003,5.71,5.29,2020-07-29,1e-06,1e-06,HOU,HOU,0.5,0.0,0.321,0.338
2020,CLE202007290,CLE,CHA,0,0,handb001,bumma001,2.05,0.96,2020-07-29,1e-06,1e-06,CLE,CLE,1.75,0.0,0.32,0.318
2020,NYN202007300,NYN,BOS,0,0,matzs001,perem004,9.68,4.5,2020-07-30,1e-06,1e-06,NYN,NYN,0.3333333333333333,0.0,0.333,0.318
2020,WAS202007300,WAS,TOR,0,1,harpr001,ryu-h001,7.61,2.69,2020-07-30,1e-06,1e-06,WAS,WAS,0.0,0.2,0.322,0.305
2020,MIN202007300,MIN,CLE,0,0,berrj001,biebs001,4.0,1.63,2020-07-30,1e-06,1013.2251103855248,MIN,CLE,0.5,0.0,0.312,0.315
2020,DET202007300,DET,KCA,1,1,cisnj001,hollg001,3.03,1.91,2020-07-30,1e-06,1e-06,DET,DET,0.0,0.6,0.306,0.291
2020,ANA202007300,ANA,SEA,0,3,bundd001,gonzm005,3.29,3.1,2020-07-30,1e-06,1e-06,ANA,ANA,0.0,0.4,0.356,0.317
2020,ARI202007300,ARI,LAN,0,3,ray-r002,strir001,6.62,5.84,2020-07-30,1401.8549260863758,1630.8590113845935,TEX,HOU,0.0,0.0,0.341,0.338
2020,SFN202007300,SFN,SDN,0,0,roget002,johnp001,4.5,2.7,2020-07-30,1e-06,1e-06,SFN,SFN,0.5,0.0,0.354,0.32
2020,BAL202007300,BAL,NYA,2,5,sulsc001,loaij001,5.56,3.52,2020-07-30,1e-06,1e-06,BAL,BAL,1.0,0.6666666666666666,0.318,0.324
2020,ATL202007300,ATL,TBA,0,0,friem001,yarbr001,2.25,3.56,2020-07-30,1e-06,1e-06,ATL,ATL,0.0,0.0,0.362,0.311
2020,BAL202007310,BAL,TBA,0,1,fry-p001,fairp001,2.45,2.7,2020-07-31,1e-06,927.9028491726538,BAL,ATL,1.5,0.0,0.318,0.311
2020,SEA202007310,SEA,OAK,0,0,walkt004,manas001,2.7,4.5,2020-07-31,1575.2769725977569,1089.6592005072614,ANA,OAK,0.0,0.0,0.295,0.319
2020,NYA202007310,NYA,BOS,0,0,montj004,weber001,5.11,4.4,2020-07-31,272.81937703481174,1e-06,BAL,NYN,0.0,0.0,0.365,0.318
2020,KCA202007310,KCA,CHA,0,0,bubik001,keucd001,4.32,1.99,2020-07-31,1034.95696526315,1123.523030808302,DET,CLE,0.0,0.0,0.327,0.318
2020,MIN202007310,MIN,CLE,3,0,dobnr001,clevm001,4.05,3.02,2020-07-31,1e-06,1e-06,MIN,MIN,0.3333333333333333,0.0,0.312,0.315
2020,DET202007310,DET,CIN,0,0,turns003,castl003,3.97,3.21,2020-07-31,1e-06,380.0544659682655,DET,CIN,0.25,0.0,0.306,0.294
2020,SFN202007310,SFN,TEX,0,1,menec001,minom001,2.38,5.56,2020-07-31,1e-06,2363.044633840767,SFN,TEX,0.3333333333333333,1.0,0.354,0.263
2020,ANA202007310,ANA,HOU,0,0,andrm001,bielb001,4.5,6.75,2020-07-31,1e-06,2169.9670200701003,ANA,HOU,0.0,0.0,0.356,0.318
2020,COL202007310,COL,SDN,2,0,daviw001,stamc001,20.77,5.63,2020-07-31,1511.5030102237786,1524.5101937303657,OAK,SFN,2.0,0.0,0.322,0.32
2020,CHN202007310,CHN,PIT,0,0,darvy001,willt002,2.01,6.18,2020-07-31,406.2527319885922,660.0502257315369,CIN,PIT,0.5,0.0,0.31,0.266
2020,ARI202007310,ARI,LAN,0,0,rondh001,treib001,7.65,3.86,2020-07-31,1e-06,1e-06,ARI,ARI,0.0,1.0,0.341,0.338
2020,ATL202007310,ATL,NYN,2,0,daytg001,lugos001,2.3,5.15,2020-07-31,1e-06,1200.4511574455876,ATL,NYN,0.0,0.0,0.362,0.361
2020,BAL202008010,BAL,TBA,0,0,lakit001,drako001,2.81,5.73,2020-08-01,1e-06,1e-06,BAL,BAL,1.0,0.3333333333333333,0.318,0.311
2020,NYA202008010,NYA,BOS,1,0,nelsn001,godlz001,4.79,8.16,2020-08-01,1e-06,1e-06,NYA,NYA,0.0,0.0,0.365,0.318
2020,ARI202008010,ARI,LAN,1,0,weavl001,uriaj001,6.58,3.27,2020-08-01,1e-06,1e-06,ARI,ARI,0.0,0.75,0.341,0.338
2020,ATL202008010,ATL,NYN,2,0,tomlj001,wachm001,4.76,6.62,2020-08-01,1e-06,1e-06,ATL,ATL,0.6666666666666666,0.0,0.362,0.361
2020,ANA202008010,ANA,HOU,0,0,buchr001,rodrn002,4.5,6.23,2020-08-01,1e-06,1e-06,ANA,ANA,0.0,0.0,0.356,0.318
2020,CHN202008010,CHN,PIT,0,0,chatt001,kellm003,5.3,2.91,2020-08-01,1e-06,1e-06,CHN,CHN,0.3333333333333333,0.0,0.31,0.266
2020,SFN202008010,SFN,TEX,2,2,barac001,lylej001,4.03,7.02,2020-08-01,1e-06,1e-06,SFN,SFN,0.25,1.0,0.354,0.263
2020,SEA202008010,SEA,OAK,0,0,altad001,sorij001,5.75,2.82,2020-08-01,1e-06,1e-06,SEA,SEA,0.0,0.0,0.295,0.319
2020,KCA202008010,KCA,CHA,0,4,bolar001,fostm001,12.27,2.2,2020-08-01,1e-06,1e-06,KCA,KCA,0.0,0.0,0.327,0.318
2020,MIN202008010,MIN,CLE,0,0,maedk001,carrc003,2.7,2.91,2020-08-01,1e-06,1e-06,MIN,MIN,1.0,0.0,0.312,0.315
2020,COL202008010,COL,SDN,0,0,freek001,luccj001,4.33,7.94,2020-08-01,1e-06,1e-06,COL,COL,2.0,0.0,0.322,0.32
2020,SFN202008020,SFN,TEX,0,0,triga001,hernj004,7.56,2.9,2020-08-02,1e-06,1e-06,SFN,SFN,0.6,1.5,0.354,0.263
2020,BAL202008020,BAL,TBA,0,0,phile001,beekj001,5.02,3.26,2020-08-02,1e-06,1e-06,BAL,BAL,0.75,0.25,0.318,0.311
2020,ARI202008020,ARI,LAN,0,2,kellm002,kersc001,2.59,2.16,2020-08-02,1e-06,1e-06,ARI,ARI,0.3333333333333333,0.6,0.341,0.338
2020,SEA202008020,SEA,OAK,1,0,gravk001,bassc001,5.79,2.29,2020-08-02,1e-06,1e-06,SEA,SEA,0.0,0.0,0.295,0.319
2020,DET202008021,DET,CIN,0,2,jimej003,igler001,7.15,2.74,2020-08-02,1e-06,1e-06,DET,DET,0.2,0.0,0.306,0.294
2020,KCA202008020,KCA,CHA,0,0,barls001,ceasd001,4.2,4.01,2020-08-02,1e-06,1e-06,KCA,KCA,0.0,0.8,0.327,0.318
2020,COL202008020,COL,SDN,0,0,senza001,daviz001,3.44,2.73,2020-08-02,1e-06,1e-06,COL,COL,1.0,0.0,0.322,0.32
2020,ATL202008020,ATL,NYN,0,0,matzt001,peted003,2.79,3.44,2020-08-02,1e-06,1e-06,ATL,ATL,1.0,0.0,0.362,0.361
2020,NYA202008020,NYA,BOS,0,2,ottaa001,barnm001,5.89,4.3,2020-08-02,1e-06,1e-06,NYA,NYA,0.5,0.0,0.365,0.318
2020,MIN202008020,MIN,CLE,1,0,smeld001,civaa001,6.75,4.74,2020-08-02,1e-06,1e-06,MIN,MIN,0.8,0.0,0.312,0.315
2020,DET202008022,DET,CIN,0,1,norrd002,bauet001,3.25,1.73,2020-08-02,1e-06,1e-06,DET,DET,0.1666666666666666,1.0,0.306,0.294
2020,ANA202008020,ANA,HOU,0,0,barnj002,taylb004,5.5,2.18,2020-08-02,1e-06,1e-06,ANA,ANA,0.0,0.0,0.356,0.318
2020,CHN202008020,CHN,PIT,0,1,jeffj001,poncc002,1.54,3.18,2020-08-02,1e-06,1e-06,CHN,CHN,0.25,0.0,0.31,0.266
2020,ATL202008030,ATL,NYN,0,0,sorom001,degrj001,3.95,2.38,2020-08-03,1e-06,1e-06,ATL,ATL,0.8,0.0,0.362,0.361
2020,MIL202008030,MIL,CHA,1,2,pheld001,detwr001,6.53,3.2,2020-08-03,722.0054110555708,707.8851304063497,PIT,KCA,1.0,0.6666666666666666,0.309,0.318
2020,NYA202008030,NYA,PHI,1,0,coleg001,arrij001,2.84,5.08,2020-08-03,1e-06,129.48897428262268,NYA,PHI,0.3333333333333333,0.0,0.365,0.336
2020,CHN202008030,CHN,KCA,0,0,milla003,duffd001,4.48,4.95,2020-08-03,1e-06,663.9206401727051,CHN,KCA,0.2,0.6666666666666666,0.31,0.291
2020,COL202008030,COL,SFN,1,0,hoffj003,peraw002,9.28,3.29,2020-08-03,1e-06,1524.5101937303657,COL,SFN,0.6666666666666666,0.3333333333333333,0.322,0.311
2020,SEA202008030,SEA,OAK,0,0,shefj001,montf001,3.58,5.6,2020-08-03,1e-06,1e-06,SEA,SEA,0.3333333333333333,0.0,0.295,0.319
2020,SDN202008030,SDN,LAN,1,1,paddc001,gratb002,4.73,3.09,2020-08-03,1340.79250826624,481.0116368281714,COL,ARI,0.3333333333333333,0.8333333333333334,0.344,0.338
2020,MIN202008030,MIN,PIT,0,1,roget001,burdn001,4.05,3.86,2020-08-03,1e-06,571.0232486384983,MIN,CHN,0.8333333333333334,0.2,0.312,0.266
2020,CIN202008030,CIN,CLE,0,1,grays001,plesz001,3.7,2.28,2020-08-03,380.0544659682655,973.9884953018676,DET,MIN,0.2,0.0,0.325,0.315
2020,BAL202008040,BAL,MIA,0,0,meanj001,lopep002,4.53,3.61,2020-08-04,1e-06,144.5656220575587,BAL,PHI,0.6,0.0,0.318,0.316
2020,WAS202008040,WAS,NYN,1,0,corbp001,matzs001,4.66,9.68,2020-08-04,1e-06,874.0887975860761,WAS,ATL,0.0,0.0,0.322,0.361
2020,CIN202008040,CIN,CLE,1,0,jonen001,biebs001,6.27,1.63,2020-08-04,1e-06,1e-06,CIN,CIN,0.1666666666666666,0.2,0.325,0.315
2020,COL202008040,COL,SFN,1,0,marqg001,gausk001,3.75,3.62,2020-08-04,1e-06,1e-06,COL,COL,0.75,0.25,0.322,0.311
2020,MIL202008040,MIL,CHA,0,0,willd004,gioll001,0.33,3.48,2020-08-04,1e-06,1e-06,MIL,MIL,1.0,0.8571428571428571,0.309,0.318
2020,MIN202008040,MIN,PIT,3,0,berrj001,musgj001,4.0,3.86,2020-08-04,1e-06,1e-06,MIN,MIN,0.7142857142857143,0.3333333333333333,0.312,0.266
2020,OAK202008040,OAK,TEX,0,0,hendl001,volqe001,1.78,6.35,2020-08-04,1089.6592005072614,13.027452191410116,SEA,SFN,1.2,1.0,0.321,0.263
2020,ARI202008040,ARI,HOU,0,1,bumgm001,javic001,6.48,3.48,2020-08-04,1e-06,540.0297051463508,ARI,ANA,0.25,0.0,0.341,0.318
2020,CHN202008040,CHN,KCA,0,0,hendk001,singb001,2.88,4.06,2020-08-04,1e-06,1e-06,CHN,CHN,0.1666666666666666,0.5714285714285714,0.31,0.291
2020,SEA202008040,SEA,ANA,0,3,dunnj002,heana001,4.34,4.46,2020-08-04,1e-06,1575.2769725977569,SEA,ANA,0.25,0.0,0.295,0.308
2020,SDN202008040,SDN,LAN,0,0,stamc001,may-d003,5.63,2.57,2020-08-04,1e-06,1e-06,SDN,SDN,0.5,0.8571428571428571,0.344,0.338
2020,TBA202008040,TBA,BOS,0,0,mortc002,eovan001,4.74,3.72,2020-08-04,1393.7772057986983,1638.055681455271,BAL,NYA,0.0,0.4,0.331,0.318
2020,ATL202008040,ATL,TOR,0,0,friem001,shoem001,2.25,4.71,2020-08-04,1e-06,874.0887975860761,ATL,WAS,0.6666666666666666,0.3333333333333333,0.362,0.305
2020,SEA202008050,SEA,ANA,0,0,gonzm005,tehej001,3.1,10.05,2020-08-05,1e-06,1e-06,SEA,SEA,0.2,0.75,0.295,0.308
2020,PHI202008051,PHI,NYA,0,1,wheez001,happj001,2.92,3.47,2020-08-05,1e-06,1e-06,PHI,PHI,2.0,1.75,0.347,0.324
2020,PIT202008050,PIT,MIN,0,0,willt002,dobnr001,6.18,4.05,2020-08-05,1195.8388604672978,1195.8388604672978,MIN,MIN,0.0,2.0,0.299,0.314
2020,CLE202008050,CLE,CIN,0,0,clevm001,antot001,3.02,2.8,2020-08-05,358.1075538344512,358.1075538344512,CIN,CIN,1.4,1.0,0.32,0.294
2020,CHA202008050,CHA,MIL,0,0,keucd001,housa001,1.99,5.3,2020-08-05,132.54357694550745,132.54357694550745,MIL,MIL,0.0,0.0,0.333,0.312
2020,PHI202008052,PHI,NYA,0,0,huntt002,ottaa001,4.01,5.89,2020-08-05,129.48897428262268,129.48897428262268,NYA,NYA,1.3333333333333333,1.6,0.347,0.324
2020,TBA202008050,TBA,BOS,0,0,yarbr001,perem004,3.56,4.5,2020-08-05,1e-06,1e-06,TBA,TBA,0.0,0.3333333333333333,0.331,0.318
2020,ARI202008050,ARI,HOU,0,0,ray-r002,mccul002,6.62,3.93,2020-08-05,1e-06,1e-06,ARI,ARI,0.2,0.25,0.341,0.318
2020,OAK202008050,OAK,TEX,2,1,mcfat001,gibai001,4.35,6.57,2020-08-05,1e-06,1e-06,OAK,OAK,1.0,0.75,0.321,0.263
2020,BAL202008052,BAL,MIA,0,2,wojca001,morab001,6.81,9.64,2020-08-05,1e-06,1e-06,BAL,BAL,0.5,0.0,0.318,0.316
2020,KCA202008050,KCA,CHN,0,0,bubik001,darvy001,4.32,2.01,2020-08-05,663.9206401727051,663.9206401727051,CHN,CHN,0.0,1.3333333333333333,0.327,0.323
2020,SDN202008050,SDN,LAN,0,0,richg002,strir001,4.03,5.84,2020-08-05,1e-06,1e-06,SDN,SDN,0.4,0.75,0.344,0.338
2020,WAS202008050,WAS,NYN,1,1,fedde001,porcr001,4.29,5.64,2020-08-05,1e-06,1e-06,WAS,WAS,0.1428571428571428,0.0,0.322,0.361
2020,ATL202008050,ATL,TOR,0,0,newcs001,ryu-h001,11.2,2.69,2020-08-05,1e-06,1e-06,ATL,ATL,0.5714285714285714,0.2857142857142857,0.362,0.305
2020,COL202008050,COL,SFN,1,0,grayj003,webbl001,6.69,5.47,2020-08-05,1e-06,1e-06,COL,COL,0.8,0.2,0.322,0.311
2020,BAL202008051,BAL,MIA,0,0,cobba001,vincn001,4.3,4.43,2020-08-05,1e-06,1e-06,BAL,BAL,0.4285714285714285,0.5,0.318,0.316
2020,BAL202008060,BAL,MIA,0,1,phile001,morim002,5.02,0.0,2020-08-06,1e-06,1e-06,BAL,BAL,0.375,0.4,0.318,0.316
2020,SEA202008060,SEA,ANA,0,0,walkt004,bundd001,2.7,3.29,2020-08-06,1e-06,1e-06,SEA,SEA,0.1666666666666666,0.6,0.295,0.308
2020,COL202008060,COL,SFN,0,0,almoy001,garcr006,2.93,5.4,2020-08-06,1e-06,1e-06,COL,COL,0.8333333333333334,0.1666666666666666,0.322,0.311
2020,PIT202008060,PIT,MIN,0,3,howas002,roget001,3.86,4.05,2020-08-06,1e-06,1e-06,PIT,PIT,0.0,1.3333333333333333,0.299,0.314
2020,OAK202008060,OAK,TEX,0,0,fierm001,minom001,4.58,5.56,2020-08-06,1e-06,1e-06,OAK,OAK,1.1428571428571428,0.8,0.321,0.263
2020,CLE202008060,CLE,CIN,1,0,carrc003,castl003,2.91,3.21,2020-08-06,1e-06,1e-06,CLE,CLE,1.1666666666666667,0.75,0.32,0.294
2020,KCA202008060,KCA,CHN,1,0,kellb003,chatt001,2.47,5.3,2020-08-06,1e-06,1e-06,KCA,KCA,0.0,1.0,0.327,0.323
2020,ATL202008060,ATL,TOR,2,0,melam001,fontw001,2.78,9.92,2020-08-06,1e-06,1e-06,ATL,ATL,0.5,0.25,0.362,0.305
2020,PHI202008060,PHI,NYA,3,0,guerd001,montj004,8.59,5.11,2020-08-06,1e-06,1e-06,PHI,PHI,1.0,1.3333333333333333,0.347,0.324
2020,ARI202008060,ARI,HOU,0,0,guerj003,presr001,3.04,3.43,2020-08-06,1e-06,1e-06,ARI,ARI,0.1666666666666666,0.2,0.341,0.318
2020,CHA202008060,CHA,MIL,0,0,gonzg003,lindj004,4.83,5.16,2020-08-06,1e-06,1e-06,CHA,CHA,0.0,0.0,0.333,0.312
2020,CHA202008070,CHA,CLE,1,0,ceasd001,civaa001,4.01,4.74,2020-08-07,1e-06,494.38381864269326,CHA,CLE,0.0,0.1666666666666666,0.333,0.315
2020,TBA202008070,TBA,NYA,0,0,roe-c001,ottaa001,2.89,5.89,2020-08-07,1e-06,1515.8203835337372,TBA,PHI,0.0,1.1428571428571428,0.331,0.324
2020,KCA202008070,KCA,MIN,0,0,hollg001,wislm001,1.91,1.07,2020-08-07,1e-06,1255.3811401500052,KCA,PIT,0.2,1.75,0.327,0.314
2020,NYN202008070,NYN,MIA,0,0,wachm001,tarps001,6.62,9.0,2020-08-07,326.3648031771951,272.81937703481174,WAS,BAL,0.25,0.5,0.333,0.316
2020,LAN202008070,LAN,SFN,0,0,flord002,samaj001,2.59,9.72,2020-08-07,179.52869861196945,1336.559689213104,SDN,COL,0.6666666666666666,0.1428571428571428,0.346,0.311
2020,PIT202008070,PIT,DET,0,0,neved001,garcb001,7.11,1.66,2020-08-07,1e-06,331.7516299667575,PIT,DET,0.0,0.5,0.299,0.301
2020,BOS202008070,BOS,TOR,1,1,hembh001,roart001,9.0,6.8,2020-08-07,1926.694380718032,1506.6278405289672,TBA,ATL,0.0,0.2222222222222222,0.342,0.305
2020,OAK202008070,OAK,HOU,0,0,wendj001,sneec001,1.8,5.71,2020-08-07,1e-06,1040.297660851909,OAK,ARI,1.0,0.1666666666666666,0.321,0.318
2020,TEX202008070,TEX,ANA,0,2,lylej001,canng001,7.02,3.99,2020-08-07,2350.550388842554,2688.6235860338206,OAK,SEA,0.0,0.5,0.307,0.308
2020,SDN202008070,SDN,ARI,1,0,daviz001,weavl001,2.73,6.58,2020-08-07,1e-06,481.0116368281714,SDN,ARI,0.3333333333333333,0.6,0.344,0.284
2020,WAS202008070,WAS,BAL,0,1,sanca004,milot001,6.62,6.69,2020-08-07,1e-06,55.02896357567408,WAS,BAL,0.25,2.5,0.322,0.326
2020,SEA202008070,SEA,COL,0,0,kikuy001,senza001,5.17,3.44,2020-08-07,1e-06,1640.846946858291,SEA,COL,0.1428571428571428,0.0,0.295,0.3
2020,MIL202008070,MIL,CIN,0,0,lauee001,bauet001,13.09,1.73,2020-08-07,132.54357694550745,542.6219993248809,CHA,CLE,0.5,0.6,0.309,0.294
2020,SEA202008080,SEA,COL,0,0,misia001,hoffj003,4.05,9.28,2020-08-08,1e-06,1e-06,SEA,SEA,0.125,0.0,0.295,0.3
2020,MIL202008080,MIL,CIN,0,3,andeb004,desca001,4.21,7.22,2020-08-08,1e-06,1e-06,MIL,MIL,0.3333333333333333,0.5,0.309,0.294
2020,TEX202008080,TEX,ANA,0,0,volqe001,sandp002,6.35,5.65,2020-08-08,1e-06,1e-06,TEX,TEX,0.0,0.7142857142857143,0.307,0.308
2020,CHA202008080,CHA,CLE,0,0,anded003,plesz001,40.5,2.28,2020-08-08,1e-06,1e-06,CHA,CHA,0.2,0.1428571428571428,0.333,0.315
2020,TBA202008082,TBA,NYA,1,0,fairp001,kingm002,2.7,7.76,2020-08-08,1e-06,1e-06,TBA,TBA,0.0,1.0,0.331,0.324
2020,TBA202008081,TBA,NYA,0,0,glast001,greec003,4.08,3.51,2020-08-08,1e-06,1e-06,TBA,TBA,0.125,0.8888888888888888,0.331,0.324
2020,LAN202008080,LAN,SFN,0,0,kersc001,cuetj001,2.16,5.4,2020-08-08,1e-06,1e-06,LAN,LAN,0.5,0.125,0.346,0.311
2020,KCA202008080,KCA,MIN,1,0,zubet001,thorl002,4.09,6.06,2020-08-08,1e-06,1e-06,KCA,KCA,0.1666666666666666,1.4,0.327,0.314
2020,PHI202008080,PHI,ATL,0,0,arrij001,wrigk001,5.08,5.21,2020-08-08,1e-06,1071.2330328826831,PHI,ATL,1.4,0.5,0.347,0.329
2020,NYN202008080,NYN,MIA,0,1,peted003,castd003,3.44,3.03,2020-08-08,1e-06,1e-06,NYN,NYN,0.2,0.4285714285714285,0.333,0.316
2020,PIT202008080,PIT,DET,0,5,holld003,novai001,6.86,8.53,2020-08-08,1e-06,1e-06,PIT,PIT,0.0,0.3333333333333333,0.299,0.301
2020,OAK202008080,OAK,HOU,1,0,montf001,valdf001,5.6,3.57,2020-08-08,1e-06,1e-06,OAK,OAK,0.8888888888888888,0.1428571428571428,0.321,0.318
2020,SDN202008080,SDN,ARI,1,0,paddc001,kellm002,4.73,2.59,2020-08-08,1e-06,1e-06,SDN,SDN,0.4285714285714285,0.5,0.344,0.284
2020,WAS202008080,WAS,BAL,0,0,hudsd001,armss001,6.1,1.8,2020-08-08,1e-06,1e-06,WAS,WAS,0.2222222222222222,2.0,0.322,0.326
2020,BOS202008080,BOS,TOR,0,0,waldm002,kay-a001,9.45,5.14,2020-08-08,1e-06,1e-06,BOS,BOS,0.2,0.3,0.342,0.305
2020,PHI202008091,PHI,ATL,0,0,guerd001,matzt001,8.59,2.79,2020-08-09,1e-06,1e-06,PHI,PHI,1.1666666666666667,0.4,0.347,0.329
2020,SEA202008090,SEA,COL,2,0,shefj001,marqg001,3.58,3.75,2020-08-09,1e-06,1e-06,SEA,SEA,0.1111111111111111,0.0,0.295,0.3
2020,BOS202008090,BOS,TOR,0,0,barnm001,hatct001,4.3,2.73,2020-08-09,1e-06,1e-06,BOS,BOS,0.1666666666666666,0.3,0.342,0.305
2020,TBA202008090,TBA,NYA,0,1,thomr007,britz001,4.44,1.89,2020-08-09,1e-06,1e-06,TBA,TBA,0.1111111111111111,0.8,0.331,0.324
2020,SDN202008090,SDN,ARI,3,0,lamed001,bumgm001,2.09,6.48,2020-08-09,1e-06,1e-06,SDN,SDN,0.5,0.4285714285714285,0.344,0.284
2020,TEX202008090,TEX,ANA,0,0,lynnl001,heana001,3.32,4.46,2020-08-09,1e-06,1e-06,TEX,TEX,0.0,0.625,0.307,0.308
2020,WAS202008090,WAS,BAL,0,0,stras001,lakit001,10.8,2.81,2020-08-09,1e-06,1e-06,WAS,WAS,0.2,1.5,0.322,0.326
2020,PIT202008090,PIT,DET,0,0,rodrr008,turns003,2.7,3.97,2020-08-09,1e-06,1e-06,PIT,PIT,0.0,1.5,0.299,0.301
2020,OAK202008090,OAK,HOU,0,0,luzaj001,javic001,4.12,3.48,2020-08-09,1e-06,1e-06,OAK,OAK,0.9,0.125,0.321,0.318
2020,CHA202008090,CHA,CLE,0,0,cordj001,matop002,6.08,4.57,2020-08-09,1e-06,1e-06,CHA,CHA,0.1666666666666666,0.125,0.333,0.315
2020,LAN202008090,LAN,SFN,0,0,mcgej001,roget002,2.66,4.5,2020-08-09,1e-06,1e-06,LAN,LAN,0.4,0.1111111111111111,0.346,0.311
2020,KCA202008090,KCA,MIN,2,0,singb001,berrj001,4.06,4.0,2020-08-09,1e-06,1e-06,KCA,KCA,0.2857142857142857,1.1666666666666667,0.327,0.314
2020,PHI202008092,PHI,ATL,0,0,howas003,friem001,5.92,2.25,2020-08-09,1e-06,1e-06,PHI,PHI,1.0,0.3333333333333333,0.347,0.329
2020,NYN202008090,NYN,MIA,0,0,degrj001,lopep002,2.38,3.61,2020-08-09,1e-06,1e-06,NYN,NYN,0.1666666666666666,0.5,0.333,0.316
2020,MIL202008090,MIL,CIN,0,1,suteb001,grays001,3.13,3.7,2020-08-09,1e-06,1e-06,MIL,MIL,0.25,0.8571428571428571,0.309,0.294
2020,BOS202008100,BOS,TBA,3,0,sprij001,loupa001,7.08,2.52,2020-08-10,1e-06,1926.694380718032,BOS,TBA,0.1428571428571428,0.2,0.342,0.311
2020,ANA202008100,ANA,OAK,3,0,penaf002,petiy001,4.05,1.66,2020-08-10,1938.775198718107,592.0808995913671,TEX,OAK,0.0,0.0,0.356,0.319
2020,TEX202008100,TEX,SEA,1,0,gibsk002,dunnj002,5.35,4.34,2020-08-10,1e-06,2688.6235860338206,TEX,SEA,0.0,0.8333333333333334,0.307,0.317
2020,HOU202008100,HOU,SFN,0,0,mccul002,webbl001,3.93,5.47,2020-08-10,2629.6718780568863,2205.517068918207,OAK,LAN,0.4,0.1,0.321,0.311
2020,MIL202008100,MIL,MIN,0,0,housa001,dobnr001,5.3,4.05,2020-08-10,1e-06,707.8851304063497,MIL,KCA,0.2,1.0,0.309,0.314
2020,NYN202008100,NYN,WAS,0,0,matzs001,corbp001,9.68,4.66,2020-08-10,1e-06,326.3648031771951,NYN,WAS,0.1428571428571428,0.0,0.333,0.349
2020,LAN202008100,LAN,SDN,1,0,may-d003,quanc001,2.57,2.25,2020-08-10,1e-06,179.52869861196945,LAN,SDN,0.3333333333333333,0.0,0.346,0.32
2020,COL202008100,COL,ARI,1,2,grayj003,youna002,6.69,5.44,2020-08-10,1640.846946858291,1340.79250826624,SEA,SDN,0.7142857142857143,0.375,0.322,0.284
2020,DET202008100,DET,CHA,0,0,norrd002,keucd001,3.25,1.99,2020-08-10,331.7516299667575,380.91206913286544,PIT,CHA,0.1428571428571428,0.75,0.306,0.318
2020,PHI202008100,PHI,ATL,3,0,nolaa001,newcs001,3.28,11.2,2020-08-10,1e-06,1e-06,PHI,PHI,0.875,0.2857142857142857,0.347,0.329
2020,HOU202008110,HOU,SFN,0,0,sneec001,gottt001,5.71,10.03,2020-08-11,1e-06,1e-06,HOU,HOU,0.3333333333333333,0.1,0.321,0.311
2020,DET202008110,DET,CHA,0,4,alext001,fostm001,3.96,2.2,2020-08-11,1e-06,1e-06,DET,DET,0.125,0.6666666666666666,0.306,0.318
2020,LAN202008110,LAN,SDN,0,0,strir001,richg002,5.84,4.03,2020-08-11,1e-06,1e-06,LAN,LAN,0.4285714285714285,0.0,0.346,0.32
2020,CLE202008110,CLE,CHN,0,0,pluta001,lestj001,4.88,5.16,2020-08-11,494.38381864269326,1123.523030808302,CHA,KCA,1.1428571428571428,0.8,0.32,0.323
2020,PHI202008110,PHI,BAL,0,0,guerd001,sulsc001,8.59,5.56,2020-08-11,1e-06,197.2342948595587,PHI,WAS,1.1111111111111112,1.2,0.347,0.326
2020,NYA202008110,NYA,ATL,3,0,montj004,toust001,5.11,8.88,2020-08-11,1638.055681455271,129.48897428262268,TBA,PHI,0.5,0.25,0.365,0.329
2020,TOR202008110,TOR,MIA,0,0,colea002,tarps001,3.09,9.0,2020-08-11,691.6136241477402,550.2922207550002,BOS,NYN,0.0,0.4444444444444444,0.345,0.316
2020,MIL202008110,MIL,MIN,1,2,willd004,roget001,0.33,4.05,2020-08-11,1e-06,1e-06,MIL,MIL,0.1666666666666666,0.875,0.309,0.314
2020,ANA202008110,ANA,OAK,0,0,bundd001,fierm001,3.29,4.58,2020-08-11,1e-06,1e-06,ANA,ANA,0.4285714285714285,0.0,0.356,0.319
2020,BOS202008110,BOS,TBA,0,1,perem004,curtj003,4.5,1.8,2020-08-11,1e-06,1e-06,BOS,BOS,0.5,0.1666666666666666,0.342,0.311
2020,CIN202008110,CIN,KCA,0,0,simsl001,stauj001,2.45,2.45,2020-08-11,525.1892228126902,868.1617770403714,MIL,KCA,0.2857142857142857,0.5,0.325,0.291
2020,TEX202008110,TEX,SEA,2,0,volqe001,gonzm005,6.35,3.1,2020-08-11,1e-06,1e-06,TEX,TEX,0.125,0.7142857142857143,0.307,0.317
2020,NYN202008110,NYN,WAS,0,1,porcr001,schem001,5.64,3.74,2020-08-11,1e-06,1e-06,NYN,NYN,0.125,0.0,0.333,0.349
2020,COL202008110,COL,ARI,0,0,estec001,ginkk001,7.5,6.75,2020-08-11,1e-06,1e-06,COL,COL,0.75,0.5555555555555556,0.322,0.284
2020,NYA202008120,NYA,ATL,0,0,loaij001,matzt001,3.52,2.79,2020-08-12,1e-06,1e-06,NYA,NYA,1.0,0.2222222222222222,0.365,0.329
2020,MIL202008120,MIL,MIN,0,0,lauee001,maedk001,13.09,2.7,2020-08-12,1e-06,1e-06,MIL,MIL,0.2857142857142857,1.0,0.309,0.314
2020,BOS202008120,BOS,TBA,0,1,godlz001,snelb001,8.16,3.24,2020-08-12,1e-06,1e-06,BOS,BOS,0.4444444444444444,0.2857142857142857,0.342,0.311
2020,PHI202008120,PHI,BAL,0,0,efliz001,armss001,3.97,1.8,2020-08-12,1e-06,1e-06,PHI,PHI,1.0,1.0,0.347,0.326
2020,TOR202008120,TOR,MIA,0,3,dolir001,kintb001,1.5,2.22,2020-08-12,1e-06,1e-06,TOR,TOR,0.0,0.4,0.345,0.316
2020,COL202008120,COL,ARI,0,1,kinlt001,chafa001,5.32,6.52,2020-08-12,1e-06,1e-06,COL,COL,0.6666666666666666,0.5,0.322,0.284
2020,HOU202008120,HOU,SFN,0,1,greiz001,barac001,4.03,4.03,2020-08-12,1e-06,1e-06,HOU,HOU,0.2857142857142857,0.0,0.321,0.311
2020,NYN202008120,NYN,WAS,4,3,famij001,sanca004,3.71,6.62,2020-08-12,1e-06,1e-06,NYN,NYN,0.1111111111111111,0.5,0.333,0.349
2020,TEX202008120,TEX,SEA,0,0,hernj004,swane001,2.9,12.91,2020-08-12,1e-06,1e-06,TEX,TEX,0.3333333333333333,0.625,0.307,0.317
2020,CIN202008120,CIN,KCA,0,1,milew001,kellb003,5.65,2.47,2020-08-12,1e-06,1e-06,CIN,CIN,0.25,0.4444444444444444,0.325,0.291
2020,ANA202008120,ANA,OAK,1,1,canng001,bassc001,3.99,2.29,2020-08-12,1e-06,1e-06,ANA,ANA,0.375,0.0,0.356,0.319
2020,LAN202008120,LAN,SDN,0,0,treib001,daviz001,3.86,2.73,2020-08-12,1e-06,1e-06,LAN,LAN,0.375,0.0,0.346,0.32
2020,DET202008120,DET,CHA,1,2,boydm001,ceasd001,6.71,4.01,2020-08-12,1e-06,1e-06,DET,DET,0.1111111111111111,1.0,0.306,0.318
2020,CLE202008120,CLE,CHN,0,0,carrc003,hendk001,2.91,2.88,2020-08-12,1e-06,1e-06,CLE,CLE,1.0,0.6666666666666666,0.32,0.323
2020,CIN202008130,CIN,PIT,0,2,desca001,willt002,7.22,6.18,2020-08-13,1e-06,415.25842834625814,CIN,PIT,0.2222222222222222,0.2857142857142857,0.325,0.266
2020,PHI202008130,PHI,BAL,0,0,arrij001,eshet001,5.08,3.89,2020-08-13,1e-06,1e-06,PHI,PHI,1.0,0.8571428571428571,0.347,0.326
2020,NYN202008130,NYN,WAS,0,1,peted003,votha001,3.44,6.34,2020-08-13,1e-06,1e-06,NYN,NYN,0.5,1.3333333333333333,0.333,0.349
2020,CHN202008130,CHN,MIL,1,0,darvy001,andeb004,2.01,4.21,2020-08-13,494.38381864269326,132.54357694550745,CLE,MIL,0.1428571428571428,0.0,0.31,0.312
2020,BOS202008130,BOS,TBA,3,2,hartk002,beekj001,15.55,3.26,2020-08-13,1e-06,1e-06,BOS,BOS,0.4,0.375,0.342,0.311
2020,LAN202008130,LAN,SDN,3,2,uriaj001,paddc001,3.27,4.73,2020-08-13,1e-06,1e-06,LAN,LAN,0.3333333333333333,0.0,0.346,0.32
2020,SFN202008140,SFN,OAK,1,0,garcj006,sorij001,0.49,2.82,2020-08-14,2641.7391690833815,599.2380265896384,HOU,ANA,0.5,0.1428571428571428,0.354,0.319
2020,DET202008140,DET,CLE,0,0,novai001,civaa001,8.53,4.74,2020-08-14,1e-06,145.52553401827433,DET,CLE,0.2,0.1111111111111111,0.306,0.315
2020,CHN202008140,CHN,MIL,0,0,milla003,peraf001,4.48,3.99,2020-08-14,1e-06,1e-06,CHN,CHN,0.25,0.0,0.31,0.312
2020,ANA202008140,ANA,LAN,0,0,sandp002,kersc001,5.65,2.16,2020-08-14,1e-06,40.86770747173621,ANA,LAN,0.4444444444444444,0.6666666666666666,0.356,0.338
2020,BAL202008140,BAL,WAS,1,0,milot001,fedde001,6.69,4.29,2020-08-14,144.5656220575587,272.81937703481174,PHI,NYN,0.3333333333333333,1.25,0.318,0.349
2020,CIN202008140,CIN,PIT,0,0,grays001,kuhlc001,3.7,4.27,2020-08-14,1e-06,1e-06,CIN,CIN,0.2,0.5,0.325,0.266
2020,MIA202008140,MIA,ATL,0,1,lopep002,wrigk001,3.61,5.21,2020-08-14,1988.7442563540512,1756.5620441799745,TOR,NYA,0.0,0.2,0.313,0.329
2020,TOR202008140,TOR,TBA,0,2,fontw001,thomr007,9.92,4.44,2020-08-14,1e-06,691.6136241477402,TOR,BOS,0.0,0.5555555555555556,0.345,0.311
2020,ARI202008140,ARI,SDN,0,0,kellm002,lamed001,2.59,2.09,2020-08-14,942.6579344569092,574.8341149449532,COL,LAN,0.1428571428571428,0.2,0.341,0.32
2020,COL202008140,COL,TEX,1,0,bardd001,lynnl001,3.65,3.32,2020-08-14,1e-06,1052.7635812212698,COL,TEX,0.6,0.6666666666666666,0.322,0.263
2020,HOU202008140,HOU,SEA,9,1,valdf001,cortn001,3.57,15.26,2020-08-14,1e-06,368.5990374284446,HOU,TEX,0.25,0.5555555555555556,0.321,0.317
2020,NYA202008140,NYA,BOS,0,0,coleg001,brewc002,2.84,5.61,2020-08-14,1e-06,306.20376572864393,NYA,BOS,0.8333333333333334,0.2857142857142857,0.365,0.318
2020,PHI202008140,PHI,NYN,0,1,nerih001,lugos001,4.57,5.15,2020-08-14,1e-06,129.48897428262268,PHI,NYN,0.6,0.125,0.347,0.361
2020,BAL202008150,BAL,WAS,2,0,wojca001,corbp001,6.81,4.66,2020-08-15,1e-06,1e-06,BAL,BAL,0.4,1.0,0.318,0.349
2020,SFN202008150,SFN,OAK,0,0,gottt001,mcfat001,10.03,4.35,2020-08-15,1e-06,1e-06,SFN,SFN,0.5714285714285714,0.125,0.354,0.319
2020,CHA202008152,CHA,SLN,0,0,marse001,cabrg001,2.38,2.42,2020-08-15,1e-06,1e-06,CHA,CHA,0.1428571428571428,0.0,0.333,0.311
2020,ANA202008150,ANA,LAN,2,0,middk001,mcgej001,5.25,2.66,2020-08-15,1e-06,1e-06,ANA,ANA,0.4,0.6,0.356,0.338
2020,MIN202008151,MIN,KCA,0,0,dufft001,speig001,1.88,7.94,2020-08-15,476.3851209130703,973.9884953018676,MIL,CIN,1.0,0.5,0.312,0.291
2020,CHN202008150,CHN,MIL,2,0,jeffj001,pheld001,1.54,6.53,2020-08-15,1e-06,1e-06,CHN,CHN,0.2222222222222222,0.0,0.31,0.312
2020,DET202008150,DET,CLE,0,0,turns003,biebs001,3.97,1.63,2020-08-15,1e-06,1e-06,DET,DET,0.2,0.1,0.306,0.315
2020,MIN202008152,MIN,KCA,1,0,berrj001,duffd001,4.0,4.95,2020-08-15,1e-06,1e-06,MIN,MIN,0.8888888888888888,0.3,0.312,0.291
2020,TOR202008150,TOR,TBA,0,0,romaj004,loupa001,1.23,2.52,2020-08-15,1e-06,1e-06,TOR,TOR,0.0,0.7,0.345,0.311
2020,MIA202008150,MIA,ATL,0,0,kintb001,smitw002,2.22,,2020-08-15,1e-06,1e-06,MIA,MIA,0.0,0.3,0.313,0.329
2020,COL202008150,COL,TEX,0,0,marqg001,gibsk002,3.75,5.35,2020-08-15,1e-06,1e-06,COL,COL,0.5,0.5714285714285714,0.322,0.263
2020,PHI202008150,PHI,NYN,0,0,nolaa001,matzs001,3.28,9.68,2020-08-15,1e-06,1e-06,PHI,PHI,0.6,0.2222222222222222,0.347,0.361
2020,NYA202008150,NYA,BOS,2,0,paxtj001,eovan001,6.64,3.72,2020-08-15,1e-06,1e-06,NYA,NYA,0.7142857142857143,0.25,0.365,0.318
2020,HOU202008150,HOU,SEA,0,0,javic001,margn001,3.48,4.57,2020-08-15,1e-06,1e-06,HOU,HOU,1.2222222222222223,0.6,0.321,0.317
2020,CHA202008151,CHA,SLN,0,4,gioll001,waina001,3.48,3.15,2020-08-15,380.91206913286544,571.0232486384983,DET,MIN,0.125,0.0,0.333,0.311
2020,ARI202008150,ARI,SDN,0,1,crics001,johnp001,2.42,2.7,2020-08-15,1e-06,1e-06,ARI,ARI,0.125,0.2,0.341,0.32
2020,MIN202008160,MIN,KCA,0,1,dobnr001,singb001,4.05,4.06,2020-08-16,1e-06,1e-06,MIN,MIN,0.9,0.3,0.312,0.291
2020,SFN202008160,SFN,OAK,0,0,webbl001,fierm001,5.47,4.58,2020-08-16,1e-06,1e-06,SFN,SFN,0.5,0.1111111111111111,0.354,0.319
2020,CHA202008160,CHA,SLN,1,0,keucd001,hudsd002,1.99,2.77,2020-08-16,1e-06,1e-06,CHA,CHA,0.1111111111111111,1.0,0.333,0.311
2020,COL202008160,COL,TEX,0,0,grayj003,allak001,6.69,7.75,2020-08-16,1e-06,1e-06,COL,COL,0.5,0.5,0.322,0.263
2020,CHN202008160,CHN,MIL,3,0,adamj002,yarde001,3.29,1.54,2020-08-16,1e-06,1e-06,CHN,CHN,0.4,0.0,0.31,0.312
2020,MIA202008160,MIA,ATL,0,0,vincn001,odayd001,4.43,1.1,2020-08-16,1e-06,1e-06,MIA,MIA,0.0,0.1,0.313,0.329
2020,PHI202008160,PHI,NYN,1,0,wheez001,porcr001,2.92,5.64,2020-08-16,1e-06,1e-06,PHI,PHI,0.6,0.2,0.347,0.361
2020,ANA202008160,ANA,LAN,0,0,tehej001,alexs001,10.05,2.92,2020-08-16,1e-06,1e-06,ANA,ANA,0.6,0.6,0.356,0.338
2020,DET202008160,DET,CLE,0,0,schrj001,pereo002,6.32,2.0,2020-08-16,1e-06,1e-06,DET,DET,0.2,0.1,0.306,0.315
2020,BAL202008160,BAL,WAS,1,3,lakit001,schem001,2.81,3.74,2020-08-16,1e-06,1e-06,BAL,BAL,0.5,0.8333333333333334,0.318,0.349
2020,TOR202008160,TOR,TBA,2,0,fontw001,loupa001,9.92,2.52,2020-08-16,1e-06,1e-06,TOR,TOR,0.0,0.7,0.345,0.311
2020,HOU202008160,HOU,SEA,0,0,presr001,swane001,3.43,12.91,2020-08-16,1e-06,1e-06,HOU,HOU,1.1,0.6,0.321,0.317
2020,ARI202008160,ARI,SDN,0,0,clart003,pagae001,4.36,4.5,2020-08-16,1e-06,1e-06,ARI,ARI,0.1111111111111111,0.3,0.341,0.32
2020,NYA202008160,NYA,BOS,1,0,happj001,mazzc002,3.47,4.8,2020-08-16,1e-06,1e-06,NYA,NYA,0.875,0.2222222222222222,0.365,0.318
2020,CHN202008172,CHN,SLN,1,0,unded001,webbt001,5.66,2.08,2020-08-17,1e-06,1e-06,CHN,CHN,0.6,0.8,0.31,0.311
2020,ANA202008170,ANA,SFN,0,2,buttt001,gottt001,5.81,10.03,2020-08-17,1e-06,599.2380265896384,ANA,SFN,0.6,0.1,0.356,0.311
2020,ARI202008170,ARI,OAK,0,0,crics001,sorij001,2.42,2.82,2020-08-17,1e-06,1050.9933932487218,ARI,SFN,0.1,0.1,0.341,0.319
2020,MIA202008170,MIA,NYN,1,0,yamaj001,shrec001,18.26,3.96,2020-08-17,1e-06,1644.1190974600377,MIA,PHI,0.0,0.2,0.313,0.361
2020,BAL202008170,BAL,TOR,0,0,cobba001,ryu-h001,4.3,2.69,2020-08-17,1e-06,537.0332409152472,BAL,TOR,0.4,0.3,0.318,0.305
2020,TEX202008170,TEX,SDN,0,0,lylej001,daviz001,7.02,2.73,2020-08-17,1052.7635812212698,1401.8549260863758,COL,ARI,0.3,0.3,0.307,0.32
2020,CHA202008170,CHA,DET,2,0,heuec001,boydm001,1.52,6.71,2020-08-17,1e-06,380.91206913286544,CHA,DET,0.2,1.2,0.333,0.301
2020,ATL202008170,ATL,WAS,0,0,smitw002,hudsd001,,6.1,2020-08-17,973.359130898138,927.9028491726538,MIA,BAL,0.6666666666666666,1.1428571428571428,0.362,0.349
2020,LAN202008170,LAN,SEA,1,2,fergc001,magim001,2.89,6.1,2020-08-17,40.86770747173621,2205.517068918207,ANA,HOU,0.6,0.4,0.346,0.317
2020,NYA202008170,NYA,BOS,0,0,kingm002,perem004,7.76,4.5,2020-08-17,1e-06,1e-06,NYA,NYA,0.8888888888888888,0.2,0.365,0.318
2020,HOU202008170,HOU,COL,2,0,bielb001,freek001,6.75,4.33,2020-08-17,1e-06,1412.379088095518,HOU,COL,1.0,0.0,0.321,0.3
2020,CHN202008171,CHN,SLN,0,0,hendk001,gallg001,2.88,3.6,2020-08-17,1e-06,1e-06,CHN,CHA,0.7,0.6666666666666666,0.31,0.311
2020,MIN202008170,MIN,KCA,0,0,smeld001,bubik001,6.75,4.32,2020-08-17,1e-06,1e-06,MIN,MIN,0.9,0.4,0.312,0.291
2020,BAL202008180,BAL,TOR,2,0,sulsc001,bassa001,5.56,3.51,2020-08-18,1e-06,1e-06,BAL,BAL,0.4,0.2,0.318,0.305
2020,CHA202008180,CHA,DET,1,0,ceasd001,skubt001,4.01,5.63,2020-08-18,1e-06,1e-06,CHA,CHA,0.4,1.0,0.333,0.301
2020,CHN202008180,CHN,SLN,0,0,darvy001,poncd001,2.01,4.96,2020-08-18,1e-06,1e-06,CHN,CHN,0.7,0.5714285714285714,0.31,0.311
2020,BOS202008180,BOS,PHI,1,0,taylj001,parkb001,9.82,2.81,2020-08-18,306.20376572864393,435.5953159043613,NYA,PHI,0.7,0.0,0.342,0.336
2020,ANA202008180,ANA,SFN,1,1,bundd001,garcj006,3.29,0.49,2020-08-18,1e-06,1e-06,ANA,ANA,0.6,0.3,0.356,0.311
2020,HOU202008180,HOU,COL,0,0,scrua001,diazj006,1.9,7.65,2020-08-18,1e-06,1e-06,HOU,HOU,1.1,0.0,0.321,0.3
2020,TEX202008180,TEX,SDN,0,4,minom001,stamc001,5.56,5.63,2020-08-18,1e-06,1e-06,TEX,TEX,0.3,0.3,0.307,0.32
2020,ATL202008180,ATL,WAS,1,0,matzt001,suerw002,2.79,3.8,2020-08-18,1e-06,1e-06,ATL,ATL,0.6,1.0,0.362,0.349
2020,MIN202008180,MIN,MIL,0,0,alcaj001,pheld001,2.63,6.53,2020-08-18,1e-06,571.0232486384983,MIN,CHN,0.8,0.0,0.312,0.312
2020,NYA202008180,NYA,TBA,0,0,tanam001,snelb001,3.56,3.24,2020-08-18,1e-06,550.2922207550002,NYA,TOR,0.8,0.7,0.365,0.311
2020,LAN202008180,LAN,SEA,0,0,treib001,altad001,3.86,5.75,2020-08-18,1e-06,1e-06,LAN,LAN,0.6,0.6,0.346,0.317
2020,PIT202008180,PIT,CLE,1,0,howas002,wittn001,3.86,3.42,2020-08-18,415.25842834625814,331.7516299667575,CIN,DET,0.0,0.1,0.299,0.315
2020,ARI202008180,ARI,OAK,5,0,weavl001,montf001,6.58,5.6,2020-08-18,1e-06,1e-06,ARI,ARI,0.1,0.1,0.341,0.319
2020,MIA202008180,MIA,NYN,0,0,mejih001,wilsj004,5.4,3.66,2020-08-18,1e-06,1e-06,MIA,MIA,0.25,0.2,0.313,0.361
2020,BOS202008190,BOS,PHI,0,2,brica001,arrij001,5.95,5.08,2020-08-19,1e-06,1e-06,BOS,BOS,0.8,0.0,0.342,0.336
2020,SEA202008190,SEA,LAN,1,0,walkt004,santd003,2.7,5.29,2020-08-19,1545.141515309272,1545.141515309272,LAN,LAN,0.3,0.6,0.295,0.338
2020,COL202008190,COL,HOU,0,0,castr005,valdf001,5.82,3.57,2020-08-19,1412.379088095518,1412.379088095518,HOU,HOU,0.5,0.1111111111111111,0.322,0.318
2020,CHN202008192,CHN,SLN,0,0,jeffj001,milla002,1.54,2.77,2020-08-19,1e-06,1e-06,CHN,CHN,0.7,0.5,0.31,0.311
2020,CHN202008191,CHN,SLN,1,4,milla003,webbt001,4.48,2.08,2020-08-19,1e-06,1e-06,CHN,CHN,0.7,0.4444444444444444,0.31,0.311
2020,MIA202008190,MIA,NYN,0,0,kintb001,diaze006,2.22,1.75,2020-08-19,1e-06,1e-06,MIA,MIA,0.2,0.2,0.313,0.361
2020,SDN202008190,SDN,TEX,0,0,hillt002,montr004,4.5,4.08,2020-08-19,1879.917698205684,1879.917698205684,TEX,TEX,0.7777777777777778,0.4444444444444444,0.344,0.263
2020,BAL202008190,BAL,TOR,0,0,milot001,roart001,6.69,6.8,2020-08-19,1e-06,1e-06,BAL,BAL,0.6,0.2,0.318,0.305
2020,PIT202008190,PIT,CLE,0,0,neved001,civaa001,7.11,4.74,2020-08-19,1e-06,1e-06,PIT,PIT,0.1111111111111111,0.1,0.299,0.315
2020,SFN202008190,SFN,ANA,0,0,cuetj001,sandp002,5.4,5.65,2020-08-19,599.2380265896384,599.2380265896384,ANA,ANA,0.4444444444444444,0.5555555555555556,0.354,0.308
2020,KCA202008192,KCA,CIN,0,0,harvm001,bauet001,11.57,1.73,2020-08-19,662.9211671328137,868.1617770403714,MIN,CIN,0.5,0.875,0.327,0.294
2020,CHA202008190,CHA,DET,0,0,marse001,sotog003,2.38,4.3,2020-08-19,1e-06,1e-06,CHA,CHA,0.5,0.8571428571428571,0.333,0.301
2020,KCA202008191,KCA,CIN,3,0,kellb003,castl003,2.47,3.21,2020-08-19,1e-06,1e-06,KCA,KCA,0.4444444444444444,0.7777777777777778,0.327,0.294
2020,NYA202008190,NYA,TBA,0,0,britz001,fairp001,1.89,2.7,2020-08-19,1e-06,1e-06,NYA,NYA,0.8,0.6,0.365,0.311
2020,MIN202008190,MIN,MIL,0,0,hillr001,andeb004,3.03,4.21,2020-08-19,1e-06,1e-06,MIN,MIN,0.8,0.0,0.312,0.312
2020,OAK202008190,OAK,ARI,2,0,luzaj001,kellm002,4.12,2.59,2020-08-19,1040.297660851909,1040.297660851909,ARI,ARI,0.9,0.6,0.321,0.284
2020,SEA202008200,SEA,LAN,0,0,kikuy001,kersc001,5.17,2.16,2020-08-20,1e-06,1e-06,SEA,SEA,0.4,0.3,0.295,0.338
2020,TOR202008202,TOR,PHI,2,7,kay-a001,nerih001,5.14,4.57,2020-08-20,1e-06,1e-06,TOR,TOR,0.4,0.6666666666666666,0.345,0.336
2020,SFN202008200,SFN,ANA,2,1,gausk001,suarj001,3.62,38.57,2020-08-20,1e-06,1e-06,SFN,SFN,0.4,0.5,0.354,0.308
2020,TOR202008201,TOR,PHI,0,1,romaj004,guerd001,1.23,8.59,2020-08-20,537.0332409152472,691.6136241477402,BAL,BOS,0.6666666666666666,2.25,0.345,0.336
2020,PIT202008200,PIT,CLE,0,0,willt002,biebs001,6.18,1.63,2020-08-20,1e-06,1e-06,PIT,PIT,0.1,0.1,0.299,0.315
2020,MIN202008200,MIN,MIL,0,0,berrj001,woodb005,4.0,3.05,2020-08-20,1e-06,1e-06,MIN,MIN,0.5,0.0,0.312,0.312
2020,SDN202008200,SDN,TEX,1,0,johnp001,garcl005,2.7,2.92,2020-08-20,1e-06,1e-06,SDN,SDN,0.7,0.4,0.344,0.263
2020,NYA202008200,NYA,TBA,1,0,ottaa001,castd002,5.89,1.66,2020-08-20,1e-06,1e-06,NYA,NYA,0.7,0.6,0.365,0.311
2020,SLN202008200,SLN,CIN,0,2,elles001,igler001,4.63,2.74,2020-08-20,422.4920902040455,382.8562651725535,CHN,KCA,0.5,0.7,0.341,0.294
2020,OAK202008200,OAK,ARI,1,0,manas001,youna002,4.5,5.44,2020-08-20,1e-06,1e-06,OAK,OAK,0.6,0.6,0.321,0.284
2020,CHA202008200,CHA,DET,3,0,gioll001,turns003,3.48,3.97,2020-08-20,1e-06,1e-06,CHA,CHA,0.5,0.75,0.333,0.301
2020,COL202008200,COL,HOU,0,0,marqg001,paree003,3.75,3.05,2020-08-20,1e-06,1e-06,COL,COL,0.4,0.1,0.322,0.318
2020,BAL202008200,BAL,BOS,0,0,wojca001,eovan001,6.81,3.72,2020-08-20,1e-06,578.81170696599,BAL,BOS,0.6,0.2,0.318,0.318
2020,PIT202008210,PIT,MIL,0,0,kuhlc001,housa001,4.27,5.3,2020-08-21,1e-06,1195.8388604672978,PIT,MIN,0.1,0.0,0.299,0.312
2020,CHN202008210,CHN,CHA,0,0,lestj001,keucd001,5.16,1.99,2020-08-21,1e-06,1e-06,CHN,CHA,0.8,1.2,0.31,0.318
2020,OAK202008210,OAK,ANA,3,0,fierm001,heana001,4.58,4.46,2020-08-21,1e-06,13.027452191410116,OAK,SFN,0.7,0.6,0.321,0.308
2020,SDN202008210,SDN,HOU,1,1,guerj004,mccul002,4.02,3.93,2020-08-21,1e-06,1340.79250826624,SDN,COL,0.8,0.1,0.344,0.318
2020,SEA202008210,SEA,TEX,4,0,margn001,allak001,4.57,7.75,2020-08-21,1e-06,1711.8059767853622,SEA,SDN,0.4,0.3,0.295,0.263
2020,TBA202008210,TBA,TOR,1,0,loupa001,hatct001,2.52,2.73,2020-08-21,1638.055681455271,1789.459751085548,NYA,TOR,0.1,0.2,0.331,0.305
2020,WAS202008210,WAS,MIA,0,0,corbp001,herne002,4.66,3.16,2020-08-21,874.0887975860761,1489.628640346009,ATL,MIA,0.2,0.7,0.322,0.316
2020,LAN202008210,LAN,COL,1,0,buehw001,grayj003,3.44,6.69,2020-08-21,1545.141515309272,1336.559689213104,SEA,COL,0.5,0.0,0.346,0.3
2020,BAL202008210,BAL,BOS,0,0,meanj001,hernd004,4.53,2.16,2020-08-21,1e-06,1e-06,BAL,BAL,0.6,0.2,0.318,0.318
2020,CLE202008210,CLE,DET,0,0,pluta001,garcr007,4.88,8.14,2020-08-21,186.24975462107616,494.38381864269326,PIT,CHA,0.8888888888888888,0.6666666666666666,0.32,0.301
2020,SFN202008210,SFN,ARI,0,0,webbl001,ray-r002,5.47,6.62,2020-08-21,1e-06,13.027452191410116,SFN,OAK,0.5,0.6,0.354,0.284
2020,KCA202008210,KCA,MIN,4,0,duffd001,odorj001,4.95,6.59,2020-08-21,1e-06,662.9211671328137,KCA,MIN,0.7,0.9,0.327,0.314
2020,SLN202008210,SLN,CIN,0,0,cabrg001,lorem002,2.42,4.28,2020-08-21,1e-06,1e-06,SLN,SLN,0.3333333333333333,0.9,0.341,0.294
2020,ATL202008210,ATL,PHI,0,1,friem001,nolaa001,2.25,3.28,2020-08-21,1e-06,1183.291191964249,ATL,TOR,0.7,2.0,0.362,0.336
2020,SDN202008220,SDN,HOU,2,1,daviz001,bielb001,2.73,6.75,2020-08-22,1e-06,1e-06,SDN,SDN,0.9,0.2,0.344,0.318
2020,CHN202008220,CHN,CHA,0,0,hendk001,gonzg003,2.88,4.83,2020-08-22,1e-06,1e-06,CHN,CHN,0.8,1.2,0.31,0.318
2020,LAN202008220,LAN,COL,1,0,jansk001,bardd001,3.33,3.65,2020-08-22,1e-06,1e-06,LAN,LAN,0.6,0.0,0.346,0.3
2020,WAS202008221,WAS,MIA,2,0,finnk001,castd003,2.92,3.03,2020-08-22,1e-06,1e-06,WAS,WAS,0.2,0.7,0.322,0.316
2020,KCA202008220,KCA,MIN,0,3,singb001,dobnr001,4.06,4.05,2020-08-22,1e-06,1e-06,KCA,KCA,1.1,0.9,0.327,0.314
2020,WAS202008222,WAS,MIA,0,0,croww001,sancs001,11.88,3.46,2020-08-22,1e-06,1e-06,WAS,WAS,0.4,0.7,0.322,0.316
2020,OAK202008220,OAK,ANA,0,1,bassc001,andrm001,2.29,4.5,2020-08-22,1e-06,1e-06,OAK,OAK,1.0,0.6,0.321,0.308
2020,BAL202008220,BAL,BOS,0,0,castm002,barnm001,4.01,4.3,2020-08-22,1e-06,1e-06,BAL,BAL,0.6,0.2,0.318,0.318
2020,CLE202008220,CLE,DET,0,0,mcket001,boydm001,3.24,6.71,2020-08-22,1e-06,1e-06,CLE,CLE,0.8,0.6,0.32,0.301
2020,TBA202008220,TBA,TOR,0,0,banda001,bassa001,10.29,3.51,2020-08-22,1e-06,1e-06,TBA,TBA,0.2,0.1,0.331,0.305
2020,ATL202008220,ATL,PHI,0,2,melam001,workb001,2.78,5.95,2020-08-22,1e-06,1e-06,ATL,ATL,0.7,1.8333333333333333,0.362,0.336
2020,SLN202008220,SLN,CIN,0,0,kim-k001,milew001,1.62,5.65,2020-08-22,1e-06,1e-06,SLN,SLN,0.25,0.7,0.341,0.294
2020,PIT202008220,PIT,MIL,1,0,holld003,lindj004,6.86,5.16,2020-08-22,1e-06,1e-06,PIT,PIT,0.1,0.0,0.299,0.312
2020,SEA202008220,SEA,TEX,3,0,shefj001,lylej001,3.58,7.02,2020-08-22,1e-06,1e-06,SEA,SEA,0.7,0.1,0.295,0.263
2020,SFN202008220,SFN,ARI,1,0,andet002,gracm003,4.37,54.0,2020-08-22,1e-06,1e-06,SFN,SFN,0.5,0.3,0.354,0.284
2020,KCA202008230,KCA,MIN,0,2,bubik001,clipt001,4.32,2.77,2020-08-23,1e-06,1e-06,KCA,KCA,1.1,0.8,0.327,0.314
2020,BAL202008230,BAL,BOS,0,1,eshet001,godlz001,3.89,8.16,2020-08-23,1e-06,1e-06,BAL,BAL,0.6,0.2,0.318,0.318
2020,SLN202008230,SLN,CIN,0,2,cabrg001,mahlt001,2.42,3.59,2020-08-23,1e-06,1e-06,SLN,SLN,0.2,0.6,0.341,0.294
2020,SDN202008230,SDN,HOU,0,3,stamc001,paree003,5.63,3.05,2020-08-23,1e-06,1e-06,SDN,SDN,1.0,0.3,0.344,0.318
2020,OAK202008230,OAK,ANA,2,0,hendl001,buttt001,1.78,5.81,2020-08-23,1e-06,1e-06,OAK,OAK,0.9,0.7,0.321,0.308
2020,WAS202008230,WAS,MIA,1,0,sanca004,mejih001,6.62,5.4,2020-08-23,1e-06,1e-06,WAS,WAS,0.4,0.5,0.322,0.316
2020,TBA202008230,TBA,TOR,0,0,flemj001,borur001,2.78,2.7,2020-08-23,1e-06,1e-06,TBA,TBA,0.2,0.1,0.331,0.305
2020,PIT202008230,PIT,MIL,1,0,strac001,pheld001,3.9,6.53,2020-08-23,1e-06,1e-06,PIT,PIT,0.2,0.0,0.299,0.312
2020,SEA202008230,SEA,TEX,1,0,dunnj002,minom001,4.34,5.56,2020-08-23,1e-06,1e-06,SEA,SEA,1.0,0.1,0.295,0.263
2020,ATL202008230,ATL,PHI,0,0,tomlj001,efliz001,4.76,3.97,2020-08-23,1e-06,1e-06,ATL,ATL,0.5,1.8571428571428572,0.362,0.336
2020,SFN202008230,SFN,ARI,0,0,barac001,weavl001,4.03,6.58,2020-08-23,1e-06,1e-06,SFN,SFN,0.6,0.3,0.354,0.284
2020,CHN202008230,CHN,CHA,0,0,darvy001,ceasd001,2.01,4.01,2020-08-23,1e-06,1e-06,CHN,CHN,0.7,1.2,0.31,0.318
2020,LAN202008230,LAN,COL,1,0,gonzv001,senza001,1.33,3.44,2020-08-23,1e-06,1e-06,LAN,LAN,0.7,0.0,0.346,0.3
2020,CLE202008230,CLE,DET,1,1,carrc003,norrd002,2.91,3.25,2020-08-23,1e-06,1e-06,CLE,CLE,0.8,0.5,0.32,0.301
2020,SLN202008240,SLN,KCA,1,0,flahj002,kellb003,4.91,2.47,2020-08-24,1e-06,382.8562651725535,SLN,KCA,0.1666666666666666,0.4,0.341,0.291
2020,HOU202008240,HOU,ANA,0,0,valdf001,sandp002,3.57,5.65,2020-08-24,2092.6752392027233,2629.6718780568863,SDN,OAK,1.1,0.4,0.321,0.308
2020,MIL202008240,MIL,CIN,1,0,andeb004,bauet001,4.21,1.73,2020-08-24,722.0054110555708,526.8349135670746,PIT,SLN,0.25,0.8,0.309,0.294
2020,ARI202008240,ARI,COL,0,1,widet001,castr005,4.5,5.82,2020-08-24,1050.9933932487218,574.8341149449532,SFN,LAN,0.6,0.0,0.341,0.3
2020,CLE202008240,CLE,MIN,1,0,civaa001,maedk001,4.74,2.7,2020-08-24,1e-06,1123.523030808302,CLE,KCA,0.7,1.0,0.32,0.314
2020,WAS202008240,WAS,MIA,0,0,votha001,lopep002,6.34,3.61,2020-08-24,1e-06,1e-06,WAS,WAS,0.5,0.5,0.322,0.316
2020,DET202008240,DET,CHN,0,0,mizec001,milla003,6.99,4.48,2020-08-24,145.52553401827433,380.91206913286544,CLE,CHN,0.2,0.5714285714285714,0.306,0.323
2020,TBA202008240,TBA,TOR,0,0,loupa001,hatct001,2.52,2.73,2020-08-24,1e-06,1e-06,TBA,TBA,0.2,0.1,0.331,0.305
2020,TEX202008240,TEX,OAK,2,1,lynnl001,luzaj001,3.32,4.12,2020-08-24,2688.6235860338206,2350.550388842554,SEA,OAK,0.3,0.1,0.307,0.319
2020,DET202008250,DET,CHN,2,0,turns003,chatt001,3.97,5.3,2020-08-25,1e-06,1e-06,DET,DET,0.1,0.5,0.306,0.323
2020,SDN202008250,SDN,SEA,0,2,paddc001,gonzm005,4.73,3.1,2020-08-25,1e-06,1711.8059767853622,SDN,SEA,0.9,0.6,0.344,0.317
2020,NYN202008251,NYN,MIA,0,0,porcr001,bleir001,5.64,2.16,2020-08-25,1e-06,1e-06,NYN,NYN,0.5,0.4,0.333,0.316
2020,NYN202008252,NYN,MIA,0,0,hughj001,smitj004,4.84,6.84,2020-08-25,1756.5620441799745,326.3648031771951,MIA,WAS,0.5,0.4,0.333,0.316
2020,WAS202008250,WAS,PHI,1,0,fedde001,arrij001,4.29,5.08,2020-08-25,1e-06,874.0887975860761,WAS,ATL,0.5,1.625,0.322,0.336
2020,CHA202008250,CHA,PIT,0,0,gioll001,braus002,3.48,3.38,2020-08-25,1e-06,660.0502257315369,CHN,PIT,0.8,0.4444444444444444,0.333,0.266
2020,HOU202008251,HOU,ANA,5,0,javic001,suarj001,3.48,38.57,2020-08-25,1e-06,1e-06,HOU,HOU,1.1,0.4,0.321,0.308
2020,ARI202008250,ARI,COL,0,2,crics001,diazj006,2.42,7.65,2020-08-25,1e-06,1e-06,ARI,ARI,0.5,0.1,0.341,0.3
2020,SFN202008250,SFN,LAN,3,3,selms001,santd003,3.72,5.29,2020-08-25,1e-06,559.4406185325591,SFN,LAN,0.6,0.3,0.354,0.338
2020,TEX202008250,TEX,OAK,0,0,gibsk002,manas001,5.35,4.5,2020-08-25,1e-06,1e-06,TEX,TEX,0.5,0.2,0.307,0.319
2020,CLE202008250,CLE,MIN,1,0,biebs001,alcaj001,1.63,2.63,2020-08-25,1e-06,1e-06,CLE,CLE,0.6,0.7,0.32,0.314
2020,SLN202008250,SLN,KCA,0,0,gantj002,stauj001,2.4,2.45,2020-08-25,1e-06,1e-06,SLN,SLN,0.2857142857142857,0.3,0.341,0.291
2020,MIL202008250,MIL,CIN,0,0,woodb005,castl003,3.05,3.21,2020-08-25,1e-06,1e-06,MIL,MIL,0.3333333333333333,0.8,0.309,0.294
2020,TOR202008250,TOR,BOS,4,0,fontw001,valdp002,9.92,3.26,2020-08-25,1789.459751085548,537.0332409152472,TBA,BAL,0.5714285714285714,0.1,0.345,0.318
2020,TBA202008250,TBA,BAL,0,1,glast001,milot001,4.08,6.69,2020-08-25,1e-06,1393.7772057986983,TBA,BAL,0.2,0.75,0.331,0.326
2020,HOU202008252,HOU,ANA,0,4,bielb001,penaf002,6.75,4.05,2020-08-25,1e-06,1e-06,HOU,HOU,1.6,0.4,0.321,0.308
2020,DET202008260,DET,CHN,0,0,jimej003,teper001,7.15,3.92,2020-08-26,1e-06,1e-06,DET,DET,0.3,0.4444444444444444,0.306,0.323
2020,CLE202008260,CLE,MIN,0,1,matop002,romos001,4.57,4.05,2020-08-26,1e-06,1e-06,CLE,CLE,0.4,0.7,0.32,0.314
2020,ARI202008260,ARI,COL,0,2,ray-r002,grayj003,6.62,6.69,2020-08-26,1e-06,1e-06,ARI,ARI,0.5,0.3,0.341,0.3
2020,TOR202008260,TOR,BOS,1,0,yamas001,brewc002,8.06,5.61,2020-08-26,1e-06,1e-06,TOR,TOR,1.0,0.1,0.345,0.318
2020,CHA202008260,CHA,PIT,0,0,keucd001,willt002,1.99,6.18,2020-08-26,1e-06,1e-06,CHA,CHA,0.7,0.4,0.333,0.266
2020,WAS202008260,WAS,PHI,0,0,harrw002,nolaa001,3.06,3.28,2020-08-26,1e-06,1e-06,WAS,WAS,0.5,1.4444444444444444,0.322,0.336
2020,NYN202008260,NYN,MIA,1,0,bracb001,vincn001,5.84,4.43,2020-08-26,1e-06,1e-06,NYN,NYN,0.4,0.3,0.333,0.316
2020,SLN202008260,SLN,KCA,0,0,reyea004,rosar002,3.2,8.1,2020-08-26,1e-06,1e-06,SLN,SLN,0.25,0.2,0.341,0.291
2020,ATL202008262,ATL,NYA,0,0,friem001,greec003,2.25,3.51,2020-08-26,1e-06,1e-06,ATL,ATL,0.3,0.9,0.362,0.324
2020,TEX202008260,TEX,OAK,0,0,allak001,fierm001,7.75,4.58,2020-08-26,1e-06,1e-06,TEX,TEX,0.5,0.2,0.307,0.319
2020,ATL202008261,ATL,NYA,1,0,andei001,coleg001,1.95,2.84,2020-08-26,1e-06,1200.4511574455876,ATL,NYA,0.3,0.9,0.362,0.324
2020,TBA202008260,TBA,BAL,0,2,sherr001,givem001,0.0,3.63,2020-08-26,1e-06,1e-06,TBA,TBA,0.2,0.7777777777777778,0.331,0.326
2020,MIL202008271,MIL,CIN,0,0,housa001,grays001,5.3,3.7,2020-08-27,1e-06,1e-06,MIL,MIL,0.3,0.8,0.309,0.294
2020,MIL202008272,MIL,CIN,0,0,lindj004,simsl001,5.16,2.45,2020-08-27,1e-06,1e-06,MIL,MIL,0.2,0.5,0.309,0.294
2020,SDN202008271,SDN,SEA,0,0,johnp001,willt003,2.7,6.14,2020-08-27,1e-06,1e-06,SDN,SDN,0.9,0.8,0.344,0.317
2020,SFN202008272,SFN,LAN,0,0,gausk001,gonzv001,3.62,1.33,2020-08-27,1e-06,1e-06,SFN,SFN,0.7,0.6,0.354,0.338
2020,SLN202008272,SLN,PIT,0,0,oviej001,poncc002,5.47,3.18,2020-08-27,1e-06,422.4920902040455,SLN,CHA,0.2222222222222222,0.4,0.341,0.266
2020,SFN202008271,SFN,LAN,0,1,webbl001,kersc001,5.47,2.16,2020-08-27,1e-06,1e-06,SFN,SFN,0.7,0.4,0.354,0.338
2020,SDN202008272,SDN,SEA,1,6,richg002,kikuy001,4.03,5.17,2020-08-27,1e-06,1e-06,SDN,SDN,0.9,0.5,0.344,0.317
2020,SLN202008271,SLN,PIT,0,0,gantj002,strac001,2.4,3.9,2020-08-27,1e-06,1e-06,SLN,SLN,0.2,0.4,0.341,0.266
2020,NYA202008282,NYA,NYN,0,1,chapa001,hughj001,3.09,4.84,2020-08-28,1e-06,1e-06,NYA,NYA,0.8,0.2,0.365,0.361
2020,COL202008280,COL,SDN,5,0,hoffj003,daviz001,9.28,2.73,2020-08-28,942.6579344569092,1340.79250826624,ARI,SDN,0.3,0.7,0.322,0.32
2020,MIA202008280,MIA,TBA,0,0,bleir001,fairp001,2.16,2.7,2020-08-28,1756.5620441799745,319.9354663545946,NYN,TBA,0.1666666666666666,0.6,0.313,0.311
2020,TEX202008280,TEX,LAN,0,0,hernj004,mcgej001,2.9,2.66,2020-08-28,1e-06,2363.044633840767,TEX,SFN,0.5,0.4,0.307,0.338
2020,SLN202008280,SLN,CLE,0,4,poncd001,hillc001,4.96,4.91,2020-08-28,1e-06,790.4867109732073,SLN,CLE,0.1,0.0,0.341,0.315
2020,PHI202008280,PHI,ATL,0,0,parkb001,melam001,2.81,2.78,2020-08-28,197.2342948595587,1071.2330328826831,WAS,ATL,0.4,0.1,0.347,0.329
2020,NYA202008281,NYA,NYN,2,0,greec003,lockw001,3.51,4.96,2020-08-28,1200.4511574455876,1e-06,ATL,NYN,0.7,0.3,0.365,0.361
2020,TOR202008280,TOR,BAL,0,0,dolir001,sulsc001,1.5,5.56,2020-08-28,1e-06,1789.459751085548,TOR,TBA,1.0,0.9,0.345,0.326
2020,CHA202008280,CHA,KCA,0,0,coloa001,kenni001,0.81,9.0,2020-08-28,1e-06,422.4920902040455,CHA,SLN,0.7,0.2,0.333,0.291
2020,ARI202008280,ARI,SFN,1,0,gallz001,andet002,2.75,4.37,2020-08-28,1e-06,1050.9933932487218,ARI,SFN,0.5,0.4,0.341,0.311
2020,MIL202008280,MIL,PIT,1,0,burnc002,holld003,2.11,6.86,2020-08-28,1e-06,526.8349135670746,MIL,SLN,0.2,0.4,0.309,0.266
2020,BOS202008280,BOS,WAS,0,0,perem004,schem001,4.5,3.74,2020-08-28,691.6136241477402,632.55798531456,TOR,WAS,0.8,0.8888888888888888,0.342,0.349
2020,CIN202008280,CIN,CHN,0,2,mahlt001,hendk001,3.59,2.88,2020-08-28,525.1892228126902,380.0544659682655,MIL,DET,0.1,0.4,0.325,0.323
2020,ANA202008280,ANA,SEA,0,0,heana001,margn001,4.46,4.57,2020-08-28,2169.9670200701003,141.8121389568677,HOU,SDN,0.7,1.1,0.356,0.317
2020,HOU202008291,HOU,OAK,3,0,mccul002,bassc001,3.93,2.29,2020-08-29,1e-06,1e-06,HOU,HOU,1.6,0.2,0.321,0.319
2020,CIN202008292,CIN,CHN,1,1,kuhnj001,kimbc001,6.0,5.28,2020-08-29,1e-06,1e-06,CIN,CIN,0.1,0.2,0.325,0.323
2020,NYA202008290,NYA,NYN,1,0,chapa001,betad001,3.09,7.71,2020-08-29,1e-06,1e-06,NYA,NYA,0.6,0.3,0.365,0.361
2020,PHI202008290,PHI,ATL,1,0,efliz001,tomlj001,3.97,4.76,2020-08-29,1e-06,1e-06,PHI,PHI,0.4,0.1,0.347,0.329
2020,TOR202008290,TOR,BAL,2,0,walkt004,cobba001,2.7,4.3,2020-08-29,1e-06,1e-06,TOR,TOR,0.9,0.6,0.345,0.326
2020,ARI202008290,ARI,SFN,0,2,weavl001,garcj006,6.58,0.49,2020-08-29,1e-06,1e-06,ARI,ARI,0.6,0.4,0.341,0.311
2020,TEX202008290,TEX,LAN,0,0,lynnl001,treib001,3.32,3.86,2020-08-29,1e-06,1e-06,TEX,TEX,0.5,0.4,0.307,0.338
2020,MIA202008290,MIA,TBA,0,0,lopep002,flemj001,3.61,2.78,2020-08-29,1e-06,1e-06,MIA,MIA,0.1428571428571428,0.6,0.313,0.311
2020,COL202008290,COL,SDN,0,0,bardd001,stamc001,3.65,5.63,2020-08-29,1e-06,1e-06,COL,COL,0.7,0.7,0.322,0.32
2020,ANA202008290,ANA,SEA,1,0,bundd001,shefj001,3.29,3.58,2020-08-29,1e-06,1e-06,ANA,ANA,0.7,1.1,0.356,0.317
2020,MIL202008290,MIL,PIT,1,1,willd004,rodrr008,0.33,2.7,2020-08-29,1e-06,1e-06,MIL,MIL,0.3,0.4,0.309,0.266
2020,CHA202008290,CHA,KCA,0,0,burdz001,newbj001,11.05,4.09,2020-08-29,1e-06,1e-06,CHA,CHA,0.7,0.2,0.333,0.291
2020,DET202008292,DET,MIN,0,0,skubt001,dufft001,5.63,1.88,2020-08-29,1e-06,1e-06,DET,DET,0.3,0.8,0.306,0.314
2020,SLN202008290,SLN,CLE,0,1,reyea004,wittn001,3.2,3.42,2020-08-29,1e-06,1e-06,SLN,SLN,0.1,0.4,0.341,0.315
2020,BOS202008290,BOS,WAS,3,0,brasr001,sanca004,3.96,6.62,2020-08-29,1e-06,1e-06,BOS,BOS,0.8,0.8,0.342,0.349
2020,CIN202008291,CIN,CHN,0,0,bauet001,darvy001,1.73,2.01,2020-08-29,1e-06,1e-06,CIN,CIN,0.2,0.3,0.325,0.323
2020,DET202008291,DET,MIN,0,0,boydm001,dobnr001,6.71,4.05,2020-08-29,1e-06,145.52553401827433,DET,CLE,0.3,0.8,0.306,0.314
2020,HOU202008292,HOU,OAK,3,1,greiz001,montf001,4.03,5.6,2020-08-29,1e-06,368.5990374284446,HOU,TEX,1.9,0.2,0.321,0.319
2020,BOS202008300,BOS,WAS,3,0,osicj001,votha001,6.38,6.34,2020-08-30,1e-06,1e-06,BOS,BOS,1.0,0.8,0.342,0.349
2020,ARI202008300,ARI,SFN,0,1,crics001,watst001,2.42,2.5,2020-08-30,1e-06,1e-06,ARI,ARI,0.6,0.6,0.341,0.311
2020,ANA202008300,ANA,SEA,0,0,quijj001,willt003,7.36,6.14,2020-08-30,1e-06,1e-06,ANA,ANA,0.8,1.1,0.356,0.317
2020,MIL202008300,MIL,PIT,0,0,woodb005,tropn001,3.05,1.15,2020-08-30,1e-06,1e-06,MIL,MIL,0.4,0.4,0.309,0.266
2020,TOR202008300,TOR,BAL,0,0,bassa001,sulsc001,3.51,5.56,2020-08-30,1e-06,1e-06,TOR,TOR,1.1,0.4,0.345,0.326
2020,TEX202008300,TEX,LAN,0,1,gibsk002,alexs001,5.35,2.92,2020-08-30,1e-06,1e-06,TEX,TEX,0.5,0.4,0.307,0.338
2020,CIN202008300,CIN,CHN,0,0,castl003,rea-c001,3.21,5.79,2020-08-30,1e-06,1e-06,CIN,CIN,0.2,0.3,0.325,0.323
2020,CHA202008300,CHA,KCA,0,0,fostm001,zubet001,2.2,4.09,2020-08-30,1e-06,1e-06,CHA,CHA,0.7,0.2,0.333,0.291
2020,MIA202008300,MIA,TBA,0,3,alcas001,snelb001,3.0,3.24,2020-08-30,1e-06,1e-06,MIA,MIA,0.125,0.5,0.313,0.311
2020,COL202008300,COL,SDN,0,3,castr005,paddc001,5.82,4.73,2020-08-30,1e-06,1e-06,COL,COL,0.7,0.7,0.322,0.32
2020,DET202008300,DET,MIN,1,0,alext001,maedk001,3.96,2.7,2020-08-30,1e-06,1e-06,DET,DET,0.3,0.8,0.306,0.314
2020,SLN202008300,SLN,CLE,0,0,waina001,civaa001,3.15,4.74,2020-08-30,1e-06,1e-06,SLN,SLN,0.1,0.5,0.341,0.315
2020,NYA202008301,NYA,NYN,1,0,greec003,diaze006,3.51,1.75,2020-08-30,1e-06,1e-06,NYA,NYA,0.7,0.3,0.365,0.361
2020,NYA202008302,NYA,NYN,0,0,holdj002,smitd009,4.98,6.43,2020-08-30,1e-06,1e-06,NYA,NYA,0.8,0.2,0.365,0.361
2020,PHI202008300,PHI,ATL,0,0,arrij001,minta001,5.08,0.83,2020-08-30,1e-06,1e-06,PHI,PHI,0.5,0.1,0.347,0.329
2020,MIN202008310,MIN,CHA,0,0,roget001,fostm001,4.05,2.2,2020-08-31,872.516449655481,571.0232486384983,DET,CHA,0.5,1.2,0.312,0.318
2020,BOS202008310,BOS,ATL,1,1,brewc002,friem001,5.61,2.25,2020-08-31,1e-06,435.5953159043613,BOS,PHI,1.3,0.1,0.342,0.329
2020,MIL202008310,MIL,PIT,0,0,willd004,turln001,0.33,4.98,2020-08-31,1e-06,1e-06,MIL,MIL,0.4,0.3,0.309,0.266
2020,TOR202008310,TOR,BAL,0,1,bassa001,valdc003,3.51,1.26,2020-08-31,1e-06,1e-06,TOR,TOR,1.1,0.3,0.345,0.326
2020,NYN202008310,NYN,MIA,0,0,degrj001,roget003,2.38,6.11,2020-08-31,1e-06,1756.5620441799745,NYA,MIA,0.5,0.3,0.333,0.316
2020,CIN202008310,CIN,SLN,1,1,desca001,hudsd002,7.22,2.77,2020-08-31,1e-06,494.9532543693752,CIN,SLN,0.2,0.8,0.325,0.311
2020,ANA202008310,ANA,SEA,0,0,andrm001,gonzm005,4.5,3.1,2020-08-31,1e-06,1e-06,ANA,ANA,0.5,1.0,0.356,0.317
2020,PHI202008310,PHI,WAS,1,0,howas003,fedde001,5.92,4.29,2020-08-31,1e-06,435.5953159043613,PHI,BOS,0.5,0.7,0.347,0.349
2020,KCA202008310,KCA,CLE,0,0,barls001,karij001,4.2,2.67,2020-08-31,663.9206401727051,382.8562651725535,CHA,SLN,1.1,0.5,0.327,0.315
2020,NYA202008310,NYA,TBA,0,2,coleg001,glast001,2.84,4.08,2020-08-31,1e-06,1756.5620441799745,NYA,MIA,0.6,0.7,0.365,0.311
2020,COL202008310,COL,SDN,0,0,marqg001,morea001,3.75,4.66,2020-08-31,1e-06,1e-06,COL,COL,0.6,1.0,0.322,0.32
2020,BAL202009010,BAL,NYN,3,0,eshet001,kilof001,3.89,11.12,2020-09-01,537.0332409152472,272.81937703481174,TOR,NYN,0.6,0.1,0.318,0.361
2020,KCA202009010,KCA,CLE,0,3,harvm001,plesz001,11.57,2.28,2020-09-01,1e-06,1e-06,KCA,KCA,1.1,0.5,0.327,0.315
2020,CIN202009010,CIN,SLN,0,6,grays001,kim-k001,3.7,1.62,2020-09-01,1e-06,1e-06,CIN,CIN,0.3,0.9,0.325,0.311
2020,MIN202009010,MIN,CHA,0,2,thiec001,cordj001,2.25,6.08,2020-09-01,1e-06,1e-06,MIN,MIN,0.4,0.8,0.312,0.318
2020,NYA202009010,NYA,TBA,1,0,tanam001,thomr007,3.56,4.44,2020-09-01,1e-06,1e-06,NYA,NYA,0.5,0.7,0.365,0.311
2020,BOS202009010,BOS,ATL,0,2,stocr001,andei001,4.73,1.95,2020-09-01,1e-06,1e-06,BOS,BOS,1.4,0.2,0.342,0.329
2020,COL202009010,COL,SFN,0,3,grayj003,gausk001,6.69,3.62,2020-09-01,1e-06,942.6579344569092,COL,ARI,0.6,0.7,0.322,0.311
2020,MIL202009010,MIL,DET,0,0,lindj004,norrd002,5.16,3.25,2020-09-01,1e-06,408.2632525344616,MIL,DET,0.4,0.6,0.309,0.301
2020,PHI202009010,PHI,WAS,0,0,nolaa001,corbp001,3.28,4.66,2020-09-01,1e-06,1e-06,PHI,PHI,0.3,0.4,0.347,0.349
2020,HOU202009010,HOU,TEX,0,2,taylb004,hernj004,2.18,2.9,2020-09-01,1e-06,368.5990374284446,HOU,TEX,2.2,0.1,0.321,0.263
2020,MIA202009010,MIA,TOR,0,1,hoytj001,yamas001,1.23,8.06,2020-09-01,1756.5620441799745,1988.7442563540512,NYN,TOR,0.1111111111111111,0.1,0.313,0.305
2020,PIT202009010,PIT,CHN,0,1,crick001,jeffj001,1.59,1.54,2020-09-01,722.0054110555708,415.25842834625814,MIL,CIN,0.3,0.3,0.299,0.323
2020,LAN202009010,LAN,ARI,1,0,uriaj001,youna002,3.27,5.44,2020-09-01,1971.1455620393183,574.8341149449532,TEX,ARI,0.8,0.3,0.346,0.284
2020,LAN202009020,LAN,ARI,0,0,jansk001,guerj003,3.33,3.04,2020-09-02,1e-06,1e-06,LAN,LAN,0.9,0.3,0.346,0.284
2020,MIN202009020,MIN,CHA,0,0,berrj001,loper003,4.0,6.49,2020-09-02,1e-06,1e-06,MIN,MIN,0.4,1.0,0.312,0.318
2020,COL202009020,COL,SFN,0,4,givem001,coons001,3.63,9.82,2020-09-02,1e-06,1e-06,COL,COL,0.6,1.0,0.322,0.311
2020,NYA202009020,NYA,TBA,0,4,montj004,curtj003,5.11,1.8,2020-09-02,1e-06,1e-06,NYA,NYA,0.6,0.5,0.365,0.311
2020,HOU202009020,HOU,TEX,2,0,javic001,allak001,3.48,7.75,2020-09-02,1e-06,1e-06,HOU,HOU,1.3,0.2,0.321,0.263
2020,PHI202009020,PHI,WAS,0,0,wheez001,schem001,2.92,3.74,2020-09-02,1e-06,1e-06,PHI,PHI,0.3,0.3,0.347,0.349
2020,KCA202009020,KCA,CLE,0,0,junij001,mcket001,6.39,3.24,2020-09-02,1e-06,1e-06,KCA,KCA,1.0,0.8,0.327,0.315
2020,CIN202009020,CIN,SLN,0,0,igler001,gallg001,2.74,3.6,2020-09-02,1e-06,1e-06,CIN,CIN,0.2,1.5,0.325,0.311
2020,MIA202009020,MIA,TOR,0,0,sancs001,ryu-h001,3.46,2.69,2020-09-02,1e-06,1e-06,MIA,MIA,0.1,0.1,0.313,0.305
2020,ANA202009020,ANA,SDN,0,0,buttt001,hillt002,5.81,4.5,2020-09-02,1e-06,1321.5005783187803,ANA,COL,0.5,1.0,0.356,0.32
2020,BAL202009020,BAL,NYN,0,2,meanj001,peted003,4.53,3.44,2020-09-02,1e-06,1e-06,BAL,BAL,0.8,0.1,0.318,0.361
2020,BOS202009020,BOS,ATL,3,0,triga001,matzt001,7.56,2.79,2020-09-02,1e-06,1e-06,BOS,BOS,1.1,0.4,0.342,0.329
2020,MIL202009020,MIL,DET,0,3,yarde001,jimej003,1.54,7.15,2020-09-02,1e-06,1e-06,MIL,MIL,0.3,0.6,0.309,0.301
2020,PIT202009020,PIT,CHN,0,0,musgj001,hendk001,3.86,2.88,2020-09-02,1e-06,1e-06,PIT,PIT,0.3,0.4,0.299,0.323
2020,NYN202009030,NYN,NYA,0,0,diaze006,abrea001,1.75,20.25,2020-09-03,272.81937703481174,1e-06,BAL,NYA,0.5,0.7,0.333,0.324
2020,PHI202009030,PHI,WAS,2,0,parkb001,dools001,2.81,5.87,2020-09-03,1e-06,1e-06,PHI,PHI,0.3,0.3,0.347,0.349
2020,KCA202009030,KCA,CHA,1,0,duffd001,ceasd001,4.95,4.01,2020-09-03,1e-06,662.9211671328137,KCA,MIN,1.0,0.8,0.327,0.318
2020,PIT202009030,PIT,CHN,0,0,brubj001,milla003,4.94,4.48,2020-09-03,1e-06,1e-06,PIT,PIT,0.3,0.4,0.299,0.323
2020,BOS202009030,BOS,TOR,0,0,valdp002,dolir001,3.26,1.5,2020-09-03,1e-06,2024.195611491924,BOS,MIA,1.4,0.1,0.342,0.305
2020,HOU202009030,HOU,TEX,4,0,greiz001,lynnl001,4.03,3.32,2020-09-03,1e-06,1e-06,HOU,HOU,1.5,0.2,0.321,0.263
2020,LAN202009030,LAN,ARI,2,0,kersc001,weavl001,2.16,6.58,2020-09-03,1e-06,1e-06,LAN,LAN,0.8,0.3,0.346,0.284
2020,ANA202009030,ANA,SDN,0,0,heana001,clevm001,4.46,3.02,2020-09-03,1e-06,1e-06,ANA,ANA,0.4,0.8,0.356,0.32
2020,MIN202009042,MIN,DET,0,0,romos001,jimej003,4.05,7.15,2020-09-04,1e-06,476.3851209130703,MIN,MIL,0.1,0.4,0.312,0.301
2020,LAN202009040,LAN,COL,1,1,fergc001,estec001,2.89,7.5,2020-09-04,1e-06,1336.559689213104,LAN,COL,1.0,0.5,0.346,0.3
2020,CHN202009040,CHN,SLN,2,0,darvy001,flahj002,2.01,4.91,2020-09-04,660.0502257315369,406.2527319885922,PIT,CIN,0.7,1.5,0.31,0.311
2020,OAK202009040,OAK,SDN,0,0,luzaj001,daviz001,4.12,2.73,2020-09-04,2629.6718780568863,592.0808995913671,HOU,ANA,1.1,0.8,0.321,0.32
2020,TBA202009040,TBA,MIA,0,0,flemj001,lopep002,2.78,3.61,2020-09-04,1638.055681455271,319.9354663545946,NYA,MIA,0.2,0.3,0.331,0.316
2020,ATL202009041,ATL,WAS,1,0,odayd001,votha001,1.1,6.34,2020-09-04,1e-06,1e-06,ATL,ATL,0.4,0.3,0.362,0.349
2020,ATL202009042,ATL,WAS,1,1,smitw002,suerw002,,3.8,2020-09-04,1506.6278405289672,1071.2330328826831,BOS,PHI,0.5,0.0,0.362,0.349
2020,MIN202009041,MIN,DET,2,0,dobnr001,boydm001,4.05,6.71,2020-09-04,1e-06,1e-06,MIN,MIN,0.1,0.4,0.312,0.301
2020,CLE202009040,CLE,MIL,0,0,matop002,burnc002,4.57,2.11,2020-09-04,1123.523030808302,542.6219993248809,KCA,MIL,0.4,0.0,0.32,0.312
2020,ANA202009040,ANA,HOU,3,0,andrm001,raleb001,4.5,4.95,2020-09-04,1e-06,2169.9670200701003,ANA,HOU,0.4,0.5,0.356,0.318
2020,NYN202009040,NYN,PHI,0,0,hughj001,arrij001,4.84,5.08,2020-09-04,1e-06,129.48897428262268,NYN,PHI,0.5,1.3,0.333,0.336
2020,BAL202009041,BAL,NYA,1,0,lakit001,holdj002,2.81,4.98,2020-09-04,1e-06,1e-06,BAL,BAL,0.6,0.2,0.318,0.324
2020,BOS202009042,BOS,TOR,0,0,taylj001,strir001,9.82,5.84,2020-09-04,1e-06,1e-06,BOS,BOS,1.4,0.1,0.342,0.305
2020,KCA202009040,KCA,CHA,0,1,singb001,heuec001,4.06,1.52,2020-09-04,1e-06,1e-06,KCA,KCA,1.0,0.8,0.327,0.318
2020,PIT202009042,PIT,CIN,0,2,howas002,bauet001,3.86,1.73,2020-09-04,1e-06,1e-06,PIT,PIT,0.3,0.4,0.299,0.294
2020,BAL202009042,BAL,NYA,0,0,lopej004,garcd003,6.69,4.98,2020-09-04,1e-06,272.81937703481174,BAL,NYN,0.6,0.1,0.318,0.324
2020,SEA202009040,SEA,TEX,0,0,kikuy001,codyk001,5.17,1.59,2020-09-04,1575.2769725977569,3039.183981594518,ANA,HOU,1.1,0.2,0.295,0.263
2020,BOS202009041,BOS,TOR,0,0,godlz001,colea002,8.16,3.09,2020-09-04,1e-06,1e-06,BOS,BOS,1.1,0.1,0.342,0.305
2020,PIT202009041,PIT,CIN,0,0,braus002,castl003,3.38,3.21,2020-09-04,1e-06,415.25842834625814,PIT,CIN,0.3,0.6,0.299,0.294
2020,SFN202009040,SFN,ARI,1,1,andet002,bergt001,4.37,3.24,2020-09-04,1524.5101937303657,559.4406185325591,COL,LAN,0.6,0.1,0.354,0.284
2020,TBA202009050,TBA,MIA,0,0,snelb001,alcas001,3.24,3.0,2020-09-05,1e-06,1e-06,TBA,TBA,0.2,0.0,0.331,0.316
2020,PIT202009050,PIT,CIN,0,0,willt002,garra001,6.18,2.45,2020-09-05,1e-06,1e-06,PIT,PIT,0.2,0.6,0.299,0.294
2020,KCA202009050,KCA,CHA,0,2,bubik001,gioll001,4.32,3.48,2020-09-05,1e-06,1e-06,KCA,KCA,0.8,0.9,0.327,0.318
2020,NYN202009050,NYN,PHI,0,1,lugos001,howas003,5.15,5.92,2020-09-05,1e-06,1e-06,NYN,NYN,0.5,1.3,0.333,0.336
2020,CHN202009052,CHN,SLN,0,0,rea-c001,helsr001,5.79,5.25,2020-09-05,1e-06,1e-06,CHN,CHN,0.7,1.1,0.31,0.311
2020,ANA202009052,ANA,HOU,0,1,ramin002,casth002,3.0,6.75,2020-09-05,1e-06,1e-06,ANA,ANA,0.5,0.5,0.356,0.318
2020,LAN202009050,LAN,COL,0,0,treib001,almoy001,3.86,2.93,2020-09-05,1e-06,1e-06,LAN,LAN,1.1,0.6,0.346,0.3
2020,CHN202009051,CHN,SLN,1,0,alzoa001,waina001,2.95,3.15,2020-09-05,1e-06,1e-06,CHN,CHN,0.4,1.1,0.31,0.311
2020,BOS202009050,BOS,TOR,0,0,kickm001,bassa001,7.71,3.51,2020-09-05,1e-06,1e-06,BOS,BOS,1.0,0.1,0.342,0.305
2020,BAL202009050,BAL,NYA,0,0,tated001,coleg001,3.24,2.84,2020-09-05,1e-06,1e-06,BAL,BAL,0.6,0.1,0.318,0.324
2020,ANA202009051,ANA,HOU,1,0,penaf002,paree003,4.05,3.05,2020-09-05,1e-06,1e-06,ANA,ANA,0.5,0.6,0.356,0.318
2020,MIN202009050,MIN,DET,0,1,alcaj001,cisnj001,2.63,3.03,2020-09-05,1e-06,1e-06,MIN,MIN,0.2,0.4,0.312,0.301
2020,ATL202009050,ATL,WAS,1,2,matzt001,mcgok002,2.79,4.91,2020-09-05,1e-06,1e-06,ATL,ATL,0.6,0.1,0.362,0.349
2020,OAK202009050,OAK,SDN,2,0,manas001,paddc001,4.5,4.73,2020-09-05,1e-06,1e-06,OAK,OAK,0.9,0.7,0.321,0.32
2020,SFN202009050,SFN,ARI,0,1,barac001,bumgm001,4.03,6.48,2020-09-05,1e-06,1e-06,SFN,SFN,0.7,0.2,0.354,0.284
2020,CLE202009050,CLE,MIL,0,0,handb001,hadej001,2.05,3.79,2020-09-05,1e-06,1e-06,CLE,CLE,0.4,0.0,0.32,0.312
2020,SEA202009050,SEA,TEX,0,0,gerbj001,hernj004,4.02,2.9,2020-09-05,1e-06,1e-06,SEA,SEA,1.1,0.2,0.295,0.263
2020,SFN202009060,SFN,ARI,0,2,barac001,youna002,4.03,5.44,2020-09-06,1e-06,1e-06,SFN,SFN,0.7,0.2,0.354,0.284
2020,KCA202009060,KCA,CHA,0,0,harvm001,keucd001,11.57,1.99,2020-09-06,1e-06,1e-06,KCA,KCA,0.8,0.7,0.327,0.318
2020,NYN202009060,NYN,PHI,1,0,degrj001,nolaa001,2.38,3.28,2020-09-06,1e-06,1e-06,NYN,NYN,0.5,1.4,0.333,0.336
2020,MIN202009060,MIN,DET,0,0,romos001,funkk001,4.05,7.27,2020-09-06,1e-06,1e-06,MIN,MIN,0.2,0.5,0.312,0.301
2020,ATL202009060,ATL,WAS,0,0,tomlj001,corbp001,4.76,4.66,2020-09-06,1e-06,1e-06,ATL,ATL,0.5,0.3,0.362,0.349
2020,BAL202009060,BAL,NYA,2,0,kremd001,tanam001,4.82,3.56,2020-09-06,1e-06,1e-06,BAL,BAL,0.4,0.1,0.318,0.324
2020,TBA202009060,TBA,MIA,1,2,curtj003,kintb001,1.8,2.22,2020-09-06,1e-06,1e-06,TBA,TBA,0.1,0.0,0.331,0.316
2020,OAK202009060,OAK,SDN,1,0,fierm001,richg002,4.58,4.03,2020-09-06,1e-06,1e-06,OAK,OAK,1.1,0.7,0.321,0.32
2020,BOS202009060,BOS,TOR,3,0,hallm002,hatct001,18.69,2.73,2020-09-06,1e-06,1e-06,BOS,BOS,1.0,0.1,0.342,0.305
2020,PIT202009060,PIT,CIN,0,0,rodrr008,igler001,2.7,2.74,2020-09-06,1e-06,1e-06,PIT,PIT,0.2,0.4,0.299,0.294
2020,CLE202009060,CLE,MIL,1,0,biebs001,andeb004,1.63,4.21,2020-09-06,1e-06,1e-06,CLE,CLE,0.3,0.0,0.32,0.312
2020,SEA202009060,SEA,TEX,2,0,dunnj002,lylej001,4.34,7.02,2020-09-06,1e-06,1e-06,SEA,SEA,1.1,0.2,0.295,0.263
2020,CHN202009060,CHN,SLN,1,1,lestj001,hudsd002,5.16,2.77,2020-09-06,1e-06,1e-06,CHN,CHN,0.4,1.1,0.31,0.311
2020,ANA202009060,ANA,HOU,0,2,mayem001,valdf001,2.1,3.57,2020-09-06,1e-06,1e-06,ANA,ANA,0.6,0.6,0.356,0.318
2020,LAN202009060,LAN,COL,1,0,fergc001,almoy001,2.89,2.93,2020-09-06,1e-06,1e-06,LAN,LAN,0.8,0.6,0.346,0.3
2020,CLE202009070,CLE,KCA,0,0,plesz001,kellb003,2.28,2.47,2020-09-07,1e-06,1123.523030808302,CLE,KCA,0.4,0.1,0.32,0.291
2020,OAK202009070,OAK,HOU,0,0,bassc001,javic001,2.29,3.48,2020-09-07,1e-06,592.0808995913671,OAK,ANA,1.2,0.8,0.321,0.318
2020,SEA202009070,SEA,TEX,2,0,gonzm005,allak001,3.1,7.75,2020-09-07,1e-06,1e-06,SEA,SEA,1.3,0.2,0.295,0.263
2020,ATL202009070,ATL,MIA,2,0,minta001,kintb001,0.83,2.22,2020-09-07,1e-06,688.5440698416155,ATL,TBA,0.5,0.2,0.362,0.316
2020,TOR202009070,TOR,NYA,1,2,reids001,ottaa001,1.35,5.89,2020-09-07,691.6136241477402,537.0332409152472,BOS,BAL,1.1,0.1,0.345,0.324
2020,SDN202009070,SDN,COL,0,0,pomed001,estec001,1.45,7.5,2020-09-07,731.4285561970996,179.52869861196945,OAK,LAN,0.9,0.6,0.344,0.3
2020,CHN202009070,CHN,SLN,1,0,hendk001,oviej001,2.88,5.47,2020-09-07,1e-06,1e-06,CHN,CHN,0.5,1.2,0.31,0.311
2020,WAS202009070,WAS,TBA,0,0,schem001,mortc002,3.74,4.74,2020-09-07,874.0887975860761,1340.4938372110848,ATL,TBA,0.4,0.9,0.322,0.311
2020,SFN202009070,SFN,ARI,0,0,gausk001,gallz001,3.62,2.75,2020-09-07,1e-06,1e-06,SFN,SFN,0.7,0.4,0.354,0.284
2020,NYN202009070,NYN,PHI,0,3,castm002,workb001,4.01,5.95,2020-09-07,1e-06,1e-06,NYN,NYN,0.6,1.2,0.333,0.336
2020,MIN202009070,MIN,DET,0,0,pinem001,fulmm001,3.38,8.78,2020-09-07,1e-06,1e-06,MIN,MIN,0.2,0.5,0.312,0.301
2020,WAS202009080,WAS,TBA,1,0,sanca004,yarbr001,6.62,3.56,2020-09-08,1e-06,1e-06,WAS,WAS,0.4,0.9,0.322,0.311
2020,SFN202009080,SFN,SEA,1,1,roget002,misia001,4.5,4.05,2020-09-08,1e-06,1092.0187750809353,SFN,SEA,0.5,1.0,0.354,0.317
2020,TOR202009080,TOR,NYA,0,0,yamas001,happj001,8.06,3.47,2020-09-08,1e-06,1e-06,TOR,TOR,1.2,0.3,0.345,0.324
2020,ARI202009080,ARI,LAN,0,0,lopey001,jansk001,5.95,3.33,2020-09-08,1050.9933932487218,574.8341149449532,SFN,LAN,0.6,0.5,0.341,0.338
2020,PHI202009081,PHI,BOS,0,0,nerih001,barnm001,4.57,4.3,2020-09-08,1e-06,1e-06,PHI,PHI,0.5,0.1,0.347,0.318
2020,ATL202009080,ATL,MIA,0,0,wrigk001,sancs001,5.21,3.46,2020-09-08,1e-06,1e-06,ATL,ATL,0.6,0.2,0.362,0.316
2020,SLN202009081,SLN,MIN,0,0,martc006,berrj001,9.9,4.0,2020-09-08,1e-06,1e-06,SLN,SLN,0.1,0.6,0.341,0.314
2020,SLN202009082,SLN,MIN,0,0,cabrg001,dobnr001,2.42,4.05,2020-09-08,422.4920902040455,750.9189267472408,CHN,MIN,0.1,0.6,0.341,0.314
2020,NYN202009080,NYN,BAL,0,0,wachm001,meanj001,6.62,4.53,2020-09-08,1e-06,272.81937703481174,NYN,BAL,0.2,0.4,0.333,0.326
2020,TEX202009080,TEX,ANA,0,0,lynnl001,heana001,3.32,4.46,2020-09-08,2688.6235860338206,1938.775198718107,SEA,ANA,0.4,0.6,0.307,0.308
2020,OAK202009082,OAK,HOU,0,0,wendj001,paree003,1.8,3.05,2020-09-08,1e-06,1e-06,OAK,OAK,1.1,0.8,0.321,0.318
2020,OAK202009081,OAK,HOU,0,0,montf001,greiz001,5.6,4.03,2020-09-08,1e-06,1e-06,OAK,OAK,1.1,0.8,0.321,0.318
2020,PIT202009080,PIT,CHA,0,0,rodrr008,detwr001,2.7,3.2,2020-09-08,1e-06,1255.3811401500052,PIT,KCA,0.2,0.5,0.299,0.318
2020,SDN202009080,SDN,COL,5,3,clevm001,gonzc002,3.02,6.86,2020-09-08,1e-06,1e-06,SDN,SDN,0.8,0.6,0.344,0.3
2020,CHN202009080,CHN,CIN,0,0,milla003,mahlt001,4.48,3.59,2020-09-08,1e-06,660.0502257315369,CHN,PIT,0.6,0.4,0.31,0.294
2020,CLE202009080,CLE,KCA,2,0,cimba001,hollg001,3.97,1.91,2020-09-08,1e-06,1e-06,CLE,CLE,0.4,0.1,0.32,0.291
2020,PHI202009082,PHI,BOS,2,0,pheld001,mazzc002,6.53,4.8,2020-09-08,129.48897428262268,435.5953159043613,NYN,BOS,0.5,0.1,0.347,0.318
2020,DET202009080,DET,MIL,0,0,turns003,housa001,3.97,5.3,2020-09-08,872.516449655481,145.52553401827433,MIN,CLE,0.4,0.0,0.306,0.312
2020,OAK202009090,OAK,HOU,0,1,hendl001,presr001,1.78,3.43,2020-09-09,1e-06,1e-06,OAK,OAK,0.9,0.8,0.321,0.318
2020,PIT202009090,PIT,CHA,0,0,brubj001,dunnd001,4.94,3.97,2020-09-09,1e-06,1e-06,PIT,PIT,0.2,0.5,0.299,0.318
2020,SDN202009090,SDN,COL,2,1,daviz001,senza001,2.73,3.44,2020-09-09,1e-06,1e-06,SDN,SDN,1.0,0.9,0.344,0.3
2020,ARI202009090,ARI,LAN,0,1,ginkk001,mcgej001,6.75,2.66,2020-09-09,1e-06,1e-06,ARI,ARI,0.6,0.5,0.341,0.338
2020,ATL202009090,ATL,MIA,0,0,daytg001,lopep002,2.3,3.61,2020-09-09,1e-06,1e-06,ATL,ATL,0.6,0.2,0.362,0.316
2020,SFN202009090,SFN,SEA,0,0,andet002,margn001,4.37,4.57,2020-09-09,1e-06,1e-06,SFN,SFN,0.6,1.1,0.354,0.317
2020,NYN202009090,NYN,BAL,0,2,famij001,harvh001,3.71,4.15,2020-09-09,1e-06,1e-06,NYN,NYN,0.2,0.4,0.333,0.326
2020,CHN202009090,CHN,CIN,0,3,darvy001,bauet001,2.01,1.73,2020-09-09,1e-06,1e-06,CHN,CHN,0.6,0.4,0.31,0.294
2020,CLE202009090,CLE,KCA,0,0,carrc003,duffd001,2.91,4.95,2020-09-09,1e-06,1e-06,CLE,CLE,0.6,0.1,0.32,0.291
2020,TEX202009090,TEX,ANA,0,1,kingj002,tehej001,6.1,10.05,2020-09-09,1e-06,1e-06,TEX,TEX,0.2,0.6,0.307,0.308
2020,DET202009090,DET,MIL,0,0,boydm001,burnc002,6.71,2.11,2020-09-09,1e-06,1e-06,DET,DET,0.3,0.0,0.306,0.312
2020,TOR202009090,TOR,NYA,0,0,strir001,garcd003,5.84,4.98,2020-09-09,1e-06,1e-06,TOR,TOR,1.0,0.3,0.345,0.324
2020,TEX202009100,TEX,ANA,1,3,gibsk002,bundd001,5.35,3.29,2020-09-10,1e-06,1e-06,TEX,TEX,0.2,0.7,0.307,0.308
2020,MIA202009100,MIA,PHI,1,1,garcy001,workb001,0.6,5.95,2020-09-10,973.359130898138,1644.1190974600377,ATL,PHI,0.1,0.8,0.313,0.336
2020,SLN202009102,SLN,DET,0,0,gallg001,cisnj001,3.6,3.03,2020-09-10,1e-06,1e-06,SLN,SLN,0.1,0.5,0.341,0.301
2020,SLN202009101,SLN,DET,0,0,flahj002,skubt001,4.91,5.63,2020-09-10,1e-06,731.229569844315,SLN,DET,0.0,0.5,0.341,0.301
2020,TBA202009100,TBA,BOS,0,0,fairp001,weber001,2.7,4.4,2020-09-10,1340.4938372110848,1515.8203835337372,WAS,PHI,0.2,0.1,0.331,0.318
2020,SDN202009100,SDN,SFN,3,0,morea001,cahit001,4.66,3.24,2020-09-10,1e-06,738.1265107326025,SDN,SFN,1.2,1.4,0.344,0.311
2020,CHN202009100,CHN,CIN,0,2,ryank002,grays001,5.17,3.7,2020-09-10,1e-06,1e-06,CHN,CHN,0.5,0.5,0.31,0.294
2020,CLE202009100,CLE,KCA,0,0,civaa001,singb001,4.74,4.06,2020-09-10,1e-06,1e-06,CLE,CLE,0.6,0.0,0.32,0.291
2020,ARI202009100,ARI,LAN,0,0,smitr005,gonst001,1.47,2.31,2020-09-10,1e-06,1e-06,ARI,ARI,0.6,0.6,0.341,0.338
2020,OAK202009100,OAK,HOU,0,0,manas001,urquj001,4.5,2.73,2020-09-10,1e-06,1e-06,OAK,OAK,0.8,0.8,0.321,0.318
2020,WAS202009100,WAS,ATL,3,0,raint003,martc007,2.66,1.0,2020-09-10,1e-06,874.0887975860761,WAS,ATL,0.5,0.4,0.322,0.329
2020,MIA202009112,MIA,PHI,0,0,hoytj001,suarr001,1.23,20.25,2020-09-11,1e-06,1e-06,MIA,MIA,0.2,0.8,0.313,0.336
2020,CHA202009110,CHA,DET,0,0,marse001,cisnj001,2.38,3.03,2020-09-11,660.0502257315369,422.4920902040455,PIT,SLN,0.7,0.5,0.333,0.301
2020,TBA202009110,TBA,BOS,0,0,snelb001,hallm002,3.24,18.69,2020-09-11,1e-06,1e-06,TBA,TBA,0.2,0.1,0.331,0.318
2020,MIL202009110,MIL,CHN,0,0,hadej001,wickr001,3.79,3.12,2020-09-11,408.2632525344616,132.54357694550745,DET,CHN,0.3,0.4,0.309,0.323
2020,MIN202009110,MIN,CLE,0,0,maedk001,biebs001,2.7,1.63,2020-09-11,750.9189267472408,1013.2251103855248,SLN,CLE,0.2,0.8,0.312,0.315
2020,TOR202009110,TOR,NYN,1,0,andec001,degrj001,7.22,2.38,2020-09-11,1e-06,550.2922207550002,TOR,NYN,0.8,0.3,0.345,0.361
2020,ARI202009110,ARI,SEA,3,0,youna002,kikuy001,5.44,5.17,2020-09-11,1e-06,1050.9933932487218,ARI,SFN,0.6,0.9,0.341,0.317
2020,MIA202009111,MIA,PHI,0,0,roget003,nolaa001,6.11,3.28,2020-09-11,1e-06,1e-06,MIA,MIA,0.2,0.7,0.313,0.336
2020,TEX202009110,TEX,OAK,1,4,garcl005,fierm001,2.92,4.58,2020-09-11,1e-06,2350.550388842554,TEX,OAK,0.3,0.2,0.307,0.319
2020,SLN202009110,SLN,CIN,0,2,waina001,castl003,3.15,3.21,2020-09-11,1e-06,422.4920902040455,SLN,CHN,0.0,0.7,0.341,0.294
2020,NYA202009111,NYA,BAL,3,0,coleg001,cobba001,2.84,4.3,2020-09-11,1e-06,1e-06,NYA,NYA,0.6,0.6,0.365,0.326
2020,NYA202009112,NYA,BAL,4,1,tanam001,akink001,3.56,4.56,2020-09-11,550.2922207550002,1e-06,TOR,NYN,0.9,0.6,0.365,0.326
2020,WAS202009110,WAS,ATL,3,0,bourj003,daytg001,6.75,2.3,2020-09-11,1e-06,1e-06,WAS,WAS,0.8,0.4,0.322,0.329
2020,KCA202009110,KCA,PIT,1,0,bubik001,braus002,4.32,3.38,2020-09-11,1123.523030808302,1255.3811401500052,CLE,PIT,0.5,0.3,0.327,0.266
2020,COL202009110,COL,ANA,0,2,bardd001,buttt001,3.65,5.81,2020-09-11,1340.79250826624,1052.7635812212698,SDN,TEX,0.5,1.0,0.322,0.308
2020,WAS202009120,WAS,ATL,0,1,corbp001,andei001,4.66,1.95,2020-09-12,1e-06,1e-06,WAS,WAS,1.1,0.3,0.322,0.329
2020,COL202009120,COL,ANA,0,0,kinlt001,buttt001,5.32,5.81,2020-09-12,1e-06,1e-06,COL,COL,0.5,1.1,0.322,0.308
2020,ARI202009120,ARI,SEA,0,4,gallz001,shefj001,2.75,3.58,2020-09-12,1e-06,1e-06,ARI,ARI,0.4,0.9,0.341,0.317
2020,LAN202009120,LAN,HOU,0,1,jansk001,jamej002,3.33,7.27,2020-09-12,574.8341149449532,552.4676707810693,ARI,OAK,0.8,0.7,0.346,0.318
2020,TBA202009120,TBA,BOS,1,0,glast001,waldm002,4.08,9.45,2020-09-12,1e-06,1e-06,TBA,TBA,0.1,0.1,0.331,0.318
2020,TEX202009121,TEX,OAK,5,0,benjw001,jeffd001,4.84,22.5,2020-09-12,1e-06,1e-06,TEX,TEX,0.4,0.6,0.307,0.319
2020,MIA202009120,MIA,PHI,0,4,urenj001,hembh001,5.4,9.0,2020-09-12,1e-06,1e-06,MIA,MIA,0.1,0.5,0.313,0.336
2020,TEX202009122,TEX,OAK,0,0,allak001,bassc001,7.75,2.29,2020-09-12,1e-06,1e-06,TEX,TEX,0.7,0.6,0.307,0.319
2020,MIL202009120,MIL,CHN,0,0,hadej001,adamj002,3.79,3.29,2020-09-12,1e-06,1e-06,MIL,MIL,0.2,0.4,0.309,0.323
2020,CHA202009120,CHA,DET,3,0,loper003,fulmm001,6.49,8.78,2020-09-12,1e-06,1e-06,CHA,CHA,0.6,0.4,0.333,0.301
2020,KCA202009120,KCA,PIT,1,0,zimmk001,willt002,1.57,6.18,2020-09-12,1e-06,1e-06,KCA,KCA,0.2,0.1,0.327,0.266
2020,MIN202009120,MIN,CLE,0,0,hillr001,plesz001,3.03,2.28,2020-09-12,1e-06,1e-06,MIN,MIN,0.2,0.8,0.312,0.315
2020,SLN202009120,SLN,CIN,0,0,hudsd002,antot001,2.77,2.8,2020-09-12,1e-06,1e-06,SLN,SLN,0.0,0.9,0.341,0.294
2020,TOR202009120,TOR,NYN,0,0,ray-r002,lugos001,6.62,5.15,2020-09-12,1e-06,1e-06,TOR,TOR,0.9,0.3,0.345,0.361
2020,NYA202009120,NYA,BAL,1,0,holdj002,harvh001,4.98,4.15,2020-09-12,1e-06,1e-06,NYA,NYA,1.2,0.7,0.365,0.326
2020,MIA202009132,MIA,PHI,3,0,garrb001,efliz001,5.87,3.97,2020-09-13,1e-06,1e-06,MIA,MIA,0.1,0.9,0.313,0.336
2020,TEX202009130,TEX,OAK,0,1,lynnl001,montf001,3.32,5.6,2020-09-13,1e-06,1e-06,TEX,TEX,0.7,0.6,0.307,0.319
2020,CHA202009130,CHA,DET,0,1,cordj001,turns003,6.08,3.97,2020-09-13,1e-06,1e-06,CHA,CHA,0.7,0.4,0.333,0.301
2020,MIA202009131,MIA,PHI,0,0,sancs001,rossr003,3.46,6.52,2020-09-13,1e-06,1e-06,MIA,MIA,0.4,0.9,0.313,0.336
2020,MIN202009130,MIN,CLE,0,1,thiec001,mcket001,2.25,3.24,2020-09-13,1e-06,1e-06,MIN,MIN,0.2,0.8,0.312,0.315
2020,NYA202009130,NYA,BAL,0,0,britz001,tated001,1.89,3.24,2020-09-13,1e-06,1e-06,NYA,NYA,1.3,0.6,0.365,0.326
2020,TOR202009130,TOR,NYN,0,1,ryu-h001,peted003,2.69,3.44,2020-09-13,1e-06,1e-06,TOR,TOR,0.5,0.3,0.345,0.361
2020,KCA202009130,KCA,PIT,4,0,kellb003,kuhlc001,2.47,4.27,2020-09-13,1e-06,1e-06,KCA,KCA,0.3,0.1,0.327,0.266
2020,SDN202009131,SDN,SFN,0,0,clevm001,cuetj001,3.02,5.4,2020-09-13,1e-06,1e-06,SDN,SDN,1.4,1.4,0.344,0.311
2020,MIL202009130,MIL,CHN,0,0,housa001,milla003,5.3,4.48,2020-09-13,1e-06,1e-06,MIL,MIL,0.2,0.4,0.309,0.323
2020,COL202009130,COL,ANA,0,0,estec001,heana001,7.5,4.46,2020-09-13,1e-06,1e-06,COL,COL,0.5,1.1,0.322,0.308
2020,LAN202009130,LAN,HOU,1,0,gonzv001,greiz001,1.33,4.03,2020-09-13,1e-06,1e-06,LAN,LAN,0.8,0.5,0.346,0.318
2020,ARI202009130,ARI,SEA,1,1,weavl001,sadlc002,6.58,5.12,2020-09-13,1e-06,1e-06,ARI,ARI,0.4,1.1,0.341,0.317
2020,SLN202009130,SLN,CIN,1,0,gantj002,brada001,2.4,2.95,2020-09-13,1e-06,1e-06,SLN,SLN,0.0,0.9,0.341,0.294
2020,SDN202009132,SDN,SFN,0,0,hillt002,selms001,4.5,3.72,2020-09-13,1e-06,1e-06,SDN,SDN,1.3,1.4,0.344,0.311
2020,TBA202009130,TBA,BOS,1,2,fairp001,perem004,2.7,4.5,2020-09-13,1e-06,1e-06,TBA,TBA,0.2,0.1,0.331,0.318
2020,WAS202009130,WAS,ATL,0,1,schem001,wrigk001,3.74,5.21,2020-09-13,1e-06,1e-06,WAS,WAS,0.9,0.4,0.322,0.329
2020,MIA202009140,MIA,PHI,0,1,lopep002,velav001,3.61,5.56,2020-09-14,1e-06,1e-06,MIA,MIA,0.4,0.9,0.313,0.336
2020,SEA202009141,SEA,OAK,0,0,gonzm005,sorij001,3.1,2.82,2020-09-14,1e-06,1e-06,SEA,SEA,1.5,0.7,0.295,0.319
2020,SDN202009140,SDN,LAN,0,0,lamed001,kersc001,2.09,2.16,2020-09-14,1e-06,179.52869861196945,SDN,LAN,1.1,0.6,0.344,0.338
2020,MIL202009142,MIL,SLN,0,0,topaj001,cabrg001,2.35,2.42,2020-09-14,1e-06,526.8349135670746,MIL,SLN,0.2,1.2,0.309,0.311
2020,MIL202009141,MIL,SLN,0,0,peraf001,helsr001,3.99,5.25,2020-09-14,1e-06,1e-06,MIL,MIL,0.2,1.2,0.309,0.311
2020,CHA202009140,CHA,MIN,0,0,coloa001,roget001,0.81,4.05,2020-09-14,1e-06,571.0232486384983,CHA,MIN,0.6,0.6,0.333,0.314
2020,SEA202009142,SEA,OAK,0,1,yacaj001,minom001,3.86,5.56,2020-09-14,1793.2902385034329,2688.6235860338206,ARI,TEX,1.3,0.7,0.295,0.319
2020,BAL202009140,BAL,ATL,1,0,lopej004,toust001,6.69,8.88,2020-09-14,272.81937703481174,55.02896357567408,NYA,WAS,0.6,0.5,0.318,0.329
2020,CIN202009142,CIN,PIT,0,1,romas001,turln001,0.0,4.98,2020-09-14,494.9532543693752,868.1617770403714,SLN,KCA,0.2,0.1,0.325,0.266
2020,CIN202009141,CIN,PIT,0,0,igler001,howas002,2.74,3.86,2020-09-14,1e-06,1e-06,CIN,CIN,0.2,0.2,0.325,0.266
2020,NYA202009150,NYA,TOR,0,0,garcd003,walkt004,4.98,2.7,2020-09-15,1e-06,550.2922207550002,NYA,TOR,1.1,0.1,0.365,0.305
2020,SDN202009150,SDN,LAN,0,1,daviz001,gonst001,2.73,2.31,2020-09-15,1e-06,1e-06,SDN,SDN,1.1,0.6,0.344,0.338
2020,HOU202009150,HOU,TEX,1,0,urquj001,goodn001,2.73,9.0,2020-09-15,2205.517068918207,368.5990374284446,LAN,TEX,1.9,0.2,0.321,0.263
2020,CHN202009150,CHN,CLE,0,0,jeffj001,pereo002,1.54,2.0,2020-09-15,132.54357694550745,571.0232486384983,MIL,MIN,0.5,0.9,0.31,0.315
2020,DET202009150,DET,KCA,3,0,boydm001,junij001,6.71,6.39,2020-09-15,380.91206913286544,1034.95696526315,CHA,KCA,0.3,0.0,0.306,0.291
2020,COL202009150,COL,OAK,0,0,senza001,manas001,3.44,4.5,2020-09-15,1e-06,1640.846946858291,COL,SEA,0.5,0.7,0.322,0.319
2020,CHA202009150,CHA,MIN,1,0,dunnd001,dobnr001,3.97,4.05,2020-09-15,1e-06,1e-06,CHA,CHA,0.6,0.3,0.333,0.314
2020,CIN202009150,CIN,PIT,3,0,lorem002,musgj001,4.28,3.86,2020-09-15,1e-06,1e-06,CIN,CIN,0.2,0.2,0.325,0.266
2020,TBA202009150,TBA,WAS,0,0,yarbr001,sanca004,3.56,6.62,2020-09-15,1e-06,1340.4938372110848,TBA,WAS,0.3,0.3,0.331,0.349
2020,MIL202009150,MIL,SLN,2,1,andeb004,flahj002,4.21,4.91,2020-09-15,1e-06,1e-06,MIL,MIL,0.1,0.8,0.309,0.311
2020,ANA202009150,ANA,ARI,0,2,andrm001,mellk001,4.5,1.8,2020-09-15,1321.5005783187803,540.0297051463508,COL,ARI,0.5,0.4,0.356,0.284
2020,PHI202009150,PHI,NYN,0,0,arrij001,porcr001,5.08,5.64,2020-09-15,1644.1190974600377,539.7375970826045,MIA,TOR,0.7,0.4,0.347,0.361
2020,BAL202009150,BAL,ATL,0,0,eshet001,odayd001,3.89,1.1,2020-09-15,1e-06,1e-06,BAL,BAL,0.7,0.5,0.318,0.329
2020,MIA202009150,MIA,BOS,0,0,alcas001,houct001,3.0,0.53,2020-09-15,1e-06,319.9354663545946,MIA,TBA,0.4,0.3,0.313,0.318
2020,TBA202009160,TBA,WAS,1,0,anden001,hudsd001,0.55,6.1,2020-09-16,1e-06,1e-06,TBA,TBA,0.3,0.3,0.331,0.349
2020,ANA202009160,ANA,ARI,0,0,bundd001,clart003,3.29,4.36,2020-09-16,1e-06,1e-06,ANA,ANA,0.5,0.6,0.356,0.284
2020,CIN202009160,CIN,PIT,0,0,castl003,brubj001,3.21,4.94,2020-09-16,1e-06,1e-06,CIN,CIN,0.5,0.2,0.325,0.266
2020,BAL202009160,BAL,ATL,0,0,akink001,hamec001,4.56,8.1,2020-09-16,1e-06,1e-06,BAL,BAL,0.7,0.5,0.318,0.329
2020,CHN202009160,CHN,CLE,0,1,adamj002,matop002,3.29,4.57,2020-09-16,1e-06,1e-06,CHN,CHN,0.5,0.9,0.31,0.315
2020,CHA202009160,CHA,MIN,0,0,gioll001,stasc001,3.48,3.0,2020-09-16,1e-06,1e-06,CHA,CHA,0.4,0.1,0.333,0.314
2020,PHI202009160,PHI,NYN,0,0,nerih001,castm002,4.57,4.01,2020-09-16,1e-06,1e-06,PHI,PHI,0.6,0.3,0.347,0.361
2020,NYA202009160,NYA,TOR,1,0,coleg001,roart001,2.84,6.8,2020-09-16,1e-06,1e-06,NYA,NYA,1.0,0.1,0.365,0.305
2020,SDN202009160,SDN,LAN,0,0,morea001,kolaa001,4.66,0.95,2020-09-16,1e-06,1e-06,SDN,SDN,1.1,0.4,0.344,0.338
2020,DET202009160,DET,KCA,0,2,skubt001,singb001,5.63,4.06,2020-09-16,1e-06,1e-06,DET,DET,0.6,0.0,0.306,0.291
2020,MIA202009160,MIA,BOS,2,0,garcy001,kickm001,0.6,7.71,2020-09-16,1e-06,1e-06,MIA,MIA,0.4,0.3,0.313,0.318
2020,SFN202009160,SFN,SEA,1,0,cahit001,newsl001,3.24,5.17,2020-09-16,738.1265107326025,1092.0187750809353,SDN,SEA,0.5,1.2,0.354,0.317
2020,MIL202009162,MIL,SLN,4,0,peraf001,oviej001,3.99,5.47,2020-09-16,1e-06,1e-06,MIL,MIL,0.2,0.8,0.309,0.311
2020,COL202009160,COL,OAK,0,0,marqg001,fierm001,3.75,4.58,2020-09-16,1e-06,1e-06,COL,COL,0.5,0.7,0.322,0.319
2020,HOU202009160,HOU,TEX,0,0,presr001,gibsk002,3.43,5.35,2020-09-16,1e-06,1e-06,HOU,HOU,1.8,0.2,0.321,0.263
2020,MIL202009161,MIL,SLN,2,0,woodb005,waina001,3.05,3.15,2020-09-16,1e-06,1e-06,MIL,MIL,0.6,0.2,0.309,0.311
2020,CHA202009170,CHA,MIN,0,0,heuec001,clipt001,1.52,2.77,2020-09-17,1e-06,1e-06,CHA,CHA,0.4,0.1,0.333,0.314
2020,MIA202009170,MIA,BOS,0,0,urenj001,eovan001,5.4,3.72,2020-09-17,1e-06,1e-06,MIA,MIA,0.6,0.2,0.313,0.318
2020,SFN202009170,SFN,SEA,0,0,garcr006,gravk001,5.4,5.79,2020-09-17,1e-06,1e-06,SFN,SFN,0.6,0.6,0.354,0.317
2020,PIT202009170,PIT,SLN,0,0,braus002,gomba001,3.38,1.86,2020-09-17,415.25842834625814,722.0054110555708,CIN,MIL,0.1,0.2,0.299,0.311
2020,ANA202009170,ANA,ARI,3,0,canng001,youna002,3.99,5.44,2020-09-17,1e-06,1e-06,ANA,ANA,0.4,0.6,0.356,0.284
2020,BAL202009171,BAL,TBA,0,0,valdc003,castd002,1.26,1.66,2020-09-17,1e-06,1e-06,BAL,BAL,0.7,0.9,0.318,0.311
2020,HOU202009170,HOU,TEX,0,0,valdf001,lylej001,3.57,7.02,2020-09-17,1e-06,1e-06,HOU,HOU,1.8,0.2,0.321,0.263
2020,COL202009170,COL,LAN,2,0,freek001,flord002,4.33,2.59,2020-09-17,1e-06,1340.79250826624,COL,SDN,0.0,0.4,0.322,0.338
2020,PHI202009170,PHI,NYN,4,3,workb001,wilsj004,5.95,3.66,2020-09-17,1e-06,1e-06,PHI,PHI,0.6,0.3,0.347,0.361
2020,DET202009170,DET,CLE,0,1,mizec001,biebs001,6.99,1.63,2020-09-17,1e-06,380.91206913286544,DET,CHN,0.6,0.6,0.306,0.315
2020,BAL202009172,BAL,TBA,0,3,sulsc001,fairp001,5.56,2.7,2020-09-17,1e-06,1393.7772057986983,BAL,TBA,0.7,0.9,0.318,0.311
2020,NYA202009170,NYA,TOR,2,0,tanam001,andec001,3.56,7.22,2020-09-17,1e-06,1e-06,NYA,NYA,1.0,0.1,0.365,0.305
2020,BAL202009180,BAL,TBA,0,1,cobba001,glast001,4.3,4.08,2020-09-18,1e-06,1e-06,BAL,BAL,0.4,1.2,0.318,0.311
2020,HOU202009180,HOU,ARI,1,0,garcl007,gallz001,,2.75,2020-09-18,1e-06,2169.9670200701003,HOU,ANA,1.8,0.6,0.321,0.284
2020,PHI202009181,PHI,TOR,1,0,efliz001,ray-r002,3.97,6.62,2020-09-18,1e-06,1e-06,PHI,PHI,0.9,0.1,0.347,0.305
2020,PHI202009182,PHI,TOR,1,0,brogc001,dolir001,3.97,1.5,2020-09-18,1e-06,129.48897428262268,PHI,NYA,1.0,0.0,0.347,0.305
2020,CHN202009180,CHN,MIN,1,0,hendk001,hillr001,2.88,3.03,2020-09-18,1e-06,1e-06,CHN,CHA,0.5,0.1,0.31,0.314
2020,PIT202009181,PIT,SLN,2,1,willt002,reyea004,6.18,3.2,2020-09-18,1e-06,1e-06,PIT,PIT,0.0,0.2,0.299,0.311
2020,ANA202009180,ANA,TEX,0,0,barrj003,benjw001,3.62,4.84,2020-09-18,1e-06,2169.9670200701003,ANA,HOU,0.7,0.2,0.356,0.263
2020,CIN202009180,CIN,CHA,1,0,mahlt001,stiej001,3.59,9.95,2020-09-18,1e-06,406.2527319885922,CIN,CHA,0.5,0.5,0.325,0.318
2020,PIT202009182,PIT,SLN,0,0,kuhlc001,milla002,4.27,2.77,2020-09-18,1e-06,1e-06,PIT,PIT,0.2,0.3,0.299,0.311
2020,MIL202009180,MIL,KCA,0,3,rasmd002,duffd001,5.87,4.95,2020-09-18,1e-06,408.2632525344616,MIL,DET,0.8,0.2,0.309,0.291
2020,COL202009180,COL,LAN,0,0,castr005,whitm004,5.82,0.0,2020-09-18,1e-06,1e-06,COL,COL,0.2,0.3,0.322,0.338
2020,SDN202009180,SDN,SEA,0,0,paddc001,kikuy001,4.73,5.17,2020-09-18,1e-06,738.1265107326025,SDN,SFN,1.1,0.6,0.344,0.317
2020,NYN202009180,NYN,ATL,0,1,matzs001,friem001,9.68,2.25,2020-09-18,129.48897428262268,272.81937703481174,PHI,BAL,0.2,0.5,0.333,0.329
2020,OAK202009180,OAK,SFN,1,0,bassc001,webbl001,2.29,5.47,2020-09-18,1511.5030102237786,13.027452191410116,COL,SFN,0.5,1.3,0.321,0.311
2020,MIA202009182,MIA,WAS,1,2,garcy001,croww001,0.6,11.88,2020-09-18,1e-06,319.9354663545946,MIA,TBA,0.6,0.3,0.313,0.349
2020,DET202009180,DET,CLE,0,0,alext001,plesz001,3.96,2.28,2020-09-18,1e-06,1e-06,DET,DET,0.6,0.6,0.306,0.315
2020,BOS202009180,BOS,NYA,0,0,weber001,loaij001,4.4,3.52,2020-09-18,2024.195611491924,306.20376572864393,MIA,NYA,1.3,0.2,0.342,0.324
2020,MIA202009181,MIA,WAS,0,0,sancs001,fedde001,3.46,4.29,2020-09-18,1e-06,1e-06,MIA,MIA,0.6,0.5,0.313,0.349
2020,MIL202009190,MIL,KCA,0,0,burnc002,bubik001,2.11,4.32,2020-09-19,1e-06,1e-06,MIL,MIL,0.8,0.5,0.309,0.291
2020,NYN202009190,NYN,ATL,2,0,peted003,andei001,3.44,1.95,2020-09-19,1e-06,1e-06,NYN,NYN,0.2,0.5,0.333,0.329
2020,CIN202009190,CIN,CHA,0,0,bauet001,fostm001,1.73,2.2,2020-09-19,1e-06,1e-06,CIN,CIN,0.5,0.5,0.325,0.318
2020,SDN202009190,SDN,SEA,0,1,altad001,shefj001,5.75,3.58,2020-09-19,1e-06,1e-06,SDN,SDN,1.0,0.6,0.344,0.317
2020,BAL202009190,BAL,TBA,1,0,lopej004,mortc002,6.69,4.74,2020-09-19,1e-06,1e-06,BAL,BAL,0.4,1.3,0.318,0.311
2020,COL202009190,COL,LAN,1,2,gonzc002,kersc001,6.86,2.16,2020-09-19,1e-06,1e-06,COL,COL,0.2,0.3,0.322,0.338
2020,DET202009190,DET,CLE,1,0,cisnj001,matop002,3.03,4.57,2020-09-19,1e-06,1e-06,DET,DET,0.4,0.6,0.306,0.315
2020,PHI202009190,PHI,TOR,0,0,velav001,ryu-h001,5.56,2.69,2020-09-19,1e-06,1e-06,PHI,PHI,1.0,0.0,0.347,0.305
2020,HOU202009190,HOU,ARI,0,0,paree003,weavl001,3.05,6.58,2020-09-19,1e-06,1e-06,HOU,HOU,1.4,0.6,0.321,0.284
2020,ANA202009190,ANA,TEX,0,3,mayem001,martb002,2.1,1.84,2020-09-19,1e-06,1e-06,ANA,ANA,0.7,0.0,0.356,0.263
2020,CHN202009190,CHN,MIN,0,1,milla003,pinem001,4.48,3.38,2020-09-19,1e-06,1e-06,CHN,CHN,0.4,0.0,0.31,0.314
2020,PIT202009190,PIT,SLN,1,0,howas002,woodj003,3.86,5.57,2020-09-19,1e-06,1e-06,PIT,PIT,0.2,0.3,0.299,0.311
2020,OAK202009190,OAK,SFN,0,0,luzaj001,gausk001,4.12,3.62,2020-09-19,1e-06,1e-06,OAK,OAK,0.6,1.1,0.321,0.311
2020,MIA202009190,MIA,WAS,1,0,lopep002,corbp001,3.61,4.66,2020-09-19,1e-06,1e-06,MIA,MIA,0.6,0.5,0.313,0.349
2020,BOS202009190,BOS,NYA,0,2,mazzc002,happj001,4.8,3.47,2020-09-19,1e-06,1e-06,BOS,BOS,1.0,0.2,0.342,0.324
2020,DET202009200,DET,CLE,0,0,boydm001,carrc003,6.71,2.91,2020-09-20,1e-06,1e-06,DET,DET,0.5,0.6,0.306,0.315
2020,BOS202009200,BOS,NYA,0,0,houct001,garcd003,0.53,4.98,2020-09-20,1e-06,1e-06,BOS,BOS,0.7,0.4,0.342,0.324
2020,NYN202009200,NYN,ATL,0,0,porcr001,wrigk001,5.64,5.21,2020-09-20,1e-06,1e-06,NYN,NYN,0.3,0.3,0.333,0.329
2020,ANA202009200,ANA,TEX,0,2,tehej001,codyk001,10.05,1.59,2020-09-20,1e-06,1e-06,ANA,ANA,0.7,0.3,0.356,0.263
2020,MIA202009201,MIA,WAS,1,0,alcas001,schem001,3.0,3.74,2020-09-20,1e-06,1e-06,MIA,MIA,0.7,0.5,0.313,0.349
2020,MIA202009202,MIA,WAS,0,3,garrb001,brayb002,5.87,1.23,2020-09-20,1e-06,1e-06,MIA,MIA,0.8,0.5,0.313,0.349
2020,PIT202009200,PIT,SLN,0,0,holld003,flahj002,6.86,4.91,2020-09-20,1e-06,1e-06,PIT,PIT,0.3,0.2,0.299,0.311
2020,BAL202009200,BAL,TBA,2,0,meanj001,yarbr001,4.53,3.56,2020-09-20,1e-06,1e-06,BAL,BAL,0.4,1.3,0.318,0.311
2020,COL202009200,COL,LAN,0,0,senza001,gonst001,3.44,2.31,2020-09-20,1e-06,1e-06,COL,COL,0.3,0.5,0.322,0.338
2020,CIN202009200,CIN,CHA,0,0,simsl001,ceasd001,2.45,4.01,2020-09-20,1e-06,1e-06,CIN,CIN,0.5,0.5,0.325,0.318
2020,CHN202009200,CHN,MIN,0,1,darvy001,berrj001,2.01,4.0,2020-09-20,1e-06,1e-06,CHN,CHN,0.4,0.1,0.31,0.314
2020,PHI202009200,PHI,TOR,1,2,media001,walkt004,4.5,2.7,2020-09-20,1e-06,1e-06,PHI,PHI,1.0,0.0,0.347,0.305
2020,HOU202009200,HOU,ARI,0,0,taylb004,guerj003,2.18,3.04,2020-09-20,1e-06,1e-06,HOU,HOU,1.4,0.6,0.321,0.284
2020,SDN202009200,SDN,SEA,0,0,roset001,sadlc002,1.9,5.12,2020-09-20,1e-06,1e-06,SDN,SDN,1.0,0.7,0.344,0.317
2020,OAK202009200,OAK,SFN,0,0,minom001,andet002,5.56,4.37,2020-09-20,1e-06,1e-06,OAK,OAK,0.4,1.0,0.321,0.311
2020,MIL202009200,MIL,KCA,2,0,lindj004,kellb003,5.16,2.47,2020-09-20,1e-06,1e-06,MIL,MIL,0.8,0.5,0.309,0.291
2020,NYN202009210,NYN,TBA,0,0,degrj001,flemj001,2.38,2.78,2020-09-21,1e-06,272.81937703481174,NYN,BAL,0.3,1.0,0.333,0.311
2020,PIT202009210,PIT,CHN,0,0,brubj001,lestj001,4.94,5.16,2020-09-21,1e-06,660.0502257315369,PIT,CHN,0.3,0.4,0.299,0.323
2020,ATL202009210,ATL,MIA,4,3,matzt001,roget003,2.79,6.11,2020-09-21,1200.4511574455876,973.359130898138,NYN,MIA,0.6,0.2,0.362,0.316
2020,SFN202009210,SFN,COL,0,2,cuetj001,marqg001,5.4,3.75,2020-09-21,13.027452191410116,1524.5101937303657,OAK,COL,0.3,1.0,0.354,0.3
2020,ANA202009210,ANA,TEX,0,1,bundd001,gibsk002,3.29,5.35,2020-09-21,1e-06,1e-06,ANA,ANA,0.7,0.5,0.356,0.263
2020,KCA202009210,KCA,SLN,0,0,stauj001,waina001,2.45,3.15,2020-09-21,707.8851304063497,1255.3811401500052,MIL,PIT,0.7,0.2,0.327,0.311
2020,CLE202009210,CLE,CHA,3,0,civaa001,fry-j001,4.74,3.66,2020-09-21,145.52553401827433,358.1075538344512,DET,CIN,0.5,0.3,0.32,0.318
2020,SEA202009210,SEA,HOU,0,0,gonzm005,mccul002,3.1,3.93,2020-09-21,1711.8059767853622,3039.183981594518,SDN,HOU,1.2,0.5,0.295,0.318
2020,WAS202009210,WAS,PHI,2,0,sanca004,wheez001,6.62,2.92,2020-09-21,1489.628640346009,197.2342948595587,MIA,PHI,0.9,1.0,0.322,0.336
2020,CIN202009210,CIN,MIL,0,0,castl003,woodb005,3.21,3.05,2020-09-21,1e-06,525.1892228126902,CIN,MIL,0.5,0.0,0.325,0.312
2020,TOR202009210,TOR,NYA,0,0,zeuct001,kingm002,1.59,7.76,2020-09-21,539.7375970826045,691.6136241477402,PHI,BOS,0.4,0.4,0.345,0.324
2020,SDN202009220,SDN,ANA,1,0,daviz001,canng001,2.73,3.99,2020-09-22,1e-06,141.8121389568677,SDN,ANA,0.5,1.0,0.344,0.308
2020,KCA202009220,KCA,SLN,0,0,singb001,gomba001,4.06,1.86,2020-09-22,1e-06,1e-06,KCA,KCA,0.7,0.2,0.327,0.311
2020,LAN202009220,LAN,OAK,1,1,may-d003,montf001,2.57,5.6,2020-09-22,1336.559689213104,552.4676707810693,COL,OAK,0.8,0.7,0.346,0.319
2020,NYN202009220,NYN,TBA,0,0,lugos001,snelb001,5.15,3.24,2020-09-22,1e-06,1e-06,NYN,NYN,0.3,0.8,0.333,0.311
2020,SEA202009220,SEA,HOU,1,1,sadlc002,valdf001,5.12,3.57,2020-09-22,1e-06,1e-06,SEA,SEA,1.2,0.4,0.295,0.318
2020,SFN202009220,SFN,COL,1,0,roget002,diazj006,4.5,7.65,2020-09-22,1e-06,1e-06,SFN,SFN,0.3,1.2,0.354,0.3
2020,TOR202009220,TOR,NYA,0,2,roart001,coleg001,6.8,2.84,2020-09-22,1e-06,1e-06,TOR,TOR,0.4,0.4,0.345,0.324
2020,PIT202009220,PIT,CHN,0,0,rodrr008,chafa001,2.7,6.52,2020-09-22,1e-06,1e-06,PIT,PIT,0.3,0.2,0.299,0.323
2020,WAS202009222,WAS,PHI,0,0,hudsd001,workb001,6.1,5.95,2020-09-22,1e-06,1e-06,WAS,WAS,1.0,0.9,0.322,0.336
2020,ARI202009220,ARI,TEX,0,0,smitr005,lylej001,1.47,7.02,2020-09-22,1630.8590113845935,540.0297051463508,HOU,ANA,0.5,0.6,0.341,0.263
2020,WAS202009221,WAS,PHI,1,0,votha001,nolaa001,6.34,3.28,2020-09-22,1e-06,1e-06,WAS,WAS,1.0,0.9,0.322,0.336
2020,CIN202009220,CIN,MIL,2,0,antot001,andeb004,2.8,4.21,2020-09-22,1e-06,1e-06,CIN,CIN,0.4,0.0,0.325,0.312
2020,CLE202009220,CLE,CHA,1,0,matop002,fostm001,4.57,2.2,2020-09-22,1e-06,1e-06,CLE,CLE,0.7,0.3,0.32,0.318
2020,BOS202009220,BOS,BAL,0,1,piven001,akink001,6.89,4.56,2020-09-22,1e-06,578.81170696599,BOS,BAL,0.6,0.4,0.342,0.326
2020,ATL202009220,ATL,MIA,1,0,wilsb003,urenj001,4.02,5.4,2020-09-22,1e-06,1e-06,ATL,ATL,1.0,0.5,0.362,0.316
2020,MIN202009220,MIN,DET,1,0,roget001,garcb001,4.05,1.66,2020-09-22,571.0232486384983,872.516449655481,CHN,DET,0.2,0.2,0.312,0.301
2020,MIN202009230,MIN,DET,0,0,maedk001,mizec001,2.7,6.99,2020-09-23,1e-06,1e-06,MIN,MIN,0.3,0.2,0.312,0.301
2020,SFN202009230,SFN,COL,0,0,webbl001,castr005,5.47,5.82,2020-09-23,1e-06,1e-06,SFN,SFN,0.4,1.1,0.354,0.3
2020,CIN202009230,CIN,MIL,2,0,bauet001,housa001,1.73,5.3,2020-09-23,1e-06,1e-06,CIN,CIN,0.6,0.0,0.325,0.312
2020,ARI202009230,ARI,TEX,0,1,mellk001,goodn001,1.8,9.0,2020-09-23,1e-06,1e-06,ARI,ARI,0.5,0.6,0.341,0.263
2020,SEA202009230,SEA,HOU,1,0,margn001,greiz001,4.57,4.03,2020-09-23,1e-06,1e-06,SEA,SEA,0.9,0.5,0.295,0.318
2020,SDN202009230,SDN,ANA,2,0,morea001,sandp002,4.66,5.65,2020-09-23,1e-06,1e-06,SDN,SDN,0.4,1.0,0.344,0.308
2020,PIT202009230,PIT,CHN,2,1,willt002,hendk001,6.18,2.88,2020-09-23,1e-06,1e-06,PIT,PIT,0.3,0.1,0.299,0.323
2020,TOR202009230,TOR,NYA,2,0,colea002,tanam001,3.09,3.56,2020-09-23,1e-06,1e-06,TOR,TOR,0.2,0.6,0.345,0.324
2020,ATL202009230,ATL,MIA,3,2,jackl001,smitj004,6.84,6.84,2020-09-23,1e-06,1e-06,ATL,ATL,1.1,0.5,0.362,0.316
2020,CLE202009230,CLE,CHA,0,0,handb001,gonzg003,2.05,4.83,2020-09-23,1e-06,1e-06,CLE,CLE,0.7,0.3,0.32,0.318
2020,NYN202009230,NYN,TBA,0,0,wachm001,glast001,6.62,4.08,2020-09-23,1e-06,1e-06,NYN,NYN,0.3,0.8,0.333,0.311
2020,LAN202009230,LAN,OAK,0,3,treib001,diekj001,3.86,0.42,2020-09-23,1e-06,1e-06,LAN,LAN,0.8,0.8,0.346,0.319
2020,KCA202009230,KCA,SLN,2,0,duffd001,martc006,4.95,9.9,2020-09-23,1e-06,1e-06,KCA,KCA,0.7,0.2,0.327,0.311
2020,BOS202009230,BOS,BAL,2,0,eovan001,kremd001,3.72,4.82,2020-09-23,1e-06,1e-06,BOS,BOS,0.6,0.5,0.342,0.326
2020,WAS202009230,WAS,PHI,0,1,fedde001,efliz001,4.29,3.97,2020-09-23,1e-06,1e-06,WAS,WAS,1.0,0.6,0.322,0.336
2020,SFN202009240,SFN,COL,2,0,cahit001,bardd001,3.24,3.65,2020-09-24,1e-06,1e-06,SFN,SFN,0.3,0.9,0.354,0.3
2020,ATL202009240,ATL,MIA,0,0,andei001,lopep002,1.95,3.61,2020-09-24,1e-06,1e-06,ATL,ATL,1.3,0.7,0.362,0.316
2020,BOS202009240,BOS,BAL,0,0,perem004,cobba001,4.5,4.3,2020-09-24,1e-06,1e-06,BOS,BOS,0.5,0.5,0.342,0.326
2020,TEX202009240,TEX,HOU,0,2,lynnl001,javic001,3.32,3.48,2020-09-24,1401.8549260863758,2688.6235860338206,ARI,SEA,0.7,0.3,0.307,0.318
2020,CLE202009240,CLE,CHA,0,0,hillc001,rodoc001,4.91,8.22,2020-09-24,1e-06,1e-06,CLE,CLE,0.7,0.2,0.32,0.318
2020,WAS202009240,WAS,NYN,0,0,corbp001,peted003,4.66,3.44,2020-09-24,1e-06,326.3648031771951,WAS,NYN,1.0,0.6,0.322,0.361
2020,PIT202009240,PIT,CHN,1,0,kuhlc001,milla003,4.27,4.48,2020-09-24,1e-06,1e-06,PIT,PIT,0.5,0.2,0.299,0.323
2020,KCA202009240,KCA,DET,3,0,hahnj001,alext001,0.52,3.96,2020-09-24,1e-06,662.9211671328137,KCA,MIN,0.9,0.2,0.327,0.301
2020,TOR202009240,TOR,NYA,0,0,ryu-h001,montj004,2.69,5.11,2020-09-24,1e-06,1e-06,TOR,TOR,0.4,0.6,0.345,0.324
2020,LAN202009240,LAN,OAK,1,0,flord002,fierm001,2.59,4.58,2020-09-24,1e-06,1e-06,LAN,LAN,0.7,1.0,0.346,0.319
2020,SLN202009240,SLN,MIL,0,0,kim-k001,burnc002,1.62,2.11,2020-09-24,382.8562651725535,494.9532543693752,KCA,CIN,0.1,0.0,0.341,0.312
2020,SFN202009251,SFN,SDN,0,0,andet002,paddc001,4.37,4.73,2020-09-25,1e-06,1e-06,SFN,SFN,0.5,0.7,0.354,0.32
2020,TBA202009250,TBA,PHI,0,0,anden001,morga001,0.55,5.54,2020-09-25,1638.055681455271,1340.4938372110848,NYN,WAS,0.4,0.6,0.331,0.336
2020,CHA202009250,CHA,CHN,0,0,ceasd001,darvy001,4.01,2.01,2020-09-25,494.38381864269326,660.0502257315369,CLE,PIT,0.4,0.2,0.333,0.323
2020,ARI202009251,ARI,COL,0,0,gallz001,senza001,2.75,3.44,2020-09-25,1e-06,1e-06,ARI,ARI,0.4,0.7,0.341,0.3
2020,ARI202009252,ARI,COL,6,1,clart003,santa004,4.36,16.5,2020-09-25,1e-06,1050.9933932487218,ARI,SFN,0.4,0.6,0.341,0.3
2020,OAK202009250,OAK,SEA,0,0,diekj001,gerbj001,0.42,4.02,2020-09-25,552.4676707810693,1089.6592005072614,LAN,SEA,0.4,0.7,0.321,0.317
2020,TEX202009250,TEX,HOU,0,0,martb002,paree003,1.84,3.05,2020-09-25,1e-06,1e-06,TEX,TEX,0.7,0.5,0.307,0.318
2020,LAN202009250,LAN,ANA,0,0,gratb002,andrm001,3.09,4.5,2020-09-25,1e-06,179.52869861196945,LAN,SDN,0.7,1.0,0.346,0.308
2020,MIN202009250,MIN,CIN,0,0,berrj001,lorem002,4.0,4.28,2020-09-25,1e-06,973.9884953018676,MIN,CIN,0.3,0.9,0.312,0.294
2020,SFN202009252,SFN,SDN,0,0,coons001,patil001,9.82,5.19,2020-09-25,1e-06,738.1265107326025,SFN,SDN,0.5,0.3,0.354,0.32
2020,TOR202009250,TOR,BAL,0,0,pearn001,lopej004,6.0,6.69,2020-09-25,1e-06,691.6136241477402,TOR,BOS,0.4,0.5,0.345,0.326
2020,KCA202009250,KCA,DET,1,0,kellb003,turns003,2.47,3.97,2020-09-25,1e-06,1e-06,KCA,KCA,1.1,0.1,0.327,0.301
2020,ATL202009250,ATL,BOS,1,0,grees005,sprij001,2.6,7.08,2020-09-25,1e-06,1506.6278405289672,ATL,BOS,1.2,0.2,0.362,0.318
2020,NYA202009250,NYA,MIA,0,3,greec003,boxbb001,3.51,3.0,2020-09-25,550.2922207550002,1200.4511574455876,TOR,ATL,1.2,0.7,0.365,0.316
2020,SLN202009251,SLN,MIL,0,0,flahj002,willd004,4.91,0.33,2020-09-25,1e-06,1e-06,SLN,SLN,0.1,0.0,0.341,0.312
2020,CLE202009250,CLE,PIT,1,0,pluta001,strac001,4.88,3.9,2020-09-25,1e-06,186.24975462107616,CLE,PIT,0.7,0.2,0.32,0.266
2020,SLN202009252,SLN,MIL,1,0,poncd001,lindj004,4.96,5.16,2020-09-25,1e-06,1e-06,SLN,SLN,0.1,0.0,0.341,0.312
2020,CLE202009260,CLE,PIT,0,1,civaa001,musgj001,4.74,3.86,2020-09-26,1e-06,1e-06,CLE,CLE,0.8,0.1,0.32,0.266
2020,LAN202009260,LAN,ANA,3,0,gonst001,roblh001,2.31,10.26,2020-09-26,1e-06,1e-06,LAN,LAN,0.7,1.0,0.346,0.308
2020,KCA202009260,KCA,DET,1,3,hernc006,boydm001,4.91,6.71,2020-09-26,1e-06,1e-06,KCA,KCA,1.2,0.1,0.327,0.301
2020,NYA202009260,NYA,MIA,0,0,garcd003,tarps001,4.98,9.0,2020-09-26,1e-06,1e-06,NYA,NYA,1.2,1.0,0.365,0.316
2020,TEX202009260,TEX,HOU,0,0,hergj001,bielb001,3.2,6.75,2020-09-26,1e-06,1e-06,TEX,TEX,0.7,0.5,0.307,0.318
2020,ARI202009260,ARI,COL,1,0,weavl001,marqg001,6.58,3.75,2020-09-26,1e-06,1e-06,ARI,ARI,1.0,0.7,0.341,0.3
2020,TBA202009260,TBA,PHI,0,1,fairp001,wheez001,2.7,2.92,2020-09-26,1e-06,1e-06,TBA,TBA,0.4,0.6,0.331,0.336
2020,WAS202009262,WAS,NYN,0,0,sanca004,porcr001,6.62,5.64,2020-09-26,1e-06,1e-06,WAS,WAS,1.0,0.6,0.322,0.361
2020,SFN202009260,SFN,SDN,0,0,cuetj001,stamc001,5.4,5.63,2020-09-26,1e-06,1e-06,SFN,SFN,0.5,0.3,0.354,0.32
2020,OAK202009262,OAK,SEA,1,0,blacp001,dunnj002,27.0,4.34,2020-09-26,1e-06,1e-06,OAK,OAK,0.2,0.6,0.321,0.317
2020,ATL202009260,ATL,BOS,0,0,davit005,houct001,10.8,0.53,2020-09-26,1e-06,1e-06,ATL,ATL,1.2,0.2,0.362,0.318
2020,SLN202009260,SLN,MIL,0,0,waina001,woodb005,3.15,3.05,2020-09-26,1e-06,1e-06,SLN,SLN,0.2,0.0,0.341,0.312
2020,TOR202009260,TOR,BAL,0,0,andec001,meanj001,7.22,4.53,2020-09-26,1e-06,1e-06,TOR,TOR,0.3,0.4,0.345,0.326
2020,MIN202009260,MIN,CIN,1,2,clipt001,castl003,2.77,3.21,2020-09-26,1e-06,1e-06,MIN,MIN,0.3,0.7,0.312,0.294
2020,CHA202009260,CHA,CHN,0,0,fostm001,lestj001,2.2,5.16,2020-09-26,1e-06,1e-06,CHA,CHA,0.4,0.1,0.333,0.323
2020,WAS202009261,WAS,NYN,0,0,schem001,castm002,3.74,4.01,2020-09-26,1e-06,1e-06,WAS,WAS,0.9,0.6,0.322,0.361
2020,OAK202009261,OAK,SEA,0,0,hendl001,gravk001,1.78,5.79,2020-09-26,1e-06,1e-06,OAK,OAK,0.2,0.6,0.321,0.317
2020,TBA202009270,TBA,PHI,0,0,flemj001,nolaa001,2.78,3.28,2020-09-27,1e-06,1e-06,TBA,TBA,0.4,0.7,0.331,0.336
2020,SFN202009270,SFN,SDN,0,0,smyld001,altad001,3.42,5.75,2020-09-27,1e-06,1e-06,SFN,SFN,0.4,0.3,0.354,0.32
2020,CHA202009270,CHA,CHN,0,0,loper003,alzoa001,6.49,2.95,2020-09-27,1e-06,1e-06,CHA,CHA,0.4,0.1,0.333,0.323
2020,SLN202009270,SLN,MIL,0,0,gallg001,andeb004,3.6,4.21,2020-09-27,1e-06,1e-06,SLN,SLN,0.2,0.0,0.341,0.312
2020,OAK202009270,OAK,SEA,1,1,petiy001,hiray001,1.66,5.84,2020-09-27,1e-06,1e-06,OAK,OAK,0.2,0.6,0.321,0.317
2020,ARI202009270,ARI,COL,2,0,bumgm001,freek001,6.48,4.33,2020-09-27,1e-06,1e-06,ARI,ARI,1.1,0.7,0.341,0.3
2020,KCA202009270,KCA,DET,0,1,singb001,skubt001,4.06,5.63,2020-09-27,1e-06,1e-06,KCA,KCA,1.3,0.4,0.327,0.301
2020,TEX202009270,TEX,HOU,0,1,benjw001,dejoc001,4.84,14.73,2020-09-27,1e-06,1e-06,TEX,TEX,0.7,0.5,0.307,0.318
2020,CLE202009270,CLE,PIT,0,0,karij001,turln001,2.67,4.98,2020-09-27,1e-06,1e-06,CLE,CLE,0.7,0.2,0.32,0.266
2020,LAN202009270,LAN,ANA,1,0,may-d003,sandp002,2.57,5.65,2020-09-27,1e-06,1e-06,LAN,LAN,0.8,0.6,0.346,0.308
2020,TOR202009270,TOR,BAL,0,0,yamas001,lakit001,8.06,2.81,2020-09-27,1e-06,1e-06,TOR,TOR,0.3,0.4,0.345,0.326
2020,NYA202009270,NYA,MIA,0,0,schmc002,castd003,7.11,3.03,2020-09-27,1e-06,1e-06,NYA,NYA,1.1,1.0,0.365,0.316
2020,ATL202009270,ATL,BOS,1,1,smitw002,piven001,,6.89,2020-09-27,1e-06,1e-06,ATL,ATL,1.1,0.2,0.362,0.318
2020,MIN202009270,MIN,CIN,0,0,thiec001,igler001,2.25,2.74,2020-09-27,1e-06,1e-06,MIN,MIN,0.2,0.9,0.312,0.294
2020,WAS202009270,WAS,NYN,1,2,votha001,lugos001,6.34,5.15,2020-09-27,1e-06,1e-06,WAS,WAS,0.6,0.6,0.322,0.361
