Rk,Player,Age,Team,Lg,WAR,W,L,W-L%,ERA,G,GS,GF,CG,SHO,SV,IP,H,R,ER,HR,BB,IBB,SO,HBP,BK,WP,BF,ERA+,FIP,WHIP,H9,HR9,BB9,SO9,SO/BB,Awards,Player-additional
1,Chris Sale*,28,BOS,AL,5.9,17,8,0.68,2.9,32,32,0,1,0,0,214.1,165,73,69,24,43,0,308,8,0,3,851,157.0,2.45,0.97,6.9,1.0,1.8,12.9,7.16,ASCYA-2MVP-9,salec001
2,Ervin Santana,34,MIN,AL,4.9,16,8,0.667,3.28,33,33,0,5,3,0,211.1,177,85,77,31,61,2,167,8,1,12,864,135.0,4.46,1.126,7.5,1.3,2.6,7.1,2.74,ASCYA-7,sante001
3,Jeff Samardzija,32,SFG,NL,2.7,9,15,0.375,4.42,32,32,0,1,1,0,207.2,204,107,102,30,32,1,205,6,0,2,847,96.0,3.61,1.136,8.8,1.3,1.4,8.9,6.41,,samaj001
4,Justin Verlander,34,2TM,AL,6.9,15,8,0.652,3.36,33,33,0,0,0,0,206.0,170,80,77,27,72,4,219,4,0,5,849,131.0,3.84,1.175,7.4,1.2,3.1,9.6,3.04,CYA-5,verlj001
4,Justin Verlander,34,DET,AL,5.1,10,8,0.556,3.82,28,28,0,0,0,0,172.0,153,76,73,23,67,4,176,3,0,5,729,117.0,4.07,1.279,8.0,1.2,3.5,9.2,2.63,,verlj001
4,Justin Verlander,34,HOU,AL,1.8,5,0,1.0,1.06,5,5,0,0,0,0,34.0,17,4,4,4,5,0,43,1,0,0,120,389.0,2.69,0.647,4.5,1.1,1.3,11.4,8.6,,verlj001
5,Carlos Martínez,25,STL,NL,3.0,12,11,0.522,3.64,32,32,0,2,2,0,205.0,179,93,83,27,71,3,217,8,0,9,858,116.0,3.91,1.22,7.9,1.2,3.1,9.5,3.06,AS,martc006
6,Corey Kluber,31,CLE,AL,7.9,18,4,0.818,2.25,29,29,0,5,3,0,203.2,141,56,51,21,36,2,265,5,0,4,777,202.0,2.5,0.869,6.2,0.9,1.6,11.7,7.36,ASCYA-1MVP-7,klubc001
7,Rick Porcello,28,BOS,AL,-0.4,11,17,0.393,4.65,33,33,0,2,0,0,203.1,236,125,105,38,48,1,181,6,0,5,885,98.0,4.6,1.397,10.4,1.7,2.1,8.0,3.77,,porcr001
8,Gerrit Cole,26,PIT,NL,2.6,12,12,0.5,4.26,33,33,0,0,0,0,203.0,199,98,96,31,55,1,196,4,0,7,849,100.0,4.08,1.251,8.8,1.4,2.4,8.7,3.56,,coleg001
9,Zack Greinke,33,ARI,NL,5.8,17,7,0.708,3.2,32,32,0,1,0,0,202.1,172,80,72,25,45,0,215,0,0,12,801,147.0,3.31,1.072,7.7,1.1,2.0,9.6,4.78,ASCYA-4MVP-20GG,greiz001
10,Jacob deGrom,29,NYM,NL,4.2,15,10,0.6,3.53,31,31,0,1,0,0,201.1,180,87,79,28,59,5,239,2,0,7,827,117.0,3.5,1.187,8.0,1.3,2.6,10.7,4.05,CYA-8,degrj001
11,Chris Archer,28,TBR,AL,1.7,10,12,0.455,4.07,34,34,0,0,0,0,201.0,193,101,91,27,60,0,249,5,0,15,852,103.0,3.4,1.259,8.6,1.2,2.7,11.1,4.15,AS,archc001
12,Gio González*,31,WSN,NL,6.5,15,9,0.625,2.96,32,32,0,0,0,0,201.0,158,69,66,21,79,5,188,7,0,7,827,152.0,3.93,1.179,7.1,0.9,3.5,8.4,2.38,CYA-6,gonzg003
13,Marcus Stroman,26,TOR,AL,5.1,13,9,0.591,3.09,33,33,0,2,0,0,201.0,201,82,69,21,62,1,164,6,1,3,834,145.0,3.9,1.308,9.0,0.9,2.8,7.3,2.65,CYA-8GG,strom001
14,Max Scherzer,32,WSN,NL,7.2,16,6,0.727,2.51,31,31,0,2,0,0,200.2,126,62,56,22,55,2,268,11,0,4,780,178.0,2.9,0.902,5.7,1.0,2.5,12.0,4.87,ASCYA-1MVP-10,schem001
15,Carlos Carrasco,30,CLE,AL,5.2,18,6,0.75,3.29,32,32,0,1,0,0,200.0,173,73,73,21,46,2,226,10,0,10,798,139.0,3.1,1.095,7.8,0.9,2.1,10.2,4.91,CYA-4,carrc003
16,Clayton Richard*,33,SDP,NL,0.7,8,15,0.348,4.79,32,32,0,2,1,0,197.1,240,114,105,24,59,6,151,8,1,7,858,88.0,4.23,1.515,10.9,1.1,2.7,6.9,2.56,,richc002
17,Luis Severino,23,NYY,AL,5.2,14,6,0.7,2.98,31,31,0,0,0,0,193.1,150,73,64,21,51,0,230,6,0,6,783,152.0,3.08,1.04,7.0,1.0,2.4,10.7,4.51,ASCYA-3,sevel001
18,Zach Davies,24,MIL,NL,3.0,17,9,0.654,3.9,33,33,0,0,0,0,191.1,204,90,83,20,55,3,124,9,0,2,817,112.0,4.22,1.354,9.6,0.9,2.6,5.8,2.25,,daviz001
19,R.A. Dickey,42,ATL,NL,2.2,10,10,0.5,4.26,31,31,0,0,0,0,190.0,193,99,90,26,67,3,136,10,2,13,815,102.0,4.72,1.368,9.1,1.2,3.2,6.4,2.03,,dickr001
20,Patrick Corbin*,27,ARI,NL,2.6,14,13,0.519,4.03,33,32,0,0,0,0,189.2,208,97,85,26,61,8,178,3,0,10,826,116.0,4.08,1.418,9.9,1.2,2.9,8.4,2.92,,corbp001
21,Jose Quintana*,28,2TM,2LG,2.5,11,11,0.5,4.15,32,32,0,1,1,0,188.2,170,92,87,23,61,4,207,10,1,8,790,105.0,3.68,1.224,8.1,1.1,2.9,9.9,3.39,,quinj001
21,Jose Quintana*,28,CHW,AL,1.2,4,8,0.333,4.49,18,18,0,0,0,0,104.1,98,55,52,14,40,1,109,2,1,7,444,96.0,4.02,1.323,8.5,1.2,3.5,9.4,2.73,,quinj001
21,Jose Quintana*,28,CHC,NL,1.3,7,3,0.7,3.74,14,14,0,1,1,0,84.1,72,37,35,9,21,3,98,8,0,1,346,118.0,3.25,1.103,7.7,1.0,2.2,10.5,4.67,,quinj001
22,Julio Teheran,26,ATL,NL,1.6,11,13,0.458,4.49,32,32,0,0,0,0,188.1,186,103,94,31,72,3,151,7,0,6,812,97.0,4.95,1.37,8.9,1.5,3.4,7.2,2.1,,tehej001
23,Iván Nova,30,PIT,NL,2.0,11,14,0.44,4.14,31,31,0,2,1,0,187.0,203,96,86,29,36,2,131,7,0,8,785,103.0,4.46,1.278,9.8,1.4,1.7,6.3,3.64,,novai001
24,Kevin Gausman,26,BAL,AL,2.0,11,12,0.478,4.68,34,34,0,0,0,0,186.2,208,99,97,29,71,0,179,5,1,8,816,93.0,4.48,1.495,10.0,1.4,3.4,8.6,2.52,,gausk001
25,Yu Darvish,30,2TM,2LG,4.1,10,12,0.455,3.86,31,31,0,0,0,0,186.2,159,83,80,27,58,1,209,6,1,12,766,120.0,3.83,1.163,7.7,1.3,2.8,10.1,3.6,AS,darvy001
25,Yu Darvish,30,TEX,AL,3.4,6,9,0.4,4.01,22,22,0,0,0,0,137.0,115,63,61,20,45,0,148,5,1,9,564,120.0,3.99,1.168,7.6,1.3,3.0,9.7,3.29,,darvy001
25,Yu Darvish,30,LAD,NL,0.6,4,3,0.571,3.44,9,9,0,0,0,0,49.2,44,20,19,7,13,1,61,1,0,3,202,121.0,3.38,1.148,8.0,1.3,2.4,11.1,4.69,,darvy001
26,Lance Lynn,30,STL,NL,3.2,11,8,0.579,3.43,33,33,0,0,0,0,186.1,151,80,71,27,78,5,153,10,0,2,776,123.0,4.82,1.229,7.3,1.3,3.8,7.4,1.96,,lynnl001
27,Marco Estrada,33,TOR,AL,1.7,10,9,0.526,4.98,33,33,0,0,0,0,186.0,186,104,103,31,71,0,176,2,0,1,806,90.0,4.61,1.382,9.0,1.5,3.4,8.5,2.48,,estrm001
28,Mike Leake,29,2TM,2LG,1.8,10,13,0.435,3.92,31,31,0,0,0,0,186.0,201,93,81,20,37,3,130,9,0,3,782,108.0,3.9,1.28,9.7,1.0,1.8,6.3,3.51,,leakm001
28,Mike Leake,29,STL,NL,0.9,7,12,0.368,4.21,26,26,0,0,0,0,154.0,169,83,72,19,35,3,103,7,0,2,654,100.0,4.24,1.325,9.9,1.1,2.0,6.0,2.94,,leakm001
28,Mike Leake,29,SEA,AL,1.0,3,1,0.75,2.53,5,5,0,0,0,0,32.0,32,10,9,1,2,0,27,2,0,1,128,166.0,2.25,1.063,9.0,0.3,0.6,7.6,13.5,,leakm001
29,Martín Pérez*,26,TEX,AL,2.3,13,12,0.52,4.82,32,32,0,0,0,0,185.0,221,108,99,23,63,3,115,6,0,4,811,100.0,4.65,1.535,10.8,1.1,3.1,5.6,1.83,,perem004
30,Dan Straily,28,MIA,NL,1.2,10,9,0.526,4.26,33,33,0,0,0,0,181.2,176,90,86,31,60,4,170,5,0,2,769,93.0,4.58,1.299,8.7,1.5,3.0,8.4,2.83,,strad003
31,Tanner Roark,30,WSN,NL,1.2,13,11,0.542,4.67,32,30,0,0,0,0,181.1,178,105,94,23,64,5,166,6,1,3,776,96.0,4.13,1.335,8.8,1.1,3.2,8.2,2.59,,roart001
32,Ricky Nolasco,34,LAA,AL,0.5,6,15,0.286,4.92,33,33,0,1,1,0,181.0,205,102,99,35,58,3,143,3,0,4,787,86.0,5.1,1.453,10.2,1.7,2.9,7.1,2.47,,nolar001
33,Jon Lester*,33,CHC,NL,0.7,13,8,0.619,4.33,32,32,0,1,0,0,180.2,179,101,87,26,60,3,180,4,0,3,763,101.0,4.1,1.323,8.9,1.3,3.0,9.0,3.0,,lestj001
34,Jhoulys Chacín,29,SDP,NL,2.7,13,10,0.565,3.89,32,32,0,0,0,0,180.1,157,82,78,19,72,5,153,14,1,7,765,108.0,4.26,1.27,7.8,0.9,3.6,7.6,2.13,,chacj001
35,Jason Hammel,34,KCR,AL,1.7,8,13,0.381,5.29,32,32,0,0,0,0,180.1,209,109,106,26,48,2,145,9,1,7,804,85.0,4.37,1.425,10.4,1.3,2.4,7.2,3.02,,hammj002
36,Jason Vargas*,34,KCR,AL,4.1,18,11,0.621,4.16,32,32,0,1,1,0,179.2,181,84,83,27,58,2,134,5,1,6,756,108.0,4.67,1.33,9.1,1.4,2.9,6.7,2.31,AS,vargj001
37,Alex Cobb,29,TBR,AL,2.7,12,10,0.545,3.66,29,29,0,0,0,0,179.1,175,78,73,22,44,2,128,6,1,8,742,115.0,4.16,1.221,8.8,1.1,2.2,6.4,2.91,,cobba001
38,Masahiro Tanaka,28,NYY,AL,1.1,13,12,0.52,4.74,30,30,0,1,1,0,178.1,180,100,94,35,41,1,194,7,0,7,752,95.0,4.34,1.239,9.1,1.8,2.1,9.8,4.73,,tanam001
39,Trevor Bauer,26,CLE,AL,2.9,17,9,0.654,4.19,32,31,1,0,0,0,176.1,181,84,82,25,60,0,196,5,1,3,749,109.0,3.88,1.367,9.2,1.3,3.1,10.0,3.27,,bauet001
40,Jimmy Nelson,28,MIL,NL,3.3,12,6,0.667,3.49,29,29,0,1,0,0,175.1,171,75,68,16,48,1,199,9,1,6,728,126.0,3.05,1.249,8.8,0.8,2.5,10.2,4.15,CYA-9,nelsj004
41,Stephen Strasburg,28,WSN,NL,6.3,15,4,0.789,2.52,28,28,0,1,1,0,175.1,131,55,49,13,47,5,204,7,0,3,701,178.0,2.72,1.015,6.7,0.7,2.4,10.5,4.34,ASCYA-3,stras001
42,Clayton Kershaw*,29,LAD,NL,5.0,18,4,0.818,2.31,27,27,0,1,0,0,175.0,136,49,45,23,30,0,202,0,2,4,679,179.0,3.07,0.949,7.0,1.2,1.5,10.4,6.73,ASCYA-2MVP-17,kersc001
43,Matt Moore*,28,SFG,NL,-0.2,6,15,0.286,5.52,32,31,1,0,0,0,174.1,200,116,107,27,67,3,148,7,0,10,790,77.0,4.75,1.532,10.3,1.4,3.5,7.6,2.21,,moorm003
44,Drew Pomeranz*,28,BOS,AL,3.8,17,6,0.739,3.32,32,32,0,0,0,0,173.2,166,69,64,19,69,0,174,4,0,6,740,137.0,3.84,1.353,8.6,1.0,3.6,9.0,2.52,,pomed001
45,John Lackey,38,CHC,NL,1.1,12,12,0.5,4.59,31,30,0,0,0,0,170.2,165,93,87,36,53,3,149,12,2,11,731,96.0,5.3,1.277,8.7,1.9,2.8,7.9,2.81,,lackj001
46,Dylan Bundy,24,BAL,AL,2.6,13,9,0.591,4.24,28,28,0,1,1,0,169.2,152,82,80,26,51,0,152,7,0,0,698,102.0,4.38,1.196,8.1,1.4,2.7,8.1,2.98,,bundd001
47,José Ureña,25,MIA,NL,1.9,14,7,0.667,3.82,34,28,2,0,0,0,169.2,152,77,72,26,64,4,113,14,1,5,724,104.0,5.2,1.273,8.1,1.4,3.4,6.0,1.77,,urenj001
48,Jake Arrieta,31,CHC,NL,1.9,14,10,0.583,3.53,30,30,0,0,0,0,168.1,150,82,66,23,55,3,163,10,0,14,707,124.0,4.16,1.218,8.0,1.2,2.9,8.7,2.96,,arrij001
49,Aaron Nola,24,PHI,NL,4.4,12,11,0.522,3.54,27,27,0,0,0,0,168.0,154,67,66,18,49,2,184,2,0,1,693,122.0,3.27,1.208,8.3,1.0,2.6,9.9,3.76,,nolaa001
50,Andrew Cashner,30,TEX,AL,4.6,11,11,0.5,3.4,28,28,0,0,0,0,166.2,156,75,63,15,64,0,86,9,1,10,704,142.0,4.61,1.32,8.4,0.8,3.5,4.6,1.34,,casha001
51,Michael Wacha,25,STL,NL,1.5,12,9,0.571,4.13,30,30,0,1,1,0,165.2,170,82,76,17,55,3,158,3,0,5,701,102.0,3.63,1.358,9.2,0.9,3.0,8.6,2.87,,wachm001
52,Michael Fulmer,24,DET,AL,4.0,10,12,0.455,3.83,25,25,0,1,0,0,164.2,150,80,70,13,40,2,114,8,1,3,676,117.0,3.67,1.154,8.2,0.7,2.2,6.2,2.85,AS,fulmm001
53,Jeremy Hellickson,30,2TM,2LG,0.2,8,11,0.421,5.43,30,30,0,0,0,0,164.0,160,105,99,35,47,2,96,8,1,4,695,80.0,5.77,1.262,8.8,1.9,2.6,5.3,2.04,,hellj001
53,Jeremy Hellickson,30,PHI,NL,1.1,6,5,0.545,4.73,20,20,0,0,0,0,112.1,111,62,59,22,30,2,65,6,1,3,472,91.0,5.51,1.255,8.9,1.8,2.4,5.2,2.17,,hellj001
53,Jeremy Hellickson,30,BAL,AL,-0.9,2,6,0.25,6.97,10,10,0,0,0,0,51.2,49,43,40,13,17,0,31,2,0,1,223,63.0,6.33,1.277,8.5,2.3,3.0,5.4,1.82,,hellj001
54,Ty Blach*,26,SFG,NL,1.5,8,12,0.4,4.78,34,24,3,1,1,0,163.2,179,91,87,17,43,2,73,1,0,3,692,89.0,4.42,1.356,9.8,0.9,2.4,4.0,1.7,,blact002
55,Luis Perdomo,24,SDP,NL,0.3,8,11,0.421,4.67,29,29,0,0,0,0,163.2,182,97,85,17,65,3,118,8,2,11,716,90.0,4.4,1.509,10.0,0.9,3.6,6.5,1.82,,perdl002
56,Sonny Gray,27,2TM,AL,2.5,10,12,0.455,3.55,27,27,0,1,0,0,162.1,139,79,64,19,57,1,153,3,0,11,678,122.0,3.9,1.207,7.7,1.1,3.2,8.5,2.68,,grays001
56,Sonny Gray,27,OAK,AL,1.5,6,5,0.545,3.43,16,16,0,0,0,0,97.0,84,48,37,8,30,0,94,1,0,7,400,122.0,3.25,1.175,7.8,0.7,2.8,8.7,3.13,,grays001
56,Sonny Gray,27,NYY,AL,1.0,4,7,0.364,3.72,11,11,0,1,0,0,65.1,55,31,27,11,27,1,59,2,0,4,278,122.0,4.87,1.255,7.6,1.5,3.7,8.1,2.19,,grays001
57,Germán Márquez,22,COL,NL,3.5,11,7,0.611,4.39,29,29,0,0,0,0,162.0,174,82,79,25,49,3,147,8,0,6,701,115.0,4.4,1.377,9.7,1.4,2.7,8.2,3.0,ROY-5,marqg001
58,Robbie Ray*,25,ARI,NL,4.8,15,5,0.75,2.89,28,28,0,1,1,0,162.0,116,57,52,23,71,3,218,5,0,8,665,163.0,3.72,1.154,6.4,1.3,3.9,12.1,3.07,ASCYA-7,ray-r002
59,Aríel Miranda*,28,SEA,AL,0.7,8,7,0.533,5.12,31,29,1,1,0,0,160.0,140,93,91,37,63,1,137,5,0,8,678,81.0,5.73,1.269,7.9,2.1,3.5,7.7,2.17,,miraa002
60,Jordan Zimmermann,31,DET,AL,0.8,8,13,0.381,6.08,29,29,0,0,0,0,160.0,204,111,108,29,44,2,103,7,0,3,713,74.0,5.18,1.55,11.5,1.6,2.5,5.8,2.34,,zimmj003
61,Sean Manaea*,25,OAK,AL,1.5,12,10,0.545,4.37,29,29,0,0,0,0,158.2,167,88,77,18,55,1,140,10,0,8,692,95.0,4.1,1.399,9.5,1.0,3.1,7.9,2.55,,manas001
62,Kyle Gibson,29,MIN,AL,0.4,12,10,0.545,5.07,29,29,0,0,0,0,158.0,182,93,89,24,60,0,121,6,0,4,693,87.0,4.85,1.532,10.4,1.4,3.4,6.9,2.02,,gibsk002
63,Chad Kuhl,24,PIT,NL,1.5,8,11,0.421,4.35,31,31,0,0,0,0,157.1,159,81,76,17,72,7,142,6,1,8,680,98.0,4.24,1.468,9.1,1.0,4.1,8.1,1.97,,kuhlc001
64,Wade Miley*,30,BAL,AL,-0.2,8,15,0.348,5.61,32,32,0,0,0,0,157.1,179,104,98,25,93,1,142,4,0,1,728,77.0,5.27,1.729,10.2,1.4,5.3,8.1,1.53,,milew001
65,Taijuan Walker,24,ARI,NL,2.6,9,9,0.5,3.49,28,28,0,0,0,0,157.1,148,76,61,17,61,7,146,9,1,7,684,135.0,4.04,1.328,8.5,1.0,3.5,8.4,2.39,,walkt004
66,Jaime García*,30,3TM,2LG,1.2,5,10,0.333,4.41,27,27,0,0,0,0,157.0,157,86,77,18,64,5,129,1,3,8,673,100.0,4.25,1.408,9.0,1.0,3.7,7.4,2.02,,garcj004
66,Jaime García*,30,2TM,AL,0.0,1,3,0.25,4.7,9,9,0,0,0,0,44.0,49,28,23,6,23,1,44,0,0,3,199,97.0,4.5,1.636,10.0,1.2,4.7,9.0,1.91,,garcj004
66,Jaime García*,30,ATL,NL,1.2,4,7,0.364,4.3,18,18,0,0,0,0,113.0,108,58,54,12,41,4,85,1,3,5,474,101.0,4.15,1.319,8.6,1.0,3.3,6.8,2.07,,garcj004
66,Jaime García*,30,MIN,AL,0.1,1,0,1.0,4.05,1,1,0,0,0,0,6.2,8,3,3,0,3,0,7,0,0,0,29,115.0,2.41,1.65,10.8,0.0,4.1,9.5,2.33,,garcj004
66,Jaime García*,30,NYY,AL,-0.1,0,3,0.0,4.82,8,8,0,0,0,0,37.1,41,25,20,6,20,1,37,0,0,3,170,94.0,4.87,1.634,9.9,1.4,4.8,8.9,1.85,,garcj004
67,Kyle Freeland*,24,COL,NL,3.4,11,11,0.5,4.1,33,28,0,0,0,0,156.0,169,78,71,17,63,4,107,8,2,1,688,123.0,4.57,1.487,9.8,1.0,3.6,6.2,1.7,ROY-7,freek001
68,Miguel González,33,2TM,AL,1.6,8,13,0.381,4.62,27,27,0,0,0,0,156.0,167,88,80,22,55,2,100,6,0,1,684,95.0,4.88,1.423,9.6,1.3,3.2,5.8,1.82,,gonzm003
68,Miguel González,33,CHW,AL,1.7,7,10,0.412,4.31,22,22,0,0,0,0,133.2,145,72,64,16,47,2,85,4,0,1,588,100.0,4.59,1.436,9.8,1.1,3.2,5.7,1.81,,gonzm003
68,Miguel González,33,TEX,AL,-0.1,1,3,0.25,6.45,5,5,0,0,0,0,22.1,22,16,16,6,8,0,15,2,0,0,96,76.0,6.65,1.343,8.9,2.4,3.2,6.0,1.88,,gonzm003
69,Jordan Montgomery*,24,NYY,AL,2.8,9,7,0.563,3.88,29,29,0,0,0,0,155.1,140,72,67,21,51,0,144,1,1,7,649,116.0,4.07,1.23,8.1,1.2,3.0,8.3,2.82,ROY-6,montj004
70,Zack Godley,27,ARI,NL,4.3,8,9,0.471,3.37,26,25,1,0,0,0,155.0,124,61,58,15,53,2,165,5,0,13,627,139.0,3.41,1.142,7.2,0.9,3.1,9.6,3.11,,godlz001
71,Mike Foltynewicz,25,ATL,NL,1.4,10,13,0.435,4.79,29,28,0,0,0,0,154.0,169,86,82,20,59,2,143,10,0,4,692,91.0,4.33,1.481,9.9,1.2,3.4,8.4,2.42,,foltm001
72,Ian Kennedy,32,KCR,AL,0.7,5,13,0.278,5.38,30,30,0,0,0,0,154.0,143,99,92,34,61,2,131,5,1,4,655,83.0,5.61,1.325,8.4,2.0,3.6,7.7,2.15,,kenni001
73,Mike Fiers,32,HOU,AL,-0.5,8,10,0.444,5.22,29,28,0,0,0,0,153.1,157,95,89,32,62,0,146,13,1,11,671,78.0,5.43,1.428,9.2,1.9,3.6,8.6,2.35,,fierm001
74,Alex Wood*,26,LAD,NL,3.5,16,3,0.842,2.72,27,25,0,0,0,0,152.1,123,50,46,15,38,6,151,6,0,2,614,152.0,3.32,1.057,7.3,0.9,2.2,8.9,3.97,ASCYA-9,wooda002
75,Trevor Williams,25,PIT,NL,1.8,7,9,0.438,4.07,31,25,1,0,0,0,150.1,145,73,68,14,52,4,117,9,0,2,642,105.0,4.03,1.31,8.7,0.8,3.1,7.0,2.25,,willt002
76,CC Sabathia*,36,NYY,AL,2.8,14,5,0.737,3.69,27,27,0,0,0,0,148.2,139,64,61,21,50,1,120,5,0,5,623,122.0,4.49,1.271,8.4,1.3,3.0,7.3,2.4,,sabac001
77,Cole Hamels*,33,TEX,AL,3.0,11,6,0.647,4.2,24,24,0,1,0,0,148.0,125,74,69,18,53,1,105,11,0,6,614,115.0,4.62,1.203,7.6,1.1,3.2,6.4,1.98,,hamec001
78,Tyler Chatwood,27,COL,NL,2.3,8,15,0.348,4.69,33,25,3,1,1,1,147.2,136,79,77,20,77,2,120,4,2,12,631,108.0,4.94,1.442,8.3,1.2,4.7,7.3,1.56,,chatt001
79,Johnny Cueto,31,SFG,NL,1.9,8,8,0.5,4.52,25,25,0,0,0,0,147.1,160,77,74,22,53,2,136,8,1,4,648,94.0,4.5,1.446,9.8,1.3,3.2,8.3,2.57,,cuetj001
80,JC Ramírez,28,LAA,AL,1.5,11,10,0.524,4.15,27,24,1,0,0,0,147.1,149,72,68,21,49,1,105,6,1,5,620,102.0,4.71,1.344,9.1,1.3,3.0,6.4,2.14,,ramij002
81,Charlie Morton,33,HOU,AL,1.9,14,7,0.667,3.62,25,25,0,0,0,0,146.2,125,65,59,14,50,1,163,13,0,4,617,113.0,3.46,1.193,7.7,0.9,3.1,10.0,3.26,,mortc002
82,Danny Duffy*,28,KCR,AL,3.6,9,10,0.474,3.81,24,24,0,0,0,0,146.1,143,67,62,13,41,0,130,4,2,2,609,117.0,3.46,1.257,8.8,0.8,2.5,8.0,3.17,,duffd001
83,José Berríos,23,MIN,AL,1.9,14,8,0.636,3.89,26,25,0,0,0,0,145.2,131,71,63,15,48,0,139,13,1,7,616,114.0,3.84,1.229,8.1,0.9,3.0,8.6,2.9,,berrj001
84,Dallas Keuchel*,29,HOU,AL,3.9,14,5,0.737,2.9,23,23,0,1,0,0,145.2,116,50,47,15,47,0,125,2,0,1,584,141.0,3.79,1.119,7.2,0.9,2.9,7.7,2.66,AS,keucd001
85,J.A. Happ*,34,TOR,AL,3.2,10,11,0.476,3.53,25,25,0,0,0,0,145.1,145,64,57,18,46,1,142,0,0,4,626,127.0,3.76,1.314,9.0,1.1,2.8,8.8,3.09,,happj001
86,Jake Odorizzi,27,TBR,AL,0.2,10,8,0.556,4.14,28,28,0,0,0,0,143.1,117,80,66,30,61,1,127,2,0,1,604,102.0,5.43,1.242,7.3,1.9,3.8,8.0,2.08,,odorj001
87,Bartolo Colon,44,2TM,2LG,-1.9,7,14,0.333,6.48,28,28,0,1,0,0,143.0,192,112,103,28,35,0,89,1,1,1,648,68.0,5.21,1.587,12.1,1.8,2.2,5.6,2.54,,colob001
87,Bartolo Colon,44,ATL,NL,-2.1,2,8,0.2,8.14,13,13,0,0,0,0,63.0,92,66,57,11,20,0,42,1,0,1,299,54.0,5.09,1.778,13.1,1.6,2.9,6.0,2.1,,colob001
87,Bartolo Colon,44,MIN,AL,0.3,5,6,0.455,5.18,15,15,0,1,0,0,80.0,100,46,46,17,15,0,47,0,1,0,349,86.0,5.31,1.438,11.3,1.9,1.7,5.3,3.13,,colob001
88,Ubaldo Jiménez,33,BAL,AL,-1.4,6,11,0.353,6.81,31,25,2,0,0,0,142.2,169,109,108,33,58,0,139,5,0,3,648,64.0,5.54,1.591,10.7,2.1,3.7,8.8,2.4,,jimeu001
89,Chase Anderson,29,MIL,NL,4.2,12,4,0.75,2.74,25,25,0,0,0,0,141.1,113,47,43,14,41,1,133,7,0,0,569,160.0,3.58,1.09,7.2,0.9,2.6,8.5,3.24,,andec001
90,Josh Tomlin,32,CLE,AL,0.7,10,9,0.526,4.98,26,26,0,1,0,0,141.0,166,80,78,23,14,0,109,4,0,1,585,92.0,4.12,1.277,10.6,1.5,0.9,7.0,7.79,,tomlj001
91,Kyle Hendricks,27,CHC,NL,3.5,7,5,0.583,3.03,24,24,0,0,0,0,139.2,126,49,47,17,40,1,123,2,0,0,570,145.0,3.88,1.189,8.1,1.1,2.6,7.9,3.08,,hendk001
92,Jesse Chavez,33,LAA,AL,-0.3,7,11,0.389,5.35,38,21,6,0,0,0,138.0,148,83,82,28,45,2,119,2,0,1,586,80.0,5.09,1.399,9.7,1.8,2.9,7.8,2.64,,chavj001
93,Eduardo Rodríguez*,24,BOS,AL,1.7,6,7,0.462,4.19,25,24,1,0,0,0,137.1,126,66,64,19,50,1,150,5,1,1,582,109.0,3.97,1.282,8.3,1.2,3.3,9.8,3.0,,rodre004
94,James Paxton*,28,SEA,AL,3.6,12,5,0.706,2.98,24,24,0,0,0,0,136.0,113,47,45,9,37,1,156,3,1,15,552,140.0,2.61,1.103,7.5,0.6,2.4,10.3,4.22,,paxtj001
95,Rich Hill*,37,LAD,NL,2.2,12,8,0.6,3.32,25,25,0,1,0,0,135.2,99,51,50,18,49,1,166,9,1,2,552,125.0,3.72,1.091,6.6,1.2,3.3,11.0,3.39,,hillr001
96,Matthew Boyd*,26,DET,AL,1.7,6,11,0.353,5.27,26,25,0,1,1,0,135.0,157,84,79,18,53,3,110,3,0,2,605,85.0,4.51,1.556,10.5,1.2,3.5,7.3,2.08,,boydm001
97,Derek Holland*,30,CHW,AL,-1.6,7,14,0.333,6.2,29,26,0,0,0,0,135.0,156,106,93,31,75,2,104,8,0,7,626,69.0,6.45,1.711,10.4,2.1,5.0,6.9,1.39,,holld003
98,Antonio Senzatela,22,COL,NL,2.2,10,5,0.667,4.68,36,20,3,0,0,0,134.2,128,72,70,18,47,1,102,4,2,1,564,108.0,4.52,1.3,8.6,1.2,3.1,6.8,2.17,,senza001
99,Kenta Maeda,29,LAD,NL,0.6,13,6,0.684,4.22,29,25,1,0,0,1,134.1,121,68,63,22,34,1,140,5,0,4,557,98.0,4.07,1.154,8.1,1.5,2.3,9.4,4.12,,maedk001
100,Jameson Taillon,25,PIT,NL,1.2,8,7,0.533,4.44,25,25,0,0,0,0,133.2,152,69,66,11,46,3,125,4,0,7,587,96.0,3.48,1.481,10.2,0.7,3.1,8.4,2.72,,tailj001
101,Nick Pivetta,24,PHI,NL,-0.4,8,10,0.444,6.02,26,26,0,0,0,0,133.0,144,91,89,25,57,0,140,4,2,11,584,72.0,4.87,1.511,9.7,1.7,3.9,9.5,2.46,,piven001
102,Brad Peacock,29,HOU,AL,3.1,13,2,0.867,3.0,34,21,7,0,0,0,132.0,100,46,44,10,57,0,161,3,1,6,546,136.0,3.07,1.189,6.8,0.7,3.9,11.0,2.82,,peacb001
103,Erasmo Ramírez,27,2TM,AL,0.6,5,6,0.455,4.39,37,19,4,0,0,1,131.1,123,70,64,22,31,2,109,2,0,1,539,96.0,4.43,1.173,8.4,1.5,2.1,7.5,3.52,,ramie004
103,Erasmo Ramírez,27,TBR,AL,-0.1,4,3,0.571,4.8,26,8,4,0,0,1,69.1,66,39,37,10,16,1,55,1,0,1,282,88.0,4.18,1.183,8.6,1.3,2.1,7.1,3.44,,ramie004
103,Erasmo Ramírez,27,SEA,AL,0.7,1,3,0.25,3.92,11,11,0,0,0,0,62.0,57,31,27,12,15,1,54,1,0,0,257,107.0,4.71,1.161,8.3,1.7,2.2,7.8,3.6,,ramie004
104,Yovani Gallardo,31,SEA,AL,-0.3,5,10,0.333,5.72,28,22,4,0,0,1,130.2,138,84,83,24,60,3,94,2,0,7,578,73.0,5.53,1.515,9.5,1.7,4.1,6.5,1.57,,gally001
105,Mike Montgomery*,27,CHC,NL,2.2,7,8,0.467,3.38,44,14,11,0,0,3,130.2,103,52,49,10,55,4,100,8,0,7,540,130.0,4.07,1.209,7.1,0.7,3.8,6.9,1.82,,montm002
106,Blake Snell*,24,TBR,AL,1.2,5,7,0.417,4.04,24,24,0,0,0,0,129.1,113,65,58,15,59,1,119,0,0,8,547,104.0,4.19,1.33,7.9,1.0,4.1,8.3,2.02,,snelb001
107,Jharel Cotton,25,OAK,AL,-0.8,9,10,0.474,5.58,24,24,0,0,0,0,129.0,133,91,80,28,53,1,105,4,2,9,566,75.0,5.68,1.442,9.3,2.0,3.7,7.3,1.98,,cottj001
108,Jerad Eickhoff,26,PHI,NL,0.8,4,8,0.333,4.71,24,24,0,0,0,0,128.0,142,74,67,16,53,4,118,5,1,6,576,91.0,4.3,1.523,10.0,1.1,3.7,8.3,2.23,,eickj001
109,Hyun Jin Ryu*,30,LAD,NL,1.4,5,9,0.357,3.77,25,24,1,0,0,1,126.2,128,58,53,22,45,3,116,4,1,4,541,110.0,4.74,1.366,9.1,1.6,3.2,8.2,2.58,,ryu-h001
110,Matt Cain,32,SFG,NL,-0.5,3,11,0.214,5.43,27,23,1,0,0,0,124.1,157,85,75,18,49,6,75,2,0,3,568,79.0,5.06,1.657,11.4,1.3,3.5,5.4,1.53,,cainm001
111,Adam Wainwright,35,STL,NL,0.3,12,5,0.706,5.11,24,23,0,0,0,0,123.1,140,73,70,14,45,4,96,5,0,2,546,83.0,4.29,1.5,10.2,1.0,3.3,7.0,2.13,SS,waina001
112,Tim Adleman,29,CIN,NL,-0.5,5,11,0.313,5.52,30,20,4,0,0,0,122.1,124,79,75,29,51,1,108,6,1,1,531,81.0,5.87,1.431,9.1,2.1,3.8,7.9,2.12,,adlet001
113,Mike Clevinger,26,CLE,AL,3.0,12,6,0.667,3.11,27,21,1,0,0,0,121.2,92,46,42,13,60,2,137,3,0,3,502,147.0,3.85,1.249,6.8,1.0,4.4,10.1,2.28,,clevm001
114,Parker Bridwell,25,LAA,AL,1.9,10,3,0.769,3.64,21,20,0,0,0,0,121.0,115,52,49,19,30,0,73,4,0,4,492,117.0,4.84,1.198,8.6,1.4,2.2,5.4,2.43,,bridp001
115,Mike Pelfrey,33,CHW,AL,-1.1,3,12,0.2,5.93,34,21,4,0,0,0,120.0,127,87,79,25,62,4,79,10,0,1,546,73.0,6.35,1.575,9.5,1.9,4.7,5.9,1.27,,pelfm001
116,Joe Biagini,27,TOR,AL,-0.4,3,13,0.188,5.34,44,18,3,0,0,1,119.2,125,78,71,15,42,0,97,2,0,6,517,84.0,4.27,1.396,9.4,1.1,3.2,7.3,2.31,,biagj001
117,Robert Gsellman,23,NYM,NL,-0.9,8,7,0.533,5.19,25,22,1,1,0,0,119.2,138,85,69,17,42,3,82,8,0,4,549,80.0,4.89,1.504,10.4,1.3,3.2,6.2,1.95,,gselr001
118,Rafael Montero,26,NYM,NL,0.0,5,11,0.313,5.52,34,18,4,0,0,0,119.0,141,75,73,12,67,5,114,5,1,6,550,75.0,4.37,1.748,10.7,0.9,5.1,8.6,1.7,,montr004
119,Lance McCullers Jr.,23,HOU,AL,0.9,7,4,0.636,4.25,22,22,0,0,0,0,118.2,114,61,56,8,40,1,132,11,1,8,512,96.0,3.1,1.298,8.6,0.6,3.0,10.0,3.3,AS,mccul002
120,James Shields,35,CHW,AL,0.3,5,7,0.417,5.23,21,21,0,0,0,0,117.0,116,72,68,27,53,3,103,3,0,5,516,82.0,5.83,1.444,8.9,2.1,4.1,7.9,1.94,,shiej002
121,Matt Garza,33,MIL,NL,-0.2,6,9,0.4,4.94,24,22,1,0,0,0,114.2,121,72,63,17,45,4,79,1,0,4,504,89.0,4.91,1.448,9.5,1.3,3.5,6.2,1.76,,garzm001
122,Dinelson Lamet,24,SDP,NL,0.7,7,8,0.467,4.57,21,21,0,0,0,0,114.1,88,63,58,18,54,2,139,6,0,9,485,93.0,4.35,1.242,6.9,1.4,4.3,10.9,2.57,,lamed001
123,Scott Feldman,34,CIN,NL,0.5,7,7,0.5,4.77,21,21,0,1,1,0,111.1,116,62,59,21,35,2,93,6,0,3,472,94.0,5.04,1.356,9.4,1.7,2.8,7.5,2.66,,felds001
124,Nick Martinez,26,TEX,AL,0.3,3,8,0.273,5.66,23,18,2,0,0,0,111.1,124,74,70,26,28,0,67,2,0,3,478,85.0,5.8,1.365,10.0,2.1,2.3,5.4,2.39,,martn002
125,Madison Bumgarner*,27,SFG,NL,3.1,4,9,0.308,3.32,17,17,0,1,0,0,111.0,101,41,41,17,20,3,101,3,0,0,450,128.0,3.95,1.09,8.2,1.4,1.6,8.2,5.05,,bumgm001
126,Jon Gray,25,COL,NL,3.2,10,4,0.714,3.67,20,20,0,0,0,0,110.1,113,47,45,10,30,0,112,2,1,3,461,138.0,3.18,1.296,9.2,0.8,2.4,9.1,3.73,,grayj003
127,Joe Musgrove,24,HOU,AL,0.1,7,8,0.467,4.77,38,15,5,0,0,2,109.1,117,59,58,18,28,1,98,4,0,4,462,86.0,4.38,1.326,9.6,1.5,2.3,8.1,3.5,,musgj001
128,Kendall Graveman,26,OAK,AL,1.8,6,4,0.6,4.19,19,19,0,0,0,0,105.1,114,50,49,12,32,1,70,4,0,5,444,100.0,4.34,1.386,9.7,1.0,2.7,6.0,2.19,,gravk001
129,Aníbal Sánchez,33,DET,AL,-0.5,3,7,0.3,6.41,28,17,6,0,0,0,105.1,139,81,75,26,29,1,104,4,1,5,482,70.0,5.33,1.595,11.9,2.2,2.5,8.9,3.59,,sanca004
130,Danny Salazar,27,CLE,AL,1.2,5,6,0.455,4.28,23,19,3,0,0,0,103.0,94,51,49,14,44,0,145,3,0,6,439,107.0,3.48,1.34,8.2,1.2,3.8,12.7,3.3,,salad001
131,Adam Conley*,27,MIA,NL,-1.4,8,8,0.5,6.14,22,20,1,0,0,0,102.2,114,74,70,19,42,4,72,8,0,5,463,65.0,5.62,1.519,10.0,1.7,3.7,6.3,1.71,,conla001
132,Daniel Norris*,24,DET,AL,0.8,5,8,0.385,5.31,22,18,1,0,0,0,101.2,120,64,60,12,44,3,86,3,0,1,460,84.0,4.39,1.613,10.6,1.1,3.9,7.6,1.95,,norrd002
133,Seth Lugo,27,NYM,NL,0.8,7,5,0.583,4.71,19,18,1,0,0,0,101.1,114,57,53,13,25,1,85,2,1,2,436,88.0,3.95,1.372,10.1,1.2,2.2,7.5,3.4,,lugos001
134,Sean Newcomb*,24,ATL,NL,1.4,4,9,0.308,4.32,19,19,0,0,0,0,100.0,100,51,48,10,57,6,108,6,0,3,456,101.0,4.19,1.57,9.0,0.9,5.1,9.7,1.89,,newcs001
135,Jeff Hoffman,24,COL,NL,0.4,6,5,0.545,5.89,23,16,3,0,0,0,99.1,106,66,65,15,40,1,82,4,0,2,440,86.0,4.8,1.47,9.6,1.4,3.6,7.4,2.05,,hoffj003
136,Jakob Junis,24,KCR,AL,1.5,9,3,0.75,4.3,20,16,1,0,0,0,98.1,101,52,47,15,25,1,80,9,1,3,422,104.0,4.55,1.281,9.2,1.4,2.3,7.3,3.2,,
137,Adalberto Mejía*,24,MIN,AL,0.9,4,7,0.364,4.5,21,21,0,0,0,0,98.0,110,52,49,13,44,4,85,5,2,2,443,99.0,4.65,1.571,10.1,1.2,4.0,7.8,1.93,,mejia001
138,Francisco Liriano*,33,2TM,AL,-0.5,6,7,0.462,5.66,38,18,3,0,0,0,97.0,105,66,61,11,53,2,85,4,1,5,439,78.0,4.64,1.629,9.7,1.0,4.9,7.9,1.6,,lirif001
138,Francisco Liriano*,33,TOR,AL,-0.4,6,5,0.545,5.88,18,18,0,0,0,0,82.2,91,57,54,11,43,1,74,2,1,4,375,76.0,4.73,1.621,9.9,1.2,4.7,8.1,1.72,,lirif001
138,Francisco Liriano*,33,HOU,AL,-0.2,0,2,0.0,4.4,20,0,3,0,0,0,14.1,14,9,7,0,10,1,11,2,0,1,64,95.0,4.13,1.674,8.8,0.0,6.3,6.9,1.1,,lirif001
139,Michael Pineda,28,NYY,AL,0.6,8,4,0.667,4.39,17,17,0,0,0,0,96.1,103,55,47,20,21,0,92,2,1,5,410,103.0,4.66,1.287,9.6,1.9,2.0,8.6,4.38,,pinem001
140,Travis Wood*,30,2TM,2LG,-1.7,4,7,0.364,6.8,39,14,10,0,0,0,94.0,118,77,71,19,45,0,65,2,0,1,436,64.0,5.9,1.734,11.3,1.8,4.3,6.2,1.44,,woodt004
140,Travis Wood*,30,KCR,AL,-0.6,1,3,0.25,6.91,28,3,10,0,0,0,41.2,56,33,32,4,20,0,29,1,0,1,195,65.0,4.53,1.824,12.1,0.9,4.3,6.3,1.45,,woodt004
140,Travis Wood*,30,SDP,NL,-1.1,3,4,0.429,6.71,11,11,0,0,0,0,52.1,62,44,39,15,25,0,36,1,0,0,241,63.0,7.0,1.662,10.7,2.6,4.3,6.2,1.44,,woodt004
141,Chris Tillman,29,BAL,AL,-2.2,1,7,0.125,7.84,24,19,1,0,0,0,93.0,125,86,81,24,51,0,63,4,0,11,444,55.0,6.93,1.892,12.1,2.3,4.9,6.1,1.24,,tillc001
142,Matt Harvey,28,NYM,NL,-1.0,5,7,0.417,6.7,19,18,0,0,0,0,92.2,110,70,69,21,47,3,67,6,1,6,431,62.0,6.37,1.694,10.7,2.0,4.6,6.5,1.43,,harvm001
143,Brandon McCarthy,33,LAD,NL,0.8,6,4,0.6,3.98,19,16,0,0,0,0,92.2,89,43,41,5,27,0,72,3,0,4,384,104.0,3.28,1.252,8.6,0.5,2.6,7.0,2.67,,mccab001
144,Edinson Vólquez,33,MIA,NL,0.6,4,8,0.333,4.19,17,17,0,1,1,0,92.1,78,46,43,8,53,3,81,3,0,4,397,95.0,4.35,1.419,7.6,0.8,5.2,7.9,1.53,,volqe001
145,Daniel Gossett,24,OAK,AL,-0.7,4,11,0.267,6.11,18,18,0,0,0,0,91.1,116,67,62,21,31,0,72,0,0,10,414,68.0,5.59,1.609,11.4,2.1,3.1,7.1,2.32,,gossd001
146,Yusmeiro Petit,32,LAA,AL,1.6,5,2,0.714,2.76,60,1,10,0,0,4,91.1,69,32,28,9,18,4,101,1,0,0,354,154.0,2.85,0.953,6.8,0.9,1.8,10.0,5.61,,petiy001
147,Homer Bailey,31,CIN,NL,-0.9,6,9,0.4,6.43,18,18,0,0,0,0,91.0,112,67,65,11,42,2,67,8,0,4,420,70.0,4.91,1.692,11.1,1.1,4.2,6.6,1.6,,bailh001
148,Mark Leiter Jr.,26,PHI,NL,-0.1,3,6,0.333,4.96,27,11,5,0,0,0,90.2,90,59,50,18,31,2,84,7,0,3,395,87.0,5.14,1.335,8.9,1.8,3.1,8.3,2.71,,leitm002
149,Doug Fister,33,BOS,AL,0.0,5,9,0.357,4.88,18,15,3,1,0,0,90.1,87,55,49,9,38,3,83,3,1,2,392,94.0,3.98,1.384,8.7,0.9,3.8,8.3,2.18,,fistd001
150,Luis Castillo,24,CIN,NL,2.7,3,7,0.3,3.12,15,15,0,0,0,0,89.1,64,32,31,11,32,1,98,3,1,2,359,144.0,3.74,1.075,6.4,1.1,3.2,9.9,3.06,ROY-8,castl003
151,Ben Lively,25,PHI,NL,1.2,4,7,0.364,4.26,15,15,0,1,0,0,88.2,90,45,42,13,24,1,52,8,1,1,372,101.0,4.97,1.286,9.1,1.3,2.4,5.3,2.17,,liveb001
152,Sal Romano,23,CIN,NL,0.4,5,8,0.385,4.45,16,16,0,0,0,0,87.0,91,49,43,9,37,2,73,4,0,5,384,101.0,4.24,1.471,9.4,0.9,3.8,7.6,1.97,,romas001
153,Jake Faria,23,TBR,AL,1.6,5,4,0.556,3.43,16,14,1,0,0,0,86.2,71,35,33,11,31,0,84,5,0,6,357,123.0,4.12,1.177,7.4,1.1,3.2,8.7,2.71,,farij001
154,Félix Hernández,31,SEA,AL,0.7,6,5,0.545,4.36,16,16,0,0,0,0,86.2,86,46,42,17,26,0,78,6,0,8,368,96.0,5.02,1.292,8.9,1.8,2.7,8.1,3.0,,hernf002
155,Zack Wheeler,27,NYM,NL,0.2,3,7,0.3,5.21,17,17,0,0,0,0,86.1,97,53,50,15,40,1,81,3,0,1,386,79.0,5.03,1.587,10.1,1.6,4.2,8.4,2.03,,wheez001
156,Tyler Anderson*,27,COL,NL,1.4,6,6,0.5,4.81,17,15,1,0,0,0,86.0,88,48,46,16,26,0,81,2,2,6,362,105.0,4.67,1.326,9.2,1.7,2.7,8.5,3.12,,andet002
157,Matt Andriese,27,TBR,AL,0.3,5,5,0.5,4.5,18,17,1,0,0,1,86.0,90,48,43,16,28,1,76,4,2,3,374,94.0,4.93,1.372,9.4,1.7,2.9,8.0,2.71,,andrm001
158,Chris Rusin*,30,COL,NL,2.4,5,1,0.833,2.65,60,0,7,0,0,2,85.0,75,31,25,9,19,1,71,3,0,4,340,191.0,3.64,1.106,7.9,1.0,2.0,7.5,3.74,,rusic001
159,Tyler Skaggs*,25,LAA,AL,0.5,2,6,0.25,4.55,16,16,0,0,0,0,85.0,90,46,43,13,28,0,76,6,2,5,365,94.0,4.56,1.388,9.5,1.4,3.0,8.0,2.71,,skagt001
160,Robert Stephenson,24,CIN,NL,-0.3,5,6,0.455,4.68,25,11,6,0,0,1,84.2,81,52,44,12,53,3,86,2,2,5,383,96.0,4.92,1.583,8.6,1.3,5.6,9.1,1.62,,stepr002
161,Trevor Cahill,29,2TM,2LG,0.4,4,3,0.571,4.93,21,14,1,0,0,0,84.0,91,50,46,16,45,1,87,3,0,16,381,88.0,5.28,1.619,9.8,1.7,4.8,9.3,1.93,,cahit001
161,Trevor Cahill,29,SDP,NL,0.8,4,3,0.571,3.69,11,11,0,0,0,0,61.0,58,29,25,6,24,1,72,3,0,14,263,115.0,3.4,1.344,8.6,0.9,3.5,10.6,3.0,,cahit001
161,Trevor Cahill,29,KCR,AL,-0.5,0,0,,8.22,10,3,1,0,0,0,23.0,33,21,21,10,21,0,15,0,0,2,118,55.0,10.24,2.348,12.9,3.9,8.2,5.9,0.71,,cahit001
162,Michael Lorenzen,25,CIN,NL,0.1,8,4,0.667,4.45,70,0,14,0,0,2,83.0,78,43,41,9,34,5,80,4,1,12,361,101.0,4.01,1.349,8.5,1.0,3.7,8.7,2.35,,lorem002
163,Austin Pruitt,27,TBR,AL,-0.7,7,5,0.583,5.31,30,8,7,0,0,1,83.0,103,55,49,11,22,2,66,5,0,4,371,79.0,4.27,1.506,11.2,1.2,2.4,7.2,3.0,,pruia001
164,Álex Claudio*,25,TEX,AL,2.9,4,2,0.667,2.5,70,1,38,0,0,11,82.2,71,26,23,5,15,4,56,2,3,0,323,193.0,3.21,1.04,7.7,0.5,1.6,6.1,3.73,,claua001
165,Brent Suter*,27,MIL,NL,1.8,3,2,0.6,3.42,22,14,1,0,0,0,81.2,83,33,31,8,22,2,64,2,0,1,341,129.0,3.75,1.286,9.1,0.9,2.4,7.1,2.91,,suteb001
166,Chris Devenski,26,HOU,AL,1.9,8,5,0.615,2.68,62,0,10,0,0,4,80.2,50,26,24,11,26,3,100,2,0,2,316,153.0,3.49,0.942,5.6,1.2,2.9,11.2,3.85,AS,devec001
167,Craig Stammen,33,SDP,NL,1.6,2,3,0.4,3.14,60,0,9,0,0,0,80.1,68,29,28,12,28,3,74,2,0,2,329,135.0,4.38,1.195,7.6,1.3,3.1,8.3,2.64,,stamc001
168,Brad Hand*,27,SDP,NL,2.9,3,4,0.429,2.16,72,0,32,0,0,21,79.1,54,20,19,9,20,1,104,7,0,4,311,196.0,3.03,0.933,6.1,1.0,2.3,11.8,5.2,AS,handb001
169,Mychal Givens,27,BAL,AL,2.3,8,1,0.889,2.75,69,0,8,0,0,0,78.2,57,24,24,10,25,1,88,5,0,2,315,158.0,3.72,1.042,6.5,1.1,2.9,10.1,3.52,,givem001
170,Dustin McGowan,35,MIA,NL,-0.3,8,2,0.8,4.75,63,0,13,0,0,0,77.2,77,42,41,13,27,5,64,2,0,5,330,84.0,4.81,1.339,8.9,1.5,3.1,7.4,2.37,,mcgod001
171,Mike Minor*,29,KCR,AL,3.0,6,6,0.5,2.55,65,0,13,0,0,6,77.2,57,23,22,5,22,3,88,1,0,5,307,176.0,2.62,1.017,6.6,0.6,2.5,10.2,4.0,,minom001
172,Matt Shoemaker,30,LAA,AL,0.5,6,3,0.667,4.52,14,14,0,0,0,0,77.2,73,41,39,15,28,0,69,4,1,2,326,94.0,5.13,1.3,8.5,1.7,3.2,8.0,2.46,,shoem001
173,Ryan Tepera,29,TOR,AL,0.9,7,1,0.875,3.59,73,0,12,0,0,2,77.2,57,35,31,7,31,4,81,8,0,5,319,125.0,3.75,1.133,6.6,0.8,3.6,9.4,2.61,,teper001
174,A.J. Griffin,29,TEX,AL,0.0,6,6,0.5,5.94,18,15,2,1,1,0,77.1,76,52,51,20,28,0,61,6,0,2,338,81.0,6.26,1.345,8.8,2.3,3.3,7.1,2.18,,grifa002
175,Anthony Swarzak,31,2TM,2LG,2.8,6,4,0.6,2.33,70,0,6,0,0,2,77.1,58,21,20,6,22,4,91,2,0,2,303,187.0,2.74,1.034,6.8,0.7,2.6,10.6,4.14,,swara001
175,Anthony Swarzak,31,CHW,AL,1.9,4,3,0.571,2.23,41,0,5,0,0,1,48.1,37,12,12,2,13,2,52,0,0,2,186,193.0,2.35,1.034,6.9,0.4,2.4,9.7,4.0,,swara001
175,Anthony Swarzak,31,MIL,NL,0.9,2,1,0.667,2.48,29,0,1,0,0,1,29.0,21,9,8,4,9,2,39,2,0,0,117,179.0,3.4,1.034,6.5,1.2,2.8,12.1,4.33,,swara001
176,Bryan Shaw,29,CLE,AL,0.5,4,6,0.4,3.52,79,0,16,0,0,3,76.2,71,36,30,5,22,3,73,0,0,3,312,130.0,2.96,1.213,8.3,0.6,2.6,8.6,3.32,,shawb001
177,Raisel Iglesias,27,CIN,NL,2.2,3,3,0.5,2.49,63,0,57,0,0,28,76.0,57,22,21,5,27,1,92,1,0,1,306,181.0,2.7,1.105,6.8,0.6,3.2,10.9,3.41,,igler001
178,Corey Knebel,25,MIL,NL,3.7,1,4,0.2,1.78,76,0,48,0,0,39,76.0,48,15,15,6,40,5,126,2,0,2,309,248.0,2.53,1.158,5.7,0.7,4.7,14.9,3.15,AS,knebc001
179,Edwin Jackson,33,2TM,2LG,-0.3,5,6,0.455,5.21,16,13,0,0,0,0,76.0,86,53,44,20,29,2,60,0,0,3,339,86.0,6.14,1.513,10.2,2.4,3.4,7.1,2.07,,jacke001
179,Edwin Jackson,33,BAL,AL,-0.2,0,0,,7.2,3,0,0,0,0,0,5.0,11,7,4,2,4,0,2,0,0,0,29,64.0,9.96,3.0,19.8,3.6,7.2,3.6,0.5,,jacke001
179,Edwin Jackson,33,WSN,NL,-0.1,5,6,0.455,5.07,13,13,0,0,0,0,71.0,75,46,40,18,25,2,58,0,0,3,310,89.0,5.88,1.408,9.5,2.3,3.2,7.4,2.32,,jacke001
180,Addison Reed,28,2TM,2LG,2.2,2,3,0.4,2.84,77,0,32,0,0,19,76.0,65,24,24,11,15,3,76,1,0,2,306,152.0,3.67,1.053,7.7,1.3,1.8,9.0,5.07,,reeda001
180,Addison Reed,28,NYM,NL,1.7,1,2,0.333,2.57,48,0,31,0,0,19,49.0,49,14,14,6,6,1,48,0,0,1,200,162.0,3.16,1.122,9.0,1.1,1.1,8.8,8.0,,reeda001
180,Addison Reed,28,BOS,AL,0.5,1,1,0.5,3.33,29,0,1,0,0,0,27.0,16,10,10,5,9,2,28,1,0,1,106,138.0,4.6,0.926,5.3,1.7,3.0,9.3,3.11,,reeda001
181,Blake Treinen,29,2TM,2LG,1.2,3,6,0.333,3.93,72,0,35,0,0,16,75.2,80,35,33,6,25,3,74,5,0,4,325,111.0,3.42,1.388,9.5,0.7,3.0,8.8,2.96,,treib001
181,Blake Treinen,29,WSN,NL,-0.2,0,2,0.0,5.73,37,0,11,0,0,3,37.2,48,24,24,3,13,1,32,3,0,1,169,79.0,3.77,1.619,11.5,0.7,3.1,7.6,2.46,,treib001
181,Blake Treinen,29,OAK,AL,1.4,3,4,0.429,2.13,35,0,24,0,0,13,38.0,32,11,9,3,12,2,42,2,0,3,156,197.0,3.08,1.158,7.6,0.7,2.8,9.9,3.5,,treib001
182,Felipe Vázquez*,25,PIT,NL,2.6,5,3,0.625,1.67,73,0,40,0,0,21,75.1,47,19,14,4,20,0,88,4,1,2,300,256.0,2.47,0.889,5.6,0.5,2.4,10.5,4.4,,
183,Héctor Neris,28,PHI,NL,2.0,4,5,0.444,3.01,74,0,56,0,0,26,74.2,68,26,25,9,26,3,86,6,1,2,320,143.0,3.71,1.259,8.2,1.1,3.1,10.4,3.31,,nerih001
184,David Price*,31,BOS,AL,1.5,6,3,0.667,3.38,16,11,1,0,0,0,74.2,65,30,28,8,24,0,76,4,0,2,317,135.0,3.64,1.192,7.8,1.0,2.9,9.2,3.17,,pricd001
185,Ross Stripling,27,LAD,NL,0.6,3,5,0.375,3.75,49,2,12,0,0,2,74.1,69,31,31,10,19,4,74,0,0,2,304,110.0,3.68,1.184,8.4,1.2,2.3,9.0,3.89,,strir001
186,Sam Gaviglio,27,2TM,AL,0.6,4,5,0.444,4.36,16,13,1,0,0,0,74.1,76,41,36,16,26,1,49,3,2,1,313,97.0,5.81,1.372,9.2,1.9,3.1,5.9,1.88,,gavis001
186,Sam Gaviglio,27,SEA,AL,0.2,3,5,0.375,4.62,12,11,1,0,0,0,62.1,63,37,32,15,21,1,40,2,2,1,259,91.0,6.11,1.348,9.1,2.2,3.0,5.8,1.9,,gavis001
186,Sam Gaviglio,27,KCR,AL,0.4,1,0,1.0,3.0,4,2,0,0,0,0,12.0,13,4,4,1,5,0,9,1,0,0,54,153.0,4.24,1.5,9.8,0.8,3.8,6.8,1.8,,gavis001
187,Blake Wood,31,2TM,2LG,-0.7,3,4,0.429,5.45,72,0,19,0,0,0,74.1,84,49,45,8,33,2,84,1,2,7,332,82.0,3.67,1.574,10.2,1.0,4.0,10.2,2.55,,woodb004
187,Blake Wood,31,CIN,NL,-0.7,1,4,0.2,5.65,55,0,17,0,0,0,57.1,64,40,36,5,29,1,62,1,2,6,259,80.0,3.7,1.622,10.0,0.8,4.6,9.7,2.14,,woodb004
187,Blake Wood,31,LAA,AL,0.0,2,0,1.0,4.76,17,0,2,0,0,0,17.0,20,9,9,3,4,1,22,0,0,1,73,91.0,3.57,1.412,10.6,1.6,2.1,11.6,5.5,,woodb004
188,Joe Ross,24,WSN,NL,0.5,5,3,0.625,5.01,13,13,0,0,0,0,73.2,88,44,41,16,20,2,68,1,0,2,323,90.0,4.99,1.466,10.8,2.0,2.4,8.3,3.4,,rossj002
189,Archie Bradley,24,ARI,NL,3.5,3,3,0.5,1.73,63,0,13,0,0,1,73.0,55,14,14,4,21,2,79,1,1,0,290,273.0,2.61,1.041,6.8,0.5,2.6,9.7,3.76,MVP-20,brada001
190,Carlos Torres,34,MIL,NL,0.3,4,4,0.5,4.21,67,0,16,0,0,1,72.2,78,37,34,10,33,1,56,3,0,4,322,105.0,4.89,1.528,9.7,1.2,4.1,6.9,1.7,,torrc001
191,Tom Koehler,31,2TM,2LG,-1.1,1,7,0.125,6.69,27,13,0,0,0,0,72.2,83,55,54,16,35,3,62,7,0,1,334,61.0,6.05,1.624,10.3,2.0,4.3,7.7,1.77,,koeht001
191,Tom Koehler,31,MIA,NL,-1.5,1,5,0.167,7.92,12,12,0,0,0,0,55.2,67,50,49,15,29,3,44,5,0,1,259,50.0,6.91,1.725,10.8,2.4,4.7,7.1,1.52,,koeht001
191,Tom Koehler,31,TOR,AL,0.5,0,2,0.0,2.65,15,1,0,0,0,0,17.0,16,5,5,1,6,0,18,2,0,0,75,172.0,3.22,1.294,8.5,0.5,3.2,9.5,3.0,,koeht001
192,Juan Nicasio,30,3TM,NL,2.0,5,5,0.5,2.61,76,0,15,0,0,6,72.1,58,22,21,5,20,2,72,2,0,1,291,165.0,2.98,1.078,7.2,0.6,2.5,9.0,3.6,,nicaj001
192,Juan Nicasio,30,PIT,NL,1.4,2,5,0.286,2.85,65,0,8,0,0,2,60.0,49,20,19,4,18,2,60,2,0,1,243,150.0,3.02,1.117,7.4,0.6,2.7,9.0,3.33,,nicaj001
192,Juan Nicasio,30,PHI,NL,0.1,1,0,1.0,0.0,2,0,0,0,0,0,1.1,0,0,0,0,0,0,1,0,0,0,4,,1.66,0.0,0.0,0.0,0.0,6.8,,,nicaj001
192,Juan Nicasio,30,STL,NL,0.5,2,0,1.0,1.64,9,0,7,0,0,4,11.0,9,2,2,1,2,0,11,0,0,0,44,266.0,2.89,1.0,7.4,0.8,1.6,9.0,5.5,,nicaj001
193,Jacob Barnes,27,MIL,NL,0.5,3,4,0.429,4.0,73,0,8,0,0,2,72.0,57,35,32,8,33,4,80,3,0,6,304,110.0,3.88,1.25,7.1,1.0,4.1,10.0,2.42,,barnj002
194,Vince Velasquez,25,PHI,NL,0.4,2,7,0.222,5.13,15,15,0,0,0,0,72.0,74,44,41,15,34,1,68,3,1,2,315,84.0,5.52,1.5,9.3,1.9,4.3,8.5,2.0,,
195,Vance Worley,29,MIA,NL,-1.4,2,6,0.25,6.91,24,12,8,0,0,1,71.2,99,56,55,9,30,5,50,6,0,1,333,57.0,4.9,1.8,12.4,1.1,3.8,6.3,1.67,,worlv001
196,Luis García,30,PHI,NL,2.0,2,5,0.286,2.65,66,0,16,0,0,2,71.1,61,22,21,3,26,5,60,0,0,9,295,163.0,3.12,1.22,7.7,0.4,3.3,7.6,2.31,,garcl005
197,Brandon Kintzler,32,2TM,2LG,1.7,4,3,0.571,3.03,72,0,45,0,0,29,71.1,66,25,24,5,16,2,39,3,0,1,288,148.0,3.77,1.15,8.3,0.6,2.0,4.9,2.44,AS,kintb001
197,Brandon Kintzler,32,MIN,AL,1.2,2,2,0.5,2.78,45,0,41,0,0,28,45.1,41,15,14,3,11,1,27,2,0,1,182,160.0,3.69,1.147,8.1,0.6,2.2,5.4,2.45,,kintb001
197,Brandon Kintzler,32,WSN,NL,0.5,2,1,0.667,3.46,27,0,4,0,0,1,26.0,25,10,10,2,5,1,12,1,0,0,106,131.0,3.93,1.154,8.7,0.7,1.7,4.2,2.4,,kintb001
198,Bronson Arroyo,40,CIN,NL,-1.5,3,6,0.333,7.35,14,14,0,0,0,0,71.0,94,59,58,23,19,2,45,2,0,1,322,61.0,6.99,1.592,11.9,2.9,2.4,5.7,2.37,,arrob001
199,Tyler Duffey,26,MIN,AL,-0.3,2,3,0.4,4.94,56,0,7,0,0,1,71.0,79,41,39,9,18,5,67,1,0,4,310,90.0,3.72,1.366,10.0,1.1,2.3,8.5,3.72,,dufft001
200,Amir Garrett*,25,CIN,NL,-1.6,3,8,0.273,7.39,16,14,0,0,0,0,70.2,74,60,58,23,40,2,63,2,0,1,321,61.0,7.39,1.613,9.4,2.9,5.1,8.0,1.58,,garra001
201,Junior Guerra,32,MIL,NL,-0.1,1,4,0.2,5.12,21,14,2,0,0,0,70.1,61,44,40,18,43,0,67,4,0,5,314,86.0,6.58,1.479,7.8,2.3,5.5,8.6,1.56,,guerj003
202,Dominic Leone,25,TOR,AL,2.0,3,0,1.0,2.56,65,0,6,0,0,1,70.1,51,22,20,6,23,3,81,0,0,8,279,175.0,2.94,1.052,6.5,0.8,2.9,10.4,3.52,,leond003
203,Héctor Santiago*,29,MIN,AL,0.0,4,8,0.333,5.63,15,14,1,0,0,0,70.1,70,44,44,15,31,0,51,5,1,0,311,79.0,6.02,1.436,9.0,1.9,4.0,6.5,1.65,,santh001
204,Dylan Covey,25,CHW,AL,-1.3,0,7,0.0,7.71,18,12,4,0,0,0,70.0,83,60,60,20,34,1,41,1,1,6,309,56.0,7.2,1.671,10.7,2.6,4.4,5.3,1.21,,coved001
205,Matt Barnes,27,BOS,AL,0.6,7,3,0.7,3.88,70,0,15,0,0,1,69.2,57,31,30,7,28,0,83,1,0,3,287,118.0,3.33,1.22,7.4,0.9,3.6,10.7,2.96,,barnm001
206,Jesse Hahn,27,OAK,AL,-0.1,3,6,0.333,5.3,14,13,1,0,0,0,69.2,78,46,41,4,27,0,55,3,0,2,316,79.0,3.62,1.507,10.1,0.5,3.5,7.1,2.04,,hahnj001
207,Jordan Lyles,26,2TM,NL,-1.2,1,5,0.167,7.75,38,5,12,0,0,0,69.2,96,61,60,16,22,1,55,4,0,4,324,62.0,5.68,1.694,12.4,2.1,2.8,7.1,2.5,,lylej001
207,Jordan Lyles,26,COL,NL,-0.4,0,2,0.0,6.94,33,0,12,0,0,0,46.2,61,37,36,11,12,1,33,4,0,2,211,73.0,5.84,1.564,11.8,2.1,2.3,6.4,2.75,,lylej001
207,Jordan Lyles,26,SDP,NL,-0.7,1,3,0.25,9.39,5,5,0,0,0,0,23.0,35,24,24,5,10,0,22,0,0,2,113,46.0,5.38,1.957,13.7,2.0,3.9,8.6,2.2,,lylej001
208,Austin Bibens-Dirkx,32,TEX,AL,1.0,5,2,0.714,4.67,24,6,6,0,0,0,69.1,74,36,36,14,20,0,38,3,0,3,299,103.0,5.68,1.356,9.6,1.8,2.6,4.9,1.9,,bibea001
209,Carlos Rodón*,24,CHW,AL,1.2,2,5,0.286,4.15,12,12,0,0,0,0,69.1,64,35,32,12,31,0,76,3,0,4,297,104.0,4.69,1.37,8.3,1.6,4.0,9.9,2.45,,rodoc001
210,Scott Alexander*,27,KCR,AL,2.3,5,4,0.556,2.48,58,0,9,0,0,4,69.0,62,23,19,3,28,0,59,0,0,3,283,181.0,3.23,1.304,8.1,0.4,3.7,7.7,2.11,,alexs001
211,Chad Green,26,NYY,AL,2.7,5,0,1.0,1.83,40,1,4,0,0,0,69.0,34,14,14,4,17,0,103,2,0,3,253,248.0,1.75,0.739,4.4,0.5,2.2,13.4,6.06,,greec003
212,Craig Kimbrel,29,BOS,AL,3.6,5,0,1.0,1.43,67,0,51,0,0,35,69.0,33,11,11,6,14,0,126,4,0,5,254,319.0,1.42,0.681,4.3,0.8,1.8,16.4,9.0,ASCYA-6,kimbc001
213,Kenley Jansen,29,LAD,NL,3.0,5,0,1.0,1.32,65,0,57,0,0,41,68.1,44,11,10,5,7,0,109,2,1,2,258,315.0,1.31,0.746,5.8,0.7,0.9,14.4,15.57,ASCYA-5MVP-15,jansk001
214,José Torres*,23,SDP,NL,0.4,7,4,0.636,4.21,62,0,16,0,0,1,68.1,63,34,32,13,16,0,63,4,3,2,284,100.0,4.67,1.156,8.3,1.7,2.1,8.3,3.94,,torrj001
215,David Robertson,32,2TM,AL,2.9,9,2,0.818,1.84,61,0,34,0,0,14,68.1,35,14,14,6,23,5,98,3,0,7,264,241.0,2.57,0.849,4.6,0.8,3.0,12.9,4.26,,robed002
215,David Robertson,32,CHW,AL,1.1,4,2,0.667,2.7,31,0,28,0,0,13,33.1,21,10,10,4,11,3,47,2,0,3,132,161.0,3.07,0.96,5.7,1.1,3.0,12.7,4.27,,robed002
215,David Robertson,32,NYY,AL,1.8,5,0,1.0,1.03,30,0,6,0,0,1,35.0,14,4,4,2,12,2,51,1,0,4,132,442.0,2.1,0.743,3.6,0.5,3.1,13.1,4.25,,robed002
216,Brad Brach,31,BAL,AL,1.2,4,5,0.444,3.18,67,0,36,0,0,18,68.0,51,27,24,7,26,1,70,0,1,4,275,137.0,3.58,1.132,6.8,0.9,3.4,9.3,2.69,,bracb001
217,Cory Gearrin,31,SFG,NL,2.4,4,3,0.571,1.99,68,0,21,0,0,0,68.0,50,16,15,4,35,4,64,7,0,3,285,215.0,3.89,1.25,6.6,0.5,4.6,8.5,1.83,,gearc001
218,Wade LeBlanc*,32,PIT,NL,0.2,5,2,0.714,4.5,50,0,18,0,0,1,68.0,64,35,34,10,17,1,54,1,0,2,283,95.0,4.28,1.191,8.5,1.3,2.3,7.1,3.18,,leblw001
219,Shane Greene,28,DET,AL,2.6,4,3,0.571,2.66,71,0,26,0,0,9,67.2,50,21,20,6,34,4,73,4,0,1,283,169.0,3.84,1.241,6.7,0.8,4.5,9.7,2.15,,grees005
220,Cody Allen,28,CLE,AL,1.6,3,7,0.3,2.94,69,0,55,0,0,30,67.1,57,24,22,9,21,0,92,2,0,9,282,156.0,3.19,1.158,7.6,1.2,2.8,12.3,4.38,,allec002
221,Brett Cecil*,30,STL,NL,0.5,2,4,0.333,3.88,73,0,12,0,0,1,67.1,67,31,29,7,16,3,66,0,0,3,277,109.0,3.26,1.233,9.0,0.9,2.1,8.8,4.13,,cecib001
222,Alex Meyer,27,LAA,AL,1.0,4,5,0.444,3.74,13,13,0,0,0,0,67.1,48,30,28,6,42,0,75,4,1,5,292,114.0,4.14,1.337,6.4,0.8,5.6,10.0,1.79,,meyea001
223,Blake Parker,32,LAA,AL,1.7,3,3,0.5,2.54,71,0,17,0,0,8,67.1,40,20,19,7,16,0,86,1,0,4,254,168.0,2.71,0.832,5.3,0.9,2.1,11.5,5.38,,parkb001
224,Alex Colomé,28,TBR,AL,0.9,2,3,0.4,3.24,65,0,53,0,0,47,66.2,57,27,24,4,23,7,58,3,0,4,281,130.0,3.37,1.2,7.7,0.5,3.1,7.8,2.52,,coloa001
225,Steven Matz*,26,NYM,NL,-0.2,2,7,0.222,6.08,13,13,0,0,0,0,66.2,83,46,45,12,19,2,48,3,0,1,298,68.0,5.05,1.53,11.2,1.6,2.6,6.5,2.53,,matzs001
226,Tony Watson*,32,2TM,NL,0.9,7,4,0.636,3.38,71,0,23,0,0,10,66.2,72,26,25,9,20,7,53,5,0,0,291,126.0,4.45,1.38,9.7,1.2,2.7,7.2,2.65,,watst001
226,Tony Watson*,32,PIT,NL,0.5,5,3,0.625,3.66,47,0,22,0,0,10,46.2,57,20,19,7,14,4,35,3,0,0,209,117.0,4.7,1.521,11.0,1.4,2.7,6.8,2.5,,watst001
226,Tony Watson*,32,LAD,NL,0.4,2,1,0.667,2.7,24,0,1,0,0,0,20.0,15,6,6,2,6,3,18,2,0,0,82,156.0,3.86,1.05,6.8,0.9,2.7,8.1,3.0,,watst001
227,Miguel Castro,22,BAL,AL,0.9,3,3,0.5,3.53,39,1,8,0,0,0,66.1,53,29,26,8,28,4,38,2,0,2,274,123.0,4.94,1.221,7.2,1.1,3.8,5.2,1.36,,castm002
228,Carl Edwards Jr.,25,CHC,NL,1.6,5,4,0.556,2.98,73,0,8,0,0,0,66.1,29,22,22,6,38,2,94,4,0,4,262,148.0,3.4,1.01,3.9,0.8,5.2,12.8,2.47,,edwac001
229,George Kontos,32,2TM,NL,1.2,1,6,0.143,3.39,65,0,16,0,0,1,66.1,61,27,25,9,20,2,70,0,0,2,278,127.0,3.72,1.221,8.3,1.2,2.7,9.5,3.5,,kontg001
229,George Kontos,32,SFG,NL,0.6,0,5,0.0,3.83,50,0,12,0,0,0,51.2,52,24,22,8,17,2,55,0,0,2,223,112.0,4.03,1.335,9.1,1.4,3.0,9.6,3.24,,kontg001
229,George Kontos,32,PIT,NL,0.5,1,1,0.5,1.84,15,0,4,0,0,1,14.2,9,3,3,1,3,0,15,0,0,0,55,237.0,2.61,0.818,5.5,0.6,1.8,9.2,5.0,,kontg001
230,Danny Barnes,27,TOR,AL,1.2,3,6,0.333,3.55,60,0,13,0,0,0,66.0,48,26,26,11,24,1,62,1,0,1,265,127.0,4.58,1.091,6.5,1.5,3.3,8.5,2.58,,barnd002
231,Kyle Barraclough,27,MIA,NL,0.8,6,2,0.75,3.0,66,0,12,0,0,1,66.0,53,25,22,5,38,3,76,2,1,6,286,132.0,3.66,1.379,7.2,0.7,5.2,10.4,2.0,,barrk002
232,Edwin Díaz,23,SEA,AL,0.8,4,6,0.4,3.27,66,0,52,0,0,34,66.0,44,28,24,10,32,2,89,3,1,3,278,128.0,4.02,1.152,6.0,1.4,4.4,12.1,2.78,,diaze006
233,Paul Sewald,27,NYM,NL,0.1,0,6,0.0,4.55,57,0,12,0,0,0,65.1,58,36,33,8,21,2,69,3,1,3,275,91.0,3.74,1.209,8.0,1.1,2.9,9.5,3.29,,sewap001
234,Andrew Triggs,28,OAK,AL,-0.1,5,6,0.455,4.27,12,12,0,0,0,0,65.1,68,42,31,9,19,0,50,4,0,5,283,98.0,4.47,1.332,9.4,1.2,2.6,6.9,2.63,,triga001
235,Jeremy Jeffress,29,2TM,2LG,0.5,5,2,0.714,4.68,61,1,12,0,0,0,65.1,73,35,34,10,34,4,51,2,0,6,295,100.0,5.24,1.638,10.1,1.4,4.7,7.0,1.5,,jeffj001
235,Jeremy Jeffress,29,TEX,AL,0.0,1,2,0.333,5.31,39,0,10,0,0,0,40.2,49,25,24,8,19,2,29,2,0,3,183,91.0,5.84,1.672,10.8,1.8,4.2,6.4,1.53,,jeffj001
235,Jeremy Jeffress,29,MIL,NL,0.4,4,0,1.0,3.65,22,1,2,0,0,0,24.2,24,10,10,2,15,2,22,0,0,3,112,122.0,4.25,1.581,8.8,0.7,5.5,8.0,1.47,,jeffj001
236,Ryan Buchter*,30,2TM,2LG,1.2,4,3,0.571,2.89,71,0,12,0,0,1,65.1,44,25,21,10,26,1,65,4,1,0,268,151.0,4.54,1.071,6.1,1.4,3.6,9.0,2.5,,buchr001
236,Ryan Buchter*,30,SDP,NL,0.6,3,3,0.5,3.05,42,0,5,0,0,1,38.1,28,15,13,7,18,0,47,1,1,0,161,139.0,4.57,1.2,6.6,1.6,4.2,11.0,2.61,,buchr001
236,Ryan Buchter*,30,KCR,AL,0.6,1,0,1.0,2.67,29,0,7,0,0,0,27.0,16,10,8,3,8,1,18,3,0,0,107,170.0,4.49,0.889,5.3,1.0,2.7,6.0,2.25,,buchr001
237,Chris Beck,26,CHW,AL,-0.7,2,1,0.667,6.4,57,0,12,0,0,0,64.2,73,48,46,16,34,3,42,4,0,1,294,67.0,6.84,1.655,10.2,2.2,4.7,5.8,1.24,,beckc002
238,Wandy Peralta*,25,CIN,NL,0.7,3,4,0.429,3.76,69,0,10,0,0,0,64.2,53,28,27,8,24,1,57,1,0,4,263,120.0,4.16,1.191,7.4,1.1,3.3,7.9,2.38,,peraw002
239,Nick Vincent,30,SEA,AL,1.4,3,3,0.5,3.2,69,0,7,0,0,0,64.2,62,23,23,3,13,5,50,0,0,0,262,131.0,2.82,1.16,8.6,0.4,1.8,7.0,3.85,,vincn001
240,Zach Eflin,23,PHI,NL,-0.3,1,5,0.167,6.16,11,11,0,0,0,0,64.1,79,45,44,16,12,0,35,5,0,2,280,70.0,6.1,1.415,11.1,2.2,1.7,4.9,2.92,,efliz001
241,Pedro Báez,29,LAD,NL,0.7,3,6,0.333,2.95,66,0,6,0,0,0,64.0,56,24,21,9,29,2,64,2,1,1,280,140.0,4.44,1.328,7.9,1.3,4.1,9.0,2.21,,baezp001
242,Liam Hendriks,28,OAK,AL,0.1,4,2,0.667,4.22,70,0,13,0,0,1,64.0,57,34,30,7,23,0,78,0,0,6,273,99.0,3.22,1.25,8.0,1.0,3.2,11.0,3.39,,hendl001
243,Roberto Osuna,22,TOR,AL,1.3,3,4,0.429,3.38,66,0,58,0,0,39,64.0,46,26,24,3,9,0,83,3,0,4,249,133.0,1.74,0.859,6.5,0.4,1.3,11.7,9.22,AS,osunr001
244,Richard Bleier*,30,BAL,AL,1.4,2,1,0.667,1.99,57,0,14,0,0,0,63.1,62,23,14,6,13,3,26,4,0,5,265,219.0,4.37,1.184,8.8,0.9,1.8,3.7,2.0,,bleir001
245,Collin McHugh,30,HOU,AL,1.2,5,2,0.714,3.55,12,12,0,0,0,0,63.1,62,27,25,7,20,0,62,5,0,4,271,115.0,3.82,1.295,8.8,1.0,2.8,8.8,3.1,,mchuc001
246,Randall Delgado,27,ARI,NL,0.6,1,2,0.333,3.59,26,5,5,0,0,1,62.2,60,31,25,6,14,0,60,0,0,1,259,131.0,3.16,1.181,8.6,0.9,2.0,8.6,4.29,,delgr001
247,Ken Giles,26,HOU,AL,2.0,1,3,0.25,2.3,63,0,55,0,0,34,62.2,44,16,16,4,21,0,83,1,0,3,247,178.0,2.39,1.037,6.3,0.6,3.0,11.9,3.95,,gilek001
248,Andrew Miller*,32,CLE,AL,3.0,4,3,0.571,1.44,57,0,6,0,0,2,62.2,31,11,10,3,21,0,95,5,0,1,244,319.0,1.99,0.83,4.5,0.4,3.0,13.6,4.52,AS,milla002
249,Warwick Saupold,27,DET,AL,0.4,3,2,0.6,4.88,45,0,10,0,0,0,62.2,64,36,34,9,31,5,44,6,0,4,280,92.0,5.39,1.516,9.2,1.3,4.5,6.3,1.42,,saupw001
250,Dan Jennings*,30,2TM,AL,0.9,3,1,0.75,3.45,77,0,12,0,0,0,62.2,53,27,24,8,31,7,51,1,0,3,267,125.0,4.72,1.34,7.6,1.1,4.5,7.3,1.65,,jennd003
250,Dan Jennings*,30,CHW,AL,0.6,3,1,0.75,3.45,48,0,8,0,0,0,44.1,35,20,17,6,19,4,38,1,0,0,185,125.0,4.56,1.218,7.1,1.2,3.9,7.7,2.0,,jennd003
250,Dan Jennings*,30,TBR,AL,0.3,0,0,,3.44,29,0,4,0,0,0,18.1,18,7,7,2,12,3,13,0,0,3,82,125.0,5.12,1.636,8.8,1.0,5.9,6.4,1.08,,jennd003
251,Tommy Kahnle,27,2TM,AL,1.7,2,4,0.333,2.59,69,0,17,0,0,0,62.2,53,20,18,4,17,1,96,2,0,5,256,171.0,1.83,1.117,7.6,0.6,2.4,13.8,5.65,,kahnt001
251,Tommy Kahnle,27,CHW,AL,0.9,1,3,0.25,2.5,37,0,10,0,0,0,36.0,28,12,10,3,7,1,60,0,0,2,141,173.0,1.49,0.972,7.0,0.8,1.8,15.0,8.57,,kahnt001
251,Tommy Kahnle,27,NYY,AL,0.8,1,1,0.5,2.7,32,0,7,0,0,0,26.2,25,8,8,1,10,0,36,2,0,3,115,169.0,2.3,1.313,8.4,0.3,3.4,12.2,3.6,,kahnt001
252,Chad Bell*,28,DET,AL,-0.4,0,3,0.0,6.93,28,4,6,0,0,0,62.1,81,49,48,12,31,3,57,3,0,1,293,65.0,5.47,1.797,11.7,1.7,4.5,8.2,1.84,,bellc003
253,Brian Duensing*,34,CHC,NL,1.4,1,1,0.5,2.74,68,0,12,0,0,0,62.1,58,19,19,6,18,1,61,2,0,2,257,161.0,3.41,1.219,8.4,0.9,2.6,8.8,3.39,,duenb001
254,Asher Wojciechowski,28,CIN,NL,-1.0,4,3,0.571,6.5,25,8,2,0,0,0,62.1,71,48,45,14,19,1,64,5,0,1,279,69.0,5.18,1.444,10.3,2.0,2.7,9.2,3.37,,wojca001
255,Pat Neshek,36,2TM,NL,2.8,5,3,0.625,1.59,71,0,7,0,0,1,62.1,48,13,11,3,6,0,69,0,0,0,235,290.0,1.86,0.866,6.9,0.4,0.9,10.0,11.5,AS,neshp001
255,Pat Neshek,36,PHI,NL,2.1,3,2,0.6,1.12,43,0,5,0,0,1,40.1,28,5,5,2,5,0,45,0,0,0,148,389.0,1.94,0.818,6.2,0.4,1.1,10.0,9.0,,neshp001
255,Pat Neshek,36,COL,NL,0.7,2,1,0.667,2.45,28,0,2,0,0,0,22.0,20,8,6,1,1,0,24,0,0,0,87,208.0,1.7,0.955,8.2,0.4,0.4,9.8,24.0,,neshp001
256,Tyler Glasnow,23,PIT,NL,-1.9,2,7,0.222,7.69,15,13,0,0,0,0,62.0,81,61,53,13,44,2,56,2,0,3,305,56.0,6.3,2.016,11.8,1.9,6.4,8.1,1.27,,glast001
257,Heath Hembree,28,BOS,AL,0.3,2,3,0.4,3.63,62,0,8,0,0,0,62.0,72,29,25,10,18,0,70,1,0,2,271,126.0,3.92,1.452,10.5,1.5,2.6,10.2,3.89,,hembh001
258,Zach McAllister,29,CLE,AL,1.4,2,2,0.5,2.61,50,0,18,0,0,0,62.0,53,18,18,8,21,0,66,1,0,3,249,175.0,3.77,1.194,7.7,1.2,3.0,9.6,3.14,,mcalz001
259,Bud Norris,32,LAA,AL,0.3,2,6,0.25,4.21,60,3,35,0,0,19,62.0,56,29,29,8,27,3,74,3,0,6,267,101.0,3.9,1.339,8.1,1.2,3.9,10.7,2.74,,norrb001
260,José Ramírez,27,ATL,NL,1.1,2,3,0.4,3.19,68,0,7,0,0,0,62.0,45,26,22,9,29,1,56,5,0,1,258,137.0,4.88,1.194,6.5,1.3,4.2,8.1,1.93,,ramij003
261,Daniel Hudson,30,PIT,NL,-0.1,2,7,0.222,4.38,71,0,18,0,0,0,61.2,57,34,30,7,33,1,66,5,0,4,271,98.0,4.34,1.459,8.3,1.0,4.8,9.6,2.0,,hudsd001
262,Ryan Pressly,28,MIN,AL,0.0,2,3,0.4,4.7,57,0,10,0,0,0,61.1,52,34,32,10,19,5,61,3,0,5,252,95.0,4.36,1.158,7.6,1.5,2.8,9.0,3.21,,presr001
263,Hunter Strickland,28,SFG,NL,1.8,4,3,0.571,2.64,68,0,17,0,0,1,61.1,59,20,18,4,29,4,58,2,1,3,268,162.0,3.63,1.435,8.7,0.6,4.3,8.5,2.0,,strih001
264,Matt Albers,34,WSN,NL,2.5,7,2,0.778,1.62,63,0,23,0,0,2,61.0,35,12,11,6,17,0,63,4,0,0,233,277.0,3.4,0.852,5.2,0.9,2.5,9.3,3.71,,albem001
265,Luke Gregerson,33,HOU,AL,0.0,2,3,0.4,4.57,65,0,13,0,0,1,61.0,62,31,31,13,20,4,70,0,1,5,263,90.0,4.62,1.344,9.1,1.9,3.0,10.3,3.5,,gregl001
266,Matt Belisle,37,MIN,AL,0.1,2,2,0.5,4.03,62,0,20,0,0,9,60.1,48,31,27,7,22,6,54,2,1,2,247,110.0,4.07,1.16,7.2,1.0,3.3,8.1,2.45,,belim001
267,Darren O'Day,34,BAL,AL,1.0,2,3,0.4,3.43,64,0,16,0,0,2,60.1,41,24,23,8,24,2,76,3,1,0,240,127.0,3.7,1.077,6.1,1.2,3.6,11.3,3.17,,odayd001
268,Pedro Strop,32,CHC,NL,1.1,5,4,0.556,2.83,69,0,8,0,0,0,60.1,45,22,19,4,26,1,65,3,1,7,250,156.0,3.31,1.177,6.7,0.6,3.9,9.7,2.5,,strop001
269,Luke Weaver,23,STL,NL,0.8,7,2,0.778,3.88,13,10,0,0,0,0,60.1,59,27,26,7,17,1,72,1,0,0,252,109.0,3.17,1.26,8.8,1.0,2.5,10.7,4.24,,weavl001
270,Tyler Clippard,32,3TM,AL,0.1,2,8,0.2,4.77,67,0,23,0,0,5,60.1,47,33,32,10,31,1,72,2,0,11,264,93.0,4.57,1.293,7.0,1.5,4.6,10.7,2.32,,clipt001
270,Tyler Clippard,32,NYY,AL,-0.2,1,5,0.167,4.95,40,0,7,0,0,1,36.1,28,21,20,7,19,1,42,1,0,5,158,92.0,5.0,1.294,6.9,1.7,4.7,10.4,2.21,,clipt001
270,Tyler Clippard,32,CHW,AL,0.5,1,1,0.5,1.8,11,0,7,0,0,2,10.0,8,2,2,0,5,0,12,0,0,3,44,247.0,2.26,1.3,7.2,0.0,4.5,10.8,2.4,,clipt001
270,Tyler Clippard,32,HOU,AL,-0.3,0,2,0.0,6.43,16,0,9,0,0,2,14.0,11,10,10,3,7,0,18,1,0,3,62,65.0,5.09,1.286,7.1,1.9,4.5,11.6,2.57,,clipt001
271,Alec Asher,25,BAL,AL,0.0,2,5,0.286,5.25,24,6,6,0,0,0,60.0,61,36,35,10,23,2,47,7,0,4,265,83.0,5.26,1.4,9.2,1.5,3.5,7.1,2.04,,ashea001
272,Sam Freeman*,30,ATL,NL,1.6,2,0,1.0,2.55,58,0,5,0,0,0,60.0,48,19,17,3,27,2,59,3,0,2,254,171.0,3.34,1.25,7.2,0.5,4.1,8.9,2.19,,frees001
273,Dan Otero,32,CLE,AL,0.8,3,0,1.0,2.85,52,0,14,0,0,0,60.0,63,23,19,6,9,4,38,0,0,0,242,161.0,3.64,1.2,9.5,0.9,1.4,5.7,4.22,,oterd001
274,Alex Wilson,30,DET,AL,0.5,2,5,0.286,4.5,66,0,11,0,0,2,60.0,67,34,30,7,15,5,42,3,0,4,260,100.0,4.17,1.367,10.1,1.1,2.3,6.3,2.8,,wilsa001
275,Dellin Betances,29,NYY,AL,1.5,3,6,0.333,2.87,66,0,21,0,0,10,59.2,29,20,19,3,44,0,100,11,1,5,261,158.0,3.23,1.223,4.4,0.5,6.6,15.1,2.27,AS,betad001
276,Jared Hughes,31,MIL,NL,1.2,5,3,0.625,3.02,67,0,15,0,0,1,59.2,49,21,20,4,24,5,48,6,0,6,244,146.0,3.93,1.223,7.4,0.6,3.6,7.2,2.0,,hughj001
277,Chris Hatcher,32,2TM,2LG,0.4,1,2,0.333,4.22,49,0,17,0,0,1,59.2,58,29,28,10,21,2,63,0,1,2,257,99.0,4.28,1.324,8.7,1.5,3.2,9.5,3.0,,hatcc002
277,Chris Hatcher,32,LAD,NL,-0.1,0,1,0.0,4.66,26,0,15,0,0,0,36.2,37,20,19,7,12,0,43,0,1,2,158,89.0,4.28,1.336,9.1,1.7,2.9,10.6,3.58,,hatcc002
277,Chris Hatcher,32,OAK,AL,0.5,1,1,0.5,3.52,23,0,2,0,0,1,23.0,21,9,9,3,9,2,20,0,0,0,99,120.0,4.29,1.304,8.2,1.2,3.5,7.8,2.22,,hatcc002
278,Kelvin Herrera,27,KCR,AL,0.3,3,3,0.5,4.25,64,0,48,0,0,26,59.1,60,33,28,9,20,2,56,1,0,2,259,106.0,4.3,1.348,9.1,1.4,3.0,8.5,2.8,,herrk001
279,Peter Moylan,38,KCR,AL,1.2,0,0,,3.49,79,0,7,0,0,0,59.1,40,26,23,4,25,3,46,5,0,1,243,129.0,4.0,1.096,6.1,0.6,3.8,7.0,1.84,,moylp001
280,Seunghwan Oh,34,STL,NL,-0.1,1,6,0.143,4.1,62,0,38,0,0,20,59.1,68,31,27,10,15,9,54,3,0,1,264,103.0,4.44,1.399,10.3,1.5,2.3,8.2,3.6,,
281,Brandon Maurer,26,2TM,2LG,-1.1,3,6,0.333,6.52,68,0,43,0,0,22,59.1,73,43,43,8,19,2,59,1,0,1,267,67.0,3.93,1.551,11.1,1.2,2.9,8.9,3.11,,maurb001
281,Brandon Maurer,26,SDP,NL,-0.6,1,4,0.2,5.72,42,0,33,0,0,20,39.1,39,25,25,4,8,1,38,1,0,1,162,74.0,3.23,1.195,8.9,0.9,1.8,8.7,4.75,,maurb001
281,Brandon Maurer,26,KCR,AL,-0.5,2,2,0.5,8.1,26,0,10,0,0,2,20.0,34,18,18,4,11,1,21,0,0,0,105,56.0,5.31,2.25,15.3,1.8,5.0,9.5,1.91,,maurb001
282,Santiago Casilla,36,OAK,AL,0.5,4,5,0.444,4.27,63,0,33,0,0,16,59.0,58,29,28,8,22,1,57,6,0,3,259,98.0,4.41,1.356,8.8,1.2,3.4,8.7,2.59,,garcj002
283,Andrew Moore,23,SEA,AL,-0.1,1,5,0.167,5.34,11,9,1,0,0,0,59.0,60,36,35,14,8,0,31,1,0,0,243,78.0,5.65,1.153,9.2,2.1,1.2,4.7,3.88,,moora002
284,Ryan Madson,36,2TM,2LG,2.5,5,4,0.556,1.83,60,0,10,0,0,2,59.0,38,12,12,2,9,2,67,4,0,0,219,236.0,1.99,0.797,5.8,0.3,1.4,10.2,7.44,,madsr001
284,Ryan Madson,36,OAK,AL,1.5,2,4,0.333,2.06,40,0,8,0,0,1,39.1,25,9,9,2,6,2,39,2,0,0,144,204.0,2.45,0.788,5.7,0.5,1.4,8.9,6.5,,madsr001
284,Ryan Madson,36,WSN,NL,1.0,3,0,1.0,1.37,20,0,2,0,0,1,19.2,13,3,3,0,3,0,28,2,0,0,75,331.0,1.07,0.814,5.9,0.0,1.4,12.8,9.33,,madsr001
285,Paul Blackburn,23,OAK,AL,1.5,3,1,0.75,3.22,10,10,0,0,0,0,58.2,58,22,21,5,16,0,22,1,0,1,238,130.0,4.39,1.261,8.9,0.8,2.5,3.4,1.38,,blacp001
286,Matt Bowman,26,STL,NL,0.2,3,6,0.333,3.99,75,0,10,0,0,2,58.2,52,29,26,4,18,2,46,5,0,1,247,106.0,3.65,1.193,8.0,0.6,2.8,7.1,2.56,,bowmm001
287,Wade Davis,31,CHC,NL,1.9,4,2,0.667,2.3,59,0,56,0,0,32,58.2,39,16,15,6,28,1,79,3,0,7,242,192.0,3.38,1.142,6.0,0.9,4.3,12.1,2.82,AS,daviw001
288,Tommy Hunter,30,TBR,AL,1.4,3,5,0.375,2.61,61,0,11,0,0,1,58.2,43,18,17,6,14,0,64,1,0,2,228,162.0,3.07,0.972,6.6,0.9,2.1,9.8,4.57,,huntt002
289,Chris Stratton,26,SFG,NL,1.4,4,4,0.5,3.68,13,10,1,0,0,1,58.2,59,25,24,5,28,0,51,1,0,2,256,116.0,4.01,1.483,9.1,0.8,4.3,7.8,1.82,,strac001
290,AJ Ramos,30,2TM,NL,0.4,2,4,0.333,3.99,61,0,55,0,0,27,58.2,49,27,26,7,34,1,72,2,0,7,258,102.0,4.1,1.415,7.5,1.1,5.2,11.0,2.12,,ramoa001
290,AJ Ramos,30,MIA,NL,0.3,2,4,0.333,3.63,40,0,38,0,0,20,39.2,30,17,16,4,22,1,47,2,0,4,171,110.0,3.91,1.311,6.8,0.9,5.0,10.7,2.14,,ramoa001
290,AJ Ramos,30,NYM,NL,0.1,0,0,,4.74,21,0,17,0,0,7,19.0,19,10,10,3,12,0,25,0,0,3,87,89.0,4.47,1.632,9.0,1.4,5.7,11.8,2.08,,ramoa001
291,Fernando Salas,32,2TM,2LG,-0.7,2,2,0.5,5.22,61,0,11,0,0,0,58.2,67,39,34,7,22,6,56,0,0,4,263,81.0,3.93,1.517,10.3,1.1,3.4,8.6,2.55,,salaf001
291,Fernando Salas,32,NYM,NL,-1.0,1,2,0.333,6.0,48,0,7,0,0,0,45.0,60,35,30,7,20,6,47,0,0,4,214,69.0,4.42,1.778,12.0,1.4,4.0,9.4,2.35,,salaf001
291,Fernando Salas,32,LAA,AL,0.3,1,0,1.0,2.63,13,0,4,0,0,0,13.2,7,4,4,0,2,0,9,0,0,0,49,165.0,2.28,0.659,4.6,0.0,1.3,5.9,4.5,,salaf001
292,Odrisamer Despaigne,30,MIA,NL,0.1,2,3,0.4,4.01,18,8,5,0,0,1,58.1,57,31,26,3,24,1,31,3,0,1,254,99.0,4.15,1.389,8.8,0.5,3.7,4.8,1.29,,despo001
293,Keynan Middleton,23,LAA,AL,0.6,6,1,0.857,3.86,64,0,17,0,0,3,58.1,60,25,25,11,18,2,63,0,0,2,246,111.0,4.38,1.337,9.3,1.7,2.8,9.7,3.5,,middk001
294,Scott Oberg,27,COL,NL,0.3,0,1,0.0,4.94,66,0,12,0,0,0,58.1,70,35,32,4,24,2,55,2,0,3,265,103.0,3.5,1.611,10.8,0.6,3.7,8.5,2.29,,obers001
295,Jhan Mariñez,28,3TM,2LG,0.5,0,3,0.0,3.7,43,0,19,0,0,0,58.1,64,26,24,6,26,3,45,7,0,6,262,120.0,4.65,1.543,9.9,0.9,4.0,6.9,1.73,,marij001
295,Jhan Mariñez,28,2TM,NL,0.3,0,3,0.0,3.91,39,0,15,0,0,0,50.2,57,24,22,6,23,3,40,5,0,6,229,111.0,4.78,1.579,10.1,1.1,4.1,7.1,1.74,,marij001
295,Jhan Mariñez,28,MIL,NL,-0.2,0,2,0.0,5.4,15,0,3,0,0,0,16.2,23,12,10,2,11,2,14,1,0,2,81,83.0,5.2,2.04,12.4,1.1,5.9,7.6,1.27,,marij001
295,Jhan Mariñez,28,PIT,NL,0.6,0,1,0.0,3.18,24,0,12,0,0,0,34.0,34,12,12,4,12,1,26,4,0,4,148,135.0,4.57,1.353,9.0,1.1,3.2,6.9,2.17,,marij001
295,Jhan Mariñez,28,TEX,AL,0.2,0,0,,2.35,4,0,4,0,0,0,7.2,7,2,2,0,3,0,5,2,0,0,33,214.0,3.81,1.304,8.2,0.0,3.5,5.9,1.67,,marij001
296,Joe Kelly,29,BOS,AL,1.2,4,1,0.8,2.79,54,0,14,0,0,0,58.0,42,19,18,3,27,1,52,1,0,4,238,164.0,3.49,1.19,6.5,0.5,4.2,8.1,1.93,,kellj001
297,Justin Wilson*,29,2TM,2LG,1.6,4,4,0.5,3.41,65,0,30,0,0,13,58.0,40,23,22,5,35,1,80,1,0,4,248,132.0,3.38,1.293,6.2,0.8,5.4,12.4,2.29,,wilsj004
297,Justin Wilson*,29,DET,AL,1.7,3,4,0.429,2.68,42,0,26,0,0,13,40.1,22,12,12,5,16,0,55,0,0,3,157,168.0,3.23,0.942,4.9,1.1,3.6,12.3,3.44,,wilsj004
297,Justin Wilson*,29,CHC,NL,-0.1,1,0,1.0,5.09,23,0,4,0,0,0,17.2,18,11,10,0,19,1,25,1,0,1,91,88.0,3.72,2.094,9.2,0.0,9.7,12.7,1.32,,wilsj004
298,David Holmberg*,25,CHW,AL,0.0,2,4,0.333,4.68,37,7,10,0,0,0,57.2,63,37,30,12,34,3,33,6,0,3,272,92.0,6.8,1.682,9.8,1.9,5.3,5.2,0.97,,holmd002
299,Aaron Loup*,29,TOR,AL,0.8,2,3,0.4,3.75,70,0,8,0,0,0,57.2,59,27,24,4,29,5,64,6,0,3,265,120.0,3.66,1.526,9.2,0.6,4.5,10.0,2.21,,loupa001
300,Edubray Ramos,24,PHI,NL,0.5,2,7,0.222,4.21,59,0,18,0,0,0,57.2,57,29,27,4,28,3,75,0,1,5,256,103.0,2.92,1.474,8.9,0.6,4.4,11.7,2.68,,ramoe002
301,Lucas Sims,23,ATL,NL,0.1,3,6,0.333,5.62,14,10,1,0,0,0,57.2,64,37,36,9,23,2,44,4,0,0,255,78.0,5.07,1.509,10.0,1.4,3.6,6.9,1.91,,simsl001
302,Tony Barnette,33,TEX,AL,-0.1,2,1,0.667,5.49,50,0,7,0,0,2,57.1,64,36,35,7,22,4,57,2,0,4,252,88.0,4.01,1.5,10.0,1.1,3.5,8.9,2.59,,barnt002
303,Greg Holland,31,COL,NL,1.5,3,6,0.333,3.61,61,0,58,0,0,41,57.1,40,24,23,7,26,1,70,1,0,7,235,140.0,3.72,1.151,6.3,1.1,4.1,11.0,2.69,AS,hollg001
304,Jake McGee*,30,COL,NL,1.4,0,2,0.0,3.61,62,0,13,0,0,3,57.1,47,23,23,4,16,0,58,1,0,5,229,140.0,2.93,1.099,7.4,0.6,2.5,9.1,3.63,,mcgej001
305,Wily Peralta,28,MIL,NL,-1.5,5,4,0.556,7.85,19,8,4,0,0,0,57.1,73,51,50,10,32,2,52,1,0,5,269,56.0,5.34,1.831,11.5,1.6,5.0,8.2,1.63,,peraw001
306,Héctor Rondón,29,CHC,NL,0.1,4,1,0.8,4.24,61,0,14,0,0,0,57.1,50,30,27,10,20,0,69,1,0,3,237,104.0,4.12,1.221,7.8,1.6,3.1,10.8,3.45,,rondh001
307,Arodys Vizcaíno,26,ATL,NL,1.7,5,3,0.625,2.83,62,0,28,0,0,14,57.1,42,19,18,7,21,1,64,2,0,6,235,155.0,3.72,1.099,6.6,1.1,3.3,10.0,3.05,,vizca001
308,Adam Warren,29,NYY,AL,1.4,3,2,0.6,2.35,46,0,7,0,0,1,57.1,35,19,15,4,15,2,54,1,0,5,223,193.0,3.02,0.872,5.5,0.6,2.4,8.5,3.6,,warra001
309,Chase Whitley,28,TBR,AL,0.1,2,1,0.667,4.08,41,0,12,0,0,2,57.1,48,29,26,4,16,2,43,3,0,2,238,104.0,3.56,1.116,7.5,0.6,2.5,6.8,2.69,,whitc001
310,Josh Fields,31,LAD,NL,0.9,5,0,1.0,2.84,57,0,13,0,0,2,57.0,40,19,18,10,15,1,60,1,1,1,223,146.0,4.18,0.965,6.3,1.6,2.4,9.5,4.0,,fielj002
311,Jim Johnson,34,ATL,NL,-1.0,6,3,0.667,5.56,61,0,38,0,0,22,56.2,59,39,35,8,25,3,61,1,0,3,256,79.0,4.22,1.482,9.4,1.3,4.0,9.7,2.44,,johnj010
312,Hansel Robles,26,NYM,NL,0.1,7,5,0.583,4.92,46,0,9,0,0,0,56.2,47,31,31,10,29,2,60,5,0,2,247,84.0,5.13,1.341,7.5,1.6,4.6,9.5,2.07,,roblh001
313,Kirby Yates,30,2TM,2LG,0.3,4,5,0.444,3.97,62,0,12,0,0,1,56.2,44,28,25,12,19,2,88,2,1,0,231,107.0,3.92,1.112,7.0,1.9,3.0,14.0,4.63,,yatek001
313,Kirby Yates,30,LAA,AL,-0.1,0,0,,18.0,1,0,0,0,0,0,1.0,2,2,2,2,0,0,1,0,0,0,5,32.0,27.16,2.0,18.0,18.0,0.0,9.0,,,yatek001
313,Kirby Yates,30,SDP,NL,0.4,4,5,0.444,3.72,61,0,12,0,0,1,55.2,42,26,23,10,19,2,87,2,1,0,226,114.0,3.5,1.096,6.8,1.6,3.1,14.1,4.58,,yatek001
314,Josh Smoker*,28,NYM,NL,-0.1,1,2,0.333,5.11,54,0,7,0,0,0,56.1,64,34,32,10,32,7,68,3,0,2,267,81.0,4.92,1.704,10.2,1.6,5.1,10.9,2.13,,smokj001
315,Joakim Soria,33,KCR,AL,1.1,4,3,0.571,3.7,59,0,10,0,0,1,56.0,49,24,23,1,20,2,64,1,0,4,232,121.0,2.23,1.232,7.9,0.2,3.2,10.3,3.2,,sorij001
316,Oliver Drake,30,2TM,2LG,0.1,3,5,0.375,4.66,64,0,15,0,0,1,56.0,63,31,29,6,25,2,62,0,1,3,251,95.0,3.68,1.571,10.1,1.0,4.0,10.0,2.48,,drako001
316,Oliver Drake,30,BAL,AL,-0.1,0,0,,8.1,3,0,1,0,0,0,3.1,6,3,3,0,3,0,3,0,0,1,18,59.0,4.06,2.7,16.2,0.0,8.1,8.1,1.0,,drako001
316,Oliver Drake,30,MIL,NL,0.2,3,5,0.375,4.44,61,0,14,0,0,1,52.2,57,28,26,6,22,2,59,0,1,2,233,99.0,3.65,1.5,9.7,1.0,3.8,10.1,2.68,,drako001
317,Taylor Rogers*,26,MIN,AL,1.2,7,3,0.7,3.07,69,0,7,0,0,0,55.2,52,20,19,6,21,5,49,3,0,1,237,145.0,4.09,1.311,8.4,1.0,3.4,7.9,2.33,,roget001
318,Enny Romero*,26,WSN,NL,0.6,2,4,0.333,3.56,53,0,12,0,0,2,55.2,55,26,22,7,23,2,65,3,2,2,245,126.0,3.86,1.401,8.9,1.1,3.7,10.5,2.83,,romee002
319,Chris Smith,36,OAK,AL,-0.9,0,4,0.0,6.79,14,9,3,0,0,0,55.2,60,45,42,16,22,1,31,1,0,3,250,62.0,7.02,1.473,9.7,2.6,3.6,5.0,1.41,,smitc005
320,David Phelps,30,2TM,2LG,0.5,4,5,0.444,3.4,54,0,5,0,0,0,55.2,51,23,21,5,26,3,62,1,0,0,238,119.0,3.55,1.383,8.2,0.8,4.2,10.0,2.38,,pheld001
320,David Phelps,30,MIA,NL,0.3,2,4,0.333,3.45,44,0,4,0,0,0,47.0,42,20,18,5,21,3,51,0,0,0,197,116.0,3.71,1.34,8.0,1.0,4.0,9.8,2.43,,pheld001
320,David Phelps,30,SEA,AL,0.2,2,1,0.667,3.12,10,0,1,0,0,0,8.2,9,3,3,0,5,0,11,1,0,0,41,139.0,2.7,1.615,9.3,0.0,5.2,11.4,2.2,,pheld001
321,Sergio Romo,34,2TM,2LG,0.6,3,1,0.75,3.56,55,0,12,0,0,0,55.2,42,23,22,9,19,2,59,1,1,2,224,119.0,4.22,1.096,6.8,1.5,3.1,9.5,3.11,,romos001
321,Sergio Romo,34,LAD,NL,-0.5,1,1,0.5,6.12,30,0,8,0,0,0,25.0,23,17,17,7,12,1,31,0,1,0,108,68.0,5.76,1.4,8.3,2.5,4.3,11.2,2.58,,romos001
321,Sergio Romo,34,TBR,AL,1.1,2,0,1.0,1.47,25,0,4,0,0,0,30.2,19,6,5,2,7,1,28,1,0,2,116,290.0,2.96,0.848,5.6,0.6,2.1,8.2,4.0,,romos001
322,Justin Grimm,28,CHC,NL,-0.4,1,2,0.333,5.53,50,0,13,0,0,1,55.1,47,34,34,12,27,0,59,1,1,4,232,80.0,5.36,1.337,7.6,2.0,4.4,9.6,2.19,,grimj002
323,Fernando Rodney,40,ARI,NL,0.3,5,4,0.556,4.23,61,0,53,0,0,39,55.1,40,29,26,3,26,3,65,2,0,7,231,112.0,3.03,1.193,6.5,0.5,4.2,10.6,2.5,,rodnf001
324,Junichi Tazawa,31,MIA,NL,-0.7,3,5,0.375,5.69,55,0,8,0,0,0,55.1,55,35,35,8,22,4,38,2,0,2,238,70.0,4.97,1.392,8.9,1.3,3.6,6.2,1.73,,tazaj001
325,Casey Lawrence,29,2TM,AL,-0.7,2,3,0.4,6.34,27,2,12,0,0,0,55.1,77,41,39,11,25,4,52,1,0,1,264,68.0,5.27,1.843,12.5,1.8,4.1,8.5,2.08,,lawrc001
325,Casey Lawrence,29,TOR,AL,-0.5,0,3,0.0,8.78,4,2,2,0,0,0,13.1,21,14,13,2,11,3,7,0,0,0,72,52.0,6.53,2.4,14.2,1.4,7.4,4.7,0.64,,lawrc001
325,Casey Lawrence,29,SEA,AL,-0.2,2,0,1.0,5.57,23,0,10,0,0,0,42.0,56,27,26,9,14,1,45,1,0,1,192,75.0,4.87,1.667,12.0,1.9,3.0,9.6,3.21,,lawrc001
326,Brett Anderson*,29,2TM,2LG,-0.5,4,4,0.5,6.34,13,13,0,0,0,0,55.1,73,41,39,5,21,0,38,0,0,2,251,71.0,4.1,1.699,11.9,0.8,3.4,6.2,1.81,,andeb004
326,Brett Anderson*,29,CHC,NL,-0.8,2,2,0.5,8.18,6,6,0,0,0,0,22.0,34,22,20,2,12,0,16,0,0,1,111,54.0,4.52,2.091,13.9,0.8,4.9,6.5,1.33,,andeb004
326,Brett Anderson*,29,TOR,AL,0.3,2,2,0.5,5.13,7,7,0,0,0,0,33.1,39,19,19,3,9,0,22,0,0,1,140,88.0,3.82,1.44,10.5,0.8,2.4,5.9,2.44,,andeb004
327,David Hernández,32,2TM,2LG,1.0,3,1,0.75,3.11,64,0,15,0,0,2,55.0,48,20,19,4,9,0,52,1,0,5,214,143.0,2.76,1.036,7.9,0.7,1.5,8.5,5.78,,hernd002
327,David Hernández,32,LAA,AL,0.9,1,0,1.0,2.23,38,0,10,0,0,1,36.1,29,10,9,0,8,0,37,1,0,3,140,192.0,1.86,1.018,7.2,0.0,2.0,9.2,4.63,,hernd002
327,David Hernández,32,ARI,NL,0.0,2,1,0.667,4.82,26,0,5,0,0,1,18.2,19,10,10,4,1,0,15,0,0,2,74,99.0,4.5,1.071,9.2,1.9,0.5,7.2,15.0,,hernd002
328,Eddie Butler,26,CHC,NL,0.8,4,3,0.571,3.95,13,11,2,0,0,0,54.2,50,24,24,4,28,2,30,2,0,3,237,112.0,4.66,1.427,8.2,0.7,4.6,4.9,1.07,,butle001
329,Nick Goody,25,CLE,AL,0.9,1,2,0.333,2.8,56,0,14,0,0,0,54.2,39,20,17,7,20,2,72,3,0,4,221,164.0,3.45,1.079,6.4,1.2,3.3,11.9,3.6,,goodn001
330,Gregory Infante,29,CHW,AL,1.1,2,1,0.667,3.13,52,0,18,0,0,0,54.2,45,20,19,4,20,4,49,3,0,1,227,138.0,3.58,1.189,7.4,0.7,3.3,8.1,2.45,,infag001
331,Adam Morgan*,27,PHI,NL,0.6,3,3,0.5,4.12,37,0,6,0,0,0,54.2,51,25,25,10,18,2,63,0,0,1,229,105.0,4.22,1.262,8.4,1.6,3.0,10.4,3.5,,morga001
332,Drew Storen,29,CIN,NL,-0.2,4,2,0.667,4.45,58,0,9,0,0,1,54.2,57,32,27,7,23,5,48,10,0,1,246,101.0,4.88,1.463,9.4,1.2,3.8,7.9,2.09,,stord001
333,Sam Dyson,29,2TM,2LG,-1.1,4,10,0.286,6.09,55,0,34,0,0,14,54.2,67,41,37,8,30,7,34,3,1,2,260,74.0,5.63,1.774,11.0,1.3,4.9,5.6,1.13,,dysos001
333,Sam Dyson,29,TEX,AL,-1.5,1,6,0.143,10.8,17,0,8,0,0,0,16.2,31,23,20,6,12,3,7,0,0,1,91,45.0,9.16,2.58,16.7,3.2,6.5,3.8,0.58,,dysos001
333,Sam Dyson,29,SFG,NL,0.4,3,4,0.429,4.03,38,0,26,0,0,14,38.0,36,18,17,2,18,4,27,3,1,1,169,107.0,4.08,1.421,8.5,0.5,4.3,6.4,1.5,,dysos001
334,Francis Martes,21,HOU,AL,-0.9,5,2,0.714,5.8,32,4,7,0,0,0,54.1,51,40,35,7,31,3,69,8,0,8,249,71.0,4.45,1.509,8.4,1.2,5.1,11.4,2.23,,martf003
335,Christian Bergman,29,SEA,AL,0.1,4,5,0.444,5.0,13,8,2,0,0,0,54.0,61,31,30,12,15,1,33,3,0,0,230,84.0,5.82,1.407,10.2,2.0,2.5,5.5,2.2,,bergc001
336,Tyler Lyons*,29,STL,NL,1.2,4,1,0.8,2.83,50,0,12,0,0,3,54.0,39,17,17,3,20,2,68,7,0,1,220,150.0,2.86,1.093,6.5,0.5,3.3,11.3,3.4,,lyont001
337,T.J. McFarland*,28,ARI,NL,-0.9,4,5,0.444,5.33,43,1,22,0,0,0,54.0,65,42,32,4,17,6,29,2,0,2,241,88.0,4.1,1.519,10.8,0.7,2.8,4.8,1.71,,mcfat001
338,Joe Smith,33,2TM,AL,1.1,3,0,1.0,3.33,59,0,3,0,0,1,54.0,46,20,20,4,10,1,71,1,0,0,214,136.0,2.1,1.037,7.7,0.7,1.7,11.8,7.1,,smitj002
338,Joe Smith,33,TOR,AL,0.8,3,0,1.0,3.28,38,0,1,0,0,0,35.2,30,13,13,3,10,1,51,1,0,0,144,137.0,2.32,1.121,7.6,0.8,2.5,12.9,5.1,,smitj002
338,Joe Smith,33,CLE,AL,0.3,0,0,,3.44,21,0,2,0,0,1,18.1,16,7,7,1,0,0,20,0,0,0,70,135.0,1.69,0.873,7.9,0.5,0.0,9.8,,,smitj002
339,Phil Hughes,31,MIN,AL,-0.5,4,3,0.571,5.87,14,9,3,0,0,0,53.2,72,38,35,12,13,2,38,1,0,0,244,76.0,5.43,1.584,12.1,2.0,2.2,6.4,2.92,,hughp001
340,James Pazos*,26,SEA,AL,-0.1,4,5,0.444,3.86,59,0,7,0,0,0,53.2,51,30,23,7,24,0,65,5,1,4,240,109.0,4.05,1.398,8.6,1.2,4.0,10.9,2.71,,pazoj001
341,Jarlín García*,24,MIA,NL,-0.3,1,2,0.333,4.73,68,0,14,0,0,0,53.1,47,29,28,6,17,0,42,4,0,5,225,84.0,4.23,1.2,7.9,1.0,2.9,7.1,2.47,,garcj006
342,Adam Ottavino,31,COL,NL,0.3,2,3,0.4,5.06,63,0,11,0,0,0,53.1,48,30,30,8,39,2,63,4,0,8,243,100.0,5.16,1.631,8.1,1.4,6.6,10.6,1.62,,ottaa001
343,Matt Bush,31,TEX,AL,0.3,3,4,0.429,3.78,57,0,22,0,0,10,52.1,57,30,22,7,19,0,58,4,0,2,240,128.0,4.0,1.452,9.8,1.2,3.3,10.0,3.05,,bushm001
344,A.J. Cole,25,WSN,NL,1.0,3,5,0.375,3.81,11,8,0,0,0,0,52.0,51,23,22,8,27,0,44,3,1,2,229,118.0,5.2,1.5,8.8,1.4,4.7,7.6,1.63,,colea002
345,John Brebbia,27,STL,NL,1.1,0,0,,2.44,50,0,13,0,0,0,51.2,37,15,14,8,11,3,51,5,0,2,209,174.0,4.13,0.929,6.4,1.4,1.9,8.9,4.64,,brebj001
346,Danny Coulombe*,27,OAK,AL,0.8,2,2,0.5,3.48,72,0,10,0,0,0,51.2,46,22,20,4,22,1,39,4,0,5,219,120.0,4.16,1.316,8.0,0.7,3.8,6.8,1.77,,
347,Andrew Chafin*,27,ARI,NL,1.0,1,0,1.0,3.51,71,0,12,0,0,0,51.1,48,21,20,5,21,3,61,2,1,1,221,135.0,3.39,1.344,8.4,0.9,3.7,10.7,2.9,,chafa001
348,Jorge De La Rosa*,36,ARI,NL,0.6,3,1,0.75,4.21,65,0,8,0,0,0,51.1,46,24,24,7,21,4,45,3,0,5,219,112.0,4.58,1.305,8.1,1.2,3.7,7.9,2.14,,delaj001
349,Sean Doolittle*,30,2TM,2LG,1.4,2,0,1.0,2.81,53,0,34,0,0,24,51.1,34,18,16,5,10,1,62,0,0,3,197,157.0,2.59,0.857,6.0,0.9,1.8,10.9,6.2,,dools001
349,Sean Doolittle*,30,OAK,AL,0.4,1,0,1.0,3.38,23,0,6,0,0,3,21.1,12,8,8,3,2,0,31,0,0,1,79,125.0,2.36,0.656,5.1,1.3,0.8,13.1,15.5,,dools001
349,Sean Doolittle*,30,WSN,NL,1.0,1,0,1.0,2.4,30,0,28,0,0,21,30.0,22,10,8,2,8,1,31,0,0,2,118,188.0,2.76,1.0,6.6,0.6,2.4,9.3,3.88,,dools001
350,Luke Jackson,25,ATL,NL,0.3,2,0,1.0,4.62,43,0,17,0,0,0,50.2,55,26,26,4,19,4,33,4,0,4,224,95.0,4.24,1.461,9.8,0.7,3.4,5.9,1.74,,jackl001
351,Aroldis Chapman*,29,NYY,AL,1.0,4,3,0.571,3.22,52,0,42,0,0,22,50.1,37,20,18,3,20,2,69,3,0,5,210,141.0,2.56,1.132,6.6,0.5,3.6,12.3,3.45,,chapa001
352,Mike Dunn*,32,COL,NL,0.7,5,1,0.833,4.47,68,0,10,0,0,0,50.1,43,25,25,8,28,0,57,0,0,4,220,113.0,4.63,1.411,7.7,1.4,5.0,10.2,2.04,,dunnm002
353,Emilio Pagán,26,SEA,AL,0.7,2,3,0.4,3.22,34,0,9,0,0,0,50.1,39,20,18,7,8,0,56,1,0,1,196,130.0,3.28,0.934,7.0,1.3,1.4,10.0,7.0,,pagae001
354,Joaquin Benoit,39,2TM,NL,0.0,1,6,0.143,4.65,52,0,13,0,0,2,50.1,43,28,26,7,22,1,46,1,0,1,213,94.0,4.51,1.291,7.7,1.3,3.9,8.2,2.09,,benoj001
354,Joaquin Benoit,39,PHI,NL,0.6,1,4,0.2,4.07,44,0,12,0,0,2,42.0,32,19,19,5,16,1,43,0,0,0,171,106.0,3.8,1.143,6.9,1.1,3.4,9.2,2.69,,benoj001
354,Joaquin Benoit,39,PIT,NL,-0.6,0,2,0.0,7.56,8,0,1,0,0,0,8.1,11,9,7,2,6,0,3,1,0,1,42,59.0,8.08,2.04,11.9,2.2,6.5,3.2,0.5,,benoj001
355,Matt Grace*,28,WSN,NL,0.4,1,0,1.0,4.32,40,1,11,0,0,2,50.0,50,25,24,3,18,4,31,3,0,2,215,104.0,3.96,1.36,9.0,0.5,3.2,5.6,1.72,,gracm003
356,James Hoyt,30,HOU,AL,0.2,1,0,1.0,4.38,43,0,7,0,0,0,49.1,51,24,24,7,14,0,66,2,0,4,211,94.0,3.3,1.318,9.3,1.3,2.6,12.0,4.71,,hoytj001
357,Dillon Gee,31,2TM,AL,0.6,3,2,0.6,3.47,18,4,4,0,0,1,49.1,54,24,19,8,15,0,41,4,0,0,212,132.0,4.76,1.399,9.9,1.5,2.7,7.5,2.73,,gee-d001
357,Dillon Gee,31,TEX,AL,0.0,0,0,,4.15,4,1,2,0,0,0,13.0,17,10,6,4,6,0,10,2,0,0,61,119.0,7.47,1.769,11.8,2.8,4.2,6.9,1.67,,gee-d001
357,Dillon Gee,31,MIN,AL,0.7,3,2,0.6,3.22,14,3,2,0,0,1,36.1,37,14,13,4,9,0,31,2,0,0,151,139.0,3.79,1.266,9.2,1.0,2.2,7.7,3.44,,gee-d001
358,Danny Farquhar,30,2TM,AL,0.4,4,2,0.667,4.2,52,0,20,0,0,0,49.1,39,23,23,3,28,4,45,4,0,4,215,102.0,4.07,1.358,7.1,0.5,5.1,8.2,1.61,,farqd001
358,Danny Farquhar,30,TBR,AL,0.2,2,2,0.5,4.11,37,0,17,0,0,0,35.0,28,16,16,2,22,4,33,4,0,4,154,103.0,4.24,1.429,7.2,0.5,5.7,8.5,1.5,,farqd001
358,Danny Farquhar,30,CHW,AL,0.1,2,0,1.0,4.4,15,0,3,0,0,0,14.1,11,7,7,1,6,0,12,0,0,0,61,100.0,3.65,1.186,6.9,0.6,3.8,7.5,2.0,,farqd001
359,Jerry Blevins*,33,NYM,NL,1.4,6,0,1.0,2.94,75,0,5,0,0,1,49.0,43,16,16,4,24,2,69,4,0,2,217,141.0,3.12,1.367,7.9,0.7,4.4,12.7,2.88,,blevj001
360,Ian Krol*,26,ATL,NL,-0.5,2,2,0.5,5.33,51,0,15,0,0,0,49.0,50,34,29,8,21,0,44,4,0,2,214,82.0,5.02,1.449,9.2,1.5,3.9,8.1,2.1,,kroli001
361,Tyson Ross,30,TEX,AL,-1.0,3,3,0.5,7.71,12,10,0,0,0,0,49.0,53,46,42,7,37,0,36,6,0,4,238,63.0,6.18,1.837,9.7,1.3,6.8,6.6,0.97,,rosst001
362,José Álvarez*,28,LAA,AL,0.2,0,3,0.0,3.88,64,0,12,0,0,1,48.2,50,23,21,7,12,5,45,0,0,1,203,110.0,3.92,1.274,9.2,1.3,2.2,8.3,3.75,,alvaj003
363,Tommy Milone*,30,2TM,NL,-1.0,1,3,0.25,7.63,17,8,2,0,0,1,48.1,65,43,41,15,14,3,38,0,0,0,221,56.0,6.49,1.634,12.1,2.8,2.6,7.1,2.71,,
363,Tommy Milone*,30,MIL,NL,-0.2,1,0,1.0,6.43,6,3,1,0,0,1,21.0,29,15,15,6,2,0,16,0,0,0,93,69.0,5.63,1.476,12.4,2.6,0.9,6.9,8.0,,
363,Tommy Milone*,30,NYM,NL,-0.9,0,3,0.0,8.56,11,5,1,0,0,0,27.1,36,28,26,9,12,3,22,0,0,0,128,49.0,7.15,1.756,11.9,3.0,4.0,7.2,1.83,,
364,Buck Farmer,26,DET,AL,-0.3,5,5,0.5,6.75,11,11,0,0,0,0,48.0,55,38,36,9,20,0,49,4,0,1,219,67.0,5.05,1.563,10.3,1.7,3.8,9.2,2.45,,farmb001
365,Michael Feliz,24,HOU,AL,-0.5,4,2,0.667,5.63,46,0,13,0,0,0,48.0,53,31,30,8,22,1,70,0,0,7,218,73.0,3.78,1.563,9.9,1.5,4.1,13.1,3.18,,felim001
366,Chris Flexen,22,NYM,NL,-1.1,3,6,0.333,7.88,14,9,1,0,0,0,48.0,62,44,42,11,35,0,36,2,0,1,233,53.0,6.95,2.021,11.6,2.1,6.6,6.8,1.03,,flexc001
367,Justin Nicolino*,25,MIA,NL,-0.6,2,3,0.4,5.06,20,8,6,0,0,0,48.0,66,33,27,8,20,5,26,1,0,0,229,79.0,5.55,1.792,12.4,1.5,3.8,4.9,1.3,,nicoj001
368,Josh Hader*,23,MIL,NL,1.9,2,3,0.4,2.08,35,0,2,0,0,0,47.2,25,11,11,4,22,1,68,4,0,0,188,213.0,3.03,0.986,4.7,0.8,4.2,12.8,3.09,,hadej001
369,Reynaldo López,23,CHW,AL,0.1,3,3,0.5,4.72,8,8,0,0,0,0,47.2,49,29,25,7,14,0,30,1,0,3,207,92.0,4.75,1.322,9.3,1.3,2.6,5.7,2.14,,loper003
370,Trevor Rosenthal,27,STL,NL,0.7,3,4,0.429,3.4,50,0,16,0,0,11,47.2,37,20,18,3,20,0,76,2,0,2,202,125.0,2.17,1.196,7.0,0.6,3.8,14.3,3.8,,roset001
371,Brad Ziegler,37,MIA,NL,-0.8,1,4,0.2,4.79,53,0,21,0,0,10,47.0,57,29,25,1,16,6,26,6,0,1,211,83.0,3.73,1.553,10.9,0.2,3.1,5.0,1.63,,ziegb001
372,Dan Altavilla,24,SEA,AL,-0.1,1,1,0.5,4.24,41,0,13,0,0,0,46.2,43,27,22,9,20,1,52,1,0,9,203,99.0,4.79,1.35,8.3,1.7,3.9,10.0,2.6,,altad001
373,Chad Bettis,28,COL,NL,0.6,2,4,0.333,5.05,9,9,0,0,0,0,46.1,52,27,26,8,11,0,30,1,0,3,200,100.0,4.88,1.36,10.1,1.6,2.1,5.8,2.73,,bettc001
374,Jake Thompson,23,PHI,NL,0.3,3,2,0.6,3.88,11,8,1,0,0,0,46.1,50,27,20,9,22,0,35,5,0,1,210,111.0,5.92,1.554,9.7,1.7,4.3,6.8,1.59,,thomj007
375,Luis Avilán*,27,LAD,NL,0.7,2,3,0.4,2.93,61,0,5,0,0,0,46.0,42,16,15,2,22,3,52,1,0,1,194,142.0,2.96,1.391,8.2,0.4,4.3,10.2,2.36,,avill001
376,Neftalí Feliz,29,2TM,2LG,-0.9,2,5,0.286,5.48,49,0,31,0,0,8,46.0,40,33,28,9,23,2,37,1,0,1,196,82.0,5.66,1.37,7.8,1.8,4.5,7.2,1.61,,felin001
376,Neftalí Feliz,29,MIL,NL,-0.9,1,5,0.167,6.0,29,0,21,0,0,8,27.0,23,22,18,8,15,2,21,0,0,0,115,74.0,7.12,1.407,7.7,2.7,5.0,7.0,1.4,,felin001
376,Neftalí Feliz,29,KCR,AL,0.1,1,0,1.0,4.74,20,0,10,0,0,0,19.0,17,11,10,1,8,0,16,1,0,1,81,96.0,3.58,1.316,8.1,0.5,3.8,7.6,2.0,,felin001
377,José Leclerc,23,TEX,AL,0.8,2,3,0.4,3.94,47,0,15,0,0,2,45.2,23,21,20,4,40,1,60,3,0,5,200,123.0,4.49,1.38,4.5,0.8,7.9,11.8,1.5,,leclj001
378,Lucas Giolito,22,CHW,AL,1.5,3,3,0.5,2.38,7,7,0,0,0,0,45.1,31,14,12,8,12,0,34,3,0,2,179,181.0,4.94,0.949,6.2,1.6,2.4,6.8,2.83,,gioll001
379,Will Harris,32,HOU,AL,0.9,3,2,0.6,2.98,46,0,5,0,0,2,45.1,37,15,15,7,7,0,52,0,0,1,177,138.0,3.33,0.971,7.3,1.4,1.4,10.3,7.43,,harrw002
380,Nate Karns,29,KCR,AL,1.0,2,2,0.5,4.17,9,8,0,0,0,0,45.1,41,21,21,9,13,1,51,2,0,2,188,108.0,4.48,1.191,8.1,1.8,2.6,10.1,3.92,,
381,Chasen Shreve*,26,NYY,AL,0.6,4,1,0.8,3.77,44,0,15,0,0,0,45.1,35,20,19,8,25,3,58,0,0,4,198,120.0,4.55,1.324,6.9,1.6,5.0,11.5,2.32,,shrec001
382,Kevin McCarthy,25,KCR,AL,0.4,1,0,1.0,3.2,33,0,14,0,0,0,45.0,50,23,16,4,13,0,27,0,0,1,196,141.0,3.98,1.4,10.0,0.8,2.6,5.4,2.08,,mccak002
383,Cam Bedrosian,25,LAA,AL,-0.3,6,5,0.545,4.43,48,0,13,0,0,6,44.2,41,26,22,5,17,1,53,0,0,7,190,97.0,3.38,1.299,8.3,1.0,3.4,10.7,3.12,,bedrc001
384,Brian Ellington,26,MIA,NL,-1.2,1,1,0.5,7.25,42,0,12,0,0,0,44.2,48,39,36,7,35,0,48,6,0,4,219,55.0,5.8,1.858,9.7,1.4,7.1,9.7,1.37,,ellib001
385,Steve Cishek,31,2TM,AL,1.5,3,2,0.6,2.01,49,0,11,0,0,1,44.2,26,10,10,3,14,1,41,3,1,3,174,211.0,3.34,0.896,5.2,0.6,2.8,8.3,2.93,,cishs001
385,Steve Cishek,31,SEA,AL,0.4,1,1,0.5,3.15,23,0,8,0,0,1,20.0,13,7,7,3,7,1,15,1,1,1,80,134.0,4.81,1.0,5.9,1.4,3.2,6.8,2.14,,cishs001
385,Steve Cishek,31,TBR,AL,1.1,2,1,0.667,1.09,26,0,3,0,0,0,24.2,13,3,3,0,7,0,26,2,0,2,94,389.0,2.14,0.811,4.7,0.0,2.6,9.5,3.71,,cishs001
386,Joe Blanton,36,WSN,NL,-0.2,2,4,0.333,5.68,51,0,13,0,0,0,44.1,53,29,28,10,13,2,39,1,0,1,195,79.0,5.28,1.489,10.8,2.0,2.6,7.9,3.0,,blanj001
387,Fernando Abad*,31,BOS,AL,0.5,2,1,0.667,3.3,48,0,15,0,0,1,43.2,40,18,16,4,14,1,37,1,1,0,182,139.0,3.68,1.237,8.2,0.8,2.9,7.6,2.64,,abadf001
388,Donnie Hart*,26,BAL,AL,0.6,2,0,1.0,3.71,51,0,12,0,0,0,43.2,48,19,18,5,13,0,29,4,1,1,190,118.0,4.49,1.397,9.9,1.0,2.7,6.0,2.23,,hartd002
389,Juan Minaya,26,CHW,AL,0.3,3,2,0.6,4.53,40,0,20,0,0,9,43.2,38,22,22,7,20,0,51,4,1,2,184,95.0,4.55,1.328,7.8,1.4,4.1,10.5,2.55,,minaj001
390,Brandon Morrow,32,LAD,NL,1.2,6,0,1.0,2.06,45,0,10,0,0,2,43.2,31,10,10,0,9,1,50,1,0,2,170,202.0,1.55,0.916,6.4,0.0,1.9,10.3,5.56,,morrb001
391,Josh Osich*,28,SFG,NL,-0.6,3,2,0.6,6.23,54,0,12,0,0,0,43.1,48,32,30,7,27,1,43,1,0,5,201,69.0,5.21,1.731,10.0,1.5,5.6,8.9,1.59,,osicj001
392,Phil Maton,24,SDP,NL,0.0,3,2,0.6,4.19,46,0,12,0,0,1,43.0,41,23,20,10,14,0,46,1,0,0,180,101.0,5.09,1.279,8.6,2.1,2.9,9.6,3.29,,matop002
393,Daniel Mengden,24,OAK,AL,1.4,3,2,0.6,3.14,7,7,0,1,1,0,43.0,36,16,15,6,9,0,29,0,0,2,169,134.0,4.25,1.047,7.5,1.3,1.9,6.1,3.22,,mengd001
394,Koji Uehara,42,CHC,NL,0.2,3,4,0.429,3.98,49,0,10,0,0,2,43.0,38,21,19,7,12,3,50,0,0,0,178,111.0,3.79,1.163,8.0,1.5,2.5,10.5,4.17,,uehak001
395,Brandon Woodruff,24,MIL,NL,0.5,2,3,0.4,4.81,8,8,0,0,0,0,43.0,43,23,23,5,14,1,32,3,0,0,184,92.0,4.37,1.326,9.0,1.0,2.9,6.7,2.29,,woodb005
396,Tony Cingrani*,27,2TM,NL,0.1,0,0,,4.22,47,0,15,0,0,0,42.2,40,22,20,10,12,0,52,1,0,4,176,104.0,4.68,1.219,8.4,2.1,2.5,11.0,4.33,,cingt001
396,Tony Cingrani*,27,CIN,NL,-0.1,0,0,,5.4,25,0,7,0,0,0,23.1,25,14,14,9,6,0,24,1,0,1,99,84.0,7.02,1.329,9.6,3.5,2.3,9.3,4.0,,cingt001
396,Tony Cingrani*,27,LAD,NL,0.2,0,0,,2.79,22,0,8,0,0,0,19.1,15,8,6,1,6,0,28,0,0,3,77,150.0,1.86,1.086,7.0,0.5,2.8,13.0,4.67,,cingt001
397,Sam Tuivailala,24,STL,NL,0.8,3,3,0.5,2.55,37,0,19,0,0,0,42.1,35,12,12,4,11,3,34,2,0,2,171,166.0,3.7,1.087,7.4,0.9,2.3,7.2,3.09,,tuivs001
398,Jered Weaver,34,SDP,NL,-1.2,0,5,0.0,7.44,9,9,0,0,0,0,42.1,51,41,35,16,12,0,23,4,0,0,191,57.0,8.12,1.488,10.8,3.4,2.6,4.9,1.92,,weavj003
399,Nick Wittgren,26,MIA,NL,0.0,3,1,0.75,4.68,38,0,3,0,0,0,42.1,46,22,22,5,13,1,43,0,0,2,182,85.0,3.58,1.394,9.8,1.1,2.8,9.1,3.31,,wittn001
400,Ryan Dull,27,OAK,AL,-0.7,2,2,0.5,5.14,49,0,4,0,0,0,42.0,37,30,24,7,16,1,45,3,0,6,177,82.0,4.54,1.262,7.9,1.5,3.4,9.6,2.81,,dullr001
401,Trevor Hildenberger,26,MIN,AL,0.9,3,3,0.5,3.21,37,0,8,0,0,1,42.0,38,15,15,4,6,2,44,4,0,1,170,139.0,3.02,1.048,8.1,0.9,1.3,9.4,7.33,,hildt001
402,Miguel Díaz,22,SDP,NL,-0.8,1,1,0.5,7.34,31,3,8,0,0,0,41.2,44,35,34,11,25,0,33,3,1,5,192,58.0,7.02,1.656,9.5,2.4,5.4,7.1,1.32,,diazm004
403,Mike Bolsinger,29,TOR,AL,-0.5,0,3,0.0,6.31,11,5,2,0,0,0,41.1,48,32,29,9,27,0,39,3,0,3,196,71.0,6.28,1.815,10.5,2.0,5.9,8.5,1.44,,bolsm001
404,Blaine Boyer,35,BOS,AL,0.2,1,1,0.5,4.35,32,0,11,0,0,0,41.1,50,20,20,3,14,3,33,1,0,1,178,105.0,3.59,1.548,10.9,0.7,3.0,7.2,2.36,,boyeb001
405,J.J. Hoover,29,ARI,NL,0.5,3,1,0.75,3.92,52,0,8,0,0,0,41.1,47,20,18,7,26,1,54,1,0,1,197,121.0,4.71,1.766,10.2,1.5,5.7,11.8,2.08,,hoovj002
406,Andrew Albers*,31,SEA,AL,0.2,5,1,0.833,3.51,9,6,2,0,0,1,41.0,43,22,16,6,10,0,37,2,0,1,178,119.0,4.13,1.293,9.4,1.3,2.2,8.1,3.7,,albea001
407,Jason Motte,35,ATL,NL,0.7,1,0,1.0,3.54,46,0,10,0,0,0,40.2,28,16,16,6,20,1,27,3,0,1,166,124.0,5.44,1.18,6.2,1.3,4.4,6.0,1.35,,mottj001
408,Tony Zych,26,SEA,AL,1.1,6,3,0.667,2.66,45,0,7,0,0,1,40.2,30,12,12,2,21,3,35,5,1,1,173,158.0,3.99,1.254,6.6,0.4,4.6,7.7,1.67,,zycht001
409,Jason Grilli,40,2TM,AL,-0.6,2,5,0.286,6.3,46,0,19,0,0,1,40.0,46,30,28,12,18,0,48,1,0,2,184,75.0,6.08,1.6,10.4,2.7,4.1,10.8,2.67,,grilj001
409,Jason Grilli,40,TOR,AL,-0.6,2,4,0.333,6.97,26,0,10,0,0,1,20.2,24,17,16,9,9,0,23,0,0,1,95,65.0,7.9,1.597,10.5,3.9,3.9,10.0,2.56,,grilj001
409,Jason Grilli,40,TEX,AL,0.0,0,1,0.0,5.59,20,0,9,0,0,0,19.1,22,13,12,3,9,0,25,1,0,1,89,88.0,4.14,1.603,10.2,1.4,4.2,11.6,2.78,,grilj001
410,Marco Gonzales*,25,2TM,2LG,-0.2,1,1,0.5,6.08,11,8,1,0,0,0,40.0,59,27,27,8,11,0,32,1,0,2,185,70.0,5.06,1.75,13.3,1.8,2.5,7.2,2.91,,gonzm005
410,Marco Gonzales*,25,STL,NL,-0.2,0,0,,13.5,1,1,0,0,0,0,3.1,6,5,5,3,0,0,2,0,0,0,16,35.0,13.66,1.8,16.2,8.1,0.0,5.4,,,gonzm005
410,Marco Gonzales*,25,SEA,AL,0.0,1,1,0.5,5.4,10,7,1,0,0,0,36.2,53,22,22,5,11,0,30,1,0,2,169,78.0,4.28,1.745,13.0,1.2,2.7,7.4,2.73,,gonzm005
411,Brandon Workman,28,BOS,AL,0.4,1,1,0.5,3.18,33,0,8,0,0,0,39.2,37,17,14,7,11,2,37,1,0,1,162,144.0,4.49,1.21,8.4,1.6,2.5,8.4,3.36,,workb001
412,Jonathan Holder,24,NYY,AL,0.5,1,1,0.5,3.89,37,0,12,0,0,0,39.1,45,17,17,5,8,1,40,3,0,2,171,117.0,3.62,1.347,10.3,1.1,1.8,9.2,5.0,,holdj002
413,Kevin Siegrist*,27,2TM,NL,0.0,1,1,0.5,4.81,46,0,7,0,0,1,39.1,39,21,21,5,22,2,43,1,0,3,172,89.0,4.38,1.551,8.9,1.1,5.0,9.8,1.95,,siegk001
413,Kevin Siegrist*,27,STL,NL,-0.1,1,1,0.5,4.98,39,0,7,0,0,1,34.1,35,19,19,4,20,2,36,1,0,2,151,85.0,4.41,1.602,9.2,1.0,5.2,9.4,1.8,,siegk001
413,Kevin Siegrist*,27,PHI,NL,0.1,0,0,,3.6,7,0,0,0,0,0,5.0,4,2,2,1,2,0,7,0,0,1,21,128.0,4.16,1.2,7.2,1.8,3.6,12.6,3.5,,siegk001
414,Jacob Turner,26,WSN,NL,0.0,2,3,0.4,5.08,18,2,6,0,0,0,39.0,43,23,22,8,15,1,23,1,0,3,170,89.0,5.88,1.487,9.9,1.8,3.5,5.3,1.53,,turnj002
415,Keone Kela,24,TEX,AL,1.3,4,1,0.8,2.79,39,0,13,0,0,2,38.2,18,12,12,4,17,1,51,1,1,1,151,174.0,3.26,0.905,4.2,0.9,4.0,11.9,3.0,,kelak001
416,Daniel Stumpf*,26,DET,AL,0.9,0,1,0.0,3.82,55,0,13,0,0,0,37.2,37,16,16,5,15,1,33,2,1,2,160,118.0,4.49,1.381,8.8,1.2,3.6,7.9,2.2,,stumd001
417,Zack Britton*,29,BAL,AL,1.0,2,1,0.667,2.89,38,0,30,0,0,15,37.1,39,12,12,1,18,1,29,0,0,4,161,151.0,3.4,1.527,9.4,0.2,4.3,7.0,1.61,,
418,Derek Law,26,SFG,NL,0.1,4,1,0.8,5.06,41,0,12,0,0,4,37.1,45,21,21,5,14,2,35,2,0,5,168,85.0,4.31,1.58,10.8,1.2,3.4,8.4,2.5,,law-d001
419,Tony Sipp*,33,HOU,AL,-0.4,0,1,0.0,5.79,46,0,12,0,0,0,37.1,36,25,24,8,16,2,39,1,0,1,165,71.0,5.22,1.393,8.7,1.9,3.9,9.4,2.44,,sippt001
420,Simon Castro,29,OAK,AL,0.1,1,3,0.25,4.38,26,0,7,0,0,0,37.0,32,20,18,7,14,0,35,2,0,1,153,96.0,5.02,1.243,7.8,1.7,3.4,8.5,2.5,,casts002
421,Josh Edgin*,30,NYM,NL,0.6,0,1,0.0,3.65,46,0,9,0,0,1,37.0,39,16,15,3,18,1,27,5,1,1,166,114.0,4.62,1.541,9.5,0.7,4.4,6.6,1.5,,edgij001
422,Lisalverto Bonilla,27,CIN,NL,-0.9,1,3,0.25,8.1,10,4,0,1,0,0,36.2,42,33,33,8,22,0,28,2,0,3,172,56.0,6.43,1.745,10.3,2.0,5.4,6.9,1.27,,bonil001
423,Luis Cessa,25,NYY,AL,0.1,0,3,0.0,4.75,10,5,2,0,0,0,36.0,36,21,19,7,17,0,30,3,0,2,160,96.0,5.69,1.472,9.0,1.8,4.3,7.5,1.76,,cessl001
424,Aaron Sanchez,24,TOR,AL,-0.1,1,3,0.25,4.25,8,8,0,0,0,0,36.0,42,24,17,6,20,0,24,1,0,1,167,106.0,5.74,1.722,10.5,1.5,5.0,6.0,1.2,,sanca006
425,Robby Scott*,27,BOS,AL,0.5,2,1,0.667,3.79,57,0,12,0,0,0,35.2,22,16,15,7,13,1,31,3,0,3,141,121.0,5.32,0.981,5.6,1.8,3.3,7.8,2.38,,scotr001
426,Craig Breslow*,36,2TM,AL,0.0,1,1,0.5,5.09,37,0,9,0,0,0,35.1,41,21,20,4,14,2,23,2,0,1,159,89.0,4.69,1.557,10.4,1.0,3.6,5.9,1.64,,bresc001
426,Craig Breslow*,36,MIN,AL,-0.1,1,1,0.5,5.23,30,0,8,0,0,0,31.0,38,19,18,4,12,2,18,2,0,1,143,86.0,5.03,1.613,11.0,1.2,3.5,5.2,1.5,,bresc001
426,Craig Breslow*,36,CLE,AL,0.1,0,0,,4.15,7,0,1,0,0,0,4.1,3,2,2,0,2,0,5,0,0,0,16,118.0,2.23,1.154,6.2,0.0,4.2,10.4,2.5,,bresc001
427,Buddy Boshers*,29,MIN,AL,0.0,1,0,1.0,4.89,38,0,1,0,0,0,35.0,37,20,19,7,10,1,28,2,0,2,153,91.0,5.19,1.343,9.5,1.8,2.6,7.2,2.8,,boshb001
428,Josh A. Smith,29,OAK,AL,0.1,2,1,0.667,4.89,26,0,15,0,0,0,35.0,35,20,19,3,15,1,25,0,0,1,151,86.0,4.13,1.429,9.0,0.8,3.9,6.4,1.67,,
429,Steven Brault*,25,PIT,NL,0.0,1,0,1.0,4.67,11,4,2,0,0,1,34.2,41,21,18,3,14,1,23,2,0,0,162,92.0,4.34,1.587,10.6,0.8,3.6,6.0,1.64,,braus002
430,Drew Steckenrider,26,MIA,NL,0.6,1,1,0.5,2.34,37,0,7,0,0,1,34.2,30,13,9,4,18,1,54,0,0,1,151,171.0,3.1,1.385,7.8,1.0,4.7,14.0,3.0,,stecd001
431,Matt Strahm*,25,KCR,AL,0.0,2,5,0.286,5.45,24,3,3,0,0,0,34.2,30,22,21,6,22,2,37,3,0,3,154,83.0,5.44,1.5,7.8,1.6,5.7,9.6,1.68,,stram001
432,Gabriel Ynoa,24,BAL,AL,0.5,2,3,0.4,4.15,9,4,2,0,0,0,34.2,39,17,16,5,8,0,26,1,0,0,147,105.0,4.31,1.356,10.1,1.3,2.1,6.8,3.25,,ynoag001
433,Félix Peña,27,CHC,NL,-0.1,1,0,1.0,5.24,25,0,15,0,0,0,34.1,35,21,20,8,18,1,37,2,0,3,155,84.0,5.78,1.544,9.2,2.1,4.7,9.7,2.06,,penaf002
434,Brock Stewart,25,LAD,NL,0.0,0,0,,3.41,17,4,8,0,0,1,34.1,28,18,13,4,19,2,29,1,0,0,147,122.0,4.73,1.369,7.3,1.0,5.0,7.6,1.53,,stewb001
435,Drew VerHagen,26,DET,AL,0.1,0,3,0.0,5.77,24,2,4,0,0,0,34.1,42,22,22,10,9,1,25,0,0,4,145,78.0,6.27,1.485,11.0,2.6,2.4,6.6,2.78,,verhd001
436,Chasen Bradford,27,NYM,NL,0.3,2,0,1.0,3.74,28,0,7,0,0,0,33.2,30,17,14,3,13,1,27,0,0,1,143,111.0,3.87,1.277,8.0,0.8,3.5,7.2,2.08,,bradc002
437,Blaine Hardy*,30,DET,AL,-0.2,1,0,1.0,5.94,35,0,9,0,0,0,33.1,46,24,22,7,13,1,28,0,0,1,156,76.0,5.38,1.77,12.4,1.9,3.5,7.6,2.15,,hardb001
438,Wei-Yin Chen*,31,MIA,NL,0.4,2,1,0.667,3.82,9,5,1,0,0,0,33.0,25,14,14,3,9,0,25,1,0,1,132,105.0,3.73,1.03,6.8,0.8,2.5,6.8,2.78,,chenw001
439,Chris O'Grady*,27,MIA,NL,0.3,2,1,0.667,4.36,13,6,1,0,0,0,33.0,33,16,16,4,18,1,30,1,1,0,145,92.0,4.64,1.545,9.0,1.1,4.9,8.2,1.67,,ograc001
440,Óliver Pérez*,35,WSN,NL,0.3,0,0,,4.64,50,0,8,0,0,1,33.0,32,17,17,4,12,2,39,4,1,1,143,97.0,3.82,1.333,8.7,1.1,3.3,10.6,3.25,,pereo002
441,Austin Brice,25,CIN,NL,-0.1,0,0,,4.96,22,0,4,0,0,0,32.2,33,18,18,6,7,0,26,3,0,0,137,91.0,4.87,1.224,9.1,1.7,1.9,7.2,3.71,,brica001
442,Bryan Mitchell,26,NYY,AL,-0.3,1,1,0.5,5.79,20,1,8,0,0,1,32.2,42,24,21,2,13,1,17,1,0,2,153,79.0,4.2,1.684,11.6,0.6,3.6,4.7,1.31,,mitcb001
443,Kyle Crick,24,SFG,NL,0.5,0,0,,3.06,30,0,14,0,0,0,32.1,22,13,11,2,17,1,28,1,0,6,134,140.0,3.9,1.206,6.1,0.6,4.7,7.8,1.65,,crick001
444,Carlos Estévez,24,COL,NL,0.0,5,0,1.0,5.57,35,0,9,0,0,0,32.1,39,21,20,3,14,2,31,1,1,1,149,91.0,3.84,1.639,10.9,0.8,3.9,8.6,2.21,,estec001
445,Matt Wisler,24,ATL,NL,-0.8,0,1,0.0,8.35,20,1,8,0,0,0,32.1,43,31,30,5,13,0,22,2,0,0,153,53.0,5.2,1.732,12.0,1.4,3.6,6.1,1.69,,wislm001
446,Jeff Locke*,29,MIA,NL,-1.0,0,5,0.0,8.16,7,7,0,0,0,0,32.0,42,30,29,4,15,3,26,0,0,3,152,49.0,4.56,1.781,11.8,1.1,4.2,7.3,1.73,,lockj001
447,Frankie Montas,24,OAK,AL,-0.5,1,1,0.5,7.03,23,0,5,0,0,0,32.0,39,25,25,10,20,0,36,3,0,1,152,60.0,7.13,1.844,11.0,2.8,5.6,10.1,1.8,,montf001
448,A.J. Schugel,28,PIT,NL,0.9,4,0,1.0,1.97,32,0,4,0,0,0,32.0,31,8,7,3,14,2,27,0,0,2,136,218.0,4.0,1.406,8.7,0.8,3.9,7.6,1.93,,schua001
449,Michael Brady,30,OAK,AL,-0.2,0,0,,5.68,16,0,12,0,0,0,31.2,33,22,20,7,6,2,24,5,0,1,136,74.0,5.56,1.232,9.4,2.0,1.7,6.8,4.0,,bradm002
450,Alan Busenitz,26,MIN,AL,0.8,1,1,0.5,1.99,28,0,10,0,0,0,31.2,22,9,7,4,9,0,23,0,0,2,121,225.0,4.2,0.979,6.3,1.1,2.6,6.5,2.56,,busea001
451,Albert Suárez,27,SFG,NL,0.0,0,3,0.0,5.12,18,0,8,0,0,1,31.2,28,18,18,4,11,2,34,1,0,1,135,84.0,3.79,1.232,8.0,1.1,3.1,9.7,3.09,,suara001
452,Hoby Milner*,26,PHI,NL,1.1,0,0,,2.01,37,0,5,0,0,0,31.1,30,7,7,2,16,3,22,4,0,0,139,216.0,4.5,1.468,8.6,0.6,4.6,6.3,1.38,,milnh001
453,Dillon Peters*,24,MIA,NL,0.0,1,2,0.333,5.17,6,6,0,0,0,0,31.1,32,18,18,3,19,1,27,2,0,3,139,77.0,4.69,1.628,9.2,0.9,5.5,7.8,1.42,,peted001
454,Marc Rzepczynski*,31,SEA,AL,0.2,2,2,0.5,4.02,64,0,6,0,0,1,31.1,29,16,14,2,20,5,25,1,0,3,137,105.0,4.4,1.564,8.3,0.6,5.7,7.2,1.25,,rzepm001
455,Neil Ramírez,28,2TM,NL,-1.0,0,1,0.0,7.18,29,0,9,0,0,0,31.1,35,30,25,6,21,0,44,1,0,3,153,59.0,4.95,1.787,10.1,1.7,6.0,12.6,2.1,,ramin001
455,Neil Ramírez,28,SFG,NL,-0.8,0,0,,8.71,9,0,2,0,0,0,10.1,15,15,10,2,4,0,18,1,0,2,53,51.0,3.64,1.839,13.1,1.7,3.5,15.7,4.5,,ramin001
455,Neil Ramírez,28,NYM,NL,-0.2,0,1,0.0,6.43,20,0,7,0,0,0,21.0,20,15,15,4,17,0,26,0,0,1,100,65.0,5.59,1.762,8.6,1.7,7.3,11.1,1.53,,ramin001
456,Hisashi Iwakuma,36,SEA,AL,0.3,0,2,0.0,4.35,6,6,0,0,0,0,31.0,27,16,15,7,12,0,16,2,0,1,128,97.0,6.42,1.258,7.8,2.0,3.5,4.6,1.33,,iwakh001
457,Kevin Shackelford,28,CIN,NL,0.1,0,0,,4.7,26,0,7,0,0,0,30.2,30,16,16,6,13,0,38,3,0,1,135,96.0,4.79,1.402,8.8,1.8,3.8,11.2,2.92,,shack001
458,César Valdez,32,2TM,AL,-0.7,1,1,0.5,7.63,11,4,5,0,0,0,30.2,41,29,26,7,11,1,21,1,1,1,140,59.0,5.93,1.696,12.0,2.1,3.2,6.2,1.91,,valdc003
458,César Valdez,32,OAK,AL,-0.3,0,0,,9.64,4,1,2,0,0,0,9.1,14,10,10,4,4,0,5,0,0,0,44,45.0,8.94,1.929,13.5,3.9,3.9,4.8,1.25,,valdc003
458,César Valdez,32,TOR,AL,-0.4,1,1,0.5,6.75,7,3,3,0,0,0,21.1,27,19,16,3,7,1,16,1,1,1,96,67.0,4.61,1.594,11.4,1.3,3.0,6.8,2.29,,valdc003
459,Noah Syndergaard,24,NYM,NL,0.5,1,2,0.333,2.97,7,7,0,0,0,0,30.1,29,14,10,0,3,1,34,1,0,3,124,141.0,1.31,1.055,8.6,0.0,0.9,10.1,11.33,,syndn001
460,Jumbo Díaz,33,TBR,AL,-0.6,1,4,0.2,5.7,31,0,5,0,0,0,30.0,32,20,19,4,15,2,28,0,0,4,136,75.0,4.52,1.567,9.6,1.2,4.5,8.4,1.87,,diazj005
461,Mark Melancon,32,SFG,NL,0.1,1,2,0.333,4.5,32,0,18,0,0,11,30.0,37,16,15,3,6,0,29,1,0,2,130,96.0,3.22,1.433,11.1,0.9,1.8,8.7,4.83,,melam001
462,Chris Young,38,KCR,AL,-0.5,0,0,,7.5,14,2,5,0,0,0,30.0,47,27,25,7,14,2,22,1,0,1,148,60.0,6.22,2.033,14.1,2.1,4.2,6.6,1.57,,younc003
463,José Alvarado*,22,TBR,AL,0.4,0,3,0.0,3.64,35,0,6,0,0,0,29.2,24,12,12,1,9,1,29,0,0,2,123,117.0,2.55,1.112,7.3,0.3,2.7,8.8,3.22,,alvaj004
464,Ricardo Pinto,23,PHI,NL,-0.9,1,2,0.333,7.89,25,0,6,0,0,0,29.2,39,28,26,7,17,1,25,1,1,1,147,55.0,6.36,1.888,11.8,2.1,5.2,7.6,1.47,,pintr002
465,Brad Boxberger,29,TBR,AL,0.5,4,4,0.5,3.38,30,0,10,0,0,0,29.1,23,11,11,4,11,3,40,1,0,1,121,126.0,3.43,1.159,7.1,1.2,3.4,12.3,3.64,,boxbb001
466,Luiz Gohara*,20,ATL,NL,0.2,1,3,0.25,4.91,5,5,0,0,0,0,29.1,32,17,16,2,8,0,31,0,0,1,123,89.0,2.75,1.364,9.8,0.6,2.5,9.5,3.88,,gohal001
467,Erik Goeddel,28,NYM,NL,0.0,0,1,0.0,5.28,33,0,14,0,0,0,29.0,28,17,17,8,11,0,33,0,0,2,122,79.0,5.61,1.345,8.7,2.5,3.4,10.2,3.0,,goede001
468,David Paulino,23,HOU,AL,-0.4,2,0,1.0,6.52,6,6,0,0,0,0,29.0,36,21,21,8,7,0,34,0,0,5,128,63.0,5.12,1.483,11.2,2.5,2.2,10.6,4.86,,pauld002
469,Michael Ynoa,25,CHW,AL,-0.3,1,0,1.0,5.9,22,0,10,0,0,0,29.0,28,22,19,4,22,0,23,5,0,3,141,74.0,6.16,1.724,8.7,1.2,6.8,7.1,1.05,,ynoam001
470,Johnny Barbato,24,PIT,NL,0.3,0,1,0.0,4.08,24,0,7,0,0,0,28.2,25,13,13,4,18,0,23,2,0,1,130,106.0,5.46,1.5,7.8,1.3,5.7,7.2,1.28,,
471,Chase De Jong,23,SEA,AL,-0.4,0,3,0.0,6.35,7,4,2,0,0,0,28.1,31,20,20,5,13,0,13,0,0,0,125,66.0,5.91,1.553,9.8,1.6,4.1,4.1,1.0,,dejoc001
472,Garrett Richards,29,LAA,AL,0.9,0,2,0.0,2.28,6,6,0,0,0,0,27.2,18,8,7,1,7,0,27,0,0,2,108,189.0,2.44,0.904,5.9,0.3,2.3,8.8,3.86,,richg002
473,Jake Barrett,25,ARI,NL,-0.2,1,1,0.5,5.0,28,0,5,0,0,0,27.0,27,18,15,7,15,2,26,0,0,1,121,95.0,6.27,1.556,9.0,2.3,5.0,8.7,1.73,,barrj002
474,Brian Johnson*,26,BOS,AL,0.2,2,0,1.0,4.33,5,5,0,1,1,0,27.0,32,13,13,5,8,1,21,0,0,0,121,106.0,4.9,1.481,10.7,1.7,2.7,7.0,2.63,,johnb004
475,Steven Okert*,25,SFG,NL,-0.3,1,1,0.5,5.67,44,0,3,0,0,0,27.0,24,18,17,3,11,2,22,3,0,0,118,76.0,4.53,1.296,8.0,1.0,3.7,7.3,2.0,,okers001
476,Joely Rodríguez*,25,PHI,NL,-1.0,1,2,0.333,6.33,26,0,4,0,0,0,27.0,37,26,19,4,15,3,18,4,1,0,134,69.0,5.86,1.926,12.3,1.3,5.0,6.0,1.2,,rodrj004
477,Kevin Quackenbush,28,SDP,NL,-0.6,0,2,0.0,7.86,20,0,4,0,0,0,26.1,32,23,23,5,16,0,23,1,0,3,125,54.0,5.82,1.823,10.9,1.7,5.5,7.9,1.44,,quack001
478,Tom Wilhelmsen,33,ARI,NL,0.2,1,1,0.5,4.44,27,0,10,0,0,0,26.1,25,13,13,4,12,0,17,1,0,7,113,107.0,5.32,1.405,8.5,1.4,4.1,5.8,1.42,,wilht001
479,Max Fried*,23,ATL,NL,0.2,1,1,0.5,3.81,9,4,4,0,0,0,26.0,30,15,11,3,12,1,22,4,0,0,121,116.0,4.81,1.615,10.4,1.0,4.2,7.6,1.83,,friem001
480,Shawn Kelley,33,WSN,NL,-0.7,3,2,0.6,7.27,33,0,18,0,0,4,26.0,29,21,21,12,11,1,25,1,0,2,121,62.0,8.62,1.538,10.0,4.2,3.8,8.7,2.27,,kells001
481,Sammy Solís*,28,WSN,NL,-0.2,1,0,1.0,5.88,30,0,7,0,0,1,26.0,22,17,17,4,13,0,28,0,0,3,112,77.0,4.5,1.346,7.6,1.4,4.5,9.7,2.15,,solis001
482,Anthony Banda*,23,ARI,NL,0.0,2,3,0.4,5.96,8,4,1,0,0,0,25.2,26,17,17,1,10,1,25,3,0,2,115,80.0,3.24,1.403,9.1,0.4,3.5,8.8,2.5,,banda001
483,Jake Petricka,29,CHW,AL,-0.6,1,1,0.5,7.01,27,0,7,0,0,0,25.2,39,21,20,6,6,0,26,1,0,3,122,62.0,4.99,1.753,13.7,2.1,2.1,9.1,4.33,,petrj001
484,Dovydas Neverauskas,24,PIT,NL,0.3,1,1,0.5,3.91,24,0,11,0,0,0,25.1,24,11,11,4,8,0,17,1,0,2,105,110.0,4.93,1.263,8.5,1.4,2.8,6.0,2.13,,neved001
485,Francisco Rodríguez,35,DET,AL,-0.9,2,5,0.286,7.82,28,0,20,0,0,7,25.1,31,23,22,9,11,1,23,1,0,2,118,58.0,7.38,1.658,11.0,3.2,3.9,8.2,2.09,,rodrf003
486,Deolis Guerra,28,LAA,AL,0.0,2,2,0.5,4.68,19,0,5,0,0,0,25.0,20,13,13,4,12,0,22,0,0,2,105,92.0,4.92,1.28,7.2,1.4,4.3,7.9,1.83,,guerd001
487,Braden Shipley,25,ARI,NL,-0.2,0,1,0.0,5.76,10,3,2,0,0,0,25.0,31,18,16,5,15,1,18,1,0,1,122,82.0,6.24,1.84,11.2,1.8,5.4,6.5,1.2,,shipb001
488,Jackson Stephens,23,CIN,NL,0.2,2,1,0.667,4.68,7,4,1,0,0,0,25.0,19,13,13,6,9,0,21,1,0,1,101,97.0,5.8,1.12,6.8,2.2,3.2,7.6,2.33,,stepj002
489,Mike Wright Jr.,27,BAL,AL,-0.1,0,0,,5.76,13,0,4,0,0,0,25.0,26,16,16,5,7,0,28,3,0,1,109,76.0,4.72,1.32,9.4,1.8,2.5,10.1,4.0,,wrigm001
490,Shawn Armstrong,26,CLE,AL,0.1,1,0,1.0,4.38,21,0,14,0,0,0,24.2,23,12,12,5,10,0,20,1,0,1,108,105.0,5.51,1.338,8.4,1.8,3.6,7.3,2.0,,armss001
491,Jeurys Familia,27,NYM,NL,0.0,2,2,0.5,4.38,26,0,15,0,0,6,24.2,21,14,12,1,15,3,25,1,0,1,111,96.0,3.6,1.459,7.7,0.4,5.5,9.1,1.67,,famij001
492,Hector Velázquez,28,BOS,AL,0.6,3,1,0.75,2.92,8,3,4,0,0,0,24.2,21,8,8,4,7,0,19,0,0,0,96,158.0,4.58,1.135,7.7,1.5,2.6,6.9,2.71,,velah001
493,Ariel Hernández,25,CIN,NL,0.0,0,0,,5.18,19,0,5,0,0,0,24.1,14,14,14,6,22,1,29,0,0,2,108,88.0,6.69,1.479,5.2,2.2,8.1,10.7,1.32,,herna004
494,Raúl Alcantara,24,OAK,AL,-0.4,1,2,0.333,7.13,8,4,2,0,0,0,24.0,22,21,19,5,12,1,12,3,1,0,108,59.0,6.74,1.417,8.3,1.9,4.5,4.5,1.0,,alcar001
495,Jarred Cosart,27,SDP,NL,0.0,0,2,0.0,4.88,7,6,0,0,0,0,24.0,26,15,13,0,19,0,15,2,1,1,114,88.0,4.53,1.875,9.8,0.0,7.1,5.6,0.79,,cosaj001
496,Rookie Davis,24,CIN,NL,-0.9,1,3,0.25,8.63,7,6,0,0,0,0,24.0,38,25,23,7,14,0,20,1,0,3,123,53.0,7.16,2.167,14.3,2.6,5.3,7.5,1.43,,davir004
497,Steven Wright,32,BOS,AL,-0.8,1,3,0.25,8.25,5,5,0,0,0,0,24.0,40,24,22,9,5,1,13,2,0,1,114,56.0,7.82,1.875,15.0,3.4,1.9,4.9,2.6,,wrigs001
498,Paolo Espino,30,2TM,2LG,-0.2,0,0,,6.0,12,2,7,0,0,0,24.0,23,17,16,7,10,0,20,3,0,0,109,77.0,6.91,1.375,8.6,2.6,3.8,7.5,2.0,,espip001
498,Paolo Espino,30,MIL,NL,-0.2,0,0,,6.11,6,2,3,0,0,0,17.2,17,13,12,5,8,0,13,3,0,0,82,73.0,7.23,1.415,8.7,2.5,4.1,6.6,1.63,,espip001
498,Paolo Espino,30,TEX,AL,0.1,0,0,,5.68,6,0,4,0,0,0,6.1,6,4,4,2,2,0,7,0,0,0,27,89.0,6.0,1.263,8.5,2.8,2.8,9.9,3.5,,espip001
499,Rex Brothers*,29,ATL,NL,-0.4,4,3,0.571,7.23,27,0,8,0,0,0,23.2,23,19,19,3,12,3,33,1,0,2,105,61.0,3.67,1.479,8.7,1.1,4.6,12.5,2.75,,brotr001
500,Grant Dayton*,29,LAD,NL,-0.1,1,1,0.5,4.94,29,0,6,0,0,0,23.2,19,13,13,5,12,1,20,0,0,0,102,85.0,5.74,1.31,7.2,1.9,4.6,7.6,1.67,,daytg001
501,Troy Scribner,25,LAA,AL,-0.1,2,1,0.667,4.18,10,4,3,0,0,0,23.2,17,14,11,7,10,0,18,2,0,0,99,103.0,7.0,1.141,6.5,2.7,3.8,6.8,1.8,,scrit001
502,Carson Fulmer,23,CHW,AL,0.5,3,1,0.75,3.86,7,5,0,0,0,0,23.1,16,10,10,4,13,0,19,2,2,0,101,113.0,5.69,1.243,6.2,1.5,5.0,7.3,1.46,,fulmc001
503,Julio Urías*,20,LAD,NL,-0.2,0,2,0.0,5.4,5,5,0,0,0,0,23.1,23,15,14,1,14,1,11,1,1,1,102,78.0,4.7,1.586,8.9,0.4,5.4,4.2,0.79,,uriaj001
504,Dillon Overton*,25,2TM,2LG,-0.4,0,1,0.0,6.65,10,2,4,0,0,0,23.0,30,19,17,6,4,2,11,1,0,3,103,65.0,6.24,1.478,11.7,2.3,1.6,4.3,2.75,,overd001
504,Dillon Overton*,25,SEA,AL,-0.3,0,0,,6.38,9,1,4,0,0,0,18.1,21,15,13,4,2,1,8,0,0,3,79,66.0,5.45,1.255,10.3,2.0,1.0,3.9,4.0,,overd001
504,Dillon Overton*,25,SDP,NL,-0.1,0,1,0.0,7.71,1,1,0,0,0,0,4.2,9,4,4,2,2,1,3,1,0,0,24,59.0,9.37,2.357,17.4,3.9,3.9,5.8,1.5,,overd001
505,Matt Dermody*,26,TOR,AL,0.0,2,0,1.0,4.43,23,0,3,0,0,0,22.1,23,13,11,6,5,1,15,2,0,1,95,102.0,6.25,1.254,9.3,2.4,2.0,6.0,3.0,,dermm001
506,Jeanmar Gómez,29,PHI,NL,-0.7,3,2,0.6,7.25,18,0,12,0,0,2,22.1,31,19,18,7,7,2,21,2,0,1,100,60.0,6.56,1.701,12.5,2.8,2.8,8.5,3.0,,gomej002
507,Eduardo Paredes,22,LAA,AL,0.1,0,1,0.0,4.43,18,0,6,0,0,1,22.1,21,11,11,2,6,1,17,3,0,0,92,97.0,4.01,1.209,8.5,0.8,2.4,6.9,2.83,,paree001
508,Rob Scahill,30,MIL,NL,-0.2,1,3,0.25,4.43,18,0,6,0,0,0,22.1,21,14,11,3,10,4,10,3,0,2,97,100.0,5.76,1.388,8.5,1.2,4.0,4.0,1.0,,scahr001
509,Aaron Bummer*,23,CHW,AL,0.2,1,3,0.25,4.5,30,0,3,0,0,0,22.0,13,11,11,4,15,1,17,1,0,1,91,97.0,6.16,1.273,5.3,1.6,6.1,7.0,1.13,,bumma001
510,Shelby Miller,26,ARI,NL,0.3,2,2,0.5,4.09,4,4,0,0,0,0,22.0,20,10,10,1,12,1,20,0,1,1,99,116.0,3.57,1.455,8.2,0.4,4.9,8.2,1.67,,mills001
511,Tyler Pill,27,NYM,NL,-0.3,0,3,0.0,5.32,7,3,1,0,0,0,22.0,22,16,13,3,10,2,16,2,0,0,99,79.0,5.11,1.455,9.0,1.2,4.1,6.5,1.6,,pillt001
512,Ryan Garton,27,2TM,AL,0.0,0,1,0.0,4.91,20,0,6,0,0,0,22.0,18,12,12,4,6,0,16,0,0,2,90,88.0,4.89,1.091,7.4,1.6,2.5,6.5,2.67,,gartr001
512,Ryan Garton,27,TBR,AL,-0.4,0,1,0.0,8.71,7,0,3,0,0,0,10.1,13,10,10,3,5,0,9,0,0,2,48,50.0,6.64,1.742,11.3,2.6,4.4,7.8,1.8,,gartr001
512,Ryan Garton,27,SEA,AL,0.4,0,0,,1.54,13,0,3,0,0,0,11.2,5,2,2,1,1,0,7,0,0,0,42,278.0,3.33,0.514,3.9,0.8,0.8,5.4,7.0,,gartr001
513,Andrew Heaney*,26,LAA,AL,-0.4,1,2,0.333,7.06,5,5,0,0,0,0,21.2,27,17,17,12,9,0,27,0,0,2,101,61.0,9.11,1.662,11.2,5.0,3.7,11.2,3.0,,heana001
514,Jack Flaherty,21,STL,NL,-0.3,0,2,0.0,6.33,6,5,0,0,0,0,21.1,23,15,15,4,10,1,20,1,0,0,94,68.0,5.27,1.547,9.7,1.7,4.2,8.4,2.0,,flahj002
515,John Axford,34,OAK,AL,-0.3,0,1,0.0,6.43,22,0,8,0,0,0,21.0,27,16,15,3,17,0,21,2,0,1,109,66.0,5.73,2.095,11.6,1.3,7.3,9.0,1.24,,axfoj001
516,Javy Guerra,31,MIA,NL,0.3,1,1,0.5,3.0,16,0,5,0,0,0,21.0,23,8,7,2,7,1,12,0,0,0,88,134.0,4.25,1.429,9.9,0.9,3.0,5.1,1.71,,guerj002
517,Boone Logan*,32,CLE,AL,0.0,1,0,1.0,4.71,38,0,4,0,0,0,21.0,20,13,11,2,9,0,28,1,0,0,91,98.0,3.16,1.381,8.6,0.9,3.9,12.0,3.11,,logab001
518,Bryan Morris,30,SFG,NL,-0.3,2,0,1.0,6.43,20,0,4,0,0,0,21.0,24,16,15,1,11,2,15,0,0,1,94,67.0,3.92,1.667,10.3,0.4,4.7,6.4,1.36,,morrb002
519,Michael Tonkin,27,MIN,AL,-0.1,0,1,0.0,5.14,16,0,8,0,0,0,21.0,22,15,12,6,12,0,24,1,0,2,97,87.0,6.44,1.619,9.4,2.6,5.1,10.3,2.0,,tonkm001
520,Silvino Bracho,24,ARI,NL,-0.1,0,0,,5.66,21,0,10,0,0,0,20.2,18,14,13,5,7,0,25,0,0,1,87,84.0,4.9,1.21,7.8,2.2,3.0,10.9,3.57,,bracs001
521,Ryan Merritt*,25,CLE,AL,0.7,2,0,1.0,1.74,5,4,1,0,0,0,20.2,26,6,4,0,4,0,7,0,0,0,89,266.0,3.06,1.452,11.3,0.0,1.7,3.0,1.75,,merrr001
522,Jimmy Yacabonis,25,BAL,AL,0.2,2,0,1.0,4.35,14,0,7,0,0,0,20.2,18,10,10,2,14,1,8,0,0,1,90,101.0,5.67,1.548,7.8,0.9,6.1,3.5,0.57,,yacaj001
523,Giovanny Gallegos,25,NYY,AL,0.0,0,1,0.0,4.87,16,0,7,0,0,0,20.1,21,12,11,3,5,1,22,0,1,1,88,94.0,3.65,1.279,9.3,1.3,2.2,9.7,4.4,,gallg001
524,Tyler Mahle,22,CIN,NL,0.6,1,2,0.333,2.7,4,4,0,0,0,0,20.0,19,6,6,0,11,1,14,4,0,1,92,168.0,4.01,1.5,8.6,0.0,5.0,6.3,1.27,,mahlt001
525,Tyler Olson*,27,CLE,AL,1.2,1,0,1.0,0.0,30,0,4,0,0,1,20.0,13,0,0,0,6,0,18,1,0,0,77,,2.41,0.95,5.9,0.0,2.7,8.1,3.0,,olsot002
526,Ryne Stanek,25,TBR,AL,-0.2,0,0,,5.85,21,0,4,0,0,0,20.0,26,13,13,6,12,2,29,0,0,4,95,73.0,5.96,1.9,11.7,2.7,5.4,13.1,2.42,,stanr002
527,Mike Morin,26,2TM,AL,-0.3,0,0,,7.2,16,0,8,0,0,0,20.0,29,16,16,3,5,1,16,1,0,0,93,62.0,4.41,1.7,13.1,1.4,2.3,7.2,3.2,,morim002
527,Mike Morin,26,LAA,AL,-0.3,0,0,,6.91,10,0,3,0,0,0,14.1,21,11,11,3,2,1,10,1,0,0,65,63.0,5.11,1.605,13.2,1.9,1.3,6.3,5.0,,morim002
527,Mike Morin,26,KCR,AL,-0.1,0,0,,7.94,6,0,5,0,0,0,5.2,8,5,5,0,3,0,6,0,0,0,28,60.0,2.63,1.941,12.7,0.0,4.8,9.5,2.0,,morim002
528,Daniel Wright,26,LAA,AL,-0.1,0,1,0.0,4.58,5,2,3,0,0,0,19.2,21,12,10,1,8,0,11,2,0,1,85,94.0,4.23,1.475,9.6,0.5,3.7,5.0,1.38,,wrigd003
529,Koda Glover,24,WSN,NL,-0.1,0,1,0.0,5.12,23,0,12,0,0,8,19.1,20,11,11,1,4,0,17,0,0,1,80,89.0,2.69,1.241,9.3,0.5,1.9,7.9,4.25,,glovk001
530,Chris Volstad,30,CHW,AL,0.2,1,2,0.333,4.66,6,2,2,0,0,0,19.1,16,11,10,4,5,0,10,1,0,0,76,94.0,5.74,1.086,7.4,1.9,2.3,4.7,2.0,,volsc001
531,Joe Jiménez,22,DET,AL,-1.0,0,2,0.0,12.32,24,0,6,0,0,0,19.0,31,28,26,4,9,0,17,2,0,0,99,37.0,5.84,2.105,14.7,1.9,4.3,8.1,1.89,,jimej003
532,Kyle McGrath*,24,SDP,NL,0.4,0,0,,2.84,17,0,8,0,0,0,19.0,14,6,6,2,6,1,16,0,0,1,75,151.0,3.79,1.053,6.6,0.9,2.8,7.6,2.67,,mcgrk001
533,Chris Rowley,26,TOR,AL,-0.3,1,2,0.333,6.75,6,3,2,0,0,0,18.2,24,14,14,4,10,0,11,0,1,1,89,67.0,6.37,1.821,11.6,1.9,4.8,5.3,1.1,,rowlc001
534,Caleb Smith*,25,NYY,AL,-0.3,0,1,0.0,7.71,9,2,6,0,0,0,18.2,21,16,16,4,10,1,18,0,0,1,86,59.0,5.62,1.661,10.1,1.9,4.8,8.7,1.8,,smitc006
535,Miguel Socolovich,30,STL,NL,-0.6,0,1,0.0,8.68,15,0,7,0,0,1,18.2,27,20,18,4,4,0,14,2,0,0,87,49.0,5.41,1.661,13.0,1.9,1.9,6.8,3.5,,socom001
536,Zach Duke*,34,STL,NL,0.2,1,1,0.5,3.93,27,0,1,0,0,0,18.1,13,8,8,3,6,2,12,2,0,2,74,109.0,5.29,1.036,6.4,1.5,2.9,5.9,2.0,,dukez001
537,Eric O'Flaherty*,32,ATL,NL,-0.5,0,0,,7.85,22,0,2,0,0,0,18.1,20,16,16,4,9,0,15,0,0,1,83,56.0,5.83,1.582,9.8,2.0,4.4,7.4,1.67,,oflae001
538,Jesen Therrien,24,PHI,NL,-0.4,0,0,,8.35,15,0,1,0,0,0,18.1,24,17,17,5,7,0,10,1,0,0,86,52.0,6.92,1.691,11.8,2.5,3.4,4.9,1.43,,therj001
539,Justin Haley,26,MIN,AL,-0.1,0,0,,6.0,10,0,5,0,0,1,18.0,22,12,12,3,6,0,14,1,0,0,81,75.0,4.94,1.556,11.0,1.5,3.0,7.0,2.33,,halej001
540,Edgar Santana,25,PIT,NL,0.2,0,0,,3.5,19,0,2,0,0,0,18.0,16,8,7,2,12,1,20,1,0,0,81,124.0,4.55,1.556,8.0,1.0,6.0,10.0,1.67,,sante002
541,Eric Skoglund*,24,KCR,AL,-0.6,1,2,0.333,9.5,7,5,1,0,0,0,18.0,30,20,19,2,12,0,14,0,0,0,93,48.0,5.05,2.333,15.0,1.0,6.0,7.0,1.17,,skoge001
542,Al Alburquerque,31,2TM,AL,0.5,0,2,0.0,2.5,21,0,7,0,0,0,18.0,10,5,5,0,8,0,14,0,0,0,71,182.0,2.94,1.0,5.0,0.0,4.0,7.0,1.75,,albua001
542,Al Alburquerque,31,KCR,AL,0.2,0,1,0.0,3.6,11,0,5,0,0,0,10.0,7,4,4,0,6,0,9,0,0,0,42,128.0,3.16,1.3,6.3,0.0,5.4,8.1,1.5,,albua001
542,Al Alburquerque,31,CHW,AL,0.3,0,1,0.0,1.13,10,0,2,0,0,0,8.0,3,1,1,0,2,0,5,0,0,0,29,398.0,2.66,0.625,3.4,0.0,2.3,5.6,2.5,,albua001
543,José Váldez,27,2TM,2LG,-0.5,0,0,,8.5,14,0,4,0,0,0,18.0,21,18,17,8,5,0,17,2,0,1,80,52.0,8.21,1.444,10.5,4.0,2.5,8.5,3.4,,valdj003
543,José Váldez,27,LAA,AL,-0.1,0,0,,18.0,1,0,0,0,0,0,1.0,1,2,2,1,1,0,1,0,0,0,5,32.0,17.16,2.0,9.0,9.0,9.0,9.0,1.0,,valdj003
543,José Váldez,27,SDP,NL,-0.4,0,0,,7.94,13,0,4,0,0,0,17.0,20,16,15,7,4,0,16,2,0,1,75,54.0,7.69,1.412,10.6,3.7,2.1,8.5,4.0,,valdj003
544,Buddy Baumann*,29,SDP,NL,0.5,2,1,0.667,2.55,23,0,2,0,0,0,17.2,11,5,5,4,7,2,21,3,0,0,72,169.0,5.42,1.019,5.6,2.0,3.6,10.7,3.0,,baumb001
545,Cody Reed*,24,CIN,NL,-0.1,1,1,0.5,5.09,12,1,3,0,0,1,17.2,11,11,10,3,19,3,17,0,0,2,79,89.0,6.67,1.698,5.6,1.5,9.7,8.7,0.89,,reedc002
546,Nik Turley*,27,MIN,AL,-0.8,0,2,0.0,11.21,10,3,3,0,0,0,17.2,30,22,22,5,8,1,13,2,0,2,89,40.0,7.06,2.151,15.3,2.5,4.1,6.6,1.63,,turln001
547,John Gant,24,STL,NL,0.1,0,1,0.0,4.67,7,2,1,0,0,0,17.1,17,9,9,4,10,1,11,1,0,0,76,92.0,6.79,1.558,8.8,2.1,5.2,5.7,1.1,,gantj002
548,Austin Maddox,26,BOS,AL,0.7,0,0,,0.52,13,0,5,0,0,0,17.1,13,1,1,1,2,0,14,0,0,0,67,894.0,2.64,0.865,6.8,0.5,1.0,7.3,7.0,,madda001
549,Ben Taylor,24,BOS,AL,-0.1,0,1,0.0,5.19,14,0,3,0,0,1,17.1,20,10,10,3,9,0,18,0,0,1,80,89.0,4.89,1.673,10.4,1.6,4.7,9.3,2.0,,taylb002
550,Josh Collmenter,31,ATL,NL,-0.8,0,2,0.0,9.0,11,0,5,0,0,0,17.0,29,19,17,7,6,2,18,0,0,1,87,49.0,7.45,2.059,15.4,3.7,3.2,9.5,3.0,,collj001
551,Tim Mayza*,25,TOR,AL,-0.4,1,0,1.0,6.88,19,0,7,0,0,0,17.0,24,15,13,3,4,0,27,0,0,0,79,66.0,2.98,1.647,12.7,1.6,2.1,14.3,6.75,,mayzt001
552,Chad Qualls,38,COL,NL,0.0,1,1,0.5,5.4,19,0,9,0,0,0,16.2,17,11,10,3,5,0,11,0,0,0,72,95.0,5.08,1.32,9.2,1.6,2.7,5.9,2.2,,qualc001
553,Carlos Ramírez,26,TOR,AL,0.5,0,0,,2.7,12,0,1,0,0,0,16.2,6,5,5,3,3,0,14,1,0,0,58,169.0,4.54,0.54,3.2,1.6,1.6,7.6,4.67,,ramic001
554,Josh Ravin,29,LAD,NL,-0.3,0,1,0.0,6.48,14,0,3,0,0,1,16.2,12,12,12,4,9,1,19,1,0,0,71,65.0,5.8,1.26,6.5,2.2,4.9,10.3,2.11,,ravij001
555,Luis Santos,26,TOR,AL,0.5,0,1,0.0,2.7,10,0,4,0,0,1,16.2,15,5,5,4,4,0,16,0,0,1,68,169.0,5.08,1.14,8.1,2.2,2.2,8.6,4.0,,santl001
556,Dario Álvarez*,28,TEX,AL,0.2,2,0,1.0,2.76,20,0,3,0,0,0,16.1,19,8,5,1,14,0,17,1,1,2,82,178.0,4.63,2.02,10.5,0.6,7.7,9.4,1.21,,alvad001
557,Yacksel Ríos,24,PHI,NL,0.1,1,0,1.0,4.41,13,0,7,0,0,0,16.1,15,8,8,4,9,1,17,0,0,0,73,100.0,5.91,1.469,8.3,2.2,5.0,9.4,1.89,,riosy001
558,Reymin Guduan*,25,HOU,AL,-0.4,0,0,,7.88,22,0,3,0,0,0,16.0,24,14,14,1,12,0,16,0,0,3,83,53.0,4.22,2.25,13.5,0.6,6.8,9.0,1.33,,gudur001
559,Jeff Beliveau*,30,TOR,AL,-0.3,1,1,0.5,7.47,19,0,6,0,0,0,15.2,17,14,13,4,6,1,17,1,0,0,70,61.0,5.65,1.468,9.8,2.3,3.4,9.8,2.83,,belij001
560,Jonathan Broxton,33,STL,NL,-0.3,0,1,0.0,6.89,20,0,8,0,0,0,15.2,23,12,12,2,11,2,16,0,0,1,78,62.0,4.88,2.17,13.2,1.1,6.3,9.2,1.45,,broxj001
561,Bruce Rondón,26,DET,AL,-0.9,1,3,0.25,10.91,21,0,3,0,0,1,15.2,21,19,19,1,10,2,22,1,1,1,76,42.0,3.29,1.979,12.1,0.6,5.7,12.6,2.2,,rondb001
562,Nick Tepesch,28,2TM,AL,-0.2,1,2,0.333,5.17,4,4,0,0,0,0,15.2,22,15,9,6,9,1,9,3,0,0,80,90.0,9.29,1.979,12.6,3.4,5.2,5.2,1.0,,tepen001
562,Nick Tepesch,28,MIN,AL,-0.4,0,1,0.0,5.4,1,1,0,0,0,0,1.2,5,7,1,1,2,0,2,0,0,0,13,99.0,12.16,4.2,27.0,5.4,10.8,10.8,1.0,,tepen001
562,Nick Tepesch,28,TOR,AL,0.1,1,1,0.5,5.14,3,3,0,0,0,0,14.0,17,8,8,5,7,1,7,3,0,0,67,89.0,8.94,1.714,10.9,3.2,4.5,4.5,1.0,,tepen001
563,Erick Fedde,24,WSN,NL,-0.5,0,1,0.0,9.39,3,3,0,0,0,0,15.1,25,16,16,5,8,2,15,1,0,0,76,49.0,7.2,2.152,14.7,2.9,4.7,8.8,1.88,,fedde001
564,Andrew Kittredge,27,TBR,AL,0.4,0,1,0.0,1.76,15,0,2,0,0,0,15.1,13,4,3,2,6,1,14,0,0,1,66,244.0,4.2,1.239,7.6,1.2,3.5,8.2,2.33,,kitta001
565,Aaron Slegers,24,MIN,AL,-0.2,0,1,0.0,6.46,4,3,0,0,0,0,15.1,12,12,11,3,6,0,9,0,0,0,63,70.0,5.7,1.174,7.0,1.8,3.5,5.3,1.5,,slega001
566,Tyler Wilson,27,BAL,AL,-0.4,2,2,0.5,7.04,9,1,3,0,0,0,15.1,22,14,12,3,4,1,9,1,1,1,70,63.0,5.51,1.696,12.9,1.8,2.3,5.3,2.25,,wilst004
567,Mat Latos,29,TOR,AL,-0.1,0,1,0.0,6.6,3,3,0,0,0,0,15.0,19,11,11,5,8,1,10,1,0,1,70,69.0,7.96,1.8,11.4,3.0,4.8,6.0,1.25,,latom001
568,A.J. Minter*,23,ATL,NL,0.4,0,1,0.0,3.0,16,0,3,0,0,0,15.0,13,5,5,1,2,0,26,0,0,0,60,148.0,0.96,1.0,7.8,0.6,1.2,15.6,13.0,,minta001
569,Henderson Alvarez III,27,PHI,NL,0.3,0,1,0.0,4.3,3,3,0,0,0,0,14.2,14,7,7,2,11,1,6,0,1,0,67,102.0,6.36,1.705,8.6,1.2,6.8,3.7,0.55,,alvah001
570,Zach Neal,28,OAK,AL,-0.2,0,0,,7.98,6,0,4,0,0,0,14.2,19,13,13,5,1,0,10,0,0,1,65,53.0,6.43,1.364,11.7,3.1,0.6,6.1,10.0,,nealz001
571,Vidal Nuño III*,29,BAL,AL,-0.5,0,1,0.0,10.43,12,0,5,0,0,0,14.2,23,17,17,7,10,2,13,0,0,0,77,43.0,9.64,2.25,14.1,4.3,6.1,8.0,1.3,,nunov001
572,Jake Buchanan,27,CIN,NL,-0.3,0,0,,8.16,5,0,3,0,0,0,14.1,24,13,13,1,7,2,4,3,0,0,77,56.0,5.6,2.163,15.1,0.6,4.4,2.5,0.57,,buchj001
573,Domingo Germán,24,NYY,AL,0.2,0,1,0.0,3.14,7,0,5,0,0,0,14.1,11,6,5,1,9,0,18,0,0,3,62,147.0,3.44,1.395,6.9,0.6,5.7,11.3,2.0,,germd001
574,Ryan Sherriff*,27,STL,NL,0.2,2,1,0.667,3.14,13,0,2,0,0,0,14.1,13,5,5,2,4,0,15,1,0,0,60,138.0,3.93,1.186,8.2,1.3,2.5,9.4,3.75,,sherr001
575,Dan Winkler,27,ATL,NL,0.5,1,1,0.5,2.51,16,0,1,0,0,0,14.1,7,4,4,1,6,0,18,0,0,0,53,177.0,2.81,0.907,4.4,0.6,3.8,11.3,3.0,,
576,Adam Wilk*,29,2TM,2LG,-0.4,0,2,0.0,9.0,4,2,0,0,0,0,14.0,24,15,14,6,9,1,8,0,0,2,74,51.0,9.52,2.357,15.4,3.9,5.8,5.1,0.89,,wilka001
576,Adam Wilk*,29,NYM,NL,-0.2,0,1,0.0,12.27,1,1,0,0,0,0,3.2,8,6,5,3,1,0,2,0,0,0,20,37.0,13.52,2.455,19.6,7.4,2.5,4.9,2.0,,wilka001
576,Adam Wilk*,29,MIN,AL,-0.2,0,1,0.0,7.84,3,1,0,0,0,0,10.1,16,9,9,3,8,1,6,0,0,2,54,58.0,8.09,2.323,13.9,2.6,7.0,5.2,0.75,,wilka001
577,Leonel Campos,29,TOR,AL,0.2,0,0,,2.63,13,0,6,0,0,0,13.2,11,6,4,2,8,0,15,1,0,1,60,174.0,4.84,1.39,7.2,1.3,5.3,9.9,1.88,,campl001
578,Deck McGuire,28,CIN,NL,0.2,1,1,0.5,2.63,6,2,2,0,0,0,13.2,10,6,4,1,2,0,11,1,0,0,56,174.0,3.16,0.878,6.6,0.7,1.3,7.2,5.5,,mcgud001
579,Jayson Aquino*,24,BAL,AL,-0.3,1,2,0.333,7.43,4,2,1,0,0,0,13.1,15,12,11,4,6,0,13,0,0,1,62,60.0,6.46,1.575,10.1,2.7,4.1,8.8,2.17,,aquij001
580,Dayán Díaz,28,HOU,AL,-0.4,1,1,0.5,9.0,10,1,4,0,0,0,13.0,17,14,13,3,4,0,20,0,0,4,58,47.0,4.0,1.615,11.8,2.1,2.8,13.8,5.0,,diazd001
581,Brandon Finnegan*,24,CIN,NL,0.2,1,1,0.5,4.15,4,4,0,0,0,0,13.0,9,6,6,1,13,0,16,0,0,1,59,110.0,4.7,1.692,6.2,0.7,9.0,11.1,1.23,,finnb001
582,Tommy Layne*,32,NYY,AL,-0.3,0,0,,7.62,19,0,4,0,0,0,13.0,16,12,11,1,8,0,9,1,0,0,63,61.0,4.85,1.846,11.1,0.7,5.5,6.2,1.13,,
583,Ricardo Rodríguez,24,TEX,AL,-0.1,0,1,0.0,6.23,16,0,4,0,0,1,13.0,17,9,9,3,4,0,11,1,0,0,60,79.0,5.62,1.615,11.8,2.1,2.8,7.6,2.75,,rodrr007
584,Rob Zastryzny*,25,CHC,NL,-0.3,0,0,,8.31,4,0,0,0,0,0,13.0,19,13,12,2,7,0,11,1,0,0,62,54.0,5.31,2.0,13.2,1.4,4.8,7.6,1.57,,zastr001
585,Noé Ramirez,27,2TM,AL,0.2,0,0,,2.77,12,0,1,0,0,0,13.0,6,5,4,2,5,0,14,0,0,0,49,166.0,4.16,0.846,4.2,1.4,3.5,9.7,2.8,,ramin002
585,Noé Ramirez,27,BOS,AL,0.0,0,0,,3.86,2,0,1,0,0,0,4.2,3,2,2,2,1,0,4,0,0,0,18,127.0,7.66,0.857,5.8,3.9,1.9,7.7,4.0,,ramin002
585,Noé Ramirez,27,LAA,AL,0.2,0,0,,2.16,10,0,0,0,0,0,8.1,3,3,2,0,4,0,10,0,0,0,31,205.0,2.2,0.84,3.2,0.0,4.3,10.8,2.5,,ramin002
586,Luke Farrell,26,2TM,2LG,0.0,0,0,,5.54,10,1,3,0,0,0,13.0,12,8,8,2,10,0,9,0,0,0,61,85.0,6.08,1.692,8.3,1.4,6.9,6.2,0.9,,farrl001
586,Luke Farrell,26,KCR,AL,-0.2,0,0,,16.88,1,1,0,0,0,0,2.2,7,5,5,1,3,0,2,0,0,0,18,30.0,9.91,3.75,23.6,3.4,10.1,6.8,0.67,,farrl001
586,Luke Farrell,26,CIN,NL,0.2,0,0,,2.61,9,0,3,0,0,0,10.1,5,3,3,1,7,0,7,0,0,0,43,177.0,5.09,1.161,4.4,0.9,6.1,6.1,1.0,,farrl001
587,Myles Jaye,25,DET,AL,-0.6,1,2,0.333,12.08,5,2,0,0,0,0,12.2,18,18,17,2,10,0,4,3,0,2,71,38.0,7.66,2.211,12.8,1.4,7.1,2.8,0.4,,jayem001
588,Carter Capps,26,SDP,NL,-0.1,0,0,,6.57,11,0,6,0,0,0,12.1,12,9,9,2,2,0,7,0,0,1,49,66.0,4.62,1.135,8.8,1.5,1.5,5.1,3.5,,cappc001
589,Stefan Crichton,25,BAL,AL,-0.2,0,0,,8.03,8,0,1,0,0,0,12.1,26,11,11,2,4,0,8,0,1,2,62,56.0,4.94,2.432,19.0,1.5,2.9,5.8,2.0,,crics001
590,Yohander Méndez*,22,TEX,AL,0.0,0,1,0.0,5.11,7,0,0,0,0,0,12.1,13,9,7,3,3,0,7,1,0,0,52,97.0,6.16,1.297,9.5,2.2,2.2,5.1,2.33,,mendy001
591,Ángel Sánchez,27,PIT,NL,-0.3,1,0,1.0,8.76,8,0,2,0,0,0,12.1,16,12,12,5,1,0,10,0,0,2,54,50.0,7.05,1.378,11.7,3.6,0.7,7.3,10.0,,sanca008
592,Brad Goldberg,27,CHW,AL,-0.3,0,0,,8.25,11,0,4,0,0,0,12.0,14,11,11,2,14,0,3,2,0,1,62,54.0,8.82,2.333,10.5,1.5,10.5,2.3,0.21,,goldb001
593,Casey Fien,33,2TM,2LG,-1.1,0,1,0.0,12.75,10,0,4,0,0,0,12.0,23,17,17,5,6,2,10,0,0,0,62,35.0,8.41,2.417,17.3,3.8,4.5,7.5,1.67,,fienc001
593,Casey Fien,33,SEA,AL,-0.5,0,0,,15.0,6,0,2,0,0,0,6.0,9,10,10,3,4,0,6,0,0,0,29,29.0,9.66,2.167,13.5,4.5,6.0,9.0,1.5,,fienc001
593,Casey Fien,33,PHI,NL,-0.5,0,1,0.0,10.5,4,0,2,0,0,0,6.0,14,7,7,2,2,2,4,0,0,0,33,43.0,7.16,2.667,21.0,3.0,3.0,6.0,2.0,,fienc001
594,Nate Jones,31,CHW,AL,0.4,1,0,1.0,2.31,11,0,1,0,0,0,11.2,9,3,3,1,6,1,15,1,0,1,49,191.0,3.5,1.286,6.9,0.8,4.6,11.6,2.5,,jonen001
595,Ben Heller,25,NYY,AL,0.5,1,0,1.0,0.82,9,0,4,0,0,0,11.0,5,1,1,0,6,0,9,0,0,1,43,568.0,3.16,1.0,4.1,0.0,4.9,7.4,1.5,,hellb001
596,J.P. Howell*,34,TOR,AL,-0.3,1,1,0.5,7.36,16,0,6,0,0,0,11.0,13,9,9,2,7,0,6,0,0,1,52,63.0,6.34,1.818,10.6,1.6,5.7,4.9,0.86,,howej003
597,Víctor Arano,22,PHI,NL,0.5,1,0,1.0,1.69,10,0,2,0,0,0,10.2,6,2,2,0,4,0,13,0,0,0,42,263.0,1.85,0.938,5.1,0.0,3.4,11.0,3.25,,aranv001
598,Jake Diekman*,30,TEX,AL,0.4,0,0,,2.53,11,0,2,0,0,1,10.2,4,3,3,1,10,1,13,0,0,0,45,196.0,4.75,1.313,3.4,0.8,8.4,11.0,1.3,,diekj001
599,Jason Hursh,25,ATL,NL,0.0,1,0,1.0,5.06,9,0,4,0,0,0,10.2,13,6,6,1,4,1,7,1,0,1,47,89.0,4.47,1.594,11.0,0.8,3.4,5.9,1.75,,hursj004
600,James Sherfy,25,ARI,NL,0.6,2,0,1.0,0.0,11,0,2,0,0,1,10.2,5,0,0,0,2,0,9,0,0,0,37,,2.03,0.656,4.2,0.0,1.7,7.6,4.5,,
601,Logan Verrett,27,BAL,AL,0.1,2,0,1.0,4.22,4,0,2,0,0,0,10.2,11,6,5,3,3,1,9,2,0,0,47,106.0,6.53,1.313,9.3,2.5,2.5,7.6,3.0,,verrl001
602,Chaz Roe,30,2TM,2LG,0.1,0,0,,2.53,12,0,3,0,0,0,10.2,7,5,3,1,5,0,13,1,0,1,44,178.0,3.63,1.125,5.9,0.8,4.2,11.0,2.6,,roe-c001
602,Chaz Roe,30,ATL,NL,-0.2,0,0,,9.0,3,0,0,0,0,0,2.0,3,4,2,0,2,0,1,1,0,0,13,57.0,6.66,2.5,13.5,0.0,9.0,4.5,0.5,,roe-c001
602,Chaz Roe,30,TBR,AL,0.4,0,0,,1.04,9,0,3,0,0,0,8.2,4,1,1,1,3,0,12,0,0,1,31,422.0,2.93,0.808,4.2,1.0,3.1,12.5,4.0,,roe-c001
603,Artie Lewicki,25,DET,AL,-0.1,0,1,0.0,6.1,4,1,1,0,0,0,10.1,19,8,7,1,4,0,6,0,0,0,52,76.0,4.42,2.226,16.5,0.9,3.5,5.2,1.5,,lewia001
604,Josh Lindblom,30,PIT,NL,-0.2,0,0,,7.84,4,0,1,0,0,0,10.1,18,9,9,0,3,0,10,0,0,0,51,56.0,2.09,2.032,15.7,0.0,2.6,8.7,3.33,,lindj004
605,Brooks Pounders,26,LAA,AL,-0.4,1,0,1.0,10.45,11,0,10,0,0,0,10.1,17,12,12,4,5,1,12,1,1,0,54,42.0,7.61,2.129,14.8,3.5,4.4,10.5,2.4,,pounb001
606,Aaron Wilkerson,28,MIL,NL,0.2,1,0,1.0,3.48,3,2,1,0,0,0,10.1,6,4,4,1,1,0,7,0,0,0,37,130.0,3.35,0.677,5.2,0.9,0.9,6.1,7.0,,wilka003
607,Chih-Wei Hu,23,TBR,AL,0.2,1,1,0.5,2.7,6,0,1,0,0,0,10.0,5,4,3,2,4,0,9,0,0,0,40,161.0,5.16,0.9,4.5,1.8,3.6,8.1,2.25,,hu--c002
608,Dylan Floro,26,CHC,NL,-0.1,0,0,,6.52,3,0,2,0,0,0,9.2,15,7,7,2,2,0,6,1,0,0,45,70.0,5.54,1.759,14.0,1.9,1.9,5.6,3.0,,flord002
609,Seth Maness,28,KCR,AL,0.1,1,0,1.0,3.72,8,0,1,0,0,0,9.2,16,5,4,3,2,0,4,0,0,0,45,124.0,6.99,1.862,14.9,2.8,1.9,3.7,2.0,,manes001
610,Zac Reininger,24,DET,AL,-0.1,0,0,,7.45,10,0,3,0,0,0,9.2,16,8,8,3,3,0,5,0,0,2,47,62.0,7.09,1.966,14.9,2.8,2.8,4.7,1.67,,reinz001
611,Walker Buehler,22,LAD,NL,-0.2,1,0,1.0,7.71,8,0,2,0,0,0,9.1,11,8,8,2,8,1,12,0,0,1,44,56.0,5.94,2.036,10.6,1.9,7.7,11.6,1.5,,buehw001
612,Jeff Ferrell,26,DET,AL,0.0,0,0,,6.75,11,0,4,0,0,0,9.1,17,7,7,2,5,1,6,0,0,0,49,69.0,6.27,2.357,16.4,1.9,4.8,5.8,1.2,,ferrj001
613,Antonio Bastardo*,31,PIT,NL,-0.7,0,1,0.0,15.0,9,0,5,0,0,0,9.0,16,15,15,5,9,0,8,0,0,2,52,29.0,11.6,2.778,16.0,5.0,9.0,8.0,0.89,,basta001
614,Jacob Rhame,24,NYM,NL,-0.3,1,1,0.5,9.0,9,0,2,0,0,0,9.0,12,9,9,2,7,0,7,0,0,0,45,48.0,6.82,2.111,12.0,2.0,7.0,7.0,1.0,,rhamj001
615,Robbie Ross*,28,BOS,AL,-0.2,0,0,,7.0,8,0,1,0,0,0,9.0,12,7,7,0,5,1,9,3,0,2,45,67.0,3.82,1.889,12.0,0.0,5.0,9.0,1.8,,rossr002
616,Michael Blazek,28,MIL,NL,-0.3,0,1,0.0,8.31,5,1,2,0,0,0,8.2,12,9,8,6,1,0,7,0,0,0,37,55.0,10.89,1.5,12.5,6.2,1.0,7.3,7.0,,blazm001
617,John Curtiss,24,MIN,AL,-0.2,0,0,,8.31,9,0,4,0,0,0,8.2,9,8,8,2,2,0,10,1,0,2,38,55.0,4.89,1.269,9.3,2.1,2.1,10.4,5.0,,curtj003
618,Kevin McGowan,25,NYM,NL,0.0,0,0,,5.19,8,0,1,0,0,0,8.2,8,5,5,2,6,0,8,0,0,0,40,83.0,6.39,1.615,8.3,2.1,6.2,8.3,1.33,,mcgok001
619,Zach Putnam,29,CHW,AL,0.5,0,0,,1.04,7,0,0,0,0,0,8.2,2,1,1,0,1,0,9,0,0,2,28,430.0,1.43,0.346,2.1,0.0,1.0,9.3,9.0,,putnz001
620,Sandy Alcantara,21,STL,NL,-0.1,0,0,,4.32,8,0,3,0,0,0,8.1,9,6,4,2,6,0,10,0,0,0,39,102.0,6.04,1.8,9.7,2.2,6.5,10.8,1.67,,alcas001
621,Kyle Kendrick,32,BOS,AL,-0.5,0,2,0.0,12.96,2,2,0,0,0,0,8.1,18,12,12,1,3,0,3,0,0,0,45,37.0,5.08,2.52,19.4,1.1,3.2,3.2,1.0,,kendk001
622,Adam Kolarek*,28,TBR,AL,-0.2,1,0,1.0,6.48,12,0,5,0,0,0,8.1,9,6,6,2,4,2,4,4,0,1,40,68.0,8.2,1.56,9.7,2.2,4.3,4.3,1.0,,kolaa001
623,Edward Paredes*,30,LAD,NL,0.1,1,0,1.0,3.24,10,0,1,0,0,0,8.1,8,3,3,1,0,0,11,0,0,0,31,133.0,2.08,0.96,8.6,1.1,0.0,11.9,,,paree002
624,Zac Curtis*,24,2TM,2LG,0.1,0,0,,1.08,6,0,3,0,0,0,8.1,6,4,1,1,3,0,6,2,0,2,36,425.0,5.08,1.08,6.5,1.1,3.2,6.5,2.0,,curtz001
624,Zac Curtis*,24,SEA,AL,0.0,0,0,,0.0,3,0,2,0,0,0,4.2,3,3,0,1,1,0,2,2,0,2,21,,7.02,0.857,5.8,1.9,1.9,3.9,2.0,,curtz001
624,Zac Curtis*,24,PHI,NL,0.1,0,0,,2.45,3,0,1,0,0,0,3.2,3,1,1,0,2,0,4,0,0,0,15,192.0,2.61,1.364,7.4,0.0,4.9,9.8,2.0,,curtz001
625,Barrett Astin,25,CIN,NL,-0.1,0,0,,6.75,6,0,1,0,0,0,8.0,9,6,6,2,7,0,2,2,0,0,41,69.0,9.28,2.0,10.1,2.3,7.9,2.3,0.29,,astib001
626,Nick Gardewine,23,TEX,AL,-0.2,0,0,,5.63,12,0,1,0,0,0,8.0,10,8,5,1,7,0,3,0,0,1,40,89.0,6.66,2.125,11.3,1.1,7.9,3.4,0.43,,gardn001
627,Mike Hauschild,27,TEX,AL,-0.3,0,0,,11.25,4,0,2,0,0,0,8.0,14,10,10,5,2,0,7,1,0,1,39,44.0,10.66,2.0,15.8,5.6,2.3,7.9,3.5,,hausm001
628,Zach Lee,25,SDP,NL,0.1,1,0,1.0,5.63,3,1,0,0,0,0,8.0,8,5,5,1,8,0,6,0,0,0,41,78.0,6.28,2.0,9.0,1.1,9.0,6.8,0.75,,lee-z001
629,Cory Mazzoni,27,SDP,NL,-0.6,0,0,,13.5,6,0,3,0,0,0,8.0,17,16,12,5,4,0,4,1,0,0,46,33.0,12.16,2.625,19.1,5.6,4.5,4.5,1.0,,mazzc001
630,Tyler Webb*,26,2TM,2LG,-0.1,0,0,,5.63,9,0,3,0,0,0,8.0,9,5,5,2,5,1,8,0,0,0,36,86.0,6.28,1.75,10.1,2.3,5.6,9.0,1.6,,webbt001
630,Tyler Webb*,26,NYY,AL,0.0,0,0,,4.5,7,0,2,0,0,0,6.0,3,3,3,1,4,0,5,0,0,0,23,106.0,5.66,1.167,4.5,1.5,6.0,7.5,1.25,,webbt001
630,Tyler Webb*,26,MIL,NL,-0.2,0,0,,9.0,2,0,1,0,0,0,2.0,6,2,2,1,1,1,3,0,0,0,13,57.0,8.16,3.5,27.0,4.5,4.5,13.5,3.0,,webbt001
631,Rubby De La Rosa,28,ARI,NL,0.0,0,1,0.0,4.7,9,0,1,0,0,0,7.2,7,4,4,2,4,1,12,0,1,0,34,104.0,4.98,1.435,8.2,2.3,4.7,14.1,3.0,,delar003
632,Félix Jorge,23,MIN,AL,-0.3,1,0,1.0,10.57,2,2,0,0,0,0,7.2,14,9,9,4,2,0,4,0,0,0,36,44.0,9.68,2.087,16.4,4.7,2.3,4.7,2.0,,jorgf001
633,Jean Machi,35,SEA,AL,0.2,1,0,1.0,1.17,5,0,0,0,0,0,7.2,7,2,1,1,4,0,4,0,0,0,31,371.0,5.38,1.435,8.2,1.2,4.7,4.7,1.0,,machj002
634,Evan Marshall,27,SEA,AL,-0.3,0,0,,9.39,6,0,2,0,0,0,7.2,12,8,8,1,5,1,4,0,0,0,38,46.0,5.77,2.217,14.1,1.2,5.9,4.7,0.8,,marse001
635,Shae Simmons,26,SEA,AL,-0.2,0,2,0.0,7.04,9,0,3,0,0,0,7.2,4,6,6,1,4,0,8,0,0,1,30,62.0,4.33,1.043,4.7,1.2,4.7,9.4,2.0,,simms001
636,Bobby Wahl,25,OAK,AL,0.0,0,0,,4.7,7,0,1,0,0,0,7.2,8,4,4,0,4,0,8,1,0,2,36,93.0,3.03,1.565,9.4,0.0,4.7,9.4,2.0,,wahlb001
637,Zac Rosscup*,29,2TM,NL,0.1,0,0,,4.7,10,0,2,0,0,0,7.2,9,4,4,2,0,0,10,0,0,0,32,115.0,3.94,1.174,10.6,2.3,0.0,11.7,,,rossz001
637,Zac Rosscup*,29,CHC,NL,0.0,0,0,,0.0,1,0,0,0,0,0,0.2,0,0,0,0,0,0,0,0,0,0,2,,3.16,0.0,0.0,0.0,0.0,0.0,,,rossz001
637,Zac Rosscup*,29,COL,NL,0.0,0,0,,5.14,9,0,2,0,0,0,7.0,9,4,4,2,0,0,10,0,0,0,30,102.0,4.02,1.286,11.6,2.6,0.0,12.9,,,rossz001
638,Victor Alcántara,24,DET,AL,-0.1,0,0,,8.59,6,0,2,0,0,0,7.1,12,7,7,1,4,0,5,2,0,1,39,54.0,6.02,2.182,14.7,1.2,4.9,6.1,1.25,,alcav001
639,Clay Buchholz,32,PHI,NL,-0.4,0,1,0.0,12.27,2,2,0,0,0,0,7.1,16,10,10,1,3,0,5,0,0,0,40,37.0,4.79,2.591,19.6,1.2,3.7,6.1,1.67,,buchc001
640,Josh Lucas,26,STL,NL,0.1,0,0,,3.68,5,0,2,0,0,0,7.1,7,3,3,2,4,0,7,1,0,1,32,120.0,6.84,1.5,8.6,2.5,4.9,8.6,1.75,,lucaj001
641,Akeel Morris,24,ATL,NL,0.3,0,0,,1.23,8,0,6,0,0,0,7.1,6,1,1,0,4,0,9,0,0,0,32,371.0,2.34,1.364,7.4,0.0,4.9,11.0,2.25,,morra001
642,Evan Scribner,31,SEA,AL,-0.4,0,2,0.0,11.05,8,0,4,0,0,0,7.1,13,9,9,3,0,0,6,0,0,0,34,40.0,6.84,1.773,16.0,3.7,0.0,7.4,,,scrie001
643,Rob Whalen,23,SEA,AL,0.0,0,1,0.0,6.14,2,1,1,0,0,0,7.1,7,5,5,1,2,0,2,2,0,0,31,71.0,6.02,1.227,8.6,1.2,2.5,2.5,1.0,,whalr001
644,Alex Wimmers,28,MIN,AL,0.0,0,0,,4.91,6,0,1,0,0,0,7.1,8,4,4,2,8,0,7,0,0,0,38,94.0,8.07,2.182,9.8,2.5,9.8,8.6,0.88,,wimma001
645,Ernesto Frieri,31,TEX,AL,0.0,0,1,0.0,5.14,6,0,2,0,0,0,7.0,6,4,4,0,6,2,5,0,0,0,31,98.0,4.3,1.714,7.7,0.0,7.7,6.4,0.83,,friee001
646,Jamie Callahan,22,NYM,NL,0.0,0,0,,4.05,9,0,5,0,0,0,6.2,7,4,3,0,1,0,5,0,0,0,30,107.0,2.11,1.2,9.5,0.0,1.4,6.8,5.0,,callj001
647,Jace Fry*,23,CHW,AL,-0.3,0,0,,10.8,11,0,3,0,0,0,6.2,12,8,8,1,5,1,3,0,0,3,36,42.0,6.46,2.55,16.2,1.4,6.8,4.1,0.6,,fry-j001
648,Arcenio León,30,DET,AL,-0.3,0,0,,12.15,6,0,3,0,0,0,6.2,7,9,9,0,6,1,2,0,0,0,31,39.0,5.26,1.95,9.5,0.0,8.1,2.7,0.33,,leona002
649,Sam Moll*,25,OAK,AL,-0.3,0,0,,10.8,11,0,1,0,0,0,6.2,13,8,8,2,3,0,7,0,0,0,35,41.0,6.31,2.4,17.6,2.7,4.1,9.5,2.33,,molls001
650,Reyes Moronta,24,SFG,NL,0.2,0,0,,2.7,7,0,1,0,0,0,6.2,6,2,2,1,3,1,11,0,0,0,29,166.0,3.16,1.35,8.1,1.4,4.1,14.9,3.67,,moror001
651,Carson Smith,27,BOS,AL,0.2,0,0,,1.35,8,0,1,0,0,1,6.2,7,1,1,0,2,0,7,0,0,0,27,354.0,1.96,1.35,9.5,0.0,2.7,9.5,3.5,,smitc004
652,Lucas Harrell,32,TOR,AL,-0.1,0,0,,7.11,4,0,1,0,0,0,6.1,10,5,5,1,4,0,6,0,0,1,33,66.0,5.21,2.211,14.2,1.4,5.7,8.5,1.5,,harrl002
653,Gabriel Moya*,22,MIN,AL,0.1,0,0,,4.26,7,0,5,0,0,1,6.1,5,3,3,2,2,0,5,0,1,0,26,109.0,6.63,1.105,7.1,2.8,2.8,7.1,2.5,,moyag001
654,Edward Mujica,33,DET,AL,-0.3,0,0,,9.95,5,0,1,0,0,0,6.1,11,7,7,4,0,0,7,0,0,0,30,47.0,9.16,1.737,15.6,5.7,0.0,9.9,,,mujie001
655,Alejandro Chacín,24,CIN,NL,-0.2,0,0,,10.5,6,0,3,0,0,0,6.0,11,7,7,2,4,0,6,0,0,0,32,45.0,7.49,2.5,16.5,3.0,6.0,9.0,1.5,,chaca001
656,Onelki García*,27,KCR,AL,-0.4,0,1,0.0,13.5,2,1,0,0,0,0,6.0,12,9,9,2,5,0,2,0,0,0,32,35.0,9.32,2.833,18.0,3.0,7.5,3.0,0.4,,garco001
657,Jairo Labourt*,23,DET,AL,0.1,0,0,,4.5,6,0,4,0,0,0,6.0,4,3,3,0,7,1,4,0,0,5,28,105.0,5.32,1.833,6.0,0.0,10.5,6.0,0.57,,laboj001
658,Jen-Ho Tseng,22,CHC,NL,-0.2,1,0,1.0,7.5,2,1,1,0,0,0,6.0,5,5,5,2,2,0,8,1,0,0,26,62.0,6.32,1.167,7.5,3.0,3.0,12.0,4.0,,tsenj001
659,Chris Heston,29,2TM,AL,-0.5,0,1,0.0,16.5,3,1,0,0,0,0,6.0,15,12,11,3,5,0,3,0,0,0,38,29.0,11.16,3.333,22.5,4.5,7.5,4.5,0.6,,hestc001
659,Chris Heston,29,SEA,AL,-0.6,0,1,0.0,19.8,2,1,0,0,0,0,5.0,14,12,11,3,5,0,3,0,0,0,34,23.0,12.76,3.8,25.2,5.4,9.0,5.4,0.6,,hestc001
659,Chris Heston,29,MIN,AL,0.1,0,0,,0.0,1,0,0,0,0,0,1.0,1,0,0,0,0,0,0,0,0,0,4,,3.16,1.0,9.0,0.0,0.0,0.0,,,hestc001
660,Anthony Bass,29,TEX,AL,-0.3,0,0,,14.29,2,0,1,0,0,0,5.2,14,9,9,1,0,0,1,0,0,1,31,36.0,5.1,2.471,22.2,1.6,0.0,1.6,,,bassa001
661,Diego Moreno,29,TBR,AL,-0.1,0,1,0.0,4.76,5,0,3,0,0,0,5.2,6,4,3,1,2,0,6,1,0,0,26,94.0,4.92,1.412,9.5,1.6,3.2,9.5,3.0,,mored001
662,Glen Perkins*,34,MIN,AL,-0.1,0,0,,9.53,8,0,3,0,0,0,5.2,8,6,6,0,5,0,2,3,0,0,34,49.0,6.69,2.294,12.7,0.0,7.9,3.2,0.4,,perkg001
663,Richard Rodríguez,27,BAL,AL,-0.3,0,0,,14.29,5,0,1,0,0,0,5.2,12,9,9,4,3,1,3,1,0,0,31,32.0,13.39,2.647,19.1,6.4,4.8,4.8,1.0,,rodrr008
664,Kyle Ryan*,25,DET,AL,-0.2,0,0,,7.94,8,0,0,0,0,0,5.2,9,5,5,0,7,1,1,0,0,0,29,60.0,6.51,2.824,14.3,0.0,11.1,1.6,0.14,,ryank002
665,Tim Melville,27,2TM,2LG,-0.3,0,1,0.0,11.12,3,1,1,0,0,0,5.2,7,8,7,1,6,0,7,1,0,0,30,44.0,6.69,2.294,11.1,1.6,9.5,11.1,1.17,,melvt001
665,Tim Melville,27,MIN,AL,-0.2,0,1,0.0,13.5,1,1,0,0,0,0,3.1,4,5,5,1,3,0,4,1,0,0,18,36.0,8.26,2.1,10.8,2.7,8.1,10.8,1.33,,melvt001
665,Tim Melville,27,SDP,NL,-0.1,0,0,,7.71,2,0,1,0,0,0,2.1,3,3,2,0,3,0,3,0,0,0,12,63.0,4.44,2.571,11.6,0.0,11.6,11.6,1.0,,melvt001
666,Roberto Gómez,27,SFG,NL,-0.1,0,0,,8.44,4,0,2,0,0,0,5.1,9,5,5,0,1,0,6,0,0,0,26,54.0,1.47,1.875,15.2,0.0,1.7,10.1,6.0,,gomer002
667,Dillon Maples,25,CHC,NL,-0.2,0,0,,10.13,6,0,1,0,0,0,5.1,6,6,6,0,6,0,11,0,0,1,27,46.0,2.41,2.25,10.1,0.0,10.1,18.6,1.83,,mapld001
668,Austin Adams,26,WSN,NL,0.0,0,0,,3.6,6,0,3,0,0,0,5.0,4,4,2,0,8,0,10,1,0,1,29,133.0,4.56,2.4,7.2,0.0,14.4,18.0,1.25,,adama002
669,Tyler Danish,22,CHW,AL,0.3,1,0,1.0,0.0,1,1,0,0,0,0,5.0,3,0,0,0,6,0,6,0,0,0,23,,4.36,1.8,5.4,0.0,10.8,10.8,1.0,,danit001
670,Jairo Díaz,26,COL,NL,-0.1,0,0,,9.0,4,0,3,0,0,0,5.0,12,6,5,0,5,0,2,1,0,0,30,59.0,5.96,3.4,21.6,0.0,9.0,3.6,0.4,,diazj006
671,Chris Gimenez,34,MIN,AL,0.0,0,0,,7.2,6,0,6,0,0,0,5.0,7,4,4,1,0,0,0,0,0,0,22,66.0,5.76,1.4,12.6,1.8,0.0,0.0,,,gimec001
672,Jandel Gustave,24,HOU,AL,-0.1,0,0,,5.4,6,0,2,0,0,0,5.0,5,4,3,0,7,0,2,0,0,0,25,81.0,6.56,2.4,9.0,0.0,12.6,3.6,0.29,,gustj001
673,Chris Smith,28,TOR,AL,0.0,0,0,,5.4,4,0,3,0,0,0,5.0,7,3,3,1,1,0,1,0,0,0,23,88.0,5.96,1.6,12.6,1.8,1.8,1.8,1.0,,smitc005
674,Ashur Tolliver*,29,HOU,AL,0.1,0,0,,3.6,3,0,0,0,0,0,5.0,4,2,2,0,4,0,5,1,0,1,22,122.0,4.16,1.6,7.2,0.0,7.2,9.0,1.25,,tolla001
675,Jack Leathersich*,26,2TM,NL,0.2,0,0,,3.6,7,0,2,0,0,0,5.0,4,2,2,0,6,0,7,0,0,0,25,136.0,3.96,2.0,7.2,0.0,10.8,12.6,1.17,,leatj001
675,Jack Leathersich*,26,CHC,NL,-0.1,0,0,,27.0,1,0,0,0,0,0,0.2,1,2,2,0,4,0,1,0,0,0,7,25.0,18.16,7.5,13.5,0.0,54.0,13.5,0.25,,leatj001
675,Jack Leathersich*,26,PIT,NL,0.3,0,0,,0.0,6,0,2,0,0,0,4.1,3,0,0,0,2,0,6,0,0,0,18,,1.77,1.154,6.2,0.0,4.2,12.5,3.0,,leatj001
676,Hunter Cervenka*,27,MIA,NL,-0.4,0,0,,15.43,5,0,0,0,0,0,4.2,1,8,8,0,8,0,6,2,0,1,24,28.0,7.02,1.929,1.9,0.0,15.4,11.6,0.75,,cervh001
677,Mike Mayers,25,STL,NL,-0.2,0,0,,11.57,3,0,1,0,0,0,4.2,8,8,6,2,4,1,3,0,0,0,25,39.0,10.02,2.571,15.4,3.9,7.7,5.8,0.75,,mayem001
678,Taylor Williams,25,MIL,NL,0.1,0,0,,1.93,5,0,5,0,0,0,4.2,4,1,1,0,2,0,4,0,0,0,20,244.0,2.73,1.286,7.7,0.0,3.9,7.7,2.0,,willt003
679,Jordan Jankowski,28,HOU,AL,-0.2,1,0,1.0,12.46,3,0,2,0,0,0,4.1,7,6,6,3,2,0,5,0,0,0,22,35.0,11.23,2.077,14.5,6.2,4.2,10.4,2.5,,jankj001
680,Drew Rucinski,28,MIN,AL,-0.1,0,0,,10.38,2,0,1,0,0,0,4.1,10,5,5,2,2,0,5,0,0,0,23,46.0,8.23,2.769,20.8,4.2,4.2,10.4,2.5,,rucid001
681,Andrew Bailey,33,LAA,AL,0.2,2,0,1.0,0.0,4,0,2,0,0,0,4.0,1,0,0,0,0,0,2,0,0,0,13,,2.16,0.25,2.3,0.0,0.0,4.5,,,baila001
682,Shane Carle,25,COL,NL,0.0,0,0,,6.75,3,0,3,0,0,0,4.0,6,3,3,1,0,0,4,0,0,1,19,80.0,4.41,1.5,13.5,2.3,0.0,9.0,,,carls002
683,Dietrich Enns*,26,MIN,AL,-0.1,0,0,,6.75,2,1,0,0,0,0,4.0,7,4,3,2,1,0,2,0,0,0,21,71.0,9.41,2.0,15.8,4.5,2.3,4.5,2.0,,ennsd001
684,Kyle Lloyd,26,SDP,NL,-0.1,0,0,,9.0,1,1,0,0,0,0,4.0,6,4,4,1,2,0,2,0,0,0,20,51.0,6.91,2.0,13.5,2.3,4.5,4.5,1.0,,lloyk001
685,Keury Mella,23,CIN,NL,0.0,0,0,,6.75,2,0,1,0,0,0,4.0,5,3,3,1,2,1,1,0,0,0,19,72.0,7.41,1.75,11.3,2.3,4.5,2.3,0.5,,mellk001
686,Dan Runzler*,32,PIT,NL,-0.1,0,0,,4.5,8,0,0,0,0,0,4.0,7,4,2,2,2,0,4,0,0,0,20,103.0,9.16,2.25,15.8,4.5,4.5,9.0,2.0,,runzd001
687,Tanner Scheppers,30,TEX,AL,-0.1,0,1,0.0,6.75,5,0,1,0,0,0,4.0,5,3,3,0,3,0,5,1,0,0,21,77.0,3.66,2.0,11.3,0.0,6.8,11.3,1.67,,schet001
688,Huston Street,33,LAA,AL,0.1,0,0,,0.0,4,0,2,0,0,0,4.0,2,0,0,0,1,0,3,0,0,0,15,,2.41,0.75,4.5,0.0,2.3,6.8,3.0,,streh001
689,Christian Bethancourt,25,SDP,NL,-0.3,0,0,,14.73,4,0,1,0,0,0,3.2,6,9,6,1,8,0,2,0,0,2,25,31.0,12.16,3.818,14.7,2.5,19.6,4.9,0.25,,bethc001
690,Wilmer Font,27,LAD,NL,-0.3,0,0,,17.18,3,0,2,0,0,0,3.2,7,7,7,2,4,0,3,0,0,0,22,26.0,11.89,3.0,17.2,4.9,9.8,7.4,0.75,,fontw001
691,Andrés Machado,24,KCR,AL,-0.3,0,0,,22.09,2,0,1,0,0,0,3.2,10,9,9,2,3,0,1,0,0,0,24,22.0,12.16,3.545,24.5,4.9,7.4,2.5,0.33,,macha003
692,Max Povse,23,SEA,AL,-0.2,0,0,,7.36,3,0,2,0,0,0,3.2,9,5,3,1,1,0,2,0,0,0,21,62.0,6.43,2.727,22.1,2.5,2.5,4.9,2.0,,povsm001
693,Ryan Weber,26,SEA,AL,0.1,0,0,,2.45,1,1,0,0,0,0,3.2,3,1,1,0,0,0,0,0,0,0,14,186.0,3.16,0.818,7.4,0.0,0.0,0.0,,,weber001
694,Sean Gilmartin*,27,NYM,NL,-0.2,0,0,,13.5,2,0,1,0,0,0,3.1,8,5,5,2,1,0,4,0,0,1,19,34.0,9.46,2.7,21.6,5.4,2.7,10.8,4.0,,gilms001
695,Adam Liberatore*,30,LAD,NL,0.1,0,0,,2.7,4,0,1,0,0,0,3.1,3,1,1,0,2,0,5,0,0,0,15,170.0,1.96,1.5,8.1,0.0,5.4,13.5,2.5,,libea001
696,Aaron Blair,25,ATL,NL,-0.2,0,1,0.0,15.0,1,1,0,0,0,0,3.0,5,5,5,1,5,0,3,0,0,1,19,32.0,10.49,3.333,15.0,3.0,15.0,9.0,0.6,,blaia001
697,Xavier Cedeño*,30,TBR,AL,-0.6,1,1,0.5,12.0,9,0,0,0,0,0,3.0,7,5,4,3,4,1,0,0,0,0,21,39.0,20.16,3.667,21.0,9.0,12.0,0.0,0.0,,cedex001
698,Trevor Gott,24,WSN,NL,-0.5,1,0,1.0,30.0,4,0,1,0,0,0,3.0,11,10,10,1,3,1,3,0,0,1,23,17.0,8.49,4.667,33.0,3.0,9.0,9.0,1.0,,gottt001
699,Ronald Herrera,22,NYY,AL,-0.1,0,1,0.0,6.0,2,0,1,0,0,0,3.0,3,2,2,1,1,0,3,1,0,0,14,84.0,7.49,1.333,9.0,3.0,3.0,9.0,3.0,,herrr001
700,Kevin Plawecki,26,NYM,NL,-0.1,0,0,,12.0,2,0,2,0,0,0,3.0,5,4,4,3,0,0,0,0,0,0,14,39.0,16.16,1.667,15.0,9.0,0.0,0.0,,,plawk001
701,Jason Wheeler*,26,MIN,AL,-0.1,0,0,,9.0,2,0,1,0,0,0,3.0,6,5,3,1,4,0,0,0,0,0,18,55.0,11.49,3.333,18.0,3.0,12.0,0.0,0.0,,wheej001
702,José De León,24,TBR,AL,-0.2,1,0,1.0,10.13,1,0,0,0,0,0,2.2,4,3,3,1,3,0,2,0,0,2,15,47.0,9.91,2.625,13.5,3.4,10.1,6.8,0.67,,delej003
703,Drew Anderson,23,PHI,NL,-0.3,0,0,,23.14,2,0,1,0,0,0,2.1,6,7,6,0,1,0,2,0,0,0,14,21.0,2.73,3.0,23.1,0.0,3.9,7.7,2.0,,anded003
704,Brian Flynn*,27,KCR,AL,0.0,0,0,,3.86,1,0,0,0,0,0,2.1,3,1,1,0,0,0,0,0,0,0,8,133.0,3.16,1.286,11.6,0.0,0.0,0.0,,,flynb001
705,Kyle Martin,26,BOS,AL,0.0,0,0,,3.86,2,0,0,0,0,0,2.1,2,1,1,1,2,0,1,0,0,0,11,135.0,10.44,1.714,7.7,3.9,7.7,3.9,0.5,,martk003
706,Randy Rosario*,23,MIN,AL,-0.3,0,0,,30.86,2,0,1,0,0,0,2.1,7,8,8,1,0,0,2,1,0,0,15,16.0,8.3,3.0,27.0,3.9,0.0,7.7,,,rosar002
707,Miguel Almonte,24,KCR,AL,-0.1,0,0,,13.5,2,0,0,0,0,0,2.0,5,3,3,0,2,0,0,0,0,0,12,39.0,6.16,3.5,22.5,0.0,9.0,0.0,0.0,,almom001
708,Preston Claiborne,29,TEX,AL,-0.1,0,0,,13.5,1,0,1,0,0,0,2.0,5,3,3,0,0,0,2,0,0,0,10,41.0,1.16,2.5,22.5,0.0,0.0,9.0,,,claip001
709,Daniel Descalso,30,ARI,NL,0.1,0,0,,0.0,2,0,2,0,0,0,2.0,0,0,0,0,0,0,0,0,0,0,6,,3.16,0.0,0.0,0.0,0.0,0.0,,,descd001
710,Seth Frankoff,28,CHC,NL,-0.1,0,1,0.0,9.0,1,0,0,0,0,0,2.0,4,2,2,1,0,0,2,0,0,0,9,57.0,7.66,2.0,18.0,4.5,0.0,9.0,,,frans001
711,T.J. House*,27,TOR,AL,0.0,0,0,,4.5,2,0,2,0,0,0,2.0,3,1,1,0,1,0,1,0,0,0,10,116.0,3.66,2.0,13.5,0.0,4.5,4.5,1.0,,houst002
712,Jorge López,24,MIL,NL,0.0,0,0,,4.5,1,0,1,0,0,0,2.0,4,1,1,0,1,0,0,0,0,0,10,114.0,4.66,2.5,18.0,0.0,4.5,0.0,0.0,,lopej004
713,Cody Martin,27,SEA,AL,-0.1,0,0,,13.5,1,0,1,0,0,0,2.0,5,4,3,0,2,0,0,0,0,0,13,36.0,6.16,3.5,22.5,0.0,9.0,0.0,0.0,,martc008
714,Kyle Crockett*,25,CLE,AL,-0.1,0,0,,10.8,4,0,0,0,0,0,1.2,4,2,2,0,1,0,2,1,0,0,11,51.0,4.36,3.0,21.6,0.0,5.4,10.8,2.0,,crock001
715,J.D. Davis,24,HOU,AL,0.1,0,0,,0.0,2,0,2,0,0,0,1.2,1,0,0,0,1,0,3,0,0,0,7,,1.36,1.2,5.4,0.0,5.4,16.2,3.0,,davij006
716,Tanner Scott*,22,BAL,AL,-0.1,0,0,,10.8,2,0,1,0,0,0,1.2,2,2,2,0,2,0,2,0,0,0,9,49.0,4.36,2.4,10.8,0.0,10.8,10.8,1.0,,scott003
717,Erick Aybar,33,SDP,NL,0.1,0,0,,0.0,2,0,2,0,0,0,1.1,0,0,0,0,1,0,0,0,0,0,4,,5.41,0.75,0.0,0.0,6.8,0.0,0.0,,aybae001
718,Fabio Castillo,28,LAD,NL,-0.1,0,0,,13.5,2,0,0,0,0,0,1.1,3,2,2,0,1,0,2,0,0,1,8,39.0,2.41,3.0,20.3,0.0,6.8,13.5,2.0,,castf003
719,Justin Marks*,29,TBR,AL,0.0,0,0,,6.75,1,0,1,0,0,0,1.1,2,1,1,1,1,0,1,0,0,0,7,79.0,13.66,2.25,13.5,6.8,6.8,6.8,1.0,,markj001
720,Wei-Chung Wang*,25,MIL,NL,-0.1,0,0,,13.5,8,0,1,0,0,0,1.1,5,2,2,1,0,0,2,0,0,0,9,41.0,9.91,3.75,33.8,6.8,0.0,13.5,,,wangw001
721,Nori Aoki,35,HOU,AL,-0.1,0,0,,27.0,1,0,1,0,0,0,1.0,1,3,3,0,2,0,0,0,0,0,6,21.0,9.16,3.0,9.0,0.0,18.0,0.0,0.0,,aokin001
722,Rob Brantly,27,CHW,AL,0.0,0,0,,9.0,1,0,1,0,0,0,1.0,1,1,1,1,0,0,0,0,0,0,4,65.0,16.16,1.0,9.0,9.0,0.0,0.0,,,branr002
723,Tyler Cloyd,30,SEA,AL,0.1,1,0,1.0,0.0,1,0,0,0,0,0,1.0,2,0,0,0,0,0,1,0,0,0,4,,1.16,2.0,18.0,0.0,0.0,9.0,,,cloyt001
724,Taylor Cole,27,TOR,AL,-0.3,0,0,,36.0,1,0,0,0,0,0,1.0,6,4,4,0,1,0,1,1,0,0,10,17.0,7.16,7.0,54.0,0.0,9.0,9.0,1.0,,colet001
725,Mike Freeman,29,SEA,AL,0.0,0,0,,9.0,1,0,1,0,0,0,1.0,3,1,1,0,0,0,0,0,0,0,6,63.0,3.16,3.0,27.0,0.0,0.0,0.0,,,freem002
726,Scooter Gennett,27,CIN,NL,-0.1,0,0,,18.0,1,0,1,0,0,0,1.0,2,2,2,1,1,0,0,1,0,0,7,33.0,22.16,3.0,18.0,9.0,9.0,0.0,0.0,,genns001
727,David Goforth,28,MIL,NL,0.0,0,0,,0.0,1,0,1,0,0,0,1.0,0,0,0,0,1,0,0,0,0,0,4,,6.16,1.0,0.0,0.0,9.0,0.0,0.0,,gofod001
728,Jon Jay*,32,CHC,NL,0.0,0,0,,0.0,1,0,1,0,0,0,1.0,1,0,0,0,0,0,0,0,0,0,4,,3.16,1.0,9.0,0.0,0.0,0.0,,,jay-j001
729,Pierce Johnson,26,CHC,NL,-0.1,0,0,,0.0,1,0,0,0,0,0,1.0,2,2,0,0,1,0,2,0,0,0,7,,2.16,3.0,18.0,0.0,9.0,18.0,2.0,,johnp001
730,Michael Martínez,34,CLE,AL,0.0,0,0,,0.0,1,0,1,0,0,0,1.0,1,0,0,0,0,0,0,0,0,0,4,,3.16,1.0,9.0,0.0,0.0,0.0,,,martm003
731,Miguel Montero,33,CHC,NL,0.0,0,0,,0.0,1,0,1,0,0,0,1.0,0,0,0,0,2,0,0,0,0,1,5,,9.16,2.0,0.0,0.0,18.0,0.0,0.0,,montm001
732,Mitch Moreland*,31,BOS,AL,0.0,0,0,,0.0,1,0,1,0,0,0,1.0,2,0,0,0,0,0,1,0,0,0,5,,1.16,2.0,18.0,0.0,0.0,9.0,,,morem001
733,Brett Nicholas,28,TEX,AL,-0.1,0,0,,36.0,1,0,1,0,0,0,1.0,5,4,4,0,0,0,0,0,0,0,8,18.0,3.16,5.0,45.0,0.0,0.0,0.0,,,nichb001
734,Hernán Pérez,26,MIL,NL,0.0,0,0,,0.0,1,0,1,0,0,0,1.0,1,0,0,0,1,0,0,0,0,0,5,,6.16,2.0,9.0,0.0,9.0,0.0,0.0,,pereh001
735,Andrew Romine,31,DET,AL,0.1,0,0,,0.0,2,0,1,0,0,0,1.0,1,0,0,0,1,0,0,1,0,0,6,,9.16,2.0,9.0,0.0,9.0,0.0,0.0,,romia001
736,Carlos Ruiz,38,SEA,AL,0.0,0,0,,9.0,1,0,1,0,0,0,1.0,2,1,1,1,2,0,1,0,0,0,7,63.0,20.16,4.0,18.0,9.0,18.0,9.0,0.5,,ruizc001
737,José Ruiz,22,SDP,NL,0.0,0,0,,0.0,1,0,1,0,0,0,1.0,0,0,0,0,1,0,1,0,0,0,4,,4.16,1.0,0.0,0.0,9.0,9.0,1.0,,ruizj001
738,Luis Sardiñas,24,SDP,NL,0.0,0,0,,0.0,1,0,1,0,0,0,1.0,1,0,0,0,0,0,0,0,0,0,4,,3.16,1.0,9.0,0.0,0.0,0.0,,,sardl001
739,Dan Slania,25,SFG,NL,0.0,0,0,,0.0,1,0,1,0,0,0,1.0,0,0,0,0,0,0,0,0,0,0,3,,3.16,0.0,0.0,0.0,0.0,0.0,,,sland001
740,Glenn Sparkman,25,TOR,AL,-0.4,0,0,,63.0,2,0,1,0,0,0,1.0,9,7,7,0,1,0,1,0,0,0,12,10.0,4.16,10.0,81.0,0.0,9.0,9.0,1.0,,sparg001
741,Jesús Sucre,29,TBR,AL,-0.1,0,0,,27.0,1,0,1,0,0,0,1.0,2,3,3,0,2,0,0,0,1,0,7,21.0,9.16,4.0,18.0,0.0,18.0,0.0,0.0,,sucrj001
742,Thyago Vieira,24,SEA,AL,0.0,0,0,,0.0,1,0,1,0,0,0,1.0,0,0,0,0,0,0,1,0,0,0,3,,1.16,0.0,0.0,0.0,0.0,9.0,,,vieit001
743,Tyler White,26,HOU,AL,-0.1,0,0,,18.0,1,0,1,0,0,0,1.0,2,2,2,1,0,0,0,0,0,0,5,31.0,16.16,2.0,18.0,9.0,0.0,0.0,,,whitt002
744,Pedro Beato,30,PHI,NL,0.0,0,0,,0.0,1,0,0,0,0,0,0.2,0,0,0,0,0,0,1,0,0,0,2,,0.16,0.0,0.0,0.0,0.0,13.5,,,beatp001
745,Jason Gurka*,29,LAA,AL,0.1,0,0,,0.0,3,0,0,0,0,0,0.2,2,0,0,0,1,0,0,0,0,0,5,,7.66,4.5,27.0,0.0,13.5,0.0,0.0,,gurkj001
746,Jeremy Guthrie,38,WSN,NL,-0.4,0,1,0.0,135.0,1,1,0,0,0,0,0.2,6,10,10,0,4,0,0,0,0,0,12,5.0,21.16,15.0,81.0,0.0,54.0,0.0,0.0,,guthj001
747,Taylor Jungmann,27,MIL,NL,0.0,0,0,,13.5,1,0,0,0,0,0,0.2,2,1,1,0,1,0,1,1,0,0,6,50.0,9.16,4.5,27.0,0.0,13.5,13.5,1.0,,jungt001
748,Leonys Martín,29,CHC,NL,-0.1,0,0,,27.0,1,0,1,0,0,0,0.2,3,2,2,1,0,0,0,0,0,0,5,25.0,22.66,4.5,40.5,13.5,0.0,0.0,,,martl004
749,Andrés Blanco,33,PHI,NL,0.0,0,0,,27.0,1,0,1,0,0,0,0.1,1,1,1,1,0,0,0,0,0,0,2,33.0,42.16,3.0,27.0,27.0,0.0,0.0,,,blana001
750,William Cuevas,26,DET,AL,-0.2,0,0,,108.0,1,0,0,0,0,0,0.1,3,4,4,0,0,0,1,1,0,0,5,8.0,6.16,9.0,81.0,0.0,0.0,27.0,,,cuevw001
751,Roenis Elías*,28,BOS,AL,0.0,0,0,,0.0,1,0,1,0,0,0,0.1,0,0,0,0,1,0,1,0,0,0,2,,6.16,3.0,0.0,0.0,27.0,27.0,1.0,,eliar001
752,Damien Magnifico,26,LAA,AL,0.0,0,0,,0.0,1,0,0,0,0,0,0.1,0,0,0,0,2,0,1,0,0,0,3,,15.16,6.0,0.0,0.0,54.0,27.0,0.5,,magnd001
753,Hunter Wood,23,TBR,AL,0.0,0,0,,0.0,1,0,1,0,0,0,0.1,0,0,0,0,0,0,0,0,0,0,1,,3.16,0.0,0.0,0.0,0.0,0.0,,,woodh001
754,Jake Esch,27,SDP,NL,0.0,0,0,,,1,0,0,0,0,0,0.0,0,0,0,0,2,0,0,0,0,0,2,,,,,,,,0.0,,eschj001
755,Matt Koch,26,ARI,NL,0.0,0,0,,,1,0,0,0,0,0,0.0,2,3,3,0,1,0,0,0,0,0,3,6.0,,,,,,,0.0,,kochm001
