game_id,hometeam,visteam,home_first_inning_runs,visiting_first_inning_runs,home_pitcher,away_pitcher,wp,lp,winner
ANA201104080,ANA,TOR,1,0,,N,doteo001,sante001,TOR
ANA201104090,ANA,TOR,1,0,,N,hared001,raucj001,ANA
ANA201104100,ANA,TOR,1,0,,D,weavj003,reyej003,ANA
ANA201104110,ANA,CLE,0,1,,N,talbm001,chatt001,CLE
ANA201104120,ANA,CLE,0,0,,N,hared001,carmf001,ANA
ANA201104130,ANA,CLE,0,1,,D,takah001,durbc001,ANA
ANA201104210,ANA,BOS,0,0,,N,jenkb001,thomr006,BOS
ANA201104220,ANA,BOS,0,0,,N,lestj001,hared001,BOS
ANA201104230,ANA,BOS,0,0,,N,matsd001,sante001,BOS
ANA201104240,ANA,BOS,0,3,,D,lackj001,palmm001,BOS
ANA201104250,ANA,OAK,0,0,,N,weavj003,gonzg003,ANA
ANA201104260,ANA,OAK,0,0,,N,chatt001,mccab001,ANA
ANA201104270,ANA,OAK,0,0,,D,fuenb001,waldj001,OAK
ANA201105060,ANA,CLE,0,0,,N,rodnf001,germj001,ANA
ANA201105070,ANA,CLE,0,0,,N,whita001,weavj003,CLE
ANA201105080,ANA,CLE,0,0,,D,rodnf001,smitj002,ANA
ANA201105090,ANA,CHA,0,0,,N,jacke001,sante001,CHA
ANA201105100,ANA,CHA,3,0,,N,pinej001,dankj001,ANA
ANA201105110,ANA,CHA,1,0,,N,sants001,jepsk001,CHA
ANA201105200,ANA,ATL,0,0,,N,sante001,hudst001,ANA
ANA201105210,ANA,ATL,2,0,,N,procs001,bellt002,ATL
ANA201105220,ANA,ATL,0,0,,D,chatt001,lowed001,ANA
ANA201105230,ANA,OAK,1,0,,N,downs001,fuenb001,ANA
ANA201105240,ANA,OAK,0,0,,N,moscg001,hared001,OAK
ANA201105250,ANA,OAK,0,0,,N,sante001,cahit001,ANA
ANA201105260,ANA,OAK,0,0,,D,andeb004,pinej001,OAK
ANA201106030,ANA,NYA,2,0,,N,weavj003,novai001,ANA
ANA201106040,ANA,NYA,0,0,,N,sabac001,sante001,NYA
ANA201106050,ANA,NYA,0,0,,D,colob001,pinej001,NYA
ANA201106060,ANA,TBA,0,2,,N,pricd001,chatt001,TBA
ANA201106070,ANA,TBA,0,1,,N,cobba001,hared001,TBA
ANA201106080,ANA,TBA,0,0,,N,cruzj005,rodnf001,TBA
ANA201106100,ANA,KCA,0,1,,N,franj003,sante001,KCA
ANA201106110,ANA,KCA,0,0,,N,downs001,collt001,ANA
ANA201106120,ANA,KCA,0,0,,D,mazzv001,chatt001,KCA
ANA201106270,ANA,WAS,0,0,,N,downs001,burns001,ANA
ANA201106280,ANA,WAS,0,1,,N,takah001,balec001,ANA
ANA201106290,ANA,WAS,0,0,,D,hared001,zimmj003,ANA
ANA201107010,ANA,LAN,0,1,,N,kuroh001,chatt001,LAN
ANA201107020,ANA,LAN,0,0,,N,weavj003,kersc001,ANA
ANA201107030,ANA,LAN,0,0,,N,sante001,billc001,ANA
ANA201107040,ANA,DET,1,0,,N,pinej001,furbc001,ANA
ANA201107050,ANA,DET,0,0,,N,hared001,verlj001,ANA
ANA201107060,ANA,DET,3,0,,D,pennb002,takah001,DET
ANA201107070,ANA,SEA,0,0,,N,weavj003,fistd001,ANA
ANA201107080,ANA,SEA,1,0,,N,waldj001,pauld001,ANA
ANA201107090,ANA,SEA,0,0,,N,pinej001,pinem001,ANA
ANA201107100,ANA,SEA,0,2,,D,hared001,pauld001,ANA
ANA201107190,ANA,TEX,0,1,,N,ogana001,chatt001,TEX
ANA201107200,ANA,TEX,2,1,,N,takah001,huntt002,ANA
ANA201107210,ANA,TEX,0,0,,D,weavj003,wilsc004,ANA
ANA201108020,ANA,MIN,0,0,,N,sante001,duenb001,ANA
ANA201108030,ANA,MIN,0,1,,N,swara001,pinej001,MIN
ANA201108040,ANA,MIN,0,0,,N,hared001,lirif001,ANA
ANA201108050,ANA,SEA,0,0,,N,waldj001,cortd002,ANA
ANA201108060,ANA,SEA,0,2,,N,beavb001,chatt001,SEA
ANA201108070,ANA,SEA,0,0,,D,sante001,hernf002,ANA
ANA201108150,ANA,TEX,0,1,,N,ogana001,cassb001,TEX
ANA201108160,ANA,TEX,0,2,,N,holld003,chatt001,TEX
ANA201108170,ANA,TEX,2,0,,N,wilsc004,sante001,TEX
ANA201108180,ANA,TEX,0,0,,N,ramih002,adamm001,ANA
ANA201108190,ANA,BAL,4,0,,N,hared001,reyej003,ANA
ANA201108200,ANA,BAL,0,0,,N,rodnf001,gregk001,ANA
ANA201108210,ANA,BAL,0,0,,D,willj003,matub001,ANA
ANA201108230,ANA,CHA,1,0,,N,waldj001,frasj002,ANA
ANA201108240,ANA,CHA,0,0,,N,weavj003,stewz001,ANA
ANA201109020,ANA,MIN,1,1,,N,pavac001,chatt001,MIN
ANA201109030,ANA,MIN,4,0,,N,weavj003,dumap001,ANA
ANA201109040,ANA,MIN,1,0,,D,pinej001,slowk001,ANA
ANA201109050,ANA,SEA,4,1,,N,hared001,vasqa001,ANA
ANA201109060,ANA,SEA,0,0,,N,hernf002,sante001,SEA
ANA201109070,ANA,SEA,0,0,,N,willj003,furbc001,ANA
ANA201109090,ANA,NYA,0,0,,N,waldj001,laffa001,ANA
ANA201109100,ANA,NYA,0,0,,N,hared001,sabac001,ANA
ANA201109110,ANA,NYA,2,0,,D,wadec001,sante001,NYA
ANA201109230,ANA,OAK,0,1,,N,gonzg003,weavj003,OAK
ANA201109240,ANA,OAK,1,0,,N,willj003,moscg001,ANA
ANA201109250,ANA,OAK,1,0,,D,delof001,waldj001,OAK
ANA201109260,ANA,TEX,0,1,,N,hambm001,hared001,TEX
ANA201109270,ANA,TEX,1,0,,N,lewic001,chatt001,TEX
ANA201109280,ANA,TEX,0,0,,N,adamm001,waldj001,TEX
ARI201104080,ARI,CIN,2,0,,N,kenni001,woodt004,ARI
ARI201104090,ARI,CIN,0,2,,N,arrob001,hudsd001,CIN
ARI201104100,ARI,CIN,0,3,,D,heila001,massn001,ARI
ARI201104110,ARI,SLN,0,0,,N,mcclk001,enrib001,SLN
ARI201104120,ARI,SLN,2,0,,N,galaa002,carpc002,ARI
ARI201104130,ARI,SLN,0,2,,N,westj001,kenni001,SLN
ARI201104150,ARI,SFN,0,3,,N,cainm001,hudsd001,SFN
ARI201104160,ARI,SFN,0,2,,N,motag001,saunj001,SFN
ARI201104170,ARI,SFN,0,0,,D,collj001,runzd001,ARI
ARI201104250,ARI,PHI,0,0,,N,kenni001,lee-c003,ARI
ARI201104260,ARI,PHI,0,1,,N,hudsd001,oswar001,ARI
ARI201104270,ARI,PHI,0,3,,D,hamec001,saunj001,PHI
ARI201104280,ARI,CHN,7,0,,N,enrib001,dempr002,ARI
ARI201104290,ARI,CHN,2,0,,N,zambc001,galaa002,CHN
ARI201104300,ARI,CHN,1,0,,N,garzm001,putzj001,CHN
ARI201105010,ARI,CHN,0,0,,D,hudsd001,colec001,ARI
ARI201105030,ARI,COL,0,0,,N,hernd002,paulf001,ARI
ARI201105040,ARI,COL,0,0,,N,chacj001,enrib001,COL
ARI201105050,ARI,COL,0,0,,N,hernd002,belim001,ARI
ARI201105160,ARI,SDN,0,2,,N,richc002,galaa002,SDN
ARI201105170,ARI,SDN,1,1,,N,hudsd001,staut001,ARI
ARI201105180,ARI,ATL,1,0,,N,heila001,kimbc001,ARI
ARI201105190,ARI,ATL,0,0,,N,collj001,jurrj001,ARI
ARI201105200,ARI,MIN,0,0,,N,kenni001,duenb001,ARI
ARI201105210,ARI,MIN,0,0,,N,heila001,cappm001,ARI
ARI201105220,ARI,MIN,0,0,,D,hudsd001,burna002,ARI
ARI201105300,ARI,FLO,0,0,,N,saunj001,volsc001,ARI
ARI201105310,ARI,FLO,1,0,,N,sanca004,kenni001,FLO
ARI201106010,ARI,FLO,0,0,,D,putzj001,hensc002,ARI
ARI201106020,ARI,WAS,0,3,,N,zimmj003,dukez001,WAS
ARI201106030,ARI,WAS,0,0,,N,collj001,mayay001,ARI
ARI201106040,ARI,WAS,1,0,,N,saunj001,hernl003,ARI
ARI201106050,ARI,WAS,0,0,,D,burns001,patej001,WAS
ARI201106140,ARI,SFN,0,1,,N,cainm001,collj001,SFN
ARI201106150,ARI,SFN,0,1,,N,bumgm001,saunj001,SFN
ARI201106160,ARI,SFN,0,0,,N,hernd002,garcj002,ARI
ARI201106170,ARI,CHA,2,0,,N,hudsd001,jacke001,ARI
ARI201106180,ARI,CHA,0,0,,N,dankj001,dukez001,CHA
ARI201106190,ARI,CHA,0,0,,D,humbp001,collj001,CHA
ARI201106270,ARI,CLE,3,2,,N,perer002,putzj001,CLE
ARI201106280,ARI,CLE,0,0,,N,casta002,sippt001,ARI
ARI201106290,ARI,CLE,0,1,,D,carrc003,dukez001,CLE
ARI201107150,ARI,LAN,0,0,,N,kersc001,saunj001,LAN
ARI201107160,ARI,LAN,0,0,,N,kenni001,kuroh001,ARI
ARI201107170,ARI,LAN,0,0,,D,hudsd001,lillt001,ARI
ARI201107180,ARI,MIL,0,0,,N,collj001,wolfr001,ARI
ARI201107190,ARI,MIL,2,5,,N,gally001,enrib001,MIL
ARI201107200,ARI,MIL,0,1,,N,saitt001,cookr001,MIL
ARI201107210,ARI,MIL,0,0,,N,kenni001,greiz001,ARI
ARI201107220,ARI,COL,0,0,,N,cooka002,hudsd001,COL
ARI201107230,ARI,COL,5,0,,N,collj001,hammj002,ARI
ARI201107240,ARI,COL,0,0,,D,owinm001,jimeu001,ARI
ARI201108050,ARI,LAN,0,0,,N,billc001,collj001,LAN
ARI201108060,ARI,LAN,0,0,,N,eovan001,saunj001,LAN
ARI201108070,ARI,LAN,2,0,,D,kenni001,kersc001,ARI
ARI201108080,ARI,HOU,0,6,,N,rodrw002,hudsd001,HOU
ARI201108090,ARI,HOU,1,0,,N,owinm001,lopew001,ARI
ARI201108100,ARI,HOU,3,0,,N,collj001,sosah001,ARI
ARI201108110,ARI,HOU,0,0,,N,putzj001,fulcj001,ARI
ARI201108120,ARI,NYN,1,0,,N,kenni001,gee-d001,ARI
ARI201108130,ARI,NYN,2,0,,N,hudsd001,carrd001,ARI
ARI201108140,ARI,NYN,0,0,,D,dukez001,capuc001,ARI
ARI201108260,ARI,SDN,4,0,,N,collj001,leblw001,ARI
ARI201108270,ARI,SDN,0,0,,N,saunj001,haraa001,ARI
ARI201108280,ARI,SDN,0,0,,D,kenni001,luebc001,ARI
ARI201108290,ARI,COL,1,0,,N,hudsd001,whita001,ARI
ARI201108300,ARI,COL,0,1,,N,milew001,cooka002,ARI
ARI201108310,ARI,COL,3,0,,N,collj001,rogee002,ARI
ARI201109080,ARI,SDN,0,0,,N,kenni001,luebc001,ARI
ARI201109090,ARI,SDN,0,0,,N,hudsd001,qualc001,ARI
ARI201109100,ARI,SDN,0,0,,N,hernd002,bracb001,ARI
ARI201109110,ARI,SDN,0,0,,D,leblw001,collj001,SDN
ARI201109190,ARI,PIT,0,0,,N,kenni001,karsj001,ARI
ARI201109200,ARI,PIT,0,1,,N,mortc002,hudsd001,PIT
ARI201109210,ARI,PIT,3,0,,D,milew001,ohler001,ARI
ARI201109230,ARI,SFN,0,0,,N,hernd002,cainm001,ARI
ARI201109240,ARI,SFN,6,1,,N,kenni001,surke001,ARI
ARI201109250,ARI,SFN,2,0,,D,collj001,linct001,ARI
ARI201109260,ARI,LAN,0,3,,N,eveld001,hudsd001,LAN
ARI201109270,ARI,LAN,0,0,,N,owinm001,guerj002,ARI
ARI201109280,ARI,LAN,0,1,,N,lillt001,saunj001,LAN
ATL201104080,ATL,PHI,0,2,,N,hudst001,lee-c003,ATL
ATL201104090,ATL,PHI,0,1,,D,oswar001,beacb001,PHI
ATL201104100,ATL,PHI,0,0,,D,hamec001,lowed001,PHI
ATL201104120,ATL,FLO,0,0,,N,hanst001,volsc001,ATL
ATL201104130,ATL,FLO,0,1,,N,johnj009,hudst001,FLO
ATL201104140,ATL,FLO,4,3,,N,sancb001,oflae001,FLO
ATL201104161,ATL,NYN,1,0,,D,lowed001,carrd001,ATL
ATL201104162,ATL,NYN,1,0,,N,jurrj001,pelfm001,ATL
ATL201104170,ATL,NYN,0,2,,D,gee-d001,hanst001,NYN
ATL201104290,ATL,SLN,2,0,,N,sance001,gearc001,SLN
ATL201104300,ATL,SLN,0,0,,D,batim001,kimbc001,SLN
ATL201105010,ATL,SLN,0,3,,D,ventj001,franr001,ATL
ATL201105020,ATL,MIL,0,0,,N,jurrj001,gally001,ATL
ATL201105041,ATL,MIL,0,0,,D,hanst001,estrm001,ATL
ATL201105042,ATL,MIL,1,0,,N,hudst001,greiz001,ATL
ATL201105050,ATL,MIL,0,0,,N,ventj001,loe-k001,ATL
ATL201105100,ATL,WAS,0,1,,N,marqj001,hudst001,WAS
ATL201105110,ATL,WAS,2,0,,N,stord001,lines001,WAS
ATL201105120,ATL,WAS,0,0,,N,kimbc001,slatd001,ATL
ATL201105130,ATL,PHI,1,3,,N,basta001,oflae001,PHI
ATL201105140,ATL,PHI,2,0,,D,jurrj001,blanj001,ATL
ATL201105150,ATL,PHI,0,0,,D,ventj001,hallr001,ATL
ATL201105160,ATL,HOU,0,0,,N,hanst001,abadf001,ATL
ATL201105170,ATL,HOU,0,0,,D,gearc001,fulcj001,ATL
ATL201105270,ATL,CIN,0,0,,N,leakm001,hanst001,CIN
ATL201105280,ATL,CIN,1,0,,N,lines001,fishc001,ATL
ATL201105290,ATL,CIN,0,0,,N,jurrj001,cuetj001,ATL
ATL201105300,ATL,SDN,1,1,,D,qualc001,sherg001,SDN
ATL201105310,ATL,SDN,0,0,,N,latom001,minom001,SDN
ATL201106010,ATL,SDN,2,0,,N,hanst001,richc002,ATL
ATL201106140,ATL,NYN,0,1,,N,niesj001,jurrj001,NYN
ATL201106150,ATL,NYN,0,1,,N,parnb001,hudst001,NYN
ATL201106160,ATL,NYN,1,0,,N,lines001,carrd001,ATL
ATL201106170,ATL,TEX,0,0,,N,lewic001,delgr001,TEX
ATL201106180,ATL,TEX,0,2,,D,lowem002,procs001,TEX
ATL201106190,ATL,TEX,0,0,,D,jurrj001,ogana001,ATL
ATL201106200,ATL,TOR,0,0,,N,hudst001,romer002,ATL
ATL201106210,ATL,TOR,1,1,,N,minom001,stewz001,ATL
ATL201106220,ATL,TOR,0,0,,D,beacb001,reyej003,ATL
ATL201107010,ATL,BAL,0,0,,N,jurrj001,guthj001,ATL
ATL201107020,ATL,BAL,0,0,,N,hudst001,arrij001,ATL
ATL201107030,ATL,BAL,0,0,,D,johnj010,procs001,BAL
ATL201107040,ATL,COL,2,0,,N,hanst001,jimeu001,ATL
ATL201107050,ATL,COL,0,0,,N,lowed001,chacj001,ATL
ATL201107060,ATL,COL,3,0,,N,jurrj001,cooka002,ATL
ATL201107070,ATL,COL,0,1,,D,hudst001,nicaj001,ATL
ATL201107150,ATL,WAS,4,1,,N,hudst001,hernl003,ATL
ATL201107160,ATL,WAS,0,0,,N,lannj001,hanst001,WAS
ATL201107170,ATL,WAS,2,0,,D,kimbc001,mattr001,ATL
ATL201107250,ATL,PIT,0,0,,N,mcdoj004,hudst001,PIT
ATL201107260,ATL,PIT,0,2,,N,procs001,mccud001,ATL
ATL201107270,ATL,PIT,0,0,,N,lines001,leroc001,ATL
ATL201107280,ATL,PIT,1,0,,N,corrk001,lowed001,PIT
ATL201107290,ATL,FLO,0,0,,N,beacb001,hensc002,ATL
ATL201107300,ATL,FLO,0,0,,N,hudst001,sanca004,ATL
ATL201107310,ATL,FLO,1,0,,D,nolar001,hanst001,FLO
ATL201108120,ATL,CHN,0,0,,N,minom001,zambc001,ATL
ATL201108130,ATL,CHN,0,1,,N,wellr001,lowed001,CHN
ATL201108140,ATL,CHN,1,0,,D,grabj002,oflae001,CHN
ATL201108150,ATL,SFN,1,0,,N,martc005,wilsb001,ATL
ATL201108160,ATL,SFN,0,0,,N,vizca001,lopej002,ATL
ATL201108170,ATL,SFN,1,1,,N,cainm001,jurrj001,SFN
ATL201108180,ATL,SFN,0,0,,N,minom001,linct001,ATL
ATL201108190,ATL,ARI,1,0,,N,lowed001,hudsd001,ATL
ATL201108200,ATL,ARI,2,1,,N,beacb001,milew001,ATL
ATL201108210,ATL,ARI,0,0,,D,hudst001,collj001,ATL
ATL201108300,ATL,WAS,0,0,,N,hernl003,jurrj001,WAS
ATL201108310,ATL,WAS,0,0,,N,lowed001,lannj001,ATL
ATL201109010,ATL,WAS,1,0,,N,hudst001,wangc001,ATL
ATL201109020,ATL,LAN,0,0,,N,kuo-h001,vizca001,LAN
ATL201109030,ATL,LAN,0,0,,N,macdm001,varva001,LAN
ATL201109040,ATL,LAN,0,0,,D,kimbc001,hawkb001,ATL
ATL201109120,ATL,FLO,0,1,,N,hensc002,varva001,FLO
ATL201109130,ATL,FLO,0,0,,N,moylp001,handb001,ATL
ATL201109140,ATL,FLO,0,0,,D,oflae001,nolar001,ATL
ATL201109160,ATL,NYN,1,4,,N,capuc001,lowed001,NYN
ATL201109170,ATL,NYN,0,0,,D,hudst001,dickr001,ATL
ATL201109180,ATL,NYN,0,0,,D,byrdt001,ventj001,NYN
ATL201109260,ATL,PHI,1,0,,N,lee-c003,martc005,PHI
ATL201109270,ATL,PHI,0,1,,N,oswar001,lowed001,PHI
ATL201109280,ATL,PHI,1,1,,N,defrj001,lines001,PHI
BAL201104040,BAL,DET,0,0,,D,arrij001,porcr001,BAL
BAL201104060,BAL,DET,0,0,,N,verlj001,bergb002,DET
BAL201104070,BAL,DET,0,2,,N,johnj010,thomb001,BAL
BAL201104091,BAL,TEX,1,0,,D,britz001,lewic001,BAL
BAL201104092,BAL,TEX,0,0,,N,harrm001,arrij001,TEX
BAL201104100,BAL,TEX,0,0,,D,holld003,guthj001,TEX
BAL201104180,BAL,MIN,0,0,,N,lirif001,tillc001,MIN
BAL201104190,BAL,MIN,0,0,,N,arrij001,pavac001,BAL
BAL201104200,BAL,MIN,0,0,,N,britz001,blacn001,BAL
BAL201104210,BAL,MIN,0,0,,N,bakes002,guthj001,MIN
BAL201104230,BAL,NYA,0,3,,N,sabac001,bergb002,NYA
BAL201104240,BAL,NYA,0,2,,D,logab001,berkj001,NYA
BAL201104260,BAL,BOS,0,0,,N,britz001,buchc001,BAL
BAL201104270,BAL,BOS,0,0,,N,uehak001,bardd001,BAL
BAL201104280,BAL,BOS,1,1,,N,lestj001,johnj010,BOS
BAL201105060,BAL,TBA,0,0,,N,shiej002,britz001,TBA
BAL201105070,BAL,TBA,0,1,,D,hellj001,guthj001,TBA
BAL201105080,BAL,TBA,0,0,,D,daviw001,bergb002,TBA
BAL201105100,BAL,SEA,0,0,,N,accaj001,leagb001,BAL
BAL201105110,BAL,SEA,0,0,,N,tillc001,hernf002,BAL
BAL201105120,BAL,SEA,0,0,,N,johnj010,leagb001,BAL
BAL201105180,BAL,NYA,0,0,,N,noesh001,accaj001,NYA
BAL201105190,BAL,NYA,0,5,,N,sabac001,bergb002,NYA
BAL201105200,BAL,WAS,0,0,,N,rodrh002,arrij001,WAS
BAL201105210,BAL,WAS,0,0,,D,guthj001,lannj001,BAL
BAL201105220,BAL,WAS,0,0,,D,johnj010,zimmj003,BAL
BAL201105240,BAL,KCA,0,1,,N,simoa001,sorij001,BAL
BAL201105250,BAL,KCA,0,0,,N,arrij001,hochl001,BAL
BAL201105260,BAL,KCA,0,0,,D,accaj001,colel001,BAL
BAL201106030,BAL,TOR,0,0,,N,villc001,britz001,TOR
BAL201106040,BAL,TOR,0,1,,N,arrij001,romer002,BAL
BAL201106050,BAL,TOR,2,1,,D,reyej003,guthj001,TOR
BAL201106060,BAL,OAK,1,0,,N,matub001,gonzg003,BAL
BAL201106070,BAL,OAK,1,0,,N,jakuc001,moscg001,BAL
BAL201106080,BAL,OAK,0,0,,N,britz001,outmj001,BAL
BAL201106100,BAL,TBA,1,0,,N,arrij001,hellj001,BAL
BAL201106110,BAL,TBA,0,1,,N,cruzj005,accaj001,TBA
BAL201106120,BAL,TBA,2,3,,D,daviw001,matub001,TBA
BAL201106240,BAL,CIN,0,0,,N,gonzm001,arrej001,BAL
BAL201106250,BAL,CIN,1,0,,N,arrob001,matub001,CIN
BAL201106260,BAL,CIN,0,0,,D,guthj001,bailh001,BAL
BAL201106280,BAL,SLN,0,0,,N,lohsk001,britz001,SLN
BAL201106290,BAL,SLN,0,0,,N,carpc002,jakuc001,SLN
BAL201106300,BAL,SLN,0,0,,N,garcj004,matub001,SLN
BAL201107140,BAL,CLE,0,3,,N,mastj001,guthj001,CLE
BAL201107150,BAL,CLE,0,0,,N,tomlj001,johnj010,CLE
BAL201107160,BAL,CLE,1,0,,N,simoa001,carrc003,BAL
BAL201107170,BAL,CLE,0,3,,D,hendm001,gomej002,BAL
BAL201107180,BAL,BOS,2,0,,N,wheed001,gonzm001,BOS
BAL201107190,BAL,BOS,0,0,,N,guthj001,weilk001,BAL
BAL201107200,BAL,BOS,0,0,,D,milla002,arrij001,BOS
BAL201107220,BAL,ANA,0,0,,N,sante001,simoa001,ANA
BAL201107230,BAL,ANA,0,2,,N,bergb002,pinej001,BAL
BAL201107240,BAL,ANA,0,0,,D,chatt001,guthj001,ANA
BAL201108050,BAL,TOR,2,0,,N,millb001,huntt002,TOR
BAL201108060,BAL,TOR,0,0,,N,tillc001,morrb001,BAL
BAL201108070,BAL,TOR,0,0,,D,romer002,simoa001,TOR
BAL201108080,BAL,CHA,0,0,,N,craij001,johnj010,CHA
BAL201108090,BAL,CHA,0,0,,N,floyg001,reyej003,CHA
BAL201108100,BAL,CHA,1,0,,N,gonzm001,frasj002,BAL
BAL201108110,BAL,CHA,0,4,,N,buehm001,tillc001,CHA
BAL201108120,BAL,DET,2,1,,N,pennb002,pattt001,DET
BAL201108130,BAL,DET,0,0,,N,schem001,guthj001,DET
BAL201108140,BAL,DET,2,0,,D,reyej003,fistd001,BAL
BAL201108260,BAL,NYA,0,0,,N,huntt002,burna001,BAL
BAL201108281,BAL,NYA,0,0,,D,britz001,colob001,BAL
BAL201108282,BAL,NYA,1,0,,N,novai001,matub001,NYA
BAL201108290,BAL,NYA,0,1,,N,garcf002,simoa001,NYA
BAL201108300,BAL,TOR,0,0,,N,eyrew001,tallb001,BAL
BAL201108310,BAL,TOR,0,0,,N,alvah001,reyej003,TOR
BAL201109010,BAL,TOR,0,0,,D,camps002,eyrew001,TOR
BAL201109080,BAL,NYA,0,0,,D,rapac001,procs001,BAL
BAL201109120,BAL,TBA,0,0,,N,niemj001,britz001,TBA
BAL201109130,BAL,TBA,1,0,,N,pattt001,howej003,BAL
BAL201109140,BAL,TBA,0,0,,N,guthj001,daviw001,BAL
BAL201109160,BAL,ANA,0,0,,N,huntt002,hared001,BAL
BAL201109170,BAL,ANA,5,0,,N,britz001,sante001,BAL
BAL201109180,BAL,ANA,1,1,,D,weavj003,simoa001,ANA
BAL201109260,BAL,BOS,0,0,,N,pattt001,beckj002,BAL
BAL201109270,BAL,BOS,1,0,,N,aceva001,britz001,BOS
BAL201109280,BAL,BOS,0,0,,N,johnj010,papej001,BAL
BOS201104080,BOS,NYA,1,2,,D,lackj001,colob001,BOS
BOS201104090,BOS,NYA,0,0,,D,robed002,buchc001,NYA
BOS201104100,BOS,NYA,0,0,,N,beckj002,sabac001,BOS
BOS201104110,BOS,TBA,0,1,,N,hellj001,matsd001,TBA
BOS201104120,BOS,TBA,0,0,,N,pricd001,lestj001,TBA
BOS201104150,BOS,TOR,0,0,,N,cecib001,jenkb001,TOR
BOS201104160,BOS,TOR,2,0,,D,beckj002,reyej003,BOS
BOS201104170,BOS,TOR,0,0,,D,lestj001,litsj001,BOS
BOS201104180,BOS,TOR,2,0,,D,matsd001,romer002,BOS
BOS201104290,BOS,SEA,0,2,,N,vargj001,jenkb001,SEA
BOS201104300,BOS,SEA,0,0,,N,fistd001,lackj001,SEA
BOS201105010,BOS,SEA,0,0,,D,papej001,wrigj001,BOS
BOS201105020,BOS,ANA,1,0,,N,buchc001,weavj003,BOS
BOS201105030,BOS,ANA,0,0,,N,lestj001,hared001,BOS
BOS201105040,BOS,ANA,0,0,,N,bellt002,matsd001,ANA
BOS201105050,BOS,ANA,0,0,,D,pinej001,lackj001,ANA
BOS201105060,BOS,MIN,0,1,,N,bakes002,waket001,MIN
BOS201105070,BOS,MIN,1,0,,D,buchc001,duenb001,BOS
BOS201105080,BOS,MIN,0,3,,D,matsd001,pavac001,BOS
BOS201105090,BOS,MIN,0,0,,N,okajh001,hoeyj001,BOS
BOS201105160,BOS,BAL,0,2,,N,aceva001,gregk001,BOS
BOS201105180,BOS,DET,0,0,,N,bardd001,schld001,BOS
BOS201105190,BOS,DET,0,0,,N,papej001,albua001,BOS
BOS201105200,BOS,CHN,2,0,,N,lestj001,david002,BOS
BOS201105210,BOS,CHN,0,0,,N,marss002,albem001,CHN
BOS201105220,BOS,CHN,0,0,,N,waket001,russj003,BOS
BOS201105300,BOS,CHA,1,2,,N,peavj001,lestj001,CHA
BOS201105310,BOS,CHA,0,0,,N,humbp001,aceva001,CHA
BOS201106010,BOS,CHA,0,0,,D,floyg001,albem001,CHA
BOS201106030,BOS,OAK,2,4,,N,jenkb001,devij001,BOS
BOS201106040,BOS,OAK,1,0,,D,aceva001,moscg001,BOS
BOS201106050,BOS,OAK,0,0,,D,lackj001,andeb004,BOS
BOS201106170,BOS,MIL,2,2,,N,lackj001,estrm001,BOS
BOS201106180,BOS,MIL,0,3,,N,wolfr001,lestj001,MIL
BOS201106190,BOS,MIL,6,0,,D,waket001,gally001,BOS
BOS201106200,BOS,SDN,1,0,,N,albem001,luebc001,BOS
BOS201106210,BOS,SDN,1,0,,N,qualc001,wheed001,SDN
BOS201106220,BOS,SDN,0,1,,D,richc002,lackj001,SDN
BOS201107040,BOS,TOR,0,1,,D,morrb001,lackj001,TOR
BOS201107050,BOS,TOR,0,0,,N,albem001,cecib001,BOS
BOS201107060,BOS,TOR,1,1,,N,waket001,romer002,BOS
BOS201107070,BOS,BAL,0,2,,N,milla002,arrij001,BOS
BOS201107080,BOS,BAL,8,0,,N,beckj002,britz001,BOS
BOS201107090,BOS,BAL,0,0,,N,lackj001,simoa001,BOS
BOS201107100,BOS,BAL,2,0,,D,aceva001,guthj001,BOS
BOS201107220,BOS,SEA,1,1,,N,lackj001,hernf002,BOS
BOS201107230,BOS,SEA,0,0,,N,beckj002,beavb001,BOS
BOS201107240,BOS,SEA,5,2,,D,waket001,pinem001,BOS
BOS201107250,BOS,KCA,0,0,,N,colel001,willr003,KCA
BOS201107260,BOS,KCA,2,2,,N,aceva001,adcon001,BOS
BOS201107270,BOS,KCA,2,3,,N,lackj001,chenb001,BOS
BOS201107280,BOS,KCA,0,0,,D,hochl001,beckj002,KCA
BOS201108010,BOS,CLE,0,0,,N,perer002,bardd001,CLE
BOS201108020,BOS,CLE,0,1,,N,papej001,pestv001,BOS
BOS201108030,BOS,CLE,2,0,,N,papej001,smitj002,BOS
BOS201108040,BOS,CLE,2,0,,N,mastj001,moraf001,CLE
BOS201108050,BOS,NYA,0,0,,N,logab001,lestj001,NYA
BOS201108060,BOS,NYA,0,0,,D,lackj001,sabac001,BOS
BOS201108070,BOS,NYA,0,0,,N,bardd001,hughp001,BOS
BOS201108161,BOS,TBA,0,1,,D,lestj001,shiej002,BOS
BOS201108162,BOS,TBA,0,0,,N,niemj001,bedae001,TBA
BOS201108170,BOS,TBA,0,1,,D,pricd001,lackj001,TBA
BOS201108260,BOS,OAK,1,0,,N,gonzg003,waket001,OAK
BOS201108271,BOS,OAK,1,0,,D,lestj001,moscg001,BOS
BOS201108272,BOS,OAK,0,0,,N,aceva001,godfg001,BOS
BOS201108300,BOS,NYA,0,0,,N,sabac001,lackj001,NYA
BOS201108310,BOS,NYA,0,0,,N,beckj002,hughp001,BOS
BOS201109010,BOS,NYA,0,1,,N,wadec001,aceva001,NYA
BOS201109020,BOS,TEX,0,2,,N,holld003,milla002,TEX
BOS201109030,BOS,TEX,0,0,,D,bedae001,lewic001,BOS
BOS201109040,BOS,TEX,0,0,,D,harrm001,lackj001,TEX
BOS201109130,BOS,TOR,2,0,,N,waket001,morrb001,BOS
BOS201109140,BOS,TOR,0,2,,D,romer002,bardd001,TOR
BOS201109150,BOS,TBA,0,0,,N,hellj001,weilk001,TBA
BOS201109160,BOS,TBA,2,2,,N,beckj002,shiej002,BOS
BOS201109170,BOS,TBA,0,2,,D,niemj001,lestj001,TBA
BOS201109180,BOS,TBA,0,0,,D,mcgej001,waket001,TBA
BOS201109191,BOS,BAL,0,0,,D,guthj001,weilk001,BAL
BOS201109192,BOS,BAL,4,3,,N,atchs001,matub001,BOS
BOS201109200,BOS,BAL,1,0,,N,eyrew001,bardd001,BAL
BOS201109210,BOS,BAL,0,0,,N,rapac001,beckj002,BAL
CHA201104070,CHA,TBA,2,0,,D,jacke001,pricd001,CHA
CHA201104080,CHA,TBA,1,0,,N,russa001,thorm001,TBA
CHA201104090,CHA,TBA,0,0,,D,humbp001,daviw001,CHA
CHA201104100,CHA,TBA,2,0,,D,floyg001,niemj001,CHA
CHA201104110,CHA,OAK,0,0,,N,rosst001,craij001,OAK
CHA201104120,CHA,OAK,0,0,,N,salec001,cramb001,CHA
CHA201104130,CHA,OAK,0,0,,D,balfg001,thorm001,OAK
CHA201104150,CHA,ANA,0,0,,N,weavj003,humbp001,ANA
CHA201104160,CHA,ANA,0,0,,N,chatt001,floyg001,ANA
CHA201104170,CHA,ANA,0,1,,D,hared001,buehm001,ANA
CHA201104290,CHA,BAL,0,0,,N,arrij001,dankj001,BAL
CHA201104300,CHA,BAL,0,1,,N,tillc001,humbp001,BAL
CHA201105010,CHA,BAL,0,0,,D,britz001,floyg001,BAL
CHA201105020,CHA,BAL,0,0,,N,buehm001,guthj001,CHA
CHA201105030,CHA,MIN,0,0,,N,lirif001,jacke001,MIN
CHA201105040,CHA,MIN,0,1,,D,blacn001,dankj001,MIN
CHA201105160,CHA,TEX,0,0,,N,lewic001,jacke001,TEX
CHA201105170,CHA,TEX,0,1,,N,craij001,epplc001,CHA
CHA201105180,CHA,CLE,1,0,,N,peavj001,mastj001,CHA
CHA201105190,CHA,CLE,2,1,,N,floyg001,carmf001,CHA
CHA201105200,CHA,LAN,0,2,,N,jansk001,sants001,LAN
CHA201105210,CHA,LAN,1,0,,D,buehm001,garlj001,CHA
CHA201105220,CHA,LAN,3,0,,D,jacke001,kuroh001,CHA
CHA201106030,CHA,DET,1,0,,N,buehm001,oliva002,CHA
CHA201106040,CHA,DET,0,2,,N,verlj001,craij001,DET
CHA201106050,CHA,DET,2,0,,D,pennb002,peavj001,DET
CHA201106060,CHA,SEA,0,0,,N,dankj001,pinem001,CHA
CHA201106070,CHA,SEA,0,0,,N,humbp001,hernf002,CHA
CHA201106080,CHA,SEA,1,0,,N,laffa001,sants001,SEA
CHA201106090,CHA,OAK,0,0,,N,buehm001,cahit001,CHA
CHA201106100,CHA,OAK,2,1,,N,balfg001,sants001,OAK
CHA201106110,CHA,OAK,0,0,,N,dankj001,gonzg003,CHA
CHA201106120,CHA,OAK,0,1,,D,humbp001,moscg001,CHA
CHA201106200,CHA,CHN,3,0,,N,zambc001,floyg001,CHN
CHA201106210,CHA,CHN,0,0,,N,craij001,samaj001,CHA
CHA201106220,CHA,CHN,0,0,,N,peavj001,david002,CHA
CHA201106240,CHA,WAS,0,0,,N,balec001,thorm001,WAS
CHA201106250,CHA,WAS,1,0,,D,peavj001,gorzt001,CHA
CHA201106260,CHA,WAS,0,0,,D,hernl003,humbp001,WAS
CHA201107040,CHA,KCA,0,2,,N,sants001,crowa001,CHA
CHA201107050,CHA,KCA,0,0,,N,paulf001,peavj001,KCA
CHA201107060,CHA,KCA,0,1,,D,chenb001,jacke001,KCA
CHA201107070,CHA,MIN,0,1,,N,pavac001,humbp001,MIN
CHA201107080,CHA,MIN,5,1,,N,blacn001,floyg001,MIN
CHA201107090,CHA,MIN,1,0,,D,craij001,mijaj001,CHA
CHA201107100,CHA,MIN,0,0,,D,swara001,peavj001,MIN
CHA201107250,CHA,DET,0,0,,N,buehm001,belod001,CHA
CHA201107260,CHA,DET,2,0,,N,verlj001,ohmaw001,DET
CHA201107270,CHA,DET,0,0,,D,dankj001,schem001,CHA
CHA201107290,CHA,BOS,0,0,,N,floyg001,waket001,CHA
CHA201107300,CHA,BOS,0,0,,N,lestj001,humbp001,BOS
CHA201107310,CHA,BOS,0,0,,D,aceva001,craij001,BOS
CHA201108010,CHA,NYA,0,2,,N,sabac001,peavj001,NYA
CHA201108020,CHA,NYA,0,1,,N,hughp001,dankj001,NYA
CHA201108030,CHA,NYA,1,4,,N,wadec001,floyg001,NYA
CHA201108040,CHA,NYA,0,0,,N,novai001,humbp001,NYA
CHA201108120,CHA,KCA,0,1,,N,chenb001,stewz001,KCA
CHA201108130,CHA,KCA,0,0,,N,craij001,hochl001,CHA
CHA201108140,CHA,KCA,4,0,,D,dankj001,franj003,CHA
CHA201108160,CHA,CLE,1,0,,N,frasj002,durbc001,CHA
CHA201108170,CHA,CLE,0,0,,N,carmf001,buehm001,CLE
CHA201108180,CHA,CLE,0,0,,N,mastj001,ohmaw001,CLE
CHA201108190,CHA,TEX,2,0,,N,tatey001,peavj001,TEX
CHA201108200,CHA,TEX,1,1,,N,craij001,uehak001,CHA
CHA201108210,CHA,TEX,0,0,,D,floyg001,holld003,CHA
CHA201108290,CHA,MIN,0,0,,N,buehm001,slowk001,CHA
CHA201108300,CHA,MIN,0,0,,N,ohmaw001,swara001,CHA
CHA201108310,CHA,MIN,0,6,,D,diams001,peavj001,MIN
CHA201109080,CHA,CLE,0,1,,N,thorm001,huffd001,CHA
CHA201109090,CHA,CLE,0,0,,N,gomej002,buehm001,CLE
CHA201109100,CHA,CLE,0,0,,D,sants001,perec002,CHA
CHA201109110,CHA,CLE,0,0,,D,jimeu001,stewz001,CLE
CHA201109120,CHA,DET,1,0,,N,porcr001,dankj001,DET
CHA201109130,CHA,DET,0,0,,N,verlj001,floyg001,DET
CHA201109140,CHA,DET,0,0,,D,cokep001,sants001,DET
CHA201109230,CHA,KCA,0,0,,N,chenb001,stewz001,KCA
CHA201109240,CHA,KCA,0,0,,N,dankj001,teafe001,CHA
CHA201109250,CHA,KCA,0,0,,D,mendl001,floyg001,KCA
CHA201109260,CHA,TOR,0,0,,N,axeld001,mcgod001,CHA
CHA201109270,CHA,TOR,0,0,,N,buehm001,alvah001,CHA
CHA201109280,CHA,TOR,0,1,,D,camps002,salec001,TOR
CHN201104010,CHN,PIT,1,0,,D,corrk001,dempr002,PIT
CHN201104020,CHN,PIT,0,1,,D,marss002,meeke001,CHN
CHN201104030,CHN,PIT,0,0,,D,karsj001,marmc001,PIT
CHN201104040,CHN,ARI,0,1,,D,wellr001,saunj001,CHN
CHN201104050,CHN,ARI,0,0,,D,russj003,demes001,CHN
CHN201104060,CHN,ARI,0,0,,D,galaa002,dempr002,ARI
CHN201104180,CHN,SDN,0,0,,N,marmc001,qualc001,CHN
CHN201104201,CHN,SDN,0,0,,D,samaj001,gregl001,CHN
CHN201104202,CHN,SDN,0,0,,N,haraa001,russj003,SDN
CHN201104220,CHN,LAN,0,0,,D,billc001,colec001,LAN
CHN201104230,CHN,LAN,1,0,,D,samaj001,guerm001,CHN
CHN201104240,CHN,LAN,2,5,,D,kuroh001,zambc001,LAN
CHN201104250,CHN,COL,3,0,,N,rogee002,garzm001,COL
CHN201104260,CHN,COL,2,1,,N,delaj001,russj003,COL
CHN201105060,CHN,CIN,0,0,,D,volqe001,garzm001,CIN
CHN201105070,CHN,CIN,0,0,,D,matem001,cordf002,CHN
CHN201105080,CHN,CIN,0,0,,D,cuetj001,dempr002,CIN
CHN201105100,CHN,SLN,2,1,,N,carpc002,woodk002,SLN
CHN201105110,CHN,SLN,0,0,,N,garzm001,westj001,CHN
CHN201105120,CHN,SLN,0,0,,D,garcj004,colec001,SLN
CHN201105130,CHN,SFN,0,1,,D,dempr002,bumgm001,CHN
CHN201105140,CHN,SFN,0,1,,N,voger001,david002,SFN
CHN201105240,CHN,NYN,0,0,,N,dempr002,niesj001,CHN
CHN201105250,CHN,NYN,4,1,,N,gee-d001,colec001,NYN
CHN201105260,CHN,NYN,0,0,,D,zambc001,beatp001,CHN
CHN201105270,CHN,PIT,0,0,,D,corrk001,david002,PIT
CHN201105280,CHN,PIT,0,0,,D,mahop002,wellr001,PIT
CHN201105290,CHN,PIT,0,2,,D,dempr002,karsj001,CHN
CHN201105300,CHN,HOU,3,2,,D,escas001,samaj001,HOU
CHN201105310,CHN,HOU,0,0,,N,rodrf004,marmc001,HOU
CHN201106010,CHN,HOU,1,0,,D,myerb001,david002,HOU
CHN201106130,CHN,MIL,0,0,,N,samaj001,loe-k001,CHN
CHN201106140,CHN,MIL,0,0,,N,samaj001,dillt001,CHN
CHN201106150,CHN,MIL,1,0,,N,narvc001,zambc001,MIL
CHN201106160,CHN,MIL,2,2,,D,garzm001,greiz001,CHN
CHN201106170,CHN,NYA,2,0,,D,david002,garcf002,CHN
CHN201106180,CHN,NYA,0,0,,D,burna001,dempr002,NYA
CHN201106190,CHN,NYA,1,1,,N,sabac001,marss002,NYA
CHN201106270,CHN,COL,2,1,,D,garzm001,chacj001,CHN
CHN201106281,CHN,SFN,0,3,,D,voger001,david002,SFN
CHN201106282,CHN,SFN,0,0,,N,zitob001,loper001,SFN
CHN201106290,CHN,SFN,0,0,,N,marmc001,romos001,CHN
CHN201106300,CHN,SFN,0,0,,D,grabj002,ramir003,CHN
CHN201107010,CHN,CHA,0,2,,D,jacke001,wellr001,CHA
CHN201107020,CHN,CHA,0,0,,D,humbp001,garzm001,CHA
CHN201107030,CHN,CHA,0,0,,D,loper001,floyg001,CHN
CHN201107140,CHN,FLO,0,0,,N,mujie001,marmc001,FLO
CHN201107150,CHN,FLO,0,0,,D,dempr002,nolar001,CHN
CHN201107160,CHN,FLO,0,3,,D,vazqj001,zambc001,FLO
CHN201107170,CHN,FLO,3,3,,D,mujie001,woodk002,FLO
CHN201107180,CHN,PHI,1,0,,N,loper001,hallr001,CHN
CHN201107190,CHN,PHI,2,0,,N,stutm001,marss002,PHI
CHN201107200,CHN,PHI,0,2,,D,worlv001,dempr002,PHI
CHN201107220,CHN,HOU,0,0,,D,zambc001,norrb001,CHN
CHN201107230,CHN,HOU,0,0,,D,wellr001,rodrw002,CHN
CHN201107240,CHN,HOU,0,1,,D,grabj002,carpd001,CHN
CHN201108050,CHN,CIN,2,0,,D,dempr002,leakm001,CHN
CHN201108060,CHN,CIN,0,0,,D,zambc001,cuetj001,CHN
CHN201108070,CHN,CIN,0,0,,D,massn001,marss002,CIN
CHN201108090,CHN,WAS,0,0,,N,wangc001,garzm001,WAS
CHN201108100,CHN,WAS,0,1,,N,loper001,detwr001,CHN
CHN201108110,CHN,WAS,0,1,,D,dempr002,zimmj003,CHN
CHN201108190,CHN,SLN,0,0,,D,marss002,doteo001,CHN
CHN201108200,CHN,SLN,0,0,,D,garzm001,jacke001,CHN
CHN201108210,CHN,SLN,0,0,,N,westj001,loper001,SLN
CHN201108220,CHN,ATL,0,0,,N,jurrj001,dempr002,ATL
CHN201108230,CHN,ATL,0,0,,N,minom001,colec001,ATL
CHN201108240,CHN,ATL,0,0,,N,wellr001,lowed001,CHN
CHN201108250,CHN,ATL,1,3,,D,beacb001,garzm001,ATL
CHN201109020,CHN,PIT,0,0,,D,burrb001,dempr002,PIT
CHN201109030,CHN,PIT,0,1,,D,resoc001,marmc001,PIT
CHN201109040,CHN,PIT,0,1,,D,wellr001,mortc002,CHN
CHN201109050,CHN,CIN,0,1,,D,garzm001,willd003,CHN
CHN201109060,CHN,CIN,0,0,,N,chapa001,grabj002,CIN
CHN201109070,CHN,CIN,0,1,,N,woodk002,ondrl001,CHN
CHN201109160,CHN,HOU,0,0,,D,samaj001,carpd001,CHN
CHN201109170,CHN,HOU,1,1,,D,loper001,sosah001,CHN
CHN201109180,CHN,HOU,1,3,,D,myerb001,dempr002,HOU
CHN201109190,CHN,MIL,0,0,,N,colec001,narvc001,CHN
CHN201109200,CHN,MIL,0,0,,N,marcs001,wellr001,MIL
CHN201109210,CHN,MIL,0,0,,D,garzm001,wolfr001,CHN
CIN201103310,CIN,MIL,1,3,,D,ondrl001,axfoj001,CIN
CIN201104020,CIN,MIL,2,0,,N,woodt004,marcs001,CIN
CIN201104030,CIN,MIL,0,1,,D,arrob001,wolfr001,CIN
CIN201104050,CIN,HOU,3,0,,N,leakm001,happj001,CIN
CIN201104060,CIN,HOU,0,4,,N,volqe001,figun001,CIN
CIN201104070,CIN,HOU,0,1,,D,abadf001,massn001,HOU
CIN201104150,CIN,PIT,0,0,,N,mortc002,arrob001,PIT
CIN201104160,CIN,PIT,0,0,,D,leakm001,mcdoj004,CIN
CIN201104170,CIN,PIT,0,4,,D,resoc001,ondrl001,PIT
CIN201104180,CIN,PIT,0,3,,N,corrk001,woodt004,PIT
CIN201104190,CIN,ARI,0,1,,N,galaa002,lecus001,ARI
CIN201104200,CIN,ARI,0,1,,N,kenni001,arrob001,ARI
CIN201104210,CIN,ARI,4,1,,D,leakm001,hudsd001,CIN
CIN201104290,CIN,FLO,1,5,,N,vazqj001,woodt004,FLO
CIN201104300,CIN,FLO,0,1,,N,cordf002,dunnm002,CIN
CIN201105010,CIN,FLO,2,2,,D,nolar001,arrob001,FLO
CIN201105030,CIN,HOU,1,0,,N,happj001,leakm001,HOU
CIN201105040,CIN,HOU,0,0,,D,cordf002,lyonb003,CIN
CIN201105050,CIN,HOU,0,0,,D,bailh001,myerb001,CIN
CIN201105130,CIN,SLN,0,0,,N,cordf002,mottj001,CIN
CIN201105140,CIN,SLN,0,0,,D,cuetj001,mcclk001,CIN
CIN201105150,CIN,SLN,0,0,,D,woodt004,carpc002,CIN
CIN201105160,CIN,CHN,0,0,,N,bailh001,zambc001,CIN
CIN201105170,CIN,CHN,0,3,,N,brayb001,woodk002,CIN
CIN201105180,CIN,PIT,0,0,,N,mortc002,arrob001,PIT
CIN201105190,CIN,PIT,0,0,,D,mcdoj004,cuetj001,PIT
CIN201105300,CIN,MIL,0,0,,N,woodt004,narvc001,CIN
CIN201105310,CIN,MIL,1,0,,N,greiz001,reinc001,MIL
CIN201106010,CIN,MIL,0,2,,N,massn001,loe-k001,CIN
CIN201106030,CIN,LAN,0,0,,N,arrob001,kuroh001,CIN
CIN201106040,CIN,LAN,0,0,,D,guerj002,fishc001,LAN
CIN201106050,CIN,LAN,1,3,,D,billc001,woodt004,LAN
CIN201106060,CIN,CHN,0,1,,N,leakm001,garzm001,CIN
CIN201106070,CIN,CHN,0,0,,N,volqe001,david002,CIN
CIN201106080,CIN,CHN,0,0,,D,dempr002,arrob001,CHN
CIN201106170,CIN,TOR,0,0,,N,reyej003,leakm001,TOR
CIN201106180,CIN,TOR,0,0,,N,morrb001,volqe001,TOR
CIN201106190,CIN,TOR,0,0,,D,arrob001,villc001,CIN
CIN201106200,CIN,NYA,1,4,,N,novai001,woodt004,NYA
CIN201106221,CIN,NYA,0,0,,D,garcf002,leakm001,NYA
CIN201106222,CIN,NYA,1,0,,N,cuetj001,gordb001,CIN
CIN201107010,CIN,CLE,0,0,,N,mastj001,arrob001,CLE
CIN201107020,CIN,CLE,0,0,,D,herrf001,bailh001,CLE
CIN201107030,CIN,CLE,0,0,,D,leakm001,talbm001,CIN
CIN201107150,CIN,SLN,1,0,,N,ondrl001,salaf001,CIN
CIN201107160,CIN,SLN,0,0,,N,carpc002,arrob001,SLN
CIN201107170,CIN,SLN,0,0,,D,bailh001,garcj004,CIN
CIN201107220,CIN,ATL,1,0,,N,ventj001,massn001,ATL
CIN201107230,CIN,ATL,1,0,,D,bailh001,lowed001,CIN
CIN201107240,CIN,ATL,3,0,,N,cordf002,lines001,CIN
CIN201107250,CIN,NYN,0,0,,N,dickr001,leakm001,NYN
CIN201107260,CIN,NYN,0,2,,N,niesj001,cuetj001,NYN
CIN201107270,CIN,NYN,0,2,,N,pelfm001,arrob001,NYN
CIN201107280,CIN,NYN,2,1,,D,capuc001,bailh001,NYN
CIN201107290,CIN,SFN,2,1,,N,arrej001,wilsb001,CIN
CIN201107300,CIN,SFN,5,0,,N,leakm001,bumgm001,CIN
CIN201107310,CIN,SFN,3,0,,D,cuetj001,zitob001,CIN
CIN201108080,CIN,COL,3,0,,N,belim001,brayb001,COL
CIN201108090,CIN,COL,0,0,,N,rogee002,willd003,COL
CIN201108100,CIN,COL,0,0,,N,leakm001,millk004,CIN
CIN201108110,CIN,COL,2,0,,D,cuetj001,chacj001,CIN
CIN201108120,CIN,SDN,0,1,,N,brayb001,spenj001,CIN
CIN201108130,CIN,SDN,3,0,,N,bailh001,staut001,CIN
CIN201108140,CIN,SDN,0,0,,D,leblw001,willd003,SDN
CIN201108260,CIN,WAS,0,0,,N,cordf002,balec001,CIN
CIN201108270,CIN,WAS,1,0,,N,leakm001,detwr001,CIN
CIN201108280,CIN,WAS,1,1,,D,brayb001,balec001,CIN
CIN201108290,CIN,PHI,0,0,,N,basta001,bailh001,PHI
CIN201108300,CIN,PHI,0,0,,N,hallr001,arrob001,PHI
CIN201108310,CIN,PHI,0,1,,N,lee-c003,willd003,PHI
CIN201109010,CIN,PHI,0,0,,D,worlv001,leakm001,PHI
CIN201109120,CIN,CHN,0,3,,N,loper001,willd003,CHN
CIN201109130,CIN,CHN,1,0,,N,leakm001,dempr002,CIN
CIN201109140,CIN,CHN,0,0,,N,lecus001,colec001,CIN
CIN201109150,CIN,CHN,0,4,,N,massn001,russj003,CIN
CIN201109160,CIN,MIL,1,0,,N,wolfr001,arrob001,MIL
CIN201109170,CIN,MIL,0,1,,N,gally001,volqe001,MIL
CIN201109180,CIN,MIL,0,4,,D,greiz001,malom001,MIL
CIN201109190,CIN,HOU,1,0,,N,carpd001,massn001,HOU
CIN201109200,CIN,HOU,0,0,,N,bailh001,norrb001,CIN
CIN201109210,CIN,HOU,1,0,,D,arrob001,rodrw002,CIN
CLE201104010,CLE,CHA,0,2,,D,buehm001,carmf001,CHA
CLE201104020,CLE,CHA,0,1,,D,jacke001,carrc003,CHA
CLE201104030,CLE,CHA,0,0,,D,mastj001,dankj001,CLE
CLE201104050,CLE,BOS,0,0,,N,tomlj001,beckj002,CLE
CLE201104060,CLE,BOS,2,0,,N,perer002,matsd001,CLE
CLE201104070,CLE,BOS,0,0,,D,perer002,bardd001,CLE
CLE201104150,CLE,BAL,0,0,,N,mastj001,britz001,CLE
CLE201104160,CLE,BAL,0,0,,D,tomlj001,guthj001,CLE
CLE201104170,CLE,BAL,0,0,,D,carmf001,bergb002,CLE
CLE201104260,CLE,KCA,1,0,,N,mastj001,hochl001,CLE
CLE201104270,CLE,KCA,5,0,,N,tomlj001,franj003,CLE
CLE201104280,CLE,KCA,2,0,,N,carmf001,davik002,CLE
CLE201104290,CLE,DET,0,2,,N,perec002,benoj001,CLE
CLE201104300,CLE,DET,0,0,,N,sippt001,villb002,CLE
CLE201105010,CLE,DET,0,2,,D,durbc001,benoj001,CLE
CLE201105100,CLE,TBA,1,0,,N,perec002,peraj002,CLE
CLE201105110,CLE,TBA,0,0,,N,pricd001,carrc003,TBA
CLE201105120,CLE,TBA,0,0,,D,shiej002,mastj001,TBA
CLE201105130,CLE,SEA,1,0,,N,sippt001,leagb001,CLE
CLE201105200,CLE,CIN,0,0,,N,pestv001,brayb001,CLE
CLE201105210,CLE,CIN,0,0,,D,tomlj001,bailh001,CLE
CLE201105220,CLE,CIN,4,1,,D,carrc003,volqe001,CLE
CLE201105230,CLE,BOS,0,0,,N,smitj002,bardd001,CLE
CLE201105240,CLE,BOS,0,0,,N,beckj002,carmf001,BOS
CLE201105250,CLE,BOS,0,7,,D,lestj001,talbm001,BOS
CLE201106020,CLE,TEX,0,0,,N,kirkm001,carrc003,TEX
CLE201106030,CLE,TEX,0,0,,N,ogana001,mastj001,TEX
CLE201106040,CLE,TEX,0,2,,N,holld003,carmf001,TEX
CLE201106050,CLE,TEX,0,0,,D,wilsc004,talbm001,TEX
CLE201106060,CLE,MIN,2,0,,N,bakes002,tomlj001,MIN
CLE201106070,CLE,MIN,0,0,,N,carrc003,lirif001,CLE
CLE201106080,CLE,MIN,0,0,,D,cappm001,perec002,MIN
CLE201106170,CLE,PIT,0,0,,N,tomlj001,corrk001,CLE
CLE201106180,CLE,PIT,1,0,,N,carrc003,mahop002,CLE
CLE201106190,CLE,PIT,0,2,,D,sippt001,woodt003,CLE
CLE201106200,CLE,COL,3,1,,N,lindm001,carmf001,COL
CLE201106210,CLE,COL,0,0,,N,belim001,perec002,COL
CLE201106220,CLE,COL,0,0,,N,tomlj001,hammj002,CLE
CLE201107040,CLE,NYA,0,0,,N,tomlj001,burna001,CLE
CLE201107050,CLE,NYA,0,0,,N,sabac001,carrc003,NYA
CLE201107060,CLE,NYA,2,0,,N,mastj001,hughp001,CLE
CLE201107070,CLE,TOR,0,0,,N,sippt001,perel001,CLE
CLE201107080,CLE,TOR,0,0,,N,reyej003,talbm001,TOR
CLE201107090,CLE,TOR,0,1,,N,raucj001,perec002,TOR
CLE201107100,CLE,TOR,0,0,,D,cecib001,carrc003,TOR
CLE201107220,CLE,CHA,0,0,,N,floyg001,carrc003,CHA
CLE201107240,CLE,CHA,0,1,,D,jacke001,mastj001,CHA
CLE201107250,CLE,ANA,1,0,,N,sippt001,waldj001,CLE
CLE201107260,CLE,ANA,0,0,,N,weavj003,tomlj001,ANA
CLE201107270,CLE,ANA,1,0,,D,sante001,huffd001,ANA
CLE201107290,CLE,KCA,0,2,,N,franj003,carrc003,KCA
CLE201107300,CLE,KCA,0,1,,N,sippt001,sorij001,CLE
CLE201107310,CLE,KCA,0,0,,D,duffd001,carmf001,KCA
CLE201108090,CLE,DET,2,0,,N,herrf001,pauld001,CLE
CLE201108100,CLE,DET,1,0,,N,jimeu001,porcr001,CLE
CLE201108110,CLE,DET,0,1,,N,verlj001,carmf001,DET
CLE201108120,CLE,MIN,0,0,,N,perer002,perkg001,CLE
CLE201108130,CLE,MIN,0,0,,N,tomlj001,duenb001,CLE
CLE201108220,CLE,SEA,0,1,,N,ruffc001,perec002,SEA
CLE201108231,CLE,SEA,1,0,,D,perec002,leagb001,CLE
CLE201108232,CLE,SEA,0,0,,N,vasqa001,mcalz001,SEA
CLE201108240,CLE,SEA,0,0,,D,hernf002,tomlj001,SEA
CLE201108260,CLE,KCA,0,0,,N,jimeu001,paulf001,CLE
CLE201108270,CLE,KCA,0,0,,N,smitj002,colel001,CLE
CLE201108280,CLE,KCA,1,1,,D,chenb001,mastj001,KCA
CLE201108290,CLE,OAK,0,0,,N,huffd001,mccab001,CLE
CLE201108300,CLE,OAK,0,0,,N,gomej002,cahit001,CLE
CLE201108310,CLE,OAK,1,0,,N,herrf001,outmj001,CLE
CLE201109010,CLE,OAK,0,0,,D,gonzg003,carmf001,OAK
CLE201109050,CLE,DET,0,0,,D,fistd001,jimeu001,DET
CLE201109060,CLE,DET,0,5,,N,porcr001,carmf001,DET
CLE201109070,CLE,DET,0,0,,D,verlj001,mastj001,DET
CLE201109190,CLE,SEA,3,0,,D,furbc001,huffd001,SEA
CLE201109201,CLE,CHA,2,0,,D,carmf001,floyg001,CLE
CLE201109202,CLE,CHA,0,0,,N,thorm001,putnz001,CHA
CLE201109210,CLE,CHA,0,0,,N,buehm001,jimeu001,CHA
CLE201109220,CLE,CHA,2,0,,N,gomej002,humbp001,CLE
CLE201109230,CLE,MIN,1,2,,N,perec002,cappm001,CLE
CLE201109241,CLE,MIN,2,0,,D,putnz001,lirif001,CLE
CLE201109242,CLE,MIN,0,1,,N,hagan001,mijaj001,CLE
CLE201109250,CLE,MIN,2,2,,D,waldk001,sippt001,MIN
COL201104010,COL,ARI,2,0,,D,demes001,reynm002,ARI
COL201104020,COL,ARI,0,0,,N,delaj001,hudsd001,COL
COL201104050,COL,LAN,0,0,,N,chacj001,kersc001,COL
COL201104060,COL,LAN,2,0,,D,hammj002,billc001,COL
COL201104150,COL,CHN,0,0,,N,chacj001,garzm001,COL
COL201104160,COL,CHN,0,0,,N,colec001,hammj002,CHN
COL201104170,COL,CHN,4,1,,D,betar001,matem001,COL
COL201104180,COL,SFN,0,5,,N,linct001,rogee002,SFN
COL201104190,COL,SFN,0,4,,N,sancj002,jimeu001,SFN
COL201104200,COL,SFN,0,1,,D,delaj001,cainm001,COL
COL201104290,COL,PIT,0,0,,N,corrk001,chacj001,PIT
COL201104300,COL,PIT,0,1,,N,hammj002,mahop002,COL
COL201105010,COL,PIT,0,0,,D,mortc002,jimeu001,PIT
COL201105090,COL,NYN,0,0,,N,belim001,capuc001,COL
COL201105100,COL,NYN,0,2,,N,pelfm001,hammj002,NYN
COL201105120,COL,NYN,1,2,,D,niesj001,jimeu001,NYN
COL201105130,COL,SDN,3,0,,N,delaj001,mosed001,COL
COL201105140,COL,SDN,0,0,,D,adamm001,streh001,SDN
COL201105150,COL,SDN,1,0,,D,latom001,hammj002,SDN
COL201105160,COL,SFN,0,0,,N,mortc003,linct001,COL
COL201105170,COL,SFN,0,0,,D,belim001,sancj002,COL
COL201105241,COL,ARI,0,0,,D,reyng001,collj001,COL
COL201105242,COL,ARI,0,1,,N,saunj001,chacj001,ARI
COL201105250,COL,ARI,0,0,,N,kenni001,hammj002,ARI
COL201105260,COL,ARI,0,0,,N,owinm001,mortc003,ARI
COL201105270,COL,SLN,0,1,,N,westj001,jimeu001,SLN
COL201105280,COL,SLN,6,0,,N,nicaj001,garcj004,COL
COL201105290,COL,SLN,0,3,,D,lohsk001,chacj001,SLN
COL201106090,COL,LAN,0,0,,N,betar001,elbes001,COL
COL201106100,COL,LAN,0,0,,N,chacj001,billc001,COL
COL201106110,COL,LAN,0,0,,N,lillt001,hammj002,LAN
COL201106120,COL,LAN,3,0,,D,delar003,jimeu001,LAN
COL201106130,COL,SDN,0,1,,N,bassa001,cooka002,SDN
COL201106140,COL,SDN,0,1,,N,nicaj001,leblw001,COL
COL201106150,COL,SDN,0,0,,D,chacj001,latom001,COL
COL201106170,COL,DET,0,1,,N,hammj002,porcr001,COL
COL201106180,COL,DET,0,0,,N,jimeu001,cokep001,COL
COL201106190,COL,DET,0,0,,D,verlj001,cooka002,DET
COL201106280,COL,CHA,0,0,,N,brotr001,ohmaw001,COL
COL201106290,COL,CHA,0,0,,N,brunb001,streh001,CHA
COL201106300,COL,CHA,3,0,,D,craij001,mortc003,CHA
COL201107010,COL,KCA,1,0,,N,nicaj001,duffd001,COL
COL201107020,COL,KCA,1,0,,N,reyng001,davik002,COL
COL201107030,COL,KCA,0,1,,D,woodb004,hammj002,KCA
COL201107140,COL,MIL,1,1,,N,jimeu001,gally001,COL
COL201107150,COL,MIL,1,0,,N,nicaj001,narvc001,COL
COL201107160,COL,MIL,0,0,,N,rodrf003,streh001,MIL
COL201107170,COL,MIL,0,0,,D,marcs001,cooka002,MIL
COL201107180,COL,ATL,0,0,,N,lowed001,hammj002,ATL
COL201107190,COL,ATL,3,0,,N,jimeu001,beacb001,COL
COL201107200,COL,ATL,2,0,,N,streh001,oflae001,COL
COL201107210,COL,ATL,1,0,,D,hanst001,reynm002,ATL
COL201108010,COL,PHI,0,0,,N,basta001,brotr001,PHI
COL201108020,COL,PHI,0,2,,N,kendk001,cooka002,PHI
COL201108030,COL,PHI,2,1,,D,hallr001,hammj002,PHI
COL201108040,COL,WAS,0,1,,N,rogee002,detwr001,COL
COL201108050,COL,WAS,0,2,,N,zimmj003,nicaj001,WAS
COL201108060,COL,WAS,0,0,,N,chacj001,hernl003,COL
COL201108070,COL,WAS,0,0,,D,clipt001,belim001,WAS
COL201108150,COL,FLO,0,2,,N,belim001,nunel001,COL
COL201108160,COL,FLO,0,3,,N,sanca004,chacj001,FLO
COL201108170,COL,FLO,5,0,,N,cooka002,nolar001,COL
COL201108190,COL,LAN,0,1,,N,kuroh001,hammj002,LAN
COL201108200,COL,LAN,1,2,,D,romej001,hawkb001,COL
COL201108210,COL,LAN,2,0,,D,millk004,billc001,COL
COL201108220,COL,HOU,6,0,,N,chacj001,myerb001,COL
COL201108230,COL,HOU,2,0,,N,belim001,rodrf004,COL
COL201108240,COL,HOU,4,2,,D,belim001,rodra002,COL
COL201109050,COL,ARI,1,1,,D,milew001,rogee002,ARI
COL201109060,COL,ARI,0,1,,N,belim001,hernd002,COL
COL201109070,COL,ARI,0,0,,N,saunj001,millk004,ARI
COL201109090,COL,CIN,0,0,,N,bailh001,chacj001,CIN
COL201109100,COL,CIN,4,1,,D,whita001,malom001,COL
COL201109110,COL,CIN,0,0,,D,pomed001,volqe001,COL
COL201109150,COL,SFN,0,2,,N,voger001,chacj001,SFN
COL201109160,COL,SFN,0,0,,N,bumgm001,whita001,SFN
COL201109170,COL,SFN,0,0,,N,joaqw001,streh001,SFN
COL201109180,COL,SFN,0,2,,D,cainm001,rogee002,SFN
COL201109190,COL,SDN,0,0,,N,luebc001,millk004,SDN
COL201109200,COL,SDN,0,1,,N,latom001,chacj001,SDN
COL201109210,COL,SDN,0,4,,D,bassa001,cooka002,SDN
DET201104080,DET,KCA,4,0,,D,schem001,davik002,DET
DET201104090,DET,KCA,0,0,,D,chenb001,cokep001,KCA
DET201104100,DET,KCA,0,0,,D,hochl001,porcr001,KCA
DET201104110,DET,TEX,0,0,,D,ogana001,verlj001,TEX
DET201104120,DET,TEX,1,1,,D,valvj001,odayd001,DET
DET201104130,DET,TEX,0,0,,D,valvj001,olivd001,DET
DET201104220,DET,CHA,0,0,,N,verlj001,buehm001,DET
DET201104230,DET,CHA,0,0,,D,pennb002,jacke001,DET
DET201104240,DET,CHA,0,0,,D,schem001,dankj001,DET
DET201104260,DET,SEA,1,0,,N,hernf002,cokep001,SEA
DET201104270,DET,SEA,1,3,,N,bedae001,verlj001,SEA
DET201104280,DET,SEA,0,0,,D,pinem001,pennb002,SEA
DET201105020,DET,NYA,0,2,,N,chamj002,valvj001,NYA
DET201105030,DET,NYA,2,0,,N,pennb002,sabac001,DET
DET201105040,DET,NYA,0,0,,N,schem001,garcf002,DET
DET201105050,DET,NYA,1,0,,D,porcr001,burna001,DET
DET201105130,DET,KCA,1,0,,N,verlj001,hochl001,DET
DET201105140,DET,KCA,3,0,,D,pennb002,franj003,DET
DET201105160,DET,TOR,1,0,,N,drabk001,benoj001,TOR
DET201105230,DET,TBA,0,0,,N,furbc001,hellj001,DET
DET201105240,DET,TBA,0,0,,N,albua001,ramoc001,DET
DET201105260,DET,BOS,0,0,,D,aceva001,schem001,BOS
DET201105270,DET,BOS,1,1,,N,waket001,porcr001,BOS
DET201105291,DET,BOS,0,1,,D,albem001,valvj001,BOS
DET201105292,DET,BOS,2,0,,N,verlj001,beckj002,DET
DET201105300,DET,MIN,2,0,,D,albua001,burna002,DET
DET201105310,DET,MIN,0,0,,N,albua001,dumap001,DET
DET201106010,DET,MIN,0,0,,N,porcr001,bakes002,DET
DET201106090,DET,SEA,0,0,,N,verlj001,fistd001,DET
DET201106100,DET,SEA,0,1,,N,ray-c001,pennb002,SEA
DET201106110,DET,SEA,2,0,,N,schem001,pinem001,DET
DET201106120,DET,SEA,0,0,,D,hernf002,porcr001,SEA
DET201106130,DET,TBA,0,0,,N,purcd001,farnk001,DET
DET201106140,DET,CLE,0,0,,N,verlj001,mastj001,DET
DET201106150,DET,CLE,3,0,,N,carmf001,furbc001,CLE
DET201106160,DET,CLE,2,2,,D,schem001,talbm001,DET
DET201106240,DET,ARI,2,0,,N,vasqe001,purcd001,ARI
DET201106250,DET,ARI,0,0,,N,verlj001,collj001,DET
DET201106260,DET,ARI,0,0,,D,albua001,heila001,DET
DET201106270,DET,TOR,0,0,,N,benoj001,rzepm001,DET
DET201106280,DET,NYN,0,2,,N,dickr001,porcr001,NYN
DET201106290,DET,NYN,0,4,,N,capuc001,cokep001,NYN
DET201106300,DET,NYN,0,0,,D,verlj001,pelfm001,DET
DET201107010,DET,SFN,0,0,,N,wilsb001,valvj001,SFN
DET201107020,DET,SFN,0,6,,N,zitob001,schem001,SFN
DET201107030,DET,SFN,0,0,,D,porcr001,affej001,DET
DET201107150,DET,CHA,0,0,,N,floyg001,verlj001,CHA
DET201107160,DET,CHA,0,0,,D,jacke001,schem001,CHA
DET201107170,DET,CHA,0,0,,D,pennb002,humbp001,DET
DET201107190,DET,OAK,0,0,,N,porcr001,moscg001,DET
DET201107200,DET,OAK,0,0,,N,devij001,purcd001,OAK
DET201107280,DET,ANA,0,0,,D,cassb001,pennb002,ANA
DET201107290,DET,ANA,1,1,,N,porcr001,chatt001,DET
DET201107300,DET,ANA,0,0,,D,hared001,turnj002,ANA
DET201107310,DET,ANA,0,0,,D,verlj001,weavj003,DET
DET201108020,DET,TEX,0,0,,N,benoj001,adamm001,DET
DET201108030,DET,TEX,0,0,,N,fistd001,harrm001,DET
DET201108040,DET,TEX,0,0,,D,ogana001,pennb002,TEX
DET201108150,DET,MIN,1,0,,N,lirif001,porcr001,MIN
DET201108160,DET,MIN,0,0,,N,verlj001,blacn001,DET
DET201108170,DET,MIN,0,0,,N,cappm001,valvj001,MIN
DET201108190,DET,CLE,0,0,,N,schem001,tomlj001,DET
DET201108200,DET,CLE,2,0,,N,fistd001,huffd001,DET
DET201108210,DET,CLE,0,0,,D,cokep001,jimeu001,DET
DET201108290,DET,KCA,0,1,,N,hochl001,schem001,KCA
DET201108300,DET,KCA,0,0,,N,benoj001,crowa001,DET
DET201108310,DET,KCA,1,0,,D,schld001,woodb004,DET
DET201109010,DET,KCA,0,0,,D,crowa001,cokep001,KCA
DET201109020,DET,CHA,3,0,,N,verlj001,dankj001,DET
DET201109030,DET,CHA,1,1,,D,martl003,sants001,DET
DET201109040,DET,CHA,1,0,,N,schem001,buehm001,DET
DET201109090,DET,MIN,0,4,,N,pennb002,slowk001,DET
DET201109100,DET,MIN,0,0,,D,albua001,perkg001,DET
DET201109110,DET,MIN,2,0,,D,fistd001,diams001,DET
DET201109220,DET,BAL,0,1,,N,britz001,pauld001,BAL
DET201109230,DET,BAL,2,1,,N,perrr001,eyrew001,DET
DET201109240,DET,BAL,0,1,,N,strop001,schld001,BAL
DET201109250,DET,BAL,2,0,,D,pennb002,matub001,DET
DET201109260,DET,CLE,0,0,,N,fistd001,jimeu001,DET
DET201109270,DET,CLE,3,0,,N,schem001,gomej002,DET
DET201109280,DET,CLE,0,0,,N,perrr001,pestv001,DET
FLO201104010,FLO,NYN,0,0,,N,johnj009,pelfm001,FLO
FLO201104020,FLO,NYN,2,0,,N,rodrf003,webbr001,NYN
FLO201104030,FLO,NYN,0,3,,D,dickr001,vazqj001,NYN
FLO201104050,FLO,WAS,0,1,,N,mujie001,stord001,FLO
FLO201104060,FLO,WAS,0,0,,N,sancb001,gaudc001,FLO
FLO201104070,FLO,WAS,2,0,,N,cofft001,mujie001,WAS
FLO201104190,FLO,PIT,0,0,,N,johnj009,mahop002,FLO
FLO201104200,FLO,PIT,0,0,,N,nolar001,mortc002,FLO
FLO201104210,FLO,PIT,0,0,,N,volsc001,mcdoj004,FLO
FLO201104220,FLO,COL,1,1,,N,sanca004,chacj001,FLO
FLO201104230,FLO,COL,0,1,,N,hammj002,vazqj001,COL
FLO201104240,FLO,COL,0,0,,D,dunnm002,belim001,FLO
FLO201104250,FLO,LAN,0,0,,N,sancb001,broxj001,FLO
FLO201104260,FLO,LAN,0,1,,N,volsc001,kersc001,FLO
FLO201104270,FLO,LAN,0,0,,D,guerm001,sancb001,LAN
FLO201105060,FLO,WAS,0,0,,N,stord001,dunnm002,WAS
FLO201105070,FLO,WAS,0,2,,N,gorzt001,volsc001,WAS
FLO201105080,FLO,WAS,0,0,,D,sanca004,hernl003,FLO
FLO201105090,FLO,PHI,2,1,,N,blanj001,vazqj001,PHI
FLO201105100,FLO,PHI,0,0,,N,dunnm002,hallr001,FLO
FLO201105110,FLO,PHI,1,0,,N,kendk001,nunel001,PHI
FLO201105180,FLO,CHN,1,0,,N,samaj001,mujie001,CHN
FLO201105190,FLO,CHN,0,0,,N,colec001,volsc001,CHN
FLO201105200,FLO,TBA,1,2,,N,dunnm002,peraj002,FLO
FLO201105210,FLO,TBA,2,0,,D,vazqj001,pricd001,FLO
FLO201105220,FLO,TBA,0,0,,D,shiej002,buenj001,TBA
FLO201106030,FLO,MIL,0,2,,N,mcclm001,nunel001,MIL
FLO201106040,FLO,MIL,1,0,,N,gally001,volsc001,MIL
FLO201106050,FLO,MIL,0,0,,D,dillt001,dunnm002,MIL
FLO201106060,FLO,MIL,1,1,,N,greiz001,vazqj001,MIL
FLO201106070,FLO,ATL,0,0,,N,hanst001,handb001,ATL
FLO201106080,FLO,ATL,0,1,,N,kimbc001,dunnm002,ATL
FLO201106090,FLO,ATL,0,0,,N,jurrj001,volsc001,ATL
FLO201106100,FLO,ARI,2,0,,N,sanca004,saunj001,FLO
FLO201106110,FLO,ARI,1,1,,N,kenni001,vazqj001,ARI
FLO201106120,FLO,ARI,0,2,,D,hudsd001,handb001,ARI
FLO201106130,FLO,ARI,0,4,,N,owinm001,nolar001,ARI
FLO201106200,FLO,ANA,0,0,,N,weavj003,cishs001,ANA
FLO201106210,FLO,ANA,1,0,,N,vazqj001,sante001,FLO
FLO201106220,FLO,ANA,1,0,,N,waldj001,badeb001,ANA
FLO201107040,FLO,PHI,0,0,,N,worlv001,nolar001,PHI
FLO201107050,FLO,PHI,0,0,,N,hamec001,volsc001,PHI
FLO201107060,FLO,PHI,0,0,,N,mujie001,baezd001,FLO
FLO201107070,FLO,HOU,0,0,,N,handb001,happj001,FLO
FLO201107080,FLO,HOU,2,2,,N,vazqj001,lylej001,FLO
FLO201107090,FLO,HOU,1,0,,N,nolar001,myerb001,FLO
FLO201107100,FLO,HOU,0,2,,D,volsc001,rodrw002,FLO
FLO201107190,FLO,SDN,0,2,,N,staut001,sanca004,SDN
FLO201107200,FLO,SDN,0,4,,N,haraa001,nolar001,SDN
FLO201107210,FLO,SDN,0,3,,D,mosed001,vazqj001,SDN
FLO201107220,FLO,NYN,1,3,,N,parnb001,mujie001,NYN
FLO201107230,FLO,NYN,0,0,,N,badeb001,capuc001,FLO
FLO201107240,FLO,NYN,1,1,,D,choar001,parnb001,FLO
FLO201108040,FLO,SLN,3,3,,N,mcclk001,hensc002,SLN
FLO201108050,FLO,SLN,0,0,,N,boggm001,sanca004,SLN
FLO201108060,FLO,SLN,0,2,,N,carpc002,nolar001,SLN
FLO201108070,FLO,SLN,0,0,,D,boggm001,dunnm002,SLN
FLO201108080,FLO,ATL,0,0,,N,lowed001,handb001,ATL
FLO201108090,FLO,ATL,0,0,,N,sherg001,mujie001,ATL
FLO201108100,FLO,ATL,0,2,,N,hudst001,sanca004,ATL
FLO201108120,FLO,SFN,2,1,,N,nolar001,cainm001,FLO
FLO201108130,FLO,SFN,0,1,,N,linct001,vazqj001,SFN
FLO201108140,FLO,SFN,1,0,,D,voger001,volsc001,SFN
FLO201108230,FLO,CIN,0,0,,N,chapa001,nunel001,CIN
FLO201108241,FLO,CIN,0,0,,D,webbr001,arrej001,FLO
FLO201108242,FLO,CIN,0,2,,N,arrob001,volsc001,CIN
FLO201109020,FLO,PHI,1,1,,N,oswar001,handb001,PHI
FLO201109030,FLO,PHI,0,0,,N,mujie001,basta001,FLO
FLO201109040,FLO,PHI,1,0,,D,hensc002,hernd003,FLO
FLO201109050,FLO,NYN,2,0,,N,vazqj001,capuc001,FLO
FLO201109060,FLO,NYN,0,0,,N,igarr001,cedaj001,NYN
FLO201109070,FLO,NYN,0,1,,N,dickr001,handb001,NYN
FLO201109190,FLO,ATL,1,0,,N,hensc002,kimbc001,FLO
FLO201109200,FLO,ATL,0,0,,N,delgr001,sanca004,ATL
FLO201109210,FLO,ATL,0,0,,N,vazqj001,lowed001,FLO
FLO201109260,FLO,WAS,0,0,,N,sevea001,mujie001,WAS
FLO201109270,FLO,WAS,0,0,,N,vazqj001,slatd001,FLO
FLO201109280,FLO,WAS,0,0,,D,stras001,volsc001,WAS
HOU201104080,HOU,FLO,0,0,,N,nolar001,lopew001,FLO
HOU201104090,HOU,FLO,1,0,,N,vazqj001,abadf001,FLO
HOU201104100,HOU,FLO,1,1,,D,happj001,sanca004,HOU
HOU201104110,HOU,CHN,0,2,,N,dempr002,figun001,CHN
HOU201104120,HOU,CHN,3,0,,N,myerb001,russj003,HOU
HOU201104130,HOU,CHN,0,5,,N,zambc001,rodrw002,CHN
HOU201104140,HOU,SDN,0,0,,N,norrb001,mosed001,HOU
HOU201104150,HOU,SDN,0,0,,N,haraa001,happj001,SDN
HOU201104160,HOU,SDN,1,2,,N,melam001,latom001,HOU
HOU201104170,HOU,SDN,0,0,,D,friee001,melam001,SDN
HOU201104260,HOU,SLN,0,0,,N,lyonb003,boggm001,HOU
HOU201104270,HOU,SLN,0,0,,N,lohsk001,happj001,SLN
HOU201104280,HOU,SLN,0,0,,N,mcclk001,abadf001,SLN
HOU201104290,HOU,MIL,0,2,,N,marcs001,myerb001,MIL
HOU201104300,HOU,MIL,1,0,,N,lyonb003,loe-k001,HOU
HOU201105010,HOU,MIL,0,0,,D,norrb001,narvc001,HOU
HOU201105090,HOU,CIN,0,0,,N,woodt004,rodra002,CIN
HOU201105100,HOU,CIN,0,4,,N,bailh001,myerb001,CIN
HOU201105110,HOU,CIN,0,0,,D,melam001,leakm001,HOU
HOU201105130,HOU,NYN,0,0,,N,miscp001,fulcj001,NYN
HOU201105140,HOU,NYN,4,0,,D,happj001,dickr001,HOU
HOU201105150,HOU,NYN,0,0,,D,capuc001,rodra002,NYN
HOU201105230,HOU,LAN,0,0,,N,fulcj001,jansk001,HOU
HOU201105240,HOU,LAN,0,0,,N,billc001,happj001,LAN
HOU201105250,HOU,LAN,1,0,,D,melam001,guerm001,HOU
HOU201105270,HOU,ARI,2,0,,N,hudsd001,lopew001,ARI
HOU201105280,HOU,ARI,0,0,,N,dukez001,norrb001,ARI
HOU201105290,HOU,ARI,0,0,,D,heila001,fulcj001,ARI
HOU201106070,HOU,SLN,2,2,,N,westj001,myerb001,SLN
HOU201106080,HOU,SLN,0,0,,N,norrb001,garcj004,HOU
HOU201106090,HOU,SLN,1,1,,N,lynnl001,happj001,SLN
HOU201106100,HOU,ATL,0,1,,N,hudst001,rodra002,ATL
HOU201106110,HOU,ATL,2,0,,N,lines001,lyonb003,ATL
HOU201106120,HOU,ATL,0,2,,D,hanst001,myerb001,ATL
HOU201106130,HOU,ATL,0,0,,N,rodrw002,lowed001,HOU
HOU201106140,HOU,PIT,0,0,,N,karsj001,norrb001,PIT
HOU201106150,HOU,PIT,0,1,,N,mortc002,delre001,PIT
HOU201106160,HOU,PIT,0,3,,D,mcdoj004,lylej001,PIT
HOU201106240,HOU,TBA,0,0,,N,shiej002,rodrw002,TBA
HOU201106250,HOU,TBA,0,1,,N,daviw001,norrb001,TBA
HOU201106260,HOU,TBA,1,3,,D,howej003,lopew001,TBA
HOU201106280,HOU,TEX,1,0,,N,wilsc004,lylej001,TEX
HOU201106290,HOU,TEX,0,2,,N,lewic001,myerb001,TEX
HOU201106300,HOU,TEX,0,0,,N,rodrw002,harrm001,HOU
HOU201107010,HOU,BOS,1,1,,N,wheed001,escas001,BOS
HOU201107020,HOU,BOS,1,3,,N,milla002,happj001,BOS
HOU201107030,HOU,BOS,0,0,,D,beckj002,melam001,BOS
HOU201107150,HOU,PIT,0,1,,N,karsj001,myerb001,PIT
HOU201107160,HOU,PIT,0,0,,N,escas001,veraj001,HOU
HOU201107170,HOU,PIT,1,0,,D,leroc001,melam001,PIT
HOU201107180,HOU,WAS,0,0,,N,marqj001,lylej001,WAS
HOU201107190,HOU,WAS,0,0,,N,happj001,zimmj003,HOU
HOU201107200,HOU,WAS,1,0,,D,lopew001,cofft001,HOU
HOU201108010,HOU,CIN,0,0,,N,melam001,ondrl001,HOU
HOU201108020,HOU,CIN,0,0,,N,bailh001,rodrw002,CIN
HOU201108030,HOU,CIN,2,0,,N,lylej001,massn001,HOU
HOU201108050,HOU,MIL,0,3,,N,gally001,happj001,MIL
HOU201108060,HOU,MIL,0,3,,N,narvc001,myerb001,MIL
HOU201108070,HOU,MIL,0,2,,D,greiz001,norrb001,MIL
HOU201108150,HOU,CHN,0,2,,N,loper001,sosah001,CHN
HOU201108160,HOU,CHN,1,2,,N,rodra002,marmc001,HOU
HOU201108170,HOU,CHN,0,0,,D,norrb001,colec001,HOU
HOU201108190,HOU,SFN,0,0,,N,rodrw002,voger001,HOU
HOU201108200,HOU,SFN,1,0,,N,lylej001,bumgm001,HOU
HOU201108210,HOU,SFN,0,0,,D,affej001,melam001,SFN
HOU201108290,HOU,PIT,0,0,,N,rodrw002,grilj001,HOU
HOU201108300,HOU,PIT,0,0,,N,sosah001,mortc002,HOU
HOU201108310,HOU,PIT,0,0,,N,happj001,mcdoj004,HOU
HOU201109020,HOU,MIL,0,0,,N,greiz001,rodra002,MIL
HOU201109030,HOU,MIL,0,1,,N,narvc001,norrb001,MIL
HOU201109040,HOU,MIL,0,1,,D,marcs001,rodrw002,MIL
HOU201109120,HOU,PHI,0,0,,N,myerb001,oswar001,HOU
HOU201109130,HOU,PHI,1,0,,N,happj001,hamec001,HOU
HOU201109140,HOU,PHI,0,1,,D,hallr001,norrb001,PHI
HOU201109220,HOU,COL,0,0,,N,sosah001,whita001,HOU
HOU201109230,HOU,COL,5,1,,N,myerb001,pomed001,HOU
HOU201109240,HOU,COL,1,0,,N,reynm002,lylej001,COL
HOU201109250,HOU,COL,0,0,,D,millk004,harrl002,COL
HOU201109260,HOU,SLN,0,0,,N,melam001,doteo001,HOU
HOU201109270,HOU,SLN,0,0,,N,sance001,delre001,SLN
HOU201109280,HOU,SLN,0,5,,N,carpc002,myerb001,SLN
KCA201103310,KCA,ANA,0,0,,D,weavj003,hochl001,ANA
KCA201104010,KCA,ANA,0,1,,N,sorij001,kohnm001,KCA
KCA201104020,KCA,ANA,0,0,,D,crowa001,jepsk001,KCA
KCA201104030,KCA,ANA,2,0,,D,collt001,bulgj001,KCA
KCA201104050,KCA,CHA,2,4,,N,jeffj001,penat003,KCA
KCA201104060,KCA,CHA,2,0,,D,salec001,osuls001,CHA
KCA201104140,KCA,SEA,0,0,,N,chenb001,fistd001,KCA
KCA201104150,KCA,SEA,1,1,,N,hochl001,bedae001,KCA
KCA201104160,KCA,SEA,0,0,,D,osuls001,hernf002,KCA
KCA201104170,KCA,SEA,0,0,,D,pinem001,franj003,SEA
KCA201104180,KCA,CLE,0,1,,N,smitj002,collt001,CLE
KCA201104190,KCA,CLE,0,0,,N,chenb001,gomej002,KCA
KCA201104200,KCA,CLE,2,0,,N,mastj001,hochl001,CLE
KCA201104210,KCA,CLE,0,0,,N,crowa001,perec002,KCA
KCA201104290,KCA,MIN,0,0,,N,woodb004,burna002,KCA
KCA201104300,KCA,MIN,0,2,,N,adcon001,duenb001,KCA
KCA201105010,KCA,MIN,0,0,,D,hochl001,pavac001,KCA
KCA201105030,KCA,BAL,0,0,,N,collt001,berkj001,KCA
KCA201105040,KCA,BAL,0,1,,N,arrij001,davik002,BAL
KCA201105050,KCA,BAL,4,1,,D,chenb001,tillc001,KCA
KCA201105060,KCA,OAK,1,0,,N,gonzg003,osuls001,OAK
KCA201105070,KCA,OAK,0,0,,N,sorij001,mccab001,KCA
KCA201105080,KCA,OAK,0,2,,D,rosst001,franj003,OAK
KCA201105160,KCA,CLE,0,2,,N,tomlj001,davik002,CLE
KCA201105170,KCA,CLE,0,3,,N,carrc003,osuls001,CLE
KCA201105180,KCA,TEX,0,0,,N,rhoda001,jeffj001,TEX
KCA201105190,KCA,TEX,0,0,,N,hollg001,olivd001,KCA
KCA201105200,KCA,SLN,0,0,,N,franj003,carpc002,KCA
KCA201105210,KCA,SLN,0,0,,D,westj001,collt001,SLN
KCA201105220,KCA,SLN,0,0,,D,mottj001,colel001,SLN
KCA201105300,KCA,ANA,3,1,,D,jepsk001,sorij001,ANA
KCA201105310,KCA,ANA,0,2,,N,franj003,pinej001,KCA
KCA201106010,KCA,ANA,0,0,,D,collt001,downs001,KCA
KCA201106020,KCA,MIN,1,1,,N,swara001,osuls001,MIN
KCA201106030,KCA,MIN,0,0,,N,pavac001,duffd001,MIN
KCA201106040,KCA,MIN,0,0,,N,blacn001,hochl001,MIN
KCA201106050,KCA,MIN,0,3,,D,duenb001,franj003,MIN
KCA201106060,KCA,TOR,0,0,,N,sorij001,franf001,KCA
KCA201106070,KCA,TOR,1,3,,N,drabk001,mazzv001,TOR
KCA201106080,KCA,TOR,0,1,,N,villc001,duffd001,TOR
KCA201106090,KCA,TOR,0,0,,D,hochl001,romer002,KCA
KCA201106210,KCA,ARI,1,0,,N,saunj001,hochl001,ARI
KCA201106220,KCA,ARI,0,0,,N,kenni001,franj003,ARI
KCA201106230,KCA,ARI,0,2,,N,hudsd001,paulf001,ARI
KCA201106240,KCA,CHN,0,1,,N,marss002,crowa001,CHN
KCA201106250,KCA,CHN,0,0,,N,hollg001,samaj001,KCA
KCA201106260,KCA,CHN,4,0,,D,hochl001,wellr001,KCA
KCA201107070,KCA,DET,0,0,,N,schem001,duffd001,DET
KCA201107080,KCA,DET,2,2,,N,porcr001,davik002,DET
KCA201107090,KCA,DET,1,0,,N,hollg001,furbc001,KCA
KCA201107100,KCA,DET,0,0,,D,verlj001,franj003,DET
KCA201107180,KCA,CHA,0,1,,N,buehm001,davik002,CHA
KCA201107190,KCA,CHA,0,2,,N,duffd001,peavj001,KCA
KCA201107200,KCA,CHA,0,0,,N,crowa001,salec001,KCA
KCA201107220,KCA,TBA,3,1,,N,hochl001,daviw001,KCA
KCA201107230,KCA,TBA,0,1,,N,sorij001,gomeb001,KCA
KCA201107240,KCA,TBA,0,0,,D,cobba001,paulf001,TBA
KCA201108020,KCA,BAL,1,0,,N,simoa001,chenb001,BAL
KCA201108030,KCA,BAL,1,1,,N,hochl001,guthj001,KCA
KCA201108040,KCA,BAL,3,0,,N,woodb004,britz001,KCA
KCA201108050,KCA,DET,0,2,,N,schld001,crowa001,DET
KCA201108060,KCA,DET,0,2,,N,verlj001,duffd001,DET
KCA201108070,KCA,DET,0,0,,D,chenb001,schem001,KCA
KCA201108150,KCA,NYA,0,0,,N,burna001,paulf001,NYA
KCA201108160,KCA,NYA,2,0,,N,novai001,duffd001,NYA
KCA201108170,KCA,NYA,0,1,,N,chenb001,colob001,KCA
KCA201108180,KCA,BOS,1,0,,N,beckj002,hochl001,BOS
KCA201108190,KCA,BOS,0,0,,N,milla002,franj003,BOS
KCA201108200,KCA,BOS,0,0,,N,paulf001,albem001,KCA
KCA201108210,KCA,BOS,0,0,,D,lestj001,duffd001,BOS
KCA201109020,KCA,CLE,0,2,,N,mastj001,chenb001,CLE
KCA201109030,KCA,CLE,2,1,,N,hochl001,huffd001,KCA
KCA201109040,KCA,CLE,0,1,,D,gomej002,franj003,CLE
KCA201109130,KCA,MIN,0,0,,N,chenb001,pavac001,KCA
KCA201109140,KCA,MIN,0,0,,D,hochl001,hendl001,KCA
KCA201109150,KCA,CHA,2,0,,N,franj003,buehm001,KCA
KCA201109160,KCA,CHA,2,1,,N,hollg001,thorm001,KCA
KCA201109170,KCA,CHA,0,0,,N,teafe001,stewz001,KCA
KCA201109180,KCA,CHA,0,0,,D,dankj001,chenb001,CHA
KCA201109200,KCA,DET,1,0,,N,mendl001,pennb002,KCA
KCA201109210,KCA,DET,2,1,,N,fistd001,herrk001,DET
LAN201103310,LAN,SFN,0,0,,N,kersc001,linct001,LAN
LAN201104010,LAN,SFN,0,0,,N,billc001,sancj002,LAN
LAN201104020,LAN,SFN,0,0,,D,cainm001,lillt001,SFN
LAN201104030,LAN,SFN,3,0,,N,kuroh001,runzd001,LAN
LAN201104140,LAN,SLN,1,0,,N,garcj004,kuroh001,SLN
LAN201104150,LAN,SLN,0,0,,N,lohsk001,garlj001,SLN
LAN201104160,LAN,SLN,0,0,,N,mcclk001,kersc001,SLN
LAN201104170,LAN,SLN,0,0,,D,broxj001,franr001,LAN
LAN201104180,LAN,ATL,3,0,,N,lillt001,hudst001,LAN
LAN201104190,LAN,ATL,0,0,,N,beacb001,kuroh001,ATL
LAN201104200,LAN,ATL,2,0,,N,garlj001,lowed001,LAN
LAN201104210,LAN,ATL,0,0,,D,guerm001,martc005,LAN
LAN201104290,LAN,SDN,1,0,,N,lillt001,richc002,LAN
LAN201104300,LAN,SDN,0,0,,N,gregl001,guerm001,SDN
LAN201105010,LAN,SDN,0,0,,D,mosed001,garlj001,SDN
LAN201105020,LAN,CHN,0,1,,N,kersc001,russj003,LAN
LAN201105030,LAN,CHN,0,0,,N,woodk002,broxj001,CHN
LAN201105040,LAN,CHN,0,0,,D,zambc001,lillt001,CHN
LAN201105130,LAN,ARI,0,0,,N,kersc001,saunj001,LAN
LAN201105140,LAN,ARI,0,0,,D,collj001,billc001,ARI
LAN201105150,LAN,ARI,0,0,,D,kenni001,lillt001,ARI
LAN201105160,LAN,MIL,0,0,,N,marcs001,garlj001,MIL
LAN201105170,LAN,MIL,2,0,,N,kuroh001,wolfr001,LAN
LAN201105180,LAN,SFN,0,0,,N,wilsb001,corml001,SFN
LAN201105190,LAN,SFN,0,0,,N,bumgm001,billc001,SFN
LAN201105270,LAN,FLO,0,0,,N,delar003,hensc002,LAN
LAN201105280,LAN,FLO,0,2,,N,mujie001,kuroh001,FLO
LAN201105290,LAN,FLO,0,0,,D,kersc001,nolar001,LAN
LAN201105300,LAN,COL,0,0,,N,billc001,hammj002,LAN
LAN201105310,LAN,COL,2,0,,N,lillt001,mortc003,LAN
LAN201106010,LAN,COL,0,0,,N,jimeu001,garlj001,COL
LAN201106130,LAN,CIN,1,0,,N,arrob001,kuroh001,CIN
LAN201106140,LAN,CIN,1,0,,N,cuetj001,hawkb001,CIN
LAN201106150,LAN,CIN,1,0,,D,woodt004,billc001,CIN
LAN201106170,LAN,HOU,1,0,,N,myerb001,lillt001,HOU
LAN201106180,LAN,HOU,0,0,,N,rodrw002,delar003,HOU
LAN201106190,LAN,HOU,0,0,,D,guerm001,lopew001,LAN
LAN201106200,LAN,DET,1,0,,N,kersc001,pennb002,LAN
LAN201106210,LAN,DET,0,0,,N,billc001,schem001,LAN
LAN201106220,LAN,DET,2,1,,D,albua001,lillt001,DET
LAN201106240,LAN,ANA,2,0,,N,hared001,delar003,ANA
LAN201106250,LAN,ANA,0,0,,D,chatt001,kuroh001,ANA
LAN201106260,LAN,ANA,0,0,,D,kersc001,waldj001,LAN
LAN201107040,LAN,NYN,0,0,,N,capuc001,delar003,NYN
LAN201107050,LAN,NYN,0,0,,N,pelfm001,lillt001,NYN
LAN201107060,LAN,NYN,0,0,,N,niesj001,kuroh001,NYN
LAN201107070,LAN,NYN,0,0,,N,kersc001,gee-d001,LAN
LAN201107080,LAN,SDN,0,0,,N,billc001,latom001,LAN
LAN201107090,LAN,SDN,0,0,,D,hawkb001,gregl001,LAN
LAN201107100,LAN,SDN,0,0,,D,lillt001,staut001,LAN
LAN201107220,LAN,WAS,0,1,,N,lannj001,kuroh001,WAS
LAN201107230,LAN,WAS,1,3,,N,guerj002,mattr001,LAN
LAN201107240,LAN,WAS,2,1,,D,billc001,marqj001,LAN
LAN201107250,LAN,COL,0,0,,N,delar003,nicaj001,LAN
LAN201107260,LAN,COL,0,0,,N,kersc001,chacj001,LAN
LAN201107270,LAN,COL,0,0,,N,cooka002,kuroh001,COL
LAN201107290,LAN,ARI,0,0,,N,lillt001,collj001,LAN
LAN201107300,LAN,ARI,0,0,,N,owinm001,billc001,ARI
LAN201107310,LAN,ARI,0,0,,D,saunj001,delar003,ARI
LAN201108080,LAN,PHI,0,1,,N,hallr001,kuroh001,PHI
LAN201108090,LAN,PHI,0,0,,N,lee-c003,lillt001,PHI
LAN201108100,LAN,PHI,5,0,,D,kendk001,hawkb001,PHI
LAN201108120,LAN,HOU,0,0,,N,lindj004,carpd001,LAN
LAN201108130,LAN,HOU,3,0,,N,kersc001,rodrw002,LAN
LAN201108140,LAN,HOU,0,0,,D,kuroh001,lylej001,LAN
LAN201108260,LAN,COL,0,1,,N,lillt001,rogee002,LAN
LAN201108270,LAN,COL,0,0,,D,macdm001,hammj002,LAN
LAN201108280,LAN,COL,1,5,,D,chacj001,eovan001,COL
LAN201108290,LAN,SDN,1,0,,N,kersc001,latom001,LAN
LAN201108300,LAN,SDN,0,0,,N,kuroh001,staut001,LAN
LAN201108310,LAN,SDN,1,0,,D,lillt001,leblw001,LAN
LAN201109120,LAN,ARI,1,0,,N,saunj001,lillt001,ARI
LAN201109130,LAN,ARI,4,2,,N,owinm001,guerj002,ARI
LAN201109140,LAN,ARI,2,0,,N,kersc001,hudsd001,LAN
LAN201109150,LAN,PIT,1,0,,N,ohler001,eveld001,PIT
LAN201109160,LAN,PIT,0,0,,N,kuroh001,lockj001,LAN
LAN201109170,LAN,PIT,3,0,,N,lillt001,mcdoj004,LAN
LAN201109180,LAN,PIT,3,0,,D,billc001,lincb001,LAN
LAN201109200,LAN,SFN,1,0,,N,kersc001,linct001,LAN
LAN201109210,LAN,SFN,0,3,,N,voger001,eveld001,SFN
LAN201109220,LAN,SFN,2,1,,N,kuroh001,bumgm001,LAN
MIL201104040,MIL,ATL,0,0,,D,moylp001,saitt001,ATL
MIL201104050,MIL,ATL,0,0,,N,gally001,lowed001,MIL
MIL201104060,MIL,ATL,2,1,,N,estrm001,minom001,MIL
MIL201104070,MIL,ATL,2,0,,D,marcs001,hanst001,MIL
MIL201104080,MIL,CHN,0,0,,N,zambc001,wolfr001,CHN
MIL201104090,MIL,CHN,2,0,,N,narvc001,garzm001,MIL
MIL201104100,MIL,CHN,2,2,,D,loe-k001,woodk002,MIL
MIL201104220,MIL,HOU,0,0,,N,gally001,figun001,MIL
MIL201104230,MIL,HOU,0,3,,N,lyonb003,grees004,HOU
MIL201104240,MIL,HOU,0,0,,D,wolfr001,rodrw002,MIL
MIL201104250,MIL,CIN,0,0,,N,arrob001,narvc001,CIN
MIL201104260,MIL,CIN,0,0,,N,loe-k001,ondrl001,MIL
MIL201104270,MIL,CIN,0,4,,D,chapa001,mitrs001,CIN
MIL201105090,MIL,SDN,1,0,,N,greiz001,latom001,MIL
MIL201105100,MIL,SDN,0,0,,N,marcs001,richc002,MIL
MIL201105110,MIL,SDN,0,3,,D,qualc001,loe-k001,SDN
MIL201105130,MIL,PIT,0,0,,N,gally001,mcdoj004,MIL
MIL201105140,MIL,PIT,0,0,,D,narvc001,karsj001,MIL
MIL201105150,MIL,PIT,4,0,,D,greiz001,corrk001,MIL
MIL201105200,MIL,COL,1,0,,N,mcclm001,paulf001,MIL
MIL201105210,MIL,COL,2,1,,N,marcs001,mortc003,MIL
MIL201105220,MIL,COL,0,0,,D,wolfr001,jimeu001,MIL
MIL201105230,MIL,WAS,3,0,,N,gally001,gorzt001,MIL
MIL201105240,MIL,WAS,2,0,,N,mcclm001,rodrh002,MIL
MIL201105250,MIL,WAS,2,0,,D,greiz001,marqj001,MIL
MIL201105270,MIL,SFN,0,0,,N,linct001,marcs001,SFN
MIL201105280,MIL,SFN,1,0,,D,axfoj001,motag001,MIL
MIL201105290,MIL,SFN,2,0,,D,gally001,cainm001,MIL
MIL201106070,MIL,NYN,0,0,,N,capuc001,estrm001,NYN
MIL201106080,MIL,NYN,0,0,,N,axfoj001,thayd001,MIL
MIL201106090,MIL,NYN,0,0,,N,niesj001,gally001,NYN
MIL201106100,MIL,SLN,0,0,,N,narvc001,lohsk001,MIL
MIL201106110,MIL,SLN,0,0,,N,greiz001,carpc002,MIL
MIL201106120,MIL,SLN,0,0,,D,marcs001,westj001,MIL
MIL201106200,MIL,TBA,0,1,,N,niemj001,narvc001,TBA
MIL201106210,MIL,TBA,1,0,,N,greiz001,hellj001,MIL
MIL201106220,MIL,TBA,2,0,,D,pricd001,estrm001,TBA
MIL201106240,MIL,MIN,0,0,,N,wolfr001,bakes002,MIL
MIL201106250,MIL,MIN,0,0,,N,gally001,lirif001,MIL
MIL201106260,MIL,MIN,0,0,,D,narvc001,pavac001,MIL
MIL201107040,MIL,ARI,0,0,,D,demes001,axfoj001,ARI
MIL201107050,MIL,ARI,1,4,,N,dukez001,wolfr001,ARI
MIL201107060,MIL,ARI,0,1,,D,gally001,patej001,MIL
MIL201107070,MIL,CIN,0,0,,N,narvc001,bailh001,MIL
MIL201107080,MIL,CIN,0,2,,N,estrm001,cordf002,MIL
MIL201107090,MIL,CIN,2,0,,N,brayb001,estrm001,CIN
MIL201107100,MIL,CIN,1,1,,D,loe-k001,cordf002,MIL
MIL201107260,MIL,CHN,3,2,,N,narvc001,dempr002,MIL
MIL201107270,MIL,CHN,0,0,,N,greiz001,zambc001,MIL
MIL201107280,MIL,CHN,2,1,,D,marcs001,wellr001,MIL
MIL201107290,MIL,HOU,0,0,,N,wolfr001,lylej001,MIL
MIL201107300,MIL,HOU,1,0,,N,gally001,happj001,MIL
MIL201107310,MIL,HOU,0,0,,D,rodrf003,rodrf004,MIL
MIL201108010,MIL,SLN,0,2,,N,greiz001,carpc002,MIL
MIL201108020,MIL,SLN,2,0,,N,mcclk001,estrm001,SLN
MIL201108030,MIL,SLN,3,1,,D,wolfr001,jacke001,MIL
MIL201108120,MIL,PIT,0,0,,N,greiz001,mahop002,MIL
MIL201108130,MIL,PIT,0,0,,D,estrm001,corrk001,MIL
MIL201108140,MIL,PIT,0,1,,D,saitt001,resoc001,MIL
MIL201108150,MIL,LAN,0,0,,N,wolfr001,lillt001,MIL
MIL201108160,MIL,LAN,0,0,,N,saitt001,kuo-h001,MIL
MIL201108170,MIL,LAN,0,0,,N,greiz001,eovan001,MIL
MIL201108180,MIL,LAN,0,0,,D,kersc001,estrm001,LAN
MIL201108260,MIL,CHN,0,1,,N,wolfr001,loper001,MIL
MIL201108270,MIL,CHN,3,0,,N,gally001,dempr002,MIL
MIL201108280,MIL,CHN,1,0,,D,greiz001,colec001,MIL
MIL201108300,MIL,SLN,0,0,,N,jacke001,marcs001,SLN
MIL201108310,MIL,SLN,1,2,,N,westj001,wolfr001,SLN
MIL201109010,MIL,SLN,0,2,,D,doteo001,gally001,SLN
MIL201109080,MIL,PHI,0,0,,N,hamec001,narvc001,PHI
MIL201109090,MIL,PHI,0,3,,N,hallr001,marcs001,PHI
MIL201109100,MIL,PHI,0,1,,N,stutm001,hawkl001,PHI
MIL201109110,MIL,PHI,0,0,,D,gally001,worlv001,MIL
MIL201109130,MIL,COL,0,0,,N,loe-k001,lindm001,MIL
MIL201109140,MIL,COL,1,0,,N,millk004,marcs001,COL
MIL201109230,MIL,FLO,0,0,,N,rodrf003,hensc002,MIL
MIL201109240,MIL,FLO,1,1,,N,hawkl001,badeb001,MIL
MIL201109250,MIL,FLO,0,1,,D,narvc001,nolar001,MIL
MIL201109260,MIL,PIT,1,1,,N,mccud001,saitt001,PIT
MIL201109270,MIL,PIT,0,0,,N,hawkl001,hughj001,MIL
MIL201109280,MIL,PIT,0,0,,N,greiz001,lockj001,MIL
MIN201104080,MIN,OAK,0,1,,D,pavac001,andeb004,MIN
MIN201104090,MIN,OAK,0,0,,N,gonzg003,blacn001,OAK
MIN201104100,MIN,OAK,0,0,,D,mccab001,bakes002,OAK
MIN201104120,MIN,KCA,0,0,,N,hughd001,tejer001,MIN
MIN201104130,MIN,KCA,1,0,,D,davik002,lirif001,KCA
MIN201104230,MIN,CLE,0,0,,D,duenb001,carmf001,MIN
MIN201104240,MIN,CLE,0,0,,D,pavac001,perer002,MIN
MIN201104270,MIN,TBA,0,4,,N,daviw001,lirif001,TBA
MIN201104281,MIN,TBA,0,2,,D,hellj001,blacn001,TBA
MIN201104282,MIN,TBA,0,0,,N,niemj001,swara001,TBA
MIN201105100,MIN,DET,0,0,,N,porcr001,lirif001,DET
MIN201105110,MIN,DET,0,1,,D,benoj001,cappm001,DET
MIN201105130,MIN,TOR,0,0,,N,romer002,burna002,TOR
MIN201105140,MIN,TOR,2,1,,D,raucj001,perkg001,TOR
MIN201105150,MIN,TOR,0,2,,D,morrb001,duenb001,TOR
MIN201105230,MIN,SEA,1,2,,N,wrigj001,swara001,SEA
MIN201105240,MIN,SEA,1,0,,N,blacn001,fistd001,MIN
MIN201105250,MIN,SEA,0,0,,D,bedae001,duenb001,SEA
MIN201105270,MIN,ANA,1,0,,N,downs001,hoeyj001,ANA
MIN201105280,MIN,ANA,0,0,,N,burna002,takah001,MIN
MIN201105290,MIN,ANA,1,0,,D,hared001,pavac001,ANA
MIN201106090,MIN,TEX,0,1,,N,hoeyj001,lowem002,MIN
MIN201106100,MIN,TEX,0,0,,N,wilsc004,duenb001,TEX
MIN201106110,MIN,TEX,5,0,,D,bakes002,lewic001,MIN
MIN201106120,MIN,TEX,1,0,,D,lirif001,harrm001,MIN
MIN201106150,MIN,CHA,0,0,,N,pavac001,floyg001,MIN
MIN201106160,MIN,CHA,0,0,,D,blacn001,buehm001,MIN
MIN201106170,MIN,SDN,5,0,,N,duenb001,richc002,MIN
MIN201106180,MIN,SDN,0,0,,N,bakes002,staut001,MIN
MIN201106190,MIN,SDN,1,0,,D,burna002,qualc001,MIN
MIN201106270,MIN,LAN,0,2,,N,billc001,blacn001,LAN
MIN201106280,MIN,LAN,1,0,,N,duenb001,lillt001,MIN
MIN201106290,MIN,LAN,1,0,,D,bakes002,delar003,MIN
MIN201107010,MIN,MIL,3,1,,N,lirif001,gally001,MIN
MIN201107020,MIN,MIL,1,0,,N,saitt001,cappm001,MIL
MIN201107030,MIN,MIL,0,0,,D,dumap001,loe-k001,MIN
MIN201107040,MIN,TBA,0,0,,D,duenb001,pricd001,MIN
MIN201107050,MIN,TBA,1,0,,N,bakes002,shiej002,MIN
MIN201107060,MIN,TBA,0,0,,D,howej003,burna002,TBA
MIN201107140,MIN,KCA,0,2,,N,lirif001,chenb001,MIN
MIN201107150,MIN,KCA,0,0,,N,collt001,cappm001,KCA
MIN201107160,MIN,KCA,2,0,,N,perkg001,franj003,MIN
MIN201107170,MIN,KCA,1,1,,D,duenb001,paulf001,MIN
MIN201107181,MIN,CLE,0,0,,D,huffd001,swara001,CLE
MIN201107182,MIN,CLE,0,0,,N,carmf001,diams001,CLE
MIN201107190,MIN,CLE,0,0,,N,perkg001,perec002,MIN
MIN201107200,MIN,CLE,2,0,,D,cappm001,sippt001,MIN
MIN201107210,MIN,DET,0,0,,N,verlj001,pavac001,DET
MIN201107220,MIN,DET,0,1,,N,schem001,duenb001,DET
MIN201107230,MIN,DET,1,0,,D,bakes002,pennb002,MIN
MIN201107240,MIN,DET,0,0,,D,porcr001,lirif001,DET
MIN201108050,MIN,CHA,4,1,,N,buehm001,blacn001,CHA
MIN201108060,MIN,CHA,0,0,,N,stewz001,pavac001,CHA
MIN201108070,MIN,CHA,0,0,,D,peavj001,duenb001,CHA
MIN201108080,MIN,BOS,0,0,,N,aceva001,perkg001,BOS
MIN201108090,MIN,BOS,2,0,,N,albem001,cappm001,BOS
MIN201108100,MIN,BOS,1,0,,N,perkg001,lestj001,MIN
MIN201108180,MIN,NYA,0,0,,N,sabac001,duenb001,NYA
MIN201108190,MIN,NYA,1,0,,N,hughp001,slowk001,NYA
MIN201108200,MIN,NYA,2,0,,N,lirif001,burna001,MIN
MIN201108210,MIN,NYA,0,0,,D,novai001,dumap001,NYA
MIN201108220,MIN,BAL,0,0,,N,britz001,pavac001,BAL
MIN201108230,MIN,BAL,0,0,,N,simoa001,duenb001,BAL
MIN201108240,MIN,BAL,0,0,,N,guthj001,slowk001,BAL
MIN201108250,MIN,BAL,0,0,,D,reyej003,swara001,BAL
MIN201108260,MIN,DET,0,0,,N,porcr001,diams001,DET
MIN201108270,MIN,DET,0,0,,D,verlj001,pavac001,DET
MIN201108280,MIN,DET,2,0,,D,duenb001,pennb002,MIN
MIN201109051,MIN,CHA,0,0,,D,humbp001,swara001,CHA
MIN201109052,MIN,CHA,0,0,,N,stewz001,diams001,CHA
MIN201109060,MIN,CHA,0,0,,N,peavj001,hendl001,CHA
MIN201109070,MIN,CHA,0,0,,N,pavac001,dankj001,MIN
MIN201109160,MIN,CLE,0,0,,N,jimeu001,slowk001,CLE
MIN201109170,MIN,CLE,0,2,,D,gomej002,swara001,CLE
MIN201109180,MIN,CLE,0,0,,D,mastj001,pavac001,CLE
MIN201109200,MIN,SEA,2,2,,N,vargj001,duenb001,SEA
MIN201109210,MIN,SEA,1,0,,N,jimec002,slowk001,SEA
MIN201109220,MIN,SEA,0,1,,D,nathj001,delas001,MIN
MIN201109260,MIN,KCA,0,1,,N,paulf001,slowk001,KCA
MIN201109270,MIN,KCA,0,0,,N,swara001,osuls001,MIN
MIN201109280,MIN,KCA,0,0,,N,pavac001,woodb004,MIN
NYA201103310,NYA,DET,0,0,,D,chamj002,cokep001,NYA
NYA201104020,NYA,DET,3,0,,D,burna001,pennb002,NYA
NYA201104030,NYA,DET,0,2,,D,schem001,hughp001,DET
NYA201104040,NYA,MIN,2,0,,N,novai001,bakes002,NYA
NYA201104050,NYA,MIN,3,0,,N,cappm001,logab001,MIN
NYA201104070,NYA,MIN,0,0,,D,burna001,lirif001,NYA
NYA201104130,NYA,BAL,3,0,,N,burna001,tillc001,NYA
NYA201104140,NYA,BAL,0,0,,N,rivem002,gonzm001,NYA
NYA201104150,NYA,TEX,0,0,,N,harrm001,novai001,TEX
NYA201104160,NYA,TEX,2,0,,D,garcf002,holld003,NYA
NYA201104170,NYA,TEX,0,2,,N,sorir001,rhoda001,NYA
NYA201104250,NYA,CHA,0,0,,N,humbp001,burna001,CHA
NYA201104260,NYA,CHA,0,0,,N,floyg001,sorir001,CHA
NYA201104270,NYA,CHA,3,0,,N,colob001,buehm001,NYA
NYA201104280,NYA,CHA,0,0,,N,sabac001,jacke001,NYA
NYA201104290,NYA,TOR,0,0,,N,romer002,garcf002,TOR
NYA201104300,NYA,TOR,0,1,,D,burna001,drabk001,NYA
NYA201105010,NYA,TOR,1,0,,D,novai001,litsj001,NYA
NYA201105100,NYA,KCA,0,0,,N,garcf002,davik002,NYA
NYA201105110,NYA,KCA,0,0,,N,sorij001,carlb001,KCA
NYA201105120,NYA,KCA,0,0,,N,osuls001,novai001,KCA
NYA201105130,NYA,BOS,0,0,,N,buchc001,colob001,BOS
NYA201105140,NYA,BOS,0,0,,N,beckj002,sabac001,BOS
NYA201105150,NYA,BOS,1,0,,N,lestj001,garcf002,BOS
NYA201105200,NYA,NYN,0,0,,N,dickr001,garcf002,NYN
NYA201105210,NYA,NYN,0,2,,N,burna001,capuc001,NYA
NYA201105220,NYA,NYN,1,0,,D,ayall001,pelfm001,NYA
NYA201105230,NYA,TOR,0,1,,N,villc001,colob001,TOR
NYA201105240,NYA,TOR,0,0,,N,sabac001,franf001,NYA
NYA201105250,NYA,TOR,1,0,,D,garcf002,reyej003,NYA
NYA201106070,NYA,BOS,1,3,,N,lestj001,garcf002,BOS
NYA201106080,NYA,BOS,0,3,,N,waket001,burna001,BOS
NYA201106090,NYA,BOS,2,0,,N,beckj002,sabac001,BOS
NYA201106100,NYA,CLE,3,0,,N,novai001,carmf001,NYA
NYA201106110,NYA,CLE,0,0,,D,colob001,talbm001,NYA
NYA201106120,NYA,CLE,0,0,,D,garcf002,tomlj001,NYA
NYA201106130,NYA,CLE,0,0,,N,carrc003,burna001,CLE
NYA201106140,NYA,TEX,0,0,,N,sabac001,ogana001,NYA
NYA201106150,NYA,TEX,2,2,,N,novai001,holld003,NYA
NYA201106160,NYA,TEX,0,0,,D,wadec001,kirkm001,NYA
NYA201106240,NYA,COL,1,0,,N,jimeu001,burna001,COL
NYA201106250,NYA,COL,2,0,,D,sabac001,cooka002,NYA
NYA201106260,NYA,COL,0,0,,D,logab001,belim001,NYA
NYA201106280,NYA,MIL,2,0,,N,garcf002,greiz001,NYA
NYA201106290,NYA,MIL,0,1,,N,burna001,marcs001,NYA
NYA201106300,NYA,MIL,2,0,,D,sabac001,wolfr001,NYA
NYA201107070,NYA,TBA,0,1,,N,niemj001,colob001,TBA
NYA201107090,NYA,TBA,0,0,,D,robed002,peraj002,NYA
NYA201107100,NYA,TBA,0,0,,D,sabac001,shiej002,NYA
NYA201107220,NYA,OAK,0,1,,N,noesh001,cahit001,NYA
NYA201107230,NYA,OAK,0,0,,D,hardr001,burna001,OAK
NYA201107240,NYA,OAK,0,0,,D,colob001,gonzg003,NYA
NYA201107250,NYA,SEA,2,0,,N,garcf002,vargj001,NYA
NYA201107260,NYA,SEA,0,0,,N,sabac001,fistd001,NYA
NYA201107270,NYA,SEA,0,0,,D,hernf002,hughp001,SEA
NYA201107290,NYA,BAL,0,0,,N,guthj001,burna001,BAL
NYA201107301,NYA,BAL,0,0,,D,colob001,tillc001,NYA
NYA201107302,NYA,BAL,13,0,,N,novai001,britz001,NYA
NYA201107310,NYA,BAL,0,0,,D,garcf002,arrij001,NYA
NYA201108090,NYA,ANA,1,0,,N,downs001,rivem002,ANA
NYA201108100,NYA,ANA,3,0,,N,novai001,richg002,NYA
NYA201108110,NYA,ANA,0,0,,D,sorir001,rodnf001,NYA
NYA201108120,NYA,TBA,0,0,,N,pricd001,sabac001,TBA
NYA201108130,NYA,TBA,0,0,,D,hughp001,hellj001,NYA
NYA201108230,NYA,OAK,0,0,,N,mccab001,colob001,OAK
NYA201108240,NYA,OAK,0,1,,N,delof001,sorir001,OAK
NYA201108250,NYA,OAK,1,1,,D,logab001,delof001,NYA
NYA201109020,NYA,TOR,0,2,,N,novai001,morrb001,NYA
NYA201109030,NYA,TOR,0,0,,D,logab001,romer002,NYA
NYA201109040,NYA,TOR,1,0,,D,sabac001,cecib001,NYA
NYA201109050,NYA,BAL,2,1,,D,laffa001,johnj010,NYA
NYA201109060,NYA,BAL,0,0,,N,wadec001,huntt002,NYA
NYA201109070,NYA,BAL,2,1,,D,strop001,noesh001,BAL
NYA201109190,NYA,MIN,2,0,,D,wadec001,diams001,NYA
NYA201109200,NYA,TBA,0,0,,N,novai001,daviw001,NYA
NYA201109211,NYA,TBA,1,0,,D,ayall001,shiej002,NYA
NYA201109212,NYA,TBA,0,0,,N,robed002,mcgej001,NYA
NYA201109220,NYA,TBA,0,3,,N,moorm003,colob001,TBA
NYA201109240,NYA,BOS,0,0,,D,garcf002,lestj001,NYA
NYA201109251,NYA,BOS,2,0,,D,burna001,waket001,NYA
NYA201109252,NYA,BOS,3,0,,N,moraf001,procs001,BOS
NYN201104080,NYN,WAS,0,0,,D,zimmj003,dickr001,WAS
NYN201104090,NYN,WAS,2,0,,N,capuc001,gorzt001,NYN
NYN201104100,NYN,WAS,2,0,,D,stord001,boyeb001,WAS
NYN201104110,NYN,COL,1,0,,N,belim001,parnb001,COL
NYN201104130,NYN,COL,1,0,,N,rogee002,niesj001,COL
NYN201104141,NYN,COL,0,0,,D,reyng001,dickr001,COL
NYN201104142,NYN,COL,0,0,,D,delaj001,capuc001,COL
NYN201104190,NYN,HOU,0,1,,N,rodrw002,niesj001,HOU
NYN201104200,NYN,HOU,0,0,,N,melam001,dickr001,HOU
NYN201104210,NYN,HOU,0,0,,N,capuc001,happj001,NYN
NYN201104220,NYN,ARI,0,0,,N,pelfm001,vasqe001,NYN
NYN201104230,NYN,ARI,2,1,,D,gee-d001,enrib001,NYN
NYN201104240,NYN,ARI,2,0,,D,niesj001,galaa002,NYN
NYN201105030,NYN,SFN,3,0,,N,lopej002,bucht001,SFN
NYN201105040,NYN,SFN,0,0,,N,linct001,capuc001,SFN
NYN201105050,NYN,SFN,0,0,,D,pelfm001,sancj002,NYN
NYN201105060,NYN,LAN,1,1,,N,igarr001,kuroh001,NYN
NYN201105070,NYN,LAN,0,0,,N,byrdt001,macdm001,NYN
NYN201105080,NYN,LAN,1,0,,D,kersc001,dickr001,LAN
NYN201105160,NYN,FLO,0,0,,N,badeb001,igarr001,FLO
NYN201105180,NYN,WAS,1,0,,N,niesj001,gorzt001,NYN
NYN201105190,NYN,WAS,0,0,,D,gee-d001,hernl003,NYN
NYN201105270,NYN,PHI,0,0,,N,basta001,rodrf003,PHI
NYN201105280,NYN,PHI,1,0,,N,hamec001,oconm001,PHI
NYN201105290,NYN,PHI,4,0,,D,niesj001,worlv001,NYN
NYN201105300,NYN,PIT,0,0,,N,gee-d001,mccud001,NYN
NYN201105310,NYN,PIT,1,0,,N,meeke001,dickr001,PIT
NYN201106010,NYN,PIT,0,0,,N,corrk001,capuc001,PIT
NYN201106020,NYN,PIT,0,3,,D,isrij001,veraj001,NYN
NYN201106030,NYN,ATL,0,0,,N,ventj001,rodrf003,ATL
NYN201106040,NYN,ATL,0,0,,N,gee-d001,jurrj001,NYN
NYN201106050,NYN,ATL,2,0,,N,dickr001,hudst001,NYN
NYN201106170,NYN,ANA,0,0,,N,pinej001,capuc001,ANA
NYN201106180,NYN,ANA,0,0,,N,pelfm001,hared001,NYN
NYN201106190,NYN,ANA,0,1,,D,chatt001,niesj001,ANA
NYN201106210,NYN,OAK,0,2,,N,outmj001,gee-d001,OAK
NYN201106220,NYN,OAK,0,0,,N,parnb001,ziegb001,NYN
NYN201106230,NYN,OAK,0,0,,D,capuc001,godfg001,NYN
NYN201107010,NYN,NYA,0,3,,N,novai001,niesj001,NYA
NYN201107020,NYN,NYA,0,0,,D,colob001,gee-d001,NYA
NYN201107030,NYN,NYA,1,0,,D,rodrf003,ayall001,NYN
NYN201107150,NYN,PHI,0,0,,N,worlv001,dickr001,PHI
NYN201107160,NYN,PHI,1,0,,D,niesj001,hamec001,NYN
NYN201107170,NYN,PHI,0,1,,D,kendk001,pelfm001,PHI
NYN201107180,NYN,FLO,0,0,,N,hensc002,capuc001,FLO
NYN201107190,NYN,SLN,0,0,,N,gee-d001,lohsk001,NYN
NYN201107200,NYN,SLN,0,1,,N,isrij001,salaf001,NYN
NYN201107210,NYN,SLN,0,2,,D,westj001,niesj001,SLN
NYN201108010,NYN,FLO,0,1,,N,nunel001,isrij001,FLO
NYN201108020,NYN,FLO,0,1,,N,cishs001,isrij001,FLO
NYN201108050,NYN,ATL,1,0,,N,hudst001,dickr001,ATL
NYN201108060,NYN,ATL,2,0,,N,niesj001,hanst001,NYN
NYN201108070,NYN,ATL,0,0,,D,ventj001,parnb001,ATL
NYN201108080,NYN,SDN,1,1,,N,isrij001,bellh001,NYN
NYN201108090,NYN,SDN,0,0,,N,carrd001,qualc001,NYN
NYN201108100,NYN,SDN,0,1,,N,haraa001,dickr001,SDN
NYN201108110,NYN,SDN,0,0,,D,qualc001,niesj001,SDN
NYN201108190,NYN,MIL,0,1,,N,marcs001,pelfm001,MIL
NYN201108200,NYN,MIL,1,2,,D,rodrf003,isrij001,MIL
NYN201108210,NYN,MIL,0,0,,D,gally001,acosm001,MIL
NYN201108260,NYN,ATL,0,0,,N,capuc001,hudst001,NYN
NYN201108291,NYN,FLO,0,0,,D,dickr001,sanca004,NYN
NYN201108292,NYN,FLO,0,0,,N,gee-d001,nolar001,NYN
NYN201108300,NYN,FLO,0,0,,N,vazqj001,pelfm001,FLO
NYN201108310,NYN,FLO,0,2,,N,acosm001,volsc001,NYN
NYN201109010,NYN,FLO,0,1,,N,batim001,hensc002,NYN
NYN201109081,NYN,ATL,4,3,,D,minom001,schwc001,ATL
NYN201109082,NYN,ATL,1,1,,N,tehej001,gee-d001,ATL
NYN201109090,NYN,CHN,0,0,,N,acosm001,marss002,NYN
NYN201109100,NYN,CHN,0,1,,D,woodk002,parnb001,CHN
NYN201109110,NYN,CHN,1,1,,N,ortir002,stinj001,CHN
NYN201109120,NYN,WAS,0,0,,N,cofft001,dickr001,WAS
NYN201109130,NYN,WAS,0,0,,N,stamc001,thayd001,WAS
NYN201109140,NYN,WAS,0,0,,N,peacb001,pelfm001,WAS
NYN201109150,NYN,WAS,0,0,,D,milot001,schwc001,WAS
NYN201109241,NYN,PHI,0,0,,D,parnb001,lidgb001,NYN
NYN201109242,NYN,PHI,0,0,,N,gee-d001,hernd003,NYN
NYN201109250,NYN,PHI,0,3,,D,hallr001,pelfm001,PHI
NYN201109260,NYN,CIN,0,1,,N,ondrl001,byrdt001,CIN
NYN201109270,NYN,CIN,1,2,,N,lecus001,thayd001,CIN
NYN201109280,NYN,CIN,0,0,,D,batim001,volqe001,NYN
OAK201104010,OAK,SEA,2,0,,N,hernf002,bresc001,SEA
OAK201104020,OAK,SEA,0,0,,N,ray-c001,fuenb001,SEA
OAK201104030,OAK,SEA,0,0,,D,gonzg003,fistd001,OAK
OAK201104140,OAK,DET,0,0,,N,cokep001,rosst001,DET
OAK201104150,OAK,DET,0,0,,N,villb002,fuenb001,DET
OAK201104160,OAK,DET,0,0,,N,bradd002,verlj001,OAK
OAK201104170,OAK,DET,0,0,,D,cahit001,pennb002,OAK
OAK201104190,OAK,BOS,1,0,,N,andeb004,lackj001,OAK
OAK201104200,OAK,BOS,1,0,,D,buchc001,gonzg003,BOS
OAK201104290,OAK,TEX,0,0,,N,cahit001,wilsc004,OAK
OAK201104300,OAK,TEX,0,1,,D,lewic001,andeb004,TEX
OAK201105010,OAK,TEX,3,0,,D,gonzg003,harrm001,OAK
OAK201105020,OAK,TEX,0,0,,D,balfg001,olivd001,OAK
OAK201105030,OAK,CLE,0,0,,N,carmf001,fuenb001,CLE
OAK201105040,OAK,CLE,1,0,,N,cahit001,tomlj001,OAK
OAK201105050,OAK,CLE,0,0,,D,durbc001,bresc001,CLE
OAK201105130,OAK,CHA,0,0,,N,humbp001,mccab001,CHA
OAK201105140,OAK,CHA,0,0,,D,rosst001,floyg001,OAK
OAK201105150,OAK,CHA,0,0,,D,buehm001,cahit001,CHA
OAK201105160,OAK,ANA,0,0,,N,balfg001,rodnf001,OAK
OAK201105170,OAK,ANA,0,0,,N,gonzg003,chatt001,OAK
OAK201105180,OAK,MIN,0,1,,N,nathj001,fuenb001,MIN
OAK201105190,OAK,MIN,0,1,,D,blacn001,rosst001,MIN
OAK201105270,OAK,BAL,1,0,,N,ziegb001,simoa001,OAK
OAK201105280,OAK,BAL,0,0,,N,outmj001,bergb002,OAK
OAK201105290,OAK,BAL,1,0,,D,moscg001,britz001,OAK
OAK201105300,OAK,NYA,0,3,,D,colob001,cahit001,NYA
OAK201105310,OAK,NYA,0,2,,N,garcf002,andeb004,NYA
OAK201106010,OAK,NYA,2,1,,D,burna001,gonzg003,NYA
OAK201106140,OAK,KCA,0,0,,N,duffd001,cahit001,KCA
OAK201106150,OAK,KCA,0,0,,N,outmj001,hochl001,OAK
OAK201106160,OAK,KCA,0,0,,D,gonzg003,franj003,OAK
OAK201106170,OAK,SFN,1,0,,N,godfg001,linct001,OAK
OAK201106180,OAK,SFN,0,0,,N,ziegb001,sancj002,OAK
OAK201106190,OAK,SFN,0,0,,D,cahit001,affej001,OAK
OAK201106280,OAK,FLO,0,0,,N,gonzg003,vazqj001,OAK
OAK201106290,OAK,FLO,0,3,,N,nolar001,moscg001,FLO
OAK201106300,OAK,FLO,0,0,,D,volsc001,cahit001,FLO
OAK201107010,OAK,ARI,0,0,,N,hardr001,collj001,OAK
OAK201107020,OAK,ARI,0,1,,N,saunj001,outmj001,ARI
OAK201107030,OAK,ARI,0,0,,D,gonzg003,kenni001,OAK
OAK201107040,OAK,SEA,0,0,,D,pinem001,mccab001,SEA
OAK201107050,OAK,SEA,0,0,,N,leagb001,baila001,SEA
OAK201107060,OAK,SEA,1,0,,D,moscg001,vargj001,OAK
OAK201107150,OAK,ANA,0,0,,N,mccab001,hared001,OAK
OAK201107161,OAK,ANA,0,1,,D,weavj003,cahit001,ANA
OAK201107162,OAK,ANA,0,0,,N,ziegb001,thomr006,OAK
OAK201107170,OAK,ANA,8,0,,D,gonzg003,pinej001,OAK
OAK201107250,OAK,TBA,0,1,,N,fuenb001,howej003,OAK
OAK201107260,OAK,TBA,0,0,,N,mccab001,pricd001,OAK
OAK201107270,OAK,TBA,0,0,,N,cahit001,shiej002,OAK
OAK201107280,OAK,TBA,5,0,,D,daviw001,ziegb001,TBA
OAK201107290,OAK,MIN,2,2,,N,lirif001,gonzg003,MIN
OAK201107300,OAK,MIN,1,1,,N,moscg001,blacn001,OAK
OAK201107310,OAK,MIN,0,2,,D,mccab001,pavac001,OAK
OAK201108120,OAK,TEX,0,0,,N,wilsc004,mccab001,TEX
OAK201108130,OAK,TEX,0,0,,D,lewic001,cahit001,TEX
OAK201108140,OAK,TEX,0,3,,D,adamm001,baila001,TEX
OAK201108150,OAK,BAL,0,0,,N,huntt002,gonzg003,BAL
OAK201108160,OAK,BAL,0,0,,N,moscg001,matub001,OAK
OAK201108170,OAK,BAL,3,2,,D,mccab001,simoa001,OAK
OAK201108180,OAK,TOR,0,0,,N,romer002,cahit001,TOR
OAK201108190,OAK,TOR,2,0,,N,hardr001,cecib001,OAK
OAK201108200,OAK,TOR,1,1,,N,gonzg003,alvah001,OAK
OAK201108210,OAK,TOR,0,0,,D,perel001,moscg001,TOR
OAK201109020,OAK,SEA,0,1,,N,moscg001,vargj001,OAK
OAK201109030,OAK,SEA,0,0,,D,mccab001,pinem001,OAK
OAK201109040,OAK,SEA,0,0,,D,cahit001,beavb001,OAK
OAK201109050,OAK,KCA,0,3,,D,hollg001,baila001,KCA
OAK201109060,OAK,KCA,0,0,,N,duffd001,gonzg003,KCA
OAK201109070,OAK,KCA,1,0,,D,moscg001,chenb001,OAK
OAK201109120,OAK,ANA,3,0,,N,gonzg003,pinej001,OAK
OAK201109130,OAK,ANA,0,0,,N,takah001,delof001,ANA
OAK201109140,OAK,ANA,0,0,,D,weavj003,hardr001,ANA
OAK201109150,OAK,DET,3,0,,N,mccab001,schem001,OAK
OAK201109160,OAK,DET,0,0,,N,fistd001,cahit001,DET
OAK201109170,OAK,DET,0,0,,D,gonzg003,porcr001,OAK
OAK201109180,OAK,DET,0,0,,D,verlj001,moscg001,DET
OAK201109200,OAK,TEX,0,3,,N,holld003,hardr001,TEX
OAK201109210,OAK,TEX,0,0,,N,uehak001,balfg001,TEX
OAK201109220,OAK,TEX,1,0,,D,balfg001,adamm001,OAK
PHI201104010,PHI,HOU,0,0,,D,baezd001,lyonb003,PHI
PHI201104020,PHI,HOU,2,0,,N,lee-c003,rodrw002,PHI
PHI201104030,PHI,HOU,4,0,,D,oswar001,norrb001,PHI
PHI201104050,PHI,NYN,0,0,,N,younc003,hamec001,NYN
PHI201104060,PHI,NYN,2,0,,N,basta001,boyeb001,PHI
PHI201104070,PHI,NYN,0,0,,D,hallr001,niesj001,PHI
PHI201104150,PHI,FLO,2,0,,N,mujie001,baezd001,FLO
PHI201104170,PHI,FLO,2,0,,D,madsr001,webbr001,PHI
PHI201104180,PHI,MIL,1,0,,N,kintb001,kendk001,MIL
PHI201104190,PHI,MIL,0,0,,N,wolfr001,hallr001,MIL
PHI201104200,PHI,MIL,0,1,,D,madsr001,kintb001,PHI
PHI201104290,PHI,NYN,0,0,,N,worlv001,pelfm001,PHI
PHI201104300,PHI,NYN,0,0,,D,hallr001,niesj001,PHI
PHI201105010,PHI,NYN,0,0,,N,bucht001,kendk001,NYN
PHI201105030,PHI,WAS,0,0,,N,hamec001,hernl003,PHI
PHI201105040,PHI,WAS,0,0,,N,worlv001,marqj001,PHI
PHI201105050,PHI,WAS,0,0,,N,hallr001,lannj001,PHI
PHI201105060,PHI,ATL,0,0,,N,lowed001,lee-c003,ATL
PHI201105070,PHI,ATL,0,0,,N,kendk001,tehej001,PHI
PHI201105080,PHI,ATL,0,0,,N,jurrj001,hamec001,ATL
PHI201105180,PHI,COL,0,0,,N,hamec001,delaj001,PHI
PHI201105190,PHI,COL,0,3,,N,chacj001,kendk001,COL
PHI201105200,PHI,TEX,0,0,,N,hallr001,wilsc004,PHI
PHI201105210,PHI,TEX,0,0,,N,lee-c003,lewic001,PHI
PHI201105220,PHI,TEX,0,0,,D,harrm001,oswar001,TEX
PHI201105230,PHI,CIN,2,0,,N,hamec001,arrob001,PHI
PHI201105240,PHI,CIN,0,1,,N,ondrl001,madsr001,CIN
PHI201105250,PHI,CIN,2,0,,N,valdw001,fishc001,PHI
PHI201105260,PHI,CIN,1,0,,D,lee-c003,thomd003,PHI
PHI201106060,PHI,LAN,0,0,,N,lee-c003,lillt001,PHI
PHI201106070,PHI,LAN,0,0,,N,delar003,oswar001,LAN
PHI201106080,PHI,LAN,0,0,,N,hamec001,kuroh001,PHI
PHI201106090,PHI,CHN,0,0,,N,marss002,hernd003,CHN
PHI201106100,PHI,CHN,1,0,,N,hallr001,zambc001,PHI
PHI201106110,PHI,CHN,2,0,,D,lee-c003,garzm001,PHI
PHI201106120,PHI,CHN,1,3,,D,oswar001,marss002,PHI
PHI201106140,PHI,FLO,2,1,,N,hamec001,volsc001,PHI
PHI201106151,PHI,FLO,1,1,,D,kendk001,ville002,PHI
PHI201106152,PHI,FLO,1,2,,N,madsr001,dunnm002,PHI
PHI201106160,PHI,FLO,0,0,,D,lee-c003,vazqj001,PHI
PHI201106240,PHI,OAK,0,0,,N,stutm001,fuenb001,PHI
PHI201106250,PHI,OAK,0,0,,N,cahit001,hamec001,OAK
PHI201106260,PHI,OAK,2,0,,D,hallr001,outmj001,PHI
PHI201106280,PHI,BOS,0,0,,N,lee-c003,beckj002,PHI
PHI201106290,PHI,BOS,0,0,,N,worlv001,lackj001,PHI
PHI201106300,PHI,BOS,0,0,,D,lestj001,hernd003,BOS
PHI201107080,PHI,ATL,0,0,,N,perej001,procs001,PHI
PHI201107090,PHI,ATL,0,0,,D,sherg001,stutm001,ATL
PHI201107100,PHI,ATL,0,0,,D,hamec001,lowed001,PHI
PHI201107220,PHI,SDN,0,0,,N,hamec001,luebc001,PHI
PHI201107230,PHI,SDN,3,0,,D,stutm001,qualc001,PHI
PHI201107240,PHI,SDN,2,1,,D,hallr001,staut001,PHI
PHI201107250,PHI,SDN,1,0,,D,haraa001,lee-c003,SDN
PHI201107260,PHI,SFN,4,1,,N,worlv001,zitob001,PHI
PHI201107270,PHI,SFN,0,0,,N,cainm001,hamec001,SFN
PHI201107280,PHI,SFN,0,0,,N,linct001,kendk001,SFN
PHI201107290,PHI,PIT,3,0,,N,hallr001,mortc002,PHI
PHI201107300,PHI,PIT,0,0,,N,lee-c003,mcdoj004,PHI
PHI201107310,PHI,PIT,0,0,,D,basta001,watst001,PHI
PHI201108120,PHI,WAS,0,0,,N,hernl003,hamec001,WAS
PHI201108130,PHI,WAS,3,0,,N,oswar001,lannj001,PHI
PHI201108160,PHI,ARI,0,0,,N,shawb001,hallr001,ARI
PHI201108170,PHI,ARI,1,0,,N,lee-c003,saunj001,PHI
PHI201108180,PHI,ARI,0,0,,N,hernd003,kenni001,PHI
PHI201108220,PHI,NYN,0,0,,N,lee-c003,gee-d001,PHI
PHI201108230,PHI,NYN,0,0,,N,worlv001,niesj001,PHI
PHI201108240,PHI,NYN,0,5,,D,pelfm001,kendk001,NYN
PHI201108260,PHI,FLO,0,1,,N,hensc002,oswar001,FLO
PHI201109050,PHI,ATL,2,0,,N,lee-c003,lowed001,PHI
PHI201109060,PHI,ATL,2,0,,N,worlv001,hudst001,PHI
PHI201109070,PHI,ATL,0,0,,N,madsr001,moylp001,PHI
PHI201109151,PHI,FLO,2,0,,D,kendk001,sanca004,PHI
PHI201109152,PHI,FLO,0,0,,N,schwm002,badeb001,PHI
PHI201109160,PHI,SLN,0,0,,N,mcclk001,schwm002,SLN
PHI201109170,PHI,SLN,1,0,,N,oswar001,westj001,PHI
PHI201109180,PHI,SLN,0,2,,N,carpc002,hamec001,SLN
PHI201109190,PHI,SLN,0,2,,N,lohsk001,hallr001,SLN
PHI201109201,PHI,WAS,0,0,,D,gorzt001,stutm001,WAS
PHI201109202,PHI,WAS,0,0,,N,detwr001,lee-c003,WAS
PHI201109210,PHI,WAS,0,0,,N,lannj001,worlv001,WAS
PHI201109220,PHI,WAS,0,0,,N,peacb001,oswar001,WAS
PIT201104070,PIT,COL,1,2,,D,rogee002,mahop002,COL
PIT201104080,PIT,COL,0,3,,N,olsog003,moraf001,PIT
PIT201104090,PIT,COL,0,1,,N,belim001,veraj001,COL
PIT201104100,PIT,COL,0,4,,D,chacj001,crotm001,COL
PIT201104130,PIT,MIL,0,0,,N,marcs001,corrk001,MIL
PIT201104140,PIT,MIL,0,2,,N,wolfr001,mahop002,MIL
PIT201104230,PIT,WAS,5,0,,N,karsj001,hernl003,PIT
PIT201104240,PIT,WAS,1,0,,D,marqj001,corrk001,WAS
PIT201104250,PIT,WAS,0,2,,N,mahop002,lannj001,PIT
PIT201104260,PIT,SFN,0,0,,N,romos001,hanrj001,SFN
PIT201104270,PIT,SFN,0,0,,N,mcdoj004,bumgm001,PIT
PIT201104280,PIT,SFN,1,0,,D,voger001,karsj001,SFN
PIT201105060,PIT,HOU,0,1,,N,rodrw002,resoc001,HOU
PIT201105070,PIT,HOU,0,0,,N,mortc002,norrb001,PIT
PIT201105080,PIT,HOU,1,0,,D,mccud001,abadf001,PIT
PIT201105090,PIT,LAN,0,1,,N,veraj001,billc001,PIT
PIT201105100,PIT,LAN,0,0,,N,lillt001,corrk001,LAN
PIT201105110,PIT,LAN,0,0,,N,kuroh001,mahop002,LAN
PIT201105200,PIT,DET,0,0,,N,karsj001,pennb002,PIT
PIT201105210,PIT,DET,0,0,,N,corrk001,schem001,PIT
PIT201105220,PIT,DET,0,0,,D,porcr001,mahop002,DET
PIT201105240,PIT,ATL,0,0,,N,jurrj001,mortc002,ATL
PIT201105250,PIT,ATL,0,1,,D,sherg001,karsj001,ATL
PIT201106030,PIT,PHI,0,0,,N,moskd001,baezd001,PIT
PIT201106040,PIT,PHI,2,1,,N,mortc002,kendk001,PIT
PIT201106050,PIT,PHI,2,0,,D,hallr001,mcdoj004,PHI
PIT201106070,PIT,ARI,0,1,,N,resoc001,hernd002,PIT
PIT201106080,PIT,ARI,0,0,,N,mccud001,kroez001,PIT
PIT201106090,PIT,ARI,0,0,,N,owinm001,resoc001,ARI
PIT201106100,PIT,NYN,1,1,,N,gee-d001,mortc002,NYN
PIT201106110,PIT,NYN,0,1,,N,mcdoj004,dickr001,PIT
PIT201106120,PIT,NYN,0,0,,D,capuc001,corrk001,NYN
PIT201106130,PIT,NYN,1,0,,N,mahop002,pelfm001,PIT
PIT201106200,PIT,BAL,0,5,,N,arrij001,mortc002,BAL
PIT201106210,PIT,BAL,3,0,,N,resoc001,guthj001,PIT
PIT201106220,PIT,BAL,2,0,,D,corrk001,britz001,PIT
PIT201106240,PIT,BOS,0,1,,N,mahop002,lestj001,PIT
PIT201106250,PIT,BOS,0,1,,N,karsj001,waket001,PIT
PIT201106260,PIT,BOS,0,0,,D,milla002,woodt003,BOS
PIT201107040,PIT,HOU,0,1,,D,mahop002,myerb001,PIT
PIT201107050,PIT,HOU,0,0,,N,karsj001,rodrw002,PIT
PIT201107060,PIT,HOU,1,0,,N,norrb001,mortc002,HOU
PIT201107080,PIT,CHN,0,1,,N,mccud001,marss002,PIT
PIT201107090,PIT,CHN,0,2,,N,dempr002,corrk001,CHN
PIT201107100,PIT,CHN,1,0,,D,mahop002,ortir002,PIT
PIT201107180,PIT,CIN,0,0,,N,mortc002,willd003,PIT
PIT201107190,PIT,CIN,1,0,,N,mcdoj004,leakm001,PIT
PIT201107200,PIT,CIN,0,1,,D,cuetj001,karsj001,CIN
PIT201107220,PIT,SLN,0,4,,N,carpc002,mahop002,SLN
PIT201107230,PIT,SLN,0,0,,N,garcj004,corrk001,SLN
PIT201107240,PIT,SLN,0,0,,D,beimj001,mottj001,PIT
PIT201108010,PIT,CHN,0,0,,N,zambc001,mahop002,CHN
PIT201108020,PIT,CHN,2,1,,N,wellr001,corrk001,CHN
PIT201108030,PIT,CHN,0,0,,N,garzm001,resoc001,CHN
PIT201108040,PIT,CHN,0,0,,N,samaj001,mccud001,CHN
PIT201108050,PIT,SDN,2,0,,N,haraa001,karsj001,SDN
PIT201108060,PIT,SDN,0,0,,N,luebc001,mahop002,SDN
PIT201108070,PIT,SDN,0,0,,D,latom001,corrk001,SDN
PIT201108150,PIT,SLN,1,0,,N,mcdoj004,westj001,PIT
PIT201108160,PIT,SLN,0,0,,N,resoc001,rhoda001,PIT
PIT201108170,PIT,SLN,0,3,,N,lohsk001,mahop002,SLN
PIT201108190,PIT,CIN,0,0,,N,woodt004,hanrj001,CIN
PIT201108200,PIT,CIN,0,1,,D,watst001,chapa001,PIT
PIT201108210,PIT,CIN,2,0,,D,arrej001,hanrj001,CIN
PIT201108221,PIT,MIL,0,0,,N,narvc001,karsj001,MIL
PIT201108222,PIT,MIL,1,2,,N,mccud001,greiz001,PIT
PIT201108230,PIT,MIL,0,0,,N,estrm001,ohler001,MIL
PIT201108240,PIT,MIL,1,0,,D,grilj001,marcs001,PIT
PIT201109010,PIT,LAN,0,3,,D,eveld001,lincb001,LAN
PIT201109050,PIT,HOU,0,0,,D,mcdoj004,sosah001,PIT
PIT201109060,PIT,HOU,0,0,,N,myerb001,lincb001,HOU
PIT201109070,PIT,HOU,1,3,,N,watst001,lopew001,PIT
PIT201109090,PIT,FLO,0,1,,N,nolar001,ohler001,FLO
PIT201109100,PIT,FLO,0,0,,N,sanca004,lockj001,FLO
PIT201109110,PIT,FLO,0,0,,D,vazqj001,mcdoj004,FLO
PIT201109120,PIT,SLN,2,1,,N,grilj001,rzepm001,PIT
PIT201109130,PIT,SLN,0,0,,N,mcclk001,hanrj001,SLN
PIT201109140,PIT,SLN,0,1,,D,jacke001,mortc002,SLN
PIT201109230,PIT,CIN,0,0,,N,hanrj001,brayb001,PIT
PIT201109240,PIT,CIN,0,1,,N,lincb001,woodt004,PIT
PIT201109250,PIT,CIN,0,1,,D,willd003,moskd001,CIN
SDN201104050,SDN,SFN,0,1,,D,haraa001,bumgm001,SDN
SDN201104060,SDN,SFN,0,3,,D,linct001,staut001,SFN
SDN201104080,SDN,LAN,0,0,"20110409,,2,2,48",N,hawkb001,friee001,LAN
SDN201104090,SDN,LAN,0,1,,N,kuroh001,mosed001,LAN
SDN201104100,SDN,LAN,0,1,,D,haraa001,ely-j001,SDN
SDN201104110,SDN,CIN,2,0,,N,volqe001,latom001,CIN
SDN201104120,SDN,CIN,0,1,,N,ondrl001,luebc001,CIN
SDN201104130,SDN,CIN,0,0,,D,bellh001,massn001,SDN
SDN201104210,SDN,PHI,0,0,,N,oswar001,latom001,PHI
SDN201104220,SDN,PHI,0,0,,N,hamec001,richc002,PHI
SDN201104230,SDN,PHI,1,0,,N,kendk001,qualc001,PHI
SDN201104240,SDN,PHI,0,0,,D,hallr001,leblw001,PHI
SDN201104250,SDN,ATL,0,1,,N,luebc001,martc005,SDN
SDN201104260,SDN,ATL,0,2,,N,jurrj001,haraa001,ATL
SDN201104270,SDN,ATL,0,1,,D,hanst001,latom001,ATL
SDN201105020,SDN,PIT,0,4,,N,mcdoj004,haraa001,PIT
SDN201105030,SDN,PIT,0,2,,N,adamm001,beimj001,SDN
SDN201105040,SDN,PIT,0,0,,D,corrk001,richc002,PIT
SDN201105060,SDN,ARI,0,0,,N,qualc001,demes001,SDN
SDN201105070,SDN,ARI,0,1,,N,hudsd001,mosed001,ARI
SDN201105080,SDN,ARI,4,0,,D,haraa001,saunj001,SDN
SDN201105180,SDN,MIL,0,0,,N,gally001,mosed001,MIL
SDN201105190,SDN,MIL,0,0,,N,bellh001,estrm001,SDN
SDN201105200,SDN,SEA,0,0,,N,bedae001,latom001,SEA
SDN201105210,SDN,SEA,0,0,,N,pinem001,richc002,SEA
SDN201105220,SDN,SEA,0,0,,D,hernf002,staut001,SEA
SDN201105230,SDN,SLN,0,0,,N,lohsk001,bellh001,SLN
SDN201105240,SDN,SLN,3,1,,N,batim001,friee001,SLN
SDN201105250,SDN,SLN,0,1,,D,latom001,carpc002,SDN
SDN201106020,SDN,HOU,0,0,,N,norrb001,staut001,HOU
SDN201106030,SDN,HOU,0,0,,N,mosed001,happj001,SDN
SDN201106040,SDN,HOU,2,0,,N,haraa001,rodra002,SDN
SDN201106050,SDN,HOU,3,0,,D,latom001,lylej001,SDN
SDN201106060,SDN,COL,0,1,,N,mortc003,richc002,COL
SDN201106070,SDN,COL,0,0,,N,staut001,jimeu001,SDN
SDN201106080,SDN,COL,0,0,,D,lindm001,bellh001,COL
SDN201106090,SDN,WAS,2,0,,N,haraa001,hernl003,SDN
SDN201106100,SDN,WAS,0,0,,N,marqj001,latom001,WAS
SDN201106110,SDN,WAS,0,2,,N,lannj001,richc002,WAS
SDN201106120,SDN,WAS,0,0,,D,cofft001,bellh001,WAS
SDN201106240,SDN,ATL,0,0,,N,staut001,lowed001,SDN
SDN201106250,SDN,ATL,0,1,,N,jurrj001,mosed001,ATL
SDN201106260,SDN,ATL,0,0,,D,adamm001,ventj001,SDN
SDN201106270,SDN,KCA,2,0,,N,latom001,franj003,SDN
SDN201106280,SDN,KCA,1,0,,N,richc002,paulf001,SDN
SDN201106290,SDN,KCA,0,0,,D,staut001,chenb001,SDN
SDN201107140,SDN,SFN,0,0,,N,garcj002,gregl001,SFN
SDN201107150,SDN,SFN,0,1,,N,linct001,mosed001,SFN
SDN201107160,SDN,SFN,3,0,,N,luebc001,zitob001,SDN
SDN201107170,SDN,SFN,1,0,,D,lopej002,qualc001,SFN
SDN201107260,SDN,ARI,0,0,,N,saunj001,mosed001,ARI
SDN201107270,SDN,ARI,0,0,,N,kenni001,luebc001,ARI
SDN201107280,SDN,ARI,0,0,,D,gregl001,hudsd001,SDN
SDN201107290,SDN,COL,0,0,,N,hammj002,staut001,COL
SDN201107300,SDN,COL,4,2,,N,rogee002,haraa001,COL
SDN201107310,SDN,COL,0,0,,D,qualc001,brotr001,SDN
SDN201108010,SDN,LAN,1,0,,N,kersc001,luebc001,LAN
SDN201108020,SDN,LAN,0,0,,N,kuroh001,latom001,LAN
SDN201108030,SDN,LAN,0,0,,N,staut001,lillt001,SDN
SDN201108150,SDN,NYN,0,0,,N,acosm001,spenj001,NYN
SDN201108160,SDN,NYN,2,0,,N,luebc001,niesj001,SDN
SDN201108170,SDN,NYN,0,0,,D,gee-d001,latom001,NYN
SDN201108180,SDN,FLO,2,0,,N,staut001,vazqj001,SDN
SDN201108190,SDN,FLO,1,1,,N,leblw001,volsc001,SDN
SDN201108200,SDN,FLO,4,0,,N,haraa001,hensc002,SDN
SDN201108210,SDN,FLO,3,0,,D,bellh001,mujie001,SDN
SDN201109020,SDN,COL,0,0,,N,millk004,haraa001,COL
SDN201109030,SDN,COL,2,1,,N,whita001,luebc001,COL
SDN201109040,SDN,COL,1,0,,D,latom001,cooka002,SDN
SDN201109050,SDN,SFN,1,1,,D,bumgm001,staut001,SFN
SDN201109060,SDN,SFN,0,0,,N,surke001,leblw001,SFN
SDN201109070,SDN,SFN,1,0,,D,haraa001,cainm001,SDN
SDN201109160,SDN,ARI,2,0,,N,staut001,milew001,SDN
SDN201109170,SDN,ARI,0,1,,N,leblw001,collj001,SDN
SDN201109180,SDN,ARI,0,0,,D,saunj001,haraa001,ARI
SDN201109230,SDN,LAN,0,0,,N,lillt001,leblw001,LAN
SDN201109240,SDN,LAN,0,0,,N,haraa001,billc001,SDN
SDN201109250,SDN,LAN,0,2,,D,kersc001,luebc001,LAN
SDN201109260,SDN,CHN,0,0,,N,latom001,colec001,SDN
SDN201109270,SDN,CHN,0,0,,N,garzm001,qualc001,CHN
SDN201109280,SDN,CHN,0,0,,N,leblw001,dempr002,SDN
SEA201104080,SEA,CLE,0,1,,N,carrc003,vargj001,CLE
SEA201104090,SEA,CLE,0,0,,N,mastj001,fistd001,CLE
SEA201104100,SEA,CLE,0,2,,D,tomlj001,bedae001,CLE
SEA201104110,SEA,TOR,0,0,,N,luekj001,camps002,SEA
SEA201104120,SEA,TOR,0,0,,N,pinem001,romer002,SEA
SEA201104130,SEA,TOR,0,0,,D,rzepm001,ray-c001,TOR
SEA201104180,SEA,DET,0,0,,N,schem001,luekj001,DET
SEA201104190,SEA,DET,4,0,,N,fistd001,cokep001,SEA
SEA201104200,SEA,DET,0,1,,D,porcr001,bedae001,DET
SEA201104210,SEA,OAK,0,0,,N,hernf002,mccab001,SEA
SEA201104220,SEA,OAK,0,0,,N,pinem001,rosst001,SEA
SEA201104230,SEA,OAK,0,0,,N,cahit001,vargj001,OAK
SEA201104240,SEA,OAK,1,1,,D,andeb004,laffa001,OAK
SEA201105030,SEA,TEX,0,1,,N,pauld001,strop001,SEA
SEA201105040,SEA,TEX,1,2,,N,wilsc004,pinem001,TEX
SEA201105050,SEA,TEX,0,0,,N,vargj001,lewic001,SEA
SEA201105060,SEA,CHA,0,0,,N,hernf002,thorm001,SEA
SEA201105070,SEA,CHA,0,1,,N,floyg001,fistd001,CHA
SEA201105080,SEA,CHA,0,0,,D,sants001,leagb001,CHA
SEA201105160,SEA,MIN,1,0,,N,pinem001,bakes002,SEA
SEA201105170,SEA,MIN,0,2,,N,lirif001,hernf002,MIN
SEA201105180,SEA,ANA,1,0,,N,vargj001,weavj003,SEA
SEA201105190,SEA,ANA,0,0,,D,pauld001,downs001,SEA
SEA201105270,SEA,NYA,0,1,,N,pauld001,ayall001,SEA
SEA201105280,SEA,NYA,0,0,,N,pauld001,rivem002,SEA
SEA201105290,SEA,NYA,0,0,,D,sabac001,vargj001,NYA
SEA201105300,SEA,BAL,2,0,,D,fistd001,arrij001,SEA
SEA201105310,SEA,BAL,0,0,,N,ray-c001,guthj001,SEA
SEA201106010,SEA,BAL,0,0,,D,johnj010,wrigj001,BAL
SEA201106020,SEA,TBA,0,0,,N,hernf002,shiej002,SEA
SEA201106030,SEA,TBA,1,0,,N,vargj001,sonna001,SEA
SEA201106040,SEA,TBA,0,0,,D,hellj001,fistd001,TBA
SEA201106050,SEA,TBA,0,0,,D,wrigj001,howej003,SEA
SEA201106130,SEA,ANA,1,1,,N,hared001,vargj001,ANA
SEA201106140,SEA,ANA,0,4,,N,weavj003,fistd001,ANA
SEA201106150,SEA,ANA,0,0,,N,bedae001,sante001,SEA
SEA201106170,SEA,PHI,0,0,,N,pinem001,oswar001,SEA
SEA201106180,SEA,PHI,0,1,,N,stutm001,hernf002,PHI
SEA201106190,SEA,PHI,0,0,,D,vargj001,hamec001,SEA
SEA201106240,SEA,FLO,0,0,,N,hernf002,nolar001,SEA
SEA201106250,SEA,FLO,0,3,,N,volsc001,vargj001,FLO
SEA201106260,SEA,FLO,0,0,,N,pauld001,choar001,SEA
SEA201106270,SEA,ATL,0,1,,N,beacb001,bedae001,ATL
SEA201106280,SEA,ATL,1,0,,N,hanst001,pinem001,ATL
SEA201106290,SEA,ATL,0,0,,D,lowed001,hernf002,ATL
SEA201107010,SEA,SDN,1,0,,N,vargj001,mosed001,SEA
SEA201107020,SEA,SDN,0,0,,N,luebc001,fistd001,SDN
SEA201107030,SEA,SDN,1,0,,D,beavb001,latom001,SEA
SEA201107140,SEA,TEX,0,1,,N,holld003,vargj001,TEX
SEA201107150,SEA,TEX,0,1,,N,lewic001,fistd001,TEX
SEA201107160,SEA,TEX,0,1,,N,wilsc004,hernf002,TEX
SEA201107170,SEA,TEX,0,0,,D,harrm001,beavb001,TEX
SEA201107290,SEA,TBA,0,0,,N,niemj001,bedae001,TBA
SEA201107300,SEA,TBA,2,0,,D,pinem001,cobba001,SEA
SEA201107310,SEA,TBA,0,1,,D,hellj001,vargj001,TBA
SEA201108010,SEA,OAK,0,0,,N,beavb001,cahit001,SEA
SEA201108020,SEA,OAK,2,0,,N,hernf002,hardr001,SEA
SEA201108030,SEA,OAK,0,0,,D,furbc001,gonzg003,SEA
SEA201108120,SEA,BOS,2,0,,N,lackj001,beavb001,BOS
SEA201108130,SEA,BOS,5,0,,N,hernf002,beckj002,SEA
SEA201108140,SEA,BOS,0,0,,D,furbc001,waket001,SEA
SEA201108150,SEA,TOR,0,2,,N,wilht001,raucj001,SEA
SEA201108160,SEA,TOR,0,6,,N,perel001,vargj001,TOR
SEA201108170,SEA,TOR,0,0,,N,morrb001,beavb001,TOR
SEA201108260,SEA,CHA,0,2,,N,peavj001,furbc001,CHA
SEA201108270,SEA,CHA,0,0,,N,dankj001,pinem001,CHA
SEA201108280,SEA,CHA,0,0,,D,floyg001,vargj001,CHA
SEA201108290,SEA,ANA,1,0,,N,wilht001,takah001,SEA
SEA201108300,SEA,ANA,0,0,,N,willj003,vasqa001,ANA
SEA201108310,SEA,ANA,0,0,,N,hernf002,hared001,SEA
SEA201109010,SEA,ANA,0,3,,N,sante001,furbc001,ANA
SEA201109080,SEA,KCA,1,0,,N,vargj001,hochl001,SEA
SEA201109090,SEA,KCA,2,2,,N,beavb001,franj003,SEA
SEA201109100,SEA,KCA,0,3,,N,paulf001,pinem001,KCA
SEA201109110,SEA,KCA,0,0,,D,teafe001,vasqa001,KCA
SEA201109120,SEA,NYA,0,0,,N,hughp001,hernf002,NYA
SEA201109130,SEA,NYA,0,0,,N,burna001,furbc001,NYA
SEA201109140,SEA,NYA,0,0,,N,delas001,wadec001,SEA
SEA201109160,SEA,TEX,0,0,,N,beavb001,wilsc004,SEA
SEA201109170,SEA,TEX,0,0,,D,lewic001,vasqa001,TEX
SEA201109180,SEA,TEX,0,0,,D,harrm001,hernf002,TEX
SEA201109260,SEA,OAK,0,1,,N,vargj001,mccab001,SEA
SEA201109270,SEA,OAK,0,3,,N,cahit001,beavb001,OAK
SEA201109280,SEA,OAK,0,0,,N,gonzg003,vasqa001,OAK
SFN201104080,SFN,SLN,0,0,,D,runzd001,tallb001,SFN
SFN201104090,SFN,SLN,0,0,,N,ramir003,franr001,SFN
SFN201104100,SFN,SLN,1,0,,D,lohsk001,zitob001,SLN
SFN201104110,SFN,LAN,0,0,,N,kersc001,bumgm001,LAN
SFN201104120,SFN,LAN,0,0,,N,affej001,hawkb001,SFN
SFN201104130,SFN,LAN,1,0,,N,sancj002,lillt001,SFN
SFN201104220,SFN,ATL,0,0,,N,hanst001,bumgm001,ATL
SFN201104230,SFN,ATL,0,0,,D,hudst001,linct001,ATL
SFN201104240,SFN,ATL,0,2,,D,oflae001,wilsb001,ATL
SFN201105060,SFN,COL,0,0,,N,wilsb001,paulf001,SFN
SFN201105070,SFN,COL,1,0,,N,wilsb001,paulf001,SFN
SFN201105080,SFN,COL,0,0,,D,voger001,delaj001,SFN
SFN201105100,SFN,ARI,0,0,,N,wilsb001,hernd002,SFN
SFN201105110,SFN,ARI,0,1,,N,sancj002,galaa002,SFN
SFN201105120,SFN,ARI,0,0,,D,cainm001,hudsd001,SFN
SFN201105200,SFN,OAK,1,0,,N,lopej002,fuenb001,SFN
SFN201105210,SFN,OAK,1,0,,D,linct001,andeb004,SFN
SFN201105220,SFN,OAK,1,0,,D,romos001,fuenb001,SFN
SFN201105240,SFN,FLO,0,0,,N,nolar001,cainm001,FLO
SFN201105250,SFN,FLO,0,2,,N,webbr001,motag001,FLO
SFN201105260,SFN,FLO,0,0,,D,sanca004,voger001,FLO
SFN201106030,SFN,COL,0,0,,N,cainm001,nicaj001,SFN
SFN201106040,SFN,COL,0,0,,D,chacj001,bumgm001,COL
SFN201106050,SFN,COL,0,0,,D,voger001,lindm001,SFN
SFN201106060,SFN,WAS,0,0,,N,lopej002,stamc001,SFN
SFN201106070,SFN,WAS,0,0,,N,zimmj003,sancj002,WAS
SFN201106080,SFN,WAS,0,0,,D,cainm001,burns001,SFN
SFN201106090,SFN,CIN,0,0,,N,cuetj001,bumgm001,CIN
SFN201106100,SFN,CIN,1,0,,N,wilsb001,arrej001,SFN
SFN201106110,SFN,CIN,0,0,,D,leakm001,linct001,CIN
SFN201106120,SFN,CIN,0,0,,N,ramir003,arrej001,SFN
SFN201106210,SFN,MIN,0,8,,N,pavac001,bumgm001,MIN
SFN201106220,SFN,MIN,0,0,,N,voger001,blacn001,SFN
SFN201106230,SFN,MIN,0,0,,D,linct001,duenb001,SFN
SFN201106240,SFN,CLE,0,2,,N,garcj002,carrc003,SFN
SFN201106250,SFN,CLE,0,0,,D,cainm001,mastj001,SFN
SFN201106260,SFN,CLE,0,0,,N,bumgm001,carmf001,SFN
SFN201107040,SFN,SDN,0,2,,D,richc002,linct001,SDN
SFN201107050,SFN,SDN,2,0,,N,staut001,cainm001,SDN
SFN201107060,SFN,SDN,1,2,,N,lopej002,neshp001,SFN
SFN201107070,SFN,SDN,0,0,,N,zitob001,luebc001,SFN
SFN201107080,SFN,NYN,0,0,,N,beatp001,wilsb001,NYN
SFN201107090,SFN,NYN,2,1,,N,linct001,capuc001,SFN
SFN201107100,SFN,NYN,0,0,,N,cainm001,pelfm001,SFN
SFN201107180,SFN,LAN,0,0,,N,voger001,billc001,SFN
SFN201107190,SFN,LAN,0,0,,N,bumgm001,kuo-h001,SFN
SFN201107200,SFN,LAN,0,0,,D,kersc001,linct001,LAN
SFN201107220,SFN,MIL,1,0,,N,marcs001,cainm001,MIL
SFN201107230,SFN,MIL,0,0,,N,voger001,wolfr001,SFN
SFN201107240,SFN,MIL,0,1,,D,bumgm001,gally001,SFN
SFN201108010,SFN,ARI,1,0,,N,kenni001,cainm001,ARI
SFN201108020,SFN,ARI,0,0,,N,hudsd001,linct001,ARI
SFN201108030,SFN,ARI,0,0,,D,voger001,marqj001,SFN
SFN201108040,SFN,PHI,0,0,,N,lee-c003,bumgm001,PHI
SFN201108050,SFN,PHI,1,0,,N,worlv001,sancj002,PHI
SFN201108060,SFN,PHI,0,2,,D,hamec001,cainm001,PHI
SFN201108070,SFN,PHI,0,0,,D,linct001,oswar001,SFN
SFN201108080,SFN,PIT,0,2,,N,mortc002,voger001,PIT
SFN201108090,SFN,PIT,0,0,,N,bumgm001,mcdoj004,SFN
SFN201108100,SFN,PIT,1,1,,D,karsj001,sancj002,PIT
SFN201108230,SFN,SDN,0,1,,N,hamre001,ramir003,SDN
SFN201108240,SFN,SDN,0,0,,N,linct001,staut001,SFN
SFN201108250,SFN,HOU,0,1,,N,sosah001,voger001,HOU
SFN201108260,SFN,HOU,0,0,,N,bumgm001,happj001,SFN
SFN201108270,SFN,HOU,1,0,,N,affej001,rodrf004,SFN
SFN201108280,SFN,HOU,0,0,,D,melam001,ramir003,HOU
SFN201108290,SFN,CHN,0,0,,N,wellr001,linct001,CHN
SFN201108300,SFN,CHN,0,0,,N,garzm001,voger001,CHN
SFN201108310,SFN,CHN,0,0,,D,bumgm001,loper001,SFN
SFN201109020,SFN,ARI,0,1,,N,cainm001,saunj001,SFN
SFN201109030,SFN,ARI,0,0,,N,kenni001,linct001,ARI
SFN201109040,SFN,ARI,1,0,,D,hudsd001,voger001,ARI
SFN201109090,SFN,LAN,1,0,,N,kersc001,garcj002,LAN
SFN201109100,SFN,LAN,0,0,,N,eveld001,voger001,LAN
SFN201109110,SFN,LAN,0,0,,D,bumgm001,kuroh001,SFN
SFN201109120,SFN,SDN,2,0,,N,surke001,haraa001,SFN
SFN201109130,SFN,SDN,1,0,,N,ramir003,bracb001,SFN
SFN201109140,SFN,SDN,1,1,,D,linct001,latom001,SFN
SFN201109260,SFN,COL,0,0,,N,voger001,chacj001,SFN
SFN201109270,SFN,COL,1,0,,N,bumgm001,whita001,SFN
SFN201109280,SFN,COL,0,2,,D,pomed001,surke001,COL
SLN201103310,SLN,SDN,1,0,,D,neshp001,augeb001,SDN
SLN201104020,SLN,SDN,2,0,,D,richc002,westj001,SDN
SLN201104030,SLN,SDN,0,0,,D,garcj004,mosed001,SLN
SLN201104040,SLN,PIT,0,0,,N,mortc002,lohsk001,PIT
SLN201104050,SLN,PIT,0,2,,N,batim001,olsog003,SLN
SLN201104060,SLN,PIT,0,0,,D,corrk001,carpc002,PIT
SLN201104201,SLN,WAS,0,1,,D,lannj001,westj001,WAS
SLN201104202,SLN,WAS,0,0,,N,garcj004,zimmj003,SLN
SLN201104210,SLN,WAS,2,0,,D,lohsk001,gorzt001,SLN
SLN201104220,SLN,CIN,1,0,,N,mcclk001,malom001,SLN
SLN201104230,SLN,CIN,0,0,,D,chapa001,batim001,CIN
SLN201104240,SLN,CIN,0,0,,N,westj001,volqe001,SLN
SLN201105020,SLN,FLO,2,0,,N,mujie001,boggm001,FLO
SLN201105030,SLN,FLO,2,0,,N,salaf001,webbr001,SLN
SLN201105040,SLN,FLO,2,2,,N,dunnm002,sance001,FLO
SLN201105050,SLN,FLO,1,0,,D,mottj001,johnj009,SLN
SLN201105060,SLN,MIL,1,0,,N,garcj004,wolfr001,SLN
SLN201105070,SLN,MIL,0,0,,D,gally001,lohsk001,MIL
SLN201105080,SLN,MIL,0,0,,D,mcclk001,narvc001,SLN
SLN201105160,SLN,PHI,0,0,,N,westj001,lee-c003,SLN
SLN201105170,SLN,PHI,0,0,,N,salaf001,baezd001,SLN
SLN201105180,SLN,HOU,0,0,,N,lohsk001,norrb001,SLN
SLN201105190,SLN,HOU,0,0,,D,mcclk001,happj001,SLN
SLN201105300,SLN,SFN,0,0,,D,bumgm001,mcclk001,SFN
SLN201105310,SLN,SFN,0,0,,N,franr001,lopej002,SLN
SLN201106010,SLN,SFN,0,0,,N,romos001,franr001,SFN
SLN201106020,SLN,SFN,1,0,,N,sancj002,lynnl001,SFN
SLN201106030,SLN,CHN,3,0,,N,garcj004,dempr002,SLN
SLN201106040,SLN,CHN,0,0,,D,sance001,samaj001,SLN
SLN201106050,SLN,CHN,0,0,,D,salaf001,loper001,SLN
SLN201106170,SLN,KCA,0,1,,N,woodb004,carpc002,KCA
SLN201106180,SLN,KCA,1,0,,N,mottj001,hollg001,SLN
SLN201106190,SLN,KCA,2,1,,D,salaf001,collt001,SLN
SLN201106210,SLN,PHI,0,0,,N,stutm001,millt002,PHI
SLN201106220,SLN,PHI,0,0,,N,lee-c003,lohsk001,PHI
SLN201106230,SLN,PHI,1,0,,N,carpc002,oswar001,SLN
SLN201106240,SLN,TOR,0,2,,N,frasj002,salaf001,TOR
SLN201106250,SLN,TOR,1,0,,N,villc001,garcj004,TOR
SLN201106260,SLN,TOR,0,0,,D,romer002,mcclk001,TOR
SLN201107040,SLN,CIN,0,0,,N,carpc002,cuetj001,SLN
SLN201107050,SLN,CIN,2,0,,N,garcj004,volqe001,SLN
SLN201107060,SLN,CIN,0,5,,N,arrej001,valdr002,CIN
SLN201107070,SLN,ARI,0,0,,N,saunj001,mcclk001,ARI
SLN201107080,SLN,ARI,0,0,,N,kenni001,lohsk001,ARI
SLN201107090,SLN,ARI,1,0,,N,salaf001,patej001,SLN
SLN201107100,SLN,ARI,2,0,,D,garcj004,dukez001,SLN
SLN201107250,SLN,HOU,0,0,,N,mcclk001,happj001,SLN
SLN201107260,SLN,HOU,2,0,,N,westj001,myerb001,SLN
SLN201107270,SLN,HOU,0,0,,N,rodrf004,boggm001,HOU
SLN201107280,SLN,HOU,0,1,,N,rodrw002,garcj004,HOU
SLN201107290,SLN,CHN,0,0,,N,jacke001,garzm001,SLN
SLN201107300,SLN,CHN,2,6,,D,lohsk001,loper001,SLN
SLN201107310,SLN,CHN,0,0,,N,dempr002,westj001,CHN
SLN201108090,SLN,MIL,0,0,,N,hawkl001,doteo001,MIL
SLN201108100,SLN,MIL,1,1,,N,wolfr001,westj001,MIL
SLN201108110,SLN,MIL,2,2,,N,carpc002,gally001,SLN
SLN201108120,SLN,COL,0,0,,N,lohsk001,cooka002,SLN
SLN201108130,SLN,COL,0,0,,N,hammj002,garcj004,COL
SLN201108140,SLN,COL,4,2,,N,jacke001,rogee002,SLN
SLN201108220,SLN,LAN,0,0,,N,guerm001,salaf001,LAN
SLN201108230,SLN,LAN,0,3,,N,kersc001,lohsk001,LAN
SLN201108240,SLN,LAN,0,0,,D,kuroh001,garcj004,LAN
SLN201108250,SLN,PIT,2,0,,N,jacke001,mortc002,SLN
SLN201108260,SLN,PIT,0,3,,N,mcclk001,veraj001,SLN
SLN201108270,SLN,PIT,0,0,,D,lincb001,carpc002,PIT
SLN201108280,SLN,PIT,3,1,,D,lohsk001,karsj001,SLN
SLN201109020,SLN,CIN,0,0,,N,arrej001,rzepm001,CIN
SLN201109030,SLN,CIN,0,1,,D,garcj004,bailh001,SLN
SLN201109040,SLN,CIN,1,2,,D,brayb001,salaf001,CIN
SLN201109050,SLN,MIL,0,0,,D,wolfr001,westj001,MIL
SLN201109060,SLN,MIL,1,0,,N,lohsk001,gally001,SLN
SLN201109070,SLN,MIL,0,0,,N,carpc002,greiz001,SLN
SLN201109090,SLN,ATL,1,2,,N,mottj001,lines001,SLN
SLN201109100,SLN,ATL,2,0,,N,garcj004,lowed001,SLN
SLN201109110,SLN,ATL,0,0,,D,westj001,hudst001,SLN
SLN201109200,SLN,NYN,0,1,,N,doteo001,stinj001,SLN
SLN201109210,SLN,NYN,2,0,,N,garcj004,herrd001,SLN
SLN201109220,SLN,NYN,2,0,,D,acosm001,rzepm001,NYN
SLN201109230,SLN,CHN,0,0,,N,samaj001,mcclk001,CHN
SLN201109240,SLN,CHN,0,1,,D,mottj001,marmc001,SLN
SLN201109250,SLN,CHN,0,0,,D,doteo001,wellr001,SLN
TBA201104010,TBA,BAL,0,0,,N,guthj001,pricd001,BAL
TBA201104020,TBA,BAL,0,0,,N,accaj001,shiej002,BAL
TBA201104030,TBA,BAL,0,1,,D,britz001,daviw001,BAL
TBA201104050,TBA,ANA,0,3,,N,weavj003,niemj001,ANA
TBA201104060,TBA,ANA,0,1,,D,hared001,hellj001,ANA
TBA201104140,TBA,MIN,0,0,,N,farnk001,cappm001,TBA
TBA201104150,TBA,MIN,0,0,,N,daviw001,blacn001,TBA
TBA201104160,TBA,MIN,0,0,,D,cruzj005,nathj001,TBA
TBA201104170,TBA,MIN,0,0,,D,duenb001,hellj001,MIN
TBA201104180,TBA,CHA,3,0,,N,pricd001,jacke001,TBA
TBA201104190,TBA,CHA,1,0,,N,shiej002,dankj001,TBA
TBA201104200,TBA,CHA,0,0,,N,daviw001,humbp001,TBA
TBA201104210,TBA,CHA,0,1,,N,floyg001,niemj001,CHA
TBA201104290,TBA,ANA,0,0,,N,sante001,pricd001,ANA
TBA201104300,TBA,ANA,0,0,,D,peraj002,rodnf001,TBA
TBA201105010,TBA,ANA,5,0,,D,thomr006,peraj002,ANA
TBA201105030,TBA,TOR,0,1,,N,farnk001,raucj001,TBA
TBA201105040,TBA,TOR,0,2,,N,morrb001,niemj001,TOR
TBA201105050,TBA,TOR,0,0,,D,pricd001,drabk001,TBA
TBA201105130,TBA,BAL,0,0,,N,hellj001,guthj001,TBA
TBA201105140,TBA,BAL,0,1,,D,bergb002,daviw001,BAL
TBA201105150,TBA,BAL,0,0,,D,arrij001,sonna001,BAL
TBA201105160,TBA,NYA,0,0,,N,cruzj005,burna001,TBA
TBA201105170,TBA,NYA,0,0,,N,novai001,shiej002,NYA
TBA201105270,TBA,CLE,0,0,,N,pricd001,tomlj001,TBA
TBA201105280,TBA,CLE,0,2,,D,carrc003,shiej002,CLE
TBA201105290,TBA,CLE,0,0,,D,hellj001,mastj001,TBA
TBA201105300,TBA,TEX,0,2,,N,holld003,daviw001,TEX
TBA201105310,TBA,TEX,0,0,,N,peraj002,rhoda001,TBA
TBA201106010,TBA,TEX,0,0,,D,lewic001,pricd001,TEX
TBA201106140,TBA,BOS,0,0,,N,shiej002,waket001,TBA
TBA201106150,TBA,BOS,0,0,,N,beckj002,hellj001,BOS
TBA201106160,TBA,BOS,0,1,,N,buchc001,pricd001,BOS
TBA201106170,TBA,FLO,0,0,,N,daviw001,handb001,TBA
TBA201106180,TBA,FLO,1,1,,N,cobba001,nolar001,TBA
TBA201106190,TBA,FLO,0,1,,D,shiej002,webbr001,TBA
TBA201106270,TBA,CIN,0,2,,N,leakm001,hellj001,CIN
TBA201106280,TBA,CIN,0,0,,N,farnk001,ondrl001,TBA
TBA201106290,TBA,CIN,0,0,,D,volqe001,shiej002,CIN
TBA201107010,TBA,SLN,0,0,,N,westj001,daviw001,SLN
TBA201107020,TBA,SLN,0,0,,N,niemj001,mcclk001,TBA
TBA201107030,TBA,SLN,0,0,,D,hellj001,lohsk001,TBA
TBA201107150,TBA,BOS,1,0,,N,pricd001,milla002,TBA
TBA201107160,TBA,BOS,3,0,,D,lackj001,shiej002,BOS
TBA201107170,TBA,BOS,0,0,,N,aceva001,russa001,BOS
TBA201107180,TBA,NYA,3,1,,N,robed002,torra002,NYA
TBA201107190,TBA,NYA,0,0,,N,hellj001,colob001,TBA
TBA201107200,TBA,NYA,0,2,,N,garcf002,pricd001,NYA
TBA201107210,TBA,NYA,1,0,,N,shiej002,sabac001,TBA
TBA201108020,TBA,TOR,0,0,,N,romer002,pricd001,TOR
TBA201108030,TBA,TOR,0,0,,N,shiej002,villc001,TBA
TBA201108040,TBA,TOR,0,2,,D,gomeb001,camps002,TBA
TBA201108050,TBA,OAK,0,0,,N,niemj001,moscg001,TBA
TBA201108060,TBA,OAK,0,0,,N,mccab001,cobba001,OAK
TBA201108070,TBA,OAK,0,0,,D,delof001,mcgej001,OAK
TBA201108080,TBA,KCA,0,1,,N,farnk001,woodb004,TBA
TBA201108090,TBA,KCA,2,0,,N,shiej002,franj003,TBA
TBA201108100,TBA,KCA,0,0,,N,mcgej001,sorij001,TBA
TBA201108110,TBA,KCA,0,1,,D,niemj001,duffd001,TBA
TBA201108190,TBA,SEA,0,0,,N,cruzj005,hernf002,TBA
TBA201108200,TBA,SEA,2,0,,N,hellj001,furbc001,TBA
TBA201108210,TBA,SEA,0,3,,D,farnk001,cortd002,TBA
TBA201108220,TBA,DET,1,0,,N,verlj001,niemj001,DET
TBA201108230,TBA,DET,0,0,,N,pennb002,pricd001,DET
TBA201108240,TBA,DET,0,0,,N,peraj002,belod001,TBA
TBA201108250,TBA,DET,0,1,,D,fistd001,hellj001,DET
TBA201109020,TBA,BAL,2,0,,N,britz001,pricd001,BAL
TBA201109030,TBA,BAL,2,2,,N,daviw001,simoa001,TBA
TBA201109040,TBA,BAL,0,0,,D,hellj001,guthj001,TBA
TBA201109050,TBA,TEX,1,0,,D,shiej002,felds001,TBA
TBA201109060,TBA,TEX,0,1,,N,wilsc004,niemj001,TEX
TBA201109070,TBA,TEX,2,0,,D,mcgej001,lowem002,TBA
TBA201109090,TBA,BOS,0,0,,N,daviw001,lackj001,TBA
TBA201109100,TBA,BOS,1,0,,N,gomeb001,bardd001,TBA
TBA201109110,TBA,BOS,3,0,,D,shiej002,lestj001,TBA
TBA201109230,TBA,TOR,0,0,,N,morrb001,pricd001,TOR
TBA201109240,TBA,TOR,2,2,,N,torra002,romer002,TBA
TBA201109250,TBA,TOR,2,0,,D,daviw001,cecib001,TBA
TBA201109260,TBA,NYA,0,1,,N,shiej002,noesh001,TBA
TBA201109270,TBA,NYA,0,0,,N,mcgej001,sorir001,TBA
TBA201109280,TBA,NYA,0,1,,N,mcgej001,procs001,TBA
TEX201104010,TEX,BOS,1,2,,D,olivd001,bardd001,TEX
TEX201104020,TEX,BOS,1,0,,N,lewic001,lackj001,TEX
TEX201104030,TEX,BOS,0,0,,D,harrm001,buchc001,TEX
TEX201104040,TEX,SEA,1,0,,N,holld003,bedae001,TEX
TEX201104050,TEX,SEA,0,0,,N,ogana001,pinem001,TEX
TEX201104060,TEX,SEA,0,0,,D,wilsc004,hernf002,TEX
TEX201104180,TEX,ANA,0,0,,N,wilsc004,sante001,TEX
TEX201104190,TEX,ANA,0,0,,N,palmm001,lewic001,ANA
TEX201104200,TEX,ANA,0,0,,N,weavj003,harrm001,ANA
TEX201104220,TEX,KCA,1,0,,N,holld003,franj003,TEX
TEX201104230,TEX,KCA,0,0,,N,ogana001,davik002,TEX
TEX201104240,TEX,KCA,0,0,,D,wilsc004,chenb001,TEX
TEX201104250,TEX,TOR,0,0,,N,drabk001,lewic001,TOR
TEX201104260,TEX,TOR,0,5,,N,litsj001,harrm001,TOR
TEX201104270,TEX,TOR,0,0,,N,epplc001,doteo001,TEX
TEX201104280,TEX,TOR,1,2,,D,franf001,olivd001,TOR
TEX201105060,TEX,NYA,0,2,,N,novai001,harrm001,NYA
TEX201105070,TEX,NYA,1,0,,N,rhoda001,logab001,TEX
TEX201105080,TEX,NYA,3,0,,D,sabac001,rhoda001,NYA
TEX201105090,TEX,OAK,0,0,,N,cahit001,wilsc004,OAK
TEX201105100,TEX,OAK,0,0,,N,lewic001,andeb004,TEX
TEX201105130,TEX,ANA,1,0,,N,ogana001,weavj003,TEX
TEX201105140,TEX,ANA,0,0,,D,downs001,olivd001,ANA
TEX201105150,TEX,ANA,0,1,,D,lowem002,thomr006,TEX
TEX201105230,TEX,CHA,1,0,,N,ogana001,dankj001,TEX
TEX201105240,TEX,CHA,1,1,,N,penat003,tomkb001,CHA
TEX201105250,TEX,CHA,0,0,,D,wilsc004,floyg001,TEX
TEX201105270,TEX,KCA,5,3,,N,woodb004,bushd001,KCA
TEX201105280,TEX,KCA,2,0,,N,harrm001,osuls001,TEX
TEX201105290,TEX,KCA,0,0,,D,rhoda001,sorij001,TEX
TEX201106060,TEX,DET,0,3,,N,schem001,lewic001,DET
TEX201106070,TEX,DET,0,0,,N,porcr001,harrm001,DET
TEX201106080,TEX,DET,0,1,,N,ogana001,cokep001,TEX
TEX201106200,TEX,HOU,3,0,,N,holld003,happj001,TEX
TEX201106210,TEX,HOU,0,1,,N,tatey001,delre001,TEX
TEX201106220,TEX,HOU,1,0,,N,melam001,felin001,HOU
TEX201106240,TEX,NYN,3,0,,N,harrm001,pelfm001,TEX
TEX201106250,TEX,NYN,0,3,,D,niesj001,ogana001,NYN
TEX201106260,TEX,NYN,2,1,,D,gee-d001,holld003,NYN
TEX201107010,TEX,FLO,0,0,,N,ogana001,sanca004,TEX
TEX201107020,TEX,FLO,0,5,,N,cishs001,holld003,FLO
TEX201107030,TEX,FLO,0,0,,N,dunnm002,lowem002,FLO
TEX201107040,TEX,BAL,0,0,,N,lewic001,jakuc001,TEX
TEX201107050,TEX,BAL,0,1,,N,huntt002,johnj010,TEX
TEX201107060,TEX,BAL,4,0,,N,ogana001,guthj001,TEX
TEX201107070,TEX,OAK,1,0,,N,holld003,hardr001,TEX
TEX201107080,TEX,OAK,6,0,,N,wilsc004,gonzg003,TEX
TEX201107090,TEX,OAK,0,0,,N,olivd001,baila001,TEX
TEX201107100,TEX,OAK,0,0,,D,harrm001,cahit001,TEX
TEX201107220,TEX,TOR,0,0,,N,lewic001,reyej003,TEX
TEX201107230,TEX,TOR,0,1,,N,olivd001,rzepm001,TEX
TEX201107240,TEX,TOR,0,0,,N,cecib001,ogana001,TOR
TEX201107250,TEX,MIN,3,0,,N,holld003,blacn001,TEX
TEX201107260,TEX,MIN,0,0,,N,perkg001,felin001,MIN
TEX201107270,TEX,MIN,0,1,,N,duenb001,lewic001,MIN
TEX201107280,TEX,MIN,0,0,,N,harrm001,bakes002,TEX
TEX201108050,TEX,CLE,1,3,,N,felin001,perer002,TEX
TEX201108060,TEX,CLE,0,0,,N,herrf001,felin001,CLE
TEX201108070,TEX,CLE,0,0,,N,olivd001,smitj002,TEX
TEX201108080,TEX,SEA,0,0,,N,harrm001,furbc001,TEX
TEX201108090,TEX,SEA,2,2,,N,felin001,grayj002,TEX
TEX201108100,TEX,SEA,0,0,,N,vargj001,uehak001,SEA
TEX201108220,TEX,BOS,0,0,,N,wilsc004,bedae001,TEX
TEX201108230,TEX,BOS,0,2,,N,lackj001,lewic001,BOS
TEX201108240,TEX,BOS,0,4,,N,beckj002,harrm001,BOS
TEX201108250,TEX,BOS,0,1,,N,milla002,ogana001,BOS
TEX201108260,TEX,ANA,0,0,,N,holld003,hared001,TEX
TEX201108270,TEX,ANA,0,0,,N,sante001,wilsc004,ANA
TEX201108280,TEX,ANA,0,1,,N,olivd001,weavj003,TEX
TEX201108300,TEX,TBA,0,0,,N,felds001,hellj001,TEX
TEX201108310,TEX,TBA,0,0,,N,shiej002,ogana001,TBA
TEX201109010,TEX,TBA,0,0,,N,wilsc004,niemj001,TEX
TEX201109090,TEX,OAK,2,2,,N,lewic001,mccab001,TEX
TEX201109100,TEX,OAK,0,0,,D,cahit001,ogana001,OAK
TEX201109110,TEX,OAK,0,0,,D,wilsc004,outmj001,TEX
TEX201109130,TEX,CLE,0,0,,N,harrm001,mastj001,TEX
TEX201109140,TEX,CLE,0,0,,N,holld003,huffd001,TEX
TEX201109150,TEX,CLE,0,0,,N,ogana001,carmf001,TEX
TEX201109230,TEX,SEA,0,0,,N,harrm001,vasqa001,TEX
TEX201109240,TEX,SEA,0,0,,D,felds001,hernf002,TEX
TEX201109250,TEX,SEA,0,0,,D,holld003,furbc001,TEX
TOR201104010,TOR,MIN,4,0,,N,romer002,pavac001,TOR
TOR201104020,TOR,MIN,0,0,,D,drabk001,lirif001,TOR
TOR201104030,TOR,MIN,0,0,,D,blacn001,cecib001,MIN
TOR201104050,TOR,OAK,0,0,,N,frasj002,balfg001,TOR
TOR201104060,TOR,OAK,1,0,,N,litsj001,bradd002,TOR
TOR201104070,TOR,OAK,0,0,,D,cahit001,frasj002,OAK
TOR201104190,TOR,NYA,1,0,,N,raucj001,novai001,TOR
TOR201104200,TOR,NYA,0,1,,N,colob001,cecib001,NYA
TOR201104220,TOR,TBA,1,1,,N,rzepm001,russa001,TOR
TOR201104230,TOR,TBA,1,2,,D,pricd001,morrb001,TBA
TOR201104240,TOR,TBA,0,2,,D,shiej002,romer002,TBA
TOR201105060,TOR,DET,3,0,,N,litsj001,cokep001,TOR
TOR201105070,TOR,DET,0,0,,D,verlj001,romer002,DET
TOR201105080,TOR,DET,0,0,,D,pennb002,reyej003,DET
TOR201105090,TOR,DET,1,0,,N,schem001,morrb001,DET
TOR201105100,TOR,BOS,3,0,,N,villc001,albem001,TOR
TOR201105110,TOR,BOS,0,1,,N,litsj001,lackj001,TOR
TOR201105180,TOR,TBA,0,0,,N,hellj001,litsj001,TBA
TOR201105190,TOR,TBA,0,0,,N,romer002,daviw001,TOR
TOR201105200,TOR,HOU,0,0,,N,lopew001,franf001,HOU
TOR201105210,TOR,HOU,0,2,,D,jansc001,myerb001,TOR
TOR201105220,TOR,HOU,0,0,,D,rodrw002,drabk001,HOU
TOR201105260,TOR,CHA,0,0,,N,craij001,rzepm001,CHA
TOR201105270,TOR,CHA,1,0,,N,jansc001,buehm001,TOR
TOR201105280,TOR,CHA,3,0,,D,perel001,floyg001,TOR
TOR201105290,TOR,CHA,6,1,,D,romer002,dankj001,TOR
TOR201105300,TOR,CLE,0,0,,N,reyej003,carmf001,TOR
TOR201105310,TOR,CLE,0,0,,N,talbm001,morrb001,CLE
TOR201106010,TOR,CLE,0,4,,N,tomlj001,drabk001,CLE
TOR201106100,TOR,BOS,0,0,,N,buchc001,reyej003,BOS
TOR201106110,TOR,BOS,0,0,,D,lackj001,morrb001,BOS
TOR201106120,TOR,BOS,0,1,,D,lestj001,drabk001,BOS
TOR201106140,TOR,BAL,1,1,,N,camps002,uehak001,TOR
TOR201106150,TOR,BAL,1,0,,N,romer002,arrij001,TOR
TOR201106160,TOR,BAL,0,0,,D,berkj001,raucj001,BAL
TOR201106280,TOR,PIT,0,0,,N,corrk001,reyej003,PIT
TOR201106290,TOR,PIT,0,0,,N,morrb001,mahop002,TOR
TOR201106300,TOR,PIT,0,1,,N,karsj001,cecib001,PIT
TOR201107010,TOR,PHI,2,0,,D,baezd001,franf001,PHI
TOR201107020,TOR,PHI,0,1,,D,hallr001,perel001,PHI
TOR201107030,TOR,PHI,0,0,,D,doteo001,lee-c003,TOR
TOR201107140,TOR,NYA,8,0,,N,reyej003,colob001,TOR
TOR201107150,TOR,NYA,1,0,,N,morrb001,garcf002,TOR
TOR201107160,TOR,NYA,1,0,,D,sabac001,romer002,NYA
TOR201107170,TOR,NYA,0,1,,D,hughp001,villc001,NYA
TOR201107190,TOR,SEA,2,1,,N,jansc001,wrigj001,TOR
TOR201107200,TOR,SEA,0,0,,N,morrb001,vargj001,TOR
TOR201107210,TOR,SEA,0,0,,D,raucj001,pauld001,TOR
TOR201107260,TOR,BAL,0,0,,N,arrij001,morrb001,BAL
TOR201107270,TOR,BAL,1,0,,N,romer002,simoa001,TOR
TOR201107280,TOR,BAL,2,2,,N,villc001,bergb002,TOR
TOR201107290,TOR,TEX,0,0,,N,cecib001,ogana001,TOR
TOR201107300,TOR,TEX,0,0,,D,holld003,millb001,TEX
TOR201107310,TOR,TEX,2,0,,D,morrb001,wilsc004,TOR
TOR201108090,TOR,OAK,0,0,,N,hardr001,cecib001,OAK
TOR201108100,TOR,OAK,1,0,,N,jansc001,gonzg003,TOR
TOR201108110,TOR,OAK,0,0,,D,moscg001,millb001,OAK
TOR201108120,TOR,ANA,0,0,,N,sante001,morrb001,ANA
TOR201108130,TOR,ANA,2,0,,D,romer002,weavj003,TOR
TOR201108140,TOR,ANA,0,2,,D,raucj001,rodnf001,TOR
TOR201108230,TOR,KCA,0,0,,N,chenb001,morrb001,KCA
TOR201108240,TOR,KCA,0,1,,N,litsj001,colel001,TOR
TOR201108250,TOR,KCA,0,0,,N,franj003,cecib001,KCA
TOR201108260,TOR,TBA,0,0,,N,shiej002,alvah001,TBA
TOR201108270,TOR,TBA,1,0,,D,niemj001,camps002,TBA
TOR201108280,TOR,TBA,0,1,,D,pricd001,morrb001,TBA
TOR201108290,TOR,TBA,0,2,,N,romer002,daviw001,TOR
TOR201109050,TOR,BOS,0,0,,D,camps002,wheed001,TOR
TOR201109060,TOR,BOS,0,4,,N,lestj001,perel001,BOS
TOR201109070,TOR,BOS,1,3,,N,camps002,bardd001,TOR
TOR201109080,TOR,BOS,0,0,,N,romer002,milla002,TOR
TOR201109090,TOR,BAL,0,0,,N,guthj001,cecib001,BAL
TOR201109100,TOR,BAL,2,1,,D,litsj001,gregk001,TOR
TOR201109110,TOR,BAL,2,1,,D,carrj002,huntt002,TOR
TOR201109160,TOR,NYA,1,0,,N,jansc001,logab001,TOR
TOR201109170,TOR,NYA,0,0,,D,laffa001,villc001,NYA
TOR201109180,TOR,NYA,0,0,,D,morrb001,garcf002,TOR
TOR201109190,TOR,ANA,0,0,,N,jansc001,downs001,TOR
TOR201109200,TOR,ANA,1,0,,N,pinej001,cecib001,ANA
TOR201109210,TOR,ANA,0,0,,N,hared001,mcgod001,ANA
TOR201109220,TOR,ANA,0,0,,N,camps002,richg002,TOR
WAS201103310,WAS,ATL,0,1,,D,lowed001,hernl003,ATL
WAS201104020,WAS,ATL,0,0,,D,lannj001,hanst001,WAS
WAS201104030,WAS,ATL,1,1,,D,hudst001,zimmj003,ATL
WAS201104120,WAS,PHI,0,0,,N,hernl003,blanj001,WAS
WAS201104130,WAS,PHI,0,0,,N,hallr001,lannj001,PHI
WAS201104140,WAS,PHI,0,0,,N,lee-c003,zimmj003,PHI
WAS201104150,WAS,MIL,0,0,,N,gaudc001,bradz001,WAS
WAS201104171,WAS,MIL,0,1,,D,marqj001,gally001,WAS
WAS201104172,WAS,MIL,0,0,,N,hernl003,loe-k001,WAS
WAS201104260,WAS,NYN,0,0,,N,igarr001,zimmj003,NYN
WAS201104270,WAS,NYN,0,0,,N,beatp001,burns001,NYN
WAS201104280,WAS,NYN,0,0,,N,hernl003,capuc001,WAS
WAS201104290,WAS,SFN,0,0,,N,marqj001,linct001,WAS
WAS201104300,WAS,SFN,0,0,,D,motag001,lannj001,SFN
WAS201105010,WAS,SFN,0,0,,D,zimmj003,cainm001,WAS
WAS201105020,WAS,SFN,0,0,,N,gorzt001,bumgm001,WAS
WAS201105130,WAS,FLO,0,3,,N,mujie001,brodb001,FLO
WAS201105140,WAS,FLO,0,0,,D,sanca004,hernl003,FLO
WAS201105150,WAS,FLO,6,0,,D,marqj001,vazqj001,WAS
WAS201105160,WAS,PIT,1,1,,N,kimbc002,mahop002,WAS
WAS201105270,WAS,SDN,0,0,,N,stord001,adamm001,WAS
WAS201105280,WAS,SDN,0,0,,D,staut001,zimmj003,SDN
WAS201105290,WAS,SDN,2,0,,D,gregl001,stord001,SDN
WAS201105300,WAS,PHI,0,0,,D,hallr001,burns001,PHI
WAS201105310,WAS,PHI,0,0,,N,marqj001,lee-c003,WAS
WAS201106010,WAS,PHI,1,0,,D,lannj001,oswar001,WAS
WAS201106140,WAS,SLN,0,2,,N,rodrh002,batim001,WAS
WAS201106150,WAS,SLN,0,0,,N,hernl003,mcclk001,WAS
WAS201106160,WAS,SLN,2,0,,N,burns001,salaf001,WAS
WAS201106170,WAS,BAL,0,0,,N,burns001,accaj001,WAS
WAS201106180,WAS,BAL,1,1,,D,zimmj003,matub001,WAS
WAS201106190,WAS,BAL,0,0,,D,jakuc001,gorzt001,BAL
WAS201106210,WAS,SEA,0,2,,N,cofft001,pauld001,WAS
WAS201106220,WAS,SEA,1,0,,N,lannj001,bedae001,WAS
WAS201106230,WAS,SEA,0,0,,D,clipt001,ray-c001,WAS
WAS201107010,WAS,PIT,0,0,,N,stord001,woodt003,WAS
WAS201107021,WAS,PIT,0,2,,D,veraj001,burns001,PIT
WAS201107022,WAS,PIT,0,0,,N,mattr001,watst001,WAS
WAS201107030,WAS,PIT,0,3,,D,corrk001,marqj001,PIT
WAS201107040,WAS,CHN,2,0,,D,rodrh002,matem001,WAS
WAS201107050,WAS,CHN,3,0,,N,detwr001,ortir002,WAS
WAS201107060,WAS,CHN,2,0,,N,mattr001,woodk002,WAS
WAS201107070,WAS,CHN,0,0,,N,marss002,rodrh002,CHN
WAS201107080,WAS,COL,1,0,,N,hammj002,lannj001,COL
WAS201107090,WAS,COL,0,0,,N,jimeu001,marqj001,COL
WAS201107100,WAS,COL,0,0,,D,zimmj003,chacj001,WAS
WAS201107260,WAS,FLO,0,1,,N,nolar001,zimmj003,FLO
WAS201107270,WAS,FLO,0,0,,N,vazqj001,hernl003,FLO
WAS201107280,WAS,FLO,0,0,,D,sancb001,lannj001,FLO
WAS201107290,WAS,NYN,0,4,,N,gee-d001,wangc001,NYN
WAS201107300,WAS,NYN,3,0,,N,mayay001,dickr001,WAS
WAS201107310,WAS,NYN,0,0,,D,stord001,parnb001,WAS
WAS201108010,WAS,ATL,1,0,,N,hernl003,jurrj001,WAS
WAS201108020,WAS,ATL,0,0,,N,lannj001,lowed001,WAS
WAS201108030,WAS,ATL,0,2,,D,beacb001,wangc001,ATL
WAS201108160,WAS,CIN,3,2,,N,wangc001,leakm001,WAS
WAS201108170,WAS,CIN,0,1,,N,cuetj001,detwr001,CIN
WAS201108180,WAS,CIN,0,0,,N,zimmj003,arrob001,WAS
WAS201108190,WAS,PHI,0,0,,N,cofft001,madsr001,WAS
WAS201108200,WAS,PHI,0,0,,N,oswar001,lannj001,PHI
WAS201108210,WAS,PHI,2,0,,D,burns001,lidgb001,WAS
WAS201108220,WAS,ARI,0,0,,N,detwr001,saunj001,WAS
WAS201108230,WAS,ARI,0,0,,N,kenni001,zimmj003,ARI
WAS201108240,WAS,ARI,0,0,,N,hudsd001,hernl003,ARI
WAS201108250,WAS,ARI,0,0,,N,milew001,lannj001,ARI
WAS201109020,WAS,NYN,1,3,,N,dickr001,detwr001,NYN
WAS201109030,WAS,NYN,1,0,,N,burns001,parnb001,WAS
WAS201109040,WAS,NYN,0,0,,D,igarr001,hernl003,NYN
WAS201109050,WAS,LAN,4,1,,D,lannj001,kuroh001,WAS
WAS201109060,WAS,LAN,0,0,,N,jansk001,rodrh002,LAN
WAS201109080,WAS,LAN,0,2,,D,macdm001,stord001,LAN
WAS201109090,WAS,HOU,2,0,,N,clipt001,harrl002,WAS
WAS201109100,WAS,HOU,0,0,,N,rodrw002,lannj001,HOU
WAS201109110,WAS,HOU,0,1,,D,gorzt001,sosah001,WAS
WAS201109160,WAS,FLO,0,0,,N,vazqj001,lannj001,FLO
WAS201109170,WAS,FLO,0,0,,N,hensc002,balec001,FLO
WAS201109180,WAS,FLO,0,0,,D,wangc001,handb001,WAS
WAS201109230,WAS,ATL,0,3,,N,hudst001,stras001,ATL
WAS201109240,WAS,ATL,0,0,,D,wangc001,beacb001,WAS
WAS201109250,WAS,ATL,0,0,,D,detwr001,minom001,WAS
