travel_quartile,home_win_pct
1,0.5338947368421053
2,0.5115067303517151
3,0.5257953568357696
4,0.5062689148292261
