game_id,hometeam,visteam,home_first_inning_runs,visiting_first_inning_runs,home_pitcher,vis_pitcher
ANA202404050,ANA,BOS,0,0,sorij002,martc007
ANA202404060,ANA,BOS,0,0,detmr001,weisg001
ANA202404070,ANA,BOS,0,0,silsc001,houct001
ANA202404080,ANA,TBA,2,0,andet002,efliz001
ANA202404090,ANA,TBA,2,0,sandp002,civaa001
ANA202404100,ANA,TBA,0,3,sorij002,kellk004
ANA202404220,ANA,BAL,0,0,detmr001,suara001
ANA202404230,ANA,BAL,1,0,canng001,rodrg003
ANA202404240,ANA,BAL,0,0,andet002,kremd001
ANA202404260,ANA,MIN,0,0,sandp002,oberb002
ANA202404270,ANA,MIN,0,1,sorij002,paddc001
ANA202404280,ANA,MIN,0,0,detmr001,lopep002
ANA202404290,ANA,PHI,1,3,cimba001,domis001
ANA202404300,ANA,PHI,0,0,estec001,alvaj004
ANA202405010,ANA,PHI,0,0,sandp002,wheez001
ANA202405090,ANA,KCA,0,0,detmr001,wachm001
ANA202405100,ANA,KCA,0,0,estec001,dufft001
ANA202405110,ANA,KCA,0,1,andet002,ragac001
ANA202405120,ANA,KCA,0,0,sandp002,lugos001
ANA202405130,ANA,SLN,0,0,moorm003,leahk001
ANA202405140,ANA,SLN,0,0,strih001,grays001
ANA202405150,ANA,SLN,4,0,canng001,lynnl001
ANA202405240,ANA,CLE,1,0,sandp002,allel003
ANA202405250,ANA,CLE,0,0,sorij002,bibet001
ANA202405260,ANA,CLE,0,0,detmr001,liveb001
ANA202405280,ANA,NYA,2,1,moorm003,weavl001
ANA202405290,ANA,NYA,0,0,andet002,gil-l001
ANA202405300,ANA,NYA,0,0,sandp002,rodoc001
ANA202406030,ANA,SDN,0,1,strih001,morea001
ANA202406040,ANA,SDN,0,0,moorm003,matsy001
ANA202406050,ANA,SDN,1,0,sorij002,ceasd001
ANA202406070,ANA,HOU,0,1,canng001,valdf001
ANA202406080,ANA,HOU,0,0,andet002,browh001
ANA202406090,ANA,HOU,0,0,estec001,hadej001
ANA202406170,ANA,MIL,0,0,plesz001,rodrc003
ANA202406180,ANA,MIL,0,1,canng001,myert001
ANA202406190,ANA,MIL,0,1,andet002,peraf001
ANA202406240,ANA,OAK,2,0,canng001,medil002
ANA202406250,ANA,OAK,0,0,andet002,spenm001
ANA202406260,ANA,OAK,0,0,moorm003,estej001
ANA202406270,ANA,DET,0,0,danid001,flahj002
ANA202406280,ANA,DET,2,0,garcl005,mills001
ANA202406290,ANA,DET,0,1,joycb001,folej001
ANA202406300,ANA,DET,0,1,andet002,mizec001
ANA202407080,ANA,TEX,0,2,danid001,grayj003
ANA202407090,ANA,TEX,0,1,garcl005,leclj001
ANA202407100,ANA,TEX,0,0,crouh001,lorem002
ANA202407110,ANA,SEA,0,4,kochj001,castl003
ANA202407120,ANA,SEA,2,2,crouh001,votha001
ANA202407130,ANA,SEA,0,1,sorij002,kirbg001
ANA202407140,ANA,SEA,0,0,crouh001,votha001
ANA202407250,ANA,OAK,0,2,rosek001,strir001
ANA202407260,ANA,OAK,4,0,crouh001,blacp001
ANA202407270,ANA,OAK,0,3,andet002,spenm001
ANA202407280,ANA,OAK,0,0,contr001,bidoo001
ANA202407300,ANA,COL,2,2,quijj001,birdj001
ANA202407310,ANA,COL,0,1,crouh001,freek001
ANA202408010,ANA,COL,0,0,crouh001,vodnv001
ANA202408020,ANA,NYN,0,0,andet002,blacp001
ANA202408030,ANA,NYN,1,0,moorm003,brazh001
ANA202408040,ANA,NYN,0,0,canng001,quinj001
ANA202408120,ANA,TOR,0,0,danid001,franb002
ANA202408130,ANA,TOR,0,3,fulmc001,gausk001
ANA202408140,ANA,TOR,0,0,andet002,berrj001
ANA202408160,ANA,ATL,0,0,burkb001,schws001
ANA202408170,ANA,ATL,0,3,canng001,salec001
ANA202408180,ANA,ATL,0,1,kochj001,mortc002
ANA202408300,ANA,SEA,2,5,aldes001,kirbg001
ANA202408310,ANA,SEA,0,0,joycb001,munoa002
ANA202409010,ANA,SEA,1,0,danac001,millb004
ANA202409030,ANA,LAN,0,0,contr001,kopem001
ANA202409040,ANA,LAN,5,0,canng001,millb005
ANA202409130,ANA,HOU,0,0,aldes001,kikuy001
ANA202409140,ANA,HOU,1,1,andet002,verlj001
ANA202409150,ANA,HOU,0,0,danac001,blanr001
ANA202409160,ANA,CHA,0,3,detmr001,cannj001
ANA202409170,ANA,CHA,0,0,canng001,martd006
ANA202409180,ANA,CHA,0,0,quijj001,iriaj001
ANA202409270,ANA,TEX,1,3,detmr001,robed005
ANA202409280,ANA,TEX,0,0,quijj001,dunnd001
ANA202409290,ANA,TEX,0,0,kochj001,eovan001
ARI202403280,ARI,COL,2,0,gallz001,freek001
ARI202403290,ARI,COL,2,0,kellm002,quanc001
ARI202403300,ARI,COL,2,0,henrt001,lambp001
ARI202403310,ARI,COL,3,0,pfaab001,feltr001
ARI202404010,ARI,NYA,0,0,nelsr003,weavl001
ARI202404020,ARI,NYA,3,0,gallz001,cortn001
ARI202404030,ARI,NYA,0,0,mcgos001,holmc001
ARI202404120,ARI,SLN,0,3,mantj002,gallg001
ARI202404130,ARI,SLN,1,0,nelsr003,gibsk002
ARI202404140,ARI,SLN,0,0,gallz001,mikom001
ARI202404150,ARI,CHN,0,0,jarvb001,thomk002
ARI202404160,ARI,CHN,0,0,ginkk001,smyld001
ARI202404170,ARI,CHN,1,0,pfaab001,wesnh001
ARI202404290,ARI,LAN,1,0,henrt001,paxtj001
ARI202404300,ARI,LAN,0,0,mcgos001,crisn001
ARI202405010,ARI,LAN,0,0,montj004,yamay001
ARI202405030,ARI,SDN,0,0,ceccs001,ceasd001
ARI202405040,ARI,SDN,0,1,pfaab001,kingm002
ARI202405050,ARI,SDN,4,0,nelsr003,waldm003
ARI202405130,ARI,CIN,0,0,martj011,diaza004
ARI202405140,ARI,CIN,0,0,ceccs001,greeh001
ARI202405150,ARI,CIN,0,0,thomr007,cruzf002
ARI202405170,ARI,DET,0,0,nelsr003,skubt001
ARI202405180,ARI,DET,0,0,gallz001,flahj002
ARI202405190,ARI,DET,2,0,thomr007,holtt002
ARI202405240,ARI,MIA,0,0,gallz001,garrb001
ARI202405250,ARI,MIA,2,1,montj004,sancs001
ARI202405260,ARI,MIA,0,0,ginkk001,weatr001
ARI202406030,ARI,SFN,0,0,thomr007,rodrr010
ARI202406040,ARI,SFN,0,0,ginkk001,harrk001
ARI202406050,ARI,SFN,1,0,montj004,hjels001
ARI202406110,ARI,ANA,0,0,montj004,suarj001
ARI202406120,ARI,ANA,0,1,ceccs001,sorij002
ARI202406130,ARI,ANA,3,0,pfaab001,canng001
ARI202406140,ARI,CHA,0,0,nelsr003,flexc001
ARI202406150,ARI,CHA,1,0,vieit001,fedde001
ARI202406160,ARI,CHA,3,0,montj004,thord001
ARI202406250,ARI,MIN,2,0,ginkk001,alcaj001
ARI202406260,ARI,MIN,0,0,nelsr003,woods002
ARI202406270,ARI,MIN,0,0,montj004,festd001
ARI202406280,ARI,OAK,2,0,thomr007,alexs001
ARI202406290,ARI,OAK,0,0,gallz001,harrh002
ARI202406300,ARI,OAK,0,0,mantj002,mcfat001
ARI202407080,ARI,ATL,0,1,martj011,igler001
ARI202407090,ARI,ATL,0,0,gallz001,salec001
ARI202407100,ARI,ATL,0,0,thomr007,jimej003
ARI202407110,ARI,ATL,0,0,pfaab001,friem001
ARI202407120,ARI,TOR,0,0,martj011,greec003
ARI202407130,ARI,TOR,1,0,diazy005,berrj001
ARI202407140,ARI,TOR,0,0,ginkk001,richt001
ARI202407260,ARI,PIT,0,2,gallz001,mlodc001
ARI202407270,ARI,PIT,1,1,pfaab001,prieq001
ARI202407280,ARI,PIT,0,0,martj011,chapa001
ARI202407290,ARI,WAS,0,5,mantj002,finnk001
ARI202407300,ARI,WAS,2,0,nelsr003,corbp001
ARI202407310,ARI,WAS,0,0,gallz001,gorem001
ARI202408080,ARI,PHI,0,0,montj004,allak001
ARI202408090,ARI,PHI,1,0,martj011,hoffj003
ARI202408100,ARI,PHI,1,0,ginkk001,nolaa001
ARI202408110,ARI,PHI,1,2,kellm002,sancc002
ARI202408120,ARI,COL,0,0,pfaab001,molia001
ARI202408130,ARI,COL,0,0,mantj002,vodnv001
ARI202408140,ARI,COL,4,0,montj004,gordt002
ARI202408270,ARI,NYN,0,0,pfaab001,manas001
ARI202408280,ARI,NYN,0,0,thomr007,diaze006
ARI202408290,ARI,NYN,0,0,martj011,buttj001
ARI202408300,ARI,LAN,2,2,flord002,brasr001
ARI202408310,ARI,LAN,4,3,thomr007,caspb001
ARI202409010,ARI,LAN,0,0,pfaab001,wrobj001
ARI202409020,ARI,LAN,0,0,rodre004,flahj002
ARI202409100,ARI,TEX,2,0,gallz001,eovan001
ARI202409110,ARI,TEX,3,0,flord002,bradc003
ARI202409130,ARI,MIL,1,0,rodre004,peraf001
ARI202409140,ARI,MIL,0,1,pfaab001,myert001
ARI202409150,ARI,MIL,2,0,walsb001,koenj001
ARI202409230,ARI,SFN,1,0,rodre004,birdh001
ARI202409240,ARI,SFN,0,0,pfaab001,webbl001
ARI202409250,ARI,SFN,0,0,gallz001,blacm001
ARI202409270,ARI,SDN,2,4,kellm002,darvy001
ARI202409280,ARI,SDN,0,0,puk-a001,peraw002
ARI202409290,ARI,SDN,0,0,pfaab001,perem004
ATL202404050,ATL,ARI,1,3,johnp001,mcgos001
ATL202404060,ATL,ARI,0,6,minta001,frial001
ATL202404070,ATL,ARI,0,0,salec001,nelsr003
ATL202404080,ATL,NYN,0,0,johnp001,diekj001
ATL202404090,ATL,NYN,1,0,loper003,housa001
ATL202404110,ATL,NYN,0,1,winaa001,quinj001
ATL202404190,ATL,TEX,1,1,salec001,latzj001
ATL202404200,ATL,TEX,0,0,mortc002,eovan001
ATL202404210,ATL,TEX,3,0,vined001,lorem002
ATL202404220,ATL,MIA,0,0,eldeb001,weatr001
ATL202404230,ATL,MIA,0,0,friem001,roget003
ATL202404240,ATL,MIA,2,0,minta001,scott003
ATL202404260,ATL,CLE,0,1,salec001,allel003
ATL202404270,ATL,CLE,0,0,lee-d005,barls001
ATL202404280,ATL,CLE,0,0,minta001,clase001
ATL202405070,ATL,BOS,0,0,jimej003,slatj002
ATL202405080,ATL,BOS,4,0,salec001,piven001
ATL202405130,ATL,CHN,0,0,kerrr001,wesnh001
ATL202405140,ATL,CHN,1,0,salec001,tailj001
ATL202405150,ATL,CHN,0,3,mortc002,assaj001
ATL202405170,ATL,SDN,1,0,friem001,waldm003
ATL202405190,ATL,SDN,0,3,eldeb001,darvy001
ATL202405201,ATL,SDN,2,0,jimej003,britj003
ATL202405202,ATL,SDN,1,0,salec001,vasqr001
ATL202405270,ATL,WAS,0,4,mortc002,parkm001
ATL202405280,ATL,WAS,0,0,friem001,barnj002
ATL202405290,ATL,WAS,0,0,schws001,gorem001
ATL202405300,ATL,WAS,0,0,kerrr001,willt002
ATL202405310,ATL,OAK,1,0,loper003,searj001
ATL202406010,ATL,OAK,2,2,hergj001,kellm004
ATL202406020,ATL,OAK,1,0,lee-d005,adama002
ATL202406140,ATL,TBA,5,1,salec001,littz001
ATL202406150,ATL,TBA,0,1,mortc002,pepir001
ATL202406160,ATL,TBA,1,1,igler001,adamj002
ATL202406170,ATL,DET,0,0,hernd005,mills001
ATL202406180,ATL,DET,2,0,schws001,mizec001
ATL202406190,ATL,DET,0,0,loper003,skubt001
ATL202406280,ATL,PIT,0,0,mortc002,perem004
ATL202406290,ATL,PIT,1,0,hernd005,nicok001
ATL202406300,ATL,PIT,0,0,schws001,faltb001
ATL202407020,ATL,SFN,0,0,lee-d005,birdh001
ATL202407030,ATL,SFN,0,0,salec001,hickj002
ATL202407040,ATL,SFN,2,0,mortc002,webbl001
ATL202407050,ATL,PHI,0,0,friem001,nolaa001
ATL202407060,ATL,PHI,3,0,schws001,suarr001
ATL202407070,ATL,PHI,0,0,loper003,mercm002
ATL202407201,ATL,SLN,0,0,johnp001,roycc001
ATL202407202,ATL,SLN,1,1,eldeb001,grays001
ATL202407210,ATL,SLN,0,0,schws001,mikom001
ATL202407220,ATL,CIN,0,1,loper003,greeh001
ATL202407240,ATL,CIN,1,4,winaa001,molls001
ATL202408010,ATL,MIA,3,0,mortc002,meyem001
ATL202408020,ATL,MIA,0,2,bumma001,faucc001
ATL202408030,ATL,MIA,1,0,johnp001,crond001
ATL202408040,ATL,MIA,0,0,friem001,cabre003
ATL202408060,ATL,MIL,0,3,eldeb001,rea-c001
ATL202408070,ATL,MIL,2,0,johnp001,peraf001
ATL202408080,ATL,MIL,0,3,mortc002,pegue001
ATL202408200,ATL,PHI,0,0,holmg001,wheez001
ATL202408210,ATL,PHI,0,0,jimej003,stram001
ATL202408220,ATL,PHI,0,1,schws001,sancc002
ATL202408230,ATL,WAS,1,0,igler001,salae001
ATL202408240,ATL,WAS,0,0,bumma001,garcr008
ATL202408250,ATL,WAS,0,1,jackl001,barnj002
ATL202409030,ATL,COL,0,0,salec001,freek001
ATL202409040,ATL,COL,4,0,mortc002,blalb001
ATL202409050,ATL,COL,1,0,loper003,gomba001
ATL202409060,ATL,TOR,0,0,friem001,gausk001
ATL202409070,ATL,TOR,0,0,schws001,berrj001
ATL202409080,ATL,TOR,0,0,igler001,pop-z001
ATL202409090,ATL,CIN,0,0,mortc002,martn002
ATL202409130,ATL,LAN,1,0,schws001,knacl001
ATL202409140,ATL,LAN,1,0,salec001,flahj002
ATL202409150,ATL,LAN,0,0,igler001,kopem001
ATL202409160,ATL,LAN,0,0,friem001,phile001
ATL202409240,ATL,NYN,0,0,schws001,sevel001
ATL202409270,ATL,KCA,0,0,friem001,singb001
ATL202409280,ATL,KCA,0,0,igler001,longs002
ATL202409290,ATL,KCA,0,3,mortc002,marsa001
ATL202409301,ATL,NYN,0,0,johnp001,diaze006
ATL202409302,ATL,NYN,0,0,hernd005,luccj001
BAL202403280,BAL,ANA,2,1,burnc002,sandp002
BAL202403300,BAL,ANA,2,0,rodrg003,canng001
BAL202403310,BAL,ANA,0,2,wellt003,detmr001
BAL202404010,BAL,KCA,0,0,kimbc001,anden001
BAL202404020,BAL,KCA,0,0,irvic001,marsa001
BAL202404030,BAL,KCA,0,1,canoy001,smitw002
BAL202404120,BAL,MIL,0,0,wellt003,peraf001
BAL202404130,BAL,MIL,3,0,kremd001,pegue001
BAL202404140,BAL,MIL,1,1,canoy001,uriba001
BAL202404150,BAL,MIN,2,0,tated001,varll001
BAL202404160,BAL,MIN,0,0,rodrg003,paddc001
BAL202404170,BAL,MIN,1,0,kimbc001,jax-g001
BAL202404260,BAL,OAK,0,1,webbj002,spenm001
BAL202404270,BAL,OAK,0,0,irvic001,searj001
BAL202404280,BAL,OAK,0,0,kimbc001,mcfat001
BAL202404290,BAL,NYA,1,0,rodrg003,schmc002
BAL202404300,BAL,NYA,0,0,kremd001,cortn001
BAL202405010,BAL,NYA,0,0,burnc002,gil-l001
BAL202405020,BAL,NYA,0,0,akink001,rodoc001
BAL202405100,BAL,ARI,0,0,irvic001,pfaab001
BAL202405110,BAL,ARI,0,0,kimbc001,jarvb001
BAL202405120,BAL,ARI,0,0,kremd001,gallz001
BAL202405130,BAL,TOR,0,0,webbj002,romaj004
BAL202405150,BAL,TOR,1,0,could001,romaj004
BAL202405170,BAL,SEA,5,1,meanj001,millb004
BAL202405180,BAL,SEA,0,0,canoy001,stanr002
BAL202405190,BAL,SEA,2,0,burnc002,kirbg001
BAL202405270,BAL,BOS,0,0,irvic001,crisc002
BAL202405280,BAL,BOS,3,2,rodrg003,bellb002
BAL202405290,BAL,BOS,0,0,burnc002,crawk001
BAL202405310,BAL,TBA,0,0,perec004,lover001
BAL202406010,BAL,TBA,3,0,webbj002,bradt002
BAL202406020,BAL,TBA,1,0,tated001,armss001
BAL202406110,BAL,ATL,0,0,suara001,friem001
BAL202406120,BAL,ATL,0,0,akink001,jimej003
BAL202406130,BAL,ATL,0,2,irvic001,loper003
BAL202406140,BAL,PHI,0,1,webbj002,kerko001
BAL202406150,BAL,PHI,0,1,rodrg003,walkt004
BAL202406160,BAL,PHI,1,0,burnc002,wheez001
BAL202406240,BAL,CLE,1,1,povic001,bibet001
BAL202406250,BAL,CLE,2,1,irvic001,avilp001
BAL202406260,BAL,CLE,0,0,rodrg003,currx001
BAL202406270,BAL,TEX,3,0,burnc002,grayj003
BAL202406280,BAL,TEX,0,0,suara001,schem001
BAL202406290,BAL,TEX,0,1,povic001,lorem002
BAL202406300,BAL,TEX,0,0,irvic001,heana001
BAL202407090,BAL,CHN,0,1,kremd001,tailj001
BAL202407100,BAL,CHN,0,0,burnc002,imans001
BAL202407110,BAL,CHN,0,0,suara001,steej002
BAL202407120,BAL,NYA,0,0,povic001,coleg001
BAL202407130,BAL,NYA,0,4,rodrg003,gil-l001
BAL202407140,BAL,NYA,0,0,kimbc001,holmc001
BAL202407260,BAL,SDN,0,0,kimbc001,suarr002
BAL202407270,BAL,SDN,0,0,kremd001,kingm002
BAL202407280,BAL,SDN,0,0,perec004,vasqr001
BAL202407291,BAL,TOR,4,0,efliz001,rodry003
BAL202407292,BAL,TOR,1,1,povic001,franb002
BAL202407300,BAL,TOR,1,0,burnc002,bassc001
BAL202407310,BAL,TOR,2,0,rodrg003,espip001
BAL202408130,BAL,WAS,0,2,roget003,irvij001
BAL202408140,BAL,WAS,2,0,kremd001,herzd001
BAL202408150,BAL,BOS,0,0,efliz001,piven001
BAL202408160,BAL,BOS,0,2,burnc002,crisc002
BAL202408170,BAL,BOS,0,0,povic001,bellb002
BAL202408180,BAL,BOS,0,0,suara001,crawk001
BAL202408220,BAL,HOU,0,0,burnc002,arris001
BAL202408230,BAL,HOU,0,0,kimbc001,abreb002
BAL202408240,BAL,HOU,0,1,akink001,valdf001
BAL202408250,BAL,HOU,0,0,smitb005,nerih001
BAL202409020,BAL,CHA,1,2,burnc002,flexc001
BAL202409030,BAL,CHA,3,0,povic001,nastn001
BAL202409040,BAL,CHA,1,1,suara001,cannj001
BAL202409060,BAL,TBA,0,0,kremd001,baz-s001
BAL202409070,BAL,TBA,0,1,efliz001,pepir001
BAL202409080,BAL,TBA,0,0,burnc002,littz001
BAL202409170,BAL,SFN,0,1,suara001,snelb001
BAL202409180,BAL,SFN,0,1,kremd001,birdh001
BAL202409190,BAL,SFN,0,0,sotog003,walkr001
BAL202409200,BAL,DET,2,0,burnc002,holtt002
BAL202409210,BAL,DET,0,0,canoy001,brieb001
BAL202409220,BAL,DET,0,0,suara001,guens001
BOS202404090,BOS,BAL,1,0,bellb002,burnc002
BOS202404100,BOS,BAL,0,0,martc007,baumm001
BOS202404110,BOS,BAL,2,0,campi001,kimbc001
BOS202404120,BOS,ANA,0,3,houct001,detmr001
BOS202404130,BOS,ANA,4,0,weisg001,canng001
BOS202404140,BOS,ANA,2,0,bellb002,andet002
BOS202404150,BOS,CLE,0,0,bernb001,herrt002
BOS202404160,BOS,CLE,0,0,wincj001,clase001
BOS202404170,BOS,CLE,0,0,houct001,liveb001
BOS202404180,BOS,CLE,1,0,crisc002,carrc003
BOS202404260,BOS,CHN,0,0,crawk001,imans001
BOS202404270,BOS,CHN,2,0,slatj002,browb006
BOS202404280,BOS,CHN,1,0,jansk001,leitm002
BOS202404300,BOS,SFN,1,0,crisc002,webbl001
BOS202405010,BOS,SFN,0,0,crawk001,jeffd001
BOS202405020,BOS,SFN,0,0,kellz001,walkr001
BOS202405100,BOS,WAS,0,0,houct001,corbp001
BOS202405110,BOS,WAS,0,0,martc007,garcr008
BOS202405120,BOS,WAS,0,0,bellb002,gorem001
BOS202405130,BOS,TBA,3,3,crawk001,efliz001
BOS202405140,BOS,TBA,0,1,bernb001,rodrm001
BOS202405150,BOS,TBA,1,0,houct001,bradt002
BOS202405160,BOS,TBA,0,0,jansk001,rodrm001
BOS202405240,BOS,MIL,0,0,crawk001,wilsb003
BOS202405250,BOS,MIL,0,0,piven001,rea-c001
BOS202405260,BOS,MIL,0,0,slatj002,pegue001
BOS202405300,BOS,DET,0,0,piven001,flahj002
BOS202405310,BOS,DET,0,1,houct001,maedk001
BOS202406010,BOS,DET,0,1,crisc002,olsor001
BOS202406020,BOS,DET,1,0,boosc001,chafa001
BOS202406040,BOS,ATL,0,0,crawk001,friem001
BOS202406050,BOS,ATL,0,0,piven001,schws001
BOS202406110,BOS,PHI,1,1,crawk001,wheez001
BOS202406120,BOS,PHI,0,2,boosc001,ruizj001
BOS202406130,BOS,PHI,0,0,houct001,nolaa001
BOS202406140,BOS,NYA,0,2,bellb002,gil-l001
BOS202406150,BOS,NYA,3,0,slatj002,rodoc001
BOS202406160,BOS,NYA,0,1,crawk001,strom001
BOS202406240,BOS,TOR,0,0,jansk001,pop-z001
BOS202406250,BOS,TOR,0,0,bellb002,gausk001
BOS202406260,BOS,TOR,0,0,piven001,pop-z001
BOS202406280,BOS,SDN,0,0,piven001,koles001
BOS202406290,BOS,SDN,0,0,houct001,kingm002
BOS202406300,BOS,SDN,2,0,wincj001,waldm003
BOS202407090,BOS,OAK,3,2,bellb002,estej001
BOS202407100,BOS,OAK,0,0,piven001,searj001
BOS202407110,BOS,OAK,3,0,houct001,medil002
BOS202407120,BOS,KCA,0,1,crisc002,ragac001
BOS202407130,BOS,KCA,0,0,crawk001,lugos001
BOS202407140,BOS,KCA,2,1,bellb002,singb001
BOS202407260,BOS,NYA,1,0,hornb002,weavl001
BOS202407270,BOS,NYA,3,3,andec001,holmc001
BOS202407280,BOS,NYA,0,3,houct001,rodoc001
BOS202407290,BOS,SEA,0,0,piven001,gilbl002
BOS202407300,BOS,SEA,0,1,paxtj001,castl003
BOS202407310,BOS,SEA,1,0,kellz001,diazj007
BOS202408090,BOS,HOU,0,1,simsl001,ort-k001
BOS202408100,BOS,HOU,0,1,kellb003,arris001
BOS202408110,BOS,HOU,0,0,simsl001,browh001
BOS202408120,BOS,TEX,0,0,wincj001,garag001
BOS202408130,BOS,TEX,1,0,crawk001,urenj001
BOS202408140,BOS,TEX,0,0,kellz001,festm001
BOS202408230,BOS,ARI,1,2,bellb002,nelsr003
BOS202408240,BOS,ARI,0,0,crawk001,gallz001
BOS202408250,BOS,ARI,1,0,houct001,kellm002
BOS202408260,BOS,TOR,0,0,kellb003,berrj001
BOS202408270,BOS,TOR,3,0,weisg001,rodry003
BOS202408280,BOS,TOR,1,0,bellb002,bassc001
BOS202408290,BOS,TOR,0,0,crawk001,franb002
BOS202409060,BOS,CHA,0,0,kellz001,fostm001
BOS202409070,BOS,CHA,4,2,crisc002,crocg001
BOS202409080,BOS,CHA,0,0,kellz001,ellaf001
BOS202409090,BOS,BAL,1,1,bellb002,povic001
BOS202409100,BOS,BAL,0,1,crawk001,suara001
BOS202409110,BOS,BAL,0,0,weisg001,akink001
BOS202409200,BOS,MIN,0,0,crisc002,blews001
BOS202409221,BOS,MIN,3,0,piven001,lopep002
BOS202409222,BOS,MIN,0,0,crawk001,irvic001
BOS202409270,BOS,TBA,0,0,piven001,bradt002
BOS202409280,BOS,TBA,1,0,crawk001,baz-s001
BOS202409290,BOS,TBA,0,0,prieq001,pepir001
CHA202403280,CHA,DET,0,0,crocg001,skubt001
CHA202403300,CHA,DET,2,3,garcd003,mills001
CHA202403310,CHA,DET,0,0,wilss002,holtt002
CHA202404010,CHA,ATL,0,0,flexc001,mortc002
CHA202404020,CHA,ATL,0,0,crocg001,minta001
CHA202404120,CHA,CIN,0,1,flexc001,abboa001
CHA202404130,CHA,CIN,0,0,crocg001,lodon001
CHA202404140,CHA,CIN,0,0,sorom001,ashcg001
CHA202404150,CHA,KCA,0,0,nastn001,lugos001
CHA202404171,CHA,KCA,0,0,kopem001,anden001
CHA202404172,CHA,KCA,0,0,fedde001,wachm001
CHA202404260,CHA,TBA,0,0,flexc001,efliz001
CHA202404270,CHA,TBA,0,0,garcd003,matop002
CHA202404280,CHA,TBA,0,0,fedde001,littz001
CHA202404290,CHA,MIN,2,0,brebj001,jax-g001
CHA202404300,CHA,MIN,0,0,kopem001,thiec001
CHA202405010,CHA,MIN,2,0,leond003,oberb002
CHA202405090,CHA,CLE,1,0,fedde001,liveb001
CHA202405100,CHA,CLE,0,0,crocg001,carrc003
CHA202405110,CHA,CLE,0,0,hillt002,mcket001
CHA202405120,CHA,CLE,0,0,sorom001,allel003
CHA202405141,CHA,WAS,0,0,brebj001,law-d001
CHA202405142,CHA,WAS,0,0,fedde001,parkm001
CHA202405150,CHA,WAS,0,0,crocg001,corbp001
CHA202405230,CHA,BAL,1,0,clevm001,rodrg003
CHA202405240,CHA,BAL,0,0,brebj001,canoy001
CHA202405250,CHA,BAL,0,0,kopem001,tated001
CHA202405260,CHA,BAL,0,0,crocg001,bradk001
CHA202405270,CHA,TOR,0,0,nastn001,bassc001
CHA202405280,CHA,TOR,0,0,woodj003,gausk001
CHA202405290,CHA,TOR,0,0,flexc001,richt001
CHA202406060,CHA,BOS,0,1,woodj003,houct001
CHA202406070,CHA,BOS,1,0,crocg001,crisc002
CHA202406080,CHA,BOS,0,0,bankt001,bellb002
CHA202406090,CHA,BOS,0,0,sorom001,jansk001
CHA202406180,CHA,HOU,0,0,cannj001,valdf001
CHA202406190,CHA,HOU,0,0,crocg001,browh001
CHA202406200,CHA,HOU,0,1,wilss002,scott004
CHA202406240,CHA,LAN,0,0,wilss002,hudsd001
CHA202406250,CHA,LAN,3,1,flexc001,petem001
CHA202406260,CHA,LAN,0,1,fedde001,stong001
CHA202406270,CHA,ATL,1,0,shusj001,salec001
CHA202406280,CHA,COL,0,0,thord001,hudsd002
CHA202406290,CHA,COL,0,0,bankt001,quanc001
CHA202406300,CHA,COL,0,0,sorom001,beekj001
CHA202407080,CHA,MIN,0,1,shusj001,duraj002
CHA202407101,CHA,MIN,0,0,fedde001,oberb002
CHA202407102,CHA,MIN,0,0,sorom001,okers001
CHA202407120,CHA,PIT,0,0,cannj001,gonzm005
CHA202407130,CHA,PIT,0,1,flexc001,nicok001
CHA202407140,CHA,PIT,1,0,kuhlc001,prieq001
CHA202407260,CHA,SEA,0,8,thord001,kirbg001
CHA202407270,CHA,SEA,0,0,fedde001,snidc001
CHA202407280,CHA,SEA,0,2,crocg001,millb004
CHA202407290,CHA,KCA,1,0,brebj001,strac001
CHA202407300,CHA,KCA,1,0,ellaf001,wachm001
CHA202407310,CHA,KCA,0,1,thord001,singb001
CHA202408090,CHA,CHN,0,3,crocg001,tailj001
CHA202408100,CHA,CHN,0,0,kuhlc001,hodgp001
CHA202408120,CHA,NYA,2,1,toust001,gil-l001
CHA202408130,CHA,NYA,0,0,cannj001,cortn001
CHA202408140,CHA,NYA,0,1,leond003,hillt002
CHA202408230,CHA,DET,0,1,ellaf001,vestw001
CHA202408240,CHA,DET,0,1,bushk001,skubt001
CHA202408250,CHA,DET,2,0,cannj001,sammb001
CHA202408260,CHA,DET,1,0,shusj001,guens001
CHA202408270,CHA,TEX,0,1,flexc001,festm001
CHA202408280,CHA,TEX,2,0,andej005,urenj001
CHA202408290,CHA,TEX,0,0,nastn001,eovan001
CHA202408300,CHA,NYN,1,0,cannj001,megit002
CHA202408310,CHA,NYN,0,3,martd006,quinj001
CHA202409010,CHA,NYN,0,0,crocg001,manas001
CHA202409090,CHA,CLE,0,2,shusj001,cantj002
CHA202409100,CHA,CLE,0,0,cannj001,avilp001
CHA202409110,CHA,CLE,0,2,martd006,sandn001
CHA202409130,CHA,OAK,0,0,crocg001,bassb002
CHA202409140,CHA,OAK,0,0,varlg001,harrh002
CHA202409150,CHA,OAK,3,0,burks001,searj001
CHA202409240,CHA,ANA,0,0,berrp001,strih001
CHA202409250,CHA,ANA,0,0,shusj001,quijj001
CHA202409260,CHA,ANA,0,0,flexc001,andet002
CHN202404010,CHN,COL,0,0,imans001,hudsd002
CHN202404020,CHN,COL,2,0,assaj001,freek001
CHN202404030,CHN,COL,0,0,alzoa001,mearn001
CHN202404050,CHN,LAN,0,2,smyld001,millb005
CHN202404060,CHN,LAN,0,0,wickj001,yamay001
CHN202404070,CHN,LAN,3,0,almoy001,stong001
CHN202404190,CHN,MIA,2,0,tailj001,puk-a001
CHN202404201,CHN,MIA,0,0,alzoa001,faucc001
CHN202404202,CHN,MIA,1,0,imans001,benda001
CHN202404210,CHN,MIA,0,0,hendk001,cabre003
CHN202404230,CHN,HOU,5,0,wickj001,franj006
CHN202404240,CHN,HOU,4,0,tailj001,arris001
CHN202404250,CHN,HOU,0,1,wesnh001,montr004
CHN202405030,CHN,MIL,0,0,alzoa001,pegue001
CHN202405040,CHN,MIL,2,0,tailj001,myert001
CHN202405050,CHN,MIL,0,0,assaj001,peraf001
CHN202405060,CHN,SDN,0,0,lover001,darvy001
CHN202405070,CHN,SDN,0,0,nerih001,deloe001
CHN202405080,CHN,SDN,0,1,wesnh001,ceasd001
CHN202405160,CHN,PIT,0,2,steej002,jonej008
CHN202405170,CHN,PIT,0,0,hendk001,skenp001
CHN202405180,CHN,PIT,0,0,nerih001,bednd001
CHN202405190,CHN,PIT,0,0,tailj001,kellm003
CHN202405210,CHN,ATL,0,0,littl001,bumma001
CHN202405220,CHN,ATL,0,0,steej002,friem001
CHN202405230,CHN,ATL,0,0,wesnh001,lee-d005
CHN202405310,CHN,CIN,0,0,smyld001,cruzf002
CHN202406010,CHN,CIN,0,0,leitm002,simsl001
CHN202406020,CHN,CIN,0,0,browb006,lodon001
CHN202406040,CHN,CHA,0,0,littl001,leasj001
CHN202406050,CHN,CHA,0,1,nerih001,kopem001
CHN202406140,CHN,SLN,0,0,wesnh001,gibsk002
CHN202406150,CHN,SLN,0,0,imans001,palla001
CHN202406160,CHN,SLN,0,0,tailj001,mikom001
CHN202406170,CHN,SFN,0,0,nerih001,mille002
CHN202406180,CHN,SFN,0,0,millt003,roget002
CHN202406190,CHN,SFN,0,0,hendk001,bives001
CHN202406210,CHN,NYN,1,3,imans001,quinj001
CHN202406220,CHN,NYN,5,0,tailj001,megit002
CHN202406230,CHN,NYN,0,0,assaj001,sevel001
CHN202407020,CHN,PHI,0,0,wesnh001,mercm002
CHN202407030,CHN,PHI,0,0,millt003,stram001
CHN202407040,CHN,PHI,0,1,tailj001,sancc002
CHN202407050,CHN,ANA,2,0,steej002,canng001
CHN202407060,CHN,ANA,0,1,hendk001,andet002
CHN202407070,CHN,ANA,0,0,wesnh001,sorij002
CHN202407190,CHN,ARI,0,0,steej002,nelsr003
CHN202407200,CHN,ARI,0,0,hendk001,gallz001
CHN202407210,CHN,ARI,0,0,nerih001,mantj002
CHN202407220,CHN,MIL,0,0,smyld001,myert001
CHN202407230,CHN,MIL,0,0,tailj001,pegue001
CHN202407240,CHN,MIL,1,1,nerih001,junij001
CHN202408010,CHN,SLN,0,1,pearn001,helsr001
CHN202408020,CHN,SLN,0,0,millt003,fedde001
CHN202408030,CHN,SLN,2,1,nerih001,romej002
CHN202408040,CHN,SLN,0,0,steej002,mikom001
CHN202408050,CHN,MIN,0,0,hendk001,festd001
CHN202408060,CHN,MIN,3,0,imans001,lopep002
CHN202408070,CHN,MIN,1,1,lopej004,richt001
CHN202408160,CHN,TOR,2,0,millt003,greec003
CHN202408170,CHN,TOR,1,0,pearn001,bassc001
CHN202408180,CHN,TOR,0,0,imans001,franb002
CHN202408200,CHN,DET,0,0,assaj001,sammb001
CHN202408210,CHN,DET,0,0,tailj001,hurtb001
CHN202408220,CHN,DET,0,0,steej002,maedk001
CHN202409020,CHN,PIT,0,0,lopej004,beekj001
CHN202409030,CHN,PIT,0,0,hendk001,skenp001
CHN202409040,CHN,PIT,1,0,imans001,germd001
CHN202409060,CHN,NYA,0,0,wickj001,gil-l001
CHN202409070,CHN,NYA,0,1,assaj001,cortn001
CHN202409080,CHN,NYA,2,0,tailj001,coleg001
CHN202409160,CHN,OAK,1,0,imans001,estej001
CHN202409170,CHN,OAK,0,2,wickj001,spenm001
CHN202409180,CHN,OAK,0,0,pearn001,fergt001
CHN202409190,CHN,WAS,1,1,robee001,garcr008
CHN202409200,CHN,WAS,1,0,tailj001,willt002
CHN202409210,CHN,WAS,0,0,hendk001,gorem001
CHN202409220,CHN,WAS,2,0,imans001,irvij001
CHN202409270,CHN,CIN,0,0,tailj001,martn002
CHN202409280,CHN,CIN,0,0,millt003,farmb001
CHN202409290,CHN,CIN,0,0,robee001,santt001
CIN202403280,CIN,WAS,0,0,montf001,grayj004
CIN202403300,CIN,WAS,0,0,diaza004,harvh001
CIN202403310,CIN,WAS,0,0,simsl001,finnk001
CIN202404050,CIN,NYN,1,0,cruzf002,smitd009
CIN202404060,CIN,NYN,0,0,pagae001,ramiy002
CIN202404070,CIN,NYN,0,1,abboa001,manas001
CIN202404080,CIN,MIL,0,0,ashcg001,ashba003
CIN202404090,CIN,MIL,0,0,montf001,rossj002
CIN202404100,CIN,MIL,0,2,greeh001,wilsb003
CIN202404190,CIN,ANA,0,0,lodon001,andet002
CIN202404200,CIN,ANA,5,2,ashcg001,sandp002
CIN202404210,CIN,ANA,0,0,pagae001,sorij002
CIN202404220,CIN,PHI,0,0,greeh001,suarr001
CIN202404230,CIN,PHI,1,1,cruzf002,sancc002
CIN202404240,CIN,PHI,0,1,wilsj004,domis001
CIN202404250,CIN,PHI,0,0,martn002,wheez001
CIN202405030,CIN,BAL,0,0,pagae001,irvic001
CIN202405040,CIN,BAL,0,0,abboa001,meanj001
CIN202405050,CIN,BAL,0,3,lodon001,kremd001
CIN202405070,CIN,ARI,0,0,montf001,gallz001
CIN202405080,CIN,ARI,0,0,ashcg001,montj004
CIN202405090,CIN,ARI,0,1,cruzf002,ginkk001
CIN202405210,CIN,SDN,0,0,abboa001,musgj001
CIN202405220,CIN,SDN,1,1,martn002,kingm002
CIN202405230,CIN,SDN,1,2,molls001,estrj002
CIN202405240,CIN,LAN,3,0,ashcg001,ramiy002
CIN202405250,CIN,LAN,1,0,greeh001,buehw001
CIN202405260,CIN,LAN,0,0,martn002,yamay001
CIN202405270,CIN,SLN,1,1,lodon001,lynnl001
CIN202405280,CIN,SLN,0,0,abboa001,gibsk002
CIN202405290,CIN,SLN,0,0,montf001,palla001
CIN202406060,CIN,CHN,0,0,greeh001,assaj001
CIN202406070,CIN,CHN,0,0,lodon001,steej002
CIN202406080,CIN,CHN,1,1,abboa001,browb006
CIN202406090,CIN,CHN,0,3,montf001,imans001
CIN202406110,CIN,CLE,1,0,martn002,mcket001
CIN202406120,CIN,CLE,1,0,lodon001,bibet001
CIN202406210,CIN,BOS,1,0,abboa001,crawk001
CIN202406220,CIN,BOS,2,0,wilsj004,kellz001
CIN202406230,CIN,BOS,0,0,lodon001,bernb001
CIN202406240,CIN,PIT,0,0,spiec001,faltb001
CIN202406250,CIN,PIT,0,3,greeh001,kellm003
CIN202406260,CIN,PIT,0,0,ashcg001,ortil003
CIN202407050,CIN,DET,0,0,spiec001,olsor001
CIN202407060,CIN,DET,0,0,cruzf002,mills001
CIN202407070,CIN,DET,0,0,ashcg001,skubt001
CIN202407080,CIN,COL,0,0,abboa001,feltr001
CIN202407090,CIN,COL,0,0,martn002,quanc001
CIN202407100,CIN,COL,0,0,montf001,freek001
CIN202407110,CIN,COL,0,0,greeh001,gomba001
CIN202407120,CIN,MIA,2,0,spiec001,chiry001
CIN202407130,CIN,MIA,0,0,molls001,cabre003
CIN202407140,CIN,MIA,0,0,cruzf002,puk-a001
CIN202407290,CIN,CHN,0,0,spiec001,tailj001
CIN202407300,CIN,CHN,2,0,martn002,steej002
CIN202407310,CIN,CHN,0,0,lodon001,hendk001
CIN202408020,CIN,SFN,0,0,abboa001,snelb001
CIN202408030,CIN,SFN,0,0,greeh001,harrk001
CIN202408040,CIN,SFN,0,0,spiec001,ray-r002
CIN202408120,CIN,SLN,0,0,abboa001,grays001
CIN202408130,CIN,SLN,1,0,greeh001,fedde001
CIN202408140,CIN,SLN,0,0,molls001,gibsk002
CIN202408160,CIN,KCA,0,0,martn002,lorem002
CIN202408170,CIN,KCA,0,1,lodon001,wachm001
CIN202408180,CIN,KCA,0,0,abboa001,singb001
CIN202408270,CIN,OAK,0,0,santt001,otanm001
CIN202408280,CIN,OAK,0,1,pagae001,fergt001
CIN202408290,CIN,OAK,0,2,pagae001,holmg002
CIN202408301,CIN,MIL,1,0,diaza004,megit001
CIN202408302,CIN,MIL,0,0,lowdr001,halld004
CIN202408310,CIN,MIL,0,0,wilsj004,ashba003
CIN202409010,CIN,MIL,0,0,diaza004,wilsb003
CIN202409020,CIN,HOU,2,0,spiec001,verlj001
CIN202409040,CIN,HOU,9,0,martn002,arris001
CIN202409050,CIN,HOU,0,0,santt001,abreb002
CIN202409170,CIN,ATL,1,3,suteb001,johnp001
CIN202409180,CIN,ATL,0,0,santt001,schws001
CIN202409190,CIN,ATL,0,0,aguij002,salec001
CIN202409200,CIN,PIT,1,0,martn002,kellm003
CIN202409210,CIN,PIT,0,0,lowdr001,jonej008
CIN202409220,CIN,PIT,0,1,greeh001,skenp001
CLE202404080,CLE,CHA,0,0,mcket001,bankt001
CLE202404090,CLE,CHA,2,5,barls001,wilss002
CLE202404100,CLE,CHA,0,2,morge001,shawb001
CLE202404131,CLE,NYA,0,0,carrc003,schmc002
CLE202404132,CLE,NYA,0,2,mcket001,potec001
CLE202404140,CLE,NYA,0,0,beedt001,fergc001
CLE202404190,CLE,OAK,0,1,mcket001,boylj001
CLE202404200,CLE,OAK,2,0,allel003,wooda002
CLE202404210,CLE,OAK,0,0,bibet001,strir001
CLE202404230,CLE,BOS,0,0,barls001,houct001
CLE202404240,CLE,BOS,0,1,carrc003,crisc002
CLE202404250,CLE,BOS,0,0,gaddh001,andec001
CLE202405030,CLE,ANA,0,0,bibet001,sorij002
CLE202405040,CLE,ANA,0,0,liveb001,detmr001
CLE202405050,CLE,ANA,0,0,carrc003,canng001
CLE202405060,CLE,DET,1,1,sandn001,flahj002
CLE202405070,CLE,DET,2,1,avilp001,holtt002
CLE202405080,CLE,DET,0,0,clase001,langa001
CLE202405170,CLE,MIN,0,0,herrt002,duraj002
CLE202405180,CLE,MIN,2,0,allel003,oberb002
CLE202405190,CLE,MIN,2,0,clase001,duraj002
CLE202405200,CLE,NYN,2,0,liveb001,megit002
CLE202405210,CLE,NYN,0,0,sandn001,housa001
CLE202405220,CLE,NYN,0,1,gaddh001,garrr001
CLE202405310,CLE,WAS,0,0,bibet001,corbp001
CLE202406010,CLE,WAS,2,0,liveb001,parkm001
CLE202406020,CLE,WAS,0,0,carrc003,irvij001
CLE202406040,CLE,KCA,0,0,smitc009,longs002
CLE202406060,CLE,KCA,1,1,gaddh001,longs002
CLE202406180,CLE,SEA,0,0,mcket001,millb004
CLE202406190,CLE,SEA,1,0,bibet001,woo-b001
CLE202406200,CLE,SEA,1,2,allel003,castl003
CLE202406210,CLE,TOR,0,0,carrc003,rodry003
CLE202406220,CLE,TOR,0,0,liveb001,berrj001
CLE202406230,CLE,TOR,1,2,herrt002,kikuy001
CLE202407020,CLE,CHA,0,1,clase001,kopem001
CLE202407030,CLE,CHA,0,1,willg004,fedde001
CLE202407040,CLE,CHA,1,0,liveb001,shusj001
CLE202407050,CLE,SFN,0,3,bibet001,walkr001
CLE202407060,CLE,SFN,3,0,avilp001,harrk001
CLE202407070,CLE,SFN,0,0,smitc009,hjels001
CLE202407190,CLE,SDN,0,0,bibet001,waldm003
CLE202407200,CLE,SDN,0,0,willg004,ceasd001
CLE202407210,CLE,SDN,0,0,liveb001,kingm002
CLE202407220,CLE,DET,0,2,carrc003,skubt001
CLE202407230,CLE,DET,0,0,smitc009,wentj001
CLE202407240,CLE,DET,0,1,gaddh001,brieb001
CLE202407250,CLE,DET,0,0,willg004,lucae002
CLE202408010,CLE,BAL,2,1,liveb001,roget003
CLE202408020,CLE,BAL,0,0,smitc009,kremd001
CLE202408030,CLE,BAL,0,0,cantj002,efliz001
CLE202408040,CLE,BAL,0,1,willg004,burnc002
CLE202408050,CLE,ARI,2,2,clase001,thomr007
CLE202408071,CLE,ARI,0,0,liveb001,pfaab001
CLE202408072,CLE,ARI,0,0,carrc003,rodre004
CLE202408120,CLE,CHN,0,0,sandn001,merrj001
CLE202408130,CLE,CHN,0,0,avilp001,smyld001
CLE202408140,CLE,CHN,0,0,cobba001,tailj001
CLE202408230,CLE,TEX,0,0,bibet001,eovan001
CLE202408240,CLE,TEX,1,1,liveb001,grayj003
CLE202408250,CLE,TEX,1,0,boydm001,bradc003
CLE202408261,CLE,KCA,0,0,gaddh001,schrj001
CLE202408262,CLE,KCA,3,0,allel003,longs002
CLE202408270,CLE,KCA,0,0,willg004,mcarj001
CLE202408280,CLE,KCA,1,2,morge001,ercel001
CLE202408300,CLE,PIT,2,0,avilp001,mlodc001
CLE202408310,CLE,PIT,0,0,boydm001,ortil003
CLE202409010,CLE,PIT,2,0,cobba001,kellm003
CLE202409120,CLE,TBA,1,1,willg004,sulsc001
CLE202409130,CLE,TBA,0,0,bibet001,littz001
CLE202409140,CLE,TBA,0,0,cantj002,alext001
CLE202409150,CLE,TBA,0,0,liveb001,bradt002
CLE202409160,CLE,MIN,0,0,walta001,jax-g001
CLE202409170,CLE,MIN,0,0,willg004,sandc001
CLE202409180,CLE,MIN,0,1,gaddh001,henrr001
CLE202409190,CLE,MIN,1,0,morge001,thiec001
CLE202409240,CLE,CIN,3,0,bibet001,spiec001
CLE202409250,CLE,CIN,1,0,gaddh001,pagae001
CLE202409270,CLE,HOU,0,1,cantj002,blanr001
CLE202409280,CLE,HOU,2,1,liveb001,verlj001
COL202404050,COL,TBA,1,1,beekj001,fairp001
COL202404060,COL,TBA,0,1,beekj001,cleag001
COL202404070,COL,TBA,0,0,hudsd002,pepir001
COL202404080,COL,ARI,1,0,lambp001,mcgos001
COL202404090,COL,ARI,1,2,quanc001,kellm002
COL202404100,COL,ARI,1,1,lawrj002,mantj002
COL202404200,COL,SEA,0,0,hudsd002,castl003
COL202404211,COL,SEA,0,0,lawrj002,munoa002
COL202404212,COL,SEA,2,0,lambp001,hance001
COL202404220,COL,SDN,0,0,mearn001,ceasd001
COL202404230,COL,SDN,0,2,beekj001,kingm002
COL202404240,COL,SDN,0,4,blact002,waldm003
COL202404250,COL,SDN,1,0,kinlt001,peraw002
COL202404270,COL,HOU,2,0,quanc001,blanr001
COL202404280,COL,HOU,0,2,gomba001,valdf001
COL202405070,COL,SFN,0,0,hudsd002,harrk001
COL202405080,COL,SFN,0,0,lambp001,hickj002
COL202405090,COL,SFN,0,0,quanc001,winnk001
COL202405100,COL,TEX,0,0,birdj001,andeg002
COL202405110,COL,TEX,0,0,kinlt001,robed002
COL202405120,COL,TEX,2,1,blact002,urenj001
COL202405240,COL,PHI,0,0,kinlt001,sotog003
COL202405250,COL,PHI,1,1,lawrj002,ruizj001
COL202405260,COL,PHI,2,0,quanc001,suarr001
COL202405270,COL,CLE,0,1,rogej003,currx001
COL202405280,COL,CLE,0,2,lambp001,smitc009
COL202405290,COL,CLE,1,2,blact002,allel003
COL202406030,COL,CIN,1,0,feltr001,abboa001
COL202406040,COL,CIN,0,1,blact002,montf001
COL202406050,COL,CIN,4,0,beekj001,cruzf002
COL202406140,COL,PIT,0,1,feltr001,ortil003
COL202406150,COL,PIT,0,0,blact002,jonej008
COL202406160,COL,PIT,0,0,hudsd002,mlodc001
COL202406170,COL,LAN,0,1,quanc001,paxtj001
COL202406180,COL,LAN,4,0,vodnv001,petem001
COL202406190,COL,LAN,3,0,beekj001,ramiy002
COL202406200,COL,LAN,0,1,blact002,stong001
COL202406210,COL,WAS,0,0,hudsd002,flord002
COL202406220,COL,WAS,1,0,beekj001,finnk001
COL202406230,COL,WAS,0,0,beekj001,flord002
COL202407010,COL,MIL,0,0,kinlt001,payaj001
COL202407020,COL,MIL,0,0,mearn001,zastr001
COL202407030,COL,MIL,0,1,hudsd002,rea-c001
COL202407040,COL,MIL,1,0,molia001,myert001
COL202407050,COL,KCA,0,1,vodnv001,schrj001
COL202407060,COL,KCA,0,0,gomba001,lugos001
COL202407070,COL,KCA,0,0,gordt002,singb001
COL202407190,COL,SFN,0,0,beekj001,roget002
COL202407200,COL,SFN,2,0,freek001,webbl001
COL202407210,COL,SFN,0,1,feltr001,birdh001
COL202407220,COL,BOS,0,0,lawrj002,hornb002
COL202407230,COL,BOS,0,3,blact002,crisc002
COL202407240,COL,BOS,3,0,quanc001,piven001
COL202408060,COL,NYN,0,0,lawrj002,sevel001
COL202408070,COL,NYN,1,1,vodnv001,buttj001
COL202408080,COL,NYN,0,4,gomba001,peted003
COL202408090,COL,ATL,0,1,kinlt001,minta001
COL202408100,COL,ATL,0,0,chiva001,johnp001
COL202408110,COL,ATL,0,1,rogej003,jimej003
COL202408160,COL,SDN,4,0,quanc001,waldm003
COL202408170,COL,SDN,0,0,freek001,ceasd001
COL202408180,COL,SDN,0,0,chiva001,hoeib001
COL202408260,COL,MIA,0,0,birdj001,cabre003
COL202408270,COL,MIA,4,0,chiva001,sorig001
COL202408280,COL,MIA,0,0,freek001,meyem001
COL202408290,COL,MIA,0,0,blalb001,tinoj001
COL202408300,COL,BAL,0,0,gomba001,suara001
COL202408310,COL,BAL,0,0,crisj001,kimbc001
COL202409010,COL,BAL,0,1,blact002,efliz001
COL202409130,COL,CHN,0,2,vodnv001,smyld001
COL202409140,COL,CHN,0,1,kinlt001,smyld001
COL202409150,COL,CHN,0,0,quanc001,hendk001
COL202409160,COL,ARI,0,2,halvs001,thomr007
COL202409170,COL,ARI,0,0,feltr001,montj004
COL202409180,COL,ARI,0,3,gomba001,rodre004
COL202409240,COL,SLN,0,0,chiva001,kitta001
COL202409250,COL,SLN,0,0,gomba001,fedde001
COL202409260,COL,SLN,2,2,chiva001,fernr001
COL202409270,COL,LAN,1,2,quanc001,caspb001
COL202409280,COL,LAN,1,0,senza001,yamay001
COL202409290,COL,LAN,0,0,vodnv001,phile001
DET202404050,DET,OAK,0,0,folej001,ercel001
DET202404060,DET,OAK,0,2,maedk001,blacp001
DET202404070,DET,OAK,0,2,flahj002,boylj001
DET202404120,DET,MIN,1,0,skubt001,lopep002
DET202404131,DET,MIN,3,0,langa001,alcaj001
DET202404132,DET,MIN,0,1,mannm001,woods002
DET202404140,DET,MIN,0,0,vestw001,jax-g001
DET202404150,DET,TEX,0,0,olsor001,lorem002
DET202404160,DET,TEX,0,0,chafa001,urenj001
DET202404170,DET,TEX,0,1,mills001,yatek001
DET202404180,DET,TEX,0,1,mills001,leclj001
DET202404260,DET,KCA,0,0,olsor001,lugos001
DET202404270,DET,KCA,0,2,faeda001,strac001
DET202404280,DET,KCA,2,1,skubt001,wachm001
DET202404301,DET,SLN,0,0,mills001,libem001
DET202404302,DET,SLN,2,0,holtt002,leahk001
DET202405010,DET,SLN,0,0,maedk001,mikom001
DET202405100,DET,HOU,0,0,chafa001,valdf001
DET202405110,DET,HOU,0,0,skubt001,javic001
DET202405120,DET,HOU,0,0,flahj002,verlj001
DET202405130,DET,MIA,0,0,faeda001,malda001
DET202405140,DET,MIA,0,0,langa001,scott003
DET202405150,DET,MIA,0,2,mizec001,roget003
DET202405230,DET,TOR,0,0,flahj002,gausk001
DET202405240,DET,TOR,0,0,maedk001,manoa001
DET202405250,DET,TOR,2,0,olsor001,berrj001
DET202405260,DET,TOR,0,0,englm001,romaj004
DET202405291,DET,PIT,3,0,skubt001,jonej008
DET202405292,DET,PIT,0,0,montk001,skenp001
DET202406070,DET,MIL,0,0,olsor001,myert001
DET202406080,DET,MIL,1,1,mizec001,koenj001
DET202406090,DET,MIL,2,0,skubt001,wilsb003
DET202406110,DET,WAS,0,0,chafa001,finnk001
DET202406120,DET,WAS,1,0,olsor001,irvij001
DET202406130,DET,WAS,0,0,mills001,law-d001
DET202406210,DET,CHA,0,0,flahj002,fedde001
DET202406220,DET,CHA,0,0,maedk001,thord001
DET202406230,DET,CHA,6,0,olsor001,cannj001
DET202406240,DET,PHI,0,4,mizec001,nolaa001
DET202406250,DET,PHI,0,0,skubt001,suarr001
DET202406260,DET,PHI,1,1,montk001,ruizj001
DET202407080,DET,CLE,0,0,holtt002,barls001
DET202407090,DET,CLE,0,3,vestw001,barls001
DET202407100,DET,CLE,2,0,olsor001,bibet001
DET202407110,DET,CLE,1,0,flahj002,howas003
DET202407120,DET,LAN,2,0,folej001,petem001
DET202407130,DET,LAN,0,1,vestw001,ramiy002
DET202407140,DET,LAN,0,3,faeda001,ramiy002
DET202407260,DET,MIN,0,2,montk001,lopep002
DET202407270,DET,MIN,1,2,skubt001,ryanj002
DET202407280,DET,MIN,0,0,faeda001,oberb002
DET202407290,DET,CLE,0,3,brieb001,bibet001
DET202407300,DET,CLE,0,0,faeda001,willg004
DET202408010,DET,KCA,0,3,montk001,lugos001
DET202408020,DET,KCA,2,0,skubt001,ragac001
DET202408030,DET,KCA,0,0,folej001,mcarj001
DET202408040,DET,KCA,0,0,mills001,strac001
DET202408130,DET,SEA,1,0,skubt001,kirbg001
DET202408140,DET,SEA,0,0,holtt002,snidc001
DET202408150,DET,SEA,0,1,mills001,munoa002
DET202408160,DET,NYA,0,1,brieb001,coleg001
DET202408170,DET,NYA,1,0,montk001,rodoc001
DET202408180,DET,NYA,0,0,brieb001,leitm002
DET202408270,DET,ANA,0,1,hurtb001,cuetj001
DET202408280,DET,ANA,0,0,maedk001,canng001
DET202408290,DET,ANA,0,0,montk001,kochj001
DET202408300,DET,BOS,0,1,mills001,jansk001
DET202408310,DET,BOS,0,1,skubt001,piven001
DET202409010,DET,BOS,0,0,hurtb001,hillr001
DET202409100,DET,COL,1,0,montk001,blalb001
DET202409110,DET,COL,6,0,holtt002,gordt002
DET202409120,DET,COL,0,0,folej001,halvs001
DET202409130,DET,BAL,1,0,hurtb001,efliz001
DET202409140,DET,BAL,0,0,maddt001,burnc002
DET202409150,DET,BAL,0,0,montk001,povic001
DET202409240,DET,TBA,0,0,skubt001,pepir001
DET202409250,DET,TBA,2,0,guens001,littz001
DET202409260,DET,TBA,0,0,brieb001,cleag001
DET202409270,DET,CHA,0,0,hurtb001,shusj001
DET202409280,DET,CHA,0,0,brieb001,burks001
DET202409290,DET,CHA,0,0,maedk001,cannj001
HOU202403280,HOU,NYA,3,0,presr001,loaij001
HOU202403290,HOU,NYA,1,0,scott004,weavl001
HOU202403300,HOU,NYA,0,0,abreb002,strom001
HOU202403310,HOU,NYA,0,0,hadej001,burdn001
HOU202404010,HOU,TOR,3,0,blanr001,franb002
HOU202404020,HOU,TOR,0,0,hadej001,greec003
HOU202404030,HOU,TOR,0,0,javic001,bassc001
HOU202404120,HOU,TEX,1,1,franj006,dunnd001
HOU202404130,HOU,TEX,0,2,abreb002,urenj001
HOU202404140,HOU,TEX,1,0,javic001,eovan001
HOU202404150,HOU,ATL,1,0,arris001,bumma001
HOU202404160,HOU,ATL,0,0,browh001,loper003
HOU202404170,HOU,ATL,1,0,marts003,minta001
HOU202404300,HOU,CLE,0,3,hadej001,gaddh001
HOU202405010,HOU,CLE,0,0,dubis001,smitc009
HOU202405020,HOU,CLE,0,0,scott004,allel003
HOU202405030,HOU,SEA,0,0,marts003,speig001
HOU202405040,HOU,SEA,0,0,valdf001,gilbl002
HOU202405050,HOU,SEA,0,0,hadej001,munoa002
HOU202405130,HOU,OAK,0,0,arris001,strir001
HOU202405140,HOU,OAK,0,0,hadej001,kellm004
HOU202405150,HOU,OAK,2,0,valdf001,brooa001
HOU202405160,HOU,OAK,0,0,javic001,estej001
HOU202405170,HOU,MIL,0,0,browh001,peraf001
HOU202405180,HOU,MIL,0,0,verlj001,milnh001
HOU202405190,HOU,MIL,4,1,arris001,rea-c001
HOU202405200,HOU,ANA,0,1,valdf001,suarj001
HOU202405210,HOU,ANA,2,2,hadej001,estec001
HOU202405220,HOU,ANA,0,0,browh001,andet002
HOU202405310,HOU,MIN,0,0,blanr001,lopep002
HOU202406010,HOU,MIN,2,0,valdf001,ryanj002
HOU202406020,HOU,MIN,0,1,presr001,okers001
HOU202406030,HOU,SLN,0,2,montr004,romej002
HOU202406040,HOU,SLN,2,1,scott004,palla001
HOU202406050,HOU,SLN,0,0,blanr001,mikom001
HOU202406140,HOU,DET,0,0,browh001,skubt001
HOU202406150,HOU,DET,0,2,arris001,flahj002
HOU202406160,HOU,DET,1,0,blanr001,maedk001
HOU202406210,HOU,BAL,1,0,dubis001,rodrg003
HOU202406220,HOU,BAL,0,0,blanr001,burnc002
HOU202406230,HOU,BAL,4,0,valdf001,suara001
HOU202406250,HOU,COL,5,0,browh001,gomba001
HOU202406260,HOU,COL,0,0,arris001,feltr001
HOU202407090,HOU,MIA,0,1,blanr001,brazh001
HOU202407100,HOU,MIA,1,0,valdf001,hoeib001
HOU202407110,HOU,MIA,2,1,scott004,munor001
HOU202407120,HOU,TEX,0,0,browh001,heana001
HOU202407130,HOU,TEX,1,1,scott004,robed002
HOU202407140,HOU,TEX,0,2,blanr001,sborj002
HOU202407260,HOU,LAN,0,0,valdf001,stong001
HOU202407270,HOU,LAN,0,0,hadej001,treib001
HOU202407280,HOU,LAN,0,0,arris001,ryanr003
HOU202407290,HOU,PIT,0,0,hadej001,chapa001
HOU202407300,HOU,PIT,0,0,browh001,faltb001
HOU202407310,HOU,PIT,0,0,valdf001,holdc001
HOU202408020,HOU,TBA,0,2,abreb002,kellk004
HOU202408030,HOU,TBA,0,0,blanr001,littz001
HOU202408040,HOU,TBA,0,0,arris001,alext001
HOU202408160,HOU,CHA,0,0,arris001,andej005
HOU202408170,HOU,CHA,0,1,browh001,flexc001
HOU202408180,HOU,CHA,0,0,valdf001,bushk001
HOU202408190,HOU,BOS,0,2,hadej001,jansk001
HOU202408200,HOU,BOS,3,3,ort-k001,kellz001
HOU202408210,HOU,BOS,1,1,verlj001,wincj001
HOU202408290,HOU,KCA,0,0,presr001,ercel001
HOU202408300,HOU,KCA,0,0,hadej001,mcarj001
HOU202408310,HOU,KCA,0,0,kikuy001,ragac001
HOU202409010,HOU,KCA,0,0,blanr001,marsa001
HOU202409060,HOU,ARI,0,0,valdf001,pfaab001
HOU202409070,HOU,ARI,0,0,kikuy001,rodre004
HOU202409080,HOU,ARI,0,0,verlj001,ginkk001
HOU202409100,HOU,OAK,0,1,nerih001,harrh002
HOU202409110,HOU,OAK,0,0,browh001,estej001
HOU202409120,HOU,OAK,0,0,presr001,mcfat001
HOU202409190,HOU,ANA,0,1,abreb002,millr004
HOU202409200,HOU,ANA,0,0,nerih001,andet002
HOU202409210,HOU,ANA,1,0,blanr001,detmr001
HOU202409220,HOU,ANA,0,0,hadej001,burkb001
HOU202409230,HOU,SEA,0,0,browh001,millb004
HOU202409240,HOU,SEA,1,0,valdf001,gilbl002
HOU202409250,HOU,SEA,0,0,kikuy001,kirbg001
KCA202403280,KCA,MIN,1,1,ragac001,lopep002
KCA202403300,KCA,MIN,0,0,smitw002,jax-g001
KCA202403310,KCA,MIN,3,0,singb001,oberb002
KCA202404040,KCA,CHA,0,0,lugos001,sorom001
KCA202404050,KCA,CHA,1,0,strac001,kopem001
KCA202404060,KCA,CHA,0,0,wachm001,flexc001
KCA202404070,KCA,CHA,0,0,schrj001,garcd003
KCA202404090,KCA,HOU,0,1,mcarj001,suerw002
KCA202404100,KCA,HOU,0,0,lugos001,arris001
KCA202404110,KCA,HOU,9,0,singb001,browh001
KCA202404190,KCA,BAL,0,0,marsa001,kremd001
KCA202404200,KCA,BAL,0,0,ragac001,burnc002
KCA202404210,KCA,BAL,0,0,lugos001,irvic001
KCA202404220,KCA,TOR,0,0,singb001,kikuy001
KCA202404230,KCA,TOR,0,0,strac001,gausk001
KCA202404240,KCA,TOR,1,0,schrj001,rodry003
KCA202404250,KCA,TOR,2,0,ragac001,berrj001
KCA202405030,KCA,TEX,0,0,schrj001,winnc001
KCA202405040,KCA,TEX,0,1,wachm001,sborj002
KCA202405050,KCA,TEX,1,0,mcarj001,yatek001
KCA202405060,KCA,MIL,0,0,anden001,koenj001
KCA202405070,KCA,MIL,0,0,mcarj001,koenj001
KCA202405080,KCA,MIL,2,1,singb001,rossj002
KCA202405170,KCA,OAK,1,0,ragac001,spenm001
KCA202405180,KCA,OAK,2,0,lugos001,strir001
KCA202405190,KCA,OAK,2,0,singb001,searj001
KCA202405200,KCA,DET,0,0,wachm001,olsor001
KCA202405210,KCA,DET,2,0,marsa001,mizec001
KCA202405220,KCA,DET,0,0,ragac001,skubt001
KCA202405310,KCA,SDN,0,0,schrj001,matsy001
KCA202406010,KCA,SDN,2,1,marsa001,vasqr001
KCA202406020,KCA,SDN,0,0,kleiw001,matsy001
KCA202406070,KCA,SEA,0,7,anden001,stanr002
KCA202406080,KCA,SEA,1,1,marsa001,castl003
KCA202406090,KCA,SEA,0,1,mcarj001,baumm001
KCA202406100,KCA,NYA,0,2,lugos001,rodoc001
KCA202406110,KCA,NYA,0,2,singb001,strom001
KCA202406120,KCA,NYA,0,6,altad001,potec001
KCA202406130,KCA,NYA,0,0,mcarj001,holmc001
KCA202406240,KCA,MIA,0,0,ragac001,munor001
KCA202406250,KCA,MIA,1,0,hernc006,puk-a001
KCA202406260,KCA,MIA,0,0,zerpa001,brazh001
KCA202406270,KCA,CLE,0,0,longs002,liveb001
KCA202406280,KCA,CLE,0,1,marsa001,mcket001
KCA202406290,KCA,CLE,1,1,ragac001,bibet001
KCA202406300,KCA,CLE,1,0,lugos001,allel003
KCA202407020,KCA,TBA,0,0,singb001,littz001
KCA202407030,KCA,TBA,0,1,wachm001,pepir001
KCA202407040,KCA,TBA,0,2,marsa001,efliz001
KCA202407190,KCA,CHA,1,0,wachm001,flexc001
KCA202407200,KCA,CHA,3,0,singb001,cannj001
KCA202407210,KCA,CHA,0,0,lugos001,brebj001
KCA202407220,KCA,ARI,0,0,ragac001,diazy005
KCA202407230,KCA,ARI,1,3,marsa001,montj004
KCA202407240,KCA,ARI,0,0,mcarj001,mantj002
KCA202407260,KCA,CHN,0,0,singb001,hendk001
KCA202407270,KCA,CHN,0,2,lugos001,merrj001
KCA202407280,KCA,CHN,2,0,ragac001,assaj001
KCA202408050,KCA,BOS,0,0,singb001,paxtj001
KCA202408060,KCA,BOS,1,0,lugos001,bernb001
KCA202408070,KCA,BOS,1,0,ragac001,crawk001
KCA202408090,KCA,SLN,0,2,smitw002,libem001
KCA202408100,KCA,SLN,0,0,wachm001,fernr001
KCA202408190,KCA,ANA,0,0,lugos001,fulmc001
KCA202408200,KCA,ANA,0,0,ragac001,andet002
KCA202408210,KCA,ANA,0,0,lorem002,cuetj001
KCA202408230,KCA,PHI,1,0,wachm001,walkt004
KCA202408240,KCA,PHI,0,0,singb001,suarr001
KCA202408250,KCA,PHI,0,0,lugos001,allak001
KCA202409020,KCA,CLE,0,0,wachm001,willg004
KCA202409030,KCA,CLE,0,0,singb001,bibet001
KCA202409040,KCA,CLE,0,0,lugos001,liveb001
KCA202409060,KCA,MIN,0,0,ragac001,mattz001
KCA202409070,KCA,MIN,0,0,lyncd001,duraj002
KCA202409080,KCA,MIN,0,0,wachm001,woods002
KCA202409160,KCA,DET,0,0,longs002,hanib001
KCA202409170,KCA,DET,0,1,ercel001,holtt002
KCA202409180,KCA,DET,1,0,marsa001,skubt001
KCA202409200,KCA,SFN,0,1,wachm001,blacm001
KCA202409210,KCA,SFN,0,1,singb001,roupl001
KCA202409220,KCA,SFN,0,0,lugos001,snelb001
LAN202403210,LAN,SDN,1,5,yamay001,kingm002
LAN202403280,LAN,SLN,2,0,glast001,mikom001
LAN202403290,LAN,SLN,1,0,millb005,thomz002
LAN202403300,LAN,SLN,0,0,hurtk001,helsr001
LAN202403310,LAN,SLN,0,0,crisn001,kingj002
LAN202404010,LAN,SFN,1,0,paxtj001,winnk001
LAN202404020,LAN,SFN,1,0,yarbr001,webbl001
LAN202404030,LAN,SFN,0,0,glast001,harrk001
LAN202404120,LAN,SDN,1,2,vesia001,suarr002
LAN202404130,LAN,SDN,0,0,stong001,cosgt001
LAN202404140,LAN,SDN,0,0,feyej001,matsy001
LAN202404150,LAN,WAS,1,1,glast001,parkm001
LAN202404160,LAN,WAS,1,0,yarbr001,corbp001
LAN202404170,LAN,WAS,0,2,knacl001,irvij001
LAN202404190,LAN,NYN,0,0,hudsd001,garrr001
LAN202404200,LAN,NYN,1,1,yarbr001,tonkm001
LAN202404210,LAN,NYN,0,0,glast001,housa001
LAN202405030,LAN,ATL,0,1,grovm001,chavj001
LAN202405040,LAN,ATL,0,0,glast001,eldeb001
LAN202405050,LAN,ATL,2,0,paxtj001,friem001
LAN202405060,LAN,MIA,3,2,yarbr001,munor001
LAN202405070,LAN,MIA,4,1,yamay001,cabre003
LAN202405080,LAN,MIA,1,0,stong001,weatr001
LAN202405160,LAN,CIN,0,2,glast001,martn002
LAN202405170,LAN,CIN,1,0,grovm001,cruzf002
LAN202405180,LAN,CIN,0,0,buehw001,ashcg001
LAN202405190,LAN,CIN,0,0,banda001,diaza004
LAN202405200,LAN,ARI,0,0,yamay001,ceccs001
LAN202405210,LAN,ARI,0,0,stong001,pfaab001
LAN202405220,LAN,ARI,0,0,glast001,nelsr003
LAN202405310,LAN,COL,0,0,buehw001,hudsd002
LAN202406010,LAN,COL,0,0,yamay001,quanc001
LAN202406020,LAN,COL,2,0,stong001,gomba001
LAN202406110,LAN,TEX,3,0,paxtj001,dunnd001
LAN202406120,LAN,TEX,1,0,buehw001,latzj001
LAN202406130,LAN,TEX,0,2,grovm001,lorem002
LAN202406140,LAN,KCA,0,0,hudsd001,smitw002
LAN202406150,LAN,KCA,0,0,treib001,lugos001
LAN202406160,LAN,KCA,0,0,glast001,singb001
LAN202406210,LAN,ANA,0,0,banda001,garcl005
LAN202406220,LAN,ANA,0,0,glast001,plesz001
LAN202407020,LAN,ARI,1,0,phile001,sewap001
LAN202407030,LAN,ARI,4,1,yarbr001,jarvb001
LAN202407040,LAN,ARI,0,2,knacl001,martj011
LAN202407050,LAN,MIL,1,0,hudsd001,pegue001
LAN202407060,LAN,MIL,3,1,phile001,hudsb001
LAN202407070,LAN,MIL,0,0,wrobj001,junij001
LAN202407190,LAN,BOS,0,0,yarbr001,bernb001
LAN202407200,LAN,BOS,0,0,treib001,weisg001
LAN202407210,LAN,BOS,2,2,paxtj001,crawk001
LAN202407220,LAN,SFN,0,0,treib001,mille002
LAN202407230,LAN,SFN,2,0,knacl001,hickj002
LAN202407240,LAN,SFN,1,0,glast001,ray-r002
LAN202407250,LAN,SFN,0,0,treib001,roget002
LAN202408050,LAN,PHI,0,0,glast001,nolaa001
LAN202408060,LAN,PHI,0,0,kersc001,sancc002
LAN202408070,LAN,PHI,2,1,vesia001,philt002
LAN202408090,LAN,PIT,1,0,flahj002,kellm003
LAN202408100,LAN,PIT,1,0,kopem001,skenp001
LAN202408110,LAN,PIT,2,0,phile001,bednd001
LAN202408190,LAN,SEA,0,0,stong001,woo-b001
LAN202408200,LAN,SEA,0,2,kellj001,munoa002
LAN202408210,LAN,SEA,0,0,flahj002,gilbl002
LAN202408230,LAN,TBA,0,1,kopem001,rodrm001
LAN202408240,LAN,TBA,0,4,kellj001,rodrm001
LAN202408250,LAN,TBA,0,0,treib001,lover001
LAN202408270,LAN,BAL,0,0,flahj002,bowmm001
LAN202408280,LAN,BAL,1,0,banda001,burnc002
LAN202408290,LAN,BAL,0,0,millb005,povic001
LAN202409060,LAN,CLE,0,0,knacl001,boydm001
LAN202409070,LAN,CLE,6,0,honeb001,willg004
LAN202409080,LAN,CLE,0,0,flahj002,bibet001
LAN202409090,LAN,CHN,0,3,buehw001,thomk002
LAN202409100,LAN,CHN,0,0,phile001,imans001
LAN202409110,LAN,CHN,5,2,vesia001,armss001
LAN202409200,LAN,COL,0,0,vesia001,freek001
LAN202409210,LAN,COL,0,1,buehw001,vodnv001
LAN202409220,LAN,COL,0,3,treib001,halvs001
LAN202409240,LAN,SDN,1,0,knacl001,kingm002
LAN202409250,LAN,SDN,1,0,vesia001,estrj002
LAN202409260,LAN,SDN,0,0,banda001,scott003
MIA202403280,MIA,PIT,0,0,crond001,ortil003
MIA202403290,MIA,PIT,0,0,puk-a001,ryanr002
MIA202403300,MIA,PIT,0,0,weatr001,jonej008
MIA202403310,MIA,PIT,5,0,scott003,bednd001
MIA202404010,MIA,ANA,4,0,scott003,cimba001
MIA202404020,MIA,ANA,0,0,luzaj001,andet002
MIA202404030,MIA,ANA,0,2,puk-a001,sandp002
MIA202404120,MIA,ATL,0,1,roget003,friem001
MIA202404130,MIA,ATL,1,0,meyem001,salec001
MIA202404140,MIA,ATL,0,0,scott003,minta001
MIA202404150,MIA,SFN,0,0,sorig001,harrk001
MIA202404160,MIA,SFN,0,0,weatr001,walkr001
MIA202404170,MIA,SFN,0,0,crond001,winnk001
MIA202404260,MIA,WAS,0,0,faucc001,law-d001
MIA202404270,MIA,WAS,1,0,cabre003,barnj002
MIA202404280,MIA,WAS,6,0,benda001,law-d001
MIA202404290,MIA,WAS,0,0,roget003,irvij001
MIA202404300,MIA,COL,0,5,scott003,beekj001
MIA202405010,MIA,COL,0,0,munor001,hudsd002
MIA202405020,MIA,COL,2,0,smitb005,lawrj002
MIA202405100,MIA,PHI,0,0,roget003,suarr001
MIA202405110,MIA,PHI,0,0,luzaj001,walkt004
MIA202405120,MIA,PHI,0,3,benda001,sotog003
MIA202405170,MIA,NYN,0,0,luzaj001,scotc001
MIA202405180,MIA,NYN,0,2,scott003,lopej004
MIA202405190,MIA,NYN,0,4,sancs001,manas001
MIA202405200,MIA,MIL,0,0,scott003,whitm004
MIA202405210,MIA,MIL,0,1,puk-a001,myert001
MIA202405220,MIA,MIL,1,0,luzaj001,peraf001
MIA202405310,MIA,TEX,0,0,crond001,urenj001
MIA202406010,MIA,TEX,0,0,weatr001,lorem002
MIA202406020,MIA,TEX,0,3,roget003,heana001
MIA202406040,MIA,TBA,3,0,luzaj001,pepir001
MIA202406050,MIA,TBA,2,3,garrb001,lover001
MIA202406070,MIA,CLE,0,0,scott003,smitc009
MIA202406080,MIA,CLE,0,1,munor001,liveb001
MIA202406090,MIA,CLE,0,0,puk-a001,sandn001
MIA202406170,MIA,SLN,0,0,puk-a001,kitta001
MIA202406180,MIA,SLN,3,2,faucc001,roycc001
MIA202406190,MIA,SLN,2,0,scott003,fernr001
MIA202406210,MIA,SEA,0,1,benda001,votha001
MIA202406220,MIA,SEA,0,2,andes002,gilbl002
MIA202406230,MIA,SEA,4,0,puk-a001,millb004
MIA202407020,MIA,BOS,0,2,bellv001,crawk001
MIA202407030,MIA,BOS,1,0,roget003,bellb002
MIA202407040,MIA,BOS,0,1,andrm001,kellz001
MIA202407050,MIA,CHA,0,0,hoeib001,thord001
MIA202407060,MIA,CHA,0,1,brazh001,sorom001
MIA202407070,MIA,CHA,0,0,charj001,kopem001
MIA202407190,MIA,NYN,0,0,benda001,manas001
MIA202407200,MIA,NYN,0,0,munor001,sevel001
MIA202407210,MIA,NYN,0,0,crond001,scotc001
MIA202407220,MIA,NYN,0,0,chiry001,peted003
MIA202407230,MIA,BAL,0,1,puk-a001,suara001
MIA202407240,MIA,BAL,0,0,narda001,webbj002
MIA202407250,MIA,BAL,0,1,faucc001,canoy001
MIA202408050,MIA,CIN,0,2,munor001,martn002
MIA202408060,MIA,CIN,0,0,meyem001,lodon001
MIA202408070,MIA,CIN,5,0,bellv001,abboa001
MIA202408080,MIA,CIN,0,2,ramie006,farmb001
MIA202408090,MIA,SDN,0,0,degeb001,adamj002
MIA202408100,MIA,SDN,0,1,mcmij001,suarr002
MIA202408110,MIA,SDN,2,0,meyem001,ceasd001
MIA202408190,MIA,ARI,0,0,ollea001,pfaab001
MIA202408200,MIA,ARI,0,1,cabre003,rodre004
MIA202408210,MIA,ARI,2,1,narda001,flord002
MIA202408230,MIA,CHN,0,0,degeb001,hodgp001
MIA202408240,MIA,CHN,0,1,bellv001,imans001
MIA202408250,MIA,CHN,2,0,ollea001,assaj001
MIA202409030,MIA,WAS,0,0,meyem001,corbp001
MIA202409040,MIA,WAS,0,0,mcmij001,law-d001
MIA202409050,MIA,PHI,0,1,ollea001,suarr001
MIA202409060,MIA,PHI,0,3,kitca001,wheez001
MIA202409070,MIA,PHI,2,1,mcmij001,nolaa001
MIA202409080,MIA,PHI,2,0,cabre003,johns003
MIA202409170,MIA,LAN,2,0,venea001,grovm001
MIA202409180,MIA,LAN,0,0,weatr001,knacl001
MIA202409190,MIA,LAN,0,1,cabre003,flahj002
MIA202409200,MIA,ATL,3,0,bellv001,mortc002
MIA202409210,MIA,ATL,1,0,bachl001,friem001
MIA202409220,MIA,ATL,0,1,crond001,johnp001
MIL202404020,MIL,MIN,0,0,pegue001,varll001
MIL202404030,MIL,MIN,0,0,payaj001,duard001
MIL202404050,MIL,SEA,0,0,uriba001,munoa002
MIL202404060,MIL,SEA,0,0,halld004,millb004
MIL202404070,MIL,SEA,3,1,rea-c001,hance001
MIL202404150,MIL,SDN,1,0,rossj002,musgj001
MIL202404160,MIL,SDN,1,4,milew001,ceasd001
MIL202404170,MIL,SDN,0,0,uriba001,kingm002
MIL202404260,MIL,NYA,0,1,koenj001,tonkm001
MIL202404270,MIL,NYA,1,3,rossj002,rodoc001
MIL202404280,MIL,NYA,0,1,uriba001,marir001
MIL202404290,MIL,TBA,0,1,wilsb003,pepir001
MIL202404300,MIL,TBA,1,0,peraf001,alext001
MIL202405010,MIL,TBA,0,0,rea-c001,efliz001
MIL202405090,MIL,SLN,3,0,koenj001,grays001
MIL202405100,MIL,SLN,0,0,gassr001,lynnl001
MIL202405110,MIL,SLN,0,0,milnh001,kitta001
MIL202405120,MIL,SLN,3,0,pegue001,mikom001
MIL202405130,MIL,PIT,0,2,rea-c001,kellm003
MIL202405140,MIL,PIT,0,0,rossj002,prieq001
MIL202405150,MIL,PIT,0,0,gassr001,perem004
MIL202405270,MIL,CHN,0,0,hudsb001,leitm002
MIL202405280,MIL,CHN,0,0,megit001,nerih001
MIL202405290,MIL,CHN,2,0,koenj001,imans001
MIL202405300,MIL,CHN,0,1,hudsb001,littl001
MIL202405310,MIL,CHA,0,0,paree003,sorom001
MIL202406010,MIL,CHA,0,0,milnh001,kopem001
MIL202406020,MIL,CHA,0,2,peraf001,nastn001
MIL202406100,MIL,TOR,0,0,rea-c001,berrj001
MIL202406110,MIL,TOR,0,0,rodrc003,kikuy001
MIL202406120,MIL,TOR,0,1,myert001,pop-z001
MIL202406140,MIL,CIN,0,0,peraf001,greeh001
MIL202406150,MIL,CIN,0,0,wilsb003,abboa001
MIL202406160,MIL,CIN,0,1,rea-c001,simsl001
MIL202406240,MIL,TEX,0,0,pegue001,latzj001
MIL202406250,MIL,TEX,0,1,wilsb003,heana001
MIL202406260,MIL,TEX,0,0,koenj001,latzj001
MIL202406280,MIL,CHN,0,0,rea-c001,tailj001
MIL202406290,MIL,CHN,0,2,payaj001,littl001
MIL202406300,MIL,CHN,0,1,peraf001,hendk001
MIL202407090,MIL,PIT,0,0,rea-c001,prieq001
MIL202407100,MIL,PIT,2,0,myert001,perem004
MIL202407110,MIL,PIT,0,0,civaa001,skenp001
MIL202407120,MIL,WAS,0,1,peraf001,garcr008
MIL202407130,MIL,WAS,5,0,megit001,law-d001
MIL202407140,MIL,WAS,1,0,rea-c001,irvij001
MIL202407260,MIL,MIA,0,3,peraf001,roget003
MIL202407270,MIL,MIA,0,0,koenj001,hoeib001
MIL202407280,MIL,MIA,2,1,junij001,tylek001
MIL202407290,MIL,ATL,0,0,milnh001,chavj001
MIL202407300,MIL,ATL,0,0,rossj002,eldeb001
MIL202407310,MIL,ATL,2,0,koenj001,johnp001
MIL202408090,MIL,CIN,3,0,civaa001,spiec001
MIL202408100,MIL,CIN,0,0,payaj001,santt001
MIL202408110,MIL,CIN,0,0,rossj002,farmb001
MIL202408120,MIL,LAN,0,0,peraf001,kersc001
MIL202408130,MIL,LAN,0,0,rea-c001,stong001
MIL202408140,MIL,LAN,0,3,payaj001,honeb001
MIL202408150,MIL,LAN,3,0,hudsb001,hudsd001
MIL202408160,MIL,CLE,3,0,civaa001,willg004
MIL202408170,MIL,CLE,1,0,peraf001,bibet001
MIL202408180,MIL,CLE,1,0,rea-c001,liveb001
MIL202408270,MIL,SFN,0,0,payaj001,dovac001
MIL202408280,MIL,SFN,0,0,peraf001,harrk001
MIL202408290,MIL,SFN,0,0,civaa001,birdh001
MIL202409020,MIL,SLN,3,0,peraf001,palla001
MIL202409030,MIL,SLN,0,2,pegue001,helsr001
MIL202409040,MIL,SLN,0,2,payaj001,kitta001
MIL202409060,MIL,COL,0,0,montf001,feltr001
MIL202409070,MIL,COL,2,0,myert001,blact002
MIL202409080,MIL,COL,1,0,peraf001,freek001
MIL202409160,MIL,PHI,0,0,civaa001,suarr001
MIL202409170,MIL,PHI,0,0,montf001,wheez001
MIL202409180,MIL,PHI,0,0,willd004,estec001
MIL202409190,MIL,ARI,0,0,myert001,pfaab001
MIL202409200,MIL,ARI,0,1,halld004,gallz001
MIL202409210,MIL,ARI,0,2,civaa001,kellm002
MIL202409220,MIL,ARI,0,1,koenj001,martj011
MIL202409270,MIL,NYN,4,0,rossj002,manas001
MIL202409280,MIL,NYN,0,0,myert001,quinj001
MIL202409290,MIL,NYN,0,1,rea-c001,peted003
MIN202404040,MIN,CLE,0,0,lopep002,bibet001
MIN202404060,MIN,CLE,1,0,ryanj002,sandn001
MIN202404080,MIN,LAN,0,1,jackj001,paxtj001
MIN202404090,MIN,LAN,0,0,varll001,glast001
MIN202404100,MIN,LAN,1,1,fundk001,vesia001
MIN202404190,MIN,DET,2,1,thiec001,chafa001
MIN202404200,MIN,DET,0,0,oberb002,olsor001
MIN202404210,MIN,DET,0,2,varll001,mizec001
MIN202404220,MIN,CHA,2,0,paddc001,cannj001
MIN202404230,MIN,CHA,1,0,jackj001,wilss002
MIN202404240,MIN,CHA,0,0,ryanj002,crocg001
MIN202404250,MIN,CHA,0,0,sandc001,bankt001
MIN202405030,MIN,BOS,0,0,paddc001,houct001
MIN202405040,MIN,BOS,1,1,lopep002,boosc001
MIN202405050,MIN,BOS,0,0,ryanj002,bernb001
MIN202405060,MIN,SEA,0,0,jax-g001,castl003
MIN202405070,MIN,SEA,0,0,alcaj001,stanr002
MIN202405080,MIN,SEA,2,0,paddc001,kirbg001
MIN202405090,MIN,SEA,5,0,lopep002,gilbl002
MIN202405140,MIN,NYA,1,0,paddc001,rodoc001
MIN202405150,MIN,NYA,0,1,lopep002,strom001
MIN202405160,MIN,NYA,0,3,ryanj002,schmc002
MIN202405240,MIN,TEX,0,2,oberb002,urenj001
MIN202405250,MIN,TEX,1,0,sandc001,robed002
MIN202405260,MIN,TEX,0,0,lopep002,latzj001
MIN202405270,MIN,KCA,0,0,ryanj002,marsa001
MIN202405280,MIN,KCA,2,0,woods002,ragac001
MIN202405290,MIN,KCA,0,0,oberb002,lugos001
MIN202405300,MIN,KCA,0,2,thiec001,strac001
MIN202406100,MIN,COL,0,0,paddc001,hudsd002
MIN202406110,MIN,COL,0,0,thiec001,quanc001
MIN202406120,MIN,COL,5,1,lopep002,gomba001
MIN202406130,MIN,OAK,0,0,ryanj002,medil002
MIN202406140,MIN,OAK,0,4,duraj002,alexs001
MIN202406161,MIN,OAK,3,0,oberb002,searj001
MIN202406162,MIN,OAK,2,0,stauj001,jimed002
MIN202406180,MIN,TBA,0,3,duraj002,fairp001
MIN202406190,MIN,TBA,0,0,alcaj001,adamj002
MIN202406200,MIN,TBA,0,0,jax-g001,fairp001
MIN202407020,MIN,DET,0,0,alcaj001,vestw001
MIN202407030,MIN,DET,0,0,festd001,montk001
MIN202407040,MIN,DET,0,1,oberb002,maedk001
MIN202407050,MIN,HOU,0,0,lopep002,kingb001
MIN202407060,MIN,HOU,2,0,ryanj002,browh001
MIN202407070,MIN,HOU,0,0,duraj002,hadej001
MIN202407200,MIN,MIL,0,0,okers001,junij001
MIN202407210,MIN,MIL,0,0,jax-g001,koenj001
MIN202407220,MIN,PHI,0,2,oberb002,suarr001
MIN202407230,MIN,PHI,0,0,duraj002,sotog003
MIN202407240,MIN,PHI,0,0,duraj002,sotog003
MIN202408020,MIN,CHA,2,0,ryanj002,martd006
MIN202408030,MIN,CHA,0,0,oberb002,toust001
MIN202408040,MIN,CHA,2,0,sandc001,flexc001
MIN202408091,MIN,CLE,1,0,oberb002,cantj002
MIN202408092,MIN,CLE,1,0,sandc001,cobba001
MIN202408100,MIN,CLE,0,1,woods002,willg004
MIN202408110,MIN,CLE,0,0,thiec001,bibet001
MIN202408120,MIN,KCA,0,1,lopep002,singb001
MIN202408130,MIN,KCA,3,0,mattz001,lugos001
MIN202408140,MIN,KCA,0,0,varll001,ragac001
MIN202408230,MIN,SLN,0,0,festd001,palla001
MIN202408240,MIN,SLN,0,0,lopep002,grays001
MIN202408250,MIN,SLN,1,0,duraj002,armss001
MIN202408260,MIN,ATL,1,4,oberb002,friem001
MIN202408270,MIN,ATL,0,0,duraj002,igler001
MIN202408280,MIN,ATL,0,1,festd001,salec001
MIN202408300,MIN,TOR,0,0,lopep002,gausk001
MIN202408310,MIN,TOR,0,7,mattz001,berrj001
MIN202409010,MIN,TOR,0,1,jax-g001,greec003
MIN202409090,MIN,ANA,0,2,festd001,detmr001
MIN202409100,MIN,ANA,0,0,lopep002,canng001
MIN202409110,MIN,ANA,1,1,sandc001,kochj001
MIN202409130,MIN,CIN,0,0,oberb002,aguij002
MIN202409140,MIN,CIN,1,0,woods002,martn002
MIN202409150,MIN,CIN,0,0,sandc001,lowdr001
MIN202409240,MIN,MIA,0,0,oberb002,weatr001
MIN202409250,MIN,MIA,0,3,jax-g001,petem001
MIN202409260,MIN,MIA,0,1,blews001,malda001
MIN202409270,MIN,BAL,0,0,lopep002,povic001
MIN202409280,MIN,BAL,0,2,mattz001,davit005
MIN202409290,MIN,BAL,0,0,oberb002,suara001
NYA202404050,NYA,TOR,0,0,fergc001,garcy001
NYA202404060,NYA,TOR,3,0,weavl001,gausk001
NYA202404070,NYA,TOR,0,0,cousj001,franb002
NYA202404080,NYA,MIA,0,0,cortn001,luzaj001
NYA202404090,NYA,MIA,0,0,rodoc001,puk-a001
NYA202404100,NYA,MIA,0,0,strom001,weatr001
NYA202404190,NYA,TBA,0,0,santd003,devec001
NYA202404200,NYA,TBA,0,0,fergc001,adamj002
NYA202404210,NYA,TBA,1,0,gil-l001,civaa001
NYA202404220,NYA,OAK,0,0,gonzv001,ercel001
NYA202404230,NYA,OAK,4,1,strom001,blacp001
NYA202404240,NYA,OAK,2,0,schmc002,boylj001
NYA202404250,NYA,OAK,0,0,cortn001,wooda002
NYA202405030,NYA,DET,0,0,santd003,folej001
NYA202405040,NYA,DET,1,1,schmc002,mizec001
NYA202405050,NYA,DET,1,0,gonzv001,mills001
NYA202405070,NYA,HOU,3,1,gil-l001,verlj001
NYA202405080,NYA,HOU,2,1,rodoc001,arris001
NYA202405090,NYA,HOU,0,3,strom001,blanr001
NYA202405170,NYA,CHA,1,0,cortn001,clevm001
NYA202405180,NYA,CHA,2,1,gil-l001,kellb003
NYA202405190,NYA,CHA,0,0,rodoc001,flexc001
NYA202405200,NYA,SEA,2,0,holmc001,bazae001
NYA202405210,NYA,SEA,0,0,schmc002,woo-b001
NYA202405220,NYA,SEA,2,0,cortn001,millb004
NYA202405230,NYA,SEA,0,0,gil-l001,castl003
NYA202406040,NYA,MIN,0,0,gil-l001,oberb002
NYA202406050,NYA,MIN,4,0,rodoc001,paddc001
NYA202406060,NYA,MIN,0,1,weavl001,lopep002
NYA202406070,NYA,LAN,0,0,hamii001,grovm001
NYA202406080,NYA,LAN,0,0,cortn001,stong001
NYA202406090,NYA,LAN,0,0,fergc001,glast001
NYA202406180,NYA,BAL,0,0,cortn001,suara001
NYA202406190,NYA,BAL,1,1,holmc001,kimbc001
NYA202406200,NYA,BAL,0,1,gil-l001,bakeb001
NYA202406210,NYA,ATL,0,3,rodoc001,salec001
NYA202406220,NYA,ATL,2,1,strom001,mortc002
NYA202406230,NYA,ATL,0,0,cortn001,friem001
NYA202407020,NYA,CIN,0,0,gil-l001,ashcg001
NYA202407030,NYA,CIN,0,0,rodoc001,abboa001
NYA202407040,NYA,CIN,0,0,strom001,montf001
NYA202407050,NYA,BOS,0,0,kahnt001,slatj002
NYA202407060,NYA,BOS,1,0,hillt002,bernb001
NYA202407070,NYA,BOS,0,0,gil-l001,crawk001
NYA202407190,NYA,TBA,0,0,coleg001,efliz001
NYA202407200,NYA,TBA,0,0,cortn001,bradt002
NYA202407210,NYA,TBA,0,1,strom001,cleag001
NYA202407220,NYA,TBA,0,0,rodoc001,littz001
NYA202407230,NYA,NYN,0,0,tonkm001,quinj001
NYA202407240,NYA,NYN,1,0,coleg001,ottaa001
NYA202408020,NYA,TOR,2,3,strom001,littb002
NYA202408030,NYA,TOR,2,1,rodoc001,berrj001
NYA202408040,NYA,TOR,0,0,leitm002,franb002
NYA202408071,NYA,ANA,2,0,gil-l001,danid001
NYA202408072,NYA,ANA,0,0,warrw001,strih001
NYA202408080,NYA,ANA,0,1,cortn001,andet002
NYA202408101,NYA,TEX,1,0,rodoc001,eovan001
NYA202408102,NYA,TEX,0,0,weavl001,bradc003
NYA202408110,NYA,TEX,1,0,strom001,heana001
NYA202408200,NYA,CLE,2,0,mayzt001,herrt002
NYA202408210,NYA,CLE,2,0,cortn001,cantj002
NYA202408220,NYA,CLE,0,0,coleg001,willg004
NYA202408230,NYA,COL,0,0,rodoc001,freek001
NYA202408240,NYA,COL,0,1,warrw001,blalb001
NYA202408250,NYA,COL,2,1,strom001,gomba001
NYA202408300,NYA,SLN,0,0,strom001,fedde001
NYA202408310,NYA,SLN,0,0,warrw001,gibsk002
NYA202409010,NYA,SLN,0,0,cousj001,romej002
NYA202409090,NYA,KCA,0,1,cousj001,mcarj001
NYA202409100,NYA,KCA,0,0,strom001,lugos001
NYA202409110,NYA,KCA,0,0,weavl001,bubik001
NYA202409120,NYA,BOS,1,0,holmc001,wincj001
NYA202409130,NYA,BOS,0,0,leitm002,boosc001
NYA202409140,NYA,BOS,0,0,coleg001,bellb002
NYA202409150,NYA,BOS,0,0,rodoc001,crawk001
NYA202409240,NYA,BAL,0,0,schmc002,kremd001
NYA202409250,NYA,BAL,0,3,strom001,webbj002
NYA202409260,NYA,BAL,0,0,coleg001,burnc002
NYA202409270,NYA,PIT,0,0,kahnt001,mlodc001
NYA202409280,NYA,PIT,0,0,gil-l001,burrm001
NYA202409290,NYA,PIT,2,0,weavl001,holdc001
NYN202403290,NYN,MIL,0,0,quinj001,peraf001
NYN202403300,NYN,MIL,0,3,sevel001,pegue001
NYN202403310,NYN,MIL,0,1,megit002,rea-c001
NYN202404010,NYN,DET,0,0,tonkm001,folej001
NYN202404041,NYN,DET,0,0,tonkm001,mills001
NYN202404042,NYN,DET,0,0,garrr001,faeda001
NYN202404120,NYN,KCA,0,0,sevel001,wachm001
NYN202404130,NYN,KCA,3,1,manas001,marsa001
NYN202404140,NYN,KCA,0,0,raleb001,strac001
NYN202404150,NYN,PIT,0,0,ottaa001,chapa001
NYN202404160,NYN,PIT,0,0,garrr001,ortil003
NYN202404170,NYN,PIT,0,0,sevel001,faltb001
NYN202404260,NYN,SLN,0,0,buttj001,mikom001
NYN202404270,NYN,SLN,0,4,housa001,grays001
NYN202404280,NYN,SLN,0,0,garrr001,libem001
NYN202404290,NYN,CHN,1,0,diaze006,leitm002
NYN202404300,NYN,CHN,1,0,reids001,alzoa001
NYN202405010,NYN,CHN,0,0,buttj001,imans001
NYN202405020,NYN,CHN,0,0,yound005,paled001
NYN202405100,NYN,ATL,0,0,quinj001,mortc002
NYN202405110,NYN,ATL,0,0,scotc001,friem001
NYN202405120,NYN,ATL,0,0,diaze006,minta001
NYN202405130,NYN,PHI,0,0,reids001,kerko001
NYN202405140,NYN,PHI,0,0,buttj001,nolaa001
NYN202405240,NYN,SFN,1,0,garrr001,aviln001
NYN202405250,NYN,SFN,0,0,reids001,jackl001
NYN202405260,NYN,SFN,0,0,housa001,roget002
NYN202405281,NYN,LAN,0,0,lopej004,hudsd001
NYN202405282,NYN,LAN,0,1,quinj001,stong001
NYN202405290,NYN,LAN,0,0,ottaa001,treib001
NYN202405300,NYN,ARI,0,0,yound005,thomr007
NYN202405310,NYN,ARI,4,3,sevel001,montj004
NYN202406010,NYN,ARI,0,0,manas001,ginkk001
NYN202406020,NYN,ARI,0,2,diekj001,martj011
NYN202406080,NYN,PHI,1,0,manas001,suarr001
NYN202406110,NYN,MIA,0,0,megit002,luzaj001
NYN202406120,NYN,MIA,2,0,peted003,garrb001
NYN202406130,NYN,MIA,0,0,diaze006,scott003
NYN202406140,NYN,SDN,0,0,manas001,waldm003
NYN202406150,NYN,SDN,0,0,quinj001,mazua001
NYN202406160,NYN,SDN,4,1,megit002,ceasd001
NYN202406250,NYN,NYA,1,0,nuned003,coleg001
NYN202406260,NYN,NYA,0,0,manas001,gil-l001
NYN202406280,NYN,HOU,1,1,nuned003,blanr001
NYN202406290,NYN,HOU,0,0,garrr001,marts003
NYN202406300,NYN,HOU,0,0,festm001,scott004
NYN202407090,NYN,WAS,0,0,quinj001,irvij001
NYN202407100,NYN,WAS,1,0,sevel001,corbp001
NYN202407110,NYN,WAS,0,0,peted003,gorem001
NYN202407120,NYN,COL,0,0,manas001,gordt002
NYN202407130,NYN,COL,0,0,buttj001,feltr001
NYN202407140,NYN,COL,0,2,quinj001,lawrj002
NYN202407250,NYN,ATL,0,0,matop002,johnp001
NYN202407260,NYN,ATL,0,0,sengk001,mortc002
NYN202407270,NYN,ATL,0,0,megit002,schws001
NYN202407280,NYN,ATL,0,0,peted003,lee-d005
NYN202407290,NYN,MIN,0,1,quinj001,woods002
NYN202407300,NYN,MIN,0,0,manas001,festd001
NYN202407310,NYN,MIN,0,0,sevel001,lopep002
NYN202408130,NYN,OAK,0,3,blacp001,adama002
NYN202408140,NYN,OAK,0,0,peted003,estej001
NYN202408150,NYN,OAK,0,0,garrr001,fergt001
NYN202408160,NYN,MIA,1,0,manas001,munor001
NYN202408170,NYN,MIA,1,0,sevel001,meyem001
NYN202408180,NYN,MIA,0,0,garrr001,narda001
NYN202408190,NYN,BAL,2,0,diaze006,domis001
NYN202408200,NYN,BAL,0,2,quinj001,kremd001
NYN202408210,NYN,BAL,0,0,diaze006,domis001
NYN202409020,NYN,BOS,0,0,sevel001,bellb002
NYN202409030,NYN,BOS,0,0,peted003,crawk001
NYN202409040,NYN,BOS,4,0,yound005,houct001
NYN202409060,NYN,CIN,2,0,buttj001,wilsj004
NYN202409070,NYN,CIN,0,0,quinj001,molls001
NYN202409080,NYN,CIN,0,0,matop002,farmb001
NYN202409160,NYN,WAS,0,0,garrr001,barnj002
NYN202409170,NYN,WAS,0,0,megit002,parkm001
NYN202409180,NYN,WAS,0,0,quinj001,herzd001
NYN202409190,NYN,PHI,2,0,sevel001,walkt004
NYN202409200,NYN,PHI,2,0,peted003,sancc002
NYN202409210,NYN,PHI,0,1,manas001,kerko001
NYN202409220,NYN,PHI,0,1,matop002,wheez001
OAK202403280,OAK,CLE,0,0,wooda002,biebs001
OAK202403290,OAK,CLE,0,3,strir001,allel003
OAK202403300,OAK,CLE,0,0,searj001,sandn001
OAK202403310,OAK,CLE,2,0,jimed002,barls001
OAK202404010,OAK,BOS,0,1,boylj001,houct001
OAK202404020,OAK,BOS,0,1,spenm001,wincj001
OAK202404030,OAK,BOS,0,0,strir001,piven001
OAK202404120,OAK,WAS,0,0,kellm004,finnk001
OAK202404130,OAK,WAS,0,0,boylj001,gorem001
OAK202404140,OAK,WAS,0,0,spenm001,law-d001
OAK202404150,OAK,SLN,0,1,strir001,grays001
OAK202404160,OAK,SLN,0,0,jimed002,lynnl001
OAK202404170,OAK,SLN,0,0,blacp001,matzs001
OAK202404290,OAK,PIT,1,1,boylj001,faltb001
OAK202404300,OAK,PIT,0,1,spenm001,kellm003
OAK202405010,OAK,PIT,0,0,strir001,prieq001
OAK202405030,OAK,MIA,0,0,searj001,weatr001
OAK202405040,OAK,MIA,0,0,blacp001,roget003
OAK202405050,OAK,MIA,0,4,boylj001,smitb005
OAK202405060,OAK,TEX,0,0,ercel001,leclj001
OAK202405070,OAK,TEX,0,1,strir001,urenj001
OAK202405081,OAK,TEX,0,1,searj001,lorem002
OAK202405082,OAK,TEX,0,0,bidoo001,robed002
OAK202405210,OAK,COL,0,2,ercel001,kinlt001
OAK202405220,OAK,COL,0,2,mullk001,mearn001
OAK202405230,OAK,COL,0,2,bielb001,lambp001
OAK202405240,OAK,HOU,1,0,strir001,verlj001
OAK202405250,OAK,HOU,2,0,searj001,arris001
OAK202405260,OAK,HOU,0,0,brooa001,blanr001
OAK202406040,OAK,SEA,0,0,spenm001,kirbg001
OAK202406050,OAK,SEA,0,0,estej001,gilbl002
OAK202406060,OAK,SEA,0,0,searj001,woo-b001
OAK202406070,OAK,TOR,0,0,millm004,greec003
OAK202406080,OAK,TOR,0,1,medil002,gausk001
OAK202406090,OAK,TOR,0,0,adama002,garcy001
OAK202406180,OAK,KCA,2,0,harrh002,marsa001
OAK202406190,OAK,KCA,0,0,medil002,ragac001
OAK202406200,OAK,KCA,0,0,nittv001,mcarj001
OAK202406210,OAK,MIN,1,1,newcs001,duraj002
OAK202406220,OAK,MIN,1,1,searj001,oberb002
OAK202406230,OAK,MIN,0,0,harrh002,lopep002
OAK202407020,OAK,ANA,0,0,spenm001,sorij002
OAK202407030,OAK,ANA,0,0,estej001,danid001
OAK202407040,OAK,ANA,0,0,searj001,contr001
OAK202407050,OAK,BAL,1,1,harrh002,suara001
OAK202407060,OAK,BAL,3,0,medil002,povic001
OAK202407070,OAK,BAL,0,4,spenm001,rodrg003
OAK202407190,OAK,ANA,0,0,searj001,canng001
OAK202407200,OAK,ANA,3,0,spenm001,kochj001
OAK202407210,OAK,ANA,0,0,ercel001,garcl005
OAK202407220,OAK,HOU,0,0,harrh002,arris001
OAK202407230,OAK,HOU,2,0,bidoo001,blosj001
OAK202407240,OAK,HOU,1,1,searj001,browh001
OAK202408020,OAK,LAN,0,2,estej001,stong001
OAK202408030,OAK,LAN,0,0,spenm001,flahj002
OAK202408040,OAK,LAN,2,2,bidoo001,vesia001
OAK202408050,OAK,CHA,1,0,searj001,bushk001
OAK202408060,OAK,CHA,0,0,strir001,cannj001
OAK202408070,OAK,CHA,0,0,mcfat001,toust001
OAK202408170,OAK,SFN,0,0,bidoo001,birdh001
OAK202408180,OAK,SFN,0,0,jimed002,walkr001
OAK202408190,OAK,TBA,2,0,boylj001,bradt002
OAK202408200,OAK,TBA,0,0,estej001,baz-s001
OAK202408210,OAK,TBA,1,0,spenm001,pepir001
OAK202408220,OAK,TBA,0,0,bidoo001,sprij001
OAK202408230,OAK,MIL,1,0,searj001,hudsb001
OAK202408240,OAK,MIL,1,0,boylj001,rea-c001
OAK202408250,OAK,MIL,0,0,estej001,montf001
OAK202409020,OAK,SEA,0,2,fergt001,votha001
OAK202409030,OAK,SEA,1,2,harrh002,thort002
OAK202409040,OAK,SEA,1,0,searj001,kirbg001
OAK202409050,OAK,SEA,0,2,estej001,woo-b001
OAK202409060,OAK,DET,0,0,holmg002,brieb001
OAK202409070,OAK,DET,0,0,mcfat001,hurtb001
OAK202409080,OAK,DET,0,0,ginnj001,maddt001
OAK202409200,OAK,NYA,0,0,mcfat001,coleg001
OAK202409210,OAK,NYA,0,2,searj001,rodoc001
OAK202409220,OAK,NYA,2,0,estej001,gil-l001
OAK202409240,OAK,TEX,2,1,millm004,sborj002
OAK202409250,OAK,TEX,0,3,bassb002,festm001
OAK202409260,OAK,TEX,0,0,ginnj001,rockk001
PHI202403290,PHI,ATL,0,0,alvaj004,johnp001
PHI202403300,PHI,ATL,3,2,nolaa001,chavj001
PHI202403310,PHI,ATL,1,2,stram001,bumma001
PHI202404010,PHI,CIN,2,0,brogc001,diaza004
PHI202404020,PHI,CIN,1,0,turns003,ashcg001
PHI202404030,PHI,CIN,0,0,wheez001,montf001
PHI202404110,PHI,PIT,0,0,suarr001,jonej008
PHI202404120,PHI,PIT,0,0,sancc002,faltb001
PHI202404130,PHI,PIT,2,1,hoffj003,hernj005
PHI202404140,PHI,PIT,0,0,wheez001,kellm003
PHI202404150,PHI,COL,0,0,domis001,birdj001
PHI202404160,PHI,COL,2,0,suarr001,gomba001
PHI202404170,PHI,COL,4,1,sancc002,feltr001
PHI202404190,PHI,CHA,3,0,turns003,crocg001
PHI202404200,PHI,CHA,0,0,wheez001,sorom001
PHI202404210,PHI,CHA,3,2,nolaa001,nastn001
PHI202405030,PHI,SFN,0,0,stram001,hickj002
PHI202405040,PHI,SFN,5,0,suarr001,winnk001
PHI202405050,PHI,SFN,0,1,walkt004,webbl001
PHI202405060,PHI,SFN,0,0,wheez001,blacm001
PHI202405070,PHI,TOR,1,0,sancc002,berrj001
PHI202405080,PHI,TOR,0,0,nolaa001,bassc001
PHI202405150,PHI,NYN,1,1,suarr001,luccj001
PHI202405160,PHI,NYN,0,1,alvaj004,lopej004
PHI202405170,PHI,WAS,1,0,wheez001,irvij001
PHI202405180,PHI,WAS,0,1,sotog003,finnk001
PHI202405190,PHI,WAS,0,0,nolaa001,barnj002
PHI202405210,PHI,TEX,0,0,suarr001,grayj003
PHI202405220,PHI,TEX,0,1,stram001,dunnd001
PHI202405230,PHI,TEX,0,0,wheez001,heana001
PHI202405310,PHI,SLN,0,0,nolaa001,mikom001
PHI202406010,PHI,SLN,3,0,turns003,grays001
PHI202406020,PHI,SLN,0,2,sotog003,kingj002
PHI202406030,PHI,MIL,0,0,wheez001,wilsb003
PHI202406040,PHI,MIL,0,0,domis001,payaj001
PHI202406050,PHI,MIL,0,0,nolaa001,ashba003
PHI202406090,PHI,NYN,1,0,alvaj004,garrr001
PHI202406170,PHI,SDN,0,0,sancc002,vasqr001
PHI202406180,PHI,SDN,0,0,hoffj003,suarr002
PHI202406190,PHI,SDN,0,0,kerko001,waldm003
PHI202406210,PHI,ARI,0,0,walkt004,montj004
PHI202406220,PHI,ARI,2,0,wheez001,henrt001
PHI202406230,PHI,ARI,0,0,sancc002,ceccs001
PHI202406270,PHI,MIA,1,0,hoffj003,benda001
PHI202406280,PHI,MIA,0,0,sancc002,tylek001
PHI202406290,PHI,MIA,0,0,nolaa001,narda001
PHI202406300,PHI,MIA,2,1,domis001,narda001
PHI202407090,PHI,LAN,0,0,wheez001,millb005
PHI202407100,PHI,LAN,1,0,sancc002,stong001
PHI202407110,PHI,LAN,1,0,nolaa001,banda001
PHI202407120,PHI,OAK,0,0,suarr001,bidoo001
PHI202407130,PHI,OAK,0,0,philt002,spenm001
PHI202407140,PHI,OAK,1,0,mercm002,estej001
PHI202407260,PHI,CLE,0,1,sancc002,liveb001
PHI202407270,PHI,CLE,0,0,philt002,carrc003
PHI202407280,PHI,CLE,1,0,alvaj004,herrt002
PHI202407290,PHI,NYA,0,1,wheez001,gil-l001
PHI202407300,PHI,NYA,1,1,kerko001,tonkm001
PHI202407310,PHI,NYA,0,0,sancc002,cortn001
PHI202408130,PHI,MIA,0,2,walkt004,bellv001
PHI202408140,PHI,MIA,0,3,ruizj001,cabre003
PHI202408150,PHI,WAS,4,0,wheez001,parkm001
PHI202408160,PHI,WAS,0,0,estec001,finnk001
PHI202408170,PHI,WAS,0,0,sancc002,gorem001
PHI202408180,PHI,WAS,1,0,stram001,barnj002
PHI202408260,PHI,HOU,0,0,stram001,hadej001
PHI202408270,PHI,HOU,0,0,nolaa001,verlj001
PHI202408280,PHI,HOU,0,0,walkt004,arris001
PHI202408290,PHI,ATL,0,0,kerko001,holmg001
PHI202408300,PHI,ATL,0,0,suarr001,loper003
PHI202408310,PHI,ATL,0,0,wheez001,friem001
PHI202409010,PHI,ATL,0,0,estec001,bumma001
PHI202409090,PHI,TBA,0,0,estec001,cleag001
PHI202409100,PHI,TBA,1,0,alvaj004,lover001
PHI202409110,PHI,TBA,2,0,wheez001,rasmd002
PHI202409130,PHI,NYN,0,0,nolaa001,quinj001
PHI202409140,PHI,NYN,0,1,kerko001,yound005
PHI202409150,PHI,NYN,0,0,ruizj001,diaze006
PHI202409230,PHI,CHN,0,0,nolaa001,kilic001
PHI202409240,PHI,CHN,1,0,bankt001,smyld001
PHI202409250,PHI,CHN,3,0,ruizj001,assaj001
PIT202404050,PIT,BAL,0,0,jonej008,rodrg003
PIT202404060,PIT,BAL,0,0,flemj001,heasj001
PIT202404070,PIT,BAL,0,0,hernj005,canoy001
PIT202404080,PIT,DET,0,1,kellm003,olsor001
PIT202404090,PIT,DET,0,1,bednd001,mills001
PIT202404190,PIT,BOS,0,2,prieq001,bellb002
PIT202404200,PIT,BOS,0,2,kellm003,crawk001
PIT202404210,PIT,BOS,1,0,perem004,slatj002
PIT202404220,PIT,MIL,1,0,jonej008,rossj002
PIT202404230,PIT,MIL,1,0,faltb001,myert001
PIT202404240,PIT,MIL,0,0,flemj001,hudsb001
PIT202404250,PIT,MIL,3,1,chapa001,koenj001
PIT202405030,PIT,COL,0,0,perem004,quanc001
PIT202405040,PIT,COL,0,0,bednd001,mearn001
PIT202405050,PIT,COL,0,0,ortil003,feltr001
PIT202405060,PIT,ANA,0,0,kellm003,andet002
PIT202405070,PIT,ANA,0,0,prieq001,sandp002
PIT202405080,PIT,ANA,0,0,ortil003,cimba001
PIT202405100,PIT,CHN,2,1,jonej008,browb006
PIT202405110,PIT,CHN,0,0,holdc001,thomk002
PIT202405120,PIT,CHN,0,2,chapa001,nerih001
PIT202405210,PIT,SFN,0,2,bednd001,mille002
PIT202405220,PIT,SFN,0,0,mlodc001,walkr001
PIT202405230,PIT,SFN,1,0,strah001,jackl001
PIT202405240,PIT,ATL,2,0,faltb001,kerrr001
PIT202405250,PIT,ATL,0,0,kellm003,loper003
PIT202405260,PIT,ATL,0,0,mlodc001,salec001
PIT202406040,PIT,LAN,0,0,jonej008,glast001
PIT202406050,PIT,LAN,0,0,skenp001,paxtj001
PIT202406060,PIT,LAN,0,4,faltb001,grovm001
PIT202406070,PIT,MIN,0,0,kellm003,ryanj002
PIT202406080,PIT,MIN,0,0,strah001,woods002
PIT202406090,PIT,MIN,0,3,hellb001,duraj002
PIT202406170,PIT,CIN,3,1,skenp001,spiec001
PIT202406180,PIT,CIN,0,0,faltb001,lodon001
PIT202406190,PIT,CIN,0,0,holdc001,martn002
PIT202406210,PIT,TBA,0,0,mlodc001,pochc001
PIT202406220,PIT,TBA,1,1,jonej008,efliz001
PIT202406230,PIT,TBA,0,1,holdc001,kellk004
PIT202407020,PIT,SLN,0,0,kellm003,gibsk002
PIT202407030,PIT,SLN,0,0,chapa001,kitta001
PIT202407040,PIT,SLN,0,0,santd003,kingj002
PIT202407050,PIT,NYN,0,0,skenp001,sevel001
PIT202407060,PIT,NYN,0,0,faltb001,buttj001
PIT202407070,PIT,NYN,0,0,chapa001,diaze006
PIT202407080,PIT,NYN,0,0,kellm003,orzee001
PIT202407190,PIT,PHI,3,3,mlodc001,alvaj004
PIT202407200,PIT,PHI,0,0,ortil003,sancc002
PIT202407210,PIT,PHI,0,0,gonzm005,philt002
PIT202407220,PIT,SLN,0,0,chapa001,kingj002
PIT202407230,PIT,SLN,0,0,skenp001,fernr001
PIT202407240,PIT,SLN,0,0,perem004,libem001
PIT202408020,PIT,ARI,0,5,holdc001,flord002
PIT202408030,PIT,ARI,0,0,nicok001,ceccs001
PIT202408040,PIT,ARI,1,0,holdc001,sewap001
PIT202408060,PIT,SDN,0,0,woodj003,hoeib001
PIT202408070,PIT,SDN,2,0,holdc001,scott003
PIT202408080,PIT,SDN,0,2,bednd001,adamj002
PIT202408160,PIT,SEA,0,0,skenp001,gilbl002
PIT202408170,PIT,SEA,1,0,faltb001,castl003
PIT202408180,PIT,SEA,0,2,woodj003,kirbg001
PIT202408220,PIT,CIN,0,0,skenp001,lodon001
PIT202408230,PIT,CIN,0,1,santd003,wilsj004
PIT202408240,PIT,CIN,0,4,woodj003,aguij002
PIT202408250,PIT,CIN,1,0,chapa001,diaza004
PIT202408260,PIT,CHN,0,0,kellm003,tailj001
PIT202408270,PIT,CHN,2,0,jonej008,steej002
PIT202408280,PIT,CHN,1,1,bednd001,hodgp001
PIT202409050,PIT,WAS,0,3,faltb001,irvij001
PIT202409071,PIT,WAS,0,0,ortil003,herzd001
PIT202409072,PIT,WAS,2,0,chapa001,garcr008
PIT202409080,PIT,WAS,4,1,jonej008,corbp001
PIT202409090,PIT,MIA,1,0,skenp001,bellv001
PIT202409100,PIT,MIA,2,0,wentj001,ollea001
PIT202409110,PIT,MIA,2,0,faltb001,bermj001
PIT202409130,PIT,KCA,0,0,ortil003,marsa001
PIT202409140,PIT,KCA,0,1,kellm003,wachm001
PIT202409150,PIT,KCA,1,0,mlodc001,singb001
PIT202409240,PIT,MIL,0,0,faltb001,milnh001
PIT202409250,PIT,MIL,0,0,ortil003,peraf001
PIT202409260,PIT,MIL,0,0,kellm003,civaa001
SDN202403200,SDN,LAN,0,0,britj003,hudsd001
SDN202403280,SDN,SFN,0,0,matsy001,jackl001
SDN202403290,SDN,SFN,0,3,musgj001,harrk001
SDN202403300,SDN,SFN,0,0,ceasd001,hickj002
SDN202403310,SDN,SFN,6,0,avilp001,jeffd001
SDN202404010,SDN,SLN,0,3,waldm003,gibsk002
SDN202404020,SDN,SLN,0,0,darvy001,mikom001
SDN202404030,SDN,SLN,1,0,musgj001,thomz002
SDN202404080,SDN,CHN,0,0,peraw002,alzoa001
SDN202404090,SDN,CHN,0,0,musgj001,smyld001
SDN202404100,SDN,CHN,0,0,ceasd001,hendk001
SDN202404190,SDN,TOR,0,1,waldm003,franb002
SDN202404200,SDN,TOR,0,4,vasqr001,berrj001
SDN202404210,SDN,TOR,1,0,musgj001,bassc001
SDN202404260,SDN,PHI,0,2,musgj001,nolaa001
SDN202404270,SDN,PHI,0,2,ceasd001,suarr001
SDN202404280,SDN,PHI,0,0,kingm002,walkt004
SDN202404290,SDN,CIN,1,1,waldm003,lodon001
SDN202404300,SDN,CIN,0,0,darvy001,martn002
SDN202405010,SDN,CIN,0,1,deloe001,cruzf002
SDN202405100,SDN,LAN,0,0,suarr002,grovm001
SDN202405110,SDN,LAN,0,1,waldm003,paxtj001
SDN202405120,SDN,LAN,2,0,darvy001,buehw001
SDN202405130,SDN,COL,0,0,vasqr001,hudsd002
SDN202405140,SDN,COL,0,0,ceasd001,quanc001
SDN202405150,SDN,COL,0,0,kingm002,gomba001
SDN202405240,SDN,NYA,0,1,darvy001,rodoc001
SDN202405250,SDN,NYA,0,2,ceasd001,strom001
SDN202405260,SDN,NYA,0,0,estrj002,schmc002
SDN202405270,SDN,MIA,0,0,morea001,puk-a001
SDN202405280,SDN,MIA,2,0,waldm003,luzaj001
SDN202405290,SDN,MIA,0,0,darvy001,garrb001
SDN202406060,SDN,ARI,0,1,estrj002,ginkk001
SDN202406070,SDN,ARI,2,0,kingm002,pfaab001
SDN202406080,SDN,ARI,0,0,waldm003,nelsr003
SDN202406090,SDN,ARI,1,1,mazua001,henrt001
SDN202406100,SDN,OAK,0,0,ceasd001,estej001
SDN202406110,SDN,OAK,0,1,suarr002,alexs001
SDN202406120,SDN,OAK,0,0,suarr002,millm004
SDN202406200,SDN,MIL,4,1,estrj002,payaj001
SDN202406210,SDN,MIL,0,0,koles001,milnh001
SDN202406220,SDN,MIL,0,0,vasqr001,rodrc003
SDN202406230,SDN,MIL,0,0,kingm002,myert001
SDN202406240,SDN,WAS,0,0,peraw002,harvh001
SDN202406250,SDN,WAS,2,0,mazua001,gorem001
SDN202406260,SDN,WAS,0,0,ceasd001,herzd001
SDN202407050,SDN,ARI,0,2,koles001,sewap001
SDN202407060,SDN,ARI,1,0,peraw002,thomr007
SDN202407070,SDN,ARI,1,1,ceasd001,nelsr003
SDN202407090,SDN,SEA,0,1,mazua001,gilbl002
SDN202407100,SDN,SEA,0,0,kingm002,millb004
SDN202407120,SDN,ATL,0,0,waldm003,schws001
SDN202407130,SDN,ATL,0,0,ceasd001,loper003
SDN202407140,SDN,ATL,1,0,vasqr001,salec001
SDN202407300,SDN,LAN,0,5,suarr002,vesia001
SDN202407310,SDN,LAN,0,0,ceasd001,kersc001
SDN202408020,SDN,COL,0,0,estrj002,gomba001
SDN202408030,SDN,COL,0,0,adamj002,lambp001
SDN202408040,SDN,COL,0,0,waldm003,quanc001
SDN202408120,SDN,PIT,0,0,estrj002,woodj003
SDN202408130,SDN,PIT,1,0,kingm002,ortil003
SDN202408140,SDN,PIT,3,0,perem004,kellm003
SDN202408190,SDN,MIN,2,1,kingm002,mattz001
SDN202408200,SDN,MIN,0,0,scott003,okers001
SDN202408210,SDN,MIN,0,0,waldm003,woods002
SDN202408220,SDN,NYN,0,1,ceasd001,sevel001
SDN202408230,SDN,NYN,1,0,musgj001,blacp001
SDN202408240,SDN,NYN,0,1,kingm002,peted003
SDN202408250,SDN,NYN,0,0,suarr002,diaze006
SDN202409020,SDN,DET,0,0,musgj001,hanib001
SDN202409040,SDN,DET,0,1,estrj002,folej001
SDN202409050,SDN,DET,1,0,suarr002,vanar001
SDN202409060,SDN,SFN,3,0,kingm002,blacm001
SDN202409070,SDN,SFN,2,0,ceasd001,webbl001
SDN202409080,SDN,SFN,0,0,musgj001,mille002
SDN202409160,SDN,HOU,1,0,darvy001,arris001
SDN202409170,SDN,HOU,0,0,morea001,hadej001
SDN202409180,SDN,HOU,0,0,ceasd001,valdf001
SDN202409200,SDN,CHA,0,0,morea001,andej005
SDN202409210,SDN,CHA,0,0,perem004,flexc001
SDN202409220,SDN,CHA,0,0,estrj002,ellaf001
SEA202403280,SEA,BOS,0,0,castl003,bellb002
SEA202403290,SEA,BOS,0,0,kirbg001,piven001
SEA202403300,SEA,BOS,1,0,sauct001,rodrj004
SEA202403310,SEA,BOS,0,0,millb004,whitg002
SEA202404010,SEA,CLE,0,0,hance001,mcket001
SEA202404020,SEA,CLE,0,0,castl003,biebs001
SEA202404030,SEA,CLE,0,3,kirbg001,allel003
SEA202404120,SEA,CHN,0,0,millb004,wickj001
SEA202404130,SEA,CHN,0,0,hance001,imans001
SEA202404140,SEA,CHN,0,1,castl003,assaj001
SEA202404150,SEA,CIN,3,0,kirbg001,montf001
SEA202404160,SEA,CIN,0,0,gilbl002,pagae001
SEA202404170,SEA,CIN,0,0,millb004,abboa001
SEA202404260,SEA,ARI,1,0,hance001,gallz001
SEA202404270,SEA,ARI,0,0,kirbg001,ceccs001
SEA202404280,SEA,ARI,1,0,thort002,mantj002
SEA202404290,SEA,ATL,0,0,votha001,minta001
SEA202404300,SEA,ATL,0,0,castl003,loper003
SEA202405010,SEA,ATL,0,0,hance001,salec001
SEA202405100,SEA,OAK,0,0,thort002,blacp001
SEA202405110,SEA,OAK,0,0,millb004,estej001
SEA202405120,SEA,OAK,1,0,castl003,wooda002
SEA202405130,SEA,KCA,0,0,kirbg001,singb001
SEA202405140,SEA,KCA,0,0,gilbl002,wachm001
SEA202405150,SEA,KCA,0,0,woo-b001,marsa001
SEA202405270,SEA,HOU,3,0,millb004,valdf001
SEA202405280,SEA,HOU,1,0,sauct001,presr001
SEA202405290,SEA,HOU,0,0,baumm001,scott004
SEA202405300,SEA,HOU,0,0,gilbl002,arris001
SEA202405310,SEA,ANA,3,0,stanr002,moorm003
SEA202406010,SEA,ANA,0,0,millb004,detmr001
SEA202406020,SEA,ANA,0,0,castl003,canng001
SEA202406100,SEA,CHA,0,0,stanr002,leasj001
SEA202406110,SEA,CHA,0,0,thort002,brebj001
SEA202406120,SEA,CHA,0,0,thort002,wilss002
SEA202406130,SEA,CHA,0,0,munoa002,kopem001
SEA202406140,SEA,TEX,2,2,castl003,heana001
SEA202406150,SEA,TEX,1,0,kirbg001,eovan001
SEA202406160,SEA,TEX,0,0,gilbl002,dunnd001
SEA202406280,SEA,MIN,0,0,stanr002,sandc001
SEA202406290,SEA,MIN,0,0,millb004,lopep002
SEA202406300,SEA,MIN,0,1,stanr002,sandc001
SEA202407020,SEA,BAL,0,0,kirbg001,rodrg003
SEA202407030,SEA,BAL,0,0,gilbl002,kremd001
SEA202407040,SEA,BAL,0,0,stanr002,bakeb001
SEA202407050,SEA,TOR,0,0,castl003,gausk001
SEA202407060,SEA,TOR,0,0,hance001,rodry003
SEA202407070,SEA,TOR,0,0,snidc001,greec003
SEA202407190,SEA,HOU,0,0,castl003,browh001
SEA202407200,SEA,HOU,0,0,stanr002,scott004
SEA202407210,SEA,HOU,0,0,woo-b001,blanr001
SEA202407220,SEA,ANA,1,0,thort002,garcl005
SEA202407230,SEA,ANA,0,0,gilbl002,sorij002
SEA202407240,SEA,ANA,0,0,santg001,crouh001
SEA202408020,SEA,PHI,1,0,woo-b001,philt002
SEA202408030,SEA,PHI,0,1,snidc001,estec001
SEA202408040,SEA,PHI,0,1,gilbl002,wheez001
SEA202408060,SEA,DET,0,0,castl003,montk001
SEA202408070,SEA,DET,0,1,kirbg001,skubt001
SEA202408080,SEA,DET,0,0,charj001,vestw001
SEA202408090,SEA,NYN,0,0,millb004,quinj001
SEA202408100,SEA,NYN,3,0,gilbl002,manas001
SEA202408110,SEA,NYN,0,0,castl003,sevel001
SEA202408230,SEA,SFN,0,1,snidc001,mille002
SEA202408240,SEA,SFN,0,1,kirbg001,bives001
SEA202408250,SEA,SFN,1,2,woo-b001,hjels001
SEA202408260,SEA,TBA,0,0,millb004,pepir001
SEA202408270,SEA,TBA,0,0,charj001,ucete001
SEA202408280,SEA,TBA,0,0,castl003,alext001
SEA202409100,SEA,SDN,1,0,kirbg001,darvy001
SEA202409110,SEA,SDN,0,0,woo-b001,kingm002
SEA202409120,SEA,TEX,0,0,snidc001,festm001
SEA202409130,SEA,TEX,0,2,charj001,robed002
SEA202409140,SEA,TEX,0,0,munoa002,leclj001
SEA202409150,SEA,TEX,3,0,kirbg001,heana001
SEA202409170,SEA,NYA,0,2,woo-b001,gil-l001
SEA202409180,SEA,NYA,0,0,snidc001,weavl001
SEA202409190,SEA,NYA,3,0,gilbl002,schmc002
SEA202409270,SEA,OAK,0,0,woo-b001,searj001
SEA202409280,SEA,OAK,0,0,bazae001,alexs001
SEA202409290,SEA,OAK,0,0,gilbl002,spenm001
SFN202404050,SFN,SDN,1,1,dovac001,deloe001
SFN202404060,SFN,SDN,0,4,winnk001,kingm002
SFN202404070,SFN,SDN,0,1,walkr001,britj003
SFN202404080,SFN,WAS,1,0,snelb001,willt002
SFN202404090,SFN,WAS,0,0,walkr001,weemj001
SFN202404100,SFN,WAS,0,0,hickj002,corbp001
SFN202404180,SFN,ARI,0,0,webbl001,allel002
SFN202404190,SFN,ARI,0,0,snelb001,montj004
SFN202404200,SFN,ARI,2,1,walkr001,gallz001
SFN202404210,SFN,ARI,0,0,mille002,ceccs001
SFN202404220,SFN,NYN,0,0,winnk001,quinj001
SFN202404230,SFN,NYN,0,0,webbl001,sevel001
SFN202404240,SFN,NYN,0,0,hjels001,garrr001
SFN202404260,SFN,PIT,0,0,dovac001,bednd001
SFN202404270,SFN,PIT,0,0,roget001,strah001
SFN202404280,SFN,PIT,0,0,winnk001,jonej008
SFN202405100,SFN,CIN,1,1,webbl001,abboa001
SFN202405110,SFN,CIN,4,0,roget001,lodon001
SFN202405120,SFN,CIN,0,3,jackl001,pagae001
SFN202405130,SFN,LAN,0,1,roget001,treib001
SFN202405140,SFN,LAN,0,0,winnk001,stong001
SFN202405150,SFN,LAN,0,0,webbl001,herne002
SFN202405170,SFN,COL,1,3,hjels001,feltr001
SFN202405180,SFN,COL,3,0,harrk001,blact002
SFN202405190,SFN,COL,0,1,hickj002,hudsd002
SFN202405270,SFN,PHI,0,0,rodrr010,walkt004
SFN202405280,SFN,PHI,0,0,hjels001,stram001
SFN202405290,SFN,PHI,0,1,harrk001,sancc002
SFN202405310,SFN,NYA,0,0,hickj002,strom001
SFN202406010,SFN,NYA,0,2,webbl001,potec001
SFN202406020,SFN,NYA,0,1,dovac001,tonkm001
SFN202406100,SFN,HOU,0,0,rodrr010,montr004
SFN202406110,SFN,HOU,0,0,hickj002,blanr001
SFN202406120,SFN,HOU,0,0,webbl001,valdf001
SFN202406140,SFN,ANA,0,0,howas003,andet002
SFN202406150,SFN,ANA,2,0,walkr001,moorm003
SFN202406160,SFN,ANA,0,1,bives001,suarj001
SFN202406240,SFN,CHN,0,0,howas003,smyld001
SFN202406250,SFN,CHN,0,0,roget002,hendk001
SFN202406260,SFN,CHN,0,0,jackl001,smyld001
SFN202406270,SFN,CHN,0,0,jackl001,nerih001
SFN202406280,SFN,LAN,0,0,dovac001,treib001
SFN202406290,SFN,LAN,1,0,hjels001,hudsd001
SFN202406300,SFN,LAN,1,0,bives001,paxtj001
SFN202407090,SFN,TOR,0,0,mille002,richt001
SFN202407100,SFN,TOR,2,0,webbl001,bassc001
SFN202407110,SFN,TOR,2,3,hickj002,gausk001
SFN202407120,SFN,MIN,1,0,harrk001,ryanj002
SFN202407130,SFN,MIN,0,0,roget001,sandc001
SFN202407140,SFN,MIN,0,0,walkr001,duraj002
SFN202407260,SFN,COL,1,0,harrk001,freek001
SFN202407271,SFN,COL,0,0,walkr001,lawrj002
SFN202407272,SFN,COL,1,0,birdh001,gordt002
SFN202407280,SFN,COL,1,0,rodrr010,gomba001
SFN202407300,SFN,OAK,0,0,ray-r002,searj001
SFN202407310,SFN,OAK,0,0,webbl001,strir001
SFN202408090,SFN,DET,0,0,roget002,folej001
SFN202408100,SFN,DET,0,0,webbl001,hurtb001
SFN202408110,SFN,DET,2,1,birdh001,montk001
SFN202408120,SFN,ATL,0,0,roget001,igler001
SFN202408130,SFN,ATL,0,0,rodrr010,lee-d005
SFN202408140,SFN,ATL,1,5,ray-r002,holmg001
SFN202408150,SFN,ATL,0,0,webbl001,friem001
SFN202408190,SFN,CHA,0,0,harrk001,cannj001
SFN202408200,SFN,CHA,0,0,ray-r002,martd006
SFN202408210,SFN,CHA,0,1,mille002,ellaf001
SFN202408300,SFN,MIA,0,0,roget002,baumm001
SFN202408310,SFN,MIA,0,0,blacm001,cabre003
SFN202409010,SFN,MIA,1,0,webbl001,currx001
SFN202409030,SFN,ARI,1,3,harrk001,nelsr003
SFN202409040,SFN,ARI,0,1,birdh001,gallz001
SFN202409050,SFN,ARI,0,2,walkr001,ginkk001
SFN202409100,SFN,MIL,1,2,roupl001,civaa001
SFN202409110,SFN,MIL,4,0,snelb001,rea-c001
SFN202409120,SFN,MIL,0,0,dovac001,montf001
SFN202409130,SFN,SDN,0,3,webbl001,ceasd001
SFN202409140,SFN,SDN,0,1,blacm001,musgj001
SFN202409150,SFN,SDN,0,0,dovac001,suarr002
SFN202409270,SFN,SLN,0,1,roupl001,mikom001
SFN202409280,SFN,SLN,2,1,walkr001,libem001
SFN202409290,SFN,SLN,0,0,birdh001,mcgrm001
SLN202404040,SLN,MIA,0,0,gallg001,sancs001
SLN202404060,SLN,MIA,0,0,matzs001,roget003
SLN202404070,SLN,MIA,0,6,gibsk002,meyem001
SLN202404080,SLN,PHI,0,0,helsr001,hoffj003
SLN202404090,SLN,PHI,0,0,grays001,wheez001
SLN202404100,SLN,PHI,0,2,palla001,nolaa001
SLN202404190,SLN,MIL,0,0,helsr001,payaj001
SLN202404200,SLN,MIL,1,2,mikom001,wilsb003
SLN202404210,SLN,MIL,0,0,grays001,hudsb001
SLN202404220,SLN,ARI,0,0,helsr001,thomr007
SLN202404230,SLN,ARI,1,0,matzs001,henrt001
SLN202404240,SLN,ARI,0,1,gibsk002,montj004
SLN202405030,SLN,CHA,2,0,grays001,kellb003
SLN202405040,SLN,CHA,0,2,fernr001,kopem001
SLN202405050,SLN,CHA,0,0,gallg001,crocg001
SLN202405060,SLN,NYN,0,1,kitta001,manas001
SLN202405070,SLN,NYN,3,0,mikom001,buttj001
SLN202405170,SLN,BOS,2,0,gibsk002,bellb002
SLN202405180,SLN,BOS,0,0,romej002,slatj002
SLN202405190,SLN,BOS,0,1,libem001,piven001
SLN202405200,SLN,BAL,0,0,grays001,kremd001
SLN202405210,SLN,BAL,0,0,lynnl001,webbj002
SLN202405220,SLN,BAL,0,0,kingj002,irvic001
SLN202405250,SLN,CHN,0,0,romej002,leitm002
SLN202405260,SLN,CHN,0,0,grays001,assaj001
SLN202406060,SLN,COL,0,0,grays001,quanc001
SLN202406070,SLN,COL,3,0,romej002,caram001
SLN202406080,SLN,COL,0,1,kitta001,vodnv001
SLN202406090,SLN,COL,0,0,palla001,blact002
SLN202406110,SLN,PIT,0,0,helsr001,holdc001
SLN202406120,SLN,PIT,0,0,grays001,faltb001
SLN202406130,SLN,PIT,0,0,roycc001,kellm003
SLN202406200,SLN,SFN,3,0,palla001,winnk001
SLN202406220,SLN,SFN,2,3,mikom001,hickj002
SLN202406230,SLN,SFN,3,0,grays001,webbl001
SLN202406240,SLN,ATL,0,0,lynnl001,schws001
SLN202406261,SLN,ATL,0,0,gibsk002,loper003
SLN202406262,SLN,ATL,0,0,libem001,eldeb001
SLN202406270,SLN,CIN,0,1,mikom001,abboa001
SLN202406280,SLN,CIN,0,0,palla001,montf001
SLN202406290,SLN,CIN,0,0,grays001,spiec001
SLN202406300,SLN,CIN,0,0,lynnl001,greeh001
SLN202407101,SLN,KCA,0,0,palla001,marsa001
SLN202407102,SLN,KCA,0,0,gracg001,wachm001
SLN202407120,SLN,CHN,0,0,grays001,hendk001
SLN202407131,SLN,CHN,10,1,lynnl001,wesnh001
SLN202407132,SLN,CHN,2,0,romej002,hodgp001
SLN202407140,SLN,CHN,0,0,mikom001,tailj001
SLN202407260,SLN,WAS,0,0,fernr001,barnj002
SLN202407270,SLN,WAS,0,0,gibsk002,irvij001
SLN202407280,SLN,WAS,1,0,helsr001,flord002
SLN202407290,SLN,TEX,0,0,palla001,eovan001
SLN202407300,SLN,TEX,1,0,lynnl001,schem001
SLN202407310,SLN,TEX,0,0,mcgrm001,heana001
SLN202408050,SLN,NYN,0,0,palla001,manas001
SLN202408060,SLN,TBA,0,2,grays001,sprij001
SLN202408070,SLN,TBA,1,0,fedde001,bradt002
SLN202408080,SLN,TBA,3,2,romej002,lover001
SLN202408160,SLN,LAN,0,0,mikom001,wrobj001
SLN202408170,SLN,LAN,1,1,palla001,millb005
SLN202408180,SLN,LAN,0,0,grays001,kersc001
SLN202408200,SLN,MIL,0,0,fedde001,montf001
SLN202408210,SLN,MIL,0,0,helsr001,megit001
SLN202408220,SLN,MIL,0,0,kitta001,mearn001
SLN202408260,SLN,SDN,0,2,gibsk002,vasqr001
SLN202408270,SLN,SDN,2,0,kingj002,matsy001
SLN202408280,SLN,SDN,0,2,helsr001,suarr002
SLN202408290,SLN,SDN,0,0,grays001,kingm002
SLN202409060,SLN,SEA,0,0,fedde001,millb004
SLN202409070,SLN,SEA,0,0,kitta001,gilbl002
SLN202409080,SLN,SEA,0,5,mikom001,thort002
SLN202409100,SLN,CIN,0,0,palla001,lowdr001
SLN202409110,SLN,CIN,0,0,romej002,farmb001
SLN202409120,SLN,CIN,0,0,grays001,spiec001
SLN202409160,SLN,PIT,0,0,palla001,skenp001
SLN202409170,SLN,PIT,0,0,lynnl001,faltb001
SLN202409180,SLN,PIT,0,0,mcgrm001,bednd001
SLN202409190,SLN,PIT,0,0,romej002,mlodc001
SLN202409200,SLN,CLE,0,0,gibsk002,liveb001
SLN202409210,SLN,CLE,0,0,mikom001,boydm001
SLN202409220,SLN,CLE,0,0,palla001,herrt002
TBA202403280,TBA,TOR,1,0,efliz001,berrj001
TBA202403290,TBA,TOR,0,0,civaa001,bassc001
TBA202403300,TBA,TOR,0,0,littz001,kikuy001
TBA202403310,TBA,TOR,1,2,armss001,whitm004
TBA202404010,TBA,TEX,0,3,pepir001,dunnd001
TBA202404020,TBA,TEX,0,0,efliz001,heana001
TBA202404030,TBA,TEX,0,0,civaa001,eovan001
TBA202404120,TBA,SFN,0,0,cleag001,winnk001
TBA202404130,TBA,SFN,0,1,pepir001,webbl001
TBA202404140,TBA,SFN,3,1,alext001,snelb001
TBA202404150,TBA,ANA,0,0,matop002,garcl005
TBA202404160,TBA,ANA,0,0,cleag001,fulmc001
TBA202404170,TBA,ANA,0,1,fairp001,strih001
TBA202404180,TBA,ANA,2,0,pepir001,canng001
TBA202404220,TBA,DET,0,1,littz001,skubt001
TBA202404230,TBA,DET,0,0,pochc001,faeda001
TBA202404240,TBA,DET,1,1,devec001,vestw001
TBA202405030,TBA,NYN,0,0,armss001,quinj001
TBA202405040,TBA,NYN,1,1,adamj002,ottaa001
TBA202405050,TBA,NYN,0,2,ramie004,diekj001
TBA202405060,TBA,CHA,0,0,ramie004,clevm001
TBA202405070,TBA,CHA,0,0,efliz001,sorom001
TBA202405080,TBA,CHA,0,0,civaa001,flexc001
TBA202405100,TBA,NYA,0,0,bradt002,schmc002
TBA202405110,TBA,NYA,1,0,littz001,cortn001
TBA202405120,TBA,NYA,0,1,alext001,gil-l001
TBA202405200,TBA,BOS,0,0,bradt002,houct001
TBA202405210,TBA,BOS,2,0,adamj002,weisg001
TBA202405220,TBA,BOS,0,0,lover001,bellb002
TBA202405240,TBA,KCA,1,0,alext001,lugos001
TBA202405250,TBA,KCA,0,0,lover001,mcarj001
TBA202405260,TBA,KCA,0,0,cleag001,wachm001
TBA202405280,TBA,OAK,0,0,littz001,spenm001
TBA202405290,TBA,OAK,0,0,fairp001,kellm004
TBA202405300,TBA,OAK,3,0,lover001,fergt001
TBA202406070,TBA,BAL,0,0,civaa001,irvic001
TBA202406080,TBA,BAL,0,0,bradt002,bradk001
TBA202406090,TBA,BAL,0,0,littz001,rodrg003
TBA202406100,TBA,BAL,0,1,pepir001,burnc002
TBA202406110,TBA,CHN,0,0,devec001,nerih001
TBA202406120,TBA,CHN,0,0,cleag001,millt003
TBA202406130,TBA,CHN,0,0,bradt002,leitm002
TBA202406240,TBA,SEA,0,0,matop002,votha001
TBA202406250,TBA,SEA,1,0,cleag001,castl003
TBA202406260,TBA,SEA,0,0,armss001,kirbg001
TBA202406280,TBA,WAS,0,0,efliz001,parkm001
TBA202406290,TBA,WAS,1,1,civaa001,irvij001
TBA202406300,TBA,WAS,0,0,bradt002,corbp001
TBA202407090,TBA,NYA,4,1,pepir001,rodoc001
TBA202407100,TBA,NYA,0,0,efliz001,hillt002
TBA202407110,TBA,NYA,2,0,kellk004,cortn001
TBA202407120,TBA,CLE,0,0,bradt002,carrc003
TBA202407130,TBA,CLE,0,0,cleag001,sandn001
TBA202407140,TBA,CLE,0,0,pepir001,liveb001
TBA202407260,TBA,CIN,0,2,rodrm001,martn002
TBA202407270,TBA,CIN,0,0,littz001,abboa001
TBA202407280,TBA,CIN,0,0,cleag001,cruzf002
TBA202407300,TBA,MIA,0,2,alext001,crond001
TBA202407310,TBA,MIA,1,0,bradt002,munor001
TBA202408090,TBA,BAL,0,1,littz001,efliz001
TBA202408100,TBA,BAL,0,3,pochc001,smitb005
TBA202408110,TBA,BAL,0,0,rodrm001,kimbc001
TBA202408120,TBA,HOU,0,1,bradt002,valdf001
TBA202408130,TBA,HOU,0,0,baz-s001,kikuy001
TBA202408140,TBA,HOU,0,0,cleag001,hadej001
TBA202408160,TBA,ARI,0,2,fairp001,martj011
TBA202408170,TBA,ARI,1,0,sprij001,gallz001
TBA202408180,TBA,ARI,0,0,ucete001,martj011
TBA202408300,TBA,SDN,0,3,bradt002,perem004
TBA202408310,TBA,SDN,1,2,baz-s001,vasqr001
TBA202409010,TBA,SDN,0,0,rodrm001,scott003
TBA202409020,TBA,MIN,2,1,littz001,alcaj001
TBA202409030,TBA,MIN,0,0,sprij001,festd001
TBA202409040,TBA,MIN,0,0,alext001,varll001
TBA202409050,TBA,MIN,0,0,bradt002,lopep002
TBA202409170,TBA,BOS,0,0,baz-s001,piven001
TBA202409180,TBA,BOS,0,0,rasmd002,slatj002
TBA202409190,TBA,BOS,0,0,littz001,bellb002
TBA202409200,TBA,TOR,0,0,kellk004,berrj001
TBA202409210,TBA,TOR,0,0,bradt002,rodry003
TBA202409220,TBA,TOR,0,0,kellk004,cabrg001
TEX202403280,TEX,CHN,0,0,robed002,smyld001
TEX202403300,TEX,CHN,0,0,bradc003,hendk001
TEX202403310,TEX,CHN,0,3,leclj001,nerih001
TEX202404050,TEX,HOU,0,0,bradc003,browh001
TEX202404060,TEX,HOU,0,0,yatek001,franj006
TEX202404070,TEX,HOU,0,0,dunnd001,blanr001
TEX202404080,TEX,HOU,5,2,heana001,marts003
TEX202404090,TEX,OAK,1,0,leclj001,kellm004
TEX202404100,TEX,OAK,3,1,bradc003,strir001
TEX202404110,TEX,OAK,0,0,grayj003,searj001
TEX202404230,TEX,SEA,0,2,dunnd001,gilbl002
TEX202404240,TEX,SEA,0,1,hernj004,millb004
TEX202404250,TEX,SEA,1,2,heana001,castl003
TEX202404260,TEX,CIN,0,0,leclj001,simsl001
TEX202404270,TEX,CIN,0,0,lorem002,greeh001
TEX202404280,TEX,CIN,4,0,dunnd001,abboa001
TEX202404300,TEX,WAS,0,1,grayj003,gorem001
TEX202405010,TEX,WAS,0,0,heana001,willt002
TEX202405020,TEX,WAS,0,0,eovan001,parkm001
TEX202405130,TEX,CLE,0,0,leclj001,gaddh001
TEX202405140,TEX,CLE,0,0,leitj001,liveb001
TEX202405150,TEX,CLE,0,0,grayj003,carrc003
TEX202405170,TEX,ANA,0,0,heana001,andet002
TEX202405180,TEX,ANA,0,0,rodry002,fulmc001
TEX202405190,TEX,ANA,0,0,lorem002,sorij002
TEX202405280,TEX,ARI,0,0,heana001,pfaab001
TEX202405290,TEX,ARI,0,0,dunnd001,nelsr003
TEX202406030,TEX,DET,1,0,leclj001,brieb001
TEX202406040,TEX,DET,0,0,dunnd001,flahj002
TEX202406050,TEX,DET,0,0,urenj001,wentj001
TEX202406070,TEX,SFN,0,0,robed002,webbl001
TEX202406080,TEX,SFN,1,1,heana001,mille002
TEX202406090,TEX,SFN,2,0,eovan001,winnk001
TEX202406170,TEX,NYN,0,1,grayj003,peted003
TEX202406180,TEX,NYN,0,0,yatek001,garrr001
TEX202406190,TEX,NYN,1,0,urenj001,smitd009
TEX202406210,TEX,KCA,0,0,eovan001,schrj001
TEX202406220,TEX,KCA,0,0,grayj003,wachm001
TEX202406230,TEX,KCA,0,0,schem001,marsa001
TEX202407020,TEX,SDN,2,0,eovan001,ceasd001
TEX202407030,TEX,SDN,0,0,dunnd001,morea001
TEX202407040,TEX,SDN,0,0,schem001,kingm002
TEX202407050,TEX,TBA,0,0,lorem002,baz-s001
TEX202407060,TEX,TBA,0,0,hernj004,kellk004
TEX202407070,TEX,TBA,1,0,eovan001,littz001
TEX202407190,TEX,BAL,0,4,eovan001,burnc002
TEX202407200,TEX,BAL,0,0,schem001,rodrg003
TEX202407210,TEX,BAL,0,0,heana001,kremd001
TEX202407220,TEX,CHA,0,1,hernj004,wilss002
TEX202407230,TEX,CHA,1,0,grayj003,crocg001
TEX202407240,TEX,CHA,1,0,eovan001,flexc001
TEX202407250,TEX,CHA,0,0,schem001,cannj001
TEX202408020,TEX,BOS,1,0,urenj001,crawk001
TEX202408030,TEX,BOS,0,1,leclj001,houct001
TEX202408040,TEX,BOS,1,0,eovan001,boosc001
TEX202408050,TEX,HOU,0,0,yatek001,fergc001
TEX202408060,TEX,HOU,0,0,mahlt001,valdf001
TEX202408070,TEX,HOU,0,1,urenj001,kikuy001
TEX202408150,TEX,MIN,2,0,yatek001,alcaj001
TEX202408160,TEX,MIN,0,0,heana001,woods002
TEX202408170,TEX,MIN,0,0,eovan001,henrr001
TEX202408180,TEX,MIN,0,3,chafa001,duraj002
TEX202408190,TEX,PIT,1,0,urenj001,ortil003
TEX202408200,TEX,PIT,0,0,bradc003,kellm003
TEX202408210,TEX,PIT,0,0,yatek001,bednd001
TEX202408300,TEX,OAK,0,1,grayj003,searj001
TEX202408310,TEX,OAK,0,0,yatek001,fergt001
TEX202409010,TEX,OAK,1,0,festm001,millm004
TEX202409020,TEX,NYA,0,0,leitj001,coleg001
TEX202409030,TEX,NYA,0,0,pennw002,holmc001
TEX202409040,TEX,NYA,1,0,eovan001,strom001
TEX202409050,TEX,ANA,3,0,bradc003,kochj001
TEX202409060,TEX,ANA,0,0,garag001,aldes001
TEX202409070,TEX,ANA,0,2,leclj001,medev001
TEX202409080,TEX,ANA,3,0,heana001,danac001
TEX202409170,TEX,TOR,0,2,festm001,nanct001
TEX202409180,TEX,TOR,0,0,bradc003,franb002
TEX202409190,TEX,TOR,0,0,rockk001,gausk001
TEX202409200,TEX,SEA,0,0,leitj001,kirbg001
TEX202409210,TEX,SEA,0,2,chafa001,hance001
TEX202409220,TEX,SEA,0,0,yatek001,munoa002
TOR202404080,TOR,SEA,0,0,berrj001,castl003
TOR202404090,TOR,SEA,0,0,bassc001,kirbg001
TOR202404100,TOR,SEA,0,0,mayzt001,munoa002
TOR202404120,TOR,COL,1,0,gausk001,feltr001
TOR202404130,TOR,COL,5,0,franb002,hudsd002
TOR202404140,TOR,COL,1,0,berrj001,freek001
TOR202404150,TOR,NYA,0,0,bassc001,gil-l001
TOR202404160,TOR,NYA,0,0,kikuy001,rodoc001
TOR202404170,TOR,NYA,0,0,swane001,gonzv001
TOR202404260,TOR,LAN,0,1,bassc001,stong001
TOR202404270,TOR,LAN,0,1,kikuy001,glast001
TOR202404280,TOR,LAN,0,0,gausk001,grovm001
TOR202404290,TOR,KCA,2,2,cabrg001,bowlj001
TOR202404300,TOR,KCA,0,0,berrj001,ragac001
TOR202405010,TOR,KCA,0,0,bassc001,lugos001
TOR202405100,TOR,MIN,0,1,kikuy001,ryanj002
TOR202405110,TOR,MIN,0,3,swane001,jackj001
TOR202405120,TOR,MIN,0,0,manoa001,oberb002
TOR202405170,TOR,TBA,0,0,bassc001,alext001
TOR202405180,TOR,TBA,0,0,pearn001,ramie004
TOR202405190,TOR,TBA,0,0,manoa001,civaa001
TOR202405200,TOR,CHA,0,0,berrj001,fedde001
TOR202405210,TOR,CHA,0,0,kikuy001,crocg001
TOR202405220,TOR,CHA,0,0,bassc001,nastn001
TOR202405310,TOR,PIT,0,0,cabrg001,nicok001
TOR202406010,TOR,PIT,0,3,kikuy001,kellm003
TOR202406020,TOR,PIT,0,0,bassc001,prieq001
TOR202406030,TOR,BAL,0,0,gausk001,rodrg003
TOR202406040,TOR,BAL,0,0,cabrg001,burnc002
TOR202406050,TOR,BAL,0,0,garcy001,kimbc001
TOR202406060,TOR,BAL,0,0,kikuy001,povic001
TOR202406140,TOR,CLE,0,0,gausk001,allel003
TOR202406150,TOR,CLE,0,0,franb002,carrc003
TOR202406160,TOR,CLE,0,0,berrj001,liveb001
TOR202406170,TOR,BOS,0,2,kikuy001,piven001
TOR202406180,TOR,BOS,0,0,littb002,kellz001
TOR202406190,TOR,BOS,0,0,gausk001,bellb002
TOR202406270,TOR,NYA,5,0,berrj001,rodoc001
TOR202406280,TOR,NYA,1,0,kikuy001,tonkm001
TOR202406290,TOR,NYA,2,0,bassc001,cortn001
TOR202406300,TOR,NYA,0,2,gausk001,coleg001
TOR202407010,TOR,HOU,0,0,rodry003,browh001
TOR202407020,TOR,HOU,1,0,berrj001,arris001
TOR202407030,TOR,HOU,1,0,pop-z001,scott004
TOR202407040,TOR,HOU,3,3,bassc001,valdf001
TOR202407190,TOR,DET,0,0,bassc001,flahj002
TOR202407200,TOR,DET,0,0,kikuy001,faeda001
TOR202407210,TOR,DET,1,0,gausk001,montk001
TOR202407230,TOR,TBA,0,0,berrj001,alext001
TOR202407240,TOR,TBA,1,0,cabrg001,adamj002
TOR202407250,TOR,TBA,0,1,bassc001,bradt002
TOR202407260,TOR,TEX,3,1,greec003,sborj002
TOR202407270,TOR,TEX,4,1,gausk001,lorem002
TOR202407280,TOR,TEX,3,0,berrj001,hernj004
TOR202408060,TOR,BAL,0,0,bassc001,sotog003
TOR202408070,TOR,BAL,1,2,burrr002,smitb005
TOR202408080,TOR,BAL,3,0,gausk001,kremd001
TOR202408090,TOR,OAK,1,0,berrj001,spenm001
TOR202408100,TOR,OAK,0,0,rodry003,bidoo001
TOR202408110,TOR,OAK,0,6,bassc001,searj001
TOR202408190,TOR,CIN,1,0,gausk001,santt001
TOR202408200,TOR,CIN,1,0,berrj001,spiec001
TOR202408210,TOR,CIN,3,0,littb002,pagae001
TOR202408220,TOR,ANA,0,0,yarbr001,burkb001
TOR202408230,TOR,ANA,0,0,greec003,contr001
TOR202408240,TOR,ANA,2,0,franb002,fulmc001
TOR202408250,TOR,ANA,0,0,gausk001,andet002
TOR202409030,TOR,PHI,6,1,greec003,kerko001
TOR202409040,TOR,PHI,2,1,franb002,sancc002
TOR202409090,TOR,NYN,0,0,nanct001,stanr002
TOR202409100,TOR,NYN,0,1,bassc001,peted003
TOR202409110,TOR,NYN,0,0,greec003,yound005
TOR202409130,TOR,SLN,0,2,swane001,fernr001
TOR202409140,TOR,SLN,0,0,berrj001,gibsk002
TOR202409150,TOR,SLN,0,0,pop-z001,kitta001
TOR202409230,TOR,BOS,0,0,bassc001,houct001
TOR202409240,TOR,BOS,0,0,nanct001,martc007
TOR202409250,TOR,BOS,0,0,gausk001,fittr001
TOR202409270,TOR,MIA,0,3,berrj001,ollea001
TOR202409280,TOR,MIA,1,2,rodry003,currx001
TOR202409290,TOR,MIA,0,2,burrr002,weatr001
WAS202404010,WAS,PIT,0,0,garcr008,contr001
WAS202404030,WAS,PIT,0,0,willt002,kellm003
WAS202404040,WAS,PIT,0,4,grayj004,perem004
WAS202404050,WAS,PHI,0,0,corbp001,nolaa001
WAS202404060,WAS,PHI,0,0,irvij001,suarr001
WAS202404070,WAS,PHI,0,0,gorem001,sancc002
WAS202404190,WAS,HOU,0,0,gorem001,verlj001
WAS202404200,WAS,HOU,1,1,finnk001,marts003
WAS202404210,WAS,HOU,3,0,parkm001,browh001
WAS202404230,WAS,LAN,0,0,harvh001,vesia001
WAS202404240,WAS,LAN,0,1,irvij001,knacl001
WAS202404250,WAS,LAN,0,0,gorem001,yamay001
WAS202405030,WAS,TOR,0,0,barnj002,swane001
WAS202405040,WAS,TOR,0,4,irvij001,gausk001
WAS202405050,WAS,TOR,1,0,harvh001,cabrg001
WAS202405070,WAS,BAL,0,0,willt002,burnc002
WAS202405080,WAS,BAL,0,0,weemj001,suara001
WAS202405200,WAS,MIN,0,0,parkm001,lopep002
WAS202405210,WAS,MIN,0,0,corbp001,ryanj002
WAS202405220,WAS,MIN,0,0,irvij001,okers001
WAS202405240,WAS,SEA,0,1,gorem001,kirbg001
WAS202405250,WAS,SEA,0,0,flord002,speig001
WAS202405260,WAS,SEA,0,0,flord002,votha001
WAS202406030,WAS,NYN,0,0,gorem001,megit002
WAS202406040,WAS,NYN,0,0,herzd001,peted003
WAS202406050,WAS,NYN,0,0,corbp001,sevel001
WAS202406060,WAS,ATL,0,0,harvh001,bumma001
WAS202406070,WAS,ATL,0,0,irvij001,salec001
WAS202406080,WAS,ATL,2,0,gorem001,mortc002
WAS202406090,WAS,ATL,0,0,barnj002,waldh001
WAS202406140,WAS,MIA,0,0,gorem001,andes002
WAS202406150,WAS,MIA,1,0,herzd001,roget003
WAS202406160,WAS,MIA,1,0,parkm001,luzaj001
WAS202406180,WAS,ARI,0,2,irvij001,ceccs001
WAS202406190,WAS,ARI,0,0,law-d001,pfaab001
WAS202406200,WAS,ARI,0,0,gorem001,nelsr003
WAS202407010,WAS,NYN,0,0,harvh001,diekj001
WAS202407020,WAS,NYN,0,0,garcr008,buttj001
WAS202407030,WAS,NYN,0,0,barnj002,diekj001
WAS202407040,WAS,NYN,0,0,irvij001,housa001
WAS202407050,WAS,SLN,2,0,flord002,helsr001
WAS202407060,WAS,SLN,4,0,barnj002,lynnl001
WAS202407070,WAS,SLN,0,0,herzd001,gibsk002
WAS202407080,WAS,SLN,0,0,parkm001,mikom001
WAS202407190,WAS,CIN,0,0,corbp001,montf001
WAS202407200,WAS,CIN,2,2,law-d001,wilsj004
WAS202407210,WAS,CIN,0,0,garcr008,simsl001
WAS202407230,WAS,SDN,0,0,herzd001,vasqr001
WAS202407240,WAS,SDN,3,0,parkm001,waldm003
WAS202407250,WAS,SDN,0,3,corbp001,ceasd001
WAS202408020,WAS,MIL,0,0,irvij001,montf001
WAS202408030,WAS,MIL,4,0,herzd001,civaa001
WAS202408040,WAS,MIL,1,0,parkm001,myert001
WAS202408050,WAS,SFN,0,1,corbp001,webbl001
WAS202408060,WAS,SFN,0,4,gorem001,birdh001
WAS202408070,WAS,SFN,0,0,irvij001,snelb001
WAS202408080,WAS,SFN,1,1,garcr008,dovac001
WAS202408090,WAS,ANA,1,0,finnk001,moorm003
WAS202408100,WAS,ANA,0,0,law-d001,contr001
WAS202408110,WAS,ANA,0,0,gorem001,kochj001
WAS202408200,WAS,COL,0,1,herzd001,gomba001
WAS202408210,WAS,COL,0,0,parkm001,gordt002
WAS202408220,WAS,COL,0,0,corbp001,quanc001
WAS202408260,WAS,NYA,0,1,parkm001,cortn001
WAS202408270,WAS,NYA,0,0,corbp001,coleg001
WAS202408280,WAS,NYA,2,0,gorem001,rodoc001
WAS202408300,WAS,CHN,2,0,irvij001,imans001
WAS202408310,WAS,CHN,0,0,herzd001,assaj001
WAS202409010,WAS,CHN,0,0,parkm001,wickj001
WAS202409100,WAS,ATL,0,0,gorem001,chavj001
WAS202409110,WAS,ATL,0,0,irvij001,friem001
WAS202409120,WAS,MIA,3,0,law-d001,benda001
WAS202409130,WAS,MIA,2,0,herzd001,cabre003
WAS202409140,WAS,MIA,0,0,corbp001,bellv001
WAS202409150,WAS,MIA,0,0,gorem001,ollea001
WAS202409240,WAS,KCA,0,0,finnk001,zerpa001
WAS202409250,WAS,KCA,0,0,herzd001,lyncd001
WAS202409260,WAS,KCA,1,0,finnk001,bubik001
WAS202409270,WAS,PHI,4,0,willt002,suarr001
WAS202409280,WAS,PHI,0,0,ferrj002,hoffj003
WAS202409290,WAS,PHI,1,2,irvij001,nolaa001
