game_id,hometeam,visteam,home_first_inning_runs,visiting_first_inning_runs,home_pitcher,vis_pitcher,home_ERA,vis_ERA
ANA202404050,ANA,BOS,0,0,sorij002,martc007,4.26,2.98
ANA202404060,ANA,BOS,0,0,detmr001,weisg001,3.96,2.82
ANA202404070,ANA,BOS,0,0,silsc001,houct001,1.64,8.04
ANA202404080,ANA,TBA,2,0,andet002,efliz001,4.56,5.93
ANA202404090,ANA,TBA,2,0,sandp002,civaa001,,4.85
ANA202404100,ANA,TBA,0,3,sorij002,kellk004,4.26,5.9
ANA202404220,ANA,BAL,0,0,detmr001,suara001,3.96,2.31
ANA202404230,ANA,BAL,1,0,canng001,rodrg003,3.77,
ANA202404240,ANA,BAL,0,0,andet002,kremd001,4.56,4.19
ANA202404260,ANA,MIN,0,0,sandp002,oberb002,,5.1
ANA202404270,ANA,MIN,0,1,sorij002,paddc001,4.26,5.35
ANA202404280,ANA,MIN,0,0,detmr001,lopep002,3.96,2.74
ANA202404290,ANA,PHI,1,3,cimba001,domis001,,3.16
ANA202404300,ANA,PHI,0,0,estec001,alvaj004,2.45,3.81
ANA202405010,ANA,PHI,0,0,sandp002,wheez001,,2.71
ANA202405090,ANA,KCA,0,0,detmr001,wachm001,3.96,3.86
ANA202405100,ANA,KCA,0,0,estec001,dufft001,2.45,
ANA202405110,ANA,KCA,0,1,andet002,ragac001,4.56,4.67
ANA202405120,ANA,KCA,0,0,sandp002,lugos001,,4.15
ANA202405130,ANA,SLN,0,0,moorm003,leahk001,,3.07
ANA202405140,ANA,SLN,0,0,strih001,grays001,3.27,4.28
ANA202405150,ANA,SLN,4,0,canng001,lynnl001,3.77,
ANA202405240,ANA,CLE,1,0,sandp002,allel003,,4.25
ANA202405250,ANA,CLE,0,0,sorij002,bibet001,4.26,4.24
ANA202405260,ANA,CLE,0,0,detmr001,liveb001,3.96,3.22
ANA202405280,ANA,NYA,2,1,moorm003,weavl001,,3.62
ANA202405290,ANA,NYA,0,0,andet002,gil-l001,4.56,3.32
ANA202405300,ANA,NYA,0,0,sandp002,rodoc001,,3.09
ANA202406030,ANA,SDN,0,1,strih001,morea001,3.27,2.08
ANA202406040,ANA,SDN,0,0,moorm003,matsy001,,3.98
ANA202406050,ANA,SDN,1,0,sorij002,ceasd001,4.26,4.55
ANA202406070,ANA,HOU,0,1,canng001,valdf001,3.77,3.66
ANA202406080,ANA,HOU,0,0,andet002,browh001,4.56,2.43
ANA202406090,ANA,HOU,0,0,estec001,hadej001,2.45,2.05
ANA202406170,ANA,MIL,0,0,plesz001,rodrc003,,6.52
ANA202406180,ANA,MIL,0,1,canng001,myert001,3.77,3.55
ANA202406190,ANA,MIL,0,1,andet002,peraf001,4.56,2.7
ANA202406240,ANA,OAK,2,0,canng001,medil002,3.77,
ANA202406250,ANA,OAK,0,0,andet002,spenm001,4.56,5.1
ANA202406260,ANA,OAK,0,0,moorm003,estej001,,9.82
ANA202406270,ANA,DET,0,0,danid001,flahj002,5.4,4.64
ANA202406280,ANA,DET,2,0,garcl005,mills001,3.52,2.74
ANA202406290,ANA,DET,0,1,joycb001,folej001,6.23,
ANA202406300,ANA,DET,0,1,andet002,mizec001,4.56,3.87
ANA202407080,ANA,TEX,0,2,danid001,grayj003,5.4,7.71
ANA202407090,ANA,TEX,0,1,garcl005,leclj001,3.52,6.0
ANA202407100,ANA,TEX,0,0,crouh001,lorem002,,4.64
ANA202407110,ANA,SEA,0,4,kochj001,castl003,6.81,3.54
ANA202407120,ANA,SEA,2,2,crouh001,votha001,,
ANA202407130,ANA,SEA,0,1,sorij002,kirbg001,4.26,4.21
ANA202407140,ANA,SEA,0,0,crouh001,votha001,,
ANA202407250,ANA,OAK,0,2,rosek001,strir001,,
ANA202407260,ANA,OAK,4,0,crouh001,blacp001,,6.23
ANA202407270,ANA,OAK,0,3,andet002,spenm001,4.56,5.1
ANA202407280,ANA,OAK,0,0,contr001,bidoo001,5.68,5.87
ANA202407300,ANA,COL,2,2,quijj001,birdj001,,5.53
ANA202407310,ANA,COL,0,1,crouh001,freek001,,4.98
ANA202408010,ANA,COL,0,0,crouh001,vodnv001,,3.02
ANA202408020,ANA,NYN,0,0,andet002,blacp001,4.56,6.23
ANA202408030,ANA,NYN,1,0,moorm003,brazh001,,3.57
ANA202408040,ANA,NYN,0,0,canng001,quinj001,3.77,3.96
ANA202408120,ANA,TOR,0,0,danid001,franb002,5.4,6.05
ANA202408130,ANA,TOR,0,3,fulmc001,gausk001,5.83,3.59
ANA202408140,ANA,TOR,0,0,andet002,berrj001,4.56,4.17
ANA202408160,ANA,ATL,0,0,burkb001,schws001,3.36,3.09
ANA202408170,ANA,ATL,0,3,canng001,salec001,3.77,2.58
ANA202408180,ANA,ATL,0,1,kochj001,mortc002,6.81,5.83
ANA202408300,ANA,SEA,2,5,aldes001,kirbg001,7.9,4.21
ANA202408310,ANA,SEA,0,0,joycb001,munoa002,6.23,1.73
ANA202409010,ANA,SEA,1,0,danac001,millb004,6.4,5.68
ANA202409030,ANA,LAN,0,0,contr001,kopem001,5.68,2.45
ANA202409040,ANA,LAN,5,0,canng001,millb005,3.77,12.6
ANA202409130,ANA,HOU,0,0,aldes001,kikuy001,7.9,3.99
ANA202409140,ANA,HOU,1,1,andet002,verlj001,4.56,3.85
ANA202409150,ANA,HOU,0,0,danac001,blanr001,6.4,4.1
ANA202409160,ANA,CHA,0,3,detmr001,cannj001,3.96,5.82
ANA202409170,ANA,CHA,0,0,canng001,martd006,3.77,4.1
ANA202409180,ANA,CHA,0,0,quijj001,iriaj001,,
ANA202409270,ANA,TEX,1,3,detmr001,robed005,3.96,4.15
ANA202409280,ANA,TEX,0,0,quijj001,dunnd001,,6.97
ANA202409290,ANA,TEX,0,0,kochj001,eovan001,6.81,1.73
ARI202403280,ARI,COL,2,0,gallz001,freek001,4.83,4.98
ARI202403290,ARI,COL,2,0,kellm002,quanc001,3.52,6.04
ARI202403300,ARI,COL,2,0,henrt001,lambp001,4.05,
ARI202403310,ARI,COL,3,0,pfaab001,feltr001,5.25,4.75
ARI202404010,ARI,NYA,0,0,nelsr003,weavl001,3.39,3.62
ARI202404020,ARI,NYA,3,0,gallz001,cortn001,4.83,6.29
ARI202404030,ARI,NYA,0,0,mcgos001,holmc001,6.75,3.53
ARI202404120,ARI,SLN,0,3,mantj002,gallg001,15.83,
ARI202404130,ARI,SLN,1,0,nelsr003,gibsk002,3.39,16.78
ARI202404140,ARI,SLN,0,0,gallz001,mikom001,4.83,4.84
ARI202404150,ARI,CHN,0,0,jarvb001,thomk002,5.73,
ARI202404160,ARI,CHN,0,0,ginkk001,smyld001,7.36,
ARI202404170,ARI,CHN,1,0,pfaab001,wesnh001,5.25,4.5
ARI202404290,ARI,LAN,1,0,henrt001,paxtj001,4.05,
ARI202404300,ARI,LAN,0,0,mcgos001,crisn001,6.75,3.71
ARI202405010,ARI,LAN,0,0,montj004,yamay001,,2.49
ARI202405030,ARI,SDN,0,0,ceccs001,ceasd001,4.3,4.55
ARI202405040,ARI,SDN,0,1,pfaab001,kingm002,5.25,3.44
ARI202405050,ARI,SDN,4,0,nelsr003,waldm003,3.39,7.71
ARI202405130,ARI,CIN,0,0,martj011,diaza004,4.11,8.15
ARI202405140,ARI,CIN,0,0,ceccs001,greeh001,4.3,2.76
ARI202405150,ARI,CIN,0,0,thomr007,cruzf002,3.92,3.56
ARI202405170,ARI,DET,0,0,nelsr003,skubt001,3.39,2.21
ARI202405180,ARI,DET,0,0,gallz001,flahj002,4.83,4.64
ARI202405190,ARI,DET,2,0,thomr007,holtt002,3.92,3.66
ARI202405240,ARI,MIA,0,0,gallz001,garrb001,4.83,
ARI202405250,ARI,MIA,2,1,montj004,sancs001,,
ARI202405260,ARI,MIA,0,0,ginkk001,weatr001,7.36,3.99
ARI202406030,ARI,SFN,0,0,thomr007,rodrr010,3.92,1.78
ARI202406040,ARI,SFN,0,0,ginkk001,harrk001,7.36,4.04
ARI202406050,ARI,SFN,1,0,montj004,hjels001,,7.8
ARI202406110,ARI,ANA,0,0,montj004,suarj001,,1.86
ARI202406120,ARI,ANA,0,1,ceccs001,sorij002,4.3,4.26
ARI202406130,ARI,ANA,3,0,pfaab001,canng001,5.25,3.77
ARI202406140,ARI,CHA,0,0,nelsr003,flexc001,3.39,3.09
ARI202406150,ARI,CHA,1,0,vieit001,fedde001,,5.49
ARI202406160,ARI,CHA,3,0,montj004,thord001,,
ARI202406250,ARI,MIN,2,0,ginkk001,alcaj001,7.36,6.22
ARI202406260,ARI,MIN,0,0,nelsr003,woods002,3.39,4.04
ARI202406270,ARI,MIN,0,0,montj004,festd001,,5.4
ARI202406280,ARI,OAK,2,0,thomr007,alexs001,3.92,6.11
ARI202406290,ARI,OAK,0,0,gallz001,harrh002,4.83,3.2
ARI202406300,ARI,OAK,0,0,mantj002,mcfat001,15.83,
ARI202407080,ARI,ATL,0,1,martj011,igler001,4.11,3.21
ARI202407090,ARI,ATL,0,0,gallz001,salec001,4.83,2.58
ARI202407100,ARI,ATL,0,0,thomr007,jimej003,3.92,
ARI202407110,ARI,ATL,0,0,pfaab001,friem001,5.25,2.86
ARI202407120,ARI,TOR,0,0,martj011,greec003,4.11,5.56
ARI202407130,ARI,TOR,1,0,diazy005,berrj001,9.0,4.17
ARI202407140,ARI,TOR,0,0,ginkk001,richt001,7.36,7.94
ARI202407260,ARI,PIT,0,2,gallz001,mlodc001,4.83,3.55
ARI202407270,ARI,PIT,1,1,pfaab001,prieq001,5.25,3.32
ARI202407280,ARI,PIT,0,0,martj011,chapa001,4.11,1.17
ARI202407290,ARI,WAS,0,5,mantj002,finnk001,15.83,3.47
ARI202407300,ARI,WAS,2,0,nelsr003,corbp001,3.39,4.4
ARI202407310,ARI,WAS,0,0,gallz001,gorem001,4.83,4.17
ARI202408080,ARI,PHI,0,0,montj004,allak001,,2.63
ARI202408090,ARI,PHI,1,0,martj011,hoffj003,4.11,4.37
ARI202408100,ARI,PHI,1,0,ginkk001,nolaa001,7.36,6.01
ARI202408110,ARI,PHI,1,2,kellm002,sancc002,3.52,2.5
ARI202408120,ARI,COL,0,0,pfaab001,molia001,5.25,7.27
ARI202408130,ARI,COL,0,0,mantj002,vodnv001,15.83,3.02
ARI202408140,ARI,COL,4,0,montj004,gordt002,,6.33
ARI202408270,ARI,NYN,0,0,pfaab001,manas001,5.25,5.64
ARI202408280,ARI,NYN,0,0,thomr007,diaze006,3.92,1.63
ARI202408290,ARI,NYN,0,0,martj011,buttj001,4.11,3.9
ARI202408300,ARI,LAN,2,2,flord002,brasr001,,4.5
ARI202408310,ARI,LAN,4,3,thomr007,caspb001,3.92,4.64
ARI202409010,ARI,LAN,0,0,pfaab001,wrobj001,5.25,4.32
ARI202409020,ARI,LAN,0,0,rodre004,flahj002,5.02,4.64
ARI202409100,ARI,TEX,2,0,gallz001,eovan001,4.83,1.73
ARI202409110,ARI,TEX,3,0,flord002,bradc003,,
ARI202409130,ARI,MIL,1,0,rodre004,peraf001,5.02,2.7
ARI202409140,ARI,MIL,0,1,pfaab001,myert001,5.25,3.55
ARI202409150,ARI,MIL,2,0,walsb001,koenj001,,2.86
ARI202409230,ARI,SFN,1,0,rodre004,birdh001,5.02,4.8
ARI202409240,ARI,SFN,0,0,pfaab001,webbl001,5.25,3.22
ARI202409250,ARI,SFN,0,0,gallz001,blacm001,4.83,6.75
ARI202409270,ARI,SDN,2,4,kellm002,darvy001,3.52,5.38
ARI202409280,ARI,SDN,0,0,puk-a001,peraw002,,3.14
ARI202409290,ARI,SDN,0,0,pfaab001,perem004,5.25,3.54
ATL202404050,ATL,ARI,1,3,johnp001,mcgos001,3.05,6.75
ATL202404060,ATL,ARI,0,6,minta001,frial001,,
ATL202404070,ATL,ARI,0,0,salec001,nelsr003,2.58,3.39
ATL202404080,ATL,NYN,0,0,johnp001,diekj001,3.05,
ATL202404090,ATL,NYN,1,0,loper003,housa001,5.4,3.31
ATL202404110,ATL,NYN,0,1,winaa001,quinj001,8.68,3.96
ATL202404190,ATL,TEX,1,1,salec001,latzj001,2.58,2.84
ATL202404200,ATL,TEX,0,0,mortc002,eovan001,5.83,1.73
ATL202404210,ATL,TEX,3,0,vined001,lorem002,,4.64
ATL202404220,ATL,MIA,0,0,eldeb001,weatr001,5.3,3.99
ATL202404230,ATL,MIA,0,0,friem001,roget003,2.86,1.81
ATL202404240,ATL,MIA,2,0,minta001,scott003,,4.74
ATL202404260,ATL,CLE,0,1,salec001,allel003,2.58,4.25
ATL202404270,ATL,CLE,0,0,lee-d005,barls001,3.29,4.21
ATL202404280,ATL,CLE,0,0,minta001,clase001,,3.23
ATL202405070,ATL,BOS,0,0,jimej003,slatj002,,4.24
ATL202405080,ATL,BOS,4,0,salec001,piven001,2.58,2.87
ATL202405130,ATL,CHN,0,0,kerrr001,wesnh001,,4.5
ATL202405140,ATL,CHN,1,0,salec001,tailj001,2.58,3.68
ATL202405150,ATL,CHN,0,3,mortc002,assaj001,5.83,3.65
ATL202405170,ATL,SDN,1,0,friem001,waldm003,2.86,7.71
ATL202405190,ATL,SDN,0,3,eldeb001,darvy001,5.3,5.38
ATL202405201,ATL,SDN,2,0,jimej003,britj003,,
ATL202405202,ATL,SDN,1,0,salec001,vasqr001,2.58,3.84
ATL202405270,ATL,WAS,0,4,mortc002,parkm001,5.83,5.68
ATL202405280,ATL,WAS,0,0,friem001,barnj002,2.86,9.0
ATL202405290,ATL,WAS,0,0,schws001,gorem001,3.09,4.17
ATL202405300,ATL,WAS,0,0,kerrr001,willt002,,6.21
ATL202405310,ATL,OAK,1,0,loper003,searj001,5.4,5.04
ATL202406010,ATL,OAK,2,2,hergj001,kellm004,2.48,3.18
ATL202406020,ATL,OAK,1,0,lee-d005,adama002,3.29,
ATL202406140,ATL,TBA,5,1,salec001,littz001,2.58,3.81
ATL202406150,ATL,TBA,0,1,mortc002,pepir001,5.83,3.86
ATL202406160,ATL,TBA,1,1,igler001,adamj002,3.21,1.93
ATL202406170,ATL,DET,0,0,hernd005,mills001,3.41,2.74
ATL202406180,ATL,DET,2,0,schws001,mizec001,3.09,3.87
ATL202406190,ATL,DET,0,0,loper003,skubt001,5.4,2.21
ATL202406280,ATL,PIT,0,0,mortc002,perem004,5.83,3.54
ATL202406290,ATL,PIT,1,0,hernd005,nicok001,3.41,4.74
ATL202406300,ATL,PIT,0,0,schws001,faltb001,3.09,4.45
ATL202407020,ATL,SFN,0,0,lee-d005,birdh001,3.29,4.8
ATL202407030,ATL,SFN,0,0,salec001,hickj002,2.58,6.95
ATL202407040,ATL,SFN,2,0,mortc002,webbl001,5.83,3.22
ATL202407050,ATL,PHI,0,0,friem001,nolaa001,2.86,6.01
ATL202407060,ATL,PHI,3,0,schws001,suarr001,3.09,3.2
ATL202407070,ATL,PHI,0,0,loper003,mercm002,5.4,15.0
ATL202407201,ATL,SLN,0,0,johnp001,roycc001,3.05,7.84
ATL202407202,ATL,SLN,1,1,eldeb001,grays001,5.3,4.28
ATL202407210,ATL,SLN,0,0,schws001,mikom001,3.09,4.84
ATL202407220,ATL,CIN,0,1,loper003,greeh001,5.4,2.76
ATL202407240,ATL,CIN,1,4,winaa001,molls001,8.68,6.38
ATL202408010,ATL,MIA,3,0,mortc002,meyem001,5.83,4.73
ATL202408020,ATL,MIA,0,2,bumma001,faucc001,3.81,3.28
ATL202408030,ATL,MIA,1,0,johnp001,crond001,3.05,
ATL202408040,ATL,MIA,0,0,friem001,cabre003,2.86,3.53
ATL202408060,ATL,MIL,0,3,eldeb001,rea-c001,5.3,3.95
ATL202408070,ATL,MIL,2,0,johnp001,peraf001,3.05,2.7
ATL202408080,ATL,MIL,0,3,mortc002,pegue001,5.83,6.75
ATL202408200,ATL,PHI,0,0,holmg001,wheez001,3.99,2.71
ATL202408210,ATL,PHI,0,0,jimej003,stram001,,2.74
ATL202408220,ATL,PHI,0,1,schws001,sancc002,3.09,2.5
ATL202408230,ATL,WAS,1,0,igler001,salae001,3.21,8.38
ATL202408240,ATL,WAS,0,0,bumma001,garcr008,3.81,2.95
ATL202408250,ATL,WAS,0,1,jackl001,barnj002,4.06,9.0
ATL202409030,ATL,COL,0,0,salec001,freek001,2.58,4.98
ATL202409040,ATL,COL,4,0,mortc002,blalb001,5.83,9.36
ATL202409050,ATL,COL,1,0,loper003,gomba001,5.4,7.49
ATL202409060,ATL,TOR,0,0,friem001,gausk001,2.86,3.59
ATL202409070,ATL,TOR,0,0,schws001,berrj001,3.09,4.17
ATL202409080,ATL,TOR,0,0,igler001,pop-z001,3.21,14.85
ATL202409090,ATL,CIN,0,0,mortc002,martn002,5.83,4.45
ATL202409130,ATL,LAN,1,0,schws001,knacl001,3.09,4.89
ATL202409140,ATL,LAN,1,0,salec001,flahj002,2.58,4.64
ATL202409150,ATL,LAN,0,0,igler001,kopem001,3.21,2.45
ATL202409160,ATL,LAN,0,0,friem001,phile001,2.86,0.0
ATL202409240,ATL,NYN,0,0,schws001,sevel001,3.09,4.54
ATL202409270,ATL,KCA,0,0,friem001,singb001,2.86,4.03
ATL202409280,ATL,KCA,0,0,igler001,longs002,3.21,5.36
ATL202409290,ATL,KCA,0,3,mortc002,marsa001,5.83,
ATL202409301,ATL,NYN,0,0,johnp001,diaze006,3.05,1.63
ATL202409302,ATL,NYN,0,0,hernd005,luccj001,3.41,3.76
BAL202403280,BAL,ANA,2,1,burnc002,sandp002,2.66,
BAL202403300,BAL,ANA,2,0,rodrg003,canng001,,3.77
BAL202403310,BAL,ANA,0,2,wellt003,detmr001,2.91,3.96
BAL202404010,BAL,KCA,0,0,kimbc001,anden001,2.25,6.14
BAL202404020,BAL,KCA,0,0,irvic001,marsa001,,
BAL202404030,BAL,KCA,0,1,canoy001,smitw002,5.12,
BAL202404120,BAL,MIL,0,0,wellt003,peraf001,2.91,2.7
BAL202404130,BAL,MIL,3,0,kremd001,pegue001,4.19,6.75
BAL202404140,BAL,MIL,1,1,canoy001,uriba001,5.12,1.67
BAL202404150,BAL,MIN,2,0,tated001,varll001,4.26,
BAL202404160,BAL,MIN,0,0,rodrg003,paddc001,,5.35
BAL202404170,BAL,MIN,1,0,kimbc001,jax-g001,2.25,4.23
BAL202404260,BAL,OAK,0,1,webbj002,spenm001,3.0,5.1
BAL202404270,BAL,OAK,0,0,irvic001,searj001,,5.04
BAL202404280,BAL,OAK,0,0,kimbc001,mcfat001,2.25,
BAL202404290,BAL,NYA,1,0,rodrg003,schmc002,,3.32
BAL202404300,BAL,NYA,0,0,kremd001,cortn001,4.19,6.29
BAL202405010,BAL,NYA,0,0,burnc002,gil-l001,2.66,3.32
BAL202405020,BAL,NYA,0,0,akink001,rodoc001,3.41,3.09
BAL202405100,BAL,ARI,0,0,irvic001,pfaab001,,5.25
BAL202405110,BAL,ARI,0,0,kimbc001,jarvb001,2.25,5.73
BAL202405120,BAL,ARI,0,0,kremd001,gallz001,4.19,4.83
BAL202405130,BAL,TOR,0,0,webbj002,romaj004,3.0,8.23
BAL202405150,BAL,TOR,1,0,could001,romaj004,2.3,8.23
BAL202405170,BAL,SEA,5,1,meanj001,millb004,,5.68
BAL202405180,BAL,SEA,0,0,canoy001,stanr002,5.12,5.3
BAL202405190,BAL,SEA,2,0,burnc002,kirbg001,2.66,4.21
BAL202405270,BAL,BOS,0,0,irvic001,crisc002,,3.57
BAL202405280,BAL,BOS,3,2,rodrg003,bellb002,,3.35
BAL202405290,BAL,BOS,0,0,burnc002,crawk001,2.66,
BAL202405310,BAL,TBA,0,0,perec004,lover001,8.31,8.49
BAL202406010,BAL,TBA,3,0,webbj002,bradt002,3.0,5.05
BAL202406020,BAL,TBA,1,0,tated001,armss001,4.26,2.31
BAL202406110,BAL,ATL,0,0,suara001,friem001,2.31,2.86
BAL202406120,BAL,ATL,0,0,akink001,jimej003,3.41,
BAL202406130,BAL,ATL,0,2,irvic001,loper003,,5.4
BAL202406140,BAL,PHI,0,1,webbj002,kerko001,3.0,3.3
BAL202406150,BAL,PHI,0,1,rodrg003,walkt004,,4.08
BAL202406160,BAL,PHI,1,0,burnc002,wheez001,2.66,2.71
BAL202406240,BAL,CLE,1,1,povic001,bibet001,5.21,4.24
BAL202406250,BAL,CLE,2,1,irvic001,avilp001,,
BAL202406260,BAL,CLE,0,0,rodrg003,currx001,,6.0
BAL202406270,BAL,TEX,3,0,burnc002,grayj003,2.66,7.71
BAL202406280,BAL,TEX,0,0,suara001,schem001,2.31,5.19
BAL202406290,BAL,TEX,0,1,povic001,lorem002,5.21,4.64
BAL202406300,BAL,TEX,0,0,irvic001,heana001,,5.52
BAL202407090,BAL,CHN,0,1,kremd001,tailj001,4.19,3.68
BAL202407100,BAL,CHN,0,0,burnc002,imans001,2.66,3.73
BAL202407110,BAL,CHN,0,0,suara001,steej002,2.31,4.76
BAL202407120,BAL,NYA,0,0,povic001,coleg001,5.21,
BAL202407130,BAL,NYA,0,4,rodrg003,gil-l001,,3.32
BAL202407140,BAL,NYA,0,0,kimbc001,holmc001,2.25,3.53
BAL202407260,BAL,SDN,0,0,kimbc001,suarr002,2.25,2.97
BAL202407270,BAL,SDN,0,0,kremd001,kingm002,4.19,3.44
BAL202407280,BAL,SDN,0,0,perec004,vasqr001,8.31,3.84
BAL202407291,BAL,TOR,4,0,efliz001,rodry003,5.93,3.08
BAL202407292,BAL,TOR,1,1,povic001,franb002,5.21,6.05
BAL202407300,BAL,TOR,1,0,burnc002,bassc001,2.66,3.96
BAL202407310,BAL,TOR,2,0,rodrg003,espip001,,
BAL202408130,BAL,WAS,0,2,roget003,irvij001,1.81,5.7
BAL202408140,BAL,WAS,2,0,kremd001,herzd001,4.19,
BAL202408150,BAL,BOS,0,0,efliz001,piven001,5.93,2.87
BAL202408160,BAL,BOS,0,2,burnc002,crisc002,2.66,3.57
BAL202408170,BAL,BOS,0,0,povic001,bellb002,5.21,3.35
BAL202408180,BAL,BOS,0,0,suara001,crawk001,2.31,
BAL202408220,BAL,HOU,0,0,burnc002,arris001,2.66,5.35
BAL202408230,BAL,HOU,0,0,kimbc001,abreb002,2.25,2.28
BAL202408240,BAL,HOU,0,1,akink001,valdf001,3.41,3.66
BAL202408250,BAL,HOU,0,0,smitb005,nerih001,,6.75
BAL202409020,BAL,CHA,1,2,burnc002,flexc001,2.66,3.09
BAL202409030,BAL,CHA,3,0,povic001,nastn001,5.21,
BAL202409040,BAL,CHA,1,1,suara001,cannj001,2.31,5.82
BAL202409060,BAL,TBA,0,0,kremd001,baz-s001,4.19,4.87
BAL202409070,BAL,TBA,0,1,efliz001,pepir001,5.93,3.86
BAL202409080,BAL,TBA,0,0,burnc002,littz001,2.66,3.81
BAL202409170,BAL,SFN,0,1,suara001,snelb001,2.31,2.35
BAL202409180,BAL,SFN,0,1,kremd001,birdh001,4.19,4.8
BAL202409190,BAL,SFN,0,0,sotog003,walkr001,4.18,4.11
BAL202409200,BAL,DET,2,0,burnc002,holtt002,2.66,3.66
BAL202409210,BAL,DET,0,0,canoy001,brieb001,5.12,6.55
BAL202409220,BAL,DET,0,0,suara001,guens001,2.31,5.23
BOS202404090,BOS,BAL,1,0,bellb002,burnc002,3.35,2.66
BOS202404100,BOS,BAL,0,0,martc007,baumm001,2.98,
BOS202404110,BOS,BAL,2,0,campi001,kimbc001,7.04,2.25
BOS202404120,BOS,ANA,0,3,houct001,detmr001,8.04,3.96
BOS202404130,BOS,ANA,4,0,weisg001,canng001,2.82,3.77
BOS202404140,BOS,ANA,2,0,bellb002,andet002,3.35,4.56
BOS202404150,BOS,CLE,0,0,bernb001,herrt002,3.14,4.85
BOS202404160,BOS,CLE,0,0,wincj001,clase001,3.86,3.23
BOS202404170,BOS,CLE,0,0,houct001,liveb001,8.04,3.22
BOS202404180,BOS,CLE,1,0,crisc002,carrc003,3.57,7.09
BOS202404260,BOS,CHN,0,0,crawk001,imans001,,3.73
BOS202404270,BOS,CHN,2,0,slatj002,browb006,4.24,5.92
BOS202404280,BOS,CHN,1,0,jansk001,leitm002,2.59,4.84
BOS202404300,BOS,SFN,1,0,crisc002,webbl001,3.57,3.22
BOS202405010,BOS,SFN,0,0,crawk001,jeffd001,,
BOS202405020,BOS,SFN,0,0,kellz001,walkr001,4.58,4.11
BOS202405100,BOS,WAS,0,0,houct001,corbp001,8.04,4.4
BOS202405110,BOS,WAS,0,0,martc007,garcr008,2.98,2.95
BOS202405120,BOS,WAS,0,0,bellb002,gorem001,3.35,4.17
BOS202405130,BOS,TBA,3,3,crawk001,efliz001,,5.93
BOS202405140,BOS,TBA,0,1,bernb001,rodrm001,3.14,2.08
BOS202405150,BOS,TBA,1,0,houct001,bradt002,8.04,5.05
BOS202405160,BOS,TBA,0,0,jansk001,rodrm001,2.59,2.08
BOS202405240,BOS,MIL,0,0,crawk001,wilsb003,,6.65
BOS202405250,BOS,MIL,0,0,piven001,rea-c001,2.87,3.95
BOS202405260,BOS,MIL,0,0,slatj002,pegue001,4.24,6.75
BOS202405300,BOS,DET,0,0,piven001,flahj002,2.87,4.64
BOS202405310,BOS,DET,0,1,houct001,maedk001,8.04,7.88
BOS202406010,BOS,DET,0,1,crisc002,olsor001,3.57,3.15
BOS202406020,BOS,DET,1,0,boosc001,chafa001,5.52,2.41
BOS202406040,BOS,ATL,0,0,crawk001,friem001,,2.86
BOS202406050,BOS,ATL,0,0,piven001,schws001,2.87,3.09
BOS202406110,BOS,PHI,1,1,crawk001,wheez001,,2.71
BOS202406120,BOS,PHI,0,2,boosc001,ruizj001,5.52,8.82
BOS202406130,BOS,PHI,0,0,houct001,nolaa001,8.04,6.01
BOS202406140,BOS,NYA,0,2,bellb002,gil-l001,3.35,3.32
BOS202406150,BOS,NYA,3,0,slatj002,rodoc001,4.24,3.09
BOS202406160,BOS,NYA,0,1,crawk001,strom001,,6.23
BOS202406240,BOS,TOR,0,0,jansk001,pop-z001,2.59,14.85
BOS202406250,BOS,TOR,0,0,bellb002,gausk001,3.35,3.59
BOS202406260,BOS,TOR,0,0,piven001,pop-z001,2.87,14.85
BOS202406280,BOS,SDN,0,0,piven001,koles001,2.87,3.51
BOS202406290,BOS,SDN,0,0,houct001,kingm002,8.04,3.44
BOS202406300,BOS,SDN,2,0,wincj001,waldm003,3.86,7.71
BOS202407090,BOS,OAK,3,2,bellb002,estej001,3.35,9.82
BOS202407100,BOS,OAK,0,0,piven001,searj001,2.87,5.04
BOS202407110,BOS,OAK,3,0,houct001,medil002,8.04,
BOS202407120,BOS,KCA,0,1,crisc002,ragac001,3.57,4.67
BOS202407130,BOS,KCA,0,0,crawk001,lugos001,,4.15
BOS202407140,BOS,KCA,2,1,bellb002,singb001,3.35,4.03
BOS202407260,BOS,NYA,1,0,hornb002,weavl001,1.59,3.62
BOS202407270,BOS,NYA,3,3,andec001,holmc001,,3.53
BOS202407280,BOS,NYA,0,3,houct001,rodoc001,8.04,3.09
BOS202407290,BOS,SEA,0,0,piven001,gilbl002,2.87,3.44
BOS202407300,BOS,SEA,0,1,paxtj001,castl003,,3.54
BOS202407310,BOS,SEA,1,0,kellz001,diazj007,4.58,
BOS202408090,BOS,HOU,0,1,simsl001,ort-k001,13.86,4.89
BOS202408100,BOS,HOU,0,1,kellb003,arris001,2.07,5.35
BOS202408110,BOS,HOU,0,0,simsl001,browh001,13.86,2.43
BOS202408120,BOS,TEX,0,0,wincj001,garag001,3.86,9.0
BOS202408130,BOS,TEX,1,0,crawk001,urenj001,,4.58
BOS202408140,BOS,TEX,0,0,kellz001,festm001,4.58,4.12
BOS202408230,BOS,ARI,1,2,bellb002,nelsr003,3.35,3.39
BOS202408240,BOS,ARI,0,0,crawk001,gallz001,,4.83
BOS202408250,BOS,ARI,1,0,houct001,kellm002,8.04,3.52
BOS202408260,BOS,TOR,0,0,kellb003,berrj001,2.07,4.17
BOS202408270,BOS,TOR,3,0,weisg001,rodry003,2.82,3.08
BOS202408280,BOS,TOR,1,0,bellb002,bassc001,3.35,3.96
BOS202408290,BOS,TOR,0,0,crawk001,franb002,,6.05
BOS202409060,BOS,CHA,0,0,kellz001,fostm001,4.58,
BOS202409070,BOS,CHA,4,2,crisc002,crocg001,3.57,2.59
BOS202409080,BOS,CHA,0,0,kellz001,ellaf001,4.58,4.24
BOS202409090,BOS,BAL,1,1,bellb002,povic001,3.35,5.21
BOS202409100,BOS,BAL,0,1,crawk001,suara001,,2.31
BOS202409110,BOS,BAL,0,0,weisg001,akink001,2.82,3.41
BOS202409200,BOS,MIN,0,0,crisc002,blews001,3.57,5.48
BOS202409221,BOS,MIN,3,0,piven001,lopep002,2.87,2.74
BOS202409222,BOS,MIN,0,0,crawk001,irvic001,,
BOS202409270,BOS,TBA,0,0,piven001,bradt002,2.87,5.05
BOS202409280,BOS,TBA,1,0,crawk001,baz-s001,,4.87
BOS202409290,BOS,TBA,0,0,prieq001,pepir001,3.32,3.86
CHA202403280,CHA,DET,0,0,crocg001,skubt001,2.59,2.21
CHA202403300,CHA,DET,2,3,garcd003,mills001,,2.74
CHA202403310,CHA,DET,0,0,wilss002,holtt002,3.42,3.66
CHA202404010,CHA,ATL,0,0,flexc001,mortc002,3.09,5.83
CHA202404020,CHA,ATL,0,0,crocg001,minta001,2.59,
CHA202404120,CHA,CIN,0,1,flexc001,abboa001,3.09,2.87
CHA202404130,CHA,CIN,0,0,crocg001,lodon001,2.59,3.33
CHA202404140,CHA,CIN,0,0,sorom001,ashcg001,4.52,3.99
CHA202404150,CHA,KCA,0,0,nastn001,lugos001,,4.15
CHA202404171,CHA,KCA,0,0,kopem001,anden001,2.45,6.14
CHA202404172,CHA,KCA,0,0,fedde001,wachm001,5.49,3.86
CHA202404260,CHA,TBA,0,0,flexc001,efliz001,3.09,5.93
CHA202404270,CHA,TBA,0,0,garcd003,matop002,,2.79
CHA202404280,CHA,TBA,0,0,fedde001,littz001,5.49,3.81
CHA202404290,CHA,MIN,2,0,brebj001,jax-g001,7.71,4.23
CHA202404300,CHA,MIN,0,0,kopem001,thiec001,2.45,2.64
CHA202405010,CHA,MIN,2,0,leond003,oberb002,,5.1
CHA202405090,CHA,CLE,1,0,fedde001,liveb001,5.49,3.22
CHA202405100,CHA,CLE,0,0,crocg001,carrc003,2.59,7.09
CHA202405110,CHA,CLE,0,0,hillt002,mcket001,3.09,11.12
CHA202405120,CHA,CLE,0,0,sorom001,allel003,4.52,4.25
CHA202405141,CHA,WAS,0,0,brebj001,law-d001,7.71,
CHA202405142,CHA,WAS,0,0,fedde001,parkm001,5.49,5.68
CHA202405150,CHA,WAS,0,0,crocg001,corbp001,2.59,4.4
CHA202405230,CHA,BAL,1,0,clevm001,rodrg003,7.94,
CHA202405240,CHA,BAL,0,0,brebj001,canoy001,7.71,5.12
CHA202405250,CHA,BAL,0,0,kopem001,tated001,2.45,4.26
CHA202405260,CHA,BAL,0,0,crocg001,bradk001,2.59,2.53
CHA202405270,CHA,TOR,0,0,nastn001,bassc001,,3.96
CHA202405280,CHA,TOR,0,0,woodj003,gausk001,6.44,3.59
CHA202405290,CHA,TOR,0,0,flexc001,richt001,3.09,7.94
CHA202406060,CHA,BOS,0,1,woodj003,houct001,6.44,8.04
CHA202406070,CHA,BOS,1,0,crocg001,crisc002,2.59,3.57
CHA202406080,CHA,BOS,0,0,bankt001,bellb002,3.07,3.35
CHA202406090,CHA,BOS,0,0,sorom001,jansk001,4.52,2.59
CHA202406180,CHA,HOU,0,0,cannj001,valdf001,5.82,3.66
CHA202406190,CHA,HOU,0,0,crocg001,browh001,2.59,2.43
CHA202406200,CHA,HOU,0,1,wilss002,scott004,3.42,7.9
CHA202406240,CHA,LAN,0,0,wilss002,hudsd001,3.42,
CHA202406250,CHA,LAN,3,1,flexc001,petem001,3.09,4.0
CHA202406260,CHA,LAN,0,1,fedde001,stong001,5.49,
CHA202406270,CHA,ATL,1,0,shusj001,salec001,8.04,2.58
CHA202406280,CHA,COL,0,0,thord001,hudsd002,,
CHA202406290,CHA,COL,0,0,bankt001,quanc001,3.07,6.04
CHA202406300,CHA,COL,0,0,sorom001,beekj001,4.52,3.77
CHA202407080,CHA,MIN,0,1,shusj001,duraj002,8.04,2.06
CHA202407101,CHA,MIN,0,0,fedde001,oberb002,5.49,5.1
CHA202407102,CHA,MIN,0,0,sorom001,okers001,4.52,3.01
CHA202407120,CHA,PIT,0,0,cannj001,gonzm005,5.82,
CHA202407130,CHA,PIT,0,1,flexc001,nicok001,3.09,4.74
CHA202407140,CHA,PIT,1,0,kuhlc001,prieq001,,3.32
CHA202407260,CHA,SEA,0,8,thord001,kirbg001,,4.21
CHA202407270,CHA,SEA,0,0,fedde001,snidc001,5.49,5.47
CHA202407280,CHA,SEA,0,2,crocg001,millb004,2.59,5.68
CHA202407290,CHA,KCA,1,0,brebj001,strac001,7.71,7.71
CHA202407300,CHA,KCA,1,0,ellaf001,wachm001,4.24,3.86
CHA202407310,CHA,KCA,0,1,thord001,singb001,,4.03
CHA202408090,CHA,CHN,0,3,crocg001,tailj001,2.59,3.68
CHA202408100,CHA,CHN,0,0,kuhlc001,hodgp001,,6.27
CHA202408120,CHA,NYA,2,1,toust001,gil-l001,9.0,3.32
CHA202408130,CHA,NYA,0,0,cannj001,cortn001,5.82,6.29
CHA202408140,CHA,NYA,0,1,leond003,hillt002,,3.09
CHA202408230,CHA,DET,0,1,ellaf001,vestw001,4.24,3.01
CHA202408240,CHA,DET,0,1,bushk001,skubt001,,2.21
CHA202408250,CHA,DET,2,0,cannj001,sammb001,5.82,
CHA202408260,CHA,DET,1,0,shusj001,guens001,8.04,5.23
CHA202408270,CHA,TEX,0,1,flexc001,festm001,3.09,4.12
CHA202408280,CHA,TEX,2,0,andej005,urenj001,,4.58
CHA202408290,CHA,TEX,0,0,nastn001,eovan001,,1.73
CHA202408300,CHA,NYN,1,0,cannj001,megit002,5.82,3.95
CHA202408310,CHA,NYN,0,3,martd006,quinj001,4.1,3.96
CHA202409010,CHA,NYN,0,0,crocg001,manas001,2.59,5.64
CHA202409090,CHA,CLE,0,2,shusj001,cantj002,8.04,3.21
CHA202409100,CHA,CLE,0,0,cannj001,avilp001,5.82,
CHA202409110,CHA,CLE,0,2,martd006,sandn001,4.1,2.2
CHA202409130,CHA,OAK,0,0,crocg001,bassb002,2.59,2.31
CHA202409140,CHA,OAK,0,0,varlg001,harrh002,,3.2
CHA202409150,CHA,OAK,3,0,burks001,searj001,4.22,5.04
CHA202409240,CHA,ANA,0,0,berrp001,strih001,,3.27
CHA202409250,CHA,ANA,0,0,shusj001,quijj001,8.04,
CHA202409260,CHA,ANA,0,0,flexc001,andet002,3.09,4.56
CHN202404010,CHN,COL,0,0,imans001,hudsd002,3.73,
CHN202404020,CHN,COL,2,0,assaj001,freek001,3.65,4.98
CHN202404030,CHN,COL,0,0,alzoa001,mearn001,,3.49
CHN202404050,CHN,LAN,0,2,smyld001,millb005,,12.6
CHN202404060,CHN,LAN,0,0,wickj001,yamay001,6.28,2.49
CHN202404070,CHN,LAN,3,0,almoy001,stong001,,
CHN202404190,CHN,MIA,2,0,tailj001,puk-a001,3.68,
CHN202404201,CHN,MIA,0,0,alzoa001,faucc001,,3.28
CHN202404202,CHN,MIA,1,0,imans001,benda001,3.73,2.16
CHN202404210,CHN,MIA,0,0,hendk001,cabre003,4.76,3.53
CHN202404230,CHN,HOU,5,0,wickj001,franj006,6.28,
CHN202404240,CHN,HOU,4,0,tailj001,arris001,3.68,5.35
CHN202404250,CHN,HOU,0,1,wesnh001,montr004,4.5,4.48
CHN202405030,CHN,MIL,0,0,alzoa001,pegue001,,6.75
CHN202405040,CHN,MIL,2,0,tailj001,myert001,3.68,3.55
CHN202405050,CHN,MIL,0,0,assaj001,peraf001,3.65,2.7
CHN202405060,CHN,SDN,0,0,lover001,darvy001,8.49,5.38
CHN202405070,CHN,SDN,0,0,nerih001,deloe001,6.75,4.36
CHN202405080,CHN,SDN,0,1,wesnh001,ceasd001,4.5,4.55
CHN202405160,CHN,PIT,0,2,steej002,jonej008,4.76,
CHN202405170,CHN,PIT,0,0,hendk001,skenp001,4.76,1.97
CHN202405180,CHN,PIT,0,0,nerih001,bednd001,6.75,2.3
CHN202405190,CHN,PIT,0,0,tailj001,kellm003,3.68,4.19
CHN202405210,CHN,ATL,0,0,littl001,bumma001,3.38,3.81
CHN202405220,CHN,ATL,0,0,steej002,friem001,4.76,2.86
CHN202405230,CHN,ATL,0,0,wesnh001,lee-d005,4.5,3.29
CHN202405310,CHN,CIN,0,0,smyld001,cruzf002,,3.56
CHN202406010,CHN,CIN,0,0,leitm002,simsl001,4.84,13.86
CHN202406020,CHN,CIN,0,0,browb006,lodon001,5.92,3.33
CHN202406040,CHN,CHA,0,0,littl001,leasj001,3.38,3.92
CHN202406050,CHN,CHA,0,1,nerih001,kopem001,6.75,2.45
CHN202406140,CHN,SLN,0,0,wesnh001,gibsk002,4.5,16.78
CHN202406150,CHN,SLN,0,0,imans001,palla001,3.73,5.31
CHN202406160,CHN,SLN,0,0,tailj001,mikom001,3.68,4.84
CHN202406170,CHN,SFN,0,0,nerih001,mille002,6.75,1.5
CHN202406180,CHN,SFN,0,0,millt003,roget002,,1.98
CHN202406190,CHN,SFN,0,0,hendk001,bives001,4.76,4.0
CHN202406210,CHN,NYN,1,3,imans001,quinj001,3.73,3.96
CHN202406220,CHN,NYN,5,0,tailj001,megit002,3.68,3.95
CHN202406230,CHN,NYN,0,0,assaj001,sevel001,3.65,4.54
CHN202407020,CHN,PHI,0,0,wesnh001,mercm002,4.5,15.0
CHN202407030,CHN,PHI,0,0,millt003,stram001,,2.74
CHN202407040,CHN,PHI,0,1,tailj001,sancc002,3.68,2.5
CHN202407050,CHN,ANA,2,0,steej002,canng001,4.76,3.77
CHN202407060,CHN,ANA,0,1,hendk001,andet002,4.76,4.56
CHN202407070,CHN,ANA,0,0,wesnh001,sorij002,4.5,4.26
CHN202407190,CHN,ARI,0,0,steej002,nelsr003,4.76,3.39
CHN202407200,CHN,ARI,0,0,hendk001,gallz001,4.76,4.83
CHN202407210,CHN,ARI,0,0,nerih001,mantj002,6.75,15.83
CHN202407220,CHN,MIL,0,0,smyld001,myert001,,3.55
CHN202407230,CHN,MIL,0,0,tailj001,pegue001,3.68,6.75
CHN202407240,CHN,MIL,1,1,nerih001,junij001,6.75,2.97
CHN202408010,CHN,SLN,0,1,pearn001,helsr001,9.2,4.5
CHN202408020,CHN,SLN,0,0,millt003,fedde001,,5.49
CHN202408030,CHN,SLN,2,1,nerih001,romej002,6.75,2.07
CHN202408040,CHN,SLN,0,0,steej002,mikom001,4.76,4.84
CHN202408050,CHN,MIN,0,0,hendk001,festd001,4.76,5.4
CHN202408060,CHN,MIN,3,0,imans001,lopep002,3.73,2.74
CHN202408070,CHN,MIN,1,1,lopej004,richt001,6.57,7.94
CHN202408160,CHN,TOR,2,0,millt003,greec003,,5.56
CHN202408170,CHN,TOR,1,0,pearn001,bassc001,9.2,3.96
CHN202408180,CHN,TOR,0,0,imans001,franb002,3.73,6.05
CHN202408200,CHN,DET,0,0,assaj001,sammb001,3.65,
CHN202408210,CHN,DET,0,0,tailj001,hurtb001,3.68,2.43
CHN202408220,CHN,DET,0,0,steej002,maedk001,4.76,7.88
CHN202409020,CHN,PIT,0,0,lopej004,beekj001,6.57,3.77
CHN202409030,CHN,PIT,0,0,hendk001,skenp001,4.76,1.97
CHN202409040,CHN,PIT,1,0,imans001,germd001,3.73,
CHN202409060,CHN,NYA,0,0,wickj001,gil-l001,6.28,3.32
CHN202409070,CHN,NYA,0,1,assaj001,cortn001,3.65,6.29
CHN202409080,CHN,NYA,2,0,tailj001,coleg001,3.68,
CHN202409160,CHN,OAK,1,0,imans001,estej001,3.73,9.82
CHN202409170,CHN,OAK,0,2,wickj001,spenm001,6.28,5.1
CHN202409180,CHN,OAK,0,0,pearn001,fergt001,9.2,4.66
CHN202409190,CHN,WAS,1,1,robee001,garcr008,6.0,2.95
CHN202409200,CHN,WAS,1,0,tailj001,willt002,3.68,6.21
CHN202409210,CHN,WAS,0,0,hendk001,gorem001,4.76,4.17
CHN202409220,CHN,WAS,2,0,imans001,irvij001,3.73,5.7
CHN202409270,CHN,CIN,0,0,tailj001,martn002,3.68,4.45
CHN202409280,CHN,CIN,0,0,millt003,farmb001,,
CHN202409290,CHN,CIN,0,0,robee001,santt001,6.0,2.44
CIN202403280,CIN,WAS,0,0,montf001,grayj004,6.28,
CIN202403300,CIN,WAS,0,0,diaza004,harvh001,8.15,0.0
CIN202403310,CIN,WAS,0,0,simsl001,finnk001,13.86,3.47
CIN202404050,CIN,NYN,1,0,cruzf002,smitd009,3.56,
CIN202404060,CIN,NYN,0,0,pagae001,ramiy002,2.88,5.4
CIN202404070,CIN,NYN,0,1,abboa001,manas001,2.87,5.64
CIN202404080,CIN,MIL,0,0,ashcg001,ashba003,3.99,2.16
CIN202404090,CIN,MIL,0,0,montf001,rossj002,6.28,5.12
CIN202404100,CIN,MIL,0,2,greeh001,wilsb003,2.76,6.65
CIN202404190,CIN,ANA,0,0,lodon001,andet002,3.33,4.56
CIN202404200,CIN,ANA,5,2,ashcg001,sandp002,3.99,
CIN202404210,CIN,ANA,0,0,pagae001,sorij002,2.88,4.26
CIN202404220,CIN,PHI,0,0,greeh001,suarr001,2.76,3.2
CIN202404230,CIN,PHI,1,1,cruzf002,sancc002,3.56,2.5
CIN202404240,CIN,PHI,0,1,wilsj004,domis001,3.35,3.16
CIN202404250,CIN,PHI,0,0,martn002,wheez001,4.45,2.71
CIN202405030,CIN,BAL,0,0,pagae001,irvic001,2.88,
CIN202405040,CIN,BAL,0,0,abboa001,meanj001,2.87,
CIN202405050,CIN,BAL,0,3,lodon001,kremd001,3.33,4.19
CIN202405070,CIN,ARI,0,0,montf001,gallz001,6.28,4.83
CIN202405080,CIN,ARI,0,0,ashcg001,montj004,3.99,
CIN202405090,CIN,ARI,0,1,cruzf002,ginkk001,3.56,7.36
CIN202405210,CIN,SDN,0,0,abboa001,musgj001,2.87,
CIN202405220,CIN,SDN,1,1,martn002,kingm002,4.45,3.44
CIN202405230,CIN,SDN,1,2,molls001,estrj002,6.38,3.45
CIN202405240,CIN,LAN,3,0,ashcg001,ramiy002,3.99,5.4
CIN202405250,CIN,LAN,1,0,greeh001,buehw001,2.76,4.93
CIN202405260,CIN,LAN,0,0,martn002,yamay001,4.45,2.49
CIN202405270,CIN,SLN,1,1,lodon001,lynnl001,3.33,
CIN202405280,CIN,SLN,0,0,abboa001,gibsk002,2.87,16.78
CIN202405290,CIN,SLN,0,0,montf001,palla001,6.28,5.31
CIN202406060,CIN,CHN,0,0,greeh001,assaj001,2.76,3.65
CIN202406070,CIN,CHN,0,0,lodon001,steej002,3.33,4.76
CIN202406080,CIN,CHN,1,1,abboa001,browb006,2.87,5.92
CIN202406090,CIN,CHN,0,3,montf001,imans001,6.28,3.73
CIN202406110,CIN,CLE,1,0,martn002,mcket001,4.45,11.12
CIN202406120,CIN,CLE,1,0,lodon001,bibet001,3.33,4.24
CIN202406210,CIN,BOS,1,0,abboa001,crawk001,2.87,
CIN202406220,CIN,BOS,2,0,wilsj004,kellz001,3.35,4.58
CIN202406230,CIN,BOS,0,0,lodon001,bernb001,3.33,3.14
CIN202406240,CIN,PIT,0,0,spiec001,faltb001,6.08,4.45
CIN202406250,CIN,PIT,0,3,greeh001,kellm003,2.76,4.19
CIN202406260,CIN,PIT,0,0,ashcg001,ortil003,3.99,
CIN202407050,CIN,DET,0,0,spiec001,olsor001,6.08,3.15
CIN202407060,CIN,DET,0,0,cruzf002,mills001,3.56,2.74
CIN202407070,CIN,DET,0,0,ashcg001,skubt001,3.99,2.21
CIN202407080,CIN,COL,0,0,abboa001,feltr001,2.87,4.75
CIN202407090,CIN,COL,0,0,martn002,quanc001,4.45,6.04
CIN202407100,CIN,COL,0,0,montf001,freek001,6.28,4.98
CIN202407110,CIN,COL,0,0,greeh001,gomba001,2.76,7.49
CIN202407120,CIN,MIA,2,0,spiec001,chiry001,6.08,
CIN202407130,CIN,MIA,0,0,molls001,cabre003,6.38,3.53
CIN202407140,CIN,MIA,0,0,cruzf002,puk-a001,3.56,
CIN202407290,CIN,CHN,0,0,spiec001,tailj001,6.08,3.68
CIN202407300,CIN,CHN,2,0,martn002,steej002,4.45,4.76
CIN202407310,CIN,CHN,0,0,lodon001,hendk001,3.33,4.76
CIN202408020,CIN,SFN,0,0,abboa001,snelb001,2.87,2.35
CIN202408030,CIN,SFN,0,0,greeh001,harrk001,2.76,4.04
CIN202408040,CIN,SFN,0,0,spiec001,ray-r002,6.08,3.65
CIN202408120,CIN,SLN,0,0,abboa001,grays001,2.87,4.28
CIN202408130,CIN,SLN,1,0,greeh001,fedde001,2.76,5.49
CIN202408140,CIN,SLN,0,0,molls001,gibsk002,6.38,16.78
CIN202408160,CIN,KCA,0,0,martn002,lorem002,4.45,4.64
CIN202408170,CIN,KCA,0,1,lodon001,wachm001,3.33,3.86
CIN202408180,CIN,KCA,0,0,abboa001,singb001,2.87,4.03
CIN202408270,CIN,OAK,0,0,santt001,otanm001,2.44,13.5
CIN202408280,CIN,OAK,0,1,pagae001,fergt001,2.88,4.66
CIN202408290,CIN,OAK,0,2,pagae001,holmg002,2.88,5.09
CIN202408301,CIN,MIL,1,0,diaza004,megit001,8.15,2.49
CIN202408302,CIN,MIL,0,0,lowdr001,halld004,,3.49
CIN202408310,CIN,MIL,0,0,wilsj004,ashba003,3.35,2.16
CIN202409010,CIN,MIL,0,0,diaza004,wilsb003,8.15,6.65
CIN202409020,CIN,HOU,2,0,spiec001,verlj001,6.08,3.85
CIN202409040,CIN,HOU,9,0,martn002,arris001,4.45,5.35
CIN202409050,CIN,HOU,0,0,santt001,abreb002,2.44,2.28
CIN202409170,CIN,ATL,1,3,suteb001,johnp001,4.52,3.05
CIN202409180,CIN,ATL,0,0,santt001,schws001,2.44,3.09
CIN202409190,CIN,ATL,0,0,aguij002,salec001,,2.58
CIN202409200,CIN,PIT,1,0,martn002,kellm003,4.45,4.19
CIN202409210,CIN,PIT,0,0,lowdr001,jonej008,,
CIN202409220,CIN,PIT,0,1,greeh001,skenp001,2.76,1.97
CLE202404080,CLE,CHA,0,0,mcket001,bankt001,11.12,3.07
CLE202404090,CLE,CHA,2,5,barls001,wilss002,4.21,3.42
CLE202404100,CLE,CHA,0,2,morge001,shawb001,12.27,
CLE202404131,CLE,NYA,0,0,carrc003,schmc002,7.09,3.32
CLE202404132,CLE,NYA,0,2,mcket001,potec001,11.12,16.88
CLE202404140,CLE,NYA,0,0,beedt001,fergc001,,3.58
CLE202404190,CLE,OAK,0,1,mcket001,boylj001,11.12,4.67
CLE202404200,CLE,OAK,2,0,allel003,wooda002,4.25,
CLE202404210,CLE,OAK,0,0,bibet001,strir001,4.24,
CLE202404230,CLE,BOS,0,0,barls001,houct001,4.21,8.04
CLE202404240,CLE,BOS,0,1,carrc003,crisc002,7.09,3.57
CLE202404250,CLE,BOS,0,0,gaddh001,andec001,3.11,
CLE202405030,CLE,ANA,0,0,bibet001,sorij002,4.24,4.26
CLE202405040,CLE,ANA,0,0,liveb001,detmr001,3.22,3.96
CLE202405050,CLE,ANA,0,0,carrc003,canng001,7.09,3.77
CLE202405060,CLE,DET,1,1,sandn001,flahj002,2.2,4.64
CLE202405070,CLE,DET,2,1,avilp001,holtt002,,3.66
CLE202405080,CLE,DET,0,0,clase001,langa001,3.23,
CLE202405170,CLE,MIN,0,0,herrt002,duraj002,4.85,2.06
CLE202405180,CLE,MIN,2,0,allel003,oberb002,4.25,5.1
CLE202405190,CLE,MIN,2,0,clase001,duraj002,3.23,2.06
CLE202405200,CLE,NYN,2,0,liveb001,megit002,3.22,3.95
CLE202405210,CLE,NYN,0,0,sandn001,housa001,2.2,3.31
CLE202405220,CLE,NYN,0,1,gaddh001,garrr001,3.11,3.9
CLE202405310,CLE,WAS,0,0,bibet001,corbp001,4.24,4.4
CLE202406010,CLE,WAS,2,0,liveb001,parkm001,3.22,5.68
CLE202406020,CLE,WAS,0,0,carrc003,irvij001,7.09,5.7
CLE202406040,CLE,KCA,0,0,smitc009,longs002,2.93,5.36
CLE202406060,CLE,KCA,1,1,gaddh001,longs002,3.11,5.36
CLE202406180,CLE,SEA,0,0,mcket001,millb004,11.12,5.68
CLE202406190,CLE,SEA,1,0,bibet001,woo-b001,4.24,2.94
CLE202406200,CLE,SEA,1,2,allel003,castl003,4.25,3.54
CLE202406210,CLE,TOR,0,0,carrc003,rodry003,7.09,3.08
CLE202406220,CLE,TOR,0,0,liveb001,berrj001,3.22,4.17
CLE202406230,CLE,TOR,1,2,herrt002,kikuy001,4.85,3.99
CLE202407020,CLE,CHA,0,1,clase001,kopem001,3.23,2.45
CLE202407030,CLE,CHA,0,1,willg004,fedde001,3.06,5.49
CLE202407040,CLE,CHA,1,0,liveb001,shusj001,3.22,8.04
CLE202407050,CLE,SFN,0,3,bibet001,walkr001,4.24,4.11
CLE202407060,CLE,SFN,3,0,avilp001,harrk001,,4.04
CLE202407070,CLE,SFN,0,0,smitc009,hjels001,2.93,7.8
CLE202407190,CLE,SDN,0,0,bibet001,waldm003,4.24,7.71
CLE202407200,CLE,SDN,0,0,willg004,ceasd001,3.06,4.55
CLE202407210,CLE,SDN,0,0,liveb001,kingm002,3.22,3.44
CLE202407220,CLE,DET,0,2,carrc003,skubt001,7.09,2.21
CLE202407230,CLE,DET,0,0,smitc009,wentj001,2.93,5.6
CLE202407240,CLE,DET,0,1,gaddh001,brieb001,3.11,6.55
CLE202407250,CLE,DET,0,0,willg004,lucae002,3.06,6.66
CLE202408010,CLE,BAL,2,1,liveb001,roget003,3.22,1.81
CLE202408020,CLE,BAL,0,0,smitc009,kremd001,2.93,4.19
CLE202408030,CLE,BAL,0,0,cantj002,efliz001,3.21,5.93
CLE202408040,CLE,BAL,0,1,willg004,burnc002,3.06,2.66
CLE202408050,CLE,ARI,2,2,clase001,thomr007,3.23,3.92
CLE202408071,CLE,ARI,0,0,liveb001,pfaab001,3.22,5.25
CLE202408072,CLE,ARI,0,0,carrc003,rodre004,7.09,5.02
CLE202408120,CLE,CHN,0,0,sandn001,merrj001,2.2,5.79
CLE202408130,CLE,CHN,0,0,avilp001,smyld001,,
CLE202408140,CLE,CHN,0,0,cobba001,tailj001,,3.68
CLE202408230,CLE,TEX,0,0,bibet001,eovan001,4.24,1.73
CLE202408240,CLE,TEX,1,1,liveb001,grayj003,3.22,7.71
CLE202408250,CLE,TEX,1,0,boydm001,bradc003,3.21,
CLE202408261,CLE,KCA,0,0,gaddh001,schrj001,3.11,3.8
CLE202408262,CLE,KCA,3,0,allel003,longs002,4.25,5.36
CLE202408270,CLE,KCA,0,0,willg004,mcarj001,3.06,
CLE202408280,CLE,KCA,1,2,morge001,ercel001,12.27,2.64
CLE202408300,CLE,PIT,2,0,avilp001,mlodc001,,3.55
CLE202408310,CLE,PIT,0,0,boydm001,ortil003,3.21,
CLE202409010,CLE,PIT,2,0,cobba001,kellm003,,4.19
CLE202409120,CLE,TBA,1,1,willg004,sulsc001,3.06,1.99
CLE202409130,CLE,TBA,0,0,bibet001,littz001,4.24,3.81
CLE202409140,CLE,TBA,0,0,cantj002,alext001,3.21,4.98
CLE202409150,CLE,TBA,0,0,liveb001,bradt002,3.22,5.05
CLE202409160,CLE,MIN,0,0,walta001,jax-g001,,4.23
CLE202409170,CLE,MIN,0,0,willg004,sandc001,3.06,4.5
CLE202409180,CLE,MIN,0,1,gaddh001,henrr001,3.11,2.22
CLE202409190,CLE,MIN,1,0,morge001,thiec001,12.27,2.64
CLE202409240,CLE,CIN,3,0,bibet001,spiec001,4.24,6.08
CLE202409250,CLE,CIN,1,0,gaddh001,pagae001,3.11,2.88
CLE202409270,CLE,HOU,0,1,cantj002,blanr001,3.21,4.1
CLE202409280,CLE,HOU,2,1,liveb001,verlj001,3.22,3.85
COL202404050,COL,TBA,1,1,beekj001,fairp001,3.77,2.83
COL202404060,COL,TBA,0,1,beekj001,cleag001,3.77,2.35
COL202404070,COL,TBA,0,0,hudsd002,pepir001,,3.86
COL202404080,COL,ARI,1,0,lambp001,mcgos001,,6.75
COL202404090,COL,ARI,1,2,quanc001,kellm002,6.04,3.52
COL202404100,COL,ARI,1,1,lawrj002,mantj002,0.51,15.83
COL202404200,COL,SEA,0,0,hudsd002,castl003,,3.54
COL202404211,COL,SEA,0,0,lawrj002,munoa002,0.51,1.73
COL202404212,COL,SEA,2,0,lambp001,hance001,,4.9
COL202404220,COL,SDN,0,0,mearn001,ceasd001,3.49,4.55
COL202404230,COL,SDN,0,2,beekj001,kingm002,3.77,3.44
COL202404240,COL,SDN,0,4,blact002,waldm003,,7.71
COL202404250,COL,SDN,1,0,kinlt001,peraw002,3.96,3.14
COL202404270,COL,HOU,2,0,quanc001,blanr001,6.04,4.1
COL202404280,COL,HOU,0,2,gomba001,valdf001,7.49,3.66
COL202405070,COL,SFN,0,0,hudsd002,harrk001,,4.04
COL202405080,COL,SFN,0,0,lambp001,hickj002,,6.95
COL202405090,COL,SFN,0,0,quanc001,winnk001,6.04,4.5
COL202405100,COL,TEX,0,0,birdj001,andeg002,5.53,3.23
COL202405110,COL,TEX,0,0,kinlt001,robed002,3.96,4.08
COL202405120,COL,TEX,2,1,blact002,urenj001,,4.58
COL202405240,COL,PHI,0,0,kinlt001,sotog003,3.96,4.18
COL202405250,COL,PHI,1,1,lawrj002,ruizj001,0.51,8.82
COL202405260,COL,PHI,2,0,quanc001,suarr001,6.04,3.2
COL202405270,COL,CLE,0,1,rogej003,currx001,,6.0
COL202405280,COL,CLE,0,2,lambp001,smitc009,,2.93
COL202405290,COL,CLE,1,2,blact002,allel003,,4.25
COL202406030,COL,CIN,1,0,feltr001,abboa001,4.75,2.87
COL202406040,COL,CIN,0,1,blact002,montf001,,6.28
COL202406050,COL,CIN,4,0,beekj001,cruzf002,3.77,3.56
COL202406140,COL,PIT,0,1,feltr001,ortil003,4.75,
COL202406150,COL,PIT,0,0,blact002,jonej008,,
COL202406160,COL,PIT,0,0,hudsd002,mlodc001,,3.55
COL202406170,COL,LAN,0,1,quanc001,paxtj001,6.04,
COL202406180,COL,LAN,4,0,vodnv001,petem001,3.02,4.0
COL202406190,COL,LAN,3,0,beekj001,ramiy002,3.77,5.4
COL202406200,COL,LAN,0,1,blact002,stong001,,
COL202406210,COL,WAS,0,0,hudsd002,flord002,,
COL202406220,COL,WAS,1,0,beekj001,finnk001,3.77,3.47
COL202406230,COL,WAS,0,0,beekj001,flord002,3.77,
COL202407010,COL,MIL,0,0,kinlt001,payaj001,3.96,6.84
COL202407020,COL,MIL,0,0,mearn001,zastr001,3.49,2.45
COL202407030,COL,MIL,0,1,hudsd002,rea-c001,,3.95
COL202407040,COL,MIL,1,0,molia001,myert001,7.27,3.55
COL202407050,COL,KCA,0,1,vodnv001,schrj001,3.02,3.8
COL202407060,COL,KCA,0,0,gomba001,lugos001,7.49,4.15
COL202407070,COL,KCA,0,0,gordt002,singb001,6.33,4.03
COL202407190,COL,SFN,0,0,beekj001,roget002,3.77,1.98
COL202407200,COL,SFN,2,0,freek001,webbl001,4.98,3.22
COL202407210,COL,SFN,0,1,feltr001,birdh001,4.75,4.8
COL202407220,COL,BOS,0,0,lawrj002,hornb002,0.51,1.59
COL202407230,COL,BOS,0,3,blact002,crisc002,,3.57
COL202407240,COL,BOS,3,0,quanc001,piven001,6.04,2.87
COL202408060,COL,NYN,0,0,lawrj002,sevel001,0.51,4.54
COL202408070,COL,NYN,1,1,vodnv001,buttj001,3.02,3.9
COL202408080,COL,NYN,0,4,gomba001,peted003,7.49,4.22
COL202408090,COL,ATL,0,1,kinlt001,minta001,3.96,
COL202408100,COL,ATL,0,0,chiva001,johnp001,7.06,3.05
COL202408110,COL,ATL,0,1,rogej003,jimej003,,
COL202408160,COL,SDN,4,0,quanc001,waldm003,6.04,7.71
COL202408170,COL,SDN,0,0,freek001,ceasd001,4.98,4.55
COL202408180,COL,SDN,0,0,chiva001,hoeib001,7.06,3.38
COL202408260,COL,MIA,0,0,birdj001,cabre003,5.53,3.53
COL202408270,COL,MIA,4,0,chiva001,sorig001,7.06,8.35
COL202408280,COL,MIA,0,0,freek001,meyem001,4.98,4.73
COL202408290,COL,MIA,0,0,blalb001,tinoj001,9.36,5.12
COL202408300,COL,BAL,0,0,gomba001,suara001,7.49,2.31
COL202408310,COL,BAL,0,0,crisj001,kimbc001,,2.25
COL202409010,COL,BAL,0,1,blact002,efliz001,,5.93
COL202409130,COL,CHN,0,2,vodnv001,smyld001,3.02,
COL202409140,COL,CHN,0,1,kinlt001,smyld001,3.96,
COL202409150,COL,CHN,0,0,quanc001,hendk001,6.04,4.76
COL202409160,COL,ARI,0,2,halvs001,thomr007,4.99,3.92
COL202409170,COL,ARI,0,0,feltr001,montj004,4.75,
COL202409180,COL,ARI,0,3,gomba001,rodre004,7.49,5.02
COL202409240,COL,SLN,0,0,chiva001,kitta001,7.06,3.4
COL202409250,COL,SLN,0,0,gomba001,fedde001,7.49,5.49
COL202409260,COL,SLN,2,2,chiva001,fernr001,7.06,7.71
COL202409270,COL,LAN,1,2,quanc001,caspb001,6.04,4.64
COL202409280,COL,LAN,1,0,senza001,yamay001,6.65,2.49
COL202409290,COL,LAN,0,0,vodnv001,phile001,3.02,0.0
DET202404050,DET,OAK,0,0,folej001,ercel001,,2.64
DET202404060,DET,OAK,0,2,maedk001,blacp001,7.88,6.23
DET202404070,DET,OAK,0,2,flahj002,boylj001,4.64,4.67
DET202404120,DET,MIN,1,0,skubt001,lopep002,2.21,2.74
DET202404131,DET,MIN,3,0,langa001,alcaj001,,6.22
DET202404132,DET,MIN,0,1,mannm001,woods002,,4.04
DET202404140,DET,MIN,0,0,vestw001,jax-g001,3.01,4.23
DET202404150,DET,TEX,0,0,olsor001,lorem002,3.15,4.64
DET202404160,DET,TEX,0,0,chafa001,urenj001,2.41,4.58
DET202404170,DET,TEX,0,1,mills001,yatek001,2.74,5.23
DET202404180,DET,TEX,0,1,mills001,leclj001,2.74,6.0
DET202404260,DET,KCA,0,0,olsor001,lugos001,3.15,4.15
DET202404270,DET,KCA,0,2,faeda001,strac001,,7.71
DET202404280,DET,KCA,2,1,skubt001,wachm001,2.21,3.86
DET202404301,DET,SLN,0,0,mills001,libem001,2.74,4.21
DET202404302,DET,SLN,2,0,holtt002,leahk001,3.66,3.07
DET202405010,DET,SLN,0,0,maedk001,mikom001,7.88,4.84
DET202405100,DET,HOU,0,0,chafa001,valdf001,2.41,3.66
DET202405110,DET,HOU,0,0,skubt001,javic001,2.21,4.62
DET202405120,DET,HOU,0,0,flahj002,verlj001,4.64,3.85
DET202405130,DET,MIA,0,0,faeda001,malda001,,12.0
DET202405140,DET,MIA,0,0,langa001,scott003,,4.74
DET202405150,DET,MIA,0,2,mizec001,roget003,3.87,1.81
DET202405230,DET,TOR,0,0,flahj002,gausk001,4.64,3.59
DET202405240,DET,TOR,0,0,maedk001,manoa001,7.88,
DET202405250,DET,TOR,2,0,olsor001,berrj001,3.15,4.17
DET202405260,DET,TOR,0,0,englm001,romaj004,3.83,8.23
DET202405291,DET,PIT,3,0,skubt001,jonej008,2.21,
DET202405292,DET,PIT,0,0,montk001,skenp001,4.37,1.97
DET202406070,DET,MIL,0,0,olsor001,myert001,3.15,3.55
DET202406080,DET,MIL,1,1,mizec001,koenj001,3.87,2.86
DET202406090,DET,MIL,2,0,skubt001,wilsb003,2.21,6.65
DET202406110,DET,WAS,0,0,chafa001,finnk001,2.41,3.47
DET202406120,DET,WAS,1,0,olsor001,irvij001,3.15,5.7
DET202406130,DET,WAS,0,0,mills001,law-d001,2.74,
DET202406210,DET,CHA,0,0,flahj002,fedde001,4.64,5.49
DET202406220,DET,CHA,0,0,maedk001,thord001,7.88,
DET202406230,DET,CHA,6,0,olsor001,cannj001,3.15,5.82
DET202406240,DET,PHI,0,4,mizec001,nolaa001,3.87,6.01
DET202406250,DET,PHI,0,0,skubt001,suarr001,2.21,3.2
DET202406260,DET,PHI,1,1,montk001,ruizj001,4.37,8.82
DET202407080,DET,CLE,0,0,holtt002,barls001,3.66,4.21
DET202407090,DET,CLE,0,3,vestw001,barls001,3.01,4.21
DET202407100,DET,CLE,2,0,olsor001,bibet001,3.15,4.24
DET202407110,DET,CLE,1,0,flahj002,howas003,4.64,
DET202407120,DET,LAN,2,0,folej001,petem001,,4.0
DET202407130,DET,LAN,0,1,vestw001,ramiy002,3.01,5.4
DET202407140,DET,LAN,0,3,faeda001,ramiy002,,5.4
DET202407260,DET,MIN,0,2,montk001,lopep002,4.37,2.74
DET202407270,DET,MIN,1,2,skubt001,ryanj002,2.21,3.42
DET202407280,DET,MIN,0,0,faeda001,oberb002,,5.1
DET202407290,DET,CLE,0,3,brieb001,bibet001,6.55,4.24
DET202407300,DET,CLE,0,0,faeda001,willg004,,3.06
DET202408010,DET,KCA,0,3,montk001,lugos001,4.37,4.15
DET202408020,DET,KCA,2,0,skubt001,ragac001,2.21,4.67
DET202408030,DET,KCA,0,0,folej001,mcarj001,,
DET202408040,DET,KCA,0,0,mills001,strac001,2.74,7.71
DET202408130,DET,SEA,1,0,skubt001,kirbg001,2.21,4.21
DET202408140,DET,SEA,0,0,holtt002,snidc001,3.66,5.47
DET202408150,DET,SEA,0,1,mills001,munoa002,2.74,1.73
DET202408160,DET,NYA,0,1,brieb001,coleg001,6.55,
DET202408170,DET,NYA,1,0,montk001,rodoc001,4.37,3.09
DET202408180,DET,NYA,0,0,brieb001,leitm002,6.55,4.84
DET202408270,DET,ANA,0,1,hurtb001,cuetj001,2.43,
DET202408280,DET,ANA,0,0,maedk001,canng001,7.88,3.77
DET202408290,DET,ANA,0,0,montk001,kochj001,4.37,6.81
DET202408300,DET,BOS,0,1,mills001,jansk001,2.74,2.59
DET202408310,DET,BOS,0,1,skubt001,piven001,2.21,2.87
DET202409010,DET,BOS,0,0,hurtb001,hillr001,2.43,5.0
DET202409100,DET,COL,1,0,montk001,blalb001,4.37,9.36
DET202409110,DET,COL,6,0,holtt002,gordt002,3.66,6.33
DET202409120,DET,COL,0,0,folej001,halvs001,,4.99
DET202409130,DET,BAL,1,0,hurtb001,efliz001,2.43,5.93
DET202409140,DET,BAL,0,0,maddt001,burnc002,,2.66
DET202409150,DET,BAL,0,0,montk001,povic001,4.37,5.21
DET202409240,DET,TBA,0,0,skubt001,pepir001,2.21,3.86
DET202409250,DET,TBA,2,0,guens001,littz001,5.23,3.81
DET202409260,DET,TBA,0,0,brieb001,cleag001,6.55,2.35
DET202409270,DET,CHA,0,0,hurtb001,shusj001,2.43,8.04
DET202409280,DET,CHA,0,0,brieb001,burks001,6.55,4.22
DET202409290,DET,CHA,0,0,maedk001,cannj001,7.88,5.82
HOU202403280,HOU,NYA,3,0,presr001,loaij001,4.35,4.25
HOU202403290,HOU,NYA,1,0,scott004,weavl001,7.9,3.62
HOU202403300,HOU,NYA,0,0,abreb002,strom001,2.28,6.23
HOU202403310,HOU,NYA,0,0,hadej001,burdn001,2.05,0.0
HOU202404010,HOU,TOR,3,0,blanr001,franb002,4.1,6.05
HOU202404020,HOU,TOR,0,0,hadej001,greec003,2.05,5.56
HOU202404030,HOU,TOR,0,0,javic001,bassc001,4.62,3.96
HOU202404120,HOU,TEX,1,1,franj006,dunnd001,,6.97
HOU202404130,HOU,TEX,0,2,abreb002,urenj001,2.28,4.58
HOU202404140,HOU,TEX,1,0,javic001,eovan001,4.62,1.73
HOU202404150,HOU,ATL,1,0,arris001,bumma001,5.35,3.81
HOU202404160,HOU,ATL,0,0,browh001,loper003,2.43,5.4
HOU202404170,HOU,ATL,1,0,marts003,minta001,5.4,
HOU202404300,HOU,CLE,0,3,hadej001,gaddh001,2.05,3.11
HOU202405010,HOU,CLE,0,0,dubis001,smitc009,5.08,2.93
HOU202405020,HOU,CLE,0,0,scott004,allel003,7.9,4.25
HOU202405030,HOU,SEA,0,0,marts003,speig001,5.4,2.61
HOU202405040,HOU,SEA,0,0,valdf001,gilbl002,3.66,3.44
HOU202405050,HOU,SEA,0,0,hadej001,munoa002,2.05,1.73
HOU202405130,HOU,OAK,0,0,arris001,strir001,5.35,
HOU202405140,HOU,OAK,0,0,hadej001,kellm004,2.05,3.18
HOU202405150,HOU,OAK,2,0,valdf001,brooa001,3.66,
HOU202405160,HOU,OAK,0,0,javic001,estej001,4.62,9.82
HOU202405170,HOU,MIL,0,0,browh001,peraf001,2.43,2.7
HOU202405180,HOU,MIL,0,0,verlj001,milnh001,3.85,3.84
HOU202405190,HOU,MIL,4,1,arris001,rea-c001,5.35,3.95
HOU202405200,HOU,ANA,0,1,valdf001,suarj001,3.66,1.86
HOU202405210,HOU,ANA,2,2,hadej001,estec001,2.05,2.45
HOU202405220,HOU,ANA,0,0,browh001,andet002,2.43,4.56
HOU202405310,HOU,MIN,0,0,blanr001,lopep002,4.1,2.74
HOU202406010,HOU,MIN,2,0,valdf001,ryanj002,3.66,3.42
HOU202406020,HOU,MIN,0,1,presr001,okers001,4.35,3.01
HOU202406030,HOU,SLN,0,2,montr004,romej002,4.48,2.07
HOU202406040,HOU,SLN,2,1,scott004,palla001,7.9,5.31
HOU202406050,HOU,SLN,0,0,blanr001,mikom001,4.1,4.84
HOU202406140,HOU,DET,0,0,browh001,skubt001,2.43,2.21
HOU202406150,HOU,DET,0,2,arris001,flahj002,5.35,4.64
HOU202406160,HOU,DET,1,0,blanr001,maedk001,4.1,7.88
HOU202406210,HOU,BAL,1,0,dubis001,rodrg003,5.08,
HOU202406220,HOU,BAL,0,0,blanr001,burnc002,4.1,2.66
HOU202406230,HOU,BAL,4,0,valdf001,suara001,3.66,2.31
HOU202406250,HOU,COL,5,0,browh001,gomba001,2.43,7.49
HOU202406260,HOU,COL,0,0,arris001,feltr001,5.35,4.75
HOU202407090,HOU,MIA,0,1,blanr001,brazh001,4.1,3.57
HOU202407100,HOU,MIA,1,0,valdf001,hoeib001,3.66,3.38
HOU202407110,HOU,MIA,2,1,scott004,munor001,7.9,8.18
HOU202407120,HOU,TEX,0,0,browh001,heana001,2.43,5.52
HOU202407130,HOU,TEX,1,1,scott004,robed002,7.9,4.08
HOU202407140,HOU,TEX,0,2,blanr001,sborj002,4.1,
HOU202407260,HOU,LAN,0,0,valdf001,stong001,3.66,
HOU202407270,HOU,LAN,0,0,hadej001,treib001,2.05,5.4
HOU202407280,HOU,LAN,0,0,arris001,ryanr003,5.35,
HOU202407290,HOU,PIT,0,0,hadej001,chapa001,2.05,1.17
HOU202407300,HOU,PIT,0,0,browh001,faltb001,2.43,4.45
HOU202407310,HOU,PIT,0,0,valdf001,holdc001,3.66,7.01
HOU202408020,HOU,TBA,0,2,abreb002,kellk004,2.28,5.9
HOU202408030,HOU,TBA,0,0,blanr001,littz001,4.1,3.81
HOU202408040,HOU,TBA,0,0,arris001,alext001,5.35,4.98
HOU202408160,HOU,CHA,0,0,arris001,andej005,5.35,
HOU202408170,HOU,CHA,0,1,browh001,flexc001,2.43,3.09
HOU202408180,HOU,CHA,0,0,valdf001,bushk001,3.66,
HOU202408190,HOU,BOS,0,2,hadej001,jansk001,2.05,2.59
HOU202408200,HOU,BOS,3,3,ort-k001,kellz001,4.89,4.58
HOU202408210,HOU,BOS,1,1,verlj001,wincj001,3.85,3.86
HOU202408290,HOU,KCA,0,0,presr001,ercel001,4.35,2.64
HOU202408300,HOU,KCA,0,0,hadej001,mcarj001,2.05,
HOU202408310,HOU,KCA,0,0,kikuy001,ragac001,3.99,4.67
HOU202409010,HOU,KCA,0,0,blanr001,marsa001,4.1,
HOU202409060,HOU,ARI,0,0,valdf001,pfaab001,3.66,5.25
HOU202409070,HOU,ARI,0,0,kikuy001,rodre004,3.99,5.02
HOU202409080,HOU,ARI,0,0,verlj001,ginkk001,3.85,7.36
HOU202409100,HOU,OAK,0,1,nerih001,harrh002,6.75,3.2
HOU202409110,HOU,OAK,0,0,browh001,estej001,2.43,9.82
HOU202409120,HOU,OAK,0,0,presr001,mcfat001,4.35,
HOU202409190,HOU,ANA,0,1,abreb002,millr004,2.28,
HOU202409200,HOU,ANA,0,0,nerih001,andet002,6.75,4.56
HOU202409210,HOU,ANA,1,0,blanr001,detmr001,4.1,3.96
HOU202409220,HOU,ANA,0,0,hadej001,burkb001,2.05,3.36
HOU202409230,HOU,SEA,0,0,browh001,millb004,2.43,5.68
HOU202409240,HOU,SEA,1,0,valdf001,gilbl002,3.66,3.44
HOU202409250,HOU,SEA,0,0,kikuy001,kirbg001,3.99,4.21
KCA202403280,KCA,MIN,1,1,ragac001,lopep002,4.67,2.74
KCA202403300,KCA,MIN,0,0,smitw002,jax-g001,,4.23
KCA202403310,KCA,MIN,3,0,singb001,oberb002,4.03,5.1
KCA202404040,KCA,CHA,0,0,lugos001,sorom001,4.15,4.52
KCA202404050,KCA,CHA,1,0,strac001,kopem001,7.71,2.45
KCA202404060,KCA,CHA,0,0,wachm001,flexc001,3.86,3.09
KCA202404070,KCA,CHA,0,0,schrj001,garcd003,3.8,
KCA202404090,KCA,HOU,0,1,mcarj001,suerw002,,11.37
KCA202404100,KCA,HOU,0,0,lugos001,arris001,4.15,5.35
KCA202404110,KCA,HOU,9,0,singb001,browh001,4.03,2.43
KCA202404190,KCA,BAL,0,0,marsa001,kremd001,,4.19
KCA202404200,KCA,BAL,0,0,ragac001,burnc002,4.67,2.66
KCA202404210,KCA,BAL,0,0,lugos001,irvic001,4.15,
KCA202404220,KCA,TOR,0,0,singb001,kikuy001,4.03,3.99
KCA202404230,KCA,TOR,0,0,strac001,gausk001,7.71,3.59
KCA202404240,KCA,TOR,1,0,schrj001,rodry003,3.8,3.08
KCA202404250,KCA,TOR,2,0,ragac001,berrj001,4.67,4.17
KCA202405030,KCA,TEX,0,0,schrj001,winnc001,3.8,1.51
KCA202405040,KCA,TEX,0,1,wachm001,sborj002,3.86,
KCA202405050,KCA,TEX,1,0,mcarj001,yatek001,,5.23
KCA202405060,KCA,MIL,0,0,anden001,koenj001,6.14,2.86
KCA202405070,KCA,MIL,0,0,mcarj001,koenj001,,2.86
KCA202405080,KCA,MIL,2,1,singb001,rossj002,4.03,5.12
KCA202405170,KCA,OAK,1,0,ragac001,spenm001,4.67,5.1
KCA202405180,KCA,OAK,2,0,lugos001,strir001,4.15,
KCA202405190,KCA,OAK,2,0,singb001,searj001,4.03,5.04
KCA202405200,KCA,DET,0,0,wachm001,olsor001,3.86,3.15
KCA202405210,KCA,DET,2,0,marsa001,mizec001,,3.87
KCA202405220,KCA,DET,0,0,ragac001,skubt001,4.67,2.21
KCA202405310,KCA,SDN,0,0,schrj001,matsy001,3.8,3.98
KCA202406010,KCA,SDN,2,1,marsa001,vasqr001,,3.84
KCA202406020,KCA,SDN,0,0,kleiw001,matsy001,2.35,3.98
KCA202406070,KCA,SEA,0,7,anden001,stanr002,6.14,5.3
KCA202406080,KCA,SEA,1,1,marsa001,castl003,,3.54
KCA202406090,KCA,SEA,0,1,mcarj001,baumm001,,
KCA202406100,KCA,NYA,0,2,lugos001,rodoc001,4.15,3.09
KCA202406110,KCA,NYA,0,2,singb001,strom001,4.03,6.23
KCA202406120,KCA,NYA,0,6,altad001,potec001,2.48,16.88
KCA202406130,KCA,NYA,0,0,mcarj001,holmc001,,3.53
KCA202406240,KCA,MIA,0,0,ragac001,munor001,4.67,8.18
KCA202406250,KCA,MIA,1,0,hernc006,puk-a001,6.23,
KCA202406260,KCA,MIA,0,0,zerpa001,brazh001,4.18,3.57
KCA202406270,KCA,CLE,0,0,longs002,liveb001,5.36,3.22
KCA202406280,KCA,CLE,0,1,marsa001,mcket001,,11.12
KCA202406290,KCA,CLE,1,1,ragac001,bibet001,4.67,4.24
KCA202406300,KCA,CLE,1,0,lugos001,allel003,4.15,4.25
KCA202407020,KCA,TBA,0,0,singb001,littz001,4.03,3.81
KCA202407030,KCA,TBA,0,1,wachm001,pepir001,3.86,3.86
KCA202407040,KCA,TBA,0,2,marsa001,efliz001,,5.93
KCA202407190,KCA,CHA,1,0,wachm001,flexc001,3.86,3.09
KCA202407200,KCA,CHA,3,0,singb001,cannj001,4.03,5.82
KCA202407210,KCA,CHA,0,0,lugos001,brebj001,4.15,7.71
KCA202407220,KCA,ARI,0,0,ragac001,diazy005,4.67,9.0
KCA202407230,KCA,ARI,1,3,marsa001,montj004,,
KCA202407240,KCA,ARI,0,0,mcarj001,mantj002,,15.83
KCA202407260,KCA,CHN,0,0,singb001,hendk001,4.03,4.76
KCA202407270,KCA,CHN,0,2,lugos001,merrj001,4.15,5.79
KCA202407280,KCA,CHN,2,0,ragac001,assaj001,4.67,3.65
KCA202408050,KCA,BOS,0,0,singb001,paxtj001,4.03,
KCA202408060,KCA,BOS,1,0,lugos001,bernb001,4.15,3.14
KCA202408070,KCA,BOS,1,0,ragac001,crawk001,4.67,
KCA202408090,KCA,SLN,0,2,smitw002,libem001,,4.21
KCA202408100,KCA,SLN,0,0,wachm001,fernr001,3.86,7.71
KCA202408190,KCA,ANA,0,0,lugos001,fulmc001,4.15,5.83
KCA202408200,KCA,ANA,0,0,ragac001,andet002,4.67,4.56
KCA202408210,KCA,ANA,0,0,lorem002,cuetj001,4.64,
KCA202408230,KCA,PHI,1,0,wachm001,walkt004,3.86,4.08
KCA202408240,KCA,PHI,0,0,singb001,suarr001,4.03,3.2
KCA202408250,KCA,PHI,0,0,lugos001,allak001,4.15,2.63
KCA202409020,KCA,CLE,0,0,wachm001,willg004,3.86,3.06
KCA202409030,KCA,CLE,0,0,singb001,bibet001,4.03,4.24
KCA202409040,KCA,CLE,0,0,lugos001,liveb001,4.15,3.22
KCA202409060,KCA,MIN,0,0,ragac001,mattz001,4.67,5.56
KCA202409070,KCA,MIN,0,0,lyncd001,duraj002,3.06,2.06
KCA202409080,KCA,MIN,0,0,wachm001,woods002,3.86,4.04
KCA202409160,KCA,DET,0,0,longs002,hanib001,5.36,3.0
KCA202409170,KCA,DET,0,1,ercel001,holtt002,2.64,3.66
KCA202409180,KCA,DET,1,0,marsa001,skubt001,,2.21
KCA202409200,KCA,SFN,0,1,wachm001,blacm001,3.86,6.75
KCA202409210,KCA,SFN,0,1,singb001,roupl001,4.03,3.8
KCA202409220,KCA,SFN,0,0,lugos001,snelb001,4.15,2.35
LAN202403210,LAN,SDN,1,5,yamay001,kingm002,2.49,3.44
LAN202403280,LAN,SLN,2,0,glast001,mikom001,3.19,4.84
LAN202403290,LAN,SLN,1,0,millb005,thomz002,12.6,
LAN202403300,LAN,SLN,0,0,hurtk001,helsr001,,4.5
LAN202403310,LAN,SLN,0,0,crisn001,kingj002,3.71,4.66
LAN202404010,LAN,SFN,1,0,paxtj001,winnk001,,4.5
LAN202404020,LAN,SFN,1,0,yarbr001,webbl001,4.36,3.22
LAN202404030,LAN,SFN,0,0,glast001,harrk001,3.19,4.04
LAN202404120,LAN,SDN,1,2,vesia001,suarr002,3.02,2.97
LAN202404130,LAN,SDN,0,0,stong001,cosgt001,,2.25
LAN202404140,LAN,SDN,0,0,feyej001,matsy001,,3.98
LAN202404150,LAN,WAS,1,1,glast001,parkm001,3.19,5.68
LAN202404160,LAN,WAS,1,0,yarbr001,corbp001,4.36,4.4
LAN202404170,LAN,WAS,0,2,knacl001,irvij001,4.89,5.7
LAN202404190,LAN,NYN,0,0,hudsd001,garrr001,,3.9
LAN202404200,LAN,NYN,1,1,yarbr001,tonkm001,4.36,4.88
LAN202404210,LAN,NYN,0,0,glast001,housa001,3.19,3.31
LAN202405030,LAN,ATL,0,1,grovm001,chavj001,,9.0
LAN202405040,LAN,ATL,0,0,glast001,eldeb001,3.19,5.3
LAN202405050,LAN,ATL,2,0,paxtj001,friem001,,2.86
LAN202405060,LAN,MIA,3,2,yarbr001,munor001,4.36,8.18
LAN202405070,LAN,MIA,4,1,yamay001,cabre003,2.49,3.53
LAN202405080,LAN,MIA,1,0,stong001,weatr001,,3.99
LAN202405160,LAN,CIN,0,2,glast001,martn002,3.19,4.45
LAN202405170,LAN,CIN,1,0,grovm001,cruzf002,,3.56
LAN202405180,LAN,CIN,0,0,buehw001,ashcg001,4.93,3.99
LAN202405190,LAN,CIN,0,0,banda001,diaza004,3.18,8.15
LAN202405200,LAN,ARI,0,0,yamay001,ceccs001,2.49,4.3
LAN202405210,LAN,ARI,0,0,stong001,pfaab001,,5.25
LAN202405220,LAN,ARI,0,0,glast001,nelsr003,3.19,3.39
LAN202405310,LAN,COL,0,0,buehw001,hudsd002,4.93,
LAN202406010,LAN,COL,0,0,yamay001,quanc001,2.49,6.04
LAN202406020,LAN,COL,2,0,stong001,gomba001,,7.49
LAN202406110,LAN,TEX,3,0,paxtj001,dunnd001,,6.97
LAN202406120,LAN,TEX,1,0,buehw001,latzj001,4.93,2.84
LAN202406130,LAN,TEX,0,2,grovm001,lorem002,,4.64
LAN202406140,LAN,KCA,0,0,hudsd001,smitw002,,
LAN202406150,LAN,KCA,0,0,treib001,lugos001,5.4,4.15
LAN202406160,LAN,KCA,0,0,glast001,singb001,3.19,4.03
LAN202406210,LAN,ANA,0,0,banda001,garcl005,3.18,3.52
LAN202406220,LAN,ANA,0,0,glast001,plesz001,3.19,
LAN202407020,LAN,ARI,1,0,phile001,sewap001,0.0,4.58
LAN202407030,LAN,ARI,4,1,yarbr001,jarvb001,4.36,5.73
LAN202407040,LAN,ARI,0,2,knacl001,martj011,4.89,4.11
LAN202407050,LAN,MIL,1,0,hudsd001,pegue001,,6.75
LAN202407060,LAN,MIL,3,1,phile001,hudsb001,0.0,4.8
LAN202407070,LAN,MIL,0,0,wrobj001,junij001,4.32,2.97
LAN202407190,LAN,BOS,0,0,yarbr001,bernb001,4.36,3.14
LAN202407200,LAN,BOS,0,0,treib001,weisg001,5.4,2.82
LAN202407210,LAN,BOS,2,2,paxtj001,crawk001,,
LAN202407220,LAN,SFN,0,0,treib001,mille002,5.4,1.5
LAN202407230,LAN,SFN,2,0,knacl001,hickj002,4.89,6.95
LAN202407240,LAN,SFN,1,0,glast001,ray-r002,3.19,3.65
LAN202407250,LAN,SFN,0,0,treib001,roget002,5.4,1.98
LAN202408050,LAN,PHI,0,0,glast001,nolaa001,3.19,6.01
LAN202408060,LAN,PHI,0,0,kersc001,sancc002,3.36,2.5
LAN202408070,LAN,PHI,2,1,vesia001,philt002,3.02,2.78
LAN202408090,LAN,PIT,1,0,flahj002,kellm003,4.64,4.19
LAN202408100,LAN,PIT,1,0,kopem001,skenp001,2.45,1.97
LAN202408110,LAN,PIT,2,0,phile001,bednd001,0.0,2.3
LAN202408190,LAN,SEA,0,0,stong001,woo-b001,,2.94
LAN202408200,LAN,SEA,0,2,kellj001,munoa002,,1.73
LAN202408210,LAN,SEA,0,0,flahj002,gilbl002,4.64,3.44
LAN202408230,LAN,TBA,0,1,kopem001,rodrm001,2.45,2.08
LAN202408240,LAN,TBA,0,4,kellj001,rodrm001,,2.08
LAN202408250,LAN,TBA,0,0,treib001,lover001,5.4,8.49
LAN202408270,LAN,BAL,0,0,flahj002,bowmm001,4.64,6.2
LAN202408280,LAN,BAL,1,0,banda001,burnc002,3.18,2.66
LAN202408290,LAN,BAL,0,0,millb005,povic001,12.6,5.21
LAN202409060,LAN,CLE,0,0,knacl001,boydm001,4.89,3.21
LAN202409070,LAN,CLE,6,0,honeb001,willg004,,3.06
LAN202409080,LAN,CLE,0,0,flahj002,bibet001,4.64,4.24
LAN202409090,LAN,CHN,0,3,buehw001,thomk002,4.93,
LAN202409100,LAN,CHN,0,0,phile001,imans001,0.0,3.73
LAN202409110,LAN,CHN,5,2,vesia001,armss001,3.02,2.31
LAN202409200,LAN,COL,0,0,vesia001,freek001,3.02,4.98
LAN202409210,LAN,COL,0,1,buehw001,vodnv001,4.93,3.02
LAN202409220,LAN,COL,0,3,treib001,halvs001,5.4,4.99
LAN202409240,LAN,SDN,1,0,knacl001,kingm002,4.89,3.44
LAN202409250,LAN,SDN,1,0,vesia001,estrj002,3.02,3.45
LAN202409260,LAN,SDN,0,0,banda001,scott003,3.18,4.74
MIA202403280,MIA,PIT,0,0,crond001,ortil003,,
MIA202403290,MIA,PIT,0,0,puk-a001,ryanr002,,
MIA202403300,MIA,PIT,0,0,weatr001,jonej008,3.99,
MIA202403310,MIA,PIT,5,0,scott003,bednd001,4.74,2.3
MIA202404010,MIA,ANA,4,0,scott003,cimba001,4.74,
MIA202404020,MIA,ANA,0,0,luzaj001,andet002,3.92,4.56
MIA202404030,MIA,ANA,0,2,puk-a001,sandp002,,
MIA202404120,MIA,ATL,0,1,roget003,friem001,1.81,2.86
MIA202404130,MIA,ATL,1,0,meyem001,salec001,4.73,2.58
MIA202404140,MIA,ATL,0,0,scott003,minta001,4.74,
MIA202404150,MIA,SFN,0,0,sorig001,harrk001,8.35,4.04
MIA202404160,MIA,SFN,0,0,weatr001,walkr001,3.99,4.11
MIA202404170,MIA,SFN,0,0,crond001,winnk001,,4.5
MIA202404260,MIA,WAS,0,0,faucc001,law-d001,3.28,
MIA202404270,MIA,WAS,1,0,cabre003,barnj002,3.53,9.0
MIA202404280,MIA,WAS,6,0,benda001,law-d001,2.16,
MIA202404290,MIA,WAS,0,0,roget003,irvij001,1.81,5.7
MIA202404300,MIA,COL,0,5,scott003,beekj001,4.74,3.77
MIA202405010,MIA,COL,0,0,munor001,hudsd002,8.18,
MIA202405020,MIA,COL,2,0,smitb005,lawrj002,,0.51
MIA202405100,MIA,PHI,0,0,roget003,suarr001,1.81,3.2
MIA202405110,MIA,PHI,0,0,luzaj001,walkt004,3.92,4.08
MIA202405120,MIA,PHI,0,3,benda001,sotog003,2.16,4.18
MIA202405170,MIA,NYN,0,0,luzaj001,scotc001,3.92,
MIA202405180,MIA,NYN,0,2,scott003,lopej004,4.74,6.57
MIA202405190,MIA,NYN,0,4,sancs001,manas001,,5.64
MIA202405200,MIA,MIL,0,0,scott003,whitm004,4.74,
MIA202405210,MIA,MIL,0,1,puk-a001,myert001,,3.55
MIA202405220,MIA,MIL,1,0,luzaj001,peraf001,3.92,2.7
MIA202405310,MIA,TEX,0,0,crond001,urenj001,,4.58
MIA202406010,MIA,TEX,0,0,weatr001,lorem002,3.99,4.64
MIA202406020,MIA,TEX,0,3,roget003,heana001,1.81,5.52
MIA202406040,MIA,TBA,3,0,luzaj001,pepir001,3.92,3.86
MIA202406050,MIA,TBA,2,3,garrb001,lover001,,8.49
MIA202406070,MIA,CLE,0,0,scott003,smitc009,4.74,2.93
MIA202406080,MIA,CLE,0,1,munor001,liveb001,8.18,3.22
MIA202406090,MIA,CLE,0,0,puk-a001,sandn001,,2.2
MIA202406170,MIA,SLN,0,0,puk-a001,kitta001,,3.4
MIA202406180,MIA,SLN,3,2,faucc001,roycc001,3.28,7.84
MIA202406190,MIA,SLN,2,0,scott003,fernr001,4.74,7.71
MIA202406210,MIA,SEA,0,1,benda001,votha001,2.16,
MIA202406220,MIA,SEA,0,2,andes002,gilbl002,10.32,3.44
MIA202406230,MIA,SEA,4,0,puk-a001,millb004,,5.68
MIA202407020,MIA,BOS,0,2,bellv001,crawk001,4.65,
MIA202407030,MIA,BOS,1,0,roget003,bellb002,1.81,3.35
MIA202407040,MIA,BOS,0,1,andrm001,kellz001,,4.58
MIA202407050,MIA,CHA,0,0,hoeib001,thord001,3.38,
MIA202407060,MIA,CHA,0,1,brazh001,sorom001,3.57,4.52
MIA202407070,MIA,CHA,0,0,charj001,kopem001,,2.45
MIA202407190,MIA,NYN,0,0,benda001,manas001,2.16,5.64
MIA202407200,MIA,NYN,0,0,munor001,sevel001,8.18,4.54
MIA202407210,MIA,NYN,0,0,crond001,scotc001,,
MIA202407220,MIA,NYN,0,0,chiry001,peted003,,4.22
MIA202407230,MIA,BAL,0,1,puk-a001,suara001,,2.31
MIA202407240,MIA,BAL,0,0,narda001,webbj002,,3.0
MIA202407250,MIA,BAL,0,1,faucc001,canoy001,3.28,5.12
MIA202408050,MIA,CIN,0,2,munor001,martn002,8.18,4.45
MIA202408060,MIA,CIN,0,0,meyem001,lodon001,4.73,3.33
MIA202408070,MIA,CIN,5,0,bellv001,abboa001,4.65,2.87
MIA202408080,MIA,CIN,0,2,ramie006,farmb001,,
MIA202408090,MIA,SDN,0,0,degeb001,adamj002,4.5,1.93
MIA202408100,MIA,SDN,0,1,mcmij001,suarr002,,2.97
MIA202408110,MIA,SDN,2,0,meyem001,ceasd001,4.73,4.55
MIA202408190,MIA,ARI,0,0,ollea001,pfaab001,,5.25
MIA202408200,MIA,ARI,0,1,cabre003,rodre004,3.53,5.02
MIA202408210,MIA,ARI,2,1,narda001,flord002,,
MIA202408230,MIA,CHN,0,0,degeb001,hodgp001,4.5,6.27
MIA202408240,MIA,CHN,0,1,bellv001,imans001,4.65,3.73
MIA202408250,MIA,CHN,2,0,ollea001,assaj001,,3.65
MIA202409030,MIA,WAS,0,0,meyem001,corbp001,4.73,4.4
MIA202409040,MIA,WAS,0,0,mcmij001,law-d001,,
MIA202409050,MIA,PHI,0,1,ollea001,suarr001,,3.2
MIA202409060,MIA,PHI,0,3,kitca001,wheez001,,2.71
MIA202409070,MIA,PHI,2,1,mcmij001,nolaa001,,6.01
MIA202409080,MIA,PHI,2,0,cabre003,johns003,3.53,4.26
MIA202409170,MIA,LAN,2,0,venea001,grovm001,4.68,
MIA202409180,MIA,LAN,0,0,weatr001,knacl001,3.99,4.89
MIA202409190,MIA,LAN,0,1,cabre003,flahj002,3.53,4.64
MIA202409200,MIA,ATL,3,0,bellv001,mortc002,4.65,5.83
MIA202409210,MIA,ATL,1,0,bachl001,friem001,3.93,2.86
MIA202409220,MIA,ATL,0,1,crond001,johnp001,,3.05
MIL202404020,MIL,MIN,0,0,pegue001,varll001,6.75,
MIL202404030,MIL,MIN,0,0,payaj001,duard001,6.84,
MIL202404050,MIL,SEA,0,0,uriba001,munoa002,1.67,1.73
MIL202404060,MIL,SEA,0,0,halld004,millb004,3.49,5.68
MIL202404070,MIL,SEA,3,1,rea-c001,hance001,3.95,4.9
MIL202404150,MIL,SDN,1,0,rossj002,musgj001,5.12,
MIL202404160,MIL,SDN,1,4,milew001,ceasd001,6.75,4.55
MIL202404170,MIL,SDN,0,0,uriba001,kingm002,1.67,3.44
MIL202404260,MIL,NYA,0,1,koenj001,tonkm001,2.86,4.88
MIL202404270,MIL,NYA,1,3,rossj002,rodoc001,5.12,3.09
MIL202404280,MIL,NYA,0,1,uriba001,marir001,1.67,0.84
MIL202404290,MIL,TBA,0,1,wilsb003,pepir001,6.65,3.86
MIL202404300,MIL,TBA,1,0,peraf001,alext001,2.7,4.98
MIL202405010,MIL,TBA,0,0,rea-c001,efliz001,3.95,5.93
MIL202405090,MIL,SLN,3,0,koenj001,grays001,2.86,4.28
MIL202405100,MIL,SLN,0,0,gassr001,lynnl001,3.18,
MIL202405110,MIL,SLN,0,0,milnh001,kitta001,3.84,3.4
MIL202405120,MIL,SLN,3,0,pegue001,mikom001,6.75,4.84
MIL202405130,MIL,PIT,0,2,rea-c001,kellm003,3.95,4.19
MIL202405140,MIL,PIT,0,0,rossj002,prieq001,5.12,3.32
MIL202405150,MIL,PIT,0,0,gassr001,perem004,3.18,3.54
MIL202405270,MIL,CHN,0,0,hudsb001,leitm002,4.8,4.84
MIL202405280,MIL,CHN,0,0,megit001,nerih001,2.49,6.75
MIL202405290,MIL,CHN,2,0,koenj001,imans001,2.86,3.73
MIL202405300,MIL,CHN,0,1,hudsb001,littl001,4.8,3.38
MIL202405310,MIL,CHA,0,0,paree003,sorom001,,4.52
MIL202406010,MIL,CHA,0,0,milnh001,kopem001,3.84,2.45
MIL202406020,MIL,CHA,0,2,peraf001,nastn001,2.7,
MIL202406100,MIL,TOR,0,0,rea-c001,berrj001,3.95,4.17
MIL202406110,MIL,TOR,0,0,rodrc003,kikuy001,6.52,3.99
MIL202406120,MIL,TOR,0,1,myert001,pop-z001,3.55,14.85
MIL202406140,MIL,CIN,0,0,peraf001,greeh001,2.7,2.76
MIL202406150,MIL,CIN,0,0,wilsb003,abboa001,6.65,2.87
MIL202406160,MIL,CIN,0,1,rea-c001,simsl001,3.95,13.86
MIL202406240,MIL,TEX,0,0,pegue001,latzj001,6.75,2.84
MIL202406250,MIL,TEX,0,1,wilsb003,heana001,6.65,5.52
MIL202406260,MIL,TEX,0,0,koenj001,latzj001,2.86,2.84
MIL202406280,MIL,CHN,0,0,rea-c001,tailj001,3.95,3.68
MIL202406290,MIL,CHN,0,2,payaj001,littl001,6.84,3.38
MIL202406300,MIL,CHN,0,1,peraf001,hendk001,2.7,4.76
MIL202407090,MIL,PIT,0,0,rea-c001,prieq001,3.95,3.32
MIL202407100,MIL,PIT,2,0,myert001,perem004,3.55,3.54
MIL202407110,MIL,PIT,0,0,civaa001,skenp001,4.85,1.97
MIL202407120,MIL,WAS,0,1,peraf001,garcr008,2.7,2.95
MIL202407130,MIL,WAS,5,0,megit001,law-d001,2.49,
MIL202407140,MIL,WAS,1,0,rea-c001,irvij001,3.95,5.7
MIL202407260,MIL,MIA,0,3,peraf001,roget003,2.7,1.81
MIL202407270,MIL,MIA,0,0,koenj001,hoeib001,2.86,3.38
MIL202407280,MIL,MIA,2,1,junij001,tylek001,2.97,
MIL202407290,MIL,ATL,0,0,milnh001,chavj001,3.84,9.0
MIL202407300,MIL,ATL,0,0,rossj002,eldeb001,5.12,5.3
MIL202407310,MIL,ATL,2,0,koenj001,johnp001,2.86,3.05
MIL202408090,MIL,CIN,3,0,civaa001,spiec001,4.85,6.08
MIL202408100,MIL,CIN,0,0,payaj001,santt001,6.84,2.44
MIL202408110,MIL,CIN,0,0,rossj002,farmb001,5.12,
MIL202408120,MIL,LAN,0,0,peraf001,kersc001,2.7,3.36
MIL202408130,MIL,LAN,0,0,rea-c001,stong001,3.95,
MIL202408140,MIL,LAN,0,3,payaj001,honeb001,6.84,
MIL202408150,MIL,LAN,3,0,hudsb001,hudsd001,4.8,
MIL202408160,MIL,CLE,3,0,civaa001,willg004,4.85,3.06
MIL202408170,MIL,CLE,1,0,peraf001,bibet001,2.7,4.24
MIL202408180,MIL,CLE,1,0,rea-c001,liveb001,3.95,3.22
MIL202408270,MIL,SFN,0,0,payaj001,dovac001,6.84,3.58
MIL202408280,MIL,SFN,0,0,peraf001,harrk001,2.7,4.04
MIL202408290,MIL,SFN,0,0,civaa001,birdh001,4.85,4.8
MIL202409020,MIL,SLN,3,0,peraf001,palla001,2.7,5.31
MIL202409030,MIL,SLN,0,2,pegue001,helsr001,6.75,4.5
MIL202409040,MIL,SLN,0,2,payaj001,kitta001,6.84,3.4
MIL202409060,MIL,COL,0,0,montf001,feltr001,6.28,4.75
MIL202409070,MIL,COL,2,0,myert001,blact002,3.55,
MIL202409080,MIL,COL,1,0,peraf001,freek001,2.7,4.98
MIL202409160,MIL,PHI,0,0,civaa001,suarr001,4.85,3.2
MIL202409170,MIL,PHI,0,0,montf001,wheez001,6.28,2.71
MIL202409180,MIL,PHI,0,0,willd004,estec001,4.79,2.45
MIL202409190,MIL,ARI,0,0,myert001,pfaab001,3.55,5.25
MIL202409200,MIL,ARI,0,1,halld004,gallz001,3.49,4.83
MIL202409210,MIL,ARI,0,2,civaa001,kellm002,4.85,3.52
MIL202409220,MIL,ARI,0,1,koenj001,martj011,2.86,4.11
MIL202409270,MIL,NYN,4,0,rossj002,manas001,5.12,5.64
MIL202409280,MIL,NYN,0,0,myert001,quinj001,3.55,3.96
MIL202409290,MIL,NYN,0,1,rea-c001,peted003,3.95,4.22
MIN202404040,MIN,CLE,0,0,lopep002,bibet001,2.74,4.24
MIN202404060,MIN,CLE,1,0,ryanj002,sandn001,3.42,2.2
MIN202404080,MIN,LAN,0,1,jackj001,paxtj001,,
MIN202404090,MIN,LAN,0,0,varll001,glast001,,3.19
MIN202404100,MIN,LAN,1,1,fundk001,vesia001,3.51,3.02
MIN202404190,MIN,DET,2,1,thiec001,chafa001,2.64,2.41
MIN202404200,MIN,DET,0,0,oberb002,olsor001,5.1,3.15
MIN202404210,MIN,DET,0,2,varll001,mizec001,,3.87
MIN202404220,MIN,CHA,2,0,paddc001,cannj001,5.35,5.82
MIN202404230,MIN,CHA,1,0,jackj001,wilss002,,3.42
MIN202404240,MIN,CHA,0,0,ryanj002,crocg001,3.42,2.59
MIN202404250,MIN,CHA,0,0,sandc001,bankt001,4.5,3.07
MIN202405030,MIN,BOS,0,0,paddc001,houct001,5.35,8.04
MIN202405040,MIN,BOS,1,1,lopep002,boosc001,2.74,5.52
MIN202405050,MIN,BOS,0,0,ryanj002,bernb001,3.42,3.14
MIN202405060,MIN,SEA,0,0,jax-g001,castl003,4.23,3.54
MIN202405070,MIN,SEA,0,0,alcaj001,stanr002,6.22,5.3
MIN202405080,MIN,SEA,2,0,paddc001,kirbg001,5.35,4.21
MIN202405090,MIN,SEA,5,0,lopep002,gilbl002,2.74,3.44
MIN202405140,MIN,NYA,1,0,paddc001,rodoc001,5.35,3.09
MIN202405150,MIN,NYA,0,1,lopep002,strom001,2.74,6.23
MIN202405160,MIN,NYA,0,3,ryanj002,schmc002,3.42,3.32
MIN202405240,MIN,TEX,0,2,oberb002,urenj001,5.1,4.58
MIN202405250,MIN,TEX,1,0,sandc001,robed002,4.5,4.08
MIN202405260,MIN,TEX,0,0,lopep002,latzj001,2.74,2.84
MIN202405270,MIN,KCA,0,0,ryanj002,marsa001,3.42,
MIN202405280,MIN,KCA,2,0,woods002,ragac001,4.04,4.67
MIN202405290,MIN,KCA,0,0,oberb002,lugos001,5.1,4.15
MIN202405300,MIN,KCA,0,2,thiec001,strac001,2.64,7.71
MIN202406100,MIN,COL,0,0,paddc001,hudsd002,5.35,
MIN202406110,MIN,COL,0,0,thiec001,quanc001,2.64,6.04
MIN202406120,MIN,COL,5,1,lopep002,gomba001,2.74,7.49
MIN202406130,MIN,OAK,0,0,ryanj002,medil002,3.42,
MIN202406140,MIN,OAK,0,4,duraj002,alexs001,2.06,6.11
MIN202406161,MIN,OAK,3,0,oberb002,searj001,5.1,5.04
MIN202406162,MIN,OAK,2,0,stauj001,jimed002,,
MIN202406180,MIN,TBA,0,3,duraj002,fairp001,2.06,2.83
MIN202406190,MIN,TBA,0,0,alcaj001,adamj002,6.22,1.93
MIN202406200,MIN,TBA,0,0,jax-g001,fairp001,4.23,2.83
MIN202407020,MIN,DET,0,0,alcaj001,vestw001,6.22,3.01
MIN202407030,MIN,DET,0,0,festd001,montk001,5.4,4.37
MIN202407040,MIN,DET,0,1,oberb002,maedk001,5.1,7.88
MIN202407050,MIN,HOU,0,0,lopep002,kingb001,2.74,2.78
MIN202407060,MIN,HOU,2,0,ryanj002,browh001,3.42,2.43
MIN202407070,MIN,HOU,0,0,duraj002,hadej001,2.06,2.05
MIN202407200,MIN,MIL,0,0,okers001,junij001,3.01,2.97
MIN202407210,MIN,MIL,0,0,jax-g001,koenj001,4.23,2.86
MIN202407220,MIN,PHI,0,2,oberb002,suarr001,5.1,3.2
MIN202407230,MIN,PHI,0,0,duraj002,sotog003,2.06,4.18
MIN202407240,MIN,PHI,0,0,duraj002,sotog003,2.06,4.18
MIN202408020,MIN,CHA,2,0,ryanj002,martd006,3.42,4.1
MIN202408030,MIN,CHA,0,0,oberb002,toust001,5.1,9.0
MIN202408040,MIN,CHA,2,0,sandc001,flexc001,4.5,3.09
MIN202408091,MIN,CLE,1,0,oberb002,cantj002,5.1,3.21
MIN202408092,MIN,CLE,1,0,sandc001,cobba001,4.5,
MIN202408100,MIN,CLE,0,1,woods002,willg004,4.04,3.06
MIN202408110,MIN,CLE,0,0,thiec001,bibet001,2.64,4.24
MIN202408120,MIN,KCA,0,1,lopep002,singb001,2.74,4.03
MIN202408130,MIN,KCA,3,0,mattz001,lugos001,5.56,4.15
MIN202408140,MIN,KCA,0,0,varll001,ragac001,,4.67
MIN202408230,MIN,SLN,0,0,festd001,palla001,5.4,5.31
MIN202408240,MIN,SLN,0,0,lopep002,grays001,2.74,4.28
MIN202408250,MIN,SLN,1,0,duraj002,armss001,2.06,2.31
MIN202408260,MIN,ATL,1,4,oberb002,friem001,5.1,2.86
MIN202408270,MIN,ATL,0,0,duraj002,igler001,2.06,3.21
MIN202408280,MIN,ATL,0,1,festd001,salec001,5.4,2.58
MIN202408300,MIN,TOR,0,0,lopep002,gausk001,2.74,3.59
MIN202408310,MIN,TOR,0,7,mattz001,berrj001,5.56,4.17
MIN202409010,MIN,TOR,0,1,jax-g001,greec003,4.23,5.56
MIN202409090,MIN,ANA,0,2,festd001,detmr001,5.4,3.96
MIN202409100,MIN,ANA,0,0,lopep002,canng001,2.74,3.77
MIN202409110,MIN,ANA,1,1,sandc001,kochj001,4.5,6.81
MIN202409130,MIN,CIN,0,0,oberb002,aguij002,5.1,
MIN202409140,MIN,CIN,1,0,woods002,martn002,4.04,4.45
MIN202409150,MIN,CIN,0,0,sandc001,lowdr001,4.5,
MIN202409240,MIN,MIA,0,0,oberb002,weatr001,5.1,3.99
MIN202409250,MIN,MIA,0,3,jax-g001,petem001,4.23,4.0
MIN202409260,MIN,MIA,0,1,blews001,malda001,5.48,12.0
MIN202409270,MIN,BAL,0,0,lopep002,povic001,2.74,5.21
MIN202409280,MIN,BAL,0,2,mattz001,davit005,5.56,
MIN202409290,MIN,BAL,0,0,oberb002,suara001,5.1,2.31
NYA202404050,NYA,TOR,0,0,fergc001,garcy001,3.58,3.86
NYA202404060,NYA,TOR,3,0,weavl001,gausk001,3.62,3.59
NYA202404070,NYA,TOR,0,0,cousj001,franb002,,6.05
NYA202404080,NYA,MIA,0,0,cortn001,luzaj001,6.29,3.92
NYA202404090,NYA,MIA,0,0,rodoc001,puk-a001,3.09,
NYA202404100,NYA,MIA,0,0,strom001,weatr001,6.23,3.99
NYA202404190,NYA,TBA,0,0,santd003,devec001,2.18,2.16
NYA202404200,NYA,TBA,0,0,fergc001,adamj002,3.58,1.93
NYA202404210,NYA,TBA,1,0,gil-l001,civaa001,3.32,4.85
NYA202404220,NYA,OAK,0,0,gonzv001,ercel001,,2.64
NYA202404230,NYA,OAK,4,1,strom001,blacp001,6.23,6.23
NYA202404240,NYA,OAK,2,0,schmc002,boylj001,3.32,4.67
NYA202404250,NYA,OAK,0,0,cortn001,wooda002,6.29,
NYA202405030,NYA,DET,0,0,santd003,folej001,2.18,
NYA202405040,NYA,DET,1,1,schmc002,mizec001,3.32,3.87
NYA202405050,NYA,DET,1,0,gonzv001,mills001,,2.74
NYA202405070,NYA,HOU,3,1,gil-l001,verlj001,3.32,3.85
NYA202405080,NYA,HOU,2,1,rodoc001,arris001,3.09,5.35
NYA202405090,NYA,HOU,0,3,strom001,blanr001,6.23,4.1
NYA202405170,NYA,CHA,1,0,cortn001,clevm001,6.29,7.94
NYA202405180,NYA,CHA,2,1,gil-l001,kellb003,3.32,2.07
NYA202405190,NYA,CHA,0,0,rodoc001,flexc001,3.09,3.09
NYA202405200,NYA,SEA,2,0,holmc001,bazae001,3.53,2.52
NYA202405210,NYA,SEA,0,0,schmc002,woo-b001,3.32,2.94
NYA202405220,NYA,SEA,2,0,cortn001,millb004,6.29,5.68
NYA202405230,NYA,SEA,0,0,gil-l001,castl003,3.32,3.54
NYA202406040,NYA,MIN,0,0,gil-l001,oberb002,3.32,5.1
NYA202406050,NYA,MIN,4,0,rodoc001,paddc001,3.09,5.35
NYA202406060,NYA,MIN,0,1,weavl001,lopep002,3.62,2.74
NYA202406070,NYA,LAN,0,0,hamii001,grovm001,4.28,
NYA202406080,NYA,LAN,0,0,cortn001,stong001,6.29,
NYA202406090,NYA,LAN,0,0,fergc001,glast001,3.58,3.19
NYA202406180,NYA,BAL,0,0,cortn001,suara001,6.29,2.31
NYA202406190,NYA,BAL,1,1,holmc001,kimbc001,3.53,2.25
NYA202406200,NYA,BAL,0,1,gil-l001,bakeb001,3.32,4.06
NYA202406210,NYA,ATL,0,3,rodoc001,salec001,3.09,2.58
NYA202406220,NYA,ATL,2,1,strom001,mortc002,6.23,5.83
NYA202406230,NYA,ATL,0,0,cortn001,friem001,6.29,2.86
NYA202407020,NYA,CIN,0,0,gil-l001,ashcg001,3.32,3.99
NYA202407030,NYA,CIN,0,0,rodoc001,abboa001,3.09,2.87
NYA202407040,NYA,CIN,0,0,strom001,montf001,6.23,6.28
NYA202407050,NYA,BOS,0,0,kahnt001,slatj002,4.43,4.24
NYA202407060,NYA,BOS,1,0,hillt002,bernb001,3.09,3.14
NYA202407070,NYA,BOS,0,0,gil-l001,crawk001,3.32,
NYA202407190,NYA,TBA,0,0,coleg001,efliz001,,5.93
NYA202407200,NYA,TBA,0,0,cortn001,bradt002,6.29,5.05
NYA202407210,NYA,TBA,0,1,strom001,cleag001,6.23,2.35
NYA202407220,NYA,TBA,0,0,rodoc001,littz001,3.09,3.81
NYA202407230,NYA,NYN,0,0,tonkm001,quinj001,4.88,3.96
NYA202407240,NYA,NYN,1,0,coleg001,ottaa001,,
NYA202408020,NYA,TOR,2,3,strom001,littb002,6.23,3.03
NYA202408030,NYA,TOR,2,1,rodoc001,berrj001,3.09,4.17
NYA202408040,NYA,TOR,0,0,leitm002,franb002,4.84,6.05
NYA202408071,NYA,ANA,2,0,gil-l001,danid001,3.32,5.4
NYA202408072,NYA,ANA,0,0,warrw001,strih001,4.44,3.27
NYA202408080,NYA,ANA,0,1,cortn001,andet002,6.29,4.56
NYA202408101,NYA,TEX,1,0,rodoc001,eovan001,3.09,1.73
NYA202408102,NYA,TEX,0,0,weavl001,bradc003,3.62,
NYA202408110,NYA,TEX,1,0,strom001,heana001,6.23,5.52
NYA202408200,NYA,CLE,2,0,mayzt001,herrt002,3.78,4.85
NYA202408210,NYA,CLE,2,0,cortn001,cantj002,6.29,3.21
NYA202408220,NYA,CLE,0,0,coleg001,willg004,,3.06
NYA202408230,NYA,COL,0,0,rodoc001,freek001,3.09,4.98
NYA202408240,NYA,COL,0,1,warrw001,blalb001,4.44,9.36
NYA202408250,NYA,COL,2,1,strom001,gomba001,6.23,7.49
NYA202408300,NYA,SLN,0,0,strom001,fedde001,6.23,5.49
NYA202408310,NYA,SLN,0,0,warrw001,gibsk002,4.44,16.78
NYA202409010,NYA,SLN,0,0,cousj001,romej002,,2.07
NYA202409090,NYA,KCA,0,1,cousj001,mcarj001,,
NYA202409100,NYA,KCA,0,0,strom001,lugos001,6.23,4.15
NYA202409110,NYA,KCA,0,0,weavl001,bubik001,3.62,2.55
NYA202409120,NYA,BOS,1,0,holmc001,wincj001,3.53,3.86
NYA202409130,NYA,BOS,0,0,leitm002,boosc001,4.84,5.52
NYA202409140,NYA,BOS,0,0,coleg001,bellb002,,3.35
NYA202409150,NYA,BOS,0,0,rodoc001,crawk001,3.09,
NYA202409240,NYA,BAL,0,0,schmc002,kremd001,3.32,4.19
NYA202409250,NYA,BAL,0,3,strom001,webbj002,6.23,3.0
NYA202409260,NYA,BAL,0,0,coleg001,burnc002,,2.66
NYA202409270,NYA,PIT,0,0,kahnt001,mlodc001,4.43,3.55
NYA202409280,NYA,PIT,0,0,gil-l001,burrm001,3.32,3.94
NYA202409290,NYA,PIT,2,0,weavl001,holdc001,3.62,7.01
NYN202403290,NYN,MIL,0,0,quinj001,peraf001,3.96,2.7
NYN202403300,NYN,MIL,0,3,sevel001,pegue001,4.54,6.75
NYN202403310,NYN,MIL,0,1,megit002,rea-c001,3.95,3.95
NYN202404010,NYN,DET,0,0,tonkm001,folej001,4.88,
NYN202404041,NYN,DET,0,0,tonkm001,mills001,4.88,2.74
NYN202404042,NYN,DET,0,0,garrr001,faeda001,3.9,
NYN202404120,NYN,KCA,0,0,sevel001,wachm001,4.54,3.86
NYN202404130,NYN,KCA,3,1,manas001,marsa001,5.64,
NYN202404140,NYN,KCA,0,0,raleb001,strac001,2.45,7.71
NYN202404150,NYN,PIT,0,0,ottaa001,chapa001,,1.17
NYN202404160,NYN,PIT,0,0,garrr001,ortil003,3.9,
NYN202404170,NYN,PIT,0,0,sevel001,faltb001,4.54,4.45
NYN202404260,NYN,SLN,0,0,buttj001,mikom001,3.9,4.84
NYN202404270,NYN,SLN,0,4,housa001,grays001,3.31,4.28
NYN202404280,NYN,SLN,0,0,garrr001,libem001,3.9,4.21
NYN202404290,NYN,CHN,1,0,diaze006,leitm002,1.63,4.84
NYN202404300,NYN,CHN,1,0,reids001,alzoa001,,
NYN202405010,NYN,CHN,0,0,buttj001,imans001,3.9,3.73
NYN202405020,NYN,CHN,0,0,yound005,paled001,4.32,2.91
NYN202405100,NYN,ATL,0,0,quinj001,mortc002,3.96,5.83
NYN202405110,NYN,ATL,0,0,scotc001,friem001,,2.86
NYN202405120,NYN,ATL,0,0,diaze006,minta001,1.63,
NYN202405130,NYN,PHI,0,0,reids001,kerko001,,3.3
NYN202405140,NYN,PHI,0,0,buttj001,nolaa001,3.9,6.01
NYN202405240,NYN,SFN,1,0,garrr001,aviln001,3.9,
NYN202405250,NYN,SFN,0,0,reids001,jackl001,,4.06
NYN202405260,NYN,SFN,0,0,housa001,roget002,3.31,1.98
NYN202405281,NYN,LAN,0,0,lopej004,hudsd001,6.57,
NYN202405282,NYN,LAN,0,1,quinj001,stong001,3.96,
NYN202405290,NYN,LAN,0,0,ottaa001,treib001,,5.4
NYN202405300,NYN,ARI,0,0,yound005,thomr007,4.32,3.92
NYN202405310,NYN,ARI,4,3,sevel001,montj004,4.54,
NYN202406010,NYN,ARI,0,0,manas001,ginkk001,5.64,7.36
NYN202406020,NYN,ARI,0,2,diekj001,martj011,,4.11
NYN202406080,NYN,PHI,1,0,manas001,suarr001,5.64,3.2
NYN202406110,NYN,MIA,0,0,megit002,luzaj001,3.95,3.92
NYN202406120,NYN,MIA,2,0,peted003,garrb001,4.22,
NYN202406130,NYN,MIA,0,0,diaze006,scott003,1.63,4.74
NYN202406140,NYN,SDN,0,0,manas001,waldm003,5.64,7.71
NYN202406150,NYN,SDN,0,0,quinj001,mazua001,3.96,4.8
NYN202406160,NYN,SDN,4,1,megit002,ceasd001,3.95,4.55
NYN202406250,NYN,NYA,1,0,nuned003,coleg001,4.66,
NYN202406260,NYN,NYA,0,0,manas001,gil-l001,5.64,3.32
NYN202406280,NYN,HOU,1,1,nuned003,blanr001,4.66,4.1
NYN202406290,NYN,HOU,0,0,garrr001,marts003,3.9,5.4
NYN202406300,NYN,HOU,0,0,festm001,scott004,4.12,7.9
NYN202407090,NYN,WAS,0,0,quinj001,irvij001,3.96,5.7
NYN202407100,NYN,WAS,1,0,sevel001,corbp001,4.54,4.4
NYN202407110,NYN,WAS,0,0,peted003,gorem001,4.22,4.17
NYN202407120,NYN,COL,0,0,manas001,gordt002,5.64,6.33
NYN202407130,NYN,COL,0,0,buttj001,feltr001,3.9,4.75
NYN202407140,NYN,COL,0,2,quinj001,lawrj002,3.96,0.51
NYN202407250,NYN,ATL,0,0,matop002,johnp001,2.79,3.05
NYN202407260,NYN,ATL,0,0,sengk001,mortc002,3.02,5.83
NYN202407270,NYN,ATL,0,0,megit002,schws001,3.95,3.09
NYN202407280,NYN,ATL,0,0,peted003,lee-d005,4.22,3.29
NYN202407290,NYN,MIN,0,1,quinj001,woods002,3.96,4.04
NYN202407300,NYN,MIN,0,0,manas001,festd001,5.64,5.4
NYN202407310,NYN,MIN,0,0,sevel001,lopep002,4.54,2.74
NYN202408130,NYN,OAK,0,3,blacp001,adama002,6.23,
NYN202408140,NYN,OAK,0,0,peted003,estej001,4.22,9.82
NYN202408150,NYN,OAK,0,0,garrr001,fergt001,3.9,4.66
NYN202408160,NYN,MIA,1,0,manas001,munor001,5.64,8.18
NYN202408170,NYN,MIA,1,0,sevel001,meyem001,4.54,4.73
NYN202408180,NYN,MIA,0,0,garrr001,narda001,3.9,
NYN202408190,NYN,BAL,2,0,diaze006,domis001,1.63,3.16
NYN202408200,NYN,BAL,0,2,quinj001,kremd001,3.96,4.19
NYN202408210,NYN,BAL,0,0,diaze006,domis001,1.63,3.16
NYN202409020,NYN,BOS,0,0,sevel001,bellb002,4.54,3.35
NYN202409030,NYN,BOS,0,0,peted003,crawk001,4.22,
NYN202409040,NYN,BOS,4,0,yound005,houct001,4.32,8.04
NYN202409060,NYN,CIN,2,0,buttj001,wilsj004,3.9,3.35
NYN202409070,NYN,CIN,0,0,quinj001,molls001,3.96,6.38
NYN202409080,NYN,CIN,0,0,matop002,farmb001,2.79,
NYN202409160,NYN,WAS,0,0,garrr001,barnj002,3.9,9.0
NYN202409170,NYN,WAS,0,0,megit002,parkm001,3.95,5.68
NYN202409180,NYN,WAS,0,0,quinj001,herzd001,3.96,
NYN202409190,NYN,PHI,2,0,sevel001,walkt004,4.54,4.08
NYN202409200,NYN,PHI,2,0,peted003,sancc002,4.22,2.5
NYN202409210,NYN,PHI,0,1,manas001,kerko001,5.64,3.3
NYN202409220,NYN,PHI,0,1,matop002,wheez001,2.79,2.71
OAK202403280,OAK,CLE,0,0,wooda002,biebs001,,3.57
OAK202403290,OAK,CLE,0,3,strir001,allel003,,4.25
OAK202403300,OAK,CLE,0,0,searj001,sandn001,5.04,2.2
OAK202403310,OAK,CLE,2,0,jimed002,barls001,,4.21
OAK202404010,OAK,BOS,0,1,boylj001,houct001,4.67,8.04
OAK202404020,OAK,BOS,0,1,spenm001,wincj001,5.1,3.86
OAK202404030,OAK,BOS,0,0,strir001,piven001,,2.87
OAK202404120,OAK,WAS,0,0,kellm004,finnk001,3.18,3.47
OAK202404130,OAK,WAS,0,0,boylj001,gorem001,4.67,4.17
OAK202404140,OAK,WAS,0,0,spenm001,law-d001,5.1,
OAK202404150,OAK,SLN,0,1,strir001,grays001,,4.28
OAK202404160,OAK,SLN,0,0,jimed002,lynnl001,,
OAK202404170,OAK,SLN,0,0,blacp001,matzs001,6.23,3.05
OAK202404290,OAK,PIT,1,1,boylj001,faltb001,4.67,4.45
OAK202404300,OAK,PIT,0,1,spenm001,kellm003,5.1,4.19
OAK202405010,OAK,PIT,0,0,strir001,prieq001,,3.32
OAK202405030,OAK,MIA,0,0,searj001,weatr001,5.04,3.99
OAK202405040,OAK,MIA,0,0,blacp001,roget003,6.23,1.81
OAK202405050,OAK,MIA,0,4,boylj001,smitb005,4.67,
OAK202405060,OAK,TEX,0,0,ercel001,leclj001,2.64,6.0
OAK202405070,OAK,TEX,0,1,strir001,urenj001,,4.58
OAK202405081,OAK,TEX,0,1,searj001,lorem002,5.04,4.64
OAK202405082,OAK,TEX,0,0,bidoo001,robed002,5.87,4.08
OAK202405210,OAK,COL,0,2,ercel001,kinlt001,2.64,3.96
OAK202405220,OAK,COL,0,2,mullk001,mearn001,,3.49
OAK202405230,OAK,COL,0,2,bielb001,lambp001,,
OAK202405240,OAK,HOU,1,0,strir001,verlj001,,3.85
OAK202405250,OAK,HOU,2,0,searj001,arris001,5.04,5.35
OAK202405260,OAK,HOU,0,0,brooa001,blanr001,,4.1
OAK202406040,OAK,SEA,0,0,spenm001,kirbg001,5.1,4.21
OAK202406050,OAK,SEA,0,0,estej001,gilbl002,9.82,3.44
OAK202406060,OAK,SEA,0,0,searj001,woo-b001,5.04,2.94
OAK202406070,OAK,TOR,0,0,millm004,greec003,2.63,5.56
OAK202406080,OAK,TOR,0,1,medil002,gausk001,,3.59
OAK202406090,OAK,TOR,0,0,adama002,garcy001,,3.86
OAK202406180,OAK,KCA,2,0,harrh002,marsa001,3.2,
OAK202406190,OAK,KCA,0,0,medil002,ragac001,,4.67
OAK202406200,OAK,KCA,0,0,nittv001,mcarj001,,
OAK202406210,OAK,MIN,1,1,newcs001,duraj002,2.73,2.06
OAK202406220,OAK,MIN,1,1,searj001,oberb002,5.04,5.1
OAK202406230,OAK,MIN,0,0,harrh002,lopep002,3.2,2.74
OAK202407020,OAK,ANA,0,0,spenm001,sorij002,5.1,4.26
OAK202407030,OAK,ANA,0,0,estej001,danid001,9.82,5.4
OAK202407040,OAK,ANA,0,0,searj001,contr001,5.04,5.68
OAK202407050,OAK,BAL,1,1,harrh002,suara001,3.2,2.31
OAK202407060,OAK,BAL,3,0,medil002,povic001,,5.21
OAK202407070,OAK,BAL,0,4,spenm001,rodrg003,5.1,
OAK202407190,OAK,ANA,0,0,searj001,canng001,5.04,3.77
OAK202407200,OAK,ANA,3,0,spenm001,kochj001,5.1,6.81
OAK202407210,OAK,ANA,0,0,ercel001,garcl005,2.64,3.52
OAK202407220,OAK,HOU,0,0,harrh002,arris001,3.2,5.35
OAK202407230,OAK,HOU,2,0,bidoo001,blosj001,5.87,
OAK202407240,OAK,HOU,1,1,searj001,browh001,5.04,2.43
OAK202408020,OAK,LAN,0,2,estej001,stong001,9.82,
OAK202408030,OAK,LAN,0,0,spenm001,flahj002,5.1,4.64
OAK202408040,OAK,LAN,2,2,bidoo001,vesia001,5.87,3.02
OAK202408050,OAK,CHA,1,0,searj001,bushk001,5.04,
OAK202408060,OAK,CHA,0,0,strir001,cannj001,,5.82
OAK202408070,OAK,CHA,0,0,mcfat001,toust001,,9.0
OAK202408170,OAK,SFN,0,0,bidoo001,birdh001,5.87,4.8
OAK202408180,OAK,SFN,0,0,jimed002,walkr001,,4.11
OAK202408190,OAK,TBA,2,0,boylj001,bradt002,4.67,5.05
OAK202408200,OAK,TBA,0,0,estej001,baz-s001,9.82,4.87
OAK202408210,OAK,TBA,1,0,spenm001,pepir001,5.1,3.86
OAK202408220,OAK,TBA,0,0,bidoo001,sprij001,5.87,4.11
OAK202408230,OAK,MIL,1,0,searj001,hudsb001,5.04,4.8
OAK202408240,OAK,MIL,1,0,boylj001,rea-c001,4.67,3.95
OAK202408250,OAK,MIL,0,0,estej001,montf001,9.82,6.28
OAK202409020,OAK,SEA,0,2,fergt001,votha001,4.66,
OAK202409030,OAK,SEA,1,2,harrh002,thort002,3.2,4.68
OAK202409040,OAK,SEA,1,0,searj001,kirbg001,5.04,4.21
OAK202409050,OAK,SEA,0,2,estej001,woo-b001,9.82,2.94
OAK202409060,OAK,DET,0,0,holmg002,brieb001,5.09,6.55
OAK202409070,OAK,DET,0,0,mcfat001,hurtb001,,2.43
OAK202409080,OAK,DET,0,0,ginnj001,maddt001,,
OAK202409200,OAK,NYA,0,0,mcfat001,coleg001,,
OAK202409210,OAK,NYA,0,2,searj001,rodoc001,5.04,3.09
OAK202409220,OAK,NYA,2,0,estej001,gil-l001,9.82,3.32
OAK202409240,OAK,TEX,2,1,millm004,sborj002,2.63,
OAK202409250,OAK,TEX,0,3,bassb002,festm001,2.31,4.12
OAK202409260,OAK,TEX,0,0,ginnj001,rockk001,,5.74
PHI202403290,PHI,ATL,0,0,alvaj004,johnp001,3.81,3.05
PHI202403300,PHI,ATL,3,2,nolaa001,chavj001,6.01,9.0
PHI202403310,PHI,ATL,1,2,stram001,bumma001,2.74,3.81
PHI202404010,PHI,CIN,2,0,brogc001,diaza004,5.55,8.15
PHI202404020,PHI,CIN,1,0,turns003,ashcg001,7.11,3.99
PHI202404030,PHI,CIN,0,0,wheez001,montf001,2.71,6.28
PHI202404110,PHI,PIT,0,0,suarr001,jonej008,3.2,
PHI202404120,PHI,PIT,0,0,sancc002,faltb001,2.5,4.45
PHI202404130,PHI,PIT,2,1,hoffj003,hernj005,4.37,
PHI202404140,PHI,PIT,0,0,wheez001,kellm003,2.71,4.19
PHI202404150,PHI,COL,0,0,domis001,birdj001,3.16,5.53
PHI202404160,PHI,COL,2,0,suarr001,gomba001,3.2,7.49
PHI202404170,PHI,COL,4,1,sancc002,feltr001,2.5,4.75
PHI202404190,PHI,CHA,3,0,turns003,crocg001,7.11,2.59
PHI202404200,PHI,CHA,0,0,wheez001,sorom001,2.71,4.52
PHI202404210,PHI,CHA,3,2,nolaa001,nastn001,6.01,
PHI202405030,PHI,SFN,0,0,stram001,hickj002,2.74,6.95
PHI202405040,PHI,SFN,5,0,suarr001,winnk001,3.2,4.5
PHI202405050,PHI,SFN,0,1,walkt004,webbl001,4.08,3.22
PHI202405060,PHI,SFN,0,0,wheez001,blacm001,2.71,6.75
PHI202405070,PHI,TOR,1,0,sancc002,berrj001,2.5,4.17
PHI202405080,PHI,TOR,0,0,nolaa001,bassc001,6.01,3.96
PHI202405150,PHI,NYN,1,1,suarr001,luccj001,3.2,3.76
PHI202405160,PHI,NYN,0,1,alvaj004,lopej004,3.81,6.57
PHI202405170,PHI,WAS,1,0,wheez001,irvij001,2.71,5.7
PHI202405180,PHI,WAS,0,1,sotog003,finnk001,4.18,3.47
PHI202405190,PHI,WAS,0,0,nolaa001,barnj002,6.01,9.0
PHI202405210,PHI,TEX,0,0,suarr001,grayj003,3.2,7.71
PHI202405220,PHI,TEX,0,1,stram001,dunnd001,2.74,6.97
PHI202405230,PHI,TEX,0,0,wheez001,heana001,2.71,5.52
PHI202405310,PHI,SLN,0,0,nolaa001,mikom001,6.01,4.84
PHI202406010,PHI,SLN,3,0,turns003,grays001,7.11,4.28
PHI202406020,PHI,SLN,0,2,sotog003,kingj002,4.18,4.66
PHI202406030,PHI,MIL,0,0,wheez001,wilsb003,2.71,6.65
PHI202406040,PHI,MIL,0,0,domis001,payaj001,3.16,6.84
PHI202406050,PHI,MIL,0,0,nolaa001,ashba003,6.01,2.16
PHI202406090,PHI,NYN,1,0,alvaj004,garrr001,3.81,3.9
PHI202406170,PHI,SDN,0,0,sancc002,vasqr001,2.5,3.84
PHI202406180,PHI,SDN,0,0,hoffj003,suarr002,4.37,2.97
PHI202406190,PHI,SDN,0,0,kerko001,waldm003,3.3,7.71
PHI202406210,PHI,ARI,0,0,walkt004,montj004,4.08,
PHI202406220,PHI,ARI,2,0,wheez001,henrt001,2.71,4.05
PHI202406230,PHI,ARI,0,0,sancc002,ceccs001,2.5,4.3
PHI202406270,PHI,MIA,1,0,hoffj003,benda001,4.37,2.16
PHI202406280,PHI,MIA,0,0,sancc002,tylek001,2.5,
PHI202406290,PHI,MIA,0,0,nolaa001,narda001,6.01,
PHI202406300,PHI,MIA,2,1,domis001,narda001,3.16,
PHI202407090,PHI,LAN,0,0,wheez001,millb005,2.71,12.6
PHI202407100,PHI,LAN,1,0,sancc002,stong001,2.5,
PHI202407110,PHI,LAN,1,0,nolaa001,banda001,6.01,3.18
PHI202407120,PHI,OAK,0,0,suarr001,bidoo001,3.2,5.87
PHI202407130,PHI,OAK,0,0,philt002,spenm001,2.78,5.1
PHI202407140,PHI,OAK,1,0,mercm002,estej001,15.0,9.82
PHI202407260,PHI,CLE,0,1,sancc002,liveb001,2.5,3.22
PHI202407270,PHI,CLE,0,0,philt002,carrc003,2.78,7.09
PHI202407280,PHI,CLE,1,0,alvaj004,herrt002,3.81,4.85
PHI202407290,PHI,NYA,0,1,wheez001,gil-l001,2.71,3.32
PHI202407300,PHI,NYA,1,1,kerko001,tonkm001,3.3,4.88
PHI202407310,PHI,NYA,0,0,sancc002,cortn001,2.5,6.29
PHI202408130,PHI,MIA,0,2,walkt004,bellv001,4.08,4.65
PHI202408140,PHI,MIA,0,3,ruizj001,cabre003,8.82,3.53
PHI202408150,PHI,WAS,4,0,wheez001,parkm001,2.71,5.68
PHI202408160,PHI,WAS,0,0,estec001,finnk001,2.45,3.47
PHI202408170,PHI,WAS,0,0,sancc002,gorem001,2.5,4.17
PHI202408180,PHI,WAS,1,0,stram001,barnj002,2.74,9.0
PHI202408260,PHI,HOU,0,0,stram001,hadej001,2.74,2.05
PHI202408270,PHI,HOU,0,0,nolaa001,verlj001,6.01,3.85
PHI202408280,PHI,HOU,0,0,walkt004,arris001,4.08,5.35
PHI202408290,PHI,ATL,0,0,kerko001,holmg001,3.3,3.99
PHI202408300,PHI,ATL,0,0,suarr001,loper003,3.2,5.4
PHI202408310,PHI,ATL,0,0,wheez001,friem001,2.71,2.86
PHI202409010,PHI,ATL,0,0,estec001,bumma001,2.45,3.81
PHI202409090,PHI,TBA,0,0,estec001,cleag001,2.45,2.35
PHI202409100,PHI,TBA,1,0,alvaj004,lover001,3.81,8.49
PHI202409110,PHI,TBA,2,0,wheez001,rasmd002,2.71,2.76
PHI202409130,PHI,NYN,0,0,nolaa001,quinj001,6.01,3.96
PHI202409140,PHI,NYN,0,1,kerko001,yound005,3.3,4.32
PHI202409150,PHI,NYN,0,0,ruizj001,diaze006,8.82,1.63
PHI202409230,PHI,CHN,0,0,nolaa001,kilic001,6.01,
PHI202409240,PHI,CHN,1,0,bankt001,smyld001,3.07,
PHI202409250,PHI,CHN,3,0,ruizj001,assaj001,8.82,3.65
PIT202404050,PIT,BAL,0,0,jonej008,rodrg003,,
PIT202404060,PIT,BAL,0,0,flemj001,heasj001,,
PIT202404070,PIT,BAL,0,0,hernj005,canoy001,,5.12
PIT202404080,PIT,DET,0,1,kellm003,olsor001,4.19,3.15
PIT202404090,PIT,DET,0,1,bednd001,mills001,2.3,2.74
PIT202404190,PIT,BOS,0,2,prieq001,bellb002,3.32,3.35
PIT202404200,PIT,BOS,0,2,kellm003,crawk001,4.19,
PIT202404210,PIT,BOS,1,0,perem004,slatj002,3.54,4.24
PIT202404220,PIT,MIL,1,0,jonej008,rossj002,,5.12
PIT202404230,PIT,MIL,1,0,faltb001,myert001,4.45,3.55
PIT202404240,PIT,MIL,0,0,flemj001,hudsb001,,4.8
PIT202404250,PIT,MIL,3,1,chapa001,koenj001,1.17,2.86
PIT202405030,PIT,COL,0,0,perem004,quanc001,3.54,6.04
PIT202405040,PIT,COL,0,0,bednd001,mearn001,2.3,3.49
PIT202405050,PIT,COL,0,0,ortil003,feltr001,,4.75
PIT202405060,PIT,ANA,0,0,kellm003,andet002,4.19,4.56
PIT202405070,PIT,ANA,0,0,prieq001,sandp002,3.32,
PIT202405080,PIT,ANA,0,0,ortil003,cimba001,,
PIT202405100,PIT,CHN,2,1,jonej008,browb006,,5.92
PIT202405110,PIT,CHN,0,0,holdc001,thomk002,7.01,
PIT202405120,PIT,CHN,0,2,chapa001,nerih001,1.17,6.75
PIT202405210,PIT,SFN,0,2,bednd001,mille002,2.3,1.5
PIT202405220,PIT,SFN,0,0,mlodc001,walkr001,3.55,4.11
PIT202405230,PIT,SFN,1,0,strah001,jackl001,5.21,4.06
PIT202405240,PIT,ATL,2,0,faltb001,kerrr001,4.45,
PIT202405250,PIT,ATL,0,0,kellm003,loper003,4.19,5.4
PIT202405260,PIT,ATL,0,0,mlodc001,salec001,3.55,2.58
PIT202406040,PIT,LAN,0,0,jonej008,glast001,,3.19
PIT202406050,PIT,LAN,0,0,skenp001,paxtj001,1.97,
PIT202406060,PIT,LAN,0,4,faltb001,grovm001,4.45,
PIT202406070,PIT,MIN,0,0,kellm003,ryanj002,4.19,3.42
PIT202406080,PIT,MIN,0,0,strah001,woods002,5.21,4.04
PIT202406090,PIT,MIN,0,3,hellb001,duraj002,,2.06
PIT202406170,PIT,CIN,3,1,skenp001,spiec001,1.97,6.08
PIT202406180,PIT,CIN,0,0,faltb001,lodon001,4.45,3.33
PIT202406190,PIT,CIN,0,0,holdc001,martn002,7.01,4.45
PIT202406210,PIT,TBA,0,0,mlodc001,pochc001,3.55,12.54
PIT202406220,PIT,TBA,1,1,jonej008,efliz001,,5.93
PIT202406230,PIT,TBA,0,1,holdc001,kellk004,7.01,5.9
PIT202407020,PIT,SLN,0,0,kellm003,gibsk002,4.19,16.78
PIT202407030,PIT,SLN,0,0,chapa001,kitta001,1.17,3.4
PIT202407040,PIT,SLN,0,0,santd003,kingj002,2.18,4.66
PIT202407050,PIT,NYN,0,0,skenp001,sevel001,1.97,4.54
PIT202407060,PIT,NYN,0,0,faltb001,buttj001,4.45,3.9
PIT202407070,PIT,NYN,0,0,chapa001,diaze006,1.17,1.63
PIT202407080,PIT,NYN,0,0,kellm003,orzee001,4.19,3.02
PIT202407190,PIT,PHI,3,3,mlodc001,alvaj004,3.55,3.81
PIT202407200,PIT,PHI,0,0,ortil003,sancc002,,2.5
PIT202407210,PIT,PHI,0,0,gonzm005,philt002,,2.78
PIT202407220,PIT,SLN,0,0,chapa001,kingj002,1.17,4.66
PIT202407230,PIT,SLN,0,0,skenp001,fernr001,1.97,7.71
PIT202407240,PIT,SLN,0,0,perem004,libem001,3.54,4.21
PIT202408020,PIT,ARI,0,5,holdc001,flord002,7.01,
PIT202408030,PIT,ARI,0,0,nicok001,ceccs001,4.74,4.3
PIT202408040,PIT,ARI,1,0,holdc001,sewap001,7.01,4.58
PIT202408060,PIT,SDN,0,0,woodj003,hoeib001,6.44,3.38
PIT202408070,PIT,SDN,2,0,holdc001,scott003,7.01,4.74
PIT202408080,PIT,SDN,0,2,bednd001,adamj002,2.3,1.93
PIT202408160,PIT,SEA,0,0,skenp001,gilbl002,1.97,3.44
PIT202408170,PIT,SEA,1,0,faltb001,castl003,4.45,3.54
PIT202408180,PIT,SEA,0,2,woodj003,kirbg001,6.44,4.21
PIT202408220,PIT,CIN,0,0,skenp001,lodon001,1.97,3.33
PIT202408230,PIT,CIN,0,1,santd003,wilsj004,2.18,3.35
PIT202408240,PIT,CIN,0,4,woodj003,aguij002,6.44,
PIT202408250,PIT,CIN,1,0,chapa001,diaza004,1.17,8.15
PIT202408260,PIT,CHN,0,0,kellm003,tailj001,4.19,3.68
PIT202408270,PIT,CHN,2,0,jonej008,steej002,,4.76
PIT202408280,PIT,CHN,1,1,bednd001,hodgp001,2.3,6.27
PIT202409050,PIT,WAS,0,3,faltb001,irvij001,4.45,5.7
PIT202409071,PIT,WAS,0,0,ortil003,herzd001,,
PIT202409072,PIT,WAS,2,0,chapa001,garcr008,1.17,2.95
PIT202409080,PIT,WAS,4,1,jonej008,corbp001,,4.4
PIT202409090,PIT,MIA,1,0,skenp001,bellv001,1.97,4.65
PIT202409100,PIT,MIA,2,0,wentj001,ollea001,5.6,
PIT202409110,PIT,MIA,2,0,faltb001,bermj001,4.45,
PIT202409130,PIT,KCA,0,0,ortil003,marsa001,,
PIT202409140,PIT,KCA,0,1,kellm003,wachm001,4.19,3.86
PIT202409150,PIT,KCA,1,0,mlodc001,singb001,3.55,4.03
PIT202409240,PIT,MIL,0,0,faltb001,milnh001,4.45,3.84
PIT202409250,PIT,MIL,0,0,ortil003,peraf001,,2.7
PIT202409260,PIT,MIL,0,0,kellm003,civaa001,4.19,4.85
SDN202403200,SDN,LAN,0,0,britj003,hudsd001,,
SDN202403280,SDN,SFN,0,0,matsy001,jackl001,3.98,4.06
SDN202403290,SDN,SFN,0,3,musgj001,harrk001,,4.04
SDN202403300,SDN,SFN,0,0,ceasd001,hickj002,4.55,6.95
SDN202403310,SDN,SFN,6,0,avilp001,jeffd001,,
SDN202404010,SDN,SLN,0,3,waldm003,gibsk002,7.71,16.78
SDN202404020,SDN,SLN,0,0,darvy001,mikom001,5.38,4.84
SDN202404030,SDN,SLN,1,0,musgj001,thomz002,,
SDN202404080,SDN,CHN,0,0,peraw002,alzoa001,3.14,
SDN202404090,SDN,CHN,0,0,musgj001,smyld001,,
SDN202404100,SDN,CHN,0,0,ceasd001,hendk001,4.55,4.76
SDN202404190,SDN,TOR,0,1,waldm003,franb002,7.71,6.05
SDN202404200,SDN,TOR,0,4,vasqr001,berrj001,3.84,4.17
SDN202404210,SDN,TOR,1,0,musgj001,bassc001,,3.96
SDN202404260,SDN,PHI,0,2,musgj001,nolaa001,,6.01
SDN202404270,SDN,PHI,0,2,ceasd001,suarr001,4.55,3.2
SDN202404280,SDN,PHI,0,0,kingm002,walkt004,3.44,4.08
SDN202404290,SDN,CIN,1,1,waldm003,lodon001,7.71,3.33
SDN202404300,SDN,CIN,0,0,darvy001,martn002,5.38,4.45
SDN202405010,SDN,CIN,0,1,deloe001,cruzf002,4.36,3.56
SDN202405100,SDN,LAN,0,0,suarr002,grovm001,2.97,
SDN202405110,SDN,LAN,0,1,waldm003,paxtj001,7.71,
SDN202405120,SDN,LAN,2,0,darvy001,buehw001,5.38,4.93
SDN202405130,SDN,COL,0,0,vasqr001,hudsd002,3.84,
SDN202405140,SDN,COL,0,0,ceasd001,quanc001,4.55,6.04
SDN202405150,SDN,COL,0,0,kingm002,gomba001,3.44,7.49
SDN202405240,SDN,NYA,0,1,darvy001,rodoc001,5.38,3.09
SDN202405250,SDN,NYA,0,2,ceasd001,strom001,4.55,6.23
SDN202405260,SDN,NYA,0,0,estrj002,schmc002,3.45,3.32
SDN202405270,SDN,MIA,0,0,morea001,puk-a001,2.08,
SDN202405280,SDN,MIA,2,0,waldm003,luzaj001,7.71,3.92
SDN202405290,SDN,MIA,0,0,darvy001,garrb001,5.38,
SDN202406060,SDN,ARI,0,1,estrj002,ginkk001,3.45,7.36
SDN202406070,SDN,ARI,2,0,kingm002,pfaab001,3.44,5.25
SDN202406080,SDN,ARI,0,0,waldm003,nelsr003,7.71,3.39
SDN202406090,SDN,ARI,1,1,mazua001,henrt001,4.8,4.05
SDN202406100,SDN,OAK,0,0,ceasd001,estej001,4.55,9.82
SDN202406110,SDN,OAK,0,1,suarr002,alexs001,2.97,6.11
SDN202406120,SDN,OAK,0,0,suarr002,millm004,2.97,2.63
SDN202406200,SDN,MIL,4,1,estrj002,payaj001,3.45,6.84
SDN202406210,SDN,MIL,0,0,koles001,milnh001,3.51,3.84
SDN202406220,SDN,MIL,0,0,vasqr001,rodrc003,3.84,6.52
SDN202406230,SDN,MIL,0,0,kingm002,myert001,3.44,3.55
SDN202406240,SDN,WAS,0,0,peraw002,harvh001,3.14,0.0
SDN202406250,SDN,WAS,2,0,mazua001,gorem001,4.8,4.17
SDN202406260,SDN,WAS,0,0,ceasd001,herzd001,4.55,
SDN202407050,SDN,ARI,0,2,koles001,sewap001,3.51,4.58
SDN202407060,SDN,ARI,1,0,peraw002,thomr007,3.14,3.92
SDN202407070,SDN,ARI,1,1,ceasd001,nelsr003,4.55,3.39
SDN202407090,SDN,SEA,0,1,mazua001,gilbl002,4.8,3.44
SDN202407100,SDN,SEA,0,0,kingm002,millb004,3.44,5.68
SDN202407120,SDN,ATL,0,0,waldm003,schws001,7.71,3.09
SDN202407130,SDN,ATL,0,0,ceasd001,loper003,4.55,5.4
SDN202407140,SDN,ATL,1,0,vasqr001,salec001,3.84,2.58
SDN202407300,SDN,LAN,0,5,suarr002,vesia001,2.97,3.02
SDN202407310,SDN,LAN,0,0,ceasd001,kersc001,4.55,3.36
SDN202408020,SDN,COL,0,0,estrj002,gomba001,3.45,7.49
SDN202408030,SDN,COL,0,0,adamj002,lambp001,1.93,
SDN202408040,SDN,COL,0,0,waldm003,quanc001,7.71,6.04
SDN202408120,SDN,PIT,0,0,estrj002,woodj003,3.45,6.44
SDN202408130,SDN,PIT,1,0,kingm002,ortil003,3.44,
SDN202408140,SDN,PIT,3,0,perem004,kellm003,3.54,4.19
SDN202408190,SDN,MIN,2,1,kingm002,mattz001,3.44,5.56
SDN202408200,SDN,MIN,0,0,scott003,okers001,4.74,3.01
SDN202408210,SDN,MIN,0,0,waldm003,woods002,7.71,4.04
SDN202408220,SDN,NYN,0,1,ceasd001,sevel001,4.55,4.54
SDN202408230,SDN,NYN,1,0,musgj001,blacp001,,6.23
SDN202408240,SDN,NYN,0,1,kingm002,peted003,3.44,4.22
SDN202408250,SDN,NYN,0,0,suarr002,diaze006,2.97,1.63
SDN202409020,SDN,DET,0,0,musgj001,hanib001,,3.0
SDN202409040,SDN,DET,0,1,estrj002,folej001,3.45,
SDN202409050,SDN,DET,1,0,suarr002,vanar001,2.97,
SDN202409060,SDN,SFN,3,0,kingm002,blacm001,3.44,6.75
SDN202409070,SDN,SFN,2,0,ceasd001,webbl001,4.55,3.22
SDN202409080,SDN,SFN,0,0,musgj001,mille002,,1.5
SDN202409160,SDN,HOU,1,0,darvy001,arris001,5.38,5.35
SDN202409170,SDN,HOU,0,0,morea001,hadej001,2.08,2.05
SDN202409180,SDN,HOU,0,0,ceasd001,valdf001,4.55,3.66
SDN202409200,SDN,CHA,0,0,morea001,andej005,2.08,
SDN202409210,SDN,CHA,0,0,perem004,flexc001,3.54,3.09
SDN202409220,SDN,CHA,0,0,estrj002,ellaf001,3.45,4.24
SEA202403280,SEA,BOS,0,0,castl003,bellb002,3.54,3.35
SEA202403290,SEA,BOS,0,0,kirbg001,piven001,4.21,2.87
SEA202403300,SEA,BOS,1,0,sauct001,rodrj004,7.43,
SEA202403310,SEA,BOS,0,0,millb004,whitg002,5.68,2.25
SEA202404010,SEA,CLE,0,0,hance001,mcket001,4.9,11.12
SEA202404020,SEA,CLE,0,0,castl003,biebs001,3.54,3.57
SEA202404030,SEA,CLE,0,3,kirbg001,allel003,4.21,4.25
SEA202404120,SEA,CHN,0,0,millb004,wickj001,5.68,6.28
SEA202404130,SEA,CHN,0,0,hance001,imans001,4.9,3.73
SEA202404140,SEA,CHN,0,1,castl003,assaj001,3.54,3.65
SEA202404150,SEA,CIN,3,0,kirbg001,montf001,4.21,6.28
SEA202404160,SEA,CIN,0,0,gilbl002,pagae001,3.44,2.88
SEA202404170,SEA,CIN,0,0,millb004,abboa001,5.68,2.87
SEA202404260,SEA,ARI,1,0,hance001,gallz001,4.9,4.83
SEA202404270,SEA,ARI,0,0,kirbg001,ceccs001,4.21,4.3
SEA202404280,SEA,ARI,1,0,thort002,mantj002,4.68,15.83
SEA202404290,SEA,ATL,0,0,votha001,minta001,,
SEA202404300,SEA,ATL,0,0,castl003,loper003,3.54,5.4
SEA202405010,SEA,ATL,0,0,hance001,salec001,4.9,2.58
SEA202405100,SEA,OAK,0,0,thort002,blacp001,4.68,6.23
SEA202405110,SEA,OAK,0,0,millb004,estej001,5.68,9.82
SEA202405120,SEA,OAK,1,0,castl003,wooda002,3.54,
SEA202405130,SEA,KCA,0,0,kirbg001,singb001,4.21,4.03
SEA202405140,SEA,KCA,0,0,gilbl002,wachm001,3.44,3.86
SEA202405150,SEA,KCA,0,0,woo-b001,marsa001,2.94,
SEA202405270,SEA,HOU,3,0,millb004,valdf001,5.68,3.66
SEA202405280,SEA,HOU,1,0,sauct001,presr001,7.43,4.35
SEA202405290,SEA,HOU,0,0,baumm001,scott004,,7.9
SEA202405300,SEA,HOU,0,0,gilbl002,arris001,3.44,5.35
SEA202405310,SEA,ANA,3,0,stanr002,moorm003,5.3,
SEA202406010,SEA,ANA,0,0,millb004,detmr001,5.68,3.96
SEA202406020,SEA,ANA,0,0,castl003,canng001,3.54,3.77
SEA202406100,SEA,CHA,0,0,stanr002,leasj001,5.3,3.92
SEA202406110,SEA,CHA,0,0,thort002,brebj001,4.68,7.71
SEA202406120,SEA,CHA,0,0,thort002,wilss002,4.68,3.42
SEA202406130,SEA,CHA,0,0,munoa002,kopem001,1.73,2.45
SEA202406140,SEA,TEX,2,2,castl003,heana001,3.54,5.52
SEA202406150,SEA,TEX,1,0,kirbg001,eovan001,4.21,1.73
SEA202406160,SEA,TEX,0,0,gilbl002,dunnd001,3.44,6.97
SEA202406280,SEA,MIN,0,0,stanr002,sandc001,5.3,4.5
SEA202406290,SEA,MIN,0,0,millb004,lopep002,5.68,2.74
SEA202406300,SEA,MIN,0,1,stanr002,sandc001,5.3,4.5
SEA202407020,SEA,BAL,0,0,kirbg001,rodrg003,4.21,
SEA202407030,SEA,BAL,0,0,gilbl002,kremd001,3.44,4.19
SEA202407040,SEA,BAL,0,0,stanr002,bakeb001,5.3,4.06
SEA202407050,SEA,TOR,0,0,castl003,gausk001,3.54,3.59
SEA202407060,SEA,TOR,0,0,hance001,rodry003,4.9,3.08
SEA202407070,SEA,TOR,0,0,snidc001,greec003,5.47,5.56
SEA202407190,SEA,HOU,0,0,castl003,browh001,3.54,2.43
SEA202407200,SEA,HOU,0,0,stanr002,scott004,5.3,7.9
SEA202407210,SEA,HOU,0,0,woo-b001,blanr001,2.94,4.1
SEA202407220,SEA,ANA,1,0,thort002,garcl005,4.68,3.52
SEA202407230,SEA,ANA,0,0,gilbl002,sorij002,3.44,4.26
SEA202407240,SEA,ANA,0,0,santg001,crouh001,5.14,
SEA202408020,SEA,PHI,1,0,woo-b001,philt002,2.94,2.78
SEA202408030,SEA,PHI,0,1,snidc001,estec001,5.47,2.45
SEA202408040,SEA,PHI,0,1,gilbl002,wheez001,3.44,2.71
SEA202408060,SEA,DET,0,0,castl003,montk001,3.54,4.37
SEA202408070,SEA,DET,0,1,kirbg001,skubt001,4.21,2.21
SEA202408080,SEA,DET,0,0,charj001,vestw001,,3.01
SEA202408090,SEA,NYN,0,0,millb004,quinj001,5.68,3.96
SEA202408100,SEA,NYN,3,0,gilbl002,manas001,3.44,5.64
SEA202408110,SEA,NYN,0,0,castl003,sevel001,3.54,4.54
SEA202408230,SEA,SFN,0,1,snidc001,mille002,5.47,1.5
SEA202408240,SEA,SFN,0,1,kirbg001,bives001,4.21,4.0
SEA202408250,SEA,SFN,1,2,woo-b001,hjels001,2.94,7.8
SEA202408260,SEA,TBA,0,0,millb004,pepir001,5.68,3.86
SEA202408270,SEA,TBA,0,0,charj001,ucete001,,3.79
SEA202408280,SEA,TBA,0,0,castl003,alext001,3.54,4.98
SEA202409100,SEA,SDN,1,0,kirbg001,darvy001,4.21,5.38
SEA202409110,SEA,SDN,0,0,woo-b001,kingm002,2.94,3.44
SEA202409120,SEA,TEX,0,0,snidc001,festm001,5.47,4.12
SEA202409130,SEA,TEX,0,2,charj001,robed002,,4.08
SEA202409140,SEA,TEX,0,0,munoa002,leclj001,1.73,6.0
SEA202409150,SEA,TEX,3,0,kirbg001,heana001,4.21,5.52
SEA202409170,SEA,NYA,0,2,woo-b001,gil-l001,2.94,3.32
SEA202409180,SEA,NYA,0,0,snidc001,weavl001,5.47,3.62
SEA202409190,SEA,NYA,3,0,gilbl002,schmc002,3.44,3.32
SEA202409270,SEA,OAK,0,0,woo-b001,searj001,2.94,5.04
SEA202409280,SEA,OAK,0,0,bazae001,alexs001,2.52,6.11
SEA202409290,SEA,OAK,0,0,gilbl002,spenm001,3.44,5.1
SFN202404050,SFN,SDN,1,1,dovac001,deloe001,3.58,4.36
SFN202404060,SFN,SDN,0,4,winnk001,kingm002,4.5,3.44
SFN202404070,SFN,SDN,0,1,walkr001,britj003,4.11,
SFN202404080,SFN,WAS,1,0,snelb001,willt002,2.35,6.21
SFN202404090,SFN,WAS,0,0,walkr001,weemj001,4.11,14.54
SFN202404100,SFN,WAS,0,0,hickj002,corbp001,6.95,4.4
SFN202404180,SFN,ARI,0,0,webbl001,allel002,3.22,
SFN202404190,SFN,ARI,0,0,snelb001,montj004,2.35,
SFN202404200,SFN,ARI,2,1,walkr001,gallz001,4.11,4.83
SFN202404210,SFN,ARI,0,0,mille002,ceccs001,1.5,4.3
SFN202404220,SFN,NYN,0,0,winnk001,quinj001,4.5,3.96
SFN202404230,SFN,NYN,0,0,webbl001,sevel001,3.22,4.54
SFN202404240,SFN,NYN,0,0,hjels001,garrr001,7.8,3.9
SFN202404260,SFN,PIT,0,0,dovac001,bednd001,3.58,2.3
SFN202404270,SFN,PIT,0,0,roget001,strah001,3.38,5.21
SFN202404280,SFN,PIT,0,0,winnk001,jonej008,4.5,
SFN202405100,SFN,CIN,1,1,webbl001,abboa001,3.22,2.87
SFN202405110,SFN,CIN,4,0,roget001,lodon001,3.38,3.33
SFN202405120,SFN,CIN,0,3,jackl001,pagae001,4.06,2.88
SFN202405130,SFN,LAN,0,1,roget001,treib001,3.38,5.4
SFN202405140,SFN,LAN,0,0,winnk001,stong001,4.5,
SFN202405150,SFN,LAN,0,0,webbl001,herne002,3.22,
SFN202405170,SFN,COL,1,3,hjels001,feltr001,7.8,4.75
SFN202405180,SFN,COL,3,0,harrk001,blact002,4.04,
SFN202405190,SFN,COL,0,1,hickj002,hudsd002,6.95,
SFN202405270,SFN,PHI,0,0,rodrr010,walkt004,1.78,4.08
SFN202405280,SFN,PHI,0,0,hjels001,stram001,7.8,2.74
SFN202405290,SFN,PHI,0,1,harrk001,sancc002,4.04,2.5
SFN202405310,SFN,NYA,0,0,hickj002,strom001,6.95,6.23
SFN202406010,SFN,NYA,0,2,webbl001,potec001,3.22,16.88
SFN202406020,SFN,NYA,0,1,dovac001,tonkm001,3.58,4.88
SFN202406100,SFN,HOU,0,0,rodrr010,montr004,1.78,4.48
SFN202406110,SFN,HOU,0,0,hickj002,blanr001,6.95,4.1
SFN202406120,SFN,HOU,0,0,webbl001,valdf001,3.22,3.66
SFN202406140,SFN,ANA,0,0,howas003,andet002,,4.56
SFN202406150,SFN,ANA,2,0,walkr001,moorm003,4.11,
SFN202406160,SFN,ANA,0,1,bives001,suarj001,4.0,1.86
SFN202406240,SFN,CHN,0,0,howas003,smyld001,,
SFN202406250,SFN,CHN,0,0,roget002,hendk001,1.98,4.76
SFN202406260,SFN,CHN,0,0,jackl001,smyld001,4.06,
SFN202406270,SFN,CHN,0,0,jackl001,nerih001,4.06,6.75
SFN202406280,SFN,LAN,0,0,dovac001,treib001,3.58,5.4
SFN202406290,SFN,LAN,1,0,hjels001,hudsd001,7.8,
SFN202406300,SFN,LAN,1,0,bives001,paxtj001,4.0,
SFN202407090,SFN,TOR,0,0,mille002,richt001,1.5,7.94
SFN202407100,SFN,TOR,2,0,webbl001,bassc001,3.22,3.96
SFN202407110,SFN,TOR,2,3,hickj002,gausk001,6.95,3.59
SFN202407120,SFN,MIN,1,0,harrk001,ryanj002,4.04,3.42
SFN202407130,SFN,MIN,0,0,roget001,sandc001,3.38,4.5
SFN202407140,SFN,MIN,0,0,walkr001,duraj002,4.11,2.06
SFN202407260,SFN,COL,1,0,harrk001,freek001,4.04,4.98
SFN202407271,SFN,COL,0,0,walkr001,lawrj002,4.11,0.51
SFN202407272,SFN,COL,1,0,birdh001,gordt002,4.8,6.33
SFN202407280,SFN,COL,1,0,rodrr010,gomba001,1.78,7.49
SFN202407300,SFN,OAK,0,0,ray-r002,searj001,3.65,5.04
SFN202407310,SFN,OAK,0,0,webbl001,strir001,3.22,
SFN202408090,SFN,DET,0,0,roget002,folej001,1.98,
SFN202408100,SFN,DET,0,0,webbl001,hurtb001,3.22,2.43
SFN202408110,SFN,DET,2,1,birdh001,montk001,4.8,4.37
SFN202408120,SFN,ATL,0,0,roget001,igler001,3.38,3.21
SFN202408130,SFN,ATL,0,0,rodrr010,lee-d005,1.78,3.29
SFN202408140,SFN,ATL,1,5,ray-r002,holmg001,3.65,3.99
SFN202408150,SFN,ATL,0,0,webbl001,friem001,3.22,2.86
SFN202408190,SFN,CHA,0,0,harrk001,cannj001,4.04,5.82
SFN202408200,SFN,CHA,0,0,ray-r002,martd006,3.65,4.1
SFN202408210,SFN,CHA,0,1,mille002,ellaf001,1.5,4.24
SFN202408300,SFN,MIA,0,0,roget002,baumm001,1.98,
SFN202408310,SFN,MIA,0,0,blacm001,cabre003,6.75,3.53
SFN202409010,SFN,MIA,1,0,webbl001,currx001,3.22,6.0
SFN202409030,SFN,ARI,1,3,harrk001,nelsr003,4.04,3.39
SFN202409040,SFN,ARI,0,1,birdh001,gallz001,4.8,4.83
SFN202409050,SFN,ARI,0,2,walkr001,ginkk001,4.11,7.36
SFN202409100,SFN,MIL,1,2,roupl001,civaa001,3.8,4.85
SFN202409110,SFN,MIL,4,0,snelb001,rea-c001,2.35,3.95
SFN202409120,SFN,MIL,0,0,dovac001,montf001,3.58,6.28
SFN202409130,SFN,SDN,0,3,webbl001,ceasd001,3.22,4.55
SFN202409140,SFN,SDN,0,1,blacm001,musgj001,6.75,
SFN202409150,SFN,SDN,0,0,dovac001,suarr002,3.58,2.97
SFN202409270,SFN,SLN,0,1,roupl001,mikom001,3.8,4.84
SFN202409280,SFN,SLN,2,1,walkr001,libem001,4.11,4.21
SFN202409290,SFN,SLN,0,0,birdh001,mcgrm001,4.8,4.42
SLN202404040,SLN,MIA,0,0,gallg001,sancs001,,
SLN202404060,SLN,MIA,0,0,matzs001,roget003,3.05,1.81
SLN202404070,SLN,MIA,0,6,gibsk002,meyem001,16.78,4.73
SLN202404080,SLN,PHI,0,0,helsr001,hoffj003,4.5,4.37
SLN202404090,SLN,PHI,0,0,grays001,wheez001,4.28,2.71
SLN202404100,SLN,PHI,0,2,palla001,nolaa001,5.31,6.01
SLN202404190,SLN,MIL,0,0,helsr001,payaj001,4.5,6.84
SLN202404200,SLN,MIL,1,2,mikom001,wilsb003,4.84,6.65
SLN202404210,SLN,MIL,0,0,grays001,hudsb001,4.28,4.8
SLN202404220,SLN,ARI,0,0,helsr001,thomr007,4.5,3.92
SLN202404230,SLN,ARI,1,0,matzs001,henrt001,3.05,4.05
SLN202404240,SLN,ARI,0,1,gibsk002,montj004,16.78,
SLN202405030,SLN,CHA,2,0,grays001,kellb003,4.28,2.07
SLN202405040,SLN,CHA,0,2,fernr001,kopem001,7.71,2.45
SLN202405050,SLN,CHA,0,0,gallg001,crocg001,,2.59
SLN202405060,SLN,NYN,0,1,kitta001,manas001,3.4,5.64
SLN202405070,SLN,NYN,3,0,mikom001,buttj001,4.84,3.9
SLN202405170,SLN,BOS,2,0,gibsk002,bellb002,16.78,3.35
SLN202405180,SLN,BOS,0,0,romej002,slatj002,2.07,4.24
SLN202405190,SLN,BOS,0,1,libem001,piven001,4.21,2.87
SLN202405200,SLN,BAL,0,0,grays001,kremd001,4.28,4.19
SLN202405210,SLN,BAL,0,0,lynnl001,webbj002,,3.0
SLN202405220,SLN,BAL,0,0,kingj002,irvic001,4.66,
SLN202405250,SLN,CHN,0,0,romej002,leitm002,2.07,4.84
SLN202405260,SLN,CHN,0,0,grays001,assaj001,4.28,3.65
SLN202406060,SLN,COL,0,0,grays001,quanc001,4.28,6.04
SLN202406070,SLN,COL,3,0,romej002,caram001,2.07,
SLN202406080,SLN,COL,0,1,kitta001,vodnv001,3.4,3.02
SLN202406090,SLN,COL,0,0,palla001,blact002,5.31,
SLN202406110,SLN,PIT,0,0,helsr001,holdc001,4.5,7.01
SLN202406120,SLN,PIT,0,0,grays001,faltb001,4.28,4.45
SLN202406130,SLN,PIT,0,0,roycc001,kellm003,7.84,4.19
SLN202406200,SLN,SFN,3,0,palla001,winnk001,5.31,4.5
SLN202406220,SLN,SFN,2,3,mikom001,hickj002,4.84,6.95
SLN202406230,SLN,SFN,3,0,grays001,webbl001,4.28,3.22
SLN202406240,SLN,ATL,0,0,lynnl001,schws001,,3.09
SLN202406261,SLN,ATL,0,0,gibsk002,loper003,16.78,5.4
SLN202406262,SLN,ATL,0,0,libem001,eldeb001,4.21,5.3
SLN202406270,SLN,CIN,0,1,mikom001,abboa001,4.84,2.87
SLN202406280,SLN,CIN,0,0,palla001,montf001,5.31,6.28
SLN202406290,SLN,CIN,0,0,grays001,spiec001,4.28,6.08
SLN202406300,SLN,CIN,0,0,lynnl001,greeh001,,2.76
SLN202407101,SLN,KCA,0,0,palla001,marsa001,5.31,
SLN202407102,SLN,KCA,0,0,gracg001,wachm001,6.28,3.86
SLN202407120,SLN,CHN,0,0,grays001,hendk001,4.28,4.76
SLN202407131,SLN,CHN,10,1,lynnl001,wesnh001,,4.5
SLN202407132,SLN,CHN,2,0,romej002,hodgp001,2.07,6.27
SLN202407140,SLN,CHN,0,0,mikom001,tailj001,4.84,3.68
SLN202407260,SLN,WAS,0,0,fernr001,barnj002,7.71,9.0
SLN202407270,SLN,WAS,0,0,gibsk002,irvij001,16.78,5.7
SLN202407280,SLN,WAS,1,0,helsr001,flord002,4.5,
SLN202407290,SLN,TEX,0,0,palla001,eovan001,5.31,1.73
SLN202407300,SLN,TEX,1,0,lynnl001,schem001,,5.19
SLN202407310,SLN,TEX,0,0,mcgrm001,heana001,4.42,5.52
SLN202408050,SLN,NYN,0,0,palla001,manas001,5.31,5.64
SLN202408060,SLN,TBA,0,2,grays001,sprij001,4.28,4.11
SLN202408070,SLN,TBA,1,0,fedde001,bradt002,5.49,5.05
SLN202408080,SLN,TBA,3,2,romej002,lover001,2.07,8.49
SLN202408160,SLN,LAN,0,0,mikom001,wrobj001,4.84,4.32
SLN202408170,SLN,LAN,1,1,palla001,millb005,5.31,12.6
SLN202408180,SLN,LAN,0,0,grays001,kersc001,4.28,3.36
SLN202408200,SLN,MIL,0,0,fedde001,montf001,5.49,6.28
SLN202408210,SLN,MIL,0,0,helsr001,megit001,4.5,2.49
SLN202408220,SLN,MIL,0,0,kitta001,mearn001,3.4,3.49
SLN202408260,SLN,SDN,0,2,gibsk002,vasqr001,16.78,3.84
SLN202408270,SLN,SDN,2,0,kingj002,matsy001,4.66,3.98
SLN202408280,SLN,SDN,0,2,helsr001,suarr002,4.5,2.97
SLN202408290,SLN,SDN,0,0,grays001,kingm002,4.28,3.44
SLN202409060,SLN,SEA,0,0,fedde001,millb004,5.49,5.68
SLN202409070,SLN,SEA,0,0,kitta001,gilbl002,3.4,3.44
SLN202409080,SLN,SEA,0,5,mikom001,thort002,4.84,4.68
SLN202409100,SLN,CIN,0,0,palla001,lowdr001,5.31,
SLN202409110,SLN,CIN,0,0,romej002,farmb001,2.07,
SLN202409120,SLN,CIN,0,0,grays001,spiec001,4.28,6.08
SLN202409160,SLN,PIT,0,0,palla001,skenp001,5.31,1.97
SLN202409170,SLN,PIT,0,0,lynnl001,faltb001,,4.45
SLN202409180,SLN,PIT,0,0,mcgrm001,bednd001,4.42,2.3
SLN202409190,SLN,PIT,0,0,romej002,mlodc001,2.07,3.55
SLN202409200,SLN,CLE,0,0,gibsk002,liveb001,16.78,3.22
SLN202409210,SLN,CLE,0,0,mikom001,boydm001,4.84,3.21
SLN202409220,SLN,CLE,0,0,palla001,herrt002,5.31,4.85
TBA202403280,TBA,TOR,1,0,efliz001,berrj001,5.93,4.17
TBA202403290,TBA,TOR,0,0,civaa001,bassc001,4.85,3.96
TBA202403300,TBA,TOR,0,0,littz001,kikuy001,3.81,3.99
TBA202403310,TBA,TOR,1,2,armss001,whitm004,2.31,
TBA202404010,TBA,TEX,0,3,pepir001,dunnd001,3.86,6.97
TBA202404020,TBA,TEX,0,0,efliz001,heana001,5.93,5.52
TBA202404030,TBA,TEX,0,0,civaa001,eovan001,4.85,1.73
TBA202404120,TBA,SFN,0,0,cleag001,winnk001,2.35,4.5
TBA202404130,TBA,SFN,0,1,pepir001,webbl001,3.86,3.22
TBA202404140,TBA,SFN,3,1,alext001,snelb001,4.98,2.35
TBA202404150,TBA,ANA,0,0,matop002,garcl005,2.79,3.52
TBA202404160,TBA,ANA,0,0,cleag001,fulmc001,2.35,5.83
TBA202404170,TBA,ANA,0,1,fairp001,strih001,2.83,3.27
TBA202404180,TBA,ANA,2,0,pepir001,canng001,3.86,3.77
TBA202404220,TBA,DET,0,1,littz001,skubt001,3.81,2.21
TBA202404230,TBA,DET,0,0,pochc001,faeda001,12.54,
TBA202404240,TBA,DET,1,1,devec001,vestw001,2.16,3.01
TBA202405030,TBA,NYN,0,0,armss001,quinj001,2.31,3.96
TBA202405040,TBA,NYN,1,1,adamj002,ottaa001,1.93,
TBA202405050,TBA,NYN,0,2,ramie004,diekj001,2.45,
TBA202405060,TBA,CHA,0,0,ramie004,clevm001,2.45,7.94
TBA202405070,TBA,CHA,0,0,efliz001,sorom001,5.93,4.52
TBA202405080,TBA,CHA,0,0,civaa001,flexc001,4.85,3.09
TBA202405100,TBA,NYA,0,0,bradt002,schmc002,5.05,3.32
TBA202405110,TBA,NYA,1,0,littz001,cortn001,3.81,6.29
TBA202405120,TBA,NYA,0,1,alext001,gil-l001,4.98,3.32
TBA202405200,TBA,BOS,0,0,bradt002,houct001,5.05,8.04
TBA202405210,TBA,BOS,2,0,adamj002,weisg001,1.93,2.82
TBA202405220,TBA,BOS,0,0,lover001,bellb002,8.49,3.35
TBA202405240,TBA,KCA,1,0,alext001,lugos001,4.98,4.15
TBA202405250,TBA,KCA,0,0,lover001,mcarj001,8.49,
TBA202405260,TBA,KCA,0,0,cleag001,wachm001,2.35,3.86
TBA202405280,TBA,OAK,0,0,littz001,spenm001,3.81,5.1
TBA202405290,TBA,OAK,0,0,fairp001,kellm004,2.83,3.18
TBA202405300,TBA,OAK,3,0,lover001,fergt001,8.49,4.66
TBA202406070,TBA,BAL,0,0,civaa001,irvic001,4.85,
TBA202406080,TBA,BAL,0,0,bradt002,bradk001,5.05,2.53
TBA202406090,TBA,BAL,0,0,littz001,rodrg003,3.81,
TBA202406100,TBA,BAL,0,1,pepir001,burnc002,3.86,2.66
TBA202406110,TBA,CHN,0,0,devec001,nerih001,2.16,6.75
TBA202406120,TBA,CHN,0,0,cleag001,millt003,2.35,
TBA202406130,TBA,CHN,0,0,bradt002,leitm002,5.05,4.84
TBA202406240,TBA,SEA,0,0,matop002,votha001,2.79,
TBA202406250,TBA,SEA,1,0,cleag001,castl003,2.35,3.54
TBA202406260,TBA,SEA,0,0,armss001,kirbg001,2.31,4.21
TBA202406280,TBA,WAS,0,0,efliz001,parkm001,5.93,5.68
TBA202406290,TBA,WAS,1,1,civaa001,irvij001,4.85,5.7
TBA202406300,TBA,WAS,0,0,bradt002,corbp001,5.05,4.4
TBA202407090,TBA,NYA,4,1,pepir001,rodoc001,3.86,3.09
TBA202407100,TBA,NYA,0,0,efliz001,hillt002,5.93,3.09
TBA202407110,TBA,NYA,2,0,kellk004,cortn001,5.9,6.29
TBA202407120,TBA,CLE,0,0,bradt002,carrc003,5.05,7.09
TBA202407130,TBA,CLE,0,0,cleag001,sandn001,2.35,2.2
TBA202407140,TBA,CLE,0,0,pepir001,liveb001,3.86,3.22
TBA202407260,TBA,CIN,0,2,rodrm001,martn002,2.08,4.45
TBA202407270,TBA,CIN,0,0,littz001,abboa001,3.81,2.87
TBA202407280,TBA,CIN,0,0,cleag001,cruzf002,2.35,3.56
TBA202407300,TBA,MIA,0,2,alext001,crond001,4.98,
TBA202407310,TBA,MIA,1,0,bradt002,munor001,5.05,8.18
TBA202408090,TBA,BAL,0,1,littz001,efliz001,3.81,5.93
TBA202408100,TBA,BAL,0,3,pochc001,smitb005,12.54,
TBA202408110,TBA,BAL,0,0,rodrm001,kimbc001,2.08,2.25
TBA202408120,TBA,HOU,0,1,bradt002,valdf001,5.05,3.66
TBA202408130,TBA,HOU,0,0,baz-s001,kikuy001,4.87,3.99
TBA202408140,TBA,HOU,0,0,cleag001,hadej001,2.35,2.05
TBA202408160,TBA,ARI,0,2,fairp001,martj011,2.83,4.11
TBA202408170,TBA,ARI,1,0,sprij001,gallz001,4.11,4.83
TBA202408180,TBA,ARI,0,0,ucete001,martj011,3.79,4.11
TBA202408300,TBA,SDN,0,3,bradt002,perem004,5.05,3.54
TBA202408310,TBA,SDN,1,2,baz-s001,vasqr001,4.87,3.84
TBA202409010,TBA,SDN,0,0,rodrm001,scott003,2.08,4.74
TBA202409020,TBA,MIN,2,1,littz001,alcaj001,3.81,6.22
TBA202409030,TBA,MIN,0,0,sprij001,festd001,4.11,5.4
TBA202409040,TBA,MIN,0,0,alext001,varll001,4.98,
TBA202409050,TBA,MIN,0,0,bradt002,lopep002,5.05,2.74
TBA202409170,TBA,BOS,0,0,baz-s001,piven001,4.87,2.87
TBA202409180,TBA,BOS,0,0,rasmd002,slatj002,2.76,4.24
TBA202409190,TBA,BOS,0,0,littz001,bellb002,3.81,3.35
TBA202409200,TBA,TOR,0,0,kellk004,berrj001,5.9,4.17
TBA202409210,TBA,TOR,0,0,bradt002,rodry003,5.05,3.08
TBA202409220,TBA,TOR,0,0,kellk004,cabrg001,5.9,6.54
TEX202403280,TEX,CHN,0,0,robed002,smyld001,4.08,
TEX202403300,TEX,CHN,0,0,bradc003,hendk001,,4.76
TEX202403310,TEX,CHN,0,3,leclj001,nerih001,6.0,6.75
TEX202404050,TEX,HOU,0,0,bradc003,browh001,,2.43
TEX202404060,TEX,HOU,0,0,yatek001,franj006,5.23,
TEX202404070,TEX,HOU,0,0,dunnd001,blanr001,6.97,4.1
TEX202404080,TEX,HOU,5,2,heana001,marts003,5.52,5.4
TEX202404090,TEX,OAK,1,0,leclj001,kellm004,6.0,3.18
TEX202404100,TEX,OAK,3,1,bradc003,strir001,,
TEX202404110,TEX,OAK,0,0,grayj003,searj001,7.71,5.04
TEX202404230,TEX,SEA,0,2,dunnd001,gilbl002,6.97,3.44
TEX202404240,TEX,SEA,0,1,hernj004,millb004,,5.68
TEX202404250,TEX,SEA,1,2,heana001,castl003,5.52,3.54
TEX202404260,TEX,CIN,0,0,leclj001,simsl001,6.0,13.86
TEX202404270,TEX,CIN,0,0,lorem002,greeh001,4.64,2.76
TEX202404280,TEX,CIN,4,0,dunnd001,abboa001,6.97,2.87
TEX202404300,TEX,WAS,0,1,grayj003,gorem001,7.71,4.17
TEX202405010,TEX,WAS,0,0,heana001,willt002,5.52,6.21
TEX202405020,TEX,WAS,0,0,eovan001,parkm001,1.73,5.68
TEX202405130,TEX,CLE,0,0,leclj001,gaddh001,6.0,3.11
TEX202405140,TEX,CLE,0,0,leitj001,liveb001,3.86,3.22
TEX202405150,TEX,CLE,0,0,grayj003,carrc003,7.71,7.09
TEX202405170,TEX,ANA,0,0,heana001,andet002,5.52,4.56
TEX202405180,TEX,ANA,0,0,rodry002,fulmc001,,5.83
TEX202405190,TEX,ANA,0,0,lorem002,sorij002,4.64,4.26
TEX202405280,TEX,ARI,0,0,heana001,pfaab001,5.52,5.25
TEX202405290,TEX,ARI,0,0,dunnd001,nelsr003,6.97,3.39
TEX202406030,TEX,DET,1,0,leclj001,brieb001,6.0,6.55
TEX202406040,TEX,DET,0,0,dunnd001,flahj002,6.97,4.64
TEX202406050,TEX,DET,0,0,urenj001,wentj001,4.58,5.6
TEX202406070,TEX,SFN,0,0,robed002,webbl001,4.08,3.22
TEX202406080,TEX,SFN,1,1,heana001,mille002,5.52,1.5
TEX202406090,TEX,SFN,2,0,eovan001,winnk001,1.73,4.5
TEX202406170,TEX,NYN,0,1,grayj003,peted003,7.71,4.22
TEX202406180,TEX,NYN,0,0,yatek001,garrr001,5.23,3.9
TEX202406190,TEX,NYN,1,0,urenj001,smitd009,4.58,
TEX202406210,TEX,KCA,0,0,eovan001,schrj001,1.73,3.8
TEX202406220,TEX,KCA,0,0,grayj003,wachm001,7.71,3.86
TEX202406230,TEX,KCA,0,0,schem001,marsa001,5.19,
TEX202407020,TEX,SDN,2,0,eovan001,ceasd001,1.73,4.55
TEX202407030,TEX,SDN,0,0,dunnd001,morea001,6.97,2.08
TEX202407040,TEX,SDN,0,0,schem001,kingm002,5.19,3.44
TEX202407050,TEX,TBA,0,0,lorem002,baz-s001,4.64,4.87
TEX202407060,TEX,TBA,0,0,hernj004,kellk004,,5.9
TEX202407070,TEX,TBA,1,0,eovan001,littz001,1.73,3.81
TEX202407190,TEX,BAL,0,4,eovan001,burnc002,1.73,2.66
TEX202407200,TEX,BAL,0,0,schem001,rodrg003,5.19,
TEX202407210,TEX,BAL,0,0,heana001,kremd001,5.52,4.19
TEX202407220,TEX,CHA,0,1,hernj004,wilss002,,3.42
TEX202407230,TEX,CHA,1,0,grayj003,crocg001,7.71,2.59
TEX202407240,TEX,CHA,1,0,eovan001,flexc001,1.73,3.09
TEX202407250,TEX,CHA,0,0,schem001,cannj001,5.19,5.82
TEX202408020,TEX,BOS,1,0,urenj001,crawk001,4.58,
TEX202408030,TEX,BOS,0,1,leclj001,houct001,6.0,8.04
TEX202408040,TEX,BOS,1,0,eovan001,boosc001,1.73,5.52
TEX202408050,TEX,HOU,0,0,yatek001,fergc001,5.23,3.58
TEX202408060,TEX,HOU,0,0,mahlt001,valdf001,2.18,3.66
TEX202408070,TEX,HOU,0,1,urenj001,kikuy001,4.58,3.99
TEX202408150,TEX,MIN,2,0,yatek001,alcaj001,5.23,6.22
TEX202408160,TEX,MIN,0,0,heana001,woods002,5.52,4.04
TEX202408170,TEX,MIN,0,0,eovan001,henrr001,1.73,2.22
TEX202408180,TEX,MIN,0,3,chafa001,duraj002,2.41,2.06
TEX202408190,TEX,PIT,1,0,urenj001,ortil003,4.58,
TEX202408200,TEX,PIT,0,0,bradc003,kellm003,,4.19
TEX202408210,TEX,PIT,0,0,yatek001,bednd001,5.23,2.3
TEX202408300,TEX,OAK,0,1,grayj003,searj001,7.71,5.04
TEX202408310,TEX,OAK,0,0,yatek001,fergt001,5.23,4.66
TEX202409010,TEX,OAK,1,0,festm001,millm004,4.12,2.63
TEX202409020,TEX,NYA,0,0,leitj001,coleg001,3.86,
TEX202409030,TEX,NYA,0,0,pennw002,holmc001,,3.53
TEX202409040,TEX,NYA,1,0,eovan001,strom001,1.73,6.23
TEX202409050,TEX,ANA,3,0,bradc003,kochj001,,6.81
TEX202409060,TEX,ANA,0,0,garag001,aldes001,9.0,7.9
TEX202409070,TEX,ANA,0,2,leclj001,medev001,6.0,7.41
TEX202409080,TEX,ANA,3,0,heana001,danac001,5.52,6.4
TEX202409170,TEX,TOR,0,2,festm001,nanct001,4.12,1.99
TEX202409180,TEX,TOR,0,0,bradc003,franb002,,6.05
TEX202409190,TEX,TOR,0,0,rockk001,gausk001,5.74,3.59
TEX202409200,TEX,SEA,0,0,leitj001,kirbg001,3.86,4.21
TEX202409210,TEX,SEA,0,2,chafa001,hance001,2.41,4.9
TEX202409220,TEX,SEA,0,0,yatek001,munoa002,5.23,1.73
TOR202404080,TOR,SEA,0,0,berrj001,castl003,4.17,3.54
TOR202404090,TOR,SEA,0,0,bassc001,kirbg001,3.96,4.21
TOR202404100,TOR,SEA,0,0,mayzt001,munoa002,3.78,1.73
TOR202404120,TOR,COL,1,0,gausk001,feltr001,3.59,4.75
TOR202404130,TOR,COL,5,0,franb002,hudsd002,6.05,
TOR202404140,TOR,COL,1,0,berrj001,freek001,4.17,4.98
TOR202404150,TOR,NYA,0,0,bassc001,gil-l001,3.96,3.32
TOR202404160,TOR,NYA,0,0,kikuy001,rodoc001,3.99,3.09
TOR202404170,TOR,NYA,0,0,swane001,gonzv001,15.19,
TOR202404260,TOR,LAN,0,1,bassc001,stong001,3.96,
TOR202404270,TOR,LAN,0,1,kikuy001,glast001,3.99,3.19
TOR202404280,TOR,LAN,0,0,gausk001,grovm001,3.59,
TOR202404290,TOR,KCA,2,2,cabrg001,bowlj001,6.54,3.86
TOR202404300,TOR,KCA,0,0,berrj001,ragac001,4.17,4.67
TOR202405010,TOR,KCA,0,0,bassc001,lugos001,3.96,4.15
TOR202405100,TOR,MIN,0,1,kikuy001,ryanj002,3.99,3.42
TOR202405110,TOR,MIN,0,3,swane001,jackj001,15.19,
TOR202405120,TOR,MIN,0,0,manoa001,oberb002,,5.1
TOR202405170,TOR,TBA,0,0,bassc001,alext001,3.96,4.98
TOR202405180,TOR,TBA,0,0,pearn001,ramie004,9.2,2.45
TOR202405190,TOR,TBA,0,0,manoa001,civaa001,,4.85
TOR202405200,TOR,CHA,0,0,berrj001,fedde001,4.17,5.49
TOR202405210,TOR,CHA,0,0,kikuy001,crocg001,3.99,2.59
TOR202405220,TOR,CHA,0,0,bassc001,nastn001,3.96,
TOR202405310,TOR,PIT,0,0,cabrg001,nicok001,6.54,4.74
TOR202406010,TOR,PIT,0,3,kikuy001,kellm003,3.99,4.19
TOR202406020,TOR,PIT,0,0,bassc001,prieq001,3.96,3.32
TOR202406030,TOR,BAL,0,0,gausk001,rodrg003,3.59,
TOR202406040,TOR,BAL,0,0,cabrg001,burnc002,6.54,2.66
TOR202406050,TOR,BAL,0,0,garcy001,kimbc001,3.86,2.25
TOR202406060,TOR,BAL,0,0,kikuy001,povic001,3.99,5.21
TOR202406140,TOR,CLE,0,0,gausk001,allel003,3.59,4.25
TOR202406150,TOR,CLE,0,0,franb002,carrc003,6.05,7.09
TOR202406160,TOR,CLE,0,0,berrj001,liveb001,4.17,3.22
TOR202406170,TOR,BOS,0,2,kikuy001,piven001,3.99,2.87
TOR202406180,TOR,BOS,0,0,littb002,kellz001,3.03,4.58
TOR202406190,TOR,BOS,0,0,gausk001,bellb002,3.59,3.35
TOR202406270,TOR,NYA,5,0,berrj001,rodoc001,4.17,3.09
TOR202406280,TOR,NYA,1,0,kikuy001,tonkm001,3.99,4.88
TOR202406290,TOR,NYA,2,0,bassc001,cortn001,3.96,6.29
TOR202406300,TOR,NYA,0,2,gausk001,coleg001,3.59,
TOR202407010,TOR,HOU,0,0,rodry003,browh001,3.08,2.43
TOR202407020,TOR,HOU,1,0,berrj001,arris001,4.17,5.35
TOR202407030,TOR,HOU,1,0,pop-z001,scott004,14.85,7.9
TOR202407040,TOR,HOU,3,3,bassc001,valdf001,3.96,3.66
TOR202407190,TOR,DET,0,0,bassc001,flahj002,3.96,4.64
TOR202407200,TOR,DET,0,0,kikuy001,faeda001,3.99,
TOR202407210,TOR,DET,1,0,gausk001,montk001,3.59,4.37
TOR202407230,TOR,TBA,0,0,berrj001,alext001,4.17,4.98
TOR202407240,TOR,TBA,1,0,cabrg001,adamj002,6.54,1.93
TOR202407250,TOR,TBA,0,1,bassc001,bradt002,3.96,5.05
TOR202407260,TOR,TEX,3,1,greec003,sborj002,5.56,
TOR202407270,TOR,TEX,4,1,gausk001,lorem002,3.59,4.64
TOR202407280,TOR,TEX,3,0,berrj001,hernj004,4.17,
TOR202408060,TOR,BAL,0,0,bassc001,sotog003,3.96,4.18
TOR202408070,TOR,BAL,1,2,burrr002,smitb005,,
TOR202408080,TOR,BAL,3,0,gausk001,kremd001,3.59,4.19
TOR202408090,TOR,OAK,1,0,berrj001,spenm001,4.17,5.1
TOR202408100,TOR,OAK,0,0,rodry003,bidoo001,3.08,5.87
TOR202408110,TOR,OAK,0,6,bassc001,searj001,3.96,5.04
TOR202408190,TOR,CIN,1,0,gausk001,santt001,3.59,2.44
TOR202408200,TOR,CIN,1,0,berrj001,spiec001,4.17,6.08
TOR202408210,TOR,CIN,3,0,littb002,pagae001,3.03,2.88
TOR202408220,TOR,ANA,0,0,yarbr001,burkb001,4.36,3.36
TOR202408230,TOR,ANA,0,0,greec003,contr001,5.56,5.68
TOR202408240,TOR,ANA,2,0,franb002,fulmc001,6.05,5.83
TOR202408250,TOR,ANA,0,0,gausk001,andet002,3.59,4.56
TOR202409030,TOR,PHI,6,1,greec003,kerko001,5.56,3.3
TOR202409040,TOR,PHI,2,1,franb002,sancc002,6.05,2.5
TOR202409090,TOR,NYN,0,0,nanct001,stanr002,1.99,5.3
TOR202409100,TOR,NYN,0,1,bassc001,peted003,3.96,4.22
TOR202409110,TOR,NYN,0,0,greec003,yound005,5.56,4.32
TOR202409130,TOR,SLN,0,2,swane001,fernr001,15.19,7.71
TOR202409140,TOR,SLN,0,0,berrj001,gibsk002,4.17,16.78
TOR202409150,TOR,SLN,0,0,pop-z001,kitta001,14.85,3.4
TOR202409230,TOR,BOS,0,0,bassc001,houct001,3.96,8.04
TOR202409240,TOR,BOS,0,0,nanct001,martc007,1.99,2.98
TOR202409250,TOR,BOS,0,0,gausk001,fittr001,3.59,5.0
TOR202409270,TOR,MIA,0,3,berrj001,ollea001,4.17,
TOR202409280,TOR,MIA,1,2,rodry003,currx001,3.08,6.0
TOR202409290,TOR,MIA,0,2,burrr002,weatr001,,3.99
WAS202404010,WAS,PIT,0,0,garcr008,contr001,2.95,5.68
WAS202404030,WAS,PIT,0,0,willt002,kellm003,6.21,4.19
WAS202404040,WAS,PIT,0,4,grayj004,perem004,,3.54
WAS202404050,WAS,PHI,0,0,corbp001,nolaa001,4.4,6.01
WAS202404060,WAS,PHI,0,0,irvij001,suarr001,5.7,3.2
WAS202404070,WAS,PHI,0,0,gorem001,sancc002,4.17,2.5
WAS202404190,WAS,HOU,0,0,gorem001,verlj001,4.17,3.85
WAS202404200,WAS,HOU,1,1,finnk001,marts003,3.47,5.4
WAS202404210,WAS,HOU,3,0,parkm001,browh001,5.68,2.43
WAS202404230,WAS,LAN,0,0,harvh001,vesia001,0.0,3.02
WAS202404240,WAS,LAN,0,1,irvij001,knacl001,5.7,4.89
WAS202404250,WAS,LAN,0,0,gorem001,yamay001,4.17,2.49
WAS202405030,WAS,TOR,0,0,barnj002,swane001,9.0,15.19
WAS202405040,WAS,TOR,0,4,irvij001,gausk001,5.7,3.59
WAS202405050,WAS,TOR,1,0,harvh001,cabrg001,0.0,6.54
WAS202405070,WAS,BAL,0,0,willt002,burnc002,6.21,2.66
WAS202405080,WAS,BAL,0,0,weemj001,suara001,14.54,2.31
WAS202405200,WAS,MIN,0,0,parkm001,lopep002,5.68,2.74
WAS202405210,WAS,MIN,0,0,corbp001,ryanj002,4.4,3.42
WAS202405220,WAS,MIN,0,0,irvij001,okers001,5.7,3.01
WAS202405240,WAS,SEA,0,1,gorem001,kirbg001,4.17,4.21
WAS202405250,WAS,SEA,0,0,flord002,speig001,,2.61
WAS202405260,WAS,SEA,0,0,flord002,votha001,,
WAS202406030,WAS,NYN,0,0,gorem001,megit002,4.17,3.95
WAS202406040,WAS,NYN,0,0,herzd001,peted003,,4.22
WAS202406050,WAS,NYN,0,0,corbp001,sevel001,4.4,4.54
WAS202406060,WAS,ATL,0,0,harvh001,bumma001,0.0,3.81
WAS202406070,WAS,ATL,0,0,irvij001,salec001,5.7,2.58
WAS202406080,WAS,ATL,2,0,gorem001,mortc002,4.17,5.83
WAS202406090,WAS,ATL,0,0,barnj002,waldh001,9.0,2.88
WAS202406140,WAS,MIA,0,0,gorem001,andes002,4.17,10.32
WAS202406150,WAS,MIA,1,0,herzd001,roget003,,1.81
WAS202406160,WAS,MIA,1,0,parkm001,luzaj001,5.68,3.92
WAS202406180,WAS,ARI,0,2,irvij001,ceccs001,5.7,4.3
WAS202406190,WAS,ARI,0,0,law-d001,pfaab001,,5.25
WAS202406200,WAS,ARI,0,0,gorem001,nelsr003,4.17,3.39
WAS202407010,WAS,NYN,0,0,harvh001,diekj001,0.0,
WAS202407020,WAS,NYN,0,0,garcr008,buttj001,2.95,3.9
WAS202407030,WAS,NYN,0,0,barnj002,diekj001,9.0,
WAS202407040,WAS,NYN,0,0,irvij001,housa001,5.7,3.31
WAS202407050,WAS,SLN,2,0,flord002,helsr001,,4.5
WAS202407060,WAS,SLN,4,0,barnj002,lynnl001,9.0,
WAS202407070,WAS,SLN,0,0,herzd001,gibsk002,,16.78
WAS202407080,WAS,SLN,0,0,parkm001,mikom001,5.68,4.84
WAS202407190,WAS,CIN,0,0,corbp001,montf001,4.4,6.28
WAS202407200,WAS,CIN,2,2,law-d001,wilsj004,,3.35
WAS202407210,WAS,CIN,0,0,garcr008,simsl001,2.95,13.86
WAS202407230,WAS,SDN,0,0,herzd001,vasqr001,,3.84
WAS202407240,WAS,SDN,3,0,parkm001,waldm003,5.68,7.71
WAS202407250,WAS,SDN,0,3,corbp001,ceasd001,4.4,4.55
WAS202408020,WAS,MIL,0,0,irvij001,montf001,5.7,6.28
WAS202408030,WAS,MIL,4,0,herzd001,civaa001,,4.85
WAS202408040,WAS,MIL,1,0,parkm001,myert001,5.68,3.55
WAS202408050,WAS,SFN,0,1,corbp001,webbl001,4.4,3.22
WAS202408060,WAS,SFN,0,4,gorem001,birdh001,4.17,4.8
WAS202408070,WAS,SFN,0,0,irvij001,snelb001,5.7,2.35
WAS202408080,WAS,SFN,1,1,garcr008,dovac001,2.95,3.58
WAS202408090,WAS,ANA,1,0,finnk001,moorm003,3.47,
WAS202408100,WAS,ANA,0,0,law-d001,contr001,,5.68
WAS202408110,WAS,ANA,0,0,gorem001,kochj001,4.17,6.81
WAS202408200,WAS,COL,0,1,herzd001,gomba001,,7.49
WAS202408210,WAS,COL,0,0,parkm001,gordt002,5.68,6.33
WAS202408220,WAS,COL,0,0,corbp001,quanc001,4.4,6.04
WAS202408260,WAS,NYA,0,1,parkm001,cortn001,5.68,6.29
WAS202408270,WAS,NYA,0,0,corbp001,coleg001,4.4,
WAS202408280,WAS,NYA,2,0,gorem001,rodoc001,4.17,3.09
WAS202408300,WAS,CHN,2,0,irvij001,imans001,5.7,3.73
WAS202408310,WAS,CHN,0,0,herzd001,assaj001,,3.65
WAS202409010,WAS,CHN,0,0,parkm001,wickj001,5.68,6.28
WAS202409100,WAS,ATL,0,0,gorem001,chavj001,4.17,9.0
WAS202409110,WAS,ATL,0,0,irvij001,friem001,5.7,2.86
WAS202409120,WAS,MIA,3,0,law-d001,benda001,,2.16
WAS202409130,WAS,MIA,2,0,herzd001,cabre003,,3.53
WAS202409140,WAS,MIA,0,0,corbp001,bellv001,4.4,4.65
WAS202409150,WAS,MIA,0,0,gorem001,ollea001,4.17,
WAS202409240,WAS,KCA,0,0,finnk001,zerpa001,3.47,4.18
WAS202409250,WAS,KCA,0,0,herzd001,lyncd001,,3.06
WAS202409260,WAS,KCA,1,0,finnk001,bubik001,3.47,2.55
WAS202409270,WAS,PHI,4,0,willt002,suarr001,6.21,3.2
WAS202409280,WAS,PHI,0,0,ferrj002,hoffj003,,4.37
WAS202409290,WAS,PHI,1,2,irvij001,nolaa001,5.7,6.01
