game_id,hometeam,visteam,home_first_inning_runs,visiting_first_inning_runs,home_pitcher,away_pitcher,wp,lp,winner
ANA201004050,ANA,MIN,2,0,,N,weavj003,bakes002,ANA
ANA201004060,ANA,MIN,0,3,,N,blacn001,saunj001,MIN
ANA201004070,ANA,MIN,0,0,,N,pavac001,sante001,MIN
ANA201004080,ANA,MIN,0,0,,N,slowk001,pinej001,MIN
ANA201004090,ANA,OAK,0,3,,N,gonzg003,palmm001,OAK
ANA201004100,ANA,OAK,0,0,,N,rodnf001,bresc001,ANA
ANA201004110,ANA,OAK,2,0,,D,bradd002,saunj001,OAK
ANA201004190,ANA,DET,0,0,,N,pinej001,willd003,ANA
ANA201004200,ANA,DET,0,0,,N,kazms001,porcr001,ANA
ANA201004210,ANA,DET,3,0,,N,cokep001,fuenb001,DET
ANA201004220,ANA,DET,2,2,,N,verlj001,saunj001,DET
ANA201004230,ANA,NYA,1,0,,N,rodnf001,chamj002,ANA
ANA201004240,ANA,NYA,0,0,,D,petta001,pinej001,NYA
ANA201004250,ANA,NYA,0,0,,D,kazms001,vazqj001,ANA
ANA201004260,ANA,CLE,3,0,,N,weavj003,huffd001,ANA
ANA201004270,ANA,CLE,0,0,,N,talbm001,saunj001,CLE
ANA201004280,ANA,CLE,0,0,,D,fuenb001,smitj002,ANA
ANA201005100,ANA,TBA,1,0,,N,bellt002,balfg001,ANA
ANA201005110,ANA,TBA,0,0,,N,niemj001,kazms001,TBA
ANA201005120,ANA,TBA,0,2,,D,pricd001,weavj003,TBA
ANA201005140,ANA,OAK,0,0,,N,saunj001,bradd002,ANA
ANA201005150,ANA,OAK,0,1,,N,sante001,rosst001,ANA
ANA201005160,ANA,OAK,0,0,,D,pinej001,cahit001,ANA
ANA201005240,ANA,TOR,0,1,,N,cecib001,saunj001,TOR
ANA201005250,ANA,TOR,1,0,,N,sante001,romer002,ANA
ANA201005260,ANA,TOR,0,0,,D,fuenb001,downs001,ANA
ANA201005280,ANA,SEA,2,0,,N,lee-c003,kazms001,SEA
ANA201005290,ANA,SEA,0,0,,D,fuenb001,leagb001,ANA
ANA201005300,ANA,SEA,2,0,,D,rodnf001,aardd001,ANA
ANA201006140,ANA,MIL,0,0,,N,wolfr001,saunj001,MIL
ANA201006150,ANA,MIL,0,2,,N,bushd001,sante001,MIL
ANA201006160,ANA,MIL,1,0,,D,pinej001,narvc001,ANA
ANA201006220,ANA,LAN,0,0,,N,sante001,kersc001,ANA
ANA201006230,ANA,LAN,0,0,,N,pinej001,ely-j001,ANA
ANA201006240,ANA,LAN,1,0,,N,weavj002,kazms001,LAN
ANA201006250,ANA,COL,0,0,,N,belim001,rodrf005,COL
ANA201006260,ANA,COL,4,0,,N,saunj001,cooka002,ANA
ANA201006270,ANA,COL,0,0,,D,sante001,chacj001,ANA
ANA201006290,ANA,TEX,1,1,,N,pinej001,felds001,ANA
ANA201006300,ANA,TEX,1,0,,N,nippd001,kazms001,TEX
ANA201007010,ANA,TEX,1,0,,N,weavj003,wilsc004,ANA
ANA201007020,ANA,KCA,0,0,,N,tejer001,shies002,KCA
ANA201007030,ANA,KCA,0,0,,N,chenb001,sante001,KCA
ANA201007040,ANA,KCA,0,0,,N,pinej001,lerea001,ANA
ANA201007150,ANA,SEA,1,0,,N,pinej001,fistd001,ANA
ANA201007160,ANA,SEA,0,0,,N,weavj003,hernf002,ANA
ANA201007170,ANA,SEA,0,0,,N,jepsk001,sweeb001,ANA
ANA201007180,ANA,SEA,0,0,,D,leagb001,jepsk001,SEA
ANA201007260,ANA,BOS,1,0,,N,buchc001,hared001,BOS
ANA201007270,ANA,BOS,0,0,,N,lackj001,weavj003,BOS
ANA201007280,ANA,BOS,0,0,,D,beckj002,rodnf001,BOS
ANA201007300,ANA,TEX,0,3,,N,sante001,huntt002,ANA
ANA201007310,ANA,TEX,0,0,,N,hardr001,hared001,TEX
ANA201008010,ANA,TEX,2,0,,D,weavj003,lee-c003,ANA
ANA201008090,ANA,KCA,1,0,,N,sante001,osuls001,ANA
ANA201008100,ANA,KCA,1,0,,N,hared001,bullb001,ANA
ANA201008110,ANA,KCA,0,0,,D,fuenb001,chavj001,ANA
ANA201008130,ANA,TOR,0,0,,N,rzepm001,kazms001,TOR
ANA201008140,ANA,TOR,0,0,,N,sante001,cecib001,ANA
ANA201008150,ANA,TOR,0,0,,D,romer002,hared001,TOR
ANA201008230,ANA,TBA,0,3,,N,shiej002,kazms001,TBA
ANA201008240,ANA,TBA,0,0,,N,daviw001,sante001,TBA
ANA201008250,ANA,TBA,4,1,,D,hared001,niemj001,ANA
ANA201008270,ANA,BAL,1,1,,N,bergb002,bellt002,BAL
ANA201008280,ANA,BAL,0,0,,N,millk004,kazms001,BAL
ANA201008290,ANA,BAL,0,0,,D,guthj001,weavj003,BAL
ANA201009060,ANA,CLE,0,0,,N,lewij003,rodnf001,CLE
ANA201009070,ANA,CLE,0,0,,N,mastj001,bellt002,CLE
ANA201009080,ANA,CLE,0,0,,D,palmm001,ambrh001,ANA
ANA201009100,ANA,SEA,0,0,,N,thomr006,sweeb001,ANA
ANA201009110,ANA,SEA,0,0,,N,sante001,hernf002,ANA
ANA201009120,ANA,SEA,1,0,,D,hared001,vargj001,ANA
ANA201009200,ANA,TEX,0,0,,N,weavj003,holld003,ANA
ANA201009210,ANA,TEX,0,0,,N,sante001,lewic001,ANA
ANA201009220,ANA,TEX,0,0,,N,harrm001,palmm001,TEX
ANA201009240,ANA,CHA,0,0,,N,thorm001,rodnf001,CHA
ANA201009250,ANA,CHA,2,0,,N,dankj001,kazms001,CHA
ANA201009260,ANA,CHA,3,0,,D,penat003,weavj003,CHA
ANA201009270,ANA,OAK,0,1,,N,kohnm001,ziegb001,ANA
ANA201009280,ANA,OAK,0,0,,N,hared001,bradd002,ANA
ANA201009290,ANA,OAK,0,0,,D,cassb001,ziegb001,ANA
ARI201004050,ARI,SDN,2,0,,D,hared001,garlj001,ARI
ARI201004060,ARI,SDN,0,0,,N,younc003,jacke001,SDN
ARI201004070,ARI,SDN,1,0,,N,boyeb001,corrk001,ARI
ARI201004090,ARI,PIT,0,0,,N,loper001,mortc002,ARI
ARI201004100,ARI,PIT,0,1,,N,dukez001,hared001,PIT
ARI201004110,ARI,PIT,0,1,,D,jacke001,mccud001,ARI
ARI201004190,ARI,SLN,2,0,,N,pennb002,boyeb001,SLN
ARI201004200,ARI,SLN,2,2,,N,hared001,boggm001,ARI
ARI201004210,ARI,SLN,0,3,,N,mottj001,qualc001,SLN
ARI201004230,ARI,PHI,0,0,,N,bensk001,hamec001,ARI
ARI201004240,ARI,PHI,0,0,,N,contj002,gutij002,PHI
ARI201004250,ARI,PHI,0,2,,D,rosal001,hernd003,ARI
ARI201005070,ARI,MIL,0,0,,N,gally001,jacke001,MIL
ARI201005080,ARI,MIL,2,0,,N,wolfr001,valdc003,MIL
ARI201005090,ARI,MIL,0,0,,D,narvc001,kenni001,MIL
ARI201005100,ARI,LAN,0,0,,N,billc001,loper001,LAN
ARI201005110,ARI,LAN,0,0,,N,ely-j001,hared001,LAN
ARI201005120,ARI,LAN,0,0,,N,kuroh001,jacke001,LAN
ARI201005190,ARI,SFN,0,1,,N,kenni001,wellt002,ARI
ARI201005200,ARI,SFN,0,1,,N,heila001,affej001,ARI
ARI201005210,ARI,TOR,0,1,,N,hared001,morrb001,ARI
ARI201005220,ARI,TOR,4,0,,N,jacke001,eveld001,ARI
ARI201005230,ARI,TOR,1,0,,D,marcs001,buckb002,TOR
ARI201006040,ARI,COL,2,1,,N,qualc001,corpm001,ARI
ARI201006050,ARI,COL,0,0,,N,willd003,chacj001,ARI
ARI201006060,ARI,COL,0,0,,D,jimeu001,loper001,COL
ARI201006070,ARI,ATL,2,0,,N,hared001,lowed001,ARI
ARI201006080,ARI,ATL,2,1,,N,ventj001,vasqe001,ATL
ARI201006090,ARI,ATL,0,0,,N,heila001,moylp001,ARI
ARI201006100,ARI,ATL,0,0,,D,moylp001,qualc001,ATL
ARI201006110,ARI,SLN,0,0,,N,garcj004,loper001,SLN
ARI201006120,ARI,SLN,1,0,,N,hared001,ottaa001,ARI
ARI201006130,ARI,SLN,2,0,,D,vasqe001,mcclk001,ARI
ARI201006210,ARI,NYA,5,0,,N,loper001,burna001,ARI
ARI201006220,ARI,NYA,0,2,,N,petta001,hared001,NYA
ARI201006230,ARI,NYA,2,1,,N,rivem002,rosac001,NYA
ARI201007020,ARI,LAN,3,0,,N,jacke001,kuroh001,ARI
ARI201007030,ARI,LAN,0,0,,N,kersc001,loper001,LAN
ARI201007040,ARI,LAN,0,0,,D,kuo-h001,heila001,LAN
ARI201007050,ARI,CHN,0,1,,D,gorzt001,kenni001,CHN
ARI201007060,ARI,CHN,0,0,,N,silvc001,enrib001,CHN
ARI201007070,ARI,CHN,0,0,,N,dempr002,jacke001,CHN
ARI201007080,ARI,FLO,1,0,,N,loper001,sanca004,ARI
ARI201007090,ARI,FLO,0,0,,N,nolar001,hared001,FLO
ARI201007100,ARI,FLO,1,0,,N,kenni001,roben001,ARI
ARI201007110,ARI,FLO,0,0,,D,badeb001,enrib001,FLO
ARI201007190,ARI,NYN,4,0,,N,kenni001,pelfm001,ARI
ARI201007200,ARI,NYN,0,0,,N,enrib001,dickr001,ARI
ARI201007210,ARI,NYN,1,1,,N,boyeb001,nievf001,ARI
ARI201007220,ARI,SFN,0,1,,N,cainm001,loper001,SFN
ARI201007230,ARI,SFN,1,1,,N,ray-c001,jacke001,SFN
ARI201007240,ARI,SFN,0,1,,N,bumgm001,kenni001,SFN
ARI201007250,ARI,SFN,0,1,,D,romos001,vasqe001,SFN
ARI201008020,ARI,WAS,0,1,,N,hernl003,loper001,WAS
ARI201008030,ARI,WAS,0,1,,N,saunj001,olses001,ARI
ARI201008040,ARI,WAS,1,2,,N,stamc001,kenni001,WAS
ARI201008050,ARI,WAS,0,0,,N,enrib001,detwr001,ARI
ARI201008060,ARI,SDN,0,0,,N,hudsd001,garlj001,ARI
ARI201008070,ARI,SDN,1,0,,N,heila001,gregl001,ARI
ARI201008080,ARI,SDN,0,0,,D,latom001,saunj001,SDN
ARI201008170,ARI,CIN,2,0,,N,arrob001,hudsd001,CIN
ARI201008180,ARI,CIN,0,1,,N,rhoda001,heila001,CIN
ARI201008190,ARI,CIN,0,0,,N,woodt004,saunj001,CIN
ARI201008200,ARI,COL,0,0,,N,heila001,beimj001,ARI
ARI201008210,ARI,COL,0,0,,N,enrib001,jimeu001,ARI
ARI201008220,ARI,COL,0,0,,D,chacj001,heila001,COL
ARI201008300,ARI,SDN,4,2,,N,saunj001,leblw001,ARI
ARI201008310,ARI,SDN,0,2,,N,kenni001,corrk001,ARI
ARI201009010,ARI,SDN,0,0,,D,enrib001,gregl001,ARI
ARI201009030,ARI,HOU,1,0,,N,heila001,lopew001,ARI
ARI201009040,ARI,HOU,1,1,,N,melam001,heila001,HOU
ARI201009050,ARI,HOU,0,3,,D,happj001,loper001,HOU
ARI201009060,ARI,SFN,0,0,,D,garcj002,heila001,SFN
ARI201009070,ARI,SFN,0,3,,N,linct001,enrib001,SFN
ARI201009080,ARI,SFN,0,1,,N,hudsd001,zitob001,ARI
ARI201009210,ARI,COL,0,0,,N,saunj001,delaj001,ARI
ARI201009220,ARI,COL,1,4,,N,loper001,jimeu001,ARI
ARI201009230,ARI,COL,0,0,,N,carrd001,franj003,ARI
ARI201009240,ARI,LAN,0,0,,N,kersc001,enrib001,LAN
ARI201009250,ARI,LAN,0,0,,N,hudsd001,ely-j001,ARI
ARI201009260,ARI,LAN,0,0,,D,demes001,broxj001,ARI
ATL201004050,ATL,CHN,6,3,,D,lowed001,zambc001,ATL
ATL201004070,ATL,CHN,0,0,,N,moylp001,grabj002,ATL
ATL201004080,ATL,CHN,0,0,,N,wellr001,hanst001,CHN
ATL201004160,ATL,COL,0,0,,N,lowed001,hammj002,ATL
ATL201004170,ATL,COL,0,1,,N,jimeu001,kawak001,COL
ATL201004180,ATL,COL,1,0,,D,oflae001,moraf001,ATL
ATL201004200,ATL,PHI,0,0,,N,wagnb001,contj002,ATL
ATL201004210,ATL,PHI,0,0,,N,hallr001,hudst001,PHI
ATL201004220,ATL,PHI,0,2,,N,moyej001,lowed001,PHI
ATL201004300,ATL,HOU,2,0,,N,hanst001,myerb001,ATL
ATL201005010,ATL,HOU,0,1,,D,hudst001,rodrw002,ATL
ATL201005020,ATL,HOU,0,0,,D,lowed001,norrb001,ATL
ATL201005140,ATL,ARI,0,1,,N,wagnb001,qualc001,ATL
ATL201005150,ATL,ARI,0,1,,N,loper001,hanst001,ARI
ATL201005160,ATL,ARI,2,0,,D,hudst001,hared001,ATL
ATL201005170,ATL,NYN,0,0,,N,pelfm001,lowed001,NYN
ATL201005180,ATL,NYN,0,0,,N,wagnb001,felip002,ATL
ATL201005190,ATL,CIN,3,0,,N,wagnb001,massn001,ATL
ATL201005200,ATL,CIN,0,0,,D,kimbc001,cordf002,ATL
ATL201005280,ATL,PIT,4,0,,N,lowed001,dukez001,ATL
ATL201005290,ATL,PIT,1,0,,N,medlk001,burrb001,ATL
ATL201005300,ATL,PIT,1,0,,D,saitt001,hanrj001,ATL
ATL201005310,ATL,PHI,3,0,,D,hanst001,blanj001,ATL
ATL201006010,ATL,PHI,3,0,,N,hudst001,hamec001,ATL
ATL201006020,ATL,PHI,1,0,,D,lowed001,contj002,ATL
ATL201006150,ATL,TBA,1,4,,N,pricd001,kawak001,TBA
ATL201006160,ATL,TBA,0,0,,N,hanst001,daviw001,ATL
ATL201006170,ATL,TBA,0,0,,N,hudst001,shiej002,ATL
ATL201006180,ATL,KCA,0,0,,N,lowed001,bannb001,ATL
ATL201006190,ATL,KCA,2,0,,N,wagnb001,tejer001,ATL
ATL201006200,ATL,KCA,4,0,,D,kimbc001,woodb004,ATL
ATL201006250,ATL,DET,0,1,,N,medlk001,oliva002,ATL
ATL201006260,ATL,DET,0,0,,D,kawak001,zumaj001,ATL
ATL201006270,ATL,DET,0,1,,D,verlj001,hanst001,DET
ATL201006280,ATL,WAS,0,0,,N,hudst001,stras001,ATL
ATL201006290,ATL,WAS,0,0,,N,stamc001,lowed001,WAS
ATL201006300,ATL,WAS,1,0,,N,jurrj001,martj005,ATL
ATL201007020,ATL,FLO,0,1,,N,ventj001,nunel001,ATL
ATL201007030,ATL,FLO,0,0,,D,hanst001,sanca004,ATL
ATL201007040,ATL,FLO,1,2,,N,nolar001,hudst001,FLO
ATL201007150,ATL,MIL,0,1,,N,jurrj001,bushd001,ATL
ATL201007160,ATL,MIL,0,0,,N,wolfr001,hanst001,MIL
ATL201007170,ATL,MIL,0,0,,N,narvc001,hudst001,MIL
ATL201007180,ATL,MIL,0,1,,D,lowed001,parrm001,ATL
ATL201007200,ATL,SDN,0,0,,N,jurrj001,leblw001,ATL
ATL201007210,ATL,SDN,0,0,,N,staut001,medlk001,SDN
ATL201007220,ATL,SDN,2,0,,D,hudst001,richc002,ATL
ATL201008020,ATL,NYN,3,0,,N,hudst001,santj003,ATL
ATL201008030,ATL,NYN,0,0,,N,acosm001,wagnb001,NYN
ATL201008040,ATL,NYN,1,0,,N,dunnm002,pelfm001,ATL
ATL201008050,ATL,SFN,0,1,,N,jurrj001,linct001,ATL
ATL201008060,ATL,SFN,0,1,,N,lopej002,moylp001,SFN
ATL201008070,ATL,SFN,0,0,,N,hudst001,cainm001,ATL
ATL201008080,ATL,SFN,0,0,,D,lowed001,sancj002,ATL
ATL201008130,ATL,LAN,0,0,,N,hudst001,kuroh001,ATL
ATL201008140,ATL,LAN,0,0,,N,lillt001,lowed001,LAN
ATL201008150,ATL,LAN,0,0,,D,jurrj001,padiv001,ATL
ATL201008160,ATL,LAN,0,1,,N,moylp001,kuo-h001,ATL
ATL201008170,ATL,WAS,0,0,,N,minom001,olses001,ATL
ATL201008180,ATL,WAS,0,0,,N,wagnb001,burns001,ATL
ATL201008190,ATL,WAS,0,0,,D,lannj001,lowed001,WAS
ATL201008270,ATL,FLO,0,2,,N,volsc001,hanst001,FLO
ATL201008280,ATL,FLO,0,0,,N,hudst001,nolar001,ATL
ATL201008290,ATL,FLO,1,3,,D,saitt001,nunel001,ATL
ATL201008300,ATL,NYN,2,0,,N,jurrj001,miscp001,ATL
ATL201008310,ATL,NYN,0,0,,N,minom001,niesj001,ATL
ATL201009010,ATL,NYN,2,0,,N,hanst001,pelfm001,ATL
ATL201009020,ATL,NYN,0,2,,N,santj003,hudst001,NYN
ATL201009090,ATL,SLN,3,0,,N,waina001,jurrj001,SLN
ATL201009100,ATL,SLN,0,0,,N,moylp001,carpc002,ATL
ATL201009110,ATL,SLN,1,0,,D,kimbc001,boggm001,ATL
ATL201009120,ATL,SLN,0,1,,N,lohsk001,hudst001,SLN
ATL201009130,ATL,WAS,0,0,,N,lowed001,mayay001,ATL
ATL201009140,ATL,WAS,0,0,,N,hernl003,jurrj001,WAS
ATL201009150,ATL,WAS,0,0,,D,lannj001,minom001,WAS
ATL201009270,ATL,FLO,0,0,,N,dunnm002,veraj001,ATL
ATL201009280,ATL,FLO,0,0,,N,kimbc001,sanca004,ATL
ATL201009290,ATL,FLO,0,0,,D,lowed001,milla002,ATL
ATL201010010,ATL,PHI,1,0,,N,kendk001,beacb001,PHI
ATL201010020,ATL,PHI,0,0,,D,basta001,ventj001,PHI
ATL201010030,ATL,PHI,0,0,,D,hudst001,baezd001,ATL
BAL201004090,BAL,TOR,3,3,,D,jansc001,gonzm001,TOR
BAL201004100,BAL,TOR,0,0,,N,eveld001,hernd002,TOR
BAL201004110,BAL,TOR,2,0,,D,jansc001,millk004,TOR
BAL201004120,BAL,TBA,1,0,,N,garzm001,guthj001,TBA
BAL201004130,BAL,TBA,0,0,,N,corml001,albem001,TBA
BAL201004140,BAL,TBA,0,4,,D,pricd001,bergb002,TBA
BAL201004270,BAL,NYA,0,0,,N,casta002,robed002,BAL
BAL201004280,BAL,NYA,0,2,,N,sabac001,guthj001,NYA
BAL201004290,BAL,NYA,0,1,,N,burna001,matub001,NYA
BAL201004300,BAL,BOS,2,0,,N,albem001,ramir003,BAL
BAL201005010,BAL,BOS,1,0,,N,bergb002,matsd001,BAL
BAL201005020,BAL,BOS,0,0,,D,albem001,papej001,BAL
BAL201005110,BAL,SEA,0,0,,N,lee-c003,hernd002,SEA
BAL201005120,BAL,SEA,0,0,,N,bergb002,rowlr002,BAL
BAL201005130,BAL,SEA,0,0,,D,hendm001,leagb001,BAL
BAL201005140,BAL,CLE,0,1,,N,guthj001,mastj001,BAL
BAL201005150,BAL,CLE,0,0,,N,talbm001,simoa001,CLE
BAL201005160,BAL,CLE,0,0,,D,westj001,hendm001,CLE
BAL201005170,BAL,KCA,1,1,,N,davik002,bergb002,KCA
BAL201005180,BAL,KCA,0,0,,N,simoa001,bullb001,BAL
BAL201005250,BAL,OAK,0,0,,N,guthj001,rosst001,BAL
BAL201005260,BAL,OAK,0,4,,N,cahit001,matub001,OAK
BAL201005270,BAL,OAK,0,0,,N,wuerm001,hendm001,OAK
BAL201006040,BAL,BOS,0,3,,N,buchc001,tillc001,BOS
BAL201006050,BAL,BOS,0,0,,N,lestj001,guthj001,BOS
BAL201006060,BAL,BOS,0,0,,D,hernd002,okajh001,BAL
BAL201006080,BAL,NYA,0,2,,N,hughp001,millk004,NYA
BAL201006090,BAL,NYA,0,0,,N,sabac001,tillc001,NYA
BAL201006100,BAL,NYA,2,0,,N,arrij001,burna001,BAL
BAL201006110,BAL,NYN,0,1,,N,dickr001,guthj001,NYN
BAL201006120,BAL,NYN,1,1,,N,takah001,matub001,NYN
BAL201006130,BAL,NYN,2,5,,D,pelfm001,millk004,NYN
BAL201006220,BAL,FLO,0,0,,N,sanca004,guthj001,FLO
BAL201006230,BAL,FLO,0,0,,N,nolar001,matub001,FLO
BAL201006240,BAL,FLO,0,2,,N,millk004,roben001,BAL
BAL201006250,BAL,WAS,0,1,,N,simoa001,clipt001,BAL
BAL201006260,BAL,WAS,0,0,,D,berkj001,burns001,BAL
BAL201006270,BAL,WAS,0,0,,D,hernd002,clipt001,BAL
BAL201006290,BAL,OAK,0,0,,N,mazzv001,matub001,OAK
BAL201006300,BAL,OAK,0,0,,N,albem001,bowec001,BAL
BAL201007010,BAL,OAK,1,0,,N,cahit001,arrij001,OAK
BAL201007160,BAL,TOR,0,1,,N,romer002,bergb002,TOR
BAL201007170,BAL,TOR,0,1,,N,morrb001,berkj001,TOR
BAL201007180,BAL,TOR,1,0,,D,marcs001,matub001,TOR
BAL201007190,BAL,TBA,0,0,,N,daviw001,tillc001,TBA
BAL201007200,BAL,TBA,0,0,,N,uehak001,corml001,BAL
BAL201007210,BAL,TBA,0,1,,D,shiej002,bergb002,TBA
BAL201007220,BAL,MIN,0,3,,N,pavac001,millk004,MIN
BAL201007230,BAL,MIN,1,0,,N,guthj001,slama001,BAL
BAL201007240,BAL,MIN,0,1,,N,bakes002,matub001,MIN
BAL201007250,BAL,MIN,1,0,,D,slowk001,arrij001,MIN
BAL201008030,BAL,ANA,0,0,,N,guthj001,rodrf005,BAL
BAL201008040,BAL,ANA,0,0,,N,matub001,sante001,BAL
BAL201008050,BAL,ANA,0,0,,N,berkj001,rodrf005,BAL
BAL201008060,BAL,CHA,1,0,,N,simoa001,penat003,BAL
BAL201008070,BAL,CHA,0,0,,N,floyg001,berkj001,CHA
BAL201008080,BAL,CHA,0,0,,D,guthj001,buehm001,BAL
BAL201008090,BAL,CHA,0,0,,N,albem001,putzj001,BAL
BAL201008160,BAL,SEA,1,0,,N,albem001,whits002,BAL
BAL201008170,BAL,SEA,0,0,,N,frenl001,millk004,SEA
BAL201008180,BAL,SEA,2,0,,N,pauld001,guthj001,SEA
BAL201008190,BAL,TEX,0,0,,N,matub001,lewic001,BAL
BAL201008200,BAL,TEX,0,0,,N,wilsc004,arrij001,TEX
BAL201008210,BAL,TEX,0,0,,D,bergb002,lee-c003,BAL
BAL201008220,BAL,TEX,0,3,,D,huntt002,millk004,TEX
BAL201008310,BAL,BOS,1,0,,N,matub001,beckj002,BAL
BAL201009010,BAL,BOS,4,1,,N,lestj001,hendm001,BOS
BAL201009020,BAL,BOS,0,0,,N,matsd001,bergb002,BOS
BAL201009030,BAL,TBA,0,0,,N,garzm001,millk004,TBA
BAL201009040,BAL,TBA,2,1,,N,guthj001,shiej002,BAL
BAL201009050,BAL,TBA,2,0,,D,simoa001,wheed001,BAL
BAL201009130,BAL,TOR,1,0,,N,hernd002,tallb001,BAL
BAL201009140,BAL,TOR,0,0,,N,arrij001,hills003,BAL
BAL201009150,BAL,TOR,1,1,,N,bergb002,drabk001,BAL
BAL201009170,BAL,NYA,0,0,,N,robed002,uehak001,NYA
BAL201009180,BAL,NYA,0,2,,N,sabac001,guthj001,NYA
BAL201009190,BAL,NYA,1,1,,D,gonzm001,robed002,BAL
BAL201010011,BAL,DET,0,0,,D,tillc001,bondj001,BAL
BAL201010012,BAL,DET,0,0,,N,guthj001,porcr001,BAL
BAL201010020,BAL,DET,0,0,,N,matub001,galaa002,BAL
BAL201010030,BAL,DET,1,0,,D,schld001,bergb002,DET
BOS201004040,BOS,NYA,0,0,,N,okajh001,parkc002,BOS
BOS201004060,BOS,NYA,1,0,,N,aceva001,okajh001,NYA
BOS201004070,BOS,NYA,0,0,,N,parkc002,papej001,NYA
BOS201004160,BOS,TBA,0,0,"20100417,,1,1,51",N,corml001,delcm001,TBA
BOS201004170,BOS,TBA,0,4,,N,shiej002,buchc001,TBA
BOS201004180,BOS,TBA,0,0,,D,garzm001,lestj001,TBA
BOS201004190,BOS,TBA,0,1,,D,niemj001,lackj001,TBA
BOS201004200,BOS,TEX,1,1,,N,papej001,franf001,BOS
BOS201004210,BOS,TEX,0,1,,N,okajh001,nippd001,BOS
BOS201004220,BOS,TEX,0,0,,N,wilsc004,buchc001,TEX
BOS201004230,BOS,BAL,0,0,,N,delcm001,albem001,BOS
BOS201004240,BOS,BAL,0,0,,N,lackj001,albem001,BOS
BOS201004250,BOS,BAL,0,0,,D,johnj010,atchs001,BAL
BOS201005030,BOS,ANA,0,0,,N,buchc001,saunj001,BOS
BOS201005040,BOS,ANA,1,0,,N,lestj001,jepsk001,BOS
BOS201005050,BOS,ANA,0,0,,N,lackj001,pinej001,BOS
BOS201005060,BOS,ANA,0,4,,N,matsd001,kazms001,BOS
BOS201005070,BOS,NYA,0,0,,N,hughp001,beckj002,NYA
BOS201005080,BOS,NYA,0,0,,D,aceva001,buchc001,NYA
BOS201005090,BOS,NYA,0,0,,N,lestj001,burna001,BOS
BOS201005100,BOS,TOR,2,0,,N,lackj001,morrb001,BOS
BOS201005110,BOS,TOR,2,0,,N,matsd001,eveld001,BOS
BOS201005120,BOS,TOR,0,0,,D,marcs001,waket001,TOR
BOS201005190,BOS,MIN,0,0,,N,buchc001,bakes002,BOS
BOS201005200,BOS,MIN,0,0,,N,lestj001,lirif001,BOS
BOS201005270,BOS,KCA,0,0,,N,bannb001,matsd001,KCA
BOS201005280,BOS,KCA,3,0,,N,davik002,waket001,KCA
BOS201005290,BOS,KCA,0,0,,N,buchc001,greiz001,BOS
BOS201005300,BOS,KCA,0,0,,D,lestj001,thomb002,BOS
BOS201006010,BOS,OAK,0,0,,N,lackj001,rosst001,BOS
BOS201006020,BOS,OAK,2,3,,N,matsd001,sheeb001,BOS
BOS201006030,BOS,OAK,1,0,,D,mazzv001,waket001,OAK
BOS201006110,BOS,PHI,5,0,,N,lackj001,moyej001,BOS
BOS201006120,BOS,PHI,0,0,,D,delcm001,blanj001,BOS
BOS201006130,BOS,PHI,0,0,,D,hamec001,waket001,PHI
BOS201006150,BOS,ARI,2,1,,N,buchc001,kenni001,BOS
BOS201006160,BOS,ARI,2,0,,N,lestj001,loper001,BOS
BOS201006170,BOS,ARI,1,1,,N,lackj001,hared001,BOS
BOS201006180,BOS,LAN,3,0,,N,doubf001,monac001,BOS
BOS201006190,BOS,LAN,0,0,,D,papej001,belir001,BOS
BOS201006200,BOS,LAN,1,0,,N,buchc001,kuroh001,BOS
BOS201006290,BOS,TBA,0,0,,N,lackj001,shiej002,BOS
BOS201006300,BOS,TBA,0,0,,N,garzm001,matsd001,TBA
BOS201007020,BOS,BAL,0,0,,N,waket001,bergb002,BOS
BOS201007030,BOS,BAL,4,0,,N,lestj001,guthj001,BOS
BOS201007040,BOS,BAL,0,0,,D,matub001,lackj001,BAL
BOS201007150,BOS,TEX,0,6,,N,huntt002,waket001,TEX
BOS201007160,BOS,TEX,0,2,,N,lewic001,doubf001,TEX
BOS201007170,BOS,TEX,1,0,,N,delcm001,ogana001,BOS
BOS201007180,BOS,TEX,0,0,,D,wilsc004,lestj001,TEX
BOS201007300,BOS,DET,0,1,,N,weinr001,lestj001,DET
BOS201007310,BOS,DET,0,2,,D,okajh001,cokep001,BOS
BOS201008010,BOS,DET,0,0,,D,papej001,thomb001,BOS
BOS201008020,BOS,CLE,0,0,,N,carmf001,lackj001,CLE
BOS201008030,BOS,CLE,0,0,,N,beckj002,huffd001,BOS
BOS201008040,BOS,CLE,0,0,,N,mastj001,lestj001,CLE
BOS201008050,BOS,CLE,0,1,,N,matsd001,tomlj001,BOS
BOS201008170,BOS,ANA,0,0,,N,buchc001,weavj003,BOS
BOS201008180,BOS,ANA,1,0,,N,lackj001,jepsk001,BOS
BOS201008190,BOS,ANA,0,0,,N,sante001,beckj002,ANA
BOS201008200,BOS,TOR,0,5,,N,cecib001,lestj001,TOR
BOS201008210,BOS,TOR,0,0,,N,papej001,jansc001,BOS
BOS201008220,BOS,TOR,0,0,,D,buchc001,marcs001,BOS
BOS201008230,BOS,SEA,0,0,,N,lackj001,fistd001,BOS
BOS201008251,BOS,SEA,0,0,,D,beckj002,pauld001,BOS
BOS201008252,BOS,SEA,0,1,,N,hernf002,waket001,SEA
BOS201009041,BOS,CHA,0,0,,D,dankj001,buchc001,CHA
BOS201009042,BOS,CHA,0,0,,N,floyg001,lackj001,CHA
BOS201009050,BOS,CHA,0,0,,D,lines001,papej001,CHA
BOS201009060,BOS,TBA,3,1,,N,lestj001,niemj001,BOS
BOS201009070,BOS,TBA,2,0,,N,pricd001,matsd001,TBA
BOS201009080,BOS,TBA,0,1,,N,waket001,garzm001,BOS
BOS201009170,BOS,TOR,2,0,,N,cecib001,lackj001,TOR
BOS201009180,BOS,TOR,0,1,,N,romer002,beckj002,TOR
BOS201009190,BOS,TOR,0,0,,D,lestj001,marcs001,BOS
BOS201009200,BOS,BAL,1,1,,N,hernd002,matsd001,BAL
BOS201009210,BOS,BAL,0,0,,N,bergb002,atchs001,BAL
BOS201009220,BOS,BAL,0,0,,N,lackj001,millk004,BOS
BOS201010021,BOS,NYA,2,0,,D,hughp001,papej001,NYA
BOS201010022,BOS,NYA,1,1,,N,manur001,novai001,BOS
BOS201010030,BOS,NYA,2,0,,D,lackj001,mosed001,BOS
CHA201004050,CHA,CLE,2,0,,D,buehm001,westj001,CHA
CHA201004070,CHA,CLE,1,0,,N,carmf001,willr003,CLE
CHA201004080,CHA,CLE,0,0,,N,lewij003,putzj001,CLE
CHA201004090,CHA,MIN,0,0,,N,duenb001,penat003,MIN
CHA201004100,CHA,MIN,0,0,,D,bakes002,garcf002,MIN
CHA201004110,CHA,MIN,2,2,,D,buehm001,blacn001,CHA
CHA201004200,CHA,TBA,1,1,,N,dankj001,pricd001,CHA
CHA201004210,CHA,TBA,0,0,,N,daviw001,buehm001,TBA
CHA201004220,CHA,TBA,1,0,,N,shiej002,peavj001,TBA
CHA201004230,CHA,SEA,1,0,,N,thorm001,lowem002,CHA
CHA201004240,CHA,SEA,0,0,,D,jenkb001,aardd001,CHA
CHA201004250,CHA,SEA,1,0,,D,dankj001,leagb001,CHA
CHA201005030,CHA,KCA,0,0,,N,peavj001,mechg001,CHA
CHA201005040,CHA,KCA,0,1,,N,hochl001,floyg001,KCA
CHA201005050,CHA,KCA,4,0,,N,garcf002,bannb001,CHA
CHA201005060,CHA,TOR,0,0,,N,eveld001,dankj001,TOR
CHA201005070,CHA,TOR,0,0,,N,downs001,putzj001,TOR
CHA201005080,CHA,TOR,2,0,,N,peavj001,cecib001,CHA
CHA201005090,CHA,TOR,0,0,,D,frasj002,jenkb001,TOR
CHA201005190,CHA,ANA,0,0,,N,saunj001,dankj001,ANA
CHA201005200,CHA,ANA,0,2,,N,sante001,peavj001,ANA
CHA201005210,CHA,FLO,0,0,,N,buehm001,nolar001,CHA
CHA201005220,CHA,FLO,0,0,,D,floyg001,volsc001,CHA
CHA201005230,CHA,FLO,0,4,,D,johnj009,garcf002,FLO
CHA201006010,CHA,TEX,1,0,,N,hardr001,buehm001,TEX
CHA201006020,CHA,TEX,2,3,,N,felds001,floyg001,TEX
CHA201006030,CHA,TEX,0,0,,N,garcf002,lewic001,CHA
CHA201006040,CHA,CLE,0,0,,N,mastj001,dankj001,CLE
CHA201006050,CHA,CLE,0,0,,N,talbm001,peavj001,CLE
CHA201006060,CHA,CLE,2,3,,D,putzj001,sippt001,CHA
CHA201006080,CHA,DET,0,0,,N,thomb001,thorm001,DET
CHA201006090,CHA,DET,0,0,,N,garcf002,porcr001,CHA
CHA201006100,CHA,DET,1,0,,D,dankj001,schem001,CHA
CHA201006220,CHA,ATL,0,1,,N,dankj001,hanst001,CHA
CHA201006230,CHA,ATL,0,0,,N,buehm001,hudst001,CHA
CHA201006240,CHA,ATL,0,0,,D,putzj001,saitt001,CHA
CHA201006250,CHA,CHN,4,0,,D,peavj001,zambc001,CHA
CHA201006260,CHA,CHN,0,0,,N,putzj001,casha001,CHA
CHA201006270,CHA,CHN,2,0,,D,dempr002,dankj001,CHN
CHA201007050,CHA,ANA,1,0,,N,floyg001,kazms001,CHA
CHA201007060,CHA,ANA,1,0,,N,penat003,weavj003,CHA
CHA201007070,CHA,ANA,0,0,,N,garcf002,saunj001,CHA
CHA201007080,CHA,ANA,1,0,,D,dankj001,sante001,CHA
CHA201007090,CHA,KCA,0,0,,N,buehm001,chenb001,CHA
CHA201007100,CHA,KCA,0,0,,N,floyg001,bannb001,CHA
CHA201007110,CHA,KCA,0,0,,D,penat003,lerea001,CHA
CHA201007260,CHA,SEA,0,0,,N,dankj001,hernf002,CHA
CHA201007270,CHA,SEA,4,0,,N,floyg001,rowlr002,CHA
CHA201007280,CHA,SEA,1,2,,N,thorm001,wrigj001,CHA
CHA201007290,CHA,SEA,0,1,,N,garcf002,pauld001,CHA
CHA201007300,CHA,OAK,1,0,,N,harrl002,andeb004,CHA
CHA201007310,CHA,OAK,0,0,,N,bradd002,dankj001,OAK
CHA201008010,CHA,OAK,0,0,,D,floyg001,gonzg003,CHA
CHA201008100,CHA,MIN,0,1,,N,bakes002,garcf002,MIN
CHA201008110,CHA,MIN,0,0,,N,dankj001,perkg001,CHA
CHA201008120,CHA,MIN,1,1,,N,lirif001,floyg001,MIN
CHA201008130,CHA,DET,0,0,,N,buehm001,bondj001,CHA
CHA201008140,CHA,DET,0,0,,N,cokep001,putzj001,DET
CHA201008150,CHA,DET,0,0,,D,thomb001,putzj001,DET
CHA201008240,CHA,BAL,0,0,,N,floyg001,guthj001,CHA
CHA201008250,CHA,BAL,0,0,,N,matub001,buehm001,BAL
CHA201008260,CHA,BAL,1,0,,N,jacke001,arrij001,CHA
CHA201008270,CHA,NYA,4,1,,N,garcf002,burna001,CHA
CHA201008280,CHA,NYA,1,2,,N,sabac001,dankj001,NYA
CHA201008290,CHA,NYA,0,0,,D,novai001,floyg001,NYA
CHA201009100,CHA,KCA,0,0,,N,putzj001,tejer001,CHA
CHA201009110,CHA,KCA,0,1,,N,davik002,jacke001,KCA
CHA201009120,CHA,KCA,2,6,,D,sants001,humbp001,CHA
CHA201009140,CHA,MIN,0,0,,N,lirif001,dankj001,MIN
CHA201009150,CHA,MIN,0,0,,N,duenb001,floyg001,MIN
CHA201009160,CHA,MIN,0,0,,N,pavac001,buehm001,MIN
CHA201009170,CHA,DET,0,0,,N,schem001,jacke001,DET
CHA201009180,CHA,DET,0,2,,D,verlj001,sants001,DET
CHA201009190,CHA,DET,2,0,,N,weinr001,sants001,DET
CHA201009270,CHA,BOS,0,2,,N,buchc001,buehm001,BOS
CHA201009280,CHA,BOS,0,0,,N,salec001,bowdm001,CHA
CHA201009290,CHA,BOS,0,0,,N,garcf002,beckj002,CHA
CHA201009300,CHA,BOS,1,0,,N,dankj001,lestj001,CHA
CHA201010010,CHA,CLE,1,3,,N,carmf001,penat003,CLE
CHA201010020,CHA,CLE,0,0,,N,buehm001,carrc003,CHA
CHA201010030,CHA,CLE,2,0,,D,jacke001,germj001,CHA
CHN201004120,CHN,MIL,0,0,,D,dempr002,david002,CHN
CHN201004140,CHN,MIL,0,0,,D,grayj002,hawkl001,CHN
CHN201004150,CHN,MIL,1,1,,D,narvc001,samaj001,MIL
CHN201004160,CHN,HOU,0,0,,D,silvc001,paulf001,CHN
CHN201004170,CHN,HOU,0,0,,D,oswar001,gorzt001,HOU
CHN201004180,CHN,HOU,0,0,,D,byrdt001,marss002,HOU
CHN201004260,CHN,WAS,0,0,,N,marmc001,brunb001,CHN
CHN201004270,CHN,WAS,0,2,,N,hernl003,gorzt001,WAS
CHN201004280,CHN,WAS,1,1,,D,atill001,dempr002,WAS
CHN201004290,CHN,ARI,0,0,,D,kenni001,lillt001,ARI
CHN201004300,CHN,ARI,0,0,,D,wellr001,loper001,CHN
CHN201005010,CHN,ARI,0,0,,D,marss002,gutij002,CHN
CHN201005020,CHN,ARI,4,0,,D,gorzt001,jacke001,CHN
CHN201005100,CHN,FLO,0,0,,N,roben001,lillt001,FLO
CHN201005110,CHN,FLO,0,0,,N,nolar001,wellr001,FLO
CHN201005120,CHN,FLO,0,0,,D,silvc001,volsc001,CHN
CHN201005140,CHN,PIT,4,3,,D,meeke001,zambc001,PIT
CHN201005150,CHN,PIT,0,3,,D,mahop002,dempr002,PIT
CHN201005160,CHN,PIT,0,0,,D,marss002,carrd001,CHN
CHN201005170,CHN,COL,1,0,,N,marss002,belim001,CHN
CHN201005180,CHN,COL,0,0,,N,silvc001,chacj001,CHN
CHN201005250,CHN,LAN,0,0,,N,dempr002,kersc001,CHN
CHN201005260,CHN,LAN,0,3,,N,billc001,gorzt001,LAN
CHN201005270,CHN,LAN,0,0,,D,marss002,ely-j001,CHN
CHN201005280,CHN,SLN,0,5,,D,carpc002,wellr001,SLN
CHN201005290,CHN,SLN,0,0,,D,silvc001,ottaa001,CHN
CHN201005300,CHN,SLN,0,1,,D,waina001,dempr002,SLN
CHN201006110,CHN,CHA,0,2,,D,peavj001,wellr001,CHA
CHN201006120,CHN,CHA,0,1,,D,buehm001,silvc001,CHA
CHN201006130,CHN,CHA,0,0,,N,lillt001,floyg001,CHN
CHN201006150,CHN,OAK,0,0,,N,cahit001,zambc001,OAK
CHN201006160,CHN,OAK,0,1,,N,dempr002,gonzg003,CHN
CHN201006170,CHN,OAK,1,0,,D,marmc001,blevj001,CHN
CHN201006180,CHN,ANA,0,0,,D,kazms001,silvc001,ANA
CHN201006190,CHN,ANA,0,4,,D,weavj003,lillt001,ANA
CHN201006200,CHN,ANA,2,0,,D,zambc001,saunj001,CHN
CHN201006280,CHN,PIT,0,0,,N,mahop002,casha001,PIT
CHN201006290,CHN,PIT,0,0,,N,lillt001,karsj001,CHN
CHN201006300,CHN,PIT,0,0,,D,lincb001,casha001,PIT
CHN201007010,CHN,CIN,0,1,,D,smitj003,howrb001,CIN
CHN201007020,CHN,CIN,0,0,,D,arrob001,dempr002,CIN
CHN201007030,CHN,CIN,0,0,,D,wellr001,smitj003,CHN
CHN201007040,CHN,CIN,0,0,,D,leakm001,lillt001,CIN
CHN201007150,CHN,PHI,2,2,,N,dempr002,moyej001,CHN
CHN201007160,CHN,PHI,0,0,,D,marss002,madsr001,CHN
CHN201007170,CHN,PHI,0,0,,D,durbc001,marmc001,PHI
CHN201007180,CHN,PHI,0,0,,N,gorzt001,hallr001,CHN
CHN201007190,CHN,HOU,0,5,,N,rodrw002,silvc001,HOU
CHN201007200,CHN,HOU,0,0,,N,casha001,lyonb003,CHN
CHN201007210,CHN,HOU,0,0,,D,lyonb003,howrb001,HOU
CHN201007230,CHN,SLN,1,0,,D,wellr001,suppj001,CHN
CHN201007240,CHN,SLN,1,0,,D,gorzt001,hawkb001,CHN
CHN201007250,CHN,SLN,0,0,,N,franr001,schlb001,SLN
CHN201008020,CHN,MIL,0,0,,N,gally001,wellr001,MIL
CHN201008030,CHN,MIL,1,1,,N,narvc001,diamt001,MIL
CHN201008040,CHN,MIL,0,0,,D,dempr002,parrm001,CHN
CHN201008060,CHN,CIN,0,0,,D,arrob001,gorzt001,CIN
CHN201008070,CHN,CIN,0,0,,D,ondrl001,wellr001,CIN
CHN201008080,CHN,CIN,0,2,,D,woodt004,diamt001,CIN
CHN201008160,CHN,SDN,0,0,,N,corrk001,gorzt001,SDN
CHN201008170,CHN,SDN,0,1,,N,garlj001,wellr001,SDN
CHN201008180,CHN,SDN,0,2,,D,richc002,colec001,SDN
CHN201008190,CHN,SDN,0,0,,D,latom001,marss002,SDN
CHN201008200,CHN,ATL,0,0,,D,moylp001,marmc001,ATL
CHN201008210,CHN,ATL,2,0,,D,gorzt001,hanst001,CHN
CHN201008220,CHN,ATL,1,1,,D,minom001,wellr001,ATL
CHN201008300,CHN,PIT,2,0,,N,zambc001,mahop002,CHN
CHN201008310,CHN,PIT,0,4,,N,karsj001,dempr002,PIT
CHN201009010,CHN,PIT,0,0,,D,diamt001,mcdoj004,CHN
CHN201009030,CHN,NYN,0,3,,D,russj003,dickr001,CHN
CHN201009040,CHN,NYN,0,0,,D,zambc001,mejij001,CHN
CHN201009050,CHN,NYN,1,0,,D,niesj001,dempr002,NYN
CHN201009060,CHN,HOU,0,0,,D,casha001,lopew001,CHN
CHN201009070,CHN,HOU,2,1,,N,figun001,silvc001,HOU
CHN201009080,CHN,HOU,0,0,,N,myerb001,wellr001,HOU
CHN201009210,CHN,SFN,0,0,,N,ramir003,casha001,SFN
CHN201009220,CHN,SFN,0,0,,N,wellr001,sancj002,CHN
CHN201009230,CHN,SFN,0,1,,N,bumgm001,dempr002,SFN
CHN201009240,CHN,SLN,0,3,,D,waina001,gorzt001,SLN
CHN201009250,CHN,SLN,0,0,,D,colec001,carpc002,CHN
CHN201009260,CHN,SLN,0,4,,D,westj001,samaj001,SLN
CIN201004050,CIN,SLN,0,1,,D,carpc002,haraa001,SLN
CIN201004070,CIN,SLN,0,0,,N,waina001,herrd001,SLN
CIN201004080,CIN,SLN,0,0,,D,cordf002,mottj001,CIN
CIN201004090,CIN,CHN,1,1,,N,owinm001,carie001,CIN
CIN201004100,CIN,CHN,0,0,,D,zambc001,rhoda001,CHN
CIN201004110,CIN,CHN,0,0,,D,massn001,grabj002,CIN
CIN201004200,CIN,LAN,0,3,,N,lincm001,tronr001,CIN
CIN201004210,CIN,LAN,3,1,,N,kuroh001,haraa001,LAN
CIN201004220,CIN,LAN,1,2,,N,leakm001,kuo-h001,CIN
CIN201004230,CIN,SDN,0,0,,N,corrk001,arrob001,SDN
CIN201004240,CIN,SDN,0,1,,D,leblw001,cuetj001,SDN
CIN201004250,CIN,SDN,0,0,,D,rhoda001,adamm001,CIN
CIN201005030,CIN,NYN,1,0,,N,massn001,acosm001,CIN
CIN201005040,CIN,NYN,1,1,,N,felip002,cordf002,NYN
CIN201005050,CIN,NYN,0,0,,D,owinm001,felip002,CIN
CIN201005070,CIN,CHN,0,0,,N,silvc001,bailh001,CHN
CIN201005080,CIN,CHN,2,0,,N,haraa001,gorzt001,CIN
CIN201005090,CIN,CHN,0,0,,D,leakm001,dempr002,CIN
CIN201005140,CIN,SLN,0,0,,N,garcj004,haraa001,SLN
CIN201005150,CIN,SLN,0,0,,N,leakm001,waina001,CIN
CIN201005160,CIN,SLN,2,0,,D,arrob001,pennb002,CIN
CIN201005170,CIN,MIL,0,0,,N,cuetj001,cofft001,CIN
CIN201005180,CIN,MIL,1,2,,D,fishc001,hofft001,CIN
CIN201005240,CIN,PIT,0,0,,N,haraa001,burrb001,CIN
CIN201005250,CIN,PIT,0,0,,N,hanrj001,massn001,PIT
CIN201005260,CIN,PIT,0,0,,N,arrob001,ohler001,CIN
CIN201005270,CIN,PIT,4,0,,N,cuetj001,mortc002,CIN
CIN201005280,CIN,HOU,2,1,,N,lecus001,rodrw002,CIN
CIN201005290,CIN,HOU,0,0,,N,haraa001,moehb001,CIN
CIN201005300,CIN,HOU,0,0,,D,lyonb003,owinm001,HOU
CIN201006070,CIN,SFN,0,0,,N,romos001,herrd001,SFN
CIN201006080,CIN,SFN,0,0,,N,cainm001,lecus001,SFN
CIN201006090,CIN,SFN,1,0,,N,haraa001,sancj002,CIN
CIN201006100,CIN,SFN,0,1,,D,rhoda001,motag001,CIN
CIN201006110,CIN,KCA,1,0,,N,martv002,owinm001,KCA
CIN201006120,CIN,KCA,4,0,,N,cuetj001,bannb001,CIN
CIN201006130,CIN,KCA,2,1,,D,greiz001,lecus001,KCA
CIN201006150,CIN,LAN,0,3,,N,kuroh001,haraa001,LAN
CIN201006160,CIN,LAN,0,0,,N,kersc001,leakm001,LAN
CIN201006170,CIN,LAN,0,0,,D,arrob001,ely-j001,CIN
CIN201006250,CIN,CLE,0,0,,N,haraa001,laffa001,CIN
CIN201006260,CIN,CLE,1,1,,N,herrd001,mastj001,CIN
CIN201006270,CIN,CLE,1,1,,D,talbm001,arrob001,CLE
CIN201006280,CIN,PHI,0,0,,N,cuetj001,kendk001,CIN
CIN201006290,CIN,PHI,1,0,,N,lidgb001,rhoda001,PHI
CIN201006300,CIN,PHI,0,0,,D,rhoda001,hallr001,CIN
CIN201007160,CIN,COL,0,0,,N,arrob001,hammj002,CIN
CIN201007170,CIN,COL,0,1,,N,volqe001,delaj001,CIN
CIN201007180,CIN,COL,0,0,,D,cooka002,woodt004,COL
CIN201007190,CIN,WAS,0,0,,N,cuetj001,martj005,CIN
CIN201007200,CIN,WAS,3,0,,N,leakm001,atill001,CIN
CIN201007210,CIN,WAS,0,0,,N,stras001,arrob001,WAS
CIN201007220,CIN,WAS,0,1,,D,hernl003,volqe001,WAS
CIN201007300,CIN,ATL,0,0,,N,chavj001,cordf002,ATL
CIN201007310,CIN,ATL,0,2,,D,arrob001,jurrj001,CIN
CIN201008010,CIN,ATL,0,0,,D,volqe001,hanst001,CIN
CIN201008090,CIN,SLN,0,0,,N,carpc002,leakm001,SLN
CIN201008100,CIN,SLN,0,1,,N,garcj004,cuetj001,SLN
CIN201008110,CIN,SLN,0,0,,D,waina001,arrob001,SLN
CIN201008130,CIN,FLO,3,0,,N,volqe001,johnj009,CIN
CIN201008140,CIN,FLO,0,0,,N,leakm001,wests001,CIN
CIN201008150,CIN,FLO,0,0,,D,bailh001,sanca004,CIN
CIN201008270,CIN,CHN,1,0,,N,cuetj001,gorzt001,CIN
CIN201008280,CIN,CHN,0,0,,N,wellr001,arrob001,CHN
CIN201008290,CIN,CHN,1,0,,D,ondrl001,marss002,CIN
CIN201008300,CIN,MIL,1,0,,N,cordf002,hofft001,CIN
CIN201008310,CIN,MIL,2,1,,N,lecus001,gally001,CIN
CIN201009010,CIN,MIL,0,0,,N,chapa001,cofft001,CIN
CIN201009100,CIN,PIT,0,0,,N,smitj003,ledew001,CIN
CIN201009110,CIN,PIT,0,0,,N,cordf002,thomj006,CIN
CIN201009120,CIN,PIT,0,0,,D,parkc002,cordf002,PIT
CIN201009130,CIN,ARI,0,0,,N,arrob001,enrib001,CIN
CIN201009140,CIN,ARI,0,0,,N,hudsd001,woodt004,ARI
CIN201009150,CIN,ARI,5,0,,N,malom001,saunj001,CIN
CIN201009160,CIN,ARI,1,0,,D,loper001,volqe001,ARI
CIN201009280,CIN,HOU,1,0,,N,chapa001,byrdt001,CIN
CIN201009290,CIN,HOU,0,1,,N,figun001,cuetj001,HOU
CIN201009300,CIN,HOU,0,0,,N,arrob001,myerb001,CIN
CIN201010010,CIN,MIL,1,0,,N,mcclm001,lecus001,MIL
CIN201010020,CIN,MIL,0,0,,D,ondrl001,cofft001,CIN
CIN201010030,CIN,MIL,2,0,,D,malom001,wolfr001,CIN
CLE201004120,CLE,TEX,1,0,,D,franf001,wrigj001,TEX
CLE201004140,CLE,TEX,0,1,,N,lewic001,mastj001,TEX
CLE201004150,CLE,TEX,0,0,,D,huffd001,harrm001,CLE
CLE201004160,CLE,CHA,0,0,,N,talbm001,buehm001,CLE
CLE201004170,CLE,CHA,1,0,,D,lewij003,thorm001,CLE
CLE201004180,CLE,CHA,3,0,,D,carmf001,floyg001,CLE
CLE201004300,CLE,MIN,0,2,,N,slowk001,carmf001,MIN
CLE201005010,CLE,MIN,0,2,,N,wrigj001,burna002,CLE
CLE201005020,CLE,MIN,2,2,,D,lirif001,huffd001,MIN
CLE201005030,CLE,TOR,0,0,,N,cecib001,talbm001,TOR
CLE201005040,CLE,TOR,0,1,,N,romer002,lewij003,TOR
CLE201005050,CLE,TOR,0,0,,D,frasj002,perec002,TOR
CLE201005080,CLE,DET,0,0,,D,verlj001,woodk002,DET
CLE201005090,CLE,DET,0,1,,D,talbm001,schem001,CLE
CLE201005190,CLE,KCA,0,0,,N,chenb001,woodk002,KCA
CLE201005200,CLE,KCA,1,0,,D,hochl001,talbm001,KCA
CLE201005210,CLE,CIN,1,0,,N,arrob001,laffa001,CIN
CLE201005220,CLE,CIN,0,2,,N,cuetj001,carmf001,CIN
CLE201005230,CLE,CIN,2,2,,D,huffd001,herrd001,CLE
CLE201005240,CLE,CHA,0,4,,N,dankj001,mastj001,CHA
CLE201005250,CLE,CHA,0,0,,N,talbm001,peavj001,CLE
CLE201005260,CLE,CHA,0,0,,D,penat003,westj001,CHA
CLE201006070,CLE,BOS,0,1,,N,matsd001,carmf001,BOS
CLE201006080,CLE,BOS,1,0,,N,waket001,huffd001,BOS
CLE201006090,CLE,BOS,1,0,,N,mastj001,buchc001,CLE
CLE201006100,CLE,BOS,0,4,,N,woodk002,bardd001,CLE
CLE201006110,CLE,WAS,4,1,,N,westj001,atill001,CLE
CLE201006120,CLE,WAS,1,0,,N,carmf001,martj005,CLE
CLE201006130,CLE,WAS,0,0,,D,stras001,huffd001,WAS
CLE201006150,CLE,NYN,0,1,,N,santj003,mastj001,NYN
CLE201006160,CLE,NYN,0,0,,N,niesj001,talbm001,NYN
CLE201006170,CLE,NYN,0,3,,N,dickr001,westj001,NYN
CLE201006280,CLE,TOR,1,1,,N,westj001,romer002,CLE
CLE201006290,CLE,TOR,2,0,,N,carmf001,morrb001,CLE
CLE201006300,CLE,TOR,1,0,,N,laffa001,litsj001,CLE
CLE201007010,CLE,TOR,0,0,,D,mastj001,marcs001,CLE
CLE201007020,CLE,OAK,0,1,,N,gonzg003,talbm001,OAK
CLE201007030,CLE,OAK,2,0,,N,sippt001,bresc001,CLE
CLE201007040,CLE,OAK,0,1,,D,mazzv001,carmf001,OAK
CLE201007160,CLE,DET,0,1,,N,westj001,schem001,CLE
CLE201007171,CLE,DET,0,3,,D,carmf001,cokep001,CLE
CLE201007172,CLE,DET,0,0,,N,perer002,weinr001,CLE
CLE201007180,CLE,DET,3,0,,D,gomej002,oliva002,CLE
CLE201007230,CLE,TBA,1,0,,N,carmf001,niemj001,CLE
CLE201007240,CLE,TBA,1,0,,N,pricd001,talbm001,TBA
CLE201007250,CLE,TBA,1,0,,D,daviw001,mastj001,TBA
CLE201007260,CLE,NYA,0,0,,N,vazqj001,westj001,NYA
CLE201007270,CLE,NYA,0,0,,N,tomlj001,sabac001,CLE
CLE201007280,CLE,NYA,0,1,,N,burna001,carmf001,NYA
CLE201007290,CLE,NYA,1,0,,N,mosed001,herrf001,NYA
CLE201008060,CLE,MIN,3,0,,N,perec002,guerm001,CLE
CLE201008070,CLE,MIN,0,0,,N,pavac001,carmf001,MIN
CLE201008080,CLE,MIN,3,0,,D,duenb001,huffd001,MIN
CLE201008100,CLE,BAL,0,0,,N,arrij001,mastj001,BAL
CLE201008110,CLE,BAL,0,1,,N,bergb002,tomlj001,BAL
CLE201008120,CLE,BAL,1,0,,N,gomej002,millk004,CLE
CLE201008130,CLE,SEA,0,1,,N,pauld001,carmf001,SEA
CLE201008140,CLE,SEA,0,1,,N,vargj001,talbm001,SEA
CLE201008150,CLE,SEA,0,0,,D,sippt001,hernf002,CLE
CLE201008240,CLE,OAK,0,0,,N,gonzg003,carmf001,OAK
CLE201008250,CLE,OAK,0,5,,N,cahit001,talbm001,OAK
CLE201008260,CLE,OAK,0,0,,N,mastj001,mazzv001,CLE
CLE201008270,CLE,KCA,0,0,,N,tomlj001,bullb001,CLE
CLE201008280,CLE,KCA,1,0,,N,perec002,chavj001,CLE
CLE201008290,CLE,KCA,0,0,,D,chenb001,carmf001,KCA
CLE201008300,CLE,CHA,0,2,,N,lines001,perer002,CHA
CLE201008310,CLE,CHA,0,0,,N,jacke001,smitj002,CHA
CLE201009010,CLE,CHA,0,1,,D,penat003,germj001,CHA
CLE201009100,CLE,MIN,0,0,,N,carmf001,pavac001,CLE
CLE201009110,CLE,MIN,0,0,,N,guerm001,germj001,MIN
CLE201009120,CLE,MIN,0,5,,D,slowk001,talbm001,MIN
CLE201009140,CLE,ANA,1,1,,N,tomlj001,kazms001,CLE
CLE201009150,CLE,ANA,0,4,,N,weavj003,gomej002,ANA
CLE201009160,CLE,ANA,0,0,,N,perer002,cassb001,CLE
CLE201009230,CLE,KCA,0,2,,N,osuls001,talbm001,KCA
CLE201009240,CLE,KCA,1,0,,N,tomlj001,hochl001,CLE
CLE201009250,CLE,KCA,0,0,,N,gomej002,greiz001,CLE
CLE201009260,CLE,KCA,0,1,,D,perer002,tejer001,CLE
CLE201009270,CLE,DET,0,0,,N,carrc003,galaa002,CLE
CLE201009291,CLE,DET,0,0,,D,talbm001,schem001,CLE
CLE201009292,CLE,DET,0,2,,N,tomlj001,verlj001,CLE
COL201004090,COL,SDN,0,0,,D,delaj001,richc002,COL
COL201004100,COL,SDN,0,0,,N,staut001,corpm001,SDN
COL201004110,COL,SDN,0,0,,D,jimeu001,garlj001,COL
COL201004130,COL,NYN,2,0,,N,smitg002,mainj001,COL
COL201004140,COL,NYN,0,0,,N,florr001,mejij001,COL
COL201004150,COL,NYN,0,1,,D,pelfm001,delaj001,NYN
COL201004241,COL,FLO,0,0,,D,nolar001,smitg002,FLO
COL201004242,COL,FLO,2,0,,N,cooka002,roben001,COL
COL201004250,COL,FLO,0,0,,D,delaj001,volsc001,COL
COL201004260,COL,ARI,1,3,,N,hared001,hammj002,ARI
COL201004270,COL,ARI,3,0,,N,jimeu001,jacke001,COL
COL201004280,COL,ARI,0,6,,D,howrb001,moraf001,ARI
COL201005100,COL,PHI,1,1,,N,baezd001,corpm001,PHI
COL201005120,COL,PHI,1,0,,D,beimj001,durbc001,COL
COL201005130,COL,WAS,0,2,,N,slatd001,chacj001,WAS
COL201005151,COL,WAS,0,1,,D,jimeu001,hernl003,COL
COL201005152,COL,WAS,0,0,,N,hammj002,burns001,COL
COL201005160,COL,WAS,0,1,,D,belim001,clipt001,COL
COL201005250,COL,ARI,0,0,,N,chacj001,kenni001,COL
COL201005260,COL,ARI,1,0,,N,jimeu001,loper001,COL
COL201005270,COL,ARI,3,0,,D,hammj002,hared001,COL
COL201005280,COL,LAN,2,0,,N,monac001,franj003,LAN
COL201005290,COL,LAN,2,0,,N,cooka002,kuroh001,COL
COL201005300,COL,LAN,2,1,,D,kersc001,chacj001,LAN
COL201006070,COL,HOU,0,0,,N,hammj002,rodrw002,COL
COL201006080,COL,HOU,3,0,,N,lopew001,belim001,HOU
COL201006090,COL,HOU,0,0,,N,lyonb003,belim001,HOU
COL201006100,COL,HOU,0,0,,D,oswar001,chacj001,HOU
COL201006110,COL,TOR,0,0,,N,jimeu001,romer002,COL
COL201006120,COL,TOR,0,0,,N,hammj002,morrb001,COL
COL201006130,COL,TOR,4,0,,D,franj003,litsj001,COL
COL201006180,COL,MIL,1,0,,N,hammj002,parrm001,COL
COL201006190,COL,MIL,1,0,,N,belim001,bradz001,COL
COL201006200,COL,MIL,0,0,,D,hofft001,corpm001,MIL
COL201006220,COL,BOS,0,0,,N,chacj001,lestj001,COL
COL201006230,COL,BOS,0,0,,N,corpm001,papej001,COL
COL201006240,COL,BOS,2,0,,N,papej001,streh001,BOS
COL201007010,COL,SFN,2,0,,N,cooka002,bumgm001,COL
COL201007020,COL,SFN,0,2,,N,chacj001,linct001,COL
COL201007030,COL,SFN,1,0,,N,bautd002,corpm001,SFN
COL201007040,COL,SFN,0,0,,D,florr001,motag001,COL
COL201007060,COL,SLN,0,0,,N,corpm001,franr001,COL
COL201007070,COL,SLN,0,2,,N,streh001,macle001,COL
COL201007080,COL,SLN,2,0,,D,jimeu001,carpc002,COL
COL201007090,COL,SDN,0,0,,N,belim001,gregl001,COL
COL201007100,COL,SDN,0,0,,N,hammj002,leblw001,COL
COL201007110,COL,SDN,0,1,,D,gregl001,belim001,SDN
COL201007270,COL,PIT,0,2,,N,dukez001,delaj001,PIT
COL201007280,COL,PIT,1,0,,N,galls001,cooka002,PIT
COL201007290,COL,PIT,1,1,,D,jimeu001,mahop002,COL
COL201007300,COL,CHN,0,0,,N,franj003,dempr002,COL
COL201007310,COL,CHN,0,0,,N,streh001,marss002,COL
COL201008010,COL,CHN,2,0,,D,delaj001,silvc001,COL
COL201008030,COL,SFN,0,4,,N,sancj002,cooka002,SFN
COL201008040,COL,SFN,0,0,,D,jimeu001,bumgm001,COL
COL201008130,COL,MIL,0,0,,N,bucht001,loe-k001,COL
COL201008140,COL,MIL,0,0,,N,axfoj001,streh001,MIL
COL201008150,COL,MIL,0,0,,D,betar001,hofft001,COL
COL201008230,COL,ATL,0,0,,N,betar001,ventj001,COL
COL201008240,COL,ATL,2,0,,N,delaj001,lowed001,COL
COL201008250,COL,ATL,0,3,,D,belim001,ventj001,COL
COL201008270,COL,LAN,0,0,,N,broxj001,jimeu001,LAN
COL201008280,COL,LAN,0,0,,N,chacj001,billc001,COL
COL201008290,COL,LAN,0,0,,D,hammj002,lillt001,COL
COL201009020,COL,PHI,0,0,,N,basta001,delcm001,PHI
COL201009060,COL,CIN,0,0,,D,jimeu001,brayb001,COL
COL201009070,COL,CIN,3,0,,N,chacj001,cuetj001,COL
COL201009080,COL,CIN,0,1,,N,cooka002,arrob001,COL
COL201009090,COL,CIN,0,1,,D,belim001,massn001,COL
COL201009100,COL,ARI,2,0,,N,delaj001,saunj001,COL
COL201009110,COL,ARI,0,0,,N,reynm002,loper001,COL
COL201009120,COL,ARI,0,0,,D,streh001,demes001,COL
COL201009130,COL,SDN,0,2,,N,friee001,franj003,SDN
COL201009140,COL,SDN,0,2,,N,garlj001,hammj002,SDN
COL201009150,COL,SDN,1,0,,D,delaj001,richc002,COL
COL201009240,COL,SFN,0,0,,N,linct001,chacj001,SFN
COL201009250,COL,SFN,2,1,,N,streh001,wilsb001,COL
COL201009260,COL,SFN,0,2,,D,cainm001,delaj001,SFN
COL201009270,COL,LAN,0,2,,N,lillt001,jimeu001,LAN
COL201009280,COL,LAN,1,0,,N,belir001,doteo001,LAN
COL201009290,COL,LAN,0,0,,D,tronr001,chacj001,LAN
DET201004090,DET,CLE,0,0,,D,porcr001,huffd001,DET
DET201004100,DET,CLE,2,0,,D,bondj001,talbm001,DET
DET201004110,DET,CLE,0,5,,D,cokep001,perec002,DET
DET201004120,DET,KCA,0,0,,D,hochl001,schem001,KCA
DET201004130,DET,KCA,0,0,,D,zumaj001,hughd001,DET
DET201004140,DET,KCA,1,0,,D,davik002,perrr001,KCA
DET201004270,DET,MIN,0,0,,N,lirif001,verlj001,MIN
DET201004280,DET,MIN,1,2,,N,thomb001,mahar001,DET
DET201004290,DET,MIN,1,0,,D,willd003,pavac001,DET
DET201004300,DET,ANA,2,1,,N,porcr001,pinej001,DET
DET201005010,DET,ANA,1,0,,D,perrr001,shies002,DET
DET201005020,DET,ANA,0,0,,D,verlj001,weavj003,DET
DET201005100,DET,NYA,2,0,,N,bonie002,mitrs001,DET
DET201005121,DET,NYA,0,0,,D,porcr001,vazqj001,DET
DET201005122,DET,NYA,0,1,,N,hughp001,bondj001,NYA
DET201005130,DET,NYA,0,0,,D,verlj001,sabac001,DET
DET201005140,DET,BOS,1,5,,N,buchc001,schem001,BOS
DET201005150,DET,BOS,0,0,,N,valvj001,delcm001,DET
DET201005160,DET,BOS,0,0,,D,galaa002,lackj001,DET
DET201005180,DET,CHA,1,1,,D,garcf002,porcr001,CHA
DET201005280,DET,OAK,2,1,,N,ziegb001,perrr001,OAK
DET201005290,DET,OAK,0,0,,N,andeb004,porcr001,OAK
DET201005300,DET,OAK,1,0,,D,schem001,bradd002,DET
DET201005310,DET,OAK,0,2,,D,cahit001,verlj001,OAK
DET201006010,DET,CLE,0,0,,N,westj001,bondj001,CLE
DET201006020,DET,CLE,0,0,,N,galaa002,carmf001,DET
DET201006030,DET,CLE,0,0,,D,thomb001,ambrh001,DET
DET201006110,DET,PIT,0,0,,N,verlj001,ohler001,DET
DET201006120,DET,PIT,0,0,,N,cokep001,donnb001,DET
DET201006130,DET,PIT,0,0,,D,thomb001,lopej002,DET
DET201006150,DET,WAS,0,1,,N,schem001,lannj001,DET
DET201006160,DET,WAS,0,1,,N,verlj001,hernl003,DET
DET201006170,DET,WAS,0,0,,D,bondj001,atill001,DET
DET201006180,DET,ARI,2,0,,N,cokep001,qualc001,DET
DET201006190,DET,ARI,1,0,,N,jacke001,porcr001,ARI
DET201006200,DET,ARI,0,1,,D,schem001,kenni001,DET
DET201007020,DET,SEA,0,0,,N,schem001,fistd001,DET
DET201007030,DET,SEA,0,0,,N,verlj001,vargj001,DET
DET201007040,DET,SEA,1,0,,D,lee-c003,bondj001,SEA
DET201007050,DET,BAL,5,1,,D,bonie002,hendm001,DET
DET201007060,DET,BAL,0,0,,N,perrr001,hernd002,DET
DET201007070,DET,BAL,1,0,,N,schem001,bergb002,DET
DET201007090,DET,MIN,2,0,,N,verlj001,lirif001,DET
DET201007100,DET,MIN,2,0,,D,bondj001,blacn001,DET
DET201007110,DET,MIN,0,2,,D,pavac001,oliva002,MIN
DET201007190,DET,TEX,1,2,,N,harrm001,gonze002,TEX
DET201007200,DET,TEX,0,2,,N,huntt002,galaa002,TEX
DET201007210,DET,TEX,0,0,,N,schem001,lewic001,DET
DET201007220,DET,TOR,0,0,,D,verlj001,romer002,DET
DET201007240,DET,TOR,0,1,,N,marcs001,porcr001,TOR
DET201007251,DET,TOR,0,0,,D,downs001,valvj001,TOR
DET201007252,DET,TOR,0,0,,N,cokep001,frasj002,DET
DET201008031,DET,CHA,0,0,,D,buehm001,porcr001,CHA
DET201008032,DET,CHA,1,0,,N,bondj001,torrc001,DET
DET201008040,DET,CHA,0,1,,N,jacke001,galaa002,CHA
DET201008050,DET,CHA,0,0,,D,sants001,valvj001,CHA
DET201008060,DET,ANA,0,2,,N,weavj003,verlj001,ANA
DET201008070,DET,ANA,1,2,,N,kazms001,bondj001,ANA
DET201008080,DET,ANA,0,0,,D,porcr001,bellt002,DET
DET201008090,DET,TBA,0,0,,N,pricd001,galaa002,TBA
DET201008100,DET,TBA,0,0,,N,hellj001,schem001,TBA
DET201008110,DET,TBA,0,0,,D,verlj001,garzm001,DET
DET201008200,DET,CLE,2,0,,N,galaa002,mastj001,DET
DET201008210,DET,CLE,2,1,,N,schem001,tomlj001,DET
DET201008220,DET,CLE,3,1,,D,verlj001,gomej002,DET
DET201008230,DET,KCA,2,1,,N,bondj001,chenb001,DET
DET201008240,DET,KCA,1,0,,N,porcr001,davik002,DET
DET201008250,DET,KCA,0,0,,D,humbp001,figaa001,KCA
DET201009060,DET,CHA,2,0,,D,salec001,valvj001,CHA
DET201009070,DET,CHA,2,0,,N,verlj001,garcf002,DET
DET201009080,DET,CHA,0,0,,N,bondj001,dankj001,DET
DET201009090,DET,CHA,2,0,,D,porcr001,floyg001,DET
DET201009100,DET,BAL,1,0,,N,hernd002,cokep001,BAL
DET201009110,DET,BAL,0,0,,N,guthj001,schem001,BAL
DET201009120,DET,BAL,0,0,,D,verlj001,gonzm001,DET
DET201009200,DET,KCA,0,0,,N,thomb001,greiz001,DET
DET201009210,DET,KCA,0,0,,N,chenb001,galaa002,KCA
DET201009220,DET,KCA,0,0,,N,schem001,davik002,DET
DET201009240,DET,MIN,0,0,,N,verlj001,lirif001,DET
DET201009250,DET,MIN,1,5,,N,schld001,neshp001,DET
DET201009260,DET,MIN,0,0,,D,porcr001,duenb001,DET
FLO201004090,FLO,LAN,0,0,,N,kuroh001,volsc001,LAN
FLO201004100,FLO,LAN,1,0,,N,veraj001,sherg001,FLO
FLO201004110,FLO,LAN,0,0,,D,hensc002,weavj002,FLO
FLO201004120,FLO,CIN,0,0,,N,massn001,badeb001,CIN
FLO201004130,FLO,CIN,0,0,,N,owinm001,meyed002,CIN
FLO201004140,FLO,CIN,1,0,,N,volsc001,bailh001,FLO
FLO201004150,FLO,CIN,0,0,,N,johnj009,haraa001,FLO
FLO201004260,FLO,SDN,1,0,,N,johnj009,latom001,FLO
FLO201004270,FLO,SDN,0,0,,N,garlj001,sanca004,SDN
FLO201004280,FLO,SDN,2,0,,D,corrk001,roben001,SDN
FLO201004300,FLO,WAS,0,2,,N,olses001,nolar001,WAS
FLO201005010,FLO,WAS,0,0,,N,volsc001,stamc001,FLO
FLO201005020,FLO,WAS,0,0,,D,johnj009,lannj001,FLO
FLO201005040,FLO,SFN,0,0,,N,runzd001,badeb001,SFN
FLO201005050,FLO,SFN,0,0,,N,zitob001,roben001,SFN
FLO201005060,FLO,SFN,0,0,,N,cainm001,nolar001,SFN
FLO201005130,FLO,NYN,0,0,,N,nunel001,nievf001,FLO
FLO201005140,FLO,NYN,0,0,,N,sanca004,pereo002,FLO
FLO201005150,FLO,NYN,3,0,,N,roben001,mainj001,FLO
FLO201005160,FLO,NYN,0,0,,D,nolar001,niesj001,FLO
FLO201005170,FLO,ARI,0,1,,N,jacke001,volsc001,ARI
FLO201005180,FLO,ARI,0,0,,D,johnj009,buckb002,FLO
FLO201005250,FLO,ATL,1,0,,N,sanca004,kawak001,FLO
FLO201005260,FLO,ATL,1,0,,N,hanst001,badeb001,ATL
FLO201005270,FLO,ATL,1,1,,N,moylp001,nolar001,ATL
FLO201005280,FLO,PHI,0,0,,N,kendk001,volsc001,PHI
FLO201005290,FLO,PHI,0,0,,N,hallr001,johnj009,PHI
FLO201005300,FLO,PHI,0,0,,D,sanca004,moyej001,FLO
FLO201005310,FLO,MIL,0,1,,D,sosaj002,narvc001,FLO
FLO201006010,FLO,MIL,3,0,,N,nolar001,hofft001,FLO
FLO201006020,FLO,MIL,1,0,,N,gally001,sosaj002,MIL
FLO201006030,FLO,MIL,0,0,,N,johnj009,capuc001,FLO
FLO201006150,FLO,TEX,0,1,,N,ogana001,nunel001,TEX
FLO201006160,FLO,TEX,0,1,,N,odayd001,sanca004,TEX
FLO201006170,FLO,TEX,0,0,,N,ogana001,nolar001,TEX
FLO201006180,FLO,TBA,5,2,,N,roben001,garzm001,FLO
FLO201006190,FLO,TBA,0,0,,N,shiej002,sosaj002,TBA
FLO201006200,FLO,TBA,0,0,,D,johnj009,pricd001,FLO
FLO201006250,FLO,SDN,0,0,,N,richc002,volsc001,SDN
FLO201006260,FLO,SDN,0,0,,N,garlj001,johnj009,SDN
FLO201006270,FLO,SDN,0,1,,D,webbr001,sancb001,SDN
FLO201006280,FLO,NYN,1,0,,N,nolar001,dickr001,FLO
FLO201006290,FLO,NYN,0,1,,N,nunel001,felip002,FLO
FLO201006300,FLO,NYN,2,3,,N,desse001,sanaa001,NYN
FLO201007160,FLO,WAS,0,0,,N,stras001,nolar001,WAS
FLO201007170,FLO,WAS,0,0,,N,johnj009,hernl003,FLO
FLO201007180,FLO,WAS,0,0,,D,sanaa001,stamc001,FLO
FLO201007190,FLO,COL,0,0,,N,marij001,streh001,FLO
FLO201007200,FLO,COL,0,0,,N,franj003,roben001,COL
FLO201007210,FLO,COL,2,0,,N,nolar001,hammj002,FLO
FLO201007220,FLO,COL,1,0,,D,nunel001,chacj001,FLO
FLO201007230,FLO,ATL,2,0,,N,veraj001,wagnb001,FLO
FLO201007240,FLO,ATL,1,1,,N,chavj001,marij001,ATL
FLO201007250,FLO,ATL,0,1,,D,sosaj002,chavj001,FLO
FLO201008030,FLO,PHI,0,0,,N,hallr001,wests001,PHI
FLO201008040,FLO,PHI,0,2,,N,kendk001,sanca004,PHI
FLO201008050,FLO,PHI,0,0,,N,madsr001,ohmaw001,PHI
FLO201008060,FLO,SLN,0,3,,N,waina001,nolar001,SLN
FLO201008070,FLO,SLN,1,0,,N,hensc002,franr001,FLO
FLO201008200,FLO,HOU,1,0,,N,sanca004,happj001,FLO
FLO201008210,FLO,HOU,0,2,,N,volsc001,rodrw002,FLO
FLO201008220,FLO,HOU,0,0,,D,lopew001,veraj001,HOU
FLO201008300,FLO,WAS,1,0,,N,marqj001,sanaa001,WAS
FLO201008310,FLO,WAS,0,0,,N,hensc002,stord001,FLO
FLO201009010,FLO,WAS,5,1,,N,volsc001,olses001,FLO
FLO201009030,FLO,ATL,2,0,,N,milla002,kawak001,FLO
FLO201009040,FLO,ATL,0,0,,N,jurrj001,johnj009,ATL
FLO201009050,FLO,ATL,1,0,,D,badeb001,oflae001,FLO
FLO201009130,FLO,PHI,0,0,,N,blanj001,milla002,PHI
FLO201009140,FLO,PHI,1,1,,N,hamec001,menda001,PHI
FLO201009150,FLO,PHI,1,3,,N,hallr001,sosaj002,PHI
FLO201009170,FLO,CHN,0,0,,N,dempr002,sanaa001,CHN
FLO201009180,FLO,CHN,1,0,,N,colec001,sanca004,CHN
FLO201009190,FLO,CHN,0,2,,D,samaj001,milla002,CHN
FLO201009200,FLO,SLN,0,0,,D,volsc001,carpc002,FLO
FLO201009210,FLO,NYN,0,0,,N,veraj001,desse001,FLO
FLO201009220,FLO,NYN,5,0,,N,sanaa001,niesj001,FLO
FLO201009300,FLO,PIT,4,0,,N,volsc001,dukez001,FLO
FLO201010010,FLO,PIT,1,0,,N,parkc002,menda001,PIT
FLO201010020,FLO,PIT,0,0,,N,sancb001,mortc002,FLO
FLO201010030,FLO,PIT,2,0,,D,sanca004,burrb001,FLO
HOU201004050,HOU,SFN,0,0,,N,linct001,oswar001,SFN
HOU201004060,HOU,SFN,0,0,,N,zitob001,rodrw002,SFN
HOU201004070,HOU,SFN,0,0,,D,affej001,gervs001,SFN
HOU201004090,HOU,PHI,0,3,,N,happj001,norrb001,PHI
HOU201004100,HOU,PHI,0,0,,N,moyej001,lyonb003,PHI
HOU201004110,HOU,PHI,0,1,,D,hallr001,oswar001,PHI
HOU201004200,HOU,FLO,1,2,,N,lyonb003,woodt003,HOU
HOU201004210,HOU,FLO,1,0,,N,lopew001,badeb001,HOU
HOU201004220,HOU,FLO,0,3,,N,sanca004,paulf001,FLO
HOU201004230,HOU,PIT,0,0,,N,oswar001,mahop002,HOU
HOU201004240,HOU,PIT,2,0,,N,rodrw002,jakuc001,HOU
HOU201004250,HOU,PIT,0,0,,D,myerb001,mortc002,HOU
HOU201004270,HOU,CIN,1,0,,N,haraa001,norrb001,CIN
HOU201004280,HOU,CIN,0,1,,N,leakm001,paulf001,CIN
HOU201004290,HOU,CIN,0,0,,N,arrob001,oswar001,CIN
HOU201005030,HOU,ARI,1,0,,N,valdc003,paulf001,ARI
HOU201005040,HOU,ARI,0,0,,N,kenni001,oswar001,ARI
HOU201005050,HOU,ARI,0,0,,N,lindm001,gutij002,HOU
HOU201005060,HOU,ARI,0,1,,N,hared001,rodrw002,ARI
HOU201005070,HOU,SDN,0,0,,N,latom001,norrb001,SDN
HOU201005080,HOU,SDN,0,0,,N,garlj001,paulf001,SDN
HOU201005090,HOU,SDN,0,0,,D,lyonb003,webbr001,HOU
HOU201005190,HOU,COL,1,1,,N,lyonb003,rogee002,HOU
HOU201005200,HOU,COL,0,3,,N,jimeu001,oswar001,COL
HOU201005210,HOU,TBA,0,1,,N,myerb001,garzm001,HOU
HOU201005220,HOU,TBA,1,0,,N,niemj001,rodrw002,TBA
HOU201005230,HOU,TBA,4,0,,D,pricd001,moehb001,TBA
HOU201005310,HOU,WAS,1,1,,D,atill001,oswar001,WAS
HOU201006010,HOU,WAS,3,0,,N,lopew001,cappm001,HOU
HOU201006020,HOU,WAS,0,1,,N,rodrw002,lannj001,HOU
HOU201006030,HOU,WAS,1,0,,D,lindm001,cappm001,HOU
HOU201006040,HOU,CHN,1,0,,N,paulf001,zambc001,HOU
HOU201006050,HOU,CHN,1,0,,N,dempr002,oswar001,CHN
HOU201006060,HOU,CHN,3,0,,D,myerb001,wellr001,HOU
HOU201006180,HOU,TEX,0,0,,N,felds001,rodrw002,TEX
HOU201006190,HOU,TEX,0,0,,N,lewic001,moehb001,TEX
HOU201006200,HOU,TEX,2,0,,D,ray-c001,daigc001,TEX
HOU201006220,HOU,SFN,0,0,,N,linct001,oswar001,SFN
HOU201006230,HOU,SFN,1,0,,N,myerb001,zitob001,HOU
HOU201006240,HOU,SFN,3,0,,D,rodrw002,cainm001,HOU
HOU201007060,HOU,PIT,2,0,,N,rodrw002,lincb001,HOU
HOU201007070,HOU,PIT,1,0,,N,daigc001,mccud001,HOU
HOU201007080,HOU,PIT,1,0,,D,oswar001,ohler001,HOU
HOU201007090,HOU,SLN,0,1,,N,waina001,norrb001,SLN
HOU201007100,HOU,SLN,3,0,,N,myerb001,suppj001,HOU
HOU201007110,HOU,SLN,2,0,,D,hawkb001,rodrw002,SLN
HOU201007230,HOU,CIN,1,0,,N,ondrl001,byrdt001,CIN
HOU201007240,HOU,CIN,0,2,,N,cuetj001,oswar001,CIN
HOU201007250,HOU,CIN,0,0,,D,rodrw002,leakm001,HOU
HOU201007260,HOU,CHN,1,0,,N,silvc001,wrigw001,CHN
HOU201007270,HOU,CHN,0,0,,N,myerb001,casha001,HOU
HOU201007280,HOU,CHN,0,1,,D,norrb001,wellr001,HOU
HOU201007300,HOU,MIL,0,0,,N,happj001,parrm001,HOU
HOU201007310,HOU,MIL,2,0,,N,rodrw002,bushd001,HOU
HOU201008010,HOU,MIL,0,0,,D,wrigw001,loe-k001,HOU
HOU201008090,HOU,ATL,0,0,,N,byrdt001,farnk001,HOU
HOU201008100,HOU,ATL,0,0,,N,ventj001,lindm001,ATL
HOU201008110,HOU,ATL,0,1,,D,wagnb001,lyonb003,ATL
HOU201008130,HOU,PIT,0,0,,N,lopew001,meeke001,HOU
HOU201008140,HOU,PIT,0,2,,N,norrb001,mahop002,HOU
HOU201008150,HOU,PIT,0,0,,D,happj001,karsj001,HOU
HOU201008160,HOU,NYN,0,0,,N,felip002,lindm001,NYN
HOU201008170,HOU,NYN,3,1,,N,melam001,santj003,HOU
HOU201008180,HOU,NYN,0,0,,N,desse001,chacg001,NYN
HOU201008190,HOU,NYN,0,0,,N,norrb001,miscp001,HOU
HOU201008300,HOU,SLN,1,0,,N,happj001,westj001,HOU
HOU201008310,HOU,SLN,0,0,,N,rodrw002,carpc002,HOU
HOU201009010,HOU,SLN,0,2,,D,figun001,suppj001,HOU
HOU201009090,HOU,LAN,0,2,,N,norrb001,lillt001,HOU
HOU201009100,HOU,LAN,0,0,,N,doteo001,abadf001,LAN
HOU201009110,HOU,LAN,0,0,,N,jansk001,lyonb003,LAN
HOU201009120,HOU,LAN,4,0,,D,chacg001,tronr001,HOU
HOU201009130,HOU,MIL,1,0,,N,myerb001,kintb001,HOU
HOU201009140,HOU,MIL,3,1,,N,norrb001,capuc001,HOU
HOU201009150,HOU,MIL,0,3,,D,axfoj001,lindm001,MIL
HOU201009170,HOU,CIN,1,0,,N,fulcj001,chapa001,HOU
HOU201009180,HOU,CIN,0,0,,N,arrob001,figun001,CIN
HOU201009190,HOU,CIN,0,0,,D,myerb001,woodt004,HOU
HOU201010010,HOU,CHN,0,0,,N,colec001,norrb001,CHN
HOU201010020,HOU,CHN,0,2,,N,zambc001,happj001,CHN
HOU201010030,HOU,CHN,0,0,,D,figun001,dempr002,HOU
KCA201004050,KCA,DET,0,1,,D,zumaj001,tejer001,DET
KCA201004070,KCA,DET,0,0,,N,farnk001,valvj001,KCA
KCA201004080,KCA,DET,1,0,,D,bonie002,mendl001,DET
KCA201004090,KCA,BOS,0,0,,N,parrj003,bardd001,KCA
KCA201004100,KCA,BOS,1,0,,N,beckj002,greiz001,BOS
KCA201004110,KCA,BOS,1,4,,D,buchc001,mechg001,BOS
KCA201004230,KCA,MIN,0,2,,N,pavac001,mechg001,MIN
KCA201004240,KCA,MIN,2,0,,N,raucj001,tejer001,MIN
KCA201004250,KCA,MIN,1,0,,D,bannb001,slowk001,KCA
KCA201004260,KCA,SEA,1,0,,N,davik002,hernf002,KCA
KCA201004270,KCA,SEA,0,0,,N,kells001,rupej001,SEA
KCA201004280,KCA,SEA,1,0,,D,leagb001,thomb002,SEA
KCA201005110,KCA,CLE,0,0,,N,westj001,bannb001,CLE
KCA201005120,KCA,CLE,0,0,,N,carmf001,davik002,CLE
KCA201005130,KCA,CLE,0,0,,D,greiz001,huffd001,KCA
KCA201005140,KCA,CHA,0,0,,N,hughd001,buehm001,KCA
KCA201005150,KCA,CHA,3,0,,N,peavj001,hochl001,CHA
KCA201005160,KCA,CHA,0,0,,D,bannb001,floyg001,KCA
KCA201005210,KCA,COL,0,0,,N,bannb001,hammj002,KCA
KCA201005220,KCA,COL,0,0,,D,franj003,davik002,COL
KCA201005230,KCA,COL,0,0,,D,rogee002,greiz001,COL
KCA201005250,KCA,TEX,0,2,,N,odayd001,thomb002,TEX
KCA201005260,KCA,TEX,0,0,,D,hochl001,felds001,KCA
KCA201005310,KCA,ANA,0,0,,D,sante001,hochl001,ANA
KCA201006010,KCA,ANA,1,0,,N,bannb001,pinej001,KCA
KCA201006020,KCA,ANA,0,3,,N,kazms001,davik002,ANA
KCA201006030,KCA,ANA,0,0,,D,weavj003,greiz001,ANA
KCA201006040,KCA,DET,0,0,,N,chenb001,schem001,KCA
KCA201006050,KCA,DET,0,0,,N,verlj001,hochl001,DET
KCA201006060,KCA,DET,3,0,,D,bannb001,bondj001,KCA
KCA201006150,KCA,HOU,1,0,,N,texek001,paulf001,KCA
KCA201006160,KCA,HOU,1,1,,N,oswar001,chenb001,HOU
KCA201006170,KCA,HOU,0,2,,N,martv002,myerb001,KCA
KCA201006250,KCA,SLN,0,0,,N,greiz001,suppj001,KCA
KCA201006260,KCA,SLN,0,0,,D,hawkb001,davik002,SLN
KCA201006270,KCA,SLN,0,1,,D,chenb001,garcj004,KCA
KCA201006280,KCA,CHA,2,0,,N,lerea001,buehm001,KCA
KCA201006290,KCA,CHA,0,0,,N,floyg001,bannb001,CHA
KCA201006300,KCA,CHA,1,0,,N,greiz001,peavj001,KCA
KCA201007160,KCA,OAK,1,1,,N,gonzg003,greiz001,OAK
KCA201007170,KCA,OAK,0,3,,N,bresc001,sorij001,OAK
KCA201007180,KCA,OAK,1,0,,D,mazzv001,bannb001,OAK
KCA201007190,KCA,TOR,0,0,,N,farnk001,gregk001,KCA
KCA201007200,KCA,TOR,0,2,,N,litsj001,lerea001,TOR
KCA201007210,KCA,TOR,0,0,,D,greiz001,rzepm001,KCA
KCA201007260,KCA,MIN,0,6,,N,lirif001,greiz001,MIN
KCA201007270,KCA,MIN,0,2,,N,pavac001,chenb001,MIN
KCA201007280,KCA,MIN,0,3,,D,duenb001,bannb001,MIN
KCA201007290,KCA,BAL,0,1,,N,hernd002,woodb004,BAL
KCA201007300,KCA,BAL,3,0,,N,woodb004,simoa001,KCA
KCA201007310,KCA,BAL,0,0,,N,greiz001,hernd002,KCA
KCA201008010,KCA,BAL,3,0,,D,chenb001,millk004,KCA
KCA201008120,KCA,NYA,0,0,,N,sabac001,chenb001,NYA
KCA201008130,KCA,NYA,0,0,,N,davik002,mosed001,KCA
KCA201008140,KCA,NYA,1,0,,N,hughp001,osuls001,NYA
KCA201008150,KCA,NYA,1,0,,D,bullb001,burna001,KCA
KCA201008170,KCA,CLE,0,0,,N,greiz001,gomej002,KCA
KCA201008180,KCA,CLE,1,0,,N,chenb001,carmf001,KCA
KCA201008190,KCA,CLE,0,0,,N,perer002,woodb004,CLE
KCA201008211,KCA,CHA,0,0,,N,chavj001,salec001,KCA
KCA201008212,KCA,CHA,0,2,,N,putzj001,hollg001,CHA
KCA201008220,KCA,CHA,0,0,,D,osuls001,lines001,KCA
KCA201008300,KCA,TEX,0,0,,N,wilsc004,davik002,TEX
KCA201008310,KCA,TEX,0,1,,N,sorij001,olivd001,KCA
KCA201009010,KCA,TEX,0,2,,N,huntt002,bullb001,TEX
KCA201009030,KCA,DET,0,0,,N,perrr001,chavj001,DET
KCA201009040,KCA,DET,0,2,,N,porcr001,hughd001,DET
KCA201009050,KCA,DET,1,0,,D,davik002,thomb001,KCA
KCA201009130,KCA,OAK,0,1,,D,cramb001,hochl001,OAK
KCA201009140,KCA,OAK,3,0,,N,greiz001,gonzg003,KCA
KCA201009150,KCA,OAK,0,2,,N,chenb001,cahit001,KCA
KCA201009170,KCA,CLE,0,0,,N,carrc003,davik002,CLE
KCA201009180,KCA,CLE,0,0,,N,smitj002,osuls001,CLE
KCA201009190,KCA,CLE,0,2,,D,hochl001,tomlj001,KCA
KCA201009270,KCA,MIN,0,3,,N,humbp001,mansj001,KCA
KCA201009280,KCA,MIN,3,0,,N,osuls001,blacn001,KCA
KCA201009290,KCA,MIN,0,0,,N,guerm001,mechg001,MIN
KCA201009300,KCA,TBA,1,0,,N,greiz001,garzm001,KCA
KCA201010010,KCA,TBA,1,0,,N,chenb001,shiej002,KCA
KCA201010020,KCA,TBA,0,2,,N,qualc001,davik002,TBA
KCA201010030,KCA,TBA,0,0,,D,niemj001,hughd001,TBA
LAN201004130,LAN,ARI,0,0,,D,kersc001,kenni001,LAN
LAN201004140,LAN,ARI,2,0,,N,rosal001,ortir001,ARI
LAN201004150,LAN,ARI,0,0,,N,broxj001,boyeb001,LAN
LAN201004160,LAN,SFN,3,0,,N,padiv001,wellt002,LAN
LAN201004170,LAN,SFN,0,0,,D,linct001,haegc001,SFN
LAN201004180,LAN,SFN,0,0,,D,tronr001,romos001,LAN
LAN201004290,LAN,PIT,0,2,,N,burrb001,kersc001,PIT
LAN201004300,LAN,PIT,2,1,,N,billc001,mortc002,LAN
LAN201005010,LAN,PIT,0,1,,N,ortir002,dukez001,LAN
LAN201005020,LAN,PIT,0,0,,D,kuroh001,karsj001,LAN
LAN201005040,LAN,MIL,0,0,,N,narvc001,kersc001,MIL
LAN201005050,LAN,MIL,2,4,,N,david002,billc001,MIL
LAN201005060,LAN,MIL,1,0,,N,broxj001,hawkl001,LAN
LAN201005070,LAN,COL,0,0,,N,weavj002,dalem002,LAN
LAN201005080,LAN,COL,0,6,,N,chacj001,haegc001,COL
LAN201005090,LAN,COL,0,0,,D,kersc001,jimeu001,LAN
LAN201005170,LAN,HOU,3,1,,N,ely-j001,rodrw002,LAN
LAN201005180,LAN,HOU,3,0,,N,kuroh001,norrb001,LAN
LAN201005190,LAN,SDN,1,1,,N,garlj001,ortir002,SDN
LAN201005200,LAN,SDN,0,0,,N,kersc001,corrk001,LAN
LAN201005210,LAN,DET,0,1,,N,billc001,willd003,LAN
LAN201005220,LAN,DET,1,2,,D,ely-j001,galaa002,LAN
LAN201005230,LAN,DET,0,3,,D,porcr001,kuroh001,DET
LAN201005310,LAN,ARI,0,2,,N,broxj001,vasqe001,LAN
LAN201006010,LAN,ARI,0,0,,N,weavj002,gutij002,LAN
LAN201006020,LAN,ARI,0,0,,D,schlt001,valdc003,LAN
LAN201006030,LAN,ATL,0,1,,N,medlk001,kuroh001,ATL
LAN201006040,LAN,ATL,2,0,,N,kuo-h001,kawak001,LAN
LAN201006050,LAN,ATL,0,0,,N,hanst001,billc001,ATL
LAN201006060,LAN,ATL,0,0,,D,belir001,chavj001,LAN
LAN201006070,LAN,SLN,2,0,,N,monac001,hawkb001,LAN
LAN201006080,LAN,SLN,0,0,,N,kuo-h001,millt002,LAN
LAN201006090,LAN,SLN,2,0,,N,kersc001,waina001,LAN
LAN201006110,LAN,ANA,0,0,,N,pinej001,billc001,ANA
LAN201006120,LAN,ANA,0,0,,N,kazms001,ely-j001,ANA
LAN201006130,LAN,ANA,1,2,,D,weavj003,monac001,ANA
LAN201006250,LAN,NYA,1,0,,N,sabac001,padiv001,NYA
LAN201006260,LAN,NYA,2,3,,D,kuroh001,burna001,LAN
LAN201006270,LAN,NYA,0,0,,N,rivem002,tronr001,NYA
LAN201007050,LAN,FLO,0,2,,N,roben001,ely-j001,FLO
LAN201007060,LAN,FLO,0,0,,N,padiv001,volsc001,LAN
LAN201007070,LAN,FLO,0,0,,N,johnj009,kuroh001,FLO
LAN201007080,LAN,CHN,1,0,,N,kersc001,wellr001,LAN
LAN201007090,LAN,CHN,0,0,,N,billc001,lillt001,LAN
LAN201007100,LAN,CHN,0,0,,D,gorzt001,ely-j001,CHN
LAN201007110,LAN,CHN,3,0,,N,padiv001,silvc001,LAN
LAN201007190,LAN,SFN,0,0,,N,bumgm001,mcdoj004,SFN
LAN201007200,LAN,SFN,3,0,,N,garcj002,broxj001,SFN
LAN201007210,LAN,SFN,0,0,,N,billc001,zitob001,LAN
LAN201007220,LAN,NYN,1,0,,N,kuroh001,takah001,LAN
LAN201007230,LAN,NYN,0,1,,N,santj003,padiv001,NYN
LAN201007240,LAN,NYN,1,0,,D,sherg001,pereo002,LAN
LAN201007250,LAN,NYN,0,0,,D,kersc001,felip002,LAN
LAN201008020,LAN,SDN,0,0,,N,richc002,kuroh001,SDN
LAN201008030,LAN,SDN,0,1,,N,lillt001,latom001,LAN
LAN201008040,LAN,SDN,0,0,,N,padiv001,leblw001,LAN
LAN201008050,LAN,SDN,0,0,,N,corrk001,billc001,SDN
LAN201008060,LAN,WAS,0,3,,N,lannj001,kersc001,WAS
LAN201008070,LAN,WAS,0,2,,N,broxj001,burns001,LAN
LAN201008080,LAN,WAS,4,0,,D,lillt001,marqj001,LAN
LAN201008170,LAN,COL,0,0,,N,kersc001,chacj001,LAN
LAN201008180,LAN,COL,1,0,,N,betar001,doteo001,COL
LAN201008190,LAN,COL,0,0,,N,lillt001,delaj001,LAN
LAN201008200,LAN,CIN,0,0,,N,bailh001,monac001,CIN
LAN201008210,LAN,CIN,1,0,,N,billc001,cuetj001,LAN
LAN201008220,LAN,CIN,0,2,,D,arrob001,kersc001,CIN
LAN201008300,LAN,PHI,1,0,,N,kuroh001,hallr001,LAN
LAN201008310,LAN,PHI,1,0,,N,kendk001,monac001,PHI
LAN201009010,LAN,PHI,0,1,,D,oswar001,kersc001,PHI
LAN201009030,LAN,SFN,0,0,,N,billc001,zitob001,LAN
LAN201009040,LAN,SFN,0,0,,N,lopej002,broxj001,SFN
LAN201009050,LAN,SFN,0,0,,N,sancj002,kuroh001,SFN
LAN201009170,LAN,COL,0,3,,N,jimeu001,kuroh001,COL
LAN201009180,LAN,COL,0,2,,D,chacj001,ely-j001,COL
LAN201009190,LAN,COL,1,3,,D,sherg001,delcm001,LAN
LAN201009210,LAN,SDN,0,0,,N,richc002,billc001,SDN
LAN201009220,LAN,SDN,0,0,,N,staut001,lillt001,SDN
LAN201009230,LAN,SDN,1,1,,N,kuroh001,latom001,LAN
LAN201010010,LAN,ARI,0,2,,N,kroez001,ely-j001,ARI
LAN201010020,LAN,ARI,0,0,,N,billc001,saunj001,LAN
LAN201010030,LAN,ARI,2,0,,D,lillt001,loper001,LAN
MIL201004050,MIL,COL,0,0,,D,jimeu001,gally001,COL
MIL201004060,MIL,COL,3,1,,N,wolfr001,smitg002,MIL
MIL201004070,MIL,COL,0,3,,D,cofft001,cooka002,MIL
MIL201004090,MIL,SLN,0,0,,N,reyed001,hofft001,SLN
MIL201004100,MIL,SLN,0,0,,D,garcj004,gally001,SLN
MIL201004110,MIL,SLN,1,0,,N,hofft001,mcclk001,MIL
MIL201004230,MIL,CHN,0,1,,N,dempr002,suppj001,CHN
MIL201004240,MIL,CHN,0,0,,N,lillt001,david002,CHN
MIL201004250,MIL,CHN,0,3,,D,wellr001,bushd001,CHN
MIL201004260,MIL,PIT,0,0,,N,gally001,dukez001,MIL
MIL201004270,MIL,PIT,0,0,,N,donnb001,hofft001,PIT
MIL201004280,MIL,PIT,3,3,,D,carrd001,parrm001,PIT
MIL201005100,MIL,ATL,0,0,,N,hanst001,david002,ATL
MIL201005110,MIL,ATL,0,0,,N,hudst001,bushd001,ATL
MIL201005120,MIL,ATL,0,0,,D,lowed001,parrm001,ATL
MIL201005140,MIL,PHI,0,2,,N,moyej001,wolfr001,PHI
MIL201005150,MIL,PHI,0,0,,D,blanj001,narvc001,PHI
MIL201005160,MIL,PHI,0,1,,N,hamec001,bushd001,PHI
MIL201005250,MIL,HOU,2,0,,N,wolfr001,paulf001,MIL
MIL201005260,MIL,HOU,0,1,,N,oswar001,narvc001,HOU
MIL201005270,MIL,HOU,0,2,,D,axfoj001,lindm001,MIL
MIL201005280,MIL,NYN,0,0,,N,gally001,igarr001,MIL
MIL201005290,MIL,NYN,4,1,,N,cofft001,nievf001,MIL
MIL201005300,MIL,NYN,1,1,,D,dickr001,suppj001,NYN
MIL201006080,MIL,CHN,0,0,,N,axfoj001,marmc001,MIL
MIL201006090,MIL,CHN,1,2,,N,zambc001,wolfr001,CHN
MIL201006100,MIL,CHN,0,0,,D,axfoj001,howrb001,MIL
MIL201006110,MIL,TEX,2,0,,N,narvc001,hardr001,MIL
MIL201006120,MIL,TEX,0,2,,N,felds001,parrm001,TEX
MIL201006130,MIL,TEX,1,0,,D,lewic001,gally001,TEX
MIL201006220,MIL,MIN,0,3,,N,narvc001,bakes002,MIL
MIL201006230,MIL,MIN,0,0,,N,parrm001,lirif001,MIL
MIL201006240,MIL,MIN,0,0,,D,gally001,blacn001,MIL
MIL201006250,MIL,SEA,0,0,,N,bushd001,rowlr002,MIL
MIL201006260,MIL,SEA,0,0,,D,sweeb001,wolfr001,SEA
MIL201006270,MIL,SEA,1,0,,D,narvc001,vargj001,MIL
MIL201006280,MIL,HOU,1,0,,N,chacg001,cofft001,HOU
MIL201006290,MIL,HOU,0,0,,N,gally001,myerb001,MIL
MIL201006300,MIL,HOU,0,0,,D,rodrw002,bushd001,HOU
MIL201007050,MIL,SFN,0,0,,D,sancj002,loe-k001,SFN
MIL201007060,MIL,SFN,0,0,,N,bumgm001,wolfr001,SFN
MIL201007070,MIL,SFN,0,4,,N,linct001,narvc001,SFN
MIL201007080,MIL,SFN,0,1,,D,runzd001,parrm001,SFN
MIL201007090,MIL,PIT,2,0,,N,axfoj001,meeke001,MIL
MIL201007100,MIL,PIT,1,0,,N,bushd001,karsj001,MIL
MIL201007110,MIL,PIT,0,0,,D,axfoj001,doteo001,MIL
MIL201007230,MIL,WAS,1,0,,N,loe-k001,burns001,MIL
MIL201007240,MIL,WAS,1,0,,N,axfoj001,stord001,MIL
MIL201007250,MIL,WAS,2,0,,D,bushd001,detwr001,MIL
MIL201007260,MIL,CIN,0,0,,N,villc001,arrob001,MIL
MIL201007270,MIL,CIN,1,2,,N,ondrl001,gally001,CIN
MIL201007280,MIL,CIN,0,0,,D,woodt004,narvc001,CIN
MIL201008060,MIL,HOU,0,0,,N,loe-k001,lindm001,MIL
MIL201008070,MIL,HOU,2,0,,N,wolfr001,myerb001,MIL
MIL201008080,MIL,HOU,4,2,,D,gally001,wrigw001,MIL
MIL201008090,MIL,ARI,1,1,,N,demes001,hofft001,ARI
MIL201008100,MIL,ARI,0,0,,N,boyeb001,capuc001,ARI
MIL201008110,MIL,ARI,0,0,,N,hudsd001,bushd001,ARI
MIL201008120,MIL,ARI,3,0,,D,wolfr001,loper001,MIL
MIL201008200,MIL,SDN,2,3,,N,capuc001,leblw001,MIL
MIL201008210,MIL,SDN,1,0,,N,mcclm001,corrk001,MIL
MIL201008220,MIL,SDN,0,1,,D,garlj001,parrm001,SDN
MIL201008240,MIL,LAN,0,0,,N,lillt001,bushd001,LAN
MIL201008250,MIL,LAN,0,0,,N,kuroh001,wolfr001,LAN
MIL201008260,MIL,LAN,0,1,,D,belir001,gally001,LAN
MIL201008270,MIL,PIT,0,0,,N,narvc001,mcdoj004,MIL
MIL201008280,MIL,PIT,2,1,,N,loe-k001,ledew001,MIL
MIL201008290,MIL,PIT,3,2,,D,bushd001,mortc002,MIL
MIL201009060,MIL,SLN,0,1,,D,boggm001,bradz001,SLN
MIL201009070,MIL,SLN,2,0,,N,narvc001,lohsk001,MIL
MIL201009080,MIL,SLN,0,1,,N,capuc001,garcj004,MIL
MIL201009100,MIL,CHN,0,0,,N,zambc001,bushd001,CHN
MIL201009110,MIL,CHN,0,0,,N,dempr002,wolfr001,CHN
MIL201009120,MIL,CHN,0,0,,D,gally001,colec001,MIL
MIL201009200,MIL,CIN,0,0,,N,massn001,loe-k001,CIN
MIL201009210,MIL,CIN,0,0,,N,volqe001,bushd001,CIN
MIL201009220,MIL,CIN,0,1,,N,wolfr001,cuetj001,MIL
MIL201009230,MIL,FLO,1,0,,N,gally001,sanca004,MIL
MIL201009240,MIL,FLO,0,0,,N,jeffj001,milla002,MIL
MIL201009250,MIL,FLO,0,1,,N,volsc001,narvc001,FLO
MIL201009260,MIL,FLO,2,1,,D,capuc001,menda001,MIL
MIN201004120,MIN,BOS,2,0,,D,pavac001,lestj001,MIN
MIN201004140,MIN,BOS,0,1,,D,lackj001,slowk001,BOS
MIN201004150,MIN,BOS,0,0,,D,lirif001,waket001,MIN
MIN201004160,MIN,KCA,0,0,,N,bakes002,greiz001,MIN
MIN201004170,MIN,KCA,0,0,,D,duenb001,parrj003,MIN
MIN201004180,MIN,KCA,2,0,,D,hochl001,pavac001,KCA
MIN201004200,MIN,CLE,1,0,,N,slowk001,mastj001,MIN
MIN201004210,MIN,CLE,0,0,,N,lirif001,huffd001,MIN
MIN201004220,MIN,CLE,0,1,,D,talbm001,bakes002,CLE
MIN201005030,MIN,DET,4,0,,N,bakes002,schem001,MIN
MIN201005040,MIN,DET,2,0,,N,blacn001,perrr001,MIN
MIN201005050,MIN,DET,2,0,,D,slowk001,porcr001,MIN
MIN201005060,MIN,BAL,0,0,,N,bergb002,pavac001,BAL
MIN201005081,MIN,BAL,2,0,,D,guthj001,lirif001,BAL
MIN201005082,MIN,BAL,0,0,,N,bakes002,millk004,MIN
MIN201005090,MIN,BAL,0,0,,D,blacn001,matub001,MIN
MIN201005110,MIN,CHA,0,0,,N,garcf002,slowk001,CHA
MIN201005120,MIN,CHA,0,2,,D,pavac001,dankj001,MIN
MIN201005210,MIN,MIL,7,0,,N,blacn001,bushd001,MIN
MIN201005220,MIN,MIL,4,0,,D,craij001,parrm001,MIN
MIN201005230,MIN,MIL,0,1,,D,parrm001,pavac001,MIL
MIN201005250,MIN,NYA,0,0,"20100526,,0,0,30",N,burna001,duenb001,NYA
MIN201005260,MIN,NYA,1,0,,N,petta001,raucj001,NYA
MIN201005270,MIN,NYA,1,0,,N,blacn001,vazqj001,MIN
MIN201005280,MIN,TEX,0,0,,N,slowk001,lewic001,MIN
MIN201005290,MIN,TEX,0,0,,D,pavac001,wilsc004,MIN
MIN201005300,MIN,TEX,1,0,,N,bakes002,holld003,MIN
MIN201006080,MIN,KCA,3,0,,N,slowk001,greiz001,MIN
MIN201006090,MIN,KCA,0,0,,N,pavac001,davik002,MIN
MIN201006100,MIN,KCA,0,0,,N,chenb001,bakes002,KCA
MIN201006110,MIN,ATL,0,0,,N,lirif001,hudst001,MIN
MIN201006120,MIN,ATL,0,0,,N,ventj001,guerm001,ATL
MIN201006130,MIN,ATL,0,4,,D,medlk001,slowk001,ATL
MIN201006150,MIN,COL,0,1,,N,pavac001,cooka002,MIN
MIN201006160,MIN,COL,0,0,,N,bakes002,chacj001,MIN
MIN201006170,MIN,COL,0,3,,D,jimeu001,lirif001,COL
MIN201006280,MIN,DET,1,4,,N,bondj001,lirif001,DET
MIN201006290,MIN,DET,2,0,,N,blacn001,galaa002,MIN
MIN201006300,MIN,DET,0,0,,D,slowk001,oliva002,MIN
MIN201007010,MIN,TBA,0,0,,N,corml001,guerm001,TBA
MIN201007020,MIN,TBA,0,1,,N,bakes002,pricd001,MIN
MIN201007030,MIN,TBA,0,0,,D,choar001,guerm001,TBA
MIN201007040,MIN,TBA,1,1,,D,shiej002,blacn001,TBA
MIN201007150,MIN,CHA,0,2,,N,dankj001,burna002,CHA
MIN201007160,MIN,CHA,0,0,,N,lirif001,floyg001,MIN
MIN201007170,MIN,CHA,0,1,,N,pavac001,buehm001,MIN
MIN201007180,MIN,CHA,0,0,,D,duenb001,jenkb001,MIN
MIN201007190,MIN,CLE,0,0,,N,laffa001,bakes002,CLE
MIN201007200,MIN,CLE,1,0,,N,perer002,mijaj001,CLE
MIN201007210,MIN,CLE,0,0,,D,lirif001,westj001,MIN
MIN201007300,MIN,SEA,0,0,,N,bakes002,fistd001,MIN
MIN201007310,MIN,SEA,3,0,,N,slowk001,hernf002,MIN
MIN201008010,MIN,SEA,0,0,,D,lirif001,frenl001,MIN
MIN201008130,MIN,OAK,2,0,,N,pavac001,gonzg003,MIN
MIN201008140,MIN,OAK,0,0,,N,duenb001,cahit001,MIN
MIN201008150,MIN,OAK,0,0,,D,slowk001,mazzv001,MIN
MIN201008170,MIN,CHA,4,0,,N,mahar001,thorm001,MIN
MIN201008180,MIN,CHA,2,0,,N,mansj001,floyg001,MIN
MIN201008190,MIN,CHA,0,2,,N,buehm001,pavac001,CHA
MIN201008200,MIN,ANA,1,0,,N,duenb001,hared001,MIN
MIN201008210,MIN,ANA,3,0,,D,rodrf005,slowk001,ANA
MIN201008220,MIN,ANA,0,0,,N,bakes002,weavj003,MIN
MIN201008310,MIN,DET,0,2,,N,guerm001,cokep001,MIN
MIN201009010,MIN,DET,0,0,,N,raucj001,perrr001,MIN
MIN201009020,MIN,DET,0,1,,N,valvj001,blacn001,DET
MIN201009030,MIN,TEX,1,0,,N,burna002,holld003,MIN
MIN201009040,MIN,TEX,5,0,,D,pavac001,lewic001,MIN
MIN201009050,MIN,TEX,2,0,,D,blacn001,wilsc004,MIN
MIN201009060,MIN,KCA,0,0,,D,mansj001,osuls001,MIN
MIN201009070,MIN,KCA,0,0,,N,lirif001,bannb001,MIN
MIN201009080,MIN,KCA,0,0,,N,duenb001,greiz001,MIN
MIN201009170,MIN,OAK,0,0,,N,andeb004,blacn001,OAK
MIN201009180,MIN,OAK,0,0,,D,slowk001,bradd002,MIN
MIN201009190,MIN,OAK,0,3,,D,cramb001,lirif001,OAK
MIN201009200,MIN,CLE,1,0,,N,duenb001,gomej002,MIN
MIN201009210,MIN,CLE,0,1,,N,perkg001,mastj001,MIN
MIN201009220,MIN,CLE,0,1,,D,blacn001,carrc003,MIN
MIN201009300,MIN,TOR,0,0,,N,jansc001,lirif001,TOR
MIN201010010,MIN,TOR,0,0,,N,romer002,craij001,TOR
MIN201010020,MIN,TOR,1,1,,D,cappm001,gregk001,MIN
MIN201010030,MIN,TOR,0,0,,D,rzepm001,blacn001,TOR
NYA201004130,NYA,ANA,1,0,,D,petta001,sante001,NYA
NYA201004140,NYA,ANA,0,0,,D,pinej001,vazqj001,ANA
NYA201004150,NYA,ANA,0,0,,N,hughp001,kazms001,NYA
NYA201004160,NYA,TEX,1,1,,N,sabac001,wilsc004,NYA
NYA201004170,NYA,TEX,0,0,,D,burna001,felds001,NYA
NYA201004180,NYA,TEX,1,0,,D,petta001,hardr001,NYA
NYA201004300,NYA,CHA,2,3,,N,aceva001,thorm001,NYA
NYA201005010,NYA,CHA,0,1,,D,lines001,robed002,CHA
NYA201005020,NYA,CHA,0,0,,D,hughp001,buehm001,NYA
NYA201005030,NYA,BAL,0,0,,N,sabac001,guthj001,NYA
NYA201005040,NYA,BAL,0,0,,N,burna001,matub001,NYA
NYA201005050,NYA,BAL,1,0,,D,petta001,hernd002,NYA
NYA201005140,NYA,MIN,0,0,,N,chamj002,bakes002,NYA
NYA201005150,NYA,MIN,1,0,,D,petta001,lirif001,NYA
NYA201005160,NYA,MIN,0,0,,D,blacn001,chamj002,MIN
NYA201005170,NYA,BOS,5,0,,N,vazqj001,papej001,NYA
NYA201005180,NYA,BOS,0,0,,N,bardd001,rivem002,BOS
NYA201005190,NYA,TBA,0,1,,N,daviw001,burna001,TBA
NYA201005200,NYA,TBA,0,3,,N,shiej002,petta001,TBA
NYA201005280,NYA,CLE,0,0,,N,hughp001,carmf001,NYA
NYA201005290,NYA,CLE,1,0,,D,perer002,chamj002,CLE
NYA201005300,NYA,CLE,0,0,,D,burna001,sippt001,NYA
NYA201005310,NYA,CLE,1,0,,D,petta001,talbm001,NYA
NYA201006010,NYA,BAL,0,0,,N,vazqj001,matub001,NYA
NYA201006020,NYA,BAL,0,0,,N,hughp001,bergb002,NYA
NYA201006030,NYA,BAL,2,0,,D,sabac001,millk004,NYA
NYA201006110,NYA,HOU,3,0,,N,petta001,myerb001,NYA
NYA201006120,NYA,HOU,1,0,,D,vazqj001,rodrw002,NYA
NYA201006130,NYA,HOU,0,1,,D,hughp001,moehb001,NYA
NYA201006150,NYA,PHI,0,0,,N,sabac001,hallr001,NYA
NYA201006160,NYA,PHI,0,0,,N,moyej001,burna001,PHI
NYA201006170,NYA,PHI,0,0,,N,kendk001,petta001,PHI
NYA201006180,NYA,NYN,0,1,,N,takah001,vazqj001,NYN
NYA201006190,NYA,NYN,1,1,,D,hughp001,pelfm001,NYA
NYA201006200,NYA,NYN,0,0,,D,sabac001,santj003,NYA
NYA201006290,NYA,SEA,1,0,,N,lee-c003,hughp001,SEA
NYA201006300,NYA,SEA,0,0,,N,hernf002,vazqj001,SEA
NYA201007010,NYA,SEA,1,0,,D,sabac001,aardd001,NYA
NYA201007020,NYA,TOR,1,0,,D,frasj002,robed002,TOR
NYA201007030,NYA,TOR,0,2,,D,petta001,romer002,NYA
NYA201007040,NYA,TOR,0,0,,D,robed002,purcd001,NYA
NYA201007160,NYA,TBA,0,0,,N,rivem002,choar001,NYA
NYA201007170,NYA,TBA,0,1,,D,niemj001,burna001,TBA
NYA201007180,NYA,TBA,2,3,,D,parkc002,pricd001,NYA
NYA201007200,NYA,ANA,2,0,,N,osuls001,hughp001,ANA
NYA201007210,NYA,ANA,1,0,,D,vazqj001,pinej001,NYA
NYA201007220,NYA,KCA,2,2,,N,sabac001,chenb001,NYA
NYA201007230,NYA,KCA,4,0,,N,burna001,bannb001,NYA
NYA201007240,NYA,KCA,0,1,,D,davik002,mitrs001,KCA
NYA201007250,NYA,KCA,0,0,,D,hughp001,osuls001,NYA
NYA201008020,NYA,TOR,2,0,,N,morrb001,burna001,TOR
NYA201008030,NYA,TOR,2,0,,N,romer002,mosed001,TOR
NYA201008040,NYA,TOR,2,0,,D,hughp001,marcs001,NYA
NYA201008060,NYA,BOS,2,1,,N,buchc001,vazqj001,BOS
NYA201008070,NYA,BOS,0,0,,D,sabac001,lackj001,NYA
NYA201008080,NYA,BOS,0,0,,N,mosed001,beckj002,NYA
NYA201008090,NYA,BOS,0,0,,D,lestj001,hughp001,BOS
NYA201008160,NYA,DET,0,0,,N,schem001,vazqj001,DET
NYA201008170,NYA,DET,2,1,,N,sabac001,verlj001,NYA
NYA201008180,NYA,DET,3,0,,N,mosed001,bondj001,NYA
NYA201008190,NYA,DET,0,2,,D,hughp001,porcr001,NYA
NYA201008200,NYA,SEA,0,3,,N,hernf002,burna001,SEA
NYA201008210,NYA,SEA,4,2,,D,logab001,vargj001,NYA
NYA201008220,NYA,SEA,0,0,,D,sabac001,frenl001,NYA
NYA201008300,NYA,OAK,3,3,,N,vazqj001,cahit001,NYA
NYA201008310,NYA,OAK,3,0,,N,hughp001,mazzv001,NYA
NYA201009010,NYA,OAK,1,0,,N,burna001,andeb004,NYA
NYA201009020,NYA,OAK,0,0,,D,sabac001,bradd002,NYA
NYA201009030,NYA,TOR,2,1,,D,woodk002,morrb001,NYA
NYA201009040,NYA,TOR,0,0,,D,chamj002,frasj002,NYA
NYA201009050,NYA,TOR,0,2,,D,cecib001,hughp001,TOR
NYA201009060,NYA,BAL,0,0,,D,matub001,burna001,BAL
NYA201009070,NYA,BAL,1,3,,N,arrij001,sabac001,BAL
NYA201009080,NYA,BAL,0,0,,D,chamj002,uehak001,NYA
NYA201009200,NYA,TBA,0,0,,N,gaudc001,garzm001,NYA
NYA201009210,NYA,TBA,5,0,,N,hughp001,shiej002,NYA
NYA201009220,NYA,TBA,0,1,,N,hellj001,burna001,TBA
NYA201009230,NYA,TBA,0,0,,N,pricd001,sabac001,TBA
NYA201009240,NYA,BOS,0,0,,N,beckj002,petta001,BOS
NYA201009250,NYA,BOS,0,0,,D,lestj001,novai001,BOS
NYA201009260,NYA,BOS,0,0,,N,logab001,okajh001,NYA
NYN201004050,NYN,FLO,2,0,,D,santj003,johnj009,NYN
NYN201004070,NYN,FLO,1,1,,N,nunel001,takah001,FLO
NYN201004080,NYN,FLO,0,1,,N,roben001,niesj001,FLO
NYN201004090,NYN,WAS,0,0,,N,pelfm001,batim001,NYN
NYN201004100,NYN,WAS,0,0,,D,lannj001,pereo002,WAS
NYN201004110,NYN,WAS,0,5,,D,hernl003,santj003,WAS
NYN201004190,NYN,CHN,0,0,,N,nievf001,russj003,NYN
NYN201004200,NYN,CHN,0,0,,N,pelfm001,zambc001,NYN
NYN201004210,NYN,CHN,0,0,,N,silvc001,pereo002,CHN
NYN201004220,NYN,CHN,0,0,,N,santj003,gorzt001,NYN
NYN201004230,NYN,ATL,0,0,,N,takah001,kawak001,NYN
NYN201004240,NYN,ATL,0,0,,D,acosm001,jurrj001,NYN
NYN201004250,NYN,ATL,1,0,,N,pelfm001,hanst001,NYN
NYN201004271,NYN,LAN,0,0,,D,santj003,kuroh001,NYN
NYN201004272,NYN,LAN,3,0,,N,takah001,haegc001,NYN
NYN201004280,NYN,LAN,0,0,,D,mainj001,ely-j001,NYN
NYN201005070,NYN,SFN,1,0,,N,rodrf003,romos001,NYN
NYN201005080,NYN,SFN,1,0,,D,takah001,motag001,NYN
NYN201005090,NYN,SFN,0,0,,D,romos001,mejij001,SFN
NYN201005100,NYN,WAS,0,0,,N,atill001,mainj001,WAS
NYN201005110,NYN,WAS,0,3,,N,valdr002,clipt001,NYN
NYN201005120,NYN,WAS,0,0,,D,clipt001,rodrf003,WAS
NYN201005210,NYN,NYA,0,0,,N,vazqj001,desse001,NYA
NYN201005220,NYN,NYA,2,0,,N,pelfm001,hughp001,NYN
NYN201005230,NYN,NYA,0,0,,N,santj003,sabac001,NYN
NYN201005250,NYN,PHI,1,0,,N,dickr001,moyej001,NYN
NYN201005260,NYN,PHI,0,0,,N,takah001,blanj001,NYN
NYN201005270,NYN,PHI,1,0,,N,pelfm001,hamec001,NYN
NYN201006040,NYN,FLO,0,0,,N,dickr001,sanca004,NYN
NYN201006050,NYN,FLO,0,0,,D,niesj001,roben001,NYN
NYN201006060,NYN,FLO,0,0,,D,felip002,hensc002,NYN
NYN201006080,NYN,SDN,0,1,,N,desse001,mujie001,NYN
NYN201006101,NYN,SDN,0,0,,D,latom001,santj003,SDN
NYN201006102,NYN,SDN,0,0,,N,niesj001,garlj001,NYN
NYN201006220,NYN,DET,2,0,,N,nievf001,verlj001,NYN
NYN201006230,NYN,DET,0,0,,N,dickr001,bondj001,NYN
NYN201006240,NYN,DET,0,1,,N,galaa002,takah001,DET
NYN201006250,NYN,MIN,0,1,,N,pelfm001,slowk001,NYN
NYN201006260,NYN,MIN,0,4,,D,pavac001,santj003,MIN
NYN201006270,NYN,MIN,0,0,,D,niesj001,bakes002,NYN
NYN201007050,NYN,CIN,1,1,,N,smitj003,pelfm001,CIN
NYN201007060,NYN,CIN,0,0,,N,santj003,malom001,NYN
NYN201007070,NYN,CIN,1,0,,N,arrob001,niesj001,CIN
NYN201007090,NYN,ATL,0,1,,N,oflae001,dickr001,ATL
NYN201007100,NYN,ATL,0,0,,D,hudst001,pelfm001,ATL
NYN201007110,NYN,ATL,0,0,,D,santj003,lowed001,NYN
NYN201007270,NYN,SLN,0,1,,N,niesj001,waina001,NYN
NYN201007280,NYN,SLN,2,6,,N,macdm001,felip002,SLN
NYN201007290,NYN,SLN,0,0,,D,dickr001,hawkb001,NYN
NYN201007300,NYN,ARI,3,3,,N,kenni001,valdr002,ARI
NYN201007310,NYN,ARI,0,0,,N,rodrf003,gutij002,NYN
NYN201008010,NYN,ARI,0,0,,D,hudsd001,niesj001,ARI
NYN201008100,NYN,COL,0,0,,N,pelfm001,jimeu001,NYN
NYN201008110,NYN,COL,2,0,,N,belim001,takah001,COL
NYN201008120,NYN,COL,2,0,,D,santj003,hammj002,NYN
NYN201008130,NYN,PHI,0,0,,N,dickr001,hamec001,NYN
NYN201008140,NYN,PHI,0,0,,N,hallr001,miscp001,PHI
NYN201008150,NYN,PHI,0,0,,N,kendk001,pelfm001,PHI
NYN201008240,NYN,FLO,0,0,,N,takah001,ohmaw001,NYN
NYN201008250,NYN,FLO,0,1,,N,sanaa001,miscp001,FLO
NYN201008260,NYN,FLO,2,0,,N,sanca004,niesj001,FLO
NYN201008270,NYN,HOU,1,0,,N,pelfm001,figun001,NYN
NYN201008280,NYN,HOU,0,2,,N,myerb001,santj003,HOU
NYN201008290,NYN,HOU,0,0,,D,dickr001,norrb001,NYN
NYN201009100,NYN,PHI,0,0,,N,hallr001,mejij001,PHI
NYN201009110,NYN,PHI,1,0,,D,pelfm001,kendk001,NYN
NYN201009120,NYN,PHI,0,1,,D,oswar001,niesj001,PHI
NYN201009130,NYN,PIT,0,0,,N,takah001,parkc002,NYN
NYN201009140,NYN,PIT,1,0,,N,dickr001,dukez001,NYN
NYN201009150,NYN,PIT,0,0,,N,valdr002,mahop002,NYN
NYN201009160,NYN,PIT,0,0,,N,pelfm001,ledew001,NYN
NYN201009170,NYN,ATL,0,0,,N,hanst001,niesj001,ATL
NYN201009180,NYN,ATL,0,0,,D,hudst001,gee-d001,ATL
NYN201009190,NYN,ATL,2,0,,D,lowed001,dickr001,ATL
NYN201009280,NYN,MIL,0,0,,N,desse001,axfoj001,NYN
NYN201009291,NYN,MIL,0,0,,D,villc001,acosm001,MIL
NYN201009292,NYN,MIL,0,0,,N,bushd001,dickr001,MIL
NYN201009300,NYN,MIL,0,0,,N,narvc001,gee-d001,MIL
NYN201010010,NYN,WAS,0,0,,N,takah001,clipt001,NYN
NYN201010020,NYN,WAS,0,0,,D,igarr001,clipt001,NYN
NYN201010030,NYN,WAS,0,0,,D,peraj002,pereo002,WAS
OAK201004050,OAK,SEA,0,1,,N,leagb001,ziegb001,SEA
OAK201004060,OAK,SEA,0,0,,N,ramie003,texek001,OAK
OAK201004070,OAK,SEA,1,2,,N,blevj001,lowem002,OAK
OAK201004080,OAK,SEA,0,0,,D,andeb004,fistd001,OAK
OAK201004150,OAK,BAL,2,0,,N,sheeb001,hernd002,OAK
OAK201004160,OAK,BAL,0,0,,N,bradd002,millk004,OAK
OAK201004170,OAK,BAL,0,0,,D,blevj001,johnj010,OAK
OAK201004180,OAK,BAL,0,0,,D,matub001,andeb004,BAL
OAK201004200,OAK,NYA,0,3,,N,vazqj001,gonzg003,NYA
OAK201004210,OAK,NYA,0,0,,N,hughp001,sheeb001,NYA
OAK201004220,OAK,NYA,3,0,,D,bradd002,sabac001,OAK
OAK201004230,OAK,CLE,0,0,,N,duchj001,westj001,OAK
OAK201004240,OAK,CLE,0,0,,D,carmf001,gaudc001,CLE
OAK201004250,OAK,CLE,2,0,,D,gonzg003,mastj001,OAK
OAK201005030,OAK,TEX,0,0,,N,hardr001,bradd002,TEX
OAK201005040,OAK,TEX,2,0,,N,ziegb001,felds001,OAK
OAK201005050,OAK,TEX,2,0,,D,cahit001,lewic001,OAK
OAK201005070,OAK,TBA,0,0,,N,pricd001,gonzg003,TBA
OAK201005080,OAK,TBA,2,0,,D,sheeb001,daviw001,OAK
OAK201005090,OAK,TBA,0,0,,D,bradd002,shiej002,OAK
OAK201005170,OAK,SEA,2,1,,N,gonzg003,rowlr002,OAK
OAK201005180,OAK,SEA,1,0,,N,bresc001,leagb001,OAK
OAK201005190,OAK,DET,0,0,,N,verlj001,bradd002,DET
OAK201005200,OAK,DET,0,0,,D,bondj001,rosst001,DET
OAK201005210,OAK,SFN,0,0,,N,cahit001,zitob001,OAK
OAK201005220,OAK,SFN,0,0,,D,gonzg003,cainm001,OAK
OAK201005230,OAK,SFN,0,0,,D,wuerm001,sancj002,OAK
OAK201006040,OAK,MIN,0,2,,N,guerm001,baila001,MIN
OAK201006050,OAK,MIN,1,0,,N,burna002,ziegb001,MIN
OAK201006060,OAK,MIN,2,0,,D,gonzg003,blacn001,OAK
OAK201006070,OAK,ANA,0,2,,N,kazms001,sheeb001,ANA
OAK201006080,OAK,ANA,1,0,,N,mazzv001,weavj003,OAK
OAK201006090,OAK,ANA,0,0,,N,saunj001,bradd002,ANA
OAK201006100,OAK,ANA,0,0,,D,cahit001,sante001,OAK
OAK201006210,OAK,CIN,0,1,,N,cordf002,wuerm001,CIN
OAK201006220,OAK,CIN,0,0,,N,arrob001,bradd002,CIN
OAK201006230,OAK,CIN,0,2,,D,cuetj001,mazzv001,CIN
OAK201006250,OAK,PIT,2,2,,N,sheeb001,lincb001,OAK
OAK201006260,OAK,PIT,1,0,,N,cahit001,mccud001,OAK
OAK201006270,OAK,PIT,0,0,,D,bresc001,meeke001,OAK
OAK201007050,OAK,NYA,0,0,,N,vazqj001,sheeb001,NYA
OAK201007060,OAK,NYA,1,0,,N,sabac001,cahit001,NYA
OAK201007070,OAK,NYA,0,0,,N,burna001,gonzg003,NYA
OAK201007090,OAK,ANA,0,2,,N,jepsk001,baila001,ANA
OAK201007100,OAK,ANA,0,0,,N,sheeb001,kazms001,OAK
OAK201007110,OAK,ANA,1,0,,D,cahit001,weavj003,OAK
OAK201007190,OAK,BOS,0,0,,N,matsd001,sheeb001,BOS
OAK201007200,OAK,BOS,0,1,,N,baila001,ramir003,OAK
OAK201007210,OAK,BOS,0,1,,D,gonzg003,buchc001,OAK
OAK201007230,OAK,CHA,0,0,,N,buehm001,cahit001,CHA
OAK201007240,OAK,CHA,2,0,,D,mazzv001,garcf002,OAK
OAK201007250,OAK,CHA,0,1,,D,bradd002,hudsd001,OAK
OAK201008020,OAK,KCA,1,0,,N,cahit001,bannb001,OAK
OAK201008030,OAK,KCA,0,0,,N,chavj001,bresc001,KCA
OAK201008040,OAK,KCA,0,2,,D,andeb004,osuls001,OAK
OAK201008060,OAK,TEX,1,0,,N,lee-c003,bradd002,TEX
OAK201008070,OAK,TEX,2,0,,D,gonzg003,hardr001,OAK
OAK201008080,OAK,TEX,0,0,,D,cahit001,olivd001,OAK
OAK201008160,OAK,TOR,0,0,,N,marcs001,andeb004,TOR
OAK201008170,OAK,TOR,2,1,,N,bradd002,tallb001,OAK
OAK201008180,OAK,TOR,2,0,,D,ziegb001,jansc001,OAK
OAK201008190,OAK,TBA,1,0,,N,cahit001,wheed001,OAK
OAK201008200,OAK,TBA,0,2,,N,rodrh002,benoj001,OAK
OAK201008210,OAK,TBA,2,0,,N,choar001,bresc001,TBA
OAK201008220,OAK,TBA,0,0,,D,garzm001,bradd002,TBA
OAK201009030,OAK,ANA,1,0,,N,gonzg003,kazms001,OAK
OAK201009040,OAK,ANA,1,0,,D,cahit001,weavj003,OAK
OAK201009050,OAK,ANA,0,0,,D,sante001,mazzv001,ANA
OAK201009060,OAK,SEA,2,0,,D,andeb004,vargj001,OAK
OAK201009070,OAK,SEA,0,0,,N,fistd001,bradd002,SEA
OAK201009080,OAK,SEA,0,2,,N,gonzg003,frenl001,OAK
OAK201009100,OAK,BOS,3,0,,N,cahit001,buchc001,OAK
OAK201009110,OAK,BOS,0,0,,N,andeb004,lackj001,OAK
OAK201009120,OAK,BOS,0,0,,D,beckj002,bradd002,BOS
OAK201009200,OAK,CHA,0,0,,N,bonsb001,lines001,OAK
OAK201009210,OAK,CHA,1,0,,N,cahit001,buehm001,OAK
OAK201009220,OAK,CHA,0,0,,D,thorm001,ziegb001,CHA
OAK201009230,OAK,TEX,0,0,,N,bradd002,lee-c003,OAK
OAK201009240,OAK,TEX,0,0,,N,huntt002,cramb001,TEX
OAK201009250,OAK,TEX,1,0,,D,odayd001,wuerm001,TEX
OAK201009260,OAK,TEX,0,1,,D,lewic001,cahit001,TEX
PHI201004120,PHI,WAS,0,0,,D,hamec001,marqj001,PHI
PHI201004140,PHI,WAS,4,3,,N,figun001,bergj001,PHI
PHI201004150,PHI,WAS,1,0,,D,clipt001,baezd001,WAS
PHI201004160,PHI,FLO,3,0,,N,hallr001,sanca004,PHI
PHI201004170,PHI,FLO,0,5,,N,nolar001,moyej001,FLO
PHI201004180,PHI,FLO,0,0,,D,roben001,hamec001,FLO
PHI201004300,PHI,NYN,0,0,,N,niesj001,kendk001,NYN
PHI201005010,PHI,NYN,0,0,,D,hallr001,pelfm001,PHI
PHI201005020,PHI,NYN,2,3,,N,moyej001,santj003,PHI
PHI201005030,PHI,SLN,0,0,,N,garcj004,blanj001,SLN
PHI201005040,PHI,SLN,0,0,,N,contj002,hawkb001,PHI
PHI201005050,PHI,SLN,0,0,,N,kendk001,pennb002,PHI
PHI201005060,PHI,SLN,3,0,,D,hallr001,lohsk001,PHI
PHI201005070,PHI,ATL,0,0,,N,moyej001,lowed001,PHI
PHI201005080,PHI,ATL,0,0,,D,oflae001,blanj001,ATL
PHI201005090,PHI,ATL,2,0,,D,hamec001,kawak001,PHI
PHI201005170,PHI,PIT,1,1,,N,kendk001,mortc002,PHI
PHI201005180,PHI,PIT,0,0,,N,dukez001,hallr001,PIT
PHI201005190,PHI,CHN,0,0,,N,gorzt001,moyej001,CHN
PHI201005200,PHI,CHN,1,0,,D,baezd001,grabj002,PHI
PHI201005210,PHI,BOS,0,1,,N,hamec001,lackj001,PHI
PHI201005220,PHI,BOS,0,0,,N,matsd001,kendk001,BOS
PHI201005230,PHI,BOS,0,0,,D,waket001,hallr001,BOS
PHI201006040,PHI,SDN,0,0,,N,hallr001,latom001,PHI
PHI201006050,PHI,SDN,0,0,,N,moyej001,garlj001,PHI
PHI201006060,PHI,SDN,1,3,,D,adamm001,baezd001,SDN
PHI201006070,PHI,SDN,0,0,,N,leblw001,hamec001,SDN
PHI201006080,PHI,FLO,0,1,,N,contj002,hensc002,PHI
PHI201006100,PHI,FLO,0,1,,N,johnj009,hallr001,FLO
PHI201006180,PHI,MIN,3,0,,N,blanj001,blacn001,PHI
PHI201006190,PHI,MIN,3,3,,D,raucj001,baezd001,MIN
PHI201006200,PHI,MIN,0,1,,D,pavac001,hallr001,MIN
PHI201006220,PHI,CLE,2,0,,N,moyej001,talbm001,PHI
PHI201006230,PHI,CLE,1,2,,N,romej001,woodk002,PHI
PHI201006240,PHI,CLE,0,0,,D,blanj001,carmf001,PHI
PHI201006250,PHI,TOR,0,0,,N,hallr001,litsj001,PHI
PHI201006260,PHI,TOR,0,0,,D,marcs001,hamec001,TOR
PHI201006270,PHI,TOR,0,0,,D,moyej001,cecib001,PHI
PHI201007050,PHI,ATL,0,1,,N,hallr001,lowed001,PHI
PHI201007060,PHI,ATL,2,1,,N,chavj001,hernd003,ATL
PHI201007070,PHI,ATL,0,1,,N,medlk001,moyej001,ATL
PHI201007080,PHI,CIN,1,1,,N,figun001,smitj003,PHI
PHI201007090,PHI,CIN,0,3,,N,madsr001,rhoda001,PHI
PHI201007100,PHI,CIN,0,0,,N,contj002,brayb001,PHI
PHI201007110,PHI,CIN,0,0,,D,hamec001,malom001,PHI
PHI201007230,PHI,COL,0,0,,N,hallr001,cooka002,PHI
PHI201007240,PHI,COL,0,0,,D,kendk001,jimeu001,PHI
PHI201007250,PHI,COL,0,0,,D,madsr001,beimj001,PHI
PHI201007260,PHI,COL,0,2,,D,blanj001,hammj002,PHI
PHI201007270,PHI,ARI,0,1,,N,hernd003,norbj001,PHI
PHI201007280,PHI,ARI,0,0,,N,hallr001,jacke001,PHI
PHI201007290,PHI,ARI,0,0,,N,contj002,vasqe001,PHI
PHI201008060,PHI,NYN,1,0,,N,durbc001,parnb001,PHI
PHI201008070,PHI,NYN,0,0,,N,santj003,hamec001,NYN
PHI201008080,PHI,NYN,0,2,,D,hallr001,dickr001,PHI
PHI201008100,PHI,LAN,0,1,,N,padiv001,kendk001,LAN
PHI201008110,PHI,LAN,0,0,,N,oswar001,billc001,PHI
PHI201008120,PHI,LAN,0,3,,N,baezd001,broxj001,PHI
PHI201008170,PHI,SFN,0,2,,N,oswar001,zitob001,PHI
PHI201008180,PHI,SFN,0,1,,N,blanj001,cainm001,PHI
PHI201008190,PHI,SFN,0,3,,N,sancj002,hamec001,SFN
PHI201008200,PHI,WAS,0,0,,N,hallr001,marqj001,PHI
PHI201008210,PHI,WAS,0,3,,N,slatd001,kendk001,WAS
PHI201008220,PHI,WAS,1,0,,D,oswar001,olses001,PHI
PHI201008230,PHI,HOU,0,1,,N,myerb001,madsr001,HOU
PHI201008240,PHI,HOU,0,0,,N,fulcj001,hernd003,HOU
PHI201008250,PHI,HOU,0,0,,N,happj001,hallr001,HOU
PHI201008260,PHI,HOU,0,1,,D,rodrw002,kendk001,HOU
PHI201009030,PHI,MIL,0,0,,N,hamec001,capuc001,PHI
PHI201009040,PHI,MIL,0,0,,N,hallr001,loe-k001,PHI
PHI201009050,PHI,MIL,0,3,,D,wolfr001,kendk001,MIL
PHI201009061,PHI,FLO,0,1,,D,menda001,worlv001,FLO
PHI201009062,PHI,FLO,0,0,,N,oswar001,sanca004,PHI
PHI201009070,PHI,FLO,0,0,,N,madsr001,veraj001,PHI
PHI201009080,PHI,FLO,2,0,,N,hamec001,milla002,PHI
PHI201009170,PHI,WAS,6,1,,N,oswar001,marqj001,PHI
PHI201009180,PHI,WAS,0,1,,N,kendk001,zimmj003,PHI
PHI201009190,PHI,WAS,0,0,,D,worlv001,stord001,PHI
PHI201009200,PHI,ATL,0,0,,N,hamec001,beacb001,PHI
PHI201009210,PHI,ATL,0,0,,N,hallr001,minom001,PHI
PHI201009220,PHI,ATL,0,0,,N,madsr001,ventj001,PHI
PHI201009240,PHI,NYN,1,0,,N,blanj001,dickr001,PHI
PHI201009250,PHI,NYN,2,0,,N,gee-d001,kendk001,NYN
PHI201009260,PHI,NYN,0,0,,D,acosm001,hamec001,NYN
PIT201004050,PIT,LAN,2,2,,D,dukez001,padiv001,PIT
PIT201004070,PIT,LAN,3,0,,N,donnb001,ortir002,PIT
PIT201004080,PIT,LAN,0,1,,D,billc001,mahop002,LAN
PIT201004160,PIT,CIN,2,0,,N,doteo001,massn001,PIT
PIT201004170,PIT,CIN,2,1,,N,tascj001,cordf002,PIT
PIT201004180,PIT,CIN,0,0,,D,mahop002,arrob001,PIT
PIT201004200,PIT,MIL,0,3,,N,bushd001,mortc002,MIL
PIT201004210,PIT,MIL,0,1,,N,gally001,dukez001,MIL
PIT201004220,PIT,MIL,0,0,,D,wolfr001,mccud001,MIL
PIT201005040,PIT,CHN,1,0,,N,mahop002,dempr002,PIT
PIT201005050,PIT,CHN,1,0,,N,mortc002,lillt001,PIT
PIT201005060,PIT,CHN,5,0,,N,burrb001,wellr001,PIT
PIT201005070,PIT,SLN,0,2,,N,franr001,meeke001,SLN
PIT201005080,PIT,SLN,0,0,,N,karsj001,garcj004,PIT
PIT201005090,PIT,SLN,0,0,,D,waina001,mahop002,SLN
PIT201005100,PIT,CIN,0,0,,N,arrob001,ohler001,CIN
PIT201005110,PIT,CIN,0,2,,N,cuetj001,mortc002,CIN
PIT201005120,PIT,CIN,0,2,,D,bailh001,dukez001,CIN
PIT201005190,PIT,MIL,0,0,,N,lopej002,wolfr001,PIT
PIT201005200,PIT,MIL,3,0,,N,narvc001,mahop002,MIL
PIT201005210,PIT,ATL,0,1,,N,hudst001,ohler001,ATL
PIT201005220,PIT,ATL,0,0,,N,lowed001,mortc002,ATL
PIT201005230,PIT,ATL,0,0,,D,doteo001,saitt001,PIT
PIT201005310,PIT,CHN,0,0,,D,meeke001,marss002,PIT
PIT201006010,PIT,CHN,0,0,,N,hanrj001,lillt001,PIT
PIT201006040,PIT,SFN,0,0,,N,sancj002,dukez001,SFN
PIT201006050,PIT,SFN,1,0,,N,mahop002,wellt002,PIT
PIT201006060,PIT,SFN,0,1,,D,wilsb001,doteo001,SFN
PIT201006070,PIT,CHN,0,1,,D,silvc001,eveld001,CHN
PIT201006150,PIT,CHA,2,0,,N,garcf002,lincb001,CHA
PIT201006160,PIT,CHA,0,0,,N,dankj001,dukez001,CHA
PIT201006170,PIT,CHA,0,0,,N,buehm001,ohler001,CHA
PIT201006180,PIT,CLE,0,0,,N,carmf001,mahop002,CLE
PIT201006190,PIT,CLE,1,1,,N,karsj001,huffd001,PIT
PIT201006200,PIT,CLE,2,2,,D,donnb001,lewij003,PIT
PIT201007010,PIT,PHI,0,0,,N,mccud001,hamec001,PIT
PIT201007020,PIT,PHI,0,0,,N,ohler001,moyej001,PIT
PIT201007030,PIT,PHI,0,2,,N,kendk001,mahop002,PHI
PIT201007040,PIT,PHI,2,0,,D,meeke001,contj002,PIT
PIT201007160,PIT,HOU,0,1,,N,myerb001,dukez001,HOU
PIT201007170,PIT,HOU,3,0,,N,lopej002,norrb001,PIT
PIT201007180,PIT,HOU,0,0,,D,mahop002,oswar001,PIT
PIT201007190,PIT,MIL,0,0,,N,capuc001,karsj001,MIL
PIT201007200,PIT,MIL,9,0,,N,carrd001,bushd001,PIT
PIT201007210,PIT,MIL,2,1,,N,dukez001,wolfr001,PIT
PIT201007220,PIT,MIL,0,0,,N,gally001,ohler001,MIL
PIT201007230,PIT,SDN,0,0,,N,corrk001,mahop002,SDN
PIT201007240,PIT,SDN,0,0,,N,latom001,karsj001,SDN
PIT201007250,PIT,SDN,0,0,,D,leblw001,lincb001,SDN
PIT201008020,PIT,CIN,0,1,,N,woodt004,ohler001,CIN
PIT201008030,PIT,CIN,0,0,,N,mahop002,leakm001,PIT
PIT201008040,PIT,CIN,1,0,,D,cuetj001,karsj001,CIN
PIT201008050,PIT,COL,0,0,,N,mcdoj004,franj003,PIT
PIT201008060,PIT,COL,0,1,,N,hammj002,parkc002,COL
PIT201008070,PIT,COL,0,0,,N,galls001,streh001,PIT
PIT201008080,PIT,COL,0,2,,D,rogee002,mahop002,COL
PIT201008160,PIT,FLO,2,0,,N,mcdoj004,volsc001,PIT
PIT201008170,PIT,FLO,0,0,,N,nolar001,dukez001,FLO
PIT201008180,PIT,FLO,0,0,,N,johnj009,ohler001,FLO
PIT201008190,PIT,FLO,0,0,,N,sanaa001,mahop002,FLO
PIT201008200,PIT,NYN,0,3,,N,pelfm001,karsj001,NYN
PIT201008210,PIT,NYN,0,1,,N,niesj001,mcdoj004,NYN
PIT201008220,PIT,NYN,0,1,,D,dukez001,santj003,PIT
PIT201008230,PIT,SLN,0,4,,N,lohsk001,ohler001,SLN
PIT201008240,PIT,SLN,0,2,,N,hanrj001,waina001,PIT
PIT201008250,PIT,SLN,0,0,,N,mccud001,westj001,PIT
PIT201009030,PIT,WAS,0,0,,N,dukez001,hernl003,PIT
PIT201009040,PIT,WAS,0,0,,N,lannj001,mahop002,WAS
PIT201009050,PIT,WAS,0,1,,D,marqj001,mortc002,WAS
PIT201009060,PIT,ATL,1,0,,D,burrb001,hanst001,PIT
PIT201009070,PIT,ATL,0,0,,N,mcdoj004,hudst001,PIT
PIT201009080,PIT,ATL,0,3,,N,lowed001,dukez001,ATL
PIT201009170,PIT,ARI,1,0,,N,meeke001,vasqe001,PIT
PIT201009180,PIT,ARI,0,0,,N,mcdoj004,enrib001,PIT
PIT201009190,PIT,ARI,1,0,,D,hanrj001,heila001,PIT
PIT201009210,PIT,SLN,3,0,,N,mahop002,westj001,PIT
PIT201009220,PIT,SLN,2,0,,N,mortc002,lohsk001,PIT
PIT201009230,PIT,SLN,0,0,,D,suppj001,burrb001,SLN
PIT201009240,PIT,HOU,1,2,,N,myerb001,leroc001,HOU
PIT201009250,PIT,HOU,0,0,,N,dukez001,norrb001,PIT
PIT201009260,PIT,HOU,0,1,,D,mahop002,happj001,PIT
SDN201004120,SDN,ATL,0,0,,D,corrk001,jurrj001,SDN
SDN201004140,SDN,ATL,0,0,,N,hanst001,richc002,ATL
SDN201004150,SDN,ATL,0,1,,D,hudst001,latom001,ATL
SDN201004160,SDN,ARI,0,0,,N,bellh001,gutij002,SDN
SDN201004170,SDN,ARI,1,0,,N,corrk001,bensk001,SDN
SDN201004180,SDN,ARI,0,1,,D,mujie001,heila001,SDN
SDN201004190,SDN,SFN,1,0,,N,staut001,affej001,SDN
SDN201004200,SDN,SFN,0,0,,N,latom001,sancj002,SDN
SDN201004210,SDN,SFN,1,0,,D,garlj001,wellt002,SDN
SDN201004290,SDN,MIL,0,0,,N,leblw001,david002,SDN
SDN201004300,SDN,MIL,0,0,,N,richc002,bushd001,SDN
SDN201005010,SDN,MIL,0,0,,N,gally001,latom001,MIL
SDN201005020,SDN,MIL,0,0,,D,garlj001,wolfr001,SDN
SDN201005030,SDN,COL,0,0,,N,jimeu001,corrk001,COL
SDN201005040,SDN,COL,0,0,,N,bellh001,moraf001,SDN
SDN201005050,SDN,COL,0,0,,N,corpm001,staut001,COL
SDN201005140,SDN,LAN,1,0,,N,weavj002,gregl001,LAN
SDN201005150,SDN,LAN,1,0,,N,kersc001,corrk001,LAN
SDN201005160,SDN,LAN,0,0,,D,billc001,leblw001,LAN
SDN201005170,SDN,SFN,1,0,,N,richc002,cainm001,SDN
SDN201005180,SDN,SFN,0,0,,N,runzd001,ramoc001,SFN
SDN201005250,SDN,SLN,0,0,,N,garlj001,waina001,SDN
SDN201005260,SDN,SLN,0,0,,N,mujie001,boggm001,SDN
SDN201005270,SDN,SLN,0,0,,D,waltp001,leblw001,SLN
SDN201005280,SDN,WAS,0,0,,N,lannj001,richc002,WAS
SDN201005290,SDN,WAS,4,0,,N,latom001,martj005,SDN
SDN201005300,SDN,WAS,0,1,,D,gregl001,burns001,SDN
SDN201005310,SDN,NYN,0,0,,N,corrk001,takah001,SDN
SDN201006010,SDN,NYN,0,1,,N,pelfm001,leblw001,NYN
SDN201006020,SDN,NYN,0,0,,D,webbr001,valdr002,SDN
SDN201006110,SDN,SEA,0,0,,N,thatj001,aardd001,SDN
SDN201006120,SDN,SEA,2,0,,N,leblw001,lee-c003,SDN
SDN201006130,SDN,SEA,0,0,,D,hernf002,gregl001,SEA
SDN201006140,SDN,TOR,0,0,,N,marcs001,garlj001,TOR
SDN201006150,SDN,TOR,0,0,,N,latom001,cecib001,SDN
SDN201006160,SDN,TOR,0,1,,D,romer002,corrk001,TOR
SDN201006180,SDN,BAL,0,0,,N,bellh001,hernd002,SDN
SDN201006190,SDN,BAL,3,1,,N,millk004,richc002,BAL
SDN201006200,SDN,BAL,1,4,,D,garlj001,arrij001,SDN
SDN201006280,SDN,COL,0,2,,N,jimeu001,corrk001,COL
SDN201006290,SDN,COL,0,0,,N,hammj002,leblw001,COL
SDN201006300,SDN,COL,2,0,,D,richc002,franj003,SDN
SDN201007010,SDN,HOU,0,0,,N,sampc001,gregl001,HOU
SDN201007020,SDN,HOU,0,0,,N,latom001,lyonb003,SDN
SDN201007030,SDN,HOU,0,0,,N,adamm001,chacg001,SDN
SDN201007040,SDN,HOU,0,1,,D,bellh001,lyonb003,SDN
SDN201007160,SDN,ARI,0,1,,N,garlj001,hared001,SDN
SDN201007170,SDN,ARI,1,0,,N,richc002,loper001,SDN
SDN201007180,SDN,ARI,0,2,,D,corrk001,jacke001,SDN
SDN201007270,SDN,LAN,0,0,,N,billc001,garlj001,LAN
SDN201007280,SDN,LAN,0,0,,N,richc002,kuroh001,SDN
SDN201007290,SDN,LAN,1,0,,D,bellh001,sherg001,SDN
SDN201007300,SDN,FLO,1,0,,N,volsc001,leblw001,FLO
SDN201007310,SDN,FLO,0,0,,N,nolar001,corrk001,FLO
SDN201008010,SDN,FLO,2,0,,D,garlj001,johnj009,SDN
SDN201008100,SDN,PIT,0,0,,N,leblw001,karsj001,SDN
SDN201008110,SDN,PIT,0,0,,N,corrk001,mcdoj004,SDN
SDN201008120,SDN,PIT,0,0,,D,garlj001,dukez001,SDN
SDN201008240,SDN,ARI,0,0,,N,richc002,loper001,SDN
SDN201008250,SDN,ARI,2,1,,N,leblw001,saunj001,SDN
SDN201008260,SDN,ARI,0,1,,D,kenni001,corrk001,ARI
SDN201008270,SDN,PHI,0,0,,N,durbc001,friee001,PHI
SDN201008280,SDN,PHI,0,0,,D,blanj001,garlj001,PHI
SDN201008290,SDN,PHI,0,0,,D,hamec001,richc002,PHI
SDN201009030,SDN,COL,0,0,,N,cooka002,luebc001,COL
SDN201009040,SDN,COL,1,0,,D,hammj002,garlj001,COL
SDN201009050,SDN,COL,0,0,,D,delaj001,staut001,COL
SDN201009060,SDN,LAN,0,0,,N,adamm001,padiv001,SDN
SDN201009070,SDN,LAN,0,0,,N,latom001,kersc001,SDN
SDN201009080,SDN,LAN,0,0,,N,luebc001,billc001,SDN
SDN201009090,SDN,SFN,0,1,,N,cainm001,garlj001,SFN
SDN201009100,SDN,SFN,0,0,,N,garcj002,richc002,SFN
SDN201009110,SDN,SFN,0,0,,D,staut001,bumgm001,SDN
SDN201009120,SDN,SFN,0,2,,D,linct001,latom001,SFN
SDN201009240,SDN,CIN,0,0,,N,gregl001,rhoda001,SDN
SDN201009250,SDN,CIN,0,1,,D,bellh001,chapa001,SDN
SDN201009260,SDN,CIN,0,1,,D,bailh001,richc002,CIN
SDN201009270,SDN,CHN,0,0,,N,zambc001,staut001,CHN
SDN201009280,SDN,CHN,0,0,,N,dempr002,latom001,CHN
SDN201009290,SDN,CHN,0,0,,N,younc003,wellr001,SDN
SDN201009300,SDN,CHN,0,0,,D,marss002,bellh001,CHN
SEA201004120,SEA,OAK,0,0,,D,duchj001,rowlr002,OAK
SEA201004130,SEA,OAK,0,0,,N,fistd001,ziegb001,SEA
SEA201004140,SEA,OAK,0,0,,N,vargj001,gaudc001,SEA
SEA201004160,SEA,DET,0,0,,N,hernf002,bondj001,SEA
SEA201004170,SEA,DET,1,0,,N,leagb001,verlj001,SEA
SEA201004180,SEA,DET,0,0,,D,schem001,sneli001,DET
SEA201004190,SEA,BAL,0,0,,N,fistd001,bergb002,SEA
SEA201004200,SEA,BAL,2,1,,N,vargj001,hernd002,SEA
SEA201004210,SEA,BAL,0,1,,N,hernf002,millk004,SEA
SEA201004300,SEA,TEX,0,0,,N,franf001,leagb001,TEX
SEA201005010,SEA,TEX,0,0,,D,harrm001,hernf002,TEX
SEA201005020,SEA,TEX,0,0,,D,nippd001,lowem002,TEX
SEA201005040,SEA,TBA,0,0,,N,shiej002,vargj001,TBA
SEA201005050,SEA,TBA,0,0,,N,garzm001,lee-c003,TBA
SEA201005060,SEA,TBA,0,0,,N,niemj001,rowlr002,TBA
SEA201005070,SEA,ANA,0,4,,N,weavj003,hernf002,ANA
SEA201005080,SEA,ANA,0,0,,N,rodnf001,aardd001,ANA
SEA201005090,SEA,ANA,0,0,,D,vargj001,sante001,SEA
SEA201005190,SEA,TOR,0,0,,N,cecib001,fistd001,TOR
SEA201005200,SEA,TOR,0,0,,D,kells001,gregk001,SEA
SEA201005210,SEA,SDN,0,2,,N,lee-c003,leblw001,SEA
SEA201005220,SEA,SDN,0,0,,N,richc002,sneli001,SDN
SEA201005230,SEA,SDN,0,1,,D,latom001,hernf002,SDN
SEA201005250,SEA,DET,2,0,,N,kells001,verlj001,SEA
SEA201005260,SEA,DET,0,0,,D,leagb001,perrr001,SEA
SEA201005310,SEA,MIN,0,0,,N,lirif001,fistd001,MIN
SEA201006010,SEA,MIN,1,0,,N,vargj001,blacn001,SEA
SEA201006020,SEA,MIN,0,0,,N,leagb001,guerm001,SEA
SEA201006030,SEA,MIN,0,1,,N,hernf002,pavac001,SEA
SEA201006040,SEA,ANA,0,0,,N,saunj001,sneli001,ANA
SEA201006050,SEA,ANA,0,0,,D,sante001,olsog003,ANA
SEA201006060,SEA,ANA,3,1,,D,pinej001,kells001,ANA
SEA201006180,SEA,CIN,0,0,,N,lee-c003,cuetj001,SEA
SEA201006190,SEA,CIN,0,0,,N,hernf002,lecus001,SEA
SEA201006200,SEA,CIN,0,0,,D,rowlr002,haraa001,SEA
SEA201006220,SEA,CHN,0,0,,N,vargj001,dempr002,SEA
SEA201006230,SEA,CHN,0,0,,N,lee-c003,wellr001,SEA
SEA201006240,SEA,CHN,0,0,,D,grabj002,olsog003,CHN
SEA201007050,SEA,KCA,1,0,,N,farnk001,cordc001,KCA
SEA201007060,SEA,KCA,0,0,,N,greiz001,rowlr002,KCA
SEA201007070,SEA,KCA,0,1,,N,martv002,leagb001,KCA
SEA201007080,SEA,NYA,0,0,,N,petta001,aardd001,NYA
SEA201007090,SEA,NYA,0,1,,N,hughp001,pauld001,NYA
SEA201007100,SEA,NYA,0,0,,N,hernf002,chamj002,SEA
SEA201007110,SEA,NYA,0,2,,D,sabac001,rowlr002,NYA
SEA201007190,SEA,CHA,1,0,,N,hudsd001,pauld001,CHA
SEA201007200,SEA,CHA,0,0,,N,dankj001,fistd001,CHA
SEA201007210,SEA,CHA,0,0,,N,leagb001,jenkb001,SEA
SEA201007220,SEA,BOS,0,0,,N,okajh001,olsog003,BOS
SEA201007230,SEA,BOS,1,0,,N,atchs001,vargj001,BOS
SEA201007240,SEA,BOS,0,0,,N,seddc001,lestj001,SEA
SEA201007250,SEA,BOS,0,0,,D,leagb001,okajh001,SEA
SEA201008030,SEA,TEX,0,0,,N,vargj001,lewic001,SEA
SEA201008040,SEA,TEX,2,0,,N,felds001,fistd001,TEX
SEA201008050,SEA,TEX,0,0,,N,huntt002,hernf002,TEX
SEA201008060,SEA,KCA,0,0,,N,frenl001,greiz001,SEA
SEA201008070,SEA,KCA,0,0,,N,chenb001,pauld001,KCA
SEA201008080,SEA,KCA,0,0,,D,vargj001,davik002,SEA
SEA201008090,SEA,OAK,2,0,,N,fistd001,mazzv001,SEA
SEA201008100,SEA,OAK,0,0,,N,hernf002,andeb004,SEA
SEA201008110,SEA,OAK,0,0,,D,bradd002,frenl001,OAK
SEA201008270,SEA,MIN,0,1,,N,bakes002,vargj001,MIN
SEA201008280,SEA,MIN,0,0,,D,blacn001,fistd001,MIN
SEA201008290,SEA,MIN,0,0,,D,frenl001,pavac001,SEA
SEA201008300,SEA,ANA,0,0,,N,sante001,pauld001,ANA
SEA201008310,SEA,ANA,0,0,,N,leagb001,jepsk001,SEA
SEA201009010,SEA,ANA,0,1,,N,bellt002,vargj001,ANA
SEA201009020,SEA,CLE,0,0,,N,tomlj001,fistd001,CLE
SEA201009030,SEA,CLE,1,0,,N,frenl001,carmf001,SEA
SEA201009040,SEA,CLE,0,1,,N,talbm001,pauld001,CLE
SEA201009050,SEA,CLE,0,0,,D,hernf002,gomej002,SEA
SEA201009130,SEA,BOS,0,0,,N,lestj001,fistd001,BOS
SEA201009140,SEA,BOS,1,0,,N,hillr001,leagb001,BOS
SEA201009150,SEA,BOS,1,0,,D,buchc001,pauld001,BOS
SEA201009170,SEA,TEX,0,0,,N,hernf002,wilsc004,SEA
SEA201009180,SEA,TEX,0,0,,N,lee-c003,vargj001,TEX
SEA201009190,SEA,TEX,0,0,,D,fistd001,huntt002,SEA
SEA201009300,SEA,OAK,0,0,,N,gonzg003,fistd001,OAK
SEA201010010,SEA,OAK,0,1,,N,cahit001,frenl001,OAK
SEA201010020,SEA,OAK,0,0,,N,andeb004,pauld001,OAK
SEA201010030,SEA,OAK,0,0,,D,bradd002,varva001,OAK
SFN201004090,SFN,ATL,0,0,,D,affej001,medlk001,SFN
SFN201004100,SFN,ATL,0,0,,N,lowed001,wellt002,ATL
SFN201004110,SFN,ATL,0,2,,N,linct001,kawak001,SFN
SFN201004120,SFN,PIT,3,0,,N,zitob001,burrb001,SFN
SFN201004130,SFN,PIT,0,1,,N,meeke001,affej001,PIT
SFN201004140,SFN,PIT,0,0,,D,sancj002,mortc002,SFN
SFN201004230,SFN,SLN,1,0,,N,linct001,garcj004,SFN
SFN201004240,SFN,SLN,0,0,,N,zitob001,waina001,SFN
SFN201004250,SFN,SLN,0,1,,D,pennb002,cainm001,SLN
SFN201004260,SFN,PHI,2,0,,N,sancj002,hallr001,SFN
SFN201004270,SFN,PHI,0,0,,N,wellt002,moyej001,SFN
SFN201004280,SFN,PHI,0,0,,D,madsr001,romos001,PHI
SFN201004300,SFN,COL,0,1,,N,zitob001,cooka002,SFN
SFN201005010,SFN,COL,0,0,,D,cainm001,rogee002,SFN
SFN201005020,SFN,COL,0,0,,D,chacj001,sancj002,COL
SFN201005110,SFN,SDN,0,0,,N,webbr001,zitob001,SDN
SFN201005120,SFN,SDN,0,0,,N,richc002,cainm001,SDN
SFN201005130,SFN,SDN,0,0,,D,latom001,sancj002,SDN
SFN201005140,SFN,HOU,1,0,,N,wellt002,paulf001,SFN
SFN201005150,SFN,HOU,0,1,,D,linct001,oswar001,SFN
SFN201005160,SFN,HOU,2,1,,D,zitob001,myerb001,SFN
SFN201005250,SFN,WAS,0,0,,N,wellt002,hernl003,SFN
SFN201005260,SFN,WAS,0,0,,N,atill001,linct001,WAS
SFN201005270,SFN,WAS,1,1,,D,garcj002,burns001,SFN
SFN201005280,SFN,ARI,1,0,,N,cainm001,jacke001,SFN
SFN201005290,SFN,ARI,2,0,,N,sancj002,buckb002,SFN
SFN201005300,SFN,ARI,2,0,,D,wilsb001,rosac001,SFN
SFN201005310,SFN,COL,0,0,,D,jimeu001,linct001,COL
SFN201006010,SFN,COL,0,0,,N,betar001,garcj002,COL
SFN201006020,SFN,COL,0,0,,N,cainm001,franj003,SFN
SFN201006110,SFN,OAK,0,1,,N,linct001,gonzg003,SFN
SFN201006120,SFN,OAK,1,0,,N,zitob001,sheeb001,SFN
SFN201006130,SFN,OAK,0,0,,D,cainm001,mazzv001,SFN
SFN201006140,SFN,BAL,1,0,,N,sancj002,tillc001,SFN
SFN201006150,SFN,BAL,0,1,,N,arrij001,martj004,BAL
SFN201006160,SFN,BAL,2,0,,D,linct001,guthj001,SFN
SFN201006250,SFN,BOS,0,3,,N,sancj002,waket001,SFN
SFN201006260,SFN,BOS,0,1,,D,atchs001,bumgm001,BOS
SFN201006270,SFN,BOS,1,1,,D,lestj001,linct001,BOS
SFN201006280,SFN,LAN,1,0,,N,weavj002,garcj002,LAN
SFN201006290,SFN,LAN,1,1,,N,ely-j001,cainm001,LAN
SFN201006300,SFN,LAN,0,0,,D,padiv001,sancj002,LAN
SFN201007150,SFN,NYN,0,0,,N,linct001,dickr001,SFN
SFN201007160,SFN,NYN,0,0,,N,zitob001,niesj001,SFN
SFN201007170,SFN,NYN,0,0,,N,cainm001,takah001,SFN
SFN201007180,SFN,NYN,1,0,,D,rodrf003,wilsb001,NYN
SFN201007260,SFN,FLO,0,0,,N,nolar001,zitob001,FLO
SFN201007270,SFN,FLO,0,0,,N,romos001,sancb001,SFN
SFN201007280,SFN,FLO,4,0,,D,ray-c001,hensc002,SFN
SFN201007290,SFN,FLO,0,0,,D,sanca004,bumgm001,FLO
SFN201007300,SFN,LAN,0,0,,N,linct001,monac001,SFN
SFN201007310,SFN,LAN,0,0,,D,motag001,broxj001,SFN
SFN201008010,SFN,LAN,0,0,,N,cainm001,kersc001,SFN
SFN201008090,SFN,CHN,0,2,,N,ray-c001,matem001,SFN
SFN201008100,SFN,CHN,1,4,,N,dempr002,linct001,CHN
SFN201008110,SFN,CHN,3,0,,N,romos001,bergj002,SFN
SFN201008120,SFN,CHN,0,2,,D,wilsb001,casha001,SFN
SFN201008130,SFN,SDN,2,0,,N,richc002,sancj002,SDN
SFN201008140,SFN,SDN,0,1,,D,garcj002,staut001,SFN
SFN201008150,SFN,SDN,0,0,,D,leblw001,linct001,SDN
SFN201008230,SFN,CIN,5,0,,N,cainm001,volqe001,SFN
SFN201008240,SFN,CIN,3,0,,N,garcj002,woodt004,SFN
SFN201008250,SFN,CIN,0,4,,D,cordf002,zitob001,CIN
SFN201008270,SFN,ARI,0,3,,N,enrib001,linct001,ARI
SFN201008280,SFN,ARI,1,6,,N,hudsd001,zitob001,ARI
SFN201008290,SFN,ARI,0,0,,D,affej001,vasqe001,SFN
SFN201008300,SFN,COL,0,0,,N,betar001,wilsb001,COL
SFN201008310,SFN,COL,1,0,,N,affej001,belim001,SFN
SFN201009010,SFN,COL,0,0,,N,linct001,jimeu001,SFN
SFN201009140,SFN,LAN,0,0,,N,kersc001,zitob001,LAN
SFN201009150,SFN,LAN,0,0,,N,cainm001,billc001,SFN
SFN201009160,SFN,LAN,1,1,,N,sancj002,lillt001,SFN
SFN201009170,SFN,MIL,0,1,,N,wolfr001,bumgm001,MIL
SFN201009180,SFN,MIL,0,0,,N,gally001,linct001,MIL
SFN201009190,SFN,MIL,4,0,,D,zitob001,narvc001,SFN
SFN201009280,SFN,ARI,0,0,,N,sancj002,loper001,SFN
SFN201009290,SFN,ARI,0,1,,N,linct001,kenni001,SFN
SFN201009300,SFN,ARI,0,0,,D,bumgm001,enrib001,SFN
SFN201010010,SFN,SDN,0,0,,N,richc002,cainm001,SDN
SFN201010020,SFN,SDN,0,2,,D,staut001,zitob001,SDN
SFN201010030,SFN,SDN,0,0,,D,sancj002,latom001,SFN
SLN201004120,SLN,HOU,1,0,,D,waina001,rodrw002,SLN
SLN201004140,SLN,HOU,2,1,,N,pennb002,myerb001,SLN
SLN201004150,SLN,HOU,0,0,,D,norrb001,lohsk001,HOU
SLN201004160,SLN,NYN,0,0,,N,carpc002,nievf001,SLN
SLN201004170,SLN,NYN,0,0,,D,rodrf003,mathj002,NYN
SLN201004180,SLN,NYN,0,0,,N,waina001,stont001,SLN
SLN201004260,SLN,ATL,0,0,,N,reyed001,saitt001,SLN
SLN201004270,SLN,ATL,0,0,,N,carpc002,lowed001,SLN
SLN201004280,SLN,ATL,2,0,,N,garcj004,kawak001,SLN
SLN201004290,SLN,ATL,3,0,,D,waina001,jurrj001,SLN
SLN201004300,SLN,CIN,0,0,,N,cuetj001,pennb002,CIN
SLN201005010,SLN,CIN,0,0,,D,franr001,fishc001,SLN
SLN201005020,SLN,CIN,0,0,,D,carpc002,haraa001,SLN
SLN201005110,SLN,HOU,1,0,,N,myerb001,pennb002,HOU
SLN201005120,SLN,HOU,1,0,,N,rodrw002,lohsk001,HOU
SLN201005130,SLN,HOU,0,0,,D,norrb001,carpc002,HOU
SLN201005170,SLN,WAS,4,0,,N,lohsk001,stamc001,SLN
SLN201005180,SLN,WAS,0,0,,N,carpc002,clipt001,SLN
SLN201005190,SLN,FLO,0,0,,N,sanca004,hawkb001,FLO
SLN201005200,SLN,FLO,1,2,,D,waina001,roben001,SLN
SLN201005210,SLN,ANA,2,0,,N,mottj001,pinej001,SLN
SLN201005220,SLN,ANA,0,0,,D,kazms001,lohsk001,ANA
SLN201005230,SLN,ANA,0,0,,D,franr001,shies002,SLN
SLN201005310,SLN,CIN,0,2,,D,garcj004,arrob001,SLN
SLN201006010,SLN,CIN,3,3,,N,delre001,reyed001,CIN
SLN201006020,SLN,CIN,0,0,,N,carpc002,lecus001,SLN
SLN201006040,SLN,MIL,0,0,,N,waina001,wolfr001,SLN
SLN201006050,SLN,MIL,4,1,,D,boggm001,axfoj001,SLN
SLN201006060,SLN,MIL,0,2,,N,bradz001,mottj001,MIL
SLN201006140,SLN,SEA,3,2,,N,waina001,frenl001,SLN
SLN201006150,SLN,SEA,0,0,,N,hawkb001,rowlr002,SLN
SLN201006160,SLN,SEA,0,0,,N,vargj001,garcj004,SEA
SLN201006180,SLN,OAK,2,0,,N,carpc002,ziegb001,SLN
SLN201006190,SLN,OAK,0,1,,N,waina001,sheeb001,SLN
SLN201006200,SLN,OAK,0,0,,D,bresc001,hawkb001,OAK
SLN201006280,SLN,ARI,2,0,,N,mottj001,heila001,SLN
SLN201006290,SLN,ARI,0,0,,N,waina001,willd003,SLN
SLN201006300,SLN,ARI,1,0,,D,enrib001,suppj001,ARI
SLN201007010,SLN,MIL,0,0,,N,wolfr001,hawkb001,MIL
SLN201007020,SLN,MIL,2,0,,N,garcj004,narvc001,SLN
SLN201007030,SLN,MIL,0,1,,N,parrm001,carpc002,MIL
SLN201007040,SLN,MIL,1,0,,D,waina001,gally001,SLN
SLN201007150,SLN,LAN,2,0,,N,carpc002,kersc001,SLN
SLN201007160,SLN,LAN,3,0,,N,mcclk001,billc001,SLN
SLN201007170,SLN,LAN,0,0,,D,waina001,kuroh001,SLN
SLN201007180,SLN,LAN,0,0,,D,franr001,broxj001,SLN
SLN201007190,SLN,PHI,1,3,,N,hawkb001,kendk001,SLN
SLN201007200,SLN,PHI,0,0,,N,carpc002,carpa001,SLN
SLN201007210,SLN,PHI,0,0,,N,garcj004,blanj001,SLN
SLN201007220,SLN,PHI,0,0,,D,durbc001,mcclk001,PHI
SLN201007300,SLN,PIT,0,0,,N,franr001,lopej002,SLN
SLN201007310,SLN,PIT,0,0,,N,suppj001,mccud001,SLN
SLN201008010,SLN,PIT,0,0,,D,waina001,dukez001,SLN
SLN201008020,SLN,HOU,1,0,,N,figun001,macdm001,HOU
SLN201008030,SLN,HOU,1,0,,N,norrb001,garcj004,HOU
SLN201008040,SLN,HOU,4,0,,N,carpc002,happj001,SLN
SLN201008130,SLN,CHN,1,2,,N,westj001,diamt001,SLN
SLN201008140,SLN,CHN,1,0,,D,zambc001,carpc002,CHN
SLN201008150,SLN,CHN,1,1,,D,dempr002,lohsk001,CHN
SLN201008170,SLN,MIL,0,0,,N,bushd001,garcj004,MIL
SLN201008180,SLN,MIL,0,0,,D,wolfr001,waina001,MIL
SLN201008200,SLN,SFN,0,0,,N,bumgm001,westj001,SFN
SLN201008210,SLN,SFN,0,0,,N,carpc002,linct001,SLN
SLN201008220,SLN,SFN,0,0,,D,garcj004,zitob001,SLN
SLN201009030,SLN,CIN,2,0,,N,garcj004,arrob001,SLN
SLN201009040,SLN,CIN,1,3,,D,woodt004,waina001,CIN
SLN201009050,SLN,CIN,0,0,,D,carpc002,bailh001,SLN
SLN201009130,SLN,CHN,0,0,,N,samaj001,garcj004,CHN
SLN201009140,SLN,CHN,0,0,,N,wellr001,waina001,CHN
SLN201009150,SLN,CHN,0,0,,N,zambc001,carpc002,CHN
SLN201009160,SLN,SDN,1,0,,N,westj001,staut001,SLN
SLN201009170,SLN,SDN,3,1,,N,lohsk001,latom001,SLN
SLN201009180,SLN,SDN,0,0,,D,adamm001,mcclk001,SDN
SLN201009190,SLN,SDN,2,0,,D,waina001,garlj001,SLN
SLN201009270,SLN,PIT,0,0,,N,reyed001,galls001,SLN
SLN201009280,SLN,PIT,0,3,,N,burrb001,suppj001,PIT
SLN201009290,SLN,PIT,0,0,,D,waltp001,mcdoj004,SLN
SLN201009300,SLN,COL,1,0,,N,carpc002,hammj002,SLN
SLN201010010,SLN,COL,1,0,,N,westj001,delaj001,SLN
SLN201010020,SLN,COL,0,0,,D,mottj001,moraf001,SLN
SLN201010030,SLN,COL,0,0,,D,suppj001,rogee002,SLN
TBA201004060,TBA,BAL,0,0,,N,sorir001,gonzm001,TBA
TBA201004070,TBA,BAL,0,2,,N,garzm001,guthj001,TBA
TBA201004080,TBA,BAL,0,0,,N,matub001,ekstm001,BAL
TBA201004090,TBA,NYA,0,0,,N,pricd001,vazqj001,TBA
TBA201004100,TBA,NYA,0,0,,D,sabac001,daviw001,NYA
TBA201004110,TBA,NYA,2,0,,D,burna001,choar001,NYA
TBA201004230,TBA,TOR,0,4,,N,cecib001,garzm001,TOR
TBA201004240,TBA,TOR,0,0,,N,wheed001,downs001,TBA
TBA201004250,TBA,TOR,0,0,,D,pricd001,morrb001,TBA
TBA201004270,TBA,OAK,0,0,,N,daviw001,sheeb001,TBA
TBA201004280,TBA,OAK,0,1,,N,shiej002,bradd002,TBA
TBA201004290,TBA,KCA,0,0,,N,garzm001,hochl001,TBA
TBA201004300,TBA,KCA,0,0,,N,rupej001,choar001,KCA
TBA201005010,TBA,KCA,0,0,,N,tejer001,corml001,KCA
TBA201005020,TBA,KCA,0,0,,D,daviw001,greiz001,TBA
TBA201005140,TBA,SEA,0,2,,N,fistd001,daviw001,SEA
TBA201005150,TBA,SEA,0,1,,D,sorir001,coloj001,TBA
TBA201005160,TBA,SEA,0,0,,D,wheed001,lee-c003,TBA
TBA201005170,TBA,CLE,2,0,,N,sonna001,wrigj001,TBA
TBA201005180,TBA,CLE,0,0,,D,pricd001,huffd001,TBA
TBA201005240,TBA,BOS,0,0,,N,buchc001,daviw001,BOS
TBA201005250,TBA,BOS,0,0,,N,lestj001,shiej002,BOS
TBA201005260,TBA,BOS,0,0,,N,lackj001,garzm001,BOS
TBA201005270,TBA,CHA,1,0,,N,niemj001,floyg001,TBA
TBA201005280,TBA,CHA,0,0,,N,garcf002,pricd001,CHA
TBA201005290,TBA,CHA,1,0,,N,daviw001,dankj001,TBA
TBA201005300,TBA,CHA,0,2,,D,peavj001,shiej002,CHA
TBA201006080,TBA,TOR,0,0,,N,niemj001,tallb001,TBA
TBA201006090,TBA,TOR,2,0,,N,pricd001,marcs001,TBA
TBA201006100,TBA,TOR,0,0,,N,cecib001,daviw001,TOR
TBA201006110,TBA,FLO,0,1,,N,sanca004,shiej002,FLO
TBA201006120,TBA,FLO,2,1,,N,garzm001,nolar001,TBA
TBA201006130,TBA,FLO,0,0,,D,volsc001,niemj001,FLO
TBA201006220,TBA,SDN,0,0,,N,latom001,daviw001,SDN
TBA201006230,TBA,SDN,0,0,,N,gregl001,shiej002,SDN
TBA201006240,TBA,SDN,1,0,,D,garzm001,leblw001,TBA
TBA201006250,TBA,ARI,0,0,,N,jacke001,niemj001,ARI
TBA201006260,TBA,ARI,0,0,,D,pricd001,kenni001,TBA
TBA201006270,TBA,ARI,0,0,,D,loper001,daviw001,ARI
TBA201007050,TBA,BOS,1,0,,N,choar001,ramir003,TBA
TBA201007060,TBA,BOS,0,0,,N,niemj001,doubf001,TBA
TBA201007070,TBA,BOS,0,0,,N,pricd001,waket001,TBA
TBA201007080,TBA,CLE,2,1,,N,daviw001,westj001,TBA
TBA201007090,TBA,CLE,0,0,,N,carmf001,shiej002,CLE
TBA201007100,TBA,CLE,0,0,,N,garzm001,laffa001,TBA
TBA201007110,TBA,CLE,0,3,,D,sonna001,woodk002,TBA
TBA201007260,TBA,DET,0,0,,N,garzm001,schem001,TBA
TBA201007270,TBA,DET,2,0,,N,shiej002,verlj001,TBA
TBA201007280,TBA,DET,1,2,,N,niemj001,bonie002,TBA
TBA201007290,TBA,DET,0,0,,D,pricd001,porcr001,TBA
TBA201007300,TBA,NYA,0,2,,N,daviw001,hughp001,TBA
TBA201007310,TBA,NYA,1,0,,N,robed002,sorir001,NYA
TBA201008010,TBA,NYA,0,0,,D,shiej002,sabac001,TBA
TBA201008020,TBA,MIN,0,0,,N,hellj001,pavac001,TBA
TBA201008030,TBA,MIN,3,1,,N,niemj001,guerm001,TBA
TBA201008040,TBA,MIN,0,0,,N,guerm001,corml001,MIN
TBA201008050,TBA,MIN,0,4,,D,cappm001,benoj001,MIN
TBA201008130,TBA,BAL,0,3,,N,guthj001,shiej002,BAL
TBA201008140,TBA,BAL,0,0,,D,sonna001,matub001,TBA
TBA201008150,TBA,BAL,1,0,,D,hellj001,arrij001,TBA
TBA201008160,TBA,TEX,0,0,,N,corml001,lee-c003,TBA
TBA201008170,TBA,TEX,3,0,,N,garzm001,huntt002,TBA
TBA201008180,TBA,TEX,1,0,,D,shiej002,holld003,TBA
TBA201008270,TBA,BOS,0,1,,N,lestj001,pricd001,BOS
TBA201008280,TBA,BOS,0,0,,N,choar001,atchs001,TBA
TBA201008290,TBA,BOS,0,0,,N,shiej002,lackj001,TBA
TBA201008300,TBA,TOR,2,0,,N,daviw001,cecib001,TBA
TBA201008310,TBA,TOR,0,0,,N,romer002,niemj001,TOR
TBA201009010,TBA,TOR,0,0,,N,pricd001,camps002,TBA
TBA201009130,TBA,NYA,0,0,,N,balfg001,mitrs001,TBA
TBA201009140,TBA,NYA,0,0,,N,robed002,wheed001,NYA
TBA201009150,TBA,NYA,0,1,,N,qualc001,hughp001,TBA
TBA201009170,TBA,ANA,0,0,,N,kohnm001,wheed001,ANA
TBA201009180,TBA,ANA,0,0,,N,sorir001,cassb001,TBA
TBA201009190,TBA,ANA,0,1,,D,kazms001,niemj001,ANA
TBA201009240,TBA,SEA,0,0,,N,niemj001,vargj001,TBA
TBA201009250,TBA,SEA,4,0,,N,garzm001,fistd001,TBA
TBA201009260,TBA,SEA,0,0,,D,frenl001,shiej002,SEA
TBA201009270,TBA,BAL,0,0,,N,matub001,daviw001,BAL
TBA201009280,TBA,BAL,0,0,,N,pricd001,bergb002,TBA
TBA201009290,TBA,BAL,0,0,,N,millk004,niemj001,BAL
TEX201004050,TEX,TOR,0,2,,D,franf001,frasj002,TEX
TEX201004070,TEX,TOR,1,0,,N,tallb001,nippd001,TOR
TEX201004080,TEX,TOR,0,0,,D,jansc001,franf001,TOR
TEX201004090,TEX,SEA,0,1,,N,lewic001,vargj001,TEX
TEX201004100,TEX,SEA,0,1,,D,lowem002,franf001,SEA
TEX201004110,TEX,SEA,1,0,,D,felds001,sneli001,TEX
TEX201004230,TEX,DET,2,0,,N,felin001,ni--f001,TEX
TEX201004240,TEX,DET,2,0,,N,bonie002,felds001,DET
TEX201004250,TEX,DET,2,3,,D,lewic001,porcr001,TEX
TEX201004260,TEX,DET,0,4,,N,cokep001,felin001,DET
TEX201004270,TEX,CHA,0,0,,N,wilsc004,buehm001,TEX
TEX201004280,TEX,CHA,5,0,,N,hardr001,peavj001,TEX
TEX201004290,TEX,CHA,0,0,,D,floyg001,odayd001,CHA
TEX201005060,TEX,KCA,2,0,,N,franf001,sorij001,TEX
TEX201005070,TEX,KCA,0,0,,N,wilsc004,greiz001,TEX
TEX201005080,TEX,KCA,1,0,,N,ray-c001,mechg001,TEX
TEX201005090,TEX,KCA,0,0,,D,mathd001,thomb002,TEX
TEX201005110,TEX,OAK,0,0,,N,rosst001,nippd001,OAK
TEX201005120,TEX,OAK,0,0,,N,holld003,gonzg003,TEX
TEX201005130,TEX,OAK,0,0,,D,nippd001,baila001,TEX
TEX201005170,TEX,ANA,0,0,,N,holld003,kazms001,TEX
TEX201005180,TEX,ANA,0,0,,N,odayd001,bellt002,TEX
TEX201005190,TEX,BAL,0,0,,N,franf001,merec001,TEX
TEX201005200,TEX,BAL,4,0,,N,felds001,matub001,TEX
TEX201005210,TEX,CHN,0,0,,N,lewic001,lillt001,TEX
TEX201005220,TEX,CHN,0,0,,N,marss002,odayd001,CHN
TEX201005230,TEX,CHN,0,4,,D,silvc001,wilsc004,CHN
TEX201006040,TEX,TBA,0,0,,N,wilsc004,daviw001,TEX
TEX201006050,TEX,TBA,4,0,,D,huntt002,shiej002,TEX
TEX201006060,TEX,TBA,0,0,,D,garzm001,hardr001,TBA
TEX201006070,TEX,SEA,0,0,,N,lee-c003,felds001,SEA
TEX201006080,TEX,SEA,2,0,,N,lewic001,hernf002,TEX
TEX201006090,TEX,SEA,2,2,,N,wilsc004,sneli001,TEX
TEX201006100,TEX,SEA,3,0,,N,huntt002,rowlr002,TEX
TEX201006220,TEX,PIT,0,1,,N,huntt002,ohler001,TEX
TEX201006230,TEX,PIT,2,0,,N,ogana001,mahop002,TEX
TEX201006240,TEX,PIT,0,4,,N,franf001,jacks001,TEX
TEX201006250,TEX,HOU,0,0,,N,moehb001,lewic001,HOU
TEX201006260,TEX,HOU,0,0,,D,wilsc004,bankj001,TEX
TEX201006270,TEX,HOU,0,0,,N,huntt002,oswar001,TEX
TEX201007020,TEX,CHA,0,0,,N,putzj001,felin001,CHA
TEX201007030,TEX,CHA,0,0,,N,huntt002,dankj001,TEX
TEX201007040,TEX,CHA,0,0,,N,buehm001,felds001,CHA
TEX201007050,TEX,CLE,0,0,,N,smitj002,belto001,CLE
TEX201007060,TEX,CLE,0,1,,N,wilsc004,mastj001,TEX
TEX201007070,TEX,CLE,1,0,,N,lewic001,talbm001,TEX
TEX201007080,TEX,BAL,0,0,,N,hernd002,franf001,BAL
TEX201007090,TEX,BAL,0,0,,N,berkj001,nippd001,BAL
TEX201007100,TEX,BAL,0,1,,N,tillc001,lee-c003,BAL
TEX201007110,TEX,BAL,1,0,,D,arrij001,wilsc004,BAL
TEX201007220,TEX,ANA,1,0,,N,lee-c003,weavj003,TEX
TEX201007230,TEX,ANA,1,0,,N,wilsc004,saunj001,TEX
TEX201007240,TEX,ANA,0,0,,N,sante001,felds001,ANA
TEX201007250,TEX,ANA,2,0,,N,huntt002,bellt002,TEX
TEX201007270,TEX,OAK,1,0,,N,felin001,wuerm001,TEX
TEX201007280,TEX,OAK,0,0,,N,cahit001,lewic001,OAK
TEX201007290,TEX,OAK,2,1,,N,wilsc004,mazzv001,TEX
TEX201008100,TEX,NYA,0,0,,N,felin001,rivem002,TEX
TEX201008110,TEX,NYA,1,0,,N,woodk002,felin001,NYA
TEX201008130,TEX,BOS,1,0,,N,odayd001,waket001,TEX
TEX201008140,TEX,BOS,0,0,,N,lestj001,lewic001,BOS
TEX201008150,TEX,BOS,0,0,,D,wilsc004,matsd001,TEX
TEX201008230,TEX,MIN,2,0,,N,hardr001,blacn001,TEX
TEX201008240,TEX,MIN,0,2,,N,olivd001,pavac001,TEX
TEX201008250,TEX,MIN,2,0,,N,wilsc004,duenb001,TEX
TEX201008260,TEX,MIN,0,0,,N,lirif001,lee-c003,MIN
TEX201008270,TEX,OAK,3,0,,N,huntt002,andeb004,TEX
TEX201008280,TEX,OAK,0,1,,N,bradd002,hardr001,OAK
TEX201008290,TEX,OAK,0,0,,D,gonzg003,lewic001,OAK
TEX201009100,TEX,NYA,0,0,,N,felds001,gaudc001,TEX
TEX201009110,TEX,NYA,1,0,,N,ogana001,rivem002,TEX
TEX201009120,TEX,NYA,0,0,,D,lee-c003,mosed001,TEX
TEX201009140,TEX,DET,1,0,,N,nippd001,weinr001,TEX
TEX201009150,TEX,DET,0,2,,N,lewic001,galaa002,TEX
TEX201009270,TEX,SEA,0,0,,N,pauld001,wilsc004,SEA
TEX201009280,TEX,SEA,0,1,,N,hernf002,felds001,SEA
TEX201009290,TEX,SEA,0,2,,D,felin001,cortd002,TEX
TEX201009300,TEX,ANA,0,0,,N,odayd001,waldj001,TEX
TEX201010010,TEX,ANA,0,0,,N,thomr006,harrm001,ANA
TEX201010020,TEX,ANA,0,2,,N,wilsc004,sante001,TEX
TEX201010030,TEX,ANA,0,0,,D,hared001,nippd001,ANA
TOR201004120,TOR,CHA,0,0,,N,thorm001,accaj001,CHA
TOR201004130,TOR,CHA,0,0,,N,romer002,floyg001,TOR
TOR201004140,TOR,CHA,0,0,,N,dankj001,morrb001,CHA
TOR201004150,TOR,CHA,0,0,,N,eveld001,garcf002,TOR
TOR201004160,TOR,ANA,0,0,,N,weavj003,marcs001,ANA
TOR201004170,TOR,ANA,0,2,,D,saunj001,tallb001,ANA
TOR201004180,TOR,ANA,0,0,,D,sante001,romer002,ANA
TOR201004190,TOR,KCA,0,0,,N,morrb001,bannb001,TOR
TOR201004200,TOR,KCA,1,0,,N,camps002,davik002,TOR
TOR201004210,TOR,KCA,0,3,,D,tejer001,downs001,KCA
TOR201004260,TOR,BOS,0,1,,N,schos001,camps002,BOS
TOR201004270,TOR,BOS,1,0,,N,buchc001,downs001,BOS
TOR201004280,TOR,BOS,0,0,,N,lestj001,cecib001,BOS
TOR201004290,TOR,OAK,0,1,,N,romer002,duchj001,TOR
TOR201004300,TOR,OAK,0,1,,N,morrb001,cahit001,TOR
TOR201005010,TOR,OAK,0,0,,D,gonzg003,eveld001,OAK
TOR201005020,TOR,OAK,4,0,,D,marcs001,sheeb001,TOR
TOR201005140,TOR,TEX,3,3,,N,roenj001,mathd001,TOR
TOR201005150,TOR,TEX,1,0,,D,romer002,felds001,TOR
TOR201005160,TOR,TEX,0,0,,D,morrb001,lewic001,TOR
TOR201005170,TOR,MIN,0,0,,N,slowk001,eveld001,MIN
TOR201005180,TOR,MIN,2,0,,D,marcs001,pavac001,TOR
TOR201005280,TOR,BAL,3,0,,N,marcs001,millk004,TOR
TOR201005290,TOR,BAL,0,0,,D,cecib001,berkj001,TOR
TOR201005300,TOR,BAL,3,1,,D,romer002,guthj001,TOR
TOR201005310,TOR,TBA,2,0,,N,morrb001,garzm001,TOR
TOR201006010,TOR,TBA,1,0,,N,balfg001,gregk001,TBA
TOR201006020,TOR,TBA,1,0,,N,pricd001,marcs001,TBA
TOR201006040,TOR,NYA,0,0,,N,cecib001,burna001,TOR
TOR201006050,TOR,NYA,0,0,,D,jansc001,gaudc001,TOR
TOR201006060,TOR,NYA,0,0,,D,vazqj001,downs001,NYA
TOR201006180,TOR,SFN,0,1,,N,downs001,zitob001,TOR
TOR201006190,TOR,SFN,0,0,,D,camps002,cainm001,TOR
TOR201006200,TOR,SFN,0,0,,D,bautd002,tallb001,SFN
TOR201006220,TOR,SLN,0,0,,N,garcj004,cecib001,SLN
TOR201006230,TOR,SLN,0,0,,N,carpc002,gregk001,SLN
TOR201006240,TOR,SLN,3,0,,N,morrb001,waina001,TOR
TOR201007060,TOR,MIN,0,0,,N,mijaj001,frasj002,MIN
TOR201007070,TOR,MIN,1,0,,N,downs001,guerm001,TOR
TOR201007080,TOR,MIN,1,0,,N,cecib001,bakes002,TOR
TOR201007090,TOR,BOS,0,0,,N,lestj001,romer002,BOS
TOR201007100,TOR,BOS,3,1,,D,camps002,lackj001,TOR
TOR201007110,TOR,BOS,0,0,,D,matsd001,litsj001,BOS
TOR201007260,TOR,BAL,0,0,,N,morrb001,bergb002,TOR
TOR201007270,TOR,BAL,3,0,,N,romer002,millk004,TOR
TOR201007280,TOR,BAL,0,0,,N,millb001,guthj001,TOR
TOR201007300,TOR,CLE,0,0,,N,marcs001,mastj001,TOR
TOR201007310,TOR,CLE,0,0,,D,lewij003,tallb001,CLE
TOR201008010,TOR,CLE,0,2,,D,gomej002,litsj001,CLE
TOR201008060,TOR,TBA,0,1,,N,cecib001,garzm001,TOR
TOR201008070,TOR,TBA,1,0,,D,tallb001,shiej002,TOR
TOR201008080,TOR,TBA,1,0,,D,morrb001,sonna001,TOR
TOR201008100,TOR,BOS,0,0,,N,doubf001,camps002,BOS
TOR201008110,TOR,BOS,1,1,,N,buchc001,marcs001,BOS
TOR201008120,TOR,BOS,0,0,,D,gregk001,papej001,TOR
TOR201008230,TOR,NYA,0,1,,N,downs001,robed002,TOR
TOR201008240,TOR,NYA,0,1,,N,mosed001,rzepm001,NYA
TOR201008250,TOR,NYA,2,0,,N,cecib001,hughp001,TOR
TOR201008260,TOR,DET,0,0,,N,schem001,romer002,DET
TOR201008270,TOR,DET,0,0,,N,camps002,cokep001,TOR
TOR201008280,TOR,DET,3,0,,D,morrb001,figaa001,TOR
TOR201008290,TOR,DET,0,1,,D,porcr001,rzepm001,DET
TOR201009060,TOR,TEX,0,0,,D,romer002,huntt002,TOR
TOR201009070,TOR,TEX,0,0,,N,marcs001,felds001,TOR
TOR201009080,TOR,TEX,0,2,,N,holld003,rzepm001,TEX
TOR201009090,TOR,TEX,0,0,,N,lewic001,hills003,TEX
TOR201009100,TOR,TBA,1,6,,N,benoj001,gregk001,TBA
TOR201009110,TOR,TBA,0,0,,D,daviw001,romer002,TBA
TOR201009120,TOR,TBA,0,0,,D,gregk001,sorir001,TOR
TOR201009210,TOR,SEA,2,1,,N,rzepm001,frenl001,TOR
TOR201009220,TOR,SEA,0,0,,N,pauld001,drabk001,SEA
TOR201009230,TOR,SEA,1,0,,D,hills003,hernf002,TOR
TOR201009240,TOR,BAL,1,0,,N,cecib001,tillc001,TOR
TOR201009250,TOR,BAL,0,0,,D,purcd001,hendm001,TOR
TOR201009260,TOR,BAL,1,0,,D,marcs001,vandr001,TOR
TOR201009270,TOR,NYA,1,0,,N,rzepm001,burna001,TOR
TOR201009280,TOR,NYA,0,1,,N,sabac001,drabk001,NYA
TOR201009290,TOR,NYA,1,0,,N,cecib001,vazqj001,TOR
WAS201004050,WAS,PHI,1,0,,D,hallr001,lannj001,PHI
WAS201004070,WAS,PHI,0,2,,N,hamec001,marqj001,PHI
WAS201004080,WAS,PHI,3,0,,D,clipt001,figun001,WAS
WAS201004160,WAS,MIL,0,0,,N,brunb001,hawkl001,WAS
WAS201004170,WAS,MIL,0,0,,D,hernl003,wolfr001,WAS
WAS201004180,WAS,MIL,0,10,,D,vargc001,marqj001,MIL
WAS201004190,WAS,COL,0,0,,N,stamc001,cooka002,WAS
WAS201004200,WAS,COL,0,0,,N,delaj001,olses001,COL
WAS201004210,WAS,COL,0,2,,N,clipt001,betar001,WAS
WAS201004220,WAS,COL,0,0,,D,jimeu001,hernl003,COL
WAS201004230,WAS,LAN,1,0,,N,atill001,haegc001,WAS
WAS201004240,WAS,LAN,1,0,,D,monac001,batim001,LAN
WAS201004250,WAS,LAN,1,0,,D,olses001,billc001,WAS
WAS201005040,WAS,ATL,0,1,,N,hernl003,kawak001,WAS
WAS201005050,WAS,ATL,1,0,,N,medlk001,cappm001,ATL
WAS201005060,WAS,ATL,0,0,,N,clipt001,oflae001,WAS
WAS201005070,WAS,FLO,1,0,,N,volsc001,brunb001,FLO
WAS201005080,WAS,FLO,0,0,,D,clipt001,badeb001,WAS
WAS201005090,WAS,FLO,1,0,,D,clipt001,hensc002,WAS
WAS201005190,WAS,NYN,0,0,,N,stord001,valdr002,WAS
WAS201005200,WAS,NYN,0,3,,N,valdr002,atill001,NYN
WAS201005210,WAS,BAL,0,0,,N,hernd002,olses001,BAL
WAS201005220,WAS,BAL,0,2,,D,walkt003,hendm001,WAS
WAS201005230,WAS,BAL,3,1,,D,slatd001,merec001,WAS
WAS201006040,WAS,CIN,0,0,,N,clipt001,delre001,WAS
WAS201006050,WAS,CIN,0,1,,N,leakm001,atill001,CIN
WAS201006060,WAS,CIN,1,1,,D,cordf002,slatd001,CIN
WAS201006080,WAS,PIT,1,0,,N,stras001,karsj001,WAS
WAS201006090,WAS,PIT,2,0,,N,stord001,carrd001,WAS
WAS201006100,WAS,PIT,0,0,,N,hernl003,dukez001,WAS
WAS201006180,WAS,CHA,0,1,,N,putzj001,stord001,CHA
WAS201006190,WAS,CHA,0,0,,D,peavj001,martj005,CHA
WAS201006200,WAS,CHA,0,1,,D,garcf002,lannj001,CHA
WAS201006210,WAS,KCA,0,0,,N,hernl003,chenb001,WAS
WAS201006220,WAS,KCA,0,0,,N,atill001,lerea001,WAS
WAS201006230,WAS,KCA,0,0,,D,bannb001,stras001,KCA
WAS201007010,WAS,NYN,0,1,,N,cappm001,felip002,WAS
WAS201007020,WAS,NYN,0,1,,N,niesj001,atill001,NYN
WAS201007030,WAS,NYN,0,1,,D,cappm001,rodrf003,WAS
WAS201007040,WAS,NYN,0,2,,D,takah001,stamc001,NYN
WAS201007060,WAS,SDN,3,1,,N,cappm001,gregl001,WAS
WAS201007070,WAS,SDN,4,1,,N,martj005,garlj001,WAS
WAS201007080,WAS,SDN,0,1,,N,latom001,atill001,SDN
WAS201007090,WAS,SFN,1,1,,N,stras001,cainm001,WAS
WAS201007100,WAS,SFN,2,0,,N,garcj002,clipt001,SFN
WAS201007110,WAS,SFN,0,2,,D,bumgm001,hernl003,SFN
WAS201007270,WAS,ATL,1,0,,N,batim001,hanst001,WAS
WAS201007280,WAS,ATL,0,1,,N,hudst001,hernl003,ATL
WAS201007290,WAS,ATL,0,0,,D,olses001,lowed001,WAS
WAS201007300,WAS,PHI,1,0,,N,stamc001,oswar001,WAS
WAS201007310,WAS,PHI,3,0,,N,stord001,lidgb001,WAS
WAS201008010,WAS,PHI,0,2,,D,contj002,balec001,PHI
WAS201008100,WAS,FLO,0,2,,N,sanca004,stras001,FLO
WAS201008110,WAS,FLO,1,4,,N,volsc001,olses001,FLO
WAS201008120,WAS,FLO,0,0,,N,nolar001,hernl003,FLO
WAS201008130,WAS,ARI,3,0,,N,lannj001,saunj001,WAS
WAS201008140,WAS,ARI,0,0,,N,kenni001,marqj001,ARI
WAS201008150,WAS,ARI,0,0,,D,clipt001,norbj001,WAS
WAS201008230,WAS,CHN,0,0,,N,colec001,hernl003,CHN
WAS201008240,WAS,CHN,0,0,,N,zambc001,lannj001,CHN
WAS201008250,WAS,CHN,0,0,,N,dempr002,marqj001,CHN
WAS201008260,WAS,SLN,0,0,,N,slatd001,hawkb001,WAS
WAS201008270,WAS,SLN,0,1,,N,garcj004,olses001,SLN
WAS201008280,WAS,SLN,0,3,,N,hernl003,lohsk001,WAS
WAS201008290,WAS,SLN,0,0,,D,lannj001,waina001,WAS
WAS201009060,WAS,NYN,0,2,,D,olses001,pelfm001,WAS
WAS201009070,WAS,NYN,0,3,,N,gee-d001,mayay001,NYN
WAS201009080,WAS,NYN,0,0,,D,dickr001,hernl003,NYN
WAS201009100,WAS,FLO,0,2,,N,sanaa001,lannj001,FLO
WAS201009110,WAS,FLO,0,0,,D,sanca004,marqj001,FLO
WAS201009120,WAS,FLO,0,0,,D,sancb001,zimmj003,FLO
WAS201009200,WAS,HOU,2,0,,N,norrb001,hernl003,HOU
WAS201009210,WAS,HOU,0,3,,N,clipt001,paulf001,WAS
WAS201009220,WAS,HOU,0,0,,N,clipt001,fulcj001,WAS
WAS201009230,WAS,HOU,0,1,,D,detwr001,figun001,WAS
WAS201009240,WAS,ATL,0,0,,N,zimmj003,hudst001,WAS
WAS201009250,WAS,ATL,0,0,,D,lowed001,mayay001,ATL
WAS201009260,WAS,ATL,1,0,,D,burns001,farnk001,WAS
WAS201009270,WAS,PHI,0,0,,N,hallr001,lannj001,PHI
WAS201009280,WAS,PHI,1,0,,N,stord001,contj002,WAS
WAS201009290,WAS,PHI,0,0,,N,blanj001,detwr001,PHI
