game_id,hometeam,visteam,home_first_inning_runs,visiting_first_inning_runs,home_pitcher,away_pitcher,wp,lp,winner
ATL197704150,ATL,HOU,2,0,,N,ruthd001,lemom101,ATL
ATL197704160,ATL,HOU,0,0,,N,messa101,sambj001,ATL
ATL197704170,ATL,HOU,0,0,,D,marsm101,forsk001,ATL
ATL197704180,ATL,SDN,1,0,,N,sawyr101,lacof001,SDN
ATL197704190,ATL,SDN,0,0,,N,ruthd001,freid101,ATL
ATL197704200,ATL,SDN,0,0,,N,messa101,joner101,ATL
ATL197704220,ATL,LAN,3,1,,N,campr001,walls101,ATL
ATL197704230,ATL,LAN,0,0,,N,hougc001,ruthd001,LAN
ATL197704240,ATL,LAN,2,1,,D,walls101,lacof001,LAN
ATL197704250,ATL,CIN,4,6,,N,billj101,niekp001,CIN
ATL197704260,ATL,CIN,0,0,,N,normf101,lacof001,CIN
ATL197704270,ATL,CIN,0,2,,N,zachp001,ruthd001,CIN
ATL197705020,ATL,PIT,0,1,,N,kisob001,caprb101,PIT
ATL197705030,ATL,PIT,1,2,,N,tekuk001,niekp001,PIT
ATL197705040,ATL,PIT,0,2,,N,demel101,lacof001,PIT
ATL197705130,ATL,SLN,0,0,,N,forsb001,colld101,SLN
ATL197705140,ATL,SLN,1,1,,N,carrc103,caprb101,SLN
ATL197705150,ATL,SLN,0,0,,D,campr001,hraba101,ATL
ATL197705170,ATL,MON,0,0,,N,niekp001,atkib101,ATL
ATL197705180,ATL,MON,0,0,,N,eastj001,roges001,ATL
ATL197705190,ATL,CHN,0,0,,N,niekp001,reusr001,ATL
ATL197705200,ATL,CHN,0,0,,N,burrr001,colld101,CHN
ATL197705210,ATL,CHN,0,0,,N,moord001,leonm101,CHN
ATL197705220,ATL,CHN,2,0,,D,messa101,bonhb101,ATL
ATL197706031,ATL,SFN,0,0,,N,colld101,mcgll101,ATL
ATL197706032,ATL,SFN,0,1,,N,campr001,laveg001,ATL
ATL197706040,ATL,SFN,4,0,,N,niekp001,curtj001,ATL
ATL197706050,ATL,SFN,0,2,,D,halie101,eastj001,SFN
ATL197706090,ATL,PHI,0,0,,N,niekp001,kaatj101,ATL
ATL197706100,ATL,PHI,2,1,,N,reedr001,campd102,PHI
ATL197706110,ATL,PHI,0,5,,N,brusw001,caprb101,PHI
ATL197706120,ATL,PHI,0,0,,D,campr001,garbg001,ATL
ATL197706130,ATL,NYN,0,0,,N,koosj001,niekp001,NYN
ATL197706140,ATL,NYN,0,0,,N,leonm101,toddj101,ATL
ATL197706150,ATL,NYN,0,1,,N,apodb101,caprb101,NYN
ATL197706240,ATL,SDN,0,2,,N,campr001,wehrd001,ATL
ATL197706250,ATL,SDN,4,0,,N,messa101,shirb001,ATL
ATL197706260,ATL,SDN,0,0,,D,niekp001,freid101,ATL
ATL197706270,ATL,LAN,0,0,,N,hootb001,colld101,LAN
ATL197706280,ATL,LAN,0,1,,N,garmm101,leonm101,LAN
ATL197706290,ATL,LAN,2,0,,N,suttd001,messa101,LAN
ATL197706300,ATL,LAN,0,0,,N,niekp001,hougc001,ATL
ATL197707040,ATL,CIN,0,1,,N,niekp001,seavt001,ATL
ATL197707050,ATL,CIN,0,0,,N,frymw101,colld101,CIN
ATL197707060,ATL,CIN,0,0,,N,borbp101,campd102,CIN
ATL197707150,ATL,SFN,0,0,,N,soloe101,montj001,ATL
ATL197707160,ATL,SFN,0,0,,N,knepb001,niekp001,SFN
ATL197707170,ATL,SFN,3,0,,D,leonm101,mcgll101,ATL
ATL197707290,ATL,PIT,0,1,,N,niekp001,kisob001,ATL
ATL197707300,ATL,PIT,3,0,,N,forst001,colld101,PIT
ATL197707310,ATL,PIT,1,0,,D,soloe101,candj001,ATL
ATL197708010,ATL,SLN,2,2,,N,undet001,leonm101,SLN
ATL197708020,ATL,SLN,0,0,,N,metzb101,niekp001,SLN
ATL197708030,ATL,SLN,0,0,,N,rasme101,ruthd001,SLN
ATL197708040,ATL,MON,0,0,,N,soloe101,bahns101,ATL
ATL197708050,ATL,MON,0,0,,N,stand101,campd102,MON
ATL197708060,ATL,MON,0,0,,N,niekp001,roges001,ATL
ATL197708070,ATL,MON,0,0,,D,ruthd001,browj109,ATL
ATL197708150,ATL,HOU,0,6,,N,richj101,caprb101,HOU
ATL197708160,ATL,HOU,0,1,,N,lemom101,ruthd001,HOU
ATL197708170,ATL,HOU,0,2,,N,colld101,sambj001,ATL
ATL197708220,ATL,PHI,0,1,,N,lonbj101,hannp101,PHI
ATL197708230,ATL,PHI,0,2,,N,lercr001,niekp001,PHI
ATL197708240,ATL,CHN,1,0,,N,colld101,hernw001,ATL
ATL197708250,ATL,CHN,5,1,,N,ruthd001,bonhb101,ATL
ATL197708260,ATL,NYN,0,0,,N,hannp101,koosj001,ATL
ATL197708270,ATL,NYN,0,0,,N,niekp001,locks101,ATL
ATL197708280,ATL,NYN,1,0,,D,soloe101,espin101,ATL
ATL197709050,ATL,SFN,3,0,,N,ruthd001,barrj101,ATL
ATL197709060,ATL,SFN,0,1,,N,knepb001,soloe101,SFN
ATL197709070,ATL,LAN,0,1,,N,lewad101,caprb101,LAN
ATL197709080,ATL,LAN,0,0,,N,rautl101,campd102,LAN
ATL197709090,ATL,SDN,0,0,,N,hannp101,sawyr101,ATL
ATL197709100,ATL,SDN,2,0,,N,ruthd001,owchb001,ATL
ATL197709110,ATL,SDN,0,0,,D,soloe101,joner101,ATL
ATL197709230,ATL,CIN,0,0,,N,moskp101,mahlm001,CIN
ATL197709240,ATL,CIN,0,1,,N,humet001,ruthd001,CIN
ATL197709250,ATL,CIN,0,0,,D,seavt001,niekp001,CIN
ATL197709260,ATL,HOU,0,3,,N,caprb101,larsd101,ATL
ATL197709270,ATL,HOU,0,0,,N,richj101,mahlm001,HOU
ATL197709280,ATL,HOU,0,0,,N,lemom101,ruthd001,HOU
BAL197704070,BAL,TEX,0,0,,D,blylb001,palmj001,TEX
BAL197704090,BAL,TEX,0,0,,D,perrg101,may-r101,TEX
BAL197704100,BAL,TEX,0,1,,D,alexd001,grimr101,TEX
BAL197704180,BAL,CLE,0,1,,N,may-r101,dobsp101,BAL
BAL197704190,BAL,CLE,0,0,,N,milld101,larod101,BAL
BAL197704200,BAL,CLE,2,0,,N,mcgrs001,garlw101,BAL
BAL197704250,BAL,NYA,0,2,,N,tidrd001,martd001,NYA
BAL197704260,BAL,NYA,4,1,,N,may-r101,holtk101,BAL
BAL197704270,BAL,NYA,0,1,,N,lyles101,martd001,NYA
BAL197704290,BAL,CAL,0,0,,N,tanaf001,milld101,CAL
BAL197704300,BAL,CAL,3,0,,N,martd001,ryann001,BAL
BAL197705010,BAL,CAL,0,1,,D,grimr101,hartp001,BAL
BAL197705020,BAL,OAK,0,2,,N,langr001,may-r101,OAK
BAL197705040,BAL,OAK,5,0,,N,palmj001,ellid101,BAL
BAL197705060,BAL,SEA,0,1,,N,grimr101,abbog001,BAL
BAL197705070,BAL,SEA,0,0,,N,may-r101,joner102,BAL
BAL197705080,BAL,SEA,4,0,,D,palmj001,poled101,BAL
BAL197705230,BAL,MIL,0,0,,N,milld101,slatj001,BAL
BAL197705240,BAL,MIL,0,0,,N,palmj001,auguj001,BAL
BAL197705251,BAL,KCA,0,2,,N,splip001,grimr101,KCA
BAL197705252,BAL,KCA,0,0,,N,martd001,colbj101,BAL
BAL197705270,BAL,MIN,2,0,,N,may-r101,zahng001,BAL
BAL197705280,BAL,MIN,0,0,,N,palmj001,hollj102,BAL
BAL197705290,BAL,MIN,0,0,,D,goltd101,flanm001,MIN
BAL197706100,BAL,CHA,1,0,,N,flanm001,stons101,BAL
BAL197706110,BAL,CHA,2,0,,N,may-r101,bretk101,BAL
BAL197706120,BAL,CHA,3,0,,D,lagrl101,martd001,CHA
BAL197706140,BAL,MIL,0,0,,N,martd001,castb101,BAL
BAL197706150,BAL,MIL,1,0,,N,slatj001,flanm001,MIL
BAL197706160,BAL,MIL,0,0,,N,may-r101,auguj001,BAL
BAL197706200,BAL,BOS,0,0,,N,wiser101,may-r101,BOS
BAL197706210,BAL,BOS,0,0,,N,tianl101,martd001,BOS
BAL197706220,BAL,BOS,1,0,,N,paxtm101,palmj001,BOS
BAL197706230,BAL,BOS,1,0,,N,jenkf101,flanm001,BOS
BAL197706240,BAL,TOR,0,0,,N,lemad101,holdf101,TOR
BAL197706251,BAL,TOR,0,0,,N,martd001,byrdj101,BAL
BAL197706252,BAL,TOR,0,0,,N,grimr101,garvj101,BAL
BAL197706260,BAL,TOR,0,0,,D,vuckp001,palmj001,TOR
BAL197707040,BAL,DET,0,0,,N,may-r101,fidrm101,BAL
BAL197707051,BAL,DET,0,0,,N,palmj001,rozed001,BAL
BAL197707052,BAL,DET,0,0,,N,dragd101,crawj102,BAL
BAL197707060,BAL,DET,0,0,,N,flanm001,robed101,BAL
BAL197707080,BAL,NYA,2,0,,N,gulld101,may-r101,NYA
BAL197707090,BAL,NYA,1,0,,N,martt001,lyles101,BAL
BAL197707100,BAL,NYA,0,0,,D,grimr101,figue101,BAL
BAL197707110,BAL,NYA,1,1,,N,flanm001,torrm001,BAL
BAL197707220,BAL,TEX,0,1,,N,blylb001,grimr101,TEX
BAL197707230,BAL,TEX,0,0,,D,devia101,dragd101,TEX
BAL197707241,BAL,MIL,0,0,,D,flanm001,haasm001,BAL
BAL197707242,BAL,MIL,0,0,,N,dragd101,auguj001,BAL
BAL197707250,BAL,MIL,0,0,,N,martt001,hinds101,BAL
BAL197708080,BAL,CLE,2,0,,N,martd001,bibbj001,BAL
BAL197708090,BAL,CLE,0,0,,N,grimr101,fitza101,BAL
BAL197708100,BAL,SEA,3,2,,N,may-r101,poled101,BAL
BAL197708110,BAL,SEA,0,0,,N,dragd101,romoe101,BAL
BAL197708120,BAL,OAK,0,0,,N,palmj001,bluev001,BAL
BAL197708130,BAL,OAK,0,3,,N,langr001,flanm001,OAK
BAL197708140,BAL,OAK,0,0,,D,grimr101,medid101,BAL
BAL197708150,BAL,MIN,2,1,,N,schur101,may-r101,MIN
BAL197708160,BAL,MIN,1,1,,N,martd001,johnt103,BAL
BAL197708240,BAL,CHA,0,0,,N,mcgrs001,stons101,BAL
BAL197708250,BAL,CHA,1,0,,N,hamid101,martd001,CHA
BAL197708260,BAL,KCA,0,1,,N,leond001,palmj001,KCA
BAL197708270,BAL,KCA,0,0,,N,flanm001,colbj101,BAL
BAL197708280,BAL,KCA,0,0,,D,hassa001,grimr101,KCA
BAL197708290,BAL,CAL,1,0,,N,may-r101,ryann001,BAL
BAL197708300,BAL,CAL,0,0,,N,palmj001,bretk101,BAL
BAL197708310,BAL,CAL,0,0,,N,martd001,tanaf001,BAL
BAL197709090,BAL,CLE,1,0,,N,may-r101,fitza101,BAL
BAL197709100,BAL,CLE,0,0,,N,martd001,kernj001,BAL
BAL197709110,BAL,CLE,3,0,,D,grimr101,dobsp101,BAL
BAL197709160,BAL,BOS,0,0,,N,palmj001,aased001,BAL
BAL197709170,BAL,BOS,2,0,,D,martd001,lee-b101,BAL
BAL197709180,BAL,BOS,0,1,,D,stanb001,mcgrs001,BOS
BAL197709190,BAL,TOR,0,0,,N,garvj101,may-r101,TOR
BAL197709200,BAL,TOR,0,0,,N,palmj001,clanj001,BAL
BAL197709210,BAL,TOR,0,0,,N,grimr101,byrdj101,BAL
BAL197709220,BAL,TOR,0,0,,N,flanm001,lemad101,BAL
BAL197709270,BAL,DET,3,1,,N,flanm001,arrof001,BAL
BAL197709280,BAL,DET,0,0,,N,palmj001,foucs101,BAL
BAL197709290,BAL,DET,2,0,,N,may-r101,crawj102,BAL
BOS197704070,BOS,CLE,1,0,,D,larod101,campb001,CLE
BOS197704100,BOS,CLE,1,0,,D,larod101,campb001,CLE
BOS197704180,BOS,DET,1,2,,D,jenkf101,arrof001,BOS
BOS197704190,BOS,DET,0,2,,N,stanb001,barer101,BOS
BOS197704200,BOS,DET,1,0,,N,ruhlv001,tianl101,DET
BOS197704210,BOS,DET,0,0,,D,rozed001,clevr101,DET
BOS197704290,BOS,OAK,0,0,,N,jenkf101,ellid101,BOS
BOS197704300,BOS,OAK,0,0,,D,tianl101,norrm101,BOS
BOS197705010,BOS,OAK,0,0,,D,campb001,bahns101,BOS
BOS197705030,BOS,SEA,1,5,,N,montj101,wiser101,SEA
BOS197705040,BOS,SEA,1,0,,N,clevr101,thoms102,BOS
BOS197705050,BOS,SEA,0,2,,N,jenkf101,segud101,BOS
BOS197705060,BOS,CAL,0,0,,N,ryann001,tianl101,CAL
BOS197705070,BOS,CAL,0,0,,D,stanb001,tanaf001,BOS
BOS197705080,BOS,CAL,0,0,,D,willj102,rossg102,BOS
BOS197705200,BOS,MIL,0,0,,N,auguj001,tianl101,MIL
BOS197705210,BOS,MIL,0,0,,D,houst101,castb101,BOS
BOS197705221,BOS,MIL,1,0,,D,campb001,folkr101,BOS
BOS197705222,BOS,MIL,0,0,,N,rodre102,jenkf101,MIL
BOS197705251,BOS,MIN,0,1,,N,goltd101,stanb001,MIN
BOS197705252,BOS,MIN,0,2,,N,thorp101,paxtm101,MIN
BOS197705270,BOS,KCA,1,0,,N,jenkf101,leond001,BOS
BOS197705280,BOS,KCA,2,1,,D,campb001,pattm101,BOS
BOS197705290,BOS,KCA,0,0,,D,colbj101,stanb001,KCA
BOS197705300,BOS,NYA,1,0,,N,torrm001,lee-b101,NYA
BOS197705310,BOS,NYA,1,0,,N,clevr101,pattg101,BOS
BOS197706080,BOS,BAL,0,0,,N,wiser101,martd001,BOS
BOS197706090,BOS,BAL,1,1,,N,lee-b101,palmj001,BOS
BOS197706121,BOS,TEX,0,0,,D,clevr101,devia101,BOS
BOS197706122,BOS,TEX,2,0,,D,tianl101,briln101,BOS
BOS197706130,BOS,CHA,2,1,,N,campb001,andel101,BOS
BOS197706140,BOS,CHA,0,1,,N,wiser101,knapc101,BOS
BOS197706160,BOS,CHA,0,0,,N,stons101,tianl101,CHA
BOS197706170,BOS,NYA,4,0,,N,stanb001,clayk101,BOS
BOS197706180,BOS,NYA,3,2,,D,clevr101,torrm001,BOS
BOS197706190,BOS,NYA,0,0,,D,jenkf101,figue101,BOS
BOS197707010,BOS,BAL,1,0,,N,palmj001,tianl101,BAL
BOS197707020,BOS,BAL,2,1,,N,flanm001,clevr101,BAL
BOS197707030,BOS,BAL,0,0,,D,martd001,wiser101,BAL
BOS197707040,BOS,TOR,0,1,,D,campb001,hartc105,BOS
BOS197707060,BOS,TOR,1,2,,N,campb001,vuckp001,BOS
BOS197707070,BOS,TOR,1,0,,N,stanb001,jeffj101,BOS
BOS197707211,BOS,CLE,0,0,,D,tianl101,garlw101,BOS
BOS197707212,BOS,CLE,0,2,,N,bibbj001,stanb001,CLE
BOS197707220,BOS,CLE,3,0,,N,wiser101,fitza101,BOS
BOS197707230,BOS,CLE,0,4,,D,kernj001,campb001,CLE
BOS197707240,BOS,CHA,2,2,,D,barrf101,jenkf101,CHA
BOS197707250,BOS,CHA,2,0,,N,lagrl101,campb001,CHA
BOS197707260,BOS,MIL,0,0,,N,aased001,sorel001,BOS
BOS197707270,BOS,MIL,0,0,,N,mcclb001,stanb001,MIL
BOS197707280,BOS,MIL,0,0,,D,paxtm101,hinds101,BOS
BOS197708100,BOS,CAL,0,0,,N,willj102,milld101,BOS
BOS197708110,BOS,CAL,2,0,,N,hartp001,aased001,CAL
BOS197708120,BOS,SEA,2,0,,N,wiser101,mitcp101,BOS
BOS197708130,BOS,SEA,0,0,,D,jenkf101,galab101,BOS
BOS197708140,BOS,SEA,0,0,,D,paxtm101,wheeg101,BOS
BOS197708150,BOS,KCA,0,0,,N,clevr101,colbj101,BOS
BOS197708160,BOS,KCA,0,0,,N,campb001,birdd101,BOS
BOS197708241,BOS,TEX,0,0,,N,perrg101,paxtm101,TEX
BOS197708242,BOS,TEX,0,0,,N,barkl001,clevr101,TEX
BOS197708250,BOS,TEX,1,0,,N,willj102,knowd101,BOS
BOS197708260,BOS,MIN,0,0,,N,johnt103,kreur101,MIN
BOS197708270,BOS,MIN,0,2,,D,lee-b101,schur101,BOS
BOS197708280,BOS,MIN,1,0,,D,paxtm101,schur101,BOS
BOS197708290,BOS,OAK,0,0,,N,baird001,campb001,OAK
BOS197708300,BOS,OAK,0,0,,N,tianl101,langr001,BOS
BOS197708310,BOS,CLE,0,0,,N,kernj001,stanb001,CLE
BOS197709010,BOS,CLE,2,0,,D,lee-b101,ecked001,BOS
BOS197709091,BOS,DET,0,0,,N,tianl101,rozed001,BOS
BOS197709092,BOS,DET,2,0,,N,wiser101,ruhlv001,BOS
BOS197709100,BOS,DET,0,0,,D,aased001,wilcm001,BOS
BOS197709110,BOS,DET,0,1,,D,lee-b101,arrof001,BOS
BOS197709190,BOS,NYA,1,1,,N,clevr101,figue101,BOS
BOS197709210,BOS,NYA,0,0,,N,willj102,torrm001,BOS
BOS197709271,BOS,TOR,5,2,,N,aased001,byrdj101,BOS
BOS197709272,BOS,TOR,0,0,,N,tianl101,lemad101,BOS
BOS197709280,BOS,TOR,0,0,,N,vuckp001,lee-b101,TOR
BOS197709290,BOS,TOR,0,1,,D,stanb001,garvj101,BOS
BOS197709300,BOS,BAL,0,0,,N,campb001,mcgrs001,BOS
BOS197710010,BOS,BAL,0,0,,D,flanm001,willj102,BAL
CAL197704150,CAL,SEA,1,0,,N,ryann001,abbog001,CAL
CAL197704160,CAL,SEA,1,2,,N,hartp001,montj101,CAL
CAL197704170,CAL,SEA,0,4,,N,kekim101,mongs001,SEA
CAL197704190,CAL,CHA,0,0,,N,tanaf001,johnb105,CAL
CAL197704200,CAL,CHA,0,0,,N,knapc101,ryann001,CHA
CAL197704220,CAL,MIL,2,0,,N,simpw101,haasm001,CAL
CAL197704230,CAL,MIL,0,1,,N,travb101,hartp001,MIL
CAL197704240,CAL,MIL,0,1,,D,bearg101,scotm101,MIL
CAL197704250,CAL,OAK,3,1,,N,ryann001,medid101,CAL
CAL197704260,CAL,OAK,3,0,,N,bluev001,dragd101,OAK
CAL197704270,CAL,OAK,1,0,,N,langr001,hartp001,OAK
CAL197705110,CAL,BAL,0,0,,N,tanaf001,grimr101,CAL
CAL197705120,CAL,BAL,0,0,,N,kirkd101,palmj001,CAL
CAL197705130,CAL,NYA,0,1,,N,figue101,simpw101,NYA
CAL197705140,CAL,NYA,0,0,,N,gulld101,ryann001,NYA
CAL197705150,CAL,NYA,4,0,,D,tanaf001,torrm001,CAL
CAL197705160,CAL,BOS,0,0,,N,campb001,hartp001,BOS
CAL197705170,CAL,BOS,0,0,,N,simpw101,jenkf101,CAL
CAL197705190,CAL,MIN,1,2,,N,ryann001,goltd101,CAL
CAL197705200,CAL,MIN,2,0,,N,tanaf001,thorp101,CAL
CAL197705210,CAL,MIN,0,0,,N,rossg102,zahng001,CAL
CAL197705220,CAL,MIN,2,0,,D,johnt103,scotm101,MIN
CAL197706040,CAL,DET,0,1,,N,hillj101,ryann001,DET
CAL197706050,CAL,DET,1,0,,N,tanaf001,arrof001,CAL
CAL197706060,CAL,DET,0,0,,N,fidrm101,rossg102,DET
CAL197706070,CAL,TOR,0,0,,N,willm101,hartp001,TOR
CAL197706080,CAL,TOR,0,0,,N,larod101,brunt101,CAL
CAL197706100,CAL,CLE,0,0,,N,tanaf001,garlw101,CAL
CAL197706110,CAL,CLE,0,0,,N,bibbj001,rossg102,CLE
CAL197706120,CAL,CLE,1,0,,D,ryann001,dobsp101,CAL
CAL197706240,CAL,TEX,0,0,,N,devia101,tanaf001,TEX
CAL197706250,CAL,TEX,0,0,,D,larod101,marsm101,CAL
CAL197706261,CAL,TEX,0,1,,D,hartp001,alexd001,CAL
CAL197706262,CAL,TEX,1,0,,D,hartp001,devia101,CAL
CAL197706270,CAL,KCA,0,0,,N,hassa001,simpw101,KCA
CAL197706280,CAL,KCA,0,0,,N,leond001,tanaf001,KCA
CAL197706290,CAL,KCA,0,0,,N,ryann001,colbj101,CAL
CAL197707010,CAL,OAK,0,0,,N,bluev001,bretk101,OAK
CAL197707020,CAL,OAK,3,0,,N,laceb001,milld101,OAK
CAL197707030,CAL,OAK,0,0,,D,tanaf001,norrm101,CAL
CAL197707040,CAL,OAK,0,0,,D,ryann001,langr001,CAL
CAL197707050,CAL,OAK,0,0,,N,simpw101,bluev001,CAL
CAL197707110,CAL,MIN,0,0,,N,larod101,johnd104,CAL
CAL197707120,CAL,MIN,2,0,,N,ryann001,thorp101,CAL
CAL197707130,CAL,MIN,0,1,,N,goltd101,simpw101,MIN
CAL197707140,CAL,SEA,0,1,,N,poled101,bretk101,SEA
CAL197707150,CAL,SEA,0,3,,N,houst101,nolag101,SEA
CAL197707160,CAL,SEA,0,0,,N,ryann001,romoe101,CAL
CAL197707170,CAL,SEA,0,1,,D,kekim101,larod101,SEA
CAL197707290,CAL,BOS,0,2,,N,campb001,milld101,BOS
CAL197707300,CAL,BOS,0,0,,N,tianl101,ryann001,BOS
CAL197707310,CAL,BOS,0,0,,D,aased001,larod101,BOS
CAL197708010,CAL,NYA,1,0,,N,bretk101,huntj101,CAL
CAL197708020,CAL,NYA,2,1,,N,torrm001,hartp001,NYA
CAL197708030,CAL,NYA,0,1,,N,ryann001,guidr001,CAL
CAL197708050,CAL,BAL,0,0,,N,tanaf001,grimr101,CAL
CAL197708060,CAL,BAL,1,0,,N,bretk101,may-r101,CAL
CAL197708070,CAL,BAL,0,0,,D,larod101,palmj001,CAL
CAL197708190,CAL,TOR,0,2,,N,garvj101,ryann001,TOR
CAL197708200,CAL,TOR,0,0,,N,vuckp001,larod101,TOR
CAL197708210,CAL,TOR,2,1,,D,tanaf001,byrdj101,CAL
CAL197708220,CAL,DET,0,0,,N,arrof001,hartp001,DET
CAL197708230,CAL,DET,0,0,,N,sykeb101,simpw101,DET
CAL197708241,CAL,CLE,0,0,,N,fitza101,ryann001,CLE
CAL197708242,CAL,CLE,0,0,,N,bretk101,waitr001,CAL
CAL197709050,CAL,MIL,0,2,,N,slatj001,tanaf001,MIL
CAL197709070,CAL,MIL,0,0,,N,hartp001,auguj001,CAL
CAL197709081,CAL,CHA,0,0,,D,ryann001,barrf101,CAL
CAL197709082,CAL,CHA,0,0,,N,barlm101,carrc103,CAL
CAL197709090,CAL,CHA,0,1,,N,stons101,bretk101,CHA
CAL197709100,CAL,CHA,1,0,,D,canej101,woodw103,CAL
CAL197709111,CAL,CHA,0,0,,D,knapc101,hartp001,CHA
CAL197709112,CAL,CHA,0,3,,D,barlm101,marts101,CAL
CAL197709190,CAL,TEX,0,0,,N,alexd001,ryann001,TEX
CAL197709200,CAL,TEX,0,1,,N,bretk101,lindp101,CAL
CAL197709210,CAL,TEX,0,2,,N,ellid101,canej101,TEX
CAL197709220,CAL,TEX,0,0,,N,blylb001,hartp001,TEX
CAL197709230,CAL,KCA,0,2,,N,leond001,simpw101,KCA
CAL197709240,CAL,KCA,1,0,,D,littm101,moorb101,KCA
CAL197709251,CAL,KCA,1,0,,D,splip001,bretk101,KCA
CAL197709252,CAL,KCA,0,1,,N,pattm101,ryann001,KCA
CHA197704120,CHA,BOS,1,0,,D,bretk101,wiser101,CHA
CHA197704130,CHA,BOS,0,0,,D,johnb105,jenkf101,CHA
CHA197704150,CHA,TOR,0,0,,N,barrf101,johnj104,CHA
CHA197704160,CHA,TOR,0,0,,D,stons101,vuckp001,CHA
CHA197704170,CHA,TOR,1,0,,D,bretk101,singb101,CHA
CHA197704290,CHA,TEX,0,0,,N,alexd001,stons101,TEX
CHA197704300,CHA,TEX,0,0,,D,briln101,knapc101,TEX
CHA197705010,CHA,TEX,8,1,,D,bretk101,perrg101,CHA
CHA197705130,CHA,CLE,0,0,,N,stons101,fitza101,CHA
CHA197705140,CHA,CLE,0,0,,D,bretk101,bibbj001,CHA
CHA197705150,CHA,CLE,0,0,,D,ecked001,barrf101,CLE
CHA197705180,CHA,KCA,0,0,,N,knapc101,leond001,CHA
CHA197705190,CHA,KCA,1,0,,N,stons101,colbj101,CHA
CHA197705200,CHA,DET,0,2,,N,foucs101,bretk101,DET
CHA197705210,CHA,DET,0,0,,N,arrof001,barrf101,DET
CHA197705220,CHA,DET,0,5,,D,rozed001,woodw103,DET
CHA197705301,CHA,MIL,0,2,,D,slatj001,hamid101,MIL
CHA197705302,CHA,MIL,0,0,,D,stons101,rodre102,CHA
CHA197706010,CHA,BAL,0,0,,N,bretk101,palmj001,CHA
CHA197706020,CHA,BAL,1,0,,N,barrf101,flanm001,CHA
CHA197706030,CHA,NYA,0,1,,N,kravk101,torrm001,CHA
CHA197706040,CHA,NYA,0,0,,N,gulld101,johnb105,NYA
CHA197706050,CHA,NYA,0,1,,D,tidrd001,stons101,NYA
CHA197706180,CHA,OAK,0,0,,D,kravk101,bluev001,CHA
CHA197706191,CHA,OAK,0,0,,D,woodw103,norrm101,CHA
CHA197706192,CHA,OAK,0,0,,D,barrf101,medid101,CHA
CHA197706200,CHA,OAK,0,0,,N,langr001,knapc101,OAK
CHA197706210,CHA,CAL,0,0,,N,stons101,ryann001,CHA
CHA197706220,CHA,CAL,0,0,,N,johnb105,bretk101,CHA
CHA197706230,CHA,CAL,0,0,,D,milld101,andel101,CAL
CHA197706270,CHA,SEA,2,0,,N,kravk101,poled101,CHA
CHA197706280,CHA,SEA,3,0,,N,barrf101,montj101,CHA
CHA197706290,CHA,SEA,0,0,,N,houst101,woodw103,SEA
CHA197707010,CHA,MIN,3,1,,N,knapc101,goltd101,CHA
CHA197707020,CHA,MIN,0,0,,D,lagrl101,johnt103,CHA
CHA197707031,CHA,MIN,0,0,,D,woodw103,zahng001,CHA
CHA197707032,CHA,MIN,4,0,,D,kravk101,hollj102,CHA
CHA197707110,CHA,KCA,3,0,,N,barrf101,gural001,CHA
CHA197707120,CHA,KCA,0,0,,N,leond001,stons101,KCA
CHA197707131,CHA,TOR,4,0,,D,knapc101,singb101,CHA
CHA197707132,CHA,TOR,0,3,,N,lemad101,kucej101,TOR
CHA197707140,CHA,TOR,0,0,,D,kravk101,garvj101,CHA
CHA197707150,CHA,BOS,0,0,,N,woodw103,stanb001,CHA
CHA197707160,CHA,BOS,0,0,,N,wiser101,barrf101,BOS
CHA197707170,CHA,BOS,0,0,,D,stons101,clevr101,CHA
CHA197707260,CHA,DET,1,2,,N,knapc101,robed101,CHA
CHA197707270,CHA,DET,1,0,,N,arrof001,woodw103,DET
CHA197707290,CHA,KCA,0,4,,N,hamid101,littm101,CHA
CHA197707300,CHA,KCA,0,1,,D,barrf101,birdd101,CHA
CHA197707311,CHA,KCA,0,0,,D,lagrl101,birdd101,CHA
CHA197707312,CHA,KCA,0,0,,D,leond001,knapc101,KCA
CHA197708010,CHA,TEX,0,1,,N,perrg101,woodw103,TEX
CHA197708020,CHA,TEX,0,0,,N,knowd101,johnb105,TEX
CHA197708030,CHA,TEX,1,2,,N,devia101,kirkd101,TEX
CHA197708040,CHA,TEX,0,0,,N,stons101,blylb001,CHA
CHA197708080,CHA,SEA,2,0,,N,wiler101,romoe101,CHA
CHA197708090,CHA,SEA,5,2,,N,stons101,wheeg101,CHA
CHA197708100,CHA,CLE,0,1,,N,garlw101,woodw103,CLE
CHA197708110,CHA,CLE,0,0,,N,waitr001,kravk101,CLE
CHA197708220,CHA,NYA,0,0,,N,barrf101,figue101,CHA
CHA197708230,CHA,NYA,0,0,,N,torrm001,woodw103,NYA
CHA197708260,CHA,MIL,3,0,,N,renks101,haasm001,CHA
CHA197708270,CHA,MIL,0,1,,N,lagrl101,rodre102,CHA
CHA197708280,CHA,MIL,0,4,,D,sorel001,woodw103,MIL
CHA197709020,CHA,BAL,2,0,,N,dragd101,lagrl101,BAL
CHA197709030,CHA,BAL,0,0,,N,carrc103,mcgrs001,CHA
CHA197709040,CHA,BAL,1,0,,D,martt001,carrc103,BAL
CHA197709120,CHA,MIN,0,0,,N,hamid101,burgt001,CHA
CHA197709130,CHA,MIN,1,0,,N,barrf101,thorp101,CHA
CHA197709140,CHA,MIN,0,3,,N,goltd101,kravk101,MIN
CHA197709150,CHA,MIN,0,2,,N,zahng001,stons101,MIN
CHA197709160,CHA,CAL,0,1,,N,hartp001,knapc101,CAL
CHA197709170,CHA,CAL,0,0,,D,milld101,hamid101,CAL
CHA197709181,CHA,CAL,0,0,,D,barrf101,nolag101,CHA
CHA197709182,CHA,CAL,0,0,,D,frosd101,moorb101,CHA
CHA197709190,CHA,OAK,0,0,,N,kravk101,bluev001,CHA
CHA197709200,CHA,OAK,1,0,,N,stons101,langr001,CHA
CHA197709210,CHA,OAK,0,0,,N,baird001,carrc103,OAK
CHA197710011,CHA,SEA,0,0,,D,montj101,barrf101,SEA
CHA197710012,CHA,SEA,3,1,,D,kravk101,kekim101,CHA
CHA197710020,CHA,SEA,0,0,,D,abbog001,frosd101,SEA
CHN197704070,CHN,NYN,1,0,,D,seavt001,burrr001,NYN
CHN197704090,CHN,NYN,0,2,,D,espin101,toddj102,NYN
CHN197704100,CHN,NYN,0,0,,D,reusr001,matlj101,CHN
CHN197704180,CHN,PHI,0,0,,D,lercr001,burrr001,PHI
CHN197704190,CHN,PHI,1,0,,D,chril101,krukm001,PHI
CHN197704230,CHN,CIN,0,0,,D,bonhb101,zachp001,CHN
CHN197704240,CHN,CIN,5,0,,D,burrr001,frymw101,CHN
CHN197704260,CHN,SLN,0,0,,D,reusr001,rasme101,CHN
CHN197704270,CHN,SLN,0,4,,D,dennj001,krukm001,SLN
CHN197705030,CHN,HOU,1,0,,D,burrr001,richj101,CHN
CHN197705040,CHN,HOU,1,0,,D,forsk001,suttb001,HOU
CHN197705050,CHN,HOU,4,0,,D,reusr001,bannf001,CHN
CHN197705060,CHN,ATL,0,0,,D,krukm001,caprb101,CHN
CHN197705070,CHN,ATL,0,0,,D,burrr001,niekp001,CHN
CHN197705080,CHN,ATL,0,0,,D,bonhb101,leonm101,CHN
CHN197705160,CHN,SDN,1,0,,D,toddj102,shirb001,CHN
CHN197705170,CHN,SDN,0,1,,D,bonhb101,grift101,CHN
CHN197705240,CHN,MON,0,1,,D,kerrj101,hernw001,MON
CHN197705250,CHN,MON,4,0,,D,burrr001,wartd101,CHN
CHN197705260,CHN,MON,0,0,,D,krukm001,roges001,CHN
CHN197705270,CHN,PIT,0,0,,D,bonhb101,candj001,CHN
CHN197705280,CHN,PIT,0,0,,D,reusp101,rookj101,CHN
CHN197705290,CHN,PIT,0,0,,D,hernw001,gossr001,CHN
CHN197706060,CHN,LAN,0,0,,D,reusr001,hootb001,CHN
CHN197706070,CHN,LAN,3,0,,D,burrr001,johnt001,CHN
CHN197706080,CHN,LAN,0,3,,D,suttd001,krukm001,LAN
CHN197706090,CHN,SFN,0,0,,D,suttb001,moffr101,CHN
CHN197706100,CHN,SFN,1,0,,D,reusr001,knepb001,CHN
CHN197706110,CHN,SFN,2,0,,D,hernw001,laveg001,CHN
CHN197706120,CHN,SFN,1,0,,D,suttb001,laveg001,CHN
CHN197706240,CHN,NYN,2,0,,D,reusr001,koosj001,CHN
CHN197706250,CHN,NYN,0,0,,D,burrr001,apodb101,CHN
CHN197706260,CHN,NYN,0,1,,D,krukm001,matlj101,CHN
CHN197707041,CHN,MON,2,4,,D,browj109,burrr001,MON
CHN197707042,CHN,MON,1,3,,D,atkib101,reusp101,MON
CHN197707050,CHN,MON,0,2,,D,bahns101,krukm001,MON
CHN197707060,CHN,MON,1,0,,D,bonhb101,stand101,CHN
CHN197707070,CHN,SLN,1,0,,D,reusr001,dierl101,CHN
CHN197707080,CHN,SLN,0,2,,D,reusp101,eastr101,CHN
CHN197707090,CHN,SLN,0,3,,D,undet001,renks101,SLN
CHN197707101,CHN,SLN,0,0,,D,forsb001,bonhb101,SLN
CHN197707102,CHN,SLN,0,2,,D,suttb001,hraba101,CHN
CHN197707210,CHN,ATL,0,1,,D,reusp101,campr001,CHN
CHN197707220,CHN,ATL,0,0,,D,reusr001,ruthd001,CHN
CHN197707230,CHN,ATL,1,0,,D,campr001,reusp101,ATL
CHN197707241,CHN,HOU,1,1,,D,pentg101,burrr001,HOU
CHN197707242,CHN,HOU,1,0,,D,niekj001,moord001,HOU
CHN197707250,CHN,HOU,2,0,,D,hernw001,lemom101,CHN
CHN197707260,CHN,CIN,1,0,,D,reusr001,normf101,CHN
CHN197707271,CHN,CIN,0,0,,D,sotom001,krukm001,CIN
CHN197707272,CHN,CIN,0,1,,D,renks101,capid101,CHN
CHN197707280,CHN,CIN,4,6,,D,reusr001,billj101,CHN
CHN197708050,CHN,SDN,2,3,,D,tomld001,burrr001,SDN
CHN197708060,CHN,SDN,1,0,,D,bonhb101,joner101,CHN
CHN197708071,CHN,SDN,3,0,,D,owchb001,krukm001,SDN
CHN197708072,CHN,SDN,3,0,,D,renks101,shirb001,CHN
CHN197708120,CHN,PHI,0,0,,D,carls001,reusr001,PHI
CHN197708130,CHN,PHI,0,0,,D,reedr001,giusd101,PHI
CHN197708141,CHN,PHI,0,0,,D,chril101,krukm001,PHI
CHN197708142,CHN,PHI,1,0,,D,lonbj101,renks101,PHI
CHN197708160,CHN,PIT,3,0,,D,hernw001,demel101,CHN
CHN197708170,CHN,PIT,1,0,,D,reusr001,rookj101,CHN
CHN197708180,CHN,PIT,2,0,,D,reusj001,burrr001,PIT
CHN197708190,CHN,LAN,3,0,,D,krukm001,johnt001,CHN
CHN197708200,CHN,LAN,0,0,,D,hernw001,hougc001,CHN
CHN197708210,CHN,LAN,0,2,,D,rhodr001,lampd001,LAN
CHN197708220,CHN,SFN,1,0,,D,reusr001,barrj101,CHN
CHN197708230,CHN,SFN,0,0,,D,willc101,reusp101,SFN
CHN197709050,CHN,SLN,1,0,,D,robed101,rasme101,CHN
CHN197709060,CHN,SLN,1,2,,D,undet001,hernw001,SLN
CHN197709070,CHN,MON,0,0,,D,bahns101,reusr001,MON
CHN197709080,CHN,MON,0,0,,D,suttb001,kerrj101,CHN
CHN197709090,CHN,NYN,0,2,,D,suttb001,apodb101,CHN
CHN197709100,CHN,NYN,0,1,,D,locks101,moord001,NYN
CHN197709110,CHN,NYN,0,0,,D,myrib101,reusr001,NYN
CHN197709230,CHN,PIT,0,0,,D,rookj101,hernw001,PIT
CHN197709240,CHN,PIT,2,0,,D,forst001,brobp101,PIT
CHN197709250,CHN,PIT,0,0,,D,candj001,reusr001,PIT
CHN197709260,CHN,PHI,2,0,,D,moord001,kaatj101,CHN
CHN197709270,CHN,PHI,0,0,,D,chril101,bonhb101,PHI
CHN197709280,CHN,PHI,1,2,,D,lercr001,krukm001,PHI
CIN197704060,CIN,SDN,0,0,,D,frymw101,joner101,CIN
CIN197704080,CIN,SDN,2,0,,N,billj101,strob101,CIN
CIN197704090,CIN,SDN,0,0,,D,fingr001,eastr101,SDN
CIN197704100,CIN,SDN,0,1,,D,shirb001,alcas101,SDN
CIN197704180,CIN,LAN,0,0,,N,rhodr001,billj101,LAN
CIN197704200,CIN,LAN,0,1,,D,suttd001,normf101,LAN
CIN197704290,CIN,CHN,0,1,,N,frymw101,bonhb101,CIN
CIN197704300,CIN,CHN,3,0,,N,billj101,burrr001,CIN
CIN197705010,CIN,CHN,0,0,,D,reusr001,zachp001,CHN
CIN197705020,CIN,SLN,0,0,,N,eastr101,urrej101,CIN
CIN197705040,CIN,SLN,0,1,,N,forsb001,frymw101,SLN
CIN197705130,CIN,SFN,5,0,,N,normf101,barrj101,CIN
CIN197705140,CIN,SFN,0,0,,N,laveg001,frymw101,SFN
CIN197705150,CIN,SFN,2,0,,D,nolag101,mcgll101,CIN
CIN197705170,CIN,PIT,0,0,,N,candj001,billj101,PIT
CIN197705180,CIN,PIT,4,0,,D,normf101,reusj001,CIN
CIN197705200,CIN,NYN,2,1,,N,nolag101,seavt001,CIN
CIN197705210,CIN,NYN,0,0,,N,murrd001,apodb101,CIN
CIN197705221,CIN,NYN,3,0,,D,billj101,koosj001,CIN
CIN197705222,CIN,NYN,0,0,,D,toddj101,borbp101,NYN
CIN197705300,CIN,ATL,1,0,,N,murrd001,colld101,CIN
CIN197705310,CIN,ATL,0,0,,N,murrd001,niekp001,CIN
CIN197706010,CIN,ATL,0,0,,N,zachp001,eastj001,CIN
CIN197706020,CIN,HOU,0,0,,N,pentg101,murrd001,HOU
CIN197706030,CIN,HOU,0,0,,N,normf101,lemom101,CIN
CIN197706040,CIN,HOU,0,0,,N,anduj001,humet001,HOU
CIN197706050,CIN,HOU,5,0,,D,nolag101,richj101,CIN
CIN197706100,CIN,MON,0,0,,N,normf101,bahns101,CIN
CIN197706110,CIN,MON,0,3,,N,browj109,nolag101,MON
CIN197706121,CIN,MON,0,0,,D,borbp101,kerrj101,CIN
CIN197706122,CIN,MON,1,2,,D,eastr101,walkt103,CIN
CIN197706130,CIN,PHI,3,2,,N,borbp101,twitw101,CIN
CIN197706140,CIN,PHI,0,0,,N,normf101,kaatj101,CIN
CIN197706150,CIN,PHI,0,4,,N,borbp101,undet001,CIN
CIN197706240,CIN,LAN,0,2,,N,johnt001,seavt001,LAN
CIN197706250,CIN,LAN,0,1,,D,frymw101,suttd001,CIN
CIN197706261,CIN,LAN,3,0,,D,normf101,rhodr001,CIN
CIN197706262,CIN,LAN,0,6,,D,rau-d101,moskp101,LAN
CIN197706270,CIN,SFN,3,0,,N,cornt101,hendj102,SFN
CIN197706280,CIN,SFN,0,0,,N,capid101,knepb001,CIN
CIN197706290,CIN,SFN,0,0,,N,murrd001,curtj001,CIN
CIN197706300,CIN,SFN,1,0,,D,frymw101,halie101,CIN
CIN197707120,CIN,ATL,0,0,,N,niekp001,hendj102,ATL
CIN197707130,CIN,ATL,0,0,,N,caprb101,billj101,ATL
CIN197707140,CIN,ATL,0,0,,N,seavt001,ruthd001,CIN
CIN197707150,CIN,HOU,0,0,,N,moskp101,pentg101,CIN
CIN197707160,CIN,HOU,0,0,,N,richj101,normf101,HOU
CIN197707170,CIN,HOU,1,0,,D,lemom101,capid101,HOU
CIN197707291,CIN,SLN,0,0,,N,moskp101,eastr101,CIN
CIN197707292,CIN,SLN,0,0,,N,rasme101,billj101,SLN
CIN197707300,CIN,SLN,0,0,,N,metzb101,normf101,SLN
CIN197707310,CIN,SLN,0,0,,D,capid101,forsb001,CIN
CIN197708010,CIN,CHN,2,3,,N,borbp101,reusp101,CIN
CIN197708020,CIN,CHN,0,0,,N,hernw001,sotom001,CHN
CIN197708030,CIN,CHN,0,0,,N,borbp101,hernw001,CIN
CIN197708051,CIN,PIT,0,0,,N,reusj001,normf101,PIT
CIN197708052,CIN,PIT,2,0,,N,jackg101,capid101,PIT
CIN197708060,CIN,PIT,0,0,,D,seavt001,forst001,CIN
CIN197708070,CIN,PIT,0,0,,D,sotom001,rookj101,CIN
CIN197708150,CIN,SDN,0,0,,N,billj101,joner101,CIN
CIN197708160,CIN,SDN,0,0,,N,seavt001,owchb001,CIN
CIN197708170,CIN,SDN,0,0,,N,shirb001,sotom001,SDN
CIN197708220,CIN,MON,0,0,,N,twitw101,billj101,MON
CIN197708230,CIN,MON,0,1,,N,roges001,moskp101,MON
CIN197708240,CIN,NYN,4,0,,N,capid101,matlj101,CIN
CIN197708250,CIN,NYN,0,0,,N,normf101,apodb101,CIN
CIN197708260,CIN,PHI,0,0,,N,seavt001,carls001,CIN
CIN197708270,CIN,PHI,0,1,,D,billj101,mcgrt001,CIN
CIN197708280,CIN,PHI,4,0,,D,moskp101,lercr001,CIN
CIN197709070,CIN,SFN,2,3,,N,halie101,sotom001,SFN
CIN197709080,CIN,SFN,4,3,,N,borbp101,moffr101,CIN
CIN197709090,CIN,LAN,0,0,,N,johnt001,normf101,LAN
CIN197709100,CIN,LAN,2,1,,N,seavt001,rau-d101,CIN
CIN197709110,CIN,LAN,4,0,,D,humet001,rhodr001,CIN
CIN197709120,CIN,HOU,0,2,,N,richj101,sotom001,HOU
CIN197709130,CIN,HOU,0,1,,N,bannf001,moskp101,HOU
CIN197709270,CIN,SDN,0,0,,N,shirb001,normf101,SDN
CIN197709280,CIN,SDN,5,0,,N,moskp101,dacqj101,CIN
CIN197709300,CIN,ATL,1,0,,N,seavt001,niekp001,CIN
CIN197710010,CIN,ATL,0,0,,D,humet001,hannp101,CIN
CIN197710020,CIN,ATL,1,2,,D,mahlm001,normf101,ATL
CLE197704160,CLE,BOS,0,2,,D,tianl101,garlw101,BOS
CLE197704171,CLE,BOS,0,0,,D,clevr101,fitza101,BOS
CLE197704172,CLE,BOS,5,0,,D,bibbj001,murpt101,CLE
CLE197704230,CLE,NYA,0,0,,D,ellid101,fitza101,NYA
CLE197704241,CLE,NYA,0,0,,D,tidrd001,ecked001,NYA
CLE197704242,CLE,NYA,0,0,,D,figue101,dobsp101,NYA
CLE197704270,CLE,TOR,0,4,,N,willm101,kernj001,TOR
CLE197704280,CLE,TOR,1,1,,N,fitza101,jeffj101,CLE
CLE197705030,CLE,MIN,1,2,,N,burgt001,kernj001,MIN
CLE197705040,CLE,MIN,0,0,,D,hoodd101,johnt103,CLE
CLE197705060,CLE,CHA,0,2,,N,barrf101,ecked001,CHA
CLE197705070,CLE,CHA,0,1,,D,johnb105,garlw101,CHA
CLE197705080,CLE,CHA,0,0,,D,stons101,fitza101,CHA
CLE197705101,CLE,MIL,0,0,,N,bibbj001,slatj001,CLE
CLE197705102,CLE,MIL,3,0,,N,kernj001,bearg101,CLE
CLE197705110,CLE,MIL,0,1,,N,garlw101,auguj001,CLE
CLE197705240,CLE,SEA,0,1,,N,waitr001,romoe101,CLE
CLE197705250,CLE,SEA,0,0,,N,ecked001,laxtb101,CLE
CLE197705270,CLE,OAK,0,0,,N,garlw101,bluev001,CLE
CLE197705280,CLE,OAK,1,2,,N,medid101,bibbj001,OAK
CLE197705290,CLE,OAK,1,0,,D,mongs001,laceb001,CLE
CLE197705300,CLE,CAL,1,0,,N,ecked001,tanaf001,CLE
CLE197705310,CLE,CAL,0,0,,N,larod101,kernj001,CAL
CLE197706130,CLE,TEX,0,0,,N,blylb001,ecked001,TEX
CLE197706140,CLE,TEX,0,0,,N,perrg101,garlw101,TEX
CLE197706150,CLE,TEX,0,0,,N,marsm101,bibbj001,TEX
CLE197706170,CLE,DET,0,2,,N,kernj001,crawj102,CLE
CLE197706180,CLE,DET,2,1,,D,ecked001,foucs101,CLE
CLE197706191,CLE,DET,0,0,,D,garlw101,hillj101,CLE
CLE197706192,CLE,DET,0,0,,D,bibbj001,arrof001,CLE
CLE197706270,CLE,BAL,0,0,,N,flanm001,ecked001,BAL
CLE197706291,CLE,BAL,0,0,,N,bibbj001,may-r101,CLE
CLE197706292,CLE,BAL,0,1,,N,dragd101,kernj001,BAL
CLE197706300,CLE,BAL,0,1,,N,garlw101,grimr101,CLE
CLE197707010,CLE,KCA,2,0,,N,pattm101,waitr001,KCA
CLE197707020,CLE,KCA,0,0,,N,hassa001,ecked001,KCA
CLE197707030,CLE,KCA,0,1,,N,dobsp101,leond001,CLE
CLE197707080,CLE,TOR,0,0,,N,ecked001,lemad101,CLE
CLE197707090,CLE,TOR,0,0,,N,garlw101,garvj101,CLE
CLE197707100,CLE,TOR,0,0,,D,byrdj101,dobsp101,TOR
CLE197707110,CLE,BOS,0,0,,N,stanb001,bibbj001,BOS
CLE197707120,CLE,BOS,0,0,,N,ecked001,clevr101,CLE
CLE197707130,CLE,BOS,0,2,,N,campb001,kernj001,BOS
CLE197707140,CLE,BOS,1,0,,N,paxtm101,fitza101,BOS
CLE197707240,CLE,TEX,0,0,,D,alexd001,garlw101,TEX
CLE197707250,CLE,TEX,1,0,,N,briln101,kernj001,TEX
CLE197707290,CLE,MIN,0,0,,N,thorp101,garlw101,MIN
CLE197707300,CLE,MIN,1,0,,D,johnt103,mongs001,MIN
CLE197707311,CLE,MIN,0,0,,D,fitza101,redfp101,CLE
CLE197707312,CLE,MIN,0,2,,D,johnd104,waitr001,MIN
CLE197708121,CLE,MIL,0,0,,N,ecked001,sorel001,CLE
CLE197708122,CLE,MIL,1,0,,N,kernj001,mcclb001,CLE
CLE197708130,CLE,MIL,0,0,,D,caldm001,bibbj001,MIL
CLE197708141,CLE,MIL,1,0,,D,garlw101,slatj001,CLE
CLE197708142,CLE,MIL,2,0,,D,fitza101,travb101,CLE
CLE197708150,CLE,OAK,1,0,,N,waitr001,umbaj101,CLE
CLE197708160,CLE,OAK,0,0,,N,bluev001,ecked001,OAK
CLE197708170,CLE,KCA,0,4,,N,pattm101,bibbj001,KCA
CLE197708180,CLE,KCA,0,2,,N,leond001,garlw101,KCA
CLE197708260,CLE,SEA,1,0,,N,romoe101,kernj001,SEA
CLE197708270,CLE,SEA,5,0,,N,ecked001,galab101,CLE
CLE197708280,CLE,SEA,3,0,,D,bibbj001,abbog001,CLE
CLE197708290,CLE,CHA,3,0,,N,waitr001,stons101,CLE
CLE197708300,CLE,CHA,0,0,,N,kravk101,garlw101,CHA
CLE197709020,CLE,CAL,2,0,,N,bibbj001,hartp001,CLE
CLE197709030,CLE,CAL,0,0,,N,ryann001,garlw101,CAL
CLE197709040,CLE,CAL,0,0,,D,bretk101,fitza101,CAL
CLE197709051,CLE,NYA,1,0,,N,hoodd101,huntj101,CLE
CLE197709052,CLE,NYA,0,0,,N,kernj001,torrm001,CLE
CLE197709060,CLE,NYA,0,0,,N,tidrd001,ecked001,NYA
CLE197709070,CLE,NYA,2,0,,N,guidr001,garlw101,NYA
CLE197709080,CLE,NYA,1,0,,N,figue101,bibbj001,NYA
CLE197709120,CLE,DET,1,1,,N,garlw101,crawj102,CLE
CLE197709141,CLE,DET,1,0,,N,sykeb101,bibbj001,DET
CLE197709142,CLE,DET,0,0,,N,hillj101,kernj001,DET
CLE197709171,CLE,TOR,2,1,,D,ecked001,byrdj101,CLE
CLE197709172,CLE,TOR,0,2,,D,lemad101,waitr001,TOR
CLE197709180,CLE,TOR,1,1,,D,jeffj101,garlw101,TOR
CLE197709230,CLE,BAL,0,0,,N,waitr001,may-r101,CLE
CLE197709240,CLE,BAL,0,0,,D,palmj001,ecked001,BAL
CLE197709250,CLE,BAL,0,3,,D,garlw101,grimr101,CLE
DET197704070,DET,KCA,2,2,,D,splip001,robed101,KCA
DET197704090,DET,KCA,0,0,,D,hassa001,barer101,KCA
DET197704100,DET,KCA,0,0,,D,colbj101,ruhlv001,KCA
DET197704241,DET,BAL,0,0,,D,palmj001,robed101,BAL
DET197704242,DET,BAL,0,0,,D,ruhlv001,flanm001,DET
DET197704260,DET,CHA,0,0,,D,lagrl101,foucs101,CHA
DET197704270,DET,CHA,0,2,,D,arrof001,dalcb101,DET
DET197705030,DET,TEX,0,3,,N,blylb001,ruhlv001,TEX
DET197705060,DET,MIL,0,0,,N,robed101,auguj001,DET
DET197705070,DET,MIL,1,0,,D,rozed001,travb101,DET
DET197705080,DET,MIL,0,0,,D,haasm001,ruhlv001,MIL
DET197705100,DET,MIN,0,0,,N,hollj102,sykeb101,MIN
DET197705110,DET,MIN,3,0,,N,robed101,zahng001,DET
DET197705240,DET,CAL,0,0,,N,ryann001,hillj101,CAL
DET197705250,DET,CAL,0,0,,N,tanaf001,robed101,CAL
DET197705270,DET,SEA,0,0,,N,abbog001,fidrm101,SEA
DET197705280,DET,SEA,0,0,,D,poled101,rozed001,SEA
DET197705290,DET,SEA,0,0,,D,thoms102,foucs101,SEA
DET197705300,DET,OAK,0,0,,N,ellid101,robed101,OAK
DET197705310,DET,OAK,1,1,,N,hillj101,bluev001,DET
DET197706010,DET,CLE,1,0,,N,bibbj001,fidrm101,CLE
DET197706020,DET,CLE,1,0,,N,rozed001,dobsp101,DET
DET197706140,DET,TOR,1,0,,N,hillj101,jeffj101,DET
DET197706150,DET,TOR,4,0,,N,arrof001,lemad101,DET
DET197706160,DET,TOR,0,0,,N,fidrm101,garvj101,DET
DET197706200,DET,NYA,0,0,,N,fidrm101,gulld101,DET
DET197706210,DET,NYA,0,0,,N,crawj102,guidr001,DET
DET197706220,DET,NYA,1,3,,N,lyles101,foucs101,NYA
DET197706240,DET,CLE,0,0,,N,bibbj001,arrof001,CLE
DET197706250,DET,CLE,3,0,,D,fidrm101,dobsp101,DET
DET197706261,DET,CLE,0,0,,D,waitr001,hillj101,CLE
DET197706262,DET,CLE,1,0,,D,sykeb101,garlw101,DET
DET197706270,DET,BOS,1,0,,N,robed101,wiser101,DET
DET197706280,DET,BOS,0,1,,N,crawj102,campb001,DET
DET197706290,DET,BOS,0,0,,N,fidrm101,lee-b101,DET
DET197707080,DET,CHA,1,1,,N,kirkd101,fidrm101,CHA
DET197707090,DET,CHA,2,0,,N,kravk101,arrof001,CHA
DET197707100,DET,CHA,3,1,,D,wilcm001,hamid101,DET
DET197707110,DET,TOR,1,5,,N,grils101,debad101,DET
DET197707120,DET,TOR,2,1,,N,crawj102,jeffj101,DET
DET197707210,DET,KCA,0,0,,N,splip001,robed101,KCA
DET197707220,DET,KCA,0,0,,N,birdd101,hillj101,KCA
DET197707230,DET,KCA,1,1,,D,rozed001,gural001,DET
DET197707240,DET,TOR,0,0,,D,sykeb101,jeffj101,DET
DET197707250,DET,TOR,0,0,,N,wilcm001,byrdj101,DET
DET197708051,DET,TEX,1,0,,N,knowd101,hillj101,TEX
DET197708052,DET,TEX,0,0,,N,briln101,sykeb101,TEX
DET197708060,DET,TEX,3,4,,D,wilcm001,alexd001,DET
DET197708070,DET,TEX,1,0,,D,ellid101,arrof001,TEX
DET197708080,DET,MIL,0,0,,N,crawj102,caldm001,DET
DET197708091,DET,MIL,1,0,,N,rozed001,slatj001,DET
DET197708092,DET,MIL,2,0,,N,travb101,grils101,MIL
DET197708100,DET,MIL,0,0,,N,morrj001,auguj001,DET
DET197708120,DET,MIN,3,0,,N,burgt001,arrof001,MIN
DET197708130,DET,MIN,0,0,,N,wilcm001,zahng001,DET
DET197708140,DET,MIN,1,0,,D,rozed001,johnt103,DET
DET197708150,DET,SEA,5,0,,N,sykeb101,poled101,DET
DET197708160,DET,SEA,0,0,,N,abbog001,morrj001,SEA
DET197708170,DET,NYA,1,4,,N,figue101,arrof001,NYA
DET197708180,DET,NYA,0,0,,N,huntj101,crawj102,NYA
DET197708260,DET,CAL,1,0,,N,larod101,foucs101,CAL
DET197708270,DET,CAL,1,0,,D,hillj101,larod101,DET
DET197708280,DET,CAL,1,2,,D,foucs101,milld101,DET
DET197709020,DET,OAK,0,0,,N,crawj102,bluev001,DET
DET197709030,DET,OAK,1,1,,D,glyne001,laceb001,DET
DET197709040,DET,OAK,2,1,,D,laceb001,rozed001,OAK
DET197709051,DET,BAL,0,0,,D,crawj102,dragd101,DET
DET197709052,DET,BAL,0,0,,D,may-r101,grils101,BAL
DET197709060,DET,BAL,0,0,,N,flanm001,arrof001,BAL
DET197709071,DET,BAL,0,0,,N,mcgrs001,hillj101,BAL
DET197709072,DET,BAL,1,0,,N,glyne001,grimr101,DET
DET197709080,DET,BAL,0,0,,D,palmj001,sykeb101,BAL
DET197709160,DET,NYA,2,1,,N,gulld101,arrof001,NYA
DET197709170,DET,NYA,0,2,,D,tidrd001,crawj102,NYA
DET197709180,DET,NYA,0,0,,D,guidr001,sykeb101,NYA
DET197709190,DET,CLE,0,2,,N,foucs101,dobsp101,DET
DET197709200,DET,CLE,0,1,,N,foucs101,waitr001,DET
DET197709220,DET,BOS,0,0,,N,arrof001,willj102,DET
DET197709230,DET,BOS,0,1,,N,lee-b101,sykeb101,BOS
DET197709240,DET,BOS,0,0,,D,paxtm101,wilcm001,BOS
DET197709250,DET,BOS,1,3,,D,clevr101,glyne001,BOS
HOU197704080,HOU,ATL,1,2,,N,forsk001,johnb103,HOU
HOU197704090,HOU,ATL,0,0,,N,anduj001,niekp001,HOU
HOU197704100,HOU,ATL,0,0,,D,ruthd001,lemom101,ATL
HOU197704110,HOU,CIN,4,0,,N,konid101,frymw101,HOU
HOU197704120,HOU,CIN,3,1,,N,richj101,zachp001,HOU
HOU197704130,HOU,CIN,0,2,,N,forsk001,borbp101,HOU
HOU197704190,HOU,SFN,1,0,,N,barrj101,bannf001,SFN
HOU197704200,HOU,SFN,0,0,,N,halie101,lemom101,SFN
HOU197704220,HOU,SDN,0,0,,N,shirb001,richj101,SDN
HOU197704231,HOU,SDN,0,0,,D,grift101,anduj001,SDN
HOU197704232,HOU,SDN,0,0,,N,bernv101,larsd101,SDN
HOU197704240,HOU,SDN,0,0,,D,sambj001,fingr001,HOU
HOU197705090,HOU,CHN,1,2,,N,reusr001,anduj001,CHN
HOU197705100,HOU,CHN,0,0,,N,krukm001,bannf001,CHN
HOU197705110,HOU,CHN,2,0,,N,richj101,burrr001,HOU
HOU197705130,HOU,PIT,0,0,,N,lemom101,reusj001,HOU
HOU197705140,HOU,PIT,0,2,,N,demel101,anduj001,PIT
HOU197705150,HOU,PIT,0,0,,D,tekuk001,richj101,PIT
HOU197705170,HOU,SLN,0,0,,N,forsk001,rasme101,HOU
HOU197705180,HOU,SLN,0,0,,N,schub104,lemom101,SLN
HOU197705190,HOU,PHI,0,0,,N,anduj001,garbg001,HOU
HOU197705200,HOU,PHI,0,0,,N,richj101,carls001,HOU
HOU197705210,HOU,PHI,1,0,,N,reedr001,larsd101,PHI
HOU197705220,HOU,PHI,0,0,,D,chril101,bannf001,PHI
HOU197705300,HOU,LAN,0,0,,N,anduj001,rau-d101,HOU
HOU197705310,HOU,LAN,0,2,,N,richj101,hootb001,HOU
HOU197706010,HOU,LAN,0,0,,N,johnt001,mclab101,LAN
HOU197706100,HOU,NYN,0,0,,N,anduj001,matlj101,HOU
HOU197706111,HOU,NYN,0,0,,N,richj101,swanc001,HOU
HOU197706112,HOU,NYN,0,0,,N,locks101,forsk001,NYN
HOU197706120,HOU,NYN,1,0,,D,seavt001,bannf001,NYN
HOU197706130,HOU,MON,0,0,,N,alcas101,lemom101,MON
HOU197706140,HOU,MON,0,0,,N,anduj001,bahns101,HOU
HOU197706150,HOU,MON,0,0,,N,browj109,richj101,MON
HOU197706240,HOU,SFN,3,0,,N,sambj001,tomst101,HOU
HOU197706251,HOU,SFN,2,0,,N,niekj001,moffr101,HOU
HOU197706252,HOU,SFN,1,0,,N,willc101,lemom101,SFN
HOU197706260,HOU,SFN,0,0,,D,halie101,forsk001,SFN
HOU197706270,HOU,SDN,1,0,,N,niekj001,fingr001,HOU
HOU197706280,HOU,SDN,2,0,,N,anduj001,owchb001,HOU
HOU197706290,HOU,SDN,1,1,,N,freid101,larsd101,SDN
HOU197707010,HOU,ATL,0,0,,N,richj101,colld101,HOU
HOU197707020,HOU,ATL,0,0,,N,leonm101,niekj001,ATL
HOU197707030,HOU,ATL,1,1,,N,bannf001,lacof001,HOU
HOU197707080,HOU,CIN,0,0,,N,capid101,bannf001,CIN
HOU197707090,HOU,CIN,0,0,,N,seavt001,anduj001,CIN
HOU197707100,HOU,CIN,0,3,,D,niekj001,borbp101,HOU
HOU197707110,HOU,CIN,0,0,,N,richj101,normf101,HOU
HOU197707120,HOU,LAN,0,1,,N,rau-d101,sambj001,LAN
HOU197707130,HOU,LAN,0,0,,N,mclab101,sosae101,HOU
HOU197707140,HOU,LAN,0,2,,N,anduj001,suttd001,HOU
HOU197707290,HOU,CHN,0,0,,N,niekj001,bonhb101,HOU
HOU197707300,HOU,CHN,0,0,,N,sambj001,reusp101,HOU
HOU197707310,HOU,CHN,1,0,,D,burrr001,richj101,CHN
HOU197708010,HOU,PIT,0,1,,N,lemom101,gossr001,HOU
HOU197708020,HOU,PIT,1,0,,N,jackg101,larsd101,PIT
HOU197708030,HOU,PIT,0,0,,N,niekj001,kisob001,HOU
HOU197708050,HOU,SLN,0,0,,N,richj101,dennj001,HOU
HOU197708061,HOU,SLN,0,0,,N,forsb001,lemom101,SLN
HOU197708062,HOU,SLN,1,0,,N,dixot101,undet001,HOU
HOU197708070,HOU,SLN,0,0,,D,urrej101,larsd101,SLN
HOU197708240,HOU,PHI,0,0,,N,niekj001,chril101,HOU
HOU197708250,HOU,PHI,0,4,,N,pentg101,reedr001,HOU
HOU197708260,HOU,MON,0,0,,N,mclab101,stand101,HOU
HOU197708270,HOU,MON,0,0,,N,richj101,bahns101,HOU
HOU197708280,HOU,MON,0,1,,D,bannf001,roges001,HOU
HOU197708300,HOU,NYN,0,0,,N,niekj001,myrib101,HOU
HOU197708310,HOU,NYN,0,0,,N,lemom101,koosj001,HOU
HOU197709050,HOU,CIN,1,0,,N,lemom101,seavt001,HOU
HOU197709060,HOU,CIN,0,0,,N,anduj001,capid101,HOU
HOU197709070,HOU,SDN,2,0,,N,freid101,richj101,SDN
HOU197709080,HOU,SDN,0,0,,N,bannf001,shirb001,HOU
HOU197709090,HOU,SFN,0,0,,N,niekj001,barrj101,HOU
HOU197709100,HOU,SFN,0,0,,N,lemom101,knepb001,HOU
HOU197709110,HOU,SFN,0,0,,D,halie101,anduj001,SFN
HOU197709200,HOU,ATL,0,0,,N,niekj001,ruthd001,HOU
HOU197709210,HOU,ATL,2,1,,N,niekp001,anduj001,ATL
HOU197709220,HOU,ATL,0,0,,N,soloe101,richj101,ATL
HOU197709230,HOU,LAN,1,1,,N,forsk001,hougc001,HOU
HOU197709240,HOU,LAN,0,0,,N,hootb001,bannf001,LAN
HOU197709250,HOU,LAN,0,0,,D,johnt001,niekj001,LAN
KCA197704110,KCA,NYA,2,1,,N,littm101,tidrd001,KCA
KCA197704130,KCA,NYA,0,1,,N,guidr001,hassa001,NYA
KCA197704150,KCA,DET,0,0,,N,ruhlv001,colbj101,DET
KCA197704160,KCA,DET,0,0,,N,hillj101,mings101,DET
KCA197704170,KCA,DET,4,3,,D,gural001,robed101,KCA
KCA197704180,KCA,MIN,0,3,,N,johnt103,mings101,MIN
KCA197704190,KCA,MIN,0,0,,N,colbj101,redfp101,KCA
KCA197704200,KCA,MIN,0,0,,N,burgt001,littm101,MIN
KCA197704260,KCA,TEX,0,0,,N,birdd101,perrg101,KCA
KCA197704270,KCA,TEX,0,0,,N,blylb001,leond001,TEX
KCA197704290,KCA,TOR,0,1,,N,colbj101,singb101,KCA
KCA197704300,KCA,TOR,0,0,,N,garvj101,splip001,TOR
KCA197705010,KCA,TOR,3,0,,D,gural001,lemad101,KCA
KCA197705020,KCA,CHA,0,0,,N,leond001,barrf101,KCA
KCA197705030,KCA,CHA,1,1,,N,hamid101,mings101,CHA
KCA197705040,KCA,CHA,0,0,,N,johnb105,colbj101,CHA
KCA197705050,KCA,CHA,1,1,,N,birdd101,bretk101,KCA
KCA197705090,KCA,CAL,1,2,,N,simpw101,colbj101,CAL
KCA197705100,KCA,CAL,0,0,,N,ryann001,splip001,CAL
KCA197705120,KCA,TEX,0,1,,N,perrg101,leond001,TEX
KCA197705130,KCA,TEX,1,0,,N,littm101,blylb001,KCA
KCA197705140,KCA,TEX,0,0,,N,colbj101,boggt001,KCA
KCA197705150,KCA,TEX,0,2,,D,devia101,splip001,TEX
KCA197705200,KCA,CLE,0,0,,N,splip001,ecked001,KCA
KCA197705210,KCA,CLE,0,0,,N,waitr001,littm101,CLE
KCA197705220,KCA,CLE,0,0,,D,bibbj001,leond001,CLE
KCA197706030,KCA,BAL,0,2,,N,grimr101,birdd101,BAL
KCA197706041,KCA,BAL,0,0,,N,martd001,colbj101,BAL
KCA197706042,KCA,BAL,3,1,,N,gural001,flanm001,KCA
KCA197706050,KCA,BAL,2,1,,D,hassa001,palmj001,KCA
KCA197706060,KCA,BOS,0,0,,N,tianl101,leond001,BOS
KCA197706070,KCA,BOS,0,0,,N,littm101,paxtm101,KCA
KCA197706170,KCA,MIN,0,0,,N,colbj101,zahng001,KCA
KCA197706180,KCA,MIN,0,0,,N,splip001,butlb101,KCA
KCA197706190,KCA,MIN,1,0,,D,gural001,johnd104,KCA
KCA197706200,KCA,SEA,1,1,,N,wheeg101,leond001,SEA
KCA197706210,KCA,SEA,0,2,,N,colbj101,abbog001,KCA
KCA197706220,KCA,SEA,1,0,,N,birdd101,poled101,KCA
KCA197706230,KCA,SEA,1,0,,N,romoe101,littm101,SEA
KCA197707060,KCA,MIL,0,3,,N,pattm101,castb101,KCA
KCA197707080,KCA,OAK,0,0,,N,leond001,bluev001,KCA
KCA197707090,KCA,OAK,0,0,,N,langr001,colbj101,OAK
KCA197707100,KCA,OAK,0,1,,D,birdd101,giusd101,KCA
KCA197707130,KCA,DET,0,0,,N,birdd101,arrof001,KCA
KCA197707140,KCA,DET,0,0,,N,colbj101,sykeb101,KCA
KCA197707150,KCA,NYA,0,0,,N,splip001,guidr001,KCA
KCA197707160,KCA,NYA,1,0,,N,leond001,torrm001,KCA
KCA197707170,KCA,NYA,0,0,,D,hassa001,clayk101,KCA
KCA197707270,KCA,CLE,0,0,,N,birdd101,waitr001,KCA
KCA197707280,KCA,CLE,0,0,,N,birdd101,ecked001,KCA
KCA197708030,KCA,TOR,0,0,,N,splip001,garvj101,KCA
KCA197708040,KCA,TOR,0,0,,N,gural001,jeffj101,KCA
KCA197708050,KCA,CHA,0,0,,N,leond001,knapc101,KCA
KCA197708060,KCA,CHA,1,3,,N,colbj101,hamid101,KCA
KCA197708070,KCA,CHA,0,0,,D,pattm101,kravk101,KCA
KCA197708081,KCA,CAL,0,0,,D,ryann001,hassa001,CAL
KCA197708082,KCA,CAL,0,2,,N,simpw101,splip001,CAL
KCA197708190,KCA,BOS,1,1,,N,colbj101,paxtm101,KCA
KCA197708200,KCA,BOS,1,0,,N,littm101,tianl101,KCA
KCA197708210,KCA,BOS,0,0,,D,birdd101,campb001,KCA
KCA197708220,KCA,BAL,0,0,,N,mings101,martt001,KCA
KCA197708230,KCA,BAL,0,0,,N,colbj101,flanm001,KCA
KCA197708300,KCA,TEX,0,3,,N,perrg101,leond001,TEX
KCA197708310,KCA,TEX,0,0,,N,colbj101,alexd001,KCA
KCA197709021,KCA,MIL,0,0,,D,hassa001,haasm001,KCA
KCA197709022,KCA,MIL,0,0,,N,splip001,travb101,KCA
KCA197709030,KCA,MIL,2,0,,N,leond001,sorel001,KCA
KCA197709040,KCA,MIL,0,0,,D,pattm101,caldm001,KCA
KCA197709141,KCA,OAK,2,0,,N,colbj101,langr001,KCA
KCA197709142,KCA,OAK,1,0,,N,leond001,keoum001,KCA
KCA197709151,KCA,OAK,0,2,,N,birdd101,baird001,KCA
KCA197709152,KCA,OAK,1,0,,N,mings101,baird001,KCA
KCA197709160,KCA,SEA,1,1,,N,medid101,pattm101,SEA
KCA197709170,KCA,SEA,2,0,,N,gural001,segud101,KCA
KCA197709180,KCA,SEA,0,0,,D,leond001,abbog001,KCA
KCA197709200,KCA,MIN,0,0,,N,splip001,zahng001,KCA
KCA197709210,KCA,MIN,2,1,,N,colbj101,johnd104,KCA
KCA197709290,KCA,CAL,3,0,,N,gural001,simpw101,KCA
KCA197709300,KCA,CAL,4,2,,N,pattm101,bretk101,KCA
KCA197710010,KCA,CAL,0,1,,N,barlm101,hassa001,CAL
KCA197710020,KCA,CAL,1,0,,D,leond001,hartp001,KCA
LAN197704070,LAN,SFN,1,1,,D,suttd001,montj001,LAN
LAN197704090,LAN,SFN,0,0,,N,rau-d101,barrj101,LAN
LAN197704100,LAN,SFN,0,1,,D,halie101,hootb001,SFN
LAN197704110,LAN,ATL,1,0,,N,lacof001,johnt001,ATL
LAN197704120,LAN,ATL,6,0,,N,rhodr001,messa101,LAN
LAN197704130,LAN,ATL,1,0,,N,hougc001,niekp001,LAN
LAN197704290,LAN,MON,0,0,,N,johnt001,stand101,LAN
LAN197704300,LAN,MON,1,1,,N,rhodr001,hanng101,LAN
LAN197705010,LAN,MON,0,0,,D,roges001,sosae101,MON
LAN197705020,LAN,NYN,0,0,,N,rau-d101,koosj001,LAN
LAN197705030,LAN,NYN,0,0,,N,hootb001,espin101,LAN
LAN197705040,LAN,NYN,2,0,,N,johnt001,matlj101,LAN
LAN197705050,LAN,NYN,0,0,,N,rhodr001,seavt001,LAN
LAN197705060,LAN,PHI,2,0,,N,suttd001,chril101,LAN
LAN197705070,LAN,PHI,4,0,,N,undet001,downa101,PHI
LAN197705240,LAN,HOU,0,0,,N,rhodr001,lemom101,LAN
LAN197705250,LAN,HOU,0,0,,N,anduj001,hougc001,HOU
LAN197705260,LAN,HOU,3,0,,N,garmm101,forsk001,LAN
LAN197705270,LAN,CIN,1,0,,N,johnt001,zachp001,LAN
LAN197705280,LAN,CIN,0,0,,D,billj101,suttd001,CIN
LAN197705290,LAN,CIN,0,4,,D,normf101,rhodr001,CIN
LAN197706030,LAN,SDN,0,0,,N,fingr001,hougc001,SDN
LAN197706040,LAN,SDN,2,1,,N,rhodr001,wehrd001,LAN
LAN197706050,LAN,SDN,0,1,,D,rau-d101,grift101,LAN
LAN197706140,LAN,PIT,0,0,,N,walls101,gossr001,LAN
LAN197706150,LAN,PIT,0,0,,N,rhodr001,joneo001,LAN
LAN197706160,LAN,PIT,0,0,,N,hougc001,gossr001,LAN
LAN197706170,LAN,CHN,0,2,,N,suttb001,walls101,CHN
LAN197706180,LAN,CHN,0,0,,N,johnt001,bonhb101,LAN
LAN197706190,LAN,CHN,1,0,,D,suttd001,hernw001,LAN
LAN197706200,LAN,SLN,0,0,,N,rhodr001,falcp001,LAN
LAN197706210,LAN,SLN,0,2,,N,hraba101,hougc001,SLN
LAN197706220,LAN,SLN,1,0,,N,hootb001,undet001,LAN
LAN197707060,LAN,HOU,0,0,,N,mclab101,garmm101,HOU
LAN197707070,LAN,HOU,5,0,,N,rau-d101,forsk001,LAN
LAN197707080,LAN,SDN,0,0,,N,hootb001,grift101,LAN
LAN197707090,LAN,SDN,0,0,,N,freid101,hougc001,SDN
LAN197707101,LAN,SDN,0,0,,D,fingr001,hougc001,SDN
LAN197707102,LAN,SDN,0,0,,D,sawyr101,rhodr001,SDN
LAN197707210,LAN,MON,0,0,,N,roges001,rhodr001,MON
LAN197707220,LAN,MON,1,0,,N,browj109,hootb001,MON
LAN197707230,LAN,MON,0,0,,N,bahns101,suttd001,MON
LAN197707240,LAN,NYN,1,0,,D,hougc001,apodb101,LAN
LAN197707250,LAN,NYN,0,1,,N,swanc001,rau-d101,NYN
LAN197707261,LAN,PHI,0,0,,D,rhodr001,carls001,LAN
LAN197707262,LAN,PHI,0,0,,N,lonbj101,hootb001,PHI
LAN197707270,LAN,PHI,0,0,,N,rautl101,mcgrt001,LAN
LAN197707280,LAN,PHI,0,0,,D,johnt001,kaatj101,LAN
LAN197708080,LAN,CIN,0,0,,N,johnt001,moskp101,LAN
LAN197708090,LAN,CIN,0,0,,N,capid101,rau-d101,CIN
LAN197708100,LAN,CIN,0,0,,N,rhodr001,normf101,LAN
LAN197708110,LAN,CIN,1,3,,N,seavt001,hootb001,CIN
LAN197708120,LAN,ATL,0,0,,N,theid101,suttd001,ATL
LAN197708130,LAN,ATL,3,0,,N,johnt001,soloe101,LAN
LAN197708140,LAN,ATL,0,0,,D,rau-d101,niekp001,LAN
LAN197708150,LAN,SFN,0,0,,N,halie101,rhodr001,SFN
LAN197708160,LAN,SFN,0,1,,N,rautl101,moffr101,LAN
LAN197708180,LAN,SFN,0,0,,D,suttd001,barrj101,LAN
LAN197708260,LAN,SLN,0,0,,N,rhodr001,rasme101,LAN
LAN197708270,LAN,SLN,1,0,,N,sosae101,metzb101,LAN
LAN197708280,LAN,SLN,0,0,,D,suttd001,forsb001,LAN
LAN197708290,LAN,CHN,2,0,,N,johnt001,krukm001,LAN
LAN197708300,LAN,CHN,0,0,,N,reusr001,rau-d101,CHN
LAN197708310,LAN,CHN,0,0,,N,rhodr001,burrr001,LAN
LAN197709020,LAN,PIT,2,0,,N,hootb001,reusj001,LAN
LAN197709030,LAN,PIT,4,0,,N,suttd001,rookj101,LAN
LAN197709040,LAN,PIT,1,0,,D,johnt001,joneo001,LAN
LAN197709120,LAN,SDN,0,1,,N,castr001,fingr001,LAN
LAN197709130,LAN,SDN,0,0,,N,lewad101,shirb001,LAN
LAN197709140,LAN,CIN,1,2,,N,borbp101,johnt001,CIN
LAN197709150,LAN,CIN,0,0,,N,seavt001,rau-d101,CIN
LAN197709160,LAN,ATL,0,0,,N,rautl101,soloe101,LAN
LAN197709170,LAN,ATL,2,0,,N,suttd001,niekp001,LAN
LAN197709180,LAN,ATL,1,0,,D,caprb101,garmm101,ATL
LAN197709260,LAN,SFN,0,0,,N,halie101,rhodr001,SFN
LAN197709270,LAN,SFN,0,0,,N,rau-d101,barrj101,LAN
LAN197709280,LAN,SFN,1,0,,N,hougc001,montj001,LAN
LAN197709290,LAN,HOU,0,0,,N,bannf001,johnt001,HOU
LAN197709300,LAN,HOU,0,1,,N,lewad101,mclab101,LAN
LAN197710010,LAN,HOU,0,0,,D,hootb001,anduj001,LAN
LAN197710020,LAN,HOU,0,1,,D,richj101,lewad101,HOU
MIL197704120,MIL,BAL,0,0,,D,palmj001,travb101,BAL
MIL197704140,MIL,BAL,0,0,,D,slatj001,may-r101,MIL
MIL197704150,MIL,NYA,2,0,,N,auguj001,gulld101,MIL
MIL197704160,MIL,NYA,0,0,,D,castb101,lyles101,MIL
MIL197704170,MIL,NYA,0,0,,D,travb101,ellid101,MIL
MIL197704260,MIL,BOS,0,0,,N,wiser101,auguj001,BOS
MIL197704270,MIL,BOS,0,0,,N,castb101,clevr101,MIL
MIL197704290,MIL,CLE,2,0,,N,travb101,dobsp101,MIL
MIL197704300,MIL,CLE,0,0,,D,ecked001,slatj001,CLE
MIL197705011,MIL,CLE,3,0,,D,auguj001,garlw101,MIL
MIL197705012,MIL,CLE,0,0,,D,fitza101,bearg101,CLE
MIL197705120,MIL,DET,0,0,,N,rozed001,travb101,DET
MIL197705130,MIL,DET,1,0,,N,haasm001,ruhlv001,MIL
MIL197705140,MIL,DET,0,0,,D,arrof001,cortb101,DET
MIL197705151,MIL,DET,0,0,,D,foucs101,slatj001,DET
MIL197705152,MIL,DET,1,0,,D,auguj001,robed101,MIL
MIL197705170,MIL,TOR,0,0,,N,jeffj101,haasm001,TOR
MIL197705180,MIL,TOR,0,0,,N,castb101,vuckp001,MIL
MIL197705190,MIL,TOR,0,0,,D,slatj001,singb101,MIL
MIL197705250,MIL,CHA,3,3,,N,haasm001,knapc101,MIL
MIL197705260,MIL,CHA,0,0,,D,stons101,rodre102,CHA
MIL197705270,MIL,TEX,1,0,,N,castb101,lindp101,MIL
MIL197705280,MIL,TEX,0,0,,N,auguj001,briln101,MIL
MIL197705290,MIL,TEX,0,2,,D,devia101,hinds101,TEX
MIL197706060,MIL,BAL,0,2,,N,may-r101,rodre102,BAL
MIL197706070,MIL,BAL,2,0,,N,castb101,milld101,MIL
MIL197706080,MIL,NYA,1,0,,N,torrm001,auguj001,NYA
MIL197706090,MIL,NYA,1,4,,D,gulld101,haasm001,NYA
MIL197706100,MIL,KCA,0,0,,N,slatj001,gural001,MIL
MIL197706110,MIL,KCA,0,0,,D,leond001,sorel001,KCA
MIL197706120,MIL,KCA,0,0,,D,auguj001,colbj101,MIL
MIL197706170,MIL,CAL,2,0,,N,milld101,castb101,CAL
MIL197706180,MIL,CAL,0,2,,N,bearg101,nolag101,MIL
MIL197706190,MIL,CAL,0,7,,D,tanaf001,haasm001,CAL
MIL197706210,MIL,OAK,0,0,,N,slatj001,mitcp101,MIL
MIL197706220,MIL,OAK,1,0,,N,auguj001,bluev001,MIL
MIL197706240,MIL,SEA,2,0,,N,sorel001,montj101,MIL
MIL197706250,MIL,SEA,1,2,,N,wheeg101,haasm001,SEA
MIL197706260,MIL,SEA,0,4,,D,caldm001,romoe101,MIL
MIL197707040,MIL,MIN,0,0,,D,thorp101,sorel001,MIN
MIL197707050,MIL,MIN,2,1,,N,goltd101,caldm001,MIN
MIL197707080,MIL,BOS,0,0,,N,clevr101,slatj001,BOS
MIL197707090,MIL,BOS,0,0,,D,auguj001,jenkf101,MIL
MIL197707101,MIL,BOS,0,0,,D,campb001,rodre102,BOS
MIL197707102,MIL,BOS,0,0,,N,wiser101,caldm001,BOS
MIL197707120,MIL,NYA,1,1,,N,gulld101,haasm001,NYA
MIL197707130,MIL,NYA,2,0,,N,slatj001,huntj101,MIL
MIL197707140,MIL,NYA,1,0,,D,figue101,auguj001,NYA
MIL197707150,MIL,BAL,1,0,,N,flanm001,caldm001,BAL
MIL197707160,MIL,BAL,0,0,,N,may-r101,sorel001,BAL
MIL197707170,MIL,BAL,1,0,,D,haasm001,martd001,MIL
MIL197708021,MIL,CLE,0,0,,N,ecked001,caldm001,CLE
MIL197708022,MIL,CLE,2,1,,N,garlw101,castb101,CLE
MIL197708030,MIL,CLE,2,0,,N,rodre102,dobsp101,MIL
MIL197708050,MIL,TOR,0,0,,N,byrdj101,slatj001,TOR
MIL197708060,MIL,TOR,0,0,,D,lemad101,auguj001,TOR
MIL197708071,MIL,TOR,0,1,,D,sorel001,garvj101,MIL
MIL197708072,MIL,TOR,0,0,,D,haasm001,clanj001,MIL
MIL197708150,MIL,TEX,0,2,,N,rodre102,devia101,MIL
MIL197708160,MIL,TEX,0,2,,N,alexd001,haasm001,TEX
MIL197708170,MIL,BOS,2,0,,N,sorel001,wiser101,MIL
MIL197708180,MIL,BOS,2,3,,D,jenkf101,caldm001,BOS
MIL197708190,MIL,CHA,0,0,,N,woodw103,slatj001,CHA
MIL197708200,MIL,CHA,0,1,,D,auguj001,stons101,MIL
MIL197708211,MIL,CHA,0,0,,D,haasm001,kravk101,MIL
MIL197708212,MIL,CHA,1,0,,D,renks101,travb101,CHA
MIL197708240,MIL,KCA,0,0,,N,birdd101,sorel001,KCA
MIL197708250,MIL,KCA,1,0,,N,splip001,auguj001,KCA
MIL197708300,MIL,DET,0,2,,N,rozed001,caldm001,DET
MIL197708310,MIL,DET,0,0,,N,wilcm001,slatj001,DET
MIL197709010,MIL,DET,0,0,,N,auguj001,arrof001,MIL
MIL197709160,MIL,OAK,0,3,,N,colej102,haasm001,OAK
MIL197709170,MIL,OAK,0,0,,N,sorel001,mitcc101,MIL
MIL197709180,MIL,OAK,0,0,,D,keoum001,travb101,OAK
MIL197709200,MIL,SEA,1,0,,N,slatj001,montj101,MIL
MIL197709210,MIL,SEA,2,2,,N,romoe101,auguj001,SEA
MIL197709270,MIL,CAL,2,0,,N,rodre102,larod101,MIL
MIL197709280,MIL,CAL,1,1,,N,canej101,auguj001,CAL
MIL197709300,MIL,MIN,0,0,,N,caldm001,thorp101,MIL
MIL197710010,MIL,MIN,0,2,,D,redfp101,sorel001,MIN
MIL197710020,MIL,MIN,1,0,,D,goltd101,travb101,MIN
MIN197704150,MIN,OAK,0,0,,D,torrm001,thorp101,OAK
MIN197704160,MIN,OAK,0,1,,D,zahng001,bluev001,MIN
MIN197704170,MIN,OAK,0,0,,D,pazim101,umbaj101,MIN
MIN197704260,MIN,SEA,0,0,,D,burgt001,thoms102,MIN
MIN197704270,MIN,SEA,0,0,,D,johnt103,moort101,MIN
MIN197704280,MIN,SEA,1,0,,D,montj101,goltd101,SEA
MIN197704290,MIN,DET,2,0,,N,foucs101,johnt103,DET
MIN197704300,MIN,DET,2,1,,D,zahng001,robed101,MIN
MIN197705010,MIN,DET,0,0,,D,hollj102,hillj101,MIN
MIN197705130,MIN,TOR,0,0,,N,schur101,willm101,MIN
MIN197705140,MIN,TOR,2,0,,D,goltd101,singb101,MIN
MIN197705150,MIN,TOR,2,0,,D,burgt001,garvj101,MIN
MIN197705160,MIN,CLE,1,1,,N,zahng001,garlw101,MIN
MIN197705170,MIN,CLE,0,2,,N,burgt001,dobsp101,MIN
MIN197705300,MIN,BAL,0,0,,N,grimr101,schur101,BAL
MIN197705310,MIN,BAL,0,0,,N,redfp101,may-r101,MIN
MIN197706010,MIN,NYA,0,0,,N,johnt103,guidr001,MIN
MIN197706020,MIN,NYA,0,0,,N,figue101,hollj102,NYA
MIN197706030,MIN,BOS,2,0,,N,goltd101,stanb001,MIN
MIN197706040,MIN,BOS,0,0,,D,lee-b101,thorp101,BOS
MIN197706050,MIN,BOS,0,0,,D,clevr101,burgt001,BOS
MIN197706060,MIN,CHA,1,0,,N,lagrl101,schur101,CHA
MIN197706070,MIN,CHA,0,1,,N,johnt103,andel101,MIN
MIN197706080,MIN,KCA,3,2,,N,johnd104,gural001,MIN
MIN197706090,MIN,KCA,0,0,,N,hassa001,redfp101,KCA
MIN197706140,MIN,CAL,2,4,,N,milld101,schur101,CAL
MIN197706150,MIN,CAL,1,2,,N,goltd101,tanaf001,MIN
MIN197706160,MIN,CAL,0,0,,N,johnt103,ryann001,MIN
MIN197706200,MIN,TEX,0,0,,N,ellid101,thorp101,TEX
MIN197706210,MIN,TEX,1,0,,N,schur101,alexd001,MIN
MIN197706220,MIN,TEX,4,0,,N,knowd101,burgt001,TEX
MIN197706230,MIN,TEX,6,1,,D,goltd101,briln101,MIN
MIN197706240,MIN,CHA,2,0,,N,johnt103,lagrl101,MIN
MIN197706250,MIN,CHA,0,1,,D,knapc101,zahng001,CHA
MIN197706260,MIN,CHA,2,1,,D,johnt103,stons101,MIN
MIN197706270,MIN,MIL,0,3,,N,goltd101,auguj001,MIN
MIN197706280,MIN,MIL,2,0,,N,thorp101,bearg101,MIN
MIN197706290,MIN,MIL,0,0,,N,sorel001,johnd104,MIL
MIN197707060,MIN,CAL,1,0,,N,johnt103,hartp001,MIN
MIN197707070,MIN,CAL,0,0,,N,schur101,tanaf001,MIN
MIN197707080,MIN,SEA,0,0,,N,laxtb101,thorp101,SEA
MIN197707090,MIN,SEA,0,0,,N,poled101,goltd101,SEA
MIN197707100,MIN,SEA,2,0,,D,zahng001,thoms102,MIN
MIN197707210,MIN,CAL,3,2,,N,goltd101,ryann001,MIN
MIN197707220,MIN,CAL,0,1,,N,bretk101,thorp101,CAL
MIN197707230,MIN,CAL,2,0,,D,redfp101,barlm101,MIN
MIN197707241,MIN,OAK,0,1,,D,zahng001,laceb001,MIN
MIN197707242,MIN,OAK,0,0,,D,johnt103,baird001,MIN
MIN197707250,MIN,OAK,0,0,,D,goltd101,langr001,MIN
MIN197708010,MIN,KCA,1,2,,N,zahng001,colbj101,MIN
MIN197708020,MIN,KCA,1,1,,N,goltd101,hassa001,MIN
MIN197708030,MIN,DET,4,0,,N,thorp101,arrof001,MIN
MIN197708040,MIN,DET,0,1,,N,rozed001,redfp101,DET
MIN197708050,MIN,CLE,1,5,,N,zahng001,mongs001,MIN
MIN197708060,MIN,CLE,2,0,,D,redfp101,garlw101,MIN
MIN197708070,MIN,CLE,0,0,,D,goltd101,ecked001,MIN
MIN197708170,MIN,SEA,0,0,,N,mitcp101,zahng001,SEA
MIN197708180,MIN,SEA,4,0,,D,thorp101,galab101,MIN
MIN197708190,MIN,BAL,0,0,,N,flanm001,goltd101,BAL
MIN197708200,MIN,BAL,0,0,,D,grimr101,redfp101,BAL
MIN197708210,MIN,BAL,0,1,,D,schur101,may-r101,MIN
MIN197708220,MIN,BOS,0,1,,N,johnt103,lee-b101,MIN
MIN197708230,MIN,BOS,2,0,,N,goltd101,jenkf101,MIN
MIN197708291,MIN,TOR,0,0,,N,schur101,murpt101,MIN
MIN197708292,MIN,TOR,1,0,,N,johnt103,willm101,MIN
MIN197708310,MIN,OAK,2,0,,N,medid101,thorp101,OAK
MIN197709020,MIN,NYA,0,0,,N,guidr001,goltd101,NYA
MIN197709030,MIN,NYA,1,1,,D,figue101,schur101,NYA
MIN197709040,MIN,NYA,0,4,,D,gulld101,zahng001,NYA
MIN197709050,MIN,TEX,1,0,,N,thorp101,alexd001,MIN
MIN197709060,MIN,TEX,2,3,,N,goltd101,blylb001,MIN
MIN197709070,MIN,TEX,0,0,,N,ellid101,johnt103,TEX
MIN197709090,MIN,KCA,2,0,,N,pattm101,thorp101,KCA
MIN197709100,MIN,KCA,0,0,,N,splip001,goltd101,KCA
MIN197709110,MIN,KCA,0,0,,D,hassa001,zahng001,KCA
MIN197709240,MIN,MIL,0,0,,D,goltd101,haasm001,MIN
MIN197709251,MIN,MIL,0,2,,D,sorel001,thorp101,MIL
MIN197709252,MIN,MIL,2,0,,D,schur101,travb101,MIN
MIN197709270,MIN,CHA,1,4,,D,knapc101,zahng001,CHA
MIN197709280,MIN,CHA,0,0,,D,renks101,goltd101,CHA
MON197704150,MON,PHI,0,0,,D,carls001,stand101,PHI
MON197704160,MON,PHI,2,1,,D,hanng101,chril101,MON
MON197704170,MON,PHI,0,0,,D,mcenw101,garbg001,MON
MON197704180,MON,PIT,0,0,,D,atkib101,joneo001,MON
MON197704190,MON,PIT,0,0,,D,stand101,demel101,MON
MON197704200,MON,PIT,0,1,,D,rookj101,hanng101,PIT
MON197704220,MON,SFN,0,0,,D,wartd101,laveg001,MON
MON197704230,MON,SFN,0,2,,D,montj001,browj109,SFN
MON197704240,MON,SFN,1,0,,D,barrj101,stand101,SFN
MON197705100,MON,LAN,1,0,,N,roges001,hougc001,MON
MON197705110,MON,LAN,1,0,,N,johnt001,stand101,LAN
MON197705120,MON,LAN,0,2,,N,suttd001,hanng101,LAN
MON197705130,MON,CHN,0,1,,N,bonhb101,wartd101,CHN
MON197705140,MON,CHN,0,0,,D,reusr001,roges001,CHN
MON197705151,MON,CHN,0,2,,D,burrr001,stand101,CHN
MON197705152,MON,CHN,0,0,,D,krukm001,browj109,CHN
MON197705190,MON,SDN,0,0,,N,joner101,stand101,SDN
MON197705200,MON,SDN,0,4,,N,shirb001,hanng101,SDN
MON197705210,MON,SDN,0,3,,N,sawyr101,terpj101,SDN
MON197705220,MON,SDN,2,0,,D,roges001,dacqj101,MON
MON197706010,MON,NYN,0,0,,N,seavt001,browj109,NYN
MON197706020,MON,NYN,0,0,,N,koosj001,wartd101,NYN
MON197706030,MON,SLN,1,0,,N,roges001,rasme101,MON
MON197706040,MON,SLN,1,1,,N,atkib101,urrej101,MON
MON197706050,MON,SLN,0,0,,D,stand101,carrc103,MON
MON197706060,MON,ATL,0,0,,N,browj109,lacof001,MON
MON197706080,MON,ATL,2,0,,N,roges001,messa101,MON
MON197706170,MON,CIN,1,0,,N,billj101,roges001,CIN
MON197706180,MON,CIN,0,1,,D,seavt001,alcas101,CIN
MON197706190,MON,CIN,0,0,,D,twitw101,frymw101,MON
MON197706200,MON,HOU,2,1,,N,richj101,browj109,HOU
MON197706210,MON,HOU,0,0,,N,roges001,forsk001,MON
MON197706220,MON,HOU,0,0,,N,bannf001,alcas101,HOU
MON197706270,MON,CHN,3,1,,N,bonhb101,alcas101,CHN
MON197706280,MON,CHN,0,0,,N,reusr001,mcenw101,CHN
MON197706290,MON,CHN,0,0,,N,browj109,burrr001,MON
MON197706300,MON,NYN,2,0,,N,apodb101,roges001,NYN
MON197707011,MON,NYN,0,0,,N,bahns101,matlj101,MON
MON197707012,MON,NYN,3,2,,N,stand101,toddj101,MON
MON197707020,MON,NYN,0,0,,N,alcas101,espin101,MON
MON197707030,MON,NYN,0,0,,D,walkt103,swanc001,MON
MON197707110,MON,PIT,0,0,,N,bahns101,joneo001,MON
MON197707120,MON,PIT,0,0,,N,gossr001,atkib101,PIT
MON197707130,MON,PIT,0,1,,N,candj001,roges001,PIT
MON197707150,MON,SLN,0,1,,N,atkib101,undet001,MON
MON197707160,MON,SLN,3,0,,N,bahns101,dierl101,MON
MON197707170,MON,SLN,0,1,,N,atkib101,eastr101,MON
MON197707290,MON,LAN,0,0,,N,rau-d101,roges001,LAN
MON197707300,MON,LAN,1,7,,N,rhodr001,browj109,LAN
MON197707310,MON,LAN,0,2,,D,hootb001,bahns101,LAN
MON197708010,MON,SFN,0,0,,N,montj001,twitw101,SFN
MON197708020,MON,SFN,1,0,,N,roges001,knepb001,MON
MON197708030,MON,SFN,0,0,,N,browj109,barrj101,MON
MON197708080,MON,SDN,0,0,,N,stand101,shirb001,MON
MON197708090,MON,SDN,0,0,,D,freid101,twitw101,SDN
MON197708160,MON,PHI,0,0,,N,brusw001,kerrj101,PHI
MON197708170,MON,PHI,0,0,,N,bahns101,carls001,MON
MON197708180,MON,PHI,3,1,,N,lonbj101,twitw101,PHI
MON197708191,MON,ATL,0,0,,N,niekp001,roges001,ATL
MON197708192,MON,ATL,0,0,,N,holdf101,soloe101,MON
MON197708200,MON,ATL,0,1,,N,browj109,caprb101,MON
MON197708210,MON,ATL,4,3,,D,stand101,ruthd001,MON
MON197708290,MON,CIN,0,1,,N,holdf101,capid101,MON
MON197708300,MON,CIN,1,2,,N,normf101,browj109,CIN
MON197708310,MON,CIN,0,2,,N,seavt001,twitw101,CIN
MON197709020,MON,HOU,1,0,,N,richj101,bahns101,HOU
MON197709030,MON,HOU,2,0,,N,roges001,bannf001,MON
MON197709040,MON,HOU,1,4,,D,niekj001,browj109,HOU
MON197709120,MON,NYN,0,2,,N,zachp001,bahns101,NYN
MON197709130,MON,NYN,0,1,,N,roges001,apodb101,MON
MON197709140,MON,CHN,0,0,,N,atkib101,giusd101,MON
MON197709150,MON,CHN,2,1,,N,mcenw101,suttb001,MON
MON197709160,MON,PIT,2,0,,N,schad001,kisob001,MON
MON197709170,MON,PIT,0,2,,N,white001,landl101,PIT
MON197709180,MON,PIT,2,1,,D,tekuk001,roges001,PIT
MON197709211,MON,SLN,1,0,,N,twitw101,urrej101,MON
MON197709212,MON,SLN,1,0,,N,rasme101,duesh101,SLN
MON197709220,MON,SLN,0,0,,N,schad001,dennj001,MON
MON197709230,MON,PHI,0,0,,N,chril101,roges001,PHI
MON197709240,MON,PHI,0,0,,D,carls001,holdf101,PHI
MON197709250,MON,PHI,0,2,,D,brusw001,landl101,PHI
NYA197704070,NYA,MIL,0,0,,D,huntj101,travb101,NYA
NYA197704090,NYA,MIL,0,0,,D,auguj001,figue101,MIL
NYA197704100,NYA,MIL,0,0,,D,mcclb001,gulld101,MIL
NYA197704180,NYA,TOR,0,0,,D,lemad101,figue101,TOR
NYA197704190,NYA,TOR,0,0,,D,garvj101,pattg101,TOR
NYA197704200,NYA,TOR,3,2,,D,gulld101,hargs101,NYA
NYA197704210,NYA,TOR,0,0,,D,holtk101,hartc105,NYA
NYA197704290,NYA,SEA,1,0,,N,guidr001,thoms102,NYA
NYA197704300,NYA,SEA,1,0,,D,figue101,wheeg101,NYA
NYA197705010,NYA,SEA,1,2,,D,holtk101,abbog001,NYA
NYA197705030,NYA,CAL,0,0,,N,torrm001,cuelm101,NYA
NYA197705050,NYA,OAK,0,2,,N,bluev001,huntj101,OAK
NYA197705060,NYA,OAK,0,0,,N,figue101,medid101,NYA
NYA197705070,NYA,OAK,2,1,,D,gulld101,langr001,NYA
NYA197705080,NYA,OAK,5,0,,D,torrm001,ellid101,NYA
NYA197705190,NYA,BAL,1,0,,N,figue101,flanm001,NYA
NYA197705200,NYA,BAL,0,0,,N,martd001,tidrd001,BAL
NYA197705210,NYA,BAL,1,0,,D,martt001,lyles101,BAL
NYA197705221,NYA,BAL,0,0,,D,may-r101,huntj101,BAL
NYA197705222,NYA,BAL,0,0,,D,guidr001,mcgrs001,NYA
NYA197705230,NYA,BOS,0,0,,N,lee-b101,figue101,BOS
NYA197705240,NYA,BOS,1,2,,N,tidrd001,tianl101,NYA
NYA197705251,NYA,TEX,1,0,,N,pattg101,blylb001,NYA
NYA197705252,NYA,TEX,0,0,,N,perrg101,torrm001,TEX
NYA197705270,NYA,CHA,0,2,,N,tidrd001,dalcb101,NYA
NYA197705280,NYA,CHA,0,2,,D,barrf101,guidr001,CHA
NYA197705290,NYA,CHA,0,2,,D,figue101,kravk101,NYA
NYA197706100,NYA,MIN,0,1,,N,guidr001,zahng001,NYA
NYA197706110,NYA,MIN,0,1,,D,huntj101,goltd101,NYA
NYA197706120,NYA,MIN,0,2,,D,thorp101,figue101,MIN
NYA197706130,NYA,KCA,0,1,,N,splip001,torrm001,KCA
NYA197706140,NYA,KCA,0,0,,N,gulld101,hassa001,NYA
NYA197706160,NYA,KCA,2,0,,N,guidr001,leond001,NYA
NYA197706240,NYA,BOS,1,0,,N,lyles101,hernr102,NYA
NYA197706250,NYA,BOS,1,0,,D,torrm001,tianl101,NYA
NYA197706260,NYA,BOS,1,1,,D,lyles101,campb001,NYA
NYA197707010,NYA,DET,0,0,,N,rozed001,torrm001,DET
NYA197707020,NYA,DET,1,0,,D,lyles101,hillj101,NYA
NYA197707031,NYA,DET,0,0,,D,guidr001,arrof001,NYA
NYA197707032,NYA,DET,0,3,,D,foucs101,tidrd001,DET
NYA197707040,NYA,CLE,0,0,,N,figue101,garlw101,NYA
NYA197707050,NYA,CLE,1,1,,N,lyles101,bibbj001,NYA
NYA197707070,NYA,CLE,0,0,,N,huntj101,waitr001,NYA
NYA197707211,NYA,MIL,0,0,,N,huntj101,slatj001,NYA
NYA197707212,NYA,MIL,4,0,,N,castb101,tidrd001,MIL
NYA197707220,NYA,MIL,0,0,,N,caldm001,torrm001,MIL
NYA197707230,NYA,MIL,1,0,,D,guidr001,travb101,NYA
NYA197707240,NYA,KCA,2,0,,D,gulld101,hassa001,NYA
NYA197707260,NYA,BAL,0,1,,N,lyles101,mcgrs001,NYA
NYA197707270,NYA,BAL,0,1,,N,palmj001,huntj101,BAL
NYA197707280,NYA,BAL,2,1,,D,torrm001,may-r101,NYA
NYA197708100,NYA,OAK,5,0,,N,guidr001,bluev001,NYA
NYA197708110,NYA,OAK,2,0,,N,torrm001,torrp101,NYA
NYA197708121,NYA,CAL,0,1,,N,huntj101,bretk101,NYA
NYA197708122,NYA,CAL,0,2,,N,figue101,barlm101,NYA
NYA197708130,NYA,CAL,3,0,,D,ryann001,lyles101,CAL
NYA197708140,NYA,CAL,3,0,,D,tidrd001,simpw101,NYA
NYA197708150,NYA,CHA,1,0,,N,torrm001,kravk101,NYA
NYA197708160,NYA,CHA,0,0,,N,clayk101,wiler101,NYA
NYA197708240,NYA,MIN,3,1,,N,huntj101,redfp101,NYA
NYA197708250,NYA,MIN,1,0,,N,lyles101,johnt103,NYA
NYA197708260,NYA,TEX,0,0,,N,clayk101,morer101,NYA
NYA197708270,NYA,TEX,0,1,,D,blylb001,torrm001,TEX
NYA197708280,NYA,TEX,0,0,,D,guidr001,ellid101,NYA
NYA197708290,NYA,KCA,1,0,,D,lyles101,mings101,NYA
NYA197708300,NYA,SEA,0,0,,N,lyles101,segud101,NYA
NYA197708310,NYA,SEA,1,0,,N,lyles101,galab101,NYA
NYA197709090,NYA,TOR,0,0,,N,torrm001,garvj101,NYA
NYA197709100,NYA,TOR,0,2,,D,clanj001,huntj101,TOR
NYA197709111,NYA,TOR,1,2,,D,tidrd001,byrdj101,NYA
NYA197709112,NYA,TOR,1,0,,D,murpt101,gulld101,TOR
NYA197709130,NYA,BOS,0,0,,N,guidr001,paxtm101,NYA
NYA197709140,NYA,BOS,0,0,,N,figue101,clevr101,NYA
NYA197709150,NYA,BOS,0,0,,N,tianl101,lyles101,BOS
NYA197709260,NYA,CLE,2,1,,N,torrm001,hoodd101,NYA
NYA197709270,NYA,CLE,0,0,,N,lyles101,bibbj001,NYA
NYA197709280,NYA,CLE,5,0,,N,gulld101,fitza101,NYA
NYA197709290,NYA,CLE,0,0,,N,garlw101,figue101,CLE
NYA197709300,NYA,DET,0,0,,N,hillj101,guidr001,DET
NYA197710010,NYA,DET,1,0,,D,taylb101,mccal101,DET
NYA197710020,NYA,DET,0,0,,D,thoms102,foucs101,NYA
NYN197704120,NYN,SLN,1,0,,D,seavt001,rasme101,NYN
NYN197704130,NYN,SLN,0,0,,D,dennj001,swanc001,SLN
NYN197704140,NYN,SLN,0,0,,D,forsb001,koosj001,SLN
NYN197704150,NYN,CHN,3,0,,D,reusp101,locks101,CHN
NYN197704160,NYN,CHN,0,0,,D,espin101,reusr001,NYN
NYN197704170,NYN,CHN,1,0,,D,seavt001,bonhb101,NYN
NYN197704220,NYN,PIT,1,0,,N,tekuk001,myrib101,PIT
NYN197704230,NYN,PIT,1,0,,D,gossr001,sader101,PIT
NYN197704270,NYN,MON,1,0,,N,roges001,koosj001,MON
NYN197705111,NYN,SDN,0,2,,N,spild001,seavt001,SDN
NYN197705112,NYN,SDN,0,0,,N,joner101,swanc001,SDN
NYN197705120,NYN,SDN,0,1,,N,grift101,koosj001,SDN
NYN197705130,NYN,LAN,3,0,,N,matlj101,rhodr001,NYN
NYN197705140,NYN,LAN,1,1,,D,rau-d101,espin101,LAN
NYN197705150,NYN,LAN,1,0,,D,garmm101,apodb101,LAN
NYN197705170,NYN,SFN,0,0,,N,koosj001,montj001,NYN
NYN197705180,NYN,SFN,0,0,,N,matlj101,barrj101,NYN
NYN197705190,NYN,SFN,0,0,,N,toddj101,halie101,NYN
NYN197705301,NYN,MON,0,0,,D,roges001,espin101,MON
NYN197705302,NYN,MON,0,1,,D,bahns101,toddj101,MON
NYN197705310,NYN,MON,0,2,,N,swanc001,alcas101,NYN
NYN197706030,NYN,PHI,0,0,,N,lonbj101,matlj101,PHI
NYN197706040,NYN,PHI,0,0,,D,espin101,carls001,NYN
NYN197706051,NYN,PHI,1,0,,D,apodb101,undet001,NYN
NYN197706052,NYN,PHI,0,0,,D,swanc001,kaatj101,NYN
NYN197706070,NYN,CIN,0,0,,N,seavt001,zachp001,NYN
NYN197706080,NYN,CIN,0,3,,N,billj101,koosj001,CIN
NYN197706160,NYN,HOU,0,0,,N,espin101,sambj001,NYN
NYN197706170,NYN,HOU,0,0,,N,bannf001,zachp001,HOU
NYN197706180,NYN,HOU,0,0,,D,pentg101,koosj001,HOU
NYN197706190,NYN,HOU,0,0,,D,swanc001,anduj001,NYN
NYN197706210,NYN,ATL,1,2,,N,baldr101,colld101,NYN
NYN197706220,NYN,ATL,0,0,,N,niekp001,espin101,ATL
NYN197706270,NYN,PHI,0,0,,N,mcgrt001,locks101,PHI
NYN197706280,NYN,PHI,1,0,,N,reedr001,baldr101,PHI
NYN197706290,NYN,PHI,2,0,,N,koosj001,lonbj101,NYN
NYN197707080,NYN,MON,0,0,,N,twitw101,koosj001,MON
NYN197707090,NYN,MON,0,0,,D,siebp101,mcenw101,NYN
NYN197707100,NYN,MON,0,0,,D,zachp001,browj109,NYN
NYN197707120,NYN,CHN,0,0,,N,matlj101,reusr001,NYN
NYN197707130,NYN,CHN,0,0,"19770916,,2,1,34",N,burrr001,koosj001,CHN
NYN197707151,NYN,PIT,0,0,,N,rookj101,zachp001,PIT
NYN197707152,NYN,PIT,0,0,,N,espin101,reusj001,NYN
NYN197707160,NYN,PIT,0,0,,D,swanc001,gossr001,NYN
NYN197707171,NYN,PIT,0,0,,D,candj001,matlj101,PIT
NYN197707172,NYN,PIT,2,2,,D,koosj001,forst001,NYN
NYN197707290,NYN,SDN,0,0,,N,koosj001,shirb001,NYN
NYN197707300,NYN,SDN,0,3,,D,freid101,espin101,SDN
NYN197707310,NYN,SDN,2,0,,D,swanc001,wehrd001,NYN
NYN197708010,NYN,LAN,1,1,,N,locks101,garmm101,NYN
NYN197708020,NYN,LAN,0,0,,N,johnt001,koosj001,LAN
NYN197708030,NYN,LAN,0,1,,D,siebp101,garmm101,NYN
NYN197708050,NYN,SFN,1,0,,N,myrib101,laveg001,NYN
NYN197708060,NYN,SFN,0,2,,N,halie101,zachp001,SFN
NYN197708070,NYN,SFN,1,1,,D,montj001,apodb101,SFN
NYN197708080,NYN,SLN,0,1,,N,hraba101,koosj001,SLN
NYN197708090,NYN,SLN,3,0,,N,espin101,dennj001,NYN
NYN197708100,NYN,SLN,0,0,,D,undet001,swanc001,SLN
NYN197708191,NYN,CIN,1,0,,N,capid101,matlj101,CIN
NYN197708192,NYN,CIN,0,2,,N,moskp101,espin101,CIN
NYN197708200,NYN,CIN,0,3,,D,normf101,swanc001,CIN
NYN197708210,NYN,CIN,0,1,,D,seavt001,koosj001,CIN
NYN197708220,NYN,HOU,0,0,,N,zachp001,richj101,NYN
NYN197708230,NYN,HOU,0,0,,D,locks101,sambj001,NYN
NYN197709021,NYN,ATL,1,0,,N,zachp001,soloe101,NYN
NYN197709022,NYN,ATL,1,0,,N,caprb101,toddj101,ATL
NYN197709030,NYN,ATL,0,0,,D,espin101,hannp101,NYN
NYN197709040,NYN,ATL,2,4,,D,niekp001,baldr101,ATL
NYN197709050,NYN,MON,0,0,,D,twitw101,koosj001,MON
NYN197709060,NYN,MON,0,0,,D,toddj101,holdf101,NYN
NYN197709070,NYN,PHI,1,0,,N,chril101,zachp001,PHI
NYN197709080,NYN,PHI,0,0,,D,garbg001,espin101,PHI
NYN197709171,NYN,CHN,0,3,,D,apodb101,reusp101,NYN
NYN197709172,NYN,CHN,0,1,,D,hernw001,locks101,CHN
NYN197709181,NYN,CHN,0,0,,D,reusr001,toddj101,CHN
NYN197709182,NYN,CHN,0,0,,D,swanc001,krukm001,NYN
NYN197709200,NYN,PIT,0,0,,N,candj001,espin101,PIT
NYN197709210,NYN,PIT,0,0,,N,kisob001,koosj001,PIT
NYN197709230,NYN,SLN,0,0,,N,forsb001,jackr003,SLN
OAK197704090,OAK,MIN,2,2,,D,torrm001,schur101,OAK
OAK197704101,OAK,MIN,0,0,,D,medid101,redfp101,OAK
OAK197704102,OAK,MIN,1,0,,D,thorp101,umbaj101,MIN
OAK197704110,OAK,CAL,0,2,,N,torrp101,ryann001,OAK
OAK197704120,OAK,CAL,6,2,,D,bahns101,rossg102,OAK
OAK197704130,OAK,CAL,0,0,,D,langr001,simpw101,OAK
OAK197704140,OAK,CAL,0,0,,D,baird001,verhj101,OAK
OAK197704190,OAK,MIL,0,0,,D,castb101,giusd101,MIL
OAK197704200,OAK,MIL,2,0,,D,torrm001,auguj001,OAK
OAK197704220,OAK,CHA,0,2,,N,barrf101,bluev001,CHA
OAK197704230,OAK,CHA,0,0,,D,umbaj101,stons101,OAK
OAK197704241,OAK,CHA,1,1,,D,knapc101,torrm001,CHA
OAK197704242,OAK,CHA,4,1,,D,norrm101,johnb105,OAK
OAK197705090,OAK,BOS,1,0,,N,bluev001,clevr101,OAK
OAK197705110,OAK,BOS,1,0,,D,medid101,jenkf101,OAK
OAK197705130,OAK,BAL,0,4,,N,may-r101,bluev001,BAL
OAK197705140,OAK,BAL,0,0,,D,flanm001,langr001,BAL
OAK197705150,OAK,BAL,1,0,,D,grimr101,bahns101,BAL
OAK197705160,OAK,NYA,5,0,,N,laceb001,holtk101,OAK
OAK197705170,OAK,NYA,0,2,,D,lyles101,giusd101,NYA
OAK197705190,OAK,SEA,0,0,,D,pagad101,langr001,SEA
OAK197705200,OAK,SEA,5,0,,N,medid101,joner102,OAK
OAK197705210,OAK,SEA,1,3,,D,kekim101,laceb001,SEA
OAK197705220,OAK,SEA,0,0,,D,poled101,bluev001,SEA
OAK197706030,OAK,TOR,0,0,,N,laceb001,jeffj101,OAK
OAK197706040,OAK,TOR,0,0,,D,lemad101,ellid101,TOR
OAK197706050,OAK,TOR,2,1,,D,garvj101,bluev001,TOR
OAK197706060,OAK,CLE,0,1,,N,dobsp101,laceb001,CLE
OAK197706080,OAK,CLE,0,0,,D,torrp101,ecked001,OAK
OAK197706100,OAK,DET,2,0,,N,arrof001,langr001,DET
OAK197706110,OAK,DET,0,1,,D,fidrm101,ellid101,DET
OAK197706120,OAK,DET,1,0,,D,bluev001,rozed001,OAK
OAK197706240,OAK,KCA,0,0,,N,leond001,medid101,KCA
OAK197706250,OAK,KCA,0,0,,D,colbj101,norrm101,KCA
OAK197706261,OAK,KCA,0,0,,D,bluev001,splip001,OAK
OAK197706262,OAK,KCA,1,0,,D,pattm101,langr001,KCA
OAK197706270,OAK,TEX,0,0,,N,marsm101,mitcp101,TEX
OAK197706280,OAK,TEX,1,0,,N,giusd101,devia101,OAK
OAK197706291,OAK,TEX,0,1,,N,perrg101,norrm101,TEX
OAK197706292,OAK,TEX,0,0,,N,langr001,ellid101,OAK
OAK197707110,OAK,SEA,0,0,,N,colej102,houst101,OAK
OAK197707120,OAK,SEA,0,0,,N,bluev001,romoe101,OAK
OAK197707130,OAK,SEA,0,2,,N,abbog001,langr001,SEA
OAK197707150,OAK,MIN,0,2,,N,giusd101,johnd104,OAK
OAK197707160,OAK,MIN,0,0,,D,bluev001,redfp101,OAK
OAK197707171,OAK,MIN,0,0,,D,thorp101,langr001,MIN
OAK197707172,OAK,MIN,1,4,,D,zahng001,colej102,MIN
OAK197707260,OAK,CAL,0,0,,N,bluev001,tanaf001,OAK
OAK197707270,OAK,CAL,0,4,,N,bretk101,mitcp101,CAL
OAK197707280,OAK,CAL,1,0,,N,colej102,simpw101,OAK
OAK197707290,OAK,NYA,0,1,,N,guidr001,torrp101,NYA
OAK197707300,OAK,NYA,0,0,,D,gulld101,langr001,NYA
OAK197707310,OAK,NYA,1,0,,D,figue101,bluev001,NYA
OAK197708010,OAK,BAL,0,0,,N,may-r101,colej102,BAL
OAK197708030,OAK,BAL,1,0,,N,martt001,laceb001,BAL
OAK197708040,OAK,BOS,0,0,,N,jenkf101,bluev001,BOS
OAK197708050,OAK,BOS,0,0,,N,tianl101,colej102,BOS
OAK197708060,OAK,BOS,1,0,,D,aased001,torrp101,BOS
OAK197708070,OAK,BOS,0,0,,D,wiser101,langr001,BOS
OAK197708190,OAK,CLE,1,0,,N,fitza101,colej102,CLE
OAK197708200,OAK,CLE,0,0,,D,kernj001,baird001,CLE
OAK197708210,OAK,CLE,0,0,,D,ecked001,langr001,CLE
OAK197708220,OAK,TOR,1,0,,N,medid101,lemad101,OAK
OAK197708230,OAK,TOR,0,0,,N,clanj001,umbaj101,TOR
OAK197708241,OAK,DET,2,0,,N,bluev001,rozed001,OAK
OAK197708242,OAK,DET,0,1,,N,baird001,hillj101,OAK
OAK197709051,OAK,CHA,1,2,,D,medid101,kravk101,OAK
OAK197709052,OAK,CHA,1,0,,D,woodw103,torrp101,CHA
OAK197709060,OAK,CHA,0,1,,N,knapc101,bluev001,CHA
OAK197709070,OAK,CHA,0,0,,N,renks101,keoum001,CHA
OAK197709090,OAK,MIL,0,0,,N,haasm001,langr001,MIL
OAK197709100,OAK,MIL,1,0,,D,medid101,sorel001,OAK
OAK197709110,OAK,MIL,0,0,,D,bluev001,travb101,OAK
OAK197709230,OAK,TEX,0,0,,N,perrg101,baird001,TEX
OAK197709240,OAK,TEX,0,0,,D,alexd001,bluev001,TEX
OAK197709251,OAK,TEX,0,0,,D,barkl001,laceb001,TEX
OAK197709252,OAK,TEX,2,0,,D,ellid101,langr001,TEX
OAK197709260,OAK,KCA,0,0,,N,colej102,colbj101,OAK
OAK197709271,OAK,KCA,0,0,,N,laceb001,mcgir101,OAK
OAK197709272,OAK,KCA,0,0,,N,dunns101,leond001,OAK
OAK197709280,OAK,KCA,1,4,,N,laceb001,lancg101,OAK
PHI197704090,PHI,MON,0,0,,D,browj109,carls001,MON
PHI197704100,PHI,MON,0,1,,D,atkib101,garbg001,MON
PHI197704110,PHI,CHN,0,0,,N,bonhb101,twitw101,CHN
PHI197704130,PHI,CHN,0,0,,N,burrr001,lercr001,CHN
PHI197704220,PHI,SLN,0,1,,N,dennj001,twitw101,SLN
PHI197704230,PHI,SLN,2,0,,N,lercr001,forsb001,PHI
PHI197704240,PHI,SLN,0,3,,D,carls001,falcp001,PHI
PHI197705100,PHI,SFN,2,0,,N,carls001,cornt101,PHI
PHI197705110,PHI,SFN,1,0,,N,mcgll101,lercr001,SFN
PHI197705120,PHI,SFN,2,0,,N,chril101,montj001,PHI
PHI197705130,PHI,SDN,1,0,,N,reedr001,tomld001,PHI
PHI197705140,PHI,SDN,0,2,,N,undet001,strob101,PHI
PHI197705150,PHI,SDN,0,0,,D,carls001,joner101,PHI
PHI197705160,PHI,LAN,1,3,,N,lercr001,johnt001,PHI
PHI197705170,PHI,LAN,1,2,,N,suttd001,chril101,LAN
PHI197705180,PHI,LAN,0,1,,N,rhodr001,twitw101,LAN
PHI197705270,PHI,NYN,2,0,,N,garbg001,locks101,PHI
PHI197705280,PHI,NYN,0,0,,N,reedr001,locks101,PHI
PHI197705290,PHI,NYN,1,3,,D,kaatj101,matlj101,PHI
PHI197705300,PHI,PIT,3,0,,N,carls001,kisob001,PHI
PHI197705310,PHI,PIT,1,0,,N,reedr001,tekuk001,PHI
PHI197706010,PHI,PIT,0,3,,N,candj001,chril101,PIT
PHI197706060,PHI,HOU,3,0,,N,chril101,mclab101,PHI
PHI197706070,PHI,HOU,2,1,,N,undet001,niekj001,PHI
PHI197706080,PHI,HOU,0,0,,N,carls001,lemom101,PHI
PHI197706170,PHI,ATL,0,2,,N,chril101,messa101,PHI
PHI197706180,PHI,ATL,1,0,,N,mcgrt001,lacof001,PHI
PHI197706190,PHI,ATL,1,0,,D,carls001,hargs101,PHI
PHI197706200,PHI,CIN,2,0,,N,kaatj101,normf101,PHI
PHI197706210,PHI,CIN,0,1,,N,borbp101,brusw001,CIN
PHI197706220,PHI,CIN,0,3,,N,mcgrt001,humet001,PHI
PHI197706300,PHI,PIT,4,0,,N,carls001,joneo001,PHI
PHI197707010,PHI,PIT,0,0,,N,garbg001,jackg101,PHI
PHI197707020,PHI,PIT,1,1,,N,brusw001,reusj001,PHI
PHI197707030,PHI,PIT,4,0,,D,chril101,kisob001,PHI
PHI197707040,PHI,NYN,0,0,,N,lonbj101,koosj001,PHI
PHI197707050,PHI,NYN,2,0,,N,carls001,zachp001,PHI
PHI197707060,PHI,NYN,0,1,,N,garbg001,matlj101,PHI
PHI197707070,PHI,NYN,0,0,,N,brusw001,espin101,PHI
PHI197707120,PHI,SLN,0,0,,N,lercr001,eastr101,PHI
PHI197707130,PHI,SLN,2,0,,N,carls001,undet001,PHI
PHI197707140,PHI,SLN,2,2,,N,eastr101,mcgrt001,SLN
PHI197707151,PHI,CHN,0,0,,N,chril101,bonhb101,PHI
PHI197707152,PHI,CHN,1,0,,N,lonbj101,krukm001,PHI
PHI197707160,PHI,CHN,0,2,,D,brobp101,reedr001,CHN
PHI197707170,PHI,CHN,1,0,,D,carls001,burrr001,PHI
PHI197707290,PHI,SFN,0,0,,N,barrj101,lercr001,SFN
PHI197707300,PHI,SFN,0,1,,N,carls001,mcgll101,PHI
PHI197707310,PHI,SFN,0,0,,D,mcgrt001,laveg001,PHI
PHI197708020,PHI,SDN,0,0,,N,owchb001,kaatj101,SDN
PHI197708030,PHI,SDN,0,0,,N,carls001,shirb001,PHI
PHI197708040,PHI,SDN,1,0,,D,mcgrt001,spild001,PHI
PHI197708050,PHI,LAN,0,1,,N,garbg001,rautl101,PHI
PHI197708060,PHI,LAN,0,0,,N,garbg001,hootb001,PHI
PHI197708070,PHI,LAN,0,0,,D,carls001,suttd001,PHI
PHI197708101,PHI,MON,0,1,,N,chril101,roges001,PHI
PHI197708102,PHI,MON,2,0,,N,lonbj101,alcas101,PHI
PHI197708110,PHI,MON,2,2,,D,kaatj101,browj109,PHI
PHI197708190,PHI,HOU,3,1,,N,chril101,niekj001,PHI
PHI197708200,PHI,HOU,0,1,,N,mcgrt001,mclab101,PHI
PHI197708210,PHI,HOU,0,1,,N,carls001,lemom101,PHI
PHI197708290,PHI,ATL,0,0,,N,garbg001,hargs101,PHI
PHI197708300,PHI,ATL,1,0,,N,kaatj101,hannp101,PHI
PHI197708310,PHI,ATL,0,0,,N,carls001,niekp001,PHI
PHI197709020,PHI,CIN,0,0,,N,lonbj101,sotom001,PHI
PHI197709030,PHI,CIN,0,2,,N,chril101,moskp101,PHI
PHI197709040,PHI,CIN,1,2,,D,normf101,kaatj101,CIN
PHI197709090,PHI,SLN,6,1,,N,carls001,urrej101,PHI
PHI197709100,PHI,SLN,0,0,,N,lercr001,rasme101,PHI
PHI197709110,PHI,SLN,0,2,,D,brusw001,suttj101,PHI
PHI197709120,PHI,PIT,1,0,,N,chril101,reusj001,PHI
PHI197709130,PHI,PIT,0,1,,N,rookj101,kaatj101,PIT
PHI197709140,PHI,NYN,0,0,,N,espin101,carls001,NYN
PHI197709150,PHI,NYN,1,0,,N,lercr001,swanc001,PHI
PHI197709200,PHI,CHN,1,0,,N,carls001,bonhb101,PHI
PHI197709210,PHI,CHN,0,0,,N,burrr001,lercr001,CHN
PHI197709220,PHI,CHN,0,0,,N,reusp101,lonbj101,CHN
PHI197709290,PHI,MON,0,4,,N,holdf101,carls001,MON
PHI197709300,PHI,MON,0,1,,N,lonbj101,bahns101,PHI
PHI197710010,PHI,MON,0,0,,N,kerrj101,wartd101,MON
PHI197710020,PHI,MON,2,0,,D,chril101,roges001,PHI
PIT197704070,PIT,SLN,1,4,,D,dennj001,reusj001,SLN
PIT197704090,PIT,SLN,1,4,,D,forsb001,kisob001,SLN
PIT197704100,PIT,SLN,4,2,,D,carrc103,rookj101,SLN
PIT197704120,PIT,MON,0,0,,D,gossr001,mcenw101,PIT
PIT197704130,PIT,MON,0,0,,D,kisob001,roges001,PIT
PIT197704260,PIT,PHI,0,0,,N,candj001,chril101,PIT
PIT197704270,PIT,PHI,3,0,,N,kisob001,twitw101,PIT
PIT197704290,PIT,HOU,2,0,,N,bannf001,reusj001,HOU
PIT197704300,PIT,HOU,2,0,,D,rookj101,konid101,PIT
PIT197705010,PIT,HOU,0,0,,D,gossr001,forsk001,PIT
PIT197705060,PIT,CIN,0,0,,N,candj001,billj101,PIT
PIT197705070,PIT,CIN,3,4,,D,forst001,zachp001,PIT
PIT197705080,PIT,CIN,1,0,,D,joneo001,normf101,PIT
PIT197705101,PIT,ATL,0,0,,N,rookj101,caprb101,PIT
PIT197705102,PIT,ATL,0,0,,N,demel101,colld101,PIT
PIT197705110,PIT,ATL,1,0,,N,candj001,niekp001,PIT
PIT197705120,PIT,ATL,0,0,,D,leonm101,kisob001,ATL
PIT197705190,PIT,LAN,0,2,,N,gossr001,hougc001,PIT
PIT197705200,PIT,LAN,0,0,,N,hootb001,demel101,LAN
PIT197705210,PIT,LAN,0,0,,N,johnt001,rookj101,LAN
PIT197705220,PIT,LAN,0,1,,D,candj001,suttd001,PIT
PIT197705240,PIT,NYN,0,0,,N,reusj001,matlj101,PIT
PIT197706030,PIT,CHN,3,0,,N,rookj101,burrr001,PIT
PIT197706040,PIT,CHN,2,0,,N,krukm001,reusj001,CHN
PIT197706050,PIT,CHN,0,0,,D,joneo001,bonhb101,PIT
PIT197706060,PIT,SFN,0,0,,N,laveg001,gossr001,SFN
PIT197706070,PIT,SFN,1,3,,N,barrj101,demel101,SFN
PIT197706080,PIT,SFN,0,0,,N,curtj001,rookj101,SFN
PIT197706100,PIT,SDN,3,0,,N,gossr001,fingr001,PIT
PIT197706110,PIT,SDN,0,1,,D,shirb001,candj001,SDN
PIT197706121,PIT,SDN,0,0,,D,reusj001,joner101,PIT
PIT197706122,PIT,SDN,1,0,,D,kisob001,sawyr101,PIT
PIT197706240,PIT,MON,0,0,,N,gossr001,kerrj101,PIT
PIT197706250,PIT,MON,0,1,,D,kisob001,browj109,PIT
PIT197706261,PIT,MON,0,1,,D,tekuk001,roges001,PIT
PIT197706262,PIT,MON,0,0,,D,mcenw101,gossr001,MON
PIT197707041,PIT,SLN,2,0,,D,rookj101,undet001,PIT
PIT197707042,PIT,SLN,0,0,,D,tekuk001,eastr101,PIT
PIT197707050,PIT,SLN,0,0,,N,forsb001,candj001,SLN
PIT197707060,PIT,SLN,3,0,,N,tekuk001,hraba101,PIT
PIT197707080,PIT,PHI,0,2,,N,gossr001,brusw001,PIT
PIT197707090,PIT,PHI,1,3,,D,forst001,garbg001,PIT
PIT197707101,PIT,PHI,2,0,,D,reusj001,lonbj101,PIT
PIT197707102,PIT,PHI,2,3,,D,jackg101,reedr001,PIT
PIT197707210,PIT,CIN,0,0,,N,reusj001,normf101,PIT
PIT197707220,PIT,CIN,0,0,,N,jackg101,billj101,PIT
PIT197707230,PIT,CIN,0,0,,D,rookj101,capid101,PIT
PIT197707240,PIT,ATL,0,0,,D,tekuk001,hargs101,PIT
PIT197707250,PIT,ATL,0,0,,N,reusj001,niekp001,PIT
PIT197707260,PIT,HOU,0,0,,N,candj001,richj101,PIT
PIT197707270,PIT,HOU,0,0,,N,tekuk001,mclab101,PIT
PIT197707280,PIT,HOU,4,0,,N,rookj101,larsd101,PIT
PIT197708080,PIT,CHN,3,0,,N,jackg101,reusr001,PIT
PIT197708090,PIT,CHN,1,0,,N,burrr001,reusj001,CHN
PIT197708100,PIT,CHN,0,0,,N,demel101,brobp101,PIT
PIT197708110,PIT,NYN,2,0,,N,joneo001,zachp001,PIT
PIT197708121,PIT,NYN,0,2,,N,rookj101,koosj001,PIT
PIT197708122,PIT,NYN,0,0,,N,demel101,siebp101,PIT
PIT197708130,PIT,NYN,0,0,,N,reusj001,matlj101,PIT
PIT197708140,PIT,NYN,0,0,,D,candj001,espin101,PIT
PIT197708190,PIT,SFN,2,0,,N,candj001,knepb001,PIT
PIT197708200,PIT,SFN,0,2,,N,halie101,joneo001,SFN
PIT197708210,PIT,SFN,1,1,,D,laveg001,gossr001,SFN
PIT197708220,PIT,SDN,0,0,,N,shirb001,rookj101,SDN
PIT197708230,PIT,SDN,0,2,,N,gossr001,fingr001,PIT
PIT197708240,PIT,LAN,0,0,,N,johnt001,gossr001,LAN
PIT197708250,PIT,LAN,1,0,,D,candj001,rau-d101,PIT
PIT197709051,PIT,PHI,0,0,,D,candj001,lercr001,PIT
PIT197709052,PIT,PHI,0,0,,D,carls001,kisob001,PHI
PIT197709060,PIT,PHI,1,1,,N,gossr001,garbg001,PIT
PIT197709070,PIT,SLN,3,0,,N,forst001,dennj001,PIT
PIT197709080,PIT,SLN,0,2,,N,demel101,eastr101,PIT
PIT197709090,PIT,MON,0,0,,N,duesh101,joneo001,MON
PIT197709100,PIT,MON,0,0,,N,twitw101,candj001,MON
PIT197709110,PIT,MON,3,0,,D,kisob001,holdf101,PIT
PIT197709270,PIT,NYN,0,1,,N,espin101,kisob001,NYN
PIT197709280,PIT,NYN,0,1,,N,rookj101,swanc001,PIT
PIT197709290,PIT,NYN,1,0,,N,forst001,medid101,PIT
PIT197709300,PIT,CHN,0,0,,N,candj001,reusr001,PIT
PIT197710021,PIT,CHN,0,0,,D,jonet101,burrr001,PIT
PIT197710022,PIT,CHN,0,0,,D,gossr001,lampd001,PIT
SDN197704120,SDN,SFN,1,0,,N,joner101,mcgll101,SDN
SDN197704130,SDN,SFN,0,0,,N,montj001,sawyr101,SFN
SDN197704140,SDN,SFN,0,0,,D,barrj101,freid101,SFN
SDN197704150,SDN,CIN,0,1,,N,alcas101,freid101,CIN
SDN197704160,SDN,CIN,0,0,,N,fingr001,eastr101,SDN
SDN197704170,SDN,CIN,1,3,,D,zachp001,shirb001,CIN
SDN197704250,SDN,LAN,0,2,,N,rhodr001,joner101,LAN
SDN197704260,SDN,LAN,0,0,,N,suttd001,shirb001,LAN
SDN197704270,SDN,LAN,0,0,,N,rau-d101,grift101,LAN
SDN197704280,SDN,LAN,3,0,,N,hootb001,freid101,LAN
SDN197704290,SDN,NYN,0,3,,N,matlj101,sawyr101,NYN
SDN197704300,SDN,NYN,0,0,,N,seavt001,joner101,NYN
SDN197705010,SDN,NYN,0,1,,D,swanc001,shirb001,NYN
SDN197705020,SDN,PHI,2,0,,N,fingr001,reedr001,SDN
SDN197705030,SDN,PHI,0,0,,N,garbg001,bernv101,PHI
SDN197705040,SDN,PHI,0,0,,N,joner101,kaatj101,SDN
SDN197705050,SDN,PHI,0,0,,N,lercr001,shirb001,PHI
SDN197705060,SDN,MON,1,1,,N,grift101,browj109,SDN
SDN197705070,SDN,MON,2,0,,N,stand101,sawyr101,MON
SDN197705230,SDN,ATL,0,0,,N,caprb101,tomld001,ATL
SDN197705240,SDN,ATL,0,0,,N,sawyr101,lacof001,SDN
SDN197705250,SDN,ATL,1,0,,N,grift101,eastj001,SDN
SDN197705260,SDN,ATL,1,2,,D,messa101,grift101,ATL
SDN197705270,SDN,HOU,0,0,,N,mclab101,sawyr101,HOU
SDN197705280,SDN,HOU,0,0,,N,shirb001,bannf001,SDN
SDN197705290,SDN,HOU,0,0,,D,spild001,lemom101,SDN
SDN197706140,SDN,CHN,0,0,,N,moord001,fingr001,CHN
SDN197706150,SDN,CHN,0,0,,N,reusr001,owchb001,CHN
SDN197706160,SDN,CHN,3,0,,N,shirb001,burrr001,SDN
SDN197706170,SDN,SLN,0,1,,N,dacqj101,dennj001,SDN
SDN197706180,SDN,SLN,0,0,,N,grift101,rasme101,SDN
SDN197706190,SDN,SLN,5,0,,D,owchb001,forsb001,SDN
SDN197706200,SDN,PIT,0,0,,N,tekuk001,shirb001,PIT
SDN197706210,SDN,PIT,0,1,,N,candj001,tomld001,PIT
SDN197706220,SDN,PIT,0,0,,N,reusj001,grift101,PIT
SDN197707010,SDN,CIN,0,0,,N,normf101,shirb001,CIN
SDN197707020,SDN,CIN,0,2,,N,murrd001,owchb001,CIN
SDN197707030,SDN,CIN,0,3,,D,spild001,billj101,SDN
SDN197707040,SDN,HOU,0,0,,N,niekj001,grift101,HOU
SDN197707050,SDN,HOU,2,0,,N,fingr001,niekj001,SDN
SDN197707110,SDN,SFN,0,0,,N,knepb001,shirb001,SFN
SDN197707120,SDN,SFN,2,0,,N,owchb001,barrj101,SDN
SDN197707130,SDN,SFN,0,3,,N,halie101,grift101,SFN
SDN197707150,SDN,LAN,0,0,,N,spild001,rhodr001,SDN
SDN197707160,SDN,LAN,0,0,,N,johnt001,owchb001,LAN
SDN197707170,SDN,LAN,0,0,,D,rau-d101,shirb001,LAN
SDN197707210,SDN,NYN,1,0,,N,fingr001,locks101,SDN
SDN197707220,SDN,NYN,0,0,,N,matlj101,grift101,NYN
SDN197707230,SDN,NYN,0,2,,N,tomld001,locks101,SDN
SDN197707240,SDN,PHI,2,1,,D,kaatj101,owchb001,PHI
SDN197707250,SDN,PHI,3,0,,N,mcgrt001,spild001,PHI
SDN197707261,SDN,MON,3,0,,N,freid101,kerrj101,SDN
SDN197707262,SDN,MON,1,0,,N,stand101,spild001,MON
SDN197707270,SDN,MON,0,0,,N,grift101,bahns101,SDN
SDN197707280,SDN,MON,0,0,,D,kerrj101,owchb001,MON
SDN197708101,SDN,ATL,3,0,,N,joner101,niekp001,SDN
SDN197708102,SDN,ATL,0,0,,N,sawyr101,theid101,SDN
SDN197708110,SDN,ATL,0,0,,N,sawyr101,hannp101,SDN
SDN197708120,SDN,HOU,0,0,,N,fingr001,forsk001,SDN
SDN197708140,SDN,HOU,0,0,,D,niekj001,freid101,HOU
SDN197708260,SDN,PIT,0,0,,N,kisob001,owchb001,PIT
SDN197708270,SDN,PIT,0,1,,N,reusj001,joner101,PIT
SDN197708280,SDN,PIT,0,2,,D,rookj101,shirb001,PIT
SDN197708290,SDN,SLN,0,3,,N,freid101,hraba101,SDN
SDN197708300,SDN,SLN,4,2,,N,owchb001,rasme101,SDN
SDN197708310,SDN,SLN,0,0,,N,shirb001,undet001,SDN
SDN197709020,SDN,CHN,0,0,,N,joner101,krukm001,SDN
SDN197709030,SDN,CHN,0,0,,N,spild001,reusr001,SDN
SDN197709040,SDN,CHN,0,0,,D,burrr001,spild001,CHN
SDN197709050,SDN,LAN,0,0,,N,owchb001,rau-d101,SDN
SDN197709060,SDN,LAN,0,0,,D,sosae101,spild001,LAN
SDN197709140,SDN,ATL,0,1,,N,spild001,hannp101,SDN
SDN197709150,SDN,ATL,3,0,,N,caprb101,fingr001,ATL
SDN197709160,SDN,HOU,0,2,,N,tomld001,niekj001,SDN
SDN197709170,SDN,HOU,0,3,,N,richj101,freid101,HOU
SDN197709200,SDN,CIN,0,2,,N,seavt001,owchb001,CIN
SDN197709210,SDN,CIN,0,0,,N,murrd001,fingr001,CIN
SDN197709220,SDN,CIN,1,0,,D,shirb001,capid101,SDN
SDN197709230,SDN,SFN,0,0,,N,heavd101,spild001,SFN
SDN197709240,SDN,SFN,1,0,,N,willc101,fingr001,SFN
SDN197709250,SDN,SFN,0,0,,D,owchb001,knepb001,SDN
SEA197704060,SEA,CAL,0,1,,N,tanaf001,segud101,CAL
SEA197704070,SEA,CAL,0,1,,N,ryann001,romoe101,CAL
SEA197704080,SEA,CAL,0,1,,N,laxtb101,verhj101,SEA
SEA197704090,SEA,CAL,0,0,,N,wheeg101,simpw101,SEA
SEA197704100,SEA,CAL,0,4,,D,tanaf001,abbog001,CAL
SEA197704110,SEA,MIN,0,0,,N,zahng001,segud101,MIN
SEA197704120,SEA,MIN,0,0,,N,schur101,laxtb101,MIN
SEA197704130,SEA,MIN,0,0,,N,moort101,burgt001,SEA
SEA197704140,SEA,MIN,0,0,,D,wheeg101,redfp101,SEA
SEA197704180,SEA,TEX,1,1,,N,thoms102,alexd001,SEA
SEA197704190,SEA,TEX,0,0,,N,lindp101,wheeg101,TEX
SEA197704200,SEA,TEX,0,0,,N,briln101,montj101,TEX
SEA197704220,SEA,KCA,1,0,,N,littm101,pagad101,KCA
SEA197704230,SEA,KCA,0,0,,D,leond001,segud101,KCA
SEA197704241,SEA,KCA,0,0,,D,colbj101,wheeg101,KCA
SEA197704242,SEA,KCA,1,0,,D,montj101,splip001,SEA
SEA197705110,SEA,NYA,1,2,,N,laxtb101,holtk101,SEA
SEA197705120,SEA,NYA,5,1,,N,moort101,huntj101,SEA
SEA197705130,SEA,BOS,5,1,,N,willj102,romoe101,BOS
SEA197705140,SEA,BOS,0,2,,N,stanb001,thoms102,BOS
SEA197705150,SEA,BOS,0,0,,D,lee-b101,joner102,BOS
SEA197705160,SEA,BAL,0,0,,N,abbog001,palmj001,SEA
SEA197705170,SEA,BAL,3,0,,N,romoe101,may-r101,SEA
SEA197706010,SEA,OAK,0,0,,N,medid101,abbog001,OAK
SEA197706020,SEA,OAK,0,0,,N,norrm101,poled101,OAK
SEA197706030,SEA,CLE,0,0,,N,ecked001,joner102,CLE
SEA197706040,SEA,CLE,2,1,,N,waitr001,kekim101,CLE
SEA197706050,SEA,CLE,1,0,,D,montj101,bibbj001,SEA
SEA197706070,SEA,DET,0,0,,N,rozed001,abbog001,DET
SEA197706080,SEA,DET,0,0,,N,kekim101,hillj101,SEA
SEA197706090,SEA,DET,0,0,,N,romoe101,sykeb101,SEA
SEA197706100,SEA,TOR,0,0,,N,lemad101,montj101,TOR
SEA197706110,SEA,TOR,1,0,,N,johnj104,romoe101,TOR
SEA197706120,SEA,TOR,1,0,,D,poled101,vuckp001,SEA
SEA197706140,SEA,OAK,0,0,,N,torrp101,houst101,OAK
SEA197706150,SEA,OAK,2,0,,N,kekim101,torrp101,SEA
SEA197706160,SEA,OAK,0,0,,D,abbog001,langr001,SEA
SEA197707010,SEA,MIL,0,1,,N,haasm001,wheeg101,MIL
SEA197707020,SEA,MIL,0,0,,N,abbog001,slatj001,SEA
SEA197707030,SEA,MIL,1,0,,D,auguj001,poled101,MIL
SEA197707040,SEA,CHA,0,0,,N,barrf101,montj101,CHA
SEA197707050,SEA,CHA,0,0,,N,stons101,houst101,CHA
SEA197707060,SEA,CHA,0,0,,N,woodw103,wheeg101,CHA
SEA197707210,SEA,OAK,0,0,,N,abbog001,langr001,SEA
SEA197707220,SEA,OAK,0,1,,N,bluev001,poled101,OAK
SEA197707230,SEA,OAK,1,0,,D,wheeg101,norrm101,SEA
SEA197707241,SEA,CAL,0,1,,D,hartp001,houst101,CAL
SEA197707242,SEA,CAL,0,0,,D,simpw101,galab101,CAL
SEA197707250,SEA,CAL,0,0,,N,ryann001,poled101,CAL
SEA197707260,SEA,MIN,3,0,,N,abbog001,thorp101,SEA
SEA197707270,SEA,MIN,0,0,,N,redfp101,houst101,MIN
SEA197707280,SEA,MIN,3,1,,D,wheeg101,zahng001,SEA
SEA197707290,SEA,BAL,0,0,,N,dragd101,kekim101,BAL
SEA197707300,SEA,BAL,0,0,,N,martd001,montj101,BAL
SEA197707310,SEA,BAL,2,1,,D,abbog001,palmj001,SEA
SEA197708020,SEA,BOS,0,0,,N,campb001,montj101,BOS
SEA197708030,SEA,BOS,2,1,,N,paxtm101,wheeg101,BOS
SEA197708050,SEA,NYA,0,0,,N,poled101,figue101,SEA
SEA197708060,SEA,NYA,5,0,,N,abbog001,huntj101,SEA
SEA197708070,SEA,NYA,0,0,,D,torrm001,montj101,NYA
SEA197708190,SEA,DET,0,3,,N,rozed001,poled101,DET
SEA197708200,SEA,DET,0,0,,N,wilcm001,abbog001,DET
SEA197708210,SEA,DET,0,0,,D,crawj102,mitcp101,DET
SEA197708221,SEA,CLE,0,2,,N,bibbj001,galab101,CLE
SEA197708222,SEA,CLE,0,0,,N,montj101,garlw101,SEA
SEA197708241,SEA,TOR,0,0,,N,garvj101,poled101,TOR
SEA197708242,SEA,TOR,3,0,,N,jeffj101,abbog001,TOR
SEA197709050,SEA,KCA,1,0,,N,colbj101,poled101,KCA
SEA197709060,SEA,KCA,0,3,,N,splip001,honer001,KCA
SEA197709070,SEA,KCA,1,2,,N,littm101,romoe101,KCA
SEA197709080,SEA,KCA,0,0,,N,leond001,montj101,KCA
SEA197709090,SEA,TEX,0,1,,N,houst101,perrg101,SEA
SEA197709101,SEA,TEX,0,1,,N,alexd001,mitcp101,TEX
SEA197709102,SEA,TEX,0,0,,N,morer101,kekim101,TEX
SEA197709110,SEA,TEX,0,1,,D,romoe101,lindp101,SEA
SEA197709130,SEA,MIL,0,0,,N,bearg101,abbog001,MIL
SEA197709140,SEA,MIL,0,0,,N,rodre102,erarg101,MIL
SEA197709220,SEA,CHA,0,0,,N,renks101,burks102,CHA
SEA197709230,SEA,CHA,0,0,,N,houst101,barrf101,SEA
SEA197709240,SEA,CHA,0,5,,N,kravk101,segud101,CHA
SEA197709250,SEA,CHA,0,0,,D,medid101,stons101,SEA
SFN197704150,SFN,LAN,0,2,,D,rau-d101,halie101,LAN
SFN197704160,SFN,LAN,0,1,,D,hootb001,mcgll101,LAN
SFN197704170,SFN,LAN,2,0,,D,hougc001,moffr101,LAN
SFN197704260,SFN,HOU,2,0,,N,sambj001,willc101,HOU
SFN197704270,SFN,HOU,0,1,,N,moffr101,richj101,SFN
SFN197704280,SFN,HOU,0,0,,D,anduj001,montj001,HOU
SFN197704290,SFN,PHI,0,3,,N,carls001,barrj101,PHI
SFN197704300,SFN,PHI,0,0,,D,lercr001,halie101,PHI
SFN197705010,SFN,PHI,0,0,,D,chril101,mcgll101,PHI
SFN197705030,SFN,MON,0,1,,N,stand101,montj001,MON
SFN197705040,SFN,MON,2,0,,D,barrj101,hanng101,SFN
SFN197705050,SFN,MON,0,0,,D,roges001,halie101,MON
SFN197705060,SFN,NYN,0,0,,N,mcgll101,swanc001,SFN
SFN197705070,SFN,NYN,0,1,,D,koosj001,montj001,NYN
SFN197705081,SFN,NYN,0,0,,D,barrj101,espin101,SFN
SFN197705082,SFN,NYN,3,0,,D,curtj001,matlj101,SFN
SFN197705250,SFN,CIN,5,0,,N,willc101,humet001,SFN
SFN197705260,SFN,CIN,1,0,,N,laveg001,borbp101,SFN
SFN197705270,SFN,ATL,0,0,,N,willc101,caprb101,SFN
SFN197705280,SFN,ATL,0,0,,D,eastj001,halie101,ATL
SFN197705290,SFN,ATL,0,0,,D,laveg001,campd102,SFN
SFN197705301,SFN,SDN,0,0,,D,sawyr101,mcgll101,SDN
SFN197705302,SFN,SDN,1,0,,D,wehrd001,moffr101,SDN
SFN197705310,SFN,SDN,1,0,,N,tomld001,barrj101,SDN
SFN197706010,SFN,SDN,0,0,,D,halie101,shirb001,SFN
SFN197706140,SFN,SLN,1,0,,N,halie101,forsb001,SFN
SFN197706150,SFN,SLN,0,0,,N,urrej101,moffr101,SLN
SFN197706160,SFN,SLN,1,0,,D,barrj101,dierl101,SFN
SFN197706170,SFN,PIT,0,0,,N,heavd101,reusj001,SFN
SFN197706180,SFN,PIT,0,0,,D,moffr101,forst001,SFN
SFN197706191,SFN,PIT,1,0,,D,knepb001,rookj101,SFN
SFN197706192,SFN,PIT,5,0,,N,heavd101,jackg101,SFN
SFN197706200,SFN,CHN,0,0,,N,moord001,cornt101,CHN
SFN197706210,SFN,CHN,0,1,,N,krukm001,curtj001,CHN
SFN197706220,SFN,CHN,0,1,,D,bonhb101,halie101,CHN
SFN197707010,SFN,LAN,0,0,,N,rau-d101,willc101,LAN
SFN197707020,SFN,LAN,0,4,,N,hootb001,knepb001,LAN
SFN197707030,SFN,LAN,0,4,,D,johnt001,barrj101,LAN
SFN197707040,SFN,LAN,0,0,,D,suttd001,halie101,LAN
SFN197707060,SFN,SDN,1,0,,N,spild001,heavd101,SDN
SFN197707070,SFN,SDN,1,0,,N,knepb001,owchb001,SFN
SFN197707080,SFN,ATL,1,0,,N,laveg001,niekp001,SFN
SFN197707090,SFN,ATL,3,0,,D,moffr101,eastj001,SFN
SFN197707101,SFN,ATL,0,0,,D,willc101,ruthd001,SFN
SFN197707102,SFN,ATL,0,0,,D,heavd101,soloe101,SFN
SFN197707210,SFN,PHI,0,0,,N,lonbj101,willc101,PHI
SFN197707220,SFN,PHI,1,0,,N,montj001,carls001,SFN
SFN197707230,SFN,PHI,1,0,,D,chril101,knepb001,PHI
SFN197707241,SFN,MON,0,0,,D,barrj101,twitw101,SFN
SFN197707242,SFN,MON,0,0,,D,curtj001,mcenw101,SFN
SFN197707250,SFN,MON,0,0,,N,roges001,halie101,MON
SFN197707260,SFN,NYN,0,0,,N,zachp001,montj001,NYN
SFN197707270,SFN,NYN,0,0,,D,matlj101,knepb001,NYN
SFN197708091,SFN,HOU,0,0,,N,barrj101,niekj001,SFN
SFN197708092,SFN,HOU,2,0,,N,knepb001,pentg101,SFN
SFN197708100,SFN,HOU,0,1,,N,richj101,mcgll101,HOU
SFN197708110,SFN,HOU,0,0,,D,larsd101,laveg001,HOU
SFN197708120,SFN,CIN,1,0,,N,montj001,sotom001,SFN
SFN197708130,SFN,CIN,0,0,,D,murrd001,barrj101,CIN
SFN197708141,SFN,CIN,0,0,,D,knepb001,capid101,SFN
SFN197708142,SFN,CIN,0,0,,D,normf101,willc101,CIN
SFN197708260,SFN,CHN,0,0,,N,reusr001,barrj101,CHN
SFN197708270,SFN,CHN,0,1,,D,knepb001,burrr001,SFN
SFN197708280,SFN,CHN,0,0,,D,halie101,robed101,SFN
SFN197708300,SFN,PIT,0,2,,N,candj001,montj001,PIT
SFN197708310,SFN,PIT,3,0,,D,barrj101,kisob001,SFN
SFN197709020,SFN,SLN,0,0,,N,schub104,moffr101,SLN
SFN197709030,SFN,SLN,0,0,,D,heavd101,falcp001,SFN
SFN197709040,SFN,SLN,1,0,,D,urrej101,montj001,SLN
SFN197709120,SFN,ATL,0,0,,N,niekp001,willc101,ATL
SFN197709130,SFN,ATL,1,3,,N,moffr101,campd102,SFN
SFN197709140,SFN,HOU,0,0,,N,knepb001,niekj001,SFN
SFN197709150,SFN,HOU,0,1,,D,pentg101,halie101,HOU
SFN197709160,SFN,CIN,0,0,,N,capid101,mintg001,CIN
SFN197709170,SFN,CIN,1,0,,D,borbp101,moffr101,CIN
SFN197709180,SFN,CIN,0,0,,D,knepb001,borbp101,SFN
SFN197709200,SFN,LAN,0,0,,N,johnt001,halie101,LAN
SFN197709210,SFN,LAN,1,2,,N,mintg001,hougc001,SFN
SFN197709300,SFN,SDN,0,0,,N,knepb001,freid101,SFN
SFN197710010,SFN,SDN,8,0,,D,halie101,owchb001,SFN
SFN197710020,SFN,SDN,0,0,,D,shirb001,barrj101,SDN
SLN197704150,SLN,PIT,0,0,,N,rookj101,falcp001,PIT
SLN197704160,SLN,PIT,0,0,,D,candj001,rasme101,PIT
SLN197704170,SLN,PIT,0,1,,D,dennj001,reusj001,SLN
SLN197704180,SLN,NYN,0,0,,N,forsb001,swanc001,SLN
SLN197704190,SLN,NYN,0,0,,N,koosj001,falcp001,NYN
SLN197704200,SLN,NYN,0,0,,D,rasme101,matlj101,SLN
SLN197704290,SLN,ATL,4,0,,N,forsb001,niekp001,SLN
SLN197704300,SLN,ATL,1,0,,N,urrej101,campr001,SLN
SLN197705010,SLN,ATL,2,0,,D,rasme101,ruthd001,SLN
SLN197705060,SLN,HOU,0,0,,N,falcp001,mclab101,SLN
SLN197705070,SLN,HOU,0,0,,N,sambj001,urrej101,HOU
SLN197705080,SLN,HOU,0,1,,D,schub104,lemom101,SLN
SLN197705090,SLN,CIN,1,0,,N,hraba101,murrd001,SLN
SLN197705100,SLN,CIN,0,0,,N,nolag101,falcp001,CIN
SLN197705110,SLN,CIN,1,1,,N,billj101,rasme101,CIN
SLN197705120,SLN,CIN,0,1,,D,schub104,zachp001,SLN
SLN197705200,SLN,SFN,3,2,,N,laveg001,hraba101,SFN
SLN197705210,SLN,SFN,2,0,,D,dennj001,montj001,SLN
SLN197705220,SLN,SFN,0,1,,D,barrj101,dierl101,SFN
SLN197705230,SLN,SFN,0,5,,N,halie101,rasme101,SFN
SLN197705240,SLN,PHI,0,1,,N,forsb001,kaatj101,SLN
SLN197705250,SLN,PHI,0,0,,N,carls001,falcp001,PHI
SLN197705260,SLN,PHI,1,1,,D,metzb101,reedr001,SLN
SLN197705270,SLN,MON,0,0,,N,dierl101,alcas101,SLN
SLN197705280,SLN,MON,0,2,,N,rasme101,stand101,SLN
SLN197705290,SLN,MON,1,8,,D,wartd101,forsb001,MON
SLN197705300,SLN,CHN,0,0,,D,falcp001,krukm001,SLN
SLN197705310,SLN,CHN,3,0,,N,dennj001,bonhb101,SLN
SLN197706010,SLN,CHN,0,0,,N,hernw001,schub104,CHN
SLN197706060,SLN,SDN,0,0,,N,carrc103,tomld001,SLN
SLN197706070,SLN,SDN,2,3,,N,owchb001,dierl101,SDN
SLN197706080,SLN,SDN,0,0,,N,rasme101,joner101,SLN
SLN197706090,SLN,LAN,0,0,,N,forsb001,rhodr001,SLN
SLN197706100,SLN,LAN,2,0,,N,carrc103,walls101,SLN
SLN197706110,SLN,LAN,0,1,,N,garmm101,dennj001,LAN
SLN197706120,SLN,LAN,0,1,,D,rasme101,johnt001,SLN
SLN197706240,SLN,PHI,5,0,,N,rasme101,lonbj101,SLN
SLN197706250,SLN,PHI,0,0,,N,forsb001,carls001,SLN
SLN197706260,SLN,PHI,0,0,,D,kaatj101,dierl101,PHI
SLN197706270,SLN,PIT,2,1,,N,falcp001,reusj001,SLN
SLN197706281,SLN,PIT,0,1,,N,schub104,forst001,SLN
SLN197706282,SLN,PIT,1,1,,N,undet001,jackg101,SLN
SLN197706290,SLN,PIT,0,2,,N,kisob001,rasme101,PIT
SLN197706300,SLN,CHN,0,0,,N,eastr101,hernw001,SLN
SLN197707010,SLN,CHN,2,0,,N,dierl101,krukm001,SLN
SLN197707020,SLN,CHN,4,0,,N,falcp001,bonhb101,SLN
SLN197707030,SLN,CHN,0,0,,D,suttb001,rasme101,CHN
SLN197707210,SLN,HOU,0,0,,N,forsb001,richj101,SLN
SLN197707220,SLN,HOU,0,0,,N,lemom101,carrc103,HOU
SLN197707230,SLN,HOU,0,0,,N,eastr101,mclab101,SLN
SLN197707240,SLN,CIN,0,0,,D,rasme101,moskp101,SLN
SLN197707250,SLN,CIN,0,0,,N,schub104,billj101,SLN
SLN197707260,SLN,ATL,3,0,,N,forsb001,ruthd001,SLN
SLN197707270,SLN,ATL,0,0,,N,hraba101,campr001,SLN
SLN197707280,SLN,ATL,1,0,,N,urrej101,caprb101,SLN
SLN197708120,SLN,MON,1,0,,N,hraba101,mcenw101,SLN
SLN197708130,SLN,MON,0,0,,N,metzb101,stand101,SLN
SLN197708140,SLN,MON,0,1,,D,roges001,rasme101,MON
SLN197708150,SLN,NYN,0,3,,N,swanc001,dennj001,NYN
SLN197708160,SLN,NYN,1,0,,N,zachp001,undet001,NYN
SLN197708170,SLN,NYN,0,0,,N,forsb001,koosj001,SLN
SLN197708190,SLN,SDN,5,0,,N,urrej101,freid101,SLN
SLN197708200,SLN,SDN,0,0,,N,rasme101,joner101,SLN
SLN197708210,SLN,SDN,0,5,,D,owchb001,undet001,SDN
SLN197708220,SLN,LAN,0,0,,N,hraba101,hougc001,SLN
SLN197708230,SLN,LAN,1,0,,N,forsb001,suttd001,SLN
SLN197708240,SLN,SFN,2,1,,N,urrej101,halie101,SLN
SLN197708250,SLN,SFN,1,0,,N,montj001,metzb101,SFN
SLN197709120,SLN,CHN,0,0,,N,suttj101,suttb001,SLN
SLN197709130,SLN,CHN,0,0,,N,forsb001,burrr001,SLN
SLN197709151,SLN,PIT,0,0,,N,candj001,rasme101,PIT
SLN197709152,SLN,PIT,1,0,,N,suttj101,demel101,SLN
SLN197709160,SLN,PHI,2,2,,N,brusw001,dennj001,PHI
SLN197709170,SLN,PHI,0,4,,D,chril101,undet001,PHI
SLN197709180,SLN,PHI,0,0,,D,forsb001,kaatj101,SLN
SLN197709260,SLN,MON,0,0,,N,stand101,eastr101,MON
SLN197709270,SLN,MON,0,0,,N,forsb001,schad001,SLN
SLN197709280,SLN,MON,2,0,,N,roges001,urrej101,MON
SLN197709301,SLN,NYN,0,0,,N,dennj001,toddj101,SLN
SLN197709302,SLN,NYN,2,2,,N,matlj101,falcp001,NYN
SLN197710011,SLN,NYN,0,0,,D,espin101,rasme101,NYN
SLN197710012,SLN,NYN,0,0,,D,undet001,jackr003,SLN
SLN197710020,SLN,NYN,0,4,,D,zachp001,forsb001,NYN
TEX197704110,TEX,CLE,0,0,,N,devia101,larod101,TEX
TEX197704130,TEX,CLE,0,1,,N,ecked001,boggt001,CLE
TEX197704171,TEX,BAL,0,2,,D,palmj001,blylb001,BAL
TEX197704172,TEX,BAL,0,1,,D,grimr101,perrg101,BAL
TEX197704210,TEX,MIN,1,0,,N,zahng001,perrg101,MIN
TEX197704220,TEX,MIN,0,1,,N,johnt103,blylb001,MIN
TEX197704230,TEX,MIN,0,0,,N,alexd001,goltd101,TEX
TEX197704240,TEX,MIN,0,0,,D,redfp101,boggt001,MIN
TEX197705060,TEX,KCA,0,0,,N,alexd001,gural001,TEX
TEX197705070,TEX,KCA,0,0,,N,littm101,devia101,KCA
TEX197705080,TEX,KCA,2,0,,D,blylb001,pattm101,TEX
TEX197705090,TEX,CHA,1,0,,N,bretk101,lindp101,CHA
TEX197705100,TEX,CHA,0,0,,N,devia101,hamid101,TEX
TEX197705110,TEX,CHA,0,1,,N,knapc101,lindp101,CHA
TEX197705170,TEX,DET,0,1,,N,alexd001,rozed001,TEX
TEX197705180,TEX,DET,0,3,,N,perrg101,hillj101,TEX
TEX197705200,TEX,TOR,0,0,,N,garvj101,blylb001,TOR
TEX197705210,TEX,TOR,0,0,,N,jeffj101,briln101,TOR
TEX197705220,TEX,TOR,1,0,,N,alexd001,lemad101,TEX
TEX197705301,TEX,SEA,1,0,,N,romoe101,blylb001,SEA
TEX197705302,TEX,SEA,0,0,,N,montj101,perrg101,SEA
TEX197706010,TEX,BOS,0,0,,N,paxtm101,alexd001,BOS
TEX197706020,TEX,BOS,0,0,,N,knowd101,jenkf101,TEX
TEX197706030,TEX,MIL,2,0,,N,hargs101,auguj001,TEX
TEX197706040,TEX,MIL,0,0,,N,castb101,blylb001,MIL
TEX197706050,TEX,MIL,2,1,,N,perrg101,slatj001,TEX
TEX197706060,TEX,NYA,0,0,,N,huntj101,alexd001,NYA
TEX197706070,TEX,NYA,0,0,,N,lindp101,figue101,TEX
TEX197706080,TEX,CHA,0,1,,N,blylb001,kravk101,TEX
TEX197706090,TEX,CHA,0,0,,N,andel101,devia101,CHA
TEX197706171,TEX,SEA,0,0,,N,poled101,marsm101,SEA
TEX197706172,TEX,SEA,4,0,,N,briln101,wheeg101,TEX
TEX197706180,TEX,SEA,0,0,,N,joner102,blylb001,SEA
TEX197706190,TEX,SEA,0,0,,N,romoe101,perrg101,SEA
TEX197707040,TEX,KCA,0,0,,N,colbj101,perrg101,KCA
TEX197707050,TEX,KCA,0,0,,N,gural001,blylb001,KCA
TEX197707060,TEX,OAK,1,1,,N,alexd001,laceb001,TEX
TEX197707070,TEX,OAK,0,1,,N,morer101,norrm101,TEX
TEX197707080,TEX,CAL,3,0,,N,ellid101,ryann001,TEX
TEX197707090,TEX,CAL,1,0,,N,perrg101,simpw101,TEX
TEX197707100,TEX,CAL,0,0,,N,blylb001,bretk101,TEX
TEX197707120,TEX,BAL,0,3,,N,alexd001,dragd101,TEX
TEX197707130,TEX,BAL,0,0,,N,palmj001,ellid101,BAL
TEX197707140,TEX,BAL,1,2,,N,grimr101,perrg101,BAL
TEX197707151,TEX,CLE,3,0,,N,blylb001,bibbj001,TEX
TEX197707152,TEX,CLE,1,0,,N,barkl001,dobsp101,TEX
TEX197707160,TEX,CLE,0,0,,N,alexd001,kernj001,TEX
TEX197707170,TEX,CLE,0,1,,N,garlw101,ellid101,CLE
TEX197707290,TEX,DET,0,0,,N,rozed001,alexd001,DET
TEX197707300,TEX,DET,0,0,,N,lindp101,hillj101,TEX
TEX197707310,TEX,DET,2,0,,N,devia101,crawj102,TEX
TEX197708081,TEX,OAK,3,1,,N,blylb001,umbaj101,TEX
TEX197708082,TEX,OAK,0,0,,N,morer101,medid101,TEX
TEX197708100,TEX,KCA,0,0,,N,leond001,perrg101,KCA
TEX197708110,TEX,KCA,0,0,,N,alexd001,colbj101,TEX
TEX197708120,TEX,CHA,0,0,,N,knowd101,lagrl101,TEX
TEX197708130,TEX,CHA,1,0,,N,stons101,blylb001,CHA
TEX197708140,TEX,CHA,3,6,,N,lindp101,johnb105,TEX
TEX197708170,TEX,TOR,0,2,,N,devia101,willm101,TEX
TEX197708180,TEX,TOR,1,0,,N,ellid101,clanj001,TEX
TEX197708190,TEX,NYA,0,0,,N,torrm001,morer101,NYA
TEX197708200,TEX,NYA,1,0,,N,tidrd001,perrg101,NYA
TEX197708210,TEX,NYA,0,0,,N,guidr001,alexd001,NYA
TEX197708220,TEX,MIL,2,2,,N,devia101,rodre102,TEX
TEX197708230,TEX,MIL,1,1,,N,caldm001,ellid101,MIL
TEX197709020,TEX,BOS,0,0,,N,blylb001,jenkf101,TEX
TEX197709030,TEX,BOS,0,0,,N,paxtm101,ellid101,BOS
TEX197709040,TEX,BOS,0,1,,N,wiser101,perrg101,BOS
TEX197709120,TEX,CAL,0,0,,N,ellid101,ryann001,TEX
TEX197709130,TEX,CAL,0,0,,N,barlm101,umbaj101,CAL
TEX197709140,TEX,CAL,0,0,,N,alexd001,bretk101,TEX
TEX197709150,TEX,CAL,4,1,,N,briln101,canej101,TEX
TEX197709160,TEX,MIN,1,0,,N,johnt103,morer101,MIN
TEX197709170,TEX,MIN,1,0,,N,barkl001,carrd104,TEX
TEX197709181,TEX,MIN,2,0,,D,perrg101,thorp101,TEX
TEX197709182,TEX,MIN,1,0,,D,umbaj101,goltd101,TEX
TEX197709280,TEX,SEA,0,0,,N,perrg101,abbog001,TEX
TEX197709290,TEX,SEA,0,0,,N,mitcp101,alexd001,SEA
TEX197709300,TEX,OAK,0,0,,N,ellid101,torrp101,TEX
TEX197710010,TEX,OAK,2,2,,N,devia101,baird001,TEX
TEX197710020,TEX,OAK,0,0,,D,poloj101,keoum001,TEX
TOR197704070,TOR,CHA,1,2,,D,johnj104,bretk101,TOR
TOR197704090,TOR,CHA,0,0,,D,knapc101,lemad101,CHA
TOR197704100,TOR,CHA,0,1,,D,garvj101,stons101,TOR
TOR197704110,TOR,DET,0,0,,D,hargs101,hillj101,TOR
TOR197704120,TOR,DET,0,1,,D,robed101,singb101,DET
TOR197704130,TOR,DET,0,0,,D,lemad101,arrof001,TOR
TOR197704140,TOR,DET,0,0,,D,garvj101,hillj101,TOR
TOR197704240,TOR,BOS,0,2,,D,jenkf101,singb101,BOS
TOR197704251,TOR,BOS,0,0,,D,vuckp001,campb001,TOR
TOR197704252,TOR,BOS,2,0,,D,willj102,vuckp001,BOS
TOR197705020,TOR,MIL,0,1,,N,haasm001,hargs101,MIL
TOR197705030,TOR,MIL,0,0,,N,cortb101,jeffj101,MIL
TOR197705040,TOR,MIL,1,0,,N,singb101,slatj001,TOR
TOR197705050,TOR,MIL,0,2,,N,vuckp001,castb101,TOR
TOR197705060,TOR,MIN,0,0,,N,zahng001,lemad101,MIN
TOR197705070,TOR,MIN,0,3,,D,thorp101,hargs101,MIN
TOR197705080,TOR,MIN,0,1,,D,goltd101,jeffj101,MIN
TOR197705090,TOR,SEA,0,0,,N,singb101,thoms102,TOR
TOR197705100,TOR,SEA,0,0,,N,garvj101,montj101,TOR
TOR197705230,TOR,OAK,0,0,,N,langr001,vuckp001,OAK
TOR197705250,TOR,OAK,0,1,,N,giusd101,garvj101,OAK
TOR197705270,TOR,CAL,1,0,,N,rossg102,johnj104,CAL
TOR197705280,TOR,CAL,1,0,,D,jeffj101,simpw101,TOR
TOR197705290,TOR,CAL,1,0,,D,ryann001,lemad101,CAL
TOR197705300,TOR,KCA,0,0,,N,splip001,garvj101,KCA
TOR197706010,TOR,KCA,0,0,,N,leond001,singb101,KCA
TOR197706170,TOR,BAL,0,1,,N,martd001,vuckp001,BAL
TOR197706180,TOR,BAL,0,0,,N,palmj001,jeffj101,BAL
TOR197706190,TOR,BAL,0,0,,D,lemad101,flanm001,TOR
TOR197706200,TOR,CLE,0,0,,N,dobsp101,willm101,CLE
TOR197706210,TOR,CLE,0,0,,N,waitr001,garvj101,CLE
TOR197706220,TOR,CLE,0,0,,N,kernj001,johnj104,CLE
TOR197706230,TOR,CLE,0,1,,N,garlw101,jeffj101,CLE
TOR197706270,TOR,NYA,0,1,,N,jeffj101,guidr001,TOR
TOR197706281,TOR,NYA,2,1,,N,lemad101,clayk101,TOR
TOR197706282,TOR,NYA,0,0,,N,tidrd001,johnj104,NYA
TOR197706300,TOR,NYA,0,0,,N,huntj101,garvj101,NYA
TOR197707010,TOR,TEX,0,2,,N,alexd001,byrdj101,TEX
TOR197707020,TOR,TEX,0,1,,D,vuckp001,barkl001,TOR
TOR197707031,TOR,TEX,0,0,,D,ellid101,willm101,TEX
TOR197707032,TOR,TEX,0,0,,D,jeffj101,knowd101,TOR
TOR197707150,TOR,DET,0,0,,N,vuckp001,crawj102,TOR
TOR197707160,TOR,DET,0,0,,D,rozed001,willm101,DET
TOR197707171,TOR,DET,0,0,,D,jeffj101,arrof001,TOR
TOR197707172,TOR,DET,2,0,,D,hillj101,lemad101,DET
TOR197707220,TOR,CHA,0,0,,N,woodw103,garvj101,CHA
TOR197707230,TOR,CHA,0,0,,D,kravk101,lemad101,CHA
TOR197707260,TOR,TEX,0,2,,N,blylb001,clanj001,TEX
TOR197707280,TOR,TEX,0,1,,N,perrg101,garvj101,TEX
TOR197707290,TOR,MIL,0,0,,N,haasm001,jeffj101,MIL
TOR197707300,TOR,MIL,0,0,,N,slatj001,byrdj101,MIL
TOR197707310,TOR,MIL,1,0,,D,lemad101,auguj001,TOR
TOR197708010,TOR,MIL,0,0,,N,clanj001,sorel001,TOR
TOR197708090,TOR,MIN,0,0,,N,jeffj101,thorp101,TOR
TOR197708110,TOR,MIN,0,0,,N,goltd101,byrdj101,MIN
TOR197708120,TOR,KCA,0,0,,N,pattm101,lemad101,KCA
TOR197708130,TOR,KCA,2,0,,N,splip001,clanj001,KCA
TOR197708140,TOR,KCA,0,0,,D,murpt101,leond001,TOR
TOR197708150,TOR,CAL,2,1,,N,tanaf001,jeffj101,CAL
TOR197708160,TOR,CAL,0,0,,N,hartp001,byrdj101,CAL
TOR197708260,TOR,OAK,2,0,,N,torrp101,byrdj101,OAK
TOR197708270,TOR,OAK,0,3,,D,medid101,lemad101,OAK
TOR197708280,TOR,OAK,0,0,,D,bluev001,clanj001,OAK
TOR197709020,TOR,SEA,0,0,,D,abbog001,lemad101,SEA
TOR197709030,TOR,SEA,0,0,,D,montj101,jeffj101,SEA
TOR197709040,TOR,SEA,0,2,,D,mitcp101,garvj101,SEA
TOR197709051,TOR,BOS,0,0,,N,aased001,byrdj101,BOS
TOR197709052,TOR,BOS,0,0,,N,clevr101,clanj001,BOS
TOR197709060,TOR,BOS,0,4,,N,lee-b101,darrm101,BOS
TOR197709070,TOR,BOS,0,0,,N,lemad101,jenkf101,TOR
TOR197709080,TOR,BOS,0,0,,N,paxtm101,jeffj101,BOS
TOR197709120,TOR,BAL,0,1,,N,palmj001,lemad101,BAL
TOR197709141,TOR,BAL,0,0,,N,flanm001,jeffj101,BAL
TOR197709142,TOR,BAL,0,1,,N,may-r101,garvj101,BAL
TOR197709150,TOR,BAL,0,0,,N,clanj001,grimr101,TOR
TOR197709230,TOR,NYA,0,2,,N,gulld101,jeffj101,NYA
TOR197709251,TOR,NYA,0,3,,D,guidr001,garvj101,NYA
TOR197709252,TOR,NYA,0,0,,D,figue101,clanj001,NYA
TOR197710021,TOR,CLE,0,0,,D,lemad101,andel001,TOR
TOR197710022,TOR,CLE,0,4,,D,campc102,clanj001,CLE
