game_id,hometeam,visteam,home_first_inning_runs,visiting_first_inning_runs,home_pitcher,away_pitcher,wp,lp,winner
ATL199004111,ATL,SFN,0,0,,N,reusr001,glavt001,SFN
ATL199004112,ATL,SFN,0,0,,N,smitp001,swanr001,ATL
ATL199004120,ATL,SFN,0,0,,D,lacom001,smolj001,SFN
ATL199004130,ATL,CIN,0,1,,N,browt001,lilld001,CIN
ATL199004150,ATL,CIN,0,2,,D,birtt001,glavt001,CIN
ATL199004160,ATL,CIN,0,3,,N,armsj001,smitp001,CIN
ATL199004260,ATL,HOU,0,0,,N,clanj001,lilld001,HOU
ATL199004270,ATL,PHI,0,1,,N,cookd001,stanm003,PHI
ATL199004280,ATL,PHI,1,0,,N,parrj001,boevj001,PHI
ATL199004290,ATL,PHI,0,1,,D,smitp001,combp001,ATL
ATL199004300,ATL,NYN,0,0,,N,smolj001,coned001,ATL
ATL199005010,ATL,NYN,1,0,,N,lilld001,darlr001,ATL
ATL199005140,ATL,CHN,0,1,,N,henrd001,willm002,ATL
ATL199005150,ATL,CHN,0,2,,N,picoj001,smitp001,CHN
ATL199005160,ATL,CHN,0,0,,N,smolj001,maddg002,ATL
ATL199005170,ATL,PIT,0,0,,N,lilld001,heatn001,ATL
ATL199005180,ATL,PIT,0,0,,N,walkb001,clarm001,PIT
ATL199005190,ATL,PIT,0,0,,N,glavt001,terrw001,ATL
ATL199005200,ATL,PIT,4,4,,N,smitp001,kippb001,ATL
ATL199005210,ATL,SLN,1,2,,N,boevj001,terrs001,ATL
ATL199005220,ATL,SLN,2,0,,N,delej001,lilld001,SLN
ATL199005280,ATL,MON,0,0,,D,grosk001,lilld001,MON
ATL199005300,ATL,MON,0,0,,N,schmd001,glavt001,MON
ATL199006080,ATL,SFN,3,0,,N,wilst002,lilld001,SFN
ATL199006090,ATL,SFN,1,0,,N,leibc001,hamma001,ATL
ATL199006100,ATL,SFN,1,4,,D,burkj001,smitp001,SFN
ATL199006110,ATL,SFN,0,0,,N,garrs001,smolj001,SFN
ATL199006191,ATL,CIN,0,0,,N,charn001,luecr001,CIN
ATL199006192,ATL,CIN,2,0,,N,leibc001,mahlr001,ATL
ATL199006200,ATL,CIN,0,0,,N,myerr001,luecr001,CIN
ATL199006210,ATL,CIN,0,0,,N,smolj001,dibbr001,ATL
ATL199006230,ATL,SDN,0,0,,N,white001,glavt001,SDN
ATL199006240,ATL,SDN,3,2,,D,luecr001,leffc001,ATL
ATL199006250,ATL,LAN,1,3,,N,martr002,leibc001,LAN
ATL199006260,ATL,LAN,2,1,,N,avers001,morgm001,ATL
ATL199006270,ATL,LAN,0,0,,N,smolj001,belct001,ATL
ATL199007050,ATL,NYN,3,0,,N,whitw001,heskj001,NYN
ATL199007060,ATL,NYN,0,0,,N,coned001,avers001,NYN
ATL199007070,ATL,NYN,0,0,,N,merck001,innij001,ATL
ATL199007080,ATL,NYN,0,1,,D,violf001,clarm001,NYN
ATL199007120,ATL,MON,0,0,,N,gardm001,glavt001,MON
ATL199007141,ATL,MON,0,2,,N,merck001,schmd001,ATL
ATL199007142,ATL,MON,0,0,,N,boydo001,leibc001,MON
ATL199007150,ATL,MON,2,0,,D,freys001,merck001,MON
ATL199007160,ATL,PHI,0,0,,N,mulht001,clarm001,PHI
ATL199007170,ATL,PHI,3,0,,N,glavt001,ruffb001,ATL
ATL199007180,ATL,PHI,0,1,,N,cookd001,smolj001,PHI
ATL199007230,ATL,HOU,0,0,,N,smolj001,scotm001,ATL
ATL199007241,ATL,HOU,0,0,,D,leibc001,deshj001,ATL
ATL199007242,ATL,HOU,1,0,,N,merck001,agosj001,ATL
ATL199007250,ATL,HOU,0,0,,N,darwd001,avers001,HOU
ATL199008071,ATL,SDN,0,1,,N,benea001,glavt001,SDN
ATL199008072,ATL,SDN,0,3,,N,showe001,clarm001,SDN
ATL199008080,ATL,SDN,0,0,,N,smolj001,rasmd001,ATL
ATL199008090,ATL,SDN,0,5,,N,hursb001,leibc001,SDN
ATL199008100,ATL,LAN,0,0,,N,avers001,morgm001,ATL
ATL199008110,ATL,LAN,2,1,,N,howej001,clarm001,LAN
ATL199008120,ATL,LAN,0,3,,D,neidj001,glavt001,LAN
ATL199008130,ATL,LAN,4,0,,N,smolj001,valef001,ATL
ATL199008230,ATL,HOU,0,0,,N,portm001,leibc001,HOU
ATL199008240,ATL,CHN,1,0,,N,avers001,maddg002,ATL
ATL199008250,ATL,CHN,0,4,,N,bielm001,glavt001,CHN
ATL199008260,ATL,CHN,0,0,,D,smolj001,willm002,ATL
ATL199008280,ATL,PIT,3,0,,N,leibc001,smilj001,ATL
ATL199008290,ATL,PIT,0,0,,N,drabd001,avers001,PIT
ATL199008300,ATL,SLN,0,0,,N,dipif001,henrd001,SLN
ATL199008310,ATL,SLN,0,0,,N,smolj001,delej001,ATL
ATL199009010,ATL,SLN,1,0,,N,castt001,hillk001,ATL
ATL199009020,ATL,SLN,0,0,,D,leibc001,tudoj001,ATL
ATL199009030,ATL,CIN,0,1,,D,granm001,layat001,ATL
ATL199009040,ATL,CIN,1,0,,N,glavt001,jackd001,ATL
ATL199009140,ATL,SDN,0,1,,N,glavt001,lilld001,ATL
ATL199009150,ATL,SDN,0,0,,N,leffc001,parrj001,SDN
ATL199009160,ATL,SDN,1,0,,D,rasmd001,avers001,SDN
ATL199009170,ATL,LAN,0,0,,N,crewt001,leibc001,LAN
ATL199009180,ATL,LAN,0,3,,N,neidj001,marap001,LAN
ATL199009190,ATL,SFN,2,0,,N,glavt001,downk001,ATL
ATL199009200,ATL,SFN,1,0,,N,gunde001,smolj001,SFN
ATL199009210,ATL,HOU,0,0,,N,agosj001,merck001,HOU
ATL199009220,ATL,HOU,1,0,,N,leibc001,darwd001,ATL
ATL199009230,ATL,HOU,2,0,,D,marap001,gullb001,ATL
BAL199004190,BAL,DET,2,0,,D,johnd001,ritzk001,BAL
BAL199004200,BAL,DET,1,0,,N,milab001,robij002,BAL
BAL199004210,BAL,DET,1,0,,D,lugor001,aldrj001,DET
BAL199004220,BAL,DET,0,0,,D,olsog001,hennm001,BAL
BAL199004230,BAL,KCA,4,0,,N,harnp001,davis001,BAL
BAL199004240,BAL,OAK,0,2,,N,stewd001,johnd001,OAK
BAL199004250,BAL,OAK,0,1,,N,nelsg001,hickk001,OAK
BAL199004260,BAL,OAK,2,1,,N,moorm001,tibbj001,OAK
BAL199004270,BAL,SEA,0,0,,N,hanse001,ballj002,SEA
BAL199004280,BAL,SEA,1,1,,N,jackm001,hickk001,SEA
BAL199004290,BAL,SEA,0,0,,D,willm004,jackm001,BAL
BAL199004300,BAL,CAL,0,0,,N,holtb001,wittm001,BAL
BAL199005010,BAL,CAL,0,1,,N,abboj001,tibbj001,CAL
BAL199005020,BAL,CAL,0,0,,N,blylb001,ballj002,CAL
BAL199005180,BAL,TEX,7,0,,N,johnd001,wittb001,BAL
BAL199005190,BAL,TEX,0,0,,N,hougc001,tibbj001,TEX
BAL199005200,BAL,TEX,0,0,,D,harnp001,browk001,BAL
BAL199005210,BAL,MIN,0,4,,N,guthm001,milab001,MIN
BAL199005220,BAL,MIN,1,0,,N,willm004,tapak001,BAL
BAL199005230,BAL,CHA,0,3,,N,kinge001,johnd001,CHA
BAL199005240,BAL,CHA,0,0,,N,radis001,tibbj001,CHA
BAL199006080,BAL,NYA,0,0,,N,holtb001,milla001,BAL
BAL199006090,BAL,NYA,6,0,,N,harnp001,caryc001,BAL
BAL199006100,BAL,NYA,1,0,,D,jonej002,tibbj001,NYA
BAL199006120,BAL,MIL,0,0,,N,olsog001,plesd001,BAL
BAL199006130,BAL,MIL,0,1,,N,knudm001,johnd001,MIL
BAL199006140,BAL,MIL,0,0,,N,sebrb001,holtb001,MIL
BAL199006150,BAL,BOS,2,2,,N,gardw001,harnp001,BOS
BAL199006160,BAL,BOS,0,0,,D,boddm001,mitcj001,BOS
BAL199006170,BAL,BOS,2,0,,D,harrg001,ballj002,BOS
BAL199006180,BAL,BOS,1,0,,N,johnd001,clemr001,BAL
BAL199006260,BAL,CLE,0,1,,N,joned001,harnp001,CLE
BAL199006270,BAL,CLE,2,0,,N,olsog001,valds001,BAL
BAL199006280,BAL,CLE,0,2,,D,nippa001,ballj002,CLE
BAL199007110,BAL,KCA,1,0,,N,schic002,farrs001,BAL
BAL199007131,BAL,MIN,2,0,,N,willm004,berej001,BAL
BAL199007132,BAL,MIN,0,2,,N,westd001,johnd001,MIN
BAL199007140,BAL,MIN,0,0,,N,willm004,leact001,BAL
BAL199007150,BAL,MIN,1,3,,D,andea001,milab001,MIN
BAL199007160,BAL,TEX,1,0,,N,olsog001,rogek001,BAL
BAL199007170,BAL,TEX,0,1,,N,harnp001,browk001,BAL
BAL199007180,BAL,TEX,0,0,,N,wittb001,johnd001,TEX
BAL199007190,BAL,CHA,3,1,,N,mitcj001,petea001,BAL
BAL199007200,BAL,CHA,0,2,,N,willm004,thigb001,BAL
BAL199007210,BAL,CHA,0,0,,N,mcdob001,mcdoj001,BAL
BAL199007220,BAL,CHA,1,0,,D,harnp001,perem001,BAL
BAL199007300,BAL,TOR,0,0,,N,stott001,milab001,TOR
BAL199007310,BAL,TOR,3,0,,N,mcdob001,ceruj001,BAL
BAL199008010,BAL,TOR,4,0,,N,stied001,ballj002,TOR
BAL199008020,BAL,KCA,4,0,,N,johnd001,filsp001,BAL
BAL199008030,BAL,KCA,3,0,,N,mitcj001,gordt001,BAL
BAL199008040,BAL,KCA,0,0,,N,mcgaa001,harnp001,KCA
BAL199008170,BAL,OAK,0,0,,N,welcb001,mitcj001,OAK
BAL199008180,BAL,OAK,0,0,,N,nelsg001,mcdob001,OAK
BAL199008190,BAL,OAK,1,0,,D,telfa001,sands001,BAL
BAL199008240,BAL,CLE,0,0,,N,pricj001,wardc003,BAL
BAL199008250,BAL,CLE,0,0,,N,olins001,harnp001,CLE
BAL199008260,BAL,CLE,0,1,,D,swing001,pricj001,CLE
BAL199008270,BAL,NYA,0,0,,N,hawka001,mcdob001,NYA
BAL199008280,BAL,NYA,1,0,,N,wittm001,mesaj001,NYA
BAL199008290,BAL,NYA,0,0,,N,leart001,telfa001,NYA
BAL199008300,BAL,NYA,1,0,,N,harnp001,lapod001,BAL
BAL199009030,BAL,SEA,0,1,,D,younm001,telfa001,SEA
BAL199009040,BAL,SEA,0,0,,N,hanse001,harnp001,SEA
BAL199009050,BAL,SEA,0,1,,N,comsk001,hickk001,SEA
BAL199009070,BAL,CAL,0,0,,N,mcdob001,grahj001,BAL
BAL199009080,BAL,CAL,0,0,,N,pricj001,eichm001,BAL
BAL199009090,BAL,CAL,0,0,,D,telfa001,mccak001,BAL
BAL199009100,BAL,DET,0,0,,N,tanaf001,harnp001,DET
BAL199009110,BAL,DET,0,0,,N,gibsp001,schic002,DET
BAL199009120,BAL,DET,0,1,,N,mcdob001,morrj001,BAL
BAL199009170,BAL,BOS,0,0,,N,boddm001,mcdob001,BOS
BAL199009180,BAL,BOS,0,0,,N,mesaj001,boltt001,BAL
BAL199009190,BAL,BOS,0,1,,N,telfa001,harrg001,BAL
BAL199009210,BAL,MIL,0,0,,N,harnp001,robir001,BAL
BAL199009220,BAL,MIL,0,0,,N,johnd001,browk003,BAL
BAL199009230,BAL,MIL,0,0,,D,ballj002,higut001,BAL
BAL199010010,BAL,TOR,0,2,,N,mesaj001,welld001,BAL
BAL199010020,BAL,TOR,0,0,,N,blacb001,johnd001,TOR
BAL199010030,BAL,TOR,0,0,,N,olsog001,henkt001,BAL
BOS199004090,BOS,DET,3,0,,D,clemr001,morrj001,BOS
BOS199004100,BOS,DET,0,0,,D,boddm001,ritzk001,BOS
BOS199004110,BOS,DET,0,0,,D,harrg001,gleaj001,BOS
BOS199004130,BOS,MIL,0,1,,N,crimc001,murpr001,MIL
BOS199004140,BOS,MIL,0,0,,D,clemr001,augud001,BOS
BOS199004160,BOS,MIL,0,0,,D,higut001,boddm001,MIL
BOS199004240,BOS,CAL,0,0,,N,clemr001,langm001,BOS
BOS199004250,BOS,CAL,0,0,,N,mccak001,boddm001,CAL
BOS199004260,BOS,CAL,1,0,,N,smitl001,harvb001,BOS
BOS199004270,BOS,OAK,1,0,,N,rearj001,nelsg001,BOS
BOS199004280,BOS,OAK,4,0,,D,harrg001,younc001,BOS
BOS199004290,BOS,OAK,0,1,,D,stewd001,clemr001,OAK
BOS199004300,BOS,SEA,1,0,,N,boddm001,holmb001,BOS
BOS199005010,BOS,SEA,0,0,,N,hetze001,johnr005,BOS
BOS199005020,BOS,SEA,0,0,,N,hanse001,harrg001,SEA
BOS199005180,BOS,MIN,0,1,,N,candj001,harrg001,MIN
BOS199005190,BOS,MIN,5,0,,D,clemr001,andea001,BOS
BOS199005200,BOS,MIN,2,0,,D,smitr001,hetze001,MIN
BOS199005210,BOS,TEX,0,2,,N,boddm001,mielg001,BOS
BOS199005220,BOS,TEX,0,1,,N,wittb001,kiecd001,TEX
BOS199005230,BOS,KCA,0,1,,N,sabeb001,harrg001,KCA
BOS199005240,BOS,KCA,1,0,,N,clemr001,gubim001,BOS
BOS199006040,BOS,NYA,1,0,,N,rearj001,robij001,BOS
BOS199006050,BOS,NYA,5,1,,N,rearj001,plune001,BOS
BOS199006060,BOS,NYA,0,0,,N,boddm001,lapod001,BOS
BOS199006070,BOS,NYA,0,0,,N,harrg001,leart001,BOS
BOS199006080,BOS,CLE,0,0,,N,clemr001,farrj001,BOS
BOS199006090,BOS,CLE,3,0,,D,kiecd001,valds001,BOS
BOS199006100,BOS,CLE,0,0,,D,candt001,gardw001,CLE
BOS199006110,BOS,CLE,0,0,,N,seanr001,lampd001,CLE
BOS199006220,BOS,BAL,0,0,,N,boddm001,ballj002,BOS
BOS199006230,BOS,BAL,1,0,,D,grayj001,olsog001,BOS
BOS199006240,BOS,BAL,0,0,,D,harrg001,milab001,BOS
BOS199006250,BOS,TOR,6,3,,N,lampd001,blaiw001,BOS
BOS199006260,BOS,TOR,1,0,,N,gardw001,welld001,BOS
BOS199006270,BOS,TOR,1,0,,N,boddm001,key-j001,BOS
BOS199006280,BOS,TOR,1,0,,N,clemr001,stott001,BOS
BOS199006290,BOS,TEX,1,0,,N,barfj002,grayj001,TEX
BOS199006300,BOS,TEX,0,1,,D,jeffm001,rearj001,TEX
BOS199007010,BOS,TEX,1,4,,D,boltt001,browk001,BOS
BOS199007020,BOS,TEX,0,0,,D,boddm001,rogek001,BOS
BOS199007130,BOS,KCA,0,0,,N,gordt001,boddm001,KCA
BOS199007141,BOS,KCA,0,0,,D,aquil001,murpr001,KCA
BOS199007142,BOS,KCA,0,0,,N,boltt001,ballj001,BOS
BOS199007150,BOS,KCA,0,1,,D,craws001,kiecd001,KCA
BOS199007160,BOS,MIN,0,0,,N,berej001,grayj001,MIN
BOS199007170,BOS,MIN,0,0,,N,boltt001,erics001,BOS
BOS199007180,BOS,MIN,0,1,,N,lampd001,berej001,BOS
BOS199007300,BOS,CHA,1,0,,N,clemr001,petea001,BOS
BOS199007310,BOS,CHA,0,0,,N,kiecd001,kinge001,BOS
BOS199008010,BOS,CHA,0,0,,N,boltt001,mcdoj001,BOS
BOS199008030,BOS,DET,7,0,,N,harrg001,robij002,BOS
BOS199008040,BOS,DET,0,0,,D,clemr001,sears001,BOS
BOS199008050,BOS,DET,0,0,,D,petrd001,boddm001,DET
BOS199008170,BOS,CAL,0,0,,N,finlc001,boddm001,CAL
BOS199008180,BOS,CAL,0,0,,D,mccak001,boltt001,CAL
BOS199008190,BOS,CAL,1,0,,D,clemr001,abboj001,BOS
BOS199008200,BOS,BAL,0,0,,N,harrg001,harnp001,BOS
BOS199008210,BOS,BAL,0,4,,N,mitcj001,kiecd001,BAL
BOS199008220,BOS,BAL,0,0,,D,boddm001,mcdob001,BOS
BOS199008310,BOS,NYA,0,0,,N,harrg001,caryc001,BOS
BOS199009010,BOS,NYA,5,0,,D,boddm001,hawka001,BOS
BOS199009020,BOS,NYA,2,0,,N,boltt001,wittm001,BOS
BOS199009030,BOS,OAK,1,5,,N,sands001,kiecd001,OAK
BOS199009040,BOS,OAK,0,2,,N,stewd001,clemr001,OAK
BOS199009050,BOS,OAK,0,0,,N,welcb001,harrg001,OAK
BOS199009070,BOS,SEA,0,2,,N,grayj001,jackm001,BOS
BOS199009080,BOS,SEA,0,0,,D,boltt001,medvs001,BOS
BOS199009090,BOS,SEA,0,0,,D,younm001,heskj001,SEA
BOS199009101,BOS,MIL,0,1,,N,harrg001,knudm001,BOS
BOS199009102,BOS,MIL,0,0,,N,edent001,kiecd001,MIL
BOS199009110,BOS,MIL,0,0,,N,robir001,gardw001,MIL
BOS199009120,BOS,MIL,1,0,,N,boddm001,higut001,BOS
BOS199009250,BOS,CLE,0,0,,N,swing001,harrg001,CLE
BOS199009260,BOS,CLE,5,0,,N,kiecd001,candt001,BOS
BOS199009280,BOS,TOR,1,0,,N,rearj001,henkt001,BOS
BOS199009290,BOS,TOR,0,0,,D,clemr001,stott001,BOS
BOS199009300,BOS,TOR,1,1,,D,key-j001,heskj001,TOR
BOS199010010,BOS,CHA,0,0,,N,rearj001,joneb002,BOS
BOS199010020,BOS,CHA,1,1,,N,palld001,lampd001,CHA
BOS199010030,BOS,CHA,0,0,,N,boddm001,ferna001,BOS
CAL199004090,CAL,SEA,1,0,,N,holmb001,blylb001,SEA
CAL199004100,CAL,SEA,0,0,,N,finlc001,johnr005,CAL
CAL199004110,CAL,SEA,0,0,,N,langm001,eaveg001,CAL
CAL199004120,CAL,MIN,0,0,,N,mccak001,westd001,CAL
CAL199004130,CAL,MIN,1,1,,N,andea001,wittm001,MIN
CAL199004140,CAL,MIN,1,2,,N,harvb001,aguir001,CAL
CAL199004150,CAL,MIN,0,0,,D,finlc001,tapak001,CAL
CAL199004170,CAL,OAK,0,0,,N,norrm101,eichm001,OAK
CAL199004180,CAL,OAK,0,0,,N,sands001,wittm001,OAK
CAL199005040,CAL,NYA,1,0,,N,lapod001,langm001,NYA
CAL199005050,CAL,NYA,0,0,,N,parkc001,mccak001,NYA
CAL199005060,CAL,NYA,0,1,,N,hawka001,abboj001,NYA
CAL199005070,CAL,BAL,4,0,,N,tibbj001,eichm001,BAL
CAL199005080,CAL,BAL,2,0,,N,finlc001,ballj002,CAL
CAL199005090,CAL,BAL,0,0,,N,harnp001,langm001,BAL
CAL199005110,CAL,BOS,0,0,,N,boddm001,eichm001,BOS
CAL199005120,CAL,BOS,0,0,,N,harrg001,blylb001,BOS
CAL199005130,CAL,BOS,0,0,,D,finlc001,lampd001,CAL
CAL199005230,CAL,TOR,0,1,,N,bails001,wardd001,CAL
CAL199005240,CAL,TOR,0,0,,N,harvb001,henkt001,CAL
CAL199005250,CAL,MIL,0,0,,N,frasw001,fosst001,CAL
CAL199005260,CAL,MIL,3,1,,N,blylb001,knudm001,CAL
CAL199005270,CAL,MIL,0,0,,D,finlc001,wegmb001,CAL
CAL199005280,CAL,CLE,0,0,,D,guanc001,abboj001,CLE
CAL199005290,CAL,CLE,0,0,,N,mccak001,farrj001,CAL
CAL199005300,CAL,CLE,0,1,,N,candt001,langm001,CLE
CAL199006080,CAL,TEX,0,0,,N,hougc001,fettm001,TEX
CAL199006090,CAL,TEX,1,0,,N,mccak001,jeffm001,CAL
CAL199006100,CAL,TEX,0,1,,D,browk001,langm001,TEX
CAL199006110,CAL,KCA,0,0,,N,blylb001,davim001,CAL
CAL199006120,CAL,KCA,0,0,,N,finlc001,sabeb001,CAL
CAL199006130,CAL,KCA,0,0,,N,aquil001,abboj001,KCA
CAL199006210,CAL,DET,2,0,,N,blylb001,morrj001,CAL
CAL199006220,CAL,DET,0,0,,N,bails001,gibsp001,CAL
CAL199006230,CAL,DET,0,0,,N,robij002,abboj001,DET
CAL199006240,CAL,DET,3,1,,D,mccak001,tanaf001,CAL
CAL199006250,CAL,CHA,0,0,,N,hibbg001,langm001,CHA
CAL199006260,CAL,CHA,0,0,,N,joneb002,eichm001,CHA
CAL199006270,CAL,CHA,0,2,,D,kinge001,finlc001,CHA
CAL199007120,CAL,TOR,0,0,,N,welld001,mccak001,TOR
CAL199007130,CAL,TOR,0,0,,N,abboj001,stott001,CAL
CAL199007140,CAL,TOR,1,0,,N,eichm001,wardd001,CAL
CAL199007150,CAL,TOR,0,0,,D,finlc001,henkt001,CAL
CAL199007160,CAL,MIL,0,0,,N,robir001,langm001,MIL
CAL199007170,CAL,MIL,0,0,,N,mccak001,higut001,CAL
CAL199007180,CAL,MIL,0,2,,D,knudm001,abboj001,MIL
CAL199007200,CAL,CLE,3,0,,N,blylb001,blacb001,CAL
CAL199007210,CAL,CLE,0,0,,N,finlc001,walkm001,CAL
CAL199007220,CAL,CLE,1,2,,D,swing001,langm001,CLE
CAL199008020,CAL,OAK,0,2,,N,welcb001,mccak001,OAK
CAL199008030,CAL,OAK,0,0,,N,harrr001,frasw001,OAK
CAL199008040,CAL,OAK,0,1,,N,eichm001,burnt001,CAL
CAL199008050,CAL,OAK,0,1,,D,stewd001,finlc001,OAK
CAL199008070,CAL,BOS,1,0,,N,boltt001,langm001,BOS
CAL199008080,CAL,BOS,0,2,,N,frasw001,lampd001,CAL
CAL199008090,CAL,BOS,0,3,,N,clemr001,abboj001,BOS
CAL199008100,CAL,BAL,0,0,,N,frasw001,olsog001,CAL
CAL199008110,CAL,BAL,0,0,,N,finlc001,westm001,CAL
CAL199008120,CAL,BAL,0,0,,D,mitcj001,langm001,BAL
CAL199008130,CAL,NYA,1,0,,N,mccak001,caryc001,CAL
CAL199008140,CAL,NYA,0,1,,N,abboj001,leart001,CAL
CAL199008150,CAL,NYA,1,0,,N,langm001,lapod001,CAL
CAL199008270,CAL,TEX,0,1,,N,frasw001,barfj002,CAL
CAL199008280,CAL,TEX,0,0,,N,mccak001,ryann001,CAL
CAL199008290,CAL,TEX,0,0,,N,abboj001,barfj002,CAL
CAL199008310,CAL,CHA,0,0,,N,hibbg001,langm001,CHA
CAL199009010,CAL,CHA,1,0,,D,perem001,grahj001,CHA
CAL199009020,CAL,CHA,0,0,,D,finlc001,ferna001,CAL
CAL199009100,CAL,MIN,0,0,,N,abboj001,abbop001,CAL
CAL199009110,CAL,MIN,2,0,,N,langm001,tapak001,CAL
CAL199009120,CAL,MIN,3,1,,N,grahj001,drumt001,CAL
CAL199009130,CAL,SEA,0,0,,N,finlc001,comsk001,CAL
CAL199009140,CAL,SEA,0,3,,N,mcclb001,younm001,CAL
CAL199009150,CAL,SEA,0,1,,N,hanse001,abboj001,SEA
CAL199009160,CAL,SEA,0,2,,D,swifb001,harvb001,SEA
CAL199009180,CAL,DET,0,1,,N,morrj001,finlc001,DET
CAL199009190,CAL,DET,0,1,,N,terrw001,grahj001,DET
CAL199009270,CAL,KCA,1,0,,N,harvb001,montj002,CAL
CAL199009280,CAL,KCA,0,0,,N,farrs001,finlc001,KCA
CAL199009290,CAL,KCA,0,2,,N,mcgaa001,langm001,KCA
CAL199009300,CAL,KCA,0,0,,D,appik001,lewis001,KCA
CHA199004090,CHA,MIL,0,0,,D,joneb002,fosst001,CHA
CHA199004130,CHA,CLE,0,0,,D,farrj001,longb002,CLE
CHA199004140,CHA,CLE,2,0,,N,perem001,swing001,CHA
CHA199004150,CHA,CLE,0,0,,D,hibbg001,beark001,CHA
CHA199004170,CHA,BOS,0,0,,N,joneb002,smitl001,CHA
CHA199004180,CHA,BOS,0,0,,N,clemr001,mcdoj001,BOS
CHA199004270,CHA,TOR,1,0,,N,hibbg001,ceruj001,CHA
CHA199004280,CHA,TOR,1,0,,N,kutzj001,flanm001,CHA
CHA199004290,CHA,TOR,0,0,,D,kinge001,key-j001,CHA
CHA199004300,CHA,TEX,0,0,,N,thigb001,moyej001,CHA
CHA199005010,CHA,TEX,5,0,,N,perem001,ryann001,CHA
CHA199005020,CHA,TEX,3,0,,N,hougc001,hibbg001,TEX
CHA199005110,CHA,KCA,0,0,,N,joneb002,davim001,CHA
CHA199005120,CHA,KCA,0,0,,N,perem001,dotsr001,CHA
CHA199005130,CHA,KCA,0,0,,D,radis001,montj002,CHA
CHA199005150,CHA,BAL,1,0,,N,joneb002,harnp001,CHA
CHA199005160,CHA,BAL,2,2,,N,kutzj001,milab001,CHA
CHA199005170,CHA,BAL,0,0,,N,joneb002,holtb001,CHA
CHA199005180,CHA,DET,1,0,,N,dubob001,perem001,DET
CHA199005190,CHA,DET,0,0,,N,tanaf001,mcdoj001,DET
CHA199005200,CHA,DET,0,0,,D,nunee001,edwaw001,DET
CHA199005280,CHA,NYA,0,0,,N,kinge001,leart001,CHA
CHA199005290,CHA,NYA,4,0,,N,thigb001,robij001,CHA
CHA199005300,CHA,NYA,0,2,,N,hibbg001,caryc001,CHA
CHA199005310,CHA,MIN,0,2,,N,guthm001,kutzj001,MIN
CHA199006010,CHA,MIN,0,0,,N,joneb002,leact001,CHA
CHA199006020,CHA,MIN,0,0,,N,candj001,kinge001,MIN
CHA199006030,CHA,MIN,0,1,,N,mcdoj001,andea001,CHA
CHA199006050,CHA,SEA,1,1,,N,holmb001,hibbg001,SEA
CHA199006060,CHA,SEA,5,0,,N,perem001,younm001,CHA
CHA199006070,CHA,SEA,0,0,,D,johnr005,palld001,SEA
CHA199006140,CHA,OAK,1,0,,N,kinge001,stewd001,CHA
CHA199006150,CHA,OAK,1,1,,N,welcb001,joneb002,OAK
CHA199006160,CHA,OAK,0,7,,N,sands001,perem001,OAK
CHA199006170,CHA,OAK,1,0,,D,moorm001,palld001,OAK
CHA199006180,CHA,CAL,0,0,,N,abboj001,mcdoj001,CAL
CHA199006190,CHA,CAL,0,0,,N,mccak001,perem001,CAL
CHA199006200,CHA,CAL,0,0,,N,joneb002,langm001,CHA
CHA199006290,CHA,NYA,0,0,,N,mcdoj001,caryc001,CHA
CHA199006300,CHA,NYA,0,4,,N,robij001,perem001,NYA
CHA199007010,CHA,NYA,0,0,,D,joneb002,hawka001,CHA
CHA199007020,CHA,DET,3,1,,N,thigb001,hennm001,CHA
CHA199007030,CHA,DET,0,2,,N,nunee001,kinge001,DET
CHA199007040,CHA,DET,0,0,,N,mccul001,pattk001,DET
CHA199007060,CHA,BAL,2,1,,N,perem001,harnp001,CHA
CHA199007070,CHA,BAL,1,0,,N,mitcj001,hibbg001,BAL
CHA199007080,CHA,BAL,1,0,,D,willm004,thigb001,BAL
CHA199007110,CHA,MIL,4,0,,D,plesd001,palld001,MIL
CHA199007230,CHA,CLE,0,0,,N,hibbg001,candt001,CHA
CHA199007240,CHA,CLE,0,0,,N,petea001,nichr002,CHA
CHA199007250,CHA,CLE,0,0,,D,blacb001,kinge001,CLE
CHA199007270,CHA,MIL,3,1,,N,mcdoj001,robir001,CHA
CHA199007280,CHA,MIL,2,0,,D,radis001,plesd001,CHA
CHA199007290,CHA,MIL,0,0,,D,mirap001,radis001,MIL
CHA199008101,CHA,TEX,1,0,,N,mcdoj001,mcmuc001,CHA
CHA199008102,CHA,TEX,0,0,,N,edwaw001,ryann001,CHA
CHA199008110,CHA,TEX,0,2,,D,hougc001,perem001,TEX
CHA199008130,CHA,TOR,0,0,,N,wardd001,thigb001,TOR
CHA199008140,CHA,TOR,0,2,,N,stott001,hibbg001,TOR
CHA199008150,CHA,TOR,0,0,,N,mcdoj001,candj001,CHA
CHA199008200,CHA,OAK,3,1,,N,mcdoj001,stewd001,CHA
CHA199008210,CHA,OAK,0,1,,N,hibbg001,moorm001,CHA
CHA199008220,CHA,OAK,0,1,,N,welcb001,perem001,OAK
CHA199008230,CHA,CAL,0,0,,N,ferna001,mccak001,CHA
CHA199008240,CHA,CAL,0,0,,N,edwaw001,abboj001,CHA
CHA199008250,CHA,CAL,0,0,,N,langm001,thigb001,CAL
CHA199008260,CHA,CAL,0,1,,D,grahj001,hibbg001,CAL
CHA199009030,CHA,KCA,0,2,,N,edwaw001,appik001,CHA
CHA199009040,CHA,KCA,1,0,,N,mcdoj001,mcgaa001,CHA
CHA199009050,CHA,KCA,0,0,,N,hibbg001,farrs001,CHA
CHA199009130,CHA,BOS,0,0,,N,ferna001,boltt001,CHA
CHA199009140,CHA,BOS,0,0,,N,mcdoj001,heskj001,CHA
CHA199009150,CHA,BOS,0,1,,N,hibbg001,harrg001,CHA
CHA199009160,CHA,BOS,0,0,,D,kinge001,kiecd001,CHA
CHA199009250,CHA,MIN,0,3,,N,guthm001,mcdoj001,MIN
CHA199009260,CHA,MIN,2,0,,N,hibbg001,tapak001,CHA
CHA199009270,CHA,MIL,2,1,,N,edwaw001,edent001,CHA
CHA199009280,CHA,SEA,0,0,,N,johnr005,ferna001,SEA
CHA199009290,CHA,SEA,0,0,,N,kinge001,younm001,CHA
CHA199009300,CHA,SEA,0,0,,D,mcdoj001,delur001,CHA
CHN199004100,CHN,PHI,1,1,,D,lancl001,parrj001,CHN
CHN199004121,CHN,PHI,1,1,,D,mulht001,wilss001,PHI
CHN199004122,CHN,PHI,1,1,,D,nunej001,combp001,CHN
CHN199004160,CHN,NYN,0,0,,D,violf001,wilss001,NYN
CHN199004200,CHN,PIT,0,0,,D,roesm001,bielm001,PIT
CHN199004210,CHN,PIT,0,0,,N,smilj001,wilss001,PIT
CHN199004220,CHN,PIT,0,0,,D,heatn001,nunej001,PIT
CHN199005051,CHN,SDN,0,0,,D,maddg002,leffc001,CHN
CHN199005052,CHN,SDN,0,0,,D,rasmd001,nunej001,SDN
CHN199005060,CHN,SDN,0,4,,D,white001,bielm001,SDN
CHN199005070,CHN,ATL,1,1,,N,kerfc001,willm002,ATL
CHN199005080,CHN,ATL,5,0,,D,longb002,henrd001,CHN
CHN199005090,CHN,ATL,0,0,,D,lancl001,smitp001,CHN
CHN199005210,CHN,CIN,0,0,,N,rijoj001,maddg002,CIN
CHN199005220,CHN,CIN,0,0,,D,longb002,scuds001,CHN
CHN199005230,CHN,LAN,0,0,,D,belct001,assep001,LAN
CHN199005240,CHN,LAN,0,2,,D,valef001,lancl001,LAN
CHN199005261,CHN,HOU,1,1,,D,scotm001,bosks001,HOU
CHN199005262,CHN,HOU,0,3,,D,deshj001,maddg002,HOU
CHN199005270,CHN,HOU,0,1,,D,bielm001,portm001,CHN
CHN199005280,CHN,SFN,0,0,,D,harkm001,knepb001,CHN
CHN199005290,CHN,SFN,0,0,,N,robid001,blank001,SFN
CHN199005300,CHN,SFN,0,0,,D,burkj001,bosks001,SFN
CHN199006070,CHN,PHI,0,0,,N,howek001,bielm001,PHI
CHN199006080,CHN,PHI,2,0,,D,picoj001,mulht001,CHN
CHN199006090,CHN,PHI,3,0,,D,lancl001,parrj001,CHN
CHN199006100,CHN,PHI,0,2,,D,wilss001,ruffb001,CHN
CHN199006110,CHN,NYN,2,1,,N,willm002,penaa001,CHN
CHN199006120,CHN,NYN,1,4,,D,goodd001,bielm001,NYN
CHN199006131,CHN,NYN,0,2,,D,franj001,lancl001,NYN
CHN199006132,CHN,NYN,0,1,,D,darlr001,harkm001,NYN
CHN199006220,CHN,SLN,0,1,,D,magrj001,wilss001,SLN
CHN199006230,CHN,SLN,0,2,,D,tewkb001,bielm001,SLN
CHN199006240,CHN,SLN,0,0,,D,assep001,niedt001,CHN
CHN199006250,CHN,MON,0,0,,N,gardm001,bosks001,MON
CHN199006260,CHN,MON,0,0,,D,schmd001,lancl001,MON
CHN199006270,CHN,MON,2,0,,D,picoj001,grosk001,CHN
CHN199006280,CHN,MON,0,0,,D,lancl001,sampb002,CHN
CHN199007120,CHN,LAN,2,2,,N,valef001,harkm001,LAN
CHN199007130,CHN,LAN,0,0,,D,martr002,bosks001,LAN
CHN199007140,CHN,LAN,0,3,,D,morgm001,maddg002,LAN
CHN199007150,CHN,LAN,1,0,,D,wilss001,belct001,CHN
CHN199007160,CHN,SDN,2,0,,N,harkm001,showe001,CHN
CHN199007170,CHN,SDN,0,0,,D,bosks001,benea001,CHN
CHN199007180,CHN,SDN,0,0,,D,maddg002,rasmd001,CHN
CHN199007200,CHN,SFN,0,0,,D,bielm001,branj001,CHN
CHN199007210,CHN,SFN,0,1,,D,harkm001,branj001,CHN
CHN199007220,CHN,SFN,0,0,,D,assep001,hamma001,CHN
CHN199007310,CHN,PIT,0,1,,N,pattb001,bosks001,PIT
CHN199008010,CHN,PIT,0,0,,D,maddg002,reedr002,CHN
CHN199008020,CHN,PIT,1,3,,D,smilj001,wilss001,PIT
CHN199008030,CHN,MON,6,0,,D,harkm001,gardm001,CHN
CHN199008040,CHN,MON,2,0,,N,bosks001,grosk001,CHN
CHN199008050,CHN,MON,0,1,,D,maddg002,boydo001,CHN
CHN199008070,CHN,SLN,1,0,,N,assep001,terrs001,CHN
CHN199008080,CHN,SLN,0,0,,D,longb002,niedt001,CHN
CHN199008090,CHN,SLN,0,0,,D,hillk001,dickl001,SLN
CHN199008130,CHN,HOU,1,0,,N,portm001,dickl001,HOU
CHN199008140,CHN,HOU,0,0,,D,maddg002,scotm001,CHN
CHN199008150,CHN,HOU,2,0,,D,smitd001,picoj001,HOU
CHN199008170,CHN,ATL,0,0,,D,harkm001,smolj001,CHN
CHN199008180,CHN,ATL,0,1,,D,leibc001,dickl001,ATL
CHN199008190,CHN,ATL,1,1,,D,maddg002,merck001,CHN
CHN199008300,CHN,CIN,0,0,,N,jackd001,bielm001,CIN
CHN199008310,CHN,CIN,0,0,,D,longb002,myerr001,CHN
CHN199009010,CHN,CIN,0,0,,D,mahlr001,nunej001,CIN
CHN199009020,CHN,CIN,0,1,,D,rijoj001,maddg002,CIN
CHN199009070,CHN,SLN,2,0,,D,tewkb001,maddg002,SLN
CHN199009080,CHN,SLN,3,0,,D,pavld001,daylk001,CHN
CHN199009090,CHN,SLN,0,0,,N,tudoj001,bielm001,SLN
CHN199009100,CHN,MON,3,0,,N,nabhc001,longb002,MON
CHN199009110,CHN,MON,0,4,,D,pavld001,grosk001,CHN
CHN199009120,CHN,PHI,6,0,,D,maddg002,dejej001,CHN
CHN199009130,CHN,PHI,2,0,,D,assep001,mcdor001,CHN
CHN199009180,CHN,PIT,6,1,,N,maddg002,smilj001,CHN
CHN199009190,CHN,PIT,0,4,,D,drabd001,sutcr001,PIT
CHN199009200,CHN,PIT,0,1,,D,walkb001,kramr001,PIT
CHN199009210,CHN,NYN,1,0,,D,assep001,coned001,CHN
CHN199009220,CHN,NYN,2,0,,D,darlr001,nunej001,NYN
CHN199009230,CHN,NYN,0,0,,D,goodd001,maddg002,NYN
CHN199009240,CHN,NYN,0,0,,D,assep001,violf001,CHN
CIN199004170,CIN,SDN,0,0,,D,browt001,benea001,CIN
CIN199004180,CIN,SDN,3,0,,D,layat001,valdr001,CIN
CIN199004210,CIN,ATL,2,0,,D,armsj001,clarm001,CIN
CIN199004220,CIN,ATL,0,3,,D,glavt001,browt001,ATL
CIN199004270,CIN,MON,1,0,,N,dibbr001,halld001,CIN
CIN199004280,CIN,MON,0,1,,D,armsj001,boydo001,CIN
CIN199004290,CIN,MON,0,0,,D,grosk001,robir001,MON
CIN199004300,CIN,PHI,3,1,,N,rijoj001,howek001,CIN
CIN199005010,CIN,PHI,0,1,,D,ruffb001,birtt001,PHI
CIN199005110,CIN,CHN,0,5,,N,charn001,willm002,CIN
CIN199005120,CIN,CHN,0,0,,N,bielm001,browt001,CHN
CIN199005130,CIN,CHN,3,1,,D,dibbr001,wilss001,CIN
CIN199005140,CIN,PIT,1,3,,N,armsj001,terrw001,CIN
CIN199005150,CIN,PIT,1,0,,N,layat001,pattb001,CIN
CIN199005170,CIN,SLN,0,0,,N,delej001,browt001,SLN
CIN199005180,CIN,SLN,0,0,,N,charn001,daylk001,CIN
CIN199005190,CIN,SLN,0,0,,N,armsj001,tudoj001,CIN
CIN199005200,CIN,SLN,0,0,,D,magrj001,jackd001,SLN
CIN199005290,CIN,NYN,0,1,,N,browt001,ojedb001,CIN
CIN199006121,CIN,ATL,3,0,,N,glavt001,jackd001,ATL
CIN199006122,CIN,ATL,0,1,,N,greet001,rijoj001,ATL
CIN199006130,CIN,ATL,0,2,,N,browt001,avers001,CIN
CIN199006140,CIN,ATL,3,0,,N,dibbr001,boevj001,CIN
CIN199006150,CIN,HOU,2,0,,N,armsj001,clanj001,CIN
CIN199006160,CIN,HOU,0,0,,N,jackd001,deshj001,CIN
CIN199006170,CIN,HOU,2,1,,D,rijoj001,portm001,CIN
CIN199006220,CIN,LAN,1,1,,N,howej001,myerr001,LAN
CIN199006230,CIN,LAN,0,0,,N,browt001,belct001,CIN
CIN199006240,CIN,LAN,1,0,,N,mahlr001,valef001,CIN
CIN199006250,CIN,SFN,3,0,,N,armsj001,burkj001,CIN
CIN199006260,CIN,SFN,0,2,,N,myerr001,thurm001,CIN
CIN199006270,CIN,SFN,0,0,,D,robid001,browt001,SFN
CIN199007121,CIN,NYN,0,2,,N,goodd001,charn001,NYN
CIN199007122,CIN,NYN,3,0,,N,jackd001,darlr001,CIN
CIN199007130,CIN,NYN,0,0,,N,browt001,violf001,CIN
CIN199007140,CIN,NYN,0,1,,N,coned001,armsj001,NYN
CIN199007150,CIN,NYN,0,0,,D,charn001,ferns001,CIN
CIN199007160,CIN,MON,0,1,,N,layat001,smitz001,CIN
CIN199007170,CIN,MON,3,1,,N,scuds001,gardm001,CIN
CIN199007180,CIN,MON,0,0,,N,mahlr001,schmd001,CIN
CIN199007190,CIN,PHI,0,1,,N,combp001,armsj001,PHI
CIN199007200,CIN,PHI,0,0,,N,charn001,parrj001,CIN
CIN199007210,CIN,PHI,0,0,,N,rijoj001,mulht001,CIN
CIN199007220,CIN,PHI,0,1,,D,dejej001,scuds001,PHI
CIN199008020,CIN,SDN,1,4,,N,rasmd001,browt001,SDN
CIN199008030,CIN,SDN,0,0,,N,harrg002,dibbr001,SDN
CIN199008040,CIN,SDN,0,2,,N,harrg002,mahlr001,SDN
CIN199008050,CIN,SDN,0,0,,D,rijoj001,schic001,CIN
CIN199008070,CIN,LAN,0,0,,N,browt001,neidj001,CIN
CIN199008080,CIN,LAN,2,0,,N,valef001,scuds001,LAN
CIN199008090,CIN,LAN,0,5,,N,martr002,armsj001,LAN
CIN199008100,CIN,SFN,2,0,,N,charn001,robid001,CIN
CIN199008110,CIN,SFN,0,2,,N,burkj001,rijoj001,SFN
CIN199008120,CIN,SFN,4,0,,D,browt001,garrs001,CIN
CIN199008130,CIN,SFN,0,4,,N,layat001,wilst002,CIN
CIN199008171,CIN,PIT,0,0,,D,yorkm001,rijoj001,PIT
CIN199008172,CIN,PIT,2,0,,N,smilj001,layat001,PIT
CIN199008180,CIN,PIT,0,1,,D,smitz001,hammc001,PIT
CIN199008190,CIN,PIT,0,0,,D,drabd001,armsj001,PIT
CIN199008200,CIN,CHN,0,0,,N,bielm001,charn001,CHN
CIN199008210,CIN,CHN,0,0,,N,mahlr001,harkm001,CIN
CIN199008220,CIN,CHN,1,0,,N,rijoj001,picoj001,CIN
CIN199008280,CIN,SLN,1,0,,N,rijoj001,magrj001,CIN
CIN199008290,CIN,SLN,0,0,,N,tewkb001,browt001,SLN
CIN199009110,CIN,HOU,0,0,,N,charn001,deshj001,CIN
CIN199009120,CIN,HOU,1,0,,N,agosj001,layat001,HOU
CIN199009130,CIN,HOU,1,1,,N,dibbr001,meyeb001,CIN
CIN199009140,CIN,LAN,0,0,,N,valef001,browt001,LAN
CIN199009150,CIN,LAN,0,0,,N,martr002,jackd001,LAN
CIN199009160,CIN,LAN,0,2,,D,scuds001,morgm001,CIN
CIN199009170,CIN,SFN,0,0,,N,rijoj001,garrs001,CIN
CIN199009180,CIN,SFN,0,1,,D,burkj001,browt001,SFN
CIN199009250,CIN,ATL,0,0,,N,glavt001,charn001,ATL
CIN199009260,CIN,ATL,2,0,,N,rijoj001,smolj001,CIN
CIN199009270,CIN,ATL,0,1,,N,browt001,avers001,CIN
CIN199009280,CIN,SDN,0,0,,N,hursb001,myerr001,SDN
CIN199009290,CIN,SDN,0,0,,D,white001,charn001,SDN
CIN199009300,CIN,SDN,0,1,,D,lilld001,rijoj001,SDN
CIN199010010,CIN,HOU,0,0,,N,myerr001,meyeb001,CIN
CIN199010020,CIN,HOU,1,0,,N,scuds001,hernx001,CIN
CIN199010030,CIN,HOU,0,0,,D,smitd001,birtt001,HOU
CLE199004190,CLE,NYA,0,0,,N,swing001,perep001,CLE
CLE199004210,CLE,CHA,0,4,,D,candt001,perem001,CLE
CLE199004220,CLE,CHA,0,0,,D,blacb001,hibbg001,CLE
CLE199004270,CLE,MIN,0,0,,N,blacb001,westd001,CLE
CLE199004280,CLE,MIN,0,0,,D,farrj001,andea001,CLE
CLE199004290,CLE,MIN,1,1,,D,swing001,smitr001,CLE
CLE199004300,CLE,TOR,1,4,,N,stott001,beark001,TOR
CLE199005010,CLE,TOR,0,0,,N,stied001,candt001,TOR
CLE199005020,CLE,TOR,0,0,,N,blacb001,ceruj001,CLE
CLE199005050,CLE,TEX,2,0,,N,browk001,guanc001,TEX
CLE199005061,CLE,TEX,4,0,,D,candt001,bohab001,CLE
CLE199005062,CLE,TEX,0,0,,D,shawj001,wittb001,CLE
CLE199005070,CLE,KCA,1,0,,N,montj002,guanc001,KCA
CLE199005150,CLE,OAK,0,1,,N,guanc001,honer001,CLE
CLE199005160,CLE,OAK,0,0,,N,ecked001,joned001,OAK
CLE199005180,CLE,SEA,0,0,,N,blacb001,hanse001,CLE
CLE199005190,CLE,SEA,0,0,,D,orosj001,younm001,CLE
CLE199005200,CLE,SEA,0,0,,D,schom001,orosj001,SEA
CLE199005210,CLE,CAL,0,0,,N,blylb001,shawj001,CAL
CLE199005220,CLE,CAL,0,0,,N,finlc001,candt001,CAL
CLE199006010,CLE,BOS,0,0,,N,reedj002,joned001,BOS
CLE199006020,CLE,BOS,2,2,,N,valds001,murpr001,CLE
CLE199006030,CLE,BOS,0,0,,D,clemr001,farrj001,BOS
CLE199006050,CLE,DET,0,0,,N,petrd001,candt001,DET
CLE199006060,CLE,DET,0,0,,N,morrj001,swing001,DET
CLE199006070,CLE,DET,0,0,,N,dubob001,blacb001,DET
CLE199006150,CLE,MIL,2,0,,N,candt001,powed001,CLE
CLE199006160,CLE,MIL,0,0,,N,joned001,sebrb001,CLE
CLE199006170,CLE,MIL,0,0,,D,blacb001,robir001,CLE
CLE199006190,CLE,BAL,1,0,,N,joned001,olsog001,CLE
CLE199006200,CLE,BAL,0,0,,N,harnp001,orosj001,BAL
CLE199006210,CLE,BAL,1,1,,N,joned001,holtb001,CLE
CLE199006290,CLE,CAL,0,0,,N,abboj001,nagyc001,CAL
CLE199006300,CLE,CAL,0,0,,N,candt001,mccak001,CLE
CLE199007010,CLE,CAL,2,0,,D,swing001,langm001,CLE
CLE199007020,CLE,CAL,0,1,,N,finlc001,orosj001,CAL
CLE199007030,CLE,SEA,5,0,,N,nippa001,younm001,CLE
CLE199007040,CLE,SEA,0,1,,D,johnr005,nagyc001,SEA
CLE199007050,CLE,SEA,0,0,,N,hanse001,candt001,SEA
CLE199007061,CLE,OAK,0,0,,N,swing001,sands001,CLE
CLE199007062,CLE,OAK,0,2,,N,moorm001,valds001,OAK
CLE199007070,CLE,OAK,0,0,,N,blacb001,younc001,CLE
CLE199007080,CLE,OAK,1,1,,N,stewd001,nippa001,OAK
CLE199007271,CLE,NYA,0,0,,N,hawka001,swing001,NYA
CLE199007272,CLE,NYA,0,0,,N,robij001,walkm001,NYA
CLE199007280,CLE,NYA,0,0,,N,candt001,caryc001,CLE
CLE199007291,CLE,NYA,1,0,,D,leart001,blacb001,NYA
CLE199007292,CLE,NYA,0,1,,N,plune001,guanc001,NYA
CLE199007300,CLE,KCA,0,0,,N,mcgaa001,shawj001,KCA
CLE199007310,CLE,KCA,0,2,,N,appik001,walkm001,KCA
CLE199008010,CLE,KCA,1,1,,N,swing001,davim001,CLE
CLE199008070,CLE,TEX,0,0,,N,wardc003,browk001,CLE
CLE199008080,CLE,TEX,0,0,,N,shawj001,moyej001,CLE
CLE199008090,CLE,TEX,0,0,,N,wittb001,blacb001,TEX
CLE199008100,CLE,DET,0,0,,D,walkm001,sears001,CLE
CLE199008110,CLE,DET,0,2,,N,swing001,petrd001,CLE
CLE199008120,CLE,DET,2,1,,D,candt001,morrj001,CLE
CLE199008130,CLE,DET,0,3,,N,terrw001,shawj001,DET
CLE199008140,CLE,MIN,0,0,,N,guthm001,blacb001,MIN
CLE199008150,CLE,MIN,0,1,,N,orosj001,drumt001,CLE
CLE199008160,CLE,MIN,1,0,,N,swing001,tapak001,CLE
CLE199008270,CLE,BOS,0,1,,N,boddm001,candt001,BOS
CLE199008280,CLE,BOS,0,0,,N,gardw001,joned001,BOS
CLE199008290,CLE,BOS,0,1,,N,kiecd001,walkm001,BOS
CLE199008300,CLE,BOS,0,0,,N,clemr001,joned001,BOS
CLE199008310,CLE,TOR,0,0,,N,ackej001,swing001,TOR
CLE199009010,CLE,TOR,0,1,,N,stott001,candt001,TOR
CLE199009020,CLE,TOR,0,0,,D,stied001,blacb001,TOR
CLE199009101,CLE,CHA,0,0,,N,joned001,joneb002,CLE
CLE199009102,CLE,CHA,0,3,,N,kinge001,nagyc001,CHA
CLE199009110,CLE,CHA,0,0,,N,orosj001,joneb002,CLE
CLE199009120,CLE,CHA,0,1,,N,blacb001,perem001,CLE
CLE199009170,CLE,MIL,1,1,,N,olins001,higut001,CLE
CLE199009180,CLE,MIL,0,1,,N,nagyc001,augud001,CLE
CLE199009190,CLE,MIL,0,1,,N,valds001,navaj001,CLE
CLE199009270,CLE,BAL,1,0,,N,johnd001,farrj001,BAL
CLE199009280,CLE,BAL,0,0,,N,mcdob001,valds001,BAL
CLE199009301,CLE,BAL,0,0,,D,milab001,swing001,BAL
CLE199009302,CLE,BAL,1,0,,D,nagyc001,tayld002,CLE
CLE199010020,CLE,KCA,9,0,,N,candt001,wagnh001,CLE
CLE199010030,CLE,KCA,1,0,,D,valds001,smitd004,CLE
DET199004120,DET,BOS,2,1,,D,lugor001,rochm001,DET
DET199004130,DET,BAL,0,3,,N,morrj001,pricj001,DET
DET199004140,DET,BAL,0,0,,D,johnd001,ritzk001,BAL
DET199004150,DET,BAL,0,0,,D,petrd001,aldrj001,DET
DET199004170,DET,NYA,0,0,,N,leart001,tanaf001,NYA
DET199004180,DET,NYA,0,0,,D,morrj001,lapod001,DET
DET199004270,DET,MIL,0,0,,N,krueb001,morrj001,MIL
DET199004280,DET,MIL,0,0,,N,tanaf001,augud001,DET
DET199004290,DET,MIL,0,0,,D,bosic001,petrd001,MIL
DET199004300,DET,MIL,0,1,,N,knudm001,robij002,MIL
DET199005010,DET,MIN,0,0,,N,candj001,gibsp001,MIN
DET199005020,DET,MIN,1,0,,N,westd001,morrj001,MIN
DET199005030,DET,MIN,0,0,,D,leact001,hennm001,MIN
DET199005100,DET,TOR,0,2,,N,robij002,stott001,DET
DET199005110,DET,TOR,0,0,,N,key-j001,dubob001,TOR
DET199005130,DET,TOR,2,0,,D,welld001,morrj001,TOR
DET199005140,DET,TOR,0,1,,D,wardd001,hennm001,TOR
DET199005210,DET,KCA,0,1,,N,robij002,gordt001,DET
DET199005220,DET,KCA,3,0,,N,farrs001,morrj001,KCA
DET199005230,DET,TEX,0,0,,N,dubob001,jeffm001,DET
DET199005240,DET,TEX,0,0,,N,hougc001,tanaf001,TEX
DET199005250,DET,CHA,0,0,,N,gibsp001,hibbg001,DET
DET199005260,DET,CHA,0,0,,D,pattk001,robij002,CHA
DET199005270,DET,CHA,0,0,,D,perem001,morrj001,CHA
DET199006081,DET,SEA,0,0,,N,hanse001,tanaf001,SEA
DET199006082,DET,SEA,0,0,,N,hennm001,comsk001,DET
DET199006090,DET,SEA,0,0,,N,swanr001,petrd001,SEA
DET199006100,DET,SEA,0,1,,D,morrj001,holmb001,DET
DET199006120,DET,CLE,0,0,,N,blacb001,dubob001,CLE
DET199006130,DET,CLE,0,0,,N,hennm001,seanr001,DET
DET199006140,DET,CLE,0,1,,N,tanaf001,valds001,DET
DET199006150,DET,CAL,0,0,,N,gleaj001,harvb001,DET
DET199006160,DET,CAL,2,0,,D,morrj001,blylb001,DET
DET199006170,DET,CAL,0,2,,D,finlc001,dubob001,CAL
DET199006180,DET,OAK,3,0,,N,robij002,younc001,DET
DET199006190,DET,OAK,3,3,,N,gibsp001,stewd001,DET
DET199006200,DET,OAK,1,3,,D,welcb001,petrd001,OAK
DET199007050,DET,KCA,1,1,,N,aquil001,petrd001,KCA
DET199007060,DET,KCA,0,0,,N,morrj001,gordt001,DET
DET199007070,DET,KCA,0,0,,N,appik001,tanaf001,KCA
DET199007080,DET,KCA,1,1,,D,petrd001,davim001,DET
DET199007120,DET,TEX,0,0,,N,browk001,morrj001,TEX
DET199007130,DET,TEX,0,0,,N,wittb001,gleaj001,TEX
DET199007140,DET,TEX,0,1,,N,ryann001,robij002,TEX
DET199007150,DET,TEX,0,0,,D,sears001,jeffm001,DET
DET199007160,DET,CHA,1,0,,N,hennm001,palld001,DET
DET199007170,DET,CHA,3,0,,N,perem001,morrj001,CHA
DET199007180,DET,CHA,0,1,,N,palld001,hennm001,CHA
DET199007190,DET,BOS,0,0,,N,robij002,harrg001,DET
DET199007230,DET,BAL,0,0,,N,johnd001,tanaf001,BAL
DET199007240,DET,BAL,0,0,,N,robij002,mitcj001,DET
DET199007250,DET,BAL,0,0,,D,hennm001,milab001,DET
DET199007260,DET,BOS,1,0,,N,petrd001,gardw001,DET
DET199007270,DET,BOS,0,0,,N,boltt001,morrj001,BOS
DET199007280,DET,BOS,3,5,,D,gibsp001,lampd001,DET
DET199007290,DET,BOS,2,0,,D,harrg001,robij002,BOS
DET199008140,DET,MIL,6,1,,N,crimc001,gleaj001,MIL
DET199008150,DET,MIL,0,2,,N,mirap001,sears001,MIL
DET199008160,DET,MIL,1,1,,N,robir001,petrd001,MIL
DET199008170,DET,CLE,0,0,,N,morrj001,candt001,DET
DET199008180,DET,CLE,2,0,,N,terrw001,shawj001,DET
DET199008200,DET,CAL,0,1,,N,langm001,gibsp001,CAL
DET199008210,DET,CAL,4,0,,N,petrd001,grahj001,DET
DET199008220,DET,CAL,1,0,,D,morrj001,finlc001,DET
DET199008240,DET,OAK,1,0,,N,sands001,terrw001,OAK
DET199008250,DET,OAK,2,3,,D,tanaf001,stewd001,DET
DET199008260,DET,OAK,0,3,,N,robij002,welcb001,DET
DET199009030,DET,TOR,2,0,,D,terrw001,key-j001,DET
DET199009040,DET,TOR,0,0,,N,gibsp001,wardd001,DET
DET199009050,DET,TOR,0,1,,N,welld001,parkc001,TOR
DET199009060,DET,CLE,0,2,,N,candt001,noser001,CLE
DET199009130,DET,NYA,0,2,,N,wittm001,terrw001,NYA
DET199009140,DET,NYA,1,0,,N,leart001,aldrs001,NYA
DET199009150,DET,NYA,0,1,,N,tanaf001,eilad001,DET
DET199009160,DET,NYA,1,0,,D,sears001,caryc001,DET
DET199009250,DET,SEA,0,0,,N,hennm001,delur001,DET
DET199009260,DET,SEA,0,0,,N,hanse001,tanaf001,SEA
DET199009270,DET,BOS,0,0,,N,boltt001,sears001,BOS
DET199009280,DET,MIN,0,0,,N,morrj001,andea001,DET
DET199009290,DET,MIN,0,0,,D,erics001,aldrs001,MIN
DET199009300,DET,MIN,0,0,,D,terrw001,guthm001,DET
HOU199004090,HOU,CIN,0,0,,N,myerr001,kerfc001,CIN
HOU199004100,HOU,CIN,0,0,,N,layat001,agosj001,CIN
HOU199004110,HOU,CIN,0,0,,N,armsj001,portm001,CIN
HOU199004130,HOU,LAN,0,0,,N,morgm001,gullb001,LAN
HOU199004140,HOU,LAN,0,0,,D,andel001,wettj001,HOU
HOU199004150,HOU,LAN,3,0,,D,howej001,kerfc001,LAN
HOU199004170,HOU,ATL,0,2,,N,portm001,smolj001,HOU
HOU199004180,HOU,ATL,3,2,,N,schad001,lilld001,HOU
HOU199004240,HOU,MON,0,3,,N,grosk001,scotm001,MON
HOU199004250,HOU,MON,0,0,,N,freys001,smitd001,MON
HOU199004270,HOU,NYN,0,0,,N,violf001,portm001,NYN
HOU199004280,HOU,NYN,1,0,,N,gullb001,ferns001,HOU
HOU199004290,HOU,NYN,0,0,,D,darwd001,machj001,HOU
HOU199005080,HOU,PHI,0,1,,N,smitd001,noled001,HOU
HOU199005090,HOU,PHI,0,0,,N,combp001,scotm001,PHI
HOU199005170,HOU,CHN,0,0,,N,smitd001,nunej001,HOU
HOU199005180,HOU,CHN,0,2,,N,harkm001,gullb001,CHN
HOU199005190,HOU,CHN,0,0,,N,lancl001,clanj001,CHN
HOU199005200,HOU,CHN,0,1,,D,bosks001,scotm001,CHN
HOU199005210,HOU,PIT,0,0,,N,agosj001,powet001,HOU
HOU199005220,HOU,PIT,0,0,,N,heatn001,schad001,PIT
HOU199005230,HOU,PIT,1,2,,N,agosj001,rusks001,HOU
HOU199005280,HOU,SLN,0,0,,D,gullb001,mathg001,HOU
HOU199005290,HOU,SLN,0,0,,N,tudoj001,schad001,SLN
HOU199005300,HOU,SLN,1,1,,N,agosj001,magrj001,HOU
HOU199006070,HOU,CIN,0,2,,N,rijoj001,gullb001,CIN
HOU199006080,HOU,CIN,0,0,,N,scotm001,myerr001,HOU
HOU199006090,HOU,CIN,0,0,,N,clanj001,mahlr001,HOU
HOU199006100,HOU,CIN,2,0,,D,darwd001,armsj001,HOU
HOU199006110,HOU,LAN,0,0,,N,andel001,morgm001,HOU
HOU199006120,HOU,LAN,5,1,,N,gullb001,maddm002,HOU
HOU199006130,HOU,LAN,0,0,,N,scotm001,belct001,HOU
HOU199006220,HOU,SFN,0,1,,N,garrs001,deshj001,SFN
HOU199006230,HOU,SFN,0,1,,D,portm001,bedrs001,HOU
HOU199006240,HOU,SFN,3,0,,D,gullb001,robid001,HOU
HOU199006250,HOU,SDN,0,0,,N,scotm001,benea001,HOU
HOU199006260,HOU,SDN,0,1,,N,rasmd001,clanj001,SDN
HOU199006270,HOU,SDN,2,0,,N,deshj001,hursb001,HOU
HOU199006280,HOU,SDN,0,0,,D,andel001,granm001,HOU
HOU199007120,HOU,PHI,2,2,,N,gullb001,ruffb001,HOU
HOU199007130,HOU,PHI,0,0,,N,dejej001,scotm001,PHI
HOU199007140,HOU,PHI,0,1,,N,combp001,deshj001,PHI
HOU199007150,HOU,PHI,0,0,,D,darwd001,parrj001,HOU
HOU199007160,HOU,NYN,0,1,,N,portm001,ojedb001,HOU
HOU199007170,HOU,NYN,0,1,,N,goodd001,gullb001,NYN
HOU199007180,HOU,NYN,0,0,,N,scotm001,penaa001,HOU
HOU199007190,HOU,MON,0,0,,N,andel001,sampb002,HOU
HOU199007200,HOU,MON,3,0,,N,darwd001,grosk001,HOU
HOU199007210,HOU,MON,0,2,,N,smitz001,agosj001,MON
HOU199007220,HOU,MON,0,1,,D,agosj001,schmd001,HOU
HOU199008020,HOU,ATL,0,0,,N,gullb001,glavt001,HOU
HOU199008030,HOU,ATL,0,0,,N,scotm001,smolj001,HOU
HOU199008040,HOU,ATL,1,1,,N,deshj001,leibc001,HOU
HOU199008050,HOU,ATL,1,0,,D,darwd001,avers001,HOU
HOU199008060,HOU,SFN,0,0,,N,gullb001,robid001,HOU
HOU199008070,HOU,SFN,0,0,,N,portm001,burkj001,HOU
HOU199008080,HOU,SFN,0,0,,D,wilst002,agosj001,SFN
HOU199008100,HOU,SDN,0,2,,N,white001,deshj001,SDN
HOU199008110,HOU,SDN,0,0,,N,showe001,smitd001,SDN
HOU199008120,HOU,SDN,0,1,,N,lilld001,gullb001,SDN
HOU199008240,HOU,SLN,0,0,,N,terrs001,smitd001,SLN
HOU199008250,HOU,SLN,0,0,,N,deshj001,delej001,HOU
HOU199008260,HOU,SLN,0,1,,D,darwd001,hillk001,HOU
HOU199008280,HOU,CHN,0,0,,N,maddg002,gullb001,CHN
HOU199008290,HOU,CHN,0,0,,N,portm001,sutcr001,HOU
HOU199008310,HOU,PIT,0,0,,N,agosj001,pattb001,HOU
HOU199009010,HOU,PIT,1,0,,N,smitd001,powet001,HOU
HOU199009020,HOU,PIT,0,1,,D,smilj001,darwd001,PIT
HOU199009140,HOU,SFN,1,0,,N,portm001,downk001,HOU
HOU199009150,HOU,SFN,0,0,,N,hernx001,bedrs001,HOU
HOU199009160,HOU,SFN,1,1,,D,agosj001,robid001,HOU
HOU199009170,HOU,SDN,0,0,,N,hursb001,darwd001,SDN
HOU199009180,HOU,SDN,0,0,,N,white001,gullb001,SDN
HOU199009190,HOU,CIN,1,0,,N,portm001,jackd001,HOU
HOU199009200,HOU,CIN,0,0,,N,hernx001,myerr001,HOU
HOU199009240,HOU,LAN,0,0,,N,gottj001,smitd001,LAN
HOU199009250,HOU,LAN,0,0,,N,howej001,agosj001,LAN
HOU199009260,HOU,LAN,3,0,,N,deshj001,morgm001,HOU
HOU199009280,HOU,ATL,0,0,,N,osuna001,merck001,HOU
HOU199009290,HOU,ATL,0,0,,D,gullb001,leibc001,HOU
HOU199009300,HOU,ATL,0,0,,D,portm001,glavt001,HOU
KCA199004090,KCA,BAL,0,0,,D,aldrj001,montj002,BAL
KCA199004110,KCA,BAL,0,1,,N,gubim001,ballj002,KCA
KCA199004130,KCA,TOR,0,0,,N,key-j001,davis001,TOR
KCA199004140,KCA,TOR,0,0,,D,sabeb001,stott001,KCA
KCA199004150,KCA,TOR,0,0,,D,stied001,craws001,TOR
KCA199004160,KCA,CLE,0,2,,N,candt001,gubim001,CLE
KCA199004170,KCA,CLE,0,1,,N,farrs001,olins001,KCA
KCA199004180,KCA,CLE,0,0,,N,davis001,farrj001,KCA
KCA199004270,KCA,TEX,4,0,,N,russj001,davim001,TEX
KCA199004280,KCA,TEX,0,1,,D,browk001,davis001,TEX
KCA199004290,KCA,TEX,0,0,,D,montj002,rogek001,KCA
KCA199005010,KCA,MIL,0,4,,N,higut001,sabeb001,MIL
KCA199005030,KCA,MIL,1,1,,N,navaj001,gubim001,MIL
KCA199005040,KCA,CHA,0,0,,N,joneb002,farrs001,CHA
KCA199005050,KCA,CHA,0,1,,N,kinge001,dotsr001,CHA
KCA199005060,KCA,CHA,0,0,,D,farrs001,thigb001,KCA
KCA199005140,KCA,BOS,1,0,,N,davim001,rearj001,KCA
KCA199005160,KCA,BOS,0,0,,N,boddm001,gordt001,BOS
KCA199005250,KCA,NYA,0,4,,N,caryc001,davis001,NYA
KCA199005260,KCA,NYA,0,0,,N,gordt001,hawka001,KCA
KCA199005270,KCA,NYA,3,0,,D,appik001,lapod001,KCA
KCA199005280,KCA,DET,1,0,,N,sabeb001,dubob001,KCA
KCA199005290,KCA,DET,0,0,,N,farrs001,hennm001,KCA
KCA199005300,KCA,DET,0,0,,N,aquil001,petrd001,KCA
KCA199005310,KCA,OAK,0,1,,N,welcb001,gordt001,OAK
KCA199006010,KCA,OAK,0,3,,N,sands001,appik001,OAK
KCA199006020,KCA,OAK,5,0,,N,sabeb001,moorm001,KCA
KCA199006030,KCA,OAK,0,0,,D,gubim001,stewd001,KCA
KCA199006050,KCA,CAL,0,3,,N,langm001,dotsr001,CAL
KCA199006060,KCA,CAL,0,0,,N,blylb001,gordt001,CAL
KCA199006070,KCA,CAL,0,0,,D,finlc001,sabeb001,CAL
KCA199006150,KCA,MIN,0,0,,N,appik001,drumt001,KCA
KCA199006160,KCA,MIN,3,0,,N,gordt001,guthm001,KCA
KCA199006170,KCA,MIN,0,0,,D,tapak001,sabeb001,MIN
KCA199006180,KCA,SEA,0,1,,N,gubim001,hanse001,KCA
KCA199006190,KCA,SEA,1,0,,N,farrs001,swanr001,KCA
KCA199006200,KCA,SEA,1,1,,N,holmb001,appik001,SEA
KCA199006290,KCA,DET,0,0,,N,craws001,robij002,KCA
KCA199006300,KCA,DET,0,0,,N,nunee001,davis001,DET
KCA199007010,KCA,DET,0,2,,D,morrj001,gordt001,DET
KCA199007020,KCA,NYA,2,0,,N,appik001,jonej002,KCA
KCA199007030,KCA,NYA,1,0,,N,farrs001,leart001,KCA
KCA199007040,KCA,NYA,1,1,,N,craws001,guetl001,KCA
KCA199007201,KCA,BOS,0,0,,N,appik001,clemr001,KCA
KCA199007202,KCA,BOS,0,0,,N,kiecd001,aquil001,BOS
KCA199007210,KCA,BOS,1,0,,N,farrs001,rearj001,KCA
KCA199007220,KCA,BOS,0,0,,N,davis001,boltt001,KCA
KCA199007270,KCA,BAL,1,2,,N,mcdob001,davis001,BAL
KCA199007281,KCA,BAL,0,3,,D,craws001,willm004,KCA
KCA199007282,KCA,BAL,0,0,,D,johnd001,farrs001,BAL
KCA199007290,KCA,BAL,0,2,,D,mitcj001,gordt001,BAL
KCA199008060,KCA,CHA,0,0,,N,davis001,perem001,KCA
KCA199008070,KCA,CHA,1,0,,N,ferna001,filsp001,CHA
KCA199008080,KCA,CHA,1,0,,N,gordt001,hibbg001,KCA
KCA199008090,KCA,CHA,1,0,,N,appik001,petea001,KCA
KCA199008101,KCA,MIL,2,0,,N,montj002,plesd001,KCA
KCA199008102,KCA,MIL,0,0,,N,davis001,powed001,KCA
KCA199008110,KCA,MIL,1,5,,N,robir001,filsp001,MIL
KCA199008120,KCA,MIL,2,0,,D,gordt001,navaj001,KCA
KCA199008130,KCA,TEX,3,1,,N,appik001,browk001,KCA
KCA199008140,KCA,TEX,0,0,,N,farrs001,mielg001,KCA
KCA199008150,KCA,TEX,0,0,,N,wittb001,davis001,TEX
KCA199008200,KCA,MIN,3,1,,N,davis001,westd001,KCA
KCA199008210,KCA,MIN,2,0,,N,craws001,abbop001,KCA
KCA199008220,KCA,MIN,1,0,,N,gordt001,erics001,KCA
KCA199008230,KCA,SEA,2,0,,N,appik001,holmb001,KCA
KCA199008240,KCA,SEA,0,0,,N,farrs001,harrg003,KCA
KCA199008250,KCA,SEA,0,0,,N,hanse001,davis001,SEA
KCA199008260,KCA,SEA,0,0,,D,campj001,johnr005,KCA
KCA199009100,KCA,TOR,1,1,,N,welld001,wagnh001,TOR
KCA199009110,KCA,TOR,0,0,,N,willf002,stotm001,TOR
KCA199009120,KCA,TOR,3,0,,N,gordt001,stott001,KCA
KCA199009140,KCA,CLE,0,1,,N,valds001,appik001,CLE
KCA199009150,KCA,CLE,1,6,,N,swing001,mcgaa001,CLE
KCA199009160,KCA,CLE,3,0,,D,montj002,valde001,KCA
KCA199009210,KCA,CAL,0,0,,N,mccak001,sabeb001,CAL
KCA199009220,KCA,CAL,1,2,,D,davim001,abboj001,KCA
KCA199009230,KCA,CAL,0,0,,D,farrs001,finlc001,KCA
KCA199009240,KCA,OAK,0,0,,N,gordt001,younc001,KCA
KCA199009250,KCA,OAK,0,1,,N,stewd001,appik001,OAK
KCA199009260,KCA,OAK,1,1,,N,welcb001,sabeb001,OAK
LAN199004090,LAN,SDN,0,0,,D,wettj001,hursb001,LAN
LAN199004160,LAN,SFN,0,1,,N,lacom001,valef001,SFN
LAN199004190,LAN,HOU,1,0,,N,herso001,scotm001,LAN
LAN199004200,LAN,HOU,0,0,,N,deshj001,belct001,HOU
LAN199004210,LAN,HOU,1,2,,N,agosj001,howej001,HOU
LAN199004220,LAN,HOU,0,0,,D,martr002,portm001,LAN
LAN199004240,LAN,SLN,1,0,,N,morgm001,magrj001,LAN
LAN199004250,LAN,SLN,0,0,,N,smitb001,herso001,SLN
LAN199004260,LAN,SLN,0,2,,N,delej001,belct001,SLN
LAN199004270,LAN,CHN,0,0,,N,valef001,nunej001,LAN
LAN199004280,LAN,CHN,0,0,,N,martr002,willm002,LAN
LAN199004290,LAN,CHN,0,0,,N,maddg002,morgm001,CHN
LAN199004300,LAN,SFN,0,0,,N,burkj001,wettj001,SFN
LAN199005010,LAN,PIT,1,0,,N,belct001,terrw001,LAN
LAN199005020,LAN,PIT,1,0,,N,valef001,smilj001,LAN
LAN199005140,LAN,MON,0,0,,N,valef001,grosk001,LAN
LAN199005150,LAN,MON,1,0,,N,martr002,martd001,LAN
LAN199005160,LAN,MON,0,0,,N,morgm001,halld001,LAN
LAN199005180,LAN,PHI,0,0,,N,belct001,ruffb001,LAN
LAN199005190,LAN,PHI,0,0,,N,mcdor001,howej001,PHI
LAN199005200,LAN,PHI,1,0,,D,martr002,combp001,LAN
LAN199005210,LAN,NYN,0,0,,N,goodd001,morgm001,NYN
LAN199005220,LAN,NYN,0,1,,D,ojedb001,crewt001,NYN
LAN199005310,LAN,CIN,1,0,,N,aased001,charn001,LAN
LAN199006010,LAN,CIN,0,0,,N,jackd001,wettj001,CIN
LAN199006020,LAN,CIN,1,0,,N,charn001,crewt001,CIN
LAN199006030,LAN,CIN,0,0,,D,browt001,valef001,CIN
LAN199006040,LAN,ATL,0,0,,N,martr002,glavt001,LAN
LAN199006050,LAN,ATL,0,0,,N,smitp001,morgm001,ATL
LAN199006060,LAN,ATL,0,0,,N,howej001,kerfc001,LAN
LAN199006150,LAN,SDN,0,0,,N,schic001,hartm002,SDN
LAN199006160,LAN,SDN,1,0,,D,martr002,dunnm001,LAN
LAN199006170,LAN,SDN,3,0,,D,morgm001,rasmd001,LAN
LAN199006180,LAN,HOU,0,0,,N,belct001,gullb001,LAN
LAN199006190,LAN,HOU,0,0,,N,valef001,scotm001,LAN
LAN199006200,LAN,HOU,0,0,,N,martr002,clanj001,LAN
LAN199006290,LAN,SLN,1,0,,N,valef001,delej001,LAN
LAN199006300,LAN,SLN,0,1,,N,tudoj001,gottj001,SLN
LAN199007010,LAN,SLN,3,0,,D,dipif001,crewt001,SLN
LAN199007020,LAN,CHN,2,0,,N,belct001,picoj001,LAN
LAN199007030,LAN,CHN,3,0,,N,hartm002,assep001,LAN
LAN199007040,LAN,CHN,2,0,,N,harkm001,valef001,CHN
LAN199007050,LAN,PIT,4,0,,N,reedr002,martr002,PIT
LAN199007060,LAN,PIT,0,0,,N,smilj001,morgm001,PIT
LAN199007070,LAN,PIT,2,0,,N,belct001,terrw001,LAN
LAN199007080,LAN,PIT,0,3,,D,drabd001,wellt001,PIT
LAN199007230,LAN,SFN,3,0,,N,valef001,wilst002,LAN
LAN199007240,LAN,SFN,2,0,,N,martr002,burkj001,LAN
LAN199007250,LAN,SFN,0,3,,N,garrs001,morgm001,SFN
LAN199007260,LAN,ATL,0,0,,N,belct001,clarm001,LAN
LAN199007270,LAN,ATL,0,0,,N,searr001,luecr001,LAN
LAN199007280,LAN,ATL,1,1,,N,hartm002,granm001,LAN
LAN199007290,LAN,ATL,1,0,,D,martr002,leibc001,LAN
LAN199007300,LAN,CIN,1,0,,N,morgm001,charn001,LAN
LAN199007310,LAN,CIN,0,1,,N,rijoj001,belct001,CIN
LAN199008010,LAN,SFN,0,0,,N,robid001,howej001,SFN
LAN199008170,LAN,MON,1,0,,N,neidj001,gardm001,LAN
LAN199008180,LAN,MON,0,0,,N,valef001,rojam001,LAN
LAN199008190,LAN,MON,1,0,,D,martd001,martr002,MON
LAN199008200,LAN,PHI,1,0,,N,gottj001,mulht001,LAN
LAN199008210,LAN,PHI,0,0,,N,mcdor001,crewt001,PHI
LAN199008220,LAN,PHI,0,0,,N,gottj001,boevj001,LAN
LAN199008230,LAN,NYN,0,0,,N,valef001,coned001,LAN
LAN199008240,LAN,NYN,0,0,,N,goodd001,gottj001,NYN
LAN199008250,LAN,NYN,1,0,,D,aased001,darlr001,LAN
LAN199008260,LAN,NYN,1,0,,D,hartm002,violf001,LAN
LAN199009030,LAN,HOU,0,0,,N,gullb001,valef001,HOU
LAN199009040,LAN,HOU,3,0,,N,osuna001,gottj001,HOU
LAN199009050,LAN,ATL,0,2,,N,smolj001,morgm001,ATL
LAN199009060,LAN,ATL,3,0,,N,hartm002,marap001,LAN
LAN199009070,LAN,CIN,1,0,,N,neidj001,rijoj001,LAN
LAN199009080,LAN,CIN,1,3,,N,browt001,valef001,CIN
LAN199009090,LAN,CIN,0,0,,D,martr002,jackd001,LAN
LAN199009190,LAN,SDN,1,0,,N,lilld001,holmd001,SDN
LAN199009200,LAN,SDN,0,0,,N,martr002,benea001,LAN
LAN199009210,LAN,SFN,5,1,,N,morgm001,robid001,LAN
LAN199009220,LAN,SFN,0,0,,N,cookd001,lacom001,LAN
LAN199009230,LAN,SFN,0,2,,D,burkj001,neidj001,SFN
LAN199010010,LAN,SDN,0,0,,N,martr002,benea001,LAN
LAN199010020,LAN,SDN,0,0,,N,walsd001,leffc001,LAN
LAN199010030,LAN,SDN,0,0,,N,showe001,cookd001,SDN
MIL199004100,MIL,CHA,1,0,,D,radis001,filet001,CHA
MIL199004200,MIL,BOS,0,0,,N,filet001,boddm001,MIL
MIL199004210,MIL,BOS,1,0,,D,higut001,hetze001,MIL
MIL199004220,MIL,BOS,2,0,,D,smitl001,plesd001,BOS
MIL199004240,MIL,KCA,3,0,,N,bosic001,dotsr001,MIL
MIL199004250,MIL,KCA,0,0,,N,filet001,sabeb001,MIL
MIL199004260,MIL,KCA,0,0,,D,knudm001,gubim001,MIL
MIL199005050,MIL,MIN,1,0,,N,candj001,crimc001,MIN
MIL199005060,MIL,MIN,0,1,,D,tapak001,higut001,MIN
MIL199005070,MIL,DET,0,0,,N,krueb001,morrj001,MIL
MIL199005080,MIL,DET,0,0,,N,mirap001,tanaf001,MIL
MIL199005090,MIL,DET,1,2,,D,petrd001,bosic001,DET
MIL199005150,MIL,CAL,0,0,,N,langm001,bosic001,CAL
MIL199005160,MIL,CAL,4,0,,N,higut001,abboj001,MIL
MIL199005170,MIL,CAL,0,1,,D,mirap001,frasw001,MIL
MIL199005180,MIL,OAK,0,0,,N,wegmb001,moorm001,MIL
MIL199005190,MIL,OAK,0,0,,N,stewd001,filet001,OAK
MIL199005200,MIL,OAK,0,0,,D,bosic001,sands001,MIL
MIL199005210,MIL,SEA,0,0,,N,clarb001,plesd001,SEA
MIL199005220,MIL,SEA,0,0,,D,knudm001,swifb001,MIL
MIL199006040,MIL,BAL,1,0,,N,pricj001,krueb001,BAL
MIL199006050,MIL,BAL,0,0,,N,navaj001,tibbj001,MIL
MIL199006060,MIL,BAL,2,0,,N,willm004,krueb001,BAL
MIL199006070,MIL,BAL,0,0,,D,johnd001,mirap001,BAL
MIL199006080,MIL,TOR,0,2,,N,gillt001,crimc001,TOR
MIL199006090,MIL,TOR,0,0,,N,stied001,bosic001,TOR
MIL199006100,MIL,TOR,0,0,,N,welld001,navaj001,TOR
MIL199006110,MIL,TOR,0,0,,N,krueb001,blaiw001,MIL
MIL199006180,MIL,NYA,4,0,,N,knudm001,leart001,MIL
MIL199006190,MIL,NYA,0,0,,N,caryc001,bosic001,NYA
MIL199006200,MIL,NYA,0,0,,D,guetl001,crimc001,NYA
MIL199006220,MIL,CLE,0,0,,N,edent001,blacb001,MIL
MIL199006230,MIL,CLE,1,0,,N,robir001,nippa001,MIL
MIL199006240,MIL,CLE,0,1,,D,farrj001,knudm001,CLE
MIL199006250,MIL,CLE,0,0,,N,candt001,bosic001,CLE
MIL199007030,MIL,OAK,0,1,,N,younc001,krueb001,OAK
MIL199007040,MIL,OAK,1,0,,N,robir001,stewd001,MIL
MIL199007050,MIL,OAK,1,0,,D,higut001,welcb001,MIL
MIL199007060,MIL,CAL,2,3,,N,mintg001,edent001,CAL
MIL199007070,MIL,CAL,0,1,,N,fettm001,verer001,CAL
MIL199007080,MIL,CAL,0,2,,D,edent001,mintg001,MIL
MIL199007190,MIL,SEA,4,0,,N,krueb001,johnr005,MIL
MIL199007200,MIL,SEA,1,2,,N,comsk001,verer001,SEA
MIL199007210,MIL,SEA,0,0,,N,robir001,hanse001,MIL
MIL199007220,MIL,SEA,0,1,,D,holmb001,higut001,SEA
MIL199007230,MIL,BOS,1,0,,N,knudm001,boddm001,MIL
MIL199007240,MIL,BOS,0,1,,N,plesd001,reedj002,MIL
MIL199007250,MIL,BOS,0,0,,D,clemr001,bosic001,BOS
MIL199007300,MIL,TEX,0,1,,N,wittb001,krueb001,TEX
MIL199007310,MIL,TEX,0,0,,N,ryann001,bosic001,TEX
MIL199008010,MIL,TEX,0,0,,D,hougc001,robir001,TEX
MIL199008021,MIL,CHA,0,0,,N,joneb002,verer001,CHA
MIL199008022,MIL,CHA,0,0,,N,perem001,navaj001,CHA
MIL199008030,MIL,CHA,0,0,,N,hibbg001,knudm001,CHA
MIL199008040,MIL,CHA,0,0,,N,petea001,krueb001,CHA
MIL199008050,MIL,CHA,1,1,,D,mcdoj001,powed001,CHA
MIL199008170,MIL,KCA,0,1,,N,higut001,gordt001,MIL
MIL199008180,MIL,KCA,0,3,,D,appik001,navaj001,KCA
MIL199008190,MIL,KCA,0,1,,D,knudm001,mcgaa001,MIL
MIL199008200,MIL,CLE,2,1,,N,edent001,olins001,MIL
MIL199008210,MIL,CLE,2,0,,N,plesd001,wardc003,MIL
MIL199008220,MIL,CLE,0,0,,D,candt001,higut001,CLE
MIL199008310,MIL,BAL,0,0,,N,robir001,mitcj001,MIL
MIL199009010,MIL,BAL,0,0,,N,higut001,mcdob001,MIL
MIL199009020,MIL,BAL,0,0,,D,navaj001,mesaj001,MIL
MIL199009031,MIL,MIN,0,2,,D,guthm001,knudm001,MIN
MIL199009032,MIL,MIN,1,0,,D,aguir001,plesd001,MIN
MIL199009040,MIL,MIN,0,2,,N,drumt001,edent001,MIN
MIL199009050,MIL,MIN,0,2,,N,robir001,wayng001,MIL
MIL199009070,MIL,DET,4,0,,N,higut001,morrj001,MIL
MIL199009080,MIL,DET,0,0,,N,navaj001,terrw001,MIL
MIL199009090,MIL,DET,0,0,,D,aldrs001,krueb001,DET
MIL199009240,MIL,TOR,0,0,,N,key-j001,navaj001,TOR
MIL199009250,MIL,TOR,0,0,,N,krueb001,blacb001,MIL
MIL199009260,MIL,TOR,1,0,,N,robir001,welld001,MIL
MIL199009280,MIL,NYA,0,0,,N,adkis001,higut001,NYA
MIL199009290,MIL,NYA,0,0,,D,navaj001,wittm001,MIL
MIL199009300,MIL,NYA,0,1,,D,eilad001,edent001,NYA
MIL199010010,MIL,TEX,1,1,,N,jeffm001,robir001,TEX
MIL199010020,MIL,TEX,0,0,,N,browk003,rogek001,MIL
MIL199010030,MIL,TEX,1,0,,N,higut001,barfj002,MIL
MIN199004200,MIN,CAL,0,0,,N,tapak001,abboj001,MIN
MIN199004210,MIN,CAL,5,0,,N,westd001,blylb001,MIN
MIN199004220,MIN,CAL,0,0,,D,finlc001,andea001,CAL
MIN199004230,MIN,DET,0,0,,N,tanaf001,smitr001,DET
MIN199004240,MIN,DET,3,2,,N,candj001,ritzk001,MIN
MIN199004250,MIN,DET,1,3,,N,robij002,tapak001,DET
MIN199005080,MIN,CLE,0,5,,N,berej001,olins001,MIN
MIN199005090,MIN,CLE,0,0,,N,valds001,candj001,CLE
MIN199005100,MIN,CLE,0,0,,N,smitr001,swing001,MIN
MIN199005110,MIN,MIL,0,1,,N,wegmb001,andea001,MIL
MIN199005120,MIN,MIL,1,0,,N,tapak001,knudm001,MIN
MIN199005130,MIN,MIL,2,1,,D,berej001,krueb001,MIN
MIN199005140,MIN,OAK,0,0,,N,andea001,stewd001,MIN
MIN199005230,MIN,NYA,0,0,,N,leart001,drumt001,NYA
MIN199005240,MIN,NYA,0,0,,N,aguir001,cadag001,MIN
MIN199005250,MIN,BOS,3,0,,N,smitr001,hetze001,MIN
MIN199005260,MIN,BOS,1,0,,N,candj001,murpr001,MIN
MIN199005270,MIN,BOS,1,0,,D,tapak001,kiecd001,MIN
MIN199005280,MIN,BAL,1,1,,D,berej001,pricj001,MIN
MIN199005290,MIN,BAL,0,0,,N,milab001,andea001,BAL
MIN199005300,MIN,BAL,0,0,,N,smitr001,harnp001,MIN
MIN199006080,MIN,CHA,0,0,,N,radis001,berej001,CHA
MIN199006090,MIN,CHA,0,0,,N,kinge001,andea001,CHA
MIN199006100,MIN,CHA,0,0,,D,hibbg001,smitr001,CHA
MIN199006120,MIN,TOR,0,2,,N,stott001,candj001,TOR
MIN199006130,MIN,TOR,0,0,,N,ceruj001,westd001,TOR
MIN199006140,MIN,TOR,1,1,,N,stied001,andea001,TOR
MIN199006210,MIN,KCA,0,1,,N,gordt001,guthm001,KCA
MIN199006220,MIN,KCA,0,0,,N,tapak001,sabeb001,MIN
MIN199006230,MIN,KCA,0,0,,N,westd001,gubim001,MIN
MIN199006240,MIN,KCA,0,0,,D,davis001,andea001,KCA
MIN199006250,MIN,TEX,0,0,,N,erics001,jeffm001,MIN
MIN199006260,MIN,TEX,0,0,,N,berej001,browk001,MIN
MIN199006270,MIN,TEX,1,0,,N,ryann001,tapak001,TEX
MIN199006280,MIN,TEX,0,0,,D,wittb001,westd001,TEX
MIN199006290,MIN,BAL,0,0,,N,johnd001,andea001,BAL
MIN199006300,MIN,BAL,0,0,,N,milab001,erics001,BAL
MIN199007010,MIN,BAL,0,0,,N,aguir001,olsog001,MIN
MIN199007030,MIN,BOS,0,0,,N,tapak001,clemr001,MIN
MIN199007040,MIN,BOS,1,0,,D,lampd001,aguir001,BOS
MIN199007050,MIN,BOS,0,0,,D,drumt001,murpr001,MIN
MIN199007110,MIN,OAK,2,2,,N,sands001,andea001,OAK
MIN199007190,MIN,NYA,0,0,,N,leart001,smitr001,NYA
MIN199007200,MIN,NYA,0,0,,N,andea001,lapod001,MIN
MIN199007210,MIN,NYA,1,0,,N,guthm001,robij001,MIN
MIN199007220,MIN,NYA,0,0,,D,cadag001,aguir001,NYA
MIN199007240,MIN,SEA,0,0,,N,younm001,westd001,SEA
MIN199007250,MIN,SEA,1,0,,N,tapak001,johnr005,MIN
MIN199007260,MIN,SEA,0,0,,D,swifb001,andea001,SEA
MIN199007270,MIN,OAK,1,0,,N,smitr001,moorm001,MIN
MIN199007281,MIN,OAK,0,0,,N,stewd001,guthm001,OAK
MIN199007282,MIN,OAK,3,0,,N,erics001,welcb001,MIN
MIN199007290,MIN,OAK,3,2,,D,aguir001,honer001,MIN
MIN199007300,MIN,CAL,0,0,,N,tapak001,blylb001,MIN
MIN199007310,MIN,CAL,1,0,,N,finlc001,andea001,CAL
MIN199008010,MIN,CAL,0,0,,D,langm001,smitr001,CAL
MIN199008060,MIN,MIL,0,0,,N,robir001,smitr001,MIL
MIN199008070,MIN,MIL,0,0,,N,navaj001,guthm001,MIL
MIN199008080,MIN,MIL,0,0,,N,erics001,knudm001,MIN
MIN199008170,MIN,TOR,0,0,,N,stied001,erics001,TOR
MIN199008180,MIN,TOR,0,0,,N,key-j001,andea001,TOR
MIN199008190,MIN,TOR,0,0,,D,welld001,guthm001,TOR
MIN199008270,MIN,CHA,3,0,,N,andea001,perem001,MIN
MIN199008280,MIN,CHA,0,0,,N,drumt001,petea001,MIN
MIN199008290,MIN,CHA,0,0,,N,guthm001,edwaw001,MIN
MIN199008300,MIN,CHA,2,0,,D,mcdoj001,westd001,CHA
MIN199008310,MIN,DET,0,3,,N,parkc001,abbop001,DET
MIN199009010,MIN,DET,2,0,,N,noser001,andea001,DET
MIN199009020,MIN,DET,1,0,,D,erics001,morrj001,MIN
MIN199009070,MIN,CLE,0,0,,N,andea001,blacb001,MIN
MIN199009080,MIN,CLE,1,0,,D,erics001,walkm001,MIN
MIN199009090,MIN,CLE,1,0,,D,olins001,savaj001,CLE
MIN199009170,MIN,KCA,0,0,,N,farrs001,casil001,KCA
MIN199009180,MIN,KCA,1,0,,N,erics001,gordt001,MIN
MIN199009190,MIN,KCA,0,0,,N,wayng001,montj002,MIN
MIN199009210,MIN,TEX,0,0,,N,wittb001,berej001,TEX
MIN199009220,MIN,TEX,0,0,,N,casil001,chias001,MIN
MIN199009230,MIN,TEX,5,0,,D,erics001,hougc001,MIN
MIN199010010,MIN,SEA,0,0,,N,tapak001,swanr001,MIN
MIN199010020,MIN,SEA,0,2,,N,hanse001,abbop001,SEA
MIN199010030,MIN,SEA,2,3,,D,casil001,johnr005,MIN
MON199004130,MON,NYN,0,0,,D,machj001,halld001,NYN
MON199004140,MON,NYN,0,1,,D,martd001,goodd001,MON
MON199004150,MON,NYN,2,1,,N,smitz001,darlr001,MON
MON199004160,MON,PHI,0,1,,N,heskj001,parrj001,MON
MON199004170,MON,PHI,0,0,,N,halld001,froht001,MON
MON199004180,MON,PHI,2,0,,N,howek001,grosk001,PHI
MON199004300,MON,HOU,0,0,,N,andel001,martd001,HOU
MON199005010,MON,HOU,0,0,,N,halld001,andel001,MON
MON199005020,MON,ATL,0,0,,N,clarm001,smitz001,ATL
MON199005030,MON,ATL,1,0,,N,kerfc001,halld001,ATL
MON199005040,MON,SFN,2,0,,N,grosk001,reusr001,MON
MON199005050,MON,SFN,0,0,,D,burkj001,martd001,SFN
MON199005060,MON,SFN,0,0,,D,gardm001,hamma001,MON
MON199005070,MON,SFN,1,0,,N,freys001,bedrs001,MON
MON199005080,MON,LAN,0,0,,N,sampb002,belct001,MON
MON199005090,MON,LAN,0,0,,N,grosk001,valef001,MON
MON199005100,MON,LAN,0,0,,D,martd001,martr002,MON
MON199005220,MON,SDN,3,0,,N,gardm001,white001,MON
MON199005230,MON,SDN,1,0,,D,boydo001,hursb001,MON
MON199005240,MON,CIN,0,0,,N,robir001,grosk001,CIN
MON199005250,MON,CIN,0,0,,N,armsj001,martd001,CIN
MON199005260,MON,CIN,0,0,,D,dibbr001,burkt001,CIN
MON199005270,MON,CIN,0,1,,D,halld001,birtt001,MON
MON199006070,MON,SLN,0,0,,N,smitz001,delej001,MON
MON199006080,MON,SLN,6,0,,N,martd001,smitb001,MON
MON199006090,MON,SLN,0,0,,N,gardm001,terrs001,MON
MON199006100,MON,SLN,0,0,,D,magrj001,boydo001,SLN
MON199006180,MON,CHN,0,0,,N,martd001,harkm001,MON
MON199006190,MON,CHN,0,0,,N,bosks001,gardm001,CHN
MON199006200,MON,CHN,0,0,,N,mohod001,maddg002,MON
MON199006220,MON,PIT,0,0,,N,sampb002,belis001,MON
MON199006230,MON,PIT,1,0,,N,smitz001,drabd001,MON
MON199006240,MON,PIT,0,0,,D,heatn001,martd001,PIT
MON199006290,MON,ATL,0,0,,N,glavt001,martd001,ATL
MON199006300,MON,ATL,2,0,,N,leibc001,gardm001,ATL
MON199007010,MON,ATL,0,0,,D,boydo001,avers001,MON
MON199007020,MON,ATL,0,2,,N,smolj001,farmh001,ATL
MON199007030,MON,CIN,0,1,,N,browt001,smitz001,CIN
MON199007040,MON,CIN,5,0,,N,martd001,scuds001,MON
MON199007050,MON,HOU,0,0,,N,gardm001,scotm001,MON
MON199007060,MON,HOU,0,0,,N,sampb002,agosj001,MON
MON199007070,MON,HOU,0,0,,N,smitz001,deshj001,MON
MON199007080,MON,HOU,0,0,,D,portm001,martd001,HOU
MON199007230,MON,PIT,3,0,,N,martd001,smilj001,MON
MON199007240,MON,PIT,0,0,,N,drabd001,grosk001,PIT
MON199007250,MON,PIT,2,0,,N,sampb002,belis001,MON
MON199007260,MON,CHN,0,2,,N,burkt001,willm002,MON
MON199007270,MON,CHN,0,0,,N,maddg002,sampb002,CHN
MON199007280,MON,CHN,1,0,,N,longb002,burkt001,CHN
MON199007290,MON,CHN,0,1,,D,harkm001,grosk001,CHN
MON199007310,MON,NYN,2,0,,N,boydo001,ferns001,MON
MON199008010,MON,NYN,0,0,,N,ojedb001,sampb002,NYN
MON199008020,MON,NYN,0,0,,D,violf001,martd001,NYN
MON199008100,MON,PHI,1,0,,N,boydo001,mulht001,MON
MON199008110,MON,PHI,0,2,,N,sampb002,carmd001,MON
MON199008120,MON,PHI,2,0,,D,nabhc001,dejej001,MON
MON199008240,MON,SDN,0,0,,N,benea001,martd001,SDN
MON199008250,MON,SDN,0,1,,N,nabhc001,rasmd001,MON
MON199008260,MON,SDN,1,0,,N,freys001,hursb001,MON
MON199008270,MON,SDN,0,0,,D,white001,boydo001,SDN
MON199008280,MON,SFN,0,0,,N,gardm001,garrs001,MON
MON199008290,MON,SFN,3,0,,N,branj001,sampb002,SFN
MON199008310,MON,LAN,0,1,,N,nabhc001,morgm001,MON
MON199009010,MON,LAN,0,0,,N,boydo001,hartm002,MON
MON199009020,MON,LAN,0,4,,D,crewt001,gardm001,LAN
MON199009030,MON,CHN,0,0,,D,freys001,kramr001,MON
MON199009040,MON,CHN,0,0,,N,bielm001,martd001,CHN
MON199009120,MON,SLN,2,1,,N,boydo001,tewkb001,MON
MON199009130,MON,SLN,0,1,,N,olivo001,sampb002,SLN
MON199009140,MON,PIT,0,0,,N,freys001,heatn001,MON
MON199009150,MON,PIT,1,1,,N,sampb002,smitz001,MON
MON199009160,MON,PIT,0,0,,D,rusks001,tomlr001,MON
MON199009250,MON,NYN,0,0,,N,penaa001,nabhc001,NYN
MON199009260,MON,NYN,0,2,,N,coned001,martd001,NYN
MON199009270,MON,NYN,0,0,,N,darlr001,grosk001,NYN
MON199009280,MON,PHI,0,0,,N,grimj001,boydo001,PHI
MON199009290,MON,PHI,2,0,,N,barnb001,combp001,MON
MON199009300,MON,PHI,0,0,,D,mulht001,nabhc001,PHI
MON199010010,MON,SLN,0,0,,N,burkt001,daylk001,MON
MON199010020,MON,SLN,1,0,,N,grosk001,olivo001,MON
MON199010030,MON,SLN,0,0,,D,sampb002,hillk001,MON
NYA199004120,NYA,CLE,0,0,,D,plune001,orosj001,NYA
NYA199004130,NYA,TEX,1,0,,N,perep001,wittb001,NYA
NYA199004140,NYA,TEX,0,2,,D,ryann001,hawka001,TEX
NYA199004150,NYA,TEX,0,0,,D,plune001,russj001,NYA
NYA199004240,NYA,SEA,5,0,,N,lapod001,younm001,NYA
NYA199004250,NYA,SEA,1,0,,N,holmb001,perep001,SEA
NYA199004260,NYA,SEA,0,0,,N,johnr005,hawka001,SEA
NYA199004270,NYA,CAL,3,0,,N,guetl001,frasw001,NYA
NYA199004280,NYA,CAL,0,2,,D,cadag001,finlc001,NYA
NYA199004290,NYA,CAL,0,0,,N,langm001,lapod001,CAL
NYA199004300,NYA,OAK,0,0,,N,welcb001,parkc001,OAK
NYA199005010,NYA,OAK,0,0,,N,moorm001,hawka001,OAK
NYA199005020,NYA,OAK,0,0,,N,sands001,leart001,OAK
NYA199005030,NYA,CLE,1,0,,D,orosj001,robij001,CLE
NYA199005150,NYA,MIN,3,0,,N,caryc001,smitr001,NYA
NYA199005170,NYA,MIN,0,1,,N,tapak001,lapod001,MIN
NYA199005180,NYA,KCA,0,0,,N,sabeb001,leart001,KCA
NYA199005190,NYA,KCA,0,0,,D,mccul001,farrs001,NYA
NYA199005200,NYA,KCA,0,1,,N,montj002,robij001,KCA
NYA199005210,NYA,CHA,0,0,,N,radis001,guetl001,CHA
NYA199005220,NYA,CHA,0,1,,N,lapod001,perem001,NYA
NYA199006010,NYA,BAL,0,0,,N,lapod001,ballj002,NYA
NYA199006020,NYA,BAL,0,0,,N,johnd001,leart001,BAL
NYA199006030,NYA,BAL,1,0,,D,milab001,wittm001,BAL
NYA199006120,NYA,BOS,0,1,,N,guetl001,murpr001,NYA
NYA199006130,NYA,BOS,1,0,,N,clemr001,leart001,BOS
NYA199006140,NYA,BOS,0,0,,N,caryc001,kiecd001,NYA
NYA199006150,NYA,TOR,0,0,,N,welld001,robij001,TOR
NYA199006160,NYA,TOR,0,0,,N,willf002,milla001,TOR
NYA199006170,NYA,TOR,0,0,,D,stott001,lapod001,TOR
NYA199006260,NYA,MIL,1,0,,N,guetl001,powed001,NYA
NYA199006270,NYA,MIL,0,0,,N,krueb001,jonej002,MIL
NYA199006280,NYA,MIL,2,0,,D,righd001,sebrb001,NYA
NYA199007061,NYA,MIN,0,0,,D,berej001,hawka001,MIN
NYA199007062,NYA,MIN,3,0,,N,lapod001,smitr001,NYA
NYA199007070,NYA,MIN,0,1,,D,guetl001,leact001,NYA
NYA199007080,NYA,MIN,0,0,,D,westd001,leart001,MIN
NYA199007120,NYA,CHA,0,0,,N,perem001,hawka001,CHA
NYA199007130,NYA,CHA,0,0,,N,hibbg001,caryc001,CHA
NYA199007140,NYA,CHA,0,1,,D,palld001,guetl001,CHA
NYA199007150,NYA,CHA,0,0,,D,pattk001,milla001,CHA
NYA199007160,NYA,KCA,1,0,,N,robij001,filsp001,NYA
NYA199007170,NYA,KCA,0,2,,N,davis001,hawka001,KCA
NYA199007180,NYA,KCA,0,1,,D,plune001,craws001,NYA
NYA199007300,NYA,DET,0,0,,N,lapod001,sears001,NYA
NYA199007310,NYA,DET,1,0,,N,leitm001,petrd001,NYA
NYA199008010,NYA,DET,0,0,,N,morrj001,hawka001,DET
NYA199008020,NYA,DET,0,0,,N,parkc001,milla001,DET
NYA199008030,NYA,CLE,2,1,,N,guetl001,candt001,NYA
NYA199008040,NYA,CLE,0,2,,N,blacb001,leart001,CLE
NYA199008050,NYA,CLE,0,0,,D,cadag001,olins001,NYA
NYA199008060,NYA,CLE,1,0,,D,hawka001,swing001,NYA
NYA199008170,NYA,SEA,1,0,,N,guetl001,swifb001,NYA
NYA199008180,NYA,SEA,0,0,,D,wittm001,holmb001,NYA
NYA199008190,NYA,SEA,1,0,,D,leart001,younm001,NYA
NYA199008200,NYA,TOR,4,1,,N,cadag001,ackej001,NYA
NYA199008210,NYA,TOR,0,0,,N,caryc001,candj001,NYA
NYA199008220,NYA,TOR,0,0,,N,hawka001,ceruj001,NYA
NYA199008230,NYA,MIL,1,3,,N,navaj001,wittm001,MIL
NYA199008240,NYA,MIL,0,0,,N,knudm001,leart001,MIL
NYA199008250,NYA,MIL,1,1,,D,lee-m002,righd001,MIL
NYA199008260,NYA,MIL,1,0,,D,guetl001,plesd001,NYA
NYA199009030,NYA,CAL,0,0,,D,mccak001,leart001,CAL
NYA199009050,NYA,CAL,0,1,,N,lapod001,harvb001,NYA
NYA199009060,NYA,CAL,0,4,,N,mcclb001,guetl001,CAL
NYA199009070,NYA,OAK,0,0,,N,younc001,hawka001,OAK
NYA199009080,NYA,OAK,1,1,,N,sands001,wittm001,OAK
NYA199009090,NYA,OAK,0,0,,D,stewd001,leart001,OAK
NYA199009100,NYA,TEX,0,0,,N,rogek001,guetl001,TEX
NYA199009110,NYA,TEX,0,0,,N,guetl001,wittb001,NYA
NYA199009120,NYA,TEX,1,0,,N,hougc001,adkis001,TEX
NYA199009200,NYA,CLE,0,1,,N,walkm001,montr002,CLE
NYA199009210,NYA,BOS,0,0,,N,kiecd001,caryc001,BOS
NYA199009220,NYA,BOS,0,0,,N,plune001,grayj001,NYA
NYA199009230,NYA,BOS,0,0,,D,wittm001,boltt001,NYA
NYA199009240,NYA,BAL,0,0,,N,bautj001,milla001,BAL
NYA199009250,NYA,BAL,8,0,,N,eilad001,telfa001,NYA
NYA199009260,NYA,BAL,0,0,,N,caryc001,ballj002,NYA
NYA199010010,NYA,DET,0,0,,N,tanaf001,caryc001,DET
NYA199010020,NYA,DET,0,0,,N,guetl001,nunee001,NYA
NYA199010030,NYA,DET,0,4,,N,morrj001,adkis001,DET
NYN199004090,NYN,PIT,1,0,,D,drabd001,goodd001,PIT
NYN199004110,NYN,PIT,2,0,,D,violf001,smilj001,NYN
NYN199004120,NYN,PIT,1,0,,D,heatn001,ferns001,PIT
NYN199004170,NYN,CHN,0,0,,N,assep001,innij001,CHN
NYN199004180,NYN,CHN,0,2,,N,maddg002,coned001,CHN
NYN199004190,NYN,CHN,0,0,,D,goodd001,harkm001,NYN
NYN199004200,NYN,MON,0,0,,N,smitz001,darlr001,MON
NYN199004210,NYN,MON,0,0,,D,violf001,boydo001,NYN
NYN199004220,NYN,MON,0,0,,D,ferns001,gardm001,NYN
NYN199004240,NYN,ATL,0,1,,N,machj001,stanm003,NYN
NYN199004250,NYN,ATL,0,2,,N,darlr001,stanm003,NYN
NYN199005020,NYN,CIN,0,0,,N,violf001,browt001,NYN
NYN199005030,NYN,CIN,0,0,,N,armsj001,ferns001,CIN
NYN199005050,NYN,HOU,3,0,,D,scotm001,goodd001,HOU
NYN199005061,NYN,HOU,0,3,,D,franj001,smitd001,NYN
NYN199005062,NYN,HOU,1,2,,N,penaa001,schad001,NYN
NYN199005070,NYN,HOU,1,0,,N,violf001,clanj001,NYN
NYN199005080,NYN,SFN,0,0,,N,ferns001,reusr001,NYN
NYN199005090,NYN,SFN,1,4,,N,knepb001,ojedb001,SFN
NYN199005110,NYN,LAN,0,0,,N,goodd001,morgm001,NYN
NYN199005120,NYN,LAN,0,0,,D,violf001,wettj001,NYN
NYN199005240,NYN,SDN,0,1,,N,benea001,violf001,SDN
NYN199005250,NYN,SDN,1,3,,N,rasmd001,coned001,SDN
NYN199005260,NYN,SDN,0,0,,N,ferns001,dunnm001,NYN
NYN199005270,NYN,SDN,0,1,,D,white001,goodd001,SDN
NYN199006040,NYN,MON,0,0,,N,sampb002,coned001,MON
NYN199006050,NYN,MON,0,1,,N,franj001,mohod001,NYN
NYN199006060,NYN,MON,0,0,,N,violf001,grosk001,NYN
NYN199006070,NYN,PIT,0,0,,N,rusks001,mussj001,PIT
NYN199006080,NYN,PIT,2,0,,N,ferns001,walkb001,NYN
NYN199006090,NYN,PIT,0,0,,N,coned001,pattb001,NYN
NYN199006100,NYN,PIT,0,0,,D,ojedb001,terrw001,NYN
NYN199006190,NYN,SLN,0,0,,N,coned001,tudoj001,NYN
NYN199006200,NYN,SLN,4,0,,D,ferns001,smitb001,NYN
NYN199006220,NYN,PHI,1,1,,N,violf001,howek001,NYN
NYN199006230,NYN,PHI,0,0,,N,goodd001,combp001,NYN
NYN199006240,NYN,PHI,1,0,,D,innij001,mcdor001,NYN
NYN199006280,NYN,CIN,0,0,,N,goodd001,rijoj001,NYN
NYN199006290,NYN,CIN,0,0,,N,ojedb001,mahlr001,NYN
NYN199006300,NYN,CIN,0,0,,D,charn001,mussj001,CIN
NYN199007010,NYN,CIN,0,0,,D,franj001,charn001,NYN
NYN199007030,NYN,HOU,4,0,,N,violf001,portm001,NYN
NYN199007040,NYN,HOU,3,0,,N,goodd001,agosj001,NYN
NYN199007190,NYN,ATL,2,0,,N,coned001,leibc001,NYN
NYN199007200,NYN,ATL,3,0,,N,ferns001,avers001,NYN
NYN199007210,NYN,ATL,3,1,,N,darlr001,clarm001,NYN
NYN199007220,NYN,ATL,0,1,,D,merck001,innij001,ATL
NYN199007261,NYN,SLN,0,1,,N,darlr001,tewkb001,NYN
NYN199007262,NYN,SLN,0,2,,N,hillk001,ojedb001,SLN
NYN199007270,NYN,SLN,5,0,,N,violf001,smitb001,NYN
NYN199007280,NYN,SLN,0,0,,D,magrj001,coned001,SLN
NYN199007290,NYN,SLN,1,0,,N,goodd001,delej001,NYN
NYN199008070,NYN,PHI,0,0,,N,dejej001,violf001,PHI
NYN199008080,NYN,PHI,1,0,,D,coned001,carmd001,NYN
NYN199008090,NYN,PHI,0,0,,N,ojedb001,akerd001,NYN
NYN199008100,NYN,CHN,0,0,,N,ferns001,maddg002,NYN
NYN199008110,NYN,CHN,1,1,,N,wilss001,darlr001,CHN
NYN199008120,NYN,CHN,1,1,,D,harkm001,violf001,CHN
NYN199008141,NYN,LAN,4,2,,N,goodd001,martr002,NYN
NYN199008142,NYN,LAN,0,0,,N,hartm002,coned001,LAN
NYN199008150,NYN,LAN,1,0,,N,morgm001,ferns001,LAN
NYN199008160,NYN,LAN,0,0,,D,darlr001,belct001,NYN
NYN199008280,NYN,SDN,0,0,,N,coned001,schic001,NYN
NYN199008290,NYN,SDN,0,0,,N,ojedb001,harrg002,NYN
NYN199008300,NYN,SFN,2,0,,N,ferns001,lacom001,NYN
NYN199008310,NYN,SFN,0,0,,N,violf001,bedrs001,NYN
NYN199009010,NYN,SFN,2,0,,D,valej001,burkj001,NYN
NYN199009020,NYN,SFN,1,3,,D,coned001,mcclp001,NYN
NYN199009100,NYN,SLN,1,0,,N,violf001,delej001,NYN
NYN199009110,NYN,SLN,0,0,,N,franj001,smitl001,NYN
NYN199009120,NYN,PIT,2,0,,N,coned001,smilj001,NYN
NYN199009130,NYN,PIT,0,2,,N,goodd001,drabd001,NYN
NYN199009140,NYN,PHI,0,0,,N,combp001,ferns001,PHI
NYN199009150,NYN,PHI,0,0,,D,violf001,mulht001,NYN
NYN199009160,NYN,PHI,1,0,,D,dejej001,coned001,PHI
NYN199009180,NYN,MON,0,0,,N,burkt001,franj001,MON
NYN199009201,NYN,MON,1,0,,D,rojam001,violf001,MON
NYN199009202,NYN,MON,0,0,,D,nabhc001,ferns001,MON
NYN199009280,NYN,CHN,0,0,,N,goodd001,maddg002,NYN
NYN199009290,NYN,CHN,0,0,,D,lancl001,violf001,CHN
NYN199009300,NYN,CHN,0,2,,D,nunej001,franj001,CHN
OAK199004090,OAK,MIN,1,0,,N,stewd001,andea001,OAK
OAK199004100,OAK,MIN,0,1,,N,welcb001,smitr001,OAK
OAK199004110,OAK,MIN,0,3,,D,tapak001,moorm001,MIN
OAK199004190,OAK,SEA,1,0,,N,stewd001,eaveg001,OAK
OAK199004200,OAK,SEA,0,0,,N,holmb001,welcb001,SEA
OAK199004210,OAK,SEA,1,1,,D,ecked001,reedj002,OAK
OAK199004220,OAK,SEA,0,3,,D,hanse001,sands001,SEA
OAK199005040,OAK,BOS,0,1,,N,stewd001,clemr001,OAK
OAK199005050,OAK,BOS,1,0,,D,boddm001,welcb001,BOS
OAK199005060,OAK,BOS,2,0,,D,younc001,hetze001,OAK
OAK199005070,OAK,NYA,3,0,,N,moorm001,leart001,OAK
OAK199005080,OAK,NYA,2,0,,D,sands001,cadag001,OAK
OAK199005090,OAK,NYA,0,1,,D,honer001,plune001,OAK
OAK199005110,OAK,BAL,0,0,,N,welcb001,milab001,OAK
OAK199005120,OAK,BAL,0,0,,D,willm004,nelsg001,BAL
OAK199005130,OAK,BAL,0,0,,D,tibbj001,moorm001,BAL
OAK199005230,OAK,MIL,1,2,,N,moorm001,wegmb001,OAK
OAK199005240,OAK,MIL,4,0,,D,stewd001,filet001,OAK
OAK199005250,OAK,CLE,0,0,,N,sands001,swing001,OAK
OAK199005260,OAK,CLE,0,0,,D,welcb001,valds001,OAK
OAK199005280,OAK,TOR,0,0,,N,stied001,moorm001,TOR
OAK199005290,OAK,TOR,0,0,,N,welld001,stewd001,TOR
OAK199005300,OAK,TOR,0,0,,D,burnt001,blaiw001,OAK
OAK199006080,OAK,KCA,0,0,,N,younc001,gubim001,OAK
OAK199006090,OAK,KCA,0,0,,D,stewd001,appik001,OAK
OAK199006100,OAK,KCA,1,2,,D,welcb001,farrs001,OAK
OAK199006110,OAK,TEX,0,2,,N,ryann001,sands001,TEX
OAK199006120,OAK,TEX,2,2,,D,arnsb001,ecked001,TEX
OAK199006130,OAK,TEX,0,0,,D,burnt001,arnsb001,OAK
OAK199006220,OAK,CHA,0,0,,N,kinge001,sands001,CHA
OAK199006230,OAK,CHA,0,0,,D,mcdoj001,moorm001,CHA
OAK199006240,OAK,CHA,0,0,,D,thigb001,stewd001,CHA
OAK199006250,OAK,DET,1,0,,N,welcb001,petrd001,OAK
OAK199006260,OAK,DET,1,0,,N,sands001,morrj001,OAK
OAK199006270,OAK,DET,2,3,,D,hennm001,burnt001,DET
OAK199007120,OAK,MIL,0,0,,N,moorm001,higut001,OAK
OAK199007130,OAK,MIL,0,0,,N,knudm001,stewd001,MIL
OAK199007140,OAK,MIL,1,0,,D,welcb001,krueb001,OAK
OAK199007150,OAK,MIL,5,0,,D,younc001,bosic001,OAK
OAK199007160,OAK,CLE,0,0,,N,sands001,nippa001,OAK
OAK199007170,OAK,CLE,0,2,,D,swing001,moorm001,CLE
OAK199007181,OAK,CLE,0,0,,D,welcb001,candt001,OAK
OAK199007182,OAK,CLE,4,0,,D,stewd001,nichr002,OAK
OAK199007200,OAK,TOR,0,3,,N,ceruj001,younc001,TOR
OAK199007210,OAK,TOR,0,0,,D,stied001,sands001,TOR
OAK199007220,OAK,TOR,2,0,,D,moorm001,key-j001,OAK
OAK199007230,OAK,CAL,0,1,,N,nelsg001,younc002,OAK
OAK199007240,OAK,CAL,0,0,,N,welcb001,abboj001,OAK
OAK199007250,OAK,CAL,4,0,,D,younc001,blylb001,OAK
OAK199007260,OAK,CAL,0,0,,D,harvb001,ecked001,CAL
OAK199007300,OAK,SEA,0,0,,N,honer001,johnr005,OAK
OAK199007310,OAK,SEA,0,1,,N,swifb001,moorm001,SEA
OAK199008010,OAK,SEA,0,0,,D,stewd001,schom001,OAK
OAK199008070,OAK,BAL,2,2,,N,welcb001,mitcj001,OAK
OAK199008080,OAK,BAL,0,0,,D,mcdob001,sands001,BAL
OAK199008090,OAK,BAL,2,0,,D,moorm001,johnd001,OAK
OAK199008100,OAK,NYA,0,0,,N,stewd001,lapod001,OAK
OAK199008110,OAK,NYA,0,0,,D,younc001,hawka001,OAK
OAK199008120,OAK,NYA,4,0,,D,welcb001,wittm001,OAK
OAK199008130,OAK,BOS,0,0,,N,sands001,harrg001,OAK
OAK199008140,OAK,BOS,0,0,,N,clemr001,moorm001,BOS
OAK199008150,OAK,BOS,0,0,,D,stewd001,irvid001,OAK
OAK199008280,OAK,KCA,0,0,,N,moorm001,montj002,OAK
OAK199008290,OAK,KCA,0,0,,N,appik001,sands001,KCA
OAK199008300,OAK,KCA,2,0,,D,ecked001,craws001,OAK
OAK199008310,OAK,TEX,2,0,,N,welcb001,moyej001,OAK
OAK199009010,OAK,TEX,0,2,,D,wittb001,younc001,TEX
OAK199009020,OAK,TEX,0,0,,D,moorm001,hougc001,OAK
OAK199009130,OAK,MIN,1,0,,N,berej001,nelsg001,MIN
OAK199009140,OAK,MIN,0,0,,N,stewd001,guthm001,OAK
OAK199009150,OAK,MIN,0,0,,D,welcb001,abbop001,OAK
OAK199009160,OAK,MIN,0,0,,D,ecked001,berej001,OAK
OAK199009170,OAK,CHA,0,4,,N,perem001,sands001,CHA
OAK199009180,OAK,CHA,0,0,,N,ferna001,moorm001,CHA
OAK199009190,OAK,CHA,3,0,,D,stewd001,mcdoj001,OAK
OAK199009210,OAK,DET,0,1,,N,welcb001,parkc001,OAK
OAK199009220,OAK,DET,1,0,,D,sands001,sears001,OAK
OAK199009230,OAK,DET,0,0,,D,morrj001,moorm001,DET
OAK199010010,OAK,CAL,0,1,,N,grahj001,stewd001,CAL
OAK199010020,OAK,CAL,1,5,,N,welcb001,frasw001,OAK
OAK199010030,OAK,CAL,1,1,,D,younc002,moorm001,CAL
PHI199004130,PHI,SLN,0,2,,N,tudoj001,howek001,SLN
PHI199004140,PHI,SLN,1,1,,N,ruffb001,magrj001,PHI
PHI199004150,PHI,SLN,1,0,,D,cookd001,smitb001,PHI
PHI199004190,PHI,MON,0,1,,N,martd001,ruffb001,MON
PHI199004240,PHI,CIN,2,0,,N,howek001,rijoj001,PHI
PHI199004250,PHI,CIN,0,0,,N,mahlr001,ruffb001,CIN
PHI199005020,PHI,HOU,0,0,,N,cookd001,clanj001,PHI
PHI199005030,PHI,HOU,1,2,,N,gullb001,mulht001,HOU
PHI199005040,PHI,LAN,4,1,,D,carmd001,martr002,PHI
PHI199005050,PHI,LAN,0,0,,N,morgm001,howek001,LAN
PHI199005060,PHI,LAN,1,0,,N,carmd001,munom001,PHI
PHI199005110,PHI,SFN,1,0,,N,howek001,burkj001,PHI
PHI199005120,PHI,SFN,1,0,,N,garrs001,ruffb001,SFN
PHI199005130,PHI,SFN,0,0,,D,cookd001,reusr001,PHI
PHI199005240,PHI,ATL,0,2,,N,ruffb001,clarm001,PHI
PHI199005250,PHI,ATL,1,0,,N,parrj001,heskj001,PHI
PHI199005260,PHI,ATL,2,0,,N,smitp001,combp001,ATL
PHI199005270,PHI,ATL,0,1,,D,smolj001,mulht001,ATL
PHI199005280,PHI,SDN,0,0,,N,granm001,parrj001,SDN
PHI199005300,PHI,SDN,0,0,,N,benea001,ruffb001,SDN
PHI199006010,PHI,NYN,0,1,,N,violf001,cookd001,NYN
PHI199006020,PHI,NYN,2,0,,N,howek001,goodd001,PHI
PHI199006030,PHI,NYN,0,0,,D,combp001,ferns001,PHI
PHI199006111,PHI,MON,0,2,,N,grosk001,cookd001,MON
PHI199006112,PHI,MON,0,1,,N,halld001,parrj001,MON
PHI199006120,PHI,MON,0,1,,N,howek001,smitz001,PHI
PHI199006130,PHI,MON,0,0,,N,schmd001,mcdor001,MON
PHI199006151,PHI,CHN,0,0,,N,akerd001,nunej001,PHI
PHI199006152,PHI,CHN,0,0,,N,ruffb001,bielm001,PHI
PHI199006160,PHI,CHN,0,0,,N,akerd001,maddg002,PHI
PHI199006170,PHI,CHN,3,0,,N,picoj001,parrj001,CHN
PHI199006190,PHI,PIT,0,0,,N,carmd001,landb001,PHI
PHI199006200,PHI,PIT,1,0,,D,ruffb001,pattb001,PHI
PHI199006290,PHI,HOU,0,0,,N,combp001,gullb001,PHI
PHI199006300,PHI,HOU,0,0,,N,scotm001,freem001,HOU
PHI199007010,PHI,HOU,0,3,,N,mcdor001,andel001,PHI
PHI199007020,PHI,HOU,2,0,,N,ruffb001,deshj001,PHI
PHI199007030,PHI,ATL,2,0,,N,parrj001,clarm001,PHI
PHI199007040,PHI,ATL,0,0,,N,glavt001,combp001,ATL
PHI199007050,PHI,CIN,0,4,,N,armsj001,howek001,CIN
PHI199007060,PHI,CIN,0,1,,N,jackd001,dejej001,CIN
PHI199007070,PHI,CIN,0,0,,N,mahlr001,ruffb001,CIN
PHI199007080,PHI,CIN,0,1,,D,akerd001,charn001,PHI
PHI199007230,PHI,NYN,0,0,,N,akerd001,violf001,PHI
PHI199007240,PHI,NYN,1,0,,N,machj001,mcdor001,NYN
PHI199007250,PHI,NYN,0,0,,N,ferns001,parrj001,NYN
PHI199007310,PHI,SLN,0,0,,N,tudoj001,howek001,SLN
PHI199008010,PHI,SLN,5,1,,N,mulht001,hillk001,PHI
PHI199008020,PHI,SLN,2,1,,N,tewkb001,dejej001,SLN
PHI199008030,PHI,PIT,0,3,,N,drabd001,ruffb001,PIT
PHI199008040,PHI,PIT,0,0,,N,pattb001,mcdor001,PIT
PHI199008050,PHI,PIT,2,3,,D,carmd001,rusks001,PHI
PHI199008061,PHI,PIT,0,2,,N,tomlr001,mulht001,PIT
PHI199008062,PHI,PIT,0,0,,N,landb001,mcdor001,PIT
PHI199008140,PHI,SFN,1,0,,N,cookd001,bedrs001,PHI
PHI199008150,PHI,SFN,1,0,,N,mulht001,robid001,PHI
PHI199008160,PHI,SFN,2,0,,D,mcdor001,thurm001,PHI
PHI199008280,PHI,LAN,1,0,,N,neidj001,dejej001,LAN
PHI199008290,PHI,LAN,0,1,,N,valef001,greet001,LAN
PHI199008300,PHI,LAN,1,1,,N,martr002,boevj001,LAN
PHI199008310,PHI,SDN,0,0,,N,mcdor001,hamma001,PHI
PHI199009011,PHI,SDN,0,2,,D,boevj001,harrg002,PHI
PHI199009012,PHI,SDN,0,1,,N,akerd001,rodrr004,PHI
PHI199009020,PHI,SDN,0,0,,D,white001,dejej001,SDN
PHI199009050,PHI,CHN,0,0,,N,mulht001,wilss001,PHI
PHI199009060,PHI,CHN,0,0,,N,nunej001,grimj001,CHN
PHI199009070,PHI,NYN,1,1,,N,dejej001,coned001,PHI
PHI199009080,PHI,NYN,2,0,,N,goodd001,ruffb001,NYN
PHI199009090,PHI,NYN,0,0,,D,combp001,ferns001,PHI
PHI199009100,PHI,PIT,0,1,,N,belis001,boevj001,PIT
PHI199009110,PHI,PIT,0,0,,N,tomlr001,grimj001,PIT
PHI199009210,PHI,MON,2,0,,N,maloc001,sampb002,PHI
PHI199009220,PHI,MON,0,0,,N,greet001,andes001,PHI
PHI199009230,PHI,MON,0,0,,D,carmd001,farmh001,PHI
PHI199009240,PHI,MON,0,0,,N,combp001,barnb001,PHI
PHI199009250,PHI,SLN,0,1,,N,magrj001,mulht001,SLN
PHI199009260,PHI,SLN,0,0,,N,smitb001,dejej001,SLN
PHI199009270,PHI,SLN,1,1,,N,greet001,delej001,PHI
PHI199010010,PHI,CHN,3,1,,N,dejej001,coffk001,PHI
PHI199010020,PHI,CHN,0,2,,N,bielm001,greet001,CHN
PHI199010030,PHI,CHN,0,0,,N,maddg002,mcelc001,CHN
PIT199004130,PIT,CHN,0,0,,N,maddg002,walkb001,CHN
PIT199004140,PIT,CHN,0,0,,D,harkm001,drabd001,CHN
PIT199004150,PIT,CHN,0,0,,D,pattb001,lancl001,PIT
PIT199004160,PIT,SLN,0,2,,N,delej001,smilj001,SLN
PIT199004170,PIT,SLN,1,0,,N,heatn001,mathg001,PIT
PIT199004180,PIT,SLN,0,1,,N,tudoj001,walkb001,SLN
PIT199005061,PIT,ATL,0,0,,D,heatn001,smolj001,PIT
PIT199005062,PIT,ATL,0,0,,D,drabd001,lilld001,PIT
PIT199005070,PIT,SDN,4,0,,D,walkb001,hursb001,PIT
PIT199005080,PIT,SDN,2,2,,D,terrw001,showe001,PIT
PIT199005090,PIT,CIN,1,0,,N,smilj001,armsj001,PIT
PIT199005100,PIT,CIN,1,0,,N,charn001,powet001,CIN
PIT199005110,PIT,HOU,1,0,,N,drabd001,deshj001,PIT
PIT199005120,PIT,HOU,0,0,,N,heatn001,portm001,PIT
PIT199005130,PIT,HOU,0,0,,N,walkb001,gullb001,PIT
PIT199005250,PIT,SFN,0,1,,N,burkj001,terrw001,SFN
PIT199005260,PIT,SFN,1,0,,N,drabd001,garrs001,PIT
PIT199005270,PIT,SFN,0,0,,D,heatn001,reusr001,PIT
PIT199005280,PIT,LAN,0,0,,D,landb001,howej001,PIT
PIT199005290,PIT,LAN,0,0,,N,pattb001,valef001,PIT
PIT199005300,PIT,LAN,4,0,,N,terrw001,martr002,PIT
PIT199006010,PIT,MON,0,0,,N,grosk001,drabd001,MON
PIT199006020,PIT,MON,0,1,,N,landb001,halld001,PIT
PIT199006030,PIT,MON,1,0,,D,sampb002,belis001,MON
PIT199006040,PIT,CHN,0,0,,N,pattb001,bosks001,PIT
PIT199006050,PIT,CHN,4,1,,N,belis001,willm002,PIT
PIT199006060,PIT,CHN,5,0,,N,drabd001,maddg002,PIT
PIT199006150,PIT,NYN,0,3,,N,ojedb001,terrw001,NYN
PIT199006160,PIT,NYN,0,3,,N,kippb001,violf001,PIT
PIT199006170,PIT,NYN,0,1,,D,goodd001,heatn001,NYN
PIT199006250,PIT,PHI,1,0,,N,reedr002,dejej001,PIT
PIT199006260,PIT,PHI,0,0,,N,rusks001,ruffb001,PIT
PIT199006270,PIT,PHI,0,0,,N,kippb001,howek001,PIT
PIT199007120,PIT,SDN,3,0,,N,pattb001,schic001,PIT
PIT199007130,PIT,SDN,0,0,,N,drabd001,rasmd001,PIT
PIT199007140,PIT,SDN,0,0,,D,powet001,harrg002,PIT
PIT199007150,PIT,SDN,0,1,,D,white001,heatn001,SDN
PIT199007160,PIT,SFN,0,0,,N,garrs001,reedr002,SFN
PIT199007170,PIT,SFN,0,0,,N,robid001,smilj001,SFN
PIT199007180,PIT,SFN,0,0,,N,drabd001,wilst002,PIT
PIT199007200,PIT,LAN,2,0,,N,walkb001,morgm001,PIT
PIT199007210,PIT,LAN,0,2,,N,belct001,heatn001,LAN
PIT199007220,PIT,LAN,0,3,,D,kippb001,wellt001,PIT
PIT199007260,PIT,PHI,0,5,,N,mulht001,heatn001,PHI
PIT199007270,PIT,PHI,2,2,,N,cookd001,reedr002,PHI
PIT199007280,PIT,PHI,0,0,,N,parrj001,landb001,PHI
PIT199007290,PIT,PHI,0,1,,D,drabd001,combp001,PIT
PIT199008070,PIT,MON,0,1,,N,rossm001,mohod001,PIT
PIT199008080,PIT,MON,0,0,,N,martd001,drabd001,MON
PIT199008090,PIT,MON,0,0,,N,freys001,landb001,MON
PIT199008100,PIT,SLN,0,0,,N,daylk001,kramr001,SLN
PIT199008110,PIT,SLN,0,0,,N,magrj001,tomlr001,SLN
PIT199008120,PIT,SLN,0,0,,D,tewkb001,smilj001,SLN
PIT199008141,PIT,ATL,0,0,,N,drabd001,leibc001,PIT
PIT199008142,PIT,ATL,4,0,,N,smitz001,avers001,PIT
PIT199008150,PIT,ATL,0,0,,N,castt001,heatn001,ATL
PIT199008160,PIT,ATL,0,1,,D,kippb001,merck001,PIT
PIT199008200,PIT,HOU,4,0,,N,heatn001,deshj001,PIT
PIT199008210,PIT,HOU,0,0,,N,darwd001,pattb001,HOU
PIT199008220,PIT,HOU,0,0,,N,smilj001,gullb001,PIT
PIT199008230,PIT,CIN,0,0,,N,smitz001,hammc001,PIT
PIT199008240,PIT,CIN,2,0,,N,dibbr001,kippb001,CIN
PIT199008250,PIT,CIN,0,0,,D,charn001,belis001,CIN
PIT199008260,PIT,CIN,0,2,,D,mahlr001,tomlr001,CIN
PIT199009030,PIT,PHI,2,0,,D,drabd001,ruffb001,PIT
PIT199009040,PIT,PHI,0,3,,N,landb001,akerd001,PIT
PIT199009051,PIT,NYN,0,0,,N,smitz001,franj001,PIT
PIT199009052,PIT,NYN,1,0,,N,heatn001,ojedb001,PIT
PIT199009060,PIT,NYN,2,0,,N,tomlr001,valej001,PIT
PIT199009070,PIT,MON,0,0,,N,boydo001,smilj001,MON
PIT199009080,PIT,MON,1,0,,N,drabd001,farmh001,PIT
PIT199009090,PIT,MON,0,0,,D,rojam001,walkb001,MON
PIT199009210,PIT,SLN,0,0,,N,smitz001,delej001,PIT
PIT199009220,PIT,SLN,1,0,,D,hillk001,tomlr001,SLN
PIT199009230,PIT,SLN,3,0,,D,smilj001,tewkb001,PIT
PIT199009250,PIT,CHN,0,2,,N,drabd001,wilss001,PIT
PIT199009260,PIT,CHN,0,0,,N,smitz001,coffk001,PIT
PIT199009270,PIT,CHN,1,2,,N,tomlr001,bielm001,PIT
PIT199010010,PIT,NYN,0,0,,N,coned001,smitz001,NYN
PIT199010020,PIT,NYN,0,2,,N,landb001,goodd001,PIT
PIT199010030,PIT,NYN,0,2,,D,violf001,yorkm001,NYN
SDN199004100,SDN,LAN,0,0,,N,belct001,showe001,LAN
SDN199004110,SDN,LAN,0,0,,N,benea001,valef001,SDN
SDN199004120,SDN,LAN,0,0,,D,schic001,aased001,SDN
SDN199004200,SDN,SFN,0,0,,N,white001,reusr001,SDN
SDN199004210,SDN,SFN,0,0,,N,lacom001,hursb001,SFN
SDN199004220,SDN,SFN,0,1,,N,hamma001,showe001,SFN
SDN199004230,SDN,SFN,5,0,,N,benea001,gunde001,SDN
SDN199004240,SDN,CHN,2,0,,N,rasmd001,maddg002,SDN
SDN199004250,SDN,CHN,0,0,,N,white001,bielm001,SDN
SDN199004260,SDN,CHN,0,0,,D,harkm001,hursb001,CHN
SDN199004270,SDN,PIT,0,0,,N,heatn001,showe001,PIT
SDN199004280,SDN,PIT,0,1,,N,walkb001,benea001,PIT
SDN199004290,SDN,PIT,0,0,,D,drabd001,rasmd001,PIT
SDN199005010,SDN,SLN,0,0,,N,smitb001,white001,SLN
SDN199005020,SDN,SLN,0,0,,D,hursb001,delej001,SDN
SDN199005110,SDN,MON,3,2,,N,leffc001,halld001,SDN
SDN199005120,SDN,MON,1,0,,N,hursb001,smitz001,SDN
SDN199005130,SDN,MON,0,3,,D,boydo001,showe001,MON
SDN199005140,SDN,PHI,0,0,,N,benea001,combp001,SDN
SDN199005150,SDN,PHI,0,0,,N,mulht001,rasmd001,PHI
SDN199005160,SDN,PHI,0,3,,D,howek001,white001,PHI
SDN199005180,SDN,NYN,0,0,,N,hursb001,violf001,SDN
SDN199005190,SDN,NYN,1,0,,N,coned001,benea001,NYN
SDN199005200,SDN,NYN,0,0,,D,harrg002,darlr001,SDN
SDN199005310,SDN,ATL,0,0,,N,rasmd001,smitp001,SDN
SDN199006010,SDN,ATL,3,4,,N,castt001,dunnm001,ATL
SDN199006020,SDN,ATL,2,0,,N,white001,lilld001,SDN
SDN199006030,SDN,ATL,0,0,,D,kerfc001,harrg002,ATL
SDN199006040,SDN,HOU,2,0,,N,benea001,clanj001,SDN
SDN199006050,SDN,HOU,0,1,,N,rasmd001,deshj001,SDN
SDN199006060,SDN,HOU,0,0,,D,leffc001,portm001,SDN
SDN199006080,SDN,LAN,2,0,,N,leffc001,gottj001,SDN
SDN199006090,SDN,LAN,0,0,,N,wettj001,showe001,LAN
SDN199006100,SDN,LAN,0,0,,D,harrg002,howej001,SDN
SDN199006120,SDN,SFN,0,1,,N,robid001,rasmd001,SFN
SDN199006130,SDN,SFN,0,0,,N,wilst002,white001,SFN
SDN199006140,SDN,SFN,0,0,,D,vosbe001,hursb001,SFN
SDN199006290,SDN,CHN,0,0,,N,longb002,harrg002,CHN
SDN199006300,SDN,CHN,0,0,,N,wilss001,benea001,CHN
SDN199007010,SDN,CHN,1,0,,D,lancl001,leffc001,CHN
SDN199007020,SDN,PIT,3,0,,N,pattb001,schic001,PIT
SDN199007030,SDN,PIT,0,0,,N,landb001,leffc001,PIT
SDN199007040,SDN,PIT,0,0,,N,showe001,heatn001,SDN
SDN199007050,SDN,SLN,1,0,,D,smitl001,harrg002,SLN
SDN199007060,SDN,SLN,0,1,,N,tudoj001,rasmd001,SLN
SDN199007070,SDN,SLN,1,1,,N,hursb001,magrj001,SDN
SDN199007080,SDN,SLN,0,0,,D,tewkb001,white001,SLN
SDN199007230,SDN,CIN,0,2,,N,browt001,rasmd001,CIN
SDN199007240,SDN,CIN,2,0,,N,hursb001,armsj001,SDN
SDN199007251,SDN,CIN,2,0,,N,white001,charn001,SDN
SDN199007252,SDN,CIN,2,1,,N,schic001,mahlr001,SDN
SDN199007260,SDN,HOU,0,0,,N,showe001,portm001,SDN
SDN199007270,SDN,HOU,0,0,,N,benea001,gullb001,SDN
SDN199007280,SDN,HOU,0,0,,N,scotm001,rasmd001,HOU
SDN199007290,SDN,HOU,0,0,,D,harrg002,smitd001,SDN
SDN199007300,SDN,ATL,0,0,,N,henrd001,schic001,ATL
SDN199007310,SDN,ATL,0,3,,N,leffc001,luecr001,SDN
SDN199008010,SDN,CIN,0,1,,D,scuds001,benea001,CIN
SDN199008140,SDN,MON,0,1,,N,martd001,rasmd001,MON
SDN199008150,SDN,MON,1,3,,N,sampb002,davij003,MON
SDN199008160,SDN,MON,0,0,,D,rodrr004,burkt001,SDN
SDN199008170,SDN,PHI,1,0,,N,dejej001,schic001,PHI
SDN199008180,SDN,PHI,0,0,,N,benea001,greet001,SDN
SDN199008190,SDN,PHI,0,0,,D,boevj001,rasmd001,PHI
SDN199008200,SDN,NYN,0,0,,N,hursb001,ferns001,SDN
SDN199008210,SDN,NYN,4,0,,N,white001,darlr001,SDN
SDN199008220,SDN,NYN,0,0,,D,violf001,schic001,NYN
SDN199009030,SDN,SFN,0,1,,N,downk001,schic001,SFN
SDN199009040,SDN,SFN,3,2,,N,lacom001,hamma001,SFN
SDN199009050,SDN,HOU,0,0,,N,rasmd001,scotm001,SDN
SDN199009060,SDN,HOU,0,0,,N,harrg002,meyeb001,SDN
SDN199009070,SDN,ATL,1,0,,N,leibc001,white001,ATL
SDN199009080,SDN,ATL,2,1,,N,parrj001,lilld001,ATL
SDN199009090,SDN,ATL,0,0,,D,showe001,merck001,SDN
SDN199009100,SDN,LAN,0,0,,N,rasmd001,crewt001,SDN
SDN199009110,SDN,LAN,0,0,,N,hursb001,hartm002,SDN
SDN199009120,SDN,LAN,0,0,,N,crewt001,hamma001,LAN
SDN199009210,SDN,CIN,0,5,,N,rijoj001,rasmd001,CIN
SDN199009221,SDN,CIN,2,1,,N,dibbr001,harrg002,CIN
SDN199009222,SDN,CIN,1,0,,N,browt001,hamma001,CIN
SDN199009230,SDN,CIN,0,0,,D,jackd001,white001,CIN
SEA199004130,SEA,OAK,1,5,,N,sands001,banks001,OAK
SEA199004140,SEA,OAK,0,1,,N,stewd001,younm001,OAK
SEA199004150,SEA,OAK,0,0,,D,welcb001,holmb001,OAK
SEA199004160,SEA,MIN,2,1,,N,johnr005,westd001,SEA
SEA199004170,SEA,MIN,0,0,,N,berej001,comsk001,MIN
SEA199004180,SEA,MIN,0,0,,N,leact001,younm001,MIN
SEA199005030,SEA,CAL,0,2,,N,knacb001,finlc001,SEA
SEA199005040,SEA,BAL,2,1,,N,hickk001,jackm001,BAL
SEA199005050,SEA,BAL,0,0,,N,holmb001,johnd001,SEA
SEA199005060,SEA,BAL,0,0,,D,swifb001,willm004,SEA
SEA199005070,SEA,BOS,0,0,,N,harrg001,hanse001,BOS
SEA199005080,SEA,BOS,0,0,,N,swifb001,gardw001,SEA
SEA199005090,SEA,BOS,0,1,,N,clemr001,eaveg001,BOS
SEA199005100,SEA,CAL,0,2,,N,holmb001,mccak001,SEA
SEA199005110,SEA,NYA,0,0,,N,guetl001,harrg003,NYA
SEA199005120,SEA,NYA,0,0,,N,leart001,hanse001,NYA
SEA199005130,SEA,NYA,0,0,,D,younm001,cadag001,SEA
SEA199005230,SEA,CLE,3,0,,N,hanse001,blacb001,SEA
SEA199005240,SEA,CLE,1,0,,N,orosj001,younm001,CLE
SEA199005250,SEA,TOR,0,0,,N,ackej001,swifb001,TOR
SEA199005260,SEA,TOR,1,0,,N,willf002,holmb001,TOR
SEA199005270,SEA,TOR,0,0,,N,ceruj001,johnr005,TOR
SEA199005280,SEA,MIL,0,0,,N,hanse001,navaj001,SEA
SEA199005290,SEA,MIL,2,0,,N,crimc001,jackm001,MIL
SEA199005300,SEA,MIL,0,0,,N,clarb001,bosic001,SEA
SEA199006010,SEA,DET,5,3,,N,morrj001,banks001,DET
SEA199006020,SEA,DET,1,0,,N,johnr005,robij002,SEA
SEA199006030,SEA,DET,0,1,,D,tanaf001,hanse001,DET
SEA199006110,SEA,CHA,0,0,,N,perem001,younm001,CHA
SEA199006120,SEA,CHA,0,0,,N,johnr005,petea001,SEA
SEA199006130,SEA,CHA,0,1,,D,mcdoj001,hanse001,CHA
SEA199006140,SEA,TEX,1,0,,N,comsk001,rogek001,SEA
SEA199006150,SEA,TEX,1,1,,N,browk001,holmb001,TEX
SEA199006160,SEA,TEX,0,0,,N,younm001,ryann001,SEA
SEA199006170,SEA,TEX,0,1,,D,johnr005,wittb001,SEA
SEA199006260,SEA,KCA,0,2,,N,gordt001,holmb001,KCA
SEA199006270,SEA,KCA,0,0,,N,jackm001,davim001,SEA
SEA199006280,SEA,KCA,0,0,,D,comsk001,davim001,SEA
SEA199006290,SEA,MIL,1,0,,N,johnr005,crimc001,SEA
SEA199006300,SEA,MIL,4,0,,N,hanse001,higut001,SEA
SEA199007010,SEA,MIL,2,0,,D,comsk001,mirap001,SEA
SEA199007110,SEA,CAL,0,0,,N,hanse001,langm001,SEA
SEA199007120,SEA,CLE,2,0,,N,seanr001,schom001,CLE
SEA199007130,SEA,CLE,1,0,,N,candt001,younm001,CLE
SEA199007140,SEA,CLE,0,0,,N,blacb001,johnr005,CLE
SEA199007150,SEA,CLE,4,0,,D,swifb001,nagyc001,SEA
SEA199007160,SEA,TOR,0,1,,N,key-j001,hanse001,TOR
SEA199007170,SEA,TOR,0,1,,N,jackm001,wardd001,SEA
SEA199007180,SEA,TOR,0,0,,D,younm001,stott001,SEA
SEA199007270,SEA,CAL,4,0,,N,hanse001,langm001,SEA
SEA199007280,SEA,CAL,0,0,,N,holmb001,mccak001,SEA
SEA199007290,SEA,CAL,0,1,,D,abboj001,younm001,CAL
SEA199008020,SEA,MIN,0,0,,N,holmb001,guthm001,SEA
SEA199008030,SEA,MIN,0,0,,D,aguir001,schom001,MIN
SEA199008040,SEA,MIN,0,0,,N,jackm001,savaj001,SEA
SEA199008050,SEA,MIN,3,0,,N,harrg003,andea001,SEA
SEA199008070,SEA,NYA,0,0,,N,wittm001,hanse001,NYA
SEA199008080,SEA,NYA,0,0,,N,plune001,comsk001,NYA
SEA199008090,SEA,NYA,0,0,,N,leart001,younm001,NYA
SEA199008100,SEA,BOS,1,0,,N,johnr005,kiecd001,SEA
SEA199008110,SEA,BOS,0,0,,N,irvid001,schom001,BOS
SEA199008120,SEA,BOS,0,0,,D,boltt001,jackm001,BOS
SEA199008130,SEA,BAL,0,1,,N,mcdob001,holmb001,BAL
SEA199008140,SEA,BAL,2,0,,N,younm001,johnd001,SEA
SEA199008150,SEA,BAL,0,0,,N,johnr005,harnp001,SEA
SEA199008280,SEA,DET,0,0,,N,comsk001,gibsp001,SEA
SEA199008290,SEA,DET,0,0,,N,terrw001,younm001,DET
SEA199008300,SEA,DET,1,0,,N,hennm001,jackm001,DET
SEA199008310,SEA,KCA,3,0,,N,johnr005,davis001,SEA
SEA199009010,SEA,KCA,0,0,,N,swanr001,craws001,SEA
SEA199009020,SEA,KCA,0,1,,D,gordt001,holmb001,KCA
SEA199009100,SEA,OAK,0,1,,N,hanse001,welcb001,SEA
SEA199009110,SEA,OAK,0,0,,N,younc001,johnr005,OAK
SEA199009120,SEA,OAK,2,2,,D,sands001,gardm002,OAK
SEA199009170,SEA,TEX,0,4,,N,wittb001,gardm002,TEX
SEA199009180,SEA,TEX,0,0,,N,delur001,jeffm001,SEA
SEA199009190,SEA,TEX,4,0,,N,barfj002,younm001,TEX
SEA199009200,SEA,CHA,0,0,,N,hanse001,hibbg001,SEA
SEA199009210,SEA,CHA,0,0,,N,kinge001,johnr005,CHA
SEA199009220,SEA,CHA,3,2,,N,roses001,knacb001,CHA
SEA199009230,SEA,CHA,0,0,,D,ferna001,younm001,CHA
SFN199004130,SFN,SDN,1,1,,N,harrg002,quisd001,SDN
SFN199004140,SFN,SDN,0,0,,D,leffc001,branj001,SDN
SFN199004150,SFN,SDN,1,0,,D,harrg002,bedrs001,SDN
SFN199004170,SFN,LAN,0,1,,N,aased001,hamma001,LAN
SFN199004180,SFN,LAN,1,0,,D,morgm001,gunde001,LAN
SFN199004240,SFN,PIT,0,0,,N,drabd001,garrs001,PIT
SFN199004250,SFN,PIT,1,0,,N,pattb001,bedrs001,PIT
SFN199004260,SFN,PIT,0,0,,D,smilj001,lacom001,PIT
SFN199004270,SFN,SLN,1,2,,N,hamma001,mathg001,SFN
SFN199004280,SFN,SLN,0,0,,D,tudoj001,garrs001,SLN
SFN199004290,SFN,SLN,0,0,,D,reusr001,magrj001,SFN
SFN199005010,SFN,CHN,0,0,,N,bielm001,knepb001,CHN
SFN199005020,SFN,CHN,0,0,,D,harkm001,garrs001,CHN
SFN199005140,SFN,NYN,2,0,,N,knepb001,ferns001,SFN
SFN199005150,SFN,NYN,0,0,,N,thurm001,ojedb001,SFN
SFN199005160,SFN,NYN,0,0,,D,branj001,penaa001,SFN
SFN199005180,SFN,MON,0,1,,N,hamma001,freys001,SFN
SFN199005190,SFN,MON,0,0,,D,grosk001,knepb001,MON
SFN199005200,SFN,MON,0,0,,D,sampb002,hamma001,MON
SFN199005210,SFN,PHI,0,0,,N,mulht001,garrs001,PHI
SFN199005220,SFN,PHI,0,0,,D,howek001,reusr001,PHI
SFN199005310,SFN,HOU,1,1,,N,deshj001,garrs001,HOU
SFN199006010,SFN,HOU,0,0,,N,bedrs001,clanj001,SFN
SFN199006020,SFN,HOU,0,0,,D,bedrs001,darwd001,SFN
SFN199006030,SFN,HOU,0,0,,D,hamma001,scotm001,SFN
SFN199006040,SFN,CIN,5,0,,N,burkj001,robir001,SFN
SFN199006050,SFN,CIN,0,0,,N,garrs001,armsj001,SFN
SFN199006060,SFN,CIN,0,2,,D,branj001,dibbr001,SFN
SFN199006150,SFN,ATL,0,0,,N,burkj001,smitp001,SFN
SFN199006160,SFN,ATL,2,0,,D,garrs001,smolj001,SFN
SFN199006170,SFN,ATL,0,2,,D,bedrs001,castt001,SFN
SFN199006180,SFN,SDN,1,0,,N,wilst002,white001,SFN
SFN199006190,SFN,SDN,0,3,,N,hursb001,olivf001,SDN
SFN199006200,SFN,SDN,0,0,,D,leffc001,bedrs001,SDN
SFN199006290,SFN,PIT,3,0,,N,wilst002,heatn001,SFN
SFN199006300,SFN,PIT,0,0,,D,kippb001,thurm001,PIT
SFN199007010,SFN,PIT,1,0,,D,tibbj001,olivf001,PIT
SFN199007020,SFN,SLN,0,0,,N,robid001,magrj001,SFN
SFN199007030,SFN,SLN,0,0,,N,wilst002,tewkb001,SFN
SFN199007040,SFN,SLN,0,0,,D,burkj001,delej001,SFN
SFN199007060,SFN,CHN,0,0,,N,bosks001,garrs001,CHN
SFN199007070,SFN,CHN,3,4,,D,branj001,lancl001,SFN
SFN199007081,SFN,CHN,4,0,,D,wilst002,picoj001,SFN
SFN199007082,SFN,CHN,0,1,,N,burkj001,bielm001,SFN
SFN199007260,SFN,CIN,0,3,,N,thurm001,rijoj001,SFN
SFN199007270,SFN,CIN,1,3,,N,robid001,scuds001,SFN
SFN199007280,SFN,CIN,1,0,,D,bedrs001,myerr001,SFN
SFN199007290,SFN,CIN,1,0,,D,garrs001,armsj001,SFN
SFN199007300,SFN,HOU,0,0,,N,darwd001,bedrs001,HOU
SFN199007310,SFN,HOU,0,0,,D,branj001,agosj001,SFN
SFN199008020,SFN,LAN,0,1,,N,burkj001,valef001,SFN
SFN199008030,SFN,LAN,0,3,,N,martr002,garrs001,LAN
SFN199008040,SFN,LAN,1,0,,D,wilst002,morgm001,SFN
SFN199008050,SFN,LAN,0,3,,D,hartm002,novor001,LAN
SFN199008170,SFN,NYN,0,0,,N,garrs001,violf001,SFN
SFN199008180,SFN,NYN,0,0,,D,coned001,wilst002,NYN
SFN199008190,SFN,NYN,0,0,,N,goodd001,lacom001,NYN
SFN199008200,SFN,MON,0,0,,N,robid001,grosk001,SFN
SFN199008210,SFN,MON,3,0,,N,rojam001,wilst002,MON
SFN199008220,SFN,MON,0,0,,D,bedrs001,freys001,SFN
SFN199008230,SFN,PHI,1,1,,N,olivf001,cookd001,SFN
SFN199008240,SFN,PHI,0,0,,N,lacom001,combp001,SFN
SFN199008250,SFN,PHI,0,1,,D,robid001,mulht001,SFN
SFN199008260,SFN,PHI,0,0,,D,grimj001,burkj001,PHI
SFN199009050,SFN,CIN,1,0,,N,charn001,robid001,CIN
SFN199009060,SFN,CIN,3,0,,D,garrs001,mahlr001,SFN
SFN199009070,SFN,HOU,0,0,,N,darwd001,burkj001,HOU
SFN199009080,SFN,HOU,0,0,,D,bedrs001,meyeb001,SFN
SFN199009090,SFN,HOU,1,0,,D,lacom001,portm001,SFN
SFN199009100,SFN,ATL,2,3,,N,bedrs001,merck001,SFN
SFN199009110,SFN,ATL,0,0,,N,garrs001,granm001,SFN
SFN199009120,SFN,ATL,4,0,,D,burkj001,leibc001,SFN
SFN199009240,SFN,SDN,0,0,,N,downk001,lilld001,SFN
SFN199009250,SFN,SDN,1,1,,N,dewem001,benea001,SFN
SFN199009260,SFN,SDN,3,0,,D,onear001,rasmd001,SFN
SFN199009280,SFN,LAN,1,0,,N,olivf001,gottj001,SFN
SFN199009290,SFN,LAN,0,0,,D,downk001,neidj001,SFN
SFN199009300,SFN,LAN,2,0,,D,reusr001,valef001,SFN
SFN199010010,SFN,ATL,1,0,,N,smolj001,wilst002,ATL
SFN199010020,SFN,ATL,2,0,,N,freem001,dewem001,ATL
SFN199010030,SFN,ATL,0,0,,D,bedrs001,avers001,SFN
SLN199004090,SLN,MON,0,0,,N,daylk001,gardm001,SLN
SLN199004100,SLN,MON,0,0,,N,smitb001,smitz001,SLN
SLN199004110,SLN,MON,0,0,,D,boydo001,mathg001,MON
SLN199004190,SLN,PIT,1,0,,N,drabd001,magrj001,PIT
SLN199004200,SLN,PHI,0,0,,N,cookd001,smitb001,PHI
SLN199004210,SLN,PHI,1,0,,N,mcdor001,terrs001,PHI
SLN199004220,SLN,PHI,1,0,,D,combp001,hortr001,PHI
SLN199004230,SLN,PIT,1,2,,N,tudoj001,walkb001,SLN
SLN199005040,SLN,CIN,1,2,,N,robir001,tudoj001,CIN
SLN199005050,SLN,CIN,0,2,,N,rijoj001,magrj001,CIN
SLN199005060,SLN,CIN,0,0,,D,scuds001,smitb001,CIN
SLN199005070,SLN,CIN,0,0,,N,browt001,delej001,CIN
SLN199005090,SLN,SDN,0,2,,N,hortr001,benea001,SLN
SLN199005100,SLN,SDN,0,0,,D,rasmd001,magrj001,SDN
SLN199005110,SLN,ATL,4,0,,N,smitb001,smolj001,SLN
SLN199005120,SLN,ATL,1,1,,N,smitl001,boevj001,SLN
SLN199005130,SLN,ATL,0,0,,D,castt001,terrs001,ATL
SLN199005150,SLN,HOU,2,0,,N,magrj001,scotm001,SLN
SLN199005160,SLN,HOU,0,0,,D,smitb001,deshj001,SLN
SLN199005230,SLN,SFN,1,1,,N,knepb001,mathg001,SFN
SLN199005240,SLN,SFN,2,0,,D,dipif001,vosbe001,SLN
SLN199005250,SLN,LAN,0,1,,N,martr002,magrj001,LAN
SLN199005260,SLN,LAN,0,2,,N,morgm001,smitb001,LAN
SLN199005270,SLN,LAN,0,9,,D,crewt001,delej001,LAN
SLN199006010,SLN,CHN,0,1,,N,delej001,maddg002,SLN
SLN199006020,SLN,CHN,1,0,,N,lancl001,smitl001,CHN
SLN199006030,SLN,CHN,0,0,,D,smitb001,blank001,SLN
SLN199006040,SLN,PHI,2,0,,N,dipif001,freem001,SLN
SLN199006050,SLN,PHI,0,0,,N,carmd001,terrs001,PHI
SLN199006060,SLN,PHI,1,0,,N,dipif001,mcdor001,SLN
SLN199006110,SLN,PIT,0,2,,N,belis001,niedt001,PIT
SLN199006120,SLN,PIT,0,0,,N,heatn001,delej001,PIT
SLN199006130,SLN,PIT,1,0,,N,huism001,dipif001,PIT
SLN199006140,SLN,MON,0,1,,N,sampb002,niedt001,MON
SLN199006150,SLN,MON,0,0,,N,freys001,magrj001,MON
SLN199006160,SLN,MON,0,0,,N,tewkb001,halld001,SLN
SLN199006170,SLN,MON,0,1,,D,delej001,smitz001,SLN
SLN199006250,SLN,NYN,0,1,,N,coned001,smitl001,NYN
SLN199006260,SLN,NYN,0,1,,N,penaa001,daylk001,NYN
SLN199006270,SLN,NYN,0,0,,N,violf001,magrj001,NYN
SLN199006280,SLN,PIT,0,0,,N,tewkb001,drabd001,SLN
SLN199007120,SLN,SFN,0,1,,N,garrs001,smitb001,SFN
SLN199007130,SLN,SFN,0,0,,N,robid001,delej001,SFN
SLN199007140,SLN,SFN,0,0,,N,smitl001,wilst002,SLN
SLN199007150,SLN,SFN,0,0,,N,bedrs001,niedt001,SFN
SLN199007160,SLN,LAN,0,0,,N,wellt001,tewkb001,LAN
SLN199007170,SLN,LAN,0,0,,N,smitb001,valef001,SLN
SLN199007180,SLN,LAN,0,0,,N,martr002,delej001,LAN
SLN199007190,SLN,SDN,0,0,,N,magrj001,hursb001,SLN
SLN199007200,SLN,SDN,0,0,,N,tudoj001,white001,SLN
SLN199007210,SLN,SDN,1,0,,N,tewkb001,showe001,SLN
SLN199007220,SLN,SDN,1,1,,D,daylk001,harrg002,SLN
SLN199007230,SLN,CHN,1,0,,N,maddg002,delej001,CHN
SLN199007240,SLN,CHN,4,1,,N,terrs001,wilss001,SLN
SLN199007250,SLN,CHN,8,0,,N,tudoj001,harkm001,SLN
SLN199008030,SLN,NYN,0,0,,N,machj001,smitl001,NYN
SLN199008040,SLN,NYN,0,0,,D,hillk001,goodd001,SLN
SLN199008050,SLN,NYN,1,0,,D,tudoj001,ferns001,SLN
SLN199008060,SLN,NYN,0,0,,N,magrj001,darlr001,SLN
SLN199008140,SLN,CIN,1,4,,N,armsj001,delej001,CIN
SLN199008150,SLN,CIN,0,0,,D,dibbr001,niedt001,CIN
SLN199008160,SLN,HOU,0,0,,N,darwd001,magrj001,HOU
SLN199008170,SLN,HOU,1,0,,N,tewkb001,gullb001,SLN
SLN199008180,SLN,HOU,1,1,,N,smitd001,dipif001,HOU
SLN199008190,SLN,HOU,3,0,,D,delej001,scotm001,SLN
SLN199008200,SLN,ATL,4,0,,N,hillk001,glavt001,SLN
SLN199008210,SLN,ATL,0,1,,N,smolj001,magrj001,ATL
SLN199008220,SLN,ATL,0,1,,N,castt001,tewkb001,ATL
SLN199009030,SLN,NYN,0,0,,D,goodd001,tewkb001,NYN
SLN199009040,SLN,NYN,0,0,,N,magrj001,ferns001,SLN
SLN199009050,SLN,MON,1,2,,N,nabhc001,delej001,MON
SLN199009060,SLN,MON,1,1,,D,daylk001,gardm001,SLN
SLN199009140,SLN,CHN,1,0,,N,smitb001,willm002,SLN
SLN199009150,SLN,CHN,0,0,,N,lancl001,delej001,CHN
SLN199009160,SLN,CHN,0,1,,D,nunej001,hillk001,CHN
SLN199009180,SLN,PHI,0,0,,N,grimj001,tewkb001,PHI
SLN199009190,SLN,PHI,1,0,,N,combp001,magrj001,PHI
SLN199009200,SLN,PHI,0,0,,N,perem002,mcdor001,SLN
SLN199009280,SLN,PIT,0,0,,N,landb001,hillk001,PIT
SLN199009290,SLN,PIT,0,0,,D,walkb001,tewkb001,PIT
SLN199009300,SLN,PIT,0,0,,D,drabd001,magrj001,PIT
TEX199004090,TEX,TOR,2,0,,N,ryann001,stott001,TEX
TEX199004170,TEX,MIL,0,0,,N,browk001,fosst001,TEX
TEX199004180,TEX,MIL,0,1,,N,fosst001,moyej001,MIL
TEX199004190,TEX,MIL,0,2,,N,bosic001,wittb001,MIL
TEX199004200,TEX,NYA,0,0,,N,ryann001,guetl001,TEX
TEX199004210,TEX,NYA,4,0,,N,hougc001,cadag001,TEX
TEX199004220,TEX,NYA,4,0,,D,browk001,leart001,TEX
TEX199004240,TEX,CHA,0,3,,N,rogek001,thigb001,TEX
TEX199004250,TEX,CHA,1,2,,N,mcdoj001,wittb001,CHA
TEX199004260,TEX,CHA,0,0,,N,ryann001,perem001,TEX
TEX199005080,TEX,KCA,1,6,,N,gubim001,ryann001,KCA
TEX199005090,TEX,KCA,0,0,,N,hougc001,davis001,TEX
TEX199005100,TEX,KCA,0,0,,N,montj002,browk001,KCA
TEX199005110,TEX,CLE,0,2,"19900512,ARL01,4,4,33",N,olins001,russj001,CLE
TEX199005120,TEX,CLE,1,0,,N,wittb001,blacb001,TEX
TEX199005130,TEX,CLE,0,1,,N,farrj001,hougc001,CLE
TEX199005150,TEX,DET,0,0,,N,petrd001,browk001,DET
TEX199005160,TEX,DET,0,0,,N,robij002,bohab001,DET
TEX199005170,TEX,DET,2,2,,N,hennm001,russj001,DET
TEX199005250,TEX,BAL,1,1,,N,harnp001,browk001,BAL
TEX199005260,TEX,BAL,0,0,,N,olsog001,russj001,BAL
TEX199005270,TEX,BAL,1,0,,D,ballj002,wittb001,BAL
TEX199005280,TEX,BOS,0,0,,N,reedj002,russj001,BOS
TEX199005290,TEX,BOS,0,0,,N,clemr001,hougc001,BOS
TEX199005300,TEX,BOS,0,0,,N,rogek001,gardw001,TEX
TEX199006010,TEX,CAL,0,1,,N,blylb001,wittb001,CAL
TEX199006020,TEX,CAL,0,2,,N,jeffm001,finlc001,TEX
TEX199006030,TEX,CAL,1,4,,N,abboj001,hougc001,CAL
TEX199006040,TEX,CAL,0,0,,N,browk001,mccak001,TEX
TEX199006050,TEX,OAK,0,2,,N,welcb001,bohab001,OAK
TEX199006060,TEX,OAK,0,1,,N,sands001,ryann001,OAK
TEX199006070,TEX,OAK,1,0,,N,wittb001,moorm001,TEX
TEX199006180,TEX,MIN,0,0,,N,hougc001,westd001,TEX
TEX199006190,TEX,MIN,0,0,,N,arnsb001,candj001,TEX
TEX199006200,TEX,MIN,4,0,,N,browk001,drumt001,TEX
TEX199006220,TEX,SEA,0,0,,N,ryann001,younm001,TEX
TEX199006230,TEX,SEA,0,2,,N,jackm001,rogek001,SEA
TEX199006240,TEX,SEA,0,0,,N,hanse001,hougc001,SEA
TEX199007030,TEX,BAL,3,1,,N,wittb001,mitcj001,TEX
TEX199007040,TEX,BAL,0,0,,N,johnd001,hougc001,BAL
TEX199007050,TEX,BAL,0,0,,N,jeffm001,milab001,TEX
TEX199007060,TEX,BOS,0,0,,N,browk001,gardw001,TEX
TEX199007070,TEX,BOS,0,1,,N,ryann001,boddm001,TEX
TEX199007080,TEX,BOS,0,1,,N,rogek001,grayj001,TEX
TEX199007200,TEX,DET,1,0,,N,ryann001,sears001,TEX
TEX199007210,TEX,DET,0,3,,N,petrd001,jeffm001,DET
TEX199007220,TEX,DET,0,0,,N,arnsb001,morrj001,TEX
TEX199007230,TEX,NYA,0,1,,N,browk001,caryc001,TEX
TEX199007240,TEX,NYA,1,0,,N,wittb001,leart001,TEX
TEX199007250,TEX,NYA,2,1,,N,rogek001,leitm001,TEX
TEX199008020,TEX,TOR,0,0,,N,arnsb001,candj001,TEX
TEX199008030,TEX,TOR,0,0,,N,moyej001,welld001,TEX
TEX199008040,TEX,TOR,1,0,,N,wittb001,stott001,TEX
TEX199008050,TEX,TOR,0,1,,N,ceruj001,ryann001,TOR
TEX199008060,TEX,TOR,0,0,,N,hougc001,stied001,TEX
TEX199008171,TEX,CHA,0,0,,N,rogek001,palld001,TEX
TEX199008172,TEX,CHA,0,1,,N,perem001,hougc001,CHA
TEX199008180,TEX,CHA,0,1,,N,barfj002,ferna001,TEX
TEX199008190,TEX,CHA,0,0,,N,edwaw001,moyej001,CHA
TEX199008200,TEX,SEA,0,0,,N,jeffm001,jackm001,TEX
TEX199008210,TEX,SEA,0,0,,N,johnr005,hougc001,SEA
TEX199008220,TEX,SEA,0,1,,N,ryann001,swifb001,TEX
TEX199008240,TEX,MIN,0,0,,N,barfj002,guthm001,TEX
TEX199008250,TEX,MIN,3,1,,N,westd001,mielg001,MIN
TEX199008260,TEX,MIN,0,0,,N,wittb001,leact001,TEX
TEX199009030,TEX,CLE,0,0,,N,ryann001,walkm001,TEX
TEX199009040,TEX,CLE,0,0,,N,valds001,browk001,CLE
TEX199009050,TEX,CLE,0,0,,N,rogek001,joned001,TEX
TEX199009060,TEX,KCA,4,1,,N,wittb001,codic001,TEX
TEX199009070,TEX,KCA,0,0,,N,hougc001,gordt001,TEX
TEX199009080,TEX,KCA,0,0,,N,rogek001,appik001,TEX
TEX199009090,TEX,KCA,0,0,,D,arnsb001,farrs001,TEX
TEX199009140,TEX,MIL,0,0,,N,rogek001,crimc001,TEX
TEX199009150,TEX,MIL,2,2,,N,moyej001,edent001,TEX
TEX199009160,TEX,MIL,0,3,,D,robir001,chias001,MIL
TEX199009240,TEX,CAL,0,0,,N,langm001,ryann001,CAL
TEX199009250,TEX,CAL,0,0,,N,lewis001,wittb001,CAL
TEX199009260,TEX,CAL,3,0,,N,rogek001,mccak001,TEX
TEX199009270,TEX,OAK,5,0,,N,chias001,sands001,TEX
TEX199009280,TEX,OAK,0,0,,N,moorm001,hougc001,OAK
TEX199009290,TEX,OAK,0,1,,N,burnt001,mcmuc001,OAK
TEX199009300,TEX,OAK,0,0,,D,chits001,ryann001,OAK
TOR199004100,TOR,TEX,0,0,,N,stied001,hougc001,TOR
TOR199004110,TOR,TEX,0,5,,N,browk001,ceruj001,TEX
TOR199004120,TOR,TEX,0,1,,N,flanm001,moyej001,TOR
TOR199004160,TOR,BAL,1,0,,D,ceruj001,tibbj001,TOR
TOR199004170,TOR,BAL,0,0,,N,flanm001,ballj002,TOR
TOR199004180,TOR,BAL,1,0,,N,harnp001,willf002,BAL
TOR199004200,TOR,KCA,3,0,,N,stott001,sabeb001,TOR
TOR199004210,TOR,KCA,1,0,,D,stied001,gubim001,TOR
TOR199004220,TOR,KCA,0,2,,D,gordt001,ceruj001,KCA
TOR199004230,TOR,CLE,0,3,,N,willf002,wickk001,TOR
TOR199004240,TOR,CLE,3,1,,N,key-j001,swing001,TOR
TOR199004250,TOR,CLE,2,1,,N,stott001,nichr002,TOR
TOR199004260,TOR,CLE,0,0,,D,candt001,stied001,CLE
TOR199005040,TOR,DET,0,0,,N,petrd001,flanm001,DET
TOR199005050,TOR,DET,3,0,,D,stott001,robij002,TOR
TOR199005060,TOR,DET,0,0,,D,key-j001,dubob001,TOR
TOR199005070,TOR,CHA,0,1,,N,stied001,mcdoj001,TOR
TOR199005080,TOR,CHA,0,2,,N,hibbg001,ceruj001,CHA
TOR199005090,TOR,CHA,0,0,,N,willf002,edwaw001,TOR
TOR199005150,TOR,SEA,0,0,,N,comsk001,ackej001,SEA
TOR199005160,TOR,SEA,0,0,,N,holmb001,stott001,SEA
TOR199005170,TOR,SEA,0,0,,D,johnr005,key-j001,SEA
TOR199005180,TOR,CAL,0,0,,N,abboj001,stied001,CAL
TOR199005190,TOR,CAL,0,4,,D,frasw001,wardd001,CAL
TOR199005200,TOR,CAL,0,0,,D,willf002,langm001,TOR
TOR199005210,TOR,OAK,0,0,,D,welcb001,stott001,OAK
TOR199005220,TOR,OAK,0,0,,D,younc001,willf002,OAK
TOR199006010,TOR,MIL,0,0,,N,higut001,stott001,MIL
TOR199006020,TOR,MIL,4,0,,D,fosst001,welld001,MIL
TOR199006030,TOR,MIL,2,0,,D,stied001,knudm001,TOR
TOR199006050,TOR,MIN,0,0,,N,welld001,smitr001,TOR
TOR199006060,TOR,MIN,0,3,,D,candj001,blaiw001,MIN
TOR199006070,TOR,MIN,2,0,,N,stott001,tapak001,TOR
TOR199006190,TOR,BOS,1,0,,N,kiecd001,wardd001,BOS
TOR199006200,TOR,BOS,2,0,,N,stied001,gardw001,TOR
TOR199006210,TOR,NYA,0,1,,N,milla001,ackej001,NYA
TOR199006220,TOR,NYA,0,2,,N,cadag001,blaiw001,NYA
TOR199006230,TOR,NYA,0,0,,D,stott001,leart001,TOR
TOR199006240,TOR,NYA,0,0,,D,ceruj001,caryc001,TOR
TOR199006290,TOR,OAK,0,0,,N,stewd001,ceruj001,OAK
TOR199006300,TOR,OAK,0,0,,D,welcb001,stied001,OAK
TOR199007010,TOR,OAK,0,1,,D,blaiw001,burnt001,TOR
TOR199007020,TOR,OAK,0,1,,D,moorm001,key-j001,OAK
TOR199007030,TOR,CAL,0,0,,N,stott001,blylb001,TOR
TOR199007040,TOR,CAL,2,0,,N,ceruj001,abboj001,TOR
TOR199007050,TOR,CAL,0,0,,N,stied001,mccak001,TOR
TOR199007060,TOR,SEA,0,0,,N,welld001,holmb001,TOR
TOR199007070,TOR,SEA,3,2,,D,key-j001,swanr001,TOR
TOR199007080,TOR,SEA,1,2,,D,younm001,stott001,SEA
TOR199007240,TOR,KCA,0,0,,N,farrs001,wardd001,KCA
TOR199007250,TOR,KCA,0,2,,N,mcgaa001,stott001,KCA
TOR199007260,TOR,KCA,0,0,,N,ceruj001,appik001,TOR
TOR199007270,TOR,TEX,0,0,,N,stied001,hougc001,TOR
TOR199007280,TOR,TEX,0,0,,D,arnsb001,willf002,TEX
TOR199007290,TOR,TEX,2,1,,D,ackej001,mcmuc001,TOR
TOR199008070,TOR,DET,0,0,,N,key-j001,morrj001,TOR
TOR199008080,TOR,DET,0,0,,N,welld001,terrw001,TOR
TOR199008090,TOR,DET,2,0,,N,robij002,stott001,DET
TOR199008100,TOR,MIN,2,0,,N,westd001,ceruj001,MIN
TOR199008110,TOR,MIN,2,0,,D,stied001,leact001,TOR
TOR199008120,TOR,MIN,0,3,,D,andea001,key-j001,MIN
TOR199008230,TOR,BOS,1,0,,N,henkt001,heskj001,TOR
TOR199008240,TOR,BOS,0,0,,N,kiecd001,wardd001,BOS
TOR199008250,TOR,BOS,0,0,,D,clemr001,welld001,BOS
TOR199008260,TOR,BOS,0,0,,D,harrg001,stott001,BOS
TOR199008270,TOR,MIL,0,0,,N,higut001,ackej001,MIL
TOR199008280,TOR,MIL,0,0,,N,navaj001,stied001,MIL
TOR199008290,TOR,MIL,1,1,,D,key-j001,knudm001,TOR
TOR199009070,TOR,CHA,0,0,,N,stott001,perem001,TOR
TOR199009080,TOR,CHA,1,0,,D,stied001,ferna001,TOR
TOR199009090,TOR,CHA,1,0,,D,key-j001,mcdoj001,TOR
TOR199009130,TOR,BAL,0,0,,N,mesaj001,stied001,BAL
TOR199009140,TOR,BAL,0,0,,N,blaiw001,olsog001,TOR
TOR199009150,TOR,BAL,0,0,,D,blaiw001,schic002,TOR
TOR199009160,TOR,BAL,1,1,,N,henkt001,pricj001,TOR
TOR199009170,TOR,NYA,0,0,,N,ceruj001,plune001,TOR
TOR199009180,TOR,NYA,0,0,,N,blacb001,guetl001,TOR
TOR199009190,TOR,NYA,0,0,,N,key-j001,leart001,TOR
TOR199009210,TOR,CLE,0,0,,N,valde001,willf002,CLE
TOR199009220,TOR,CLE,0,0,,D,shawj001,stott001,CLE
TOR199009230,TOR,CLE,0,0,,D,ackej001,wardc003,TOR
