game_id,hometeam,visteam,home_first_inning_runs,visiting_first_inning_runs,home_pitcher,away_pitcher,wp,lp,winner
ANA201904040,ANA,TEX,1,5,,N,sprij001,harvm001,TEX
ANA201904050,ANA,TEX,0,0,,N,andej005,lynnl001,ANA
ANA201904060,ANA,TEX,0,0,,D,skagt001,smyld001,ANA
ANA201904070,ANA,TEX,0,0,,D,andej005,mills001,ANA
ANA201904080,ANA,MIL,0,0,,N,cahit001,chacj001,ANA
ANA201904090,ANA,MIL,6,0,,N,bedrc001,claua001,ANA
ANA201904100,ANA,MIL,0,0,,N,barrj003,woodb005,ANA
ANA201904180,ANA,SEA,0,0,,N,swara001,allec002,SEA
ANA201904190,ANA,SEA,0,0,,N,rossz001,allec002,SEA
ANA201904200,ANA,SEA,0,2,,N,kikuy001,cahit001,SEA
ANA201904210,ANA,SEA,0,0,,D,barrj003,leakm001,ANA
ANA201904220,ANA,NYA,0,1,,N,holdj002,bardl001,NYA
ANA201904230,ANA,NYA,0,1,,N,germd001,strac001,NYA
ANA201904240,ANA,NYA,1,0,,N,loaij001,buttt001,NYA
ANA201904250,ANA,NYA,0,0,,N,ramin002,tanam001,ANA
ANA201904300,ANA,TOR,0,0,,N,buttt001,teper001,ANA
ANA201905010,ANA,TOR,1,0,,N,penaf002,strom001,ANA
ANA201905020,ANA,TOR,0,0,,N,skagt001,sanca006,ANA
ANA201905040,ANA,HOU,0,1,,N,milew001,cahit001,HOU
ANA201905050,ANA,HOU,1,0,,D,verlj001,harvm001,HOU
ANA201905170,ANA,KCA,0,0,,N,harvm001,kellb003,ANA
ANA201905180,ANA,KCA,1,0,,N,canng001,junij001,ANA
ANA201905190,ANA,KCA,0,0,,D,duffd001,skagt001,KCA
ANA201905200,ANA,MIN,0,0,,N,roget001,buttt001,MIN
ANA201905210,ANA,MIN,1,0,,N,pinem001,bardl001,MIN
ANA201905230,ANA,MIN,0,0,,D,perem004,harvm001,MIN
ANA201905240,ANA,TEX,0,1,,N,smyld001,bedrc001,TEX
ANA201905250,ANA,TEX,0,0,,N,roblh001,kells001,ANA
ANA201905260,ANA,TEX,1,0,,D,garcl005,sprij001,ANA
ANA201906040,ANA,OAK,0,0,,N,montf001,canng001,OAK
ANA201906050,ANA,OAK,1,0,,N,roblh001,trivl001,ANA
ANA201906060,ANA,OAK,0,0,,N,fierm001,skagt001,OAK
ANA201906070,ANA,SEA,0,0,,N,gonzm005,heana001,SEA
ANA201906080,ANA,SEA,3,0,,N,peted001,kikuy001,ANA
ANA201906090,ANA,SEA,0,0,,D,leblw001,suarj001,SEA
ANA201906100,ANA,LAN,0,0,,N,buttt001,kellj001,ANA
ANA201906110,ANA,LAN,5,0,,N,penaf002,maedk001,ANA
ANA201906250,ANA,CIN,1,1,,N,heana001,mahlt001,ANA
ANA201906260,ANA,CIN,0,0,,N,bedrc001,igler001,ANA
ANA201906270,ANA,OAK,0,0,,N,canng001,andet003,ANA
ANA201906280,ANA,OAK,0,2,,N,fierm001,ramin002,OAK
ANA201906290,ANA,OAK,0,0,,N,andeb004,skagt001,OAK
ANA201906300,ANA,OAK,0,0,,D,bassc001,heana001,OAK
ANA201907120,ANA,SEA,7,0,,N,penaf002,leakm001,ANA
ANA201907130,ANA,SEA,0,0,,N,harvm001,leblw001,ANA
ANA201907140,ANA,SEA,0,1,,D,buttt001,bassa001,ANA
ANA201907150,ANA,HOU,0,1,,N,andej005,valdf001,ANA
ANA201907160,ANA,HOU,6,0,,N,ramin002,rondh001,ANA
ANA201907170,ANA,HOU,0,3,,N,coleg001,penaf002,HOU
ANA201907180,ANA,HOU,0,2,,N,milew001,harvm001,HOU
ANA201907250,ANA,BAL,1,0,,N,scott003,canng001,BAL
ANA201907260,ANA,BAL,0,1,,N,wojca001,tropn001,BAL
ANA201907270,ANA,BAL,2,2,,N,bleir001,buttt001,BAL
ANA201907280,ANA,BAL,0,0,,D,colet001,givem001,ANA
ANA201907290,ANA,DET,0,1,,N,zimmj003,barrj003,DET
ANA201907300,ANA,DET,0,0,,N,canng001,verhd001,ANA
ANA201907310,ANA,DET,0,0,,D,norrd002,suarj001,DET
ANA201908120,ANA,PIT,0,3,,N,kellm003,suarj001,PIT
ANA201908130,ANA,PIT,3,0,,N,willt002,colet001,PIT
ANA201908140,ANA,PIT,0,2,,N,peted001,archc001,ANA
ANA201908150,ANA,CHA,1,0,,N,heana001,loper003,ANA
ANA201908160,ANA,CHA,0,0,,N,gioll001,sandp002,CHA
ANA201908170,ANA,CHA,0,1,,N,colet001,marse001,ANA
ANA201908180,ANA,CHA,0,0,,D,canng001,ceasd001,ANA
ANA201908270,ANA,TEX,0,0,,N,delpm001,minom001,ANA
ANA201908280,ANA,TEX,0,0,,N,juraa001,delpm001,TEX
ANA201908300,ANA,BOS,0,1,,N,casha001,cahit001,BOS
ANA201908310,ANA,BOS,0,1,,N,garcl005,brasr001,ANA
ANA201909010,ANA,BOS,0,1,,D,weber001,heana001,BOS
ANA201909090,ANA,CLE,0,1,,N,biebs001,sandp002,CLE
ANA201909100,ANA,CLE,0,0,,N,plesz001,suarj001,CLE
ANA201909110,ANA,CLE,0,1,,N,carrc003,peted001,CLE
ANA201909130,ANA,TBA,0,0,,N,mortc002,heana001,TBA
ANA201909140,ANA,TBA,0,0,,N,richt001,barrj003,TBA
ANA201909150,ANA,TBA,1,1,,D,ramin002,yarbr001,ANA
ANA201909240,ANA,OAK,0,0,,N,peted001,bailh001,ANA
ANA201909250,ANA,OAK,0,0,,N,sorij001,roblh001,OAK
ANA201909260,ANA,HOU,2,0,,N,cahit001,biagj001,ANA
ANA201909270,ANA,HOU,0,0,,N,urquj001,sandp002,HOU
ANA201909280,ANA,HOU,1,0,,N,verlj001,bardl001,HOU
ANA201909290,ANA,HOU,0,1,,D,coleg001,peted001,HOU
ARI201904050,ARI,BOS,0,0,,D,godlz001,porcr001,ARI
ARI201904060,ARI,BOS,0,0,,N,hollg001,brewc002,ARI
ARI201904070,ARI,BOS,0,0,,D,waldm002,kellm002,BOS
ARI201904090,ARI,TEX,0,2,,N,andrm001,leclj001,ARI
ARI201904100,ARI,TEX,0,0,,N,lynnl001,chafa001,TEX
ARI201904110,ARI,SDN,1,0,,N,stamc001,brada001,SDN
ARI201904120,ARI,SDN,0,1,,N,reyeg002,weavl001,SDN
ARI201904130,ARI,SDN,0,2,,N,stamc001,andrm001,SDN
ARI201904140,ARI,SDN,0,1,,D,greiz001,lauee001,ARI
ARI201904260,ARI,CHN,3,0,,N,ray-r002,hendk001,ARI
ARI201904270,ARI,CHN,0,0,,N,darvy001,godlz001,CHN
ARI201904280,ARI,CHN,0,0,,D,chatt001,andrm001,CHN
ARI201904300,ARI,NYA,0,0,,N,greiz001,sabac001,ARI
ARI201905010,ARI,NYA,0,0,,D,kellm002,tanam001,ARI
ARI201905090,ARI,ATL,0,0,,N,duplj001,minta001,ARI
ARI201905100,ARI,ATL,0,0,,N,winkd001,lopey001,ATL
ARI201905110,ARI,ATL,0,0,,N,gausk001,kellm002,ATL
ARI201905120,ARI,ATL,0,0,,D,friem001,godlz001,ATL
ARI201905130,ARI,PIT,2,2,,N,ray-r002,kingn001,ARI
ARI201905140,ARI,PIT,0,0,,N,musgj001,weavl001,PIT
ARI201905150,ARI,PIT,3,0,,D,greiz001,archc001,ARI
ARI201905170,ARI,SFN,0,0,,N,kellm002,samaj001,ARI
ARI201905180,ARI,SFN,0,1,,N,bumgm001,godlz001,SFN
ARI201905190,ARI,SFN,0,0,,D,dysos001,hiray001,SFN
ARI201905310,ARI,NYN,0,0,,N,wheez001,andrm001,NYN
ARI201906010,ARI,NYN,0,1,,N,hiray001,basht001,ARI
ARI201906020,ARI,NYN,3,0,,D,kellm002,matzs001,ARI
ARI201906030,ARI,LAN,0,0,,N,buehw001,ray-r002,LAN
ARI201906040,ARI,LAN,0,2,,N,ryu-h001,clart003,LAN
ARI201906050,ARI,LAN,0,0,,D,godlz001,alexs001,ARI
ARI201906180,ARI,COL,0,2,,N,senza001,kellm002,COL
ARI201906190,ARI,COL,0,0,,N,grayj003,greiz001,COL
ARI201906200,ARI,COL,1,1,,D,obers001,hiray001,COL
ARI201906210,ARI,SFN,0,0,,N,samaj001,clart003,SFN
ARI201906220,ARI,SFN,2,0,,N,gottt001,godlz001,SFN
ARI201906230,ARI,SFN,0,0,,D,andrm001,melam001,ARI
ARI201906240,ARI,LAN,3,3,,N,lopey001,flord002,ARI
ARI201906250,ARI,LAN,1,1,,N,uriaj001,ray-r002,LAN
ARI201906260,ARI,LAN,4,0,,D,clart003,gonst001,ARI
ARI201907050,ARI,COL,0,0,,N,greiz001,senza001,ARI
ARI201907060,ARI,COL,0,0,,N,ray-r002,grayj003,ARI
ARI201907070,ARI,COL,0,0,,D,youna002,marqg001,ARI
ARI201907180,ARI,MIL,0,0,,N,daviz001,lopey001,MIL
ARI201907190,ARI,MIL,0,0,,N,brada001,chacj001,ARI
ARI201907200,ARI,MIL,1,0,,N,housa001,chafa001,MIL
ARI201907210,ARI,MIL,1,0,,D,peraf001,lopey001,MIL
ARI201907220,ARI,BAL,3,0,,N,ray-r002,brooa001,ARI
ARI201907230,ARI,BAL,0,0,,N,bundd001,kellm002,BAL
ARI201907240,ARI,BAL,0,0,,D,clart003,meanj001,ARI
ARI201908020,ARI,WAS,0,0,,N,rossj002,youna002,WAS
ARI201908030,ARI,WAS,2,2,,N,ray-r002,stras001,ARI
ARI201908040,ARI,WAS,0,0,,D,hiray001,suerw002,ARI
ARI201908050,ARI,PHI,1,0,,N,velav001,kellm002,PHI
ARI201908060,ARI,PHI,0,1,,N,chafa001,suarr001,ARI
ARI201908070,ARI,PHI,0,0,,N,gallz001,vargj001,ARI
ARI201908150,ARI,SFN,0,2,,N,rodrd001,youna002,SFN
ARI201908160,ARI,SFN,1,0,,N,smitw002,lopey001,SFN
ARI201908170,ARI,SFN,2,0,,N,webbl001,clart003,SFN
ARI201908180,ARI,SFN,3,0,,D,kellm002,bumgm001,ARI
ARI201908190,ARI,COL,0,0,,N,lopey001,daviw001,ARI
ARI201908200,ARI,COL,0,0,,N,youna002,freek001,ARI
ARI201908210,ARI,COL,0,2,,D,melvt001,leakm001,COL
ARI201908290,ARI,LAN,0,1,,N,andrm001,ryu-h001,ARI
ARI201908300,ARI,LAN,0,0,,N,brada001,garcy001,ARI
ARI201908310,ARI,LAN,0,0,,N,ray-r002,kersc001,ARI
ARI201909010,ARI,LAN,0,1,,D,sadlc002,clart003,LAN
ARI201909020,ARI,SDN,0,0,,D,leakm001,quanc001,ARI
ARI201909030,ARI,SDN,2,0,,N,kellm002,bolar001,ARI
ARI201909040,ARI,SDN,0,0,,N,gallz001,stamc001,ARI
ARI201909130,ARI,CIN,0,0,,N,castl003,leakm001,CIN
ARI201909140,ARI,CIN,0,0,,N,kellm002,desca001,ARI
ARI201909150,ARI,CIN,0,0,,D,bauet001,gallz001,CIN
ARI201909160,ARI,MIA,1,0,,N,hiray001,guert001,ARI
ARI201909170,ARI,MIA,0,0,,N,smitc006,andrm001,MIA
ARI201909180,ARI,MIA,1,0,,D,leakm001,alcas001,ARI
ARI201909230,ARI,SLN,0,2,,N,waina001,youna002,SLN
ARI201909240,ARI,SLN,0,1,,N,ginkk001,brebj001,ARI
ARI201909250,ARI,SLN,2,0,,D,kellm002,fernj006,ARI
ARI201909270,ARI,SDN,0,1,,N,scotr001,perdl002,ARI
ARI201909280,ARI,SDN,0,0,,N,sherj001,bednd001,ARI
ARI201909290,ARI,SDN,0,0,,D,crics001,stram001,ARI
ATL201904010,ATL,CHN,5,0,,N,parsw001,hendk001,ATL
ATL201904030,ATL,CHN,0,0,,N,jackl001,cishs001,ATL
ATL201904040,ATL,CHN,0,0,,N,friem001,darvy001,ATL
ATL201904050,ATL,MIA,0,0,,N,gausk001,lopep002,ATL
ATL201904060,ATL,MIA,1,0,,N,romos001,minta001,MIA
ATL201904070,ATL,MIA,2,0,,D,vizca001,conla001,ATL
ATL201904110,ATL,NYN,1,0,,N,matzs001,gausk001,NYN
ATL201904120,ATL,NYN,1,0,,N,wheez001,wrigk001,NYN
ATL201904130,ATL,NYN,4,0,,N,toust001,oswac001,ATL
ATL201904140,ATL,NYN,0,0,,N,tehej001,degrj001,ATL
ATL201904160,ATL,ARI,0,0,,N,hiray001,minta001,ARI
ATL201904170,ATL,ARI,0,0,,N,brada001,biddj001,ARI
ATL201904180,ATL,ARI,0,1,,D,weavl001,sorom001,ARI
ATL201904260,ATL,COL,1,0,,N,senza001,friem001,COL
ATL201904270,ATL,COL,1,0,,N,shawb001,minta001,COL
ATL201904280,ATL,COL,3,0,,D,webbj002,oh--s001,ATL
ATL201904290,ATL,SDN,0,1,,N,sorom001,margn001,ATL
ATL201904300,ATL,SDN,0,1,,N,paddc001,tehej001,SDN
ATL201905010,ATL,SDN,1,0,,N,friem001,quanc001,ATL
ATL201905020,ATL,SDN,0,0,,D,stram001,foltm001,SDN
ATL201905140,ATL,SLN,0,3,,N,flahj002,foltm001,SLN
ATL201905150,ATL,SLN,0,0,,N,sorom001,wachm001,ATL
ATL201905160,ATL,SLN,0,0,,N,tehej001,waina001,ATL
ATL201905170,ATL,MIL,1,0,,N,friem001,chacj001,ATL
ATL201905180,ATL,MIL,0,2,,N,webbj002,hadej001,ATL
ATL201905190,ATL,MIL,1,1,,D,hadej001,parsw001,MIL
ATL201905280,ATL,WAS,0,0,,N,stras001,friem001,WAS
ATL201905290,ATL,WAS,0,4,,N,sanca004,gausk001,WAS
ATL201905310,ATL,DET,0,0,,N,turns003,foltm001,DET
ATL201906010,ATL,DET,0,1,,D,sorom001,norrd002,ATL
ATL201906020,ATL,DET,0,0,,D,toust001,jimej003,ATL
ATL201906100,ATL,PIT,0,1,,N,newcs001,mcraa001,ATL
ATL201906110,ATL,PIT,0,2,,N,toust001,archc001,ATL
ATL201906120,ATL,PIT,3,0,,N,webbj002,felim001,ATL
ATL201906130,ATL,PIT,0,0,,D,tehej001,musgj001,ATL
ATL201906140,ATL,PHI,0,0,,N,blevj001,nerih001,ATL
ATL201906150,ATL,PHI,0,0,,N,ramoe002,jackl001,PHI
ATL201906160,ATL,PHI,3,0,,D,foltm001,velav001,ATL
ATL201906170,ATL,NYN,2,0,,N,sorom001,wheez001,ATL
ATL201906180,ATL,NYN,0,0,,N,degrj001,tehej001,NYN
ATL201906190,ATL,NYN,2,1,,N,friem001,matzs001,ATL
ATL201907020,ATL,PHI,0,0,,N,nolaa001,keucd001,PHI
ATL201907030,ATL,PHI,0,0,,N,wilsb003,piven001,ATL
ATL201907040,ATL,PHI,2,4,,N,minta001,efliz001,ATL
ATL201907050,ATL,MIA,0,0,,N,jackl001,quijj001,ATL
ATL201907060,ATL,MIA,2,0,,D,smitc006,friem001,MIA
ATL201907070,ATL,MIA,0,0,,D,keucd001,richt001,ATL
ATL201907180,ATL,WAS,1,0,,N,stras001,wrigk001,WAS
ATL201907190,ATL,WAS,0,0,,N,jackl001,rodnf001,ATL
ATL201907200,ATL,WAS,1,0,,N,sanca004,sorom001,WAS
ATL201907210,ATL,WAS,2,0,,N,gausk001,rossj002,ATL
ATL201907230,ATL,KCA,1,0,,N,hillt002,swara001,KCA
ATL201907240,ATL,KCA,0,0,,N,kellb003,tehej001,KCA
ATL201908010,ATL,CIN,3,0,,N,friem001,desca001,ATL
ATL201908020,ATL,CIN,0,2,,N,wooda002,gausk001,CIN
ATL201908030,ATL,CIN,0,0,,N,jackl001,hughj001,ATL
ATL201908040,ATL,CIN,0,0,,D,stepr002,grees005,CIN
ATL201908130,ATL,NYN,2,0,,N,friem001,wheez001,ATL
ATL201908140,ATL,NYN,0,0,,N,martc007,lugos001,ATL
ATL201908150,ATL,NYN,0,3,,N,strom001,tehej001,NYN
ATL201908160,ATL,LAN,0,0,,N,kolaa001,newcs001,LAN
ATL201908170,ATL,LAN,0,0,,N,newcs001,ryu-h001,ATL
ATL201908180,ATL,LAN,0,3,,D,swara001,may-d003,ATL
ATL201908200,ATL,MIA,0,0,,N,keucd001,kinlt001,ATL
ATL201908210,ATL,MIA,0,0,,N,tehej001,smitc006,ATL
ATL201908220,ATL,MIA,0,0,,N,melam001,stanr002,ATL
ATL201908300,ATL,CHA,0,0,,N,friem001,novai001,ATL
ATL201908310,ATL,CHA,6,1,,N,keucd001,loper003,ATL
ATL201909010,ATL,CHA,2,0,,N,tehej001,gioll001,ATL
ATL201909020,ATL,TOR,2,0,,D,sorom001,waguj001,ATL
ATL201909030,ATL,TOR,2,0,,N,foltm001,fontw001,ATL
ATL201909050,ATL,WAS,2,0,,N,friem001,stras001,ATL
ATL201909060,ATL,WAS,0,0,,N,keucd001,corbp001,ATL
ATL201909070,ATL,WAS,1,0,,N,tehej001,votha001,ATL
ATL201909080,ATL,WAS,0,2,,D,schem001,sorom001,WAS
ATL201909170,ATL,PHI,2,0,,N,velav001,keucd001,PHI
ATL201909180,ATL,PHI,0,0,,N,efliz001,tehej001,PHI
ATL201909190,ATL,PHI,0,0,,D,sorom001,nolaa001,ATL
ATL201909200,ATL,SFN,1,0,,N,foltm001,beedt001,ATL
ATL201909210,ATL,SFN,0,0,,N,friem001,cuetj001,ATL
ATL201909220,ATL,SFN,0,0,,D,webbl001,keucd001,SFN
BAL201904040,BAL,NYA,3,0,,D,paxtj001,wrigm001,NYA
BAL201904060,BAL,NYA,1,1,,N,ottaa001,castm002,NYA
BAL201904070,BAL,NYA,0,0,,D,germd001,hessd001,NYA
BAL201904080,BAL,OAK,1,0,,N,casha001,estrm001,BAL
BAL201904090,BAL,OAK,0,0,,N,andeb004,meanj001,OAK
BAL201904100,BAL,OAK,0,0,,N,montf001,strad003,OAK
BAL201904110,BAL,OAK,1,0,,D,brooa001,bundd001,OAK
BAL201904201,BAL,MIN,0,0,,D,berrj001,yacaj001,MIN
BAL201904202,BAL,MIN,0,3,,N,perem004,cobba001,MIN
BAL201904210,BAL,MIN,0,2,,D,gibsk002,bundd001,MIN
BAL201904220,BAL,CHA,0,0,,N,fry-j001,hessd001,CHA
BAL201904230,BAL,CHA,0,0,,N,casha001,novai001,BAL
BAL201904240,BAL,CHA,2,0,,N,meanj001,sante001,BAL
BAL201905030,BAL,TBA,0,1,,N,glast001,strad003,TBA
BAL201905040,BAL,TBA,1,0,,N,bundd001,chiry001,BAL
BAL201905060,BAL,BOS,0,0,,N,meanj001,smitj004,BAL
BAL201905070,BAL,BOS,2,2,,N,waldm002,klinb001,BOS
BAL201905080,BAL,BOS,0,0,,N,brasr001,ramiy001,BOS
BAL201905100,BAL,ANA,1,0,,N,cahit001,strad003,ANA
BAL201905110,BAL,ANA,2,2,,D,bardl001,bundd001,ANA
BAL201905120,BAL,ANA,0,0,,D,meanj001,canng001,BAL
BAL201905200,BAL,NYA,2,0,,N,britz001,givem001,NYA
BAL201905210,BAL,NYA,0,3,,N,germd001,hessd001,NYA
BAL201905220,BAL,NYA,0,0,,N,sabac001,strad003,NYA
BAL201905230,BAL,NYA,0,0,,D,kahnt001,givem001,NYA
BAL201905270,BAL,DET,2,0,,D,strad003,norrd002,BAL
BAL201905280,BAL,DET,0,1,,N,boydm001,bundd001,DET
BAL201905290,BAL,DET,1,0,,N,ramin003,klinb001,DET
BAL201905310,BAL,SFN,6,5,,N,casha001,pomed001,BAL
BAL201906010,BAL,SFN,0,2,,D,andes002,hessd001,SFN
BAL201906020,BAL,SFN,1,0,,D,samaj001,ynoag001,SFN
BAL201906110,BAL,TOR,0,1,,N,meanj001,thort002,BAL
BAL201906120,BAL,TOR,0,0,,N,jacke001,hessd001,TOR
BAL201906130,BAL,TOR,0,0,,N,strom001,ynoag001,TOR
BAL201906140,BAL,BOS,1,0,,N,rodre004,ortil002,BOS
BAL201906150,BAL,BOS,0,0,,D,salec001,bundd001,BOS
BAL201906160,BAL,BOS,0,0,,D,workb001,givem001,BOS
BAL201906250,BAL,SDN,1,0,,N,allel002,yacaj001,SDN
BAL201906260,BAL,SDN,1,0,,D,stram001,bundd001,SDN
BAL201906280,BAL,CLE,4,0,,N,meanj001,clevm001,BAL
BAL201906290,BAL,CLE,0,0,,N,casha001,plesz001,BAL
BAL201906300,BAL,CLE,0,0,,D,biebs001,ynoag001,CLE
BAL201907120,BAL,TBA,0,7,,N,chiry001,bundd001,TBA
BAL201907131,BAL,TBA,0,0,,D,bleir001,pochc001,BAL
BAL201907132,BAL,TBA,0,0,,N,mortc002,meanj001,TBA
BAL201907140,BAL,TBA,0,0,,D,yarbr001,eshet001,TBA
BAL201907160,BAL,WAS,0,0,,N,votha001,wojca001,WAS
BAL201907170,BAL,WAS,0,0,,N,ynoag001,suerw002,BAL
BAL201907190,BAL,BOS,3,0,,N,meanj001,pricd001,BAL
BAL201907200,BAL,BOS,0,0,,N,porcr001,eshet001,BOS
BAL201907210,BAL,BOS,1,0,,D,wojca001,casha001,BAL
BAL201908010,BAL,TOR,0,0,,N,thort002,wojca001,TOR
BAL201908020,BAL,TOR,0,2,,N,kingn001,brooa001,TOR
BAL201908030,BAL,TOR,0,1,,N,givem001,boshb001,BAL
BAL201908040,BAL,TOR,1,0,,D,eshet001,reids001,BAL
BAL201908050,BAL,NYA,0,0,,N,ottaa001,fry-p001,NYA
BAL201908060,BAL,NYA,0,0,,N,cortn001,wojca001,NYA
BAL201908070,BAL,NYA,0,0,,N,paxtj001,meanj001,NYA
BAL201908090,BAL,HOU,0,2,,N,milew001,bundd001,HOU
BAL201908100,BAL,HOU,1,3,,N,sanca006,brooa001,HOU
BAL201908110,BAL,HOU,1,0,,D,bleir001,osunr001,BAL
BAL201908190,BAL,KCA,0,0,,N,lopej004,meanj001,KCA
BAL201908200,BAL,KCA,0,0,,N,harvh001,barnj002,BAL
BAL201908210,BAL,KCA,0,0,,N,brooa001,montm002,BAL
BAL201908220,BAL,TBA,2,0,,N,drako001,castm002,TBA
BAL201908230,BAL,TBA,0,0,,N,richt001,blact002,TBA
BAL201908240,BAL,TBA,1,0,,N,meanj001,alvaj004,BAL
BAL201908250,BAL,TBA,1,0,,D,bundd001,castd002,BAL
BAL201909050,BAL,TEX,0,0,,N,allak001,meanj001,TEX
BAL201909060,BAL,TEX,1,1,,N,martb002,fry-p001,TEX
BAL201909070,BAL,TEX,3,6,,N,mendy001,brooa001,TEX
BAL201909080,BAL,TEX,0,1,,D,minom001,wojca001,TEX
BAL201909100,BAL,LAN,0,4,,N,buehw001,blact002,LAN
BAL201909110,BAL,LAN,0,0,,N,armss001,fergc001,BAL
BAL201909120,BAL,LAN,1,0,,N,gonst001,bundd001,LAN
BAL201909170,BAL,TOR,2,0,,N,law-d001,givem001,TOR
BAL201909180,BAL,TOR,2,0,,N,stewb001,castm002,TOR
BAL201909190,BAL,TOR,0,0,,N,kay-a001,ynoag001,TOR
BAL201909200,BAL,SEA,4,2,,N,brooa001,hernf002,BAL
BAL201909210,BAL,SEA,0,0,,N,altad001,scott003,SEA
BAL201909220,BAL,SEA,1,1,,D,meanj001,gonzm005,BAL
BOS201904090,BOS,TOR,1,0,,D,shoem001,salec001,TOR
BOS201904110,BOS,TOR,0,0,,N,waldm002,gilek001,BOS
BOS201904120,BOS,BAL,0,0,,N,rodre004,hessd001,BOS
BOS201904130,BOS,BAL,0,2,,D,casha001,porcr001,BAL
BOS201904140,BOS,BAL,0,0,,D,pricd001,meanj001,BOS
BOS201904150,BOS,BAL,0,0,,D,strad003,velah001,BAL
BOS201904231,BOS,DET,0,0,,D,boydm001,brewc002,DET
BOS201904232,BOS,DET,0,0,,N,turns003,velah001,DET
BOS201904240,BOS,DET,0,0,,N,rodre004,rosst001,BOS
BOS201904250,BOS,DET,0,0,,N,porcr001,zimmj003,BOS
BOS201904270,BOS,TBA,0,1,,D,mortc002,pricd001,TBA
BOS201904280,BOS,TBA,0,2,,D,glast001,salec001,TBA
BOS201904290,BOS,OAK,0,0,,N,brasr001,montf001,BOS
BOS201904300,BOS,OAK,1,0,,N,porcr001,brooa001,BOS
BOS201905010,BOS,OAK,0,0,,D,waldm002,fierm001,BOS
BOS201905100,BOS,SEA,0,0,,N,rodre004,swane001,BOS
BOS201905110,BOS,SEA,0,4,,D,porcr001,hernf002,BOS
BOS201905120,BOS,SEA,3,1,,D,velah001,gonzm005,BOS
BOS201905140,BOS,COL,0,0,,N,dunnm002,brasr001,COL
BOS201905150,BOS,COL,2,0,,N,workb001,bettc001,BOS
BOS201905170,BOS,HOU,0,0,,N,harrw002,porcr001,HOU
BOS201905180,BOS,HOU,1,5,,N,jamej002,velah001,HOU
BOS201905190,BOS,HOU,1,0,,D,waldm002,valdf001,BOS
BOS201905270,BOS,CLE,0,2,,D,porcr001,rodrj005,BOS
BOS201905280,BOS,CLE,0,0,,N,wittn001,lakit001,CLE
BOS201905290,BOS,CLE,1,2,,N,biebs001,weber001,CLE
BOS201906070,BOS,TBA,0,0,,N,chiry001,porcr001,TBA
BOS201906081,BOS,TBA,0,0,,D,yarbr001,smitj004,TBA
BOS201906082,BOS,TBA,0,0,,N,pricd001,pochc001,BOS
BOS201906090,BOS,TBA,0,2,,D,snelb001,rodre004,TBA
BOS201906100,BOS,TEX,2,0,,N,chavj001,brasr001,TEX
BOS201906110,BOS,TEX,0,0,,N,juraa001,hernd004,TEX
BOS201906120,BOS,TEX,1,2,,D,barnm001,chavj001,BOS
BOS201906130,BOS,TEX,1,4,,N,workb001,fairp001,BOS
BOS201906210,BOS,TOR,0,2,,N,workb001,romaj004,BOS
BOS201906220,BOS,TOR,0,0,,D,kingn001,barnm001,TOR
BOS201906230,BOS,TOR,0,0,,D,strom001,porcr001,TOR
BOS201906240,BOS,CHA,0,0,,N,workb001,fry-j001,BOS
BOS201906250,BOS,CHA,1,0,,N,pricd001,ruizj001,BOS
BOS201906260,BOS,CHA,2,3,,D,coloa001,barnm001,CHA
BOS201906290,BOS,NYA,6,6,,N,greec003,wrigs001,NYA
BOS201906300,BOS,NYA,4,0,,D,ottaa001,waldm002,NYA
BOS201907120,BOS,LAN,1,0,,N,rodre004,maedk001,BOS
BOS201907130,BOS,LAN,0,1,,N,strir001,salec001,LAN
BOS201907140,BOS,LAN,2,4,,N,flord002,velah001,LAN
BOS201907150,BOS,TOR,5,0,,N,porcr001,thort002,BOS
BOS201907160,BOS,TOR,1,0,,N,shafj001,casha001,TOR
BOS201907170,BOS,TOR,0,0,,N,rodre004,sanca006,BOS
BOS201907180,BOS,TOR,0,0,,D,salec001,pannt001,BOS
BOS201907250,BOS,NYA,7,0,,N,porcr001,tanam001,BOS
BOS201907260,BOS,NYA,3,0,,N,casha001,paxtj001,BOS
BOS201907270,BOS,NYA,0,0,,D,rodre004,sabac001,BOS
BOS201907280,BOS,NYA,0,0,,N,germd001,salec001,NYA
BOS201907300,BOS,TBA,2,0,,N,kolaa001,taylj001,TBA
BOS201907310,BOS,TBA,0,1,,N,yarbr001,porcr001,TBA
BOS201908010,BOS,TBA,2,1,,N,mckab001,casha001,TBA
BOS201908050,BOS,KCA,0,0,,N,porcr001,montm002,BOS
BOS201908060,BOS,KCA,0,0,,N,junij001,casha001,KCA
BOS201908070,BOS,KCA,0,0,"20190822,,4,4,54",N,taylj001,lover001,BOS
BOS201908080,BOS,ANA,0,0,,N,salec001,peted001,BOS
BOS201908090,BOS,ANA,1,3,,N,waldm002,barrj003,BOS
BOS201908100,BOS,ANA,0,3,,D,colet001,porcr001,ANA
BOS201908110,BOS,ANA,0,1,,D,roblh001,weber001,ANA
BOS201908160,BOS,BAL,1,0,,N,porcr001,brooa001,BOS
BOS201908170,BOS,BAL,0,0,,N,rodre004,wojca001,BOS
BOS201908180,BOS,BAL,0,3,,D,waldm002,fry-p001,BOS
BOS201908200,BOS,PHI,0,3,,N,nolaa001,johnb004,PHI
BOS201908210,BOS,PHI,1,0,,N,hughj001,porcr001,PHI
BOS201909030,BOS,MIN,0,1,,N,thorl002,porcr001,MIN
BOS201909040,BOS,MIN,1,0,,N,rodre004,berrj001,BOS
BOS201909050,BOS,MIN,0,0,,N,perem004,casha001,MIN
BOS201909060,BOS,NYA,0,0,,N,waldm002,germd001,BOS
BOS201909070,BOS,NYA,0,0,,D,happj001,weber001,NYA
BOS201909080,BOS,NYA,0,0,,N,greec003,porcr001,NYA
BOS201909090,BOS,NYA,0,0,,N,paxtj001,rodre004,NYA
BOS201909170,BOS,SFN,0,1,,N,rodrd001,kellt002,SFN
BOS201909180,BOS,SFN,0,3,,N,samaj001,chacj001,SFN
BOS201909190,BOS,SFN,2,1,,D,rodre004,bumgm001,BOS
BOS201909270,BOS,BAL,0,0,,N,wojca001,eovan001,BAL
BOS201909280,BOS,BAL,3,2,,D,meanj001,chacj001,BAL
BOS201909290,BOS,BAL,0,0,,D,workb001,tated001,BOS
CHA201904050,CHA,SEA,3,1,,D,burrr002,gearc001,CHA
CHA201904060,CHA,SEA,0,0,,D,leakm001,gioll001,SEA
CHA201904070,CHA,SEA,0,1,,D,leblw001,novai001,SEA
CHA201904080,CHA,TBA,0,2,,D,snelb001,rodoc001,TBA
CHA201904090,CHA,TBA,0,1,,D,mortc002,sante001,TBA
CHA201904100,CHA,TBA,0,3,,D,glast001,loper003,TBA
CHA201904150,CHA,KCA,0,0,,N,banum001,boxbb001,CHA
CHA201904160,CHA,KCA,0,0,,N,loper003,lopej004,CHA
CHA201904170,CHA,KCA,0,0,,D,peraw001,jonen001,KCA
CHA201904260,CHA,DET,1,2,,N,coloa001,jimej003,CHA
CHA201904280,CHA,DET,2,0,,D,loper003,boydm001,CHA
CHA201904290,CHA,BAL,0,0,,N,banum001,meanj001,CHA
CHA201905011,CHA,BAL,1,0,,D,klinb001,herrk001,BAL
CHA201905012,CHA,BAL,0,1,,N,vieit001,phile001,CHA
CHA201905020,CHA,BOS,2,1,,N,fulmc001,brasr001,CHA
CHA201905030,CHA,BOS,0,3,,N,salec001,loper003,BOS
CHA201905040,CHA,BOS,1,0,,N,rodre004,banum001,BOS
CHA201905050,CHA,BOS,0,0,,D,workb001,herrk001,BOS
CHA201905130,CHA,CLE,1,1,,N,loper003,biebs001,CHA
CHA201905140,CHA,CLE,0,0,,D,carrc003,banum001,CLE
CHA201905160,CHA,TOR,1,0,,N,herrk001,law-d001,CHA
CHA201905170,CHA,TOR,0,1,,N,gavis001,novai001,TOR
CHA201905180,CHA,TOR,1,0,,D,gioll001,feier001,CHA
CHA201905190,CHA,TOR,0,0,,D,hudsd001,herrk001,TOR
CHA201905270,CHA,KCA,0,0,"20190528,,1,1,29",D,coloa001,diekj001,CHA
CHA201905280,CHA,KCA,0,3,,N,gioll001,kellb003,CHA
CHA201905290,CHA,KCA,2,0,,N,herrk001,kenni001,CHA
CHA201905300,CHA,CLE,0,0,,N,banum001,carrc003,CHA
CHA201905310,CHA,CLE,0,1,,N,coved001,bauet001,CHA
CHA201906010,CHA,CLE,0,0,,D,pereo002,novai001,CLE
CHA201906020,CHA,CLE,0,0,,D,gioll001,plesz001,CHA
CHA201906100,CHA,WAS,0,0,,N,sanca004,despo001,WAS
CHA201906110,CHA,WAS,4,2,,N,marse001,corbp001,CHA
CHA201906130,CHA,NYA,0,0,,N,marse001,ottaa001,CHA
CHA201906140,CHA,NYA,4,1,,N,gioll001,sabac001,CHA
CHA201906150,CHA,NYA,0,0,,N,cortn001,loper003,NYA
CHA201906160,CHA,NYA,1,0,,D,paxtj001,despo001,NYA
CHA201906280,CHA,MIN,3,0,,N,detwr001,berrj001,CHA
CHA201906290,CHA,MIN,1,2,,D,pinem001,novai001,MIN
CHA201906300,CHA,MIN,0,0,,D,gioll001,thorl002,CHA
CHA201907031,CHA,DET,1,2,,D,ceasd001,norrd002,CHA
CHA201907032,CHA,DET,1,0,,N,ruizj001,ramin003,CHA
CHA201907040,CHA,DET,0,0,,D,boydm001,loper003,DET
CHA201907060,CHA,CHN,0,1,,N,lestj001,gioll001,CHN
CHA201907070,CHA,CHN,0,0,,D,novai001,hendk001,CHA
CHA201907220,CHA,MIA,2,0,,N,novai001,richt001,CHA
CHA201907230,CHA,MIA,0,0,,N,smitc006,coved001,MIA
CHA201907240,CHA,MIA,0,0,,N,gallz001,loper003,MIA
CHA201907250,CHA,MIN,0,1,,N,berrj001,gioll001,MIN
CHA201907260,CHA,MIN,0,0,,N,pinem001,ceasd001,MIN
CHA201907270,CHA,MIN,0,0,,N,novai001,perem004,CHA
CHA201907280,CHA,MIN,0,5,,D,gibsk002,coved001,MIN
CHA201907300,CHA,NYN,0,0,,N,gselr001,ruizj001,NYN
CHA201907310,CHA,NYN,0,0,,N,wilsj004,coloa001,NYN
CHA201908010,CHA,NYN,0,0,,D,wheez001,ceasd001,NYN
CHA201908090,CHA,OAK,0,1,,D,fierm001,detwr001,OAK
CHA201908100,CHA,OAK,0,0,,N,loper003,roart001,CHA
CHA201908110,CHA,OAK,0,0,,D,bassc001,gioll001,OAK
CHA201908131,CHA,HOU,0,1,,D,greiz001,ceasd001,HOU
CHA201908132,CHA,HOU,0,0,,N,novai001,devec001,CHA
CHA201908140,CHA,HOU,0,1,,D,coloa001,presr001,CHA
CHA201908220,CHA,TEX,0,0,,N,detwr001,juraa001,CHA
CHA201908230,CHA,TEX,0,3,,N,ceasd001,lynnl001,CHA
CHA201908240,CHA,TEX,0,0,,N,allak001,novai001,TEX
CHA201908250,CHA,TEX,0,0,,D,loper003,burkb001,CHA
CHA201908270,CHA,MIN,0,0,,N,pinem001,gioll001,MIN
CHA201908280,CHA,MIN,1,0,,N,odorj001,detwr001,MIN
CHA201908290,CHA,MIN,0,4,,D,berrj001,ceasd001,MIN
CHA201909060,CHA,ANA,2,0,,N,roblh001,coloa001,ANA
CHA201909070,CHA,ANA,2,2,,N,heana001,coved001,ANA
CHA201909080,CHA,ANA,1,1,,D,osicj001,barrj003,CHA
CHA201909100,CHA,KCA,4,1,,N,novai001,junij001,CHA
CHA201909110,CHA,KCA,3,2,,N,sparg001,loper003,KCA
CHA201909120,CHA,KCA,0,1,,D,lopej004,gioll001,KCA
CHA201909240,CHA,CLE,0,4,,N,clevm001,fulmc001,CLE
CHA201909250,CHA,CLE,3,0,,N,detwr001,biebs001,CHA
CHA201909260,CHA,CLE,0,0,,N,osicj001,civaa001,CHA
CHA201909281,CHA,DET,0,1,,D,loper003,boydm001,CHA
CHA201909282,CHA,DET,0,0,,N,farmb001,coloa001,DET
CHA201909290,CHA,DET,1,1,,D,cordj001,turns003,CHA
CHN201904080,CHN,PIT,0,0,,D,bracb001,tailj001,CHN
CHN201904100,CHN,PIT,0,1,,N,lylej001,darvy001,PIT
CHN201904110,CHN,PIT,0,0,,N,quinj001,musgj001,CHN
CHN201904120,CHN,ANA,3,0,,D,hamec001,skagt001,CHN
CHN201904130,CHN,ANA,0,0,,D,buttt001,hendk001,ANA
CHN201904190,CHN,ARI,0,0,,D,hendk001,kellm002,CHN
CHN201904200,CHN,ARI,0,2,,D,greiz001,darvy001,ARI
CHN201904210,CHN,ARI,0,0,,D,strop001,brada001,CHN
CHN201904230,CHN,LAN,4,0,,N,quinj001,maedk001,CHN
CHN201904240,CHN,LAN,0,0,,N,bracb001,alexs001,CHN
CHN201904250,CHN,LAN,0,0,,D,baezp001,lestj001,LAN
CHN201905030,CHN,SLN,0,0,,D,hendk001,flahj002,CHN
CHN201905040,CHN,SLN,1,0,,D,kintb001,brebj001,CHN
CHN201905050,CHN,SLN,0,0,,N,quinj001,waina001,CHN
CHN201905060,CHN,MIA,3,0,,N,conla001,strop001,MIA
CHN201905070,CHN,MIA,1,0,,N,cishs001,conla001,CHN
CHN201905080,CHN,MIA,0,1,,N,edwac001,quijj001,CHN
CHN201905090,CHN,MIA,2,0,,D,montm002,richt001,CHN
CHN201905100,CHN,MIL,0,0,,D,gonzg003,quinj001,MIL
CHN201905110,CHN,MIL,0,0,,D,chatt001,smitb005,CHN
CHN201905120,CHN,MIL,1,0,,N,lestj001,chacj001,CHN
CHN201905200,CHN,PHI,0,0,,N,nerih001,ryank002,PHI
CHN201905210,CHN,PHI,1,0,,N,ryank002,nicaj001,CHN
CHN201905220,CHN,PHI,0,1,,N,chatt001,irvic001,CHN
CHN201905230,CHN,PHI,0,2,,D,nolaa001,lestj001,PHI
CHN201905240,CHN,CIN,1,0,,D,hernd002,cishs001,CIN
CHN201905250,CHN,CIN,0,0,,D,mapld001,hughj001,CHN
CHN201905260,CHN,CIN,0,2,,D,roart001,quinj001,CIN
CHN201906030,CHN,ANA,0,0,,D,lestj001,cahit001,CHN
CHN201906040,CHN,COL,0,1,,N,hendk001,hoffj003,CHN
CHN201906050,CHN,COL,0,0,,N,kintb001,marqg001,CHN
CHN201906060,CHN,COL,0,0,,D,lambp001,quinj001,COL
CHN201906070,CHN,SLN,2,0,,D,hamec001,mikom001,CHN
CHN201906080,CHN,SLN,2,4,,N,lestj001,brebj001,CHN
CHN201906090,CHN,SLN,1,0,,N,hendk001,waina001,CHN
CHN201906180,CHN,CHA,1,0,,N,marse001,strop001,CHA
CHN201906190,CHN,CHA,4,1,,N,lestj001,gioll001,CHN
CHN201906200,CHN,NYN,0,0,,N,alzoa001,lockw001,CHN
CHN201906210,CHN,NYN,0,0,,D,pounb001,bracb001,NYN
CHN201906220,CHN,NYN,0,1,,D,wheez001,quinj001,NYN
CHN201906230,CHN,NYN,0,0,,D,cishs001,lugos001,CHN
CHN201906240,CHN,ATL,0,0,,N,lestj001,tehej001,CHN
CHN201906250,CHN,ATL,0,1,,N,friem001,montm002,ATL
CHN201906260,CHN,ATL,0,1,,N,keucd001,darvy001,ATL
CHN201906270,CHN,ATL,1,0,,D,chatt001,tomlj001,CHN
CHN201907120,CHN,PIT,0,0,,D,rosar002,crick001,CHN
CHN201907130,CHN,PIT,7,0,,D,lestj001,lylej001,CHN
CHN201907140,CHN,PIT,0,0,,D,quinj001,willt002,CHN
CHN201907150,CHN,CIN,0,1,,N,castl003,cishs001,CIN
CHN201907160,CHN,CIN,0,3,,N,cishs001,igler001,CHN
CHN201907170,CHN,CIN,1,0,,D,darvy001,grays001,CHN
CHN201907190,CHN,SDN,0,1,,D,strop001,stamc001,CHN
CHN201907200,CHN,SDN,2,0,,D,quinj001,luccj001,CHN
CHN201907210,CHN,SDN,1,0,,D,quanc001,hendk001,SDN
CHN201908020,CHN,MIL,1,0,,D,quinj001,daviz001,CHN
CHN201908030,CHN,MIL,0,0,,D,wickr001,guerj003,CHN
CHN201908040,CHN,MIL,1,1,,D,darvy001,housa001,CHN
CHN201908050,CHN,OAK,1,0,,N,wickr001,treib001,CHN
CHN201908060,CHN,OAK,0,0,,N,andeb004,lestj001,OAK
CHN201908070,CHN,OAK,0,0,,D,quinj001,bailh001,CHN
CHN201908200,CHN,SFN,2,0,,N,hamec001,abadf001,CHN
CHN201908210,CHN,SFN,2,2,,N,kintb001,moror001,CHN
CHN201908220,CHN,SFN,0,0,,D,hendk001,samaj001,CHN
CHN201908230,CHN,WAS,0,1,,D,sanca004,lestj001,WAS
CHN201908240,CHN,WAS,0,1,,D,suerw002,quinj001,WAS
CHN201908250,CHN,WAS,0,0,,D,hudsd001,chatt001,WAS
CHN201908300,CHN,MIL,2,0,,D,quinj001,andec001,CHN
CHN201908310,CHN,MIL,0,2,,D,guerj003,hamec001,MIL
CHN201909010,CHN,MIL,0,0,,D,jackj001,chatt001,MIL
CHN201909020,CHN,SEA,0,0,,D,pheld001,wislm001,CHN
CHN201909030,CHN,SEA,0,0,,N,lestj001,hernf002,CHN
CHN201909130,CHN,PIT,5,4,,D,lestj001,braus002,CHN
CHN201909140,CHN,PIT,0,0,,D,hendk001,marvj001,CHN
CHN201909150,CHN,PIT,3,0,,D,wiecb001,willt002,CHN
CHN201909160,CHN,CIN,3,0,,N,milla003,gausk001,CHN
CHN201909170,CHN,CIN,1,3,,N,grays001,darvy001,CIN
CHN201909180,CHN,CIN,0,0,,N,garra001,norwj001,CIN
CHN201909190,CHN,SLN,0,0,,N,milla002,kimbc001,SLN
CHN201909200,CHN,SLN,0,0,,D,helsr001,pheld001,SLN
CHN201909210,CHN,SLN,3,1,,D,gantj002,kimbc001,SLN
CHN201909220,CHN,SLN,1,0,,D,webbt001,darvy001,SLN
CIN201903280,CIN,PIT,0,0,,D,dukez001,tailj001,CIN
CIN201903310,CIN,PIT,0,1,,D,willt002,grays001,PIT
CIN201904010,CIN,MIL,0,3,,N,wilsa001,igler001,MIL
CIN201904020,CIN,MIL,0,0,,N,chacj001,dukez001,MIL
CIN201904030,CIN,MIL,0,0,,D,peraf001,castl003,MIL
CIN201904090,CIN,MIA,1,0,,N,castl003,urenj001,CIN
CIN201904100,CIN,MIA,0,0,,N,garra001,stecd001,CIN
CIN201904110,CIN,MIA,0,0,,D,stepr002,lopep002,CIN
CIN201904130,CIN,SLN,0,0,,N,hughj001,waina001,CIN
CIN201904140,CIN,SLN,0,4,,D,gantj002,garra001,SLN
CIN201904230,CIN,ATL,2,0,,N,stepr002,gausk001,CIN
CIN201904240,CIN,ATL,1,1,,N,sorom001,roart001,ATL
CIN201904250,CIN,ATL,0,0,,N,castl003,tehej001,CIN
CIN201905030,CIN,SFN,3,0,,N,moror001,hughj001,SFN
CIN201905040,CIN,SFN,1,0,,N,roart001,rodrd001,CIN
CIN201905050,CIN,SFN,4,0,,D,watst001,igler001,SFN
CIN201905060,CIN,SFN,5,0,,D,desca001,pomed001,CIN
CIN201905140,CIN,CHN,0,0,,N,hendk001,roart001,CHN
CIN201905150,CIN,CHN,1,0,,N,garra001,bracb001,CIN
CIN201905160,CIN,CHN,0,2,,N,castl003,quinj001,CIN
CIN201905170,CIN,LAN,0,0,,N,hillr001,desca001,LAN
CIN201905180,CIN,LAN,0,0,,D,mahlt001,buehw001,CIN
CIN201905190,CIN,LAN,0,0,,D,ryu-h001,roart001,LAN
CIN201905271,CIN,PIT,0,0,,D,crick001,hernd002,PIT
CIN201905272,CIN,PIT,6,0,,N,grays001,kellm003,CIN
CIN201905280,CIN,PIT,0,0,,N,simsl001,lylej001,CIN
CIN201905290,CIN,PIT,0,0,,D,braus002,desca001,PIT
CIN201905310,CIN,WAS,5,0,,N,mahlt001,corbp001,CIN
CIN201906010,CIN,WAS,0,0,,D,raint003,roart001,WAS
CIN201906020,CIN,WAS,0,1,,D,schem001,grays001,WAS
CIN201906140,CIN,TEX,0,1,,N,martb002,mahlt001,TEX
CIN201906150,CIN,TEX,0,2,,N,minom001,roart001,TEX
CIN201906160,CIN,TEX,0,1,,D,grays001,juraa001,CIN
CIN201906170,CIN,HOU,0,0,,N,castl003,milew001,CIN
CIN201906180,CIN,HOU,3,0,,N,desca001,verlj001,CIN
CIN201906190,CIN,HOU,0,0,,D,bowmm001,osunr001,CIN
CIN201906280,CIN,CHN,1,0,,N,grays001,hamec001,CIN
CIN201906290,CIN,CHN,0,0,,D,quinj001,castl003,CHN
CIN201906300,CIN,CHN,3,0,,D,desca001,lestj001,CIN
CIN201907010,CIN,MIL,0,0,,N,claua001,hernd002,MIL
CIN201907020,CIN,MIL,2,0,,N,igler001,burnc002,CIN
CIN201907030,CIN,MIL,0,0,,N,grays001,chacj001,CIN
CIN201907040,CIN,MIL,1,0,,D,castl003,woodb005,CIN
CIN201907060,CIN,CLE,2,1,,D,biebs001,lorem002,CLE
CIN201907070,CIN,CLE,0,0,,D,bauet001,mahlt001,CLE
CIN201907180,CIN,SLN,1,0,,N,hudsd002,stepr002,SLN
CIN201907190,CIN,SLN,0,0,,N,wachm001,hughj001,SLN
CIN201907200,CIN,SLN,0,0,,N,garra001,mikom001,CIN
CIN201907210,CIN,SLN,0,0,,D,gallg001,desca001,SLN
CIN201907260,CIN,COL,1,3,,N,marqg001,castl003,COL
CIN201907270,CIN,COL,0,0,,N,desca001,gonzc002,CIN
CIN201907280,CIN,COL,0,0,,D,simsl001,mcgej001,CIN
CIN201907290,CIN,PIT,0,1,,N,grays001,mcraa001,CIN
CIN201907300,CIN,PIT,0,2,,N,musgj001,roart001,PIT
CIN201907310,CIN,PIT,1,0,,D,castl003,agrad001,CIN
CIN201908050,CIN,ANA,5,0,,N,castl003,colet001,CIN
CIN201908060,CIN,ANA,3,3,,N,desca001,suarj001,CIN
CIN201908080,CIN,CHN,1,1,,N,chatt001,gausk001,CHN
CIN201908090,CIN,CHN,0,1,,N,bauet001,darvy001,CIN
CIN201908100,CIN,CHN,1,0,,N,grays001,hendk001,CIN
CIN201908110,CIN,CHN,0,0,,D,pheld001,lorem002,CHN
CIN201908150,CIN,SLN,0,0,,N,grays001,wachm001,CIN
CIN201908160,CIN,SLN,0,1,,N,waina001,castl003,SLN
CIN201908170,CIN,SLN,1,0,,N,desca001,mikom001,CIN
CIN201908180,CIN,SLN,1,0,,D,flahj002,wooda002,SLN
CIN201908190,CIN,SDN,0,1,,N,perdl002,bauet001,SDN
CIN201908200,CIN,SDN,1,0,,N,grays001,quanc001,CIN
CIN201908210,CIN,SDN,0,0,,D,castl003,yarde001,CIN
CIN201909020,CIN,PHI,0,0,,D,smyld001,desca001,PHI
CIN201909030,CIN,PHI,1,0,,N,vincn001,garra001,PHI
CIN201909040,CIN,PHI,1,0,,N,lorem002,alvaj003,CIN
CIN201909050,CIN,PHI,0,0,,D,bowmm001,vincn001,CIN
CIN201909060,CIN,ARI,1,0,,N,ginkk001,mahlt001,ARI
CIN201909070,CIN,ARI,0,0,,D,youna002,castl003,ARI
CIN201909080,CIN,ARI,0,0,,D,igler001,lopey001,CIN
CIN201909200,CIN,NYN,0,0,,N,degrj001,castl003,NYN
CIN201909210,CIN,NYN,2,0,,D,kuhnj001,wilsj004,CIN
CIN201909220,CIN,NYN,1,4,,D,bracb001,bauet001,NYN
CIN201909240,CIN,MIL,2,0,,N,suteb001,grays001,MIL
CIN201909250,CIN,MIL,1,6,,N,lylej001,mahlt001,MIL
CIN201909260,CIN,MIL,1,0,,D,andec001,castl003,MIL
CLE201904010,CLE,CHA,0,0,,D,edwaj001,coved001,CLE
CLE201904030,CLE,CHA,1,3,,D,rodoc001,klubc001,CHA
CLE201904040,CLE,TOR,0,0,,N,bauet001,sanca006,CLE
CLE201904050,CLE,TOR,0,0,,N,cimba001,biagj001,CLE
CLE201904060,CLE,TOR,1,0,,D,carrc003,pannt001,CLE
CLE201904070,CLE,TOR,2,0,,D,clevm001,strom001,CLE
CLE201904201,CLE,ATL,1,1,,D,klubc001,tehej001,CLE
CLE201904202,CLE,ATL,2,0,,N,jackl001,cimba001,ATL
CLE201904210,CLE,ATL,0,2,,N,friem001,biebs001,ATL
CLE201904230,CLE,MIA,0,0,,N,lopep002,ramin001,MIA
CLE201904240,CLE,MIA,1,0,,D,wittn001,conla001,CLE
CLE201905030,CLE,SEA,0,0,,N,handb001,swara001,CLE
CLE201905040,CLE,SEA,0,0,,D,olsot002,sadzc001,CLE
CLE201905050,CLE,SEA,0,4,,D,swane001,andec002,SEA
CLE201905060,CLE,CHA,0,2,,N,novai001,bauet001,CHA
CLE201905070,CLE,CHA,0,0,,N,gioll001,rodrj005,CHA
CLE201905080,CLE,CHA,0,0,,N,handb001,fry-j001,CLE
CLE201905090,CLE,CHA,0,0,,D,carrc003,banum001,CLE
CLE201905160,CLE,BAL,1,0,,N,colea002,ynoag001,CLE
CLE201905170,CLE,BAL,0,0,,N,bundd001,rodrj005,BAL
CLE201905180,CLE,BAL,0,0,,D,pluta001,meanj001,CLE
CLE201905190,CLE,BAL,2,0,,D,biebs001,ramiy001,CLE
CLE201905200,CLE,OAK,0,0,,N,andeb004,carrc003,OAK
CLE201905210,CLE,OAK,1,0,,N,hendl001,bauet001,OAK
CLE201905220,CLE,OAK,0,2,,D,montf001,rodrj005,OAK
CLE201905230,CLE,TBA,0,2,,N,yarbr001,pluta001,TBA
CLE201905240,CLE,TBA,0,1,,N,colea002,alvaj004,CLE
CLE201905250,CLE,TBA,0,0,,N,mortc002,carrc003,TBA
CLE201905260,CLE,TBA,0,1,,D,beekj001,bauet001,TBA
CLE201906040,CLE,MIN,0,0,,N,biebs001,smeld001,CLE
CLE201906050,CLE,MIN,1,0,,N,wittn001,parkb001,CLE
CLE201906060,CLE,MIN,0,1,,N,berrj001,bauet001,MIN
CLE201906070,CLE,NYA,0,0,,N,plesz001,germd001,CLE
CLE201906080,CLE,NYA,0,2,,D,pluta001,sabac001,CLE
CLE201906090,CLE,NYA,0,0,,D,chapa001,pereo002,NYA
CLE201906110,CLE,CIN,0,0,,N,handb001,igler001,CLE
CLE201906120,CLE,CIN,0,2,,D,desca001,plesz001,CIN
CLE201906210,CLE,DET,2,0,,N,cimba001,jimej003,CLE
CLE201906220,CLE,DET,0,0,,D,civaa001,turns003,CLE
CLE201906230,CLE,DET,0,1,,D,plesz001,norrd002,CLE
CLE201906240,CLE,KCA,0,0,,N,handb001,peraw001,CLE
CLE201906250,CLE,KCA,1,0,,N,mccak002,handb001,KCA
CLE201906260,CLE,KCA,1,0,,D,bauet001,junij001,CLE
CLE201907120,CLE,MIN,0,1,,N,littz001,pereo002,MIN
CLE201907130,CLE,MIN,0,1,,N,odorj001,bauet001,MIN
CLE201907140,CLE,MIN,1,0,,D,cimba001,may-t001,CLE
CLE201907150,CLE,DET,0,0,,N,wittn001,alcav001,CLE
CLE201907160,CLE,DET,0,0,,N,goodn001,carpr001,CLE
CLE201907170,CLE,DET,0,0,,N,clevm001,turns003,CLE
CLE201907180,CLE,DET,2,0,,N,bauet001,boydm001,CLE
CLE201907190,CLE,KCA,1,1,,N,biebs001,montm002,CLE
CLE201907200,CLE,KCA,0,1,,N,junij001,pluta001,KCA
CLE201907210,CLE,KCA,0,1,,D,plesz001,sparg001,CLE
CLE201907300,CLE,HOU,0,0,,N,verlj001,biebs001,HOU
CLE201907310,CLE,HOU,0,0,,N,plesz001,urquj001,CLE
CLE201908010,CLE,HOU,0,1,,N,coleg001,salad001,HOU
CLE201908020,CLE,ANA,4,1,,N,clevm001,colet001,CLE
CLE201908030,CLE,ANA,0,0,,N,pluta001,cahit001,CLE
CLE201908040,CLE,ANA,1,0,,D,biebs001,barrj003,CLE
CLE201908050,CLE,TEX,0,0,,N,minom001,civaa001,TEX
CLE201908071,CLE,TEX,0,0,,D,goodn001,juraa001,CLE
CLE201908072,CLE,TEX,0,0,,D,colea002,lynnl001,CLE
CLE201908120,CLE,BOS,2,0,,N,handb001,waldm002,CLE
CLE201908130,CLE,BOS,0,1,,N,workb001,wittn001,BOS
CLE201908140,CLE,BOS,0,0,,D,eovan001,biebs001,BOS
CLE201908230,CLE,KCA,0,0,,N,plesz001,junij001,CLE
CLE201908240,CLE,KCA,0,0,,N,clevm001,sparg001,CLE
CLE201908250,CLE,KCA,0,0,,D,kenni001,goodn001,KCA
CLE201909020,CLE,CHA,3,0,,N,civaa001,detwr001,CLE
CLE201909030,CLE,CHA,1,0,,N,marse001,carrc003,CHA
CLE201909040,CLE,CHA,1,0,,N,biebs001,novai001,CLE
CLE201909050,CLE,CHA,0,0,,D,loper003,plesz001,CHA
CLE201909141,CLE,MIN,0,0,,D,littz001,clevm001,MIN
CLE201909142,CLE,MIN,2,2,,N,gratb002,pereo002,MIN
CLE201909150,CLE,MIN,2,0,,D,wittn001,romef001,CLE
CLE201909170,CLE,DET,1,0,,N,pluta001,reinz001,CLE
CLE201909180,CLE,DET,0,0,,N,cimba001,cisnj001,CLE
CLE201909190,CLE,DET,1,0,,N,clevm001,norrd002,CLE
CLE201909200,CLE,PHI,2,0,,N,biebs001,smyld001,CLE
CLE201909210,CLE,PHI,2,0,,N,vargj001,pereo002,PHI
CLE201909220,CLE,PHI,0,0,,N,carrc003,velav001,CLE
COL201904050,COL,LAN,0,0,,D,maedk001,andet002,LAN
COL201904060,COL,LAN,0,0,,N,buehw001,grayj003,LAN
COL201904070,COL,LAN,0,0,,N,kellj001,bettc001,LAN
COL201904080,COL,ATL,0,2,,N,tehej001,freek001,ATL
COL201904090,COL,ATL,0,0,,N,friem001,marqg001,ATL
COL201904180,COL,PHI,0,0,,N,freek001,efliz001,COL
COL201904190,COL,PHI,0,1,,N,bettc001,nicaj001,COL
COL201904200,COL,PHI,1,0,,N,nolaa001,senza001,PHI
COL201904210,COL,PHI,0,0,,D,grayj003,eickj001,COL
COL201904220,COL,WAS,2,2,,N,oh--s001,suerw002,COL
COL201904230,COL,WAS,0,0,,N,corbp001,hoffj003,WAS
COL201904240,COL,WAS,0,0,,D,marqg001,sanca004,COL
COL201905030,COL,ARI,0,0,,N,ray-r002,andet002,ARI
COL201905040,COL,ARI,0,0,,N,weavl001,freek001,ARI
COL201905050,COL,ARI,1,0,,D,obers001,brada001,COL
COL201905070,COL,SFN,1,0,,N,bumgm001,senza001,SFN
COL201905090,COL,SFN,3,0,,D,shawb001,beedt001,COL
COL201905100,COL,SDN,0,0,,N,marqg001,lauee001,COL
COL201905110,COL,SDN,0,0,,N,stamc001,daviw001,SDN
COL201905120,COL,SDN,0,0,,D,senza001,margn001,COL
COL201905240,COL,BAL,1,0,,N,obers001,givem001,COL
COL201905250,COL,BAL,1,2,,N,casha001,freek001,BAL
COL201905260,COL,BAL,0,0,,D,obers001,fry-p001,COL
COL201905270,COL,ARI,0,0,,D,oh--s001,andrm001,COL
COL201905280,COL,ARI,0,0,,N,diazj006,kellm002,COL
COL201905290,COL,ARI,1,0,,N,hoffj003,ray-r002,COL
COL201905300,COL,ARI,3,3,,D,oh--s001,hiray001,COL
COL201905310,COL,TOR,4,0,,N,marqg001,jacke001,COL
COL201906010,COL,TOR,3,0,,N,grayj003,strom001,COL
COL201906020,COL,TOR,1,1,,D,senza001,sanca006,COL
COL201906100,COL,CHN,0,0,,N,obers001,cishs001,COL
COL201906110,COL,CHN,2,0,,N,lambp001,quinj001,COL
COL201906120,COL,CHN,0,0,,D,hamec001,senza001,CHN
COL201906130,COL,SDN,3,2,,N,grayj003,stram001,COL
COL201906140,COL,SDN,0,0,,N,stamc001,diazj006,SDN
COL201906150,COL,SDN,1,3,,N,marqg001,lauee001,COL
COL201906160,COL,SDN,6,3,,D,reyeg002,daviw001,SDN
COL201906270,COL,LAN,0,0,,N,baezp001,daviw001,LAN
COL201906280,COL,LAN,2,3,,N,senza001,ryu-h001,COL
COL201906290,COL,LAN,0,1,,N,grayj003,kersc001,COL
COL201906300,COL,LAN,0,0,,D,flord002,bettc001,LAN
COL201907020,COL,HOU,1,1,,N,harrw002,mcgej001,HOU
COL201907030,COL,HOU,1,1,,N,milew001,lambp001,HOU
COL201907120,COL,CIN,0,0,,N,diazj006,hernd002,COL
COL201907130,COL,CIN,4,0,,N,hughj001,bettc001,CIN
COL201907140,COL,CIN,4,0,,D,senza001,mahlt001,COL
COL201907151,COL,SFN,0,5,,D,samaj001,marqg001,SFN
COL201907152,COL,SFN,0,0,,N,rodrd001,gonzc002,SFN
COL201907160,COL,SFN,0,0,,N,smitw002,daviw001,SFN
COL201907170,COL,SFN,0,3,,D,holld003,grayj003,SFN
COL201907290,COL,LAN,0,0,,N,grayj003,maedk001,COL
COL201907300,COL,LAN,0,3,,N,sadlc002,freek001,LAN
COL201907310,COL,LAN,0,0,,D,kellj001,daviw001,LAN
COL201908020,COL,SFN,0,0,,N,diazj006,moror001,COL
COL201908030,COL,SFN,0,4,,N,coons001,estec001,SFN
COL201908040,COL,SFN,3,1,,D,freek001,beedt001,COL
COL201908120,COL,ARI,4,0,,N,kellm002,bettc001,ARI
COL201908130,COL,ARI,1,5,,N,ginkk001,hoffj003,ARI
COL201908140,COL,ARI,0,2,,D,obers001,brada001,COL
COL201908160,COL,MIA,0,0,,N,grayj003,alcas001,COL
COL201908170,COL,MIA,1,1,,N,marqg001,noesh001,COL
COL201908180,COL,MIA,1,1,,D,estec001,brigj002,COL
COL201908260,COL,ATL,0,0,,D,diazj006,swara001,COL
COL201908270,COL,BOS,0,1,,N,porcr001,garcr006,BOS
COL201908280,COL,BOS,0,0,,N,rodre004,lambp001,BOS
COL201908290,COL,PIT,2,7,,N,willt002,gonzc002,PIT
COL201908300,COL,PIT,1,1,,N,agrad001,senza001,PIT
COL201908310,COL,PIT,0,2,,N,musgj001,melvt001,PIT
COL201909010,COL,PIT,0,1,,D,braus002,hoffj003,PIT
COL201909100,COL,SLN,2,0,,N,gonzc002,wachm001,COL
COL201909110,COL,SLN,0,0,,N,senza001,hudsd002,COL
COL201909120,COL,SLN,1,2,,D,mikom001,melvt001,SLN
COL201909130,COL,SDN,2,0,,N,hoffj003,luccj001,COL
COL201909140,COL,SDN,0,2,,N,lambp001,lauee001,COL
COL201909150,COL,SDN,0,0,,D,howas002,quanc001,COL
COL201909160,COL,NYN,0,1,,N,senza001,matzs001,COL
COL201909170,COL,NYN,0,0,,N,strom001,melvt001,NYN
COL201909180,COL,NYN,0,1,,D,lugos001,diazj006,NYN
COL201909270,COL,MIL,0,1,,N,senza001,blacr001,COL
COL201909280,COL,MIL,0,0,,N,diazj006,albem001,COL
COL201909290,COL,MIL,0,2,,D,shawb001,farij001,COL
DET201904040,DET,KCA,2,1,,D,hardb001,zimmk001,DET
DET201904060,DET,KCA,0,0,,D,alcav001,mccak002,DET
DET201904070,DET,KCA,0,1,,D,rosst001,kellb003,DET
DET201904090,DET,CLE,1,1,,D,klubc001,zimmj003,CLE
DET201904100,DET,CLE,2,0,,D,boydm001,bauet001,DET
DET201904110,DET,CLE,0,1,,D,biebs001,turns003,CLE
DET201904160,DET,PIT,0,0,,N,kelak001,grees005,PIT
DET201904170,DET,PIT,0,0,,N,burdn001,farmb001,PIT
DET201904180,DET,CHA,0,0,,D,verhd001,fulmc001,DET
DET201904190,DET,CHA,0,1,,N,rodoc001,zimmj003,CHA
DET201904210,DET,CHA,0,0,,D,norrd002,loper003,DET
DET201905030,DET,KCA,3,0,,N,boydm001,lopej004,DET
DET201905040,DET,KCA,0,4,,D,bailh001,rosst001,KCA
DET201905050,DET,KCA,0,0,,D,farmb001,kenni001,DET
DET201905070,DET,ANA,0,0,,N,canng001,norrd002,ANA
DET201905080,DET,ANA,2,1,,N,boydm001,skagt001,DET
DET201905090,DET,ANA,0,2,,D,penaf002,carpr001,ANA
DET201905130,DET,HOU,0,0,,N,peacb001,boydm001,HOU
DET201905140,DET,HOU,0,3,,N,milew001,carpr001,HOU
DET201905150,DET,HOU,0,1,,N,verlj001,sotog003,HOU
DET201905160,DET,OAK,0,0,,D,bassc001,turns003,OAK
DET201905170,DET,OAK,0,0,,N,montf001,norrd002,OAK
DET201905180,DET,OAK,0,0,,D,mengd001,boydm001,OAK
DET201905190,DET,OAK,2,0,"20190906,OAK01,5,3,39",D,fierm001,reinz001,OAK
DET201905210,DET,MIA,0,1,,N,anden001,jimej003,MIA
DET201905220,DET,MIA,1,0,,N,urenj001,farmb001,MIA
DET201905230,DET,MIA,0,0,,D,kinlt001,grees005,MIA
DET201906040,DET,TBA,1,0,,N,carpr001,snelb001,DET
DET201906050,DET,TBA,0,0,,N,mortc002,turns003,TBA
DET201906060,DET,TBA,1,1,,D,beekj001,norrd002,TBA
DET201906070,DET,MIN,1,0,,N,harpr001,jimej003,MIN
DET201906080,DET,MIN,0,1,,D,ramin003,gibsk002,DET
DET201906090,DET,MIN,1,3,,D,odorj001,carpr001,MIN
DET201906140,DET,CLE,0,0,,N,pluta001,carpr001,CLE
DET201906150,DET,CLE,0,0,,N,biebs001,ramin003,CLE
DET201906160,DET,CLE,0,1,,D,bauet001,turns003,CLE
DET201906250,DET,TEX,0,2,,N,chavj001,zimmj003,TEX
DET201906260,DET,TEX,0,0,,N,minom001,boydm001,TEX
DET201906270,DET,TEX,0,0,,D,juraa001,turns003,TEX
DET201906280,DET,WAS,0,0,,N,sanca004,norrd002,WAS
DET201906290,DET,WAS,0,0,,D,alcav001,raint003,DET
DET201906300,DET,WAS,0,0,,D,schem001,jimej003,WAS
DET201907050,DET,BOS,0,1,,N,rodre004,carpr001,BOS
DET201907060,DET,BOS,0,2,,N,porcr001,zimmj003,BOS
DET201907070,DET,BOS,1,0,,D,pricd001,sotog003,BOS
DET201907190,DET,TOR,0,1,,N,strom001,zimmj003,TOR
DET201907200,DET,TOR,0,1,,N,fontw001,sotog003,TOR
DET201907210,DET,TOR,0,1,,D,ramin003,mayzt001,DET
DET201907230,DET,PHI,1,0,,N,alvaj003,stumd001,PHI
DET201907240,DET,PHI,0,0,,D,velav001,zimmj003,PHI
DET201908050,DET,CHA,0,2,,N,gioll001,sotog003,CHA
DET201908061,DET,CHA,0,1,,D,ceasd001,norrd002,CHA
DET201908062,DET,CHA,0,0,,N,verhd001,santh001,DET
DET201908070,DET,CHA,0,1,,D,novai001,alext001,CHA
DET201908080,DET,KCA,0,2,,N,jimej003,lover001,DET
DET201908090,DET,KCA,2,1,,N,jacke001,kellb003,DET
DET201908100,DET,KCA,0,0,,N,montm002,turns003,KCA
DET201908110,DET,KCA,1,2,,D,junij001,norrd002,KCA
DET201908130,DET,SEA,0,0,,N,grotz001,boydm001,SEA
DET201908140,DET,SEA,0,0,,N,jacke001,gonzm005,DET
DET201908150,DET,SEA,0,0,,D,milot001,turns003,SEA
DET201908270,DET,CLE,0,3,,N,pluta001,turns003,CLE
DET201908280,DET,CLE,0,0,,N,civaa001,farmb001,CLE
DET201908290,DET,CLE,0,0,,D,clevm001,norrd002,CLE
DET201908300,DET,MIN,2,4,,N,gibsk002,jacke001,MIN
DET201908310,DET,MIN,1,1,,N,boydm001,perem004,DET
DET201909010,DET,MIN,0,0,,D,pinem001,turns003,MIN
DET201909020,DET,MIN,1,0,,D,littz001,farmb001,MIN
DET201909100,DET,NYA,0,1,,N,jimej003,adamc002,DET
DET201909121,DET,NYA,0,3,,D,greec003,boydm001,NYA
DET201909122,DET,NYA,0,2,,N,germd001,turns003,NYA
DET201909130,DET,BAL,0,1,,N,brooa001,zimmj003,BAL
DET201909140,DET,BAL,0,0,,N,schrj001,fry-p001,DET
DET201909150,DET,BAL,1,0,,D,wojca001,jacke001,BAL
DET201909160,DET,BAL,2,0,,D,alext001,meanj001,DET
DET201909200,DET,CHA,0,0,,N,ceasd001,zimmj003,CHA
DET201909210,DET,CHA,0,0,,N,novai001,alext001,CHA
DET201909220,DET,CHA,2,2,,D,boydm001,loper003,DET
DET201909240,DET,MIN,1,0,,N,odorj001,turns003,MIN
DET201909250,DET,MIN,1,0,,N,dobnr001,verhd001,MIN
DET201909260,DET,MIN,0,0,,D,smeld001,zimmj003,MIN
HOU201904050,HOU,OAK,0,0,,N,mchuc001,montf001,HOU
HOU201904060,HOU,OAK,0,0,,N,milew001,brooa001,HOU
HOU201904070,HOU,OAK,5,2,,D,osunr001,treib001,HOU
HOU201904080,HOU,NYA,0,0,,N,presr001,ottaa001,HOU
HOU201904090,HOU,NYA,0,1,,N,rondh001,greec003,HOU
HOU201904100,HOU,NYA,2,1,,N,mchuc001,paxtj001,HOU
HOU201904220,HOU,MIN,0,2,,N,odorj001,peacb001,MIN
HOU201904230,HOU,MIN,0,3,,N,rondh001,hildt001,HOU
HOU201904240,HOU,MIN,0,0,,N,verlj001,stewk001,HOU
HOU201904250,HOU,CLE,0,0,,N,bauet001,coleg001,CLE
HOU201904260,HOU,CLE,0,0,,N,cimba001,rondh001,CLE
HOU201904270,HOU,CLE,0,0,,D,osunr001,cimba001,HOU
HOU201904280,HOU,CLE,0,0,,N,valdf001,carrc003,HOU
HOU201905060,HOU,KCA,1,0,,N,coleg001,junij001,HOU
HOU201905070,HOU,KCA,0,0,,N,duffd001,mchuc001,KCA
HOU201905080,HOU,KCA,1,0,,N,peacb001,lopej004,HOU
HOU201905090,HOU,TEX,0,0,,N,milew001,minom001,HOU
HOU201905100,HOU,TEX,0,0,,N,verlj001,lynnl001,HOU
HOU201905110,HOU,TEX,0,0,,N,coleg001,smyld001,HOU
HOU201905120,HOU,TEX,1,0,,D,martc009,sampa001,HOU
HOU201905200,HOU,CHA,1,0,,N,peacb001,burrr002,HOU
HOU201905210,HOU,CHA,0,0,,N,verlj001,coved001,HOU
HOU201905220,HOU,CHA,0,0,,N,novai001,coleg001,CHA
HOU201905230,HOU,CHA,0,0,,N,gioll001,martc009,CHA
HOU201905240,HOU,BOS,0,0,,N,milew001,salec001,HOU
HOU201905250,HOU,BOS,0,0,,N,osunr001,barnm001,HOU
HOU201905260,HOU,BOS,1,0,,D,rodre004,verlj001,BOS
HOU201905270,HOU,CHN,0,2,,D,coleg001,hamec001,HOU
HOU201905280,HOU,CHN,1,0,,N,jamej002,lestj001,HOU
HOU201905290,HOU,CHN,0,1,,N,hendk001,milew001,CHN
HOU201906070,HOU,BAL,0,2,,N,perec004,klinb001,HOU
HOU201906080,HOU,BAL,0,0,,D,fry-p001,harrw002,BAL
HOU201906090,HOU,BAL,0,0,,D,milew001,bundd001,HOU
HOU201906110,HOU,MIL,0,1,,N,peacb001,peraf001,HOU
HOU201906120,HOU,MIL,0,1,,N,housa001,perec004,MIL
HOU201906140,HOU,TOR,3,0,,N,coleg001,sanca006,HOU
HOU201906150,HOU,TOR,0,0,,D,valdf001,richc002,HOU
HOU201906160,HOU,TOR,0,2,,D,thort002,peacb001,TOR
HOU201906250,HOU,PIT,0,0,,N,coleg001,willt002,HOU
HOU201906260,HOU,PIT,1,2,,N,agrad001,valdf001,PIT
HOU201906270,HOU,PIT,0,4,,D,musgj001,peacb001,PIT
HOU201906280,HOU,SEA,0,0,,N,harrw002,festm001,HOU
HOU201906290,HOU,SEA,0,0,,N,devec001,eliar001,HOU
HOU201906300,HOU,SEA,2,1,,D,coleg001,gonzm005,HOU
HOU201907050,HOU,ANA,0,0,,N,penaf002,verlj001,ANA
HOU201907060,HOU,ANA,0,0,,N,coleg001,heana001,HOU
HOU201907070,HOU,ANA,0,0,,D,presr001,colet001,HOU
HOU201907190,HOU,TEX,0,0,,N,verlj001,minom001,HOU
HOU201907200,HOU,TEX,0,0,,N,urquj001,juraa001,HOU
HOU201907210,HOU,TEX,2,0,,D,armer001,lynnl001,HOU
HOU201907220,HOU,OAK,0,0,,N,coleg001,bailh001,HOU
HOU201907230,HOU,OAK,0,0,,N,petiy001,mchuc001,OAK
HOU201907240,HOU,OAK,0,1,,D,verlj001,bassc001,HOU
HOU201908020,HOU,SEA,0,0,,N,milew001,kikuy001,HOU
HOU201908030,HOU,SEA,3,0,,N,sanca006,gonzm005,HOU
HOU201908040,HOU,SEA,0,0,,D,verlj001,milot001,HOU
HOU201908060,HOU,COL,0,0,,N,greiz001,gonzc002,HOU
HOU201908070,HOU,COL,4,1,,D,coleg001,lambp001,HOU
HOU201908190,HOU,DET,4,1,,N,milew001,jacke001,HOU
HOU201908200,HOU,DET,2,1,,N,peacb001,turns003,HOU
HOU201908210,HOU,DET,0,0,,N,farmb001,verlj001,DET
HOU201908220,HOU,DET,0,0,,N,coleg001,zimmj003,HOU
HOU201908230,HOU,ANA,0,0,,N,greiz001,suarj001,HOU
HOU201908240,HOU,ANA,2,0,,N,milew001,peted001,HOU
HOU201908250,HOU,ANA,1,0,,D,valdf001,barrj003,HOU
HOU201908270,HOU,TBA,0,0,,N,verlj001,mortc002,HOU
HOU201908280,HOU,TBA,0,0,,N,harrw002,castd002,HOU
HOU201908290,HOU,TBA,0,0,,D,delej003,devec001,TBA
HOU201909050,HOU,SEA,0,5,,N,jamej002,wislm001,HOU
HOU201909060,HOU,SEA,3,2,,N,smitj002,milot001,HOU
HOU201909070,HOU,SEA,0,0,,N,verlj001,adama002,HOU
HOU201909080,HOU,SEA,0,0,,D,coleg001,hernf002,HOU
HOU201909090,HOU,OAK,6,0,,N,greiz001,fierm001,HOU
HOU201909100,HOU,OAK,1,7,,N,roart001,milew001,OAK
HOU201909110,HOU,OAK,0,0,,N,andeb004,jamej002,OAK
HOU201909120,HOU,OAK,0,1,,N,bailh001,verlj001,OAK
HOU201909170,HOU,TEX,0,0,,N,verlj001,lynnl001,HOU
HOU201909180,HOU,TEX,0,0,,N,coleg001,allak001,HOU
HOU201909200,HOU,ANA,5,0,,N,greiz001,barrj003,HOU
HOU201909210,HOU,ANA,0,3,,N,bardl001,milew001,ANA
HOU201909220,HOU,ANA,1,0,,D,verlj001,rodrj006,HOU
KCA201903280,KCA,CHA,0,0,,N,kellb003,rodoc001,KCA
KCA201903300,KCA,CHA,0,0,,D,junij001,loper003,KCA
KCA201903310,KCA,CHA,0,0,,D,gioll001,lopej004,CHA
KCA201904020,KCA,MIN,1,0,,N,hildt001,boxbb001,MIN
KCA201904030,KCA,MIN,1,0,,D,may-t001,peraw001,MIN
KCA201904080,KCA,SEA,2,0,,N,eliar001,bailh001,SEA
KCA201904090,KCA,SEA,1,1,,N,gonzm005,junij001,SEA
KCA201904100,KCA,SEA,1,1,,N,swara001,boxbb001,SEA
KCA201904110,KCA,SEA,0,0,,D,brenb003,sparg001,SEA
KCA201904120,KCA,CLE,6,0,,N,kellb003,carrc003,KCA
KCA201904130,KCA,CLE,0,0,,N,bailh001,rodrj005,KCA
KCA201904140,KCA,CLE,0,3,,D,peraw001,handb001,KCA
KCA201904260,KCA,ANA,0,2,,N,skagt001,duffd001,ANA
KCA201904270,KCA,ANA,0,1,,N,barls001,barrj003,KCA
KCA201904280,KCA,ANA,0,3,,D,harvm001,bailh001,ANA
KCA201904290,KCA,TBA,0,1,,N,chiry001,kellb003,TBA
KCA201905011,KCA,TBA,3,0,,D,junij001,stanr002,KCA
KCA201905012,KCA,TBA,3,0,,D,sparg001,snelb001,KCA
KCA201905020,KCA,TBA,0,0,,D,kolaa001,peraw001,TBA
KCA201905100,KCA,PHI,2,0,,N,bailh001,arrij001,KCA
KCA201905110,KCA,PHI,0,0,,N,efliz001,kellb003,PHI
KCA201905120,KCA,PHI,0,0,,D,irvic001,junij001,PHI
KCA201905140,KCA,TEX,3,0,,N,duffd001,mills001,KCA
KCA201905150,KCA,TEX,1,2,,N,minom001,lopej004,TEX
KCA201905160,KCA,TEX,1,0,,D,lynnl001,bailh001,TEX
KCA201905251,KCA,NYA,0,2,,D,happj001,barls001,NYA
KCA201905252,KCA,NYA,1,0,,N,adamc002,lopej004,NYA
KCA201905260,KCA,NYA,0,0,,D,mccak002,holdj002,KCA
KCA201906040,KCA,BOS,0,0,,N,rodre004,barls001,BOS
KCA201906050,KCA,BOS,0,2,,N,salec001,junij001,BOS
KCA201906060,KCA,BOS,0,0,,D,brewc002,duffd001,BOS
KCA201906070,KCA,CHA,0,0,,N,boxbb001,fry-j001,KCA
KCA201906080,KCA,CHA,0,0,,D,gioll001,kellb003,CHA
KCA201906090,KCA,CHA,0,0,,D,loper003,sparg001,CHA
KCA201906110,KCA,DET,0,1,,N,barls001,alcav001,KCA
KCA201906120,KCA,DET,0,1,,N,ramin003,diekj001,DET
KCA201906130,KCA,DET,0,0,,N,bailh001,boydm001,KCA
KCA201906200,KCA,MIN,3,1,,N,sparg001,odorj001,KCA
KCA201906210,KCA,MIN,3,0,,N,harpr001,diekj001,MIN
KCA201906220,KCA,MIN,0,0,,D,may-t001,peraw001,MIN
KCA201906230,KCA,MIN,0,0,,D,bailh001,pinem001,KCA
KCA201907020,KCA,CLE,0,0,,N,bauet001,junij001,CLE
KCA201907030,KCA,CLE,0,0,,N,clevm001,duffd001,CLE
KCA201907040,KCA,CLE,0,0,,D,cimba001,lopej004,CLE
KCA201907120,KCA,DET,1,1,,N,newbj001,hardb001,KCA
KCA201907130,KCA,DET,0,0,,N,kellb003,boydm001,KCA
KCA201907140,KCA,DET,3,1,,D,ramin003,flynb001,DET
KCA201907150,KCA,CHA,0,0,,N,junij001,gioll001,KCA
KCA201907160,KCA,CHA,2,0,,N,sparg001,ceasd001,KCA
KCA201907170,KCA,CHA,2,0,,N,duffd001,novai001,KCA
KCA201907180,KCA,CHA,0,2,,D,kellb003,detwr001,KCA
KCA201907250,KCA,CLE,2,1,,N,goodn001,flynb001,CLE
KCA201907260,KCA,CLE,0,0,,N,plesz001,junij001,CLE
KCA201907270,KCA,CLE,0,4,,N,clevm001,sparg001,CLE
KCA201907280,KCA,CLE,1,3,,D,duffd001,bauet001,KCA
KCA201907290,KCA,TOR,0,0,,N,mayzt001,kellb003,TOR
KCA201907300,KCA,TOR,0,2,,N,reids001,montm002,TOR
KCA201907310,KCA,TOR,0,0,,D,waguj001,junij001,TOR
KCA201908130,KCA,SLN,0,1,,N,flahj002,sparg001,SLN
KCA201908140,KCA,SLN,0,0,,N,hudsd002,kellb003,SLN
KCA201908160,KCA,NYN,0,0,,N,montm002,syndn001,KCA
KCA201908170,KCA,NYN,0,0,,N,degrj001,junij001,NYN
KCA201908180,KCA,NYN,0,3,,D,famij001,mccak002,NYN
KCA201908260,KCA,OAK,0,0,,N,bailh001,kellb003,OAK
KCA201908270,KCA,OAK,0,1,,N,fierm001,montm002,OAK
KCA201908280,KCA,OAK,0,2,,N,hillt002,treib001,KCA
KCA201908290,KCA,OAK,2,1,,D,petiy001,sparg001,OAK
KCA201908300,KCA,BAL,1,0,,N,meanj001,skoge001,BAL
KCA201908310,KCA,BAL,0,0,,N,barls001,fry-p001,KCA
KCA201909010,KCA,BAL,3,1,,D,mccak002,fry-p001,KCA
KCA201909030,KCA,DET,0,0,,N,kenni001,reinz001,KCA
KCA201909040,KCA,DET,0,0,,N,junij001,jacke001,KCA
KCA201909050,KCA,DET,0,0,,D,boydm001,sparg001,DET
KCA201909130,KCA,HOU,0,1,,N,coleg001,fillh001,HOU
KCA201909140,KCA,HOU,0,0,,N,greiz001,montm002,HOU
KCA201909150,KCA,HOU,1,0,,D,milew001,junij001,HOU
KCA201909240,KCA,ATL,1,0,,N,duffd001,tehej001,KCA
KCA201909250,KCA,ATL,0,0,,N,jackl001,barnj002,ATL
KCA201909270,KCA,MIN,1,2,,N,berrj001,skoge001,MIN
KCA201909280,KCA,MIN,1,0,,D,dufft001,barnj002,MIN
KCA201909290,KCA,MIN,1,3,,D,kenni001,gratb002,KCA
LAN201903280,LAN,ARI,1,0,,D,ryu-h001,greiz001,LAN
LAN201903290,LAN,ARI,0,0,,N,andrm001,garcy001,ARI
LAN201903300,LAN,ARI,1,1,,N,maedk001,godlz001,LAN
LAN201903310,LAN,ARI,3,0,,D,flord002,hiray001,LAN
LAN201904010,LAN,SFN,0,0,,N,gottt001,kellj001,SFN
LAN201904020,LAN,SFN,0,0,,N,ryu-h001,bumgm001,LAN
LAN201904030,LAN,SFN,2,0,,N,alexs001,moror001,LAN
LAN201904120,LAN,MIL,1,2,,N,albem001,uriaj001,MIL
LAN201904130,LAN,MIL,0,0,,N,daviz001,fergc001,MIL
LAN201904140,LAN,MIL,2,0,,D,strir001,chacj001,LAN
LAN201904150,LAN,CIN,1,2,,N,jansk001,igler001,LAN
LAN201904160,LAN,CIN,1,0,,N,maedk001,mahlt001,LAN
LAN201904170,LAN,CIN,0,0,,D,buehw001,grays001,LAN
LAN201904260,LAN,PIT,2,1,,N,ryu-h001,archc001,LAN
LAN201904270,LAN,PIT,0,0,,N,kersc001,musgj001,LAN
LAN201904280,LAN,PIT,1,1,,D,uriaj001,rodrr008,LAN
LAN201905060,LAN,ATL,1,0,,N,buehw001,gausk001,LAN
LAN201905070,LAN,ATL,3,0,,N,ryu-h001,friem001,LAN
LAN201905080,LAN,ATL,0,0,,N,kersc001,foltm001,LAN
LAN201905090,LAN,WAS,0,3,,N,corbp001,hillr001,WAS
LAN201905100,LAN,WAS,1,0,,N,maedk001,sanca004,LAN
LAN201905110,LAN,WAS,0,0,,N,schem001,baezp001,WAS
LAN201905120,LAN,WAS,0,0,,D,ryu-h001,stras001,LAN
LAN201905140,LAN,SDN,0,1,,N,kersc001,paddc001,LAN
LAN201905150,LAN,SDN,0,0,,N,maedk001,stram001,LAN
LAN201905270,LAN,NYN,1,1,,N,kersc001,basht001,LAN
LAN201905280,LAN,NYN,0,0,,N,matzs001,garcy001,NYN
LAN201905290,LAN,NYN,0,2,,N,alexs001,diaze006,LAN
LAN201905300,LAN,NYN,1,0,,N,ryu-h001,vargj001,LAN
LAN201905310,LAN,PHI,0,0,,N,maedk001,arrij001,LAN
LAN201906010,LAN,PHI,0,0,,N,uriaj001,nerih001,LAN
LAN201906020,LAN,PHI,0,0,,D,hillr001,velav001,LAN
LAN201906130,LAN,CHN,0,2,,N,kersc001,lestj001,LAN
LAN201906140,LAN,CHN,0,2,,N,hillr001,hendk001,LAN
LAN201906150,LAN,CHN,0,0,,N,ryank002,jansk001,CHN
LAN201906160,LAN,CHN,1,0,,D,strir001,cishs001,LAN
LAN201906170,LAN,SFN,0,0,,N,beedt001,maedk001,SFN
LAN201906180,LAN,SFN,2,0,,N,kersc001,andes002,LAN
LAN201906190,LAN,SFN,3,0,,N,flord002,pomed001,LAN
LAN201906200,LAN,SFN,1,0,,N,charj001,bumgm001,LAN
LAN201906210,LAN,COL,0,0,,N,buehw001,diazj006,LAN
LAN201906220,LAN,COL,0,1,,D,kellj001,tinoj001,LAN
LAN201906230,LAN,COL,0,1,,D,jansk001,obers001,LAN
LAN201907020,LAN,ARI,0,1,,N,garcy001,hollg001,LAN
LAN201907030,LAN,ARI,0,0,,N,kellj001,lopey001,LAN
LAN201907040,LAN,SDN,0,0,,N,ryu-h001,lamed001,LAN
LAN201907050,LAN,SDN,0,0,,N,stamc001,garcy001,SDN
LAN201907060,LAN,SDN,0,0,,N,wingt001,maedk001,SDN
LAN201907070,LAN,SDN,0,1,,D,luccj001,strir001,SDN
LAN201907190,LAN,MIA,0,0,,N,ryu-h001,gallz001,LAN
LAN201907200,LAN,MIA,1,0,,N,baezp001,herne002,LAN
LAN201907210,LAN,MIA,2,0,,D,buehw001,yamaj001,LAN
LAN201907230,LAN,ANA,0,0,,N,penaf002,maedk001,ANA
LAN201907240,LAN,ANA,0,1,,N,barrj003,strir001,ANA
LAN201908010,LAN,SDN,0,0,,N,kersc001,luccj001,LAN
LAN201908020,LAN,SDN,0,0,,N,lauee001,may-d003,SDN
LAN201908030,LAN,SDN,0,0,,N,buehw001,quanc001,LAN
LAN201908040,LAN,SDN,0,0,,D,baezp001,yatek001,LAN
LAN201908050,LAN,SLN,3,0,,N,gonst001,wachm001,LAN
LAN201908060,LAN,SLN,0,0,,N,kersc001,mikom001,LAN
LAN201908070,LAN,SLN,0,0,,D,sadlc002,martc006,LAN
LAN201908090,LAN,ARI,0,0,,N,chafa001,uriaj001,ARI
LAN201908100,LAN,ARI,0,0,,N,maedk001,youna002,LAN
LAN201908110,LAN,ARI,3,0,,D,ryu-h001,leakm001,LAN
LAN201908200,LAN,TOR,0,1,,N,kersc001,reids001,LAN
LAN201908210,LAN,TOR,0,0,,N,baezp001,mayzt001,LAN
LAN201908220,LAN,TOR,0,0,,N,sadlc002,law-d001,LAN
LAN201908230,LAN,NYA,0,0,,N,paxtj001,ryu-h001,NYA
LAN201908240,LAN,NYA,0,0,,D,gonst001,sabac001,LAN
LAN201908250,LAN,NYA,1,1,,D,germd001,kersc001,NYA
LAN201909020,LAN,COL,2,2,,N,buehw001,lambp001,LAN
LAN201909030,LAN,COL,0,0,,N,fergc001,shawb001,LAN
LAN201909040,LAN,COL,1,0,,N,kolaa001,senza001,LAN
LAN201909060,LAN,SFN,0,0,,N,samaj001,kersc001,SFN
LAN201909070,LAN,SFN,0,1,,N,beedt001,gonst001,SFN
LAN201909080,LAN,SFN,0,0,,D,maedk001,rodrd001,LAN
LAN201909170,LAN,TBA,0,0,,N,maedk001,fairp001,LAN
LAN201909180,LAN,TBA,0,1,,N,pochc001,sborj002,TBA
LAN201909200,LAN,COL,0,2,,N,kersc001,lambp001,LAN
LAN201909210,LAN,COL,0,0,,N,gonzc002,buehw001,COL
LAN201909220,LAN,COL,0,1,,D,ryu-h001,senza001,LAN
MIA201903280,MIA,COL,0,0,,D,freek001,urenj001,COL
MIA201903290,MIA,COL,0,0,,N,marqg001,conla001,COL
MIA201903300,MIA,COL,0,0,,N,lopep002,andet002,MIA
MIA201903310,MIA,COL,0,0,,D,alcas001,grayj003,MIA
MIA201904010,MIA,NYN,3,0,,N,famij001,stecd001,NYN
MIA201904020,MIA,NYN,1,5,,N,vargj001,urenj001,NYN
MIA201904030,MIA,NYN,0,0,,N,degrj001,richt001,NYN
MIA201904120,MIA,PHI,0,0,,N,arrij001,alcas001,PHI
MIA201904130,MIA,PHI,0,0,,N,smitc006,efliz001,MIA
MIA201904140,MIA,PHI,0,0,,D,aranv001,chenw001,PHI
MIA201904150,MIA,CHN,0,3,,N,darvy001,richt001,CHN
MIA201904160,MIA,CHN,0,0,,N,quinj001,lopep002,CHN
MIA201904170,MIA,CHN,0,0,,N,hamec001,alcas001,CHN
MIA201904190,MIA,WAS,0,1,,N,smitc006,sanca004,MIA
MIA201904200,MIA,WAS,2,0,,N,urenj001,schem001,MIA
MIA201904210,MIA,WAS,0,0,,D,stras001,richt001,WAS
MIA201904300,MIA,CLE,1,0,,N,bauet001,alcas001,CLE
MIA201905010,MIA,CLE,1,0,,N,smitc006,klubc001,MIA
MIA201905030,MIA,ATL,0,1,,N,toust001,urenj001,ATL
MIA201905040,MIA,ATL,0,0,,N,sorom001,anden001,ATL
MIA201905050,MIA,ATL,0,0,,D,tomlj001,guert001,ATL
MIA201905140,MIA,TBA,0,0,,N,mortc002,smitc006,TBA
MIA201905150,MIA,TBA,0,0,,N,beekj001,urenj001,TBA
MIA201905170,MIA,NYN,0,0,,N,richt001,degrj001,MIA
MIA201905180,MIA,NYN,1,0,,D,lopep002,matzs001,MIA
MIA201905190,MIA,NYN,0,0,,D,alcas001,syndn001,MIA
MIA201905280,MIA,SFN,0,1,,N,richt001,samaj001,MIA
MIA201905290,MIA,SFN,0,0,,N,anden001,bumgm001,MIA
MIA201905300,MIA,SFN,0,0,,D,moror001,conla001,SFN
MIA201906070,MIA,ATL,0,2,,N,sorom001,urenj001,ATL
MIA201906080,MIA,ATL,0,0,,D,tehej001,richt001,ATL
MIA201906090,MIA,ATL,1,0,,D,winkd001,conla001,ATL
MIA201906100,MIA,SLN,0,0,,N,wachm001,alcas001,SLN
MIA201906110,MIA,SLN,0,0,,N,hudsd002,herne002,SLN
MIA201906120,MIA,SLN,1,0,,N,yamaj001,mikom001,MIA
MIA201906140,MIA,PIT,0,0,,N,braus002,richt001,PIT
MIA201906150,MIA,PIT,0,0,,N,lopep002,hartg001,MIA
MIA201906160,MIA,PIT,0,0,,D,rodrr008,anden001,PIT
MIA201906250,MIA,WAS,0,0,,N,schem001,richt001,WAS
MIA201906260,MIA,WAS,0,0,,N,corbp001,gallz001,WAS
MIA201906270,MIA,WAS,0,0,,N,stras001,alcas001,WAS
MIA201906280,MIA,PHI,1,0,,N,herne002,velav001,MIA
MIA201906290,MIA,PHI,1,2,,D,garcj006,morga001,MIA
MIA201906300,MIA,PHI,0,1,,D,arrij001,richt001,PHI
MIA201907120,MIA,NYN,0,0,,N,smitc006,vargj001,MIA
MIA201907130,MIA,NYN,0,0,,N,syndn001,anden001,NYN
MIA201907140,MIA,NYN,0,1,,D,degrj001,alcas001,NYN
MIA201907160,MIA,SDN,3,0,,N,yamaj001,allel002,MIA
MIA201907170,MIA,SDN,0,0,,N,paddc001,richt001,SDN
MIA201907180,MIA,SDN,0,0,,D,romos001,wingt001,MIA
MIA201907260,MIA,ARI,1,0,,N,quijj001,hollg001,MIA
MIA201907270,MIA,ARI,1,0,,N,youna002,yamaj001,ARI
MIA201907280,MIA,ARI,1,0,,D,quijj001,ray-r002,MIA
MIA201907290,MIA,ARI,0,0,,N,smitc006,kellm002,MIA
MIA201907300,MIA,MIN,0,0,,N,odorj001,gallz001,MIN
MIA201907310,MIA,MIN,0,0,,N,berrj001,alcas001,MIN
MIA201908010,MIA,MIN,0,1,,D,brigj002,stasc001,MIA
MIA201908080,MIA,ATL,3,0,,N,herne002,keucd001,MIA
MIA201908090,MIA,ATL,0,1,,N,tehej001,smitc006,ATL
MIA201908100,MIA,ATL,0,0,,N,brigj002,newcs001,MIA
MIA201908110,MIA,ATL,3,1,,D,foltm001,noesh001,ATL
MIA201908130,MIA,LAN,0,0,,N,may-d003,yamaj001,LAN
MIA201908140,MIA,LAN,0,3,,N,kersc001,herne002,LAN
MIA201908150,MIA,LAN,1,0,,D,smitc006,buehw001,MIA
MIA201908230,MIA,PHI,0,4,,N,kinlt001,piven001,MIA
MIA201908240,MIA,PHI,1,0,,N,efliz001,yamaj001,PHI
MIA201908250,MIA,PHI,0,0,,D,herne002,nolaa001,MIA
MIA201908260,MIA,CIN,0,0,,N,grays001,lopep002,CIN
MIA201908270,MIA,CIN,2,2,,N,castl003,smitc006,CIN
MIA201908280,MIA,CIN,0,3,,N,desca001,alcas001,CIN
MIA201908290,MIA,CIN,1,3,,N,kinlt001,igler001,MIA
MIA201909060,MIA,KCA,0,0,,N,lopej004,lopep002,KCA
MIA201909070,MIA,KCA,0,0,,N,duffd001,conla001,KCA
MIA201909080,MIA,KCA,1,0,,D,alcas001,montm002,MIA
MIA201909090,MIA,MIL,0,2,,N,albem001,duggr001,MIL
MIA201909100,MIA,MIL,0,0,,N,guerj003,conla001,MIL
MIA201909110,MIA,MIL,1,1,,N,suteb001,urenj001,MIL
MIA201909120,MIA,MIL,1,1,,D,peraf001,smitc006,MIL
MIA201909200,MIA,WAS,0,0,,N,sanca004,duggr001,WAS
MIA201909210,MIA,WAS,0,0,,N,suerw002,urenj001,WAS
MIA201909220,MIA,WAS,1,1,,D,garcj006,suerw002,MIA
MIL201903280,MIL,SLN,0,0,,D,chacj001,mikom001,MIL
MIL201903290,MIL,SLN,0,3,,N,gantj002,willt003,SLN
MIL201903300,MIL,SLN,1,0,,N,woodb005,hudsd002,MIL
MIL201903310,MIL,SLN,1,0,,D,barnj002,hickj002,MIL
MIL201904050,MIL,CHN,2,0,,N,andec001,quinj001,MIL
MIL201904060,MIL,CHN,1,0,,N,hamec001,burnc002,CHN
MIL201904070,MIL,CHN,2,0,,D,daviz001,hendk001,MIL
MIL201904150,MIL,SLN,0,2,,N,guerj003,mayem001,MIL
MIL201904160,MIL,SLN,0,0,,N,woodb005,flahj002,MIL
MIL201904170,MIL,SLN,0,0,,D,wachm001,burnc002,SLN
MIL201904180,MIL,LAN,0,0,,N,uriaj001,albem001,LAN
MIL201904190,MIL,LAN,2,0,,N,baezp001,hadej001,LAN
MIL201904200,MIL,LAN,0,0,,N,andec001,ryu-h001,MIL
MIL201904210,MIL,LAN,0,2,,D,jansk001,hadej001,LAN
MIL201904290,MIL,COL,4,0,,N,daviz001,freek001,MIL
MIL201904300,MIL,COL,0,0,,N,chacj001,marqg001,MIL
MIL201905010,MIL,COL,2,3,,N,estec001,burnc002,COL
MIL201905020,MIL,COL,0,4,,D,grayj003,peraf001,COL
MIL201905030,MIL,NYN,1,1,,N,woodb005,matzs001,MIL
MIL201905040,MIL,NYN,0,0,,N,willt003,flexc001,MIL
MIL201905050,MIL,NYN,0,0,,D,daviz001,vargj001,MIL
MIL201905060,MIL,WAS,1,2,,N,claua001,jennd003,MIL
MIL201905070,MIL,WAS,0,0,,N,peraf001,stras001,MIL
MIL201905080,MIL,WAS,4,0,,D,woodb005,hellj001,MIL
MIL201905210,MIL,CIN,0,3,,N,grays001,gonzg003,CIN
MIL201905220,MIL,CIN,0,0,,D,guerj003,peraw002,MIL
MIL201905240,MIL,PHI,1,1,,N,velav001,peraf001,PHI
MIL201905250,MIL,PHI,0,1,,D,arrij001,chacj001,PHI
MIL201905260,MIL,PHI,0,0,,D,woodb005,efliz001,MIL
MIL201906040,MIL,MIA,0,2,,N,lopep002,andec001,MIA
MIL201906050,MIL,MIA,0,1,,N,alcas001,nelsj004,MIA
MIL201906060,MIL,MIA,3,0,,D,peraf001,smitc006,MIL
MIL201906070,MIL,PIT,0,0,,N,woodb005,davir004,MIL
MIL201906080,MIL,PIT,0,0,,D,daviz001,felim001,MIL
MIL201906090,MIL,PIT,0,0,,D,jeffj001,lirif001,MIL
MIL201906200,MIL,CIN,0,3,,N,roart001,nelsj004,CIN
MIL201906210,MIL,CIN,0,3,,N,hernd002,andec001,CIN
MIL201906220,MIL,CIN,4,3,,D,albem001,castl003,MIL
MIL201906230,MIL,CIN,0,0,,D,woodb005,desca001,MIL
MIL201906250,MIL,SEA,1,0,,N,gonzm005,daviz001,SEA
MIL201906260,MIL,SEA,0,2,,N,leblw001,housa001,SEA
MIL201906270,MIL,SEA,0,0,,D,andec001,leakm001,MIL
MIL201906280,MIL,PIT,2,0,,N,rivef001,jeffj001,PIT
MIL201906290,MIL,PIT,2,1,,N,woodb005,lylej001,MIL
MIL201906300,MIL,PIT,0,1,,D,jeffj001,crick001,MIL
MIL201907120,MIL,SFN,0,0,,N,smitw002,albem001,SFN
MIL201907130,MIL,SFN,0,1,,N,jeffj001,moror001,MIL
MIL201907140,MIL,SFN,1,0,,D,beedt001,burnc002,SFN
MIL201907150,MIL,ATL,0,0,,N,friem001,housa001,ATL
MIL201907160,MIL,ATL,0,0,,N,woodb005,wilsb003,MIL
MIL201907170,MIL,ATL,0,0,,D,andec001,keucd001,MIL
MIL201907220,MIL,CIN,0,0,,N,peraw002,jeffj001,CIN
MIL201907230,MIL,CIN,0,4,,N,roart001,daviz001,CIN
MIL201907240,MIL,CIN,2,2,,D,albem001,simsl001,MIL
MIL201907260,MIL,CHN,0,0,,N,housa001,kintb001,MIL
MIL201907270,MIL,CHN,0,0,,N,peraf001,kimbc001,MIL
MIL201907280,MIL,CHN,0,0,,D,bracb001,daviz001,CHN
MIL201908090,MIL,TEX,1,0,,N,hadej001,clase001,MIL
MIL201908100,MIL,TEX,1,0,,N,housa001,payap001,MIL
MIL201908110,MIL,TEX,0,0,,D,minom001,lylej001,TEX
MIL201908130,MIL,MIN,0,0,,N,dufft001,pomed001,MIN
MIL201908140,MIL,MIN,1,2,,D,guerj003,romos001,MIL
MIL201908230,MIL,ARI,3,0,,N,lylej001,kellm002,MIL
MIL201908240,MIL,ARI,0,0,,N,andec001,gallz001,MIL
MIL201908250,MIL,ARI,0,2,,D,ray-r002,daviz001,ARI
MIL201908260,MIL,SLN,0,2,,N,gantj002,gonzg003,SLN
MIL201908270,MIL,SLN,0,0,,N,mikom001,albem001,SLN
MIL201908280,MIL,SLN,1,0,,D,lylej001,flahj002,MIL
MIL201909020,MIL,HOU,1,0,,D,osunr001,guerj003,HOU
MIL201909030,MIL,HOU,0,0,,N,lylej001,greiz001,MIL
MIL201909050,MIL,CHN,0,1,,N,quinj001,albem001,CHN
MIL201909060,MIL,CHN,0,0,,N,daviz001,hamec001,MIL
MIL201909070,MIL,CHN,0,0,,N,hadej001,kintb001,MIL
MIL201909080,MIL,CHN,1,0,,D,suteb001,lestj001,MIL
MIL201909160,MIL,SDN,0,0,,N,daviz001,richg002,MIL
MIL201909170,MIL,SDN,0,0,,N,albem001,stram001,MIL
MIL201909180,MIL,SDN,0,0,,N,lamed001,housa001,SDN
MIL201909190,MIL,SDN,1,0,,D,peraf001,luccj001,MIL
MIL201909200,MIL,PIT,3,0,,N,andec001,braus002,MIL
MIL201909210,MIL,PIT,2,1,,N,suteb001,marvj001,MIL
MIL201909220,MIL,PIT,0,0,,D,gonzg003,willt002,MIL
MIN201903280,MIN,CLE,0,0,,D,berrj001,klubc001,MIN
MIN201903300,MIN,CLE,0,0,,D,edwaj001,parkb001,CLE
MIN201903310,MIN,CLE,0,0,,D,perem004,carrc003,MIN
MIN201904130,MIN,DET,0,0,,D,pinem001,rosst001,MIN
MIN201904140,MIN,DET,2,0,,D,berrj001,zimmj003,MIN
MIN201904150,MIN,TOR,0,0,,N,gavis001,mejia001,TOR
MIN201904160,MIN,TOR,0,0,,N,sanca006,may-t001,TOR
MIN201904170,MIN,TOR,2,1,,N,odorj001,thort002,MIN
MIN201904180,MIN,TOR,0,1,,D,biagj001,pinem001,TOR
MIN201904260,MIN,BAL,3,0,,N,perem004,cobba001,MIN
MIN201904270,MIN,BAL,0,0,,D,berrj001,fry-p001,MIN
MIN201904280,MIN,BAL,1,0,,D,gibsk002,bundd001,MIN
MIN201904290,MIN,HOU,0,0,,N,odorj001,verlj001,MIN
MIN201904300,MIN,HOU,0,0,,N,coleg001,pinem001,HOU
MIN201905010,MIN,HOU,0,0,,N,perem004,mchuc001,MIN
MIN201905020,MIN,HOU,0,1,,D,berrj001,peacb001,MIN
MIN201905100,MIN,DET,0,0,,N,odorj001,rosst001,MIN
MIN201905111,MIN,DET,0,0,,D,jimej003,hildt001,DET
MIN201905112,MIN,DET,2,0,,N,stewk001,sotog003,MIN
MIN201905120,MIN,DET,0,2,,D,norrd002,perem004,DET
MIN201905130,MIN,ANA,2,0,,N,skagt001,berrj001,ANA
MIN201905140,MIN,ANA,1,0,,N,gibsk002,bedrc001,MIN
MIN201905150,MIN,ANA,0,0,,D,odorj001,cahit001,MIN
MIN201905240,MIN,CHA,1,0,,N,berrj001,loper003,MIN
MIN201905250,MIN,CHA,2,0,,D,gibsk002,banum001,MIN
MIN201905260,MIN,CHA,0,0,,D,odorj001,coved001,MIN
MIN201905270,MIN,MIL,0,0,,N,burnc002,roget001,MIL
MIN201905280,MIN,MIL,0,0,,N,magim001,claua001,MIN
MIN201906110,MIN,SEA,0,0,,N,magim001,brenb003,MIN
MIN201906120,MIN,SEA,0,0,,N,bassa001,dufft001,SEA
MIN201906130,MIN,SEA,0,0,,D,harpr001,brenb003,MIN
MIN201906140,MIN,KCA,0,0,,N,gibsk002,diekj001,MIN
MIN201906150,MIN,KCA,0,2,,N,odorj001,sparg001,MIN
MIN201906160,MIN,KCA,0,0,,D,lopej004,perem004,KCA
MIN201906170,MIN,BOS,0,1,,N,porcr001,berrj001,BOS
MIN201906180,MIN,BOS,0,0,,N,littz001,johnb004,MIN
MIN201906190,MIN,BOS,1,0,,N,rodre004,gibsk002,BOS
MIN201906250,MIN,TBA,0,0,,N,gibsk002,snelb001,MIN
MIN201906260,MIN,TBA,3,0,,N,may-t001,mortc002,MIN
MIN201906270,MIN,TBA,2,0,,D,yarbr001,harpr001,TBA
MIN201907050,MIN,TEX,0,0,,N,perem004,sampa001,MIN
MIN201907060,MIN,TEX,0,0,,D,pinem001,chavj001,MIN
MIN201907070,MIN,TEX,0,0,,D,kells001,mejia001,TEX
MIN201907160,MIN,NYN,0,2,,N,avill001,pinem001,NYN
MIN201907170,MIN,NYN,0,0,,D,vargj001,may-t001,NYN
MIN201907180,MIN,OAK,0,0,,N,gibsk002,petiy001,MIN
MIN201907190,MIN,OAK,0,2,,N,bassc001,harpr001,OAK
MIN201907200,MIN,OAK,2,0,,N,treib001,roget001,OAK
MIN201907210,MIN,OAK,1,0,,D,stewk001,hendl001,MIN
MIN201907220,MIN,NYA,2,0,,N,thorl002,sabac001,MIN
MIN201907230,MIN,NYA,0,2,,N,chapa001,stewk001,NYA
MIN201907240,MIN,NYA,2,0,,N,cortn001,odorj001,NYA
MIN201908020,MIN,KCA,2,1,,N,may-t001,lover001,MIN
MIN201908030,MIN,KCA,2,0,,N,gibsk002,duffd001,MIN
MIN201908040,MIN,KCA,0,0,,D,smeld001,kellb003,MIN
MIN201908050,MIN,ATL,0,0,,N,may-t001,martc007,MIN
MIN201908060,MIN,ATL,0,1,,N,foltm001,berrj001,ATL
MIN201908070,MIN,ATL,0,3,,D,friem001,perem004,ATL
MIN201908080,MIN,CLE,0,0,,N,clevm001,gibsk002,CLE
MIN201908090,MIN,CLE,0,0,,N,biebs001,smeld001,CLE
MIN201908100,MIN,CLE,0,0,,N,odorj001,pluta001,MIN
MIN201908110,MIN,CLE,0,2,,D,handb001,roget001,CLE
MIN201908190,MIN,CHA,2,0,,N,novai001,gibsk002,CHA
MIN201908200,MIN,CHA,0,0,,N,pinem001,loper003,MIN
MIN201908210,MIN,CHA,0,2,,D,gioll001,odorj001,CHA
MIN201908230,MIN,DET,1,0,,N,verhd001,berrj001,DET
MIN201908240,MIN,DET,1,0,,N,gibsk002,jacke001,MIN
MIN201908250,MIN,DET,0,0,,D,perem004,boydm001,MIN
MIN201909060,MIN,CLE,0,0,,N,clipt001,thorl002,CLE
MIN201909070,MIN,CLE,1,0,,N,littz001,cimba001,MIN
MIN201909080,MIN,CLE,0,0,,D,clevm001,dobnr001,CLE
MIN201909100,MIN,WAS,0,0,,N,berrj001,sanca004,MIN
MIN201909110,MIN,WAS,0,2,,N,stras001,perem004,WAS
MIN201909120,MIN,WAS,1,1,,N,corbp001,gibsk002,WAS
MIN201909160,MIN,CHA,0,1,,N,berrj001,loper003,MIN
MIN201909170,MIN,CHA,0,0,,N,harpr001,ruizj001,MIN
MIN201909180,MIN,CHA,0,0,,N,fry-j001,odorj001,CHA
MIN201909190,MIN,KCA,0,0,,N,thorl002,barnj002,MIN
MIN201909200,MIN,KCA,2,0,,N,dobnr001,skoge001,MIN
MIN201909210,MIN,KCA,0,0,,N,rosar002,roget001,KCA
MIN201909220,MIN,KCA,6,0,,D,littz001,lopej004,MIN
NYA201903280,NYA,BAL,3,0,,D,tanam001,casha001,NYA
NYA201903300,NYA,BAL,0,0,,D,yacaj001,paxtj001,BAL
NYA201903310,NYA,BAL,0,3,,D,meanj001,happj001,BAL
NYA201904010,NYA,DET,0,0,,N,germd001,rosst001,NYA
NYA201904020,NYA,DET,0,0,,N,jimej003,chapa001,DET
NYA201904030,NYA,DET,0,0,,D,farmb001,greec003,DET
NYA201904120,NYA,CHA,2,1,,N,gioll001,happj001,CHA
NYA201904130,NYA,CHA,0,0,,D,germd001,novai001,NYA
NYA201904140,NYA,CHA,1,0,,D,rodoc001,tanam001,CHA
NYA201904160,NYA,BOS,0,0,,N,paxtj001,salec001,NYA
NYA201904170,NYA,BOS,0,1,,N,kahnt001,workb001,NYA
NYA201904180,NYA,KCA,1,1,,N,bailh001,germd001,KCA
NYA201904190,NYA,KCA,0,0,,N,sabac001,junij001,NYA
NYA201904200,NYA,KCA,1,0,,D,tanam001,fillh001,NYA
NYA201904210,NYA,KCA,1,0,,D,britz001,diekj001,NYA
NYA201905030,NYA,MIN,1,0,,N,holdj002,gibsk002,NYA
NYA201905040,NYA,MIN,0,0,,D,odorj001,happj001,MIN
NYA201905050,NYA,MIN,0,0,,D,germd001,pinem001,NYA
NYA201905060,NYA,SEA,2,0,,N,sabac001,hernf002,NYA
NYA201905070,NYA,SEA,0,0,,N,harvj001,swara001,NYA
NYA201905080,NYA,SEA,0,1,,N,kikuy001,loaij001,SEA
NYA201905090,NYA,SEA,0,0,,N,happj001,leakm001,NYA
NYA201905151,NYA,BAL,1,1,,D,happj001,hessd001,NYA
NYA201905152,NYA,BAL,0,0,,N,germd001,casha001,NYA
NYA201905170,NYA,TBA,0,0,,N,holdj002,alvaj004,NYA
NYA201905180,NYA,TBA,0,0,,D,woodh001,cessl001,TBA
NYA201905190,NYA,TBA,1,0,,D,ottaa001,castd002,NYA
NYA201905270,NYA,SDN,0,0,,D,haled001,stram001,NYA
NYA201905280,NYA,SDN,0,4,,N,lauee001,tanam001,SDN
NYA201905290,NYA,SDN,2,0,,D,holdj002,paddc001,NYA
NYA201905310,NYA,BOS,0,0,,N,happj001,salec001,NYA
NYA201906010,NYA,BOS,0,0,,N,greec003,porcr001,NYA
NYA201906020,NYA,BOS,0,1,,N,pricd001,sabac001,BOS
NYA201906111,NYA,NYN,0,0,,D,tanam001,wheez001,NYA
NYA201906112,NYA,NYN,0,3,,N,vargj001,paxtj001,NYN
NYA201906170,NYA,TBA,0,0,,N,tanam001,chiry001,NYA
NYA201906180,NYA,TBA,1,0,,N,happj001,roe-c001,NYA
NYA201906190,NYA,TBA,6,0,,D,sabac001,snelb001,NYA
NYA201906200,NYA,HOU,0,0,,N,cortn001,valdf001,NYA
NYA201906210,NYA,HOU,0,0,,N,paxtj001,peacb001,NYA
NYA201906220,NYA,HOU,0,0,,N,holdj002,presr001,NYA
NYA201906230,NYA,HOU,0,1,,D,verlj001,happj001,HOU
NYA201906240,NYA,TOR,0,2,,N,sabac001,sanca006,NYA
NYA201906250,NYA,TOR,2,0,,N,cortn001,richc002,NYA
NYA201906260,NYA,TOR,0,3,,D,britz001,kingn001,NYA
NYA201907120,NYA,TOR,0,0,,N,germd001,sanca006,NYA
NYA201907130,NYA,TOR,0,0,,D,biagj001,happj001,TOR
NYA201907140,NYA,TOR,0,0,,D,tanam001,strom001,NYA
NYA201907150,NYA,TBA,0,1,,N,kitta001,chapa001,TBA
NYA201907160,NYA,TBA,0,0,,N,haled001,pochc001,NYA
NYA201907181,NYA,TBA,0,2,,D,germd001,chiry001,NYA
NYA201907182,NYA,TBA,0,0,,N,cessl001,mortc002,NYA
NYA201907190,NYA,COL,0,0,,N,happj001,freek001,NYA
NYA201907200,NYA,COL,1,0,,D,tanam001,senza001,NYA
NYA201907210,NYA,COL,1,1,,D,marqg001,paxtj001,COL
NYA201907300,NYA,ARI,0,1,,N,clart003,happj001,ARI
NYA201907310,NYA,ARI,0,0,,D,ottaa001,hiray001,NYA
NYA201908020,NYA,BOS,4,2,,N,paxtj001,rodre004,NYA
NYA201908031,NYA,BOS,1,0,,D,germd001,salec001,NYA
NYA201908032,NYA,BOS,0,0,,N,kahnt001,barnm001,NYA
NYA201908040,NYA,BOS,1,0,,N,happj001,pricd001,NYA
NYA201908121,NYA,BAL,4,1,,D,paxtj001,ynoag001,NYA
NYA201908122,NYA,BAL,3,0,,N,mantj002,blact002,NYA
NYA201908130,NYA,BAL,1,0,,N,germd001,meanj001,NYA
NYA201908140,NYA,BAL,4,1,,D,happj001,bundd001,NYA
NYA201908150,NYA,CLE,1,7,,N,pluta001,greec003,CLE
NYA201908160,NYA,CLE,2,0,,N,tanam001,civaa001,NYA
NYA201908170,NYA,CLE,0,2,,D,paxtj001,plesz001,NYA
NYA201908180,NYA,CLE,0,0,,D,clevm001,sabac001,CLE
NYA201908300,NYA,OAK,0,0,,N,andeb004,kahnt001,OAK
NYA201908310,NYA,OAK,0,0,,D,gearc001,trivl001,NYA
NYA201909010,NYA,OAK,0,0,,D,ottaa001,hendl001,NYA
NYA201909020,NYA,TEX,0,1,,D,minom001,tanam001,TEX
NYA201909030,NYA,TEX,2,0,,N,paxtj001,volqe001,NYA
NYA201909040,NYA,TEX,0,0,,N,cessl001,lynnl001,NYA
NYA201909170,NYA,ANA,0,0,,N,loaij001,ramin002,NYA
NYA201909180,NYA,ANA,0,0,,N,bardl001,ottaa001,ANA
NYA201909190,NYA,ANA,0,0,,N,tanam001,heana001,NYA
NYA201909200,NYA,TOR,0,0,,N,adamj002,kahnt001,TOR
NYA201909210,NYA,TOR,0,0,,D,paxtj001,zeuct001,NYA
NYA201909220,NYA,TOR,4,0,,D,sevel001,fontw001,NYA
NYN201904040,NYN,WAS,0,0,,D,stras001,syndn001,WAS
NYN201904060,NYN,WAS,0,0,,D,famij001,sippt001,NYN
NYN201904070,NYN,WAS,0,0,,D,schem001,wheez001,WAS
NYN201904090,NYN,MIN,0,0,,N,hildt001,degrj001,MIN
NYN201904100,NYN,MIN,0,0,,N,syndn001,odorj001,NYN
NYN201904220,NYN,PHI,0,0,,N,matzs001,arrij001,NYN
NYN201904230,NYN,PHI,0,0,,N,wheez001,efliz001,NYN
NYN201904240,NYN,PHI,0,1,,N,velav001,vargj001,PHI
NYN201904260,NYN,MIL,0,0,,N,albem001,degrj001,MIL
NYN201904270,NYN,MIL,0,1,,N,woodb005,syndn001,MIL
NYN201904280,NYN,MIL,1,0,,D,matzs001,barnj002,NYN
NYN201904290,NYN,CIN,0,0,,N,igler001,diaze006,CIN
NYN201904300,NYN,CIN,0,0,,N,gagnd001,igler001,NYN
NYN201905010,NYN,CIN,0,0,,N,dukez001,diaze006,CIN
NYN201905020,NYN,CIN,0,0,,D,syndn001,mahlt001,NYN
NYN201905100,NYN,MIA,8,0,,N,wheez001,lopep002,NYN
NYN201905110,NYN,MIA,0,0,,N,degrj001,alcas001,NYN
NYN201905200,NYN,WAS,2,0,,N,gagnd001,corbp001,NYN
NYN201905210,NYN,WAS,0,0,,N,diaze006,raint003,NYN
NYN201905220,NYN,WAS,0,1,,N,gagnd001,barrk002,NYN
NYN201905230,NYN,WAS,0,0,,D,gselr001,suerw002,NYN
NYN201905240,NYN,DET,0,2,,N,farmb001,gagnd001,DET
NYN201905250,NYN,DET,0,1,,D,santh001,farmb001,NYN
NYN201905260,NYN,DET,0,1,,D,wheez001,turns003,NYN
NYN201906040,NYN,SFN,0,0,,N,melam001,gselr001,SFN
NYN201906050,NYN,SFN,1,0,,N,vargj001,beedt001,NYN
NYN201906060,NYN,SFN,2,0,,D,lugos001,melam001,NYN
NYN201906070,NYN,COL,0,0,,N,senza001,degrj001,COL
NYN201906080,NYN,COL,0,0,,N,matzs001,grayj003,NYN
NYN201906090,NYN,COL,3,0,,D,syndn001,hoffj003,NYN
NYN201906130,NYN,SLN,0,0,"20190614,,4,4,51",N,martc006,diaze006,SLN
NYN201906140,NYN,SLN,1,0,,N,gantj002,famij001,SLN
NYN201906150,NYN,SLN,5,1,,N,syndn001,wachm001,NYN
NYN201906160,NYN,SLN,1,2,,D,milla002,flexc001,SLN
NYN201906280,NYN,ATL,0,0,,N,sorom001,degrj001,ATL
NYN201906290,NYN,ATL,0,2,,D,newcs001,lugos001,ATL
NYN201906300,NYN,ATL,1,1,,N,fontw001,newcs001,NYN
NYN201907020,NYN,NYA,0,0,,N,lugos001,ottaa001,NYN
NYN201907030,NYN,NYA,1,2,,N,germd001,vargj001,NYA
NYN201907050,NYN,PHI,0,1,,N,morga001,diaze006,PHI
NYN201907060,NYN,PHI,1,0,,N,syndn001,arrij001,NYN
NYN201907070,NYN,PHI,0,4,,D,nolaa001,wheez001,PHI
NYN201907230,NYN,SDN,0,0,,N,vargj001,paddc001,NYN
NYN201907240,NYN,SDN,1,0,,N,stram001,syndn001,SDN
NYN201907250,NYN,SDN,4,0,,D,degrj001,lauee001,NYN
NYN201907260,NYN,PIT,0,0,,N,wheez001,agrad001,NYN
NYN201907270,NYN,PIT,0,0,,N,matzs001,willt002,NYN
NYN201907280,NYN,PIT,6,0,,D,vargj001,archc001,NYN
NYN201908051,NYN,MIA,1,0,,D,degrj001,duggr001,NYN
NYN201908052,NYN,MIA,2,0,,N,famij001,brigj002,NYN
NYN201908060,NYN,MIA,1,0,,N,wheez001,noesh001,NYN
NYN201908070,NYN,MIA,2,0,,D,matzs001,yamaj001,NYN
NYN201908090,NYN,WAS,0,0,,N,avill001,dools001,NYN
NYN201908100,NYN,WAS,0,2,,N,lugos001,rodnf001,NYN
NYN201908110,NYN,WAS,0,3,,D,gracm003,gselr001,WAS
NYN201908200,NYN,CLE,0,0,,N,matzs001,biebs001,NYN
NYN201908210,NYN,CLE,0,0,,N,avill001,handb001,NYN
NYN201908220,NYN,CLE,0,0,,N,syndn001,civaa001,NYN
NYN201908230,NYN,ATL,0,0,,N,jackl001,famij001,ATL
NYN201908240,NYN,ATL,0,0,,N,tomlj001,bracb001,ATL
NYN201908250,NYN,ATL,0,0,,D,keucd001,matzs001,ATL
NYN201908270,NYN,CHN,0,0,,N,darvy001,strom001,CHN
NYN201908280,NYN,CHN,1,6,,N,ryank002,syndn001,CHN
NYN201908290,NYN,CHN,1,0,,N,lestj001,degrj001,CHN
NYN201909060,NYN,PHI,0,0,,N,diaze006,morim002,NYN
NYN201909070,NYN,PHI,0,1,,N,smyld001,strom001,PHI
NYN201909080,NYN,PHI,3,0,,D,suarr001,sewap001,PHI
NYN201909090,NYN,ARI,1,0,,N,degrj001,kellm002,NYN
NYN201909100,NYN,ARI,0,1,,N,wheez001,gallz001,NYN
NYN201909110,NYN,ARI,5,0,,N,matzs001,ray-r002,NYN
NYN201909120,NYN,ARI,0,0,,D,strom001,youna002,NYN
NYN201909130,NYN,LAN,1,0,,N,kersc001,syndn001,LAN
NYN201909140,NYN,LAN,0,0,,N,lugos001,kellj001,NYN
NYN201909150,NYN,LAN,0,0,,N,jansk001,lugos001,LAN
NYN201909230,NYN,MIA,0,0,,N,smitc006,matzs001,MIA
NYN201909240,NYN,MIA,0,0,,N,sewap001,conla001,NYN
NYN201909250,NYN,MIA,3,0,,N,degrj001,duggr001,NYN
NYN201909260,NYN,MIA,0,0,,N,brigj002,wheez001,MIA
NYN201909270,NYN,ATL,1,2,,N,strom001,keucd001,NYN
NYN201909280,NYN,ATL,0,0,,N,matzs001,foltm001,NYN
NYN201909290,NYN,ATL,3,1,,D,mazzc002,daytg001,NYN
OAK201903200,OAK,SEA,1,0,,N,gonzm005,fierm001,SEA
OAK201903210,OAK,SEA,0,0,,N,rossz001,buchr001,SEA
OAK201903280,OAK,ANA,0,0,,D,fierm001,cahit001,OAK
OAK201903290,OAK,ANA,0,0,,N,roblh001,sorij001,ANA
OAK201903300,OAK,ANA,0,0,,N,andeb004,penaf002,OAK
OAK201903310,OAK,ANA,0,0,,D,montf001,skagt001,OAK
OAK201904010,OAK,BOS,0,0,,N,brooa001,pricd001,OAK
OAK201904020,OAK,BOS,1,0,,N,fierm001,salec001,OAK
OAK201904030,OAK,BOS,0,0,,N,barnm001,rodnf001,BOS
OAK201904040,OAK,BOS,0,2,,D,andeb004,rodre004,OAK
OAK201904160,OAK,HOU,0,1,,N,mchuc001,estrm001,HOU
OAK201904170,OAK,HOU,0,0,,N,montf001,milew001,OAK
OAK201904190,OAK,TOR,1,0,,N,strom001,brooa001,TOR
OAK201904200,OAK,TOR,0,0,,D,gavis001,fierm001,TOR
OAK201904210,OAK,TOR,0,0,,D,hudsd001,andeb004,TOR
OAK201904220,OAK,TEX,0,0,,N,bassc001,minom001,OAK
OAK201904230,OAK,TEX,1,1,,N,montf001,lynnl001,OAK
OAK201904240,OAK,TEX,0,0,,D,treib001,martc007,OAK
OAK201905070,OAK,CIN,0,0,,N,fierm001,mahlt001,OAK
OAK201905080,OAK,CIN,2,0,,N,hendl001,stepr002,OAK
OAK201905090,OAK,CIN,0,2,,D,roart001,bassc001,CIN
OAK201905100,OAK,CLE,1,0,,N,sorij001,handb001,OAK
OAK201905110,OAK,CLE,1,0,,D,treib001,colea002,OAK
OAK201905120,OAK,CLE,0,2,,D,rodrj005,mengd001,CLE
OAK201905240,OAK,SEA,0,1,,N,trivl001,leblw001,OAK
OAK201905250,OAK,SEA,1,0,,D,fierm001,kikuy001,OAK
OAK201905260,OAK,SEA,2,0,,D,andeb004,leakm001,OAK
OAK201905270,OAK,ANA,0,0,,D,bassc001,cahit001,OAK
OAK201905280,OAK,ANA,1,0,,N,buttt001,sorij001,ANA
OAK201905290,OAK,ANA,0,2,,D,ramin002,trivl001,ANA
OAK201905310,OAK,HOU,0,0,,N,rondh001,trivl001,HOU
OAK201906010,OAK,HOU,0,0,,N,verlj001,andeb004,HOU
OAK201906020,OAK,HOU,0,1,,D,jamej002,trivl001,HOU
OAK201906140,OAK,SEA,0,0,,N,gonzm005,bassc001,SEA
OAK201906150,OAK,SEA,3,0,,N,montf001,bautg001,OAK
OAK201906160,OAK,SEA,0,0,,D,leakm001,trivl001,SEA
OAK201906170,OAK,BAL,1,0,,N,fierm001,casha001,OAK
OAK201906180,OAK,BAL,0,0,,N,andeb004,ynoag001,OAK
OAK201906190,OAK,BAL,0,0,,D,bassc001,rogej003,OAK
OAK201906200,OAK,TBA,0,0,,N,trivl001,castd002,OAK
OAK201906210,OAK,TBA,0,0,,N,pruia001,andet003,TBA
OAK201906220,OAK,TBA,0,0,,D,petiy001,castd002,OAK
OAK201906230,OAK,TBA,0,0,,D,yarbr001,andeb004,TBA
OAK201907020,OAK,MIN,0,0,,N,mengd001,odorj001,OAK
OAK201907030,OAK,MIN,0,0,,N,parkb001,treib001,MIN
OAK201907040,OAK,MIN,0,1,,D,wangw001,berrj001,OAK
OAK201907120,OAK,CHA,1,0,,N,fierm001,novai001,OAK
OAK201907130,OAK,CHA,7,0,,D,bassc001,coved001,OAK
OAK201907140,OAK,CHA,0,0,,D,hendl001,fry-j001,OAK
OAK201907160,OAK,SEA,0,0,,N,mengd001,gonzm005,OAK
OAK201907170,OAK,SEA,0,0,,D,bailh001,milot001,OAK
OAK201907250,OAK,TEX,3,0,,N,juraa001,andeb004,TEX
OAK201907260,OAK,TEX,1,0,,N,lynnl001,mengd001,TEX
OAK201907270,OAK,TEX,0,0,,N,bailh001,sampa001,OAK
OAK201907280,OAK,TEX,0,0,,D,treib001,leclj001,OAK
OAK201907300,OAK,MIL,0,0,,N,treib001,hadej001,OAK
OAK201907310,OAK,MIL,0,1,,N,lylej001,andeb004,MIL
OAK201908010,OAK,MIL,0,1,,D,treib001,hadej001,OAK
OAK201908030,OAK,SLN,2,0,,N,fierm001,hudsd002,OAK
OAK201908040,OAK,SLN,0,0,,D,roart001,waina001,OAK
OAK201908150,OAK,HOU,0,0,,N,diekj001,devec001,OAK
OAK201908160,OAK,HOU,0,0,,N,trivl001,sneec001,OAK
OAK201908170,OAK,HOU,0,0,,D,bassc001,armer001,OAK
OAK201908180,OAK,HOU,0,0,,D,greiz001,andeb004,HOU
OAK201908200,OAK,NYA,3,1,,N,bailh001,germd001,OAK
OAK201908210,OAK,NYA,0,0,,N,fierm001,happj001,OAK
OAK201908220,OAK,NYA,3,0,,N,roart001,tanam001,OAK
OAK201908240,OAK,SFN,0,0,,N,coons001,petiy001,SFN
OAK201908250,OAK,SFN,0,0,,D,coons001,diekj001,SFN
OAK201909030,OAK,ANA,0,1,,N,petiy001,ramin002,OAK
OAK201909040,OAK,ANA,0,0,,N,roart001,sandp002,OAK
OAK201909050,OAK,ANA,1,2,,D,puk-a001,buttt001,OAK
OAK201909060,OAK,DET,0,0,,N,schrj001,blacp001,DET
OAK201909070,OAK,DET,0,0,,N,bassc001,zimmj003,OAK
OAK201909080,OAK,DET,1,0,,D,manas001,norrd002,OAK
OAK201909160,OAK,KCA,2,1,,N,mccak002,hendl001,KCA
OAK201909170,OAK,KCA,0,0,,N,puk-a001,lopej004,OAK
OAK201909180,OAK,KCA,0,0,,D,wendj001,hahnj001,OAK
OAK201909200,OAK,TEX,0,0,,N,fierm001,minom001,OAK
OAK201909210,OAK,TEX,7,0,,N,manas001,burkb001,OAK
OAK201909220,OAK,TEX,0,4,,D,lynnl001,roart001,TEX
PHI201903280,PHI,ATL,1,0,,D,nolaa001,tehej001,PHI
PHI201903300,PHI,ATL,0,1,,D,morga001,parsw001,PHI
PHI201903310,PHI,ATL,0,0,,N,arrij001,wrigk001,PHI
PHI201904050,PHI,MIN,5,0,,N,piven001,odorj001,PHI
PHI201904060,PHI,MIN,0,0,,D,pinem001,arrij001,MIN
PHI201904070,PHI,MIN,0,1,,D,efliz001,berrj001,PHI
PHI201904080,PHI,WAS,0,0,,N,domis001,sanca004,PHI
PHI201904090,PHI,WAS,0,1,,N,dools001,alvaj003,WAS
PHI201904100,PHI,WAS,0,3,,N,hellj001,piven001,WAS
PHI201904150,PHI,NYN,0,0,,N,avill001,neshp001,NYN
PHI201904160,PHI,NYN,10,0,,N,piven001,matzs001,PHI
PHI201904170,PHI,NYN,0,0,,D,arrij001,wheez001,PHI
PHI201904250,PHI,MIA,0,0,,N,guert001,nerih001,MIA
PHI201904260,PHI,MIA,1,0,,N,eickj001,urenj001,PHI
PHI201904270,PHI,MIA,0,0,,N,arrij001,richt001,PHI
PHI201904280,PHI,MIA,1,0,,D,efliz001,lopep002,PHI
PHI201904300,PHI,DET,1,0,,N,turns003,velav001,DET
PHI201905010,PHI,DET,0,0,,N,domis001,farmb001,PHI
PHI201905030,PHI,WAS,1,0,,N,domis001,jennd003,PHI
PHI201905040,PHI,WAS,1,1,,N,sippt001,morga001,WAS
PHI201905050,PHI,WAS,2,0,,D,efliz001,sanca004,PHI
PHI201905130,PHI,MIL,0,2,,N,morga001,albem001,PHI
PHI201905140,PHI,MIL,0,0,,N,woodb005,eickj001,MIL
PHI201905150,PHI,MIL,1,1,,N,gonzg003,arrij001,MIL
PHI201905160,PHI,MIL,1,1,,D,daviz001,efliz001,MIL
PHI201905170,PHI,COL,0,0,,N,irvic001,grayj003,PHI
PHI201905180,PHI,COL,1,0,,D,nolaa001,senza001,PHI
PHI201905190,PHI,COL,0,1,,D,garce001,shawb001,PHI
PHI201905280,PHI,SLN,0,3,,N,piven001,waina001,PHI
PHI201905290,PHI,SLN,2,0,,N,nolaa001,cabrg001,PHI
PHI201905300,PHI,SLN,0,0,,D,hudsd002,eickj001,SLN
PHI201906070,PHI,CIN,0,1,,N,efliz001,mahlt001,PHI
PHI201906080,PHI,CIN,2,1,,D,piven001,roart001,PHI
PHI201906090,PHI,CIN,0,0,,D,dukez001,alvaj003,CIN
PHI201906100,PHI,ARI,1,3,,N,godlz001,eickj001,ARI
PHI201906110,PHI,ARI,0,0,,N,arrij001,duplj001,PHI
PHI201906120,PHI,ARI,0,0,,N,kellm002,efliz001,ARI
PHI201906210,PHI,MIA,0,0,,N,alcas001,nolaa001,MIA
PHI201906220,PHI,MIA,0,0,,D,brica001,morga001,MIA
PHI201906230,PHI,MIA,2,1,,D,yamaj001,deloe001,MIA
PHI201906240,PHI,NYN,3,2,,N,efliz001,matzs001,PHI
PHI201906250,PHI,NYN,1,2,,N,arrij001,fontw001,PHI
PHI201906260,PHI,NYN,0,0,,N,garce001,nogos001,PHI
PHI201906270,PHI,NYN,0,0,,D,hammj003,diaze006,PHI
PHI201907120,PHI,WAS,0,0,,N,stras001,piven001,WAS
PHI201907130,PHI,WAS,0,0,,N,suerw002,nerih001,WAS
PHI201907140,PHI,WAS,0,0,,D,nerih001,gracm003,PHI
PHI201907150,PHI,LAN,0,0,,N,kersc001,efliz001,LAN
PHI201907160,PHI,LAN,1,0,,N,suarr001,jansk001,PHI
PHI201907170,PHI,LAN,0,1,,N,baezp001,nicaj001,LAN
PHI201907180,PHI,LAN,1,0,,D,suarr001,flord002,PHI
PHI201907260,PHI,ATL,0,1,,N,newcs001,arrij001,ATL
PHI201907270,PHI,ATL,0,0,,N,friem001,efliz001,ATL
PHI201907280,PHI,ATL,1,0,,D,nolaa001,gausk001,PHI
PHI201907300,PHI,SFN,0,0,,N,smyld001,beedt001,PHI
PHI201907310,PHI,SFN,0,0,,N,samaj001,velav001,SFN
PHI201908010,PHI,SFN,0,0,,D,alvaj003,rodrd001,PHI
PHI201908020,PHI,CHA,0,0,,N,osicj001,quinr003,CHA
PHI201908030,PHI,CHA,0,0,,N,nolaa001,detwr001,PHI
PHI201908040,PHI,CHA,0,0,,D,loper003,smyld001,CHA
PHI201908130,PHI,CHN,0,0,,N,parkb001,ryank002,PHI
PHI201908140,PHI,CHN,2,0,,N,nolaa001,hamec001,PHI
PHI201908150,PHI,CHN,0,0,,N,suarr001,strop001,PHI
PHI201908160,PHI,SDN,0,0,,N,velav001,paddc001,PHI
PHI201908170,PHI,SDN,0,0,,N,lamed001,piven001,SDN
PHI201908180,PHI,SDN,1,0,,D,luccj001,hughj001,SDN
PHI201908260,PHI,PIT,0,0,,N,morim002,felim001,PHI
PHI201908270,PHI,PIT,0,2,,N,rivef001,nerih001,PIT
PHI201908280,PHI,PIT,0,0,,N,velav001,kellm003,PHI
PHI201908300,PHI,NYN,0,0,,N,wilsj004,morim002,NYN
PHI201908310,PHI,NYN,1,1,,D,matzs001,vargj001,NYN
PHI201909010,PHI,NYN,0,1,,N,nerih001,zamod001,PHI
PHI201909090,PHI,ATL,0,2,,N,foltm001,nolaa001,ATL
PHI201909100,PHI,ATL,4,0,,N,parkb001,friem001,PHI
PHI201909110,PHI,ATL,0,0,,N,keucd001,efliz001,ATL
PHI201909120,PHI,ATL,1,2,,N,hughj001,tehej001,PHI
PHI201909140,PHI,BOS,0,0,,N,barnm001,nerih001,BOS
PHI201909150,PHI,BOS,0,1,,D,porcr001,vargj001,BOS
PHI201909270,PHI,MIA,2,1,,N,suarr001,conla001,PHI
PHI201909280,PHI,MIA,1,0,,N,efliz001,smitc006,PHI
PHI201909290,PHI,MIA,0,0,,D,alcas001,parkb001,MIA
PIT201904010,PIT,SLN,3,0,,D,hickj002,braus002,SLN
PIT201904030,PIT,SLN,0,0,,N,gantj002,burdn001,SLN
PIT201904040,PIT,CIN,0,0,,N,kingn001,hernd002,PIT
PIT201904050,PIT,CIN,0,0,,N,musgj001,grays001,PIT
PIT201904060,PIT,CIN,1,0,,D,lirif001,igler001,PIT
PIT201904070,PIT,CIN,1,0,,D,archc001,desca001,PIT
PIT201904190,PIT,SFN,4,0,,N,lylej001,bumgm001,PIT
PIT201904200,PIT,SFN,0,0,,D,tailj001,holld003,PIT
PIT201904210,PIT,SFN,0,0,,D,rodrd001,archc001,SFN
PIT201904220,PIT,ARI,0,0,,N,andrm001,crick001,ARI
PIT201904230,PIT,ARI,0,0,,N,weavl001,willt002,ARI
PIT201904240,PIT,ARI,0,2,,N,kellm002,lylej001,ARI
PIT201904250,PIT,ARI,0,2,,D,greiz001,tailj001,ARI
PIT201905030,PIT,OAK,1,0,,N,andeb004,musgj001,OAK
PIT201905040,PIT,OAK,0,3,,N,felim001,wendj001,PIT
PIT201905050,PIT,OAK,0,0,,D,lyont001,rodnf001,PIT
PIT201905070,PIT,TEX,0,0,,N,felim001,sampa001,PIT
PIT201905080,PIT,TEX,0,0,,D,juraa001,lyont001,TEX
PIT201905210,PIT,COL,0,0,,N,marqg001,archc001,COL
PIT201905220,PIT,COL,0,3,,N,grayj003,duram002,COL
PIT201905230,PIT,COL,4,0,,D,lylej001,senza001,PIT
PIT201905240,PIT,LAN,0,5,,N,buehw001,felim001,LAN
PIT201905250,PIT,LAN,0,1,,N,ryu-h001,musgj001,LAN
PIT201905260,PIT,LAN,0,0,,D,maedk001,archc001,LAN
PIT201905300,PIT,MIL,0,2,,N,andec001,musgj001,MIL
PIT201905310,PIT,MIL,1,0,,N,archc001,chacj001,PIT
PIT201906010,PIT,MIL,0,2,,D,housa001,mcraa001,MIL
PIT201906020,PIT,MIL,0,0,,D,daviz001,lylej001,MIL
PIT201906040,PIT,ATL,4,1,,N,winkd001,crick001,ATL
PIT201906050,PIT,ATL,0,0,,N,musgj001,gausk001,PIT
PIT201906060,PIT,ATL,0,1,,D,archc001,foltm001,PIT
PIT201906180,PIT,DET,0,0,,N,farmb001,crick001,DET
PIT201906190,PIT,DET,0,2,,N,rodrr008,ramin003,PIT
PIT201906210,PIT,SDN,1,0,,N,musgj001,lauee001,PIT
PIT201906220,PIT,SDN,0,0,,D,crick001,stamc001,PIT
PIT201906230,PIT,SDN,0,1,,D,lirif001,wislm001,PIT
PIT201907010,PIT,CHN,4,0,,N,willt002,alzoa001,PIT
PIT201907020,PIT,CHN,1,0,,N,holmc001,hendk001,PIT
PIT201907030,PIT,CHN,0,0,,N,rodrr008,kimbc001,PIT
PIT201907040,PIT,CHN,0,1,,D,quinj001,lylej001,CHN
PIT201907050,PIT,MIL,0,0,,N,guerj003,rivef001,MIL
PIT201907060,PIT,MIL,4,1,,N,agrad001,housa001,PIT
PIT201907070,PIT,MIL,0,0,,D,lirif001,guerj003,PIT
PIT201907190,PIT,PHI,0,0,,N,nicaj001,rodrr008,PHI
PIT201907200,PIT,PHI,0,0,,N,musgj001,efliz001,PIT
PIT201907210,PIT,PHI,1,0,,D,suarr001,strac001,PHI
PIT201907220,PIT,SLN,0,0,,N,shrec001,holmc001,SLN
PIT201907230,PIT,SLN,3,0,,N,hudsd002,archc001,SLN
PIT201907240,PIT,SLN,2,0,,N,waina001,lylej001,SLN
PIT201907250,PIT,SLN,0,2,,D,mikom001,musgj001,SLN
PIT201908020,PIT,NYN,0,2,,N,willt002,matzs001,PIT
PIT201908030,PIT,NYN,2,1,,N,wilsj004,crick001,NYN
PIT201908040,PIT,NYN,0,3,,D,syndn001,musgj001,NYN
PIT201908050,PIT,MIL,0,1,,N,lylej001,agrad001,MIL
PIT201908060,PIT,MIL,0,0,,N,guerj003,lirif001,MIL
PIT201908070,PIT,MIL,0,2,,N,guerj003,willt002,MIL
PIT201908160,PIT,CHN,0,0,,N,kelak001,kintb001,PIT
PIT201908170,PIT,CHN,0,0,,D,lestj001,braus002,CHN
PIT201908180,PIT,CHN,0,1,,N,quinj001,kellm003,CHN
PIT201908190,PIT,WAS,0,4,,N,guerj002,willt002,WAS
PIT201908200,PIT,WAS,0,0,,N,rivef001,suerw002,PIT
PIT201908210,PIT,WAS,0,0,,N,corbp001,musgj001,WAS
PIT201908220,PIT,WAS,0,2,,N,strih001,braus002,WAS
PIT201908230,PIT,CIN,0,0,,N,rivef001,igler001,PIT
PIT201908240,PIT,CIN,0,0,,N,willt002,wooda002,PIT
PIT201908250,PIT,CIN,2,3,,D,agrad001,bauet001,PIT
PIT201909030,PIT,MIA,1,0,,N,conla001,markp001,MIA
PIT201909040,PIT,MIA,1,1,,N,wangw001,urenj001,PIT
PIT201909050,PIT,MIA,5,1,,N,morab001,agrad001,MIA
PIT201909060,PIT,SLN,0,0,,N,wangw001,milla002,PIT
PIT201909070,PIT,SLN,0,0,,N,waina001,braus002,SLN
PIT201909080,PIT,SLN,0,0,,D,flahj002,marvj001,SLN
PIT201909170,PIT,SEA,0,0,,N,gonzm005,kellm003,SEA
PIT201909180,PIT,SEA,0,0,,N,milot001,agrad001,SEA
PIT201909190,PIT,SEA,0,0,,D,brenb003,holmc001,SEA
PIT201909240,PIT,CHN,0,0,,N,lirif001,hendk001,PIT
PIT201909250,PIT,CHN,0,0,,N,felim001,wiecb001,PIT
PIT201909260,PIT,CHN,2,0,,N,musgj001,quinj001,PIT
PIT201909270,PIT,CIN,0,2,,N,riosy001,igler001,PIT
PIT201909280,PIT,CIN,0,0,,N,alanr001,mcraa001,CIN
PIT201909290,PIT,CIN,0,0,,D,mahlt001,willt002,CIN
SDN201903280,SDN,SFN,0,0,,D,lauee001,bumgm001,SDN
SDN201903290,SDN,SFN,0,0,,N,luccj001,holld003,SDN
SDN201903300,SDN,SFN,0,0,,N,rodrd001,margn001,SFN
SDN201903310,SDN,SFN,0,0,,D,warra001,vincn001,SDN
SDN201904010,SDN,ARI,0,2,,N,kellm002,stram001,ARI
SDN201904020,SDN,ARI,2,0,,N,greiz001,lauee001,ARI
SDN201904030,SDN,ARI,0,0,,D,luccj001,ray-r002,SDN
SDN201904150,SDN,COL,0,0,,N,senza001,luccj001,COL
SDN201904160,SDN,COL,0,2,,N,grayj003,margn001,COL
SDN201904180,SDN,CIN,0,1,,N,roart001,paddc001,CIN
SDN201904190,SDN,CIN,0,1,,N,hughj001,stamc001,CIN
SDN201904200,SDN,CIN,0,1,,N,castl003,lauee001,CIN
SDN201904210,SDN,CIN,0,0,,D,luccj001,mahlt001,SDN
SDN201904230,SDN,SEA,0,0,,N,margn001,swane001,SDN
SDN201904240,SDN,SEA,0,0,,D,paddc001,hernf002,SDN
SDN201905030,SDN,LAN,2,0,,N,alexs001,yatek001,LAN
SDN201905040,SDN,LAN,1,0,,N,strir001,yatek001,LAN
SDN201905050,SDN,LAN,1,0,,D,warra001,jansk001,SDN
SDN201905060,SDN,NYN,0,0,,N,paddc001,degrj001,SDN
SDN201905070,SDN,NYN,1,2,,N,lugos001,warra001,NYN
SDN201905080,SDN,NYN,0,1,,D,reyeg002,basht001,SDN
SDN201905160,SDN,PIT,0,0,,N,warra001,rodrr008,SDN
SDN201905170,SDN,PIT,1,0,,N,lylej001,luccj001,PIT
SDN201905180,SDN,PIT,0,0,,N,braus002,margn001,PIT
SDN201905190,SDN,PIT,0,4,,D,musgj001,quanc001,PIT
SDN201905200,SDN,ARI,0,0,,N,paddc001,weavl001,SDN
SDN201905210,SDN,ARI,0,0,,N,stram001,greiz001,SDN
SDN201905220,SDN,ARI,3,0,,D,lauee001,kellm002,SDN
SDN201905310,SDN,MIA,1,0,,N,luccj001,smitc006,SDN
SDN201906010,SDN,MIA,0,0,,N,urenj001,margn001,MIA
SDN201906020,SDN,MIA,0,0,,D,richt001,stram001,MIA
SDN201906030,SDN,PHI,0,0,,N,lauee001,nolaa001,SDN
SDN201906040,SDN,PHI,0,0,,N,eickj001,paddc001,PHI
SDN201906050,SDN,PHI,0,0,,D,nicaj001,stamc001,PHI
SDN201906060,SDN,WAS,0,4,,N,luccj001,corbp001,SDN
SDN201906070,SDN,WAS,1,0,,N,warra001,dools001,SDN
SDN201906080,SDN,WAS,0,1,,N,schem001,lauee001,WAS
SDN201906090,SDN,WAS,0,1,,D,stras001,stamc001,WAS
SDN201906170,SDN,MIL,1,0,,N,luccj001,chacj001,SDN
SDN201906180,SDN,MIL,0,0,,N,allel002,woodb005,SDN
SDN201906190,SDN,MIL,2,1,,D,reyeg002,jeffj001,SDN
SDN201906280,SDN,SLN,0,0,,N,quanc001,wachm001,SDN
SDN201906290,SDN,SLN,0,1,,N,paddc001,hudsd002,SDN
SDN201906300,SDN,SLN,2,0,,D,martc006,wiecb001,SLN
SDN201907010,SDN,SFN,0,0,,N,samaj001,allel002,SFN
SDN201907020,SDN,SFN,0,1,,N,beedt001,stram001,SFN
SDN201907030,SDN,SFN,0,0,,N,gottt001,perdl002,SFN
SDN201907120,SDN,ATL,0,3,,N,keucd001,lamed001,ATL
SDN201907130,SDN,ATL,1,2,,N,newcs001,perdl002,ATL
SDN201907140,SDN,ATL,0,0,,D,sorom001,wingt001,ATL
SDN201907260,SDN,SFN,0,0,,N,melam001,allel002,SFN
SDN201907270,SDN,SFN,0,0,,N,quanc001,andes002,SDN
SDN201907280,SDN,SFN,1,0,,D,bumgm001,perdl002,SFN
SDN201907290,SDN,BAL,2,0,,N,paddc001,hessd001,SDN
SDN201907300,SDN,BAL,3,0,,D,castm002,stram001,BAL
SDN201908080,SDN,COL,2,1,,N,stram001,grayj003,SDN
SDN201908090,SDN,COL,0,0,,N,quanc001,freek001,SDN
SDN201908100,SDN,COL,0,0,,N,munoa002,diazj006,SDN
SDN201908110,SDN,COL,0,0,,D,marqg001,stamc001,COL
SDN201908120,SDN,TBA,1,2,,N,pruia001,luccj001,TBA
SDN201908130,SDN,TBA,4,1,,N,anden001,baezm001,TBA
SDN201908140,SDN,TBA,0,2,,D,quanc001,beekj001,SDN
SDN201908230,SDN,BOS,0,3,,N,rodre004,paddc001,BOS
SDN201908240,SDN,BOS,0,0,,N,barnm001,yatek001,BOS
SDN201908250,SDN,BOS,3,0,,D,luccj001,johnb004,SDN
SDN201908260,SDN,LAN,0,0,,N,lauee001,may-d003,SDN
SDN201908270,SDN,LAN,0,0,,N,buehw001,quanc001,LAN
SDN201908280,SDN,LAN,2,0,,N,jansk001,yatek001,LAN
SDN201909060,SDN,COL,0,2,,N,melvt001,lamed001,COL
SDN201909070,SDN,COL,0,0,,N,luccj001,hoffj003,SDN
SDN201909080,SDN,COL,0,0,,D,stamc001,tinoj001,SDN
SDN201909090,SDN,CHN,0,2,,N,hendk001,quanc001,CHN
SDN201909100,SDN,CHN,0,0,,N,baezm001,cishs001,SDN
SDN201909110,SDN,CHN,0,0,,N,paddc001,hamec001,SDN
SDN201909120,SDN,CHN,0,1,,D,darvy001,lamed001,CHN
SDN201909200,SDN,ARI,0,0,,N,kellm002,lauee001,ARI
SDN201909210,SDN,ARI,0,1,,N,clart003,stram001,ARI
SDN201909220,SDN,ARI,0,0,,D,stram001,lopey001,SDN
SDN201909240,SDN,LAN,0,1,,N,gonst001,bolar001,LAN
SDN201909250,SDN,LAN,3,2,,N,flord002,bednd001,LAN
SDN201909260,SDN,LAN,0,0,,D,kersc001,luccj001,LAN
SEA201903280,SEA,BOS,0,1,,D,gonzm005,salec001,SEA
SEA201903290,SEA,BOS,2,0,,N,johnb004,strih001,BOS
SEA201903300,SEA,BOS,2,0,,N,leakm001,rodre004,SEA
SEA201903310,SEA,BOS,0,3,,D,leblw001,porcr001,SEA
SEA201904010,SEA,ANA,4,0,,N,hernf002,strac001,SEA
SEA201904020,SEA,ANA,0,0,,N,gonzm005,garcl005,SEA
SEA201904120,SEA,HOU,1,0,,N,peacb001,armss001,HOU
SEA201904130,SEA,HOU,0,0,,N,verlj001,hernf002,HOU
SEA201904140,SEA,HOU,1,0,,D,coleg001,brenb003,HOU
SEA201904150,SEA,CLE,0,2,,N,bauet001,kikuy001,CLE
SEA201904160,SEA,CLE,0,0,,N,biebs001,leakm001,CLE
SEA201904170,SEA,CLE,0,0,,D,carrc003,swane001,CLE
SEA201904250,SEA,TEX,5,0,,N,gonzm005,heart001,SEA
SEA201904260,SEA,TEX,0,0,,N,eliar001,dowdk001,SEA
SEA201904270,SEA,TEX,1,3,,N,minom001,leakm001,TEX
SEA201904280,SEA,TEX,0,1,,D,lynnl001,swane001,TEX
SEA201904300,SEA,CHN,0,1,,N,bracb001,brenb003,CHN
SEA201905010,SEA,CHN,0,0,,D,lestj001,gonzm005,CHN
SEA201905130,SEA,OAK,1,0,,N,brenb003,sorij001,SEA
SEA201905140,SEA,OAK,0,0,,N,leakm001,andeb004,SEA
SEA201905160,SEA,MIN,0,0,,N,pinem001,swane001,MIN
SEA201905170,SEA,MIN,0,0,,N,perem004,gonzm005,MIN
SEA201905180,SEA,MIN,0,0,,N,dufft001,leblw001,MIN
SEA201905190,SEA,MIN,0,0,,D,kikuy001,gibsk002,SEA
SEA201905270,SEA,TEX,0,0,,N,milot001,lynnl001,SEA
SEA201905280,SEA,TEX,0,2,,N,sampa001,gonzm005,TEX
SEA201905290,SEA,TEX,0,3,,D,chavj001,bassa001,TEX
SEA201905300,SEA,ANA,0,1,,N,penaf002,kikuy001,ANA
SEA201905310,SEA,ANA,0,0,,N,leakm001,skagt001,SEA
SEA201906010,SEA,ANA,0,2,,D,bedrc001,brenb003,ANA
SEA201906020,SEA,ANA,0,0,,D,suarj001,gonzm005,ANA
SEA201906030,SEA,HOU,0,3,,N,valdf001,gearc001,HOU
SEA201906040,SEA,HOU,0,0,,N,gudur001,brenb003,HOU
SEA201906050,SEA,HOU,0,1,,N,leakm001,peacb001,SEA
SEA201906060,SEA,HOU,1,3,,D,devec001,festm001,HOU
SEA201906170,SEA,KCA,0,2,,N,flynb001,bassa001,KCA
SEA201906180,SEA,KCA,0,2,,N,bailh001,kikuy001,KCA
SEA201906190,SEA,KCA,4,0,,D,gonzm005,kellb003,SEA
SEA201906200,SEA,BAL,0,2,,N,leblw001,bundd001,SEA
SEA201906210,SEA,BAL,1,3,,N,leakm001,gilms001,SEA
SEA201906220,SEA,BAL,1,0,,D,casha001,milot001,BAL
SEA201906230,SEA,BAL,1,1,,D,kikuy001,ynoag001,SEA
SEA201907020,SEA,SLN,0,1,,N,adama002,gallg001,SEA
SEA201907030,SEA,SLN,0,0,,N,brebj001,adama002,SLN
SEA201907040,SEA,SLN,1,0,,D,poncd001,milot001,SLN
SEA201907050,SEA,OAK,1,0,,N,andeb004,kikuy001,OAK
SEA201907060,SEA,OAK,0,1,,N,gonzm005,bassc001,SEA
SEA201907070,SEA,OAK,0,5,,D,mengd001,caram001,OAK
SEA201907190,SEA,ANA,0,0,,N,leakm001,barrj003,SEA
SEA201907200,SEA,ANA,0,0,,N,buttt001,eliar001,ANA
SEA201907210,SEA,ANA,0,0,,D,peted001,kikuy001,ANA
SEA201907220,SEA,TEX,0,1,,N,gonzm005,sampa001,SEA
SEA201907230,SEA,TEX,1,1,,N,payap001,milot001,TEX
SEA201907240,SEA,TEX,0,0,,D,leakm001,minom001,SEA
SEA201907250,SEA,DET,0,0,,N,leblw001,verhd001,SEA
SEA201907260,SEA,DET,0,0,,N,eliar001,cisnj001,SEA
SEA201907270,SEA,DET,0,0,,D,gonzm005,alext001,SEA
SEA201907280,SEA,DET,0,0,,D,eliar001,cisnj001,SEA
SEA201908060,SEA,SDN,0,0,,N,lamed001,leblw001,SDN
SEA201908070,SEA,SDN,0,1,,D,magim001,munoa002,SEA
SEA201908090,SEA,TBA,0,0,,N,drako001,bassa001,TBA
SEA201908100,SEA,TBA,0,0,,N,mortc002,milot001,TBA
SEA201908110,SEA,TBA,0,0,,D,yarbr001,leblw001,TBA
SEA201908230,SEA,TOR,0,2,,N,wislm001,gavis001,SEA
SEA201908240,SEA,TOR,2,0,,N,stewb001,mcclr001,TOR
SEA201908250,SEA,TOR,0,0,,D,gonzm005,buchc001,SEA
SEA201908260,SEA,NYA,0,0,,N,happj001,milot001,NYA
SEA201908270,SEA,NYA,0,2,,N,tanam001,kikuy001,NYA
SEA201908280,SEA,NYA,0,2,,D,paxtj001,shefj001,NYA
SEA201909100,SEA,CIN,0,0,,N,altad001,garra001,SEA
SEA201909110,SEA,CIN,0,0,,N,gonzm005,grays001,SEA
SEA201909120,SEA,CIN,0,2,,N,romas001,altad001,CIN
SEA201909130,SEA,CHA,3,1,,N,osicj001,kikuy001,CHA
SEA201909140,SEA,CHA,0,0,,N,magim001,coloa001,SEA
SEA201909150,SEA,CHA,0,0,,D,adama002,ruizj001,SEA
SEA201909240,SEA,HOU,0,0,,N,coleg001,milot001,HOU
SEA201909250,SEA,HOU,0,2,,N,greiz001,kikuy001,HOU
SEA201909260,SEA,OAK,0,1,,N,manas001,hernf002,OAK
SEA201909270,SEA,OAK,1,1,,N,warra002,hendl001,SEA
SEA201909280,SEA,OAK,0,0,,N,andeb004,gonzm005,OAK
SEA201909290,SEA,OAK,2,0,,D,mcclr001,roart001,SEA
SFN201904050,SFN,TBA,0,4,,D,glast001,rodrd001,TBA
SFN201904060,SFN,TBA,0,1,,D,bergt001,yarbr001,SFN
SFN201904070,SFN,TBA,0,1,,D,chiry001,pomed001,TBA
SFN201904080,SFN,SDN,0,0,,N,lauee001,moror001,SDN
SFN201904090,SFN,SDN,0,0,,N,holld003,luccj001,SFN
SFN201904100,SFN,SDN,0,0,,D,margn001,rodrd001,SDN
SFN201904110,SFN,COL,0,0,,N,samaj001,grayj003,SFN
SFN201904120,SFN,COL,0,0,,N,bergt001,johnd005,SFN
SFN201904130,SFN,COL,0,0,,D,bumgm001,freek001,SFN
SFN201904140,SFN,COL,0,0,,D,marqg001,holld003,COL
SFN201904260,SFN,NYA,1,2,,N,paxtj001,bumgm001,NYA
SFN201904270,SFN,NYA,0,0,,D,happj001,holld003,NYA
SFN201904280,SFN,NYA,0,2,,D,germd001,rodrd001,NYA
SFN201904290,SFN,LAN,0,0,,N,dysos001,strir001,SFN
SFN201904300,SFN,LAN,0,0,,N,buehw001,pomed001,LAN
SFN201905010,SFN,LAN,1,0,,N,smitw002,uriaj001,SFN
SFN201905100,SFN,CIN,0,0,,N,castl003,rodrd001,CIN
SFN201905110,SFN,CIN,1,3,,N,garra001,moror001,CIN
SFN201905120,SFN,CIN,2,2,,D,watst001,hernd002,SFN
SFN201905140,SFN,TOR,0,3,,N,thort002,vincn001,TOR
SFN201905150,SFN,TOR,1,1,,D,melam001,teper001,SFN
SFN201905200,SFN,ATL,0,1,,N,sorom001,suara002,ATL
SFN201905210,SFN,ATL,1,1,,N,gottt001,jackl001,SFN
SFN201905220,SFN,ATL,0,0,,N,friem001,samaj001,ATL
SFN201905230,SFN,ATL,0,0,,D,jackl001,moror001,ATL
SFN201905240,SFN,ARI,2,1,,N,ray-r002,pomed001,ARI
SFN201905250,SFN,ARI,0,2,,D,clart003,suara002,ARI
SFN201905260,SFN,ARI,1,2,,D,weavl001,andes002,ARI
SFN201906070,SFN,LAN,0,0,,N,moror001,kersc001,SFN
SFN201906080,SFN,LAN,0,0,,D,hillr001,samaj001,LAN
SFN201906090,SFN,LAN,0,1,,D,buehw001,bumgm001,LAN
SFN201906110,SFN,SDN,0,1,,N,melam001,wingt001,SFN
SFN201906120,SFN,SDN,0,0,,N,andes002,luccj001,SFN
SFN201906140,SFN,MIL,0,0,,N,pomed001,daviz001,SFN
SFN201906150,SFN,MIL,0,0,,D,gottt001,guerj003,SFN
SFN201906160,SFN,MIL,0,1,,D,albem001,samaj001,MIL
SFN201906240,SFN,COL,0,0,,N,grayj003,pomed001,COL
SFN201906250,SFN,COL,0,0,,N,bumgm001,gonzc002,SFN
SFN201906260,SFN,COL,2,0,,D,marqg001,samaj001,COL
SFN201906270,SFN,ARI,0,0,,N,youna002,beedt001,ARI
SFN201906280,SFN,ARI,0,0,,N,andes002,kellm002,SFN
SFN201906290,SFN,ARI,0,0,,N,greiz001,dysos001,ARI
SFN201906300,SFN,ARI,0,0,,D,bumgm001,ray-r002,SFN
SFN201907050,SFN,SLN,2,3,,N,hudsd002,pomed001,SLN
SFN201907060,SFN,SLN,1,1,,N,dysos001,mikom001,SFN
SFN201907070,SFN,SLN,0,0,,D,samaj001,flahj002,SFN
SFN201907180,SFN,NYN,0,1,,N,jerew001,mazzc002,SFN
SFN201907190,SFN,NYN,0,0,,N,dysos001,rhamj001,SFN
SFN201907200,SFN,NYN,0,0,,D,lockw001,samaj001,NYN
SFN201907210,SFN,NYN,0,0,,D,gottt001,gselr001,SFN
SFN201907220,SFN,CHN,0,0,,N,gottt001,strop001,SFN
SFN201907230,SFN,CHN,0,1,,N,coons001,bracb001,SFN
SFN201907240,SFN,CHN,0,1,,D,ryank002,beedt001,CHN
SFN201908050,SFN,WAS,0,0,,N,fedde001,samaj001,WAS
SFN201908060,SFN,WAS,0,1,,N,sanca004,menec001,WAS
SFN201908070,SFN,WAS,0,1,,D,rossj002,andes002,WAS
SFN201908080,SFN,PHI,0,0,,N,bumgm001,nolaa001,SFN
SFN201908090,SFN,PHI,0,0,,N,alvaj003,watst001,PHI
SFN201908100,SFN,PHI,0,1,,D,samaj001,velav001,SFN
SFN201908110,SFN,PHI,2,0,,D,smitw002,alvaj003,SFN
SFN201908130,SFN,OAK,0,0,,N,bumgm001,andeb004,SFN
SFN201908140,SFN,OAK,0,1,,D,bailh001,beedt001,OAK
SFN201908260,SFN,ARI,1,0,,N,youna002,beedt001,ARI
SFN201908270,SFN,ARI,1,0,,N,leakm001,coons001,ARI
SFN201908290,SFN,SDN,0,0,,N,paddc001,rodrd001,SDN
SFN201908300,SFN,SDN,2,0,,N,bumgm001,lamed001,SFN
SFN201908310,SFN,SDN,1,0,,N,stamc001,watst001,SDN
SFN201909010,SFN,SDN,2,2,,D,lauee001,samaj001,SDN
SFN201909090,SFN,PIT,1,0,,N,rodrr008,abadf001,PIT
SFN201909100,SFN,PIT,3,0,,N,cuetj001,kellm003,SFN
SFN201909110,SFN,PIT,0,0,,N,felim001,webbl001,PIT
SFN201909120,SFN,PIT,0,1,,D,musgj001,samaj001,PIT
SFN201909130,SFN,MIA,0,0,,N,beedt001,alcas001,SFN
SFN201909140,SFN,MIA,0,0,,N,garcj006,andes002,MIA
SFN201909150,SFN,MIA,0,0,,D,roget002,garcj006,SFN
SFN201909240,SFN,COL,2,1,,N,howas002,rodrd001,COL
SFN201909250,SFN,COL,0,0,,N,smitw002,johnd005,SFN
SFN201909260,SFN,COL,1,0,,D,coons001,tinoj001,SFN
SFN201909270,SFN,LAN,0,0,,N,buehw001,cuetj001,LAN
SFN201909280,SFN,LAN,0,0,,D,ryu-h001,webbl001,LAN
SFN201909290,SFN,LAN,0,5,,D,may-d003,rodrd001,LAN
SLN201904050,SLN,SDN,0,0,,D,stocr001,reyea004,SDN
SLN201904060,SLN,SDN,0,1,,D,wislm001,milla002,SDN
SLN201904070,SLN,SDN,0,0,,D,waina001,stram001,SLN
SLN201904080,SLN,LAN,2,2,,N,mikom001,kellj001,SLN
SLN201904090,SLN,LAN,1,0,,N,brebj001,strir001,SLN
SLN201904100,SLN,LAN,0,0,,N,flahj002,maedk001,SLN
SLN201904110,SLN,LAN,0,1,,D,gallg001,baezp001,SLN
SLN201904190,SLN,NYN,0,2,,N,lugos001,waina001,NYN
SLN201904200,SLN,NYN,0,0,,D,mikom001,flexc001,SLN
SLN201904210,SLN,NYN,0,1,,D,hudsd002,syndn001,SLN
SLN201904220,SLN,MIL,0,0,,N,flahj002,housa001,SLN
SLN201904230,SLN,MIL,0,0,,N,milla002,wilsa001,SLN
SLN201904240,SLN,MIL,0,1,,D,waina001,chacj001,SLN
SLN201904260,SLN,CIN,0,1,,N,desca001,mikom001,CIN
SLN201904270,SLN,CIN,0,0,,D,hudsd002,mahlt001,SLN
SLN201904280,SLN,CIN,0,0,,D,flahj002,grays001,SLN
SLN201905060,SLN,PHI,0,0,,N,mikom001,velav001,SLN
SLN201905070,SLN,PHI,0,0,,N,nolaa001,hudsd002,PHI
SLN201905080,SLN,PHI,0,0,,D,eickj001,flahj002,PHI
SLN201905090,SLN,PIT,0,1,,N,wachm001,musgj001,SLN
SLN201905100,SLN,PIT,0,1,,N,willt002,milla002,PIT
SLN201905110,SLN,PIT,0,0,,D,lylej001,mikom001,PIT
SLN201905120,SLN,PIT,4,3,,D,strac001,brebj001,PIT
SLN201905221,SLN,KCA,0,0,,D,kellb003,wachm001,KCA
SLN201905222,SLN,KCA,3,0,,N,waina001,bailh001,SLN
SLN201905240,SLN,ATL,0,0,,N,foltm001,mikom001,ATL
SLN201905250,SLN,ATL,0,0,,N,milla002,winkd001,SLN
SLN201905260,SLN,ATL,0,0,,N,webbj002,webbt001,ATL
SLN201905310,SLN,CHN,1,0,,N,hickj002,montm002,SLN
SLN201906010,SLN,CHN,1,1,,N,gantj002,chatt001,SLN
SLN201906020,SLN,CHN,0,0,,D,waina001,hamec001,SLN
SLN201906040,SLN,CIN,1,0,,N,castl003,cabrg001,CIN
SLN201906060,SLN,CIN,0,0,,D,gantj002,lorem002,SLN
SLN201906170,SLN,MIA,0,0,,N,mikom001,herne002,SLN
SLN201906180,SLN,MIA,0,0,,N,yamaj001,flahj002,MIA
SLN201906190,SLN,MIA,0,0,,N,gantj002,conla001,SLN
SLN201906200,SLN,MIA,0,0,,N,garcj006,milla002,MIA
SLN201906210,SLN,ANA,0,1,,N,wachm001,canng001,SLN
SLN201906220,SLN,ANA,0,0,,D,hudsd002,penaf002,SLN
SLN201906230,SLN,ANA,0,0,,N,skagt001,mikom001,ANA
SLN201906250,SLN,OAK,0,0,,N,wendj001,flahj002,OAK
SLN201906260,SLN,OAK,0,0,,N,mengd001,waina001,OAK
SLN201907120,SLN,ARI,0,0,,N,ray-r002,milla002,ARI
SLN201907130,SLN,ARI,2,0,,N,hudsd002,kellm002,SLN
SLN201907140,SLN,ARI,1,0,,D,waina001,greiz001,SLN
SLN201907150,SLN,PIT,1,0,,N,mikom001,musgj001,SLN
SLN201907160,SLN,PIT,0,0,,N,lirif001,martc006,PIT
SLN201907170,SLN,PIT,1,1,,D,brebj001,lirif001,SLN
SLN201907260,SLN,HOU,0,0,,N,milla002,presr001,SLN
SLN201907270,SLN,HOU,0,2,,N,coleg001,poncd001,HOU
SLN201907280,SLN,HOU,0,1,,D,milew001,hudsd002,HOU
SLN201907300,SLN,CHN,0,0,,N,gallg001,darvy001,SLN
SLN201907310,SLN,CHN,0,0,,N,hendk001,mikom001,CHN
SLN201908010,SLN,CHN,1,0,,N,flahj002,lestj001,SLN
SLN201908090,SLN,PIT,1,0,,N,martc006,rodrr008,SLN
SLN201908100,SLN,PIT,1,1,,N,waina001,musgj001,SLN
SLN201908110,SLN,PIT,2,2,,D,gantj002,crick001,SLN
SLN201908190,SLN,MIL,0,0,,N,hudsd002,daviz001,SLN
SLN201908200,SLN,MIL,0,0,,N,webbt001,jeffj001,SLN
SLN201908210,SLN,MIL,0,4,,N,housa001,waina001,MIL
SLN201908220,SLN,COL,0,0,,N,leond003,almoy001,SLN
SLN201908230,SLN,COL,3,0,,N,flahj002,lambp001,SLN
SLN201908240,SLN,COL,2,0,,N,hudsd002,gonzc002,SLN
SLN201908250,SLN,COL,0,1,,D,helsr001,senza001,SLN
SLN201908311,SLN,CIN,4,2,,D,hudsd002,bauet001,SLN
SLN201908312,SLN,CIN,0,1,,N,gantj002,igler001,SLN
SLN201909011,SLN,CIN,0,0,,D,martc006,lorem002,SLN
SLN201909012,SLN,CIN,0,0,,N,castl003,poncd001,CIN
SLN201909020,SLN,SFN,2,0,,D,waina001,beedt001,SLN
SLN201909030,SLN,SFN,0,0,,N,flahj002,rodrd001,SLN
SLN201909040,SLN,SFN,0,0,,N,roget002,gallg001,SFN
SLN201909050,SLN,SFN,3,0,,D,hudsd002,webbl001,SLN
SLN201909130,SLN,MIL,0,0,,N,waina001,housa001,SLN
SLN201909140,SLN,MIL,0,0,,N,lylej001,flahj002,MIL
SLN201909150,SLN,MIL,0,0,,D,albem001,gantj002,MIL
SLN201909160,SLN,WAS,2,0,,N,hudsd002,dools001,SLN
SLN201909170,SLN,WAS,0,0,,N,corbp001,mikom001,WAS
SLN201909180,SLN,WAS,0,0,,D,waina001,schem001,SLN
SLN201909270,SLN,CHN,0,0,,N,wiecb001,milla002,CHN
SLN201909280,SLN,CHN,0,1,,N,cishs001,waina001,CHN
SLN201909290,SLN,CHN,2,0,,D,flahj002,holld003,SLN
TBA201903280,TBA,HOU,1,0,,D,verlj001,snelb001,HOU
TBA201903290,TBA,HOU,0,0,,N,mortc002,coleg001,TBA
TBA201903300,TBA,HOU,0,1,,N,glast001,mchuc001,TBA
TBA201903310,TBA,HOU,1,0,,D,chiry001,milew001,TBA
TBA201904010,TBA,COL,0,0,,N,yarbr001,bettc001,TBA
TBA201904020,TBA,COL,2,0,,N,snelb001,freek001,TBA
TBA201904030,TBA,COL,0,0,,D,daviw001,roe-c001,COL
TBA201904160,TBA,BAL,0,1,,N,glast001,bundd001,TBA
TBA201904170,TBA,BAL,3,0,,N,chiry001,hessd001,TBA
TBA201904180,TBA,BAL,1,0,,N,meanj001,castd002,BAL
TBA201904190,TBA,BOS,0,0,,N,workb001,castd002,BOS
TBA201904200,TBA,BOS,0,0,,N,barnm001,alvaj004,BOS
TBA201904210,TBA,BOS,0,0,,D,waldm002,alvaj004,BOS
TBA201904220,TBA,KCA,1,1,,N,fontw001,kellb003,TBA
TBA201904230,TBA,KCA,1,0,,N,beekj001,bailh001,TBA
TBA201904240,TBA,KCA,1,0,,D,junij001,snelb001,KCA
TBA201905060,TBA,ARI,1,0,,N,snelb001,kellm002,TBA
TBA201905070,TBA,ARI,1,0,,N,beekj001,clart003,TBA
TBA201905080,TBA,ARI,0,1,,D,brada001,kolaa001,ARI
TBA201905100,TBA,NYA,0,2,,N,germd001,glast001,NYA
TBA201905110,TBA,NYA,0,0,,N,chiry001,holdj002,TBA
TBA201905120,TBA,NYA,0,0,,D,tanam001,snelb001,NYA
TBA201905210,TBA,LAN,0,1,,N,kersc001,woodh001,LAN
TBA201905220,TBA,LAN,0,0,,N,pagae001,flord002,TBA
TBA201905270,TBA,TOR,0,0,,D,chiry001,sanca006,TBA
TBA201905280,TBA,TOR,1,0,,N,yarbr001,richc002,TBA
TBA201905290,TBA,TOR,0,2,,N,castd002,shafj001,TBA
TBA201905300,TBA,MIN,0,0,,N,mortc002,perem004,TBA
TBA201905310,TBA,MIN,0,1,,N,roget001,castd002,MIN
TBA201906010,TBA,MIN,0,0,,D,gibsk002,chiry001,MIN
TBA201906020,TBA,MIN,0,0,,D,odorj001,yarbr001,MIN
TBA201906100,TBA,OAK,0,0,,N,mortc002,andet003,TBA
TBA201906110,TBA,OAK,1,0,,N,fierm001,pagae001,OAK
TBA201906120,TBA,OAK,0,0,,D,hendl001,kolaa001,OAK
TBA201906130,TBA,ANA,0,3,,N,skagt001,yarbr001,ANA
TBA201906140,TBA,ANA,0,2,,N,pagae001,buttt001,TBA
TBA201906150,TBA,ANA,0,0,,D,suarj001,mortc002,ANA
TBA201906160,TBA,ANA,1,1,,D,pochc001,canng001,TBA
TBA201906280,TBA,TEX,0,0,,N,lynnl001,chiry001,TEX
TBA201906290,TBA,TEX,0,0,,D,mckab001,sampa001,TBA
TBA201906300,TBA,TEX,0,0,,D,snelb001,chavj001,TBA
TBA201907010,TBA,BAL,2,0,,N,kolaa001,klinb001,TBA
TBA201907020,TBA,BAL,1,0,,N,mortc002,wojca001,TBA
TBA201907030,TBA,BAL,0,0,,N,givem001,alvaj004,BAL
TBA201907040,TBA,NYA,1,0,,N,chapa001,drako001,NYA
TBA201907050,TBA,NYA,0,1,,N,haled001,stanr002,NYA
TBA201907060,TBA,NYA,0,0,,D,pochc001,greec003,TBA
TBA201907070,TBA,NYA,2,0,,D,mortc002,paxtj001,TBA
TBA201907190,TBA,CHA,1,1,,N,loper003,mckab001,CHA
TBA201907200,TBA,CHA,0,0,,N,fry-j001,kolaa001,CHA
TBA201907210,TBA,CHA,0,0,,D,snelb001,ceasd001,TBA
TBA201907220,TBA,BOS,0,0,,N,rodre004,beekj001,BOS
TBA201907230,TBA,BOS,0,2,,N,salec001,pochc001,BOS
TBA201907240,TBA,BOS,0,0,,D,mortc002,pricd001,TBA
TBA201908030,TBA,MIA,0,0,,N,anden001,garcj006,TBA
TBA201908040,TBA,MIA,2,0,,D,chiry001,smitc006,TBA
TBA201908050,TBA,TOR,0,1,,N,waguj001,mortc002,TOR
TBA201908060,TBA,TOR,0,0,,N,castd002,boshb001,TBA
TBA201908070,TBA,TOR,0,0,,D,stewb001,mckab001,TOR
TBA201908160,TBA,DET,0,0,,N,verhd001,mortc002,DET
TBA201908170,TBA,DET,0,0,,N,pochc001,hallm002,TBA
TBA201908180,TBA,DET,1,2,,D,alvaj004,jimej003,TBA
TBA201908190,TBA,SEA,1,3,,N,gonzm005,mckab001,SEA
TBA201908200,TBA,SEA,0,2,,N,milot001,beekj001,SEA
TBA201908210,TBA,SEA,1,0,,D,pagae001,magim001,TBA
TBA201908300,TBA,CLE,0,0,,N,drako001,biebs001,TBA
TBA201908310,TBA,CLE,0,2,,N,beekj001,plesz001,TBA
TBA201909010,TBA,CLE,1,0,,D,mortc002,pluta001,TBA
TBA201909020,TBA,BAL,0,0,,D,pochc001,tated001,TBA
TBA201909031,TBA,BAL,0,0,,D,blact002,drako001,BAL
TBA201909032,TBA,BAL,0,0,,N,castd002,ynoag001,TBA
TBA201909050,TBA,TOR,0,1,,N,drako001,boshb001,TBA
TBA201909060,TBA,TOR,1,0,,N,fairp001,buchc001,TBA
TBA201909070,TBA,TOR,0,0,,N,anden001,romaj004,TBA
TBA201909080,TBA,TOR,1,0,,D,richt001,waguj001,TBA
TBA201909200,TBA,BOS,0,0,,N,castd002,kellt002,TBA
TBA201909210,TBA,BOS,0,0,,N,castd002,smitj004,TBA
TBA201909220,TBA,BOS,1,4,,D,eovan001,yarbr001,BOS
TBA201909230,TBA,BOS,0,0,,N,pruia001,poynb001,TBA
TBA201909240,TBA,NYA,0,0,,N,fairp001,gearc001,TBA
TBA201909250,TBA,NYA,2,0,,N,mortc002,loaij001,TBA
TEX201903280,TEX,CHN,0,0,,D,lestj001,minom001,CHN
TEX201903300,TEX,CHN,0,3,,N,kells001,edwac001,TEX
TEX201903310,TEX,CHN,0,0,,D,leclj001,strop001,TEX
TEX201904010,TEX,HOU,0,1,,N,peacb001,sampa001,HOU
TEX201904020,TEX,HOU,0,1,,N,kells001,valdf001,TEX
TEX201904030,TEX,HOU,1,0,,N,minom001,coleg001,TEX
TEX201904120,TEX,OAK,2,0,,N,trivl001,martc007,OAK
TEX201904140,TEX,OAK,1,1,,D,sprij001,sorij001,TEX
TEX201904150,TEX,ANA,0,3,,N,dowdk001,bedrc001,TEX
TEX201904160,TEX,ANA,1,0,,N,minom001,barrj003,TEX
TEX201904170,TEX,ANA,0,0,,N,lynnl001,harvm001,TEX
TEX201904190,TEX,HOU,0,3,,N,verlj001,smyld001,HOU
TEX201904200,TEX,HOU,5,0,,N,kells001,coleg001,TEX
TEX201904210,TEX,HOU,3,0,,D,mills001,mchuc001,TEX
TEX201904300,TEX,PIT,0,0,,N,crick001,chavj001,PIT
TEX201905010,TEX,PIT,0,0,,D,tailj001,mills001,PIT
TEX201905030,TEX,TOR,0,0,,N,hudsd001,juraa001,TOR
TEX201905040,TEX,TOR,1,1,,N,lynnl001,pannt001,TEX
TEX201905050,TEX,TOR,0,0,,D,dowdk001,buchc001,TEX
TEX201905170,TEX,SLN,0,0,,N,sampa001,mikom001,TEX
TEX201905180,TEX,SLN,0,0,,N,hudsd002,juraa001,SLN
TEX201905190,TEX,SLN,1,2,,D,gomej002,hickj002,TEX
TEX201905200,TEX,SEA,5,0,,N,minom001,leakm001,TEX
TEX201905210,TEX,SEA,0,0,,N,lynnl001,milot001,TEX
TEX201905220,TEX,SEA,1,0,,D,sampa001,gonzm005,TEX
TEX201905300,TEX,KCA,0,0,,N,junij001,minom001,KCA
TEX201905310,TEX,KCA,0,0,,N,juraa001,duffd001,TEX
TEX201906010,TEX,KCA,0,0,,D,lynnl001,bailh001,TEX
TEX201906020,TEX,KCA,0,0,,D,sampa001,kellb003,TEX
TEX201906040,TEX,BAL,1,4,,N,bundd001,smyld001,BAL
TEX201906050,TEX,BAL,1,0,,N,sprij001,fry-p001,TEX
TEX201906060,TEX,BAL,0,1,,N,juraa001,hessd001,TEX
TEX201906070,TEX,OAK,0,1,,N,petiy001,leclj001,OAK
TEX201906081,TEX,OAK,3,0,,D,sprij001,blacp001,TEX
TEX201906082,TEX,OAK,0,0,,N,sampa001,bassc001,TEX
TEX201906090,TEX,OAK,0,0,,D,montf001,smyld001,OAK
TEX201906170,TEX,CLE,0,0,,N,lynnl001,clevm001,TEX
TEX201906180,TEX,CLE,0,1,,N,plesz001,sampa001,CLE
TEX201906190,TEX,CLE,0,5,,N,pereo002,paluj001,CLE
TEX201906200,TEX,CLE,2,0,,D,minom001,biebs001,TEX
TEX201906210,TEX,CHA,2,0,,N,herrk001,kells001,CHA
TEX201906220,TEX,CHA,3,4,,N,lynnl001,marse001,TEX
TEX201906230,TEX,CHA,0,0,,D,sampa001,novai001,TEX
TEX201907020,TEX,ANA,1,1,,N,cahit001,fairp001,ANA
TEX201907030,TEX,ANA,0,0,,N,barrj003,juraa001,ANA
TEX201907040,TEX,ANA,0,1,,N,lynnl001,canng001,TEX
TEX201907110,TEX,HOU,4,0,,N,lynnl001,valdf001,TEX
TEX201907120,TEX,HOU,1,0,,N,kells001,osunr001,TEX
TEX201907130,TEX,HOU,2,2,,N,jamej002,martb002,HOU
TEX201907140,TEX,HOU,2,3,,D,verlj001,juraa001,HOU
TEX201907160,TEX,ARI,0,1,,N,youna002,lynnl001,ARI
TEX201907170,TEX,ARI,0,7,,N,ray-r002,chavj001,ARI
TEX201907300,TEX,SEA,0,1,,N,tuivs001,martb002,SEA
TEX201907310,TEX,SEA,2,1,,N,minom001,leblw001,TEX
TEX201908020,TEX,DET,1,1,,N,lynnl001,alext001,TEX
TEX201908030,TEX,DET,0,2,,N,leclj001,ramin003,TEX
TEX201908040,TEX,DET,2,0,,D,montr004,cisnj001,TEX
TEX201908150,TEX,MIN,0,0,,N,pinem001,payap001,MIN
TEX201908160,TEX,MIN,0,0,,N,dufft001,minom001,MIN
TEX201908170,TEX,MIN,2,7,,N,dufft001,juraa001,MIN
TEX201908180,TEX,MIN,0,2,,D,dysos001,clase001,MIN
TEX201908190,TEX,ANA,1,5,,N,montr004,ramin002,TEX
TEX201908201,TEX,ANA,0,3,,D,heana001,paluj001,ANA
TEX201908202,TEX,ANA,0,0,,N,clase001,buttt001,TEX
TEX201908210,TEX,ANA,0,0,,N,hernj004,cahit001,TEX
TEX201908290,TEX,SEA,1,0,,N,magim001,leclj001,SEA
TEX201908300,TEX,SEA,0,1,,N,allak001,gonzm005,TEX
TEX201908310,TEX,SEA,0,0,,N,clase001,magim001,TEX
TEX201909010,TEX,SEA,1,4,,D,kikuy001,martb002,SEA
TEX201909100,TEX,TBA,0,0,,N,pagae001,clase001,TBA
TEX201909110,TEX,TBA,7,2,,N,gibai001,pochc001,TEX
TEX201909120,TEX,TBA,1,0,,N,farrl001,mckab001,TEX
TEX201909130,TEX,OAK,0,1,,N,wendj001,gibai001,OAK
TEX201909140,TEX,OAK,0,0,,N,buchr001,minom001,OAK
TEX201909150,TEX,OAK,0,0,,D,manas001,hernj004,OAK
TEX201909240,TEX,BOS,4,4,,N,rodre004,juraa001,BOS
TEX201909250,TEX,BOS,3,0,,N,porcr001,allak001,BOS
TEX201909260,TEX,BOS,0,0,,D,minom001,weber001,TEX
TEX201909270,TEX,NYA,2,1,,N,tarps001,paluj001,NYA
TEX201909280,TEX,NYA,2,1,,N,hernj004,sevel001,TEX
TEX201909290,TEX,NYA,1,0,,D,lynnl001,tanam001,TEX
TOR201903280,TOR,DET,0,0,,D,alcav001,hudsd001,DET
TOR201903290,TOR,DET,0,0,,N,shoem001,boydm001,TOR
TOR201903300,TOR,DET,0,0,,D,sanca006,turns003,TOR
TOR201903310,TOR,DET,0,0,,D,stumd001,pannt001,DET
TOR201904010,TOR,BAL,0,4,,N,hessd001,reids001,BAL
TOR201904020,TOR,BAL,0,0,,N,casha001,strom001,BAL
TOR201904030,TOR,BAL,1,0,,D,shoem001,karnn001,TOR
TOR201904120,TOR,TBA,0,1,,N,yarbr001,thort002,TBA
TOR201904130,TOR,TBA,0,0,,D,pannt001,roe-c001,TOR
TOR201904140,TOR,TBA,1,0,,D,kolaa001,strom001,TBA
TOR201904230,TOR,SFN,0,0,,N,samaj001,thort002,SFN
TOR201904240,TOR,SFN,0,0,,D,pomed001,buchc001,SFN
TOR201904260,TOR,OAK,1,0,,N,gilek001,petiy001,TOR
TOR201904270,TOR,OAK,2,0,,D,sanca006,andeb004,TOR
TOR201904280,TOR,OAK,1,0,,D,lucie001,treib001,TOR
TOR201905060,TOR,MIN,0,1,,N,perem004,strom001,MIN
TOR201905070,TOR,MIN,0,1,,N,berrj001,sanca006,MIN
TOR201905080,TOR,MIN,0,1,,N,gibsk002,thort002,MIN
TOR201905100,TOR,CHA,3,1,,N,biagj001,coved001,TOR
TOR201905110,TOR,CHA,0,0,,D,novai001,strom001,CHA
TOR201905120,TOR,CHA,1,0,,D,gioll001,sanca006,CHA
TOR201905200,TOR,BOS,0,2,,D,pricd001,jacke001,BOS
TOR201905210,TOR,BOS,0,0,,N,strom001,rodre004,TOR
TOR201905220,TOR,BOS,0,0,,N,hembh001,cordj001,BOS
TOR201905230,TOR,BOS,0,0,,D,weber001,gavis001,BOS
TOR201905240,TOR,SDN,0,0,,N,wislm001,hudsd001,SDN
TOR201905250,TOR,SDN,0,1,,D,quanc001,jacke001,SDN
TOR201905260,TOR,SDN,0,0,,D,strom001,erlir001,TOR
TOR201906040,TOR,NYA,0,0,,N,pannt001,tanam001,TOR
TOR201906050,TOR,NYA,2,0,,N,gavis001,britz001,TOR
TOR201906060,TOR,NYA,0,0,,N,happj001,jacke001,NYA
TOR201906070,TOR,ARI,0,0,,N,kellm002,strom001,ARI
TOR201906080,TOR,ARI,0,0,,D,greiz001,sanca006,ARI
TOR201906090,TOR,ARI,1,0,,D,ray-r002,richc002,ARI
TOR201906170,TOR,ANA,1,0,,N,penaf002,jacke001,ANA
TOR201906180,TOR,ANA,0,0,,N,skagt001,strom001,ANA
TOR201906190,TOR,ANA,0,0,,N,ramin002,sanca006,ANA
TOR201906200,TOR,ANA,3,0,,N,kingn001,buttt001,TOR
TOR201906280,TOR,KCA,0,0,,N,hudsd001,duffd001,TOR
TOR201906290,TOR,KCA,0,2,,D,hudsd001,barls001,TOR
TOR201906300,TOR,KCA,0,0,,D,kellb003,sanca006,KCA
TOR201907010,TOR,KCA,2,0,,D,richc002,sparg001,TOR
TOR201907020,TOR,BOS,0,4,,N,pricd001,thort002,BOS
TOR201907030,TOR,BOS,0,0,,N,waguj001,salec001,TOR
TOR201907040,TOR,BOS,2,1,,N,workb001,gilek001,BOS
TOR201907050,TOR,BAL,0,0,,N,bundd001,sanca006,BAL
TOR201907060,TOR,BAL,0,0,,D,casha001,richc002,BAL
TOR201907070,TOR,BAL,2,0,,D,thort002,wojca001,TOR
TOR201907220,TOR,CLE,0,0,,N,clevm001,borur001,CLE
TOR201907230,TOR,CLE,0,0,,N,gilek001,olsot002,TOR
TOR201907240,TOR,CLE,0,0,,N,biebs001,strom001,CLE
TOR201907260,TOR,TBA,0,0,,N,yarbr001,waguj001,TBA
TOR201907270,TOR,TBA,1,0,,D,hudsd001,pagae001,TOR
TOR201907280,TOR,TBA,0,0,,D,roe-c001,hudsd001,TBA
TOR201908080,TOR,NYA,0,2,,N,germd001,pannt001,NYA
TOR201908090,TOR,NYA,2,0,,N,reids001,happj001,TOR
TOR201908100,TOR,NYA,0,0,,D,adamj002,ottaa001,TOR
TOR201908110,TOR,NYA,0,0,,D,tanam001,thort002,NYA
TOR201908120,TOR,TEX,0,0,,N,stewb001,juraa001,TOR
TOR201908130,TOR,TEX,0,0,,N,pannt001,lynnl001,TOR
TOR201908140,TOR,TEX,0,0,,D,allak001,reids001,TEX
TOR201908160,TOR,SEA,0,0,,N,waguj001,leblw001,TOR
TOR201908170,TOR,SEA,0,0,,D,bassa001,mayzt001,SEA
TOR201908180,TOR,SEA,0,0,,D,kikuy001,fontw001,SEA
TOR201908270,TOR,ATL,2,0,,N,godlz001,sorom001,TOR
TOR201908280,TOR,ATL,0,0,,N,jackl001,waguj001,ATL
TOR201908300,TOR,HOU,0,0,,N,mchuc001,thort002,HOU
TOR201908310,TOR,HOU,0,1,,D,buchc001,valdf001,TOR
TOR201909010,TOR,HOU,0,0,,D,verlj001,gilek001,HOU
TOR201909100,TOR,BOS,0,1,,N,shafj001,taylj001,TOR
TOR201909110,TOR,BOS,0,0,,N,thort002,kellt002,TOR
TOR201909120,TOR,BOS,0,0,,N,taylj001,buchc001,BOS
TOR201909130,TOR,NYA,0,0,,N,fontw001,lyont001,TOR
TOR201909140,TOR,NYA,0,0,,D,paxtj001,waguj001,NYA
TOR201909150,TOR,NYA,0,1,,D,zeuct001,cortn001,TOR
TOR201909230,TOR,BAL,3,0,,N,adamj002,eader001,TOR
TOR201909240,TOR,BAL,0,3,,N,bundd001,pannt001,BAL
TOR201909250,TOR,BAL,1,0,,N,waguj001,ynoag001,TOR
TOR201909270,TOR,TBA,0,0,,N,drako001,zeuct001,TBA
TOR201909280,TOR,TBA,3,0,,D,thort002,yarbr001,TOR
TOR201909290,TOR,TBA,2,0,,D,buchc001,snelb001,TOR
WAS201903280,WAS,NYN,0,1,,D,degrj001,schem001,NYN
WAS201903300,WAS,NYN,1,3,,D,wilsj004,roset001,NYN
WAS201903310,WAS,NYN,0,0,,D,dools001,wilsj004,WAS
WAS201904020,WAS,PHI,0,0,,N,efliz001,schem001,PHI
WAS201904030,WAS,PHI,3,2,,D,dools001,robed002,WAS
WAS201904120,WAS,PIT,0,0,,N,burdn001,gracm003,PIT
WAS201904130,WAS,PIT,0,0,,D,suerw002,rodrr008,WAS
WAS201904140,WAS,PIT,1,2,,D,rivef001,suerw002,PIT
WAS201904160,WAS,SFN,0,0,,N,rodrd001,stras001,SFN
WAS201904170,WAS,SFN,3,0,,N,hellj001,samaj001,WAS
WAS201904180,WAS,SFN,1,0,,D,corbp001,pomed001,WAS
WAS201904260,WAS,SDN,0,0,,N,stamc001,dools001,SDN
WAS201904270,WAS,SDN,0,0,,D,perdl002,suerw002,SDN
WAS201904280,WAS,SDN,0,1,,D,millj006,wislm001,WAS
WAS201904290,WAS,SLN,0,0,,N,wachm001,corbp001,SLN
WAS201904300,WAS,SLN,0,0,,N,waina001,sanca004,SLN
WAS201905010,WAS,SLN,0,3,,N,mikom001,schem001,SLN
WAS201905020,WAS,SLN,0,0,,N,stras001,hudsd002,WAS
WAS201905140,WAS,NYN,0,4,,N,syndn001,hellj001,NYN
WAS201905150,WAS,NYN,3,0,,N,corbp001,fontw001,WAS
WAS201905160,WAS,NYN,4,0,,D,jennd003,wheez001,WAS
WAS201905170,WAS,CHN,0,1,,N,hamec001,schem001,CHN
WAS201905180,WAS,CHN,0,0,,N,stras001,lestj001,WAS
WAS201905190,WAS,CHN,0,1,,N,hendk001,hellj001,CHN
WAS201905240,WAS,MIA,1,2,,N,barrk002,anden001,WAS
WAS201905250,WAS,MIA,0,0,,D,corbp001,alcas001,WAS
WAS201905260,WAS,MIA,0,0,,D,fedde001,smitc006,WAS
WAS201905270,WAS,MIA,0,0,,D,urenj001,barrk002,MIA
WAS201906040,WAS,CHA,0,4,,N,stras001,loper003,WAS
WAS201906050,WAS,CHA,0,0,,D,dools001,coloa001,WAS
WAS201906130,WAS,ARI,0,2,,N,greiz001,fedde001,ARI
WAS201906140,WAS,ARI,0,0,,N,schem001,ray-r002,WAS
WAS201906150,WAS,ARI,3,2,,D,hiray001,stras001,ARI
WAS201906160,WAS,ARI,3,1,,D,sanca004,brada001,WAS
WAS201906191,WAS,PHI,1,1,,D,corbp001,efliz001,WAS
WAS201906192,WAS,PHI,0,0,,N,schem001,arrij001,WAS
WAS201906200,WAS,PHI,1,0,,N,guerj002,piven001,WAS
WAS201906210,WAS,ATL,0,0,,N,stras001,keucd001,WAS
WAS201906220,WAS,ATL,3,0,,N,minta001,rossj002,ATL
WAS201906230,WAS,ATL,0,0,,D,minta001,raint003,ATL
WAS201907020,WAS,MIA,2,1,,N,dools001,quijj001,WAS
WAS201907030,WAS,MIA,0,0,,N,stras001,alcas001,WAS
WAS201907040,WAS,MIA,0,1,,D,sanca004,herne002,WAS
WAS201907050,WAS,KCA,1,0,,N,flynb001,ventj001,KCA
WAS201907060,WAS,KCA,1,0,,D,schem001,sparg001,WAS
WAS201907070,WAS,KCA,0,0,,D,dools001,diekj001,WAS
WAS201907230,WAS,COL,2,0,,N,stras001,lambp001,WAS
WAS201907241,WAS,COL,0,0,,D,suerw002,estec001,WAS
WAS201907242,WAS,COL,0,0,,N,corbp001,freek001,WAS
WAS201907250,WAS,COL,0,0,,D,diazj006,rodnf001,COL
WAS201907260,WAS,LAN,0,1,,N,kellj001,sippt001,LAN
WAS201907270,WAS,LAN,2,0,,D,kersc001,rossj002,LAN
WAS201907280,WAS,LAN,0,0,,D,stras001,buehw001,WAS
WAS201907290,WAS,ATL,1,0,,N,corbp001,keucd001,WAS
WAS201907300,WAS,ATL,0,0,,N,tehej001,fedde001,ATL
WAS201907310,WAS,ATL,0,0,,D,newcs001,dools001,ATL
WAS201908120,WAS,CIN,3,1,,N,fedde001,desca001,WAS
WAS201908130,WAS,CIN,1,0,,N,rossj002,wooda002,WAS
WAS201908140,WAS,CIN,0,0,,D,stras001,bauet001,WAS
WAS201908160,WAS,MIL,0,0,,N,strih001,guerj003,WAS
WAS201908170,WAS,MIL,0,0,,N,guerj003,guerj002,MIL
WAS201908180,WAS,MIL,4,0,,D,fedde001,andec001,WAS
WAS201908270,WAS,BAL,0,2,,N,brooa001,corbp001,BAL
WAS201908280,WAS,BAL,5,0,,N,suerw002,wojca001,WAS
WAS201908300,WAS,MIA,2,1,,N,hudsd001,stanr002,WAS
WAS201908310,WAS,MIA,2,0,,N,stras001,lopep002,WAS
WAS201909010,WAS,MIA,0,0,,D,corbp001,smitc006,WAS
WAS201909020,WAS,NYN,0,0,,D,syndn001,rossj002,NYN
WAS201909030,WAS,NYN,1,0,,N,guerj002,diaze006,WAS
WAS201909040,WAS,NYN,0,0,,D,wheez001,sanca004,NYN
WAS201909130,WAS,ATL,0,0,,N,sorom001,schem001,ATL
WAS201909140,WAS,ATL,1,0,,D,foltm001,suerw002,ATL
WAS201909150,WAS,ATL,0,0,,D,sanca004,friem001,WAS
WAS201909230,WAS,PHI,1,0,,N,corbp001,efliz001,WAS
WAS201909241,WAS,PHI,0,1,,D,raint003,vincn001,WAS
WAS201909242,WAS,PHI,0,3,,N,schem001,nolaa001,WAS
WAS201909250,WAS,PHI,0,0,,N,sanca004,morim002,WAS
WAS201909260,WAS,PHI,1,0,,D,stras001,vargj001,WAS
WAS201909270,WAS,CLE,0,0,,N,votha001,goodn001,WAS
WAS201909280,WAS,CLE,0,0,,D,hudsd001,pluta001,WAS
WAS201909290,WAS,CLE,1,0,,D,rossj002,clevm001,WAS
