game_id,date,hometeam,visteam,home_first_inning_runs,visiting_first_inning_runs,home_travel,vis_travel,home_last_location,visiting_last_location
ARI201504070,2015-04-07,ARI,SFN,0,2,1e-06,1e-06,ARI,ARI
MIA201504070,2015-04-07,MIA,ATL,0,7,1e-06,1e-06,MIA,MIA
OAK201504070,2015-04-07,OAK,TEX,0,0,1e-06,1e-06,OAK,OAK
SEA201504070,2015-04-07,SEA,ANA,0,0,1e-06,1e-06,SEA,SEA
MIL201504070,2015-04-07,MIL,COL,0,0,1e-06,1e-06,MIL,MIL
LAN201504070,2015-04-07,LAN,SDN,0,1,1e-06,1e-06,LAN,LAN
TBA201504070,2015-04-07,TBA,BAL,0,4,1e-06,1e-06,TBA,TBA
CHN201504080,2015-04-08,CHN,SLN,0,0,1e-06,1e-06,CHN,CHN
MIA201504080,2015-04-08,MIA,ATL,0,0,1e-06,1e-06,MIA,MIA
KCA201504080,2015-04-08,KCA,CHA,1,0,1e-06,1e-06,KCA,KCA
HOU201504080,2015-04-08,HOU,CLE,0,0,1e-06,1e-06,HOU,HOU
LAN201504080,2015-04-08,LAN,SDN,1,2,1e-06,1e-06,LAN,LAN
DET201504080,2015-04-08,DET,MIN,0,0,1e-06,1e-06,DET,DET
NYA201504080,2015-04-08,NYA,TOR,0,0,1e-06,1e-06,NYA,NYA
CIN201504080,2015-04-08,CIN,PIT,1,0,1e-06,1e-06,CIN,CIN
WAS201504080,2015-04-08,WAS,NYN,2,0,1e-06,1e-06,WAS,WAS
OAK201504080,2015-04-08,OAK,TEX,0,0,1e-06,1e-06,OAK,OAK
ARI201504080,2015-04-08,ARI,SFN,1,0,1e-06,1e-06,ARI,ARI
TBA201504080,2015-04-08,TBA,BAL,0,0,1e-06,1e-06,TBA,TBA
PHI201504080,2015-04-08,PHI,BOS,0,0,1e-06,1e-06,PHI,PHI
SEA201504080,2015-04-08,SEA,ANA,0,4,1e-06,1e-06,SEA,SEA
MIL201504080,2015-04-08,MIL,COL,0,0,1e-06,1e-06,MIL,MIL
WAS201504090,2015-04-09,WAS,NYN,0,0,1e-06,1e-06,WAS,WAS
DET201504090,2015-04-09,DET,MIN,2,0,1e-06,1e-06,DET,DET
SDN201504090,2015-04-09,SDN,SFN,0,0,179.52869961196944,481.0116378281714,LAN,ARI
CIN201504090,2015-04-09,CIN,PIT,0,0,1e-06,1e-06,CIN,CIN
PHI201504090,2015-04-09,PHI,BOS,0,0,1e-06,1e-06,PHI,PHI
KCA201504090,2015-04-09,KCA,CHA,1,0,1e-06,1e-06,KCA,KCA
OAK201504090,2015-04-09,OAK,TEX,0,2,1e-06,1e-06,OAK,OAK
NYA201504090,2015-04-09,NYA,TOR,0,0,1e-06,1e-06,NYA,NYA
HOU201504090,2015-04-09,HOU,CLE,0,1,1e-06,1e-06,HOU,HOU
ARI201504100,2015-04-10,ARI,LAN,0,0,1e-06,574.8341159449532,ARI,LAN
BAL201504100,2015-04-10,BAL,TOR,1,4,1393.7772067986984,272.81937803481173,TBA,NYA
CHA201504100,2015-04-10,CHA,MIN,0,1,663.9206411727051,380.91207013286544,KCA,DET
ATL201504100,2015-04-10,ATL,NYN,2,0,973.3591318981379,874.0887985860761,MIA,WAS
ANA201504100,2015-04-10,ANA,KCA,0,1,1575.276973597757,2158.345510444982,SEA,KCA
CLE201504100,2015-04-10,CLE,DET,0,0,1793.7234420980124,145.52553501827433,HOU,DET
COL201504100,2015-04-10,COL,CHN,0,0,1465.0252316671194,1477.450780411816,MIL,CHN
NYA201504100,2015-04-10,NYA,BOS,0,1,1e-06,129.48897528262268,NYA,PHI
OAK201504100,2015-04-10,OAK,SEA,3,0,1e-06,1089.6592015072615,OAK,SEA
PHI201504100,2015-04-10,PHI,WAS,0,1,1e-06,197.2342958595587,PHI,WAS
SDN201504100,2015-04-10,SDN,SFN,0,0,1e-06,1e-06,SDN,SDN
TEX201504100,2015-04-10,TEX,HOU,0,1,2350.5503898425545,368.5990384284446,OAK,HOU
CIN201504100,2015-04-10,CIN,SLN,2,1,1e-06,406.25273298859213,CIN,CHN
MIA201504100,2015-04-10,MIA,TBA,1,0,1e-06,319.9354673545946,MIA,TBA
MIL201504100,2015-04-10,MIL,PIT,0,0,1e-06,525.1892238126902,MIL,CIN
ATL201504110,2015-04-11,ATL,NYN,0,0,1e-06,1e-06,ATL,ATL
TEX201504110,2015-04-11,TEX,HOU,1,0,1e-06,1e-06,TEX,TEX
CLE201504110,2015-04-11,CLE,DET,0,2,1e-06,1e-06,CLE,CLE
NYA201504110,2015-04-11,NYA,BOS,0,0,1e-06,1e-06,NYA,NYA
ARI201504110,2015-04-11,ARI,LAN,1,0,1e-06,1e-06,ARI,ARI
MIL201504110,2015-04-11,MIL,PIT,0,0,1e-06,1e-06,MIL,MIL
MIA201504110,2015-04-11,MIA,TBA,0,0,1e-06,1e-06,MIA,MIA
CHA201504110,2015-04-11,CHA,MIN,0,0,1e-06,1e-06,CHA,CHA
COL201504110,2015-04-11,COL,CHN,0,1,1e-06,1e-06,COL,COL
OAK201504110,2015-04-11,OAK,SEA,0,0,1e-06,1e-06,OAK,OAK
CIN201504110,2015-04-11,CIN,SLN,1,0,1e-06,1e-06,CIN,CIN
ANA201504110,2015-04-11,ANA,KCA,1,0,1e-06,1e-06,ANA,ANA
BAL201504110,2015-04-11,BAL,TOR,2,0,1e-06,1e-06,BAL,BAL
SDN201504110,2015-04-11,SDN,SFN,2,0,1e-06,1e-06,SDN,SDN
PHI201504110,2015-04-11,PHI,WAS,0,0,1e-06,1e-06,PHI,PHI
ATL201504120,2015-04-12,ATL,NYN,0,2,1e-06,1e-06,ATL,ATL
TEX201504120,2015-04-12,TEX,HOU,0,0,1e-06,1e-06,TEX,TEX
SDN201504120,2015-04-12,SDN,SFN,0,0,1e-06,1e-06,SDN,SDN
CLE201504120,2015-04-12,CLE,DET,1,3,1e-06,1e-06,CLE,CLE
NYA201504120,2015-04-12,NYA,BOS,7,0,1e-06,1e-06,NYA,NYA
MIL201504120,2015-04-12,MIL,PIT,0,0,1e-06,1e-06,MIL,MIL
ARI201504120,2015-04-12,ARI,LAN,0,0,1e-06,1e-06,ARI,ARI
BAL201504120,2015-04-12,BAL,TOR,2,2,1e-06,1e-06,BAL,BAL
CHA201504120,2015-04-12,CHA,MIN,2,0,1e-06,1e-06,CHA,CHA
MIA201504120,2015-04-12,MIA,TBA,0,1,1e-06,1e-06,MIA,MIA
ANA201504120,2015-04-12,ANA,KCA,1,0,1e-06,1e-06,ANA,ANA
CIN201504120,2015-04-12,CIN,SLN,0,0,1e-06,1e-06,CIN,CIN
PHI201504120,2015-04-12,PHI,WAS,0,1,1e-06,1e-06,PHI,PHI
COL201504120,2015-04-12,COL,CHN,0,0,1e-06,1e-06,COL,COL
OAK201504120,2015-04-12,OAK,SEA,0,0,1e-06,1e-06,OAK,OAK
TOR201504130,2015-04-13,TOR,TBA,0,0,537.0332419152472,1988.7442573540513,BAL,MIA
NYN201504130,2015-04-13,NYN,PHI,0,0,1200.4511584455877,129.48897528262268,ATL,PHI
ATL201504130,2015-04-13,ATL,MIA,0,0,1e-06,973.3591318981379,ATL,MIA
BOS201504130,2015-04-13,BOS,WAS,1,0,306.2037667286439,435.5953169043613,NYA,PHI
SFN201504130,2015-04-13,SFN,COL,0,0,738.1265117326025,1524.5101947303656,SDN,COL
CHN201504130,2015-04-13,CHN,CIN,3,3,1477.450780411816,406.25273298859213,COL,CIN
PIT201504130,2015-04-13,PIT,DET,1,0,722.0054120555708,186.24975562107616,MIL,CLE
BAL201504130,2015-04-13,BAL,NYA,0,0,1e-06,272.81937803481173,BAL,NYA
SDN201504130,2015-04-13,SDN,ARI,0,0,1e-06,481.0116378281714,SDN,ARI
MIN201504130,2015-04-13,MIN,KCA,1,0,571.0232496384983,2437.087352189671,CHA,ANA
LAN201504130,2015-04-13,LAN,SEA,0,2,574.8341159449532,552.4676717810693,ARI,OAK
SLN201504130,2015-04-13,SLN,MIL,0,1,494.9532553693752,526.8349145670746,CIN,MIL
HOU201504130,2015-04-13,HOU,OAK,0,3,368.5990384284446,2629.671879056886,TEX,OAK
TEX201504130,2015-04-13,TEX,ANA,3,0,1e-06,1938.7751997181072,TEX,ANA
BOS201504140,2015-04-14,BOS,WAS,0,0,1e-06,1e-06,BOS,BOS
NYN201504140,2015-04-14,NYN,PHI,1,1,1e-06,1e-06,NYN,NYN
BAL201504140,2015-04-14,BAL,NYA,1,0,1e-06,1e-06,BAL,BAL
LAN201504140,2015-04-14,LAN,SEA,0,3,1e-06,1e-06,LAN,LAN
TOR201504140,2015-04-14,TOR,TBA,0,1,1e-06,1e-06,TOR,TOR
CHN201504140,2015-04-14,CHN,CIN,0,0,1e-06,1e-06,CHN,CHN
HOU201504140,2015-04-14,HOU,OAK,0,1,1e-06,1e-06,HOU,HOU
TEX201504140,2015-04-14,TEX,ANA,1,0,1e-06,1e-06,TEX,TEX
PIT201504140,2015-04-14,PIT,DET,0,0,1e-06,1e-06,PIT,PIT
SDN201504140,2015-04-14,SDN,ARI,3,0,1e-06,1e-06,SDN,SDN
ATL201504140,2015-04-14,ATL,MIA,0,3,1e-06,1e-06,ATL,ATL
SFN201504140,2015-04-14,SFN,COL,0,0,1e-06,1e-06,SFN,SFN
CLE201504140,2015-04-14,CLE,CHA,0,2,1e-06,494.38381964269325,CLE,CHA
BOS201504150,2015-04-15,BOS,WAS,0,2,1e-06,1e-06,BOS,BOS
HOU201504150,2015-04-15,HOU,OAK,2,0,1e-06,1e-06,HOU,HOU
PIT201504150,2015-04-15,PIT,DET,0,0,1e-06,1e-06,PIT,PIT
SDN201504150,2015-04-15,SDN,ARI,0,2,1e-06,1e-06,SDN,SDN
BAL201504150,2015-04-15,BAL,NYA,1,0,1e-06,1e-06,BAL,BAL
ATL201504150,2015-04-15,ATL,MIA,0,0,1e-06,1e-06,ATL,ATL
LAN201504150,2015-04-15,LAN,SEA,3,0,1e-06,1e-06,LAN,LAN
MIN201504150,2015-04-15,MIN,KCA,1,0,1e-06,1e-06,MIN,MIN
CLE201504150,2015-04-15,CLE,CHA,0,0,1e-06,1e-06,CLE,CLE
SFN201504150,2015-04-15,SFN,COL,1,3,1e-06,1e-06,SFN,SFN
TOR201504150,2015-04-15,TOR,TBA,2,0,1e-06,1e-06,TOR,TOR
TEX201504150,2015-04-15,TEX,ANA,0,0,1e-06,1e-06,TEX,TEX
SLN201504150,2015-04-15,SLN,MIL,2,0,1e-06,1e-06,SLN,SLN
CHN201504150,2015-04-15,CHN,CIN,2,0,1e-06,1e-06,CHN,CHN
NYN201504150,2015-04-15,NYN,PHI,0,1,1e-06,1e-06,NYN,NYN
MIN201504160,2015-04-16,MIN,KCA,0,2,1e-06,1e-06,MIN,MIN
NYN201504160,2015-04-16,NYN,MIA,0,2,1e-06,1200.4511584455877,NYN,ATL
WAS201504160,2015-04-16,WAS,PHI,1,0,632.55798631456,326.3648041771951,BOS,NYN
SLN201504160,2015-04-16,SLN,MIL,0,0,1e-06,1e-06,SLN,SLN
SFN201504160,2015-04-16,SFN,ARI,1,0,1e-06,738.1265117326025,SFN,SDN
TOR201504160,2015-04-16,TOR,TBA,0,0,1e-06,1e-06,TOR,TOR
MIN201504170,2015-04-17,MIN,CLE,0,0,1e-06,1013.2251113855248,MIN,CLE
WAS201504170,2015-04-17,WAS,PHI,3,0,1e-06,1e-06,WAS,WAS
SFN201504170,2015-04-17,SFN,ARI,0,0,1e-06,1e-06,SFN,SFN
HOU201504170,2015-04-17,HOU,ANA,0,0,1e-06,368.5990384284446,HOU,TEX
BOS201504170,2015-04-17,BOS,BAL,0,0,1e-06,578.81170796599,BOS,BAL
SEA201504170,2015-04-17,SEA,TEX,0,1,1545.141516309272,2688.6235870338205,LAN,TEX
TBA201504170,2015-04-17,TBA,NYA,0,0,1789.459752085548,1393.7772067986984,TOR,BAL
TOR201504170,2015-04-17,TOR,ATL,1,0,1e-06,1183.2911929642491,TOR,ATL
LAN201504170,2015-04-17,LAN,COL,3,0,1e-06,559.4406195325591,LAN,SFN
DET201504170,2015-04-17,DET,CHA,0,0,331.7516309667575,145.52553501827433,PIT,CLE
NYN201504170,2015-04-17,NYN,MIA,0,1,1e-06,1e-06,NYN,NYN
CHN201504170,2015-04-17,CHN,SDN,0,0,1e-06,2787.070270174863,CHN,SDN
SLN201504170,2015-04-17,SLN,CIN,1,1,1e-06,422.49209120404555,SLN,CHN
KCA201504170,2015-04-17,KCA,OAK,0,0,662.9211681328137,1040.8267966673652,MIN,HOU
PIT201504170,2015-04-17,PIT,MIL,0,0,1e-06,898.8824563980571,PIT,SLN
CHN201504180,2015-04-18,CHN,SDN,0,2,1e-06,1e-06,CHN,CHN
WAS201504180,2015-04-18,WAS,PHI,1,0,1e-06,1e-06,WAS,WAS
PIT201504180,2015-04-18,PIT,MIL,3,1,1e-06,1e-06,PIT,PIT
SEA201504180,2015-04-18,SEA,TEX,0,0,1e-06,1e-06,SEA,SEA
LAN201504180,2015-04-18,LAN,COL,0,1,1e-06,1e-06,LAN,LAN
TBA201504180,2015-04-18,TBA,NYA,0,0,1e-06,1e-06,TBA,TBA
DET201504180,2015-04-18,DET,CHA,1,0,1e-06,1e-06,DET,DET
HOU201504180,2015-04-18,HOU,ANA,0,0,1e-06,1e-06,HOU,HOU
SLN201504180,2015-04-18,SLN,CIN,1,0,1e-06,1e-06,SLN,SLN
NYN201504180,2015-04-18,NYN,MIA,0,0,1e-06,1e-06,NYN,NYN
MIN201504180,2015-04-18,MIN,CLE,0,0,1e-06,1e-06,MIN,MIN
BOS201504180,2015-04-18,BOS,BAL,0,0,1e-06,1e-06,BOS,BOS
TOR201504180,2015-04-18,TOR,ATL,0,1,1e-06,1e-06,TOR,TOR
SFN201504180,2015-04-18,SFN,ARI,1,0,1e-06,1e-06,SFN,SFN
KCA201504180,2015-04-18,KCA,OAK,0,0,1e-06,1e-06,KCA,KCA
DET201504190,2015-04-19,DET,CHA,4,0,1e-06,1e-06,DET,DET
TBA201504190,2015-04-19,TBA,NYA,2,1,1e-06,1e-06,TBA,TBA
LAN201504190,2015-04-19,LAN,COL,0,0,1e-06,1e-06,LAN,LAN
CHN201504190,2015-04-19,CHN,SDN,2,0,1e-06,1e-06,CHN,CHN
HOU201504190,2015-04-19,HOU,ANA,0,0,1e-06,1e-06,HOU,HOU
BOS201504190,2015-04-19,BOS,BAL,3,2,1e-06,1e-06,BOS,BOS
SLN201504190,2015-04-19,SLN,CIN,1,0,1e-06,1e-06,SLN,SLN
SEA201504190,2015-04-19,SEA,TEX,2,0,1e-06,1e-06,SEA,SEA
MIN201504190,2015-04-19,MIN,CLE,0,0,1e-06,1e-06,MIN,MIN
PIT201504190,2015-04-19,PIT,MIL,2,0,1e-06,1e-06,PIT,PIT
TOR201504190,2015-04-19,TOR,ATL,0,3,1e-06,1e-06,TOR,TOR
NYN201504190,2015-04-19,NYN,MIA,0,0,1e-06,1e-06,NYN,NYN
WAS201504190,2015-04-19,WAS,PHI,0,0,1e-06,1e-06,WAS,WAS
KCA201504190,2015-04-19,KCA,OAK,0,0,1e-06,1e-06,KCA,KCA
SFN201504190,2015-04-19,SFN,ARI,1,2,1e-06,1e-06,SFN,SFN
ANA201504200,2015-04-20,ANA,OAK,2,1,2169.9670210701,2158.345510444982,HOU,KCA
SEA201504200,2015-04-20,SEA,HOU,0,1,1e-06,3039.1839825945185,SEA,HOU
COL201504200,2015-04-20,COL,SDN,0,5,1336.5596902131042,1477.450780411816,LAN,CHN
PIT201504200,2015-04-20,PIT,CHN,1,0,1e-06,660.0502267315369,PIT,CHN
CHA201504200,2015-04-20,CHA,CLE,0,0,380.91207013286544,571.0232496384983,DET,MIN
DET201504200,2015-04-20,DET,NYA,0,0,1e-06,1620.843911772028,DET,TBA
MIL201504200,2015-04-20,MIL,CIN,0,0,722.0054120555708,526.8349145670746,PIT,SLN
BOS201504200,2015-04-20,BOS,BAL,1,0,1e-06,1e-06,BOS,BOS
KCA201504200,2015-04-20,KCA,MIN,0,0,1e-06,662.9211681328137,KCA,MIN
PIT201504210,2015-04-21,PIT,CHN,1,1,1e-06,1e-06,PIT,PIT
KCA201504210,2015-04-21,KCA,MIN,0,0,1e-06,1e-06,KCA,KCA
TBA201504210,2015-04-21,TBA,BOS,0,0,1e-06,1926.6943817180322,TBA,BOS
WAS201504210,2015-04-21,WAS,SLN,0,0,1e-06,1142.2462660488457,WAS,SLN
PHI201504210,2015-04-21,PHI,MIA,0,0,197.2342958595587,129.48897528262268,WAS,NYN
SFN201504210,2015-04-21,SFN,LAN,0,0,1e-06,559.4406195325591,SFN,LAN
TOR201504210,2015-04-21,TOR,BAL,0,0,1e-06,691.6136251477402,TOR,BOS
NYN201504210,2015-04-21,NYN,ATL,0,0,1e-06,550.2922217550002,NYN,TOR
CHA201504210,2015-04-21,CHA,CLE,1,0,1e-06,1e-06,CHA,CHA
ANA201504210,2015-04-21,ANA,OAK,0,0,1e-06,1e-06,ANA,ANA
DET201504210,2015-04-21,DET,NYA,0,1,1e-06,1e-06,DET,DET
ARI201504210,2015-04-21,ARI,TEX,0,1,1050.9933942487219,1793.290239503433,SFN,SEA
MIL201504210,2015-04-21,MIL,CIN,0,0,1e-06,1e-06,MIL,MIL
COL201504210,2015-04-21,COL,SDN,0,0,1e-06,1e-06,COL,COL
SEA201504210,2015-04-21,SEA,HOU,1,0,1e-06,1e-06,SEA,SEA
SFN201504220,2015-04-22,SFN,LAN,0,0,1e-06,1e-06,SFN,SFN
PIT201504220,2015-04-22,PIT,CHN,0,0,1e-06,1e-06,PIT,PIT
MIL201504220,2015-04-22,MIL,CIN,1,1,1e-06,1e-06,MIL,MIL
ARI201504220,2015-04-22,ARI,TEX,2,1,1e-06,1e-06,ARI,ARI
TOR201504220,2015-04-22,TOR,BAL,0,0,1e-06,1e-06,TOR,TOR
CHA201504220,2015-04-22,CHA,CLE,1,0,1e-06,1e-06,CHA,CHA
NYN201504220,2015-04-22,NYN,ATL,0,0,1e-06,1e-06,NYN,NYN
DET201504220,2015-04-22,DET,NYA,4,6,1e-06,1e-06,DET,DET
WAS201504220,2015-04-22,WAS,SLN,0,1,1e-06,1e-06,WAS,WAS
SEA201504220,2015-04-22,SEA,HOU,1,0,1e-06,1e-06,SEA,SEA
COL201504220,2015-04-22,COL,SDN,2,1,1e-06,1e-06,COL,COL
PHI201504220,2015-04-22,PHI,MIA,0,0,1e-06,1e-06,PHI,PHI
TBA201504220,2015-04-22,TBA,BOS,1,0,1e-06,1e-06,TBA,TBA
ANA201504220,2015-04-22,ANA,OAK,0,1,1e-06,1e-06,ANA,ANA
KCA201504220,2015-04-22,KCA,MIN,0,3,1e-06,1e-06,KCA,KCA
MIL201504230,2015-04-23,MIL,CIN,0,0,1e-06,1e-06,MIL,MIL
TBA201504230,2015-04-23,TBA,BOS,0,0,1e-06,1e-06,TBA,TBA
DET201504230,2015-04-23,DET,NYA,1,0,1e-06,1e-06,DET,DET
ANA201504230,2015-04-23,ANA,OAK,0,0,1e-06,1e-06,ANA,ANA
NYN201504230,2015-04-23,NYN,ATL,3,0,1e-06,1e-06,NYN,NYN
SFN201504230,2015-04-23,SFN,LAN,0,0,1e-06,1e-06,SFN,SFN
PIT201504230,2015-04-23,PIT,CHN,0,0,1e-06,1e-06,PIT,PIT
TOR201504230,2015-04-23,TOR,BAL,0,0,1e-06,1e-06,TOR,TOR
COL201504230,2015-04-23,COL,SDN,1,0,1e-06,1e-06,COL,COL
WAS201504230,2015-04-23,WAS,SLN,0,1,1e-06,1e-06,WAS,WAS
CHA201504230,2015-04-23,CHA,KCA,0,2,1e-06,663.9206411727051,CHA,KCA
PHI201504230,2015-04-23,PHI,MIA,0,0,1e-06,1e-06,PHI,PHI
CHA201504240,2015-04-24,CHA,KCA,0,0,1e-06,1e-06,CHA,CHA
BAL201504240,2015-04-24,BAL,BOS,0,0,537.0332419152472,1393.7772067986984,TOR,TBA
TBA201504240,2015-04-24,TBA,TOR,0,0,1e-06,1789.459752085548,TBA,TOR
MIA201504240,2015-04-24,MIA,WAS,0,0,1644.1190984600378,1489.628641346009,PHI,WAS
DET201504240,2015-04-24,DET,CLE,0,2,1e-06,380.91207013286544,DET,CHA
ARI201504240,2015-04-24,ARI,PIT,0,1,1e-06,2938.6428184476895,ARI,PIT
ANA201504240,2015-04-24,ANA,TEX,0,0,1e-06,540.0297061463508,ANA,ARI
SEA201504240,2015-04-24,SEA,MIN,0,0,1e-06,2418.3539462011913,SEA,KCA
COL201504240,2015-04-24,COL,SFN,0,0,1e-06,1524.5101947303656,COL,SFN
OAK201504240,2015-04-24,OAK,HOU,0,0,592.0809005913671,1089.6592015072615,ANA,SEA
SDN201504240,2015-04-24,SDN,LAN,0,0,1340.7925092662401,738.1265117326025,COL,SFN
CIN201504240,2015-04-24,CIN,CHN,1,0,525.1892238126902,415.25842934625814,MIL,PIT
MIL201504240,2015-04-24,MIL,SLN,0,0,1e-06,1025.9779093655507,MIL,WAS
NYA201504240,2015-04-24,NYA,NYN,2,0,773.7548030957365,1e-06,DET,NYN
PHI201504240,2015-04-24,PHI,ATL,0,0,1e-06,129.48897528262268,PHI,NYN
TBA201504250,2015-04-25,TBA,TOR,1,1,1e-06,1e-06,TBA,TBA
OAK201504250,2015-04-25,OAK,HOU,0,1,1e-06,1e-06,OAK,OAK
COL201504250,2015-04-25,COL,SFN,0,1,1e-06,1e-06,COL,COL
PHI201504250,2015-04-25,PHI,ATL,0,0,1e-06,1e-06,PHI,PHI
MIL201504250,2015-04-25,MIL,SLN,0,0,1e-06,1e-06,MIL,MIL
SEA201504250,2015-04-25,SEA,MIN,2,1,1e-06,1e-06,SEA,SEA
SDN201504250,2015-04-25,SDN,LAN,3,3,1e-06,1e-06,SDN,SDN
ANA201504250,2015-04-25,ANA,TEX,0,0,1e-06,1e-06,ANA,ANA
ARI201504250,2015-04-25,ARI,PIT,0,0,1e-06,1e-06,ARI,ARI
DET201504250,2015-04-25,DET,CLE,2,0,1e-06,1e-06,DET,DET
NYA201504250,2015-04-25,NYA,NYN,0,1,1e-06,1e-06,NYA,NYA
BAL201504250,2015-04-25,BAL,BOS,2,0,1e-06,1e-06,BAL,BAL
MIA201504250,2015-04-25,MIA,WAS,0,0,1e-06,1e-06,MIA,MIA
OAK201504260,2015-04-26,OAK,HOU,0,0,1e-06,1e-06,OAK,OAK
BAL201504260,2015-04-26,BAL,BOS,0,0,1e-06,1e-06,BAL,BAL
PHI201504260,2015-04-26,PHI,ATL,3,2,1e-06,1e-06,PHI,PHI
MIL201504260,2015-04-26,MIL,SLN,0,0,1e-06,1e-06,MIL,MIL
SEA201504260,2015-04-26,SEA,MIN,0,1,1e-06,1e-06,SEA,SEA
MIA201504260,2015-04-26,MIA,WAS,0,0,1e-06,1e-06,MIA,MIA
ARI201504260,2015-04-26,ARI,PIT,0,2,1e-06,1e-06,ARI,ARI
CHA201504260,2015-04-26,CHA,KCA,0,0,1e-06,1e-06,CHA,CHA
SDN201504260,2015-04-26,SDN,LAN,0,0,1e-06,1e-06,SDN,SDN
ANA201504260,2015-04-26,ANA,TEX,0,0,1e-06,1e-06,ANA,ANA
TBA201504260,2015-04-26,TBA,TOR,2,0,1e-06,1e-06,TBA,TBA
DET201504260,2015-04-26,DET,CLE,2,0,1e-06,1e-06,DET,DET
NYA201504260,2015-04-26,NYA,NYN,1,2,1e-06,1e-06,NYA,NYA
CIN201504260,2015-04-26,CIN,CHN,0,0,1e-06,1e-06,CIN,CIN
MIA201504270,2015-04-27,MIA,NYN,0,0,1e-06,1756.5620451799746,MIA,NYA
CLE201504270,2015-04-27,CLE,KCA,0,0,145.52553501827433,494.38381964269325,DET,CHA
NYA201504270,2015-04-27,NYA,TBA,0,0,1e-06,1638.0556824552712,NYA,TBA
CIN201504270,2015-04-27,CIN,MIL,0,0,1e-06,525.1892238126902,CIN,MIL
MIN201504270,2015-04-27,MIN,DET,1,4,2238.4089622775527,872.516450655481,SEA,DET
ATL201504270,2015-04-27,ATL,WAS,1,0,1071.2330338826835,973.3591318981379,PHI,MIA
CHN201504270,2015-04-27,CHN,PIT,0,0,406.25273298859213,2336.6124175782998,CIN,ARI
SLN201504270,2015-04-27,SLN,PHI,0,0,526.8349145670746,1300.6291865836333,MIL,PHI
BOS201504270,2015-04-27,BOS,TOR,2,3,578.81170796599,1926.6943817180322,BAL,TBA
SDN201504270,2015-04-27,SDN,HOU,0,0,1e-06,731.4285571970996,SDN,OAK
TEX201504270,2015-04-27,TEX,SEA,0,2,1938.7751997181072,2688.6235870338205,ANA,SEA
LAN201504270,2015-04-27,LAN,SFN,0,0,179.52869961196944,1336.5596902131042,SDN,COL
ARI201504270,2015-04-27,ARI,COL,0,3,1e-06,942.6579354569091,ARI,COL
CLE201504280,2015-04-28,CLE,KCA,0,0,1e-06,1e-06,CLE,CLE
CHN201504280,2015-04-28,CHN,PIT,0,0,1e-06,1e-06,CHN,CHN
TEX201504280,2015-04-28,TEX,SEA,0,0,1e-06,1e-06,TEX,TEX
ARI201504280,2015-04-28,ARI,COL,3,0,1e-06,1e-06,ARI,ARI
BOS201504280,2015-04-28,BOS,TOR,0,0,1e-06,1e-06,BOS,BOS
SLN201504280,2015-04-28,SLN,PHI,2,0,1e-06,1e-06,SLN,SLN
MIA201504280,2015-04-28,MIA,NYN,0,0,1e-06,1e-06,MIA,MIA
OAK201504280,2015-04-28,OAK,ANA,5,2,1e-06,592.0809005913671,OAK,ANA
ATL201504280,2015-04-28,ATL,WAS,2,1,1e-06,1e-06,ATL,ATL
NYA201504280,2015-04-28,NYA,TBA,2,0,1e-06,1e-06,NYA,NYA
LAN201504280,2015-04-28,LAN,SFN,0,1,1e-06,1e-06,LAN,LAN
CIN201504280,2015-04-28,CIN,MIL,1,0,1e-06,1e-06,CIN,CIN
SDN201504280,2015-04-28,SDN,HOU,1,2,1e-06,1e-06,SDN,SDN
MIN201504280,2015-04-28,MIN,DET,0,0,1e-06,1e-06,MIN,MIN
BAL201504290,2015-04-29,BAL,CHA,6,0,1e-06,972.7856247406662,BAL,CHA
MIA201504290,2015-04-29,MIA,NYN,2,2,1e-06,1e-06,MIA,MIA
LAN201504290,2015-04-29,LAN,SFN,4,1,1e-06,1e-06,LAN,LAN
CLE201504290,2015-04-29,CLE,KCA,0,2,1e-06,1e-06,CLE,CLE
BOS201504290,2015-04-29,BOS,TOR,0,0,1e-06,1e-06,BOS,BOS
MIN201504290,2015-04-29,MIN,DET,0,0,1e-06,1e-06,MIN,MIN
OAK201504290,2015-04-29,OAK,ANA,0,2,1e-06,1e-06,OAK,OAK
ATL201504290,2015-04-29,ATL,WAS,2,0,1e-06,1e-06,ATL,ATL
ARI201504290,2015-04-29,ARI,COL,2,1,1e-06,1e-06,ARI,ARI
SDN201504290,2015-04-29,SDN,HOU,1,0,1e-06,1e-06,SDN,SDN
NYA201504290,2015-04-29,NYA,TBA,0,0,1e-06,1e-06,NYA,NYA
CIN201504290,2015-04-29,CIN,MIL,1,0,1e-06,1e-06,CIN,CIN
TEX201504290,2015-04-29,TEX,SEA,0,0,1e-06,1e-06,TEX,TEX
CHN201504290,2015-04-29,CHN,PIT,0,0,1e-06,1e-06,CHN,CHN
SLN201504290,2015-04-29,SLN,PHI,0,0,1e-06,1e-06,SLN,SLN
NYN201504300,2015-04-30,NYN,WAS,0,0,1756.5620451799746,1200.4511584455877,MIA,ATL
OAK201504300,2015-04-30,OAK,ANA,0,0,1e-06,1e-06,OAK,OAK
CLE201504300,2015-04-30,CLE,TOR,0,0,1e-06,884.5468110577992,CLE,BOS
SLN201504300,2015-04-30,SLN,PHI,3,0,1e-06,1e-06,SLN,SLN
MIN201504300,2015-04-30,MIN,CHA,1,0,1e-06,1508.338155320694,MIN,BAL
HOU201504300,2015-04-30,HOU,SEA,1,2,2092.675240202723,368.5990384284446,SDN,TEX
KCA201504300,2015-04-30,KCA,DET,0,0,1123.5230318083022,662.9211681328137,CLE,MIN
ATL201504300,2015-04-30,ATL,CIN,0,0,1e-06,595.1171397463928,ATL,CIN
HOU201505010,2015-05-01,HOU,SEA,2,0,1e-06,1e-06,HOU,HOU
MIA201505010,2015-05-01,MIA,PHI,0,0,1e-06,1707.3616110149374,MIA,SLN
SDN201505010,2015-05-01,SDN,COL,1,0,1e-06,481.0116378281714,SDN,ARI
SFN201505010,2015-05-01,SFN,ANA,1,0,559.4406195325591,13.027453191410114,LAN,OAK
TBA201505010,2015-05-01,TBA,BAL,0,0,1638.0556824552712,1393.7772067986984,NYA,BAL
CHN201505010,2015-05-01,CHN,MIL,0,0,1e-06,406.25273298859213,CHN,CIN
ATL201505010,2015-05-01,ATL,CIN,0,2,1e-06,1e-06,ATL,ATL
CLE201505010,2015-05-01,CLE,TOR,1,1,1e-06,1e-06,CLE,CLE
TEX201505010,2015-05-01,TEX,OAK,0,0,1e-06,2350.5503898425545,TEX,OAK
LAN201505010,2015-05-01,LAN,ARI,0,0,1e-06,574.8341159449532,LAN,ARI
KCA201505010,2015-05-01,KCA,DET,3,0,1e-06,1e-06,KCA,KCA
NYN201505010,2015-05-01,NYN,WAS,0,0,1e-06,1e-06,NYN,NYN
MIN201505010,2015-05-01,MIN,CHA,0,0,1e-06,1e-06,MIN,MIN
SLN201505010,2015-05-01,SLN,PIT,0,0,1e-06,422.49209120404555,SLN,CHN
BOS201505010,2015-05-01,BOS,NYA,0,1,1e-06,306.2037667286439,BOS,NYA
CHN201505020,2015-05-02,CHN,MIL,0,2,1e-06,1e-06,CHN,CHN
CLE201505020,2015-05-02,CLE,TOR,1,1,1e-06,1e-06,CLE,CLE
KCA201505020,2015-05-02,KCA,DET,0,0,1e-06,1e-06,KCA,KCA
TEX201505020,2015-05-02,TEX,OAK,1,1,1e-06,1e-06,TEX,TEX
SFN201505020,2015-05-02,SFN,ANA,0,0,1e-06,1e-06,SFN,SFN
NYN201505020,2015-05-02,NYN,WAS,0,0,1e-06,1e-06,NYN,NYN
ATL201505020,2015-05-02,ATL,CIN,0,0,1e-06,1e-06,ATL,ATL
MIN201505020,2015-05-02,MIN,CHA,0,0,1e-06,1e-06,MIN,MIN
SDN201505020,2015-05-02,SDN,COL,1,0,1e-06,1e-06,SDN,SDN
SLN201505020,2015-05-02,SLN,PIT,0,0,1e-06,1e-06,SLN,SLN
MIA201505020,2015-05-02,MIA,PHI,0,0,1e-06,1e-06,MIA,MIA
TBA201505020,2015-05-02,TBA,BAL,0,0,1e-06,1e-06,TBA,TBA
LAN201505020,2015-05-02,LAN,ARI,2,2,1e-06,1e-06,LAN,LAN
HOU201505020,2015-05-02,HOU,SEA,0,0,1e-06,1e-06,HOU,HOU
BOS201505020,2015-05-02,BOS,NYA,0,0,1e-06,1e-06,BOS,BOS
HOU201505030,2015-05-03,HOU,SEA,3,0,1e-06,1e-06,HOU,HOU
NYN201505030,2015-05-03,NYN,WAS,0,1,1e-06,1e-06,NYN,NYN
ATL201505030,2015-05-03,ATL,CIN,3,0,1e-06,1e-06,ATL,ATL
SLN201505030,2015-05-03,SLN,PIT,0,0,1e-06,1e-06,SLN,SLN
TBA201505030,2015-05-03,TBA,BAL,0,0,1e-06,1e-06,TBA,TBA
LAN201505030,2015-05-03,LAN,ARI,0,0,1e-06,1e-06,LAN,LAN
SDN201505030,2015-05-03,SDN,COL,2,1,1e-06,1e-06,SDN,SDN
MIN201505030,2015-05-03,MIN,CHA,0,0,1e-06,1e-06,MIN,MIN
BOS201505030,2015-05-03,BOS,NYA,0,2,1e-06,1e-06,BOS,BOS
TEX201505030,2015-05-03,TEX,OAK,0,0,1e-06,1e-06,TEX,TEX
KCA201505030,2015-05-03,KCA,DET,0,0,1e-06,1e-06,KCA,KCA
SFN201505030,2015-05-03,SFN,ANA,2,0,1e-06,1e-06,SFN,SFN
CLE201505030,2015-05-03,CLE,TOR,0,0,1e-06,1e-06,CLE,CLE
CHN201505030,2015-05-03,CHN,MIL,0,0,1e-06,1e-06,CHN,CHN
MIA201505030,2015-05-03,MIA,PHI,1,0,1e-06,1e-06,MIA,MIA
TOR201505040,2015-05-04,TOR,NYA,0,0,305.2632734150024,691.6136251477402,CLE,BOS
WAS201505040,2015-05-04,WAS,MIA,1,1,326.3648041771951,1489.628641346009,NYN,MIA
SFN201505040,2015-05-04,SFN,SDN,0,0,1e-06,738.1265117326025,SFN,SDN
MIL201505040,2015-05-04,MIL,LAN,0,1,132.54357794550742,2799.844413597458,CHN,LAN
MIN201505040,2015-05-04,MIN,OAK,0,4,1e-06,1396.7696185124962,MIN,TEX
HOU201505040,2015-05-04,HOU,TEX,1,0,1e-06,368.5990384284446,HOU,TEX
ATL201505040,2015-05-04,ATL,PHI,0,3,1e-06,973.3591318981379,ATL,MIA
BOS201505040,2015-05-04,BOS,TBA,0,2,1e-06,1926.6943817180322,BOS,TBA
SLN201505040,2015-05-04,SLN,CHN,4,5,1e-06,422.49209120404555,SLN,CHN
ANA201505040,2015-05-04,ANA,SEA,0,0,599.2380275896384,2169.9670210701,SFN,HOU
CHA201505050,2015-05-05,CHA,DET,1,1,571.0232496384983,663.9206411727051,MIN,KCA
MIN201505050,2015-05-05,MIN,OAK,0,1,1e-06,1e-06,MIN,MIN
PIT201505050,2015-05-05,PIT,CIN,0,0,898.8824563980571,840.3908477621023,SLN,ATL
KCA201505050,2015-05-05,KCA,CLE,3,2,1e-06,1123.5230318083022,KCA,CLE
TOR201505050,2015-05-05,TOR,NYA,0,2,1e-06,1e-06,TOR,TOR
SFN201505050,2015-05-05,SFN,SDN,0,0,1e-06,1e-06,SFN,SFN
SLN201505050,2015-05-05,SLN,CHN,0,0,1e-06,1e-06,SLN,SLN
ANA201505050,2015-05-05,ANA,SEA,2,0,1e-06,1e-06,ANA,ANA
WAS201505050,2015-05-05,WAS,MIA,0,0,1e-06,1e-06,WAS,WAS
MIL201505050,2015-05-05,MIL,LAN,0,0,1e-06,1e-06,MIL,MIL
BOS201505050,2015-05-05,BOS,TBA,0,0,1e-06,1e-06,BOS,BOS
ATL201505050,2015-05-05,ATL,PHI,2,0,1e-06,1e-06,ATL,ATL
HOU201505050,2015-05-05,HOU,TEX,1,4,1e-06,1e-06,HOU,HOU
NYN201505050,2015-05-05,NYN,BAL,0,0,1e-06,1638.0556824552712,NYN,TBA
KCA201505060,2015-05-06,KCA,CLE,0,1,1e-06,1e-06,KCA,KCA
SFN201505060,2015-05-06,SFN,SDN,0,0,1e-06,1e-06,SFN,SFN
COL201505061,2015-05-06,COL,ARI,0,0,1340.7925092662401,1336.5596902131042,SDN,LAN
MIL201505060,2015-05-06,MIL,LAN,5,0,1e-06,1e-06,MIL,MIL
COL201505062,2015-05-06,COL,ARI,0,0,1e-06,1e-06,COL,COL
WAS201505060,2015-05-06,WAS,MIA,0,0,1e-06,1e-06,WAS,WAS
ATL201505060,2015-05-06,ATL,PHI,1,0,1e-06,1e-06,ATL,ATL
MIN201505060,2015-05-06,MIN,OAK,0,0,1e-06,1e-06,MIN,MIN
ANA201505060,2015-05-06,ANA,SEA,0,0,1e-06,1e-06,ANA,ANA
HOU201505060,2015-05-06,HOU,TEX,0,0,1e-06,1e-06,HOU,HOU
TOR201505060,2015-05-06,TOR,NYA,0,1,1e-06,1e-06,TOR,TOR
NYN201505060,2015-05-06,NYN,BAL,0,0,1e-06,1e-06,NYN,NYN
PIT201505060,2015-05-06,PIT,CIN,0,0,1e-06,1e-06,PIT,PIT
SLN201505060,2015-05-06,SLN,CHN,0,2,1e-06,1e-06,SLN,SLN
BOS201505060,2015-05-06,BOS,TBA,0,0,1e-06,1e-06,BOS,BOS
CHA201505060,2015-05-06,CHA,DET,0,1,1e-06,1e-06,CHA,CHA
SFN201505070,2015-05-07,SFN,MIA,0,0,1e-06,3919.8438689376185,SFN,WAS
ARI201505070,2015-05-07,ARI,SDN,4,0,942.6579354569091,1050.9933942487219,COL,SFN
ANA201505070,2015-05-07,ANA,HOU,1,0,1e-06,2169.9670210701,ANA,HOU
NYA201505070,2015-05-07,NYA,BAL,2,1,550.2922217550002,1e-06,TOR,NYN
PIT201505070,2015-05-07,PIT,CIN,1,0,1e-06,1e-06,PIT,PIT
TBA201505070,2015-05-07,TBA,TEX,0,0,1926.6943817180322,1270.2138325576016,BOS,HOU
MIL201505070,2015-05-07,MIL,LAN,1,0,1e-06,1e-06,MIL,MIL
SLN201505070,2015-05-07,SLN,CHN,0,0,1e-06,1e-06,SLN,SLN
KCA201505070,2015-05-07,KCA,CLE,4,0,1e-06,1e-06,KCA,KCA
CHA201505070,2015-05-07,CHA,DET,0,1,1e-06,1e-06,CHA,CHA
MIN201505070,2015-05-07,MIN,OAK,0,0,1e-06,1e-06,MIN,MIN
SFN201505080,2015-05-08,SFN,MIA,0,0,1e-06,1e-06,SFN,SFN
ANA201505080,2015-05-08,ANA,HOU,0,0,1e-06,1e-06,ANA,ANA
TBA201505080,2015-05-08,TBA,TEX,0,0,1e-06,1e-06,TBA,TBA
DET201505080,2015-05-08,DET,KCA,0,0,380.91207013286544,1034.95696626315,CHA,KCA
MIL201505080,2015-05-08,MIL,CHN,1,1,1e-06,526.8349145670746,MIL,SLN
NYA201505080,2015-05-08,NYA,BAL,3,0,1e-06,1e-06,NYA,NYA
ARI201505080,2015-05-08,ARI,SDN,0,0,1e-06,1e-06,ARI,ARI
PIT201505080,2015-05-08,PIT,SLN,1,0,1e-06,898.8824563980571,PIT,SLN
SEA201505080,2015-05-08,SEA,OAK,0,0,1575.276973597757,2238.4089622775527,ANA,MIN
COL201505080,2015-05-08,COL,LAN,0,2,1e-06,1465.0252316671194,COL,MIL
CLE201505080,2015-05-08,CLE,MIN,0,1,1123.5230318083022,1013.2251113855248,KCA,MIN
TOR201505080,2015-05-08,TOR,BOS,1,0,1e-06,691.6136251477402,TOR,BOS
WAS201505080,2015-05-08,WAS,ATL,0,1,1e-06,874.0887985860761,WAS,ATL
PHI201505080,2015-05-08,PHI,NYN,1,0,1071.2330338826835,129.48897528262268,ATL,NYN
NYA201505090,2015-05-09,NYA,BAL,0,0,1e-06,1e-06,NYA,NYA
CLE201505090,2015-05-09,CLE,MIN,0,1,1e-06,1e-06,CLE,CLE
WAS201505090,2015-05-09,WAS,ATL,0,0,1e-06,1e-06,WAS,WAS
ANA201505090,2015-05-09,ANA,HOU,2,1,1e-06,1e-06,ANA,ANA
DET201505090,2015-05-09,DET,KCA,0,2,1e-06,1e-06,DET,DET
TBA201505090,2015-05-09,TBA,TEX,3,0,1e-06,1e-06,TBA,TBA
MIL201505090,2015-05-09,MIL,CHN,0,0,1e-06,1e-06,MIL,MIL
PIT201505090,2015-05-09,PIT,SLN,0,0,1e-06,1e-06,PIT,PIT
TOR201505090,2015-05-09,TOR,BOS,1,0,1e-06,1e-06,TOR,TOR
SFN201505090,2015-05-09,SFN,MIA,0,0,1e-06,1e-06,SFN,SFN
ARI201505090,2015-05-09,ARI,SDN,0,1,1e-06,1e-06,ARI,ARI
PHI201505090,2015-05-09,PHI,NYN,0,0,1e-06,1e-06,PHI,PHI
SEA201505090,2015-05-09,SEA,OAK,2,0,1e-06,1e-06,SEA,SEA
CHA201505092,2015-05-09,CHA,CIN,0,0,1e-06,660.0502267315369,CHA,PIT
CHA201505091,2015-05-09,CHA,CIN,0,0,1e-06,1e-06,CHA,CHA
NYA201505100,2015-05-10,NYA,BAL,0,0,1e-06,1e-06,NYA,NYA
MIL201505100,2015-05-10,MIL,CHN,0,0,1e-06,1e-06,MIL,MIL
TOR201505100,2015-05-10,TOR,BOS,0,4,1e-06,1e-06,TOR,TOR
SEA201505100,2015-05-10,SEA,OAK,0,0,1e-06,1e-06,SEA,SEA
DET201505100,2015-05-10,DET,KCA,0,0,1e-06,1e-06,DET,DET
COL201505100,2015-05-10,COL,LAN,0,0,1e-06,1e-06,COL,COL
PIT201505100,2015-05-10,PIT,SLN,1,0,1e-06,1e-06,PIT,PIT
CLE201505100,2015-05-10,CLE,MIN,1,1,1e-06,1e-06,CLE,CLE
CHA201505100,2015-05-10,CHA,CIN,0,0,1e-06,1e-06,CHA,CHA
ARI201505100,2015-05-10,ARI,SDN,0,0,1e-06,1e-06,ARI,ARI
SFN201505100,2015-05-10,SFN,MIA,0,0,1e-06,1e-06,SFN,SFN
PHI201505100,2015-05-10,PHI,NYN,0,0,1e-06,1e-06,PHI,PHI
ANA201505100,2015-05-10,ANA,HOU,0,0,1e-06,1e-06,ANA,ANA
TBA201505100,2015-05-10,TBA,TEX,0,0,1e-06,1e-06,TBA,TBA
WAS201505100,2015-05-10,WAS,ATL,3,0,1e-06,1e-06,WAS,WAS
CHN201505110,2015-05-11,CHN,NYN,3,0,132.54357794550742,1068.017024042746,MIL,PHI
PHI201505110,2015-05-11,PHI,PIT,1,0,1e-06,412.2899901216241,PHI,PIT
LAN201505110,2015-05-11,LAN,MIA,0,0,1336.5596902131042,559.4406195325591,COL,SFN
OAK201505110,2015-05-11,OAK,BOS,0,0,1089.6592015072615,3630.644600855592,SEA,TOR
BAL201505110,2015-05-11,BAL,TOR,3,0,272.81937803481173,537.0332419152472,NYA,TOR
ARI201505110,2015-05-11,ARI,WAS,0,4,1e-06,3184.3579900386735,ARI,WAS
TBA201505110,2015-05-11,TBA,NYA,1,1,1e-06,1638.0556824552712,TBA,NYA
TEX201505110,2015-05-11,TEX,KCA,0,0,1496.616116420437,1624.6230769135182,TBA,DET
MIL201505110,2015-05-11,MIL,CHA,3,0,1e-06,132.54357794550742,MIL,CHA
CIN201505110,2015-05-11,CIN,ATL,0,0,406.25273298859213,647.9323389925676,CHA,WAS
TEX201505120,2015-05-12,TEX,KCA,1,0,1e-06,1e-06,TEX,TEX
DET201505120,2015-05-12,DET,MIN,0,0,1e-06,145.52553501827433,DET,CLE
TBA201505120,2015-05-12,TBA,NYA,0,2,1e-06,1e-06,TBA,TBA
LAN201505120,2015-05-12,LAN,MIA,0,1,1e-06,1e-06,LAN,LAN
HOU201505120,2015-05-12,HOU,SFN,0,0,2169.9670210701,2641.7391700833814,ANA,SFN
CIN201505120,2015-05-12,CIN,ATL,2,0,1e-06,1e-06,CIN,CIN
MIL201505120,2015-05-12,MIL,CHA,1,0,1e-06,1e-06,MIL,MIL
CLE201505120,2015-05-12,CLE,SLN,0,0,1e-06,186.24975562107616,CLE,PIT
ARI201505120,2015-05-12,ARI,WAS,2,0,1e-06,1e-06,ARI,ARI
CHN201505120,2015-05-12,CHN,NYN,0,0,1e-06,1e-06,CHN,CHN
SEA201505120,2015-05-12,SEA,SDN,4,0,1e-06,1793.290239503433,SEA,ARI
ANA201505120,2015-05-12,ANA,COL,0,0,1e-06,1321.5005793187804,ANA,COL
OAK201505120,2015-05-12,OAK,BOS,3,0,1e-06,1e-06,OAK,OAK
PHI201505120,2015-05-12,PHI,PIT,0,0,1e-06,1e-06,PHI,PHI
BAL201505120,2015-05-12,BAL,TOR,0,0,1e-06,1e-06,BAL,BAL
HOU201505130,2015-05-13,HOU,SFN,0,1,1e-06,1e-06,HOU,HOU
PHI201505130,2015-05-13,PHI,PIT,0,0,1e-06,1e-06,PHI,PHI
CIN201505130,2015-05-13,CIN,ATL,1,0,1e-06,1e-06,CIN,CIN
MIL201505130,2015-05-13,MIL,CHA,0,3,1e-06,1e-06,MIL,MIL
DET201505130,2015-05-13,DET,MIN,0,1,1e-06,1e-06,DET,DET
CHN201505130,2015-05-13,CHN,NYN,0,0,1e-06,1e-06,CHN,CHN
BAL201505130,2015-05-13,BAL,TOR,0,0,1e-06,1e-06,BAL,BAL
CLE201505130,2015-05-13,CLE,SLN,2,0,1e-06,1e-06,CLE,CLE
TBA201505130,2015-05-13,TBA,NYA,1,2,1e-06,1e-06,TBA,TBA
OAK201505130,2015-05-13,OAK,BOS,0,0,1e-06,1e-06,OAK,OAK
TEX201505130,2015-05-13,TEX,KCA,2,0,1e-06,1e-06,TEX,TEX
ARI201505130,2015-05-13,ARI,WAS,0,0,1e-06,1e-06,ARI,ARI
ANA201505130,2015-05-13,ANA,COL,0,0,1e-06,1e-06,ANA,ANA
SEA201505130,2015-05-13,SEA,SDN,0,0,1e-06,1e-06,SEA,SEA
LAN201505130,2015-05-13,LAN,MIA,0,0,1e-06,1e-06,LAN,LAN
CLE201505140,2015-05-14,CLE,SLN,0,0,1e-06,1e-06,CLE,CLE
DET201505140,2015-05-14,DET,MIN,3,0,1e-06,1e-06,DET,DET
CIN201505140,2015-05-14,CIN,SFN,0,1,1e-06,1437.2452542414687,CIN,HOU
TBA201505140,2015-05-14,TBA,NYA,1,0,1e-06,1e-06,TBA,TBA
SEA201505140,2015-05-14,SEA,BOS,0,0,1e-06,1089.6592015072615,SEA,OAK
HOU201505140,2015-05-14,HOU,TOR,1,2,1e-06,2013.2384377541168,HOU,BAL
PHI201505140,2015-05-14,PHI,PIT,2,0,1e-06,1e-06,PHI,PHI
CHN201505140,2015-05-14,CHN,NYN,0,0,1e-06,1e-06,CHN,CHN
LAN201505140,2015-05-14,LAN,COL,2,0,1e-06,40.86770847173621,LAN,ANA
TEX201505140,2015-05-14,TEX,KCA,0,1,1e-06,1e-06,TEX,TEX
SDN201505140,2015-05-14,SDN,WAS,3,0,1711.8059777853623,481.0116378281714,SEA,ARI
CIN201505150,2015-05-15,CIN,SFN,1,3,1e-06,1e-06,CIN,CIN
PHI201505150,2015-05-15,PHI,ARI,0,0,1e-06,3344.1998186127516,PHI,ARI
LAN201505150,2015-05-15,LAN,COL,1,0,1e-06,1e-06,LAN,LAN
MIN201505150,2015-05-15,MIN,TBA,0,0,872.516450655481,2137.431531245163,DET,TBA
HOU201505150,2015-05-15,HOU,TOR,0,0,1e-06,1e-06,HOU,HOU
MIA201505150,2015-05-15,MIA,ATL,1,0,3756.8524313396424,1534.6263109130673,LAN,CIN
SEA201505150,2015-05-15,SEA,BOS,0,0,1e-06,1e-06,SEA,SEA
NYN201505150,2015-05-15,NYN,MIL,0,0,1144.1299356702407,1181.7674036325852,CHN,MIL
KCA201505150,2015-05-15,KCA,NYA,1,0,738.3603208647532,1680.826511683993,TEX,TBA
SLN201505150,2015-05-15,SLN,DET,0,0,790.4867119732073,731.229570844315,CLE,DET
BAL201505150,2015-05-15,BAL,ANA,0,1,1e-06,3703.3736830857606,BAL,ANA
CHN201505150,2015-05-15,CHN,PIT,0,0,1e-06,1068.017024042746,CHN,PHI
SDN201505150,2015-05-15,SDN,WAS,0,4,1e-06,1e-06,SDN,SDN
OAK201505150,2015-05-15,OAK,CHA,0,2,1e-06,2941.6301363819452,OAK,MIL
TEX201505150,2015-05-15,TEX,CLE,3,2,1e-06,1666.9381007624936,TEX,CLE
CIN201505160,2015-05-16,CIN,SFN,0,0,1e-06,1e-06,CIN,CIN
NYN201505160,2015-05-16,NYN,MIL,0,0,1e-06,1e-06,NYN,NYN
MIA201505160,2015-05-16,MIA,ATL,0,0,1e-06,1e-06,MIA,MIA
PHI201505160,2015-05-16,PHI,ARI,0,0,1e-06,1e-06,PHI,PHI
SLN201505160,2015-05-16,SLN,DET,1,1,1e-06,1e-06,SLN,SLN
LAN201505160,2015-05-16,LAN,COL,0,1,1e-06,1e-06,LAN,LAN
TEX201505160,2015-05-16,TEX,CLE,2,3,1e-06,1e-06,TEX,TEX
KCA201505160,2015-05-16,KCA,NYA,0,0,1e-06,1e-06,KCA,KCA
BAL201505160,2015-05-16,BAL,ANA,0,0,1e-06,1e-06,BAL,BAL
CHN201505160,2015-05-16,CHN,PIT,1,0,1e-06,1e-06,CHN,CHN
SDN201505160,2015-05-16,SDN,WAS,0,3,1e-06,1e-06,SDN,SDN
SEA201505160,2015-05-16,SEA,BOS,1,0,1e-06,1e-06,SEA,SEA
HOU201505160,2015-05-16,HOU,TOR,0,3,1e-06,1e-06,HOU,HOU
MIN201505160,2015-05-16,MIN,TBA,0,0,1e-06,1e-06,MIN,MIN
OAK201505160,2015-05-16,OAK,CHA,2,0,1e-06,1e-06,OAK,OAK
TEX201505170,2015-05-17,TEX,CLE,0,0,1e-06,1e-06,TEX,TEX
HOU201505170,2015-05-17,HOU,TOR,1,0,1e-06,1e-06,HOU,HOU
MIA201505170,2015-05-17,MIA,ATL,0,0,1e-06,1e-06,MIA,MIA
CIN201505170,2015-05-17,CIN,SFN,0,0,1e-06,1e-06,CIN,CIN
PHI201505170,2015-05-17,PHI,ARI,0,0,1e-06,1e-06,PHI,PHI
BAL201505170,2015-05-17,BAL,ANA,0,0,1e-06,1e-06,BAL,BAL
OAK201505170,2015-05-17,OAK,CHA,0,1,1e-06,1e-06,OAK,OAK
MIN201505170,2015-05-17,MIN,TBA,1,0,1e-06,1e-06,MIN,MIN
SDN201505170,2015-05-17,SDN,WAS,1,0,1e-06,1e-06,SDN,SDN
CHN201505170,2015-05-17,CHN,PIT,0,0,1e-06,1e-06,CHN,CHN
SEA201505170,2015-05-17,SEA,BOS,0,0,1e-06,1e-06,SEA,SEA
SLN201505170,2015-05-17,SLN,DET,0,1,1e-06,1e-06,SLN,SLN
KCA201505170,2015-05-17,KCA,NYA,0,0,1e-06,1e-06,KCA,KCA
NYN201505170,2015-05-17,NYN,MIL,1,0,1e-06,1e-06,NYN,NYN
LAN201505170,2015-05-17,LAN,COL,0,0,1e-06,1e-06,LAN,LAN
CHA201505180,2015-05-18,CHA,CLE,0,0,2971.6570204984887,1309.650558347085,OAK,TEX
COL201505180,2015-05-18,COL,PHI,0,1,1336.5596902131042,2534.0409405234473,LAN,PHI
DET201505180,2015-05-18,DET,MIL,1,1,731.229570844315,773.7548030957365,SLN,NYN
TOR201505180,2015-05-18,TOR,ANA,0,0,2094.913694918614,537.0332419152472,HOU,BAL
NYN201505180,2015-05-18,NYN,SLN,0,0,1e-06,1403.0288811452067,NYN,SLN
HOU201505180,2015-05-18,HOU,OAK,1,0,1e-06,2629.671879056886,HOU,OAK
MIA201505180,2015-05-18,MIA,ARI,0,0,1e-06,1644.1190984600378,MIA,PHI
DET201505190,2015-05-19,DET,MIL,1,0,1e-06,1e-06,DET,DET
ATL201505190,2015-05-19,ATL,TBA,0,1,973.3591318981379,1461.737067247833,MIA,MIN
HOU201505190,2015-05-19,HOU,OAK,0,0,1e-06,1e-06,HOU,HOU
PIT201505190,2015-05-19,PIT,MIN,0,1,660.0502267315369,1195.8388614672979,CHN,MIN
TOR201505190,2015-05-19,TOR,ANA,1,0,1e-06,1e-06,TOR,TOR
NYN201505190,2015-05-19,NYN,SLN,0,1,1e-06,1e-06,NYN,NYN
BAL201505190,2015-05-19,BAL,SEA,1,1,1e-06,3746.584168000963,BAL,SEA
COL201505190,2015-05-19,COL,PHI,3,0,1e-06,1e-06,COL,COL
MIA201505190,2015-05-19,MIA,ARI,0,0,1e-06,1e-06,MIA,MIA
SFN201505190,2015-05-19,SFN,LAN,0,0,3280.370735305635,559.4406195325591,CIN,LAN
KCA201505190,2015-05-19,KCA,CIN,0,0,1e-06,868.1617780403714,KCA,CIN
BOS201505190,2015-05-19,BOS,TEX,1,0,4000.0367541660753,2512.5604144030362,SEA,TEX
CHA201505190,2015-05-19,CHA,CLE,0,1,1e-06,1e-06,CHA,CHA
SDN201505190,2015-05-19,SDN,CHN,0,0,1e-06,2787.070270174863,SDN,CHN
WAS201505190,2015-05-19,WAS,NYA,2,0,3654.8629358941057,1515.349923149057,SDN,KCA
MIA201505200,2015-05-20,MIA,ARI,0,1,1e-06,1e-06,MIA,MIA
ATL201505200,2015-05-20,ATL,TBA,0,1,1e-06,1e-06,ATL,ATL
KCA201505200,2015-05-20,KCA,CIN,0,0,1e-06,1e-06,KCA,KCA
SDN201505200,2015-05-20,SDN,CHN,0,1,1e-06,1e-06,SDN,SDN
BAL201505200,2015-05-20,BAL,SEA,0,0,1e-06,1e-06,BAL,BAL
WAS201505200,2015-05-20,WAS,NYA,1,2,1e-06,1e-06,WAS,WAS
HOU201505200,2015-05-20,HOU,OAK,0,0,1e-06,1e-06,HOU,HOU
DET201505200,2015-05-20,DET,MIL,0,0,1e-06,1e-06,DET,DET
BOS201505200,2015-05-20,BOS,TEX,0,0,1e-06,1e-06,BOS,BOS
PIT201505200,2015-05-20,PIT,MIN,1,3,1e-06,1e-06,PIT,PIT
TOR201505200,2015-05-20,TOR,ANA,0,0,1e-06,1e-06,TOR,TOR
NYN201505200,2015-05-20,NYN,SLN,0,1,1e-06,1e-06,NYN,NYN
SFN201505200,2015-05-20,SFN,LAN,0,0,1e-06,1e-06,SFN,SFN
CHA201505200,2015-05-20,CHA,CLE,0,0,1e-06,1e-06,CHA,CHA
COL201505200,2015-05-20,COL,PHI,0,2,1e-06,1e-06,COL,COL
DET201505210,2015-05-21,DET,HOU,0,0,1e-06,1780.0976623230767,DET,HOU
COL201505210,2015-05-21,COL,PHI,0,0,1e-06,1e-06,COL,COL
NYN201505210,2015-05-21,NYN,SLN,0,0,1e-06,1e-06,NYN,NYN
TOR201505210,2015-05-21,TOR,ANA,0,1,1e-06,1e-06,TOR,TOR
TBA201505210,2015-05-21,TBA,OAK,0,0,688.5440708416155,1270.2138325576016,ATL,HOU
SFN201505210,2015-05-21,SFN,LAN,0,0,1e-06,1e-06,SFN,SFN
SDN201505210,2015-05-21,SDN,CHN,0,2,1e-06,1e-06,SDN,SDN
BOS201505210,2015-05-21,BOS,TEX,0,2,1e-06,1e-06,BOS,BOS
CHA201505210,2015-05-21,CHA,CLE,0,4,1e-06,1e-06,CHA,CHA
BAL201505210,2015-05-21,BAL,SEA,4,0,1e-06,1e-06,BAL,BAL
ATL201505210,2015-05-21,ATL,MIL,1,0,1e-06,961.6946291924537,ATL,DET
MIA201505210,2015-05-21,MIA,ARI,3,1,1e-06,1e-06,MIA,MIA
KCA201505220,2015-05-22,KCA,SLN,3,0,1e-06,1759.8286951805926,KCA,NYN
LAN201505220,2015-05-22,LAN,SDN,0,0,559.4406195325591,179.52869961196944,SFN,SDN
WAS201505220,2015-05-22,WAS,PHI,0,0,1e-06,2397.8679070622884,WAS,COL
COL201505220,2015-05-22,COL,SFN,0,0,1e-06,1524.5101947303656,COL,SFN
TOR201505220,2015-05-22,TOR,SEA,1,0,1e-06,537.0332419152472,TOR,BAL
CLE201505220,2015-05-22,CLE,CIN,0,0,494.38381964269325,1123.5230318083022,CHA,KCA
ARI201505220,2015-05-22,ARI,CHN,1,0,3182.157566983313,481.0116378281714,MIA,SDN
BOS201505220,2015-05-22,BOS,ANA,0,0,1e-06,691.6136251477402,BOS,TOR
DET201505220,2015-05-22,DET,HOU,0,0,1e-06,1e-06,DET,DET
ATL201505220,2015-05-22,ATL,MIL,0,2,1e-06,1e-06,ATL,ATL
NYA201505220,2015-05-22,NYA,TEX,0,0,326.3648041771951,306.2037667286439,WAS,BOS
MIA201505220,2015-05-22,MIA,BAL,1,0,1e-06,1539.1317139517298,MIA,BAL
PIT201505220,2015-05-22,PIT,NYN,0,0,1e-06,505.04779123783345,PIT,NYN
TBA201505220,2015-05-22,TBA,OAK,0,0,1e-06,1e-06,TBA,TBA
CHA201505220,2015-05-22,CHA,MIN,0,2,1e-06,660.0502267315369,CHA,PIT
CLE201505230,2015-05-23,CLE,CIN,0,0,1e-06,1e-06,CLE,CLE
COL201505231,2015-05-23,COL,SFN,0,0,1e-06,1e-06,COL,COL
COL201505232,2015-05-23,COL,SFN,0,0,1e-06,1e-06,COL,COL
MIA201505230,2015-05-23,MIA,BAL,0,0,1e-06,1e-06,MIA,MIA
TBA201505230,2015-05-23,TBA,OAK,0,0,1e-06,1e-06,TBA,TBA
LAN201505230,2015-05-23,LAN,SDN,1,0,1e-06,1e-06,LAN,LAN
DET201505230,2015-05-23,DET,HOU,0,0,1e-06,1e-06,DET,DET
BOS201505230,2015-05-23,BOS,ANA,0,2,1e-06,1e-06,BOS,BOS
CHA201505230,2015-05-23,CHA,MIN,0,0,1e-06,1e-06,CHA,CHA
PIT201505230,2015-05-23,PIT,NYN,2,0,1e-06,1e-06,PIT,PIT
TOR201505230,2015-05-23,TOR,SEA,1,0,1e-06,1e-06,TOR,TOR
KCA201505230,2015-05-23,KCA,SLN,0,0,1e-06,1e-06,KCA,KCA
WAS201505230,2015-05-23,WAS,PHI,0,0,1e-06,1e-06,WAS,WAS
ATL201505230,2015-05-23,ATL,MIL,0,1,1e-06,1e-06,ATL,ATL
NYA201505230,2015-05-23,NYA,TEX,0,0,1e-06,1e-06,NYA,NYA
ARI201505230,2015-05-23,ARI,CHN,2,0,1e-06,1e-06,ARI,ARI
KCA201505240,2015-05-24,KCA,SLN,0,2,1e-06,1e-06,KCA,KCA
BOS201505240,2015-05-24,BOS,ANA,0,0,1e-06,1e-06,BOS,BOS
CLE201505240,2015-05-24,CLE,CIN,0,0,1e-06,1e-06,CLE,CLE
PIT201505240,2015-05-24,PIT,NYN,0,0,1e-06,1e-06,PIT,PIT
ATL201505240,2015-05-24,ATL,MIL,0,0,1e-06,1e-06,ATL,ATL
MIA201505240,2015-05-24,MIA,BAL,0,0,1e-06,1e-06,MIA,MIA
CHA201505240,2015-05-24,CHA,MIN,0,1,1e-06,1e-06,CHA,CHA
LAN201505240,2015-05-24,LAN,SDN,0,4,1e-06,1e-06,LAN,LAN
NYA201505240,2015-05-24,NYA,TEX,2,1,1e-06,1e-06,NYA,NYA
COL201505240,2015-05-24,COL,SFN,0,0,1e-06,1e-06,COL,COL
DET201505240,2015-05-24,DET,HOU,5,3,1e-06,1e-06,DET,DET
TBA201505240,2015-05-24,TBA,OAK,0,1,1e-06,1e-06,TBA,TBA
TOR201505240,2015-05-24,TOR,SEA,0,0,1e-06,1e-06,TOR,TOR
ARI201505240,2015-05-24,ARI,CHN,1,0,1e-06,1e-06,ARI,ARI
WAS201505240,2015-05-24,WAS,PHI,0,0,1e-06,1e-06,WAS,WAS
CHN201505250,2015-05-25,CHN,WAS,1,1,2336.6124175782998,956.88299544195,ARI,WAS
TOR201505250,2015-05-25,TOR,CHA,4,0,1e-06,700.98343821047,TOR,CHA
BAL201505250,2015-05-25,BAL,HOU,0,0,1539.1317139517298,638.3359432178316,MIA,DET
ANA201505250,2015-05-25,ANA,SDN,0,0,4151.631080145035,40.86770847173621,BOS,LAN
CLE201505250,2015-05-25,CLE,TEX,1,3,1e-06,649.8727601989037,CLE,NYA
CIN201505250,2015-05-25,CIN,COL,2,1,358.1075548344512,1756.1898521305268,CLE,COL
TBA201505250,2015-05-25,TBA,SEA,0,2,1e-06,1789.459752085548,TBA,TOR
SLN201505250,2015-05-25,SLN,ARI,1,0,382.8562661725535,2043.890455711885,KCA,ARI
MIL201505250,2015-05-25,MIL,SFN,1,0,1079.4745171093869,1465.0252316671194,ATL,COL
NYN201505250,2015-05-25,NYN,PHI,1,0,505.04779123783345,326.3648041771951,PIT,WAS
OAK201505250,2015-05-25,OAK,DET,0,0,3845.9573440873414,3345.164678963249,TBA,DET
NYA201505250,2015-05-25,NYA,KCA,8,0,1e-06,1759.8286951805926,NYA,KCA
LAN201505250,2015-05-25,LAN,ATL,1,0,1e-06,3110.7650847781624,LAN,ATL
PIT201505250,2015-05-25,PIT,MIA,0,1,1e-06,1630.230113794326,PIT,MIA
MIN201505250,2015-05-25,MIN,BOS,1,0,571.0232496384983,1804.1923618308685,CHA,BOS
CIN201505260,2015-05-26,CIN,COL,0,0,1e-06,1e-06,CIN,CIN
TOR201505260,2015-05-26,TOR,CHA,1,0,1e-06,1e-06,TOR,TOR
PIT201505260,2015-05-26,PIT,MIA,1,0,1e-06,1e-06,PIT,PIT
MIN201505260,2015-05-26,MIN,BOS,2,0,1e-06,1e-06,MIN,MIN
NYA201505260,2015-05-26,NYA,KCA,2,0,1e-06,1e-06,NYA,NYA
CHN201505260,2015-05-26,CHN,WAS,1,0,1e-06,1e-06,CHN,CHN
LAN201505260,2015-05-26,LAN,ATL,0,0,1e-06,1e-06,LAN,LAN
TBA201505260,2015-05-26,TBA,SEA,2,2,1e-06,1e-06,TBA,TBA
OAK201505260,2015-05-26,OAK,DET,0,1,1e-06,1e-06,OAK,OAK
ANA201505260,2015-05-26,ANA,SDN,0,0,1e-06,1e-06,ANA,ANA
SLN201505260,2015-05-26,SLN,ARI,4,2,1e-06,1e-06,SLN,SLN
CLE201505260,2015-05-26,CLE,TEX,2,0,1e-06,1e-06,CLE,CLE
BAL201505260,2015-05-26,BAL,HOU,0,0,1e-06,1e-06,BAL,BAL
NYN201505260,2015-05-26,NYN,PHI,0,0,1e-06,1e-06,NYN,NYN
MIL201505260,2015-05-26,MIL,SFN,0,1,1e-06,1e-06,MIL,MIL
CIN201505270,2015-05-27,CIN,COL,1,3,1e-06,1e-06,CIN,CIN
PIT201505270,2015-05-27,PIT,MIA,0,0,1e-06,1e-06,PIT,PIT
SLN201505270,2015-05-27,SLN,ARI,1,0,1e-06,1e-06,SLN,SLN
CLE201505270,2015-05-27,CLE,TEX,0,0,1e-06,1e-06,CLE,CLE
MIN201505270,2015-05-27,MIN,BOS,0,0,1e-06,1e-06,MIN,MIN
TBA201505270,2015-05-27,TBA,SEA,0,0,1e-06,1e-06,TBA,TBA
BAL201505270,2015-05-27,BAL,HOU,0,0,1e-06,1e-06,BAL,BAL
MIL201505270,2015-05-27,MIL,SFN,0,0,1e-06,1e-06,MIL,MIL
NYA201505270,2015-05-27,NYA,KCA,0,1,1e-06,1e-06,NYA,NYA
CHN201505270,2015-05-27,CHN,WAS,0,0,1e-06,1e-06,CHN,CHN
OAK201505270,2015-05-27,OAK,DET,0,0,1e-06,1e-06,OAK,OAK
NYN201505270,2015-05-27,NYN,PHI,1,0,1e-06,1e-06,NYN,NYN
TOR201505270,2015-05-27,TOR,CHA,0,0,1e-06,1e-06,TOR,TOR
LAN201505270,2015-05-27,LAN,ATL,0,0,1e-06,1e-06,LAN,LAN
ANA201505270,2015-05-27,ANA,SDN,0,0,1e-06,1e-06,ANA,ANA
BAL201505282,2015-05-28,BAL,CHA,2,1,1e-06,537.0332419152472,BAL,TOR
OAK201505280,2015-05-28,OAK,NYA,0,0,1e-06,4115.687447058069,OAK,NYA
SFN201505280,2015-05-28,SFN,ATL,0,0,2954.3733541563483,559.4406195325591,MIL,LAN
BAL201505281,2015-05-28,BAL,CHA,0,0,1e-06,1e-06,BAL,BAL
SEA201505280,2015-05-28,SEA,CLE,0,0,4073.2230932877374,3251.6066902182984,TBA,CLE
ANA201505280,2015-05-28,ANA,DET,2,0,1e-06,592.0809005913671,ANA,OAK
SDN201505280,2015-05-28,SDN,PIT,0,3,141.8121399568677,3402.7692440534656,ANA,PIT
TEX201505280,2015-05-28,TEX,BOS,0,0,1666.9381007624936,1396.7696185124962,CLE,MIN
OAK201505290,2015-05-29,OAK,NYA,0,0,1e-06,1e-06,OAK,OAK
CHN201505290,2015-05-29,CHN,KCA,0,1,1e-06,1144.1299356702407,CHN,NYA
ANA201505290,2015-05-29,ANA,DET,0,0,1e-06,1e-06,ANA,ANA
NYN201505290,2015-05-29,NYN,MIA,0,0,1e-06,505.04779123783345,NYN,PIT
MIL201505290,2015-05-29,MIL,ARI,1,1,1e-06,526.8349145670746,MIL,SLN
HOU201505290,2015-05-29,HOU,CHA,0,0,2013.2384377541168,2013.2384377541168,BAL,BAL
TEX201505290,2015-05-29,TEX,BOS,0,0,1e-06,1e-06,TEX,TEX
MIN201505290,2015-05-29,MIN,TOR,4,0,1e-06,1113.3012797521421,MIN,TOR
SDN201505290,2015-05-29,SDN,PIT,0,0,1e-06,1e-06,SDN,SDN
SLN201505290,2015-05-29,SLN,LAN,1,0,1e-06,2553.1974748902726,SLN,LAN
CIN201505290,2015-05-29,CIN,WAS,1,0,1e-06,406.25273298859213,CIN,CHN
SEA201505290,2015-05-29,SEA,CLE,0,0,1e-06,1e-06,SEA,SEA
PHI201505290,2015-05-29,PHI,COL,0,1,129.48897528262268,807.0437326700402,NYN,CIN
BAL201505290,2015-05-29,BAL,TBA,0,0,1e-06,1393.7772067986984,BAL,TBA
SFN201505290,2015-05-29,SFN,ATL,2,0,1e-06,1e-06,SFN,SFN
OAK201505300,2015-05-30,OAK,NYA,0,1,1e-06,1e-06,OAK,OAK
SLN201505300,2015-05-30,SLN,LAN,1,0,1e-06,1e-06,SLN,SLN
TEX201505300,2015-05-30,TEX,BOS,1,0,1e-06,1e-06,TEX,TEX
ANA201505300,2015-05-30,ANA,DET,2,0,1e-06,1e-06,ANA,ANA
CIN201505300,2015-05-30,CIN,WAS,0,1,1e-06,1e-06,CIN,CIN
SDN201505300,2015-05-30,SDN,PIT,1,1,1e-06,1e-06,SDN,SDN
NYN201505300,2015-05-30,NYN,MIA,1,0,1e-06,1e-06,NYN,NYN
SEA201505300,2015-05-30,SEA,CLE,0,1,1e-06,1e-06,SEA,SEA
BAL201505300,2015-05-30,BAL,TBA,0,1,1e-06,1e-06,BAL,BAL
SFN201505300,2015-05-30,SFN,ATL,0,0,1e-06,1e-06,SFN,SFN
HOU201505300,2015-05-30,HOU,CHA,0,0,1e-06,1e-06,HOU,HOU
PHI201505300,2015-05-30,PHI,COL,1,0,1e-06,1e-06,PHI,PHI
MIL201505300,2015-05-30,MIL,ARI,1,0,1e-06,1e-06,MIL,MIL
MIN201505300,2015-05-30,MIN,TOR,0,0,1e-06,1e-06,MIN,MIN
HOU201505310,2015-05-31,HOU,CHA,0,0,1e-06,1e-06,HOU,HOU
SFN201505310,2015-05-31,SFN,ATL,0,0,1e-06,1e-06,SFN,SFN
OAK201505310,2015-05-31,OAK,NYA,0,0,1e-06,1e-06,OAK,OAK
PHI201505310,2015-05-31,PHI,COL,0,2,1e-06,1e-06,PHI,PHI
ANA201505310,2015-05-31,ANA,DET,0,0,1e-06,1e-06,ANA,ANA
SLN201505310,2015-05-31,SLN,LAN,2,0,1e-06,1e-06,SLN,SLN
CIN201505310,2015-05-31,CIN,WAS,0,0,1e-06,1e-06,CIN,CIN
CHN201505310,2015-05-31,CHN,KCA,0,0,1e-06,1e-06,CHN,CHN
SDN201505310,2015-05-31,SDN,PIT,2,0,1e-06,1e-06,SDN,SDN
BAL201505310,2015-05-31,BAL,TBA,1,0,1e-06,1e-06,BAL,BAL
MIL201505310,2015-05-31,MIL,ARI,0,1,1e-06,1e-06,MIL,MIL
TEX201505310,2015-05-31,TEX,BOS,1,1,1e-06,1e-06,TEX,TEX
NYN201505310,2015-05-31,NYN,MIA,1,0,1e-06,1e-06,NYN,NYN
SEA201505310,2015-05-31,SEA,CLE,0,0,1e-06,1e-06,SEA,SEA
MIN201505310,2015-05-31,MIN,TOR,1,0,1e-06,1e-06,MIN,MIN
SLN201506010,2015-06-01,SLN,MIL,0,1,1e-06,526.8349145670746,SLN,MIL
HOU201506010,2015-06-01,HOU,BAL,0,0,1e-06,2013.2384377541168,HOU,BAL
SDN201506010,2015-06-01,SDN,NYN,0,2,1e-06,3907.304911865239,SDN,NYN
ARI201506010,2015-06-01,ARI,ATL,0,0,2349.997873269975,1050.9933942487219,MIL,SFN
ANA201506010,2015-06-01,ANA,TBA,0,0,1e-06,3703.3736830857606,ANA,BAL
SEA201506010,2015-06-01,SEA,NYA,0,0,1e-06,1089.6592015072615,SEA,OAK
SFN201506010,2015-06-01,SFN,PIT,2,0,1e-06,738.1265117326025,SFN,SDN
MIA201506010,2015-06-01,MIA,CHN,0,2,1756.5620451799746,1915.1205670973725,NYN,CHN
COL201506010,2015-06-01,COL,LAN,0,0,2534.0409405234473,1279.0227614650469,PHI,SLN
WAS201506021,2015-06-02,WAS,TOR,0,0,647.9323389925676,1500.7861867672325,CIN,MIN
ANA201506020,2015-06-02,ANA,TBA,0,2,1e-06,1e-06,ANA,ANA
SEA201506020,2015-06-02,SEA,NYA,0,0,1e-06,1e-06,SEA,SEA
DET201506020,2015-06-02,DET,OAK,0,0,3167.1614902696224,3345.164678963249,ANA,OAK
BOS201506020,2015-06-02,BOS,MIN,0,0,2512.5604144030362,1804.1923618308685,TEX,MIN
ARI201506020,2015-06-02,ARI,ATL,0,1,1e-06,1e-06,ARI,ARI
SDN201506020,2015-06-02,SDN,NYN,0,1,1e-06,1e-06,SDN,SDN
SFN201506020,2015-06-02,SFN,PIT,2,0,1e-06,1e-06,SFN,SFN
COL201506021,2015-06-02,COL,LAN,0,0,1e-06,1e-06,COL,COL
SLN201506020,2015-06-02,SLN,MIL,0,0,1e-06,1e-06,SLN,SLN
WAS201506022,2015-06-02,WAS,TOR,0,0,1e-06,1e-06,WAS,WAS
HOU201506020,2015-06-02,HOU,BAL,0,0,1e-06,1e-06,HOU,HOU
COL201506022,2015-06-02,COL,LAN,0,1,1e-06,1e-06,COL,COL
KCA201506020,2015-06-02,KCA,CLE,0,0,663.9206411727051,2418.3539462011913,CHN,SEA
MIA201506020,2015-06-02,MIA,CHN,0,0,1e-06,1e-06,MIA,MIA
PHI201506020,2015-06-02,PHI,CIN,0,1,1e-06,807.0437326700402,PHI,CIN
TEX201506020,2015-06-02,TEX,CHA,4,0,1e-06,368.5990384284446,TEX,HOU
PHI201506030,2015-06-03,PHI,CIN,0,0,1e-06,1e-06,PHI,PHI
KCA201506030,2015-06-03,KCA,CLE,1,0,1e-06,1e-06,KCA,KCA
DET201506030,2015-06-03,DET,OAK,0,0,1e-06,1e-06,DET,DET
TEX201506030,2015-06-03,TEX,CHA,0,0,1e-06,1e-06,TEX,TEX
SEA201506030,2015-06-03,SEA,NYA,0,0,1e-06,1e-06,SEA,SEA
HOU201506030,2015-06-03,HOU,BAL,0,0,1e-06,1e-06,HOU,HOU
WAS201506030,2015-06-03,WAS,TOR,0,4,1e-06,1e-06,WAS,WAS
ARI201506030,2015-06-03,ARI,ATL,0,1,1e-06,1e-06,ARI,ARI
ANA201506030,2015-06-03,ANA,TBA,1,0,1e-06,1e-06,ANA,ANA
MIA201506030,2015-06-03,MIA,CHN,0,0,1e-06,1e-06,MIA,MIA
SFN201506030,2015-06-03,SFN,PIT,0,0,1e-06,1e-06,SFN,SFN
SLN201506030,2015-06-03,SLN,MIL,5,0,1e-06,1e-06,SLN,SLN
SDN201506030,2015-06-03,SDN,NYN,2,0,1e-06,1e-06,SDN,SDN
BOS201506031,2015-06-03,BOS,MIN,1,0,1e-06,1e-06,BOS,BOS
COL201506030,2015-06-03,COL,LAN,1,0,1e-06,1e-06,COL,COL
BOS201506032,2015-06-03,BOS,MIN,0,0,1e-06,1e-06,BOS,BOS
SEA201506040,2015-06-04,SEA,TBA,0,0,1e-06,1575.276973597757,SEA,ANA
HOU201506040,2015-06-04,HOU,BAL,0,1,1e-06,1e-06,HOU,HOU
PHI201506040,2015-06-04,PHI,CIN,2,1,1e-06,1e-06,PHI,PHI
WAS201506040,2015-06-04,WAS,CHN,0,2,1e-06,1489.628641346009,WAS,MIA
DET201506040,2015-06-04,DET,OAK,0,0,1e-06,1e-06,DET,DET
KCA201506040,2015-06-04,KCA,CLE,0,0,1e-06,1e-06,KCA,KCA
BOS201506040,2015-06-04,BOS,MIN,0,0,1e-06,1e-06,BOS,BOS
ARI201506040,2015-06-04,ARI,NYN,0,0,1e-06,481.0116378281714,ARI,SDN
LAN201506040,2015-06-04,LAN,SLN,0,0,1336.5596902131042,2553.1974748902726,COL,SLN
TEX201506040,2015-06-04,TEX,CHA,1,0,1e-06,1e-06,TEX,TEX
ATL201506050,2015-06-05,ATL,PIT,2,0,2556.4851145812468,3436.411305395792,ARI,SFN
CLE201506050,2015-06-05,CLE,BAL,0,0,1123.5230318083022,1793.7234420980124,KCA,HOU
TOR201506050,2015-06-05,TOR,HOU,0,0,563.6478111844908,2094.913694918614,WAS,HOU
MIN201506050,2015-06-05,MIN,MIL,0,1,1804.1923618308685,750.9189277472408,BOS,SLN
PHI201506050,2015-06-05,PHI,SFN,2,0,1e-06,4049.9907698933403,PHI,SFN
BOS201506050,2015-06-05,BOS,OAK,1,0,1e-06,984.732039314543,BOS,DET
NYA201506050,2015-06-05,NYA,ANA,0,0,3865.3953610333656,3915.807145653056,SEA,ANA
COL201506050,2015-06-05,COL,MIA,0,0,1e-06,2773.388608504832,COL,MIA
CHA201506050,2015-06-05,CHA,DET,1,0,1309.650558347085,380.91207013286544,TEX,DET
WAS201506050,2015-06-05,WAS,CHN,0,0,1e-06,1e-06,WAS,WAS
KCA201506050,2015-06-05,KCA,TEX,0,1,1e-06,738.3603208647532,KCA,TEX
ARI201506050,2015-06-05,ARI,NYN,0,0,1e-06,1e-06,ARI,ARI
LAN201506050,2015-06-05,LAN,SLN,0,0,1e-06,1e-06,LAN,LAN
CIN201506050,2015-06-05,CIN,SDN,0,2,807.0437326700402,3007.676031937142,PHI,SDN
SEA201506050,2015-06-05,SEA,TBA,0,0,1e-06,1e-06,SEA,SEA
ATL201506060,2015-06-06,ATL,PIT,0,0,1e-06,1e-06,ATL,ATL
KCA201506060,2015-06-06,KCA,TEX,0,2,1e-06,1e-06,KCA,KCA
SEA201506060,2015-06-06,SEA,TBA,0,0,1e-06,1e-06,SEA,SEA
CHA201506060,2015-06-06,CHA,DET,0,0,1e-06,1e-06,CHA,CHA
NYA201506060,2015-06-06,NYA,ANA,6,0,1e-06,1e-06,NYA,NYA
CLE201506060,2015-06-06,CLE,BAL,0,0,1e-06,1e-06,CLE,CLE
MIN201506060,2015-06-06,MIN,MIL,0,1,1e-06,1e-06,MIN,MIN
CIN201506060,2015-06-06,CIN,SDN,3,0,1e-06,1e-06,CIN,CIN
COL201506060,2015-06-06,COL,MIA,4,0,1e-06,1e-06,COL,COL
WAS201506060,2015-06-06,WAS,CHN,0,0,1e-06,1e-06,WAS,WAS
BOS201506060,2015-06-06,BOS,OAK,2,0,1e-06,1e-06,BOS,BOS
LAN201506060,2015-06-06,LAN,SLN,0,0,1e-06,1e-06,LAN,LAN
ARI201506060,2015-06-06,ARI,NYN,0,0,1e-06,1e-06,ARI,ARI
PHI201506060,2015-06-06,PHI,SFN,0,2,1e-06,1e-06,PHI,PHI
TOR201506060,2015-06-06,TOR,HOU,1,0,1e-06,1e-06,TOR,TOR
LAN201506070,2015-06-07,LAN,SLN,1,0,1e-06,1e-06,LAN,LAN
PHI201506070,2015-06-07,PHI,SFN,0,0,1e-06,1e-06,PHI,PHI
KCA201506070,2015-06-07,KCA,TEX,1,0,1e-06,1e-06,KCA,KCA
CIN201506070,2015-06-07,CIN,SDN,0,0,1e-06,1e-06,CIN,CIN
ATL201506070,2015-06-07,ATL,PIT,0,0,1e-06,1e-06,ATL,ATL
CHA201506070,2015-06-07,CHA,DET,4,1,1e-06,1e-06,CHA,CHA
ARI201506070,2015-06-07,ARI,NYN,2,1,1e-06,1e-06,ARI,ARI
COL201506070,2015-06-07,COL,MIA,0,2,1e-06,1e-06,COL,COL
SEA201506070,2015-06-07,SEA,TBA,0,1,1e-06,1e-06,SEA,SEA
BOS201506070,2015-06-07,BOS,OAK,0,0,1e-06,1e-06,BOS,BOS
WAS201506070,2015-06-07,WAS,CHN,0,0,1e-06,1e-06,WAS,WAS
NYA201506070,2015-06-07,NYA,ANA,0,2,1e-06,1e-06,NYA,NYA
CLE201506070,2015-06-07,CLE,BAL,0,1,1e-06,1e-06,CLE,CLE
TOR201506070,2015-06-07,TOR,HOU,1,0,1e-06,1e-06,TOR,TOR
MIN201506070,2015-06-07,MIN,MIL,0,0,1e-06,1e-06,MIN,MIN
COL201506080,2015-06-08,COL,SLN,5,0,1e-06,1336.5596902131042,COL,LAN
MIN201506080,2015-06-08,MIN,KCA,0,0,1e-06,662.9211681328137,MIN,KCA
CIN201506080,2015-06-08,CIN,PHI,1,1,1e-06,807.0437326700402,CIN,PHI
LAN201506080,2015-06-08,LAN,ARI,1,0,1e-06,574.8341159449532,LAN,ARI
ATL201506080,2015-06-08,ATL,SDN,0,0,1e-06,595.1171397463928,ATL,CIN
TOR201506080,2015-06-08,TOR,MIA,6,0,1e-06,2160.739883960971,TOR,COL
PIT201506080,2015-06-08,PIT,MIL,0,0,840.3908477621023,1195.8388614672979,ATL,MIN
CHA201506080,2015-06-08,CHA,HOU,0,0,1e-06,700.98343821047,CHA,TOR
MIN201506090,2015-06-09,MIN,KCA,0,1,1e-06,1e-06,MIN,MIN
PIT201506090,2015-06-09,PIT,MIL,0,0,1e-06,1e-06,PIT,PIT
ATL201506090,2015-06-09,ATL,SDN,0,0,1e-06,1e-06,ATL,ATL
LAN201506090,2015-06-09,LAN,ARI,0,0,1e-06,1e-06,LAN,LAN
NYA201506090,2015-06-09,NYA,WAS,0,0,1e-06,326.3648041771951,NYA,WAS
CHA201506090,2015-06-09,CHA,HOU,0,0,1e-06,1e-06,CHA,CHA
COL201506090,2015-06-09,COL,SLN,0,0,1e-06,1e-06,COL,COL
NYN201506090,2015-06-09,NYN,SFN,0,1,3443.682019431773,129.48897528262268,ARI,PHI
CLE201506090,2015-06-09,CLE,SEA,0,1,1e-06,3251.6066902182984,CLE,SEA
TBA201506090,2015-06-09,TBA,ANA,0,2,4073.2230932877374,1638.0556824552712,SEA,NYA
CIN201506090,2015-06-09,CIN,PHI,4,0,1e-06,1e-06,CIN,CIN
TOR201506090,2015-06-09,TOR,MIA,0,1,1e-06,1e-06,TOR,TOR
BAL201506090,2015-06-09,BAL,BOS,0,0,495.2645964012307,578.81170796599,CLE,BOS
OAK201506090,2015-06-09,OAK,TEX,0,0,4320.465179781682,2406.427657157802,BOS,KCA
DET201506090,2015-06-09,DET,CHN,1,0,380.91207013286544,635.8759829799529,CHA,WAS
OAK201506100,2015-06-10,OAK,TEX,1,0,1e-06,1e-06,OAK,OAK
NYA201506100,2015-06-10,NYA,WAS,0,0,1e-06,1e-06,NYA,NYA
DET201506100,2015-06-10,DET,CHN,0,0,1e-06,1e-06,DET,DET
NYN201506100,2015-06-10,NYN,SFN,2,2,1e-06,1e-06,NYN,NYN
CLE201506100,2015-06-10,CLE,SEA,0,0,1e-06,1e-06,CLE,CLE
CHA201506100,2015-06-10,CHA,HOU,0,0,1e-06,1e-06,CHA,CHA
PIT201506100,2015-06-10,PIT,MIL,1,0,1e-06,1e-06,PIT,PIT
ATL201506100,2015-06-10,ATL,SDN,0,0,1e-06,1e-06,ATL,ATL
BAL201506100,2015-06-10,BAL,BOS,0,0,1e-06,1e-06,BAL,BAL
MIN201506100,2015-06-10,MIN,KCA,0,4,1e-06,1e-06,MIN,MIN
COL201506100,2015-06-10,COL,SLN,0,0,1e-06,1e-06,COL,COL
TBA201506100,2015-06-10,TBA,ANA,0,0,1e-06,1e-06,TBA,TBA
CIN201506100,2015-06-10,CIN,PHI,4,0,1e-06,1e-06,CIN,CIN
TOR201506100,2015-06-10,TOR,MIA,0,0,1e-06,1e-06,TOR,TOR
LAN201506100,2015-06-10,LAN,ARI,0,1,1e-06,1e-06,LAN,LAN
NYN201506110,2015-06-11,NYN,SFN,0,2,1e-06,1e-06,NYN,NYN
TBA201506110,2015-06-11,TBA,ANA,0,0,1e-06,1e-06,TBA,TBA
MIA201506110,2015-06-11,MIA,COL,3,0,1988.7442573540513,2773.388608504832,TOR,COL
CLE201506110,2015-06-11,CLE,SEA,0,0,1e-06,1e-06,CLE,CLE
BAL201506110,2015-06-11,BAL,BOS,1,0,1e-06,1e-06,BAL,BAL
MIL201506110,2015-06-11,MIL,WAS,1,1,722.0054120555708,1181.7674036325852,PIT,NYA
CHN201506110,2015-06-11,CHN,CIN,3,0,380.91207013286544,406.25273298859213,DET,CIN
OAK201506110,2015-06-11,OAK,TEX,1,0,1e-06,1e-06,OAK,OAK
ATL201506110,2015-06-11,ATL,SDN,1,1,1e-06,1e-06,ATL,ATL
PIT201506120,2015-06-12,PIT,PHI,0,0,1e-06,415.25842934625814,PIT,CIN
BAL201506120,2015-06-12,BAL,NYA,1,0,1e-06,272.81937803481173,BAL,NYA
CHN201506120,2015-06-12,CHN,CIN,0,3,1e-06,1e-06,CHN,CHN
BOS201506120,2015-06-12,BOS,TOR,5,0,578.81170796599,691.6136251477402,BAL,TOR
SDN201506120,2015-06-12,SDN,LAN,0,0,3037.495642889967,179.52869961196944,ATL,LAN
MIA201506120,2015-06-12,MIA,COL,0,0,1e-06,1e-06,MIA,MIA
HOU201506120,2015-06-12,HOU,SEA,8,0,1516.5648050119732,1793.7234420980124,CHA,CLE
SLN201506120,2015-06-12,SLN,KCA,0,0,1279.0227614650469,750.9189277472408,COL,MIN
MIL201506120,2015-06-12,MIL,WAS,2,0,1e-06,1e-06,MIL,MIL
TEX201506120,2015-06-12,TEX,MIN,0,1,2350.5503898425545,1396.7696185124962,OAK,MIN
NYN201506120,2015-06-12,NYN,ATL,0,0,1e-06,1200.4511584455877,NYN,ATL
SFN201506120,2015-06-12,SFN,ARI,0,0,4128.529875974277,559.4406195325591,NYN,LAN
ANA201506120,2015-06-12,ANA,OAK,0,0,3425.3074193268753,592.0809005913671,TBA,OAK
DET201506120,2015-06-12,DET,CLE,0,0,1e-06,145.52553501827433,DET,CLE
TBA201506120,2015-06-12,TBA,CHA,0,0,1e-06,1636.2782802002057,TBA,CHA
MIA201506130,2015-06-13,MIA,COL,2,0,1e-06,1e-06,MIA,MIA
TEX201506130,2015-06-13,TEX,MIN,0,0,1e-06,1e-06,TEX,TEX
ANA201506130,2015-06-13,ANA,OAK,1,0,1e-06,1e-06,ANA,ANA
SFN201506130,2015-06-13,SFN,ARI,0,3,1e-06,1e-06,SFN,SFN
MIL201506130,2015-06-13,MIL,WAS,0,1,1e-06,1e-06,MIL,MIL
HOU201506130,2015-06-13,HOU,SEA,0,5,1e-06,1e-06,HOU,HOU
BOS201506130,2015-06-13,BOS,TOR,0,0,1e-06,1e-06,BOS,BOS
BAL201506130,2015-06-13,BAL,NYA,0,2,1e-06,1e-06,BAL,BAL
CHN201506130,2015-06-13,CHN,CIN,0,0,1e-06,1e-06,CHN,CHN
PIT201506130,2015-06-13,PIT,PHI,2,1,1e-06,1e-06,PIT,PIT
SDN201506130,2015-06-13,SDN,LAN,1,0,1e-06,1e-06,SDN,SDN
NYN201506130,2015-06-13,NYN,ATL,0,1,1e-06,1e-06,NYN,NYN
SLN201506130,2015-06-13,SLN,KCA,0,0,1e-06,1e-06,SLN,SLN
DET201506130,2015-06-13,DET,CLE,1,0,1e-06,1e-06,DET,DET
TBA201506130,2015-06-13,TBA,CHA,1,1,1e-06,1e-06,TBA,TBA
SDN201506140,2015-06-14,SDN,LAN,0,0,1e-06,1e-06,SDN,SDN
MIL201506140,2015-06-14,MIL,WAS,0,0,1e-06,1e-06,MIL,MIL
PIT201506140,2015-06-14,PIT,PHI,0,0,1e-06,1e-06,PIT,PIT
SFN201506140,2015-06-14,SFN,ARI,0,0,1e-06,1e-06,SFN,SFN
ANA201506140,2015-06-14,ANA,OAK,0,0,1e-06,1e-06,ANA,ANA
MIA201506140,2015-06-14,MIA,COL,0,3,1e-06,1e-06,MIA,MIA
NYN201506140,2015-06-14,NYN,ATL,1,1,1e-06,1e-06,NYN,NYN
HOU201506140,2015-06-14,HOU,SEA,3,0,1e-06,1e-06,HOU,HOU
CHN201506140,2015-06-14,CHN,CIN,0,0,1e-06,1e-06,CHN,CHN
BAL201506140,2015-06-14,BAL,NYA,2,1,1e-06,1e-06,BAL,BAL
BOS201506140,2015-06-14,BOS,TOR,0,0,1e-06,1e-06,BOS,BOS
TBA201506140,2015-06-14,TBA,CHA,0,0,1e-06,1e-06,TBA,TBA
TEX201506140,2015-06-14,TEX,MIN,0,2,1e-06,1e-06,TEX,TEX
DET201506140,2015-06-14,DET,CLE,1,0,1e-06,1e-06,DET,DET
NYN201506150,2015-06-15,NYN,TOR,0,1,1e-06,306.2037667286439,NYN,BOS
BAL201506150,2015-06-15,BAL,PHI,0,0,1e-06,314.0609856627503,BAL,PIT
HOU201506150,2015-06-15,HOU,COL,4,0,1e-06,1555.6920636215998,HOU,MIA
BOS201506150,2015-06-15,BOS,ATL,0,0,1e-06,306.2037667286439,BOS,NYN
TBA201506150,2015-06-15,TBA,WAS,0,0,1e-06,1768.0127004273768,TBA,MIL
SDN201506150,2015-06-15,SDN,OAK,0,0,1e-06,141.8121399568677,SDN,ANA
ANA201506150,2015-06-15,ANA,ARI,0,0,1e-06,599.2380275896384,ANA,SFN
TEX201506150,2015-06-15,TEX,LAN,0,0,1e-06,1879.9176992056841,TEX,SDN
DET201506150,2015-06-15,DET,CIN,0,0,1e-06,380.91207013286544,DET,CHN
MIA201506150,2015-06-15,MIA,NYA,0,0,1e-06,1539.1317139517298,MIA,BAL
MIL201506150,2015-06-15,MIL,KCA,0,3,1e-06,526.8349145670746,MIL,SLN
SLN201506150,2015-06-15,SLN,MIN,0,0,1e-06,897.3043892909234,SLN,TEX
PIT201506150,2015-06-15,PIT,CHA,5,0,1e-06,1429.1664141131923,PIT,TBA
SFN201506150,2015-06-15,SFN,SEA,0,1,1e-06,2641.7391700833814,SFN,HOU
DET201506160,2015-06-16,DET,CIN,1,0,1e-06,1e-06,DET,DET
ANA201506160,2015-06-16,ANA,ARI,0,0,1e-06,1e-06,ANA,ANA
HOU201506160,2015-06-16,HOU,COL,1,0,1e-06,1e-06,HOU,HOU
BAL201506160,2015-06-16,BAL,PHI,6,0,1e-06,1e-06,BAL,BAL
SDN201506160,2015-06-16,SDN,OAK,0,0,1e-06,1e-06,SDN,SDN
CHN201506160,2015-06-16,CHN,CLE,0,0,1e-06,380.91207013286544,CHN,DET
BOS201506160,2015-06-16,BOS,ATL,2,0,1e-06,1e-06,BOS,BOS
SLN201506160,2015-06-16,SLN,MIN,0,1,1e-06,1e-06,SLN,SLN
TBA201506160,2015-06-16,TBA,WAS,0,0,1e-06,1e-06,TBA,TBA
MIL201506160,2015-06-16,MIL,KCA,0,2,1e-06,1e-06,MIL,MIL
NYN201506160,2015-06-16,NYN,TOR,0,0,1e-06,1e-06,NYN,NYN
TEX201506160,2015-06-16,TEX,LAN,1,0,1e-06,1e-06,TEX,TEX
MIA201506160,2015-06-16,MIA,NYA,8,0,1e-06,1e-06,MIA,MIA
PIT201506160,2015-06-16,PIT,CHA,0,0,1e-06,1e-06,PIT,PIT
SFN201506160,2015-06-16,SFN,SEA,0,0,1e-06,1e-06,SFN,SFN
LAN201506170,2015-06-17,LAN,TEX,0,0,1971.1455630393184,1971.1455630393184,TEX,TEX
KCA201506170,2015-06-17,KCA,MIL,0,0,707.8851314063497,707.8851314063497,MIL,MIL
ARI201506170,2015-06-17,ARI,ANA,1,0,540.0297061463508,540.0297061463508,ANA,ANA
COL201506170,2015-06-17,COL,HOU,0,2,1412.379089095518,1412.379089095518,HOU,HOU
PHI201506170,2015-06-17,PHI,BAL,1,1,144.5656230575587,144.5656230575587,BAL,BAL
SEA201506170,2015-06-17,SEA,SFN,0,0,1092.0187760809354,1092.0187760809354,SFN,SFN
OAK201506170,2015-06-17,OAK,SDN,4,0,731.4285571970996,731.4285571970996,SDN,SDN
NYA201506170,2015-06-17,NYA,MIA,1,0,1756.5620451799746,1756.5620451799746,MIA,MIA
CIN201506170,2015-06-17,CIN,DET,0,0,380.0544669682655,380.0544669682655,DET,DET
MIN201506170,2015-06-17,MIN,SLN,0,0,750.9189277472408,750.9189277472408,SLN,SLN
TOR201506170,2015-06-17,TOR,NYN,0,0,550.2922217550002,550.2922217550002,NYN,NYN
CLE201506170,2015-06-17,CLE,CHN,0,0,494.38381964269325,494.38381964269325,CHN,CHN
WAS201506170,2015-06-17,WAS,TBA,0,0,1340.493838211085,1340.493838211085,TBA,TBA
CHA201506170,2015-06-17,CHA,PIT,0,3,660.0502267315369,660.0502267315369,PIT,PIT
ATL201506170,2015-06-17,ATL,BOS,0,0,1506.6278415289673,1506.6278415289673,BOS,BOS
WAS201506180,2015-06-18,WAS,TBA,2,0,1e-06,1e-06,WAS,WAS
OAK201506180,2015-06-18,OAK,SDN,0,0,1e-06,1e-06,OAK,OAK
ATL201506180,2015-06-18,ATL,BOS,0,0,1e-06,1e-06,ATL,ATL
KCA201506180,2015-06-18,KCA,MIL,2,0,1e-06,1e-06,KCA,KCA
PHI201506180,2015-06-18,PHI,BAL,0,1,1e-06,1e-06,PHI,PHI
MIN201506180,2015-06-18,MIN,SLN,0,0,1e-06,1e-06,MIN,MIN
ARI201506180,2015-06-18,ARI,ANA,0,0,1e-06,1e-06,ARI,ARI
TOR201506180,2015-06-18,TOR,NYN,0,0,1e-06,1e-06,TOR,TOR
NYA201506180,2015-06-18,NYA,MIA,1,0,1e-06,1e-06,NYA,NYA
COL201506180,2015-06-18,COL,HOU,3,1,1e-06,1e-06,COL,COL
CLE201506180,2015-06-18,CLE,CHN,2,0,1e-06,1e-06,CLE,CLE
CHA201506180,2015-06-18,CHA,PIT,0,0,1e-06,1e-06,CHA,CHA
SEA201506180,2015-06-18,SEA,SFN,0,0,1e-06,1e-06,SEA,SEA
LAN201506180,2015-06-18,LAN,TEX,0,0,1e-06,1e-06,LAN,LAN
ATL201506190,2015-06-19,ATL,NYN,0,0,1e-06,1183.2911929642491,ATL,TOR
LAN201506190,2015-06-19,LAN,SFN,0,0,1e-06,1545.141516309272,LAN,SEA
TOR201506190,2015-06-19,TOR,BAL,2,0,1e-06,539.7375980826044,TOR,PHI
PHI201506190,2015-06-19,PHI,SLN,0,0,1e-06,1582.6741426537678,PHI,MIN
OAK201506190,2015-06-19,OAK,ANA,3,0,1e-06,1040.2976618519092,OAK,ARI
NYA201506190,2015-06-19,NYA,DET,1,0,1e-06,913.3322258208743,NYA,CIN
CLE201506190,2015-06-19,CLE,TBA,1,1,1e-06,490.8851885982564,CLE,WAS
KCA201506190,2015-06-19,KCA,BOS,0,0,1e-06,1087.4766965335918,KCA,ATL
ARI201506190,2015-06-19,ARI,SDN,1,0,1e-06,1040.2976618519092,ARI,OAK
SEA201506190,2015-06-19,SEA,HOU,2,1,1e-06,1640.846947858291,SEA,COL
CIN201506190,2015-06-19,CIN,MIA,0,0,1e-06,913.3322258208743,CIN,NYA
WAS201506190,2015-06-19,WAS,PIT,2,0,1e-06,956.88299544195,WAS,CHA
MIN201506190,2015-06-19,MIN,CHN,2,0,1e-06,1013.2251113855248,MIN,CLE
CHA201506190,2015-06-19,CHA,TEX,0,0,1e-06,2804.8246802178714,CHA,LAN
COL201506190,2015-06-19,COL,MIL,0,3,1e-06,896.2397141964761,COL,KCA
CLE201506200,2015-06-20,CLE,TBA,0,3,1e-06,1e-06,CLE,CLE
ARI201506200,2015-06-20,ARI,SDN,0,0,1e-06,1e-06,ARI,ARI
CIN201506200,2015-06-20,CIN,MIA,0,0,1e-06,1e-06,CIN,CIN
WAS201506200,2015-06-20,WAS,PIT,0,0,1e-06,1e-06,WAS,WAS
TOR201506200,2015-06-20,TOR,BAL,1,1,1e-06,1e-06,TOR,TOR
MIN201506200,2015-06-20,MIN,CHN,0,0,1e-06,1e-06,MIN,MIN
KCA201506200,2015-06-20,KCA,BOS,0,1,1e-06,1e-06,KCA,KCA
OAK201506200,2015-06-20,OAK,ANA,1,0,1e-06,1e-06,OAK,OAK
NYA201506200,2015-06-20,NYA,DET,1,0,1e-06,1e-06,NYA,NYA
SEA201506200,2015-06-20,SEA,HOU,0,0,1e-06,1e-06,SEA,SEA
LAN201506200,2015-06-20,LAN,SFN,2,2,1e-06,1e-06,LAN,LAN
ATL201506200,2015-06-20,ATL,NYN,0,2,1e-06,1e-06,ATL,ATL
CHA201506200,2015-06-20,CHA,TEX,0,0,1e-06,1e-06,CHA,CHA
PHI201506200,2015-06-20,PHI,SLN,0,0,1e-06,1e-06,PHI,PHI
COL201506200,2015-06-20,COL,MIL,0,0,1e-06,1e-06,COL,COL
MIN201506210,2015-06-21,MIN,CHN,0,0,1e-06,1e-06,MIN,MIN
NYA201506210,2015-06-21,NYA,DET,0,5,1e-06,1e-06,NYA,NYA
SEA201506210,2015-06-21,SEA,HOU,1,1,1e-06,1e-06,SEA,SEA
CIN201506210,2015-06-21,CIN,MIA,2,1,1e-06,1e-06,CIN,CIN
CHA201506210,2015-06-21,CHA,TEX,0,1,1e-06,1e-06,CHA,CHA
LAN201506210,2015-06-21,LAN,SFN,1,0,1e-06,1e-06,LAN,LAN
CLE201506210,2015-06-21,CLE,TBA,0,0,1e-06,1e-06,CLE,CLE
COL201506210,2015-06-21,COL,MIL,0,0,1e-06,1e-06,COL,COL
TOR201506210,2015-06-21,TOR,BAL,0,0,1e-06,1e-06,TOR,TOR
WAS201506210,2015-06-21,WAS,PIT,9,0,1e-06,1e-06,WAS,WAS
KCA201506210,2015-06-21,KCA,BOS,0,0,1e-06,1e-06,KCA,KCA
OAK201506210,2015-06-21,OAK,ANA,0,0,1e-06,1e-06,OAK,OAK
PHI201506210,2015-06-21,PHI,SLN,0,0,1e-06,1e-06,PHI,PHI
ATL201506210,2015-06-21,ATL,NYN,0,0,1e-06,1e-06,ATL,ATL
ARI201506210,2015-06-21,ARI,SDN,0,0,1e-06,1e-06,ARI,ARI
NYA201506220,2015-06-22,NYA,PHI,2,1,1e-06,129.48897528262268,NYA,PHI
TBA201506220,2015-06-22,TBA,TOR,1,0,1529.408250521614,1789.459752085548,CLE,TOR
CHN201506220,2015-06-22,CHN,LAN,0,0,571.0232496384983,2804.8246802178714,MIN,LAN
MIN201506220,2015-06-22,MIN,CHA,1,0,1e-06,571.0232496384983,MIN,CHA
SEA201506220,2015-06-22,SEA,KCA,1,0,1e-06,2418.3539462011913,SEA,KCA
CLE201506220,2015-06-22,CLE,DET,0,1,1e-06,649.8727601989037,CLE,NYA
ANA201506220,2015-06-22,ANA,HOU,0,0,592.0809005913671,1575.276973597757,OAK,SEA
MIN201506230,2015-06-23,MIN,CHA,1,0,1e-06,1e-06,MIN,MIN
SEA201506230,2015-06-23,SEA,KCA,0,0,1e-06,1e-06,SEA,SEA
CHN201506230,2015-06-23,CHN,LAN,0,0,1e-06,1e-06,CHN,CHN
TEX201506230,2015-06-23,TEX,OAK,0,0,1309.650558347085,2350.5503898425545,CHA,OAK
WAS201506230,2015-06-23,WAS,ATL,1,0,1e-06,874.0887985860761,WAS,ATL
CLE201506230,2015-06-23,CLE,DET,0,0,1e-06,1e-06,CLE,CLE
ANA201506230,2015-06-23,ANA,HOU,0,1,1e-06,1e-06,ANA,ANA
PIT201506230,2015-06-23,PIT,CIN,0,3,305.44483751928374,415.25842934625814,WAS,CIN
MIA201506230,2015-06-23,MIA,SLN,2,0,1534.6263109130673,1644.1190984600378,CIN,PHI
TBA201506230,2015-06-23,TBA,TOR,0,0,1e-06,1e-06,TBA,TBA
SFN201506230,2015-06-23,SFN,SDN,0,0,559.4406195325591,1050.9933942487219,LAN,ARI
MIL201506230,2015-06-23,MIL,NYN,1,0,1465.0252316671194,1079.4745171093869,COL,ATL
COL201506230,2015-06-23,COL,ARI,0,0,1e-06,942.6579354569091,COL,ARI
NYA201506230,2015-06-23,NYA,PHI,1,0,1e-06,1e-06,NYA,NYA
BOS201506230,2015-06-23,BOS,BAL,0,0,2008.0645584325657,691.6136251477402,KCA,TOR
ANA201506240,2015-06-24,ANA,HOU,0,0,1e-06,1e-06,ANA,ANA
TBA201506240,2015-06-24,TBA,TOR,0,0,1e-06,1e-06,TBA,TBA
CLE201506240,2015-06-24,CLE,DET,0,0,1e-06,1e-06,CLE,CLE
SFN201506240,2015-06-24,SFN,SDN,0,0,1e-06,1e-06,SFN,SFN
CHN201506240,2015-06-24,CHN,LAN,0,0,1e-06,1e-06,CHN,CHN
COL201506240,2015-06-24,COL,ARI,2,0,1e-06,1e-06,COL,COL
BOS201506240,2015-06-24,BOS,BAL,0,0,1e-06,1e-06,BOS,BOS
MIN201506240,2015-06-24,MIN,CHA,0,0,1e-06,1e-06,MIN,MIN
PIT201506240,2015-06-24,PIT,CIN,0,4,1e-06,1e-06,PIT,PIT
MIL201506240,2015-06-24,MIL,NYN,2,0,1e-06,1e-06,MIL,MIL
SEA201506240,2015-06-24,SEA,KCA,0,0,1e-06,1e-06,SEA,SEA
MIA201506240,2015-06-24,MIA,SLN,0,0,1e-06,1e-06,MIA,MIA
NYA201506240,2015-06-24,NYA,PHI,0,0,1e-06,1e-06,NYA,NYA
TEX201506240,2015-06-24,TEX,OAK,0,5,1e-06,1e-06,TEX,TEX
WAS201506240,2015-06-24,WAS,ATL,0,0,1e-06,1e-06,WAS,WAS
MIA201506250,2015-06-25,MIA,SLN,0,0,1e-06,1e-06,MIA,MIA
CHN201506250,2015-06-25,CHN,LAN,0,2,1e-06,1e-06,CHN,CHN
DET201506250,2015-06-25,DET,CHA,2,1,145.52553501827433,872.516450655481,CLE,MIN
TEX201506250,2015-06-25,TEX,OAK,0,0,1e-06,1e-06,TEX,TEX
WAS201506250,2015-06-25,WAS,ATL,1,0,1e-06,1e-06,WAS,WAS
MIL201506250,2015-06-25,MIL,NYN,0,0,1e-06,1e-06,MIL,MIL
BOS201506250,2015-06-25,BOS,BAL,0,0,1e-06,1e-06,BOS,BOS
HOU201506250,2015-06-25,HOU,NYA,0,0,2169.9670210701,2282.180747677387,ANA,NYA
COL201506250,2015-06-25,COL,ARI,0,0,1e-06,1e-06,COL,COL
PIT201506250,2015-06-25,PIT,CIN,0,1,1e-06,1e-06,PIT,PIT
SFN201506250,2015-06-25,SFN,SDN,2,0,1e-06,1e-06,SFN,SFN
SFN201506260,2015-06-26,SFN,COL,0,0,1e-06,1524.5101947303656,SFN,COL
PIT201506260,2015-06-26,PIT,ATL,0,0,1e-06,305.44483751928374,PIT,WAS
TBA201506260,2015-06-26,TBA,BOS,0,0,1e-06,1926.6943817180322,TBA,BOS
ANA201506260,2015-06-26,ANA,SEA,1,0,1e-06,1575.276973597757,ANA,SEA
MIA201506260,2015-06-26,MIA,LAN,1,0,1e-06,1915.1205670973725,MIA,CHN
MIL201506260,2015-06-26,MIL,MIN,6,1,1e-06,476.38512191307035,MIL,MIN
SDN201506260,2015-06-26,SDN,ARI,1,0,738.1265117326025,1340.7925092662401,SFN,COL
OAK201506260,2015-06-26,OAK,KCA,0,0,2350.5503898425545,1089.6592015072615,TEX,SEA
HOU201506260,2015-06-26,HOU,NYA,0,0,1e-06,1e-06,HOU,HOU
BAL201506260,2015-06-26,BAL,CLE,0,0,578.81170796599,495.2645964012307,BOS,CLE
SLN201506260,2015-06-26,SLN,CHN,0,0,1707.3616110149374,422.49209120404555,MIA,CHN
TOR201506260,2015-06-26,TOR,TEX,4,1,1789.459752085548,1953.6900971659159,TBA,TEX
DET201506260,2015-06-26,DET,CHA,1,1,1e-06,1e-06,DET,DET
NYN201506260,2015-06-26,NYN,CIN,1,0,1181.7674036325852,505.04779123783345,MIL,PIT
PHI201506260,2015-06-26,PHI,WAS,0,1,129.48897528262268,197.2342958595587,NYA,WAS
MIL201506270,2015-06-27,MIL,MIN,0,0,1e-06,1e-06,MIL,MIL
TOR201506270,2015-06-27,TOR,TEX,0,0,1e-06,1e-06,TOR,TOR
SLN201506270,2015-06-27,SLN,CHN,0,0,1e-06,1e-06,SLN,SLN
ANA201506270,2015-06-27,ANA,SEA,2,0,1e-06,1e-06,ANA,ANA
MIA201506270,2015-06-27,MIA,LAN,2,1,1e-06,1e-06,MIA,MIA
TBA201506270,2015-06-27,TBA,BOS,0,0,1e-06,1e-06,TBA,TBA
NYN201506270,2015-06-27,NYN,CIN,0,0,1e-06,1e-06,NYN,NYN
HOU201506270,2015-06-27,HOU,NYA,0,4,1e-06,1e-06,HOU,HOU
SFN201506270,2015-06-27,SFN,COL,0,3,1e-06,1e-06,SFN,SFN
OAK201506270,2015-06-27,OAK,KCA,1,0,1e-06,1e-06,OAK,OAK
PIT201506270,2015-06-27,PIT,ATL,5,0,1e-06,1e-06,PIT,PIT
SDN201506270,2015-06-27,SDN,ARI,2,0,1e-06,1e-06,SDN,SDN
MIA201506280,2015-06-28,MIA,LAN,0,0,1e-06,1e-06,MIA,MIA
SDN201506280,2015-06-28,SDN,ARI,1,0,1e-06,1e-06,SDN,SDN
SLN201506280,2015-06-28,SLN,CHN,0,0,1e-06,1e-06,SLN,SLN
BAL201506282,2015-06-28,BAL,CLE,0,0,1e-06,1e-06,BAL,BAL
BAL201506281,2015-06-28,BAL,CLE,0,0,1e-06,1e-06,BAL,BAL
TOR201506280,2015-06-28,TOR,TEX,0,0,1e-06,1e-06,TOR,TOR
OAK201506280,2015-06-28,OAK,KCA,0,0,1e-06,1e-06,OAK,OAK
PIT201506280,2015-06-28,PIT,ATL,0,0,1e-06,1e-06,PIT,PIT
ANA201506280,2015-06-28,ANA,SEA,0,0,1e-06,1e-06,ANA,ANA
TBA201506280,2015-06-28,TBA,BOS,0,0,1e-06,1e-06,TBA,TBA
SFN201506280,2015-06-28,SFN,COL,1,2,1e-06,1e-06,SFN,SFN
NYN201506280,2015-06-28,NYN,CIN,0,1,1e-06,1e-06,NYN,NYN
MIL201506280,2015-06-28,MIL,MIN,0,0,1e-06,1e-06,MIL,MIL
PHI201506282,2015-06-28,PHI,WAS,0,0,1e-06,1e-06,PHI,PHI
PHI201506281,2015-06-28,PHI,WAS,0,0,1e-06,1e-06,PHI,PHI
DET201506280,2015-06-28,DET,CHA,0,0,1e-06,1e-06,DET,DET
HOU201506280,2015-06-28,HOU,NYA,0,0,1e-06,1e-06,HOU,HOU
TOR201506290,2015-06-29,TOR,BOS,0,0,1e-06,1789.459752085548,TOR,TBA
OAK201506290,2015-06-29,OAK,COL,4,0,1e-06,13.027453191410114,OAK,SFN
ARI201506290,2015-06-29,ARI,LAN,0,1,481.0116378281714,3182.157566983313,SDN,MIA
CIN201506290,2015-06-29,CIN,MIN,3,0,913.3322258208743,525.1892238126902,NYN,MIL
HOU201506290,2015-06-29,HOU,KCA,0,0,1e-06,2629.671879056886,HOU,OAK
BAL201506290,2015-06-29,BAL,TEX,0,0,1e-06,537.0332419152472,BAL,TOR
PHI201506290,2015-06-29,PHI,MIL,2,1,1e-06,1117.7982780855818,PHI,MIL
TBA201506290,2015-06-29,TBA,CLE,0,1,1e-06,1393.7772067986984,TBA,BAL
ANA201506290,2015-06-29,ANA,NYA,1,0,1e-06,2169.9670210701,ANA,HOU
DET201506300,2015-06-30,DET,PIT,0,0,1e-06,331.7516309667575,DET,PIT
BAL201506300,2015-06-30,BAL,TEX,3,0,1e-06,1e-06,BAL,BAL
TOR201506300,2015-06-30,TOR,BOS,0,2,1e-06,1e-06,TOR,TOR
ARI201506300,2015-06-30,ARI,LAN,0,0,1e-06,1e-06,ARI,ARI
MIA201506300,2015-06-30,MIA,SFN,0,1,1e-06,4167.0413845935145,MIA,SFN
CIN201506300,2015-06-30,CIN,MIN,0,1,1e-06,1e-06,CIN,CIN
SDN201506300,2015-06-30,SDN,SEA,0,0,1e-06,141.8121399568677,SDN,ANA
TBA201506300,2015-06-30,TBA,CLE,0,0,1e-06,1e-06,TBA,TBA
NYN201506300,2015-06-30,NYN,CHN,0,0,1e-06,1403.0288811452067,NYN,SLN
OAK201506300,2015-06-30,OAK,COL,0,0,1e-06,1e-06,OAK,OAK
HOU201506300,2015-06-30,HOU,KCA,0,0,1e-06,1e-06,HOU,HOU
PHI201506300,2015-06-30,PHI,MIL,0,2,1e-06,1e-06,PHI,PHI
ANA201506300,2015-06-30,ANA,NYA,0,0,1e-06,1e-06,ANA,ANA
SLN201506300,2015-06-30,SLN,CHA,0,0,1e-06,731.229570844315,SLN,DET
ATL201506300,2015-06-30,ATL,WAS,0,4,840.3908477621023,1071.2330338826835,PIT,PHI
CIN201507010,2015-07-01,CIN,MIN,0,0,1e-06,1e-06,CIN,CIN
ATL201507010,2015-07-01,ATL,WAS,0,0,1e-06,1e-06,ATL,ATL
OAK201507010,2015-07-01,OAK,COL,0,0,1e-06,1e-06,OAK,OAK
PHI201507010,2015-07-01,PHI,MIL,0,2,1e-06,1e-06,PHI,PHI
TOR201507010,2015-07-01,TOR,BOS,5,0,1e-06,1e-06,TOR,TOR
BAL201507010,2015-07-01,BAL,TEX,0,0,1e-06,1e-06,BAL,BAL
SDN201507010,2015-07-01,SDN,SEA,0,0,1e-06,1e-06,SDN,SDN
MIA201507010,2015-07-01,MIA,SFN,0,0,1e-06,1e-06,MIA,MIA
DET201507010,2015-07-01,DET,PIT,0,0,1e-06,1e-06,DET,DET
HOU201507010,2015-07-01,HOU,KCA,0,2,1e-06,1e-06,HOU,HOU
NYN201507010,2015-07-01,NYN,CHN,0,0,1e-06,1e-06,NYN,NYN
ANA201507010,2015-07-01,ANA,NYA,0,0,1e-06,1e-06,ANA,ANA
ARI201507010,2015-07-01,ARI,LAN,0,1,1e-06,1e-06,ARI,ARI
TBA201507010,2015-07-01,TBA,CLE,0,0,1e-06,1e-06,TBA,TBA
SLN201507010,2015-07-01,SLN,CHA,1,0,1e-06,1e-06,SLN,SLN
MIA201507020,2015-07-02,MIA,SFN,0,2,1e-06,1e-06,MIA,MIA
OAK201507020,2015-07-02,OAK,SEA,2,0,1e-06,731.4285571970996,OAK,SDN
PHI201507020,2015-07-02,PHI,MIL,0,3,1e-06,1e-06,PHI,PHI
BAL201507020,2015-07-02,BAL,TEX,0,0,1e-06,1e-06,BAL,BAL
TOR201507020,2015-07-02,TOR,BOS,0,8,1e-06,1e-06,TOR,TOR
ARI201507020,2015-07-02,ARI,COL,0,0,1e-06,1040.2976618519092,ARI,OAK
KCA201507020,2015-07-02,KCA,MIN,0,0,1040.8267966673652,868.1617780403714,HOU,CIN
SLN201507020,2015-07-02,SLN,SDN,1,0,1e-06,2512.7882729547905,SLN,SDN
ATL201507020,2015-07-02,ATL,WAS,0,0,1e-06,1e-06,ATL,ATL
NYN201507020,2015-07-02,NYN,CHN,0,0,1e-06,1e-06,NYN,NYN
TBA201507020,2015-07-02,TBA,CLE,2,0,1e-06,1e-06,TBA,TBA
DET201507020,2015-07-02,DET,PIT,0,0,1e-06,1e-06,DET,DET
OAK201507030,2015-07-03,OAK,SEA,0,0,1e-06,1e-06,OAK,OAK
CHA201507030,2015-07-03,CHA,BAL,0,0,422.49209120404555,972.7856247406662,SLN,BAL
PIT201507030,2015-07-03,PIT,CLE,0,0,331.7516309667575,1429.1664141131923,DET,TBA
ATL201507030,2015-07-03,ATL,PHI,0,0,1e-06,1071.2330338826835,ATL,PHI
BOS201507030,2015-07-03,BOS,HOU,0,0,691.6136251477402,2582.243070652819,TOR,HOU
WAS201507030,2015-07-03,WAS,SFN,0,0,874.0887985860761,1489.628641346009,ATL,MIA
ARI201507030,2015-07-03,ARI,COL,2,3,1e-06,1e-06,ARI,ARI
NYA201507030,2015-07-03,NYA,TBA,0,2,3915.807145653056,1638.0556824552712,ANA,TBA
CIN201507030,2015-07-03,CIN,MIL,0,2,1e-06,807.0437326700402,CIN,PHI
TEX201507030,2015-07-03,TEX,ANA,0,0,1968.7690954443951,1938.7751997181072,BAL,ANA
CHN201507030,2015-07-03,CHN,MIA,1,1,1144.1299356702407,1915.1205670973725,NYN,MIA
LAN201507030,2015-07-03,LAN,NYN,0,0,574.8341159449532,3936.366792360479,ARI,NYN
KCA201507030,2015-07-03,KCA,MIN,0,0,1e-06,1e-06,KCA,KCA
SLN201507030,2015-07-03,SLN,SDN,0,0,1e-06,1e-06,SLN,SLN
DET201507030,2015-07-03,DET,TOR,1,0,1e-06,332.4198044988213,DET,TOR
OAK201507040,2015-07-04,OAK,SEA,1,0,1e-06,1e-06,OAK,OAK
DET201507040,2015-07-04,DET,TOR,4,0,1e-06,1e-06,DET,DET
KCA201507040,2015-07-04,KCA,MIN,0,3,1e-06,1e-06,KCA,KCA
SLN201507040,2015-07-04,SLN,SDN,0,0,1e-06,1e-06,SLN,SLN
BOS201507040,2015-07-04,BOS,HOU,1,0,1e-06,1e-06,BOS,BOS
LAN201507040,2015-07-04,LAN,NYN,0,0,1e-06,1e-06,LAN,LAN
CIN201507040,2015-07-04,CIN,MIL,0,0,1e-06,1e-06,CIN,CIN
ARI201507040,2015-07-04,ARI,COL,2,0,1e-06,1e-06,ARI,ARI
CHA201507040,2015-07-04,CHA,BAL,1,0,1e-06,1e-06,CHA,CHA
WAS201507040,2015-07-04,WAS,SFN,3,0,1e-06,1e-06,WAS,WAS
NYA201507040,2015-07-04,NYA,TBA,2,0,1e-06,1e-06,NYA,NYA
CHN201507040,2015-07-04,CHN,MIA,2,0,1e-06,1e-06,CHN,CHN
TEX201507040,2015-07-04,TEX,ANA,0,0,1e-06,1e-06,TEX,TEX
PIT201507040,2015-07-04,PIT,CLE,0,0,1e-06,1e-06,PIT,PIT
ATL201507040,2015-07-04,ATL,PHI,4,0,1e-06,1e-06,ATL,ATL
OAK201507050,2015-07-05,OAK,SEA,0,0,1e-06,1e-06,OAK,OAK
BOS201507050,2015-07-05,BOS,HOU,0,0,1e-06,1e-06,BOS,BOS
CHA201507050,2015-07-05,CHA,BAL,0,1,1e-06,1e-06,CHA,CHA
NYA201507050,2015-07-05,NYA,TBA,0,2,1e-06,1e-06,NYA,NYA
CHN201507050,2015-07-05,CHN,MIA,1,0,1e-06,1e-06,CHN,CHN
TEX201507050,2015-07-05,TEX,ANA,1,3,1e-06,1e-06,TEX,TEX
DET201507050,2015-07-05,DET,TOR,0,1,1e-06,1e-06,DET,DET
LAN201507050,2015-07-05,LAN,NYN,0,1,1e-06,1e-06,LAN,LAN
CIN201507050,2015-07-05,CIN,MIL,0,1,1e-06,1e-06,CIN,CIN
KCA201507050,2015-07-05,KCA,MIN,0,0,1e-06,1e-06,KCA,KCA
SLN201507050,2015-07-05,SLN,SDN,0,0,1e-06,1e-06,SLN,SLN
WAS201507050,2015-07-05,WAS,SFN,0,0,1e-06,1e-06,WAS,WAS
ARI201507050,2015-07-05,ARI,COL,0,4,1e-06,1e-06,ARI,ARI
PIT201507050,2015-07-05,PIT,CLE,0,0,1e-06,1e-06,PIT,PIT
ATL201507050,2015-07-05,ATL,PHI,0,0,1e-06,1e-06,ATL,ATL
CHN201507060,2015-07-06,CHN,SLN,0,0,1e-06,422.49209120404555,CHN,SLN
WAS201507060,2015-07-06,WAS,CIN,0,0,1e-06,647.9323389925676,WAS,CIN
MIN201507060,2015-07-06,MIN,BAL,1,1,662.9211681328137,571.0232496384983,KCA,CHA
MIL201507060,2015-07-06,MIL,ATL,1,2,525.1892238126902,1079.4745171093869,CIN,ATL
SEA201507060,2015-07-06,SEA,DET,0,0,1089.6592015072615,3110.621572335556,OAK,DET
PIT201507060,2015-07-06,PIT,SDN,0,0,1e-06,898.8824563980571,PIT,SLN
CHA201507060,2015-07-06,CHA,TOR,0,0,1e-06,380.91207013286544,CHA,DET
LAN201507060,2015-07-06,LAN,PHI,2,0,1e-06,3110.7650847781624,LAN,ATL
SFN201507060,2015-07-06,SFN,NYN,0,0,3919.8438689376185,559.4406195325591,WAS,LAN
CLE201507060,2015-07-06,CLE,HOU,0,4,186.24975562107616,884.5468110577992,PIT,BOS
TEX201507070,2015-07-07,TEX,ARI,0,0,1e-06,1401.854927086376,TEX,ARI
CHN201507071,2015-07-07,CHN,SLN,0,0,1e-06,1e-06,CHN,CHN
KCA201507072,2015-07-07,KCA,TBA,0,0,1e-06,1759.8286951805926,KCA,NYA
WAS201507070,2015-07-07,WAS,CIN,0,2,1e-06,1e-06,WAS,WAS
KCA201507071,2015-07-07,KCA,TBA,0,0,1e-06,1e-06,KCA,KCA
COL201507070,2015-07-07,COL,ANA,0,3,942.6579354569091,1052.7635822212699,ARI,TEX
SFN201507070,2015-07-07,SFN,NYN,0,0,1e-06,1e-06,SFN,SFN
MIL201507070,2015-07-07,MIL,ATL,1,0,1e-06,1e-06,MIL,MIL
NYA201507070,2015-07-07,NYA,OAK,2,1,1e-06,4115.687447058069,NYA,OAK
LAN201507070,2015-07-07,LAN,PHI,0,1,1e-06,1e-06,LAN,LAN
BOS201507070,2015-07-07,BOS,MIA,0,0,1e-06,1365.5064971534737,BOS,CHN
SEA201507070,2015-07-07,SEA,DET,0,0,1e-06,1e-06,SEA,SEA
CHA201507070,2015-07-07,CHA,TOR,0,1,1e-06,1e-06,CHA,CHA
CHN201507072,2015-07-07,CHN,SLN,0,0,1e-06,1e-06,CHN,CHN
PIT201507070,2015-07-07,PIT,SDN,0,0,1e-06,1e-06,PIT,PIT
CLE201507070,2015-07-07,CLE,HOU,1,0,1e-06,1e-06,CLE,CLE
MIN201507070,2015-07-07,MIN,BAL,3,0,1e-06,1e-06,MIN,MIN
CHN201507080,2015-07-08,CHN,SLN,0,0,1e-06,1e-06,CHN,CHN
TEX201507080,2015-07-08,TEX,ARI,0,0,1e-06,1e-06,TEX,TEX
KCA201507080,2015-07-08,KCA,TBA,0,0,1e-06,1e-06,KCA,KCA
PIT201507080,2015-07-08,PIT,SDN,0,1,1e-06,1e-06,PIT,PIT
NYA201507080,2015-07-08,NYA,OAK,0,0,1e-06,1e-06,NYA,NYA
CHA201507080,2015-07-08,CHA,TOR,3,0,1e-06,1e-06,CHA,CHA
LAN201507080,2015-07-08,LAN,PHI,0,0,1e-06,1e-06,LAN,LAN
BOS201507080,2015-07-08,BOS,MIA,0,0,1e-06,1e-06,BOS,BOS
COL201507080,2015-07-08,COL,ANA,0,1,1e-06,1e-06,COL,COL
MIN201507080,2015-07-08,MIN,BAL,0,0,1e-06,1e-06,MIN,MIN
SEA201507080,2015-07-08,SEA,DET,0,0,1e-06,1e-06,SEA,SEA
SFN201507080,2015-07-08,SFN,NYN,0,0,1e-06,1e-06,SFN,SFN
CLE201507080,2015-07-08,CLE,HOU,1,2,1e-06,1e-06,CLE,CLE
MIL201507080,2015-07-08,MIL,ATL,0,0,1e-06,1e-06,MIL,MIL
PIT201507090,2015-07-09,PIT,SLN,0,0,1e-06,660.0502267315369,PIT,CHN
COL201507090,2015-07-09,COL,ATL,2,0,1e-06,1465.0252316671194,COL,MIL
LAN201507090,2015-07-09,LAN,PHI,0,0,1e-06,1e-06,LAN,LAN
CLE201507090,2015-07-09,CLE,HOU,0,0,1e-06,1e-06,CLE,CLE
MIA201507090,2015-07-09,MIA,CIN,1,0,2024.1956124919243,1489.628641346009,BOS,WAS
KCA201507090,2015-07-09,KCA,TBA,3,0,1e-06,1e-06,KCA,KCA
CHA201507090,2015-07-09,CHA,TOR,0,0,1e-06,1e-06,CHA,CHA
SEA201507090,2015-07-09,SEA,ANA,1,0,1e-06,1640.846947858291,SEA,COL
NYA201507090,2015-07-09,NYA,OAK,1,0,1e-06,1e-06,NYA,NYA
MIN201507090,2015-07-09,MIN,DET,0,1,1e-06,2238.4089622775527,MIN,SEA
PIT201507100,2015-07-10,PIT,SLN,1,0,1e-06,1e-06,PIT,PIT
MIN201507100,2015-07-10,MIN,DET,0,0,1e-06,1e-06,MIN,MIN
TEX201507100,2015-07-10,TEX,SDN,1,0,1e-06,1741.1290055955549,TEX,PIT
BAL201507100,2015-07-10,BAL,WAS,0,0,1508.338155320694,55.02896457567408,MIN,WAS
CLE201507100,2015-07-10,CLE,OAK,0,1,1e-06,649.8727601989037,CLE,NYA
KCA201507100,2015-07-10,KCA,TOR,0,0,1e-06,663.9206411727051,KCA,CHA
CHN201507100,2015-07-10,CHN,CHA,0,0,1e-06,1e-06,CHN,CHA
SFN201507100,2015-07-10,SFN,PHI,1,0,1e-06,559.4406195325591,SFN,LAN
BOS201507100,2015-07-10,BOS,NYA,0,1,1e-06,306.2037667286439,BOS,NYA
SEA201507100,2015-07-10,SEA,ANA,1,0,1e-06,1e-06,SEA,SEA
NYN201507100,2015-07-10,NYN,ARI,4,1,4128.529875974277,2225.551415128663,SFN,TEX
COL201507100,2015-07-10,COL,ATL,1,0,1e-06,1e-06,COL,COL
MIA201507100,2015-07-10,MIA,CIN,0,0,1e-06,1e-06,MIA,MIA
TBA201507100,2015-07-10,TBA,HOU,0,0,1680.826511683993,1529.408250521614,KCA,CLE
LAN201507100,2015-07-10,LAN,MIL,0,0,1e-06,2799.844413597458,LAN,MIL
KCA201507110,2015-07-11,KCA,TOR,1,0,1e-06,1e-06,KCA,KCA
CHN201507110,2015-07-11,CHN,CHA,0,2,1e-06,1e-06,CHN,CHN
LAN201507110,2015-07-11,LAN,MIL,0,0,1e-06,1e-06,LAN,LAN
TBA201507110,2015-07-11,TBA,HOU,0,0,1e-06,1e-06,TBA,TBA
MIN201507110,2015-07-11,MIN,DET,0,0,1e-06,1e-06,MIN,MIN
SFN201507110,2015-07-11,SFN,PHI,0,1,1e-06,1e-06,SFN,SFN
SEA201507110,2015-07-11,SEA,ANA,0,0,1e-06,1e-06,SEA,SEA
COL201507110,2015-07-11,COL,ATL,2,0,1e-06,1e-06,COL,COL
PIT201507110,2015-07-11,PIT,SLN,0,0,1e-06,1e-06,PIT,PIT
BOS201507110,2015-07-11,BOS,NYA,0,1,1e-06,1e-06,BOS,BOS
NYN201507110,2015-07-11,NYN,ARI,0,2,1e-06,1e-06,NYN,NYN
BAL201507110,2015-07-11,BAL,WAS,1,0,1e-06,1e-06,BAL,BAL
MIA201507110,2015-07-11,MIA,CIN,0,0,1e-06,1e-06,MIA,MIA
CLE201507110,2015-07-11,CLE,OAK,0,1,1e-06,1e-06,CLE,CLE
TEX201507110,2015-07-11,TEX,SDN,0,0,1e-06,1e-06,TEX,TEX
PIT201507120,2015-07-12,PIT,SLN,0,0,1e-06,1e-06,PIT,PIT
MIA201507120,2015-07-12,MIA,CIN,0,1,1e-06,1e-06,MIA,MIA
LAN201507120,2015-07-12,LAN,MIL,1,1,1e-06,1e-06,LAN,LAN
CLE201507120,2015-07-12,CLE,OAK,0,0,1e-06,1e-06,CLE,CLE
BOS201507120,2015-07-12,BOS,NYA,0,0,1e-06,1e-06,BOS,BOS
SFN201507120,2015-07-12,SFN,PHI,0,0,1e-06,1e-06,SFN,SFN
COL201507120,2015-07-12,COL,ATL,0,0,1e-06,1e-06,COL,COL
NYN201507120,2015-07-12,NYN,ARI,0,0,1e-06,1e-06,NYN,NYN
TBA201507120,2015-07-12,TBA,HOU,0,1,1e-06,1e-06,TBA,TBA
BAL201507120,2015-07-12,BAL,WAS,1,0,1e-06,1e-06,BAL,BAL
MIN201507120,2015-07-12,MIN,DET,2,0,1e-06,1e-06,MIN,MIN
TEX201507120,2015-07-12,TEX,SDN,0,0,1e-06,1e-06,TEX,TEX
SEA201507120,2015-07-12,SEA,ANA,0,0,1e-06,1e-06,SEA,SEA
KCA201507120,2015-07-12,KCA,TOR,6,0,1e-06,1e-06,KCA,KCA
CHN201507120,2015-07-12,CHN,CHA,2,0,1e-06,1e-06,CHN,CHN
SDN201507170,2015-07-17,SDN,COL,3,0,1879.9176992056841,1340.7925092662401,TEX,COL
NYA201507170,2015-07-17,NYA,SEA,0,0,306.2037667286439,3865.3953610333656,BOS,SEA
SLN201507170,2015-07-17,SLN,NYN,0,1,898.8824563980571,1403.0288811452067,PIT,NYN
MIL201507170,2015-07-17,MIL,PIT,1,0,2799.844413597458,722.0054120555708,LAN,PIT
CHA201507172,2015-07-17,CHA,KCA,0,0,1e-06,663.9206411727051,CHN,KCA
CHA201507171,2015-07-17,CHA,KCA,0,1,1e-06,1e-06,CHA,CHA
CIN201507170,2015-07-17,CIN,CLE,0,0,1534.6263109130673,358.1075548344512,MIA,CLE
ATL201507170,2015-07-17,ATL,CHN,1,0,1946.7466716258368,947.8182724063668,COL,CHN
HOU201507170,2015-07-17,HOU,TEX,0,0,1270.2138325576016,368.5990384284446,TBA,TEX
WAS201507170,2015-07-17,WAS,LAN,0,0,55.02896457567408,3694.4220119834245,BAL,LAN
PHI201507170,2015-07-17,PHI,MIA,0,0,4049.9907698933403,1644.1190984600378,SFN,MIA
ANA201507170,2015-07-17,ANA,BOS,0,0,1575.276973597757,4151.631080145035,SEA,BOS
DET201507170,2015-07-17,DET,BAL,2,0,872.516450655481,638.3359432178316,MIN,BAL
TOR201507170,2015-07-17,TOR,TBA,0,0,1362.7751953099457,1789.459752085548,KCA,TBA
ARI201507170,2015-07-17,ARI,SFN,1,0,3443.682019431773,1050.9933942487219,NYN,SFN
OAK201507170,2015-07-17,OAK,MIN,0,1,3466.040146226439,2531.5923192792015,CLE,MIN
DET201507180,2015-07-18,DET,BAL,0,0,1e-06,1e-06,DET,DET
HOU201507180,2015-07-18,HOU,TEX,0,0,1e-06,1e-06,HOU,HOU
WAS201507180,2015-07-18,WAS,LAN,0,0,1e-06,1e-06,WAS,WAS
SDN201507180,2015-07-18,SDN,COL,0,0,1e-06,1e-06,SDN,SDN
CIN201507180,2015-07-18,CIN,CLE,1,3,1e-06,1e-06,CIN,CIN
ANA201507180,2015-07-18,ANA,BOS,0,0,1e-06,1e-06,ANA,ANA
MIL201507180,2015-07-18,MIL,PIT,0,3,1e-06,1e-06,MIL,MIL
OAK201507180,2015-07-18,OAK,MIN,0,0,1e-06,1e-06,OAK,OAK
TOR201507180,2015-07-18,TOR,TBA,0,0,1e-06,1e-06,TOR,TOR
CHA201507180,2015-07-18,CHA,KCA,0,3,1e-06,1e-06,CHA,CHA
ARI201507180,2015-07-18,ARI,SFN,0,0,1e-06,1e-06,ARI,ARI
NYA201507180,2015-07-18,NYA,SEA,0,2,1e-06,1e-06,NYA,NYA
PHI201507180,2015-07-18,PHI,MIA,2,0,1e-06,1e-06,PHI,PHI
SLN201507180,2015-07-18,SLN,NYN,4,0,1e-06,1e-06,SLN,SLN
ATL201507180,2015-07-18,ATL,CHN,0,0,1e-06,1e-06,ATL,ATL
WAS201507190,2015-07-19,WAS,LAN,0,0,1e-06,1e-06,WAS,WAS
DET201507190,2015-07-19,DET,BAL,0,1,1e-06,1e-06,DET,DET
CHA201507190,2015-07-19,CHA,KCA,0,1,1e-06,1e-06,CHA,CHA
CIN201507190,2015-07-19,CIN,CLE,0,0,1e-06,1e-06,CIN,CIN
HOU201507190,2015-07-19,HOU,TEX,0,0,1e-06,1e-06,HOU,HOU
OAK201507190,2015-07-19,OAK,MIN,0,0,1e-06,1e-06,OAK,OAK
NYA201507190,2015-07-19,NYA,SEA,0,0,1e-06,1e-06,NYA,NYA
PHI201507190,2015-07-19,PHI,MIA,0,0,1e-06,1e-06,PHI,PHI
ARI201507190,2015-07-19,ARI,SFN,0,0,1e-06,1e-06,ARI,ARI
SLN201507190,2015-07-19,SLN,NYN,0,0,1e-06,1e-06,SLN,SLN
TOR201507190,2015-07-19,TOR,TBA,0,0,1e-06,1e-06,TOR,TOR
MIL201507190,2015-07-19,MIL,PIT,0,0,1e-06,1e-06,MIL,MIL
ATL201507190,2015-07-19,ATL,CHN,0,0,1e-06,1e-06,ATL,ATL
ANA201507201,2015-07-20,ANA,BOS,0,0,1e-06,1e-06,ANA,ANA
KCA201507200,2015-07-20,KCA,PIT,1,0,663.9206411727051,707.8851314063497,CHA,MIL
DET201507200,2015-07-20,DET,SEA,1,0,1e-06,773.7548030957365,DET,NYA
SDN201507200,2015-07-20,SDN,SFN,0,0,1e-06,481.0116378281714,SDN,ARI
ARI201507200,2015-07-20,ARI,MIA,0,0,1e-06,3344.1998186127516,ARI,PHI
WAS201507200,2015-07-20,WAS,NYN,2,0,1e-06,1142.2462660488457,WAS,SLN
ATL201507200,2015-07-20,ATL,LAN,2,0,1e-06,874.0887985860761,ATL,WAS
ANA201507202,2015-07-20,ANA,BOS,0,0,1e-06,1e-06,ANA,ANA
PHI201507200,2015-07-20,PHI,TBA,0,0,1e-06,539.7375980826044,PHI,TOR
COL201507200,2015-07-20,COL,TEX,3,0,1340.7925092662401,1412.379089095518,SDN,HOU
CIN201507200,2015-07-20,CIN,CHN,1,1,1e-06,595.1171397463928,CIN,ATL
HOU201507210,2015-07-21,HOU,BOS,1,0,1e-06,2169.9670210701,HOU,ANA
PHI201507210,2015-07-21,PHI,TBA,0,0,1e-06,1e-06,PHI,PHI
DET201507210,2015-07-21,DET,SEA,0,4,1e-06,1e-06,DET,DET
NYA201507210,2015-07-21,NYA,BAL,1,0,1e-06,773.7548030957365,NYA,DET
MIL201507210,2015-07-21,MIL,CLE,1,0,1e-06,525.1892238126902,MIL,CIN
CHA201507210,2015-07-21,CHA,SLN,0,0,1e-06,422.49209120404555,CHA,SLN
OAK201507210,2015-07-21,OAK,TOR,0,0,1e-06,3630.644600855592,OAK,TOR
KCA201507210,2015-07-21,KCA,PIT,0,0,1e-06,1e-06,KCA,KCA
ATL201507210,2015-07-21,ATL,LAN,2,1,1e-06,1e-06,ATL,ATL
COL201507210,2015-07-21,COL,TEX,0,0,1e-06,1e-06,COL,COL
ARI201507210,2015-07-21,ARI,MIA,0,0,1e-06,1e-06,ARI,ARI
WAS201507210,2015-07-21,WAS,NYN,0,0,1e-06,1e-06,WAS,WAS
CIN201507210,2015-07-21,CIN,CHN,1,0,1e-06,1e-06,CIN,CIN
ANA201507210,2015-07-21,ANA,MIN,0,0,1e-06,592.0809005913671,ANA,OAK
SDN201507210,2015-07-21,SDN,SFN,0,0,1e-06,1e-06,SDN,SDN
NYA201507220,2015-07-22,NYA,BAL,3,0,1e-06,1e-06,NYA,NYA
COL201507220,2015-07-22,COL,TEX,0,4,1e-06,1e-06,COL,COL
ARI201507220,2015-07-22,ARI,MIA,0,0,1e-06,1e-06,ARI,ARI
HOU201507220,2015-07-22,HOU,BOS,1,0,1e-06,1e-06,HOU,HOU
PHI201507220,2015-07-22,PHI,TBA,2,0,1e-06,1e-06,PHI,PHI
ANA201507220,2015-07-22,ANA,MIN,0,0,1e-06,1e-06,ANA,ANA
OAK201507220,2015-07-22,OAK,TOR,0,0,1e-06,1e-06,OAK,OAK
WAS201507220,2015-07-22,WAS,NYN,0,0,1e-06,1e-06,WAS,WAS
DET201507220,2015-07-22,DET,SEA,0,0,1e-06,1e-06,DET,DET
CIN201507222,2015-07-22,CIN,CHN,0,0,1e-06,1e-06,CIN,CIN
ATL201507220,2015-07-22,ATL,LAN,0,0,1e-06,1e-06,ATL,ATL
MIL201507220,2015-07-22,MIL,CLE,3,1,1e-06,1e-06,MIL,MIL
CIN201507221,2015-07-22,CIN,CHN,4,0,1e-06,1e-06,CIN,CIN
SDN201507220,2015-07-22,SDN,SFN,0,0,1e-06,1e-06,SDN,SDN
CHA201507220,2015-07-22,CHA,SLN,0,0,1e-06,1e-06,CHA,CHA
KCA201507220,2015-07-22,KCA,PIT,0,0,1e-06,1e-06,KCA,KCA
OAK201507230,2015-07-23,OAK,TOR,0,0,1e-06,1e-06,OAK,OAK
SLN201507230,2015-07-23,SLN,KCA,0,2,422.49209120404555,382.8562661725535,CHA,KCA
PIT201507230,2015-07-23,PIT,WAS,1,0,1255.3811411500053,305.44483751928374,KCA,WAS
SDN201507230,2015-07-23,SDN,MIA,0,0,1e-06,481.0116378281714,SDN,ARI
DET201507230,2015-07-23,DET,SEA,2,1,1e-06,1e-06,DET,DET
NYN201507230,2015-07-23,NYN,LAN,0,0,326.3648041771951,1200.4511584455877,WAS,ATL
ARI201507230,2015-07-23,ARI,MIL,0,0,1e-06,2349.997873269975,ARI,MIL
HOU201507230,2015-07-23,HOU,BOS,1,1,1e-06,1e-06,HOU,HOU
CLE201507230,2015-07-23,CLE,CHA,0,0,542.6220003248809,494.38381964269325,MIL,CHA
ANA201507230,2015-07-23,ANA,MIN,0,0,1e-06,1e-06,ANA,ANA
NYA201507230,2015-07-23,NYA,BAL,4,0,1e-06,1e-06,NYA,NYA
TBA201507240,2015-07-24,TBA,BAL,0,0,1515.8203845337373,1638.0556824552712,PHI,NYA
KCA201507240,2015-07-24,KCA,HOU,0,0,382.8562661725535,1040.8267966673652,SLN,HOU
SDN201507240,2015-07-24,SDN,MIA,0,1,1e-06,1e-06,SDN,SDN
ANA201507240,2015-07-24,ANA,TEX,0,0,1e-06,1321.5005793187804,ANA,COL
COL201507240,2015-07-24,COL,CIN,0,0,1e-06,1756.1898521305268,COL,CIN
CHN201507240,2015-07-24,CHN,PHI,0,0,406.25273298859213,1068.017024042746,CIN,PHI
PIT201507240,2015-07-24,PIT,WAS,0,0,1e-06,1e-06,PIT,PIT
SLN201507240,2015-07-24,SLN,ATL,0,0,1e-06,751.930362209131,SLN,ATL
SEA201507240,2015-07-24,SEA,TOR,0,1,3110.621572335556,1089.6592015072615,DET,OAK
ARI201507240,2015-07-24,ARI,MIL,0,0,1e-06,1e-06,ARI,ARI
SFN201507240,2015-07-24,SFN,OAK,2,0,738.1265117326025,13.027453191410114,SDN,OAK
BOS201507240,2015-07-24,BOS,DET,0,0,2582.243070652819,984.732039314543,HOU,DET
NYN201507240,2015-07-24,NYN,LAN,0,1,1e-06,1e-06,NYN,NYN
CLE201507240,2015-07-24,CLE,CHA,0,0,1e-06,1e-06,CLE,CLE
MIN201507240,2015-07-24,MIN,NYA,2,0,2437.087352189671,1636.0526645605564,ANA,NYA
CLE201507250,2015-07-25,CLE,CHA,0,5,1e-06,1e-06,CLE,CLE
ARI201507250,2015-07-25,ARI,MIL,2,0,1e-06,1e-06,ARI,ARI
SFN201507250,2015-07-25,SFN,OAK,0,0,1e-06,1e-06,SFN,SFN
KCA201507250,2015-07-25,KCA,HOU,0,0,1e-06,1e-06,KCA,KCA
SDN201507250,2015-07-25,SDN,MIA,1,0,1e-06,1e-06,SDN,SDN
ANA201507250,2015-07-25,ANA,TEX,1,1,1e-06,1e-06,ANA,ANA
COL201507250,2015-07-25,COL,CIN,0,0,1e-06,1e-06,COL,COL
CHN201507250,2015-07-25,CHN,PHI,0,0,1e-06,1e-06,CHN,CHN
PIT201507250,2015-07-25,PIT,WAS,0,0,1e-06,1e-06,PIT,PIT
NYN201507250,2015-07-25,NYN,LAN,4,0,1e-06,1e-06,NYN,NYN
MIN201507250,2015-07-25,MIN,NYA,2,0,1e-06,1e-06,MIN,MIN
TBA201507250,2015-07-25,TBA,BAL,0,0,1e-06,1e-06,TBA,TBA
SLN201507250,2015-07-25,SLN,ATL,0,0,1e-06,1e-06,SLN,SLN
BOS201507250,2015-07-25,BOS,DET,0,1,1e-06,1e-06,BOS,BOS
SEA201507250,2015-07-25,SEA,TOR,1,0,1e-06,1e-06,SEA,SEA
ANA201507260,2015-07-26,ANA,TEX,1,0,1e-06,1e-06,ANA,ANA
COL201507260,2015-07-26,COL,CIN,2,0,1e-06,1e-06,COL,COL
SDN201507260,2015-07-26,SDN,MIA,0,0,1e-06,1e-06,SDN,SDN
NYN201507260,2015-07-26,NYN,LAN,0,0,1e-06,1e-06,NYN,NYN
BOS201507260,2015-07-26,BOS,DET,0,0,1e-06,1e-06,BOS,BOS
PIT201507260,2015-07-26,PIT,WAS,0,0,1e-06,1e-06,PIT,PIT
KCA201507260,2015-07-26,KCA,HOU,4,0,1e-06,1e-06,KCA,KCA
CHN201507260,2015-07-26,CHN,PHI,1,3,1e-06,1e-06,CHN,CHN
MIN201507260,2015-07-26,MIN,NYA,0,0,1e-06,1e-06,MIN,MIN
SLN201507260,2015-07-26,SLN,ATL,0,0,1e-06,1e-06,SLN,SLN
CLE201507260,2015-07-26,CLE,CHA,0,0,1e-06,1e-06,CLE,CLE
TBA201507260,2015-07-26,TBA,BAL,0,3,1e-06,1e-06,TBA,TBA
SFN201507260,2015-07-26,SFN,OAK,3,0,1e-06,1e-06,SFN,SFN
ARI201507260,2015-07-26,ARI,MIL,0,0,1e-06,1e-06,ARI,ARI
SEA201507260,2015-07-26,SEA,TOR,1,1,1e-06,1e-06,SEA,SEA
TBA201507270,2015-07-27,TBA,DET,0,0,1e-06,1926.6943817180322,TBA,BOS
CLE201507270,2015-07-27,CLE,KCA,0,3,1e-06,1123.5230318083022,CLE,KCA
SFN201507270,2015-07-27,SFN,MIL,0,0,1e-06,1050.9933942487219,SFN,ARI
TEX201507270,2015-07-27,TEX,NYA,0,0,1938.7751997181072,1396.7696185124962,ANA,MIN
BAL201507270,2015-07-27,BAL,ATL,0,0,1393.7772067986984,1175.6168511642563,TBA,SLN
CHN201507270,2015-07-27,CHN,COL,0,0,1e-06,1477.450780411816,CHN,COL
SLN201507270,2015-07-27,SLN,CIN,0,0,1e-06,1279.0227614650469,SLN,COL
SEA201507270,2015-07-27,SEA,ARI,0,1,1e-06,1793.290239503433,SEA,ARI
BOS201507270,2015-07-27,BOS,CHA,2,4,1e-06,884.5468110577992,BOS,CLE
SLN201507280,2015-07-28,SLN,CIN,0,0,1e-06,1e-06,SLN,SLN
TBA201507280,2015-07-28,TBA,DET,0,0,1e-06,1e-06,TBA,TBA
TEX201507280,2015-07-28,TEX,NYA,5,0,1e-06,1e-06,TEX,TEX
MIN201507280,2015-07-28,MIN,PIT,1,0,1e-06,1195.8388614672979,MIN,PIT
BAL201507280,2015-07-28,BAL,ATL,3,2,1e-06,1e-06,BAL,BAL
CHN201507280,2015-07-28,CHN,COL,1,4,1e-06,1e-06,CHN,CHN
SFN201507280,2015-07-28,SFN,MIL,0,2,1e-06,1e-06,SFN,SFN
NYN201507280,2015-07-28,NYN,SDN,2,0,1e-06,3907.304911865239,NYN,SDN
TOR201507280,2015-07-28,TOR,PHI,1,0,3325.1452076248356,700.98343821047,SEA,CHN
HOU201507280,2015-07-28,HOU,ANA,1,2,1040.8267966673652,2169.9670210701,KCA,ANA
CLE201507280,2015-07-28,CLE,KCA,0,0,1e-06,1e-06,CLE,CLE
LAN201507280,2015-07-28,LAN,OAK,0,1,3936.366792360479,559.4406195325591,NYN,SFN
SEA201507280,2015-07-28,SEA,ARI,0,1,1e-06,1e-06,SEA,SEA
MIA201507280,2015-07-28,MIA,WAS,0,0,3647.9520321048794,1630.230113794326,SDN,PIT
BOS201507280,2015-07-28,BOS,CHA,0,5,1e-06,1e-06,BOS,BOS
HOU201507290,2015-07-29,HOU,ANA,0,0,1e-06,1e-06,HOU,HOU
TOR201507290,2015-07-29,TOR,PHI,0,0,1e-06,1e-06,TOR,TOR
CLE201507290,2015-07-29,CLE,KCA,1,0,1e-06,1e-06,CLE,CLE
SFN201507290,2015-07-29,SFN,MIL,0,0,1e-06,1e-06,SFN,SFN
BAL201507290,2015-07-29,BAL,ATL,0,0,1e-06,1e-06,BAL,BAL
TEX201507290,2015-07-29,TEX,NYA,0,0,1e-06,1e-06,TEX,TEX
LAN201507290,2015-07-29,LAN,OAK,1,0,1e-06,1e-06,LAN,LAN
CHN201507290,2015-07-29,CHN,COL,1,0,1e-06,1e-06,CHN,CHN
BOS201507290,2015-07-29,BOS,CHA,0,2,1e-06,1e-06,BOS,BOS
TBA201507290,2015-07-29,TBA,DET,0,0,1e-06,1e-06,TBA,TBA
MIN201507290,2015-07-29,MIN,PIT,0,0,1e-06,1e-06,MIN,MIN
SEA201507290,2015-07-29,SEA,ARI,0,4,1e-06,1e-06,SEA,SEA
NYN201507290,2015-07-29,NYN,SDN,0,2,1e-06,1e-06,NYN,NYN
SLN201507290,2015-07-29,SLN,CIN,0,0,1e-06,1e-06,SLN,SLN
MIA201507290,2015-07-29,MIA,WAS,0,0,1e-06,1e-06,MIA,MIA
SLN201507300,2015-07-30,SLN,COL,1,1,1e-06,422.49209120404555,SLN,CHN
HOU201507300,2015-07-30,HOU,ANA,0,0,1e-06,1e-06,HOU,HOU
PHI201507300,2015-07-30,PHI,ATL,0,0,539.7375980826044,144.5656230575587,TOR,BAL
TOR201507300,2015-07-30,TOR,KCA,1,2,1e-06,305.2632734150024,TOR,CLE
OAK201507300,2015-07-30,OAK,CLE,1,3,552.4676717810693,3466.040146226439,LAN,CLE
BAL201507300,2015-07-30,BAL,DET,0,2,1e-06,1393.7772067986984,BAL,TBA
NYN201507300,2015-07-30,NYN,SDN,1,0,1e-06,1e-06,NYN,NYN
MIA201507300,2015-07-30,MIA,WAS,0,0,1e-06,1e-06,MIA,MIA
CIN201507300,2015-07-30,CIN,PIT,3,0,494.9532553693752,973.9884963018676,SLN,MIN
BOS201507300,2015-07-30,BOS,CHA,1,2,1e-06,1e-06,BOS,BOS
MIN201507300,2015-07-30,MIN,SEA,5,2,1e-06,2238.4089622775527,MIN,SEA
MIL201507300,2015-07-30,MIL,CHN,0,0,2954.3733541563483,132.54357794550742,SFN,CHN
TEX201507300,2015-07-30,TEX,NYA,3,3,1e-06,1e-06,TEX,TEX
HOU201507310,2015-07-31,HOU,ARI,0,0,1e-06,3039.1839825945185,HOU,SEA
LAN201507310,2015-07-31,LAN,ANA,1,0,1e-06,2205.5170699182067,LAN,HOU
BAL201507310,2015-07-31,BAL,DET,0,1,1e-06,1e-06,BAL,BAL
OAK201507310,2015-07-31,OAK,CLE,0,0,1e-06,1e-06,OAK,OAK
MIN201507310,2015-07-31,MIN,SEA,0,0,1e-06,1e-06,MIN,MIN
TOR201507310,2015-07-31,TOR,KCA,0,3,1e-06,1e-06,TOR,TOR
SLN201507310,2015-07-31,SLN,COL,2,0,1e-06,1e-06,SLN,SLN
MIA201507310,2015-07-31,MIA,SDN,2,0,1e-06,1756.5620451799746,MIA,NYN
CHA201507310,2015-07-31,CHA,NYA,0,1,1365.5064971534737,1309.650558347085,BOS,TEX
CIN201507310,2015-07-31,CIN,PIT,0,1,1e-06,1e-06,CIN,CIN
MIL201507310,2015-07-31,MIL,CHN,1,0,1e-06,1e-06,MIL,MIL
TEX201507310,2015-07-31,TEX,SFN,2,1,1e-06,2363.044634840767,TEX,SFN
BOS201507310,2015-07-31,BOS,TBA,3,1,1e-06,1926.6943817180322,BOS,TBA
PHI201507310,2015-07-31,PHI,ATL,4,0,1e-06,1e-06,PHI,PHI
NYN201507310,2015-07-31,NYN,WAS,0,0,1e-06,1756.5620451799746,NYN,MIA
MIL201508010,2015-08-01,MIL,CHN,0,0,1e-06,1e-06,MIL,MIL
LAN201508010,2015-08-01,LAN,ANA,0,0,1e-06,1e-06,LAN,LAN
BOS201508010,2015-08-01,BOS,TBA,1,0,1e-06,1e-06,BOS,BOS
BAL201508010,2015-08-01,BAL,DET,2,0,1e-06,1e-06,BAL,BAL
OAK201508010,2015-08-01,OAK,CLE,0,0,1e-06,1e-06,OAK,OAK
CHA201508010,2015-08-01,CHA,NYA,1,0,1e-06,1e-06,CHA,CHA
MIN201508010,2015-08-01,MIN,SEA,0,1,1e-06,1e-06,MIN,MIN
NYN201508010,2015-08-01,NYN,WAS,0,2,1e-06,1e-06,NYN,NYN
SLN201508010,2015-08-01,SLN,COL,0,1,1e-06,1e-06,SLN,SLN
PHI201508010,2015-08-01,PHI,ATL,1,2,1e-06,1e-06,PHI,PHI
MIA201508010,2015-08-01,MIA,SDN,0,1,1e-06,1e-06,MIA,MIA
TEX201508010,2015-08-01,TEX,SFN,2,0,1e-06,1e-06,TEX,TEX
TOR201508010,2015-08-01,TOR,KCA,0,1,1e-06,1e-06,TOR,TOR
HOU201508010,2015-08-01,HOU,ARI,1,0,1e-06,1e-06,HOU,HOU
CIN201508010,2015-08-01,CIN,PIT,0,0,1e-06,1e-06,CIN,CIN
TEX201508020,2015-08-02,TEX,SFN,0,0,1e-06,1e-06,TEX,TEX
PHI201508020,2015-08-02,PHI,ATL,0,0,1e-06,1e-06,PHI,PHI
NYN201508020,2015-08-02,NYN,WAS,0,1,1e-06,1e-06,NYN,NYN
SLN201508020,2015-08-02,SLN,COL,0,0,1e-06,1e-06,SLN,SLN
LAN201508020,2015-08-02,LAN,ANA,0,0,1e-06,1e-06,LAN,LAN
OAK201508020,2015-08-02,OAK,CLE,0,1,1e-06,1e-06,OAK,OAK
MIN201508020,2015-08-02,MIN,SEA,0,0,1e-06,1e-06,MIN,MIN
MIL201508020,2015-08-02,MIL,CHN,0,1,1e-06,1e-06,MIL,MIL
BOS201508020,2015-08-02,BOS,TBA,2,1,1e-06,1e-06,BOS,BOS
CHA201508020,2015-08-02,CHA,NYA,0,1,1e-06,1e-06,CHA,CHA
BAL201508020,2015-08-02,BAL,DET,0,3,1e-06,1e-06,BAL,BAL
HOU201508020,2015-08-02,HOU,ARI,0,0,1e-06,1e-06,HOU,HOU
MIA201508020,2015-08-02,MIA,SDN,2,0,1e-06,1e-06,MIA,MIA
CIN201508020,2015-08-02,CIN,PIT,0,0,1e-06,1e-06,CIN,CIN
TOR201508020,2015-08-02,TOR,KCA,0,0,1e-06,1e-06,TOR,TOR
MIL201508030,2015-08-03,MIL,SDN,2,1,1e-06,2045.0709343750696,MIL,MIA
WAS201508030,2015-08-03,WAS,ARI,0,0,326.3648041771951,1963.4510544527368,NYN,HOU
CHA201508030,2015-08-03,CHA,TBA,0,1,1e-06,1365.5064971534737,CHA,BOS
ANA201508030,2015-08-03,ANA,CLE,0,3,40.86770847173621,592.0809005913671,LAN,OAK
MIA201508030,2015-08-03,MIA,NYN,0,0,1e-06,1756.5620451799746,MIA,NYN
COL201508030,2015-08-03,COL,SEA,1,4,1279.0227614650469,1123.7187605762444,SLN,MIN
TEX201508030,2015-08-03,TEX,HOU,6,2,1e-06,368.5990384284446,TEX,HOU
ATL201508030,2015-08-03,ATL,SFN,0,0,1071.2330338826835,1179.9161829380425,PHI,TEX
OAK201508030,2015-08-03,OAK,BAL,0,3,1e-06,3931.3055139950993,OAK,BAL
TOR201508030,2015-08-03,TOR,MIN,0,0,1e-06,1113.3012797521421,TOR,MIN
TOR201508040,2015-08-04,TOR,MIN,1,0,1e-06,1e-06,TOR,TOR
TEX201508040,2015-08-04,TEX,HOU,0,0,1e-06,1e-06,TEX,TEX
OAK201508040,2015-08-04,OAK,BAL,0,0,1e-06,1e-06,OAK,OAK
MIL201508040,2015-08-04,MIL,SDN,0,0,1e-06,1e-06,MIL,MIL
PIT201508040,2015-08-04,PIT,CHN,0,1,415.25842934625814,722.0054120555708,CIN,MIL
NYA201508040,2015-08-04,NYA,BOS,1,0,1144.1299356702407,306.2037667286439,CHA,BOS
WAS201508040,2015-08-04,WAS,ARI,3,0,1e-06,1e-06,WAS,WAS
ATL201508040,2015-08-04,ATL,SFN,0,1,1e-06,1e-06,ATL,ATL
DET201508040,2015-08-04,DET,KCA,0,0,638.3359432178316,332.4198044988213,BAL,TOR
ANA201508040,2015-08-04,ANA,CLE,0,0,1e-06,1e-06,ANA,ANA
MIA201508040,2015-08-04,MIA,NYN,0,0,1e-06,1e-06,MIA,MIA
CIN201508040,2015-08-04,CIN,SLN,3,0,1e-06,494.9532553693752,CIN,SLN
CHA201508040,2015-08-04,CHA,TBA,0,2,1e-06,1e-06,CHA,CHA
PHI201508040,2015-08-04,PHI,LAN,0,0,1e-06,3844.216938115361,PHI,LAN
COL201508040,2015-08-04,COL,SEA,1,2,1e-06,1e-06,COL,COL
PHI201508050,2015-08-05,PHI,LAN,0,3,1e-06,1e-06,PHI,PHI
MIL201508050,2015-08-05,MIL,SDN,4,1,1e-06,1e-06,MIL,MIL
ANA201508050,2015-08-05,ANA,CLE,0,0,1e-06,1e-06,ANA,ANA
ATL201508050,2015-08-05,ATL,SFN,0,0,1e-06,1e-06,ATL,ATL
TOR201508050,2015-08-05,TOR,MIN,2,3,1e-06,1e-06,TOR,TOR
MIA201508050,2015-08-05,MIA,NYN,0,0,1e-06,1e-06,MIA,MIA
DET201508050,2015-08-05,DET,KCA,0,0,1e-06,1e-06,DET,DET
CIN201508050,2015-08-05,CIN,SLN,0,0,1e-06,1e-06,CIN,CIN
WAS201508050,2015-08-05,WAS,ARI,2,0,1e-06,1e-06,WAS,WAS
COL201508050,2015-08-05,COL,SEA,0,0,1e-06,1e-06,COL,COL
OAK201508050,2015-08-05,OAK,BAL,0,0,1e-06,1e-06,OAK,OAK
TEX201508050,2015-08-05,TEX,HOU,3,0,1e-06,1e-06,TEX,TEX
PIT201508050,2015-08-05,PIT,CHN,2,0,1e-06,1e-06,PIT,PIT
NYA201508050,2015-08-05,NYA,BOS,0,0,1e-06,1e-06,NYA,NYA
CHA201508050,2015-08-05,CHA,TBA,5,0,1e-06,1e-06,CHA,CHA
CHN201508060,2015-08-06,CHN,SFN,2,0,660.0502267315369,947.8182724063668,PIT,ATL
NYA201508060,2015-08-06,NYA,BOS,0,0,1e-06,1e-06,NYA,NYA
WAS201508060,2015-08-06,WAS,ARI,0,0,1e-06,1e-06,WAS,WAS
MIL201508060,2015-08-06,MIL,SDN,1,0,1e-06,1e-06,MIL,MIL
DET201508060,2015-08-06,DET,KCA,0,0,1e-06,1e-06,DET,DET
ATL201508060,2015-08-06,ATL,MIA,2,2,1e-06,973.3591318981379,ATL,MIA
CIN201508060,2015-08-06,CIN,SLN,0,0,1e-06,1e-06,CIN,CIN
PHI201508060,2015-08-06,PHI,LAN,5,3,1e-06,1e-06,PHI,PHI
OAK201508060,2015-08-06,OAK,HOU,0,1,1e-06,2350.5503898425545,OAK,TEX
TOR201508060,2015-08-06,TOR,MIN,1,0,1e-06,1e-06,TOR,TOR
DET201508070,2015-08-07,DET,BOS,0,2,1e-06,773.7548030957365,DET,NYA
ARI201508070,2015-08-07,ARI,CIN,1,0,3184.3579900386735,2538.655038172322,WAS,CIN
CHN201508070,2015-08-07,CHN,SFN,1,0,1e-06,1e-06,CHN,CHN
KCA201508070,2015-08-07,KCA,CHA,0,0,1034.95696626315,663.9206411727051,DET,CHA
OAK201508070,2015-08-07,OAK,HOU,0,0,1e-06,1e-06,OAK,OAK
MIL201508070,2015-08-07,MIL,SLN,0,0,1e-06,525.1892238126902,MIL,CIN
CLE201508070,2015-08-07,CLE,MIN,0,0,3271.7957310678776,305.2632734150024,ANA,TOR
WAS201508070,2015-08-07,WAS,COL,1,0,1e-06,2397.8679070622884,WAS,COL
NYA201508070,2015-08-07,NYA,TOR,0,1,1e-06,550.2922217550002,NYA,TOR
SEA201508070,2015-08-07,SEA,TEX,0,0,1640.846947858291,2688.6235870338205,COL,TEX
TBA201508070,2015-08-07,TBA,NYN,0,0,1636.2782802002057,319.9354673545946,CHA,MIA
PIT201508070,2015-08-07,PIT,LAN,1,0,1e-06,412.2899901216241,PIT,PHI
ANA201508070,2015-08-07,ANA,BAL,1,0,1e-06,592.0809005913671,ANA,OAK
SDN201508070,2015-08-07,SDN,PHI,0,0,2790.8560532571964,3810.8466979584146,MIL,PHI
ATL201508070,2015-08-07,ATL,MIA,0,0,1e-06,1e-06,ATL,ATL
SEA201508080,2015-08-08,SEA,TEX,0,0,1e-06,1e-06,SEA,SEA
MIL201508080,2015-08-08,MIL,SLN,0,1,1e-06,1e-06,MIL,MIL
SDN201508080,2015-08-08,SDN,PHI,0,2,1e-06,1e-06,SDN,SDN
WAS201508080,2015-08-08,WAS,COL,0,0,1e-06,1e-06,WAS,WAS
CHN201508080,2015-08-08,CHN,SFN,1,0,1e-06,1e-06,CHN,CHN
PIT201508080,2015-08-08,PIT,LAN,1,1,1e-06,1e-06,PIT,PIT
ARI201508080,2015-08-08,ARI,CIN,1,0,1e-06,1e-06,ARI,ARI
ANA201508080,2015-08-08,ANA,BAL,0,0,1e-06,1e-06,ANA,ANA
NYA201508080,2015-08-08,NYA,TOR,0,0,1e-06,1e-06,NYA,NYA
CLE201508080,2015-08-08,CLE,MIN,2,1,1e-06,1e-06,CLE,CLE
KCA201508080,2015-08-08,KCA,CHA,0,0,1e-06,1e-06,KCA,KCA
DET201508080,2015-08-08,DET,BOS,0,0,1e-06,1e-06,DET,DET
TBA201508080,2015-08-08,TBA,NYN,4,3,1e-06,1e-06,TBA,TBA
OAK201508080,2015-08-08,OAK,HOU,2,0,1e-06,1e-06,OAK,OAK
ATL201508080,2015-08-08,ATL,MIA,1,0,1e-06,1e-06,ATL,ATL
ANA201508090,2015-08-09,ANA,BAL,1,2,1e-06,1e-06,ANA,ANA
ATL201508090,2015-08-09,ATL,MIA,0,0,1e-06,1e-06,ATL,ATL
DET201508090,2015-08-09,DET,BOS,0,0,1e-06,1e-06,DET,DET
CLE201508090,2015-08-09,CLE,MIN,1,0,1e-06,1e-06,CLE,CLE
WAS201508090,2015-08-09,WAS,COL,0,1,1e-06,1e-06,WAS,WAS
PIT201508090,2015-08-09,PIT,LAN,0,2,1e-06,1e-06,PIT,PIT
ARI201508090,2015-08-09,ARI,CIN,1,0,1e-06,1e-06,ARI,ARI
OAK201508090,2015-08-09,OAK,HOU,0,0,1e-06,1e-06,OAK,OAK
SDN201508090,2015-08-09,SDN,PHI,0,1,1e-06,1e-06,SDN,SDN
NYA201508090,2015-08-09,NYA,TOR,0,1,1e-06,1e-06,NYA,NYA
CHN201508090,2015-08-09,CHN,SFN,1,0,1e-06,1e-06,CHN,CHN
KCA201508090,2015-08-09,KCA,CHA,3,0,1e-06,1e-06,KCA,KCA
TBA201508090,2015-08-09,TBA,NYN,0,0,1e-06,1e-06,TBA,TBA
MIL201508090,2015-08-09,MIL,SLN,0,0,1e-06,1e-06,MIL,MIL
SEA201508090,2015-08-09,SEA,TEX,0,0,1e-06,1e-06,SEA,SEA
LAN201508100,2015-08-10,LAN,WAS,0,0,3433.6519953355796,3694.4220119834245,PIT,WAS
SDN201508100,2015-08-10,SDN,CIN,0,0,1e-06,481.0116378281714,SDN,ARI
CHA201508100,2015-08-10,CHA,ANA,1,0,663.9206411727051,2786.2559450879285,KCA,ANA
SEA201508100,2015-08-10,SEA,BAL,0,1,1e-06,1575.276973597757,SEA,ANA
NYN201508100,2015-08-10,NYN,COL,0,0,1638.0556824552712,326.3648041771951,TBA,WAS
ARI201508100,2015-08-10,ARI,PHI,0,0,1e-06,481.0116378281714,ARI,SDN
KCA201508100,2015-08-10,KCA,DET,3,0,1e-06,1034.95696626315,KCA,DET
SDN201508110,2015-08-11,SDN,CIN,3,0,1e-06,1e-06,SDN,SDN
TBA201508110,2015-08-11,TBA,ATL,0,0,1e-06,688.5440708416155,TBA,ATL
SLN201508110,2015-08-11,SLN,PIT,1,1,526.8349145670746,898.8824563980571,MIL,PIT
SFN201508110,2015-08-11,SFN,HOU,0,0,2984.5094702126535,13.027453191410114,CHN,OAK
ARI201508110,2015-08-11,ARI,PHI,0,1,1e-06,1e-06,ARI,ARI
LAN201508110,2015-08-11,LAN,WAS,0,0,1e-06,1e-06,LAN,LAN
TOR201508110,2015-08-11,TOR,OAK,0,1,550.2922217550002,3630.644600855592,NYA,OAK
CHN201508110,2015-08-11,CHN,MIL,0,0,1e-06,132.54357794550742,CHN,MIL
KCA201508110,2015-08-11,KCA,DET,2,0,1e-06,1e-06,KCA,KCA
NYN201508110,2015-08-11,NYN,COL,0,0,1e-06,1e-06,NYN,NYN
MIA201508110,2015-08-11,MIA,BOS,0,0,973.3591318981379,1858.8415502997775,ATL,DET
MIN201508110,2015-08-11,MIN,TEX,0,0,1013.2251113855248,2238.4089622775527,CLE,SEA
CHA201508110,2015-08-11,CHA,ANA,0,0,1e-06,1e-06,CHA,CHA
CLE201508110,2015-08-11,CLE,NYA,1,0,1e-06,649.8727601989037,CLE,NYA
SEA201508110,2015-08-11,SEA,BAL,4,2,1e-06,1e-06,SEA,SEA
CLE201508120,2015-08-12,CLE,NYA,0,0,1e-06,1e-06,CLE,CLE
MIN201508120,2015-08-12,MIN,TEX,1,0,1e-06,1e-06,MIN,MIN
NYN201508120,2015-08-12,NYN,COL,0,0,1e-06,1e-06,NYN,NYN
MIA201508120,2015-08-12,MIA,BOS,1,0,1e-06,1e-06,MIA,MIA
ARI201508120,2015-08-12,ARI,PHI,2,0,1e-06,1e-06,ARI,ARI
CHN201508120,2015-08-12,CHN,MIL,0,1,1e-06,1e-06,CHN,CHN
SFN201508120,2015-08-12,SFN,HOU,0,0,1e-06,1e-06,SFN,SFN
TOR201508120,2015-08-12,TOR,OAK,3,0,1e-06,1e-06,TOR,TOR
SEA201508120,2015-08-12,SEA,BAL,0,0,1e-06,1e-06,SEA,SEA
TBA201508120,2015-08-12,TBA,ATL,0,0,1e-06,1e-06,TBA,TBA
SDN201508120,2015-08-12,SDN,CIN,3,3,1e-06,1e-06,SDN,SDN
CHA201508120,2015-08-12,CHA,ANA,0,0,1e-06,1e-06,CHA,CHA
SLN201508120,2015-08-12,SLN,PIT,0,0,1e-06,1e-06,SLN,SLN
LAN201508120,2015-08-12,LAN,WAS,0,0,1e-06,1e-06,LAN,LAN
KCA201508120,2015-08-12,KCA,DET,0,1,1e-06,1e-06,KCA,KCA
SFN201508130,2015-08-13,SFN,WAS,2,1,1e-06,559.4406195325591,SFN,LAN
CHN201508130,2015-08-13,CHN,MIL,0,0,1e-06,1e-06,CHN,CHN
SLN201508130,2015-08-13,SLN,PIT,2,7,1e-06,1e-06,SLN,SLN
KCA201508130,2015-08-13,KCA,ANA,1,0,1e-06,663.9206411727051,KCA,CHA
LAN201508130,2015-08-13,LAN,CIN,0,0,1e-06,179.52869961196944,LAN,SDN
NYN201508130,2015-08-13,NYN,COL,3,2,1e-06,1e-06,NYN,NYN
TOR201508130,2015-08-13,TOR,OAK,0,0,1e-06,1e-06,TOR,TOR
CLE201508130,2015-08-13,CLE,NYA,0,3,1e-06,1e-06,CLE,CLE
MIN201508130,2015-08-13,MIN,TEX,0,0,1e-06,1e-06,MIN,MIN
HOU201508140,2015-08-14,HOU,DET,0,0,2641.7391700833814,1040.8267966673652,SFN,KCA
COL201508140,2015-08-14,COL,SDN,3,3,2618.595617996944,1340.7925092662401,NYN,SDN
NYN201508140,2015-08-14,NYN,PIT,0,1,1e-06,1403.0288811452067,NYN,SLN
SLN201508140,2015-08-14,SLN,MIA,0,0,1e-06,1707.3616110149374,SLN,MIA
KCA201508140,2015-08-14,KCA,ANA,0,1,1e-06,1e-06,KCA,KCA
BOS201508140,2015-08-14,BOS,SEA,3,1,2024.1956124919243,4000.0367541660753,MIA,SEA
LAN201508140,2015-08-14,LAN,CIN,1,1,1e-06,1e-06,LAN,LAN
CHA201508140,2015-08-14,CHA,CHN,2,1,1e-06,1e-06,CHA,CHN
TOR201508140,2015-08-14,TOR,NYA,0,0,1e-06,305.2632734150024,TOR,CLE
TEX201508140,2015-08-14,TEX,TBA,1,0,1396.7696185124962,1496.616116420437,MIN,TBA
SFN201508140,2015-08-14,SFN,WAS,1,1,1e-06,1e-06,SFN,SFN
MIN201508140,2015-08-14,MIN,CLE,0,0,1e-06,1013.2251113855248,MIN,CLE
MIL201508140,2015-08-14,MIL,PHI,0,0,132.54357794550742,2349.997873269975,CHN,ARI
ATL201508140,2015-08-14,ATL,ARI,0,0,688.5440708416155,2556.4851145812468,TBA,ARI
BAL201508140,2015-08-14,BAL,OAK,0,0,3746.584168000963,537.0332419152472,SEA,TOR
TEX201508150,2015-08-15,TEX,TBA,1,0,1e-06,1e-06,TEX,TEX
CHA201508150,2015-08-15,CHA,CHN,0,0,1e-06,1e-06,CHA,CHA
SFN201508150,2015-08-15,SFN,WAS,0,1,1e-06,1e-06,SFN,SFN
BAL201508150,2015-08-15,BAL,OAK,0,1,1e-06,1e-06,BAL,BAL
LAN201508150,2015-08-15,LAN,CIN,0,2,1e-06,1e-06,LAN,LAN
BOS201508150,2015-08-15,BOS,SEA,0,0,1e-06,1e-06,BOS,BOS
MIN201508150,2015-08-15,MIN,CLE,0,0,1e-06,1e-06,MIN,MIN
NYN201508150,2015-08-15,NYN,PIT,0,2,1e-06,1e-06,NYN,NYN
MIL201508150,2015-08-15,MIL,PHI,0,1,1e-06,1e-06,MIL,MIL
COL201508150,2015-08-15,COL,SDN,1,1,1e-06,1e-06,COL,COL
SLN201508150,2015-08-15,SLN,MIA,1,0,1e-06,1e-06,SLN,SLN
HOU201508150,2015-08-15,HOU,DET,0,0,1e-06,1e-06,HOU,HOU
ATL201508150,2015-08-15,ATL,ARI,0,1,1e-06,1e-06,ATL,ATL
TOR201508150,2015-08-15,TOR,NYA,0,1,1e-06,1e-06,TOR,TOR
KCA201508150,2015-08-15,KCA,ANA,0,0,1e-06,1e-06,KCA,KCA
SLN201508160,2015-08-16,SLN,MIA,1,1,1e-06,1e-06,SLN,SLN
MIN201508160,2015-08-16,MIN,CLE,0,0,1e-06,1e-06,MIN,MIN
TEX201508160,2015-08-16,TEX,TBA,2,1,1e-06,1e-06,TEX,TEX
CHA201508160,2015-08-16,CHA,CHN,0,0,1e-06,1e-06,CHA,CHA
ATL201508160,2015-08-16,ATL,ARI,0,0,1e-06,1e-06,ATL,ATL
TOR201508160,2015-08-16,TOR,NYA,0,0,1e-06,1e-06,TOR,TOR
SFN201508160,2015-08-16,SFN,WAS,0,0,1e-06,1e-06,SFN,SFN
LAN201508160,2015-08-16,LAN,CIN,0,0,1e-06,1e-06,LAN,LAN
KCA201508160,2015-08-16,KCA,ANA,2,0,1e-06,1e-06,KCA,KCA
BOS201508160,2015-08-16,BOS,SEA,0,3,1e-06,1e-06,BOS,BOS
MIL201508160,2015-08-16,MIL,PHI,1,0,1e-06,1e-06,MIL,MIL
BAL201508160,2015-08-16,BAL,OAK,1,0,1e-06,1e-06,BAL,BAL
COL201508160,2015-08-16,COL,SDN,0,0,1e-06,1e-06,COL,COL
HOU201508160,2015-08-16,HOU,DET,0,2,1e-06,1e-06,HOU,HOU
NYN201508160,2015-08-16,NYN,PIT,0,0,1e-06,1e-06,NYN,NYN
BOS201508170,2015-08-17,BOS,CLE,0,0,1e-06,1804.1923618308685,BOS,MIN
MIL201508170,2015-08-17,MIL,MIA,0,0,1e-06,526.8349145670746,MIL,SLN
SLN201508170,2015-08-17,SLN,SFN,0,0,1e-06,2802.2400845274956,SLN,SFN
BAL201508170,2015-08-17,BAL,OAK,0,0,1e-06,1e-06,BAL,BAL
TEX201508170,2015-08-17,TEX,SEA,1,0,1e-06,2512.5604144030362,TEX,BOS
HOU201508170,2015-08-17,HOU,TBA,0,4,1e-06,368.5990384284446,HOU,TEX
SDN201508170,2015-08-17,SDN,ATL,0,0,1340.7925092662401,3037.495642889967,COL,ATL
NYA201508170,2015-08-17,NYA,MIN,3,0,550.2922217550002,1636.0526645605564,TOR,MIN
PIT201508170,2015-08-17,PIT,ARI,0,2,505.04779123783345,840.3908477621023,NYN,ATL
ANA201508170,2015-08-17,ANA,CHA,0,0,2158.345510444982,2786.2559450879285,KCA,CHA
HOU201508180,2015-08-18,HOU,TBA,0,0,1e-06,1e-06,HOU,HOU
BOS201508180,2015-08-18,BOS,CLE,1,0,1e-06,1e-06,BOS,BOS
MIL201508180,2015-08-18,MIL,MIA,0,3,1e-06,1e-06,MIL,MIL
PHI201508180,2015-08-18,PHI,TOR,0,1,1117.7982780855818,539.7375980826044,MIL,TOR
CHN201508180,2015-08-18,CHN,DET,2,3,1e-06,1516.5648050119732,CHA,HOU
ANA201508180,2015-08-18,ANA,CHA,3,0,1e-06,1e-06,ANA,ANA
PIT201508180,2015-08-18,PIT,ARI,2,2,1e-06,1e-06,PIT,PIT
SLN201508180,2015-08-18,SLN,SFN,0,0,1e-06,1e-06,SLN,SLN
COL201508180,2015-08-18,COL,WAS,3,2,1e-06,1524.5101947303656,COL,SFN
CIN201508180,2015-08-18,CIN,KCA,1,0,3046.5057464053752,868.1617780403714,LAN,KCA
NYA201508180,2015-08-18,NYA,MIN,0,0,1e-06,1e-06,NYA,NYA
TEX201508180,2015-08-18,TEX,SEA,0,3,1e-06,1e-06,TEX,TEX
SDN201508180,2015-08-18,SDN,ATL,0,0,1e-06,1e-06,SDN,SDN
OAK201508180,2015-08-18,OAK,LAN,0,0,3931.3055139950993,552.4676717810693,BAL,LAN
BAL201508180,2015-08-18,BAL,NYN,0,1,1e-06,272.81937803481173,BAL,NYN
TEX201508190,2015-08-19,TEX,SEA,3,0,1e-06,1e-06,TEX,TEX
SDN201508190,2015-08-19,SDN,ATL,0,0,1e-06,1e-06,SDN,SDN
SLN201508190,2015-08-19,SLN,SFN,1,0,1e-06,1e-06,SLN,SLN
ANA201508190,2015-08-19,ANA,CHA,0,0,1e-06,1e-06,ANA,ANA
HOU201508190,2015-08-19,HOU,TBA,1,0,1e-06,1e-06,HOU,HOU
CHN201508190,2015-08-19,CHN,DET,0,0,1e-06,1e-06,CHN,CHN
BOS201508190,2015-08-19,BOS,CLE,0,0,1e-06,1e-06,BOS,BOS
MIL201508190,2015-08-19,MIL,MIA,0,3,1e-06,1e-06,MIL,MIL
PIT201508190,2015-08-19,PIT,ARI,0,0,1e-06,1e-06,PIT,PIT
OAK201508190,2015-08-19,OAK,LAN,1,0,1e-06,1e-06,OAK,OAK
PHI201508190,2015-08-19,PHI,TOR,3,0,1e-06,1e-06,PHI,PHI
CIN201508190,2015-08-19,CIN,KCA,2,2,1e-06,1e-06,CIN,CIN
COL201508190,2015-08-19,COL,WAS,0,0,1e-06,1e-06,COL,COL
BAL201508190,2015-08-19,BAL,NYN,0,1,1e-06,1e-06,BAL,BAL
NYA201508190,2015-08-19,NYA,MIN,0,0,1e-06,1e-06,NYA,NYA
BAL201508200,2015-08-20,BAL,MIN,0,0,1e-06,272.81937803481173,BAL,NYA
HOU201508200,2015-08-20,HOU,TBA,0,0,1e-06,1e-06,HOU,HOU
COL201508200,2015-08-20,COL,WAS,0,0,1e-06,1e-06,COL,COL
CHN201508200,2015-08-20,CHN,ATL,0,0,1e-06,2787.070270174863,CHN,SDN
BOS201508200,2015-08-20,BOS,KCA,1,0,1e-06,1188.7504512902326,BOS,CIN
ANA201508200,2015-08-20,ANA,CHA,1,1,1e-06,1e-06,ANA,ANA
PIT201508200,2015-08-20,PIT,SFN,1,0,1e-06,898.8824563980571,PIT,SLN
MIA201508200,2015-08-20,MIA,PHI,4,1,2045.0709343750696,1644.1190984600378,MIL,PHI
CIN201508200,2015-08-20,CIN,ARI,1,0,1e-06,415.25842934625814,CIN,PIT
DET201508200,2015-08-20,DET,TEX,1,0,380.91207013286544,1624.6230769135182,CHN,TEX
NYA201508200,2015-08-20,NYA,CLE,0,0,1e-06,306.2037667286439,NYA,BOS
SEA201508210,2015-08-21,SEA,CHA,0,0,2688.6235870338205,1575.276973597757,TEX,ANA
CIN201508210,2015-08-21,CIN,ARI,0,1,1e-06,1e-06,CIN,CIN
CHN201508210,2015-08-21,CHN,ATL,1,1,1e-06,1e-06,CHN,CHN
DET201508210,2015-08-21,DET,TEX,0,0,1e-06,1e-06,DET,DET
COL201508210,2015-08-21,COL,NYN,1,1,1e-06,2423.9297247133413,COL,BAL
NYA201508210,2015-08-21,NYA,CLE,0,0,1e-06,1e-06,NYA,NYA
HOU201508210,2015-08-21,HOU,LAN,0,0,1e-06,2629.671879056886,HOU,OAK
SDN201508210,2015-08-21,SDN,SLN,0,1,1e-06,2512.7882729547905,SDN,SLN
MIA201508210,2015-08-21,MIA,PHI,0,0,1e-06,1e-06,MIA,MIA
OAK201508210,2015-08-21,OAK,TBA,0,0,1e-06,2629.671879056886,OAK,HOU
ANA201508210,2015-08-21,ANA,TOR,0,3,1e-06,3822.7863128754534,ANA,PHI
WAS201508210,2015-08-21,WAS,MIL,0,0,2397.8679070622884,1025.9779093655507,COL,MIL
BAL201508210,2015-08-21,BAL,MIN,0,0,1e-06,1e-06,BAL,BAL
PIT201508210,2015-08-21,PIT,SFN,1,3,1e-06,1e-06,PIT,PIT
BOS201508210,2015-08-21,BOS,KCA,0,0,1e-06,1e-06,BOS,BOS
PIT201508220,2015-08-22,PIT,SFN,0,0,1e-06,1e-06,PIT,PIT
SDN201508220,2015-08-22,SDN,SLN,0,0,1e-06,1e-06,SDN,SDN
HOU201508220,2015-08-22,HOU,LAN,1,0,1e-06,1e-06,HOU,HOU
MIA201508220,2015-08-22,MIA,PHI,0,0,1e-06,1e-06,MIA,MIA
DET201508220,2015-08-22,DET,TEX,0,0,1e-06,1e-06,DET,DET
OAK201508220,2015-08-22,OAK,TBA,0,0,1e-06,1e-06,OAK,OAK
NYA201508220,2015-08-22,NYA,CLE,3,1,1e-06,1e-06,NYA,NYA
BAL201508220,2015-08-22,BAL,MIN,0,0,1e-06,1e-06,BAL,BAL
BOS201508220,2015-08-22,BOS,KCA,0,2,1e-06,1e-06,BOS,BOS
SEA201508220,2015-08-22,SEA,CHA,0,0,1e-06,1e-06,SEA,SEA
COL201508220,2015-08-22,COL,NYN,0,0,1e-06,1e-06,COL,COL
CHN201508220,2015-08-22,CHN,ATL,1,0,1e-06,1e-06,CHN,CHN
CIN201508220,2015-08-22,CIN,ARI,1,3,1e-06,1e-06,CIN,CIN
WAS201508220,2015-08-22,WAS,MIL,0,0,1e-06,1e-06,WAS,WAS
ANA201508220,2015-08-22,ANA,TOR,0,0,1e-06,1e-06,ANA,ANA
COL201508230,2015-08-23,COL,NYN,0,1,1e-06,1e-06,COL,COL
CHN201508230,2015-08-23,CHN,ATL,3,0,1e-06,1e-06,CHN,CHN
NYA201508230,2015-08-23,NYA,CLE,0,2,1e-06,1e-06,NYA,NYA
HOU201508230,2015-08-23,HOU,LAN,0,1,1e-06,1e-06,HOU,HOU
OAK201508230,2015-08-23,OAK,TBA,0,0,1e-06,1e-06,OAK,OAK
BOS201508230,2015-08-23,BOS,KCA,0,0,1e-06,1e-06,BOS,BOS
BAL201508230,2015-08-23,BAL,MIN,0,2,1e-06,1e-06,BAL,BAL
SDN201508230,2015-08-23,SDN,SLN,0,4,1e-06,1e-06,SDN,SDN
DET201508230,2015-08-23,DET,TEX,1,0,1e-06,1e-06,DET,DET
MIA201508230,2015-08-23,MIA,PHI,0,0,1e-06,1e-06,MIA,MIA
CIN201508230,2015-08-23,CIN,ARI,0,0,1e-06,1e-06,CIN,CIN
WAS201508230,2015-08-23,WAS,MIL,1,2,1e-06,1e-06,WAS,WAS
ANA201508230,2015-08-23,ANA,TOR,5,1,1e-06,1e-06,ANA,ANA
PIT201508230,2015-08-23,PIT,SFN,3,0,1e-06,1e-06,PIT,PIT
SEA201508230,2015-08-23,SEA,CHA,0,0,1e-06,1e-06,SEA,SEA
ATL201508240,2015-08-24,ATL,COL,2,1,947.8182724063668,1946.7466716258368,CHN,COL
ARI201508240,2015-08-24,ARI,SLN,0,0,2538.655038172322,481.0116378281714,CIN,SDN
CHN201508240,2015-08-24,CHN,CLE,0,0,1e-06,1144.1299356702407,CHN,NYA
CHA201508240,2015-08-24,CHA,BOS,1,0,2788.668911659839,1365.5064971534737,SEA,BOS
MIA201508240,2015-08-24,MIA,PIT,0,0,1e-06,1630.230113794326,MIA,PIT
KCA201508240,2015-08-24,KCA,BAL,0,2,2008.0645584325657,1545.5901214265937,BOS,BAL
CIN201508240,2015-08-24,CIN,DET,0,4,1e-06,380.0544669682655,CIN,DET
NYA201508240,2015-08-24,NYA,HOU,0,0,1e-06,2282.180747677387,NYA,HOU
SEA201508240,2015-08-24,SEA,OAK,0,0,1e-06,1089.6592015072615,SEA,OAK
PHI201508240,2015-08-24,PHI,NYN,3,0,1644.1190984600378,2534.0409405234473,MIA,COL
KCA201508250,2015-08-25,KCA,BAL,0,0,1e-06,1e-06,KCA,KCA
ATL201508250,2015-08-25,ATL,COL,0,2,1e-06,1e-06,ATL,ATL
DET201508250,2015-08-25,DET,ANA,0,4,380.0544669682655,3167.1614902696224,CIN,ANA
CHA201508250,2015-08-25,CHA,BOS,0,0,1e-06,1e-06,CHA,CHA
CLE201508250,2015-08-25,CLE,MIL,2,1,494.38381964269325,490.8851885982564,CHN,WAS
ARI201508250,2015-08-25,ARI,SLN,0,4,1e-06,1e-06,ARI,ARI
SEA201508250,2015-08-25,SEA,OAK,0,1,1e-06,1e-06,SEA,SEA
PHI201508250,2015-08-25,PHI,NYN,0,2,1e-06,1e-06,PHI,PHI
WAS201508250,2015-08-25,WAS,SDN,0,0,1e-06,3654.8629358941057,WAS,SDN
TBA201508250,2015-08-25,TBA,MIN,0,3,3845.9573440873414,1393.7772067986984,OAK,BAL
SFN201508250,2015-08-25,SFN,CHN,0,0,3638.3530777091846,2984.5094702126535,PIT,CHN
MIA201508250,2015-08-25,MIA,PIT,0,1,1e-06,1e-06,MIA,MIA
TEX201508250,2015-08-25,TEX,TOR,1,0,1624.6230769135182,1938.7751997181072,DET,ANA
NYA201508250,2015-08-25,NYA,HOU,0,5,1e-06,1e-06,NYA,NYA
CIN201508250,2015-08-25,CIN,LAN,0,1,1e-06,1437.2452542414687,CIN,HOU
WAS201508260,2015-08-26,WAS,SDN,0,0,1e-06,1e-06,WAS,WAS
NYA201508260,2015-08-26,NYA,HOU,0,0,1e-06,1e-06,NYA,NYA
SEA201508260,2015-08-26,SEA,OAK,4,1,1e-06,1e-06,SEA,SEA
ARI201508260,2015-08-26,ARI,SLN,1,0,1e-06,1e-06,ARI,ARI
CLE201508260,2015-08-26,CLE,MIL,0,0,1e-06,1e-06,CLE,CLE
KCA201508260,2015-08-26,KCA,BAL,0,0,1e-06,1e-06,KCA,KCA
TBA201508260,2015-08-26,TBA,MIN,0,0,1e-06,1e-06,TBA,TBA
TEX201508260,2015-08-26,TEX,TOR,2,0,1e-06,1e-06,TEX,TEX
CHA201508260,2015-08-26,CHA,BOS,0,0,1e-06,1e-06,CHA,CHA
ATL201508260,2015-08-26,ATL,COL,0,0,1e-06,1e-06,ATL,ATL
MIA201508260,2015-08-26,MIA,PIT,1,1,1e-06,1e-06,MIA,MIA
SFN201508260,2015-08-26,SFN,CHN,2,2,1e-06,1e-06,SFN,SFN
PHI201508260,2015-08-26,PHI,NYN,0,3,1e-06,1e-06,PHI,PHI
CIN201508260,2015-08-26,CIN,LAN,0,0,1e-06,1e-06,CIN,CIN
DET201508260,2015-08-26,DET,ANA,0,0,1e-06,1e-06,DET,DET
TEX201508270,2015-08-27,TEX,TOR,1,0,1e-06,1e-06,TEX,TEX
MIA201508270,2015-08-27,MIA,PIT,0,0,1e-06,1e-06,MIA,MIA
TBA201508270,2015-08-27,TBA,MIN,2,0,1e-06,1e-06,TBA,TBA
KCA201508270,2015-08-27,KCA,BAL,0,0,1e-06,1e-06,KCA,KCA
DET201508270,2015-08-27,DET,ANA,0,0,1e-06,1e-06,DET,DET
WAS201508270,2015-08-27,WAS,SDN,0,0,1e-06,1e-06,WAS,WAS
PHI201508270,2015-08-27,PHI,NYN,0,0,1e-06,1e-06,PHI,PHI
ARI201508270,2015-08-27,ARI,SLN,0,1,1e-06,1e-06,ARI,ARI
CHA201508270,2015-08-27,CHA,SEA,1,0,1e-06,2788.668911659839,CHA,SEA
CIN201508270,2015-08-27,CIN,LAN,0,0,1e-06,1e-06,CIN,CIN
SFN201508270,2015-08-27,SFN,CHN,0,0,1e-06,1e-06,SFN,SFN
CHA201508280,2015-08-28,CHA,SEA,0,0,1e-06,1e-06,CHA,CHA
TEX201508280,2015-08-28,TEX,BAL,0,0,1e-06,738.3603208647532,TEX,KCA
PHI201508280,2015-08-28,PHI,SDN,0,0,1e-06,197.2342958595587,PHI,WAS
LAN201508280,2015-08-28,LAN,CHN,0,0,3046.5057464053752,559.4406195325591,CIN,SFN
ARI201508280,2015-08-28,ARI,OAK,0,0,1e-06,1793.290239503433,ARI,SEA
TOR201508280,2015-08-28,TOR,DET,1,1,1953.6900971659159,332.4198044988213,TEX,DET
PIT201508280,2015-08-28,PIT,COL,1,0,1630.230113794326,840.3908477621023,MIA,ATL
ATL201508280,2015-08-28,ATL,NYA,2,5,1e-06,1200.4511584455877,ATL,NYA
CLE201508280,2015-08-28,CLE,ANA,0,0,1e-06,145.52553501827433,CLE,DET
SFN201508280,2015-08-28,SFN,SLN,0,0,1e-06,1050.9933942487219,SFN,ARI
MIL201508280,2015-08-28,MIL,CIN,2,0,542.6220003248809,525.1892238126902,CLE,CIN
TBA201508280,2015-08-28,TBA,KCA,0,0,1e-06,1680.826511683993,TBA,KCA
MIN201508280,2015-08-28,MIN,HOU,0,0,2137.431531245163,1636.0526645605564,TBA,NYA
NYN201508280,2015-08-28,NYN,BOS,0,0,129.48897528262268,1144.1299356702407,PHI,CHA
WAS201508280,2015-08-28,WAS,MIA,0,1,1e-06,1489.628641346009,WAS,MIA
PIT201508290,2015-08-29,PIT,COL,3,0,1e-06,1e-06,PIT,PIT
MIN201508290,2015-08-29,MIN,HOU,0,0,1e-06,1e-06,MIN,MIN
NYN201508290,2015-08-29,NYN,BOS,0,0,1e-06,1e-06,NYN,NYN
ARI201508290,2015-08-29,ARI,OAK,0,0,1e-06,1e-06,ARI,ARI
LAN201508290,2015-08-29,LAN,CHN,0,0,1e-06,1e-06,LAN,LAN
CLE201508290,2015-08-29,CLE,ANA,0,1,1e-06,1e-06,CLE,CLE
PHI201508290,2015-08-29,PHI,SDN,0,0,1e-06,1e-06,PHI,PHI
ATL201508290,2015-08-29,ATL,NYA,0,1,1e-06,1e-06,ATL,ATL
WAS201508290,2015-08-29,WAS,MIA,0,0,1e-06,1e-06,WAS,WAS
MIL201508290,2015-08-29,MIL,CIN,1,2,1e-06,1e-06,MIL,MIL
TBA201508290,2015-08-29,TBA,KCA,0,0,1e-06,1e-06,TBA,TBA
CHA201508290,2015-08-29,CHA,SEA,0,3,1e-06,1e-06,CHA,CHA
TEX201508290,2015-08-29,TEX,BAL,0,0,1e-06,1e-06,TEX,TEX
SFN201508290,2015-08-29,SFN,SLN,0,0,1e-06,1e-06,SFN,SFN
TOR201508290,2015-08-29,TOR,DET,3,0,1e-06,1e-06,TOR,TOR
MIN201508300,2015-08-30,MIN,HOU,1,0,1e-06,1e-06,MIN,MIN
MIL201508300,2015-08-30,MIL,CIN,1,0,1e-06,1e-06,MIL,MIL
LAN201508300,2015-08-30,LAN,CHN,0,2,1e-06,1e-06,LAN,LAN
SFN201508300,2015-08-30,SFN,SLN,2,3,1e-06,1e-06,SFN,SFN
TOR201508300,2015-08-30,TOR,DET,2,0,1e-06,1e-06,TOR,TOR
CLE201508300,2015-08-30,CLE,ANA,2,0,1e-06,1e-06,CLE,CLE
WAS201508300,2015-08-30,WAS,MIA,0,3,1e-06,1e-06,WAS,WAS
ARI201508300,2015-08-30,ARI,OAK,0,0,1e-06,1e-06,ARI,ARI
ATL201508300,2015-08-30,ATL,NYA,0,0,1e-06,1e-06,ATL,ATL
NYN201508300,2015-08-30,NYN,BOS,0,0,1e-06,1e-06,NYN,NYN
CHA201508300,2015-08-30,CHA,SEA,1,2,1e-06,1e-06,CHA,CHA
PHI201508300,2015-08-30,PHI,SDN,0,2,1e-06,1e-06,PHI,PHI
TEX201508300,2015-08-30,TEX,BAL,2,0,1e-06,1e-06,TEX,TEX
PIT201508300,2015-08-30,PIT,COL,0,0,1e-06,1e-06,PIT,PIT
TBA201508300,2015-08-30,TBA,KCA,1,0,1e-06,1e-06,TBA,TBA
BAL201508310,2015-08-31,BAL,TBA,0,0,1968.7690954443951,1393.7772067986984,TEX,TBA
SDN201508310,2015-08-31,SDN,TEX,0,0,3810.8466979584146,1879.9176992056841,PHI,TEX
HOU201508310,2015-08-31,HOU,SEA,1,0,1702.4056315736932,1516.5648050119732,MIN,CHA
ATL201508310,2015-08-31,ATL,MIA,0,0,1e-06,874.0887985860761,ATL,WAS
CHN201508310,2015-08-31,CHN,CIN,0,0,2804.8246802178714,132.54357794550742,LAN,MIL
TOR201508310,2015-08-31,TOR,CLE,0,1,1e-06,305.2632734150024,TOR,CLE
LAN201508310,2015-08-31,LAN,SFN,1,0,1e-06,559.4406195325591,LAN,SFN
BOS201508310,2015-08-31,BOS,NYA,0,1,306.2037667286439,1506.6278415289673,NYN,ATL
OAK201508310,2015-08-31,OAK,ANA,0,1,1040.2976618519092,3466.040146226439,ARI,CLE
SLN201508310,2015-08-31,SLN,WAS,0,1,2802.2400845274956,1142.2462660488457,SFN,WAS
NYN201508310,2015-08-31,NYN,PHI,0,0,1e-06,129.48897528262268,NYN,PHI
COL201508310,2015-08-31,COL,ARI,0,0,2121.7512666569423,942.6579354569091,PIT,ARI
NYN201509010,2015-09-01,NYN,PHI,0,0,1e-06,1e-06,NYN,NYN
SDN201509010,2015-09-01,SDN,TEX,0,2,1e-06,1e-06,SDN,SDN
MIN201509010,2015-09-01,MIN,CHA,0,0,1e-06,571.0232496384983,MIN,CHA
SLN201509010,2015-09-01,SLN,WAS,0,0,1e-06,1e-06,SLN,SLN
COL201509012,2015-09-01,COL,ARI,2,1,1e-06,1e-06,COL,COL
CHN201509010,2015-09-01,CHN,CIN,0,1,1e-06,1e-06,CHN,CHN
COL201509011,2015-09-01,COL,ARI,0,0,1e-06,1e-06,COL,COL
ATL201509010,2015-09-01,ATL,MIA,0,2,1e-06,1e-06,ATL,ATL
BOS201509010,2015-09-01,BOS,NYA,0,0,1e-06,1e-06,BOS,BOS
BAL201509010,2015-09-01,BAL,TBA,0,0,1e-06,1e-06,BAL,BAL
KCA201509010,2015-09-01,KCA,DET,0,1,1680.826511683993,1362.7751953099457,TBA,TOR
OAK201509010,2015-09-01,OAK,ANA,1,0,1e-06,1e-06,OAK,OAK
TOR201509010,2015-09-01,TOR,CLE,1,0,1e-06,1e-06,TOR,TOR
LAN201509010,2015-09-01,LAN,SFN,0,0,1e-06,1e-06,LAN,LAN
MIL201509010,2015-09-01,MIL,PIT,4,0,1e-06,722.0054120555708,MIL,PIT
HOU201509010,2015-09-01,HOU,SEA,0,0,1e-06,1e-06,HOU,HOU
BAL201509020,2015-09-02,BAL,TBA,0,0,1e-06,1e-06,BAL,BAL
BOS201509020,2015-09-02,BOS,NYA,1,0,1e-06,1e-06,BOS,BOS
KCA201509020,2015-09-02,KCA,DET,1,0,1e-06,1e-06,KCA,KCA
ATL201509020,2015-09-02,ATL,MIA,0,0,1e-06,1e-06,ATL,ATL
COL201509020,2015-09-02,COL,ARI,3,1,1e-06,1e-06,COL,COL
TOR201509020,2015-09-02,TOR,CLE,2,0,1e-06,1e-06,TOR,TOR
SDN201509020,2015-09-02,SDN,TEX,0,1,1e-06,1e-06,SDN,SDN
HOU201509020,2015-09-02,HOU,SEA,0,0,1e-06,1e-06,HOU,HOU
LAN201509020,2015-09-02,LAN,SFN,0,0,1e-06,1e-06,LAN,LAN
OAK201509020,2015-09-02,OAK,ANA,3,4,1e-06,1e-06,OAK,OAK
CHN201509020,2015-09-02,CHN,CIN,0,1,1e-06,1e-06,CHN,CHN
MIN201509020,2015-09-02,MIN,CHA,0,0,1e-06,1e-06,MIN,MIN
SLN201509020,2015-09-02,SLN,WAS,0,0,1e-06,1e-06,SLN,SLN
NYN201509020,2015-09-02,NYN,PHI,0,0,1e-06,1e-06,NYN,NYN
MIL201509020,2015-09-02,MIL,PIT,2,0,1e-06,1e-06,MIL,MIL
SDN201509030,2015-09-03,SDN,LAN,2,0,1e-06,179.52869961196944,SDN,LAN
MIN201509030,2015-09-03,MIN,CHA,0,1,1e-06,1e-06,MIN,MIN
COL201509030,2015-09-03,COL,SFN,4,0,1e-06,1336.5596902131042,COL,LAN
MIL201509030,2015-09-03,MIL,PIT,0,0,1e-06,1e-06,MIL,MIL
KCA201509030,2015-09-03,KCA,DET,2,3,1e-06,1e-06,KCA,KCA
WAS201509030,2015-09-03,WAS,ATL,2,0,1142.2462660488457,874.0887985860761,SLN,ATL
WAS201509040,2015-09-04,WAS,ATL,1,0,1e-06,1e-06,WAS,WAS
KCA201509040,2015-09-04,KCA,CHA,0,3,1e-06,662.9211681328137,KCA,MIN
NYA201509040,2015-09-04,NYA,TBA,0,0,306.2037667286439,272.81937803481173,BOS,BAL
DET201509040,2015-09-04,DET,CLE,0,0,1034.95696626315,332.4198044988213,KCA,TOR
TOR201509040,2015-09-04,TOR,BAL,0,0,1e-06,537.0332419152472,TOR,BAL
SDN201509040,2015-09-04,SDN,LAN,2,1,1e-06,1e-06,SDN,SDN
OAK201509040,2015-09-04,OAK,SEA,4,0,1e-06,2629.671879056886,OAK,HOU
HOU201509040,2015-09-04,HOU,MIN,1,0,1e-06,1702.4056315736932,HOU,MIN
ANA201509040,2015-09-04,ANA,TEX,0,0,592.0809005913671,141.8121399568677,OAK,SDN
SLN201509040,2015-09-04,SLN,PIT,0,2,1e-06,526.8349145670746,SLN,MIL
COL201509040,2015-09-04,COL,SFN,2,0,1e-06,1e-06,COL,COL
MIA201509040,2015-09-04,MIA,NYN,0,0,973.3591318981379,1756.5620451799746,ATL,NYN
CHN201509040,2015-09-04,CHN,ARI,3,0,1e-06,1477.450780411816,CHN,COL
BOS201509040,2015-09-04,BOS,PHI,1,0,1e-06,306.2037667286439,BOS,NYN
BOS201509050,2015-09-05,BOS,PHI,0,0,1e-06,1e-06,BOS,BOS
CHN201509050,2015-09-05,CHN,ARI,0,0,1e-06,1e-06,CHN,CHN
TOR201509050,2015-09-05,TOR,BAL,1,0,1e-06,1e-06,TOR,TOR
SLN201509050,2015-09-05,SLN,PIT,0,0,1e-06,1e-06,SLN,SLN
KCA201509050,2015-09-05,KCA,CHA,0,0,1e-06,1e-06,KCA,KCA
CIN201509052,2015-09-05,CIN,MIL,0,0,406.25273298859213,525.1892238126902,CHN,MIL
CIN201509051,2015-09-05,CIN,MIL,0,0,1e-06,1e-06,CIN,CIN
COL201509050,2015-09-05,COL,SFN,0,0,1e-06,1e-06,COL,COL
HOU201509050,2015-09-05,HOU,MIN,0,0,1e-06,1e-06,HOU,HOU
DET201509050,2015-09-05,DET,CLE,0,0,1e-06,1e-06,DET,DET
SDN201509050,2015-09-05,SDN,LAN,0,0,1e-06,1e-06,SDN,SDN
ANA201509050,2015-09-05,ANA,TEX,1,1,1e-06,1e-06,ANA,ANA
NYA201509050,2015-09-05,NYA,TBA,0,0,1e-06,1e-06,NYA,NYA
OAK201509050,2015-09-05,OAK,SEA,0,3,1e-06,1e-06,OAK,OAK
WAS201509050,2015-09-05,WAS,ATL,0,0,1e-06,1e-06,WAS,WAS
MIA201509050,2015-09-05,MIA,NYN,0,4,1e-06,1e-06,MIA,MIA
KCA201509060,2015-09-06,KCA,CHA,0,3,1e-06,1e-06,KCA,KCA
WAS201509060,2015-09-06,WAS,ATL,0,1,1e-06,1e-06,WAS,WAS
OAK201509060,2015-09-06,OAK,SEA,0,0,1e-06,1e-06,OAK,OAK
CHN201509060,2015-09-06,CHN,ARI,0,0,1e-06,1e-06,CHN,CHN
MIA201509060,2015-09-06,MIA,NYN,1,1,1e-06,1e-06,MIA,MIA
SDN201509060,2015-09-06,SDN,LAN,0,1,1e-06,1e-06,SDN,SDN
TOR201509060,2015-09-06,TOR,BAL,3,0,1e-06,1e-06,TOR,TOR
SLN201509060,2015-09-06,SLN,PIT,0,0,1e-06,1e-06,SLN,SLN
NYA201509060,2015-09-06,NYA,TBA,0,0,1e-06,1e-06,NYA,NYA
DET201509060,2015-09-06,DET,CLE,0,0,1e-06,1e-06,DET,DET
ANA201509060,2015-09-06,ANA,TEX,1,0,1e-06,1e-06,ANA,ANA
CIN201509060,2015-09-06,CIN,MIL,1,0,1e-06,1e-06,CIN,CIN
HOU201509060,2015-09-06,HOU,MIN,0,0,1e-06,1e-06,HOU,HOU
COL201509060,2015-09-06,COL,SFN,2,0,1e-06,1e-06,COL,COL
BOS201509060,2015-09-06,BOS,PHI,2,0,1e-06,1e-06,BOS,BOS
PHI201509070,2015-09-07,PHI,ATL,0,2,435.5953169043613,197.2342958595587,BOS,WAS
SEA201509070,2015-09-07,SEA,TEX,0,0,1089.6592015072615,1575.276973597757,OAK,ANA
CHA201509070,2015-09-07,CHA,CLE,0,0,663.9206411727051,380.91207013286544,KCA,DET
NYA201509070,2015-09-07,NYA,BAL,1,0,1e-06,550.2922217550002,NYA,TOR
WAS201509070,2015-09-07,WAS,NYN,0,0,1e-06,1489.628641346009,WAS,MIA
ANA201509070,2015-09-07,ANA,LAN,0,0,1e-06,141.8121399568677,ANA,SDN
ARI201509070,2015-09-07,ARI,SFN,0,0,2336.6124175782998,942.6579354569091,CHN,COL
MIA201509070,2015-09-07,MIA,MIL,0,0,1e-06,1534.6263109130673,MIA,CIN
BOS201509070,2015-09-07,BOS,TOR,0,1,1e-06,691.6136251477402,BOS,TOR
KCA201509070,2015-09-07,KCA,MIN,1,1,1e-06,1040.8267966673652,KCA,HOU
DET201509070,2015-09-07,DET,TBA,0,0,1e-06,773.7548030957365,DET,NYA
SLN201509070,2015-09-07,SLN,CHN,0,1,1e-06,422.49209120404555,SLN,CHN
CIN201509070,2015-09-07,CIN,PIT,0,0,1e-06,494.9532553693752,CIN,SLN
SDN201509070,2015-09-07,SDN,COL,2,2,1e-06,1340.7925092662401,SDN,COL
OAK201509070,2015-09-07,OAK,HOU,1,1,1e-06,2629.671879056886,OAK,HOU
DET201509080,2015-09-08,DET,TBA,0,0,1e-06,1e-06,DET,DET
SEA201509080,2015-09-08,SEA,TEX,0,0,1e-06,1e-06,SEA,SEA
CHA201509080,2015-09-08,CHA,CLE,0,0,1e-06,1e-06,CHA,CHA
MIA201509080,2015-09-08,MIA,MIL,1,0,1e-06,1e-06,MIA,MIA
OAK201509080,2015-09-08,OAK,HOU,0,0,1e-06,1e-06,OAK,OAK
ANA201509080,2015-09-08,ANA,LAN,1,1,1e-06,1e-06,ANA,ANA
CIN201509080,2015-09-08,CIN,PIT,0,0,1e-06,1e-06,CIN,CIN
NYA201509080,2015-09-08,NYA,BAL,0,0,1e-06,1e-06,NYA,NYA
WAS201509080,2015-09-08,WAS,NYN,2,0,1e-06,1e-06,WAS,WAS
PHI201509080,2015-09-08,PHI,ATL,0,0,1e-06,1e-06,PHI,PHI
ARI201509080,2015-09-08,ARI,SFN,0,0,1e-06,1e-06,ARI,ARI
SDN201509080,2015-09-08,SDN,COL,0,0,1e-06,1e-06,SDN,SDN
KCA201509080,2015-09-08,KCA,MIN,4,0,1e-06,1e-06,KCA,KCA
SLN201509080,2015-09-08,SLN,CHN,0,2,1e-06,1e-06,SLN,SLN
BOS201509080,2015-09-08,BOS,TOR,0,1,1e-06,1e-06,BOS,BOS
NYA201509090,2015-09-09,NYA,BAL,1,1,1e-06,1e-06,NYA,NYA
DET201509090,2015-09-09,DET,TBA,0,0,1e-06,1e-06,DET,DET
PHI201509090,2015-09-09,PHI,ATL,0,1,1e-06,1e-06,PHI,PHI
OAK201509090,2015-09-09,OAK,HOU,0,0,1e-06,1e-06,OAK,OAK
BOS201509090,2015-09-09,BOS,TOR,0,0,1e-06,1e-06,BOS,BOS
ARI201509090,2015-09-09,ARI,SFN,0,0,1e-06,1e-06,ARI,ARI
CIN201509090,2015-09-09,CIN,PIT,0,1,1e-06,1e-06,CIN,CIN
CHA201509090,2015-09-09,CHA,CLE,0,1,1e-06,1e-06,CHA,CHA
KCA201509090,2015-09-09,KCA,MIN,0,0,1e-06,1e-06,KCA,KCA
SDN201509090,2015-09-09,SDN,COL,1,2,1e-06,1e-06,SDN,SDN
ANA201509090,2015-09-09,ANA,LAN,0,1,1e-06,1e-06,ANA,ANA
SEA201509090,2015-09-09,SEA,TEX,1,0,1e-06,1e-06,SEA,SEA
SLN201509090,2015-09-09,SLN,CHN,1,2,1e-06,1e-06,SLN,SLN
MIA201509090,2015-09-09,MIA,MIL,0,1,1e-06,1e-06,MIA,MIA
WAS201509090,2015-09-09,WAS,NYN,1,0,1e-06,1e-06,WAS,WAS
ATL201509100,2015-09-10,ATL,NYN,0,0,1071.2330338826835,874.0887985860761,PHI,WAS
CIN201509100,2015-09-10,CIN,SLN,0,0,1e-06,494.9532553693752,CIN,SLN
SEA201509100,2015-09-10,SEA,TEX,2,0,1e-06,1e-06,SEA,SEA
SDN201509100,2015-09-10,SDN,COL,0,1,1e-06,1e-06,SDN,SDN
PIT201509100,2015-09-10,PIT,MIL,0,3,415.25842934625814,1630.230113794326,CIN,MIA
CLE201509100,2015-09-10,CLE,DET,0,0,494.38381964269325,145.52553501827433,CHA,DET
PHI201509112,2015-09-11,PHI,CHN,0,1,1e-06,1300.6291865836333,PHI,SLN
PHI201509111,2015-09-11,PHI,CHN,0,0,1e-06,1e-06,PHI,PHI
SEA201509110,2015-09-11,SEA,COL,0,0,1e-06,1711.8059777853623,SEA,SDN
PIT201509110,2015-09-11,PIT,MIL,0,2,1e-06,1e-06,PIT,PIT
TEX201509110,2015-09-11,TEX,OAK,3,0,2688.6235870338205,2350.5503898425545,SEA,OAK
BAL201509110,2015-09-11,BAL,KCA,0,1,272.81937803481173,1545.5901214265937,NYA,KCA
CHA201509110,2015-09-11,CHA,MIN,0,0,1e-06,663.9206411727051,CHA,KCA
SFN201509110,2015-09-11,SFN,SDN,0,0,1050.9933942487219,738.1265117326025,ARI,SDN
ANA201509110,2015-09-11,ANA,HOU,0,0,1e-06,592.0809005913671,ANA,OAK
ATL201509110,2015-09-11,ATL,NYN,0,0,1e-06,1e-06,ATL,ATL
ARI201509110,2015-09-11,ARI,LAN,4,0,1e-06,540.0297061463508,ARI,ANA
CIN201509110,2015-09-11,CIN,SLN,1,0,1e-06,1e-06,CIN,CIN
MIA201509110,2015-09-11,MIA,WAS,0,0,1e-06,1489.628641346009,MIA,WAS
TBA201509110,2015-09-11,TBA,BOS,3,1,1620.843911772028,1926.6943817180322,DET,BOS
NYA201509110,2015-09-11,NYA,TOR,0,5,1e-06,306.2037667286439,NYA,BOS
BAL201509120,2015-09-12,BAL,KCA,1,0,1e-06,1e-06,BAL,BAL
TBA201509120,2015-09-12,TBA,BOS,0,3,1e-06,1e-06,TBA,TBA
ATL201509120,2015-09-12,ATL,NYN,1,0,1e-06,1e-06,ATL,ATL
NYA201509122,2015-09-12,NYA,TOR,0,0,1e-06,1e-06,NYA,NYA
NYA201509121,2015-09-12,NYA,TOR,1,0,1e-06,1e-06,NYA,NYA
CHA201509120,2015-09-12,CHA,MIN,0,2,1e-06,1e-06,CHA,CHA
SEA201509120,2015-09-12,SEA,COL,0,0,1e-06,1e-06,SEA,SEA
TEX201509120,2015-09-12,TEX,OAK,0,0,1e-06,1e-06,TEX,TEX
ARI201509120,2015-09-12,ARI,LAN,0,2,1e-06,1e-06,ARI,ARI
CIN201509120,2015-09-12,CIN,SLN,0,1,1e-06,1e-06,CIN,CIN
PHI201509120,2015-09-12,PHI,CHN,0,0,1e-06,1e-06,PHI,PHI
ANA201509120,2015-09-12,ANA,HOU,0,0,1e-06,1e-06,ANA,ANA
MIA201509120,2015-09-12,MIA,WAS,0,0,1e-06,1e-06,MIA,MIA
PIT201509120,2015-09-12,PIT,MIL,0,0,1e-06,1e-06,PIT,PIT
SFN201509120,2015-09-12,SFN,SDN,0,0,1e-06,1e-06,SFN,SFN
PIT201509130,2015-09-13,PIT,MIL,0,2,1e-06,1e-06,PIT,PIT
CHA201509130,2015-09-13,CHA,MIN,0,4,1e-06,1e-06,CHA,CHA
NYA201509130,2015-09-13,NYA,TOR,0,0,1e-06,1e-06,NYA,NYA
TBA201509130,2015-09-13,TBA,BOS,0,0,1e-06,1e-06,TBA,TBA
ANA201509130,2015-09-13,ANA,HOU,1,0,1e-06,1e-06,ANA,ANA
SEA201509130,2015-09-13,SEA,COL,0,0,1e-06,1e-06,SEA,SEA
CLE201509132,2015-09-13,CLE,DET,2,0,1e-06,1e-06,CLE,CLE
ATL201509130,2015-09-13,ATL,NYN,0,0,1e-06,1e-06,ATL,ATL
SFN201509130,2015-09-13,SFN,SDN,0,2,1e-06,1e-06,SFN,SFN
CIN201509130,2015-09-13,CIN,SLN,0,0,1e-06,1e-06,CIN,CIN
PHI201509130,2015-09-13,PHI,CHN,2,1,1e-06,1e-06,PHI,PHI
MIA201509130,2015-09-13,MIA,WAS,0,0,1e-06,1e-06,MIA,MIA
ARI201509130,2015-09-13,ARI,LAN,0,1,1e-06,1e-06,ARI,ARI
BAL201509130,2015-09-13,BAL,KCA,3,0,1e-06,1e-06,BAL,BAL
TEX201509130,2015-09-13,TEX,OAK,1,0,1e-06,1e-06,TEX,TEX
CLE201509131,2015-09-13,CLE,DET,0,1,1e-06,1e-06,CLE,CLE
MIN201509140,2015-09-14,MIN,DET,4,0,571.0232496384983,1013.2251113855248,CHA,CLE
SEA201509140,2015-09-14,SEA,ANA,0,0,1e-06,1575.276973597757,SEA,ANA
BAL201509140,2015-09-14,BAL,BOS,1,0,1e-06,1393.7772067986984,BAL,TBA
NYN201509140,2015-09-14,NYN,MIA,0,0,1200.4511584455877,1756.5620451799746,ATL,MIA
TBA201509140,2015-09-14,TBA,NYA,0,0,1e-06,1638.0556824552712,TBA,NYA
TEX201509140,2015-09-14,TEX,HOU,0,1,1e-06,1938.7751997181072,TEX,ANA
PHI201509140,2015-09-14,PHI,WAS,0,1,1e-06,1644.1190984600378,PHI,MIA
CLE201509140,2015-09-14,CLE,KCA,1,1,1e-06,495.2645964012307,CLE,BAL
CHA201509140,2015-09-14,CHA,OAK,0,0,1e-06,1309.650558347085,CHA,TEX
ARI201509140,2015-09-14,ARI,SDN,1,5,1e-06,1050.9933942487219,ARI,SFN
SFN201509140,2015-09-14,SFN,CIN,2,0,1e-06,3280.370735305635,SFN,CIN
LAN201509140,2015-09-14,LAN,COL,0,1,574.8341159449532,1545.141516309272,ARI,SEA
PIT201509151,2015-09-15,PIT,CHN,3,1,1e-06,412.2899901216241,PIT,PHI
CHA201509150,2015-09-15,CHA,OAK,2,5,1e-06,1e-06,CHA,CHA
SFN201509150,2015-09-15,SFN,CIN,0,3,1e-06,1e-06,SFN,SFN
ARI201509150,2015-09-15,ARI,SDN,0,0,1e-06,1e-06,ARI,ARI
NYN201509150,2015-09-15,NYN,MIA,1,0,1e-06,1e-06,NYN,NYN
PIT201509152,2015-09-15,PIT,CHN,0,1,1e-06,1e-06,PIT,PIT
TBA201509150,2015-09-15,TBA,NYA,1,1,1e-06,1e-06,TBA,TBA
BAL201509150,2015-09-15,BAL,BOS,0,0,1e-06,1e-06,BAL,BAL
CLE201509150,2015-09-15,CLE,KCA,0,0,1e-06,1e-06,CLE,CLE
PHI201509150,2015-09-15,PHI,WAS,0,1,1e-06,1e-06,PHI,PHI
LAN201509150,2015-09-15,LAN,COL,1,0,1e-06,1e-06,LAN,LAN
MIN201509150,2015-09-15,MIN,DET,0,2,1e-06,1e-06,MIN,MIN
TEX201509150,2015-09-15,TEX,HOU,4,0,1e-06,1e-06,TEX,TEX
ATL201509150,2015-09-15,ATL,TOR,0,0,1e-06,1200.4511584455877,ATL,NYA
MIL201509150,2015-09-15,MIL,SLN,0,0,722.0054120555708,525.1892238126902,PIT,CIN
SEA201509150,2015-09-15,SEA,ANA,1,0,1e-06,1e-06,SEA,SEA
BAL201509160,2015-09-16,BAL,BOS,0,0,1e-06,1e-06,BAL,BAL
LAN201509160,2015-09-16,LAN,COL,0,0,1e-06,1e-06,LAN,LAN
PHI201509160,2015-09-16,PHI,WAS,0,0,1e-06,1e-06,PHI,PHI
NYN201509160,2015-09-16,NYN,MIA,0,0,1e-06,1e-06,NYN,NYN
ARI201509160,2015-09-16,ARI,SDN,0,0,1e-06,1e-06,ARI,ARI
MIN201509160,2015-09-16,MIN,DET,0,2,1e-06,1e-06,MIN,MIN
SEA201509160,2015-09-16,SEA,ANA,0,0,1e-06,1e-06,SEA,SEA
TBA201509160,2015-09-16,TBA,NYA,0,0,1e-06,1e-06,TBA,TBA
ATL201509160,2015-09-16,ATL,TOR,1,4,1e-06,1e-06,ATL,ATL
TEX201509160,2015-09-16,TEX,HOU,6,0,1e-06,1e-06,TEX,TEX
SFN201509160,2015-09-16,SFN,CIN,1,0,1e-06,1e-06,SFN,SFN
CLE201509160,2015-09-16,CLE,KCA,1,0,1e-06,1e-06,CLE,CLE
MIL201509160,2015-09-16,MIL,SLN,0,0,1e-06,1e-06,MIL,MIL
PIT201509160,2015-09-16,PIT,CHN,0,0,1e-06,1e-06,PIT,PIT
CHA201509160,2015-09-16,CHA,OAK,2,0,1e-06,1e-06,CHA,CHA
ATL201509170,2015-09-17,ATL,TOR,0,0,1e-06,1e-06,ATL,ATL
PIT201509170,2015-09-17,PIT,CHN,0,1,1e-06,1e-06,PIT,PIT
CLE201509170,2015-09-17,CLE,KCA,0,0,1e-06,1e-06,CLE,CLE
MIL201509170,2015-09-17,MIL,SLN,0,2,1e-06,1e-06,MIL,MIL
MIN201509170,2015-09-17,MIN,ANA,5,0,1e-06,2238.4089622775527,MIN,SEA
WAS201509170,2015-09-17,WAS,MIA,0,2,197.2342958595587,326.3648041771951,PHI,NYN
CHA201509170,2015-09-17,CHA,OAK,0,0,1e-06,1e-06,CHA,CHA
TEX201509170,2015-09-17,TEX,HOU,0,0,1e-06,1e-06,TEX,TEX
TBA201509170,2015-09-17,TBA,BAL,0,0,1e-06,1393.7772067986984,TBA,BAL
TEX201509180,2015-09-18,TEX,SEA,0,0,1e-06,2688.6235870338205,TEX,SEA
SFN201509180,2015-09-18,SFN,ARI,0,0,1e-06,1050.9933942487219,SFN,ARI
ATL201509180,2015-09-18,ATL,PHI,1,0,1e-06,1071.2330338826835,ATL,PHI
CHN201509180,2015-09-18,CHN,SLN,3,0,660.0502267315369,132.54357794550742,PIT,MIL
LAN201509180,2015-09-18,LAN,PIT,1,0,1e-06,3433.6519953355796,LAN,PIT
TOR201509180,2015-09-18,TOR,BOS,0,0,1183.2911929642491,537.0332419152472,ATL,BAL
WAS201509180,2015-09-18,WAS,MIA,0,2,1e-06,1e-06,WAS,WAS
NYN201509180,2015-09-18,NYN,NYA,0,1,1e-06,1638.0556824552712,NYN,TBA
DET201509180,2015-09-18,DET,KCA,1,0,872.516450655481,145.52553501827433,MIN,CLE
MIL201509180,2015-09-18,MIL,CIN,0,1,1e-06,2954.3733541563483,MIL,SFN
HOU201509180,2015-09-18,HOU,OAK,1,0,368.5990384284446,1516.5648050119732,TEX,CHA
TBA201509180,2015-09-18,TBA,BAL,0,0,1e-06,1e-06,TBA,TBA
COL201509180,2015-09-18,COL,SDN,0,0,1336.5596902131042,942.6579354569091,LAN,ARI
CLE201509180,2015-09-18,CLE,CHA,0,0,1e-06,494.38381964269325,CLE,CHA
WAS201509190,2015-09-19,WAS,MIA,0,2,1e-06,1e-06,WAS,WAS
CHN201509190,2015-09-19,CHN,SLN,2,0,1e-06,1e-06,CHN,CHN
COL201509190,2015-09-19,COL,SDN,4,0,1e-06,1e-06,COL,COL
LAN201509190,2015-09-19,LAN,PIT,1,0,1e-06,1e-06,LAN,LAN
MIL201509190,2015-09-19,MIL,CIN,2,0,1e-06,1e-06,MIL,MIL
DET201509190,2015-09-19,DET,KCA,0,0,1e-06,1e-06,DET,DET
TBA201509190,2015-09-19,TBA,BAL,1,1,1e-06,1e-06,TBA,TBA
HOU201509190,2015-09-19,HOU,OAK,3,0,1e-06,1e-06,HOU,HOU
TEX201509190,2015-09-19,TEX,SEA,1,0,1e-06,1e-06,TEX,TEX
SFN201509190,2015-09-19,SFN,ARI,0,1,1e-06,1e-06,SFN,SFN
NYN201509190,2015-09-19,NYN,NYA,0,3,1e-06,1e-06,NYN,NYN
MIN201509191,2015-09-19,MIN,ANA,0,0,1e-06,1e-06,MIN,MIN
ATL201509190,2015-09-19,ATL,PHI,0,0,1e-06,1e-06,ATL,ATL
CLE201509190,2015-09-19,CLE,CHA,0,0,1e-06,1e-06,CLE,CLE
TOR201509190,2015-09-19,TOR,BOS,0,0,1e-06,1e-06,TOR,TOR
MIN201509192,2015-09-19,MIN,ANA,0,0,1e-06,1e-06,MIN,MIN
ATL201509200,2015-09-20,ATL,PHI,1,0,1e-06,1e-06,ATL,ATL
MIL201509200,2015-09-20,MIL,CIN,0,0,1e-06,1e-06,MIL,MIL
TEX201509200,2015-09-20,TEX,SEA,0,0,1e-06,1e-06,TEX,TEX
CLE201509200,2015-09-20,CLE,CHA,0,0,1e-06,1e-06,CLE,CLE
MIN201509200,2015-09-20,MIN,ANA,0,0,1e-06,1e-06,MIN,MIN
DET201509200,2015-09-20,DET,KCA,0,2,1e-06,1e-06,DET,DET
SFN201509200,2015-09-20,SFN,ARI,0,0,1e-06,1e-06,SFN,SFN
TOR201509200,2015-09-20,TOR,BOS,0,0,1e-06,1e-06,TOR,TOR
WAS201509200,2015-09-20,WAS,MIA,3,0,1e-06,1e-06,WAS,WAS
HOU201509200,2015-09-20,HOU,OAK,0,0,1e-06,1e-06,HOU,HOU
NYN201509200,2015-09-20,NYN,NYA,1,0,1e-06,1e-06,NYN,NYN
COL201509200,2015-09-20,COL,SDN,1,2,1e-06,1e-06,COL,COL
CHN201509200,2015-09-20,CHN,SLN,0,3,1e-06,1e-06,CHN,CHN
LAN201509200,2015-09-20,LAN,PIT,1,0,1e-06,1e-06,LAN,LAN
TBA201509200,2015-09-20,TBA,BAL,1,0,1e-06,1e-06,TBA,TBA
NYN201509210,2015-09-21,NYN,ATL,1,0,1e-06,1200.4511584455877,NYN,ATL
SLN201509210,2015-09-21,SLN,CIN,0,1,422.49209120404555,526.8349145670746,CHN,MIL
COL201509210,2015-09-21,COL,PIT,0,2,1e-06,1336.5596902131042,COL,LAN
DET201509211,2015-09-21,DET,CHA,0,0,1e-06,145.52553501827433,DET,CLE
LAN201509210,2015-09-21,LAN,ARI,2,0,1e-06,559.4406195325591,LAN,SFN
DET201509212,2015-09-21,DET,CHA,0,0,1e-06,1e-06,DET,DET
CHN201509210,2015-09-21,CHN,MIL,0,2,1e-06,132.54357794550742,CHN,MIL
HOU201509210,2015-09-21,HOU,ANA,0,0,1e-06,1702.4056315736932,HOU,MIN
TOR201509210,2015-09-21,TOR,NYA,3,0,1e-06,550.2922217550002,TOR,NYN
BOS201509210,2015-09-21,BOS,TBA,0,3,691.6136251477402,1926.6943817180322,TOR,TBA
LAN201509220,2015-09-22,LAN,ARI,0,0,1e-06,1e-06,LAN,LAN
WAS201509220,2015-09-22,WAS,BAL,0,0,1e-06,1340.493838211085,WAS,TBA
COL201509220,2015-09-22,COL,PIT,0,1,1e-06,1e-06,COL,COL
MIN201509220,2015-09-22,MIN,CLE,0,0,1e-06,1013.2251113855248,MIN,CLE
BOS201509220,2015-09-22,BOS,TBA,2,0,1e-06,1e-06,BOS,BOS
MIA201509220,2015-09-22,MIA,PHI,0,1,1489.628641346009,973.3591318981379,WAS,ATL
KCA201509220,2015-09-22,KCA,SEA,0,2,1034.95696626315,738.3603208647532,DET,TEX
OAK201509220,2015-09-22,OAK,TEX,0,1,2629.671879056886,2350.5503898425545,HOU,TEX
CHN201509220,2015-09-22,CHN,MIL,0,0,1e-06,1e-06,CHN,CHN
HOU201509220,2015-09-22,HOU,ANA,0,3,1e-06,1e-06,HOU,HOU
SLN201509220,2015-09-22,SLN,CIN,0,1,1e-06,1e-06,SLN,SLN
DET201509220,2015-09-22,DET,CHA,0,0,1e-06,1e-06,DET,DET
SDN201509220,2015-09-22,SDN,SFN,0,0,1340.7925092662401,738.1265117326025,COL,SFN
TOR201509220,2015-09-22,TOR,NYA,0,2,1e-06,1e-06,TOR,TOR
NYN201509220,2015-09-22,NYN,ATL,1,0,1e-06,1e-06,NYN,NYN
SLN201509230,2015-09-23,SLN,CIN,0,0,1e-06,1e-06,SLN,SLN
NYN201509230,2015-09-23,NYN,ATL,1,0,1e-06,1e-06,NYN,NYN
CHN201509230,2015-09-23,CHN,MIL,0,0,1e-06,1e-06,CHN,CHN
DET201509230,2015-09-23,DET,CHA,2,0,1e-06,1e-06,DET,DET
HOU201509230,2015-09-23,HOU,ANA,0,2,1e-06,1e-06,HOU,HOU
TOR201509230,2015-09-23,TOR,NYA,0,0,1e-06,1e-06,TOR,TOR
BOS201509230,2015-09-23,BOS,TBA,0,0,1e-06,1e-06,BOS,BOS
SDN201509230,2015-09-23,SDN,SFN,0,2,1e-06,1e-06,SDN,SDN
MIN201509230,2015-09-23,MIN,CLE,0,0,1e-06,1e-06,MIN,MIN
WAS201509230,2015-09-23,WAS,BAL,1,2,1e-06,1e-06,WAS,WAS
MIA201509230,2015-09-23,MIA,PHI,0,0,1e-06,1e-06,MIA,MIA
KCA201509230,2015-09-23,KCA,SEA,0,0,1e-06,1e-06,KCA,KCA
LAN201509230,2015-09-23,LAN,ARI,1,0,1e-06,1e-06,LAN,LAN
OAK201509230,2015-09-23,OAK,TEX,0,0,1e-06,1e-06,OAK,OAK
COL201509230,2015-09-23,COL,PIT,0,2,1e-06,1e-06,COL,COL
CIN201509240,2015-09-24,CIN,NYN,1,0,494.9532553693752,913.3322258208743,SLN,NYN
WAS201509240,2015-09-24,WAS,BAL,0,1,1e-06,1e-06,WAS,WAS
LAN201509240,2015-09-24,LAN,ARI,0,0,1e-06,1e-06,LAN,LAN
NYA201509240,2015-09-24,NYA,CHA,0,0,550.2922217550002,773.7548030957365,TOR,DET
COL201509240,2015-09-24,COL,PIT,0,1,1e-06,1e-06,COL,COL
SDN201509240,2015-09-24,SDN,SFN,0,0,1e-06,1e-06,SDN,SDN
MIN201509240,2015-09-24,MIN,CLE,0,3,1e-06,1e-06,MIN,MIN
OAK201509240,2015-09-24,OAK,TEX,0,2,1e-06,1e-06,OAK,OAK
MIA201509240,2015-09-24,MIA,PHI,0,0,1e-06,1e-06,MIA,MIA
KCA201509240,2015-09-24,KCA,SEA,1,0,1e-06,1e-06,KCA,KCA
SLN201509240,2015-09-24,SLN,MIL,0,3,1e-06,422.49209120404555,SLN,CHN
BOS201509240,2015-09-24,BOS,TBA,2,0,1e-06,1e-06,BOS,BOS
TOR201509250,2015-09-25,TOR,TBA,0,2,1e-06,691.6136251477402,TOR,BOS
WAS201509250,2015-09-25,WAS,PHI,1,0,1e-06,1489.628641346009,WAS,MIA
HOU201509250,2015-09-25,HOU,TEX,0,1,1e-06,2629.671879056886,HOU,OAK
COL201509250,2015-09-25,COL,LAN,1,1,1e-06,1336.5596902131042,COL,LAN
CIN201509250,2015-09-25,CIN,NYN,0,0,1e-06,1e-06,CIN,CIN
ANA201509250,2015-09-25,ANA,SEA,4,1,2169.9670210701,2158.345510444982,HOU,KCA
OAK201509250,2015-09-25,OAK,SFN,0,2,1e-06,731.4285571970996,OAK,SDN
NYA201509250,2015-09-25,NYA,CHA,0,0,1e-06,1e-06,NYA,NYA
KCA201509250,2015-09-25,KCA,CLE,0,1,1e-06,662.9211681328137,KCA,MIN
SDN201509250,2015-09-25,SDN,ARI,0,2,1e-06,179.52869961196944,SDN,LAN
SLN201509250,2015-09-25,SLN,MIL,0,0,1e-06,1e-06,SLN,SLN
BOS201509250,2015-09-25,BOS,BAL,0,0,1e-06,632.55798631456,BOS,WAS
CHN201509250,2015-09-25,CHN,PIT,0,0,1e-06,1477.450780411816,CHN,COL
DET201509250,2015-09-25,DET,MIN,0,0,1e-06,872.516450655481,DET,MIN
MIA201509250,2015-09-25,MIA,ATL,4,4,1e-06,1756.5620451799746,MIA,NYN
SLN201509260,2015-09-26,SLN,MIL,4,0,1e-06,1e-06,SLN,SLN
BOS201509260,2015-09-26,BOS,BAL,0,0,1e-06,1e-06,BOS,BOS
HOU201509260,2015-09-26,HOU,TEX,1,3,1e-06,1e-06,HOU,HOU
KCA201509260,2015-09-26,KCA,CLE,1,2,1e-06,1e-06,KCA,KCA
ANA201509260,2015-09-26,ANA,SEA,1,0,1e-06,1e-06,ANA,ANA
WAS201509260,2015-09-26,WAS,PHI,0,0,1e-06,1e-06,WAS,WAS
MIA201509260,2015-09-26,MIA,ATL,2,0,1e-06,1e-06,MIA,MIA
DET201509260,2015-09-26,DET,MIN,0,1,1e-06,1e-06,DET,DET
COL201509260,2015-09-26,COL,LAN,4,0,1e-06,1e-06,COL,COL
OAK201509260,2015-09-26,OAK,SFN,0,2,1e-06,1e-06,OAK,OAK
CIN201509260,2015-09-26,CIN,NYN,0,4,1e-06,1e-06,CIN,CIN
NYA201509260,2015-09-26,NYA,CHA,0,1,1e-06,1e-06,NYA,NYA
TOR201509260,2015-09-26,TOR,TBA,5,0,1e-06,1e-06,TOR,TOR
CHN201509260,2015-09-26,CHN,PIT,0,0,1e-06,1e-06,CHN,CHN
SDN201509260,2015-09-26,SDN,ARI,0,0,1e-06,1e-06,SDN,SDN
ANA201509270,2015-09-27,ANA,SEA,0,0,1e-06,1e-06,ANA,ANA
BOS201509270,2015-09-27,BOS,BAL,1,0,1e-06,1e-06,BOS,BOS
OAK201509270,2015-09-27,OAK,SFN,0,0,1e-06,1e-06,OAK,OAK
KCA201509270,2015-09-27,KCA,CLE,0,0,1e-06,1e-06,KCA,KCA
TOR201509270,2015-09-27,TOR,TBA,1,1,1e-06,1e-06,TOR,TOR
HOU201509270,2015-09-27,HOU,TEX,0,1,1e-06,1e-06,HOU,HOU
SDN201509270,2015-09-27,SDN,ARI,0,0,1e-06,1e-06,SDN,SDN
CIN201509270,2015-09-27,CIN,NYN,0,1,1e-06,1e-06,CIN,CIN
CHN201509270,2015-09-27,CHN,PIT,1,0,1e-06,1e-06,CHN,CHN
NYA201509270,2015-09-27,NYA,CHA,1,0,1e-06,1e-06,NYA,NYA
MIA201509270,2015-09-27,MIA,ATL,2,0,1e-06,1e-06,MIA,MIA
SLN201509270,2015-09-27,SLN,MIL,0,0,1e-06,1e-06,SLN,SLN
WAS201509270,2015-09-27,WAS,PHI,0,0,1e-06,1e-06,WAS,WAS
COL201509270,2015-09-27,COL,LAN,0,0,1e-06,1e-06,COL,COL
DET201509270,2015-09-27,DET,MIN,0,0,1e-06,1e-06,DET,DET
ANA201509280,2015-09-28,ANA,OAK,0,0,1e-06,592.0809005913671,ANA,OAK
WAS201509280,2015-09-28,WAS,CIN,0,0,1e-06,647.9323389925676,WAS,CIN
TEX201509280,2015-09-28,TEX,DET,0,0,368.5990384284446,1624.6230769135182,HOU,DET
NYA201509280,2015-09-28,NYA,BOS,1,0,1e-06,306.2037667286439,NYA,BOS
SEA201509280,2015-09-28,SEA,HOU,1,2,1575.276973597757,3039.1839825945185,ANA,HOU
CLE201509280,2015-09-28,CLE,MIN,1,3,1123.5230318083022,145.52553501827433,KCA,DET
BAL201509280,2015-09-28,BAL,TOR,0,0,578.81170796599,537.0332419152472,BOS,TOR
CHN201509280,2015-09-28,CHN,KCA,0,0,1e-06,663.9206411727051,CHN,KCA
SFN201509280,2015-09-28,SFN,LAN,0,0,13.027453191410114,1524.5101947303656,OAK,COL
PIT201509280,2015-09-28,PIT,SLN,0,0,660.0502267315369,898.8824563980571,CHN,SLN
PHI201509290,2015-09-29,PHI,NYN,3,0,197.2342958595587,807.0437326700402,WAS,CIN
SDN201509290,2015-09-29,SDN,MIL,0,2,1e-06,2512.7882729547905,SDN,SLN
CHA201509290,2015-09-29,CHA,KCA,0,0,1144.1299356702407,1e-06,NYA,CHN
TBA201509290,2015-09-29,TBA,MIA,0,1,1789.459752085548,319.9354673545946,TOR,MIA
CIN201509290,2015-09-29,CIN,CHN,0,4,647.9323389925676,406.25273298859213,WAS,CHN
ATL201509290,2015-09-29,ATL,WAS,0,0,973.3591318981379,874.0887985860761,MIA,WAS
ANA201509290,2015-09-29,ANA,OAK,2,0,1e-06,1e-06,ANA,ANA
ARI201509290,2015-09-29,ARI,COL,1,2,481.0116378281714,942.6579354569091,SDN,COL
SFN201509290,2015-09-29,SFN,LAN,0,1,1e-06,1e-06,SFN,SFN
NYA201509290,2015-09-29,NYA,BOS,4,6,1e-06,1e-06,NYA,NYA
SEA201509290,2015-09-29,SEA,HOU,2,1,1e-06,1e-06,SEA,SEA
TEX201509290,2015-09-29,TEX,DET,5,2,1e-06,1e-06,TEX,TEX
TEX201509300,2015-09-30,TEX,DET,2,2,1e-06,1e-06,TEX,TEX
ANA201509300,2015-09-30,ANA,OAK,0,0,1e-06,1e-06,ANA,ANA
SFN201509300,2015-09-30,SFN,LAN,2,0,1e-06,1e-06,SFN,SFN
CLE201509302,2015-09-30,CLE,MIN,0,0,1e-06,1e-06,CLE,CLE
CLE201509301,2015-09-30,CLE,MIN,0,1,1e-06,1e-06,CLE,CLE
PIT201509302,2015-09-30,PIT,SLN,0,2,1e-06,1e-06,PIT,PIT
CIN201509300,2015-09-30,CIN,CHN,1,0,1e-06,1e-06,CIN,CIN
BAL201509301,2015-09-30,BAL,TOR,0,0,1e-06,1e-06,BAL,BAL
BAL201509302,2015-09-30,BAL,TOR,0,0,1e-06,1e-06,BAL,BAL
TBA201509300,2015-09-30,TBA,MIA,0,0,1e-06,1e-06,TBA,TBA
SEA201509300,2015-09-30,SEA,HOU,0,0,1e-06,1e-06,SEA,SEA
PIT201509301,2015-09-30,PIT,SLN,0,0,1e-06,1e-06,PIT,PIT
ATL201509300,2015-09-30,ATL,WAS,1,0,1e-06,1e-06,ATL,ATL
PHI201509300,2015-09-30,PHI,NYN,0,5,1e-06,1e-06,PHI,PHI
SDN201509300,2015-09-30,SDN,MIL,0,0,1e-06,1e-06,SDN,SDN
NYA201509300,2015-09-30,NYA,BOS,0,3,1e-06,1e-06,NYA,NYA
CHA201509300,2015-09-30,CHA,KCA,0,0,1e-06,1e-06,CHA,CHA
ARI201509300,2015-09-30,ARI,COL,0,0,1e-06,1e-06,ARI,ARI
ATL201510010,2015-10-01,ATL,WAS,0,0,1e-06,1e-06,ATL,ATL
TEX201510010,2015-10-01,TEX,ANA,0,0,1e-06,1938.7751997181072,TEX,ANA
NYA201510010,2015-10-01,NYA,BOS,0,0,1e-06,1e-06,NYA,NYA
SFN201510010,2015-10-01,SFN,LAN,0,0,1e-06,1e-06,SFN,SFN
CHA201510010,2015-10-01,CHA,KCA,0,1,1e-06,1e-06,CHA,CHA
CLE201510010,2015-10-01,CLE,MIN,0,0,1e-06,1e-06,CLE,CLE
ARI201510010,2015-10-01,ARI,COL,2,1,1e-06,1e-06,ARI,ARI
PHI201510010,2015-10-01,PHI,NYN,0,0,1e-06,1e-06,PHI,PHI
CIN201510010,2015-10-01,CIN,CHN,0,0,1e-06,1e-06,CIN,CIN
SDN201510010,2015-10-01,SDN,MIL,0,0,1e-06,1e-06,SDN,SDN
BAL201510010,2015-10-01,BAL,TOR,3,0,1e-06,1e-06,BAL,BAL
TBA201510010,2015-10-01,TBA,MIA,1,0,1e-06,1e-06,TBA,TBA
MIL201510020,2015-10-02,MIL,CHN,0,0,2790.8560532571964,525.1892238126902,SDN,CIN
MIN201510020,2015-10-02,MIN,KCA,0,0,1013.2251113855248,571.0232496384983,CLE,CHA
LAN201510020,2015-10-02,LAN,SDN,0,0,559.4406195325591,179.52869961196944,SFN,SDN
SEA201510020,2015-10-02,SEA,OAK,0,0,1e-06,1575.276973597757,SEA,ANA
CLE201510020,2015-10-02,CLE,BOS,0,0,1e-06,649.8727601989037,CLE,NYA
TBA201510020,2015-10-02,TBA,TOR,0,0,1e-06,1393.7772067986984,TBA,BAL
ARI201510020,2015-10-02,ARI,HOU,0,3,1e-06,1793.290239503433,ARI,SEA
CHA201510020,2015-10-02,CHA,DET,0,0,1e-06,1309.650558347085,CHA,TEX
TEX201510020,2015-10-02,TEX,ANA,0,1,1e-06,1e-06,TEX,TEX
PIT201510020,2015-10-02,PIT,CIN,0,0,1e-06,415.25842934625814,PIT,CIN
ATL201510020,2015-10-02,ATL,SLN,0,0,1e-06,840.3908477621023,ATL,PIT
SFN201510020,2015-10-02,SFN,COL,0,0,1e-06,1050.9933942487219,SFN,ARI
NYN201510031,2015-10-03,NYN,WAS,0,0,129.48897528262268,1200.4511584455877,PHI,ATL
MIN201510030,2015-10-03,MIN,KCA,0,1,1e-06,1e-06,MIN,MIN
PHI201510031,2015-10-03,PHI,MIA,0,0,1e-06,1515.8203845337373,PHI,TBA
PHI201510032,2015-10-03,PHI,MIA,0,2,1e-06,1e-06,PHI,PHI
NYN201510032,2015-10-03,NYN,WAS,0,0,1e-06,1e-06,NYN,NYN
PIT201510030,2015-10-03,PIT,CIN,1,2,1e-06,1e-06,PIT,PIT
CHA201510030,2015-10-03,CHA,DET,1,0,1e-06,1e-06,CHA,CHA
MIL201510030,2015-10-03,MIL,CHN,0,0,1e-06,1e-06,MIL,MIL
SEA201510030,2015-10-03,SEA,OAK,0,3,1e-06,1e-06,SEA,SEA
BAL201510031,2015-10-03,BAL,NYA,1,0,1e-06,272.81937803481173,BAL,NYA
LAN201510030,2015-10-03,LAN,SDN,1,0,1e-06,1e-06,LAN,LAN
SFN201510030,2015-10-03,SFN,COL,2,0,1e-06,1e-06,SFN,SFN
BAL201510032,2015-10-03,BAL,NYA,2,0,1e-06,1e-06,BAL,BAL
TEX201510030,2015-10-03,TEX,ANA,0,0,1e-06,1e-06,TEX,TEX
CLE201510030,2015-10-03,CLE,BOS,0,0,1e-06,1e-06,CLE,CLE
TBA201510030,2015-10-03,TBA,TOR,1,0,1e-06,1e-06,TBA,TBA
ARI201510030,2015-10-03,ARI,HOU,0,1,1e-06,1e-06,ARI,ARI
TEX201510040,2015-10-04,TEX,ANA,1,2,1e-06,1e-06,TEX,TEX
SEA201510040,2015-10-04,SEA,OAK,0,0,1e-06,1e-06,SEA,SEA
ATL201510042,2015-10-04,ATL,SLN,1,0,1e-06,1e-06,ATL,ATL
ATL201510041,2015-10-04,ATL,SLN,2,0,1e-06,1e-06,ATL,ATL
BAL201510040,2015-10-04,BAL,NYA,2,0,1e-06,1e-06,BAL,BAL
PHI201510040,2015-10-04,PHI,MIA,0,1,1e-06,1e-06,PHI,PHI
ARI201510040,2015-10-04,ARI,HOU,1,0,1e-06,1e-06,ARI,ARI
TBA201510040,2015-10-04,TBA,TOR,11,0,1e-06,1e-06,TBA,TBA
NYN201510040,2015-10-04,NYN,WAS,0,0,1e-06,1e-06,NYN,NYN
PIT201510040,2015-10-04,PIT,CIN,1,0,1e-06,1e-06,PIT,PIT
SFN201510040,2015-10-04,SFN,COL,2,0,1e-06,1e-06,SFN,SFN
MIN201510040,2015-10-04,MIN,KCA,0,0,1e-06,1e-06,MIN,MIN
LAN201510040,2015-10-04,LAN,SDN,0,0,1e-06,1e-06,LAN,LAN
MIL201510040,2015-10-04,MIL,CHN,0,3,1e-06,1e-06,MIL,MIL
CHA201510040,2015-10-04,CHA,DET,0,1,1e-06,1e-06,CHA,CHA
CLE201510040,2015-10-04,CLE,BOS,0,1,1e-06,1e-06,CLE,CLE
