"entity_id","entity_name","entity_code","team_id","total_pitches","total_pitches","total_pitches_empty","median_seconds_empty","total_pitches_onbase","median_seconds_empty","freq_hot","freq_warm","freq_cold"
608718,"Suter, Brent","Pit",113,426,426,302,11.118,124,11.118,0.7582159624413145,0.24178403755868544,0
489119,"Miley, Wade","Pit",158,885,885,617,11.261,268,11.261,0.8135593220338984,0.18418079096045198,0.0022598870056497176
694738,"Roupp, Landen","Pit",137,442,442,262,11.285,180,11.285,0.5723981900452488,0.4253393665158371,0.0022624434389140274
671106,"Allen, Logan","Pit",114,944,944,601,11.516,343,11.516,0.6684322033898306,0.3305084745762712,0.001059322033898305
681867,"Criswell, Cooper","Pit",111,843,843,515,11.633,328,11.633,0.6666666666666666,0.33214709371293,0.0011862396204033216
671106,"Allen, Logan","Pit",114,750,750,453,11.668,297,11.668,0.636,0.364,0
608718,"Suter, Brent","Pit",115,512,512,317,11.923,195,11.923,0.59765625,0.3984375,0.00390625
489119,"Miley, Wade","Pit",113,137,137,75,12.003,62,12.003,0.5620437956204379,0.40875912408759124,0.029197080291970802
608718,"Suter, Brent","Pit",158,598,598,422,12.012,176,12.012,0.6020066889632107,0.3879598662207358,0.010033444816053512
656605,"Keller, Mitch","Pit",134,1371,1371,878,12.125,493,12.125,0.5944566010211525,0.4026258205689278,0.0029175784099197666
571927,"Matz, Steven","Pit",138,332,332,232,12.195,100,12.195,0.6265060240963856,0.3704819277108434,0.0030120481927710845
596001,"Junis, Jakob","Pit",137,608,608,363,12.245,245,12.245,0.6611842105263158,0.3371710526315789,0.001644736842105263
596001,"Junis, Jakob","Pit",113,425,425,303,12.27,122,12.27,0.7223529411764706,0.27294117647058824,0.004705882352941176
663546,"Hjelle, Sean","Pit",137,561,561,354,12.31,207,12.31,0.5543672014260249,0.44385026737967914,0.0017825311942959
279824,"Buehrle, Mark","Pit",141,1302,1302,851,12.324,451,12.324,0.5399385560675883,0.4201228878648233,0.039938556067588324
571927,"Matz, Steven","Pit",138,842,842,522,12.345,320,12.345,0.6163895486935868,0.3824228028503563,0.0011876484560570072
608718,"Suter, Brent","Pit",158,784,784,567,12.346,217,12.346,0.5880102040816326,0.39668367346938777,0.015306122448979591
279824,"Buehrle, Mark","Pit",141,1490,1490,909,12.38,581,12.38,0.5644295302013422,0.42818791946308726,0.00738255033557047
595307,"Maness, Seth","Pit",138,390,390,213,12.382,177,12.382,0.44871794871794873,0.5205128205128206,0.03076923076923077
279824,"Buehrle, Mark","Pit",141,1634,1634,1052,12.484,582,12.484,0.5514075887392901,0.42900856793145653,0.019583843329253364
448179,"Hill, Rich","Pit",135,1171,1171,682,12.518,489,12.518,0.5824081981212639,0.41417591801878734,0.0034158838599487617
595307,"Maness, Seth","Pit",138,474,474,257,12.529,217,12.529,0.4831223628691983,0.5,0.016877637130801686
660813,"Graterol, Brusdar","Pit",119,384,384,231,12.583,153,12.583,0.7473958333333334,0.2526041666666667,0
571945,"Mikolas, Miles","Pit",138,1380,1380,881,12.601,499,12.601,0.5659420289855073,0.43043478260869567,0.0036231884057971015
676596,"Fleming, Josh","Pit",139,361,361,237,12.603,124,12.603,0.590027700831025,0.4099722991689751,0
608718,"Suter, Brent","Pit",158,494,494,315,12.626,179,12.626,0.4939271255060729,0.48380566801619435,0.022267206477732792
595307,"Maness, Seth","Pit",138,415,415,210,12.639,205,12.639,0.4433734939759036,0.4843373493975904,0.07228915662650602
592836,"Walker, Taijuan","Pit",143,1310,1310,900,12.675,410,12.675,0.6,0.39923664122137403,0.0007633587786259542
693821,"Elder, Bryce","Pit",144,1247,1247,798,12.681,449,12.681,0.5132317562149158,0.48115477145148355,0.0056134723336006415
693821,"Elder, Bryce","Pit",144,412,412,274,12.695,138,12.695,0.5703883495145631,0.42718446601941745,0.0024271844660194173
621389,"Blach, Ty","Pit",115,552,552,304,12.715,248,12.715,0.5,0.49818840579710144,0.0018115942028985507
663687,"Harris, Hogan","Pit",133,509,509,296,12.735,213,12.735,0.5717092337917485,0.4223968565815324,0.005893909626719057
669674,"Long, Sam","Pit",137,342,342,219,12.758,123,12.758,0.49415204678362573,0.49122807017543857,0.014619883040935672
674370,"Bido, Osvaldo","Pit",134,437,437,235,12.761,202,12.761,0.4576659038901602,0.5377574370709383,0.004576659038901602
686973,"Varland, Louis","Pit",142,431,431,290,12.763,141,12.763,0.6148491879350348,0.3851508120649652,0
682990,"Priester, Quinn","Pit",111,338,338,220,12.764,118,12.764,0.5621301775147929,0.4378698224852071,0
543045,"Conley, Adam","Pit",146,790,790,534,12.779,256,12.779,0.5455696202531646,0.43544303797468353,0.0189873417721519
615698,"Quantrill, Cal","Pit",114,772,772,467,12.78,305,12.78,0.5621761658031088,0.4378238341968912,0
690986,"Harrison, Kyle","Pit",137,964,964,615,12.793,349,12.793,0.6068464730290456,0.38900414937759337,0.004149377593360996
571927,"Matz, Steven","Pit",121,1315,1315,849,12.813,466,12.813,0.5019011406844106,0.4737642585551331,0.024334600760456272
641745,"Keller, Brad","Pit",118,436,436,251,12.822,185,12.822,0.5,0.5,0
594835,"Gonzales, Marco","Pit",136,370,370,215,12.837,155,12.837,0.5594594594594594,0.44054054054054054,0
682990,"Priester, Quinn","Pit",134,382,382,270,12.838,112,12.838,0.5732984293193717,0.42670157068062825,0
663687,"Harris, Hogan","Pit",133,568,568,359,12.856,209,12.856,0.625,0.3732394366197183,0.0017605633802816902
502208,"Walters, P.J.","Pit",142,345,345,200,12.887,145,12.887,0.4434782608695652,0.527536231884058,0.028985507246376812
489119,"Miley, Wade","Pit",113,1170,1170,752,12.898,418,12.898,0.523931623931624,0.46153846153846156,0.01452991452991453
593372,"Martinez, Carlos","Pit",138,1437,1437,984,12.913,453,12.913,0.5267919276270007,0.44467640918580376,0.028531663187195546
607755,"Vasquez, Andrew","Pit",116,423,423,189,12.92,234,12.92,0.6524822695035462,0.34515366430260047,0.002364066193853428
657277,"Webb, Logan","Pit",137,1469,1469,925,12.921,544,12.921,0.5949625595643295,0.4036759700476515,0.0013614703880190605
608718,"Suter, Brent","Pit",158,244,244,153,12.923,91,12.923,0.47540983606557374,0.5122950819672131,0.012295081967213115
669373,"Skubal, Tarik","Pit",116,1166,1166,814,12.926,352,12.926,0.5668953687821612,0.42967409948542024,0.003430531732418525
622491,"Castillo, Luis","Pit",136,1352,1352,905,12.93,447,12.93,0.5680473372781065,0.4319526627218935,0
594902,"Lively, Ben","Pit",114,1058,1058,697,12.955,361,12.955,0.5860113421550095,0.4102079395085066,0.003780718336483932
502624,"Anderson, Chase","Pit",115,676,676,430,12.958,246,12.958,0.5177514792899408,0.4822485207100592,0
641540,"Dunning, Dane","Pit",140,1208,1208,785,12.96,423,12.96,0.5670529801324503,0.4304635761589404,0.0024834437086092716
474463,"Anderson, Brett","Pit",158,774,774,502,12.96,272,12.96,0.5155038759689923,0.4780361757105943,0.006459948320413436
628452,"Iglesias, Raisel","Pit",144,395,395,266,12.982,129,12.982,0.640506329113924,0.3594936708860759,0
621389,"Blach, Ty","Pit",115,482,482,264,12.994,218,12.994,0.4730290456431535,0.524896265560166,0.002074688796680498
669084,"Hall, DL","Pit",158,360,360,214,12.998,146,12.998,0.49722222222222223,0.49722222222222223,0.005555555555555556
592836,"Walker, Taijuan","Pit",143,635,635,419,13.004,216,13.004,0.584251968503937,0.4125984251968504,0.0031496062992125984
694363,"Shuster, Jared","Pit",144,389,389,259,13.031,130,13.031,0.5167095115681234,0.4755784061696658,0.007712082262210797
594902,"Lively, Ben","Pit",113,643,643,425,13.034,218,13.034,0.5987558320373251,0.39968895800933124,0.0015552099533437014
641745,"Keller, Brad","Pit",111,329,329,221,13.034,108,13.034,0.5775075987841946,0.4194528875379939,0.00303951367781155
641482,"Cortes, Nestor","Pit",147,473,473,316,13.035,157,13.035,0.5496828752642706,0.44820295983086683,0.0021141649048625794
622072,"Wood, Alex","Pit",137,792,792,488,13.04,304,13.04,0.5845959595959596,0.4128787878787879,0.0025252525252525255
663903,"Singer, Brady","Pit",118,1204,1204,701,13.041,503,13.041,0.5058139534883721,0.4908637873754153,0.0033222591362126247
663738,"Lynch IV, Daniel","Pit",118,352,352,207,13.053,145,13.053,0.5369318181818182,0.45738636363636365,0.005681818181818182
622072,"Wood, Alex","Pit",133,356,356,160,13.064,196,13.064,0.449438202247191,0.547752808988764,0.0028089887640449437
665621,"García, Rony","Pit",116,204,204,122,13.068,82,13.068,0.46568627450980393,0.5245098039215687,0.00980392156862745
489119,"Miley, Wade","Pit",117,1377,1377,928,13.08,449,13.08,0.5177923021060276,0.46695715323166304,0.015250544662309368
642048,"Saucedo, Tayler","Pit",136,351,351,181,13.098,170,13.098,0.5612535612535613,0.43874643874643876,0
682847,"Ortiz, Luis L.","Pit",134,647,647,362,13.126,285,13.126,0.4312210200927357,0.5641421947449768,0.00463678516228748
657277,"Webb, Logan","Pit",137,1453,1453,1017,13.131,436,13.131,0.6056434962147281,0.3936682725395733,0.0006882312456985547
285079,"Dickey, R.A.","Pit",141,1597,1597,1056,13.136,541,13.136,0.5341264871634315,0.45585472761427676,0.010018785222291797
571510,"Boyd, Matthew","Pit",116,510,510,342,13.137,168,13.137,0.5470588235294118,0.45098039215686275,0.00196078431372549
608379,"Wacha, Michael","Pit",138,744,744,479,13.14,265,13.14,0.47446236559139787,0.4959677419354839,0.02956989247311828
669854,"Blanco, Ronel","Pit",117,1213,1213,818,13.143,395,13.143,0.5490519373454246,0.45012366034624895,0.0008244023083264633
450729,"Fister, Doug","Pit",140,544,544,330,13.146,214,13.146,0.5018382352941176,0.47794117647058826,0.02022058823529412
669432,"Rogers, Trevor","Pit",110,1014,1014,584,13.147,430,13.147,0.49506903353057197,0.5039447731755424,0.0009861932938856016
607625,"Lugo, Seth","Pit",118,1412,1412,926,13.153,486,13.153,0.613314447592068,0.3838526912181303,0.0028328611898017
669373,"Skubal, Tarik","Pit",116,486,486,315,13.173,171,13.173,0.5267489711934157,0.4691358024691358,0.00411522633744856
445926,"Chavez, Jesse","Pit",144,504,504,307,13.18,197,13.18,0.5873015873015873,0.4087301587301587,0.003968253968253968
661527,"Martinez, Seth","Pit",117,394,394,218,13.209,176,13.209,0.4619289340101523,0.5329949238578681,0.005076142131979695
502624,"Anderson, Chase","Pit",140,465,465,276,13.215,189,13.215,0.4731182795698925,0.5268817204301075,0
686973,"Varland, Louis","Pit",142,372,372,220,13.224,152,13.224,0.5053763440860215,0.489247311827957,0.005376344086021506
592866,"Williams, Trevor","Pit",120,1197,1197,773,13.227,424,13.227,0.5488721804511278,0.4469507101086048,0.004177109440267335
474463,"Anderson, Brett","Pit",158,366,366,237,13.236,129,13.236,0.5409836065573771,0.44808743169398907,0.01092896174863388
593958,"Rodriguez, Eduardo","Pit",116,1056,1056,686,13.245,370,13.245,0.5454545454545454,0.45265151515151514,0.001893939393939394
677960,"Weathers, Ryan","Pit",146,492,492,323,13.27,169,13.27,0.540650406504065,0.45934959349593496,0
489119,"Miley, Wade","Pit",109,1487,1487,1008,13.278,479,13.278,0.4855413584398117,0.49562878278412914,0.01882985877605918
661527,"Martinez, Seth","Pit",117,358,358,147,13.281,211,13.281,0.33519553072625696,0.6564245810055865,0.008379888268156424
445590,"Stults, Eric","Pit",144,349,349,254,13.299,95,13.299,0.46131805157593125,0.49283667621776506,0.045845272206303724
477132,"Kershaw, Clayton","Pit",119,823,823,573,13.302,250,13.302,0.520048602673147,0.4775212636695018,0.002430133657351154
571945,"Mikolas, Miles","Pit",138,1172,1172,808,13.315,364,13.315,0.5554607508532423,0.44197952218430037,0.002559726962457338
669211,"Akin, Keegan","Pit",110,224,224,125,13.315,99,13.315,0.4330357142857143,0.5491071428571429,0.017857142857142856
674370,"Bido, Osvaldo","Pit",133,458,458,295,13.321,163,13.321,0.49344978165938863,0.4978165938864629,0.008733624454148471
666200,"Luzardo, Jesús","Pit",146,1268,1268,872,13.323,396,13.323,0.639589905362776,0.3588328075709779,0.0015772870662460567
608718,"Suter, Brent","Pit",158,537,537,319,13.336,218,13.336,0.4059590316573557,0.5772811918063314,0.01675977653631285
543475,"Lyles, Jordan","Pit",118,1255,1255,892,13.339,363,13.339,0.5601593625498008,0.43824701195219123,0.0015936254980079682
489119,"Miley, Wade","Pit",158,629,629,405,13.347,224,13.347,0.47058823529411764,0.5071542130365659,0.022257551669316374
681676,"Fernandez, Ryan","Pit",138,499,499,261,13.364,238,13.364,0.5130260521042084,0.48296593186372744,0.004008016032064128
694813,"Stone, Gavin","Pit",119,903,903,621,13.371,282,13.371,0.5636766334440753,0.4363233665559247,0
596295,"Gomber, Austin","Pit",115,1152,1152,782,13.374,370,13.374,0.5503472222222222,0.4479166666666667,0.001736111111111111
663903,"Singer, Brady","Pit",118,1367,1367,852,13.376,515,13.376,0.5252377468910022,0.4718361375274323,0.002926115581565472
445926,"Chavez, Jesse","Pit",112,665,665,419,13.38,246,13.38,0.4766917293233083,0.5007518796992482,0.022556390977443608
656557,"Houck, Tanner","Pit",111,1268,1268,776,13.4,492,13.4,0.48264984227129337,0.5149842271293376,0.002365930599369085
571882,"Law, Derek","Pit",113,408,408,226,13.409,182,13.409,0.45588235294117646,0.5416666666666666,0.0024509803921568627
450729,"Fister, Doug","Pit",111,754,754,474,13.413,280,13.413,0.4761273209549072,0.4960212201591512,0.027851458885941646
694363,"Shuster, Jared","Pit",145,573,573,335,13.416,238,13.416,0.43804537521815007,0.5567190226876091,0.005235602094240838
669461,"Liberatore, Matthew","Pit",138,465,465,277,13.416,188,13.416,0.46881720430107526,0.5225806451612903,0.008602150537634409
622663,"Severino, Luis","Pit",121,1197,1197,775,13.421,422,13.421,0.5121136173767753,0.4828738512949039,0.005012531328320802
641627,"Gott, Trevor","Pit",121,472,472,252,13.421,220,13.421,0.4300847457627119,0.5677966101694916,0.00211864406779661
608344,"Irvin, Cole","Pit",142,794,794,480,13.423,314,13.423,0.46851385390428213,0.5302267002518891,0.0012594458438287153
668881,"Greene, Hunter","Pit",113,874,874,564,13.424,310,13.424,0.517162471395881,0.4805491990846682,0.002288329519450801
605288,"Houser, Adrian","Pit",121,521,521,309,13.426,212,13.426,0.5028790786948176,0.4932821497120921,0.003838771593090211
640455,"Manaea, Sean","Pit",121,1311,1311,888,13.43,423,13.43,0.5347063310450039,0.4614797864225782,0.0038138825324180014
649144,"Wells, Alex","Pit",110,381,381,215,13.437,166,13.437,0.3963254593175853,0.5826771653543307,0.02099737532808399
475416,"Masterson, Justin","Pit",114,1463,1463,949,13.442,514,13.442,0.46821599453178403,0.5126452494873548,0.019138755980861243
593372,"Martinez, Carlos","Pit",138,888,888,517,13.446,371,13.446,0.393018018018018,0.5608108108108109,0.04617117117117117
502190,"Leake, Mike","Pit",136,1269,1269,863,13.446,406,13.446,0.48936170212765956,0.49645390070921985,0.014184397163120567
621058,"Moore, Andrew","Pit",136,417,417,308,13.447,109,13.447,0.5083932853717026,0.48201438848920863,0.009592326139088728
607200,"Fedde, Erick","Pit",138,1327,1327,940,13.449,387,13.449,0.5666917859834213,0.4325546345139412,0.0007535795026375283
650644,"Civale, Aaron","Pit",139,904,904,599,13.461,305,13.461,0.4922566371681416,0.5033185840707964,0.004424778761061947
683627,"Molina, Anthony","Pit",115,445,445,259,13.467,186,13.467,0.4606741573033708,0.5348314606741573,0.0044943820224719105
641927,"Ober, Bailey","Pit",142,944,944,692,13.468,252,13.468,0.5391949152542372,0.4565677966101695,0.00423728813559322
593372,"Martinez, Carlos","Pit",138,190,190,99,13.475,91,13.475,0.34210526315789475,0.6157894736842106,0.042105263157894736
668881,"Greene, Hunter","Pit",113,1050,1050,705,13.489,345,13.489,0.5657142857142857,0.4342857142857143,0
543521,"McHugh, Collin","Pit",144,465,465,227,13.493,238,13.493,0.3935483870967742,0.6064516129032258,0
608379,"Wacha, Michael","Pit",138,459,459,297,13.494,162,13.494,0.43790849673202614,0.5446623093681917,0.017429193899782137
676477,"Whitlock, Garrett","Pit",111,503,503,334,13.498,169,13.498,0.5129224652087475,0.4870775347912525,0
543101,"DeSclafani, Anthony","Pit",137,715,715,494,13.52,221,13.52,0.5482517482517483,0.45034965034965035,0.0013986013986013986
571948,"Milner, Hoby","Pit",158,529,529,321,13.525,208,13.525,0.6294896030245747,0.3686200378071834,0.001890359168241966
592314,"Foltynewicz, Mike","Pit",144,623,623,391,13.536,232,13.536,0.43820224719101125,0.5104333868378812,0.051364365971107544
425786,"Atchison, Scott","Pit",121,337,337,191,13.543,146,13.543,0.4094955489614243,0.5816023738872403,0.008902077151335312
608344,"Irvin, Cole","Pit",110,546,546,357,13.565,189,13.565,0.4835164835164835,0.5164835164835165,0
136600,"Chen, Bruce","Pit",118,903,903,619,13.577,284,13.577,0.4795127353266888,0.5016611295681063,0.018826135105204873
596295,"Gomber, Austin","Pit",115,963,963,595,13.579,368,13.579,0.46625129802699894,0.5327102803738317,0.0010384215991692627
477003,"Niese, Jonathon","Pit",121,1070,1070,631,13.58,439,13.58,0.44485981308411215,0.5317757009345795,0.02336448598130841
453385,"Richard, Clayton","Pit",135,1092,1092,699,13.58,393,13.58,0.46794871794871795,0.510989010989011,0.021062271062271064
621261,"Oswalt, Corey","Pit",121,459,459,295,13.581,164,13.581,0.43790849673202614,0.5294117647058824,0.032679738562091505
641482,"Cortes, Nestor","Pit",147,1234,1234,821,13.586,413,13.586,0.5259319286871961,0.47163695299837927,0.0024311183144246355
666200,"Luzardo, Jesús","Pit",146,449,449,313,13.598,136,13.598,0.643652561247216,0.35634743875278396,0
592866,"Williams, Trevor","Pit",120,469,469,322,13.6,147,13.6,0.5309168443496801,0.4626865671641791,0.006396588486140725
641154,"López, Pablo","Pit",146,433,433,289,13.613,144,13.613,0.4618937644341801,0.5127020785219399,0.025404157043879907
543334,"House, TJ","Pit",114,704,704,412,13.615,292,13.615,0.3877840909090909,0.5909090909090909,0.02130681818181818
689017,"Knack, Landon","Pit",119,531,531,390,13.616,141,13.616,0.5329566854990584,0.4670433145009416,0
680704,"Sandlin, Nick","Pit",114,473,473,277,13.616,196,13.616,0.47357293868921774,0.5264270613107822,0
650911,"Sánchez, Cristopher","Pit",143,653,653,458,13.631,195,13.631,0.5114854517611026,0.4869831546707504,0.0015313935681470138
668964,"Myers, Tobias","Pit",158,900,900,610,13.634,290,13.634,0.4811111111111111,0.5122222222222222,0.006666666666666667
571760,"Heaney, Andrew","Pit",140,1148,1148,717,13.639,431,13.639,0.4738675958188153,0.524390243902439,0.0017421602787456446
474463,"Anderson, Brett","Pit",133,386,386,230,13.643,156,13.643,0.43523316062176165,0.5440414507772021,0.02072538860103627
474463,"Anderson, Brett","Pit",141,405,405,236,13.647,169,13.647,0.41728395061728396,0.5703703703703704,0.012345679012345678
571927,"Matz, Steven","Pit",121,1286,1286,811,13.647,475,13.647,0.42457231726283046,0.5513219284603421,0.02410575427682737
594902,"Lively, Ben","Pit",143,664,664,426,13.647,238,13.647,0.4397590361445783,0.5331325301204819,0.02710843373493976
571760,"Heaney, Andrew","Pit",140,1158,1158,714,13.655,444,13.655,0.47236614853195164,0.5259067357512953,0.0017271157167530224
502171,"Cobb, Alex","Pit",137,1154,1154,795,13.668,359,13.668,0.4731369150779896,0.5190641247833622,0.00779896013864818
570632,"Ureña, José","Pit",140,809,809,508,13.674,301,13.674,0.5105067985166872,0.48825710754017304,0.0012360939431396785
445926,"Chavez, Jesse","Pit",144,584,584,336,13.685,248,13.685,0.3972602739726027,0.5924657534246576,0.010273972602739725
136600,"Chen, Bruce","Pit",118,397,397,230,13.688,167,13.688,0.4105793450881612,0.5591939546599496,0.030226700251889168
544928,"Lyons, Tyler","Pit",138,367,367,234,13.702,133,13.702,0.4223433242506812,0.5504087193460491,0.027247956403269755
641540,"Dunning, Dane","Pit",140,773,773,519,13.716,254,13.716,0.4851228978007762,0.5122897800776197,0.00258732212160414
641778,"Lauer, Eric","Pit",158,375,375,251,13.735,124,13.735,0.44266666666666665,0.5573333333333333,0
527048,"Pérez, Martín","Pit",140,1027,1027,640,13.752,387,13.752,0.44790652385589097,0.5511197663096398,0.0009737098344693282
663554,"Mize, Casey","Pit",116,768,768,471,13.755,297,13.755,0.4791666666666667,0.5208333333333334,0
664350,"Sánchez, Sixto","Pit",146,232,232,154,13.756,78,13.756,0.43103448275862066,0.5517241379310345,0.017241379310344827
676840,"Peacock, Matt","Pit",109,610,610,349,13.762,261,13.762,0.3885245901639344,0.5918032786885246,0.019672131147540985
656557,"Houck, Tanner","Pit",111,806,806,500,13.769,306,13.769,0.43424317617866004,0.56575682382134,0
672851,"Adon, Joan","Pit",120,403,403,249,13.776,154,13.776,0.43672456575682383,0.5583126550868487,0.004962779156327543
678394,"Bello, Brayan","Pit",111,1175,1175,732,13.778,443,13.778,0.45361702127659576,0.5429787234042553,0.003404255319148936
449173,"Harrell, Lucas","Pit",117,1434,1434,864,13.784,570,13.784,0.38563458856345884,0.5599721059972106,0.05439330543933055
669854,"Blanco, Ronel","Pit",117,377,377,233,13.791,144,13.791,0.40583554376657827,0.5915119363395226,0.002652519893899204
593334,"Germán, Domingo","Pit",147,686,686,523,13.793,163,13.793,0.532069970845481,0.46647230320699706,0.0014577259475218659
605288,"Houser, Adrian","Pit",158,874,874,538,13.797,336,13.797,0.4279176201372998,0.5675057208237986,0.004576659038901602
641927,"Ober, Bailey","Pit",142,1115,1115,824,13.802,291,13.802,0.5076233183856502,0.48789237668161434,0.004484304932735426
605151,"Bradley, Archie","Pit",113,129,129,78,13.807,51,13.807,0.4108527131782946,0.5426356589147286,0.046511627906976744
572362,"Erlin, Robbie","Pit",135,412,412,282,13.807,130,13.807,0.46116504854368934,0.5072815533980582,0.03155339805825243
285079,"Dickey, R.A.","Pit",141,1637,1637,1123,13.813,514,13.813,0.4715943799633476,0.5137446548564447,0.014660965180207697
669461,"Liberatore, Matthew","Pit",138,533,533,357,13.825,176,13.825,0.4821763602251407,0.5121951219512195,0.005628517823639775
621242,"Díaz, Edwin","Pit",121,379,379,225,13.826,154,13.826,0.5699208443271768,0.42216358839050133,0.0079155672823219
641771,"Kuhl, Chad","Pit",120,374,374,208,13.826,166,13.826,0.42245989304812837,0.5721925133689839,0.0053475935828877
656849,"Peterson, David","Pit",121,814,814,527,13.83,287,13.83,0.4656019656019656,0.5307125307125307,0.0036855036855036856
621383,"Banks, Tanner","Pit",143,501,501,307,13.834,194,13.834,0.562874251497006,0.437125748502994,0
628452,"Iglesias, Raisel","Pit",144,362,362,252,13.837,110,13.837,0.5386740331491713,0.4585635359116022,0.0027624309392265192
593372,"Martinez, Carlos","Pit",138,1384,1384,865,13.841,519,13.841,0.40534682080924855,0.5043352601156069,0.09031791907514451
276520,"Arroyo, Bronson","Pit",113,531,531,337,13.847,194,13.847,0.4425612052730697,0.544256120527307,0.013182674199623353
642545,"Barria, Jaime","Pit",108,606,606,359,13.853,247,13.853,0.4389438943894389,0.5577557755775577,0.0033003300330033004
621107,"Eflin, Zach","Pit",110,1076,1076,741,13.863,335,13.863,0.5009293680297398,0.49814126394052044,0.0009293680297397769
669674,"Long, Sam","Pit",133,334,334,178,13.864,156,13.864,0.38023952095808383,0.6137724550898204,0.005988023952095809
573186,"Stroman, Marcus","Pit",147,1247,1247,751,13.875,496,13.875,0.45148356054530875,0.545308740978348,0.0032076984763432237
571578,"Corbin, Patrick","Pit",120,1314,1314,824,13.881,490,13.881,0.439117199391172,0.558599695585997,0.00228310502283105
641302,"Alexander, Tyler","Pit",116,401,401,262,13.881,139,13.881,0.4114713216957606,0.5785536159600998,0.00997506234413965
621107,"Eflin, Zach","Pit",139,1114,1114,807,13.882,307,13.882,0.5368043087971275,0.45960502692998206,0.003590664272890485
640455,"Manaea, Sean","Pit",137,878,878,553,13.884,325,13.884,0.5170842824601367,0.4783599088838269,0.004555808656036446
622663,"Severino, Luis","Pit",147,657,657,431,13.888,226,13.888,0.4657534246575342,0.5296803652968036,0.0045662100456621
572020,"Paxton, James","Pit",111,764,764,518,13.889,246,13.889,0.5091623036649214,0.4869109947643979,0.003926701570680628
674003,"Bradford, Cody","Pit",140,433,433,269,13.904,164,13.904,0.4341801385681293,0.5612009237875288,0.004618937644341801
453385,"Richard, Clayton","Pit",135,390,390,272,13.91,118,13.91,0.4794871794871795,0.5,0.020512820512820513
656849,"Peterson, David","Pit",121,890,890,556,13.913,334,13.913,0.4303370786516854,0.5662921348314607,0.0033707865168539327
671922,"Smith, Cade","Pit",114,488,488,295,13.915,193,13.915,0.48565573770491804,0.5102459016393442,0.004098360655737705
605228,"Fernández, José","Pit",146,342,342,266,13.916,76,13.916,0.4853801169590643,0.48830409356725146,0.02631578947368421
571882,"Law, Derek","Pit",120,569,569,356,13.919,213,13.919,0.45342706502636204,0.5430579964850615,0.0035149384885764497
542881,"Anderson, Tyler","Pit",108,1210,1210,821,13.924,389,13.924,0.4859504132231405,0.5099173553719009,0.004132231404958678
425786,"Atchison, Scott","Pit",114,463,463,280,13.935,183,13.935,0.3801295896328294,0.6004319654427646,0.019438444924406047
642558,"Jurado, Ariel","Pit",140,424,424,299,13.947,125,13.947,0.4410377358490566,0.535377358490566,0.02358490566037736
630023,"Chirinos, Yonny","Pit",144,583,583,392,13.953,191,13.953,0.4528301886792453,0.5471698113207547,0
680885,"Schwellenbach, Spencer","Pit",144,762,762,524,13.959,238,13.959,0.5,0.49868766404199477,0.0013123359580052493
572020,"Paxton, James","Pit",111,727,727,473,13.962,254,13.962,0.48005502063273725,0.515818431911967,0.0041265474552957355
621383,"Banks, Tanner","Pit",145,446,446,250,13.968,196,13.968,0.452914798206278,0.5426008968609866,0.004484304932735426
489119,"Miley, Wade","Pit",109,1437,1437,934,13.973,503,13.973,0.4077940153096729,0.5741127348643006,0.018093249826026444
445926,"Chavez, Jesse","Pit",133,403,403,230,13.974,173,13.974,0.3870967741935484,0.5880893300248139,0.02481389578163772
687792,"Herz, DJ","Pit",120,690,690,459,13.975,231,13.975,0.4971014492753623,0.4985507246376812,0.004347826086956522
641482,"Cortes, Nestor","Pit",147,614,614,405,13.981,209,13.981,0.4153094462540717,0.5504885993485342,0.03420195439739414
669456,"Bieber, Shane","Pit",114,873,873,623,13.989,250,13.989,0.47766323024054985,0.5189003436426117,0.003436426116838488
136880,"Halladay, Roy","Pit",143,542,542,343,13.995,199,13.995,0.4261992619926199,0.559040590405904,0.014760147601476014
571948,"Milner, Hoby","Pit",158,505,505,292,14.006,213,14.006,0.5663366336633663,0.43366336633663366,0
672710,"Contreras, Roansy","Pit",108,446,446,274,14.009,172,14.009,0.42152466367713004,0.5739910313901345,0.004484304932735426
519242,"Sale, Chris","Pit",111,1525,1525,1063,14.014,462,14.014,0.43868852459016394,0.5449180327868852,0.01639344262295082
641778,"Lauer, Eric","Pit",135,882,882,533,14.014,349,14.014,0.3786848072562358,0.5634920634920635,0.05782312925170068
608566,"Márquez, Germán","Pit",115,1174,1174,775,14.014,399,14.014,0.42163543441226575,0.5519591141396933,0.026405451448040886
605154,"Brebbia, John","Pit",144,413,413,253,14.027,160,14.027,0.43825665859564167,0.5569007263922519,0.004842615012106538
573064,"Nuño, Vidal","Pit",136,662,662,429,14.038,233,14.038,0.40483383685800606,0.5574018126888217,0.0377643504531722
596057,"Norris, Daniel","Pit",116,1066,1066,746,14.047,320,14.047,0.4427767354596623,0.5440900562851783,0.013133208255159476
573185,"Straily, Dan","Pit",146,1347,1347,930,14.047,417,14.047,0.42464736451373425,0.5412026726057907,0.03414996288047513
596133,"Weaver, Luke","Pit",147,1026,1026,663,14.047,363,14.047,0.41812865497076024,0.5779727095516569,0.003898635477582846
519242,"Sale, Chris","Pit",145,1480,1480,960,14.052,520,14.052,0.4243243243243243,0.5391891891891892,0.03648648648648649
641771,"Kuhl, Chad","Pit",145,478,478,279,14.053,199,14.053,0.4351464435146444,0.5606694560669456,0.0041841004184100415
680570,"Rodriguez, Grayson","Pit",110,894,894,591,14.059,303,14.059,0.46420581655480986,0.5302013422818792,0.005592841163310962
543045,"Conley, Adam","Pit",146,1004,1004,665,14.067,339,14.067,0.4252988047808765,0.50199203187251,0.07270916334661355
665795,"Cabrera, Edward","Pit",146,755,755,493,14.067,262,14.067,0.433112582781457,0.5642384105960265,0.0026490066225165563
570632,"Ureña, José","Pit",145,341,341,231,14.068,110,14.068,0.4750733137829912,0.5219941348973607,0.002932551319648094
608344,"Irvin, Cole","Pit",133,1144,1144,742,14.068,402,14.068,0.40384615384615385,0.5734265734265734,0.022727272727272728
645261,"Alcantara, Sandy","Pit",146,1061,1061,727,14.069,334,14.069,0.4816211121583412,0.5164938737040528,0.001885014137606032
450203,"Morton, Charlie","Pit",144,1361,1361,760,14.074,601,14.074,0.38501102130786186,0.6113152094048494,0.0036737692872887582
663658,"Ward, Thaddeus","Pit",120,357,357,183,14.075,174,14.075,0.37254901960784315,0.6218487394957983,0.0056022408963585435
445590,"Stults, Eric","Pit",135,1361,1361,895,14.076,466,14.076,0.40778839088905217,0.5664952240999265,0.025716385011021307
622072,"Wood, Alex","Pit",119,125,125,71,14.08,54,14.08,0.36,0.616,0.024
445926,"Chavez, Jesse","Pit",140,645,645,389,14.081,256,14.081,0.3751937984496124,0.5829457364341085,0.04186046511627907
677960,"Weathers, Ryan","Pit",146,623,623,433,14.091,190,14.091,0.5056179775280899,0.4943820224719101,0
543294,"Hendricks, Kyle","Pit",112,532,532,350,14.097,182,14.097,0.40037593984962405,0.5714285714285714,0.02819548872180451
456167,"Griffin, A.J.","Pit",133,1555,1555,1083,14.1,472,14.1,0.4739549839228296,0.5138263665594855,0.012218649517684888
432934,"Young, Chris","Pit",136,1266,1266,879,14.101,387,14.101,0.4399684044233807,0.5276461295418642,0.03238546603475513
592836,"Walker, Taijuan","Pit",121,1164,1164,818,14.105,346,14.105,0.43556701030927836,0.5335051546391752,0.030927835051546393
666129,"Garrett, Braxton","Pit",146,1059,1059,751,14.105,308,14.105,0.45797922568460814,0.5410764872521246,0.0009442870632672333
657006,"Steele, Justin","Pit",112,1096,1096,706,14.115,390,14.115,0.4343065693430657,0.5638686131386861,0.0018248175182481751
516589,"Rienzo, André","Pit",145,464,464,301,14.117,163,14.117,0.39439655172413796,0.5581896551724138,0.04741379310344827
543726,"Ross Jr., Robbie","Pit",140,596,596,359,14.123,237,14.123,0.3691275167785235,0.5989932885906041,0.031879194630872486
450729,"Fister, Doug","Pit",120,1147,1147,815,14.125,332,14.125,0.47863993025283347,0.5091543156059285,0.012205754141238012
489119,"Miley, Wade","Pit",111,1559,1559,994,14.125,565,14.125,0.4284797947402181,0.5189223861449648,0.05259781911481719
676272,"Miller, Bobby","Pit",119,850,850,584,14.128,266,14.128,0.4764705882352941,0.5176470588235295,0.0058823529411764705
672710,"Contreras, Roansy","Pit",134,499,499,322,14.14,177,14.14,0.45090180360721444,0.5470941883767535,0.002004008016032064
592426,"Jackson, Luke","Pit",144,389,389,250,14.14,139,14.14,0.4138817480719794,0.5784061696658098,0.007712082262210797
502327,"Santiago, Héctor","Pit",145,1343,1343,794,14.142,549,14.142,0.37006701414743115,0.5837676842889055,0.04616530156366344
547942,"Kim, Kwang Hyun","Pit",138,873,873,546,14.142,327,14.142,0.3848797250859107,0.581901489117984,0.033218785796105384
643511,"Rogers, Tyler","Pit",137,413,413,226,14.144,187,14.144,0.4213075060532688,0.5690072639225182,0.009685230024213076
642558,"Jurado, Ariel","Pit",140,940,940,618,14.147,322,14.147,0.4106382978723404,0.5585106382978723,0.030851063829787233
641745,"Keller, Brad","Pit",118,1217,1217,803,14.148,414,14.148,0.4026294165981923,0.5653245686113394,0.03204601479046836
606131,"Perdomo, Luis","Pit",135,395,395,231,14.148,164,14.148,0.379746835443038,0.5772151898734177,0.043037974683544304
435178,"Johnson, Josh","Pit",141,673,673,444,14.157,229,14.157,0.413075780089153,0.5482912332838039,0.03863298662704309
665795,"Cabrera, Edward","Pit",146,829,829,480,14.157,349,14.157,0.3956574185765983,0.6019300361881785,0.0024125452352231603
519455,"Zimmermann, Jordan","Pit",120,1222,1222,818,14.163,404,14.163,0.4214402618657938,0.5433715220949263,0.03518821603927987
502190,"Leake, Mike","Pit",113,1538,1538,1001,14.17,537,14.17,0.4011703511053316,0.5520156046814044,0.04681404421326398
607625,"Lugo, Seth","Pit",135,1082,1082,730,14.173,352,14.173,0.466728280961183,0.532347504621072,0.0009242144177449168
647336,"Soroka, Michael","Pit",145,646,646,393,14.175,253,14.175,0.38544891640866874,0.6130030959752322,0.0015479876160990713
605154,"Brebbia, John","Pit",137,470,470,240,14.175,230,14.175,0.30638297872340425,0.625531914893617,0.06808510638297872
429717,"Haren, Dan","Pit",120,1270,1270,866,14.179,404,14.179,0.42992125984251967,0.5590551181102362,0.011023622047244094
657746,"Ryan, Joe","Pit",142,1052,1052,685,14.179,367,14.179,0.502851711026616,0.4923954372623574,0.004752851711026616
547179,"Lorenzen, Michael","Pit",113,583,583,343,14.18,240,14.18,0.4202401372212693,0.5591766723842195,0.02058319039451115
664139,"Gibaut, Ian","Pit",113,488,488,273,14.184,215,14.184,0.36885245901639346,0.6229508196721312,0.00819672131147541
571578,"Corbin, Patrick","Pit",120,1223,1223,804,14.184,419,14.184,0.43254292722812754,0.5674570727718724,0
624133,"Suárez, Ranger","Pit",143,911,911,589,14.184,322,14.184,0.4226125137211855,0.5718990120746432,0.005488474204171241
458550,"Hefner, Jeremy","Pit",121,1012,1012,681,14.188,331,14.188,0.41205533596837945,0.5602766798418972,0.02766798418972332
593974,"Peralta, Wandy","Pit",147,373,373,270,14.194,103,14.194,0.46648793565683644,0.5308310991957105,0.002680965147453083
606131,"Perdomo, Luis","Pit",135,465,465,267,14.214,198,14.214,0.3311827956989247,0.6494623655913978,0.01935483870967742
474463,"Anderson, Brett","Pit",133,551,551,392,14.214,159,14.214,0.43738656987295826,0.5480943738656987,0.014519056261343012
621389,"Blach, Ty","Pit",137,928,928,591,14.214,337,14.214,0.3954741379310345,0.5905172413793104,0.014008620689655173
663623,"Irvin, Jake","Pit",120,1366,1366,927,14.217,439,14.217,0.45973645680819913,0.5366032210834554,0.0036603221083455345
686218,"Sheehan, Emmet","Pit",119,435,435,312,14.218,123,14.218,0.4666666666666667,0.5333333333333333,0
672456,"Montero, Keider","Pit",116,677,677,434,14.223,243,14.223,0.3825701624815362,0.6144756277695717,0.0029542097488921715
650911,"Sánchez, Cristopher","Pit",143,1126,1126,715,14.237,411,14.237,0.3996447602131439,0.5950266429840142,0.0053285968028419185
622491,"Castillo, Luis","Pit",136,1217,1217,797,14.241,420,14.241,0.42235004108463436,0.5768282662284305,0.0008216926869350862
621111,"Buehler, Walker","Pit",119,603,603,361,14.245,242,14.245,0.42786069651741293,0.5671641791044776,0.004975124378109453
607229,"Gsellman, Robert","Pit",121,916,916,578,14.248,338,14.248,0.38427947598253276,0.5775109170305677,0.03820960698689956
608379,"Wacha, Michael","Pit",121,260,260,146,14.248,114,14.248,0.3346153846153846,0.6423076923076924,0.023076923076923078
608566,"Márquez, Germán","Pit",115,1126,1126,817,14.248,309,14.248,0.43960923623445824,0.5328596802841918,0.027531083481349913
429717,"Haren, Dan","Pit",119,1461,1461,1024,14.248,437,14.248,0.42915811088295686,0.5482546201232033,0.022587268993839837
682227,"Williamson, Brandon","Pit",113,881,881,605,14.249,276,14.249,0.4426787741203178,0.5539160045402951,0.00340522133938706
663623,"Irvin, Jake","Pit",120,1024,1024,629,14.249,395,14.249,0.4189453125,0.580078125,0.0009765625
608379,"Wacha, Michael","Pit",118,1127,1127,739,14.25,388,14.25,0.43744454303460517,0.5616681455190772,0.0008873114463176575
543031,"Cloyd, Tyler","Pit",143,490,490,276,14.25,214,14.25,0.3653061224489796,0.6061224489795919,0.02857142857142857
689147,"Kerkering, Orion","Pit",143,509,509,305,14.255,204,14.255,0.5127701375245579,0.48722986247544203,0
624133,"Suárez, Ranger","Pit",143,1003,1003,684,14.256,319,14.256,0.4626121635094716,0.5304087736789631,0.006979062811565304
676979,"Crochet, Garrett","Pit",145,962,962,634,14.257,328,14.257,0.4397089397089397,0.5561330561330561,0.004158004158004158
669060,"Wilson, Bryse","Pit",158,718,718,461,14.264,257,14.264,0.43175487465181056,0.564066852367688,0.004178272980501393
450729,"Fister, Doug","Pit",120,794,794,518,14.272,276,14.272,0.41435768261964734,0.5264483627204031,0.05919395465994962
678394,"Bello, Brayan","Pit",111,1212,1212,798,14.272,414,14.272,0.4084158415841584,0.5808580858085809,0.010726072607260726
456501,"Cueto, Johnny","Pit",146,363,363,268,14.279,95,14.279,0.4820936639118457,0.5151515151515151,0.0027548209366391185
489119,"Miley, Wade","Pit",110,1271,1271,838,14.28,433,14.28,0.4083398898505114,0.5531077891424075,0.03855232100708104
572096,"Rosenthal, Trevor","Pit",138,533,533,328,14.283,205,14.283,0.3883677298311445,0.5684803001876173,0.043151969981238276
475416,"Masterson, Justin","Pit",138,1083,1083,613,14.289,470,14.289,0.3554939981532779,0.6269621421975993,0.017543859649122806
656605,"Keller, Mitch","Pit",134,1239,1239,756,14.291,483,14.291,0.3930589184826473,0.6037126715092817,0.003228410008071025
548389,"Stripling, Ross","Pit",137,653,653,441,14.294,212,14.294,0.44104134762633995,0.55895865237366,0
543037,"Cole, Gerrit","Pit",134,764,764,544,14.302,220,14.302,0.41492146596858637,0.5615183246073299,0.02356020942408377
458713,"Slowey, Kevin","Pit",146,638,638,400,14.303,238,14.303,0.3761755485893417,0.5956112852664577,0.02821316614420063
433579,"Danks, John","Pit",145,1558,1558,991,14.311,567,14.311,0.38061617458279845,0.6039794608472401,0.01540436456996149
608566,"Márquez, Germán","Pit",115,528,528,348,14.312,180,14.312,0.38636363636363635,0.5738636363636364,0.03977272727272727
547942,"Kim, Kwang Hyun","Pit",138,299,299,209,14.314,90,14.314,0.41471571906354515,0.5618729096989966,0.023411371237458192
543506,"Maurer, Brandon","Pit",118,334,334,183,14.314,151,14.314,0.33532934131736525,0.6317365269461078,0.03293413173652695
571510,"Boyd, Matthew","Pit",116,539,539,348,14.318,191,14.318,0.3803339517625232,0.5788497217068646,0.04081632653061224
518452,"Bettis, Chad","Pit",115,370,370,206,14.321,164,14.321,0.33513513513513515,0.6243243243243243,0.04054054054054054
625643,"López, Reynaldo","Pit",120,367,367,189,14.329,178,14.329,0.3242506811989101,0.5776566757493188,0.09809264305177112
434578,"Saunders, Joe","Pit",136,1538,1538,964,14.329,574,14.329,0.3673602080624187,0.6053315994798439,0.027308192457737322
669684,"Murphy, Chris","Pit",111,398,398,244,14.33,154,14.33,0.4221105527638191,0.5728643216080402,0.005025125628140704
681857,"Olson, Reese","Pit",116,816,816,570,14.338,246,14.338,0.4534313725490196,0.5453431372549019,0.0012254901960784314
660896,"Alcala, Jorge","Pit",142,391,391,256,14.34,135,14.34,0.4092071611253197,0.5882352941176471,0.0025575447570332483
657746,"Ryan, Joe","Pit",142,871,871,646,14.342,225,14.342,0.4833524684270953,0.5109070034443168,0.0057405281285878304
663436,"Martin, Davis","Pit",145,366,366,216,14.342,150,14.342,0.4207650273224044,0.5765027322404371,0.00273224043715847
519455,"Zimmermann, Jordan","Pit",120,1384,1384,958,14.343,426,14.343,0.42196531791907516,0.5158959537572254,0.06213872832369942
518567,"Collmenter, Josh","Pit",109,1268,1268,866,14.344,402,14.344,0.3856466876971609,0.5686119873817035,0.04574132492113565
570632,"Ureña, José","Pit",146,1294,1294,906,14.347,388,14.347,0.419629057187017,0.5540958268933539,0.02627511591962906
458708,"Tomlin, Josh","Pit",114,497,497,342,14.348,155,14.348,0.40643863179074446,0.5734406438631791,0.02012072434607646
650644,"Civale, Aaron","Pit",114,425,425,306,14.348,119,14.348,0.4164705882352941,0.5576470588235294,0.02588235294117647
285079,"Dickey, R.A.","Pit",141,1448,1448,977,14.36,471,14.36,0.4468232044198895,0.5103591160220995,0.04281767955801105
680573,"Woods Richardson, Simeon","Pit",142,969,969,652,14.36,317,14.36,0.42724458204334365,0.5686274509803921,0.0041279669762641896
572750,"Butler, Eddie","Pit",115,502,502,327,14.364,175,14.364,0.3844621513944223,0.5179282868525896,0.09760956175298804
571578,"Corbin, Patrick","Pit",109,1356,1356,918,14.375,438,14.375,0.39306784660766964,0.5855457227138643,0.021386430678466076
622491,"Castillo, Luis","Pit",113,1434,1434,1001,14.381,433,14.381,0.405160390516039,0.5788005578800558,0.01603905160390516
543278,"Hardy, Blaine","Pit",116,647,647,446,14.381,201,14.381,0.4234930448222566,0.5625965996908809,0.013910355486862442
676596,"Fleming, Josh","Pit",139,761,761,482,14.383,279,14.383,0.3600525624178712,0.6202365308804205,0.01971090670170828
671096,"Abbott, Andrew","Pit",113,845,845,552,14.385,293,14.385,0.41420118343195267,0.5834319526627219,0.002366863905325444
663556,"McClanahan, Shane","Pit",139,747,747,512,14.386,235,14.386,0.48326639892904955,0.5153949129852744,0.0013386880856760374
641745,"Keller, Brad","Pit",118,403,403,279,14.387,124,14.387,0.4094292803970223,0.5607940446650124,0.02977667493796526
623211,"Brazobán, Huascar","Pit",121,367,367,227,14.389,140,14.389,0.48501362397820164,0.5122615803814714,0.0027247956403269754
571927,"Matz, Steven","Pit",138,390,390,270,14.39,120,14.39,0.4205128205128205,0.5461538461538461,0.03333333333333333
519455,"Zimmermann, Jordan","Pit",120,1344,1344,929,14.392,415,14.392,0.39732142857142855,0.5811011904761905,0.021577380952380952
477003,"Niese, Jonathon","Pit",121,1309,1309,834,14.393,475,14.393,0.40412528647822765,0.5744843391902216,0.0213903743315508
701581,"Festa, David","Pit",142,449,449,297,14.398,152,14.398,0.4053452115812918,0.5924276169265034,0.0022271714922048997
666157,"Lodolo, Nick","Pit",113,837,837,553,14.399,284,14.399,0.4062126642771804,0.5902031063321386,0.0035842293906810036
573124,"Rogers, Taylor","Pit",137,530,530,314,14.404,216,14.404,0.4509433962264151,0.5433962264150943,0.005660377358490566
669211,"Akin, Keegan","Pit",110,514,514,315,14.405,199,14.405,0.3540856031128405,0.6361867704280155,0.009727626459143969
608379,"Wacha, Michael","Pit",138,1262,1262,802,14.406,460,14.406,0.37400950871632327,0.5689381933438986,0.05705229793977813
656222,"Beeks, Jalen","Pit",134,511,511,282,14.406,229,14.406,0.4246575342465753,0.5714285714285714,0.003913894324853229
593372,"Martinez, Carlos","Pit",138,611,611,389,14.41,222,14.41,0.37315875613747956,0.5761047463175123,0.05073649754500818
661563,"Gil, Luis","Pit",147,1223,1223,767,14.411,456,14.411,0.40228945216680295,0.5911692559280458,0.006541291905151268
608566,"Márquez, Germán","Pit",115,1406,1406,1010,14.414,396,14.414,0.4096728307254623,0.5625889046941679,0.027738264580369845
621366,"Borucki, Ryan","Pit",141,768,768,481,14.414,287,14.414,0.3671875,0.6106770833333334,0.022135416666666668
641712,"Hudson, Dakota","Pit",138,579,579,365,14.415,214,14.415,0.38341968911917096,0.6079447322970639,0.008635578583765112
608379,"Wacha, Michael","Pit",138,1209,1209,837,14.415,372,14.415,0.41025641025641024,0.5715467328370554,0.018196856906534328
657053,"Toussaint, Touki","Pit",144,399,399,275,14.415,124,14.415,0.41604010025062654,0.5639097744360902,0.020050125313283207
543643,"Pettibone, Jonathan","Pit",143,811,811,494,14.422,317,14.422,0.36744759556103573,0.6128236744759556,0.01972872996300863
680570,"Rodriguez, Grayson","Pit",110,795,795,526,14.423,269,14.423,0.42012578616352203,0.5786163522012578,0.0012578616352201257
548357,"Bergman, Christian","Pit",115,380,380,230,14.424,150,14.424,0.34210526315789475,0.6263157894736842,0.031578947368421054
669211,"Akin, Keegan","Pit",110,556,556,377,14.429,179,14.429,0.4550359712230216,0.5431654676258992,0.0017985611510791368
543135,"Eovaldi, Nathan","Pit",146,776,776,510,14.434,266,14.434,0.3801546391752577,0.595360824742268,0.024484536082474227
669212,"Morgan, Eli","Pit",114,491,491,299,14.437,192,14.437,0.3604887983706721,0.6334012219959266,0.006109979633401222
668909,"Williams, Gavin","Pit",114,553,553,366,14.443,187,14.443,0.3960216998191682,0.6003616636528029,0.003616636528028933
502190,"Leake, Mike","Pit",137,1284,1284,924,14.446,360,14.446,0.411993769470405,0.5163551401869159,0.07165109034267912
686563,"Cannon, Jonathan","Pit",145,909,909,612,14.446,297,14.446,0.45324532453245325,0.5467546754675467,0
641771,"Kuhl, Chad","Pit",134,1276,1276,795,14.447,481,14.447,0.34717868338557994,0.603448275862069,0.0493730407523511
547943,"Ryu, Hyun Jin","Pit",119,1496,1496,979,14.447,517,14.447,0.37767379679144386,0.6009358288770054,0.0213903743315508
592468,"Kingham, Nick","Pit",134,585,585,392,14.447,193,14.447,0.38461538461538464,0.5914529914529915,0.023931623931623933
543506,"Maurer, Brandon","Pit",118,467,467,267,14.448,200,14.448,0.3554603854389722,0.6038543897216274,0.04068522483940043
453385,"Richard, Clayton","Pit",141,345,345,214,14.448,131,14.448,0.3739130434782609,0.6,0.02608695652173913
641745,"Keller, Brad","Pit",118,1054,1054,694,14.448,360,14.448,0.38140417457305503,0.5882352941176471,0.030360531309297913
571527,"Buchanan, David","Pit",143,834,834,511,14.448,323,14.448,0.34652278177458035,0.6103117505995204,0.04316546762589928
605151,"Bradley, Archie","Pit",109,532,532,332,14.448,200,14.448,0.34962406015037595,0.5939849624060151,0.05639097744360902
593958,"Rodriguez, Eduardo","Pit",109,395,395,251,14.451,144,14.451,0.4050632911392405,0.5924050632911393,0.002531645569620253
622088,"Antone, Tejay","Pit",113,290,290,195,14.454,95,14.454,0.4,0.5689655172413793,0.03103448275862069
660761,"Suarez, José","Pit",108,418,418,202,14.454,216,14.454,0.2966507177033493,0.6913875598086124,0.011961722488038277
433585,"Francis, Jeff","Pit",115,566,566,345,14.456,221,14.456,0.35159010600706714,0.6024734982332155,0.045936395759717315
573185,"Straily, Dan","Pit",133,1114,1114,746,14.458,368,14.458,0.38240574506283664,0.578096947935368,0.03949730700179533
608379,"Wacha, Michael","Pit",135,994,994,652,14.459,342,14.459,0.38832997987927564,0.6106639839034205,0.001006036217303823
519242,"Sale, Chris","Pit",145,1546,1546,1001,14.463,545,14.463,0.3829236739974127,0.5950840879689522,0.02199223803363519
477003,"Niese, Jonathon","Pit",121,1292,1292,804,14.464,488,14.464,0.40092879256965946,0.5495356037151703,0.04953560371517028
573064,"Nuño, Vidal","Pit",109,1158,1158,821,14.467,337,14.467,0.41018998272884283,0.5690846286701209,0.02072538860103627
669160,"May, Dustin","Pit",119,325,325,209,14.469,116,14.469,0.4338461538461538,0.556923076923077,0.009230769230769232
608334,"Fulmer, Carson","Pit",108,636,636,373,14.474,263,14.474,0.4638364779874214,0.529874213836478,0.006289308176100629
547179,"Lorenzen, Michael","Pit",118,950,950,634,14.478,316,14.478,0.44526315789473686,0.5505263157894736,0.004210526315789474
527048,"Pérez, Martín","Pit",135,993,993,622,14.479,371,14.479,0.37361530715005037,0.6243705941591138,0.002014098690835851
641835,"Mayza, Tim","Pit",141,389,389,228,14.48,161,14.48,0.38046272493573263,0.6195372750642674,0
518567,"Collmenter, Josh","Pit",109,645,645,402,14.48,243,14.48,0.35038759689922483,0.6155038759689923,0.034108527131782945
554430,"Wheeler, Zack","Pit",121,806,806,500,14.48,306,14.48,0.3523573200992556,0.6066997518610422,0.04094292803970223
502190,"Leake, Mike","Pit",136,1248,1248,858,14.481,390,14.481,0.4014423076923077,0.563301282051282,0.035256410256410256
598271,"Johnson, Brian","Pit",111,822,822,554,14.481,268,14.481,0.3819951338199513,0.5924574209245742,0.025547445255474453
596001,"Junis, Jakob","Pit",118,735,735,485,14.481,250,14.481,0.3727891156462585,0.5972789115646259,0.029931972789115645
605182,"Clevinger, Mike","Pit",114,1543,1543,1044,14.481,499,14.481,0.3862605314322748,0.5865197666882696,0.027219701879455604
605463,"Scott, Tayler","Pit",117,562,562,348,14.486,214,14.486,0.40747330960854095,0.5889679715302492,0.0035587188612099642
663474,"McKenzie, Triston","Pit",114,569,569,391,14.487,178,14.487,0.421792618629174,0.5711775043936731,0.007029876977152899
669062,"Miller, Erik","Pit",137,568,568,381,14.489,187,14.489,0.39436619718309857,0.6038732394366197,0.0017605633802816902
543135,"Eovaldi, Nathan","Pit",146,1358,1358,866,14.494,492,14.494,0.3556701030927835,0.6215022091310751,0.022827687776141383
543859,"Tonkin, Michael","Pit",142,632,632,349,14.497,283,14.497,0.3512658227848101,0.6455696202531646,0.0031645569620253164
672582,"Zerpa, Angel","Pit",118,461,461,229,14.497,232,14.497,0.31453362255965295,0.6702819956616052,0.015184381778741865
676879,"Ashby, Aaron","Pit",158,903,903,570,14.5,333,14.5,0.3754152823920266,0.5946843853820598,0.029900332225913623
571561,"Cingrani, Tony","Pit",113,542,542,338,14.501,204,14.501,0.35239852398523985,0.584870848708487,0.06273062730627306
657277,"Webb, Logan","Pit",137,1423,1423,921,14.504,502,14.504,0.3724525650035137,0.600843288826423,0.026704146170063246
519242,"Sale, Chris","Pit",145,1522,1522,1059,14.508,463,14.508,0.39421813403416556,0.5558475689881734,0.04993429697766097
622491,"Castillo, Luis","Pit",113,1264,1264,896,14.514,368,14.514,0.4050632911392405,0.5751582278481012,0.01977848101265823
456167,"Griffin, A.J.","Pit",140,624,624,424,14.514,200,14.514,0.39903846153846156,0.5817307692307693,0.019230769230769232
474463,"Anderson, Brett","Pit",133,1232,1232,815,14.514,417,14.514,0.3814935064935065,0.6038961038961039,0.01461038961038961
642607,"Agrazal, Dario","Pit",134,530,530,358,14.515,172,14.515,0.3867924528301887,0.5754716981132075,0.03773584905660377
572362,"Erlin, Robbie","Pit",135,714,714,454,14.515,260,14.515,0.38095238095238093,0.5966386554621849,0.022408963585434174
445590,"Stults, Eric","Pit",135,1536,1536,979,14.517,557,14.517,0.359375,0.6197916666666666,0.020833333333333332
667463,"King, John","Pit",138,348,348,203,14.52,145,14.52,0.45977011494252873,0.5373563218390804,0.0028735632183908046
516589,"Rienzo, André","Pit",145,593,593,398,14.521,195,14.521,0.3912310286677909,0.5851602023608768,0.023608768971332208
665871,"Assad, Javier","Pit",112,1148,1148,678,14.524,470,14.524,0.3475609756097561,0.6463414634146342,0.006097560975609756
668678,"Gallen, Zac","Pit",109,1108,1108,741,14.525,367,14.525,0.39981949458483756,0.5947653429602888,0.005415162454873646
669459,"Nelson, Kyle","Pit",109,351,351,234,14.527,117,14.527,0.43874643874643876,0.5498575498575499,0.011396011396011397
657006,"Steele, Justin","Pit",112,851,851,592,14.54,259,14.54,0.4312573443008226,0.5663924794359577,0.0023501762632197414
657053,"Toussaint, Touki","Pit",145,769,769,463,14.543,306,14.543,0.37711313394018203,0.6228868660598179,0
461829,"González, Gio","Pit",120,1694,1694,1122,14.547,572,14.547,0.3795749704840614,0.577331759149941,0.04309327036599764
663465,"Allard, Kolby","Pit",140,397,397,234,14.548,163,14.548,0.3198992443324937,0.6675062972292192,0.012594458438287154
593334,"Germán, Domingo","Pit",147,990,990,708,14.548,282,14.548,0.398989898989899,0.5545454545454546,0.046464646464646465
621389,"Blach, Ty","Pit",137,1213,1213,775,14.548,438,14.548,0.382522671063479,0.6042868920032977,0.013190436933223413
669456,"Bieber, Shane","Pit",114,1260,1260,944,14.55,316,14.55,0.42142857142857143,0.5698412698412698,0.00873015873015873
606303,"Payamps, Joel","Pit",158,406,406,288,14.557,118,14.557,0.46551724137931033,0.5320197044334976,0.0024630541871921183
573185,"Straily, Dan","Pit",112,406,406,266,14.56,140,14.56,0.3645320197044335,0.5763546798029556,0.059113300492610835
676684,"Vest, Will","Pit",116,482,482,225,14.561,257,14.561,0.45435684647302904,0.5456431535269709,0
665665,"Sanmartin, Reiver","Pit",113,495,495,278,14.563,217,14.563,0.31313131313131315,0.6626262626262627,0.024242424242424242
433579,"Danks, John","Pit",145,990,990,709,14.563,281,14.563,0.403030303030303,0.5797979797979798,0.01717171717171717
573064,"Nuño, Vidal","Pit",136,398,398,235,14.566,163,14.566,0.38944723618090454,0.585427135678392,0.02512562814070352
543424,"Lamb, John","Pit",113,437,437,285,14.569,152,14.569,0.36155606407322655,0.562929061784897,0.07551487414187644
519008,"McFarland, T.J.","Pit",133,387,387,185,14.57,202,14.57,0.3643410852713178,0.6330749354005168,0.002583979328165375
669060,"Wilson, Bryse","Pit",158,498,498,299,14.573,199,14.573,0.3453815261044177,0.6506024096385542,0.004016064257028112
671096,"Abbott, Andrew","Pit",113,1053,1053,693,14.576,360,14.576,0.4045584045584046,0.5944919278252612,0.000949667616334283
808967,"Yamamoto, Yoshinobu","Pit",119,636,636,401,14.577,235,14.577,0.3694968553459119,0.6257861635220126,0.0047169811320754715
622072,"Wood, Alex","Pit",144,1245,1245,835,14.579,410,14.579,0.37028112449799194,0.5887550200803213,0.04096385542168675
605397,"Musgrove, Joe","Pit",135,677,677,445,14.579,232,14.579,0.39438700147710487,0.6011816838995568,0.004431314623338257
518716,"Gee, Dillon","Pit",121,994,994,716,14.579,278,14.579,0.38832997987927564,0.5814889336016097,0.030181086519114688
663978,"Paddack, Chris","Pit",142,632,632,408,14.58,224,14.58,0.3876582278481013,0.6107594936708861,0.0015822784810126582
607237,"Garrett, Amir","Pit",113,566,566,412,14.581,154,14.581,0.411660777385159,0.568904593639576,0.019434628975265017
621107,"Eflin, Zach","Pit",143,450,450,304,14.581,146,14.581,0.37777777777777777,0.5955555555555555,0.02666666666666667
518716,"Gee, Dillon","Pit",142,363,363,241,14.581,122,14.581,0.371900826446281,0.5950413223140496,0.03305785123966942
571927,"Matz, Steven","Pit",121,584,584,381,14.581,203,14.581,0.3818493150684932,0.5907534246575342,0.0273972602739726
680704,"Sandlin, Nick","Pit",114,430,430,243,14.581,187,14.581,0.3395348837209302,0.6558139534883721,0.004651162790697674
660761,"Suarez, José","Pit",108,659,659,420,14.581,239,14.581,0.3535660091047041,0.590288315629742,0.05614567526555387
608379,"Wacha, Michael","Pit",138,671,671,480,14.581,191,14.581,0.3859910581222057,0.5812220566318927,0.03278688524590164
622491,"Castillo, Luis","Pit",113,682,682,487,14.582,195,14.582,0.40615835777126097,0.5498533724340176,0.04398826979472141
622491,"Castillo, Luis","Pit",113,1410,1410,943,14.585,467,14.585,0.3645390070921986,0.6099290780141844,0.02553191489361702
543699,"Roark, Tanner","Pit",120,375,375,249,14.588,126,14.588,0.376,0.608,0.016
671737,"Bradley, Taj","Pit",139,966,966,663,14.591,303,14.591,0.40476190476190477,0.593167701863354,0.002070393374741201
502190,"Leake, Mike","Pit",138,1214,1214,804,14.594,410,14.594,0.38797364085667213,0.5411861614497528,0.07084019769357495
660813,"Graterol, Brusdar","Pit",119,129,129,78,14.605,51,14.605,0.3333333333333333,0.6201550387596899,0.046511627906976744
592866,"Williams, Trevor","Pit",121,667,667,412,14.607,255,14.607,0.3568215892053973,0.6056971514242878,0.037481259370314844
596001,"Junis, Jakob","Pit",137,868,868,584,14.61,284,14.61,0.39055299539170507,0.5875576036866359,0.021889400921658985
502083,"McAllister, Zach","Pit",114,1114,1114,716,14.611,398,14.611,0.3653500897666068,0.5915619389587073,0.04308797127468582
663903,"Singer, Brady","Pit",118,1161,1161,795,14.614,366,14.614,0.38931955211024977,0.58656330749354,0.024117140396210164
543506,"Maurer, Brandon","Pit",136,488,488,320,14.614,168,14.614,0.38114754098360654,0.5963114754098361,0.022540983606557378
543475,"Lyles, Jordan","Pit",158,1098,1098,742,14.615,356,14.615,0.3761384335154827,0.604735883424408,0.01912568306010929
430599,"Blanton, Joe","Pit",108,944,944,591,14.615,353,14.615,0.3389830508474576,0.6324152542372882,0.028601694915254237
489119,"Miley, Wade","Pit",110,1515,1515,914,14.615,601,14.615,0.3425742574257426,0.6356435643564357,0.02178217821782178
518452,"Bettis, Chad","Pit",115,948,948,635,14.615,313,14.615,0.3670886075949367,0.6075949367088608,0.02531645569620253
571945,"Mikolas, Miles","Pit",138,1305,1305,910,14.615,395,14.615,0.3831417624521073,0.5885057471264368,0.028352490421455937
461829,"González, Gio","Pit",158,1474,1474,921,14.615,553,14.615,0.3493894165535957,0.6187245590230664,0.03188602442333786
657376,"Schmidt, Clarke","Pit",147,1217,1217,777,14.617,440,14.617,0.3541495480690222,0.6409202958093673,0.0049301561216105174
681857,"Olson, Reese","Pit",116,812,812,586,14.617,226,14.617,0.39901477832512317,0.6009852216748769,0
605200,"Davies, Zach","Pit",109,767,767,465,14.617,302,14.617,0.36897001303780963,0.6284224250325945,0.002607561929595828
608566,"Márquez, Germán","Pit",115,1203,1203,810,14.622,393,14.622,0.37489609310058186,0.6026600166251039,0.022443890274314215
446321,"Detwiler, Ross","Pit",120,500,500,267,14.626,233,14.626,0.308,0.67,0.022
502239,"Cahill, Trevor","Pit",109,1106,1106,752,14.626,354,14.626,0.37884267631103075,0.5904159132007233,0.03074141048824593
519344,"Tepesch, Nick","Pit",140,694,694,438,14.628,256,14.628,0.34870317002881845,0.6268011527377522,0.024495677233429394
543859,"Tonkin, Michael","Pit",144,547,547,338,14.632,209,14.632,0.36380255941499084,0.6307129798903108,0.005484460694698354
675627,"Grove, Michael","Pit",119,344,344,197,14.632,147,14.632,0.3430232558139535,0.6511627906976745,0.005813953488372093
570649,"Ventura, Yordano","Pit",118,1323,1323,862,14.633,461,14.633,0.35978835978835977,0.6099773242630385,0.030234315948601664
445926,"Chavez, Jesse","Pit",133,1117,1117,690,14.636,427,14.636,0.34735899731423453,0.6320501342882722,0.020590868397493287
608032,"Estévez, Carlos","Pit",143,339,339,218,14.638,121,14.638,0.415929203539823,0.5781710914454278,0.0058997050147492625
554430,"Wheeler, Zack","Pit",121,1272,1272,860,14.648,412,14.648,0.3694968553459119,0.5959119496855346,0.03459119496855346
606131,"Perdomo, Luis","Pit",135,1175,1175,749,14.648,426,14.648,0.3497872340425532,0.6212765957446809,0.02893617021276596
621107,"Eflin, Zach","Pit",143,893,893,591,14.648,302,14.648,0.3639417693169093,0.6248600223964166,0.011198208286674132
502190,"Leake, Mike","Pit",109,1342,1342,894,14.648,448,14.648,0.3710879284649776,0.5961251862891207,0.03278688524590164
488768,"Cashner, Andrew","Pit",135,812,812,549,14.65,263,14.65,0.3854679802955665,0.5960591133004927,0.01847290640394089
622491,"Castillo, Luis","Pit",113,502,502,320,14.651,182,14.651,0.3605577689243028,0.6095617529880478,0.029880478087649404
424324,"Lee, Cliff","Pit",143,591,591,344,14.653,247,14.653,0.3299492385786802,0.6531302876480541,0.01692047377326565
683769,"Gaddis, Hunter","Pit",114,442,442,321,14.653,121,14.653,0.4343891402714932,0.5656108597285068,0
680704,"Sandlin, Nick","Pit",114,350,350,162,14.655,188,14.655,0.26,0.7171428571428572,0.022857142857142857
605288,"Houser, Adrian","Pit",158,402,402,268,14.656,134,14.656,0.36069651741293535,0.6094527363184079,0.029850746268656716
543734,"Rusin, Chris","Pit",112,474,474,340,14.658,134,14.658,0.3924050632911392,0.580168776371308,0.027426160337552744
592791,"Taillon, Jameson","Pit",112,1092,1092,724,14.661,368,14.661,0.38278388278388276,0.6144688644688645,0.0027472527472527475
548389,"Stripling, Ross","Pit",133,603,603,369,14.664,234,14.664,0.36650082918739635,0.6318407960199005,0.001658374792703151
471911,"Carrasco, Carlos","Pit",114,704,704,465,14.667,239,14.667,0.421875,0.5767045454545454,0.0014204545454545455
676775,"Winn, Keaton","Pit",137,342,342,241,14.673,101,14.673,0.4152046783625731,0.5847953216374269,0
664747,"Díaz, Alexis","Pit",113,418,418,231,14.675,187,14.675,0.48325358851674644,0.5119617224880383,0.004784688995215311
572143,"Smith, Burch","Pit",110,364,364,201,14.677,163,14.677,0.33516483516483514,0.6538461538461539,0.01098901098901099
425532,"Williams, Jerome","Pit",108,1148,1148,800,14.68,348,14.68,0.37456445993031356,0.5696864111498258,0.05574912891986063
676130,"Buttó, José","Pit",121,334,334,210,14.68,124,14.68,0.3592814371257485,0.6377245508982036,0.0029940119760479044
605200,"Davies, Zach","Pit",158,1519,1519,991,14.681,528,14.681,0.3548387096774194,0.6010533245556287,0.044107965766951945
596057,"Norris, Daniel","Pit",116,371,371,247,14.681,124,14.681,0.3881401617250674,0.5929919137466307,0.018867924528301886
656222,"Beeks, Jalen","Pit",139,388,388,245,14.681,143,14.681,0.34536082474226804,0.6262886597938144,0.028350515463917526
676606,"Margevicius, Nick","Pit",135,432,432,306,14.681,126,14.681,0.3888888888888889,0.5902777777777778,0.020833333333333332
446899,"Ziegler, Brad","Pit",109,496,496,302,14.681,194,14.681,0.3225806451612903,0.6451612903225806,0.03225806451612903
641816,"Mahle, Tyler","Pit",113,943,943,588,14.681,355,14.681,0.34994697773064687,0.6256627783669141,0.024390243902439025
592314,"Foltynewicz, Mike","Pit",144,1502,1502,978,14.681,524,14.681,0.3641810918774967,0.6171770972037284,0.018641810918774968
421685,"Harang, Aaron","Pit",144,1437,1437,907,14.682,530,14.682,0.3409881697981907,0.6235212247738344,0.03549060542797495
570632,"Ureña, José","Pit",146,1374,1374,919,14.682,455,14.682,0.3813682678311499,0.5800582241630277,0.03857350800582242
607200,"Fedde, Erick","Pit",120,635,635,400,14.682,235,14.682,0.3606299212598425,0.6204724409448819,0.01889763779527559
622075,"Almonte, Yency","Pit",119,383,383,224,14.683,159,14.683,0.3968668407310705,0.6031331592689295,0
593372,"Martinez, Carlos","Pit",138,1288,1288,811,14.683,477,14.683,0.37267080745341613,0.5201863354037267,0.10714285714285714
477003,"Niese, Jonathon","Pit",121,934,934,578,14.686,356,14.686,0.3875802997858672,0.5546038543897216,0.057815845824411134
456167,"Griffin, A.J.","Pit",140,998,998,686,14.691,312,14.691,0.3867735470941884,0.5711422845691383,0.04208416833667335
434643,"Rodriguez, Wandy","Pit",134,497,497,336,14.698,161,14.698,0.38028169014084506,0.5774647887323944,0.04225352112676056
642547,"Peralta, Freddy","Pit",158,1262,1262,861,14.698,401,14.698,0.3795562599049128,0.6188589540412044,0.001584786053882726
676974,"Meyer, Max","Pit",146,416,416,287,14.702,129,14.702,0.3894230769230769,0.5985576923076923,0.01201923076923077
571927,"Matz, Steven","Pit",121,295,295,204,14.703,91,14.703,0.3694915254237288,0.6203389830508474,0.010169491525423728
668868,"Thompson, Zack","Pit",138,562,562,361,14.71,201,14.71,0.38434163701067614,0.6103202846975089,0.005338078291814947
543294,"Hendricks, Kyle","Pit",112,1367,1367,948,14.711,419,14.711,0.3928310168251646,0.5435259692757864,0.06364301389904901
476589,"Warren, Adam","Pit",147,616,616,377,14.712,239,14.712,0.3262987012987013,0.6477272727272727,0.025974025974025976
592836,"Walker, Taijuan","Pit",109,1291,1291,845,14.714,446,14.714,0.35398915569326106,0.6158017041053447,0.030209140201394268
519455,"Zimmermann, Jordan","Pit",116,955,955,662,14.715,293,14.715,0.387434554973822,0.5685863874345549,0.04397905759162304
605498,"Suárez, Andrew","Pit",137,1182,1182,824,14.715,358,14.715,0.38578680203045684,0.5989847715736041,0.015228426395939087
656271,"Burke, Brock","Pit",140,349,349,214,14.719,135,14.719,0.34097421203438394,0.6561604584527221,0.0028653295128939827
592767,"Smyly, Drew","Pit",112,421,421,287,14.719,134,14.719,0.3847980997624703,0.6104513064133017,0.004750593824228029
622065,"Young, Alex","Pit",109,355,355,260,14.723,95,14.723,0.3971830985915493,0.5802816901408451,0.022535211267605635
650633,"King, Michael","Pit",135,1352,1352,866,14.724,486,14.724,0.3557692307692308,0.6390532544378699,0.005177514792899409
450203,"Morton, Charlie","Pit",144,1203,1203,776,14.727,427,14.727,0.3690773067331671,0.6275976724854531,0.0033250207813798837
547179,"Lorenzen, Michael","Pit",143,1028,1028,678,14.728,350,14.728,0.42509727626459143,0.5749027237354085,0
468504,"Chacín, Jhoulys","Pit",115,1389,1389,870,14.73,519,14.73,0.3354931605471562,0.6148308135349172,0.04967602591792657
518748,"Grimm, Justin","Pit",112,809,809,533,14.731,276,14.731,0.3535228677379481,0.6069221260815822,0.03955500618046971
542881,"Anderson, Tyler","Pit",108,987,987,614,14.735,373,14.735,0.3738601823708207,0.6210739614994935,0.005065856129685917
150414,"Westbrook, Jake","Pit",138,880,880,543,14.737,337,14.737,0.33636363636363636,0.6261363636363636,0.0375
657612,"Hill, Tim","Pit",147,435,435,231,14.737,204,14.737,0.49195402298850577,0.5057471264367817,0.0022988505747126436
682610,"Muñoz, Roddery","Pit",146,671,671,465,14.738,206,14.738,0.36363636363636365,0.6289120715350224,0.007451564828614009
533167,"Shoemaker, Matt","Pit",108,983,983,722,14.738,261,14.738,0.392675483214649,0.5778229908443541,0.029501525940996948
669373,"Skubal, Tarik","Pit",116,1142,1142,786,14.744,356,14.744,0.36952714535901926,0.6164623467600701,0.014010507880910683
571927,"Matz, Steven","Pit",121,982,982,666,14.746,316,14.746,0.38085539714867617,0.5784114052953157,0.04073319755600815
593372,"Martinez, Carlos","Pit",138,563,563,328,14.746,235,14.746,0.3108348134991119,0.6216696269982238,0.0674955595026643
285079,"Dickey, R.A.","Pit",144,1271,1271,820,14.748,451,14.748,0.3697875688434304,0.6199842643587726,0.010228166797797011
518452,"Bettis, Chad","Pit",115,332,332,238,14.748,94,14.748,0.4036144578313253,0.5873493975903614,0.009036144578313253
571578,"Corbin, Patrick","Pit",109,1385,1385,929,14.748,456,14.748,0.35667870036101085,0.6129963898916968,0.03032490974729242
120485,"Pettitte, Andy","Pit",147,1326,1326,803,14.75,523,14.75,0.3288084464555053,0.6229260935143288,0.048265460030165915
656232,"Bielak, Brandon","Pit",117,635,635,389,14.75,246,14.75,0.38110236220472443,0.6188976377952756,0
676106,"Hancock, Emerson","Pit",136,429,429,283,14.75,146,14.75,0.3752913752913753,0.6223776223776224,0.002331002331002331
641793,"Littell, Zack","Pit",139,550,550,373,14.752,177,14.752,0.4018181818181818,0.5945454545454546,0.0036363636363636364
657141,"Yamamoto, Jordan","Pit",146,128,128,80,14.753,48,14.753,0.3359375,0.625,0.0390625
657508,"Baumann, Mike","Pit",146,433,433,229,14.754,204,14.754,0.418013856812933,0.5704387990762124,0.011547344110854504
623149,"Sewald, Paul","Pit",109,435,435,259,14.757,176,14.757,0.35402298850574715,0.6436781609195402,0.0022988505747126436
643338,"Green, Chad","Pit",141,339,339,224,14.757,115,14.757,0.39233038348082594,0.6076696165191741,0
450203,"Morton, Charlie","Pit",134,1132,1132,765,14.757,367,14.757,0.36395759717314485,0.5954063604240283,0.04063604240282685
592238,"Cumpton, Brandon","Pit",134,491,491,295,14.763,196,14.763,0.32790224032586557,0.6354378818737271,0.03665987780040733
666745,"Brito, Jhony","Pit",147,643,643,440,14.767,203,14.767,0.37636080870917576,0.6236391912908242,0
693821,"Elder, Bryce","Pit",144,400,400,280,14.772,120,14.772,0.3625,0.6075,0.03
506693,"Alvarez III, Henderson","Pit",146,676,676,446,14.775,230,14.775,0.35502958579881655,0.5887573964497042,0.05621301775147929
519242,"Sale, Chris","Pit",145,1234,1234,848,14.777,386,14.777,0.3727714748784441,0.606969205834684,0.02025931928687196
571510,"Boyd, Matthew","Pit",116,1345,1345,926,14.781,419,14.781,0.36505576208178436,0.6022304832713755,0.03271375464684015
517414,"Delgado, Randall","Pit",109,860,860,622,14.781,238,14.781,0.3883720930232558,0.5802325581395349,0.031395348837209305
641771,"Kuhl, Chad","Pit",134,690,690,437,14.781,253,14.781,0.336231884057971,0.6231884057971014,0.04057971014492753
622663,"Severino, Luis","Pit",147,1364,1364,927,14.782,437,14.782,0.3592375366568915,0.5982404692082112,0.04252199413489736
643511,"Rogers, Tyler","Pit",137,485,485,306,14.783,179,14.783,0.36907216494845363,0.6247422680412371,0.006185567010309278
608379,"Wacha, Michael","Pit",138,1024,1024,643,14.783,381,14.783,0.3447265625,0.5869140625,0.068359375
501985,"Minor, Mike","Pit",144,1469,1469,1025,14.789,444,14.789,0.3750850918992512,0.5976855003403676,0.02722940776038121
665621,"García, Rony","Pit",116,427,427,317,14.793,110,14.793,0.39344262295081966,0.585480093676815,0.02107728337236534
543022,"Chatwood, Tyler","Pit",115,825,825,555,14.796,270,14.796,0.3527272727272727,0.6084848484848485,0.03878787878787879
571510,"Boyd, Matthew","Pit",116,495,495,308,14.797,187,14.797,0.33535353535353535,0.6424242424242425,0.022222222222222223
461829,"González, Gio","Pit",120,1575,1575,998,14.799,577,14.799,0.34793650793650793,0.6336507936507937,0.018412698412698412
445170,"Redmond, Todd","Pit",141,518,518,292,14.803,226,14.803,0.2972972972972973,0.6911196911196911,0.011583011583011582
592767,"Smyly, Drew","Pit",139,505,505,372,14.803,133,14.803,0.4079207920792079,0.5366336633663367,0.055445544554455446
592791,"Taillon, Jameson","Pit",112,1095,1095,735,14.804,360,14.804,0.3561643835616438,0.6438356164383562,0
606303,"Payamps, Joel","Pit",158,508,508,336,14.809,172,14.809,0.42913385826771655,0.5688976377952756,0.001968503937007874
641154,"López, Pablo","Pit",146,798,798,521,14.814,277,14.814,0.3508771929824561,0.6165413533834586,0.03258145363408521
622663,"Severino, Luis","Pit",147,1366,1366,932,14.814,434,14.814,0.35871156661786235,0.6076134699853587,0.03367496339677892
605154,"Brebbia, John","Pit",138,530,530,307,14.815,223,14.815,0.3132075471698113,0.6358490566037736,0.0509433962264151
593334,"Germán, Domingo","Pit",147,636,636,410,14.815,226,14.815,0.33962264150943394,0.6179245283018868,0.04245283018867924
543548,"Milone, Tommy","Pit",136,794,794,584,14.815,210,14.815,0.3879093198992443,0.5919395465994962,0.020151133501259445
596001,"Junis, Jakob","Pit",118,1317,1317,863,14.815,454,14.815,0.360668185269552,0.6082004555808656,0.031131359149582385
672282,"Detmers, Reid","Pit",108,642,642,428,14.815,214,14.815,0.3660436137071651,0.6308411214953271,0.003115264797507788
285079,"Dickey, R.A.","Pit",141,1224,1224,807,14.816,417,14.816,0.4076797385620915,0.5612745098039216,0.03104575163398693
543155,"Fife, Stephen","Pit",119,438,438,255,14.818,183,14.818,0.317351598173516,0.6278538812785388,0.0547945205479452
656629,"Kopech, Michael","Pit",119,486,486,291,14.819,195,14.819,0.3148148148148148,0.676954732510288,0.00823045267489712
676254,"Walker, Ryan","Pit",137,554,554,330,14.821,224,14.821,0.41155234657039713,0.5848375451263538,0.0036101083032490976
596295,"Gomber, Austin","Pit",138,258,258,151,14.826,107,14.826,0.3178294573643411,0.6666666666666666,0.015503875968992248
657514,"Bernardino, Brennan","Pit",111,431,431,253,14.83,178,14.83,0.37122969837587005,0.62877030162413,0
615698,"Quantrill, Cal","Pit",114,1304,1304,866,14.835,438,14.835,0.348159509202454,0.6234662576687117,0.028374233128834355
573186,"Stroman, Marcus","Pit",112,1004,1004,660,14.836,344,14.836,0.3565737051792829,0.6434262948207171,0
656849,"Peterson, David","Pit",121,885,885,550,14.84,335,14.84,0.327683615819209,0.655367231638418,0.01694915254237288
666159,"Manning, Matt","Pit",116,545,545,383,14.842,162,14.842,0.3871559633027523,0.6091743119266055,0.003669724770642202
474463,"Anderson, Brett","Pit",119,1294,1294,910,14.842,384,14.842,0.3979907264296754,0.5386398763523956,0.0633693972179289
666142,"Ragans, Cole","Pit",118,665,665,408,14.843,257,14.843,0.3368421052631579,0.6631578947368421,0
548357,"Bergman, Christian","Pit",115,511,511,334,14.846,177,14.846,0.3776908023483366,0.5538160469667319,0.0684931506849315
449173,"Harrell, Lucas","Pit",140,402,402,238,14.847,164,14.847,0.32587064676616917,0.6144278606965174,0.05970149253731343
596001,"Junis, Jakob","Pit",118,1360,1360,864,14.848,496,14.848,0.3338235294117647,0.6316176470588235,0.03455882352941177
592791,"Taillon, Jameson","Pit",134,1053,1053,634,14.848,419,14.848,0.3124406457739791,0.6571699905033238,0.030389363722697058
592767,"Smyly, Drew","Pit",143,987,987,636,14.848,351,14.848,0.3383991894630192,0.6170212765957447,0.044579533941236066
502327,"Santiago, Héctor","Pit",145,354,354,197,14.849,157,14.849,0.288135593220339,0.6440677966101694,0.06779661016949153
650633,"King, Michael","Pit",147,228,228,140,14.85,88,14.85,0.3157894736842105,0.6140350877192983,0.07017543859649122
607536,"Freeland, Kyle","Pit",115,1032,1032,676,14.853,356,14.853,0.3498062015503876,0.6443798449612403,0.005813953488372093
554431,"Matzek, Tyler","Pit",115,774,774,522,14.854,252,14.854,0.35917312661498707,0.5956072351421189,0.04521963824289406
669373,"Skubal, Tarik","Pit",116,257,257,180,14.859,77,14.859,0.3657587548638132,0.6147859922178989,0.019455252918287938
592836,"Walker, Taijuan","Pit",136,1233,1233,894,14.862,339,14.862,0.3933495539334955,0.5547445255474452,0.05190592051905921
450729,"Fister, Doug","Pit",116,1655,1655,1060,14.867,595,14.867,0.34984894259818733,0.6265861027190333,0.023564954682779457
657508,"Baumann, Mike","Pit",110,446,446,242,14.869,204,14.869,0.34080717488789236,0.647982062780269,0.011210762331838564
543037,"Cole, Gerrit","Pit",147,1388,1388,992,14.873,396,14.873,0.3861671469740634,0.6087896253602305,0.005043227665706052
642233,"Yardley, Eric","Pit",158,202,202,118,14.875,84,14.875,0.32673267326732675,0.6584158415841584,0.01485148514851485
461833,"Hughes, Phil","Pit",147,1128,1128,730,14.879,398,14.879,0.3280141843971631,0.62322695035461,0.04875886524822695
431148,"Kazmir, Scott","Pit",114,1212,1212,763,14.88,449,14.88,0.3234323432343234,0.6386138613861386,0.037953795379537955
448179,"Hill, Rich","Pit",119,961,961,645,14.881,316,14.881,0.35691987513007284,0.6233090530697191,0.019771071800208116
573185,"Straily, Dan","Pit",146,956,956,684,14.882,272,14.882,0.3723849372384937,0.5899581589958159,0.03765690376569038
592170,"Bridwell, Parker","Pit",108,814,814,595,14.882,219,14.882,0.3746928746928747,0.6031941031941032,0.022113022113022112
605154,"Brebbia, John","Pit",138,339,339,217,14.882,122,14.882,0.3303834808259587,0.6194690265486725,0.05014749262536873
670912,"Oviedo, Johan","Pit",134,1356,1356,841,14.885,515,14.885,0.32890855457227136,0.6644542772861357,0.00663716814159292
656412,"Faedo, Alex","Pit",116,463,463,340,14.885,123,14.885,0.3801295896328294,0.6198704103671706,0
606131,"Perdomo, Luis","Pit",135,133,133,68,14.887,65,14.887,0.2631578947368421,0.7142857142857143,0.022556390977443608
518452,"Bettis, Chad","Pit",115,1465,1465,929,14.891,536,14.891,0.3453924914675768,0.5863481228668942,0.06825938566552901
548384,"Raley, Brooks","Pit",121,467,467,274,14.893,193,14.893,0.3576017130620985,0.6381156316916489,0.004282655246252677
622072,"Wood, Alex","Pit",137,1023,1023,656,14.895,367,14.895,0.3333333333333333,0.6109481915933529,0.05571847507331378
645261,"Alcantara, Sandy","Pit",146,1272,1272,896,14.896,376,14.896,0.36163522012578614,0.5935534591194969,0.04481132075471698
664641,"Miranda, Aríel","Pit",136,418,418,309,14.898,109,14.898,0.3875598086124402,0.5741626794258373,0.03827751196172249
571945,"Mikolas, Miles","Pit",138,1449,1449,1021,14.902,428,14.902,0.36645962732919257,0.6052449965493444,0.028295376121463076
666205,"Muller, Kyle","Pit",133,615,615,386,14.905,229,14.905,0.34308943089430893,0.656910569105691,0
488984,"Hunter, Tommy","Pit",110,524,524,347,14.907,177,14.907,0.34541984732824427,0.6278625954198473,0.026717557251908396
571527,"Buchanan, David","Pit",143,559,559,309,14.911,250,14.911,0.32379248658318427,0.6046511627906976,0.07155635062611806
543699,"Roark, Tanner","Pit",120,1365,1365,981,14.914,384,14.914,0.37142857142857144,0.6051282051282051,0.023443223443223443
668676,"Plesac, Zach","Pit",114,861,861,610,14.915,251,14.915,0.3588850174216028,0.6144018583042973,0.026713124274099883
645261,"Alcantara, Sandy","Pit",146,1346,1346,879,14.915,467,14.915,0.3410104011887073,0.6181277860326895,0.04086181277860327
458708,"Tomlin, Josh","Pit",114,929,929,655,14.915,274,14.915,0.36167922497308935,0.6146393972012917,0.023681377825618945
430912,"Cain, Matt","Pit",137,1014,1014,580,14.915,434,14.915,0.29289940828402367,0.6775147928994083,0.029585798816568046
608379,"Wacha, Michael","Pit",138,999,999,653,14.915,346,14.915,0.33433433433433435,0.6296296296296297,0.036036036036036036
621052,"Reyes, Alex","Pit",138,365,365,208,14.919,157,14.919,0.3232876712328767,0.6027397260273972,0.07397260273972603
488768,"Cashner, Andrew","Pit",135,1208,1208,856,14.92,352,14.92,0.3650662251655629,0.6142384105960265,0.020695364238410598
641745,"Keller, Brad","Pit",118,1040,1040,633,14.923,407,14.923,0.3144230769230769,0.6596153846153846,0.025961538461538463
642397,"Soto, Gregory","Pit",110,421,421,226,14.927,195,14.927,0.38004750593824227,0.6128266033254157,0.007125890736342043
656629,"Kopech, Michael","Pit",145,1108,1108,698,14.928,410,14.928,0.3231046931407942,0.6723826714801444,0.004512635379061372
518774,"Harvey, Matt","Pit",121,1182,1182,851,14.928,331,14.928,0.3663282571912014,0.6023688663282571,0.031302876480541454
622072,"Wood, Alex","Pit",144,613,613,360,14.936,253,14.936,0.30179445350734097,0.6606851549755302,0.037520391517128875
571561,"Cingrani, Tony","Pit",113,873,873,580,14.939,293,14.939,0.3459335624284078,0.6231386025200458,0.030927835051546393
608371,"Sims, Lucas","Pit",111,407,407,210,14.943,197,14.943,0.35872235872235875,0.6339066339066339,0.007371007371007371
592836,"Walker, Taijuan","Pit",136,1032,1032,717,14.943,315,14.943,0.37112403100775193,0.5707364341085271,0.05813953488372093
607074,"Rodón, Carlos","Pit",147,1304,1304,884,14.945,420,14.945,0.35429447852760737,0.6411042944785276,0.004601226993865031
605200,"Davies, Zach","Pit",158,1328,1328,898,14.948,430,14.948,0.34262048192771083,0.634789156626506,0.022590361445783132
621244,"Berríos, José","Pit",142,1341,1341,932,14.948,409,14.948,0.35272184936614465,0.6174496644295302,0.02982848620432513
456501,"Cueto, Johnny","Pit",137,1115,1115,681,14.948,434,14.948,0.32107623318385653,0.6089686098654709,0.06995515695067264
657141,"Yamamoto, Jordan","Pit",146,657,657,452,14.949,205,14.949,0.3531202435312024,0.6057838660578386,0.0410958904109589
663568,"Kolek, Stephen","Pit",135,349,349,173,14.95,176,14.95,0.2979942693409742,0.6991404011461319,0.0028653295128939827
425532,"Williams, Jerome","Pit",143,798,798,534,14.951,264,14.951,0.3408521303258145,0.6102756892230576,0.04887218045112782
643778,"Webb, Tyler","Pit",138,142,142,68,14.955,74,14.955,0.33098591549295775,0.6619718309859155,0.007042253521126761
276520,"Arroyo, Bronson","Pit",109,594,594,395,14.956,199,14.956,0.3451178451178451,0.6279461279461279,0.026936026936026935
669194,"Nelson, Ryne","Pit",109,1020,1020,632,14.96,388,14.96,0.3176470588235294,0.6784313725490196,0.00392156862745098
641793,"Littell, Zack","Pit",139,1030,1030,680,14.961,350,14.961,0.3533980582524272,0.6446601941747573,0.001941747572815534
677053,"Nardi, Andrew","Pit",146,378,378,203,14.965,175,14.965,0.4074074074074074,0.58994708994709,0.0026455026455026454
434643,"Rodriguez, Wandy","Pit",140,794,794,459,14.966,335,14.966,0.3501259445843829,0.5654911838790933,0.08438287153652393
489294,"Scheppers, Tanner","Pit",140,433,433,290,14.966,143,14.966,0.3441108545034642,0.6120092378752887,0.04387990762124711
650644,"Civale, Aaron","Pit",114,567,567,349,14.97,218,14.97,0.30864197530864196,0.656084656084656,0.03527336860670194
676272,"Miller, Bobby","Pit",119,452,452,283,14.97,169,14.97,0.3252212389380531,0.672566371681416,0.0022123893805309734
434622,"Jiménez, Ubaldo","Pit",114,1475,1475,938,14.97,537,14.97,0.3342372881355932,0.6352542372881356,0.030508474576271188
663372,"Feltner, Ryan","Pit",115,359,359,192,14.971,167,14.971,0.3008356545961003,0.6852367688022284,0.013927576601671309
593958,"Rodriguez, Eduardo","Pit",111,945,945,600,14.974,345,14.974,0.35873015873015873,0.5608465608465608,0.08042328042328042
657093,"Watkins, Spenser","Pit",110,738,738,460,14.975,278,14.975,0.3116531165311653,0.6598915989159891,0.028455284552845527
453214,"Wright, Steven","Pit",111,584,584,395,14.976,189,14.976,0.3715753424657534,0.583904109589041,0.04452054794520548
686730,"Spiers, Carson","Pit",113,694,694,397,14.98,297,14.98,0.3069164265129683,0.6930835734870316,0
543045,"Conley, Adam","Pit",146,327,327,215,14.981,112,14.981,0.3516819571865443,0.6269113149847095,0.021406727828746176
656605,"Keller, Mitch","Pit",134,1236,1236,762,14.981,474,14.981,0.3098705501618123,0.6650485436893204,0.025080906148867314
657024,"Swanson, Erik","Pit",136,447,447,306,14.982,141,14.982,0.348993288590604,0.6442953020134228,0.006711409395973154
676684,"Vest, Will","Pit",116,338,338,224,14.982,114,14.982,0.35798816568047337,0.6420118343195266,0
519455,"Zimmermann, Jordan","Pit",116,865,865,533,14.982,332,14.982,0.3132947976878613,0.6485549132947976,0.03815028901734104
445170,"Redmond, Todd","Pit",141,616,616,469,14.983,147,14.983,0.3847402597402597,0.5909090909090909,0.024350649350649352
592767,"Smyly, Drew","Pit",139,1171,1171,861,14.985,310,14.985,0.37233134073441504,0.5935098206660974,0.034158838599487616
676596,"Fleming, Josh","Pit",139,218,218,167,14.986,51,14.986,0.3853211009174312,0.5963302752293578,0.01834862385321101
641482,"Cortes, Nestor","Pit",147,1091,1091,802,14.99,289,14.99,0.3703024747937672,0.5957836846929423,0.03391384051329056
645261,"Alcantara, Sandy","Pit",146,296,296,201,14.991,95,14.991,0.34797297297297297,0.5912162162162162,0.060810810810810814
429717,"Haren, Dan","Pit",112,1413,1413,1020,14.999,393,14.999,0.402689313517339,0.5357395612172682,0.06157112526539278
656427,"Flaherty, Jack","Pit",119,1144,1144,810,15.001,334,15.001,0.361013986013986,0.6381118881118881,0.0008741258741258741
628452,"Iglesias, Raisel","Pit",113,136,136,63,15.004,73,15.004,0.23529411764705882,0.7352941176470589,0.029411764705882353
669713,"Wesneski, Hayden","Pit",112,689,689,458,15.005,231,15.005,0.33381712626995647,0.6647314949201741,0.001451378809869376
641712,"Hudson, Dakota","Pit",115,728,728,441,15.005,287,15.005,0.3021978021978022,0.6923076923076923,0.005494505494505495
608032,"Estévez, Carlos","Pit",108,450,450,243,15.006,207,15.006,0.32,0.68,0
150302,"Marquis, Jason","Pit",113,361,361,236,15.007,125,15.007,0.33518005540166207,0.5789473684210527,0.08587257617728532
456501,"Cueto, Johnny","Pit",137,842,842,520,15.007,322,15.007,0.333729216152019,0.6175771971496437,0.048693586698337295
607192,"Glasnow, Tyler","Pit",119,845,845,627,15.008,218,15.008,0.40710059171597635,0.5893491124260355,0.0035502958579881655
607259,"Martinez, Nick","Pit",113,887,887,611,15.009,276,15.009,0.3528748590755355,0.6459977452085682,0.0011273957158962795
446372,"Kluber, Corey","Pit",111,431,431,266,15.012,165,15.012,0.3062645011600928,0.6890951276102089,0.004640371229698376
543101,"DeSclafani, Anthony","Pit",113,826,826,614,15.015,212,15.015,0.37167070217917675,0.6041162227602905,0.024213075060532687
623149,"Sewald, Paul","Pit",121,530,530,301,15.015,229,15.015,0.28867924528301886,0.6849056603773584,0.026415094339622643
475115,"Ross, Tyson","Pit",138,1234,1234,847,15.015,387,15.015,0.3395461912479741,0.6320907617504052,0.028363047001620744
502327,"Santiago, Héctor","Pit",142,594,594,375,15.015,219,15.015,0.31313131313131315,0.632996632996633,0.05387205387205387
572362,"Erlin, Robbie","Pit",135,388,388,249,15.019,139,15.019,0.3324742268041237,0.6262886597938144,0.041237113402061855
471911,"Carrasco, Carlos","Pit",121,718,718,433,15.021,285,15.021,0.3328690807799443,0.6643454038997214,0.002785515320334262
450203,"Morton, Charlie","Pit",134,787,787,491,15.03,296,15.03,0.3087674714104193,0.6632782719186785,0.02795425667090216
683155,"Estes, Joey","Pit",133,800,800,515,15.033,285,15.033,0.32875,0.66875,0.0025
664045,"Eshelman, Thomas","Pit",110,243,243,157,15.033,86,15.033,0.31275720164609055,0.6748971193415638,0.012345679012345678
663947,"Holton, Tyler","Pit",116,598,598,403,15.034,195,15.034,0.36622073578595316,0.6337792642140468,0
543101,"DeSclafani, Anthony","Pit",113,276,276,164,15.035,112,15.035,0.29347826086956524,0.6340579710144928,0.07246376811594203
666619,"Santos, Gregory","Pit",145,439,439,219,15.036,220,15.036,0.31890660592255127,0.6742596810933941,0.00683371298405467
623211,"Brazobán, Huascar","Pit",146,422,422,233,15.043,189,15.043,0.3009478672985782,0.6895734597156398,0.009478672985781991
658648,"Avila, Pedro","Pit",114,615,615,383,15.047,232,15.047,0.3105691056910569,0.6861788617886179,0.0032520325203252032
543475,"Lyles, Jordan","Pit",158,641,641,431,15.048,210,15.048,0.33853354134165364,0.6287051482059283,0.0327613104524181
592314,"Foltynewicz, Mike","Pit",144,1312,1312,767,15.048,545,15.048,0.3086890243902439,0.6753048780487805,0.01600609756097561
605151,"Bradley, Archie","Pit",109,580,580,334,15.048,246,15.048,0.2827586206896552,0.65,0.06724137931034482
608665,"Graveman, Kendall","Pit",133,324,324,200,15.048,124,15.048,0.30246913580246915,0.6296296296296297,0.06790123456790123
605151,"Bradley, Archie","Pit",109,546,546,317,15.048,229,15.048,0.2838827838827839,0.6391941391941391,0.07692307692307693
425386,"Guthrie, Jeremy","Pit",118,1619,1619,1046,15.051,573,15.051,0.3378628783199506,0.6491661519456454,0.012970969734403953
686752,"Pepiot, Ryan","Pit",139,947,947,631,15.053,316,15.053,0.337909186906019,0.6610348468848997,0.0010559662090813093
669438,"Englert, Mason","Pit",116,396,396,230,15.053,166,15.053,0.28535353535353536,0.7121212121212122,0.0025252525252525255
547943,"Ryu, Hyun Jin","Pit",141,370,370,228,15.067,142,15.067,0.2972972972972973,0.7027027027027027,0
592836,"Walker, Taijuan","Pit",121,1133,1133,801,15.073,332,15.073,0.3662842012356575,0.6063548102383054,0.02736098852603707
615698,"Quantrill, Cal","Pit",115,1155,1155,733,15.075,422,15.075,0.3116883116883117,0.683982683982684,0.004329004329004329
453311,"Lincecum, Tim","Pit",108,356,356,202,15.075,154,15.075,0.31741573033707865,0.6179775280898876,0.06460674157303371
605228,"Fernández, José","Pit",146,435,435,274,15.076,161,15.076,0.36091954022988504,0.5655172413793104,0.0735632183908046
614179,"Ruiz, José","Pit",143,344,344,198,15.078,146,15.078,0.3953488372093023,0.6046511627906976,0
605200,"Davies, Zach","Pit",158,1258,1258,863,15.08,395,15.08,0.3449920508744038,0.6001589825119237,0.054848966613672494
676962,"Brown, Ben","Pit",112,387,387,257,15.08,130,15.08,0.3281653746770026,0.6692506459948321,0.002583979328165375
518876,"Kelly, Merrill","Pit",109,489,489,353,15.08,136,15.08,0.3537832310838446,0.6441717791411042,0.002044989775051125
502190,"Leake, Mike","Pit",113,1389,1389,973,15.081,416,15.081,0.3491720662347012,0.597552195824334,0.05327573794096472
545333,"Bauer, Trevor","Pit",114,1552,1552,1041,15.082,511,15.082,0.3292525773195876,0.6262886597938144,0.04445876288659794
601713,"Pivetta, Nick","Pit",143,752,752,479,15.082,273,15.082,0.3390957446808511,0.6396276595744681,0.02127659574468085
607074,"Rodón, Carlos","Pit",145,557,557,341,15.082,216,15.082,0.29084380610412924,0.651705565529623,0.05745062836624776
642003,"Reed, Cody","Pit",113,339,339,193,15.082,146,15.082,0.32448377581120946,0.6519174041297935,0.02359882005899705
596295,"Gomber, Austin","Pit",138,562,562,313,15.082,249,15.082,0.27402135231316727,0.6957295373665481,0.030249110320284697
642003,"Reed, Cody","Pit",113,399,399,234,15.082,165,15.082,0.3208020050125313,0.6340852130325815,0.045112781954887216
570632,"Ureña, José","Pit",146,622,622,401,15.082,221,15.082,0.32315112540192925,0.6495176848874598,0.027331189710610933
605164,"Bundy, Dylan","Pit",110,1206,1206,769,15.082,437,15.082,0.31260364842454397,0.6674958540630183,0.01990049751243781
572143,"Smith, Burch","Pit",118,663,663,376,15.082,287,15.082,0.2956259426847662,0.6832579185520362,0.021116138763197588
625643,"López, Reynaldo","Pit",145,338,338,223,15.082,115,15.082,0.3165680473372781,0.5828402366863905,0.10059171597633136
544928,"Lyons, Tyler","Pit",138,450,450,301,15.087,149,15.087,0.37777777777777777,0.5533333333333333,0.06888888888888889
666142,"Ragans, Cole","Pit",118,1322,1322,913,15.089,409,15.089,0.3585476550680787,0.6369137670196672,0.0045385779122541605
656353,"Davidson, Tucker","Pit",118,368,368,183,15.09,185,15.09,0.23641304347826086,0.7635869565217391,0
666200,"Luzardo, Jesús","Pit",133,453,453,306,15.09,147,15.09,0.3465783664459161,0.6313465783664459,0.02207505518763797
607074,"Rodón, Carlos","Pit",145,1311,1311,794,15.091,517,15.091,0.32036613272311215,0.6018306636155606,0.07780320366132723
543475,"Lyles, Jordan","Pit",117,1152,1152,711,15.095,441,15.095,0.3098958333333333,0.6423611111111112,0.04774305555555555
622072,"Wood, Alex","Pit",137,1028,1028,659,15.097,369,15.097,0.316147859922179,0.646887159533074,0.03696498054474708
425532,"Williams, Jerome","Pit",143,879,879,567,15.097,312,15.097,0.3378839590443686,0.5972696245733788,0.06484641638225255
543475,"Lyles, Jordan","Pit",115,1021,1021,643,15.098,378,15.098,0.31341821743388837,0.643486777668952,0.043095004897159644
666168,"Thompson, Mason","Pit",120,418,418,229,15.099,189,15.099,0.2607655502392344,0.7344497607655502,0.004784688995215311
407890,"Lewis, Colby","Pit",140,1276,1276,808,15.1,468,15.1,0.3017241379310345,0.6763322884012539,0.0219435736677116
573185,"Straily, Dan","Pit",113,1357,1357,963,15.101,394,15.101,0.3640383198231393,0.5777450257921887,0.05821665438467207
465679,"Deduno, Samuel","Pit",142,875,875,532,15.104,343,15.104,0.29942857142857143,0.656,0.044571428571428574
607067,"Rea, Colin","Pit",158,1195,1195,778,15.106,417,15.106,0.3263598326359833,0.6719665271966527,0.0016736401673640166
621107,"Eflin, Zach","Pit",143,436,436,298,15.106,138,15.106,0.34174311926605505,0.6032110091743119,0.05504587155963303
596295,"Gomber, Austin","Pit",115,899,899,594,15.109,305,15.109,0.3147942157953281,0.6696329254727474,0.01557285873192436
621016,"Cuas, Jose","Pit",112,537,537,228,15.113,309,15.113,0.25884543761638734,0.7337057728119181,0.0074487895716946
461829,"González, Gio","Pit",145,312,312,165,15.114,147,15.114,0.2564102564102564,0.7243589743589743,0.019230769230769232
687330,"Kelly, Kevin","Pit",139,498,498,305,15.114,193,15.114,0.2991967871485944,0.6987951807228916,0.002008032128514056
596064,"Owens, Henry","Pit",111,477,477,300,15.114,177,15.114,0.32914046121593293,0.5744234800838575,0.09643605870020965
669456,"Bieber, Shane","Pit",114,1430,1430,1073,15.115,357,15.115,0.36083916083916084,0.6104895104895105,0.028671328671328673
663978,"Paddack, Chris","Pit",135,954,954,722,15.115,232,15.115,0.3689727463312369,0.6058700209643606,0.025157232704402517
605200,"Davies, Zach","Pit",158,556,556,384,15.115,172,15.115,0.33992805755395683,0.6241007194244604,0.03597122302158273
543294,"Hendricks, Kyle","Pit",112,1127,1127,779,15.115,348,15.115,0.33895297249334516,0.6282165039929015,0.032830523513753325
518876,"Kelly, Merrill","Pit",109,1172,1172,818,15.117,354,15.117,0.33447098976109213,0.6638225255972696,0.0017064846416382253
665622,"Medina, Luis","Pit",133,858,858,540,15.118,318,15.118,0.3135198135198135,0.6853146853146853,0.0011655011655011655
612434,"Castro, Miguel","Pit",109,483,483,301,15.121,182,15.121,0.37888198757763975,0.6190476190476191,0.002070393374741201
572020,"Paxton, James","Pit",136,567,567,356,15.123,211,15.123,0.30864197530864196,0.6525573192239859,0.03880070546737213
596057,"Norris, Daniel","Pit",116,535,535,370,15.124,165,15.124,0.3514018691588785,0.5495327102803739,0.09906542056074766
541640,"Ramírez, Erasmo","Pit",136,580,580,349,15.128,231,15.128,0.2913793103448276,0.6689655172413793,0.039655172413793106
554430,"Wheeler, Zack","Pit",143,1355,1355,940,15.129,415,15.129,0.33210332103321033,0.6634686346863469,0.004428044280442804
592346,"González, Chi Chi","Pit",140,492,492,330,15.134,162,15.134,0.3516260162601626,0.5548780487804879,0.09349593495934959
679525,"Marsh, Alec","Pit",118,950,950,607,15.135,343,15.135,0.3063157894736842,0.6905263157894737,0.003157894736842105
571670,"Floro, Dylan","Pit",109,500,500,339,15.136,161,15.136,0.32,0.678,0.002
572971,"Keuchel, Dallas","Pit",117,1179,1179,746,15.141,433,15.141,0.31212892281594573,0.6335877862595419,0.0542832909245123
656849,"Peterson, David","Pit",121,401,401,249,15.143,152,15.143,0.30423940149625933,0.6633416458852868,0.032418952618453865
605228,"Fernández, José","Pit",146,1379,1379,896,15.146,483,15.146,0.3604060913705584,0.5859318346627991,0.05366207396664249
429722,"Santana, Ervin","Pit",144,1293,1293,853,15.147,440,15.147,0.32791956689868523,0.6380510440835266,0.03402938901778809
475416,"Masterson, Justin","Pit",111,510,510,272,15.148,238,15.148,0.2823529411764706,0.6627450980392157,0.054901960784313725
493200,"Oh, Seunghwan","Pit",138,421,421,236,15.148,185,15.148,0.27078384798099764,0.66270783847981,0.0665083135391924
643410,"Leiter Jr., Mark","Pit",143,750,750,493,15.148,257,15.148,0.31333333333333335,0.6226666666666667,0.064
592229,"Covey, Dylan","Pit",143,333,333,204,15.149,129,15.149,0.2672672672672673,0.7327327327327328,0
548357,"Bergman, Christian","Pit",136,362,362,232,15.149,130,15.149,0.30662983425414364,0.6878453038674033,0.0055248618784530384
572020,"Paxton, James","Pit",136,1005,1005,686,15.149,319,15.149,0.32139303482587067,0.6587064676616915,0.01990049751243781
467100,"Nova, Iván","Pit",134,1128,1128,776,15.149,352,15.149,0.324468085106383,0.62677304964539,0.04875886524822695
502046,"Locke, Jeff","Pit",134,902,902,649,15.15,253,15.15,0.34811529933481156,0.6263858093126385,0.025498891352549888
421685,"Harang, Aaron","Pit",121,1055,1055,685,15.152,370,15.152,0.3080568720379147,0.6644549763033175,0.027488151658767772
669212,"Morgan, Eli","Pit",114,623,623,444,15.153,179,15.153,0.33386837881219905,0.6420545746388443,0.024077046548956663
681293,"Arrighetti, Spencer","Pit",117,1090,1090,682,15.153,408,15.153,0.3165137614678899,0.6779816513761467,0.005504587155963303
669302,"Gilbert, Logan","Pit",136,1329,1329,891,15.153,438,15.153,0.3295711060948081,0.6350639578630549,0.035364936042136946
608335,"Funkhouser, Kyle","Pit",116,151,151,86,15.157,65,15.157,0.26490066225165565,0.7019867549668874,0.033112582781456956
682120,"Herrin, Tim","Pit",114,433,433,280,15.159,153,15.159,0.3163972286374134,0.6836027713625866,0
592836,"Walker, Taijuan","Pit",141,435,435,302,15.16,133,15.16,0.3425287356321839,0.6436781609195402,0.013793103448275862
543408,"Koehler, Tom","Pit",146,1063,1063,684,15.163,379,15.163,0.3142050799623706,0.6481655691439323,0.03762935089369708
676710,"Crawford, Kutter","Pit",111,868,868,540,15.164,328,15.164,0.2926267281105991,0.706221198156682,0.001152073732718894
434578,"Saunders, Joe","Pit",110,407,407,217,15.167,190,15.167,0.25307125307125306,0.6928746928746928,0.05405405405405406
642397,"Soto, Gregory","Pit",143,427,427,255,15.167,172,15.167,0.3583138173302108,0.639344262295082,0.00234192037470726
671737,"Bradley, Taj","Pit",139,753,753,485,15.169,268,15.169,0.28818061088977426,0.7051792828685259,0.006640106241699867
429722,"Santana, Ervin","Pit",118,1435,1435,1031,15.17,404,15.17,0.35470383275261325,0.6181184668989547,0.027177700348432057
502211,"Bolsinger, Mike","Pit",109,411,411,254,15.173,157,15.173,0.30900243309002434,0.6496350364963503,0.0413625304136253
450203,"Morton, Charlie","Pit",134,905,905,633,15.175,272,15.175,0.37458563535911604,0.5469613259668509,0.07845303867403315
667755,"Soriano, José","Pit",108,776,776,496,15.176,280,15.176,0.30670103092783507,0.6907216494845361,0.002577319587628866
670970,"Morejon, Adrian","Pit",135,426,426,246,15.177,180,15.177,0.2652582159624413,0.7347417840375586,0
571946,"Miller, Shelby","Pit",138,1324,1324,858,15.181,466,15.181,0.31344410876132933,0.6163141993957704,0.0702416918429003
622072,"Wood, Alex","Pit",119,1397,1397,857,15.181,540,15.181,0.31567644953471724,0.5833929849677881,0.10093056549749463
501985,"Minor, Mike","Pit",140,1152,1152,773,15.181,379,15.181,0.3168402777777778,0.6545138888888888,0.028645833333333332
596133,"Weaver, Luke","Pit",138,485,485,316,15.182,169,15.182,0.30927835051546393,0.6721649484536083,0.018556701030927835
592866,"Williams, Trevor","Pit",134,1100,1100,701,15.182,399,15.182,0.2918181818181818,0.6636363636363637,0.04454545454545455
572020,"Paxton, James","Pit",136,1079,1079,736,15.182,343,15.182,0.32715477293790546,0.6552363299351252,0.017608897126969416
519043,"Moore, Matt","Pit",108,347,347,241,15.183,106,15.183,0.3371757925072046,0.6628242074927954,0
605151,"Bradley, Archie","Pit",109,327,327,214,15.187,113,15.187,0.3486238532110092,0.5504587155963303,0.10091743119266056
595191,"Eickhoff, Jerad","Pit",143,338,338,230,15.187,108,15.187,0.34911242603550297,0.5828402366863905,0.06804733727810651
675911,"Strider, Spencer","Pit",144,1195,1195,785,15.188,410,15.188,0.30962343096234307,0.6853556485355649,0.00502092050209205
670056,"Baragar, Caleb","Pit",137,146,146,65,15.189,81,15.189,0.2191780821917808,0.6917808219178082,0.08904109589041095
543272,"Hand, Brad","Pit",146,834,834,532,15.19,302,15.19,0.30815347721822545,0.658273381294964,0.03357314148681055
519242,"Sale, Chris","Pit",111,756,756,502,15.191,254,15.191,0.30687830687830686,0.6917989417989417,0.0013227513227513227
545363,"Turner, Jacob","Pit",146,826,826,566,15.195,260,15.195,0.324455205811138,0.6513317191283293,0.024213075060532687
445926,"Chavez, Jesse","Pit",140,161,161,94,15.197,67,15.197,0.2919254658385093,0.6708074534161491,0.037267080745341616
676282,"Cantillo, Joey","Pit",114,324,324,215,15.199,109,15.199,0.3333333333333333,0.6604938271604939,0.006172839506172839
656464,"Ginkel, Kevin","Pit",109,488,488,295,15.205,193,15.205,0.29713114754098363,0.7008196721311475,0.0020491803278688526
664353,"Urquidy, José","Pit",117,697,697,509,15.206,188,15.206,0.34433285509325684,0.6284074605451937,0.027259684361549498
543144,"Farquhar, Danny","Pit",136,407,407,274,15.208,133,15.208,0.33415233415233414,0.6339066339066339,0.03194103194103194
543507,"May, Trevor","Pit",142,376,376,217,15.211,159,15.211,0.27925531914893614,0.6648936170212766,0.05585106382978723
641835,"Mayza, Tim","Pit",147,332,332,192,15.213,140,15.213,0.2740963855421687,0.7198795180722891,0.006024096385542169
605154,"Brebbia, John","Pit",138,397,397,247,15.215,150,15.215,0.2947103274559194,0.6095717884130982,0.09571788413098237
429722,"Santana, Ervin","Pit",142,756,756,518,15.215,238,15.215,0.34523809523809523,0.5873015873015873,0.06746031746031746
607215,"Skoglund, Eric","Pit",118,496,496,329,15.215,167,15.215,0.3225806451612903,0.6471774193548387,0.03024193548387097
622766,"Díaz, Miguel","Pit",135,371,371,217,15.215,154,15.215,0.2695417789757412,0.6684636118598383,0.06199460916442048
450306,"Vargas, Jason","Pit",118,1438,1438,945,15.216,493,15.216,0.3031988873435327,0.6794158553546592,0.017385257301808066
687330,"Kelly, Kevin","Pit",139,522,522,284,15.216,238,15.216,0.2777777777777778,0.7164750957854407,0.005747126436781609
643493,"Pruitt, Austin","Pit",133,329,329,187,15.219,142,15.219,0.24924012158054712,0.7416413373860182,0.00911854103343465
543037,"Cole, Gerrit","Pit",147,649,649,436,15.22,213,15.22,0.32973805855161786,0.6640986132511556,0.0061633281972265025
554430,"Wheeler, Zack","Pit",143,1261,1261,882,15.221,379,15.221,0.3203806502775575,0.6740681998413958,0.0055511498810467885
573186,"Stroman, Marcus","Pit",141,989,989,687,15.224,302,15.224,0.32558139534883723,0.6521739130434783,0.022244691607684528
622503,"Crismatt, Nabil","Pit",135,466,466,311,15.226,155,15.226,0.3261802575107296,0.6523605150214592,0.02145922746781116
680767,"Vodnik, Victor","Pit",115,630,630,332,15.228,298,15.228,0.2714285714285714,0.7206349206349206,0.007936507936507936
592767,"Smyly, Drew","Pit",112,1050,1050,691,15.228,359,15.228,0.31238095238095237,0.6847619047619048,0.002857142857142857
663765,"Woodford, Jake","Pit",138,458,458,274,15.229,184,15.229,0.27510917030567683,0.722707423580786,0.002183406113537118
658648,"Avila, Pedro","Pit",135,394,394,277,15.231,117,15.231,0.32741116751269034,0.6700507614213198,0.0025380710659898475
607074,"Rodón, Carlos","Pit",145,1130,1130,712,15.232,418,15.232,0.3345132743362832,0.588495575221239,0.07699115044247788
502046,"Locke, Jeff","Pit",134,929,929,588,15.232,341,15.232,0.31969860064585576,0.604951560818084,0.07534983853606028
594835,"Gonzales, Marco","Pit",136,1273,1273,834,15.235,439,15.235,0.29850746268656714,0.6755695208169678,0.025923016496465043
456501,"Cueto, Johnny","Pit",137,530,530,345,15.237,185,15.237,0.32452830188679244,0.6169811320754717,0.05849056603773585
461829,"González, Gio","Pit",120,1206,1206,834,15.243,372,15.243,0.32669983416252074,0.6550580431177446,0.01824212271973466
502327,"Santiago, Héctor","Pit",108,1538,1538,1054,15.246,484,15.246,0.3511053315994798,0.5487646293888166,0.10013003901170352
676606,"Margevicius, Nick","Pit",136,326,326,229,15.246,97,15.246,0.31901840490797545,0.6687116564417178,0.012269938650306749
628333,"Despaigne, Odrisamer","Pit",146,439,439,263,15.248,176,15.248,0.30751708428246016,0.6605922551252847,0.03189066059225513
594835,"Gonzales, Marco","Pit",136,331,331,214,15.248,117,15.248,0.3081570996978852,0.6827794561933535,0.00906344410876133
594798,"deGrom, Jacob","Pit",121,1298,1298,954,15.249,344,15.249,0.35978428351309705,0.5932203389830508,0.04699537750385208
605182,"Clevinger, Mike","Pit",114,1050,1050,698,15.249,352,15.249,0.3038095238095238,0.6523809523809524,0.04380952380952381
450665,"Medlen, Kris","Pit",144,1322,1322,914,15.249,408,15.249,0.33055975794251136,0.6497730711043873,0.019667170953101363
623149,"Sewald, Paul","Pit",121,490,490,297,15.249,193,15.249,0.2979591836734694,0.6816326530612244,0.02040816326530612
570632,"Ureña, José","Pit",146,684,684,421,15.249,263,15.249,0.3230994152046784,0.6140350877192983,0.06286549707602339
670766,"McCaughan, Darren","Pit",146,335,335,167,15.251,168,15.251,0.23880597014925373,0.7582089552238805,0.0029850746268656717
677053,"Nardi, Andrew","Pit",146,406,406,230,15.256,176,15.256,0.30295566502463056,0.6945812807881774,0.0024630541871921183
571945,"Mikolas, Miles","Pit",138,329,329,211,15.26,118,15.26,0.3069908814589666,0.6717325227963525,0.02127659574468085
643230,"Brault, Steven","Pit",134,384,384,241,15.263,143,15.263,0.2786458333333333,0.6796875,0.041666666666666664
621074,"Rucker, Michael","Pit",112,341,341,208,15.263,133,15.263,0.35777126099706746,0.6422287390029325,0
664353,"Urquidy, José","Pit",117,447,447,288,15.264,159,15.264,0.30201342281879195,0.697986577181208,0
573124,"Rogers, Taylor","Pit",137,389,389,208,15.266,181,15.266,0.2467866323907455,0.7480719794344473,0.005141388174807198
425386,"Guthrie, Jeremy","Pit",118,1490,1490,936,15.27,554,15.27,0.3214765100671141,0.6577181208053692,0.02080536912751678
572020,"Paxton, James","Pit",136,546,546,359,15.272,187,15.272,0.33516483516483514,0.6117216117216118,0.05311355311355311
571946,"Miller, Shelby","Pit",144,1412,1412,916,15.275,496,15.275,0.330028328611898,0.5941926345609065,0.07577903682719547
501985,"Minor, Mike","Pit",113,822,822,516,15.276,306,15.276,0.2822384428223844,0.6751824817518248,0.04257907542579075
665620,"García, Deivi","Pit",147,216,216,143,15.278,73,15.278,0.30092592592592593,0.6527777777777778,0.046296296296296294
601713,"Pivetta, Nick","Pit",143,1117,1117,711,15.282,406,15.282,0.3025962399283796,0.6598030438675022,0.03760071620411817
593679,"Ynoa, Gabriel","Pit",110,808,808,535,15.282,273,15.282,0.3094059405940594,0.6707920792079208,0.019801980198019802
519141,"Pomeranz, Drew","Pit",158,910,910,624,15.282,286,15.282,0.3142857142857143,0.6406593406593407,0.045054945054945054
650644,"Civale, Aaron","Pit",158,1262,1262,843,15.282,419,15.282,0.3145800316957211,0.6838351822503962,0.001584786053882726
434538,"Liriano, Francisco","Pit",116,1101,1101,683,15.282,418,15.282,0.28247048138056313,0.6920980926430518,0.025431425976385105
678495,"Rodríguez, Randy","Pit",137,386,386,202,15.282,184,15.282,0.2927461139896373,0.694300518134715,0.012953367875647668
669302,"Gilbert, Logan","Pit",136,1191,1191,864,15.286,327,15.286,0.3333333333333333,0.6624685138539043,0.0041981528127623844
592789,"Syndergaard, Noah","Pit",114,613,613,416,15.287,197,15.287,0.28548123980424145,0.7128874388254486,0.0016313213703099511
702352,"Bivens, Spencer","Pit",137,360,360,248,15.291,112,15.291,0.32222222222222224,0.6777777777777778,0
543506,"Maurer, Brandon","Pit",136,688,688,423,15.294,265,15.294,0.30959302325581395,0.6453488372093024,0.04505813953488372
686539,"Cronin, Declan","Pit",146,500,500,266,15.294,234,15.294,0.25,0.748,0.002
677960,"Weathers, Ryan","Pit",135,769,769,558,15.294,211,15.294,0.3368010403120936,0.6345903771131339,0.02860858257477243
642092,"Smith, Riley","Pit",109,126,126,86,15.294,40,15.294,0.30158730158730157,0.6746031746031746,0.023809523809523808
501957,"Tillman, Chris","Pit",110,1606,1606,1113,15.296,493,15.296,0.3125778331257783,0.651307596513076,0.0361145703611457
572971,"Keuchel, Dallas","Pit",117,1445,1445,987,15.298,458,15.298,0.3356401384083045,0.639446366782007,0.02491349480968858
621244,"Berríos, José","Pit",142,537,537,306,15.3,231,15.3,0.30353817504655495,0.6350093109869647,0.061452513966480445
456501,"Cueto, Johnny","Pit",118,1482,1482,946,15.303,536,15.303,0.3434547908232119,0.5674763832658569,0.08906882591093117
571760,"Heaney, Andrew","Pit",119,540,540,380,15.303,160,15.303,0.31851851851851853,0.6685185185185185,0.012962962962962963
621107,"Eflin, Zach","Pit",143,708,708,501,15.303,207,15.303,0.3177966101694915,0.6398305084745762,0.0423728813559322
448179,"Hill, Rich","Pit",111,947,947,636,15.306,311,15.306,0.34318901795142553,0.6187961985216474,0.03801478352692714
676254,"Walker, Ryan","Pit",137,497,497,300,15.306,197,15.306,0.2655935613682093,0.7243460764587525,0.01006036217303823
543144,"Farquhar, Danny","Pit",136,481,481,300,15.31,181,15.31,0.30353430353430355,0.656964656964657,0.0395010395010395
691587,"Pérez, Eury","Pit",146,633,633,447,15.31,186,15.31,0.3127962085308057,0.684044233807267,0.00315955766192733
462382,"Johnson, Jim","Pit",144,470,470,301,15.315,169,15.315,0.2957446808510638,0.6872340425531915,0.01702127659574468
607219,"Romano, Sal","Pit",113,713,713,460,15.315,253,15.315,0.2861150070126227,0.664796633941094,0.04908835904628331
593423,"Montas, Frankie","Pit",133,446,446,294,15.315,152,15.315,0.2982062780269058,0.6681614349775785,0.033632286995515695
453385,"Richard, Clayton","Pit",135,1333,1333,868,15.315,465,15.315,0.3008252063015754,0.668417104276069,0.03075768942235559
672851,"Adon, Joan","Pit",120,552,552,300,15.315,252,15.315,0.24456521739130435,0.6956521739130435,0.059782608695652176
605288,"Houser, Adrian","Pit",158,862,862,575,15.316,287,15.316,0.29930394431554525,0.6879350348027842,0.012761020881670533
605156,"Brooks, Aaron","Pit",110,878,878,601,15.316,277,15.316,0.3109339407744875,0.6662870159453302,0.022779043280182234
543294,"Hendricks, Kyle","Pit",112,1432,1432,1044,15.32,388,15.32,0.3512569832402235,0.6033519553072626,0.04539106145251397
656794,"Newcomb, Sean","Pit",144,157,157,101,15.322,56,15.322,0.2929936305732484,0.7070063694267515,0
622491,"Castillo, Luis","Pit",136,1130,1130,745,15.325,385,15.325,0.30973451327433627,0.6743362831858407,0.01592920353982301
458681,"Lynn, Lance","Pit",119,1372,1372,872,15.326,500,15.326,0.2755102040816326,0.7237609329446064,0.0007288629737609329
518420,"Axelrod, Dylan","Pit",145,1078,1078,683,15.326,395,15.326,0.28664192949907236,0.6799628942486086,0.03339517625231911
456776,"Torres, Alex","Pit",139,404,404,239,15.326,165,15.326,0.26485148514851486,0.6410891089108911,0.09405940594059406
592767,"Smyly, Drew","Pit",116,557,557,365,15.331,192,15.331,0.30700179533213645,0.6714542190305206,0.02154398563734291
467100,"Nova, Iván","Pit",147,987,987,611,15.331,376,15.331,0.2806484295845998,0.6869300911854104,0.03242147922998987
421685,"Harang, Aaron","Pit",143,1297,1297,851,15.336,446,15.336,0.3107170393215112,0.6013878180416345,0.08789514263685427
431148,"Kazmir, Scott","Pit",133,1362,1362,939,15.341,423,15.341,0.31718061674008813,0.6424375917767988,0.04038179148311307
521230,"Hendriks, Liam","Pit",142,413,413,238,15.342,175,15.342,0.26634382566585957,0.6803874092009685,0.053268765133171914
614179,"Ruiz, José","Pit",109,367,367,196,15.342,171,15.342,0.3405994550408719,0.6566757493188011,0.0027247956403269754
695243,"Miller, Mason","Pit",133,408,408,278,15.345,130,15.345,0.27205882352941174,0.7254901960784313,0.0024509803921568627
592791,"Taillon, Jameson","Pit",134,1308,1308,883,15.348,425,15.348,0.2958715596330275,0.6811926605504587,0.022935779816513763
572750,"Butler, Eddie","Pit",112,390,390,252,15.348,138,15.348,0.30256410256410254,0.6461538461538462,0.05128205128205128
571945,"Mikolas, Miles","Pit",138,1273,1273,886,15.348,387,15.348,0.32285938727415553,0.6488609583660644,0.028279654359780047
518716,"Gee, Dillon","Pit",121,1339,1339,892,15.348,447,15.348,0.3039581777445855,0.6564600448095593,0.039581777445855115
543699,"Roark, Tanner","Pit",133,1351,1351,892,15.349,459,15.349,0.2923760177646188,0.6654330125832717,0.04219096965210955
612672,"Chen, Wei-Yin","Pit",146,1070,1070,689,15.349,381,15.349,0.2850467289719626,0.6813084112149532,0.03364485981308411
656794,"Newcomb, Sean","Pit",144,1409,1409,944,15.349,465,15.349,0.31227821149751595,0.6728176011355571,0.014904187366926898
527048,"Pérez, Martín","Pit",140,1483,1483,963,15.349,520,15.349,0.3000674308833446,0.6459878624409979,0.05394470667565745
622554,"Domínguez, Seranthony","Pit",143,420,420,283,15.349,137,15.349,0.30238095238095236,0.6666666666666666,0.030952380952380953
553878,"Vázquez, Felipe","Pit",134,495,495,295,15.349,200,15.349,0.26262626262626265,0.6444444444444445,0.09292929292929293
450729,"Fister, Doug","Pit",117,1557,1557,979,15.35,578,15.35,0.34938985228002567,0.5915221579961464,0.05908798972382787
656464,"Ginkel, Kevin","Pit",109,462,462,330,15.353,132,15.353,0.31385281385281383,0.6818181818181818,0.004329004329004329
462136,"Estrada, Marco","Pit",158,1127,1127,802,15.354,325,15.354,0.31588287488908606,0.6548358473824313,0.029281277728482696
670059,"Holderman, Colin","Pit",134,398,398,208,15.354,190,15.354,0.2537688442211055,0.7462311557788944,0
680723,"Rom, Drew","Pit",138,325,325,158,15.357,167,15.357,0.19076923076923077,0.8061538461538461,0.003076923076923077
641745,"Keller, Brad","Pit",118,976,976,641,15.359,335,15.359,0.29405737704918034,0.6772540983606558,0.028688524590163935
571927,"Matz, Steven","Pit",141,1201,1201,791,15.359,410,15.359,0.302248126561199,0.6677768526228143,0.02997502081598668
623352,"Hader, Josh","Pit",135,448,448,265,15.363,183,15.363,0.34598214285714285,0.6517857142857143,0.002232142857142857
670950,"Richards, Trevor","Pit",141,587,587,402,15.364,185,15.364,0.30664395229982966,0.6882453151618398,0.005110732538330494
543101,"DeSclafani, Anthony","Pit",113,1288,1288,854,15.364,434,15.364,0.3361801242236025,0.5807453416149069,0.08307453416149069
621244,"Berríos, José","Pit",141,1232,1232,782,15.365,450,15.365,0.2913961038961039,0.6834415584415584,0.025162337662337664
462136,"Estrada, Marco","Pit",158,921,921,678,15.367,243,15.367,0.34419109663409336,0.6319218241042345,0.023887079261672096
446899,"Ziegler, Brad","Pit",109,420,420,252,15.368,168,15.368,0.2761904761904762,0.6738095238095239,0.05
608566,"Márquez, Germán","Pit",115,1248,1248,813,15.37,435,15.37,0.29086538461538464,0.6794871794871795,0.029647435897435896
676440,"Bibee, Tanner","Pit",114,1035,1035,671,15.372,364,15.372,0.2792270531400966,0.714975845410628,0.005797101449275362
434628,"Hammel, Jason","Pit",110,1037,1037,646,15.373,391,15.373,0.2690453230472517,0.6981677917068466,0.03278688524590164
518790,"Heston, Chris","Pit",137,1393,1393,965,15.373,428,15.373,0.3402727925340991,0.5757358219669777,0.08399138549892318
605200,"Davies, Zach","Pit",112,1263,1263,777,15.375,486,15.375,0.2676167854315123,0.6967537608867775,0.035629453681710214
517593,"Salazar, Danny","Pit",114,776,776,535,15.382,241,15.382,0.31443298969072164,0.6365979381443299,0.04896907216494845
622694,"Hernández, Elieser","Pit",146,550,550,347,15.382,203,15.382,0.3,0.6690909090909091,0.03090909090909091
622608,"Senzatela, Antonio","Pit",115,1055,1055,629,15.382,426,15.382,0.2824644549763033,0.6824644549763034,0.035071090047393366
543548,"Milone, Tommy","Pit",121,416,416,281,15.382,135,15.382,0.3125,0.6466346153846154,0.040865384615384616
641778,"Lauer, Eric","Pit",135,1125,1125,761,15.382,364,15.382,0.2986666666666667,0.6417777777777778,0.059555555555555556
571578,"Corbin, Patrick","Pit",120,1416,1416,963,15.382,453,15.382,0.3135593220338983,0.6659604519774012,0.020480225988700564
112526,"Colon, Bartolo","Pit",140,1058,1058,723,15.383,335,15.383,0.3005671077504726,0.6531190926275993,0.046313799621928164
407890,"Lewis, Colby","Pit",140,1481,1481,928,15.384,553,15.384,0.3146522619851452,0.6151249155975692,0.07022282241728561
641778,"Lauer, Eric","Pit",158,1241,1241,817,15.388,424,15.388,0.290088638195004,0.6526994359387591,0.057211925866236905
656529,"Hentges, Sam","Pit",114,558,558,331,15.391,227,15.391,0.25089605734767023,0.7114695340501792,0.03763440860215054
506693,"Alvarez III, Henderson","Pit",146,1187,1187,771,15.391,416,15.391,0.3024431339511373,0.6419545071609098,0.05560235888795282
696136,"Wicks, Jordan","Pit",112,348,348,192,15.392,156,15.392,0.25862068965517243,0.7385057471264368,0.0028735632183908046
502046,"Locke, Jeff","Pit",134,1250,1250,798,15.393,452,15.393,0.2904,0.6632,0.0464
666374,"Brash, Matt","Pit",136,593,593,280,15.396,313,15.396,0.26138279932546377,0.7352445193929174,0.003372681281618887
672282,"Detmers, Reid","Pit",108,1098,1098,716,15.398,382,15.398,0.2777777777777778,0.7185792349726776,0.0036429872495446266
656353,"Davidson, Tucker","Pit",108,427,427,252,15.405,175,15.405,0.26697892271662765,0.7072599531615925,0.02576112412177986
663738,"Lynch IV, Daniel","Pit",118,1060,1060,654,15.413,406,15.413,0.27264150943396226,0.7075471698113207,0.01981132075471698
668676,"Plesac, Zach","Pit",114,912,912,594,15.414,318,15.414,0.27521929824561403,0.6885964912280702,0.03618421052631579
594798,"deGrom, Jacob","Pit",121,1349,1349,929,15.415,420,15.415,0.3083765752409192,0.6560415122312825,0.03558191252779837
519242,"Sale, Chris","Pit",111,1169,1169,769,15.415,400,15.415,0.2857142857142857,0.6715141146278871,0.0427715996578272
571760,"Heaney, Andrew","Pit",108,754,754,478,15.416,276,15.416,0.3010610079575597,0.5689655172413793,0.129973474801061
605242,"Fulmer, Michael","Pit",116,937,937,617,15.416,320,15.416,0.27748132337246534,0.687299893276414,0.035218783351120594
543294,"Hendricks, Kyle","Pit",112,1492,1492,1091,15.416,401,15.416,0.3250670241286863,0.6387399463806971,0.036193029490616625
501925,"Smith, Joe","Pit",114,481,481,273,15.419,208,15.419,0.33471933471933474,0.6216216216216216,0.04365904365904366
671212,"Boyle, Joe","Pit",133,468,468,236,15.419,232,15.419,0.25,0.7457264957264957,0.004273504273504274
663474,"McKenzie, Triston","Pit",114,252,252,191,15.421,61,15.421,0.3531746031746032,0.5952380952380952,0.051587301587301584
612672,"Chen, Wei-Yin","Pit",110,1008,1008,642,15.422,366,15.422,0.2628968253968254,0.691468253968254,0.04563492063492063
592767,"Smyly, Drew","Pit",144,896,896,667,15.429,229,15.429,0.3392857142857143,0.6294642857142857,0.03125
279782,"Garland, Jon","Pit",115,478,478,305,15.429,173,15.429,0.301255230125523,0.6234309623430963,0.07531380753138076
612672,"Chen, Wei-Yin","Pit",146,867,867,591,15.433,276,15.433,0.3229527104959631,0.6043829296424452,0.0726643598615917
622608,"Senzatela, Antonio","Pit",115,719,719,401,15.435,318,15.435,0.24756606397774686,0.7301808066759388,0.022253129346314324
593958,"Rodriguez, Eduardo","Pit",116,679,679,429,15.436,250,15.436,0.29455081001472755,0.6877761413843888,0.017673048600883652
656638,"Lange, Alex","Pit",116,510,510,260,15.436,250,15.436,0.26862745098039215,0.7254901960784313,0.0058823529411764705
502046,"Locke, Jeff","Pit",134,1310,1310,832,15.444,478,15.444,0.31755725190839695,0.5793893129770993,0.10305343511450382
605182,"Clevinger, Mike","Pit",114,964,964,701,15.448,263,15.448,0.3112033195020747,0.6597510373443983,0.029045643153526972
675627,"Grove, Michael","Pit",119,461,461,295,15.448,166,15.448,0.2646420824295011,0.7288503253796096,0.006507592190889371
448179,"Hill, Rich","Pit",119,443,443,296,15.449,147,15.449,0.28442437923250563,0.690744920993228,0.024830699774266364
458709,"Lannan, John","Pit",143,568,568,342,15.451,226,15.451,0.2852112676056338,0.6883802816901409,0.02640845070422535
453311,"Lincecum, Tim","Pit",137,1490,1490,994,15.451,496,15.451,0.2953020134228188,0.6771812080536913,0.027516778523489934
543022,"Chatwood, Tyler","Pit",115,1202,1202,757,15.451,445,15.451,0.2961730449251248,0.6580698835274542,0.045757071547420966
543548,"Milone, Tommy","Pit",133,1259,1259,856,15.452,403,15.452,0.29229547259729943,0.6743447180301827,0.03335980937251787
623437,"Topa, Justin","Pit",136,472,472,256,15.455,216,15.455,0.19491525423728814,0.8008474576271186,0.00423728813559322
657277,"Webb, Logan","Pit",137,1045,1045,724,15.456,321,15.456,0.3043062200956938,0.662200956937799,0.03349282296650718
435221,"McCarthy, Brandon","Pit",109,904,904,626,15.456,278,15.456,0.2853982300884956,0.6935840707964602,0.02101769911504425
502239,"Cahill, Trevor","Pit",109,901,901,606,15.457,295,15.457,0.30632630410654826,0.6592674805771365,0.03440621531631521
670912,"Oviedo, Johan","Pit",138,213,213,120,15.457,93,15.457,0.2347417840375587,0.7511737089201878,0.014084507042253521
434622,"Jiménez, Ubaldo","Pit",110,1164,1164,733,15.458,431,15.458,0.28865979381443296,0.6907216494845361,0.020618556701030927
663485,"Sands, Cole","Pit",142,471,471,302,15.458,169,15.458,0.28450106157112526,0.7133757961783439,0.0021231422505307855
622253,"Tate, Dillon","Pit",110,140,140,99,15.46,41,15.46,0.29285714285714287,0.6928571428571428,0.014285714285714285
645261,"Alcantara, Sandy","Pit",146,1313,1313,920,15.462,393,15.462,0.30464584920030463,0.6610814927646611,0.03427265803503427
663773,"Hoeing, Bryan","Pit",135,357,357,200,15.463,157,15.463,0.24649859943977592,0.7507002801120448,0.0028011204481792717
621219,"Mills, Alec","Pit",112,454,454,353,15.464,101,15.464,0.31938325991189426,0.6497797356828194,0.030837004405286344
665152,"Kremer, Dean","Pit",110,980,980,667,15.465,313,15.465,0.28775510204081634,0.7081632653061225,0.004081632653061225
571656,"Farmer, Buck","Pit",113,532,532,302,15.465,230,15.465,0.2744360902255639,0.7180451127819549,0.007518796992481203
527048,"Pérez, Martín","Pit",140,853,853,582,15.468,271,15.468,0.3130128956623681,0.6541617819460727,0.032825322391559206
641771,"Kuhl, Chad","Pit",134,550,550,365,15.469,185,15.469,0.32181818181818184,0.5690909090909091,0.10909090909090909
592767,"Smyly, Drew","Pit",139,1297,1297,962,15.469,335,15.469,0.3600616808018504,0.566692367000771,0.07324595219737856
672578,"Hernández, Carlos","Pit",118,504,504,318,15.473,186,15.473,0.3353174603174603,0.6547619047619048,0.00992063492063492
425794,"Wainwright, Adam","Pit",138,900,900,518,15.474,382,15.474,0.27,0.7233333333333334,0.006666666666666667
543294,"Hendricks, Kyle","Pit",112,971,971,651,15.476,320,15.476,0.25231719876416064,0.7466529351184346,0.0010298661174047373
592767,"Smyly, Drew","Pit",112,721,721,487,15.477,234,15.477,0.3092926490984743,0.6712898751733704,0.019417475728155338
346798,"Lohse, Kyle","Pit",158,1389,1389,897,15.478,492,15.478,0.2908567314614831,0.6753059755219583,0.033837293016558675
519242,"Sale, Chris","Pit",111,1140,1140,769,15.482,371,15.482,0.2912280701754386,0.6640350877192982,0.04473684210526316
543144,"Farquhar, Danny","Pit",145,407,407,243,15.482,164,15.482,0.2751842751842752,0.6904176904176904,0.0343980343980344
543022,"Chatwood, Tyler","Pit",115,1131,1131,733,15.482,398,15.482,0.28470380194518125,0.6772767462422635,0.03801945181255526
462382,"Johnson, Jim","Pit",108,470,470,311,15.482,159,15.482,0.2978723404255319,0.6723404255319149,0.029787234042553193
544150,"Suárez, Albert","Pit",110,956,956,574,15.483,382,15.483,0.22698744769874477,0.7709205020920502,0.0020920502092050207
446321,"Detwiler, Ross","Pit",120,422,422,256,15.484,166,15.484,0.27488151658767773,0.6990521327014217,0.026066350710900472
607192,"Glasnow, Tyler","Pit",139,783,783,557,15.484,226,15.484,0.32567049808429116,0.6666666666666666,0.007662835249042145
502624,"Anderson, Chase","Pit",143,398,398,251,15.485,147,15.485,0.27638190954773867,0.6608040201005025,0.06281407035175879
622554,"Domínguez, Seranthony","Pit",143,340,340,183,15.488,157,15.488,0.2647058823529412,0.7323529411764705,0.0029411764705882353
543557,"Montgomery, Mike","Pit",136,651,651,433,15.492,218,15.492,0.3456221198156682,0.5913978494623656,0.0629800307219662
407890,"Lewis, Colby","Pit",140,835,835,548,15.493,287,15.493,0.3149700598802395,0.6479041916167665,0.037125748502994015
446899,"Ziegler, Brad","Pit",109,405,405,247,15.493,158,15.493,0.2617283950617284,0.6987654320987654,0.03950617283950617
605397,"Musgrove, Joe","Pit",135,698,698,489,15.493,209,15.493,0.2722063037249284,0.7249283667621776,0.0028653295128939827
475115,"Ross, Tyson","Pit",135,1359,1359,970,15.494,389,15.494,0.31567328918322296,0.6438557763061075,0.04047093451066961
456501,"Cueto, Johnny","Pit",113,1635,1635,1163,15.498,472,15.498,0.3290519877675841,0.600611620795107,0.07033639143730887
663738,"Lynch IV, Daniel","Pit",118,550,550,322,15.498,228,15.498,0.2581818181818182,0.7218181818181818,0.02
502624,"Anderson, Chase","Pit",109,856,856,535,15.501,321,15.501,0.27102803738317754,0.6740654205607477,0.054906542056074766
608665,"Graveman, Kendall","Pit",117,512,512,299,15.503,213,15.503,0.275390625,0.716796875,0.0078125
572403,"VerHagen, Drew","Pit",138,465,465,252,15.507,213,15.507,0.26881720430107525,0.7290322580645161,0.002150537634408602
592804,"Thornburg, Tyler","Pit",158,517,517,332,15.507,185,15.507,0.29206963249516443,0.6692456479690522,0.03868471953578337
573009,"Mantiply, Joe","Pit",109,353,353,221,15.509,132,15.509,0.2521246458923513,0.7478753541076487,0
663559,"Falter, Bailey","Pit",134,556,556,369,15.51,187,15.51,0.2733812949640288,0.7248201438848921,0.0017985611510791368
657097,"Webb, Jacob","Pit",110,403,403,224,15.512,179,15.512,0.23076923076923078,0.7667493796526055,0.0024813895781637717
642547,"Peralta, Freddy","Pit",158,1351,1351,904,15.512,447,15.512,0.2820133234641007,0.7165062916358254,0.0014803849000740192
461829,"González, Gio","Pit",120,1517,1517,992,15.514,525,15.514,0.3276203032300593,0.5919578114700066,0.08042188529993408
502327,"Santiago, Héctor","Pit",145,945,945,514,15.515,431,15.515,0.24761904761904763,0.6931216931216931,0.05925925925925926
541640,"Ramírez, Erasmo","Pit",136,580,580,398,15.515,182,15.515,0.3017241379310345,0.6672413793103448,0.03103448275862069
453214,"Wright, Steven","Pit",111,403,403,270,15.515,133,15.515,0.2878411910669975,0.6923076923076923,0.019851116625310174
608717,"Stratton, Chris","Pit",137,1150,1150,760,15.516,390,15.516,0.271304347826087,0.688695652173913,0.04
527048,"Pérez, Martín","Pit",140,645,645,396,15.516,249,15.516,0.26976744186046514,0.6868217054263566,0.043410852713178294
543475,"Lyles, Jordan","Pit",110,1362,1362,898,15.517,464,15.517,0.290014684287812,0.6791483113069016,0.030837004405286344
592717,"Sanchez, Aaron","Pit",141,718,718,495,15.518,223,15.518,0.3426183844011142,0.5598885793871866,0.09749303621169916
543495,"Martin, Ethan","Pit",143,358,358,205,15.519,153,15.519,0.2541899441340782,0.7150837988826816,0.030726256983240222
543726,"Ross Jr., Robbie","Pit",111,474,474,261,15.52,213,15.52,0.33755274261603374,0.5864978902953587,0.0759493670886076
518452,"Bettis, Chad","Pit",115,855,855,534,15.528,321,15.528,0.29473684210526313,0.6374269005847953,0.06783625730994151
571948,"Milner, Hoby","Pit",158,563,563,290,15.528,273,15.528,0.21847246891651864,0.7531083481349912,0.028419182948490232
641585,"France, J.P.","Pit",117,1031,1031,654,15.53,377,15.53,0.24248302618816683,0.7565470417070805,0.0009699321047526673
640455,"Manaea, Sean","Pit",135,1079,1079,724,15.532,355,15.532,0.293790546802595,0.680259499536608,0.025949953660797033
424324,"Lee, Cliff","Pit",143,1452,1452,961,15.532,491,15.532,0.290633608815427,0.6873278236914601,0.02203856749311295
458708,"Tomlin, Josh","Pit",144,233,233,170,15.532,63,15.532,0.30472103004291845,0.6652360515021459,0.030042918454935622
446372,"Kluber, Corey","Pit",114,1080,1080,706,15.535,374,15.535,0.2675925925925926,0.7064814814814815,0.025925925925925925
595014,"Treinen, Blake","Pit",120,453,453,290,15.535,163,15.535,0.3355408388520971,0.6269315673289183,0.037527593818984545
670950,"Richards, Trevor","Pit",142,525,525,316,15.535,209,15.535,0.2742857142857143,0.72,0.005714285714285714
663947,"Holton, Tyler","Pit",116,526,526,374,15.539,152,15.539,0.26806083650190116,0.7319391634980988,0
641703,"Honeywell, Brent","Pit",145,401,401,233,15.542,168,15.542,0.256857855361596,0.743142144638404,0
643377,"Jax, Griffin","Pit",142,428,428,279,15.542,149,15.542,0.2803738317757009,0.7149532710280374,0.004672897196261682
607481,"Bummer, Aaron","Pit",144,462,462,235,15.545,227,15.545,0.24025974025974026,0.7575757575757576,0.0021645021645021645
640462,"Puk, A.J.","Pit",109,504,504,290,15.546,214,15.546,0.21626984126984128,0.7817460317460317,0.001984126984126984
621244,"Berríos, José","Pit",141,1331,1331,878,15.547,453,15.547,0.26746806912096166,0.724267468069121,0.008264462809917356
625643,"López, Reynaldo","Pit",144,899,899,581,15.548,318,15.548,0.24916573971078976,0.7497219132369299,0.0011123470522803114
592866,"Williams, Trevor","Pit",134,1286,1286,839,15.549,447,15.549,0.27216174183514774,0.6889580093312597,0.038880248833592534
656427,"Flaherty, Jack","Pit",110,1215,1215,699,15.549,516,15.549,0.23292181069958848,0.7654320987654321,0.0016460905349794238
594742,"Asher, Alec","Pit",110,527,527,308,15.549,219,15.549,0.2314990512333966,0.698292220113852,0.07020872865275142
621142,"Buttrey, Ty","Pit",108,552,552,344,15.549,208,15.549,0.27898550724637683,0.6847826086956522,0.036231884057971016
592644,"Plutko, Adam","Pit",114,826,826,555,15.549,271,15.549,0.26634382566585957,0.7070217917675545,0.026634382566585957
607644,"Means, John","Pit",110,1264,1264,857,15.549,407,15.549,0.29825949367088606,0.6787974683544303,0.022943037974683545
475115,"Ross, Tyson","Pit",135,1487,1487,982,15.553,505,15.553,0.30800268997982516,0.6039004707464694,0.08809683927370544
641729,"Jiménez, Joe","Pit",144,455,455,293,15.554,162,15.554,0.26373626373626374,0.7318681318681318,0.004395604395604396
543424,"Lamb, John","Pit",113,593,593,343,15.558,250,15.558,0.2951096121416526,0.6458684654300169,0.05902192242833052
547179,"Lorenzen, Michael","Pit",113,349,349,217,15.56,132,15.56,0.2979942693409742,0.6532951289398281,0.04871060171919771
277417,"Beckett, Josh","Pit",119,909,909,639,15.561,270,15.561,0.3201320132013201,0.5995599559955995,0.08030803080308031
663554,"Mize, Casey","Pit",116,1129,1129,704,15.562,425,15.562,0.26660761736049604,0.7156775907883083,0.01771479185119575
663372,"Feltner, Ryan","Pit",115,1115,1115,742,15.563,373,15.563,0.2591928251121076,0.7354260089686099,0.0053811659192825115
663903,"Singer, Brady","Pit",118,535,535,375,15.565,160,15.565,0.30280373831775703,0.6598130841121496,0.037383177570093455
605242,"Fulmer, Michael","Pit",116,267,267,170,15.568,97,15.568,0.24719101123595505,0.7153558052434457,0.03745318352059925
656302,"Cease, Dylan","Pit",145,1378,1378,883,15.569,495,15.569,0.2590711175616836,0.7358490566037735,0.0050798258345428155
517593,"Salazar, Danny","Pit",114,1363,1363,978,15.57,385,15.57,0.32501834189288337,0.6133528980190756,0.061628760088041086
571578,"Corbin, Patrick","Pit",120,1203,1203,802,15.572,401,15.572,0.28595178719867,0.6974231088944306,0.01662510390689942
605347,"López, Jorge","Pit",110,1003,1003,631,15.572,372,15.572,0.27018943170488535,0.6859421734795613,0.04386839481555334
543135,"Eovaldi, Nathan","Pit",140,986,986,662,15.572,324,15.572,0.3093306288032454,0.6896551724137931,0.0010141987829614604
669713,"Wesneski, Hayden","Pit",112,488,488,322,15.572,166,15.572,0.26229508196721313,0.735655737704918,0.0020491803278688526
592346,"González, Chi Chi","Pit",115,165,165,110,15.581,55,15.581,0.2606060606060606,0.6909090909090909,0.048484848484848485
453249,"Manship, Jeff","Pit",114,362,362,237,15.581,125,15.581,0.2983425414364641,0.649171270718232,0.052486187845303865
543507,"May, Trevor","Pit",142,825,825,540,15.581,285,15.581,0.30666666666666664,0.5915151515151515,0.10181818181818182
518774,"Harvey, Matt","Pit",113,1153,1153,780,15.582,373,15.582,0.2732003469210755,0.6947094535993061,0.032090199479618386
622608,"Senzatela, Antonio","Pit",115,1087,1087,720,15.582,367,15.582,0.28794848206071755,0.671573137074517,0.040478380864765406
502239,"Cahill, Trevor","Pit",108,785,785,528,15.582,257,15.582,0.2878980891719745,0.6815286624203821,0.030573248407643312
453281,"LeBlanc, Wade","Pit",117,411,411,230,15.582,181,15.582,0.25304136253041365,0.7007299270072993,0.046228710462287104
621112,"Blackburn, Paul","Pit",133,468,468,335,15.582,133,15.582,0.2948717948717949,0.6816239316239316,0.023504273504273504
572020,"Paxton, James","Pit",136,862,862,563,15.583,299,15.583,0.3074245939675174,0.6380510440835266,0.054524361948955914
642546,"Hernández, Jonathan","Pit",136,329,329,188,15.584,141,15.584,0.2613981762917933,0.729483282674772,0.00911854103343465
669796,"Hernandez, Jose E.","Pit",134,400,400,258,15.584,142,15.584,0.2625,0.73,0.0075
606965,"Devenski, Chris","Pit",117,683,683,480,15.59,203,15.59,0.3396778916544656,0.6046852122986823,0.055636896046852125
502706,"Holland, Derek","Pit",140,1359,1359,911,15.59,448,15.59,0.28329654157468726,0.6784400294334069,0.03826342899190582
641743,"Kay, Anthony","Pit",141,195,195,106,15.593,89,15.593,0.2205128205128205,0.717948717948718,0.06153846153846154
669194,"Nelson, Ryne","Pit",109,1010,1010,643,15.593,367,15.593,0.2712871287128713,0.7247524752475247,0.0039603960396039604
628711,"Urías, Julio","Pit",119,390,390,289,15.595,101,15.595,0.31025641025641026,0.6692307692307692,0.020512820512820513
572096,"Rosenthal, Trevor","Pit",138,550,550,297,15.596,253,15.596,0.2545454545454545,0.6909090909090909,0.05454545454545454
534910,"Hahn, Jesse","Pit",118,142,142,68,15.596,74,15.596,0.19014084507042253,0.7323943661971831,0.07746478873239436
571786,"Hollands, Mario","Pit",143,356,356,186,15.598,170,15.598,0.21910112359550563,0.7247191011235955,0.056179775280898875
664208,"Maton, Phil","Pit",117,443,443,219,15.602,224,15.602,0.17607223476297967,0.8239277652370203,0
608331,"Fried, Max","Pit",144,562,562,401,15.606,161,15.606,0.2900355871886121,0.702846975088968,0.0071174377224199285
502327,"Santiago, Héctor","Pit",108,1109,1109,693,15.609,416,15.609,0.26149684400360684,0.6762849413886384,0.062218214607754736
641729,"Jiménez, Joe","Pit",144,376,376,250,15.611,126,15.611,0.28191489361702127,0.7127659574468085,0.005319148936170213
642092,"Smith, Riley","Pit",109,505,505,299,15.611,206,15.611,0.2514851485148515,0.7049504950495049,0.04356435643564356
545333,"Bauer, Trevor","Pit",114,1484,1484,1005,15.615,479,15.615,0.30997304582210244,0.6118598382749326,0.07816711590296496
543135,"Eovaldi, Nathan","Pit",111,742,742,509,15.616,233,15.616,0.28706199460916443,0.6819407008086253,0.03099730458221024
467008,"Strop, Pedro","Pit",112,339,339,222,15.616,117,15.616,0.35398230088495575,0.5899705014749262,0.05604719764011799
519144,"Porcello, Rick","Pit",111,1434,1434,960,15.616,474,15.616,0.27405857740585776,0.6980474198047419,0.02789400278940028
607219,"Romano, Sal","Pit",113,1086,1086,752,15.616,334,15.616,0.289134438305709,0.6712707182320442,0.03959484346224678
543037,"Cole, Gerrit","Pit",134,1517,1517,996,15.616,521,15.616,0.28279499011206327,0.6875411997363217,0.02966381015161503
608665,"Graveman, Kendall","Pit",133,1400,1400,944,15.62,456,15.62,0.3264285714285714,0.59,0.08357142857142857
431162,"Stauffer, Tim","Pit",135,505,505,293,15.62,212,15.62,0.22376237623762377,0.7386138613861386,0.03762376237623762
592662,"Ray, Robbie","Pit",109,1028,1028,662,15.621,366,15.621,0.28793774319066145,0.5982490272373541,0.11381322957198443
668678,"Gallen, Zac","Pit",109,1399,1399,982,15.622,417,15.622,0.2666190135811294,0.7269478198713367,0.006433166547533953
544931,"Strasburg, Stephen","Pit",120,1311,1311,883,15.622,428,15.622,0.2936689549961861,0.6918382913806255,0.014492753623188406
661395,"Duran, Jhoan","Pit",142,360,360,232,15.623,128,15.623,0.23333333333333334,0.75,0.016666666666666666
669674,"Long, Sam","Pit",137,329,329,218,15.627,111,15.627,0.2765957446808511,0.6838905775075987,0.03951367781155015
663878,"Pearson, Nate","Pit",141,346,346,190,15.632,156,15.632,0.18786127167630057,0.8063583815028902,0.005780346820809248
605164,"Bundy, Dylan","Pit",108,463,463,295,15.633,168,15.633,0.2613390928725702,0.714902807775378,0.023758099352051837
641154,"López, Pablo","Pit",146,384,384,255,15.637,129,15.637,0.2682291666666667,0.7057291666666666,0.026041666666666668
605538,"Wisler, Matt","Pit",144,782,782,502,15.637,280,15.637,0.2979539641943734,0.6035805626598465,0.09846547314578005
608344,"Irvin, Cole","Pit",133,1149,1149,739,15.637,410,15.637,0.26370757180156656,0.7084421235857267,0.0278503046127067
500779,"Quintana, Jose","Pit",121,543,543,351,15.639,192,15.639,0.23756906077348067,0.7550644567219152,0.007366482504604052
656849,"Peterson, David","Pit",121,505,505,341,15.641,164,15.641,0.2811881188118812,0.689108910891089,0.0297029702970297
663554,"Mize, Casey","Pit",116,251,251,152,15.643,99,15.643,0.2549800796812749,0.7211155378486056,0.02390438247011952
461833,"Hughes, Phil","Pit",142,1137,1137,816,15.646,321,15.646,0.3034300791556728,0.6728232189973615,0.023746701846965697
594986,"Ryan, Kyle","Pit",116,440,440,308,15.648,132,15.648,0.32727272727272727,0.6,0.07272727272727272
518774,"Harvey, Matt","Pit",121,780,780,468,15.648,312,15.648,0.23717948717948717,0.7243589743589743,0.038461538461538464
598286,"Ramirez, Nick","Pit",116,600,600,353,15.649,247,15.649,0.285,0.68,0.035
475115,"Ross, Tyson","Pit",140,470,470,284,15.649,186,15.649,0.26170212765957446,0.7021276595744681,0.036170212765957444
593372,"Martinez, Carlos","Pit",138,334,334,203,15.649,131,15.649,0.2694610778443114,0.6347305389221557,0.09580838323353294
663567,"Lambert, Peter","Pit",115,727,727,446,15.649,281,15.649,0.2407152682255846,0.7221458046767538,0.037138927097661624
592314,"Foltynewicz, Mike","Pit",144,866,866,583,15.649,283,15.649,0.2690531177829099,0.7043879907621247,0.026558891454965358
605164,"Bundy, Dylan","Pit",110,1206,1206,777,15.649,429,15.649,0.26533996683250416,0.7023217247097844,0.03233830845771144
605446,"Rodríguez, Dereck","Pit",137,792,792,537,15.649,255,15.649,0.2727272727272727,0.6931818181818182,0.03409090909090909
456501,"Cueto, Johnny","Pit",137,369,369,254,15.649,115,15.649,0.3143631436314363,0.6476964769647696,0.037940379403794036
547179,"Lorenzen, Michael","Pit",113,891,891,532,15.649,359,15.649,0.30303030303030304,0.6397306397306397,0.05723905723905724
656794,"Newcomb, Sean","Pit",144,816,816,513,15.649,303,15.649,0.2757352941176471,0.6899509803921569,0.03431372549019608
571510,"Boyd, Matthew","Pit",116,1057,1057,678,15.649,379,15.649,0.27246925260170296,0.6584673604541155,0.06906338694418164
592314,"Foltynewicz, Mike","Pit",140,1034,1034,676,15.649,358,15.649,0.27079303675048355,0.7137330754352031,0.015473887814313346
642232,"Yarbrough, Ryan","Pit",139,1102,1102,685,15.649,417,15.649,0.2695099818511797,0.6941923774954628,0.036297640653357534
612672,"Chen, Wei-Yin","Pit",110,1340,1340,894,15.65,446,15.65,0.29328358208955224,0.6395522388059701,0.06716417910447761
592314,"Foltynewicz, Mike","Pit",144,961,961,621,15.651,340,15.651,0.31633714880332986,0.6108220603537982,0.07284079084287201
456501,"Cueto, Johnny","Pit",145,1086,1086,739,15.651,347,15.651,0.31675874769797424,0.6151012891344383,0.06813996316758748
608379,"Wacha, Michael","Pit",111,853,853,588,15.658,265,15.658,0.27432590855803046,0.6846424384525205,0.041031652989449004
683003,"Jones, Jared","Pit",134,765,765,501,15.659,264,15.659,0.24183006535947713,0.7503267973856209,0.00784313725490196
679525,"Marsh, Alec","Pit",118,595,595,355,15.66,240,15.66,0.23865546218487396,0.7478991596638656,0.013445378151260505
605347,"López, Jorge","Pit",110,306,306,191,15.662,115,15.662,0.2549019607843137,0.6993464052287581,0.0457516339869281
504379,"Nicasio, Juan","Pit",115,1348,1348,898,15.663,450,15.663,0.2818991097922849,0.6446587537091988,0.07344213649851632
453311,"Lincecum, Tim","Pit",137,609,609,407,15.666,202,15.666,0.31527093596059114,0.5960591133004927,0.08866995073891626
681806,"Wantz, Andrew","Pit",108,376,376,215,15.666,161,15.666,0.2473404255319149,0.7021276595744681,0.05053191489361702
656412,"Faedo, Alex","Pit",116,437,437,245,15.668,192,15.668,0.2219679633867277,0.7597254004576659,0.018306636155606407
681190,"Vásquez, Randy","Pit",135,716,716,444,15.669,272,15.669,0.21927374301675978,0.7751396648044693,0.00558659217877095
543045,"Conley, Adam","Pit",146,480,480,314,15.671,166,15.671,0.30625,0.625,0.06875
446641,"Lopez, Wilton","Pit",115,412,412,217,15.671,195,15.671,0.23786407766990292,0.7160194174757282,0.04611650485436893
681217,"Silseth, Chase","Pit",108,413,413,300,15.677,113,15.677,0.29782082324455206,0.6997578692493946,0.002421307506053269
621053,"Ferguson, Tyler","Pit",133,357,357,221,15.677,136,15.677,0.226890756302521,0.7647058823529411,0.008403361344537815
641302,"Alexander, Tyler","Pit",139,728,728,452,15.678,276,15.678,0.20604395604395603,0.7939560439560439,0
674003,"Bradford, Cody","Pit",140,518,518,351,15.68,167,15.68,0.2413127413127413,0.7567567567567568,0.0019305019305019305
607074,"Rodón, Carlos","Pit",145,907,907,571,15.682,336,15.682,0.2657111356119074,0.6945975744211687,0.03969128996692393
493200,"Oh, Seunghwan","Pit",115,494,494,324,15.682,170,15.682,0.2550607287449393,0.7267206477732794,0.018218623481781375
502239,"Cahill, Trevor","Pit",118,710,710,470,15.682,240,15.682,0.28732394366197184,0.6816901408450704,0.030985915492957747
518553,"Cishek, Steve","Pit",112,614,614,332,15.682,282,15.682,0.2280130293159609,0.741042345276873,0.030944625407166124
534910,"Hahn, Jesse","Pit",133,586,586,332,15.682,254,15.682,0.24061433447098976,0.7150170648464164,0.04436860068259386
572362,"Erlin, Robbie","Pit",135,418,418,226,15.682,192,15.682,0.23205741626794257,0.7440191387559809,0.023923444976076555
572750,"Butler, Eddie","Pit",140,360,360,224,15.683,136,15.683,0.26666666666666666,0.7111111111111111,0.022222222222222223
502239,"Cahill, Trevor","Pit",133,854,854,602,15.683,252,15.683,0.2903981264637002,0.6768149882903981,0.03278688524590164
593576,"Neris, Héctor","Pit",117,393,393,204,15.683,189,15.683,0.2340966921119593,0.7531806615776081,0.01272264631043257
608717,"Stratton, Chris","Pit",118,467,467,250,15.685,217,15.685,0.21841541755888652,0.7751605995717344,0.006423982869379015
663455,"Pilkington, Konnor","Pit",114,481,481,273,15.686,208,15.686,0.22245322245322247,0.7588357588357588,0.018711018711018712
656234,"Bird, Jake","Pit",115,626,626,343,15.686,283,15.686,0.1900958466453674,0.8067092651757188,0.003194888178913738
670174,"Winckowski, Josh","Pit",111,592,592,335,15.696,257,15.696,0.21283783783783783,0.7837837837837838,0.0033783783783783786
676130,"Buttó, José","Pit",121,574,574,368,15.697,206,15.697,0.2682926829268293,0.7212543554006968,0.010452961672473868
461829,"González, Gio","Pit",120,1386,1386,823,15.698,563,15.698,0.31024531024531027,0.5937950937950938,0.09595959595959595
622098,"Smith, Drew","Pit",121,485,485,240,15.698,245,15.698,0.21855670103092784,0.777319587628866,0.004123711340206186
434538,"Liriano, Francisco","Pit",134,1216,1216,748,15.699,468,15.699,0.25411184210526316,0.7162828947368421,0.029605263157894735
661395,"Duran, Jhoan","Pit",142,376,376,197,15.7,179,15.7,0.2074468085106383,0.773936170212766,0.018617021276595744
605138,"Benjamin, Wes","Pit",140,168,168,110,15.701,58,15.701,0.24404761904761904,0.7440476190476191,0.011904761904761904
668933,"Ashcraft, Graham","Pit",113,1016,1016,642,15.702,374,15.702,0.2421259842519685,0.7519685039370079,0.005905511811023622
462382,"Johnson, Jim","Pit",110,522,522,320,15.706,202,15.706,0.27586206896551724,0.6800766283524904,0.044061302681992334
493157,"Uehara, Koji","Pit",111,410,410,292,15.71,118,15.71,0.2780487804878049,0.7048780487804878,0.01707317073170732
571946,"Miller, Shelby","Pit",138,1330,1330,893,15.713,437,15.713,0.28345864661654135,0.6406015037593985,0.07593984962406015
448614,"Torres, Carlos","Pit",121,375,375,229,15.713,146,15.713,0.32,0.608,0.072
543408,"Koehler, Tom","Pit",146,1352,1352,889,15.714,463,15.714,0.27736686390532544,0.6841715976331361,0.038461538461538464
608371,"Sims, Lucas","Pit",113,347,347,209,15.715,138,15.715,0.25936599423631124,0.7089337175792507,0.03170028818443804
450308,"Weaver, Jered","Pit",135,325,325,242,15.715,83,15.715,0.3046153846153846,0.676923076923077,0.018461538461538463
468504,"Chacín, Jhoulys","Pit",135,1406,1406,915,15.715,491,15.715,0.2631578947368421,0.6991465149359887,0.03769559032716927
641927,"Ober, Bailey","Pit",142,662,662,453,15.716,209,15.716,0.27794561933534745,0.6933534743202417,0.028700906344410877
434622,"Jiménez, Ubaldo","Pit",110,1250,1250,812,15.716,438,15.716,0.264,0.7096,0.0264
621107,"Eflin, Zach","Pit",143,1169,1169,759,15.716,410,15.716,0.2446535500427716,0.7245508982035929,0.030795551753635585
608349,"Knebel, Corey","Pit",158,363,363,246,15.719,117,15.719,0.2865013774104683,0.6391184573002755,0.0743801652892562
346798,"Lohse, Kyle","Pit",158,1474,1474,983,15.721,491,15.721,0.2618724559023066,0.7089552238805971,0.029172320217096336
657514,"Bernardino, Brennan","Pit",111,385,385,194,15.721,191,15.721,0.21298701298701297,0.7818181818181819,0.005194805194805195
571578,"Corbin, Patrick","Pit",120,435,435,274,15.721,161,15.721,0.2574712643678161,0.7264367816091954,0.016091954022988506
276520,"Arroyo, Bronson","Pit",113,1466,1466,1048,15.723,418,15.723,0.2946793997271487,0.6596180081855388,0.045702592087312414
450308,"Weaver, Jered","Pit",108,1156,1156,769,15.723,387,15.723,0.3096885813148789,0.6089965397923875,0.08131487889273356
592351,"Gray, Jon","Pit",140,968,968,629,15.727,339,15.727,0.2128099173553719,0.7871900826446281,0
448802,"García, Jaime","Pit",138,340,340,224,15.728,116,15.728,0.2529411764705882,0.711764705882353,0.03529411764705882
543699,"Roark, Tanner","Pit",120,1591,1591,1032,15.728,559,15.728,0.2903834066624764,0.6272784412319296,0.08233815210559396
543548,"Milone, Tommy","Pit",142,898,898,568,15.728,330,15.728,0.24164810690423164,0.7048997772828508,0.053452115812917596
453281,"LeBlanc, Wade","Pit",134,436,436,317,15.73,119,15.73,0.31422018348623854,0.6100917431192661,0.07568807339449542
676534,"Faucher, Calvin","Pit",146,450,450,261,15.73,189,15.73,0.25333333333333335,0.7333333333333333,0.013333333333333334
552640,"Kittredge, Andrew","Pit",138,393,393,266,15.731,127,15.731,0.21374045801526717,0.7786259541984732,0.007633587786259542
664141,"Brubaker, JT","Pit",134,1069,1069,647,15.733,422,15.733,0.2656688493919551,0.7174929840972872,0.01683816651075772
517593,"Salazar, Danny","Pit",114,335,335,219,15.735,116,15.735,0.2716417910447761,0.6805970149253732,0.04776119402985075
623465,"Phillips, Evan","Pit",119,401,401,245,15.738,156,15.738,0.18204488778054864,0.8129675810473815,0.004987531172069825
452733,"Gorzelanny, Tom","Pit",158,610,610,417,15.74,193,15.74,0.27049180327868855,0.6950819672131148,0.03442622950819672
672335,"Pérez, Cionel","Pit",110,372,372,203,15.741,169,15.741,0.22311827956989247,0.7688172043010753,0.008064516129032258
676477,"Whitlock, Garrett","Pit",111,511,511,303,15.742,208,15.742,0.25048923679060664,0.7181996086105675,0.03131115459882583
694297,"Pfaadt, Brandon","Pit",109,1216,1216,804,15.744,412,15.744,0.2138157894736842,0.7837171052631579,0.0024671052631578946
543699,"Roark, Tanner","Pit",120,842,842,547,15.744,295,15.744,0.32304038004750596,0.6009501187648456,0.07600950118764846
571670,"Floro, Dylan","Pit",142,425,425,239,15.747,186,15.747,0.21176470588235294,0.7835294117647059,0.004705882352941176
572750,"Butler, Eddie","Pit",115,614,614,357,15.747,257,15.747,0.2687296416938111,0.6319218241042345,0.0993485342019544
545333,"Bauer, Trevor","Pit",114,1303,1303,894,15.749,409,15.749,0.28779739063699156,0.6339217191097467,0.07828089025326171
663776,"Sandoval, Patrick","Pit",108,340,340,213,15.749,127,15.749,0.24411764705882352,0.7205882352941176,0.03529411764705882
468504,"Chacín, Jhoulys","Pit",158,1486,1486,974,15.749,512,15.749,0.2718707940780619,0.67092866756393,0.05720053835800808
608665,"Graveman, Kendall","Pit",133,815,815,515,15.749,300,15.749,0.2809815950920245,0.6552147239263804,0.0638036809815951
592665,"Reed, Addison","Pit",111,459,459,300,15.749,159,15.749,0.28540305010893247,0.6840958605664488,0.030501089324618737
502624,"Anderson, Chase","Pit",158,1224,1224,845,15.749,379,15.749,0.2883986928104575,0.6486928104575164,0.06290849673202614
543699,"Roark, Tanner","Pit",120,1525,1525,962,15.749,563,15.749,0.2459016393442623,0.7127868852459016,0.04131147540983607
467100,"Nova, Iván","Pit",134,1121,1121,760,15.749,361,15.749,0.2729705619982159,0.6761819803746655,0.05084745762711865
592717,"Sanchez, Aaron","Pit",141,877,877,533,15.749,344,15.749,0.24173318129988597,0.7229190421892816,0.03534777651083238
665152,"Kremer, Dean","Pit",110,164,164,94,15.75,70,15.75,0.25,0.6951219512195121,0.054878048780487805
462136,"Estrada, Marco","Pit",141,1127,1127,760,15.75,367,15.75,0.2528837622005324,0.7364685004436557,0.01064773735581189
605288,"Houser, Adrian","Pit",158,887,887,547,15.754,340,15.754,0.237880496054115,0.7249154453213078,0.03720405862457723
502748,"Peacock, Brad","Pit",117,1095,1095,686,15.755,409,15.755,0.25296803652968036,0.6730593607305936,0.07397260273972603
607644,"Means, John","Pit",110,328,328,257,15.755,71,15.755,0.2804878048780488,0.7012195121951219,0.018292682926829267
643377,"Jax, Griffin","Pit",142,599,599,437,15.755,162,15.755,0.2838063439065108,0.6911519198664441,0.025041736227045076
572102,"Sampson, Keyvius","Pit",113,386,386,230,15.761,156,15.761,0.25906735751295334,0.6347150259067358,0.10621761658031088
475479,"Phelps, David","Pit",147,754,754,462,15.761,292,15.761,0.2440318302387268,0.7108753315649867,0.04509283819628647
605483,"Snell, Blake","Pit",135,1429,1429,964,15.762,465,15.762,0.24072778166550035,0.7550734779566131,0.004198740377886634
663423,"Thornton, Trent","Pit",136,492,492,317,15.765,175,15.765,0.23983739837398374,0.7540650406504065,0.006097560975609756
493200,"Oh, Seunghwan","Pit",138,525,525,345,15.766,180,15.766,0.2819047619047619,0.64,0.07809523809523809
663704,"McArthur, James","Pit",118,387,387,203,15.767,184,15.767,0.1937984496124031,0.7958656330749354,0.0103359173126615
608665,"Graveman, Kendall","Pit",133,904,904,604,15.769,300,15.769,0.3396017699115044,0.584070796460177,0.07632743362831858
623465,"Phillips, Evan","Pit",119,419,419,266,15.774,153,15.774,0.2052505966587112,0.7923627684964201,0.002386634844868735
501985,"Minor, Mike","Pit",133,472,472,338,15.775,134,15.775,0.2542372881355932,0.6970338983050848,0.048728813559322036
543408,"Koehler, Tom","Pit",146,1429,1429,937,15.777,492,15.777,0.30510846745976206,0.6207137858642408,0.0741777466759972
607259,"Martinez, Nick","Pit",135,742,742,481,15.778,261,15.778,0.22371967654986524,0.7695417789757413,0.006738544474393531
669212,"Morgan, Eli","Pit",114,427,427,281,15.78,146,15.78,0.27634660421545665,0.6744730679156908,0.04918032786885246
467008,"Strop, Pedro","Pit",112,370,370,240,15.782,130,15.782,0.3,0.6648648648648648,0.03513513513513514
605276,"Hess, David","Pit",110,809,809,534,15.782,275,15.782,0.2595797280593325,0.715698393077874,0.024721878862793572
467100,"Nova, Iván","Pit",145,1322,1322,873,15.782,449,15.782,0.2579425113464448,0.6875945537065052,0.05446293494704992
571510,"Boyd, Matthew","Pit",116,1330,1330,904,15.782,426,15.782,0.2736842105263158,0.6721804511278195,0.05413533834586466
519043,"Moore, Matt","Pit",137,1279,1279,769,15.783,510,15.783,0.24081313526192338,0.7138389366692729,0.04534792806880375
434671,"Sánchez, Aníbal","Pit",116,1350,1350,896,15.784,454,15.784,0.2614814814814815,0.6992592592592592,0.03925925925925926
571800,"Hutchison, Drew","Pit",141,1311,1311,899,15.784,412,15.784,0.2745995423340961,0.6979405034324943,0.02745995423340961
448179,"Hill, Rich","Pit",142,298,298,213,15.785,85,15.785,0.2986577181208054,0.674496644295302,0.026845637583892617
543037,"Cole, Gerrit","Pit",134,853,853,525,15.785,328,15.785,0.2813599062133646,0.6283704572098476,0.09026963657678781
543606,"Odorizzi, Jake","Pit",139,1404,1404,921,15.787,483,15.787,0.26424501424501423,0.6666666666666666,0.06908831908831908
605397,"Musgrove, Joe","Pit",117,477,477,339,15.787,138,15.787,0.3333333333333333,0.6226415094339622,0.0440251572327044
543548,"Milone, Tommy","Pit",144,310,310,194,15.789,116,15.789,0.2645161290322581,0.6967741935483871,0.03870967741935484
669373,"Skubal, Tarik","Pit",116,843,843,554,15.79,289,15.79,0.24673784104389088,0.734282325029656,0.018979833926453145
554340,"García, Yimi","Pit",141,494,494,282,15.79,212,15.79,0.19230769230769232,0.8076923076923077,0
686610,"Waldichuk, Ken","Pit",133,1136,1136,673,15.792,463,15.792,0.18045774647887325,0.8151408450704225,0.0044014084507042256
453286,"Scherzer, Max","Pit",120,1334,1334,1007,15.792,327,15.792,0.34182908545727136,0.5644677661169415,0.0937031484257871
613534,"Adams, Austin","Pit",133,396,396,184,15.793,212,15.793,0.23737373737373738,0.7575757575757576,0.005050505050505051
668941,"Romero, JoJo","Pit",138,439,439,275,15.793,164,15.793,0.25968109339407747,0.7357630979498861,0.004555808656036446
458708,"Tomlin, Josh","Pit",114,1174,1174,867,15.797,307,15.797,0.3074957410562181,0.6175468483816013,0.07495741056218058
519455,"Zimmermann, Jordan","Pit",116,774,774,520,15.798,254,15.798,0.30361757105943155,0.5904392764857881,0.10594315245478036
477132,"Kershaw, Clayton","Pit",119,1007,1007,735,15.801,272,15.801,0.29096325719960275,0.6772591857000994,0.031777557100297914
664299,"Javier, Cristian","Pit",117,1284,1284,843,15.802,441,15.802,0.25778816199376947,0.735981308411215,0.006230529595015576
605228,"Fernández, José","Pit",146,1218,1218,831,15.805,387,15.805,0.270935960591133,0.6773399014778325,0.05172413793103448
543101,"DeSclafani, Anthony","Pit",113,884,884,634,15.809,250,15.809,0.334841628959276,0.583710407239819,0.08144796380090498
446321,"Detwiler, Ross","Pit",144,544,544,297,15.811,247,15.811,0.2702205882352941,0.6360294117647058,0.09375
607644,"Means, John","Pit",110,1041,1041,769,15.813,272,15.813,0.276657060518732,0.6983669548511047,0.024975984630163303
518468,"Blazek, Michael","Pit",158,383,383,206,15.814,177,15.814,0.25326370757180156,0.5953002610966057,0.1514360313315927
430935,"Hamels, Cole","Pit",143,1439,1439,940,15.814,499,15.814,0.2585128561501042,0.7123002084781098,0.029186935371785964
571578,"Corbin, Patrick","Pit",109,541,541,349,15.815,192,15.815,0.2975970425138632,0.5841035120147874,0.11829944547134935
605447,"Romano, Jordan","Pit",141,378,378,203,15.815,175,15.815,0.19047619047619047,0.798941798941799,0.010582010582010581
656302,"Cease, Dylan","Pit",145,651,651,420,15.816,231,15.816,0.24423963133640553,0.6989247311827957,0.05683563748079877
534947,"Adleman, Tim","Pit",113,922,922,648,15.816,274,15.816,0.2668112798264642,0.7114967462039046,0.021691973969631236
450306,"Vargas, Jason","Pit",121,717,717,480,15.816,237,15.816,0.23709902370990238,0.7280334728033473,0.03486750348675035
570240,"Peña, Félix","Pit",108,646,646,439,15.816,207,15.816,0.25232198142414863,0.7012383900928792,0.04643962848297214
640455,"Manaea, Sean","Pit",133,1011,1011,736,15.816,275,15.816,0.27794263105835804,0.7042532146389713,0.017804154302670624
543037,"Cole, Gerrit","Pit",134,1028,1028,706,15.816,322,15.816,0.27431906614785995,0.6721789883268483,0.053501945525291826
593334,"Germán, Domingo","Pit",147,680,680,488,15.817,192,15.817,0.27205882352941174,0.6720588235294118,0.05588235294117647
656061,"Abreu, Albert","Pit",147,482,482,250,15.82,232,15.82,0.22614107883817428,0.7634854771784232,0.01037344398340249
663567,"Lambert, Peter","Pit",115,645,645,396,15.821,249,15.821,0.20155038759689922,0.7968992248062016,0.0015503875968992248
621363,"Poche, Colin","Pit",139,396,396,231,15.823,165,15.823,0.23737373737373738,0.75,0.012626262626262626
663941,"Beck, Tristan","Pit",137,580,580,361,15.827,219,15.827,0.2103448275862069,0.7827586206896552,0.006896551724137931
605483,"Snell, Blake","Pit",137,751,751,522,15.828,229,15.828,0.237017310252996,0.758988015978695,0.0039946737683089215
600986,"Vieira, Thyago","Pit",109,337,337,214,15.829,123,15.829,0.28486646884273,0.7062314540059347,0.008902077151335312
700249,"Povich, Cade","Pit",110,607,607,415,15.83,192,15.83,0.26194398682042835,0.7364085667215815,0.0016474464579901153
608371,"Sims, Lucas","Pit",113,463,463,206,15.83,257,15.83,0.19870410367170627,0.8012958963282938,0
605288,"Houser, Adrian","Pit",158,1102,1102,724,15.83,378,15.83,0.26497277676951,0.6896551724137931,0.045372050816696916
543507,"May, Trevor","Pit",133,361,361,198,15.83,163,15.83,0.19667590027700832,0.8005540166204986,0.002770083102493075
517060,"Hernandez, Pedro","Pit",142,496,496,310,15.834,186,15.834,0.24798387096774194,0.7016129032258065,0.05040322580645161
640451,"Harvey, Hunter","Pit",118,360,360,191,15.834,169,15.834,0.16666666666666666,0.825,0.008333333333333333
448614,"Torres, Carlos","Pit",121,596,596,396,15.836,200,15.836,0.2701342281879195,0.709731543624161,0.020134228187919462
461872,"Swarzak, Anthony","Pit",142,625,625,372,15.836,253,15.836,0.2416,0.7248,0.0336
119984,"Oliver, Darren","Pit",141,341,341,186,15.838,155,15.838,0.26392961876832843,0.6744868035190615,0.06158357771260997
475115,"Ross, Tyson","Pit",135,922,922,597,15.839,325,15.839,0.2472885032537961,0.7212581344902386,0.031453362255965296
664747,"Díaz, Alexis","Pit",113,501,501,278,15.841,223,15.841,0.25349301397205587,0.7405189620758483,0.005988023952095809
519344,"Tepesch, Nick","Pit",140,955,955,656,15.842,299,15.842,0.2617801047120419,0.6921465968586388,0.04607329842931937
450308,"Weaver, Jered","Pit",108,1130,1130,777,15.844,353,15.844,0.2778761061946903,0.6929203539823009,0.02920353982300885
679885,"Martinez, Justin","Pit",109,515,515,296,15.845,219,15.845,0.21359223300970873,0.7786407766990291,0.007766990291262136
680897,"Nastrini, Nick","Pit",145,327,327,203,15.846,124,15.846,0.21406727828746178,0.7767584097859327,0.009174311926605505
571760,"Heaney, Andrew","Pit",108,1238,1238,841,15.849,397,15.849,0.26009693053311794,0.6591276252019386,0.08077544426494346
592332,"Gausman, Kevin","Pit",110,1568,1568,971,15.849,597,15.849,0.2423469387755102,0.7315051020408163,0.02614795918367347
554430,"Wheeler, Zack","Pit",121,1382,1382,870,15.849,512,15.849,0.2467438494934877,0.7192474674384949,0.03400868306801737
642098,"Sparkman, Glenn","Pit",118,1035,1035,675,15.849,360,15.849,0.2396135265700483,0.7227053140096619,0.03768115942028986
595191,"Eickhoff, Jerad","Pit",143,981,981,574,15.849,407,15.849,0.2252803261977574,0.7390417940876657,0.03567787971457696
621244,"Berríos, José","Pit",142,1114,1114,734,15.849,380,15.849,0.26032315978456017,0.6723518850987432,0.06732495511669659
434671,"Sánchez, Aníbal","Pit",116,843,843,565,15.85,278,15.85,0.24080664294187426,0.7188612099644128,0.04033214709371293
500779,"Quintana, Jose","Pit",121,1312,1312,827,15.85,485,15.85,0.23551829268292682,0.760670731707317,0.0038109756097560975
592229,"Covey, Dylan","Pit",145,563,563,373,15.85,190,15.85,0.26287744227353466,0.6820603907637656,0.055062166962699825
592468,"Kingham, Nick","Pit",141,459,459,282,15.85,177,15.85,0.2440087145969499,0.7276688453159041,0.02832244008714597
605164,"Bundy, Dylan","Pit",142,897,897,619,15.853,278,15.853,0.2697881828316611,0.6967670011148273,0.033444816053511704
502327,"Santiago, Héctor","Pit",142,1494,1494,940,15.855,554,15.855,0.2757697456492637,0.6318607764390897,0.09236947791164658
467100,"Nova, Iván","Pit",116,123,123,79,15.859,44,15.859,0.22764227642276422,0.7560975609756098,0.016260162601626018
450308,"Weaver, Jered","Pit",108,1642,1642,1094,15.862,548,15.862,0.2758830694275274,0.6674786845310596,0.05663824604141291
547943,"Ryu, Hyun Jin","Pit",119,1119,1119,721,15.867,398,15.867,0.2716711349419124,0.6952636282394995,0.03306523681858802
694973,"Skenes, Paul","Pit",134,907,907,632,15.867,275,15.867,0.1819184123484013,0.8169790518191842,0.0011025358324145535
468504,"Chacín, Jhoulys","Pit",115,496,496,329,15.867,167,15.867,0.28830645161290325,0.6834677419354839,0.028225806451612902
622250,"Sborz, Josh","Pit",140,362,362,241,15.871,121,15.871,0.22099447513812154,0.7762430939226519,0.0027624309392265192
607067,"Rea, Colin","Pit",158,883,883,622,15.872,261,15.872,0.217440543601359,0.7791619479048698,0.0033975084937712344
622608,"Senzatela, Antonio","Pit",115,1116,1116,685,15.877,431,15.877,0.2517921146953405,0.7195340501792115,0.02867383512544803
672710,"Contreras, Roansy","Pit",134,701,701,473,15.878,228,15.878,0.25677603423680456,0.7203994293865906,0.02282453637660485
433579,"Danks, John","Pit",145,1271,1271,882,15.879,389,15.879,0.3217938630999213,0.6144767899291896,0.06372934697088907
622694,"Hernández, Elieser","Pit",146,196,196,142,15.88,54,15.88,0.2755102040816326,0.6938775510204082,0.030612244897959183
656302,"Cease, Dylan","Pit",135,1387,1387,992,15.88,395,15.88,0.2480173035328046,0.749098774333093,0.002883922134102379
502239,"Cahill, Trevor","Pit",112,573,573,391,15.881,182,15.881,0.33507853403141363,0.6143106457242583,0.0506108202443281
607200,"Fedde, Erick","Pit",120,496,496,306,15.882,190,15.882,0.24596774193548387,0.7278225806451613,0.02620967741935484
593144,"Rodríguez, Richard","Pit",134,484,484,298,15.883,186,15.883,0.2334710743801653,0.7272727272727273,0.03925619834710744
592761,"Smith, Caleb","Pit",146,625,625,432,15.883,193,15.883,0.264,0.7072,0.0288
434671,"Sánchez, Aníbal","Pit",144,943,943,693,15.883,250,15.883,0.27783669141039236,0.6988335100742312,0.02332979851537646
662253,"Muñoz, Andrés","Pit",136,349,349,192,15.884,157,15.884,0.19197707736389685,0.8051575931232091,0.0028653295128939827
623352,"Hader, Josh","Pit",117,440,440,308,15.885,132,15.885,0.2772727272727273,0.7204545454545455,0.0022727272727272726
669387,"Mlodzinski, Carmen","Pit",134,381,381,223,15.89,158,15.89,0.14435695538057744,0.8503937007874016,0.005249343832020997
622608,"Senzatela, Antonio","Pit",115,545,545,364,15.891,181,15.891,0.26972477064220185,0.6972477064220184,0.03302752293577982
605151,"Bradley, Archie","Pit",143,412,412,242,15.892,170,15.892,0.22815533980582525,0.720873786407767,0.050970873786407765
596001,"Junis, Jakob","Pit",118,174,174,114,15.893,60,15.893,0.25862068965517243,0.7126436781609196,0.028735632183908046
668909,"Williams, Gavin","Pit",114,607,607,405,15.895,202,15.895,0.20757825370675453,0.7891268533772653,0.0032948929159802307
657376,"Schmidt, Clarke","Pit",147,676,676,432,15.898,244,15.898,0.26479289940828404,0.7292899408284024,0.005917159763313609
518774,"Harvey, Matt","Pit",118,122,122,68,15.898,54,15.898,0.16393442622950818,0.8032786885245902,0.03278688524590164
661403,"Clase, Emmanuel","Pit",114,375,375,278,15.9,97,15.9,0.232,0.768,0
607536,"Freeland, Kyle","Pit",115,756,756,528,15.9,228,15.9,0.19973544973544974,0.794973544973545,0.005291005291005291
669432,"Rogers, Trevor","Pit",146,257,257,151,15.901,106,15.901,0.24124513618677043,0.7392996108949417,0.019455252918287938
572102,"Sampson, Keyvius","Pit",113,486,486,279,15.903,207,15.903,0.2880658436213992,0.5925925925925926,0.11934156378600823
573186,"Stroman, Marcus","Pit",141,1441,1441,942,15.908,499,15.908,0.29840388619014574,0.6474670367800138,0.05412907702984039
458681,"Lynn, Lance","Pit",138,890,890,531,15.913,359,15.913,0.16741573033707866,0.8314606741573034,0.0011235955056179776
592662,"Ray, Robbie","Pit",109,1251,1251,908,15.915,343,15.915,0.28137490007993604,0.6506794564348521,0.06794564348521183
112526,"Colon, Bartolo","Pit",142,1090,1090,668,15.915,422,15.915,0.22293577981651377,0.726605504587156,0.05045871559633028
457918,"Happ, J.A.","Pit",141,800,800,501,15.915,299,15.915,0.225,0.73125,0.04375
606273,"Elías, Roenis","Pit",120,354,354,217,15.916,137,15.916,0.2457627118644068,0.7344632768361582,0.01977401129943503
544928,"Lyons, Tyler","Pit",138,443,443,263,15.916,180,15.916,0.2528216704288939,0.7246049661399548,0.022573363431151242
595191,"Eickhoff, Jerad","Pit",143,465,465,343,15.916,122,15.916,0.2903225806451613,0.6903225806451613,0.01935483870967742
488768,"Cashner, Andrew","Pit",110,1281,1281,786,15.916,495,15.916,0.23653395784543327,0.7478532396565184,0.0156128024980484
445926,"Chavez, Jesse","Pit",108,1097,1097,788,15.916,309,15.916,0.2944393801276208,0.659070191431176,0.04649042844120328
641627,"Gott, Trevor","Pit",137,414,414,259,15.916,155,15.916,0.2318840579710145,0.7415458937198067,0.026570048309178744
605347,"López, Jorge","Pit",118,422,422,266,15.916,156,15.916,0.22037914691943128,0.7511848341232228,0.02843601895734597
608371,"Sims, Lucas","Pit",144,469,469,284,15.916,185,15.916,0.2537313432835821,0.7057569296375267,0.04051172707889126
434672,"Smith, Chris","Pit",133,491,491,339,15.916,152,15.916,0.2769857433808554,0.6863543788187373,0.03665987780040733
677976,"Dobnak, Randy","Pit",142,343,343,203,15.921,140,15.921,0.20408163265306123,0.7201166180758017,0.07580174927113703
543726,"Ross Jr., Robbie","Pit",140,401,401,202,15.921,199,15.921,0.2194513715710723,0.7456359102244389,0.034912718204488775
434538,"Liriano, Francisco","Pit",141,1342,1342,804,15.923,538,15.923,0.2690014903129657,0.65424739195231,0.07675111773472429
453307,"Huff, David","Pit",147,431,431,256,15.924,175,15.924,0.20649651972157773,0.7563805104408353,0.037122969837587005
628452,"Iglesias, Raisel","Pit",108,427,427,272,15.927,155,15.927,0.22950819672131148,0.7236533957845434,0.0468384074941452
605280,"Holmes, Clay","Pit",147,490,490,263,15.931,227,15.931,0.1510204081632653,0.8428571428571429,0.006122448979591836
571656,"Farmer, Buck","Pit",113,542,542,331,15.932,211,15.932,0.1937269372693727,0.8025830258302583,0.0036900369003690036
554234,"Pérez, Williams","Pit",144,920,920,586,15.933,334,15.933,0.2956521739130435,0.6391304347826087,0.06521739130434782
677976,"Dobnak, Randy","Pit",142,365,365,249,15.934,116,15.934,0.2410958904109589,0.736986301369863,0.021917808219178082
408241,"Peavy, Jake","Pit",111,1063,1063,756,15.935,307,15.935,0.2718720602069614,0.6857949200376293,0.04233301975540922
593576,"Neris, Héctor","Pit",117,437,437,280,15.94,157,15.94,0.2562929061784897,0.7322654462242563,0.011441647597254004
641360,"Bickford, Phil","Pit",121,519,519,284,15.941,235,15.941,0.18304431599229287,0.8131021194605009,0.0038535645472061657
450306,"Vargas, Jason","Pit",118,1443,1443,925,15.942,518,15.942,0.23423423423423423,0.7422037422037422,0.02356202356202356
519263,"Schugel, A.J.","Pit",134,380,380,248,15.946,132,15.946,0.28421052631578947,0.6210526315789474,0.09473684210526316
663474,"McKenzie, Triston","Pit",114,1159,1159,875,15.947,284,15.947,0.28386540120793785,0.6833477135461605,0.03278688524590164
571800,"Hutchison, Drew","Pit",140,349,349,206,15.949,143,15.949,0.22922636103151864,0.7392550143266475,0.03151862464183381
573186,"Stroman, Marcus","Pit",141,1536,1536,1044,15.949,492,15.949,0.2513020833333333,0.7141927083333334,0.034505208333333336
571760,"Heaney, Andrew","Pit",108,760,760,520,15.949,240,15.949,0.2631578947368421,0.6907894736842105,0.046052631578947366
605254,"Gossett, Daniel","Pit",133,720,720,473,15.949,247,15.949,0.22916666666666666,0.7527777777777778,0.018055555555555554
452657,"Lester, Jon","Pit",112,1475,1475,974,15.949,501,15.949,0.26915254237288133,0.6969491525423729,0.03389830508474576
519141,"Pomeranz, Drew","Pit",111,685,685,418,15.95,267,15.95,0.23503649635036497,0.6875912408759124,0.07737226277372262
621244,"Berríos, José","Pit",142,1391,1391,932,15.95,459,15.95,0.2537742631200575,0.706685837526959,0.039539899352983465
571656,"Farmer, Buck","Pit",116,421,421,279,15.95,142,15.95,0.25653206650831356,0.7125890736342043,0.030878859857482184
623167,"Flexen, Chris","Pit",115,752,752,478,15.952,274,15.952,0.21409574468085107,0.7845744680851063,0.0013297872340425532
657649,"Koenig, Jared","Pit",158,455,455,235,15.954,220,15.954,0.14725274725274726,0.8483516483516483,0.004395604395604396
668674,"Erceg, Lucas","Pit",133,501,501,247,15.954,254,15.954,0.1277445109780439,0.8702594810379242,0.001996007984031936
665625,"Peguero, Elvis","Pit",158,395,395,237,15.955,158,15.955,0.2582278481012658,0.739240506329114,0.002531645569620253
407793,"Lackey, John","Pit",111,1275,1275,849,15.958,426,15.958,0.27294117647058824,0.6580392156862745,0.06901960784313725
669022,"Gore, MacKenzie","Pit",120,1060,1060,667,15.961,393,15.961,0.21320754716981133,0.7773584905660378,0.009433962264150943
608717,"Stratton, Chris","Pit",140,574,574,328,15.965,246,15.965,0.20034843205574912,0.7961672473867596,0.003484320557491289
605240,"Fry, Jace","Pit",145,172,172,110,15.965,62,15.965,0.29069767441860467,0.6802325581395349,0.029069767441860465
663878,"Pearson, Nate","Pit",112,458,458,267,15.968,191,15.968,0.17903930131004367,0.8144104803493449,0.006550218340611353
641154,"López, Pablo","Pit",142,1232,1232,820,15.972,412,15.972,0.20941558441558442,0.7832792207792207,0.007305194805194805
434538,"Liriano, Francisco","Pit",134,1112,1112,756,15.972,356,15.972,0.24190647482014388,0.7230215827338129,0.03507194244604316
657140,"Wright, Kyle","Pit",144,1232,1232,811,15.974,421,15.974,0.23944805194805194,0.7272727272727273,0.033279220779220776
543548,"Milone, Tommy","Pit",142,583,583,395,15.977,188,15.977,0.2967409948542024,0.6518010291595198,0.051457975986277875
462382,"Johnson, Jim","Pit",116,397,397,208,15.979,189,15.979,0.20151133501259447,0.7556675062972292,0.042821158690176324
451584,"Davis, Wade","Pit",118,1186,1186,699,15.979,487,15.979,0.23355817875210794,0.7124789207419899,0.05396290050590219
434622,"Jiménez, Ubaldo","Pit",110,1206,1206,752,15.981,454,15.981,0.324212271973466,0.6285240464344942,0.0472636815920398
502624,"Anderson, Chase","Pit",158,1025,1025,677,15.982,348,15.982,0.2624390243902439,0.697560975609756,0.04
477132,"Kershaw, Clayton","Pit",119,788,788,569,15.982,219,15.982,0.27284263959390864,0.7119289340101523,0.015228426395939087
570240,"Peña, Félix","Pit",108,714,714,486,15.982,228,15.982,0.24509803921568626,0.6918767507002801,0.06302521008403361
621385,"Stumpf, Daniel","Pit",116,329,329,174,15.982,155,15.982,0.1762917933130699,0.7872340425531915,0.0364741641337386
430935,"Hamels, Cole","Pit",112,1091,1091,665,15.983,426,15.983,0.20989917506874428,0.763519706691109,0.026581118240146653
643327,"Godley, Zack","Pit",109,1182,1182,849,15.983,333,15.983,0.2546531302876481,0.7064297800338409,0.038917089678511
621111,"Buehler, Walker","Pit",119,1242,1242,865,15.983,377,15.983,0.26811594202898553,0.7093397745571659,0.02254428341384863
656793,"Nelson, Nick","Pit",147,169,169,103,15.983,66,15.983,0.23076923076923078,0.7633136094674556,0.005917159763313609
592346,"González, Chi Chi","Pit",115,563,563,373,15.983,190,15.983,0.24511545293072823,0.7193605683836589,0.035523978685612786
453286,"Scherzer, Max","Pit",140,1030,1030,743,15.984,287,15.984,0.2504854368932039,0.7475728155339806,0.001941747572815534
450306,"Vargas, Jason","Pit",108,1132,1132,726,15.986,406,15.986,0.2226148409893993,0.741166077738516,0.036219081272084806
622554,"Domínguez, Seranthony","Pit",110,457,457,249,15.988,208,15.988,0.16411378555798686,0.8271334792122538,0.0087527352297593
657044,"Thompson, Ryan","Pit",109,425,425,263,15.991,162,15.991,0.14352941176470588,0.8541176470588235,0.002352941176470588
601713,"Pivetta, Nick","Pit",111,133,133,92,15.991,41,15.991,0.2631578947368421,0.7142857142857143,0.022556390977443608
279571,"Belisle, Matt","Pit",115,455,455,288,15.993,167,15.993,0.2549450549450549,0.7076923076923077,0.03736263736263736
621111,"Buehler, Walker","Pit",119,449,449,293,15.994,156,15.994,0.2583518930957684,0.7260579064587973,0.015590200445434299
573204,"Thielbar, Caleb","Pit",142,357,357,180,15.995,177,15.995,0.23249299719887956,0.7507002801120448,0.01680672268907563
664208,"Maton, Phil","Pit",121,486,486,282,16,204,16,0.17078189300411523,0.8271604938271605,0.00205761316872428
593334,"Germán, Domingo","Pit",147,484,484,328,16.007,156,16.007,0.25206611570247933,0.7045454545454546,0.04338842975206612
665152,"Kremer, Dean","Pit",110,1322,1322,894,16.007,428,16.007,0.23751891074130105,0.7556732223903178,0.00680786686838124
502085,"Robertson, David","Pit",146,467,467,297,16.007,170,16.007,0.21841541755888652,0.7730192719486081,0.008565310492505354
570666,"Cessa, Luis","Pit",147,500,500,380,16.008,120,16.008,0.308,0.634,0.058
676710,"Crawford, Kutter","Pit",111,1140,1140,802,16.009,338,16.009,0.16228070175438597,0.8342105263157895,0.0035087719298245615
663773,"Hoeing, Bryan","Pit",146,535,535,339,16.009,196,16.009,0.17570093457943925,0.822429906542056,0.001869158878504673
676440,"Bibee, Tanner","Pit",114,1172,1172,805,16.011,367,16.011,0.2030716723549488,0.7892491467576792,0.007679180887372013
612672,"Chen, Wei-Yin","Pit",110,1377,1377,936,16.012,441,16.012,0.22875816993464052,0.7334785766158315,0.03776325344952796
669456,"Bieber, Shane","Pit",114,826,826,536,16.016,290,16.016,0.23849878934624696,0.7336561743341404,0.02784503631961259
608648,"Duffey, Tyler","Pit",142,430,430,256,16.016,174,16.016,0.22093023255813954,0.7558139534883721,0.023255813953488372
624133,"Suárez, Ranger","Pit",143,359,359,238,16.016,121,16.016,0.2785515320334262,0.7186629526462396,0.002785515320334262
468504,"Chacín, Jhoulys","Pit",111,962,962,622,16.016,340,16.016,0.2286902286902287,0.7193347193347194,0.05197505197505198
519144,"Porcello, Rick","Pit",111,1488,1488,973,16.016,515,16.016,0.2493279569892473,0.7063172043010753,0.04435483870967742
605513,"Turnbull, Spencer","Pit",116,1202,1202,741,16.016,461,16.016,0.20049916805324458,0.7687188019966722,0.030782029950083195
543045,"Conley, Adam","Pit",146,437,437,250,16.016,187,16.016,0.2402745995423341,0.7208237986270023,0.038901601830663615
571735,"Hale, David","Pit",143,128,128,70,16.018,58,16.018,0.234375,0.7265625,0.0390625
502011,"Claiborne, Preston","Pit",147,371,371,188,16.02,183,16.02,0.1509433962264151,0.7897574123989218,0.05929919137466307
543779,"Siegrist, Kevin","Pit",138,349,349,222,16.021,127,16.021,0.18911174785100288,0.7277936962750716,0.0830945558739255
621121,"McCullers Jr., Lance","Pit",117,642,642,368,16.025,274,16.025,0.2772585669781931,0.6386292834890965,0.08411214953271028
670174,"Winckowski, Josh","Pit",111,560,560,322,16.026,238,16.026,0.16428571428571428,0.8267857142857142,0.008928571428571428
425386,"Guthrie, Jeremy","Pit",118,1173,1173,741,16.026,432,16.026,0.30605285592497866,0.6325660699062233,0.061381074168797956
641927,"Ober, Bailey","Pit",142,366,366,255,16.026,111,16.026,0.2650273224043716,0.7131147540983607,0.02185792349726776
601713,"Pivetta, Nick","Pit",111,1008,1008,722,16.029,286,16.029,0.21924603174603174,0.7718253968253969,0.008928571428571428
571510,"Boyd, Matthew","Pit",116,742,742,537,16.03,205,16.03,0.2749326145552561,0.6711590296495957,0.05390835579514825
446185,"Ondrusek, Logan","Pit",113,384,384,254,16.031,130,16.031,0.2526041666666667,0.6927083333333334,0.0546875
641778,"Lauer, Eric","Pit",158,884,884,641,16.031,243,16.031,0.2895927601809955,0.6606334841628959,0.049773755656108594
450351,"Wilson, C.J.","Pit",108,1765,1765,1130,16.033,635,16.033,0.25042492917847026,0.6628895184135978,0.086685552407932
502253,"Sanabia, Alex","Pit",146,387,387,249,16.036,138,16.036,0.27648578811369506,0.6821705426356589,0.041343669250646
666974,"Cano, Yennier","Pit",110,436,436,254,16.037,182,16.037,0.19036697247706422,0.805045871559633,0.0045871559633027525
600917,"Leclerc, José","Pit",140,502,502,287,16.041,215,16.041,0.2410358565737052,0.7569721115537849,0.00199203187250996
450351,"Wilson, C.J.","Pit",108,1618,1618,1081,16.041,537,16.041,0.26081582200247216,0.6897404202719407,0.049443757725587144
641482,"Cortes, Nestor","Pit",147,703,703,496,16.043,207,16.043,0.27453769559032715,0.6927453769559033,0.032716927453769556
571578,"Corbin, Patrick","Pit",120,1184,1184,727,16.043,457,16.043,0.2170608108108108,0.7238175675675675,0.05912162162162162
456071,"Flande, Yohan","Pit",115,530,530,374,16.044,156,16.044,0.3132075471698113,0.6075471698113207,0.07924528301886792
642545,"Barria, Jaime","Pit",108,494,494,311,16.047,183,16.047,0.2165991902834008,0.7732793522267206,0.010121457489878543
579328,"Kikuchi, Yusei","Pit",141,1238,1238,818,16.047,420,16.047,0.20274636510500807,0.7924071082390953,0.004846526655896607
112526,"Colon, Bartolo","Pit",133,1273,1273,848,16.048,425,16.048,0.24509033778476041,0.7250589159465829,0.029850746268656716
625643,"López, Reynaldo","Pit",145,1390,1390,921,16.049,469,16.049,0.2503597122302158,0.6532374100719425,0.09640287769784173
643778,"Webb, Tyler","Pit",138,412,412,306,16.049,106,16.049,0.2961165048543689,0.6796116504854369,0.024271844660194174
608717,"Stratton, Chris","Pit",137,495,495,314,16.049,181,16.049,0.2404040404040404,0.7333333333333333,0.026262626262626262
622864,"Romero, Fernando","Pit",142,427,427,251,16.049,176,16.049,0.23185011709601874,0.7213114754098361,0.0468384074941452
641871,"Middleton, Keynan","Pit",147,363,363,243,16.05,120,16.05,0.19008264462809918,0.8071625344352618,0.0027548209366391185
592351,"Gray, Jon","Pit",115,1298,1298,882,16.05,416,16.05,0.2295839753466872,0.7280431432973806,0.0423728813559322
457918,"Happ, J.A.","Pit",147,1418,1418,944,16.05,474,16.05,0.2454160789844852,0.732722143864598,0.021861777150916785
543331,"Hoover, J.J.","Pit",113,531,531,317,16.051,214,16.051,0.21657250470809794,0.7457627118644068,0.03766478342749529
686799,"Kochanowicz, Jack","Pit",108,347,347,219,16.051,128,16.051,0.15561959654178675,0.8414985590778098,0.002881844380403458
407793,"Lackey, John","Pit",138,1329,1329,872,16.052,457,16.052,0.26787057938299474,0.6711813393528969,0.060948081264108354
622065,"Young, Alex","Pit",113,358,358,213,16.054,145,16.054,0.20949720670391062,0.7877094972067039,0.002793296089385475
465629,"Mujica, Edward","Pit",138,327,327,205,16.054,122,16.054,0.23547400611620795,0.7370030581039755,0.027522935779816515
503449,"Peralta, Wily","Pit",158,1422,1422,967,16.056,455,16.056,0.2559774964838256,0.6821378340365682,0.06188466947960619
621142,"Buttrey, Ty","Pit",108,179,179,118,16.056,61,16.056,0.21787709497206703,0.7541899441340782,0.027932960893854747
664353,"Urquidy, José","Pit",117,183,183,140,16.058,43,16.058,0.25136612021857924,0.7377049180327869,0.01092896174863388
502085,"Robertson, David","Pit",140,546,546,314,16.058,232,16.058,0.19230769230769232,0.8040293040293041,0.003663003663003663
543506,"Maurer, Brandon","Pit",135,356,356,247,16.064,109,16.064,0.3202247191011236,0.6264044943820225,0.05337078651685393
666808,"Doval, Camilo","Pit",137,459,459,235,16.064,224,16.064,0.20043572984749455,0.7930283224400871,0.006535947712418301
669211,"Akin, Keegan","Pit",110,780,780,496,16.065,284,16.065,0.22948717948717948,0.7384615384615385,0.03205128205128205
572362,"Erlin, Robbie","Pit",144,222,222,143,16.066,79,16.066,0.22522522522522523,0.7522522522522522,0.02252252252252252
641771,"Kuhl, Chad","Pit",134,401,401,258,16.066,143,16.066,0.23192019950124687,0.7231920199501247,0.04488778054862843
640462,"Puk, A.J.","Pit",146,427,427,245,16.068,182,16.068,0.16627634660421545,0.8266978922716628,0.00702576112412178
571760,"Heaney, Andrew","Pit",108,460,460,321,16.069,139,16.069,0.23043478260869565,0.7391304347826086,0.030434782608695653
527048,"Pérez, Martín","Pit",140,536,536,360,16.07,176,16.07,0.2891791044776119,0.6175373134328358,0.09328358208955224
518716,"Gee, Dillon","Pit",118,934,934,595,16.071,339,16.071,0.2740899357601713,0.6820128479657388,0.043897216274089934
656550,"Holmes, Grant","Pit",144,400,400,257,16.072,143,16.072,0.225,0.77,0.005
664875,"Lawrence, Justin","Pit",115,582,582,308,16.073,274,16.073,0.19243986254295534,0.8041237113402062,0.003436426116838488
431162,"Stauffer, Tim","Pit",135,450,450,274,16.073,176,16.073,0.21555555555555556,0.7488888888888889,0.035555555555555556
657097,"Webb, Jacob","Pit",110,370,370,199,16.074,171,16.074,0.10540540540540541,0.8945945945945946,0
624522,"Thompson, Keegan","Pit",112,875,875,553,16.074,322,16.074,0.21942857142857142,0.7508571428571429,0.029714285714285714
669920,"Alexander, Jason","Pit",158,580,580,384,16.076,196,16.076,0.2293103448275862,0.7327586206896551,0.03793103448275862
458708,"Tomlin, Josh","Pit",114,738,738,519,16.076,219,16.076,0.24119241192411925,0.6720867208672087,0.08672086720867209
543294,"Hendricks, Kyle","Pit",112,976,976,627,16.079,349,16.079,0.08401639344262295,0.9159836065573771,0
445926,"Chavez, Jesse","Pit",119,476,476,292,16.081,184,16.081,0.25840336134453784,0.6890756302521008,0.052521008403361345
623439,"Garton, Ryan","Pit",139,325,325,186,16.081,139,16.081,0.20615384615384616,0.6861538461538461,0.1076923076923077
571578,"Corbin, Patrick","Pit",109,1392,1392,997,16.082,395,16.082,0.2579022988505747,0.6932471264367817,0.04885057471264368
605446,"Rodríguez, Dereck","Pit",137,908,908,626,16.082,282,16.082,0.23348017621145375,0.736784140969163,0.02973568281938326
543169,"Flynn, Brian","Pit",118,557,557,324,16.082,233,16.082,0.21364452423698385,0.770197486535009,0.01615798922800718
430935,"Hamels, Cole","Pit",112,1370,1370,876,16.082,494,16.082,0.21824817518248174,0.7394160583941606,0.042335766423357665
501985,"Minor, Mike","Pit",140,1523,1523,992,16.083,531,16.083,0.21273801707156928,0.7327642810242941,0.054497701904136574
429722,"Santana, Ervin","Pit",142,1405,1405,1000,16.083,405,16.083,0.2775800711743772,0.6839857651245551,0.038434163701067614
670950,"Richards, Trevor","Pit",146,1043,1043,696,16.083,347,16.083,0.24544582933844677,0.7277085330776606,0.026845637583892617
554430,"Wheeler, Zack","Pit",121,717,717,455,16.083,262,16.083,0.2175732217573222,0.7308228730822873,0.05160390516039052
643493,"Pruitt, Austin","Pit",133,354,354,250,16.083,104,16.083,0.18926553672316385,0.8022598870056498,0.00847457627118644
571882,"Law, Derek","Pit",141,565,565,321,16.083,244,16.083,0.21415929203539824,0.7345132743362832,0.05132743362831858
425794,"Wainwright, Adam","Pit",138,1399,1399,876,16.083,523,16.083,0.2394567548248749,0.7119370979270908,0.04860614724803431
445926,"Chavez, Jesse","Pit",133,1240,1240,803,16.084,437,16.084,0.275,0.6266129032258064,0.09838709677419355
673540,"Senga, Kodai","Pit",121,1220,1220,831,16.086,389,16.086,0.22377049180327868,0.769672131147541,0.006557377049180328
545333,"Bauer, Trevor","Pit",114,1304,1304,889,16.089,415,16.089,0.28911042944785276,0.6096625766871165,0.10122699386503067
668674,"Erceg, Lucas","Pit",118,405,405,261,16.094,144,16.094,0.18765432098765433,0.8,0.012345679012345678
642232,"Yarbrough, Ryan","Pit",119,609,609,369,16.096,240,16.096,0.18226600985221675,0.8160919540229885,0.0016420361247947454
543606,"Odorizzi, Jake","Pit",139,1475,1475,997,16.098,478,16.098,0.2861016949152542,0.6447457627118645,0.06915254237288136
544928,"Lyons, Tyler","Pit",138,327,327,222,16.098,105,16.098,0.3333333333333333,0.6116207951070336,0.05504587155963303
650556,"Abreu, Bryan","Pit",117,558,558,322,16.098,236,16.098,0.1917562724014337,0.8010752688172043,0.007168458781362007
641540,"Dunning, Dane","Pit",145,276,276,188,16.098,88,16.098,0.2536231884057971,0.7101449275362319,0.036231884057971016
534910,"Hahn, Jesse","Pit",135,557,557,337,16.098,220,16.098,0.1867145421903052,0.7755834829443446,0.03770197486535009
595191,"Eickhoff, Jerad","Pit",143,1423,1423,988,16.099,435,16.099,0.2782853127196065,0.651440618411806,0.07027406886858749
621111,"Buehler, Walker","Pit",119,1411,1411,942,16.102,469,16.102,0.23671155209071582,0.7406094968107725,0.022678951098511695
669622,"Bender, Anthony","Pit",146,464,464,243,16.103,221,16.103,0.13577586206896552,0.8556034482758621,0.008620689655172414
474699,"Worley, Vance","Pit",110,631,631,386,16.108,245,16.108,0.24564183835182252,0.722662440570523,0.03169572107765452
503449,"Peralta, Wily","Pit",158,807,807,509,16.108,298,16.108,0.2812887236679058,0.5985130111524164,0.12019826517967781
592351,"Gray, Jon","Pit",115,296,296,219,16.109,77,16.109,0.23986486486486486,0.7297297297297297,0.030405405405405407
607074,"Rodón, Carlos","Pit",147,439,439,290,16.109,149,16.109,0.17995444191343962,0.8086560364464692,0.011389521640091117
664875,"Lawrence, Justin","Pit",115,515,515,240,16.11,275,16.11,0.1203883495145631,0.8679611650485437,0.011650485436893204
641771,"Kuhl, Chad","Pit",115,1123,1123,717,16.112,406,16.112,0.21727515583259127,0.7337488869100623,0.048975957257346395
445163,"Janssen, Casey","Pit",141,339,339,240,16.112,99,16.112,0.2831858407079646,0.640117994100295,0.07669616519174041
666808,"Doval, Camilo","Pit",137,503,503,264,16.113,239,16.113,0.12127236580516898,0.8747514910536779,0.003976143141153081
452657,"Lester, Jon","Pit",111,1638,1638,1002,16.115,636,16.115,0.2313797313797314,0.7228327228327228,0.045787545787545784
434538,"Liriano, Francisco","Pit",117,873,873,508,16.116,365,16.116,0.1970217640320733,0.7766323024054983,0.026345933562428408
666200,"Luzardo, Jesús","Pit",146,747,747,534,16.116,213,16.116,0.27710843373493976,0.7054886211512718,0.01740294511378849
451596,"Gallardo, Yovani","Pit",140,854,854,555,16.116,299,16.116,0.2388758782201405,0.7423887587822015,0.01873536299765808
640455,"Manaea, Sean","Pit",133,1187,1187,714,16.116,473,16.116,0.2064026958719461,0.7489469250210615,0.04465037910699242
676265,"Abbott, Cory","Pit",120,358,358,244,16.119,114,16.119,0.22905027932960895,0.7011173184357542,0.06983240223463687
656756,"Montgomery, Jordan","Pit",147,318,318,217,16.119,101,16.119,0.24213836477987422,0.7389937106918238,0.018867924528301886
430935,"Hamels, Cole","Pit",143,1288,1288,815,16.12,473,16.12,0.22127329192546583,0.7406832298136646,0.03804347826086957
605164,"Bundy, Dylan","Pit",108,713,713,493,16.121,220,16.121,0.2314165497896213,0.7279102384291725,0.04067321178120617
621121,"McCullers Jr., Lance","Pit",117,450,450,298,16.122,152,16.122,0.18888888888888888,0.76,0.051111111111111114
518875,"Kelley, Shawn","Pit",147,453,453,256,16.123,197,16.123,0.2251655629139073,0.7306843267108167,0.04415011037527594
543506,"Maurer, Brandon","Pit",135,547,547,359,16.13,188,16.13,0.31078610603290674,0.6307129798903108,0.05850091407678245
666120,"Anderson, Ian","Pit",144,988,988,682,16.131,306,16.131,0.26417004048583,0.6983805668016194,0.03744939271255061
445213,"Kintzler, Brandon","Pit",158,501,501,332,16.132,169,16.132,0.2215568862275449,0.7425149700598802,0.03592814371257485
640451,"Harvey, Hunter","Pit",120,408,408,248,16.134,160,16.134,0.19852941176470587,0.7990196078431373,0.0024509803921568627
573204,"Thielbar, Caleb","Pit",142,376,376,210,16.135,166,16.135,0.11702127659574468,0.875,0.007978723404255319
112526,"Colon, Bartolo","Pit",121,1404,1404,925,16.141,479,16.141,0.23219373219373218,0.7215099715099715,0.046296296296296294
519008,"McFarland, T.J.","Pit",110,540,540,295,16.147,245,16.147,0.20185185185185187,0.7703703703703704,0.027777777777777776
477132,"Kershaw, Clayton","Pit",119,1486,1486,1069,16.147,417,16.147,0.26648721399730824,0.6911170928667564,0.0423956931359354
543606,"Odorizzi, Jake","Pit",139,1216,1216,829,16.148,387,16.148,0.29276315789473684,0.625,0.08223684210526316
606162,"Ramírez, Yefry","Pit",110,547,547,351,16.149,196,16.149,0.24314442413162707,0.716636197440585,0.04021937842778794
450203,"Morton, Charlie","Pit",139,1432,1432,966,16.149,466,16.149,0.2325418994413408,0.7346368715083799,0.03282122905027933
573186,"Stroman, Marcus","Pit",141,844,844,509,16.149,335,16.149,0.23104265402843602,0.7381516587677726,0.030805687203791468
605200,"Davies, Zach","Pit",109,1146,1146,789,16.15,357,16.15,0.20680628272251309,0.7652705061082025,0.027923211169284468
664353,"Urquidy, José","Pit",117,341,341,237,16.15,104,16.15,0.2287390029325513,0.7419354838709677,0.02932551319648094
517593,"Salazar, Danny","Pit",114,845,845,572,16.155,273,16.155,0.2272189349112426,0.7183431952662722,0.054437869822485205
669923,"Kirby, George","Pit",136,1146,1146,793,16.158,353,16.158,0.18848167539267016,0.8089005235602095,0.002617801047120419
605200,"Davies, Zach","Pit",135,555,555,423,16.159,132,16.159,0.23783783783783785,0.7423423423423423,0.01981981981981982
594798,"deGrom, Jacob","Pit",121,1076,1076,745,16.16,331,16.16,0.266728624535316,0.6579925650557621,0.07527881040892194
666214,"Wentz, Joey","Pit",116,858,858,548,16.16,310,16.16,0.21328671328671328,0.7843822843822844,0.002331002331002331
543456,"Lobstein, Kyle","Pit",116,479,479,320,16.16,159,16.16,0.2776617954070981,0.651356993736952,0.0709812108559499
425794,"Wainwright, Adam","Pit",138,437,437,308,16.164,129,16.164,0.2517162471395881,0.7139588100686499,0.034324942791762014
448306,"Shields, James","Pit",118,1670,1670,1063,16.166,607,16.166,0.2245508982035928,0.7173652694610778,0.05808383233532934
518774,"Harvey, Matt","Pit",121,1265,1265,928,16.168,337,16.168,0.2909090909090909,0.6324110671936759,0.0766798418972332
656945,"Scott, Tanner","Pit",135,462,462,239,16.168,223,16.168,0.18831168831168832,0.8051948051948052,0.006493506493506494
543144,"Farquhar, Danny","Pit",136,379,379,237,16.168,142,16.168,0.35356200527704484,0.5910290237467019,0.055408970976253295
518863,"Jordan, Taylor","Pit",120,344,344,212,16.173,132,16.173,0.21220930232558138,0.7412790697674418,0.046511627906976744
694297,"Pfaadt, Brandon","Pit",109,717,717,458,16.173,259,16.173,0.17294281729428174,0.8228730822873083,0.0041841004184100415
666277,"Soriano, George","Pit",146,420,420,220,16.176,200,16.176,0.16904761904761906,0.8285714285714286,0.002380952380952381
605164,"Bundy, Dylan","Pit",110,842,842,534,16.178,308,16.178,0.2517814726840855,0.6828978622327792,0.06532066508313539
446899,"Ziegler, Brad","Pit",111,455,455,240,16.181,215,16.181,0.26153846153846155,0.6329670329670329,0.1054945054945055
592866,"Williams, Trevor","Pit",134,1036,1036,688,16.182,348,16.182,0.21814671814671815,0.722972972972973,0.05888030888030888
606167,"Mejía, Adalberto","Pit",142,776,776,453,16.183,323,16.183,0.22036082474226804,0.6778350515463918,0.1018041237113402
462136,"Estrada, Marco","Pit",141,1438,1438,918,16.183,520,16.183,0.21001390820584145,0.7649513212795549,0.025034770514603615
670950,"Richards, Trevor","Pit",139,1007,1007,695,16.183,312,16.183,0.24329692154915591,0.7070506454816285,0.04965243296921549
457918,"Happ, J.A.","Pit",141,1153,1153,765,16.183,388,16.183,0.24111014744145706,0.7302688638334779,0.028620988725065046
572971,"Keuchel, Dallas","Pit",117,1733,1733,1172,16.184,561,16.184,0.3046739757645701,0.6260819388343912,0.06924408540103866
501625,"Alvarez, Jose","Pit",116,348,348,223,16.186,125,16.186,0.21839080459770116,0.7557471264367817,0.02586206896551724
607374,"Tropeano, Nick","Pit",108,325,325,242,16.186,83,16.186,0.26461538461538464,0.6738461538461539,0.06153846153846154
434669,"Mendoza, Luis","Pit",118,692,692,453,16.189,239,16.189,0.2138728323699422,0.75,0.036127167630057806
656288,"Canning, Griffin","Pit",108,904,904,616,16.19,288,16.19,0.24778761061946902,0.7389380530973452,0.01327433628318584
543331,"Hoover, J.J.","Pit",113,540,540,342,16.19,198,16.19,0.24444444444444444,0.6648148148148149,0.09074074074074075
542914,"Bass, Anthony","Pit",140,486,486,273,16.193,213,16.193,0.25102880658436216,0.6790123456790124,0.06995884773662552
662253,"Muñoz, Andrés","Pit",136,423,423,295,16.193,128,16.193,0.16784869976359337,0.8226950354609929,0.009456264775413711
643377,"Jax, Griffin","Pit",142,453,453,279,16.196,174,16.196,0.15894039735099338,0.8344370860927153,0.006622516556291391
592879,"Wojciechowski, Asher","Pit",110,319,319,195,16.196,124,16.196,0.2006269592476489,0.7617554858934169,0.03761755485893417
519443,"Workman, Brandon","Pit",111,386,386,243,16.199,143,16.199,0.21502590673575128,0.7564766839378239,0.02849740932642487
641627,"Gott, Trevor","Pit",108,357,357,206,16.2,151,16.2,0.25770308123249297,0.6246498599439776,0.11764705882352941
502043,"Gibson, Kyle","Pit",142,415,415,261,16.202,154,16.202,0.25542168674698795,0.7036144578313253,0.04096385542168675
686613,"Brown, Hunter","Pit",117,1218,1218,834,16.203,384,16.203,0.22495894909688013,0.7692939244663383,0.005747126436781609
434538,"Liriano, Francisco","Pit",134,1407,1407,933,16.203,474,16.203,0.27292110874200426,0.6183368869936035,0.10874200426439233
672335,"Pérez, Cionel","Pit",110,387,387,209,16.208,178,16.208,0.17571059431524547,0.813953488372093,0.0103359173126615
664062,"Gonsolin, Tony","Pit",119,684,684,488,16.208,196,16.208,0.17690058479532164,0.8216374269005848,0.0014619883040935672
605347,"López, Jorge","Pit",110,419,419,243,16.21,176,16.21,0.21957040572792363,0.7684964200477327,0.011933174224343675
544931,"Strasburg, Stephen","Pit",120,1075,1075,747,16.215,328,16.215,0.27813953488372095,0.6065116279069768,0.11534883720930232
607231,"Gant, John","Pit",138,475,475,296,16.216,179,16.216,0.1957894736842105,0.7010526315789474,0.1031578947368421
656546,"Hoffman, Jeff","Pit",115,569,569,397,16.216,172,16.216,0.20913884007029876,0.7240773286467487,0.06678383128295255
592130,"Barnes, Danny","Pit",141,466,466,285,16.216,181,16.216,0.21244635193133046,0.7381974248927039,0.04935622317596566
641571,"Fillmyer, Heath","Pit",118,638,638,426,16.216,212,16.216,0.24294670846394983,0.7163009404388715,0.04075235109717868
594965,"Ponce de Leon, Daniel","Pit",138,377,377,264,16.216,113,16.216,0.19363395225464192,0.76657824933687,0.03978779840848806
657024,"Swanson, Erik","Pit",141,453,453,280,16.217,173,16.217,0.1390728476821192,0.8587196467991169,0.002207505518763797
656756,"Montgomery, Jordan","Pit",147,1156,1156,782,16.217,374,16.217,0.22404844290657439,0.7179930795847751,0.05795847750865052
571882,"Law, Derek","Pit",137,389,389,266,16.217,123,16.217,0.31362467866323906,0.5424164524421594,0.14395886889460155
605397,"Musgrove, Joe","Pit",117,757,757,482,16.217,275,16.217,0.20343461030383092,0.7490092470277411,0.047556142668428
668933,"Ashcraft, Graham","Pit",113,559,559,337,16.217,222,16.217,0.09302325581395349,0.8962432915921288,0.01073345259391771
605276,"Hess, David","Pit",110,621,621,423,16.217,198,16.217,0.24476650563607086,0.7214170692431562,0.033816425120772944
666120,"Anderson, Ian","Pit",144,884,884,591,16.221,293,16.221,0.2420814479638009,0.7205882352941176,0.03733031674208145
571578,"Corbin, Patrick","Pit",109,1159,1159,719,16.223,440,16.223,0.2441760138050043,0.6609145815358067,0.09490940465918896
669022,"Gore, MacKenzie","Pit",120,1216,1216,738,16.224,478,16.224,0.18092105263157895,0.8166118421052632,0.0024671052631578946
467094,"Doubront, Felix","Pit",111,1325,1325,799,16.228,526,16.228,0.2120754716981132,0.7335849056603774,0.05433962264150943
600921,"Machado, Andrés","Pit",120,324,324,169,16.229,155,16.229,0.11728395061728394,0.8734567901234568,0.009259259259259259
501925,"Smith, Joe","Pit",112,378,378,251,16.229,127,16.229,0.2698412698412698,0.6772486772486772,0.05291005291005291
501381,"Pineda, Michael","Pit",147,500,500,374,16.231,126,16.231,0.278,0.678,0.044
430599,"Blanton, Joe","Pit",134,498,498,362,16.236,136,16.236,0.3232931726907631,0.6244979919678715,0.05220883534136546
670990,"Ramírez, Yohan","Pit",145,358,358,153,16.237,205,16.237,0.15921787709497207,0.8324022346368715,0.008379888268156424
657053,"Toussaint, Touki","Pit",144,233,233,143,16.24,90,16.24,0.22317596566523606,0.7296137339055794,0.04721030042918455
640470,"Alzolay, Adbert","Pit",112,391,391,253,16.241,138,16.241,0.21739130434782608,0.7774936061381074,0.005115089514066497
435221,"McCarthy, Brandon","Pit",147,1324,1324,908,16.242,416,16.242,0.2001510574018127,0.775679758308157,0.02416918429003021
670280,"Bednar, David","Pit",134,434,434,244,16.242,190,16.242,0.15898617511520738,0.836405529953917,0.004608294930875576
657093,"Watkins, Spenser","Pit",110,432,432,269,16.244,163,16.244,0.20601851851851852,0.7546296296296297,0.03935185185185185
681869,"Dubin, Shawn","Pit",117,391,391,193,16.245,198,16.245,0.11508951406649616,0.8772378516624041,0.0076726342710997444
622503,"Crismatt, Nabil","Pit",135,612,612,363,16.246,249,16.246,0.21405228758169934,0.7679738562091504,0.017973856209150325
672282,"Detmers, Reid","Pit",108,981,981,618,16.246,363,16.246,0.2069317023445464,0.7696228338430173,0.023445463812436288
534737,"Dean, Pat","Pit",142,563,563,340,16.247,223,16.247,0.2433392539964476,0.6998223801065719,0.056838365896980464
676477,"Whitlock, Garrett","Pit",111,518,518,378,16.248,140,16.248,0.22586872586872586,0.7335907335907336,0.04054054054054054
656713,"McKay, Brendan","Pit",139,397,397,255,16.249,142,16.249,0.21914357682619648,0.7229219143576826,0.05793450881612091
461872,"Swarzak, Anthony","Pit",142,714,714,448,16.249,266,16.249,0.22829131652661064,0.7184873949579832,0.05322128851540616
543101,"DeSclafani, Anthony","Pit",113,1153,1153,832,16.249,321,16.249,0.2523850823937554,0.7025151777970512,0.045099739809193407
434622,"Jiménez, Ubaldo","Pit",110,1509,1509,955,16.249,554,16.249,0.2690523525513585,0.6719681908548708,0.058979456593770706
594798,"deGrom, Jacob","Pit",121,1330,1330,897,16.249,433,16.249,0.22255639097744362,0.7172932330827068,0.06015037593984962
488768,"Cashner, Andrew","Pit",140,1235,1235,766,16.249,469,16.249,0.2291497975708502,0.734412955465587,0.03643724696356275
593974,"Peralta, Wandy","Pit",113,428,428,285,16.25,143,16.25,0.23598130841121495,0.7313084112149533,0.03271028037383177
608032,"Estévez, Carlos","Pit",115,551,551,319,16.25,232,16.25,0.24682395644283123,0.7041742286751361,0.04900181488203267
450306,"Vargas, Jason","Pit",143,1208,1208,765,16.25,443,16.25,0.16473509933774835,0.7822847682119205,0.052980132450331126
543294,"Hendricks, Kyle","Pit",112,1215,1215,871,16.25,344,16.25,0.1991769547325103,0.7728395061728395,0.027983539094650206
669456,"Bieber, Shane","Pit",114,683,683,457,16.252,226,16.252,0.22693997071742314,0.7115666178623719,0.06149341142020498
678394,"Bello, Brayan","Pit",111,462,462,224,16.253,238,16.253,0.16666666666666666,0.6796536796536796,0.15367965367965367
622663,"Severino, Luis","Pit",147,716,716,504,16.258,212,16.258,0.28631284916201116,0.6536312849162011,0.06005586592178771
596295,"Gomber, Austin","Pit",115,863,863,577,16.259,286,16.259,0.20278099652375434,0.7624565469293163,0.03476245654692932
518774,"Harvey, Matt","Pit",110,1004,1004,640,16.259,364,16.259,0.19621513944223107,0.7609561752988048,0.04282868525896414
541640,"Ramírez, Erasmo","Pit",139,1050,1050,707,16.262,343,16.262,0.2838095238095238,0.6361904761904762,0.08
570632,"Ureña, José","Pit",116,776,776,482,16.262,294,16.262,0.18943298969072164,0.7680412371134021,0.04252577319587629
628711,"Urías, Julio","Pit",119,790,790,548,16.264,242,16.264,0.1341772151898734,0.8632911392405064,0.002531645569620253
605242,"Fulmer, Michael","Pit",112,427,427,242,16.267,185,16.267,0.16393442622950818,0.8337236533957846,0.00234192037470726
664849,"Young, Danny","Pit",121,353,353,228,16.268,125,16.268,0.14730878186968838,0.8328611898016998,0.019830028328611898
425840,"Cotts, Neal","Pit",140,377,377,255,16.269,122,16.269,0.22811671087533156,0.7400530503978779,0.03183023872679045
465629,"Mujica, Edward","Pit",111,390,390,230,16.272,160,16.272,0.18974358974358974,0.7897435897435897,0.020512820512820513
663574,"Santillan, Tony","Pit",113,366,366,220,16.273,146,16.273,0.20218579234972678,0.7431693989071039,0.0546448087431694
640470,"Alzolay, Adbert","Pit",112,174,174,108,16.274,66,16.274,0.20689655172413793,0.7241379310344828,0.06896551724137931
606160,"Montero, Rafael","Pit",117,534,534,309,16.276,225,16.276,0.149812734082397,0.8408239700374532,0.009363295880149813
519141,"Pomeranz, Drew","Pit",135,153,153,83,16.278,70,16.278,0.13725490196078433,0.7973856209150327,0.06535947712418301
445060,"Nolasco, Ricky","Pit",119,1515,1515,1010,16.28,505,16.28,0.23696369636963696,0.7135313531353136,0.04950495049504951
600917,"Leclerc, José","Pit",140,418,418,257,16.281,161,16.281,0.215311004784689,0.7822966507177034,0.0023923444976076554
477132,"Kershaw, Clayton","Pit",119,1084,1084,819,16.282,265,16.282,0.2785977859778598,0.6992619926199262,0.02214022140221402
622446,"Rodriguez, Jefry","Pit",114,353,353,226,16.282,127,16.282,0.19830028328611898,0.7337110481586402,0.0679886685552408
461829,"González, Gio","Pit",158,694,694,481,16.282,213,16.282,0.25936599423631124,0.723342939481268,0.01729106628242075
593140,"Feliz, Michael","Pit",134,433,433,247,16.283,186,16.283,0.17551963048498845,0.7944572748267898,0.03002309468822171
656794,"Newcomb, Sean","Pit",144,554,554,343,16.283,211,16.283,0.2148014440433213,0.776173285198556,0.009025270758122744
623381,"Pannone, Thomas","Pit",141,337,337,239,16.283,98,16.283,0.23738872403560832,0.744807121661721,0.017804154302670624
502706,"Holland, Derek","Pit",145,1240,1240,704,16.283,536,16.283,0.1879032258064516,0.7548387096774194,0.05725806451612903
543699,"Roark, Tanner","Pit",120,1387,1387,923,16.283,464,16.283,0.21557317952415284,0.7498197548666186,0.03460706560922855
596133,"Weaver, Luke","Pit",109,490,490,331,16.283,159,16.283,0.22244897959183674,0.736734693877551,0.04081632653061224
605280,"Holmes, Clay","Pit",147,469,469,269,16.288,200,16.288,0.12366737739872068,0.8678038379530917,0.008528784648187633
628317,"Maeda, Kenta","Pit",116,856,856,542,16.288,314,16.288,0.16355140186915887,0.8341121495327103,0.002336448598130841
676680,"Cosgrove, Tom","Pit",135,399,399,232,16.289,167,16.289,0.12030075187969924,0.8771929824561403,0.002506265664160401
445612,"Thayer, Dale","Pit",135,502,502,276,16.29,226,16.29,0.1852589641434263,0.7729083665338645,0.04183266932270916
670174,"Winckowski, Josh","Pit",111,588,588,347,16.29,241,16.29,0.21598639455782312,0.7227891156462585,0.061224489795918366
663986,"Stephan, Trevor","Pit",114,466,466,260,16.291,206,16.291,0.16738197424892703,0.8304721030042919,0.002145922746781116
571901,"Loup, Aaron","Pit",108,358,358,162,16.294,196,16.294,0.036312849162011177,0.9608938547486033,0.002793296089385475
664199,"Clarke, Taylor","Pit",118,414,414,284,16.294,130,16.294,0.178743961352657,0.8140096618357487,0.007246376811594203
453268,"Bard, Daniel","Pit",115,452,452,218,16.297,234,16.297,0.12168141592920353,0.8761061946902655,0.0022123893805309734
501985,"Minor, Mike","Pit",144,1138,1138,748,16.298,390,16.298,0.22759226713532513,0.7249560632688928,0.04745166959578207
543037,"Cole, Gerrit","Pit",134,1442,1442,996,16.3,446,16.3,0.2988904299583911,0.602635228848821,0.09847434119278779
465679,"Deduno, Samuel","Pit",117,815,815,493,16.3,322,16.3,0.2343558282208589,0.7337423312883435,0.03190184049079755
607259,"Martinez, Nick","Pit",140,997,997,624,16.303,373,16.303,0.26479438314944836,0.629889669007021,0.10531594784353059
453286,"Scherzer, Max","Pit",116,1604,1604,999,16.304,605,16.304,0.2213216957605985,0.678927680798005,0.09975062344139651
608379,"Wacha, Michael","Pit",139,771,771,527,16.308,244,16.308,0.23476005188067445,0.7224383916990921,0.042801556420233464
543243,"Gray, Sonny","Pit",142,1227,1227,775,16.308,452,16.308,0.19233903830480847,0.8027709861450693,0.004889975550122249
669330,"Wells, Tyler","Pit",110,870,870,647,16.311,223,16.311,0.17011494252873563,0.828735632183908,0.0011494252873563218
643338,"Green, Chad","Pit",147,382,382,250,16.311,132,16.311,0.24607329842931938,0.693717277486911,0.060209424083769635
432934,"Young, Chris","Pit",118,780,780,514,16.312,266,16.312,0.2641025641025641,0.6871794871794872,0.04871794871794872
593140,"Feliz, Michael","Pit",117,549,549,359,16.312,190,16.312,0.2768670309653916,0.668488160291439,0.0546448087431694
657006,"Steele, Justin","Pit",112,453,453,249,16.314,204,16.314,0.17660044150110377,0.7880794701986755,0.03532008830022075
642003,"Reed, Cody","Pit",139,132,132,76,16.315,56,16.315,0.20454545454545456,0.7727272727272727,0.022727272727272728
468504,"Chacín, Jhoulys","Pit",108,1123,1123,723,16.315,400,16.315,0.25467497773820125,0.6589492430988424,0.08637577916295637
621111,"Buehler, Walker","Pit",119,274,274,206,16.316,68,16.316,0.2773722627737226,0.708029197080292,0.014598540145985401
501381,"Pineda, Michael","Pit",147,673,673,485,16.316,188,16.316,0.2600297176820208,0.6523031203566122,0.08766716196136701
519144,"Porcello, Rick","Pit",111,1316,1316,817,16.316,499,16.316,0.2066869300911854,0.7332826747720365,0.06003039513677812
543521,"McHugh, Collin","Pit",117,635,635,432,16.316,203,16.316,0.2204724409448819,0.7559055118110236,0.023622047244094488
543521,"McHugh, Collin","Pit",144,478,478,278,16.319,200,16.319,0.15690376569037656,0.8075313807531381,0.03556485355648536
469134,"Rogers, Esmil","Pit",141,1119,1119,721,16.323,398,16.323,0.23949955317247543,0.6854334226988382,0.07506702412868632
475479,"Phelps, David","Pit",146,927,927,600,16.323,327,16.323,0.28802588996763756,0.6094929881337648,0.10248112189859762
453311,"Lincecum, Tim","Pit",137,1216,1216,849,16.327,367,16.327,0.22615131578947367,0.740953947368421,0.03289473684210526
669203,"Burnes, Corbin","Pit",158,1325,1325,945,16.328,380,16.328,0.16528301886792454,0.8279245283018868,0.006792452830188679
592433,"Jenkins, Tyrell","Pit",144,434,434,268,16.335,166,16.335,0.27419354838709675,0.6658986175115207,0.059907834101382486
628452,"Iglesias, Raisel","Pit",113,720,720,500,16.338,220,16.338,0.28888888888888886,0.6486111111111111,0.0625
448179,"Hill, Rich","Pit",121,1164,1164,779,16.341,385,16.341,0.24054982817869416,0.7104810996563574,0.04896907216494845
571800,"Hutchison, Drew","Pit",141,1075,1075,704,16.342,371,16.342,0.28186046511627905,0.6120930232558139,0.10604651162790697
670124,"Oller, Adam","Pit",146,331,331,197,16.344,134,16.344,0.15709969788519637,0.8429003021148036,0
657240,"Merryweather, Julian","Pit",112,518,518,288,16.349,230,16.349,0.10617760617760617,0.888030888030888,0.005791505791505791
594840,"Grace, Matt","Pit",120,344,344,211,16.349,133,16.349,0.1308139534883721,0.8197674418604651,0.04941860465116279
452657,"Lester, Jon","Pit",112,1510,1510,974,16.349,536,16.349,0.22913907284768212,0.7291390728476821,0.041721854304635764
458708,"Tomlin, Josh","Pit",144,487,487,315,16.35,172,16.35,0.20739219712525667,0.7659137577002053,0.026694045174537988
527048,"Pérez, Martín","Pit",142,1210,1210,762,16.35,448,16.35,0.23553719008264462,0.6975206611570248,0.06694214876033058
596133,"Weaver, Luke","Pit",109,475,475,324,16.35,151,16.35,0.2336842105263158,0.7305263157894737,0.035789473684210524
643230,"Brault, Steven","Pit",134,933,933,561,16.35,372,16.35,0.16291532690246516,0.7802786709539121,0.05680600214362272
643256,"Cimber, Adam","Pit",114,387,387,242,16.35,145,16.35,0.11886304909560723,0.8372093023255814,0.04392764857881137
474699,"Worley, Vance","Pit",146,591,591,362,16.35,229,16.35,0.16751269035532995,0.8223350253807107,0.01015228426395939
444857,"Feldman, Scott","Pit",113,915,915,607,16.35,308,16.35,0.1825136612021858,0.7781420765027323,0.03934426229508197
686752,"Pepiot, Ryan","Pit",119,377,377,223,16.351,154,16.351,0.1962864721485411,0.7851458885941645,0.01856763925729443
218596,"Hudson, Tim","Pit",144,918,918,630,16.351,288,16.351,0.2047930283224401,0.7668845315904139,0.02832244008714597
572888,"Greene, Shane","Pit",147,644,644,406,16.352,238,16.352,0.20652173913043478,0.7375776397515528,0.055900621118012424
453214,"Wright, Steven","Pit",111,1195,1195,770,16.353,425,16.353,0.24769874476987447,0.6820083682008368,0.07029288702928871
543135,"Eovaldi, Nathan","Pit",140,1056,1056,754,16.354,302,16.354,0.20549242424242425,0.790719696969697,0.003787878787878788
592593,"Nicolino, Justin","Pit",146,471,471,317,16.355,154,16.355,0.2823779193205945,0.6305732484076433,0.0870488322717622
488768,"Cashner, Andrew","Pit",135,1430,1430,908,16.359,522,16.359,0.26713286713286716,0.6545454545454545,0.07832167832167833
668338,"Miller, Tyson","Pit",112,389,389,237,16.36,152,16.36,0.13624678663239073,0.8637532133676092,0
605513,"Turnbull, Spencer","Pit",116,345,345,226,16.364,119,16.364,0.21159420289855072,0.7217391304347827,0.06666666666666667
572070,"Richards, Garrett","Pit",108,1252,1252,818,16.365,434,16.365,0.22523961661341854,0.7156549520766773,0.05910543130990415
477132,"Kershaw, Clayton","Pit",119,384,384,296,16.368,88,16.368,0.2838541666666667,0.7005208333333334,0.015625
539438,"Diamond, Scott","Pit",142,1021,1021,715,16.368,306,16.368,0.20861900097943192,0.7571008814887366,0.034280117531831536
623167,"Flexen, Chris","Pit",145,1228,1228,784,16.369,444,16.369,0.18403908794788273,0.8118892508143323,0.004071661237785016
543475,"Lyles, Jordan","Pit",115,340,340,215,16.369,125,16.369,0.3411764705882353,0.5558823529411765,0.10294117647058823
456501,"Cueto, Johnny","Pit",137,1502,1502,986,16.373,516,16.373,0.28495339547270304,0.6098535286284953,0.1051930758988016
452027,"Albers, Andrew","Pit",142,422,422,267,16.373,155,16.373,0.22037914691943128,0.7488151658767772,0.030805687203791468
666974,"Cano, Yennier","Pit",110,439,439,276,16.375,163,16.375,0.13895216400911162,0.856492027334852,0.004555808656036446
670990,"Ramírez, Yohan","Pit",136,214,214,95,16.376,119,16.376,0.14018691588785046,0.780373831775701,0.0794392523364486
605400,"Nola, Aaron","Pit",143,540,540,339,16.377,201,16.377,0.2351851851851852,0.6722222222222223,0.09259259259259259
547179,"Lorenzen, Michael","Pit",108,753,753,476,16.377,277,16.377,0.22576361221779548,0.750332005312085,0.02390438247011952
664285,"Valdez, Framber","Pit",117,1001,1001,650,16.377,351,16.377,0.24975024975024976,0.7082917082917083,0.04195804195804196
544931,"Strasburg, Stephen","Pit",120,941,941,692,16.382,249,16.382,0.2922422954303932,0.5876726886291179,0.12008501594048884
543734,"Rusin, Chris","Pit",115,376,376,235,16.383,141,16.383,0.17819148936170212,0.7712765957446809,0.05053191489361702
608331,"Fried, Max","Pit",144,1249,1249,894,16.383,355,16.383,0.20176140912730184,0.7958366693354684,0.0024019215372297837
681035,"Scott, Christian","Pit",121,335,335,234,16.383,101,16.383,0.16119402985074627,0.8328358208955224,0.005970149253731343
607188,"Faria, Jake","Pit",139,527,527,359,16.383,168,16.383,0.22770398481973433,0.715370018975332,0.056925996204933584
592644,"Plutko, Adam","Pit",114,547,547,402,16.383,145,16.383,0.20840950639853748,0.7787934186471663,0.012797074954296161
502624,"Anderson, Chase","Pit",158,1054,1054,689,16.383,365,16.383,0.20398481973434535,0.7305502846299811,0.06546489563567362
571951,"Mitchell, Bryan","Pit",135,545,545,330,16.383,215,16.383,0.1871559633027523,0.7724770642201835,0.04036697247706422
545363,"Turner, Jacob","Pit",112,808,808,493,16.384,315,16.384,0.22772277227722773,0.7339108910891089,0.038366336633663366
663362,"Waldron, Matt","Pit",135,1121,1121,752,16.384,369,16.384,0.22123104371097235,0.7671721677074042,0.01159678858162355
519242,"Sale, Chris","Pit",144,1256,1256,826,16.385,430,16.385,0.14171974522292993,0.857484076433121,0.0007961783439490446
670167,"Schreiber, John","Pit",118,422,422,215,16.385,207,16.385,0.11848341232227488,0.8672985781990521,0.014218009478672985
621076,"Kaprielian, James","Pit",133,444,444,241,16.386,203,16.386,0.1373873873873874,0.8536036036036037,0.009009009009009009
434671,"Sánchez, Aníbal","Pit",116,916,916,634,16.387,282,16.387,0.2368995633187773,0.7281659388646288,0.034934497816593885
430935,"Hamels, Cole","Pit",140,1418,1418,922,16.387,496,16.387,0.24894217207334274,0.6819464033850494,0.0691114245416079
501985,"Minor, Mike","Pit",118,1173,1173,820,16.391,353,16.391,0.2318840579710145,0.7050298380221653,0.06308610400682012
624133,"Suárez, Ranger","Pit",143,1216,1216,790,16.398,426,16.398,0.21628289473684212,0.7508223684210527,0.03289473684210526
605242,"Fulmer, Michael","Pit",116,526,526,285,16.405,241,16.405,0.1596958174904943,0.7699619771863118,0.07034220532319392
656945,"Scott, Tanner","Pit",146,505,505,283,16.406,222,16.406,0.12871287128712872,0.8673267326732673,0.0039603960396039604
641712,"Hudson, Dakota","Pit",138,1085,1085,668,16.414,417,16.414,0.17880184331797236,0.7603686635944701,0.060829493087557605
518567,"Collmenter, Josh","Pit",109,920,920,608,16.414,312,16.414,0.2717391304347826,0.6391304347826087,0.0891304347826087
592717,"Sanchez, Aaron","Pit",141,1461,1461,1024,16.415,437,16.415,0.2840520191649555,0.6379192334017796,0.07802874743326489
543557,"Montgomery, Mike","Pit",112,696,696,442,16.415,254,16.415,0.26436781609195403,0.6738505747126436,0.0617816091954023
477132,"Kershaw, Clayton","Pit",119,969,969,652,16.416,317,16.416,0.22084623323013416,0.7358101135190919,0.043343653250773995
501985,"Minor, Mike","Pit",118,525,525,351,16.416,174,16.416,0.23809523809523808,0.7161904761904762,0.045714285714285714
572140,"Skaggs, Tyler","Pit",108,645,645,450,16.416,195,16.416,0.19844961240310077,0.765891472868217,0.03565891472868217
543606,"Odorizzi, Jake","Pit",139,1214,1214,834,16.416,380,16.416,0.21911037891268534,0.7454695222405272,0.03542009884678748
596271,"Lawrence, Casey","Pit",136,439,439,252,16.416,187,16.416,0.1662870159453303,0.8109339407744874,0.022779043280182234
607536,"Freeland, Kyle","Pit",115,1557,1557,1016,16.416,541,16.416,0.19332048811817598,0.7572254335260116,0.04945407835581246
628452,"Iglesias, Raisel","Pit",113,517,517,310,16.417,207,16.417,0.18375241779497098,0.746615087040619,0.06963249516441006
663855,"Hicks, Jordan","Pit",137,887,887,544,16.417,343,16.417,0.13641488162344984,0.8500563697857948,0.013528748590755355
606965,"Devenski, Chris","Pit",117,563,563,370,16.417,193,16.417,0.17229129662522202,0.7975133214920072,0.03019538188277087
543208,"Gaviglio, Sam","Pit",118,566,566,378,16.417,188,16.417,0.19257950530035337,0.7296819787985865,0.07773851590106007
663978,"Paddack, Chris","Pit",135,444,444,292,16.42,152,16.42,0.19369369369369369,0.7725225225225225,0.033783783783783786
453178,"Kennedy, Ian","Pit",135,1393,1393,887,16.421,506,16.421,0.208183776022972,0.7437185929648241,0.04809763101220388
687765,"Spence, Mitch","Pit",133,1027,1027,680,16.421,347,16.421,0.12268743914313535,0.8704965920155794,0.006815968841285297
670059,"Holderman, Colin","Pit",134,390,390,193,16.424,197,16.424,0.09743589743589744,0.8948717948717949,0.007692307692307693
502624,"Anderson, Chase","Pit",109,1131,1131,744,16.424,387,16.424,0.2608311229000884,0.6206896551724138,0.1184792219274978
664353,"Urquidy, José","Pit",117,1114,1114,716,16.427,398,16.427,0.21454219030520646,0.7630161579892281,0.02244165170556553
502179,"Espino, Paolo","Pit",120,836,836,574,16.427,262,16.427,0.2236842105263158,0.7416267942583732,0.034688995215311005
607229,"Gsellman, Robert","Pit",121,329,329,207,16.428,122,16.428,0.24620060790273557,0.6595744680851063,0.09422492401215805
663903,"Singer, Brady","Pit",118,1111,1111,664,16.433,447,16.433,0.18901890189018902,0.7605760576057605,0.050405040504050404
670102,"Francis, Bowden","Pit",141,631,631,438,16.434,193,16.434,0.18541996830427893,0.803486529318542,0.011093502377179081
456051,"Noesí, Hector","Pit",145,1229,1229,840,16.435,389,16.435,0.22945484133441824,0.7339300244100895,0.03661513425549227
518553,"Cishek, Steve","Pit",138,485,485,257,16.437,228,16.437,0.2288659793814433,0.6824742268041237,0.088659793814433
453286,"Scherzer, Max","Pit",116,1590,1590,1151,16.438,439,16.438,0.22138364779874214,0.7081761006289308,0.07044025157232704
657746,"Ryan, Joe","Pit",142,1017,1017,674,16.439,343,16.439,0.20943952802359883,0.7472959685349065,0.043264503441494594
661403,"Clase, Emmanuel","Pit",114,441,441,271,16.441,170,16.441,0.1564625850340136,0.8390022675736961,0.0045351473922902496
523989,"De La Rosa, Rubby","Pit",111,824,824,531,16.442,293,16.442,0.22694174757281554,0.6808252427184466,0.09223300970873786
664285,"Valdez, Framber","Pit",117,1183,1183,815,16.442,368,16.442,0.2865595942519019,0.6965342349957735,0.0169061707523246
592332,"Gausman, Kevin","Pit",110,360,360,248,16.444,112,16.444,0.23333333333333334,0.7361111111111112,0.030555555555555555
664285,"Valdez, Framber","Pit",117,1282,1282,864,16.445,418,16.445,0.26053042121684866,0.7316692667706708,0.0078003120124804995
623381,"Pannone, Thomas","Pit",141,557,557,315,16.449,242,16.449,0.15080789946140036,0.8150807899461401,0.03411131059245961
518633,"Duffy, Danny","Pit",118,1299,1299,813,16.45,486,16.45,0.18629715165511931,0.798306389530408,0.015396458814472672
622694,"Hernández, Elieser","Pit",146,656,656,448,16.45,208,16.45,0.21189024390243902,0.7408536585365854,0.04725609756097561
657571,"Ferguson, Caleb","Pit",119,377,377,220,16.45,157,16.45,0.20689655172413793,0.7506631299734748,0.042440318302387266
518553,"Cishek, Steve","Pit",112,552,552,311,16.45,241,16.45,0.17572463768115942,0.7753623188405797,0.04891304347826087
592716,"Sampson, Adrian","Pit",140,880,880,576,16.45,304,16.45,0.2056818181818182,0.7397727272727272,0.05454545454545454
641771,"Kuhl, Chad","Pit",134,705,705,416,16.453,289,16.453,0.18156028368794327,0.7460992907801418,0.07234042553191489
434628,"Hammel, Jason","Pit",133,1320,1320,1006,16.453,314,16.453,0.2431818181818182,0.7166666666666667,0.04015151515151515
621237,"Alvarado, José","Pit",143,460,460,251,16.453,209,16.453,0.15217391304347827,0.8456521739130435,0.002173913043478261
607179,"Weems, Jordan","Pit",120,437,437,274,16.454,163,16.454,0.17162471395881007,0.8215102974828375,0.006864988558352402
595345,"Okert, Steven","Pit",146,459,459,261,16.456,198,16.456,0.0718954248366013,0.9237472766884531,0.004357298474945534
605151,"Bradley, Archie","Pit",109,1215,1215,727,16.456,488,16.456,0.2205761316872428,0.6699588477366255,0.1094650205761317
669923,"Kirby, George","Pit",136,876,876,566,16.457,310,16.457,0.1815068493150685,0.769406392694064,0.04908675799086758
570632,"Ureña, José","Pit",146,467,467,253,16.457,214,16.457,0.24839400428265523,0.6680942184154176,0.0835117773019272
686826,"Jarvis, Bryce","Pit",109,433,433,233,16.459,200,16.459,0.14087759815242495,0.8545034642032333,0.004618937644341801
279571,"Belisle, Matt","Pit",115,444,444,261,16.461,183,16.461,0.22972972972972974,0.7094594594594594,0.060810810810810814
493157,"Uehara, Koji","Pit",111,373,373,239,16.469,134,16.469,0.18230563002680966,0.7640750670241286,0.05361930294906166
605513,"Turnbull, Spencer","Pit",116,474,474,277,16.47,197,16.47,0.1877637130801688,0.759493670886076,0.052742616033755275
450282,"Perkins, Glen","Pit",142,374,374,234,16.471,140,16.471,0.1443850267379679,0.839572192513369,0.016042780748663103
453344,"Morrow, Brandon","Pit",141,432,432,273,16.474,159,16.474,0.16898148148148148,0.7847222222222222,0.046296296296296294
656529,"Hentges, Sam","Pit",114,387,387,193,16.476,194,16.476,0.06718346253229975,0.9276485788113695,0.00516795865633075
430935,"Hamels, Cole","Pit",140,1422,1422,940,16.48,482,16.48,0.26371308016877637,0.670182841068917,0.06610407876230662
592665,"Reed, Addison","Pit",142,397,397,260,16.483,137,16.483,0.18387909319899245,0.783375314861461,0.0327455919395466
605242,"Fulmer, Michael","Pit",116,1101,1101,730,16.483,371,16.483,0.19981834695731154,0.7420526793823796,0.05812897366030881
543022,"Chatwood, Tyler","Pit",112,936,936,544,16.483,392,16.483,0.1891025641025641,0.7403846153846154,0.07051282051282051
572020,"Paxton, James","Pit",147,1153,1153,760,16.483,393,16.483,0.19601040763226366,0.769297484822203,0.03469210754553339
519141,"Pomeranz, Drew","Pit",111,1436,1436,958,16.483,478,16.483,0.21309192200557103,0.7019498607242339,0.08495821727019498
543766,"Shaw, Bryan","Pit",115,457,457,246,16.483,211,16.483,0.17286652078774617,0.7833698030634574,0.0437636761487965
518553,"Cishek, Steve","Pit",139,382,382,227,16.483,155,16.483,0.15968586387434555,0.8167539267015707,0.02356020942408377
628333,"Despaigne, Odrisamer","Pit",108,343,343,183,16.484,160,16.484,0.17784256559766765,0.7696793002915452,0.052478134110787174
663460,"Bubic, Kris","Pit",118,457,457,288,16.488,169,16.488,0.20787746170678337,0.7636761487964989,0.028446389496717725
670124,"Oller, Adam","Pit",133,583,583,358,16.488,225,16.488,0.17667238421955403,0.7890222984562607,0.03430531732418525
133225,"Dempster, Ryan","Pit",111,1422,1422,896,16.489,526,16.489,0.17580872011251758,0.7362869198312236,0.08790436005625879
527048,"Pérez, Martín","Pit",140,1364,1364,836,16.489,528,16.489,0.23900293255131966,0.6737536656891495,0.0872434017595308
624522,"Thompson, Keegan","Pit",112,423,423,216,16.492,207,16.492,0.1607565011820331,0.7848699763593381,0.054373522458628844
622663,"Severino, Luis","Pit",147,618,618,381,16.494,237,16.494,0.2702265372168285,0.6504854368932039,0.07928802588996764
519043,"Moore, Matt","Pit",143,569,569,374,16.496,195,16.496,0.2126537785588752,0.7557117750439367,0.03163444639718805
605242,"Fulmer, Michael","Pit",116,1138,1138,773,16.498,365,16.498,0.23813708260105448,0.672231985940246,0.08963093145869948
503449,"Peralta, Wily","Pit",158,1023,1023,665,16.5,358,16.5,0.2541544477028348,0.635386119257087,0.1104594330400782
543278,"Hardy, Blaine","Pit",116,412,412,240,16.502,172,16.502,0.25485436893203883,0.6480582524271845,0.0970873786407767
664141,"Brubaker, JT","Pit",134,848,848,571,16.503,277,16.503,0.2016509433962264,0.7370283018867925,0.06132075471698113
682847,"Ortiz, Luis L.","Pit",134,957,957,626,16.508,331,16.508,0.15778474399164055,0.8359456635318704,0.006269592476489028
572971,"Keuchel, Dallas","Pit",117,1291,1291,855,16.509,436,16.509,0.29047250193648333,0.6576297443841983,0.051897753679318356
462136,"Estrada, Marco","Pit",141,1353,1353,880,16.51,473,16.51,0.2564671101256467,0.6836659275683666,0.0598669623059867
458681,"Lynn, Lance","Pit",138,1548,1548,940,16.511,608,16.511,0.18604651162790697,0.7810077519379846,0.03294573643410853
641540,"Dunning, Dane","Pit",140,1191,1191,766,16.512,425,16.512,0.1998320738874895,0.7565071368597817,0.0436607892527288
453198,"Perez, Chris","Pit",119,375,375,182,16.514,193,16.514,0.14133333333333334,0.8186666666666667,0.04
519455,"Zimmermann, Jordan","Pit",116,1184,1184,704,16.516,480,16.516,0.20270270270270271,0.7390202702702703,0.05827702702702703
519043,"Moore, Matt","Pit",140,791,791,463,16.516,328,16.516,0.18584070796460178,0.7635903919089759,0.05056890012642225
501925,"Smith, Joe","Pit",114,359,359,220,16.517,139,16.517,0.11977715877437325,0.8635097493036211,0.016713091922005572
647336,"Soroka, Michael","Pit",144,1151,1151,784,16.517,367,16.517,0.19200695047784536,0.7862728062554301,0.021720243266724587
453562,"Arrieta, Jake","Pit",143,1276,1276,848,16.517,428,16.517,0.21551724137931033,0.7539184952978056,0.030564263322884012
453281,"LeBlanc, Wade","Pit",136,913,913,621,16.517,292,16.517,0.2212486308871851,0.7272727272727273,0.05147864184008762
543037,"Cole, Gerrit","Pit",117,1418,1418,946,16.517,472,16.517,0.1995768688293371,0.7524682651622003,0.047954866008462625
572971,"Keuchel, Dallas","Pit",145,461,461,315,16.517,146,16.517,0.15835140997830802,0.8177874186550976,0.02386117136659436
433587,"Hernández, Félix","Pit",136,590,590,398,16.517,192,16.517,0.21694915254237288,0.752542372881356,0.030508474576271188
504379,"Nicasio, Juan","Pit",134,994,994,625,16.517,369,16.517,0.26156941649899396,0.5774647887323944,0.16096579476861167
670912,"Oviedo, Johan","Pit",134,437,437,269,16.518,168,16.518,0.20137299771167047,0.7597254004576659,0.038901601830663615
650633,"King, Michael","Pit",147,821,821,505,16.518,316,16.518,0.1278928136419001,0.8623629719853837,0.0097442143727162
573186,"Stroman, Marcus","Pit",112,1028,1028,706,16.52,322,16.52,0.20525291828793774,0.7714007782101168,0.023346303501945526
545333,"Bauer, Trevor","Pit",114,1153,1153,743,16.524,410,16.524,0.21335646140503037,0.7077189939288812,0.07892454466608846
519141,"Pomeranz, Drew","Pit",111,1289,1289,847,16.532,442,16.532,0.22187742435996896,0.7090768037238169,0.06904577191621412
543037,"Cole, Gerrit","Pit",147,534,534,391,16.532,143,16.532,0.20037453183520598,0.7677902621722846,0.031835205992509365
623474,"Herget, Jimmy","Pit",140,169,169,82,16.533,87,16.533,0.14792899408284024,0.8106508875739645,0.04142011834319527
579328,"Kikuchi, Yusei","Pit",117,1226,1226,872,16.535,354,16.535,0.14192495921696574,0.8474714518760196,0.010603588907014683
543294,"Hendricks, Kyle","Pit",112,516,516,394,16.535,122,16.535,0.15891472868217055,0.8236434108527132,0.01744186046511628
656557,"Houck, Tanner","Pit",111,524,524,333,16.536,191,16.536,0.21564885496183206,0.7423664122137404,0.04198473282442748
502171,"Cobb, Alex","Pit",108,735,735,530,16.537,205,16.537,0.21904761904761905,0.7374149659863946,0.04353741496598639
430904,"Maholm, Paul","Pit",119,562,562,340,16.538,222,16.538,0.15480427046263345,0.8096085409252669,0.03558718861209965
666159,"Manning, Matt","Pit",116,436,436,297,16.539,139,16.539,0.1834862385321101,0.8004587155963303,0.016055045871559634
503449,"Peralta, Wily","Pit",158,1338,1338,881,16.54,457,16.54,0.21375186846038863,0.7002989536621823,0.08594917787742899
501957,"Tillman, Chris","Pit",110,1657,1657,1060,16.542,597,16.542,0.15268557634278818,0.803862401931201,0.04345202172601086
668676,"Plesac, Zach","Pit",114,317,317,262,16.548,55,16.548,0.26498422712933756,0.722397476340694,0.012618296529968454
622072,"Wood, Alex","Pit",119,1012,1012,714,16.55,298,16.55,0.22430830039525693,0.7203557312252964,0.05533596837944664
592145,"Biddle, Jesse","Pit",144,482,482,294,16.55,188,16.55,0.17427385892116182,0.8049792531120332,0.02074688796680498
621242,"Díaz, Edwin","Pit",121,443,443,276,16.55,167,16.55,0.18961625282167044,0.7832957110609481,0.02708803611738149
622097,"Thompson, Jake","Pit",143,386,386,229,16.55,157,16.55,0.16062176165803108,0.7746113989637305,0.06476683937823834
630023,"Chirinos, Yonny","Pit",139,552,552,379,16.55,173,16.55,0.23007246376811594,0.697463768115942,0.07246376811594203
606424,"García, Jarlín","Pit",146,488,488,332,16.55,156,16.55,0.23565573770491804,0.7110655737704918,0.05327868852459016
607259,"Martinez, Nick","Pit",140,1187,1187,769,16.553,418,16.553,0.20893007582139847,0.7371524852569503,0.05391743892165122
460701,"Russell, James","Pit",144,396,396,273,16.557,123,16.557,0.19444444444444445,0.7449494949494949,0.06060606060606061
450203,"Morton, Charlie","Pit",139,276,276,165,16.557,111,16.557,0.14855072463768115,0.8043478260869565,0.04710144927536232
570632,"Ureña, José","Pit",115,732,732,452,16.557,280,16.557,0.17486338797814208,0.7704918032786885,0.0546448087431694
672715,"Patiño, Luis","Pit",135,161,161,94,16.558,67,16.558,0.16770186335403728,0.7888198757763976,0.043478260869565216
527048,"Pérez, Martín","Pit",140,379,379,241,16.558,138,16.558,0.19261213720316622,0.7783641160949868,0.029023746701846966
663559,"Falter, Bailey","Pit",134,933,933,624,16.558,309,16.558,0.1339764201500536,0.8606645230439443,0.0053590568060021436
445060,"Nolasco, Ricky","Pit",142,1212,1212,736,16.561,476,16.561,0.19966996699669967,0.7656765676567657,0.034653465346534656
425794,"Wainwright, Adam","Pit",138,1562,1562,916,16.562,646,16.562,0.22151088348271447,0.6670934699103713,0.11139564660691421
502179,"Espino, Paolo","Pit",120,928,928,628,16.562,300,16.562,0.18318965517241378,0.7747844827586207,0.04202586206896552
593144,"Rodríguez, Richard","Pit",144,400,400,288,16.566,112,16.566,0.2275,0.7525,0.02
570649,"Ventura, Yordano","Pit",118,1482,1482,938,16.566,544,16.566,0.26653171390013497,0.6720647773279352,0.06140350877192982
621219,"Mills, Alec","Pit",112,901,901,601,16.567,300,16.567,0.20310765815760268,0.7458379578246392,0.051054384017758046
624418,"Castellani, Ryan","Pit",115,366,366,250,16.573,116,16.573,0.16120218579234974,0.7950819672131147,0.04371584699453552
608032,"Estévez, Carlos","Pit",115,192,192,104,16.574,88,16.574,0.18229166666666666,0.7708333333333334,0.046875
656288,"Canning, Griffin","Pit",108,1191,1191,818,16.575,373,16.575,0.2040302267002519,0.7892527287993283,0.006717044500419815
554430,"Wheeler, Zack","Pit",121,1606,1606,1020,16.576,586,16.576,0.21046077210460773,0.7310087173100872,0.058530510585305104
456379,"Alburquerque, Al","Pit",116,507,507,286,16.576,221,16.576,0.2603550295857988,0.6568047337278107,0.08284023668639054
605130,"Barlow, Scott","Pit",135,537,537,294,16.576,243,16.576,0.1266294227188082,0.8696461824953445,0.0037243947858473
607229,"Gsellman, Robert","Pit",121,128,128,72,16.576,56,16.576,0.1796875,0.75,0.0703125
806185,"Birdsong, Hayden","Pit",137,644,644,412,16.576,232,16.576,0.14440993788819875,0.8493788819875776,0.006211180124223602
527054,"Teheran, Julio","Pit",144,1562,1562,1040,16.576,522,16.576,0.26632522407170295,0.6241997439180538,0.10947503201024328
660271,"Ohtani, Shohei","Pit",108,938,938,638,16.577,300,16.577,0.18763326226012794,0.8049040511727079,0.007462686567164179
607200,"Fedde, Erick","Pit",120,1176,1176,782,16.578,394,16.578,0.2193877551020408,0.7329931972789115,0.047619047619047616
543475,"Lyles, Jordan","Pit",140,472,472,279,16.58,193,16.58,0.18220338983050846,0.7754237288135594,0.0423728813559322
684007,"Imanaga, Shota","Pit",112,999,999,726,16.582,273,16.582,0.14814814814814814,0.8498498498498499,0.002002002002002002
468504,"Chacín, Jhoulys","Pit",115,358,358,195,16.582,163,16.582,0.15363128491620112,0.8016759776536313,0.0446927374301676
605400,"Nola, Aaron","Pit",143,901,901,573,16.582,328,16.582,0.20865704772475027,0.6925638179800222,0.09877913429522753
642545,"Barria, Jaime","Pit",108,749,749,521,16.583,228,16.583,0.21762349799732977,0.732977303070761,0.049399198931909215
625643,"López, Reynaldo","Pit",145,1421,1421,901,16.583,520,16.583,0.1864883884588318,0.7396199859254047,0.07389162561576355
621242,"Díaz, Edwin","Pit",136,493,493,364,16.583,129,16.583,0.2616632860040568,0.7119675456389453,0.02636916835699797
523260,"Kelly, Joe","Pit",138,892,892,567,16.583,325,16.583,0.17600896860986548,0.7690582959641256,0.05493273542600897
608716,"Steckenrider, Drew","Pit",146,517,517,313,16.583,204,16.583,0.18375241779497098,0.7756286266924565,0.04061895551257253
488674,"Badenhop, Burke","Pit",111,552,552,295,16.583,257,16.583,0.15217391304347827,0.7862318840579711,0.06159420289855073
607625,"Lugo, Seth","Pit",121,768,768,508,16.584,260,16.584,0.20182291666666666,0.7552083333333334,0.04296875
592717,"Sanchez, Aaron","Pit",117,1072,1072,669,16.584,403,16.584,0.18470149253731344,0.7611940298507462,0.054104477611940295
519144,"Porcello, Rick","Pit",121,439,439,282,16.588,157,16.588,0.23690205011389523,0.7198177676537585,0.04328018223234624
458681,"Lynn, Lance","Pit",138,1445,1445,821,16.588,624,16.588,0.2193771626297578,0.6941176470588235,0.08650519031141868
445163,"Janssen, Casey","Pit",141,395,395,255,16.592,140,16.592,0.21012658227848102,0.7265822784810126,0.06329113924050633
656232,"Bielak, Brandon","Pit",117,264,264,170,16.592,94,16.592,0.16287878787878787,0.8181818181818182,0.01893939393939394
663158,"Suarez, Robert","Pit",135,380,380,248,16.596,132,16.596,0.08421052631578947,0.9052631578947369,0.010526315789473684
435044,"Baker, Scott","Pit",140,494,494,348,16.596,146,16.596,0.24898785425101214,0.7064777327935222,0.044534412955465584
468396,"Ogando, Alexi","Pit",140,803,803,533,16.598,270,16.598,0.199252801992528,0.7671232876712328,0.033623910336239106
621383,"Banks, Tanner","Pit",145,393,393,251,16.598,142,16.598,0.16539440203562342,0.8040712468193384,0.030534351145038167
608337,"Giolito, Lucas","Pit",114,1383,1383,977,16.599,406,16.599,0.16196673897324657,0.8351409978308026,0.0028922631959508315
605388,"Morgan, Adam","Pit",143,883,883,550,16.602,333,16.602,0.23103057757644394,0.6942242355605889,0.07474518686296716
682243,"Miller, Bryce","Pit",136,848,848,579,16.603,269,16.603,0.1580188679245283,0.8408018867924528,0.0011792452830188679
543518,"McGough, Scott","Pit",109,522,522,299,16.605,223,16.605,0.15517241379310345,0.8448275862068966,0
425827,"Bonderman, Jeremy","Pit",116,401,401,218,16.608,183,16.608,0.13466334164588528,0.827930174563591,0.03740648379052369
489334,"Stammen, Craig","Pit",120,538,538,350,16.61,188,16.61,0.19888475836431227,0.7657992565055762,0.03531598513011153
608648,"Duffey, Tyler","Pit",142,1038,1038,665,16.611,373,16.611,0.23795761078998073,0.7061657032755299,0.055876685934489405
621121,"McCullers Jr., Lance","Pit",117,371,371,229,16.612,142,16.612,0.1725067385444744,0.7196765498652291,0.1078167115902965
453286,"Scherzer, Max","Pit",121,922,922,701,16.612,221,16.612,0.2158351409978308,0.754880694143167,0.02928416485900217
570240,"Peña, Félix","Pit",108,221,221,140,16.612,81,16.612,0.19004524886877827,0.7873303167420814,0.02262443438914027
518489,"Brasier, Ryan","Pit",119,354,354,207,16.612,147,16.612,0.1384180790960452,0.8531073446327684,0.00847457627118644
601713,"Pivetta, Nick","Pit",111,1184,1184,799,16.613,385,16.613,0.22804054054054054,0.722972972972973,0.048986486486486486
650556,"Abreu, Bryan","Pit",117,551,551,320,16.614,231,16.614,0.15970961887477314,0.8348457350272233,0.0054446460980036296
502624,"Anderson, Chase","Pit",158,1228,1228,821,16.616,407,16.616,0.254885993485342,0.6368078175895765,0.10830618892508144
543734,"Rusin, Chris","Pit",115,508,508,316,16.617,192,16.617,0.17716535433070865,0.7322834645669292,0.09055118110236221
452657,"Lester, Jon","Pit",138,1120,1120,706,16.617,414,16.617,0.19553571428571428,0.7526785714285714,0.05178571428571429
456071,"Flande, Yohan","Pit",115,444,444,293,16.619,151,16.619,0.22747747747747749,0.7319819819819819,0.04054054054054054
541640,"Ramírez, Erasmo","Pit",139,402,402,235,16.62,167,16.62,0.12935323383084577,0.8681592039800995,0.0024875621890547263
641627,"Gott, Trevor","Pit",158,373,373,221,16.62,152,16.62,0.13136729222520108,0.8176943699731903,0.05093833780160858
542585,"Cisnero, José","Pit",116,414,414,208,16.624,206,16.624,0.0966183574879227,0.9033816425120773,0
425840,"Cotts, Neal","Pit",142,472,472,280,16.625,192,16.625,0.2266949152542373,0.6885593220338984,0.0847457627118644
502043,"Gibson, Kyle","Pit",142,1280,1280,849,16.625,431,16.625,0.19765625,0.76484375,0.0375
670167,"Schreiber, John","Pit",111,395,395,194,16.625,201,16.625,0.05063291139240506,0.9443037974683545,0.005063291139240506
621244,"Berríos, José","Pit",141,1328,1328,865,16.626,463,16.626,0.1566265060240964,0.8350903614457831,0.008283132530120483
641154,"López, Pablo","Pit",142,1232,1232,824,16.627,408,16.627,0.14366883116883117,0.8547077922077922,0.0016233766233766235
641540,"Dunning, Dane","Pit",140,861,861,592,16.631,269,16.631,0.19628339140534262,0.7619047619047619,0.041811846689895474
592791,"Taillon, Jameson","Pit",134,696,696,493,16.631,203,16.631,0.2442528735632184,0.6781609195402298,0.07758620689655173
502042,"Archer, Chris","Pit",139,1606,1606,1048,16.632,558,16.632,0.24719800747198006,0.6537982565379825,0.09900373599003735
452657,"Lester, Jon","Pit",133,1635,1635,1061,16.641,574,16.641,0.20122324159021407,0.7498470948012232,0.04892966360856269
554430,"Wheeler, Zack","Pit",143,1025,1025,696,16.643,329,16.643,0.20097560975609757,0.7531707317073171,0.045853658536585365
430912,"Cain, Matt","Pit",137,1306,1306,870,16.644,436,16.644,0.17457886676875958,0.7947932618683001,0.030627871362940276
621244,"Berríos, José","Pit",141,1396,1396,962,16.646,434,16.646,0.20988538681948424,0.752865329512894,0.03724928366762178
501925,"Smith, Joe","Pit",108,453,453,291,16.646,162,16.646,0.23620309050772628,0.7086092715231788,0.05518763796909492
605347,"López, Jorge","Pit",112,362,362,223,16.647,139,16.647,0.11878453038674033,0.8701657458563536,0.011049723756906077
657006,"Steele, Justin","Pit",112,922,922,563,16.647,359,16.647,0.18546637744034708,0.7863340563991323,0.028199566160520606
425794,"Wainwright, Adam","Pit",138,1052,1052,649,16.65,403,16.65,0.19296577946768062,0.776615969581749,0.030418250950570342
543901,"Weber, Ryan","Pit",111,326,326,214,16.65,112,16.65,0.18711656441717792,0.7944785276073619,0.018404907975460124
657610,"Hildenberger, Trevor","Pit",142,507,507,299,16.65,208,16.65,0.17357001972386588,0.7652859960552268,0.0611439842209073
593974,"Peralta, Wandy","Pit",147,329,329,213,16.651,116,16.651,0.24924012158054712,0.6869300911854104,0.06382978723404255
605242,"Fulmer, Michael","Pit",142,497,497,287,16.658,210,16.658,0.13279678068410464,0.7927565392354124,0.0744466800804829
628452,"Iglesias, Raisel","Pit",144,415,415,259,16.663,156,16.663,0.1783132530120482,0.7662650602409639,0.05542168674698795
542585,"Cisnero, José","Pit",117,363,363,179,16.665,184,16.665,0.1349862258953168,0.7382920110192838,0.12672176308539945
475479,"Phelps, David","Pit",141,571,571,314,16.666,257,16.666,0.19439579684763572,0.723292469352014,0.08231173380035026
621107,"Eflin, Zach","Pit",143,400,400,270,16.666,130,16.666,0.175,0.8075,0.0175
628317,"Maeda, Kenta","Pit",142,753,753,535,16.667,218,16.667,0.11686586985391766,0.8818061088977424,0.0013280212483399733
523989,"De La Rosa, Rubby","Pit",109,1360,1360,912,16.67,448,16.67,0.22794117647058823,0.6352941176470588,0.13676470588235295
464416,"Pino, Yohan","Pit",142,436,436,285,16.671,151,16.671,0.20412844036697247,0.7591743119266054,0.03669724770642202
608648,"Duffey, Tyler","Pit",142,168,168,119,16.671,49,16.671,0.1488095238095238,0.7857142857142857,0.06547619047619048
680686,"Gray, Josiah","Pit",120,1232,1232,717,16.672,515,16.672,0.12905844155844157,0.8676948051948052,0.003246753246753247
664294,"Moreta, Dauri","Pit",134,450,450,234,16.678,216,16.678,0.08888888888888889,0.9,0.011111111111111112
543339,"Hudson, Daniel","Pit",119,417,417,318,16.678,99,16.678,0.1366906474820144,0.8609112709832134,0.002398081534772182
446899,"Ziegler, Brad","Pit",109,440,440,293,16.678,147,16.678,0.27045454545454545,0.6409090909090909,0.08863636363636364
475243,"Wood, Travis","Pit",112,1404,1404,956,16.679,448,16.679,0.18091168091168092,0.7856125356125356,0.03347578347578348
666159,"Manning, Matt","Pit",116,661,661,388,16.679,273,16.679,0.1573373676248109,0.8018154311649016,0.04084720121028744
628333,"Despaigne, Odrisamer","Pit",135,725,725,470,16.68,255,16.68,0.1793103448275862,0.7793103448275862,0.041379310344827586
608723,"Voth, Austin","Pit",136,410,410,287,16.681,123,16.681,0.09268292682926829,0.9,0.007317073170731708
621056,"Wood, Hunter","Pit",114,330,330,187,16.683,143,16.683,0.17272727272727273,0.7818181818181819,0.045454545454545456
615698,"Quantrill, Cal","Pit",135,787,787,523,16.683,264,16.683,0.20076238881829733,0.7573062261753494,0.04193138500635324
657277,"Webb, Logan","Pit",137,340,340,209,16.683,131,16.683,0.18529411764705883,0.7794117647058824,0.03529411764705882
628452,"Iglesias, Raisel","Pit",113,523,523,320,16.683,203,16.683,0.17973231357552583,0.7590822179732314,0.06118546845124283
543883,"Vincent, Nick","Pit",136,345,345,218,16.683,127,16.683,0.11594202898550725,0.8521739130434782,0.03188405797101449
594798,"deGrom, Jacob","Pit",121,1408,1408,942,16.684,466,16.684,0.19389204545454544,0.7634943181818182,0.04261363636363636
457918,"Happ, J.A.","Pit",147,1253,1253,865,16.684,388,16.684,0.20510774142059057,0.74780526735834,0.047086991221069435
453192,"Miller, Andrew","Pit",138,471,471,265,16.684,206,16.684,0.16348195329087048,0.7898089171974523,0.04670912951167728
451788,"Marcum, Shaun","Pit",121,519,519,362,16.685,157,16.685,0.2119460500963391,0.7225433526011561,0.06551059730250482
453178,"Kennedy, Ian","Pit",135,1500,1500,977,16.687,523,16.687,0.19133333333333333,0.7606666666666667,0.048
676395,"Garcia, Robert","Pit",120,372,372,239,16.693,133,16.693,0.13440860215053763,0.8655913978494624,0
543548,"Milone, Tommy","Pit",142,1024,1024,688,16.695,336,16.695,0.2392578125,0.671875,0.0888671875
445213,"Kintzler, Brandon","Pit",158,379,379,218,16.695,161,16.695,0.1503957783641161,0.8073878627968337,0.04221635883905013
667463,"King, John","Pit",140,335,335,175,16.698,160,16.698,0.11641791044776119,0.8537313432835821,0.029850746268656716
641656,"Hamilton, Ian","Pit",147,415,415,226,16.7,189,16.7,0.13493975903614458,0.8602409638554217,0.004819277108433735
666129,"Garrett, Braxton","Pit",146,639,639,433,16.7,206,16.7,0.17214397496087636,0.7777777777777778,0.050078247261345854
607200,"Fedde, Erick","Pit",120,426,426,274,16.7,152,16.7,0.18544600938967137,0.7816901408450704,0.03286384976525822
519043,"Moore, Matt","Pit",139,1255,1255,805,16.702,450,16.702,0.18804780876494023,0.7729083665338645,0.03904382470119522
660853,"De Los Santos, Enyel","Pit",114,428,428,263,16.702,165,16.702,0.1261682242990654,0.8714953271028038,0.002336448598130841
452657,"Lester, Jon","Pit",112,490,490,303,16.703,187,16.703,0.19387755102040816,0.7775510204081633,0.02857142857142857
543521,"McHugh, Collin","Pit",139,449,449,294,16.703,155,16.703,0.18262806236080179,0.7906458797327395,0.026726057906458798
542888,"Armstrong, Shawn","Pit",112,464,464,243,16.703,221,16.703,0.07543103448275862,0.9202586206896551,0.004310344827586207
605177,"Chafin, Andrew","Pit",140,370,370,199,16.707,171,16.707,0.10810810810810811,0.8837837837837837,0.008108108108108109
669711,"Weissert, Greg","Pit",111,459,459,248,16.71,211,16.71,0.06971677559912855,0.9259259259259259,0.004357298474945534
592332,"Gausman, Kevin","Pit",141,1238,1238,855,16.712,383,16.712,0.09854604200323101,0.8974151857835219,0.004038772213247173
640455,"Manaea, Sean","Pit",133,1314,1314,896,16.713,418,16.713,0.18340943683409436,0.7853881278538812,0.03120243531202435
453192,"Miller, Andrew","Pit",114,445,445,266,16.716,179,16.716,0.20224719101123595,0.7573033707865169,0.04044943820224719
477132,"Kershaw, Clayton","Pit",119,858,858,670,16.716,188,16.716,0.28438228438228436,0.6421911421911422,0.07342657342657342
594798,"deGrom, Jacob","Pit",121,985,985,653,16.716,332,16.716,0.2,0.7725888324873097,0.027411167512690356
572971,"Keuchel, Dallas","Pit",117,1580,1580,994,16.716,586,16.716,0.1639240506329114,0.7981012658227848,0.0379746835443038
606273,"Elías, Roenis","Pit",136,379,379,231,16.716,148,16.716,0.20052770448548812,0.7757255936675461,0.023746701846965697
641835,"Mayza, Tim","Pit",141,405,405,237,16.716,168,16.716,0.145679012345679,0.8222222222222222,0.03209876543209877
605483,"Snell, Blake","Pit",139,1386,1386,973,16.716,413,16.716,0.20923520923520925,0.7489177489177489,0.04184704184704185
121250,"Rivera, Mariano","Pit",147,415,415,284,16.716,131,16.716,0.15180722891566265,0.8337349397590361,0.014457831325301205
605164,"Bundy, Dylan","Pit",110,1280,1280,859,16.717,421,16.717,0.1796875,0.77890625,0.04140625
407793,"Lackey, John","Pit",112,1263,1263,872,16.717,391,16.717,0.24465558194774348,0.6832937450514648,0.07205067300079177
592229,"Covey, Dylan","Pit",145,984,984,667,16.717,317,16.717,0.1758130081300813,0.7703252032520326,0.05386178861788618
612434,"Castro, Miguel","Pit",110,689,689,377,16.717,312,16.717,0.14804063860667635,0.8287373004354136,0.023222060957910014
433587,"Hernández, Félix","Pit",136,1199,1199,829,16.717,370,16.717,0.16847372810675562,0.8148457047539617,0.016680567139282735
596133,"Weaver, Luke","Pit",138,1101,1101,688,16.717,413,16.717,0.17620345140781107,0.7838328792007266,0.03996366939146231
448179,"Hill, Rich","Pit",119,1071,1071,726,16.717,345,16.717,0.1839402427637722,0.7889822595704948,0.02707749766573296
543037,"Cole, Gerrit","Pit",117,1474,1474,1074,16.717,400,16.717,0.1960651289009498,0.7734056987788331,0.030529172320217096
462382,"Johnson, Jim","Pit",144,518,518,343,16.718,175,16.718,0.23745173745173745,0.693050193050193,0.0694980694980695
677944,"Cecconi, Slade","Pit",109,551,551,356,16.718,195,16.718,0.09074410163339383,0.9092558983666061,0
592593,"Nicolino, Justin","Pit",146,554,554,364,16.72,190,16.72,0.2364620938628159,0.6787003610108303,0.08483754512635379
448306,"Shields, James","Pit",118,1674,1674,1095,16.722,579,16.722,0.1989247311827957,0.7514934289127837,0.04958183990442055
571901,"Loup, Aaron","Pit",141,471,471,287,16.722,184,16.722,0.06581740976645435,0.8959660297239915,0.03821656050955414
453281,"LeBlanc, Wade","Pit",138,368,368,228,16.725,140,16.725,0.18206521739130435,0.7581521739130435,0.059782608695652176
572096,"Rosenthal, Trevor","Pit",138,500,500,314,16.729,186,16.729,0.246,0.686,0.068
693312,"Nicolas, Kyle","Pit",134,407,407,218,16.729,189,16.729,0.07125307125307126,0.9213759213759214,0.007371007371007371
571710,"Givens, Mychal","Pit",110,572,572,299,16.73,273,16.73,0.21503496503496503,0.7290209790209791,0.055944055944055944
547179,"Lorenzen, Michael","Pit",113,262,262,142,16.73,120,16.73,0.17557251908396945,0.7938931297709924,0.030534351145038167
669169,"Heasley, Jonathan","Pit",118,828,828,488,16.735,340,16.735,0.15579710144927536,0.8200483091787439,0.024154589371980676
489446,"Yates, Kirby","Pit",144,455,455,282,16.739,173,16.739,0.06813186813186813,0.9230769230769231,0.008791208791208791
595465,"Winkler, Dan","Pit",112,133,133,87,16.739,46,16.739,0.15037593984962405,0.8195488721804511,0.03007518796992481
656412,"Faedo, Alex","Pit",116,412,412,243,16.74,169,16.74,0.08737864077669903,0.9101941747572816,0.0024271844660194173
621112,"Blackburn, Paul","Pit",121,534,534,347,16.743,187,16.743,0.08801498127340825,0.9082397003745318,0.003745318352059925
462985,"Morales, Franklin","Pit",115,1106,1106,632,16.745,474,16.745,0.16003616636528029,0.7920433996383364,0.04792043399638336
519293,"Smith, Will","Pit",140,349,349,232,16.746,117,16.746,0.10888252148997135,0.8882521489971347,0.0028653295128939827
543070,"Crow, Aaron","Pit",118,354,354,164,16.747,190,16.747,0.09887005649717515,0.847457627118644,0.05367231638418079
544836,"Romero, Enny","Pit",139,381,381,230,16.748,151,16.748,0.24146981627296588,0.7034120734908137,0.05511811023622047
477132,"Kershaw, Clayton","Pit",119,737,737,520,16.748,217,16.748,0.23744911804613297,0.7340569877883311,0.028493894165535955
592332,"Gausman, Kevin","Pit",110,1440,1440,904,16.749,536,16.749,0.2152777777777778,0.6701388888888888,0.11458333333333333
450665,"Medlen, Kris","Pit",118,430,430,271,16.749,159,16.749,0.2069767441860465,0.7069767441860465,0.08604651162790698
543208,"Gaviglio, Sam","Pit",141,973,973,655,16.75,318,16.75,0.1778006166495375,0.7656731757451182,0.0565262076053443
571787,"Holmberg, David","Pit",145,550,550,334,16.75,216,16.75,0.15454545454545454,0.7872727272727272,0.05818181818181818
640444,"Crowe, Wil","Pit",134,630,630,397,16.75,233,16.75,0.1761904761904762,0.746031746031746,0.07777777777777778
543557,"Montgomery, Mike","Pit",112,1000,1000,668,16.75,332,16.75,0.168,0.797,0.035
453562,"Arrieta, Jake","Pit",143,1025,1025,649,16.75,376,16.75,0.19219512195121952,0.7658536585365854,0.041951219512195125
571710,"Givens, Mychal","Pit",110,545,545,309,16.75,236,16.75,0.14128440366972478,0.8385321100917431,0.02018348623853211
545333,"Bauer, Trevor","Pit",113,1708,1708,1176,16.75,532,16.75,0.20433255269320844,0.7459016393442623,0.049765807962529274
606930,"Barnes, Jacob","Pit",120,479,479,271,16.755,208,16.755,0.12734864300626306,0.8684759916492694,0.0041753653444676405
519096,"Otero, Dan","Pit",133,529,529,299,16.755,230,16.755,0.14933837429111532,0.8204158790170132,0.030245746691871456
543054,"Cosart, Jarred","Pit",146,572,572,378,16.757,194,16.757,0.26573426573426573,0.6590909090909091,0.07517482517482517
488674,"Badenhop, Burke","Pit",113,532,532,296,16.757,236,16.757,0.2725563909774436,0.6296992481203008,0.09774436090225563
592644,"Plutko, Adam","Pit",114,195,195,116,16.758,79,16.758,0.14358974358974358,0.8256410256410256,0.03076923076923077
572788,"Cravy, Tyler","Pit",158,362,362,240,16.759,122,16.759,0.2513812154696133,0.6602209944751382,0.08839779005524862
467094,"Doubront, Felix","Pit",112,643,643,383,16.761,260,16.761,0.17729393468118196,0.7978227060653188,0.024883359253499222
447755,"Delabar, Steve","Pit",141,402,402,223,16.763,179,16.763,0.13930348258706468,0.8109452736318408,0.04975124378109453
660896,"Alcala, Jorge","Pit",142,193,193,112,16.767,81,16.767,0.15544041450777202,0.7927461139896373,0.05181347150259067
592773,"Stanek, Ryne","Pit",121,386,386,249,16.77,137,16.77,0.10880829015544041,0.8704663212435233,0.02072538860103627
543294,"Hendricks, Kyle","Pit",112,1253,1253,823,16.771,430,16.771,0.11731843575418995,0.8483639265762171,0.034317637669592976
519267,"Scribner, Evan","Pit",133,394,394,280,16.773,114,16.773,0.2868020304568528,0.6370558375634517,0.07614213197969544
503449,"Peralta, Wily","Pit",116,729,729,483,16.774,246,16.774,0.1728395061728395,0.7914951989026063,0.03566529492455418
534910,"Hahn, Jesse","Pit",133,688,688,458,16.776,230,16.776,0.22529069767441862,0.6424418604651163,0.13226744186046513
519242,"Sale, Chris","Pit",111,343,343,223,16.779,120,16.779,0.20408163265306123,0.7463556851311953,0.04956268221574344
605130,"Barlow, Scott","Pit",114,471,471,268,16.781,203,16.781,0.10615711252653928,0.8853503184713376,0.008492569002123142
680739,"Winder, Josh","Pit",142,496,496,342,16.781,154,16.781,0.1814516129032258,0.7641129032258065,0.05443548387096774
543022,"Chatwood, Tyler","Pit",112,613,613,398,16.783,215,16.783,0.200652528548124,0.7716150081566069,0.02773246329526917
683232,"Mears, Nick","Pit",158,434,434,239,16.783,195,16.783,0.06682027649769585,0.9262672811059908,0.0069124423963133645
543408,"Koehler, Tom","Pit",141,618,618,377,16.784,241,16.784,0.2022653721682848,0.7491909385113269,0.04854368932038835
502706,"Holland, Derek","Pit",137,1334,1334,904,16.784,430,16.784,0.20239880059970014,0.7488755622188905,0.04872563718140929
669203,"Burnes, Corbin","Pit",110,1215,1215,879,16.784,336,16.784,0.07736625514403292,0.9193415637860082,0.0032921810699588477
621121,"McCullers Jr., Lance","Pit",117,943,943,579,16.784,364,16.784,0.14846235418875928,0.7815482502651113,0.06998939554612937
475243,"Wood, Travis","Pit",112,1408,1408,846,16.785,562,16.785,0.14133522727272727,0.8132102272727273,0.045454545454545456
596133,"Weaver, Luke","Pit",109,449,449,310,16.785,139,16.785,0.1915367483296214,0.7951002227171492,0.013363028953229399
641329,"Baker, Bryan","Pit",110,335,335,191,16.785,144,16.785,0.10746268656716418,0.8925373134328358,0
430912,"Cain, Matt","Pit",137,760,760,464,16.787,296,16.787,0.22236842105263158,0.6973684210526315,0.08026315789473684
570649,"Ventura, Yordano","Pit",118,1223,1223,799,16.788,424,16.788,0.26901062959934585,0.6394112837285364,0.09157808667211774
663465,"Allard, Kolby","Pit",140,315,315,207,16.788,108,16.788,0.17142857142857143,0.8,0.02857142857142857
605177,"Chafin, Andrew","Pit",158,412,412,241,16.79,171,16.79,0.11650485436893204,0.8762135922330098,0.007281553398058253
594835,"Gonzales, Marco","Pit",136,498,498,344,16.79,154,16.79,0.14056224899598393,0.8373493975903614,0.02208835341365462
462382,"Johnson, Jim","Pit",119,455,455,284,16.792,171,16.792,0.24835164835164836,0.6329670329670329,0.11868131868131868
592332,"Gausman, Kevin","Pit",110,862,862,630,16.794,232,16.794,0.25406032482598606,0.660092807424594,0.08584686774941995
425794,"Wainwright, Adam","Pit",138,1537,1537,999,16.797,538,16.797,0.19323357189329862,0.7482108002602472,0.05855562784645413
615698,"Quantrill, Cal","Pit",114,234,234,153,16.798,81,16.798,0.1752136752136752,0.7478632478632479,0.07692307692307693
656222,"Beeks, Jalen","Pit",139,136,136,87,16.799,49,16.799,0.17647058823529413,0.8014705882352942,0.022058823529411766
150119,"Garcia, Freddy","Pit",144,543,543,390,16.8,153,16.8,0.2283609576427256,0.712707182320442,0.058931860036832415
660623,"Ynoa, Huascar","Pit",144,665,665,494,16.801,171,16.801,0.19699248120300752,0.7909774436090226,0.012030075187969926
453198,"Perez, Chris","Pit",114,421,421,261,16.804,160,16.804,0.166270783847981,0.7980997624703088,0.035629453681710214
429722,"Santana, Ervin","Pit",142,1265,1265,926,16.806,339,16.806,0.26877470355731226,0.6679841897233202,0.06324110671936758
407793,"Lackey, John","Pit",138,1358,1358,846,16.807,512,16.807,0.23784977908689248,0.6325478645066274,0.12960235640648013
621121,"McCullers Jr., Lance","Pit",117,1404,1404,836,16.81,568,16.81,0.16452991452991453,0.7364672364672364,0.099002849002849
650496,"Mejía, J.C.","Pit",114,454,454,254,16.81,200,16.81,0.17180616740088106,0.762114537444934,0.06607929515418502
434628,"Hammel, Jason","Pit",112,1236,1236,899,16.811,337,16.811,0.26537216828478966,0.6480582524271845,0.08656957928802589
621121,"McCullers Jr., Lance","Pit",117,1038,1038,627,16.811,411,16.811,0.24470134874759153,0.649325626204239,0.10597302504816955
641941,"Pagán, Emilio","Pit",142,398,398,259,16.811,139,16.811,0.08793969849246232,0.8894472361809045,0.022613065326633167
656970,"Smeltzer, Devin","Pit",142,537,537,376,16.814,161,16.814,0.1154562383612663,0.8659217877094972,0.0186219739292365
656578,"Jackson, Andre","Pit",134,421,421,293,16.814,128,16.814,0.12589073634204276,0.8669833729216152,0.007125890736342043
519326,"Strickland, Hunter","Pit",108,529,529,325,16.816,204,16.816,0.05103969754253308,0.945179584120983,0.003780718336483932
571863,"Koch, Matt","Pit",109,609,609,404,16.816,205,16.816,0.15270935960591134,0.8045977011494253,0.042692939244663386
518774,"Harvey, Matt","Pit",108,443,443,292,16.816,151,16.816,0.15575620767494355,0.801354401805869,0.04288939051918736
621121,"McCullers Jr., Lance","Pit",117,981,981,677,16.817,304,16.817,0.1743119266055046,0.7757390417940877,0.04994903160040775
542881,"Anderson, Tyler","Pit",115,1219,1219,874,16.817,345,16.817,0.19196062346185397,0.756357670221493,0.051681706316652996
607188,"Faria, Jake","Pit",139,669,669,445,16.817,224,16.817,0.1554559043348281,0.7877428998505231,0.05680119581464873
608665,"Graveman, Kendall","Pit",136,174,174,114,16.817,60,16.817,0.16666666666666666,0.7586206896551724,0.07471264367816093
622446,"Rodriguez, Jefry","Pit",120,428,428,285,16.817,143,16.817,0.1588785046728972,0.8037383177570093,0.037383177570093455
607231,"Gant, John","Pit",138,847,847,561,16.817,286,16.817,0.12514757969303425,0.7473435655253837,0.12750885478158205
594835,"Gonzales, Marco","Pit",136,1084,1084,762,16.817,322,16.817,0.17343173431734318,0.7998154981549815,0.026752767527675275
594835,"Gonzales, Marco","Pit",136,1485,1485,933,16.817,552,16.817,0.12727272727272726,0.8397306397306398,0.032996632996632996
608638,"Chargois, JT","Pit",146,350,350,186,16.82,164,16.82,0.12571428571428572,0.8628571428571429,0.011428571428571429
656427,"Flaherty, Jack","Pit",138,343,343,226,16.82,117,16.82,0.1661807580174927,0.7871720116618076,0.04664723032069971
676760,"Marinaccio, Ron","Pit",147,371,371,175,16.82,196,16.82,0.03504043126684636,0.9595687331536388,0.005390835579514825
601713,"Pivetta, Nick","Pit",111,1010,1010,705,16.825,305,16.825,0.11386138613861387,0.8712871287128713,0.01485148514851485
605388,"Morgan, Adam","Pit",143,550,550,375,16.826,175,16.826,0.23454545454545456,0.6890909090909091,0.07636363636363637
671345,"Foley, Jason","Pit",116,464,464,262,16.832,202,16.832,0.05172413793103448,0.9439655172413793,0.004310344827586207
457918,"Happ, J.A.","Pit",141,1272,1272,775,16.832,497,16.832,0.16588050314465408,0.7987421383647799,0.03537735849056604
606273,"Elías, Roenis","Pit",136,1233,1233,776,16.833,457,16.833,0.1873479318734793,0.7672343876723439,0.0454176804541768
283166,"Gonzalez, Michael","Pit",158,438,438,274,16.833,164,16.833,0.2465753424657534,0.7146118721461188,0.03881278538812785
670950,"Richards, Trevor","Pit",139,241,241,130,16.835,111,16.835,0.14522821576763487,0.8298755186721992,0.024896265560165973
450308,"Weaver, Jered","Pit",108,1344,1344,892,16.836,452,16.836,0.23586309523809523,0.6837797619047619,0.08035714285714286
663474,"McKenzie, Triston","Pit",114,867,867,615,16.839,252,16.839,0.2029988465974625,0.7497116493656286,0.04728950403690888
607481,"Bummer, Aaron","Pit",145,533,533,252,16.839,281,16.839,0.10318949343339587,0.8874296435272045,0.009380863039399626
408241,"Peavy, Jake","Pit",137,1426,1426,941,16.843,485,16.843,0.16129032258064516,0.7636746143057503,0.07503506311360449
434628,"Hammel, Jason","Pit",112,1181,1181,854,16.849,327,16.849,0.23624047417442845,0.6689246401354784,0.09483488569009314
665625,"Peguero, Elvis","Pit",158,338,338,182,16.849,156,16.849,0.16568047337278108,0.8284023668639053,0.005917159763313609
630023,"Chirinos, Yonny","Pit",139,862,862,640,16.85,222,16.85,0.20069605568445475,0.6937354988399071,0.10556844547563805
502171,"Cobb, Alex","Pit",137,1131,1131,744,16.85,387,16.85,0.20424403183023873,0.7391688770999116,0.05658709106984969
628452,"Iglesias, Raisel","Pit",113,504,504,359,16.85,145,16.85,0.16468253968253968,0.7896825396825397,0.04563492063492063
501925,"Smith, Joe","Pit",108,514,514,339,16.85,175,16.85,0.16926070038910507,0.7996108949416343,0.0311284046692607
607237,"Garrett, Amir","Pit",113,457,457,247,16.85,210,16.85,0.1575492341356674,0.8227571115973742,0.019693654266958426
547179,"Lorenzen, Michael","Pit",113,616,616,376,16.85,240,16.85,0.1444805194805195,0.8181818181818182,0.037337662337662336
543521,"McHugh, Collin","Pit",117,478,478,284,16.85,194,16.85,0.16108786610878661,0.7824267782426778,0.056485355648535567
592351,"Gray, Jon","Pit",115,1048,1048,734,16.85,314,16.85,0.1650763358778626,0.7824427480916031,0.05248091603053435
601713,"Pivetta, Nick","Pit",143,1264,1264,817,16.85,447,16.85,0.1787974683544304,0.7729430379746836,0.048259493670886076
591693,"Ramos, Edubray","Pit",143,471,471,262,16.85,209,16.85,0.16772823779193205,0.8110403397027601,0.021231422505307854
643230,"Brault, Steven","Pit",134,774,774,462,16.85,312,16.85,0.15503875968992248,0.8074935400516796,0.037467700258397935
425794,"Wainwright, Adam","Pit",138,367,367,225,16.851,142,16.851,0.1880108991825613,0.779291553133515,0.0326975476839237
476570,"Mazzaro, Vin","Pit",134,518,518,305,16.855,213,16.855,0.20077220077220076,0.752895752895753,0.04633204633204633
672715,"Patiño, Luis","Pit",139,578,578,400,16.855,178,16.855,0.19204152249134948,0.7820069204152249,0.025951557093425604
451628,"Figaro, Alfredo","Pit",158,517,517,356,16.856,161,16.856,0.19148936170212766,0.7446808510638298,0.06382978723404255
623451,"Stephens, Jackson","Pit",144,417,417,233,16.858,184,16.858,0.16786570743405277,0.7482014388489209,0.08393285371702638
684320,"Rodríguez, Yariel","Pit",141,690,690,439,16.861,251,16.861,0.11594202898550725,0.8739130434782608,0.010144927536231883
641154,"López, Pablo","Pit",146,739,739,513,16.863,226,16.863,0.20568335588633288,0.7523680649526387,0.04194857916102842
607237,"Garrett, Amir","Pit",118,363,363,166,16.864,197,16.864,0.15151515151515152,0.8319559228650137,0.01652892561983471
517593,"Salazar, Danny","Pit",114,1087,1087,685,16.865,402,16.865,0.21159153633854647,0.6780128794848206,0.11039558417663294
669456,"Bieber, Shane","Pit",114,549,549,417,16.865,132,16.865,0.21493624772313297,0.7468123861566485,0.03825136612021858
628452,"Iglesias, Raisel","Pit",113,582,582,374,16.869,208,16.869,0.20618556701030927,0.6615120274914089,0.1323024054982818
493133,"Kuroda, Hiroki","Pit",147,1470,1470,987,16.869,483,16.869,0.19183673469387755,0.7115646258503401,0.09659863945578231
430904,"Maholm, Paul","Pit",144,1167,1167,732,16.87,435,16.87,0.1062553556126821,0.8671808054841473,0.026563838903170524
592767,"Smyly, Drew","Pit",137,209,209,156,16.877,53,16.877,0.1722488038277512,0.7799043062200957,0.04784688995215311
621244,"Berríos, José","Pit",142,506,506,333,16.877,173,16.877,0.18379446640316205,0.7628458498023716,0.0533596837944664
453192,"Miller, Andrew","Pit",110,483,483,264,16.877,219,16.877,0.14906832298136646,0.8136645962732919,0.037267080745341616
608371,"Sims, Lucas","Pit",113,240,240,142,16.88,98,16.88,0.14583333333333334,0.825,0.029166666666666667
446372,"Kluber, Corey","Pit",114,1310,1310,965,16.883,345,16.883,0.15419847328244274,0.8190839694656489,0.026717557251908396
643338,"Green, Chad","Pit",147,515,515,311,16.883,204,16.883,0.11067961165048544,0.8679611650485437,0.021359223300970873
475243,"Wood, Travis","Pit",135,741,741,430,16.883,311,16.883,0.1524966261808367,0.8070175438596491,0.04048582995951417
607192,"Glasnow, Tyler","Pit",134,556,556,329,16.883,227,16.883,0.15467625899280577,0.7949640287769785,0.050359712230215826
593423,"Montas, Frankie","Pit",133,653,653,434,16.884,219,16.884,0.14854517611026033,0.7932618683001531,0.05819295558958652
502706,"Holland, Derek","Pit",140,818,818,557,16.884,261,16.884,0.2506112469437653,0.6699266503667481,0.07946210268948656
643493,"Pruitt, Austin","Pit",139,433,433,295,16.884,138,16.884,0.14549653579676675,0.8290993071593533,0.025404157043879907
435043,"Duke, Zach","Pit",136,422,422,226,16.884,196,16.884,0.08767772511848342,0.8886255924170616,0.023696682464454975
518553,"Cishek, Steve","Pit",145,202,202,112,16.884,90,16.884,0.14356435643564355,0.8316831683168316,0.024752475247524754
622608,"Senzatela, Antonio","Pit",115,761,761,496,16.884,265,16.884,0.19842312746386334,0.7490144546649146,0.052562417871222074
501957,"Tillman, Chris","Pit",110,1420,1420,890,16.887,530,16.887,0.19295774647887323,0.7253521126760564,0.08169014084507042
622097,"Thompson, Jake","Pit",143,448,448,279,16.89,169,16.89,0.19642857142857142,0.6964285714285714,0.10714285714285714
678368,"Bellozo, Valente","Pit",146,519,519,353,16.89,166,16.89,0.10211946050096339,0.8901734104046243,0.007707129094412331
675911,"Strider, Spencer","Pit",144,994,994,713,16.891,281,16.891,0.16700201207243462,0.7937625754527163,0.039235412474849095
502381,"Gregerson, Luke","Pit",135,397,397,280,16.895,117,16.895,0.17632241813602015,0.7556675062972292,0.06801007556675064
543022,"Chatwood, Tyler","Pit",112,148,148,90,16.896,58,16.896,0.13513513513513514,0.8108108108108109,0.05405405405405406
534947,"Adleman, Tim","Pit",113,481,481,330,16.897,151,16.897,0.23284823284823286,0.6964656964656964,0.07068607068607069
642083,"Slegers, Aaron","Pit",139,159,159,105,16.898,54,16.898,0.2138364779874214,0.7547169811320755,0.031446540880503145
407793,"Lackey, John","Pit",112,1228,1228,857,16.898,371,16.898,0.2785016286644951,0.6343648208469055,0.08713355048859935
608648,"Duffey, Tyler","Pit",142,425,425,267,16.9,158,16.9,0.21176470588235294,0.68,0.10823529411764705
622663,"Severino, Luis","Pit",147,491,491,339,16.9,152,16.9,0.22606924643584522,0.6843177189409368,0.08961303462321792
456501,"Cueto, Johnny","Pit",113,433,433,316,16.904,117,16.904,0.18244803695150116,0.7344110854503464,0.08314087759815242
571946,"Miller, Shelby","Pit",116,346,346,201,16.904,145,16.904,0.07514450867052024,0.9190751445086706,0.005780346820809248
605397,"Musgrove, Joe","Pit",135,1320,1320,888,16.906,432,16.906,0.11969696969696969,0.8113636363636364,0.06893939393939394
425794,"Wainwright, Adam","Pit",138,1508,1508,1021,16.906,487,16.906,0.20358090185676392,0.746684350132626,0.04973474801061008
621107,"Eflin, Zach","Pit",143,541,541,361,16.907,180,16.907,0.1645101663585952,0.7837338262476895,0.051756007393715345
643290,"Dunn, Justin","Pit",136,389,389,273,16.908,116,16.908,0.17223650385604114,0.7789203084832905,0.04884318766066838
570632,"Ureña, José","Pit",146,178,178,115,16.909,63,16.909,0.15168539325842698,0.8258426966292135,0.02247191011235955
519096,"Otero, Dan","Pit",133,339,339,215,16.909,124,16.909,0.22713864306784662,0.6932153392330384,0.07964601769911504
450351,"Wilson, C.J.","Pit",108,1003,1003,630,16.91,373,16.91,0.22432701894317048,0.6660019940179461,0.10967098703888335
445612,"Thayer, Dale","Pit",135,414,414,235,16.91,179,16.91,0.15217391304347827,0.821256038647343,0.026570048309178744
571561,"Cingrani, Tony","Pit",113,509,509,293,16.91,216,16.91,0.26129666011787817,0.6954813359528488,0.043222003929273084
668678,"Gallen, Zac","Pit",109,1300,1300,974,16.914,326,16.914,0.2076923076923077,0.7038461538461539,0.08846153846153847
621381,"Strahm, Matt","Pit",143,577,577,343,16.915,234,16.915,0.0658578856152513,0.9185441941074524,0.01559792027729636
598271,"Johnson, Brian","Pit",111,378,378,245,16.917,133,16.917,0.16666666666666666,0.8095238095238095,0.023809523809523808
605240,"Fry, Jace","Pit",145,406,406,249,16.917,157,16.917,0.18719211822660098,0.7783251231527094,0.034482758620689655
542960,"Brach, Brad","Pit",144,514,514,287,16.917,227,16.917,0.09533073929961089,0.8715953307392996,0.033073929961089495
605347,"López, Jorge","Pit",118,963,963,604,16.917,359,16.917,0.1786085150571132,0.7663551401869159,0.055036344755970926
543054,"Cosart, Jarred","Pit",146,1416,1416,879,16.917,537,16.917,0.18220338983050846,0.7415254237288136,0.07627118644067797
607259,"Martinez, Nick","Pit",140,861,861,609,16.917,252,16.917,0.1951219512195122,0.7700348432055749,0.03484320557491289
621242,"Díaz, Edwin","Pit",136,479,479,330,16.917,149,16.917,0.18789144050104384,0.7745302713987474,0.037578288100208766
642397,"Soto, Gregory","Pit",116,514,514,277,16.917,237,16.917,0.13424124513618677,0.8346303501945526,0.0311284046692607
543903,"Webster, Allen","Pit",111,441,441,263,16.92,178,16.92,0.14512471655328799,0.8049886621315193,0.049886621315192746
277417,"Beckett, Josh","Pit",119,329,329,192,16.921,137,16.921,0.17933130699088146,0.6899696048632219,0.13069908814589665
456379,"Alburquerque, Al","Pit",116,397,397,224,16.922,173,16.922,0.14357682619647355,0.8161209068010076,0.04030226700251889
488768,"Cashner, Andrew","Pit",146,1127,1127,662,16.923,465,16.923,0.22892635314995563,0.712511091393079,0.05856255545696539
594760,"Blair, Aaron","Pit",144,539,539,357,16.923,182,16.923,0.20222634508348794,0.7217068645640075,0.07606679035250463
543521,"McHugh, Collin","Pit",117,1146,1146,758,16.927,388,16.927,0.1631762652705061,0.7766143106457243,0.060209424083769635
430580,"Simon, Alfredo","Pit",113,1303,1303,882,16.929,421,16.929,0.19416730621642364,0.7528779739063699,0.052954719877206444
670970,"Morejon, Adrian","Pit",135,155,155,129,16.931,26,16.931,0.23870967741935484,0.7548387096774194,0.0064516129032258064
444468,"Rondón, Héctor","Pit",112,474,474,297,16.933,177,16.933,0.22362869198312235,0.6603375527426161,0.1160337552742616
527054,"Teheran, Julio","Pit",158,481,481,334,16.934,147,16.934,0.0997920997920998,0.896049896049896,0.004158004158004158
453286,"Scherzer, Max","Pit",120,1525,1525,1119,16.934,406,16.934,0.260327868852459,0.620983606557377,0.11868852459016394
346798,"Lohse, Kyle","Pit",158,1187,1187,768,16.934,419,16.934,0.2468407750631845,0.6621735467565291,0.09098567818028644
656605,"Keller, Mitch","Pit",134,823,823,481,16.937,342,16.937,0.16403402187120292,0.7995139732685298,0.03645200486026731
670912,"Oviedo, Johan","Pit",138,508,508,280,16.944,228,16.944,0.13976377952755906,0.8070866141732284,0.0531496062992126
608648,"Duffey, Tyler","Pit",142,347,347,225,16.946,122,16.946,0.09510086455331412,0.8645533141210374,0.040345821325648415
519151,"Pressly, Ryan","Pit",117,388,388,217,16.947,171,16.947,0.07731958762886598,0.9149484536082474,0.007731958762886598
502158,"Roenicke, Josh","Pit",142,488,488,277,16.949,211,16.949,0.15368852459016394,0.8114754098360656,0.03483606557377049
607536,"Freeland, Kyle","Pit",115,538,538,351,16.95,187,16.95,0.1412639405204461,0.8048327137546468,0.05390334572490706
596057,"Norris, Daniel","Pit",116,836,836,527,16.95,309,16.95,0.17822966507177032,0.7177033492822966,0.10406698564593302
656427,"Flaherty, Jack","Pit",138,1195,1195,860,16.95,335,16.95,0.1774058577405858,0.7589958158995815,0.06359832635983263
543883,"Vincent, Nick","Pit",143,327,327,160,16.95,167,16.95,0.12538226299694188,0.8501529051987767,0.024464831804281346
430599,"Blanton, Joe","Pit",120,334,334,206,16.951,128,16.951,0.15568862275449102,0.8053892215568862,0.038922155688622756
434671,"Sánchez, Aníbal","Pit",120,1180,1180,844,16.951,336,16.951,0.15254237288135594,0.8220338983050848,0.025423728813559324
607536,"Freeland, Kyle","Pit",115,816,816,503,16.951,313,16.951,0.16789215686274508,0.7806372549019608,0.051470588235294115
572140,"Skaggs, Tyler","Pit",108,990,990,629,16.951,361,16.951,0.14747474747474748,0.8131313131313131,0.03939393939393939
432934,"Young, Chris","Pit",118,924,924,680,16.954,244,16.954,0.22402597402597402,0.7251082251082251,0.050865800865800864
446372,"Kluber, Corey","Pit",139,1072,1072,723,16.956,349,16.956,0.13059701492537312,0.8414179104477612,0.027985074626865673
519085,"Oberholtzer, Brett","Pit",108,523,523,315,16.958,208,16.958,0.21606118546845124,0.7265774378585086,0.05736137667304015
425794,"Wainwright, Adam","Pit",138,1622,1622,1113,16.958,509,16.958,0.19852034525277434,0.7398273736128237,0.06165228113440197
641816,"Mahle, Tyler","Pit",113,1539,1539,972,16.96,567,16.96,0.15269655620532813,0.8102664067576348,0.037037037037037035
665871,"Assad, Javier","Pit",112,792,792,507,16.96,285,16.96,0.15151515151515152,0.8421717171717171,0.006313131313131313
456696,"Hernandez, David","Pit",143,535,535,328,16.961,207,16.961,0.2261682242990654,0.7271028037383177,0.04672897196261682
502593,"Petricka, Jake","Pit",145,559,559,336,16.964,223,16.964,0.16815742397137745,0.813953488372093,0.017889087656529516
460701,"Russell, James","Pit",112,336,336,205,16.966,131,16.966,0.13095238095238096,0.7648809523809523,0.10416666666666667
434671,"Sánchez, Aníbal","Pit",116,1129,1129,768,16.966,361,16.966,0.22320637732506643,0.7023914968999114,0.07440212577502214
661395,"Duran, Jhoan","Pit",142,381,381,251,16.966,130,16.966,0.18635170603674542,0.7112860892388452,0.10236220472440945
544931,"Strasburg, Stephen","Pit",120,1430,1430,1029,16.966,401,16.966,0.14965034965034965,0.8216783216783217,0.028671328671328673
676710,"Crawford, Kutter","Pit",111,579,579,402,16.967,177,16.967,0.17962003454231434,0.7512953367875648,0.0690846286701209
571901,"Loup, Aaron","Pit",141,350,350,211,16.967,139,16.967,0.22,0.6857142857142857,0.09428571428571429
519105,"Parker, Jarrod","Pit",133,1325,1325,913,16.968,412,16.968,0.13886792452830188,0.8,0.06113207547169811
519043,"Moore, Matt","Pit",139,467,467,288,16.969,179,16.969,0.22055674518201285,0.6852248394004282,0.09421841541755889
606160,"Montero, Rafael","Pit",121,404,404,245,16.971,159,16.971,0.16336633663366337,0.7821782178217822,0.054455445544554455
608648,"Duffey, Tyler","Pit",142,492,492,277,16.971,215,16.971,0.1402439024390244,0.8170731707317073,0.042682926829268296
435043,"Duke, Zach","Pit",138,492,492,276,16.972,216,16.972,0.1991869918699187,0.733739837398374,0.06707317073170732
518468,"Blazek, Michael","Pit",158,447,447,315,16.973,132,16.973,0.24384787472035793,0.6599552572706935,0.09619686800894854
518876,"Kelly, Merrill","Pit",109,1363,1363,934,16.974,429,16.974,0.16801173881144535,0.789435069699193,0.0425531914893617
669270,"Kuhnel, Joel","Pit",113,412,412,241,16.975,171,16.975,0.17718446601941748,0.7961165048543689,0.02669902912621359
434378,"Verlander, Justin","Pit",117,1090,1090,699,16.978,391,16.978,0.11834862385321102,0.8798165137614679,0.001834862385321101
605121,"Anderson, Justin","Pit",145,398,398,227,16.978,171,16.978,0.04271356783919598,0.9547738693467337,0.002512562814070352
661309,"Martínez, Adrián","Pit",133,421,421,236,16.979,185,16.979,0.13539192399049882,0.8646080760095012,0
477132,"Kershaw, Clayton","Pit",119,993,993,726,16.983,267,16.983,0.1822759315206445,0.7693856998992951,0.04833836858006042
594840,"Grace, Matt","Pit",120,389,389,237,16.983,152,16.983,0.13624678663239073,0.8406169665809768,0.02313624678663239
519096,"Otero, Dan","Pit",114,416,416,253,16.983,163,16.983,0.04807692307692308,0.9350961538461539,0.016826923076923076
453281,"LeBlanc, Wade","Pit",136,1160,1160,815,16.983,345,16.983,0.16982758620689656,0.7844827586206896,0.045689655172413794
112526,"Colon, Bartolo","Pit",121,1243,1243,826,16.984,417,16.984,0.2236524537409493,0.6613032984714401,0.11504424778761062
593974,"Peralta, Wandy","Pit",113,374,374,187,16.984,187,16.984,0.13101604278074866,0.8342245989304813,0.034759358288770054
592351,"Gray, Jon","Pit",115,886,886,585,16.984,301,16.984,0.15575620767494355,0.7494356659142212,0.09480812641083522
573185,"Straily, Dan","Pit",110,444,444,256,16.984,188,16.984,0.17342342342342343,0.7612612612612613,0.06531531531531531
607625,"Lugo, Seth","Pit",121,526,526,330,16.988,196,16.988,0.17680608365019013,0.7946768060836502,0.028517110266159697
543294,"Hendricks, Kyle","Pit",112,642,642,443,16.989,199,16.989,0.10903426791277258,0.8800623052959502,0.010903426791277258
502748,"Peacock, Brad","Pit",117,703,703,487,16.991,216,16.991,0.19914651493598862,0.689900426742532,0.11095305832147938
571760,"Heaney, Andrew","Pit",147,1040,1040,728,16.994,312,16.994,0.15,0.8221153846153846,0.027884615384615386
518553,"Cishek, Steve","Pit",120,597,597,345,16.996,252,16.996,0.10720268006700168,0.8626465661641541,0.03015075376884422
502083,"McAllister, Zach","Pit",114,650,650,409,16.996,241,16.996,0.19230769230769232,0.74,0.06769230769230769
571901,"Loup, Aaron","Pit",141,529,529,260,16.996,269,16.996,0.05103969754253308,0.8998109640831758,0.04914933837429111
523260,"Kelly, Joe","Pit",111,781,781,468,16.998,313,16.998,0.117797695262484,0.8104993597951344,0.07170294494238157
605182,"Clevinger, Mike","Pit",145,889,889,607,16.999,282,16.999,0.0843644544431946,0.9088863892013498,0.006749156355455568
502381,"Gregerson, Luke","Pit",133,429,429,283,16.999,146,16.999,0.14219114219114218,0.7575757575757576,0.10023310023310024
571735,"Hale, David","Pit",144,605,605,332,17,273,17,0.1206611570247934,0.8462809917355372,0.03305785123966942
666200,"Luzardo, Jesús","Pit",146,778,778,490,17,288,17,0.18637532133676094,0.7712082262210797,0.042416452442159386
446321,"Detwiler, Ross","Pit",133,379,379,233,17.001,146,17.001,0.23482849604221637,0.7203166226912929,0.044854881266490766
660853,"De Los Santos, Enyel","Pit",145,438,438,246,17.001,192,17.001,0.08904109589041095,0.908675799086758,0.00228310502283105
640470,"Alzolay, Adbert","Pit",112,841,841,585,17.002,256,17.002,0.13793103448275862,0.7990487514863258,0.06302021403091558
519144,"Porcello, Rick","Pit",111,1540,1540,1096,17.004,444,17.004,0.2461038961038961,0.662987012987013,0.09090909090909091
642547,"Peralta, Freddy","Pit",158,270,270,141,17.005,129,17.005,0.16296296296296298,0.7481481481481481,0.08888888888888889
519144,"Porcello, Rick","Pit",111,1253,1253,803,17.006,450,17.006,0.2202713487629689,0.6584197924980048,0.12130885873902633
601713,"Pivetta, Nick","Pit",111,1353,1353,840,17.008,513,17.008,0.14412416851441243,0.7716186252771619,0.08425720620842572
502211,"Bolsinger, Mike","Pit",119,910,910,563,17.01,347,17.01,0.23186813186813188,0.6593406593406593,0.1087912087912088
500779,"Quintana, Jose","Pit",145,1553,1553,1035,17.011,518,17.011,0.18737926593689633,0.7739858338699291,0.038634900193174504
605135,"Bassitt, Chris","Pit",141,1401,1401,983,17.011,418,17.011,0.18629550321199143,0.8037116345467523,0.009992862241256246
625643,"López, Reynaldo","Pit",114,472,472,268,17.012,204,17.012,0.08686440677966102,0.9004237288135594,0.012711864406779662
502171,"Cobb, Alex","Pit",110,1167,1167,831,17.017,336,17.017,0.18251928020565553,0.7849185946872322,0.032562125107112254
606424,"García, Jarlín","Pit",146,403,403,215,17.017,188,17.017,0.1588089330024814,0.7841191066997518,0.05707196029776675
430935,"Hamels, Cole","Pit",140,1074,1074,730,17.017,344,17.017,0.13966480446927373,0.8240223463687151,0.036312849162011177
456696,"Hernandez, David","Pit",113,421,421,271,17.017,150,17.017,0.12351543942992874,0.8408551068883611,0.035629453681710214
445060,"Nolasco, Ricky","Pit",108,1395,1395,963,17.017,432,17.017,0.1921146953405018,0.7634408602150538,0.044444444444444446
643493,"Pruitt, Austin","Pit",139,597,597,357,17.017,240,17.017,0.07202680067001675,0.8911222780569514,0.03685092127303183
452657,"Lester, Jon","Pit",112,1431,1431,854,17.017,577,17.017,0.16911250873515024,0.7889587700908456,0.041928721174004195
657612,"Hill, Tim","Pit",135,452,452,224,17.018,228,17.018,0.0752212389380531,0.9004424778761062,0.024336283185840708
657571,"Ferguson, Caleb","Pit",117,394,394,190,17.019,204,17.019,0.07106598984771574,0.9238578680203046,0.005076142131979695
605513,"Turnbull, Spencer","Pit",143,433,433,305,17.02,128,17.02,0.12471131639722864,0.8706697459584296,0.004618937644341801
548384,"Raley, Brooks","Pit",117,147,147,85,17.026,62,17.026,0.1360544217687075,0.7959183673469388,0.06802721088435375
543766,"Shaw, Bryan","Pit",145,349,349,194,17.029,155,17.029,0.07736389684813753,0.9169054441260746,0.0057306590257879654
533167,"Shoemaker, Matt","Pit",108,969,969,701,17.029,268,17.029,0.21568627450980393,0.6491228070175439,0.13519091847265222
641816,"Mahle, Tyler","Pit",142,1018,1018,680,17.03,338,17.03,0.17976424361493124,0.7770137524557956,0.043222003929273084
669432,"Rogers, Trevor","Pit",146,949,949,600,17.032,349,17.032,0.136986301369863,0.821917808219178,0.0410958904109589
657140,"Wright, Kyle","Pit",144,308,308,202,17.034,106,17.034,0.1461038961038961,0.7727272727272727,0.08116883116883117
594736,"Anderson, Cody","Pit",114,577,577,396,17.035,181,17.035,0.2339688041594454,0.6689774696707106,0.09705372616984402
572020,"Paxton, James","Pit",147,143,143,105,17.039,38,17.039,0.15384615384615385,0.8251748251748252,0.02097902097902098
643511,"Rogers, Tyler","Pit",137,596,596,348,17.04,248,17.04,0.05536912751677853,0.9261744966442953,0.018456375838926176
642232,"Yarbrough, Ryan","Pit",141,690,690,413,17.04,277,17.04,0.08405797101449275,0.9101449275362319,0.005797101449275362
543734,"Rusin, Chris","Pit",115,978,978,602,17.042,376,17.042,0.21063394683026584,0.6758691206543967,0.11349693251533742
450203,"Morton, Charlie","Pit",144,1406,1406,955,17.043,451,17.043,0.18705547652916074,0.7610241820768137,0.051920341394025606
663558,"Morán, Jovani","Pit",142,337,337,189,17.044,148,17.044,0.13056379821958458,0.8664688427299704,0.002967359050445104
518553,"Cishek, Steve","Pit",146,566,566,345,17.044,221,17.044,0.12014134275618374,0.8480565371024735,0.03180212014134275
680730,"Parker, Mitchell","Pit",120,972,972,621,17.045,351,17.045,0.05864197530864197,0.9362139917695473,0.0051440329218107
554234,"Pérez, Williams","Pit",144,418,418,298,17.047,120,17.047,0.2511961722488038,0.6722488038277512,0.07655502392344497
518774,"Harvey, Matt","Pit",121,647,647,426,17.049,221,17.049,0.2071097372488408,0.7094281298299846,0.08346213292117466
453281,"LeBlanc, Wade","Pit",134,494,494,340,17.05,154,17.05,0.2125506072874494,0.7226720647773279,0.06477732793522267
448179,"Hill, Rich","Pit",119,909,909,626,17.05,283,17.05,0.21782178217821782,0.7084708470847084,0.0737073707370737
573186,"Stroman, Marcus","Pit",121,1442,1442,975,17.05,467,17.05,0.14771151178918168,0.7961165048543689,0.05617198335644938
605541,"Wright Jr., Mike","Pit",110,749,749,386,17.05,363,17.05,0.102803738317757,0.8371161548731643,0.06008010680907877
571710,"Givens, Mychal","Pit",110,603,603,371,17.051,232,17.051,0.11276948590381426,0.845771144278607,0.04145936981757877
519096,"Otero, Dan","Pit",114,356,356,212,17.051,144,17.051,0.03089887640449438,0.952247191011236,0.016853932584269662
543557,"Montgomery, Mike","Pit",112,872,872,557,17.051,315,17.051,0.13990825688073394,0.8096330275229358,0.05045871559633028
543766,"Shaw, Bryan","Pit",114,555,555,310,17.051,245,17.051,0.12432432432432433,0.8558558558558559,0.01981981981981982
571946,"Miller, Shelby","Pit",140,376,376,207,17.051,169,17.051,0.15691489361702127,0.800531914893617,0.0425531914893617
456068,"González, Miguel","Pit",110,1235,1235,826,17.052,409,17.052,0.14251012145748987,0.8129554655870446,0.044534412955465584
657277,"Webb, Logan","Pit",137,488,488,300,17.054,188,17.054,0.12090163934426229,0.8176229508196722,0.06147540983606557
458708,"Tomlin, Josh","Pit",114,424,424,353,17.058,71,17.058,0.25235849056603776,0.6768867924528302,0.07075471698113207
642121,"Sulser, Cole","Pit",110,449,449,277,17.058,172,17.058,0.17817371937639198,0.7861915367483296,0.035634743875278395
628711,"Urías, Julio","Pit",119,673,673,402,17.059,271,17.059,0.2050520059435364,0.687964338781575,0.10698365527488855
477132,"Kershaw, Clayton","Pit",119,1348,1348,986,17.06,362,17.06,0.23293768545994065,0.6713649851632048,0.0956973293768546
605540,"Woodruff, Brandon","Pit",158,455,455,348,17.061,107,17.061,0.06373626373626373,0.9296703296703297,0.006593406593406593
456027,"Ohlendorf, Ross","Pit",120,433,433,267,17.062,166,17.062,0.15704387990762125,0.7944572748267898,0.04849884526558892
425844,"Greinke, Zack","Pit",118,1013,1013,701,17.064,312,17.064,0.11747285291214216,0.8795656465942744,0.0029615004935834156
665152,"Kremer, Dean","Pit",110,450,450,316,17.072,134,17.072,0.14444444444444443,0.8177777777777778,0.03777777777777778
656546,"Hoffman, Jeff","Pit",143,406,406,263,17.073,143,17.073,0.03940886699507389,0.9532019704433498,0.007389162561576354
594798,"deGrom, Jacob","Pit",121,380,380,321,17.073,59,17.073,0.20789473684210527,0.7526315789473684,0.039473684210526314
519085,"Oberholtzer, Brett","Pit",117,986,986,661,17.076,325,17.076,0.17038539553752535,0.7626774847870182,0.06693711967545639
543037,"Cole, Gerrit","Pit",147,1328,1328,918,17.08,410,17.08,0.18674698795180722,0.7560240963855421,0.0572289156626506
643410,"Leiter Jr., Mark","Pit",112,479,479,304,17.081,175,17.081,0.07515657620041753,0.9206680584551148,0.0041753653444676405
657611,"Hill, Cam","Pit",114,150,150,120,17.081,30,17.081,0.12666666666666668,0.86,0.013333333333333334
650893,"Cabrera, Génesis","Pit",141,391,391,215,17.082,176,17.082,0.058823529411764705,0.928388746803069,0.01278772378516624
503449,"Peralta, Wily","Pit",158,550,550,350,17.083,200,17.083,0.2018181818181818,0.7127272727272728,0.08545454545454545
453562,"Arrieta, Jake","Pit",112,1287,1287,863,17.084,424,17.084,0.15773115773115773,0.8065268065268065,0.035742035742035744
621111,"Buehler, Walker","Pit",119,917,917,640,17.084,277,17.084,0.1766630316248637,0.7949836423118866,0.028353326063249727
623167,"Flexen, Chris","Pit",121,417,417,233,17.084,184,17.084,0.15827338129496402,0.7362110311750599,0.10551558752997602
592773,"Stanek, Ryne","Pit",117,345,345,229,17.084,116,17.084,0.04927536231884058,0.9478260869565217,0.002898550724637681
502748,"Peacock, Brad","Pit",117,746,746,510,17.084,236,17.084,0.1769436997319035,0.7855227882037533,0.03753351206434316
571561,"Cingrani, Tony","Pit",119,330,330,209,17.084,121,17.084,0.1787878787878788,0.7878787878787878,0.03333333333333333
643466,"Musgrave, Harrison","Pit",115,335,335,206,17.084,129,17.084,0.09253731343283582,0.8925373134328358,0.014925373134328358
571666,"Fiers, Mike","Pit",133,1242,1242,844,17.084,398,17.084,0.18115942028985507,0.7568438003220612,0.061996779388083734
622694,"Hernández, Elieser","Pit",146,478,478,320,17.086,158,17.086,0.15481171548117154,0.803347280334728,0.04184100418410042
666157,"Lodolo, Nick","Pit",113,793,793,503,17.087,290,17.087,0.11979823455233292,0.8511979823455234,0.029003783102143757
543475,"Lyles, Jordan","Pit",140,1315,1315,891,17.093,424,17.093,0.1817490494296578,0.7673003802281368,0.05095057034220532
606149,"Gallegos, Giovanny","Pit",138,355,355,223,17.094,132,17.094,0.0676056338028169,0.9211267605633803,0.011267605633802818
594736,"Anderson, Cody","Pit",114,423,423,297,17.095,126,17.095,0.2222222222222222,0.6926713947990544,0.0851063829787234
607625,"Lugo, Seth","Pit",121,432,432,294,17.097,138,17.097,0.22453703703703703,0.7060185185185185,0.06944444444444445
518553,"Cishek, Steve","Pit",136,572,572,378,17.1,194,17.1,0.20804195804195805,0.7290209790209791,0.06293706293706294
656302,"Cease, Dylan","Pit",145,550,550,351,17.101,199,17.101,0.1509090909090909,0.8254545454545454,0.023636363636363636
656354,"Davis, Austin","Pit",142,526,526,296,17.102,230,17.102,0.11787072243346007,0.8612167300380228,0.02091254752851711
425794,"Wainwright, Adam","Pit",138,1531,1531,1071,17.102,460,17.102,0.21750489875898105,0.7217504898758981,0.06074461136512083
605482,"Sneed, Cy","Pit",117,156,156,70,17.103,86,17.103,0.08974358974358974,0.8653846153846154,0.04487179487179487
593576,"Neris, Héctor","Pit",143,595,595,388,17.104,207,17.104,0.24201680672268908,0.6655462184873949,0.09243697478991597
458950,"Humber, Philip","Pit",117,402,402,238,17.111,164,17.111,0.18159203980099503,0.7039800995024875,0.11442786069651742
668881,"Greene, Hunter","Pit",113,940,940,656,17.112,284,17.112,0.16595744680851063,0.8095744680851064,0.02446808510638298
112526,"Colon, Bartolo","Pit",121,1346,1346,897,17.116,449,17.116,0.22436849925705796,0.6478454680534919,0.1277860326894502
453178,"Kennedy, Ian","Pit",118,1245,1245,851,17.117,394,17.117,0.12690763052208837,0.8369477911646587,0.03614457831325301
621097,"Waguespack, Jacob","Pit",141,589,589,398,17.117,191,17.117,0.16129032258064516,0.767402376910017,0.07130730050933787
518452,"Bettis, Chad","Pit",115,464,464,294,17.118,170,17.118,0.19181034482758622,0.7758620689655172,0.032327586206896554
476594,"Stock, Robert","Pit",111,125,125,66,17.118,59,17.118,0.064,0.904,0.032
543734,"Rusin, Chris","Pit",115,555,555,346,17.118,209,17.118,0.22162162162162163,0.6774774774774774,0.1009009009009009
606303,"Payamps, Joel","Pit",118,370,370,234,17.12,136,17.12,0.15405405405405406,0.8027027027027027,0.043243243243243246
657612,"Hill, Tim","Pit",135,365,365,203,17.121,162,17.121,0.11506849315068493,0.8547945205479452,0.030136986301369864
453385,"Richard, Clayton","Pit",135,493,493,305,17.121,188,17.121,0.24543610547667344,0.7058823529411765,0.0486815415821501
592791,"Taillon, Jameson","Pit",147,1273,1273,854,17.123,419,17.123,0.1249018067556952,0.845247446975648,0.029850746268656716
425856,"Floyd, Gavin","Pit",144,337,337,221,17.125,116,17.125,0.11869436201780416,0.8545994065281899,0.026706231454005934
670280,"Bednar, David","Pit",134,416,416,227,17.129,189,17.129,0.07451923076923077,0.9158653846153846,0.009615384615384616
519151,"Pressly, Ryan","Pit",142,554,554,304,17.13,250,17.13,0.13537906137184116,0.8212996389891697,0.04332129963898917
572971,"Keuchel, Dallas","Pit",140,542,542,299,17.131,243,17.131,0.08671586715867159,0.8948339483394834,0.01845018450184502
596057,"Norris, Daniel","Pit",116,572,572,410,17.131,162,17.131,0.23251748251748253,0.6975524475524476,0.06993006993006994
657756,"Seabold, Connor","Pit",115,664,664,366,17.134,298,17.134,0.05271084337349398,0.9367469879518072,0.010542168674698794
433584,"Hernandez, Roberto","Pit",119,1240,1240,787,17.135,453,17.135,0.1717741935483871,0.7508064516129033,0.07741935483870968
548389,"Stripling, Ross","Pit",141,891,891,633,17.136,258,17.136,0.1537598204264871,0.8204264870931538,0.025813692480359147
676979,"Crochet, Garrett","Pit",145,431,431,245,17.139,186,17.139,0.17633410672853828,0.7819025522041764,0.04176334106728538
217096,"Zito, Barry","Pit",137,1124,1124,680,17.144,444,17.144,0.1201067615658363,0.8211743772241993,0.05871886120996441
669060,"Wilson, Bryse","Pit",134,855,855,520,17.147,335,17.147,0.12280701754385964,0.856140350877193,0.021052631578947368
502202,"Boxberger, Brad","Pit",146,174,174,101,17.148,73,17.148,0.028735632183908046,0.9252873563218391,0.04597701149425287
543408,"Koehler, Tom","Pit",146,1410,1410,942,17.148,468,17.148,0.2397163120567376,0.6709219858156028,0.08936170212765958
606160,"Montero, Rafael","Pit",121,1016,1016,580,17.15,436,17.15,0.1673228346456693,0.7795275590551181,0.0531496062992126
607536,"Freeland, Kyle","Pit",115,1226,1226,742,17.15,484,17.15,0.132952691680261,0.8058727569331158,0.061174551386623165
607625,"Lugo, Seth","Pit",121,614,614,408,17.15,206,17.15,0.13843648208469056,0.8029315960912052,0.05863192182410423
446372,"Kluber, Corey","Pit",114,1420,1420,1007,17.15,413,17.15,0.09929577464788733,0.8774647887323944,0.02323943661971831
488984,"Hunter, Tommy","Pit",143,388,388,234,17.15,154,17.15,0.0979381443298969,0.8582474226804123,0.04381443298969072
519294,"Smoker, Josh","Pit",121,506,506,270,17.151,236,17.151,0.1541501976284585,0.8003952569169961,0.045454545454545456
656222,"Beeks, Jalen","Pit",139,820,820,473,17.151,347,17.151,0.12682926829268293,0.8426829268292683,0.03048780487804878
607536,"Freeland, Kyle","Pit",115,866,866,535,17.151,331,17.151,0.14665127020785218,0.7702078521939953,0.08314087759815242
659275,"Lamet, Dinelson","Pit",135,866,866,605,17.151,261,17.151,0.17782909930715934,0.7655889145496536,0.05658198614318707
592879,"Wojciechowski, Asher","Pit",113,502,502,315,17.151,187,17.151,0.14143426294820718,0.796812749003984,0.061752988047808766
663432,"Rainey, Tanner","Pit",120,384,384,227,17.156,157,17.156,0.049479166666666664,0.9479166666666666,0.0026041666666666665
523989,"De La Rosa, Rubby","Pit",109,407,407,258,17.163,149,17.163,0.2113022113022113,0.6461916461916462,0.14250614250614252
656605,"Keller, Mitch","Pit",134,187,187,139,17.164,48,17.164,0.10695187165775401,0.8502673796791443,0.0427807486631016
622253,"Tate, Dillon","Pit",110,478,478,248,17.168,230,17.168,0.09832635983263599,0.8807531380753139,0.02092050209205021
641501,"Danish, Tyler","Pit",111,336,336,232,17.169,104,17.169,0.13392857142857142,0.8482142857142857,0.017857142857142856
571735,"Hale, David","Pit",115,566,566,384,17.17,182,17.17,0.22791519434628976,0.6890459363957597,0.08303886925795052
605182,"Clevinger, Mike","Pit",114,466,466,258,17.171,208,17.171,0.1459227467811159,0.6952789699570815,0.15879828326180256
493159,"Wada, Tsuyoshi","Pit",112,485,485,319,17.172,166,17.172,0.12371134020618557,0.8309278350515464,0.04536082474226804
276514,"Gregg, Kevin","Pit",112,554,554,350,17.173,204,17.173,0.15703971119133575,0.7978339350180506,0.04512635379061372
592866,"Williams, Trevor","Pit",121,641,641,437,17.173,204,17.173,0.1294851794071763,0.8346333853354134,0.0358814352574103
622694,"Hernández, Elieser","Pit",146,340,340,228,17.175,112,17.175,0.1411764705882353,0.8058823529411765,0.052941176470588235
534910,"Hahn, Jesse","Pit",133,330,330,216,17.178,114,17.178,0.19090909090909092,0.693939393939394,0.11515151515151516
663556,"McClanahan, Shane","Pit",139,1102,1102,800,17.182,302,17.182,0.1705989110707804,0.8121597096188747,0.017241379310344827
607192,"Glasnow, Tyler","Pit",139,865,865,587,17.183,278,17.183,0.15491329479768787,0.8092485549132948,0.035838150289017344
643493,"Pruitt, Austin","Pit",139,330,330,230,17.184,100,17.184,0.12424242424242424,0.8606060606060606,0.015151515151515152
656427,"Flaherty, Jack","Pit",138,1432,1432,1041,17.184,391,17.184,0.16759776536312848,0.7723463687150838,0.06005586592178771
607625,"Lugo, Seth","Pit",121,759,759,487,17.184,272,17.184,0.1541501976284585,0.7957839262187089,0.05006587615283267
518516,"Bumgarner, Madison","Pit",137,739,739,490,17.184,249,17.184,0.10419485791610285,0.8660351826792964,0.029769959404600813
430912,"Cain, Matt","Pit",137,440,440,278,17.184,162,17.184,0.2318181818181818,0.6636363636363637,0.10454545454545454
664285,"Valdez, Framber","Pit",117,324,324,211,17.184,113,17.184,0.13271604938271606,0.8024691358024691,0.06481481481481481
448614,"Torres, Carlos","Pit",158,525,525,304,17.184,221,17.184,0.13714285714285715,0.8057142857142857,0.05714285714285714
434671,"Sánchez, Aníbal","Pit",120,562,562,392,17.19,170,17.19,0.14768683274021352,0.8149466192170819,0.037366548042704624
664076,"Cleavinger, Garrett","Pit",139,442,442,236,17.194,206,17.194,0.011312217194570135,0.9841628959276018,0.004524886877828055
504379,"Nicasio, Juan","Pit",115,716,716,480,17.194,236,17.194,0.19972067039106145,0.696927374301676,0.10335195530726257
543056,"Coulombe, Danny","Pit",110,349,349,193,17.194,156,17.194,0.054441260744985676,0.9398280802292264,0.0057306590257879654
657585,"Garrett, Reed","Pit",121,404,404,225,17.197,179,17.197,0.10148514851485149,0.8836633663366337,0.01485148514851485
650633,"King, Michael","Pit",147,455,455,283,17.199,172,17.199,0.12527472527472527,0.7802197802197802,0.0945054945054945
607536,"Freeland, Kyle","Pit",115,1285,1285,827,17.201,458,17.201,0.1330739299610895,0.8116731517509728,0.05525291828793774
430580,"Simon, Alfredo","Pit",113,555,555,340,17.202,215,17.202,0.16036036036036036,0.7477477477477478,0.0918918918918919
642545,"Barria, Jaime","Pit",108,226,226,160,17.204,66,17.204,0.15486725663716813,0.8097345132743363,0.035398230088495575
669060,"Wilson, Bryse","Pit",144,145,145,79,17.208,66,17.208,0.13793103448275862,0.8551724137931035,0.006896551724137931
451596,"Gallardo, Yovani","Pit",158,1494,1494,959,17.208,535,17.208,0.15930388219544847,0.8025435073627845,0.03815261044176707
680694,"Bradish, Kyle","Pit",110,1214,1214,811,17.21,403,17.21,0.09555189456342669,0.8970345963756178,0.007413509060955519
502706,"Holland, Derek","Pit",116,368,368,214,17.211,154,17.211,0.08695652173913043,0.9021739130434783,0.010869565217391304
491646,"Gómez, Jeanmar","Pit",134,524,524,350,17.212,174,17.212,0.13740458015267176,0.8225190839694656,0.04007633587786259
592332,"Gausman, Kevin","Pit",141,1172,1172,782,17.216,390,17.216,0.07935153583617748,0.9146757679180887,0.005972696245733789
663776,"Sandoval, Patrick","Pit",108,1176,1176,689,17.216,487,17.216,0.13860544217687074,0.8511904761904762,0.01020408163265306
435221,"McCarthy, Brandon","Pit",119,654,654,418,17.217,236,17.217,0.09785932721712538,0.8715596330275229,0.03058103975535168
656970,"Smeltzer, Devin","Pit",142,332,332,222,17.217,110,17.217,0.12951807228915663,0.8162650602409639,0.05421686746987952
571858,"Kline, Branden","Pit",110,332,332,210,17.218,122,17.218,0.13855421686746988,0.8403614457831325,0.02108433734939759
606965,"Devenski, Chris","Pit",117,502,502,316,17.218,186,17.218,0.11952191235059761,0.8466135458167331,0.03386454183266932
656756,"Montgomery, Jordan","Pit",140,1281,1281,816,17.218,465,17.218,0.07884465261514442,0.9164715066354411,0.00468384074941452
543331,"Hoover, J.J.","Pit",113,530,530,327,17.218,203,17.218,0.14339622641509434,0.809433962264151,0.04716981132075472
594798,"deGrom, Jacob","Pit",121,461,461,335,17.219,126,17.219,0.1475054229934924,0.7939262472885033,0.05856832971800434
518886,"Kimbrel, Craig","Pit",110,422,422,279,17.221,143,17.221,0.023696682464454975,0.9691943127962085,0.0071090047393364926
665152,"Kremer, Dean","Pit",110,837,837,563,17.223,274,17.223,0.14575866188769415,0.8064516129032258,0.04778972520908005
671345,"Foley, Jason","Pit",116,383,383,216,17.224,167,17.224,0.018276762402088774,0.9817232375979112,0
615698,"Quantrill, Cal","Pit",114,1066,1066,701,17.229,365,17.229,0.15478424015009382,0.7804878048780488,0.0647279549718574
621016,"Cuas, Jose","Pit",118,326,326,143,17.23,183,17.23,0.10429447852760736,0.8773006134969326,0.018404907975460124
500779,"Quintana, Jose","Pit",145,1588,1588,1115,17.23,473,17.23,0.18073047858942065,0.7695214105793451,0.04974811083123426
674072,"Henry, Tommy","Pit",109,592,592,382,17.231,210,17.231,0.05067567567567568,0.9476351351351351,0.0016891891891891893
453222,"Carroll, Scott","Pit",145,1010,1010,623,17.231,387,17.231,0.16336633663366337,0.7910891089108911,0.04554455445544554
668676,"Plesac, Zach","Pit",114,952,952,678,17.232,274,17.232,0.13025210084033614,0.8203781512605042,0.04936974789915966
502043,"Gibson, Kyle","Pit",142,1483,1483,940,17.236,543,17.236,0.20498988536749832,0.6844234659474039,0.11058664868509778
675921,"Howard, Spencer","Pit",140,433,433,270,17.239,163,17.239,0.11316397228637413,0.8314087759815243,0.05542725173210162
450306,"Vargas, Jason","Pit",118,350,350,225,17.244,125,17.244,0.18571428571428572,0.7457142857142857,0.06857142857142857
544150,"Suárez, Albert","Pit",137,648,648,474,17.244,174,17.244,0.19907407407407407,0.7237654320987654,0.07716049382716049
519043,"Moore, Matt","Pit",137,1505,1505,974,17.245,531,17.245,0.1920265780730897,0.707641196013289,0.10033222591362126
607359,"Patton, Spencer","Pit",140,340,340,208,17.246,132,17.246,0.13529411764705881,0.8176470588235294,0.047058823529411764
446372,"Kluber, Corey","Pit",114,1433,1433,1001,17.246,432,17.246,0.17306350314026517,0.7564549895324494,0.07048150732728542
547973,"Chapman, Aroldis","Pit",140,429,429,267,17.249,162,17.249,0.03496503496503497,0.9463869463869464,0.018648018648018648
571710,"Givens, Mychal","Pit",121,487,487,267,17.249,220,17.249,0.12525667351129363,0.813141683778234,0.061601642710472276
605240,"Fry, Jace","Pit",145,510,510,301,17.25,209,17.25,0.17647058823529413,0.8058823529411765,0.01764705882352941
622075,"Almonte, Yency","Pit",115,213,213,139,17.251,74,17.251,0.15023474178403756,0.812206572769953,0.03755868544600939
527054,"Teheran, Julio","Pit",144,1418,1418,882,17.251,536,17.251,0.14386459802538787,0.7968970380818053,0.05923836389280677
458681,"Lynn, Lance","Pit",138,1666,1666,1027,17.252,639,17.252,0.11944777911164466,0.8463385354141657,0.034213685474189674
519151,"Pressly, Ryan","Pit",117,427,427,291,17.255,136,17.255,0.09836065573770492,0.8946135831381733,0.00702576112412178
669432,"Rogers, Trevor","Pit",146,843,843,532,17.255,311,17.255,0.09845788849347568,0.8398576512455516,0.06168446026097272
518567,"Collmenter, Josh","Pit",144,338,338,215,17.258,123,17.258,0.21893491124260356,0.7011834319526628,0.07988165680473373
450212,"Neshek, Pat","Pit",138,426,426,281,17.259,145,17.259,0.13380281690140844,0.8333333333333334,0.03286384976525822
669093,"Estrada, Jeremiah","Pit",135,378,378,225,17.261,153,17.261,0.03968253968253968,0.9497354497354498,0.010582010582010581
502009,"Latos, Mat","Pit",113,1398,1398,949,17.262,449,17.262,0.15736766809728184,0.7832618025751072,0.059370529327610874
663978,"Paddack, Chris","Pit",135,817,817,576,17.262,241,17.262,0.17380660954712362,0.7417380660954712,0.08445532435740515
543135,"Eovaldi, Nathan","Pit",147,951,951,677,17.262,274,17.262,0.22082018927444794,0.6919032597266036,0.08727655099894847
475243,"Wood, Travis","Pit",112,789,789,532,17.262,257,17.262,0.20912547528517111,0.7110266159695817,0.07984790874524715
518617,"Diekman, Jake","Pit",139,481,481,261,17.266,220,17.266,0.031185031185031187,0.9625779625779626,0.006237006237006237
462102,"Hanson, Tommy","Pit",108,576,576,376,17.267,200,17.267,0.13194444444444445,0.8125,0.05555555555555555
666374,"Brash, Matt","Pit",136,450,450,229,17.268,221,17.268,0.12444444444444444,0.82,0.05555555555555555
621112,"Blackburn, Paul","Pit",133,831,831,476,17.269,355,17.269,0.0421179302045728,0.9422382671480144,0.015643802647412757
663567,"Lambert, Peter","Pit",115,424,424,247,17.27,177,17.27,0.10613207547169812,0.8915094339622641,0.0023584905660377358
666214,"Wentz, Joey","Pit",134,532,532,321,17.27,211,17.27,0.07706766917293233,0.9229323308270677,0
543726,"Ross Jr., Robbie","Pit",111,466,466,230,17.274,236,17.274,0.18669527896995708,0.7103004291845494,0.10300429184549356
472610,"García, Luis","Pit",111,374,374,230,17.279,144,17.279,0.01871657754010695,0.9786096256684492,0.00267379679144385
461833,"Hughes, Phil","Pit",142,986,986,643,17.28,343,17.28,0.20892494929006086,0.665314401622718,0.1257606490872211
663542,"Hudson, Bryan","Pit",158,410,410,274,17.28,136,17.28,0.08536585365853659,0.9097560975609756,0.004878048780487805
461833,"Hughes, Phil","Pit",142,411,411,274,17.281,137,17.281,0.22384428223844283,0.6472019464720195,0.12895377128953772
543521,"McHugh, Collin","Pit",117,1447,1447,916,17.283,531,17.283,0.22322045611610228,0.7049067035245336,0.0718728403593642
605232,"Finnegan, Brandon","Pit",113,1326,1326,853,17.283,473,17.283,0.18099547511312217,0.744343891402715,0.0746606334841629
518445,"Bell, Chad","Pit",116,564,564,323,17.284,241,17.284,0.1276595744680851,0.8351063829787234,0.03723404255319149
570666,"Cessa, Luis","Pit",147,592,592,367,17.284,225,17.284,0.18412162162162163,0.7804054054054054,0.03547297297297297
458681,"Lynn, Lance","Pit",138,1562,1562,1011,17.284,551,17.284,0.12099871959026888,0.8405889884763125,0.03841229193341869
518875,"Kelley, Shawn","Pit",133,328,328,218,17.284,110,17.284,0.1676829268292683,0.7713414634146342,0.06097560975609756
502593,"Petricka, Jake","Pit",141,343,343,170,17.284,173,17.284,0.11078717201166181,0.8717201166180758,0.01749271137026239
571666,"Fiers, Mike","Pit",117,1165,1165,767,17.284,398,17.284,0.12875536480686695,0.8128755364806867,0.05836909871244635
669923,"Kirby, George","Pit",136,1202,1202,818,17.284,384,17.284,0.03410981697171381,0.9575707154742097,0.008319467554076539
572140,"Skaggs, Tyler","Pit",108,671,671,439,17.284,232,17.284,0.11624441132637854,0.8360655737704918,0.04769001490312966
664641,"Miranda, Aríel","Pit",136,1190,1190,825,17.284,365,17.284,0.15966386554621848,0.8033613445378152,0.03697478991596639
641816,"Mahle, Tyler","Pit",113,1033,1033,727,17.284,306,17.284,0.16263310745401743,0.7996127783155856,0.0377541142303969
657376,"Schmidt, Clarke","Pit",147,420,420,216,17.285,204,17.285,0.09761904761904762,0.8166666666666667,0.08571428571428572
467850,"Escalona, Edgmer","Pit",115,345,345,220,17.287,125,17.287,0.16231884057971013,0.7710144927536232,0.06666666666666667
606131,"Perdomo, Luis","Pit",135,1079,1079,713,17.288,366,17.288,0.21223354958294718,0.7136237256719185,0.07414272474513438
677161,"Kelly, Zack","Pit",111,424,424,247,17.288,177,17.288,0.0660377358490566,0.9221698113207547,0.01179245283018868
474699,"Worley, Vance","Pit",142,432,432,226,17.288,206,17.288,0.06018518518518518,0.9166666666666666,0.023148148148148147
150302,"Marquis, Jason","Pit",135,976,976,653,17.29,323,17.29,0.12295081967213115,0.8432377049180327,0.03381147540983607
435043,"Duke, Zach","Pit",145,484,484,305,17.29,179,17.29,0.19834710743801653,0.7334710743801653,0.06818181818181818
501822,"Hatcher, Chris","Pit",146,363,363,224,17.291,139,17.291,0.1487603305785124,0.7741046831955923,0.07713498622589532
607200,"Fedde, Erick","Pit",120,1234,1234,740,17.294,494,17.294,0.12884927066450566,0.8273905996758509,0.04376012965964344
663372,"Feltner, Ryan","Pit",115,776,776,499,17.299,277,17.299,0.14175257731958762,0.8273195876288659,0.030927835051546393
641816,"Mahle, Tyler","Pit",113,396,396,232,17.308,164,17.308,0.11868686868686869,0.8383838383838383,0.04292929292929293
641302,"Alexander, Tyler","Pit",116,285,285,189,17.311,96,17.311,0.12280701754385964,0.8596491228070176,0.017543859649122806
622766,"Díaz, Miguel","Pit",135,343,343,199,17.313,144,17.313,0.12536443148688048,0.8542274052478134,0.02040816326530612
621368,"Hearn, Taylor","Pit",140,169,169,91,17.314,78,17.314,0.08284023668639054,0.8520710059171598,0.0650887573964497
661269,"Gutierrez, Vladimir","Pit",113,815,815,560,17.315,255,17.315,0.15337423312883436,0.7852760736196319,0.06134969325153374
613534,"Adams, Austin","Pit",135,476,476,276,17.315,200,17.315,0.13655462184873948,0.8109243697478992,0.052521008403361345
444857,"Feldman, Scott","Pit",110,1484,1484,998,17.315,486,17.315,0.14622641509433962,0.7978436657681941,0.05592991913746631
641312,"Anderson, Shaun","Pit",137,711,711,478,17.317,233,17.317,0.15049226441631505,0.8002812939521801,0.04922644163150492
664285,"Valdez, Framber","Pit",117,546,546,331,17.317,215,17.317,0.11904761904761904,0.8406593406593407,0.040293040293040296
502188,"Samardzija, Jeff","Pit",137,373,373,235,17.317,138,17.317,0.10723860589812333,0.8579088471849866,0.03485254691689008
500779,"Quintana, Jose","Pit",112,1411,1411,942,17.317,469,17.317,0.16229624379872432,0.7880935506732814,0.04961020552799433
606965,"Devenski, Chris","Pit",117,347,347,209,17.317,138,17.317,0.09510086455331412,0.8559077809798271,0.04899135446685879
605155,"Brewer, Colten","Pit",111,475,475,235,17.318,240,17.318,0.05894736842105263,0.88,0.061052631578947365
622253,"Tate, Dillon","Pit",110,477,477,284,17.318,193,17.318,0.10272536687631027,0.8616352201257862,0.03563941299790356
643338,"Green, Chad","Pit",147,543,543,359,17.318,184,17.318,0.143646408839779,0.8103130755064457,0.04604051565377532
450212,"Neshek, Pat","Pit",115,378,378,228,17.318,150,17.318,0.09788359788359788,0.8888888888888888,0.013227513227513227
450203,"Morton, Charlie","Pit",144,1357,1357,935,17.319,422,17.319,0.1503316138540899,0.8017686072218129,0.047899778924097275
641302,"Alexander, Tyler","Pit",116,732,732,481,17.32,251,17.32,0.08879781420765027,0.8866120218579235,0.02459016393442623
663855,"Hicks, Jordan","Pit",141,523,523,292,17.32,231,17.32,0.08986615678776291,0.8986615678776291,0.011472275334608031
621242,"Díaz, Edwin","Pit",136,343,343,178,17.322,165,17.322,0.14868804664723032,0.7696793002915452,0.08163265306122448
433584,"Hernandez, Roberto","Pit",139,1118,1118,778,17.324,340,17.324,0.16994633273703041,0.7719141323792487,0.05813953488372093
656731,"Megill, Tylor","Pit",121,1026,1026,568,17.326,458,17.326,0.08771929824561403,0.9083820662768031,0.003898635477582846
545064,"Díaz, Jairo","Pit",115,152,152,52,17.332,100,17.332,0.06578947368421052,0.868421052631579,0.06578947368421052
502272,"Fien, Casey","Pit",142,416,416,252,17.332,164,17.332,0.13942307692307693,0.7980769230769231,0.0625
641755,"Kinley, Tyler","Pit",115,465,465,279,17.335,186,17.335,0.07741935483870968,0.9118279569892473,0.010752688172043012
572971,"Keuchel, Dallas","Pit",145,1299,1299,824,17.336,475,17.336,0.1262509622786759,0.8498845265588915,0.02386451116243264
594798,"deGrom, Jacob","Pit",121,488,488,393,17.342,95,17.342,0.1290983606557377,0.8278688524590164,0.0430327868852459
430912,"Cain, Matt","Pit",137,676,676,482,17.344,194,17.344,0.16124260355029585,0.8032544378698225,0.03550295857988166
664141,"Brubaker, JT","Pit",134,368,368,236,17.346,132,17.346,0.11684782608695653,0.7989130434782609,0.08423913043478261
434378,"Verlander, Justin","Pit",116,1574,1574,1043,17.346,531,17.346,0.1531130876747141,0.7992376111817027,0.04764930114358323
659275,"Lamet, Dinelson","Pit",135,359,359,227,17.348,132,17.348,0.16991643454038996,0.7715877437325905,0.0584958217270195
592879,"Wojciechowski, Asher","Pit",110,667,667,436,17.351,231,17.351,0.10194902548725637,0.8395802098950524,0.05847076461769116
612672,"Chen, Wei-Yin","Pit",146,505,505,327,17.351,178,17.351,0.15445544554455445,0.805940594059406,0.039603960396039604
605397,"Musgrove, Joe","Pit",134,653,653,457,17.351,196,17.351,0.06738131699846861,0.8698315467075038,0.06278713629402756
592332,"Gausman, Kevin","Pit",144,1339,1339,883,17.351,456,17.351,0.11127707244212098,0.8775205377147125,0.011202389843166542
669302,"Gilbert, Logan","Pit",136,908,908,634,17.352,274,17.352,0.15748898678414097,0.7973568281938326,0.04515418502202643
623167,"Flexen, Chris","Pit",136,1204,1204,865,17.356,339,17.356,0.1478405315614618,0.8089700996677741,0.04318936877076412
592804,"Thornburg, Tyler","Pit",158,516,516,331,17.356,185,17.356,0.21511627906976744,0.6996124031007752,0.08527131782945736
502706,"Holland, Derek","Pit",140,433,433,307,17.358,126,17.358,0.26558891454965355,0.6443418013856813,0.09006928406466513
474668,"Surkamp, Eric","Pit",133,351,351,209,17.363,142,17.363,0.1737891737891738,0.7350427350427351,0.09116809116809117
518585,"Cruz, Fernando","Pit",113,477,477,253,17.363,224,17.363,0.10272536687631027,0.8846960167714885,0.012578616352201259
642121,"Sulser, Cole","Pit",110,173,173,99,17.364,74,17.364,0.1329479768786127,0.8554913294797688,0.011560693641618497
457918,"Happ, J.A.","Pit",141,1423,1423,950,17.365,473,17.365,0.22768798313422348,0.702037947997189,0.07027406886858749
453646,"Villanueva, Carlos","Pit",138,419,419,277,17.371,142,17.371,0.2100238663484487,0.6467780429594272,0.1431980906921241
502085,"Robertson, David","Pit",143,493,493,291,17.371,202,17.371,0.10141987829614604,0.8661257606490872,0.032454361054766734
460059,"Pelfrey, Mike","Pit",142,1351,1351,800,17.372,551,17.372,0.1376757957068838,0.7823834196891192,0.07994078460399703
457918,"Happ, J.A.","Pit",138,1218,1218,775,17.373,443,17.373,0.1477832512315271,0.819376026272578,0.03284072249589491
608331,"Fried, Max","Pit",144,1125,1125,771,17.375,354,17.375,0.16444444444444445,0.7653333333333333,0.07022222222222223
571510,"Boyd, Matthew","Pit",116,480,480,325,17.375,155,17.375,0.21041666666666667,0.6958333333333333,0.09375
593958,"Rodriguez, Eduardo","Pit",111,1220,1220,785,17.377,435,17.377,0.1319672131147541,0.8024590163934426,0.06557377049180328
641835,"Mayza, Tim","Pit",141,398,398,245,17.379,153,17.379,0.1306532663316583,0.8341708542713567,0.035175879396984924
675921,"Howard, Spencer","Pit",143,199,199,128,17.379,71,17.379,0.11557788944723618,0.864321608040201,0.020100502512562814
607625,"Lugo, Seth","Pit",121,273,273,188,17.379,85,17.379,0.1391941391941392,0.8058608058608059,0.054945054945054944
542882,"Andriese, Matt","Pit",139,504,504,354,17.382,150,17.382,0.25,0.6388888888888888,0.1111111111111111
430580,"Simon, Alfredo","Pit",113,518,518,305,17.383,213,17.383,0.21814671814671815,0.6447876447876448,0.13706563706563707
453286,"Scherzer, Max","Pit",120,1492,1492,1057,17.384,435,17.384,0.1554959785522788,0.7741286863270778,0.07037533512064344
527054,"Teheran, Julio","Pit",144,1364,1364,961,17.384,403,17.384,0.16422287390029325,0.7749266862170088,0.06085043988269795
500779,"Quintana, Jose","Pit",112,1486,1486,996,17.384,490,17.384,0.12920592193808883,0.8223418573351279,0.04845222072678331
542960,"Brach, Brad","Pit",121,444,444,280,17.384,164,17.384,0.1373873873873874,0.831081081081081,0.03153153153153153
543331,"Hoover, J.J.","Pit",109,430,430,212,17.384,218,17.384,0.053488372093023255,0.8953488372093024,0.05116279069767442
573124,"Rogers, Taylor","Pit",142,494,494,288,17.385,206,17.385,0.23076923076923078,0.6963562753036437,0.0728744939271255
533167,"Shoemaker, Matt","Pit",142,459,459,292,17.385,167,17.385,0.13507625272331156,0.7298474945533769,0.13507625272331156
519144,"Porcello, Rick","Pit",116,1385,1385,962,17.385,423,17.385,0.10685920577617329,0.8231046931407943,0.07003610108303249
444857,"Feldman, Scott","Pit",117,1376,1376,912,17.389,464,17.389,0.15988372093023256,0.7688953488372093,0.07122093023255814
665795,"Cabrera, Edward","Pit",146,585,585,411,17.392,174,17.392,0.16923076923076924,0.7829059829059829,0.04786324786324787
621242,"Díaz, Edwin","Pit",121,373,373,234,17.393,139,17.393,0.16621983914209115,0.8150134048257373,0.01876675603217158
454537,"Burton, Jared","Pit",142,409,409,242,17.394,167,17.394,0.10513447432762836,0.8484107579462102,0.04645476772616137
622772,"Cordero, Jimmy","Pit",145,176,176,94,17.396,82,17.396,0.09090909090909091,0.8977272727272727,0.011363636363636364
622072,"Wood, Alex","Pit",119,484,484,327,17.397,157,17.397,0.1859504132231405,0.7169421487603306,0.09710743801652892
594965,"Ponce de Leon, Daniel","Pit",138,307,307,214,17.4,93,17.4,0.12052117263843648,0.8403908794788274,0.03908794788273615
543101,"DeSclafani, Anthony","Pit",137,1143,1143,810,17.403,333,17.403,0.17497812773403323,0.7742782152230971,0.05074365704286964
656546,"Hoffman, Jeff","Pit",143,341,341,191,17.403,150,17.403,0.026392961876832845,0.9648093841642229,0.008797653958944282
640455,"Manaea, Sean","Pit",133,925,925,635,17.405,290,17.405,0.20864864864864865,0.7081081081081081,0.08324324324324324
502202,"Boxberger, Brad","Pit",158,523,523,289,17.407,234,17.407,0.05353728489483748,0.9177820267686424,0.028680688336520075
605156,"Brooks, Aaron","Pit",133,396,396,231,17.411,165,17.411,0.20202020202020202,0.6439393939393939,0.15404040404040403
641447,"Castano, Daniel","Pit",146,208,208,119,17.413,89,17.413,0.09134615384615384,0.8557692307692307,0.052884615384615384
572140,"Skaggs, Tyler","Pit",108,390,390,226,17.414,164,17.414,0.17435897435897435,0.6897435897435897,0.1358974358974359
571948,"Milner, Hoby","Pit",108,128,128,62,17.416,66,17.416,0.0703125,0.9140625,0.015625
664199,"Clarke, Taylor","Pit",109,645,645,483,17.417,162,17.417,0.12403100775193798,0.834108527131783,0.04186046511627907
607229,"Gsellman, Robert","Pit",121,581,581,338,17.417,243,17.417,0.12736660929432014,0.8278829604130808,0.04475043029259897
594577,"Mayers, Mike","Pit",108,398,398,275,17.417,123,17.417,0.1658291457286432,0.7839195979899497,0.05025125628140704
593576,"Neris, Héctor","Pit",143,345,345,223,17.417,122,17.417,0.17101449275362318,0.7594202898550725,0.06956521739130435
542881,"Anderson, Tyler","Pit",119,1071,1071,757,17.418,314,17.418,0.10270774976657329,0.8674136321195145,0.029878618113912233
663776,"Sandoval, Patrick","Pit",108,641,641,395,17.418,246,17.418,0.11076443057722309,0.8783151326053042,0.0109204368174727
668678,"Gallen, Zac","Pit",109,599,599,418,17.418,181,17.418,0.15358931552587646,0.7679465776293823,0.07846410684474124
543883,"Vincent, Nick","Pit",136,384,384,251,17.418,133,17.418,0.1171875,0.8489583333333334,0.033854166666666664
572955,"Johnson, Pierce","Pit",144,492,492,270,17.419,222,17.419,0.07317073170731707,0.9207317073170732,0.006097560975609756
543699,"Roark, Tanner","Pit",141,421,421,262,17.42,159,17.42,0.1330166270783848,0.7980997624703088,0.0688836104513064
457918,"Happ, J.A.","Pit",134,1290,1290,870,17.42,420,17.42,0.20465116279069767,0.7155038759689922,0.07984496124031008
519443,"Workman, Brandon","Pit",111,670,670,433,17.42,237,17.42,0.13582089552238805,0.7970149253731343,0.06716417910447761
467008,"Strop, Pedro","Pit",112,455,455,299,17.429,156,17.429,0.21318681318681318,0.6923076923076923,0.0945054945054945
676664,"Sears, JP","Pit",133,1214,1214,763,17.433,451,17.433,0.06507413509060955,0.9258649093904449,0.009060955518945634
448614,"Torres, Carlos","Pit",121,680,680,418,17.44,262,17.44,0.13823529411764707,0.8058823529411765,0.05588235294117647
643327,"Godley, Zack","Pit",111,269,269,160,17.441,109,17.441,0.1412639405204461,0.8029739776951673,0.055762081784386616
518516,"Bumgarner, Madison","Pit",109,1227,1227,746,17.441,481,17.441,0.1198044009779951,0.8321108394458028,0.04808475957620212
624133,"Suárez, Ranger","Pit",143,752,752,475,17.441,277,17.441,0.14760638297872342,0.8204787234042553,0.031914893617021274
431148,"Kazmir, Scott","Pit",119,1111,1111,762,17.443,349,17.443,0.17551755175517553,0.7407740774077408,0.08370837083708371
592662,"Ray, Robbie","Pit",109,1432,1432,920,17.443,512,17.443,0.1808659217877095,0.7199720670391061,0.09916201117318436
669467,"Pallante, Andre","Pit",138,834,834,549,17.447,285,17.447,0.03836930455635491,0.9484412470023981,0.013189448441247002
650644,"Civale, Aaron","Pit",114,737,737,504,17.45,233,17.45,0.09090909090909091,0.8778833107191316,0.031207598371777476
502706,"Holland, Derek","Pit",112,668,668,407,17.451,261,17.451,0.12724550898203593,0.844311377245509,0.02844311377245509
502211,"Bolsinger, Mike","Pit",141,370,370,204,17.451,166,17.451,0.11891891891891893,0.8405405405405405,0.04054054054054054
605541,"Wright Jr., Mike","Pit",110,372,372,228,17.452,144,17.452,0.1478494623655914,0.7526881720430108,0.09946236559139784
605538,"Wisler, Matt","Pit",144,1109,1109,757,17.455,352,17.455,0.20108205590622183,0.7051397655545536,0.09377817853922453
643511,"Rogers, Tyler","Pit",137,489,489,266,17.455,223,17.455,0.03067484662576687,0.9406952965235174,0.028629856850715747
475857,"Cook, Ryan","Pit",133,343,343,184,17.462,159,17.462,0.07871720116618076,0.892128279883382,0.029154518950437316
606273,"Elías, Roenis","Pit",136,863,863,570,17.465,293,17.465,0.19119351100811124,0.7323290845886443,0.07647740440324449
461856,"Patton, Troy","Pit",110,382,382,229,17.465,153,17.465,0.07329842931937172,0.9057591623036649,0.020942408376963352
623167,"Flexen, Chris","Pit",136,944,944,628,17.467,316,17.467,0.1228813559322034,0.836864406779661,0.04025423728813559
456776,"Torres, Alex","Pit",135,448,448,246,17.469,202,17.469,0.10267857142857142,0.7366071428571429,0.16071428571428573
592761,"Smith, Caleb","Pit",109,126,126,79,17.475,47,17.475,0.047619047619047616,0.9206349206349206,0.031746031746031744
592454,"Kahnle, Tommy","Pit",147,337,337,206,17.478,131,17.478,0.017804154302670624,0.9703264094955489,0.011869436201780416
517414,"Delgado, Randall","Pit",109,467,467,320,17.484,147,17.484,0.1284796573875803,0.815845824411135,0.055674518201284794
605400,"Nola, Aaron","Pit",143,1257,1257,851,17.484,406,17.484,0.13046937151949084,0.8098647573587908,0.059665871121718374
612434,"Castro, Miguel","Pit",110,478,478,265,17.484,213,17.484,0.08577405857740586,0.8765690376569037,0.03765690376569038
594580,"Moll, Sam","Pit",113,466,466,225,17.492,241,17.492,0.0536480686695279,0.927038626609442,0.019313304721030045
641793,"Littell, Zack","Pit",137,403,403,225,17.492,178,17.492,0.09181141439205956,0.8635235732009926,0.04466501240694789
623430,"Dull, Ryan","Pit",133,546,546,353,17.492,193,17.492,0.1978021978021978,0.7362637362637363,0.06593406593406594
502188,"Samardzija, Jeff","Pit",112,1502,1502,1002,17.494,500,17.494,0.11118508655126498,0.8501997336884154,0.03861517976031957
641729,"Jiménez, Joe","Pit",116,379,379,254,17.494,125,17.494,0.079155672823219,0.8865435356200527,0.03430079155672823
605452,"Ross, Joe","Pit",120,779,779,491,17.494,288,17.494,0.1668806161745828,0.686777920410783,0.14634146341463414
642203,"Widener, Taylor","Pit",109,164,164,112,17.495,52,17.495,0.0975609756097561,0.8353658536585366,0.06707317073170732
642701,"Santana, Dennis","Pit",134,454,454,242,17.497,212,17.497,0.02643171806167401,0.9669603524229075,0.006607929515418502
448281,"Doolittle, Sean","Pit",133,404,404,264,17.51,140,17.51,0.07425742574257425,0.905940594059406,0.019801980198019802
502042,"Archer, Chris","Pit",139,1602,1602,1051,17.516,551,17.516,0.20162297128589263,0.7172284644194756,0.08114856429463171
607067,"Rea, Colin","Pit",146,844,844,544,17.516,300,17.516,0.16350710900473933,0.7748815165876777,0.061611374407582936
607192,"Glasnow, Tyler","Pit",139,434,434,326,17.517,108,17.517,0.16820276497695852,0.7995391705069125,0.03225806451612903
571901,"Loup, Aaron","Pit",143,341,341,205,17.517,136,17.517,0.02346041055718475,0.9501466275659824,0.026392961876832845
502042,"Archer, Chris","Pit",134,1111,1111,682,17.517,429,17.517,0.10531053105310531,0.8352835283528353,0.0594059405940594
643327,"Godley, Zack","Pit",141,722,722,480,17.517,242,17.517,0.12326869806094183,0.8227146814404432,0.054016620498614956
542947,"Bleier, Richard","Pit",110,325,325,209,17.517,116,17.517,0.07384615384615385,0.8830769230769231,0.043076923076923075
605483,"Snell, Blake","Pit",139,1115,1115,714,17.517,401,17.517,0.13542600896860987,0.8089686098654708,0.05560538116591928
474699,"Worley, Vance","Pit",134,693,693,472,17.518,221,17.518,0.05772005772005772,0.9264069264069265,0.015873015873015872
593958,"Rodriguez, Eduardo","Pit",111,1152,1152,750,17.518,402,17.518,0.13368055555555555,0.7881944444444444,0.078125
543475,"Lyles, Jordan","Pit",135,564,564,358,17.518,206,17.518,0.16312056737588654,0.7890070921985816,0.047872340425531915
554430,"Wheeler, Zack","Pit",143,463,463,300,17.519,163,17.519,0.12311015118790497,0.8077753779697624,0.06911447084233262
431148,"Kazmir, Scott","Pit",117,1327,1327,861,17.522,466,17.522,0.20497362471740768,0.6797287113790504,0.11529766390354182
489446,"Yates, Kirby","Pit",140,414,414,306,17.524,108,17.524,0.007246376811594203,0.9830917874396136,0.00966183574879227
572070,"Richards, Garrett","Pit",108,1500,1500,982,17.524,518,17.524,0.17733333333333334,0.6993333333333334,0.12333333333333334
641835,"Mayza, Tim","Pit",141,345,345,222,17.525,123,17.525,0.15072463768115943,0.8115942028985508,0.03768115942028986
502202,"Boxberger, Brad","Pit",139,476,476,317,17.525,159,17.525,0.11134453781512606,0.8361344537815126,0.052521008403361345
525768,"Collins, Tim","Pit",118,465,465,274,17.526,191,17.526,0.11827956989247312,0.843010752688172,0.03870967741935484
656546,"Hoffman, Jeff","Pit",113,615,615,385,17.526,230,17.526,0.08617886178861789,0.8634146341463415,0.05040650406504065
640463,"Shipley, Braden","Pit",109,570,570,361,17.528,209,17.528,0.18070175438596492,0.7,0.11929824561403508
656954,"Sheffield, Justus","Pit",136,413,413,272,17.529,141,17.529,0.09685230024213075,0.8547215496368039,0.048426150121065374
425840,"Cotts, Neal","Pit",140,473,473,282,17.533,191,17.533,0.11205073995771671,0.8414376321353065,0.046511627906976744
593423,"Montas, Frankie","Pit",158,1112,1112,759,17.536,353,17.536,0.048561151079136694,0.9469424460431655,0.0044964028776978415
670990,"Ramírez, Yohan","Pit",111,353,353,202,17.54,151,17.54,0.028328611898016998,0.9603399433427762,0.0113314447592068
689225,"Brieske, Beau","Pit",116,480,480,315,17.541,165,17.541,0.08333333333333333,0.9145833333333333,0.0020833333333333333
489334,"Stammen, Craig","Pit",120,452,452,286,17.542,166,17.542,0.12389380530973451,0.8230088495575221,0.05309734513274336
462136,"Estrada, Marco","Pit",141,1304,1304,921,17.543,383,17.543,0.20168711656441718,0.7039877300613497,0.09432515337423313
641672,"Hatch, Thomas","Pit",141,193,193,113,17.544,80,17.544,0.07253886010362694,0.8186528497409327,0.10880829015544041
675540,"Curry, Xzavion","Pit",114,647,647,419,17.547,228,17.547,0.08191653786707882,0.9165378670788253,0.0015455950540958269
453178,"Kennedy, Ian","Pit",118,963,963,629,17.55,334,17.55,0.10695742471443406,0.8359293873312564,0.05711318795430945
408241,"Peavy, Jake","Pit",137,913,913,573,17.55,340,17.55,0.15553121577217963,0.7020810514786419,0.14238773274917854
547888,"Tanaka, Masahiro","Pit",147,1209,1209,812,17.55,397,17.55,0.11083540115798181,0.7866004962779156,0.10256410256410256
592826,"Velasquez, Vince","Pit",143,542,542,368,17.551,174,17.551,0.13468634686346864,0.7583025830258303,0.1070110701107011
501992,"Karns, Nate","Pit",139,1128,1128,718,17.552,410,17.552,0.19326241134751773,0.7163120567375887,0.09042553191489362
592791,"Taillon, Jameson","Pit",147,1002,1002,728,17.554,274,17.554,0.12674650698602793,0.8273453093812375,0.04590818363273453
642207,"Williams, Devin","Pit",158,415,415,268,17.555,147,17.555,0.06265060240963856,0.9228915662650602,0.014457831325301205
608032,"Estévez, Carlos","Pit",115,448,448,279,17.559,169,17.559,0.125,0.8392857142857143,0.03571428571428571
450282,"Perkins, Glen","Pit",142,406,406,293,17.563,113,17.563,0.0812807881773399,0.8940886699507389,0.024630541871921183
467100,"Nova, Iván","Pit",134,1016,1016,690,17.563,326,17.563,0.1860236220472441,0.7086614173228346,0.10531496062992125
543184,"Friedrich, Christian","Pit",115,416,416,223,17.563,193,17.563,0.19951923076923078,0.6754807692307693,0.125
453192,"Miller, Andrew","Pit",114,523,523,347,17.564,176,17.564,0.1931166347992352,0.739961759082218,0.06692160611854685
506433,"Darvish, Yu","Pit",135,1003,1003,687,17.568,316,17.568,0.07876370887337986,0.9152542372881356,0.005982053838484547
573186,"Stroman, Marcus","Pit",121,1218,1218,862,17.57,356,17.57,0.13382594417077176,0.80623973727422,0.05993431855500821
656557,"Houck, Tanner","Pit",111,127,127,80,17.573,47,17.573,0.07874015748031496,0.889763779527559,0.031496062992125984
643410,"Leiter Jr., Mark","Pit",147,433,433,254,17.576,179,17.576,0.053117782909930716,0.930715935334873,0.016166281755196306
453172,"Hughes, Jared","Pit",134,336,336,244,17.577,92,17.577,0.125,0.8333333333333334,0.041666666666666664
670950,"Richards, Trevor","Pit",141,487,487,329,17.579,158,17.579,0.15195071868583163,0.8090349075975359,0.039014373716632446
518553,"Cishek, Steve","Pit",146,544,544,347,17.582,197,17.582,0.12683823529411764,0.84375,0.029411764705882353
457918,"Happ, J.A.","Pit",147,360,360,254,17.582,106,17.582,0.12777777777777777,0.8055555555555556,0.06666666666666667
686613,"Brown, Hunter","Pit",117,1294,1294,830,17.583,464,17.583,0.13833075734157652,0.8547140649149922,0.006955177743431221
502188,"Samardzija, Jeff","Pit",137,1518,1518,1050,17.584,468,17.584,0.11067193675889328,0.8570487483530962,0.032279314888010543
595465,"Winkler, Dan","Pit",144,471,471,254,17.584,217,17.584,0.0870488322717622,0.8598726114649682,0.05307855626326964
572403,"VerHagen, Drew","Pit",116,424,424,281,17.584,143,17.584,0.1509433962264151,0.8254716981132075,0.02358490566037736
643256,"Cimber, Adam","Pit",114,352,352,194,17.585,158,17.585,0.028409090909090908,0.9545454545454546,0.017045454545454544
541640,"Ramírez, Erasmo","Pit",136,343,343,210,17.585,133,17.585,0.12536443148688048,0.8454810495626822,0.029154518950437316
621345,"Minter, A.J.","Pit",144,445,445,262,17.586,183,17.586,0.008988764044943821,0.9865168539325843,0.0044943820224719105
682051,"Hill, Garrett","Pit",116,467,467,279,17.588,188,17.588,0.07922912205567452,0.8972162740899358,0.023554603854389723
448855,"Guerra, Junior","Pit",158,870,870,600,17.59,270,17.59,0.18735632183908046,0.7126436781609196,0.1
452657,"Lester, Jon","Pit",112,1488,1488,953,17.593,535,17.593,0.19690860215053763,0.6915322580645161,0.11155913978494623
663765,"Woodford, Jake","Pit",138,559,559,336,17.593,223,17.593,0.12701252236135957,0.8354203935599285,0.03756708407871199
670950,"Richards, Trevor","Pit",141,543,543,354,17.595,189,17.595,0.10313075506445672,0.8710865561694291,0.02578268876611418
488674,"Badenhop, Burke","Pit",158,484,484,281,17.595,203,17.595,0.09710743801652892,0.8615702479338843,0.04132231404958678
527054,"Teheran, Julio","Pit",144,1413,1413,993,17.596,420,17.596,0.1464968152866242,0.7905166312809625,0.0629865534324133
608032,"Estévez, Carlos","Pit",115,442,442,247,17.596,195,17.596,0.11312217194570136,0.8076923076923077,0.07918552036199095
518858,"Jones, Nate","Pit",145,542,542,337,17.599,205,17.599,0.14575645756457564,0.8210332103321033,0.033210332103321034
543037,"Cole, Gerrit","Pit",147,1477,1477,1040,17.599,437,17.599,0.15098171970209884,0.7833446174678402,0.06567366283006093
621074,"Rucker, Michael","Pit",112,411,411,239,17.605,172,17.605,0.07542579075425791,0.8929440389294404,0.031630170316301706
666120,"Anderson, Ian","Pit",144,261,261,161,17.605,100,17.605,0.1685823754789272,0.7777777777777778,0.05363984674329502
519096,"Otero, Dan","Pit",114,459,459,273,17.606,186,17.606,0.16339869281045752,0.7843137254901961,0.05228758169934641
664129,"Hartlieb, Geoff","Pit",134,181,181,97,17.61,84,17.61,0.12154696132596685,0.8121546961325967,0.06629834254143646
643511,"Rogers, Tyler","Pit",137,226,226,113,17.611,113,17.611,0.06637168141592921,0.8849557522123894,0.048672566371681415
519085,"Oberholtzer, Brett","Pit",117,490,490,338,17.613,152,17.613,0.10204081632653061,0.8326530612244898,0.0653061224489796
605452,"Ross, Joe","Pit",120,519,519,353,17.617,166,17.617,0.1907514450867052,0.7167630057803468,0.09248554913294797
471911,"Carrasco, Carlos","Pit",114,532,532,366,17.617,166,17.617,0.10338345864661654,0.868421052631579,0.02819548872180451
450203,"Morton, Charlie","Pit",117,1296,1296,868,17.617,428,17.617,0.13657407407407407,0.8109567901234568,0.05246913580246913
453172,"Hughes, Jared","Pit",158,412,412,225,17.618,187,17.618,0.12135922330097088,0.7912621359223301,0.08737864077669903
493603,"Ottavino, Adam","Pit",115,562,562,328,17.619,234,17.619,0.12633451957295375,0.8291814946619217,0.04448398576512456
468504,"Chacín, Jhoulys","Pit",115,478,478,262,17.621,216,17.621,0.1087866108786611,0.7824267782426778,0.1087866108786611
640455,"Manaea, Sean","Pit",133,373,373,269,17.624,104,17.624,0.11796246648793565,0.8310991957104558,0.05093833780160858
650893,"Cabrera, Génesis","Pit",138,202,202,107,17.625,95,17.625,0.10891089108910891,0.8663366336633663,0.024752475247524754
656945,"Scott, Tanner","Pit",110,156,156,64,17.63,92,17.63,0.0641025641025641,0.9038461538461539,0.03205128205128205
593144,"Rodríguez, Richard","Pit",134,177,177,127,17.631,50,17.631,0.1751412429378531,0.7853107344632768,0.03954802259887006
642547,"Peralta, Freddy","Pit",158,660,660,463,17.632,197,17.632,0.10151515151515152,0.843939393939394,0.05454545454545454
500779,"Quintana, Jose","Pit",138,1234,1234,802,17.632,432,17.632,0.12965964343598055,0.8257698541329012,0.04457050243111831
543243,"Gray, Sonny","Pit",138,1007,1007,691,17.635,316,17.635,0.041708043694141016,0.9483614697120158,0.009930486593843098
663556,"McClanahan, Shane","Pit",139,813,813,510,17.642,303,17.642,0.11316113161131611,0.8745387453874539,0.012300123001230012
571800,"Hutchison, Drew","Pit",116,764,764,474,17.643,290,17.643,0.12696335078534032,0.8429319371727748,0.030104712041884817
554430,"Wheeler, Zack","Pit",143,1345,1345,987,17.644,358,17.644,0.11598513011152416,0.8118959107806691,0.07211895910780669
663460,"Bubic, Kris","Pit",118,1040,1040,615,17.647,425,17.647,0.1201923076923077,0.8451923076923077,0.03461538461538462
621381,"Strahm, Matt","Pit",143,393,393,244,17.648,149,17.648,0,0.989821882951654,0.010178117048346057
518397,"Alexander, Scott","Pit",118,443,443,256,17.65,187,17.65,0.09480812641083522,0.8781038374717833,0.02708803611738149
467008,"Strop, Pedro","Pit",112,457,457,259,17.651,198,17.651,0.11816192560175055,0.8183807439824945,0.06345733041575492
542432,"Ramirez, José","Pit",144,447,447,279,17.651,168,17.651,0.13646532438478748,0.8322147651006712,0.03131991051454139
541640,"Ramírez, Erasmo","Pit",136,896,896,626,17.651,270,17.651,0.14508928571428573,0.8046875,0.05022321428571429
475479,"Phelps, David","Pit",136,485,485,284,17.651,201,17.651,0.1402061855670103,0.7237113402061855,0.1360824742268041
519008,"McFarland, T.J.","Pit",109,389,389,192,17.651,197,17.651,0.08226221079691516,0.8534704370179949,0.06426735218508997
573668,"Minaya, Juan","Pit",145,401,401,224,17.651,177,17.651,0.11970074812967581,0.8254364089775561,0.05486284289276808
656657,"Logue, Zach","Pit",133,477,477,319,17.652,158,17.652,0.10482180293501048,0.8825995807127882,0.012578616352201259
593974,"Peralta, Wandy","Pit",137,213,213,129,17.652,84,17.652,0.14084507042253522,0.8309859154929577,0.028169014084507043
518876,"Kelly, Merrill","Pit",109,1062,1062,738,17.653,324,17.653,0.07721280602636535,0.864406779661017,0.0583804143126177
669160,"May, Dustin","Pit",119,396,396,267,17.654,129,17.654,0.10101010101010101,0.8181818181818182,0.08080808080808081
542881,"Anderson, Tyler","Pit",115,750,750,521,17.656,229,17.656,0.17733333333333334,0.7133333333333334,0.10933333333333334
434378,"Verlander, Justin","Pit",117,659,659,397,17.659,262,17.659,0.07738998482549317,0.9195751138088012,0.0030349013657056147
425844,"Greinke, Zack","Pit",118,1056,1056,645,17.661,411,17.661,0.16761363636363635,0.7878787878787878,0.04450757575757576
642397,"Soto, Gregory","Pit",116,195,195,122,17.663,73,17.663,0.07692307692307693,0.8666666666666667,0.05641025641025641
502043,"Gibson, Kyle","Pit",138,1285,1285,853,17.666,432,17.666,0.06848249027237355,0.9291828793774319,0.0023346303501945525
595001,"Smith, Josh A.","Pit",113,467,467,304,17.667,163,17.667,0.17987152034261242,0.7430406852248393,0.07708779443254818
543243,"Gray, Sonny","Pit",142,884,884,602,17.667,282,17.667,0.10520361990950226,0.8438914027149321,0.05090497737556561
592332,"Gausman, Kevin","Pit",110,910,910,591,17.668,319,17.668,0.09010989010989011,0.8582417582417582,0.051648351648351645
543272,"Hand, Brad","Pit",144,446,446,236,17.672,210,17.672,0.04708520179372197,0.952914798206278,0
607231,"Gant, John","Pit",144,418,418,279,17.675,139,17.675,0.18899521531100477,0.7320574162679426,0.07894736842105263
607457,"Barraclough, Kyle","Pit",146,537,537,323,17.684,214,17.684,0.0931098696461825,0.8491620111731844,0.05772811918063315
592130,"Barnes, Danny","Pit",141,362,362,186,17.684,176,17.684,0.04143646408839779,0.930939226519337,0.027624309392265192
461833,"Hughes, Phil","Pit",142,401,401,269,17.684,132,17.684,0.14962593516209477,0.7680798004987531,0.08229426433915212
543557,"Montgomery, Mike","Pit",118,731,731,499,17.684,232,17.684,0.12175102599179206,0.8522571819425444,0.025991792065663474
548337,"Verrett, Logan","Pit",121,680,680,443,17.686,237,17.686,0.18382352941176472,0.7220588235294118,0.09411764705882353
608716,"Steckenrider, Drew","Pit",136,424,424,267,17.687,157,17.687,0.06367924528301887,0.8962264150943396,0.04009433962264151
607231,"Gant, John","Pit",142,899,899,543,17.692,356,17.692,0.10344827586206896,0.7152391546162402,0.18131256952169078
592094,"Adam, Jason","Pit",139,401,401,246,17.693,155,17.693,0.00997506234413965,0.9800498753117207,0.00997506234413965
572070,"Richards, Garrett","Pit",108,1078,1078,685,17.694,393,17.694,0.12708719851576994,0.7866419294990723,0.0862708719851577
471911,"Carrasco, Carlos","Pit",121,1024,1024,678,17.695,346,17.695,0.0849609375,0.8994140625,0.015625
518617,"Diekman, Jake","Pit",140,493,493,268,17.698,225,17.698,0.20081135902636918,0.7038539553752535,0.09533468559837728
453646,"Villanueva, Carlos","Pit",112,900,900,602,17.702,298,17.702,0.11444444444444445,0.8055555555555556,0.08
663460,"Bubic, Kris","Pit",118,1051,1051,718,17.708,333,17.708,0.10085632730732635,0.851569933396765,0.047573739295908656
446372,"Kluber, Corey","Pit",114,1592,1592,1068,17.712,524,17.712,0.05025125628140704,0.8900753768844221,0.059673366834170856
448306,"Shields, James","Pit",145,1525,1525,1033,17.717,492,17.717,0.12655737704918033,0.7908196721311476,0.08262295081967214
659275,"Lamet, Dinelson","Pit",135,551,551,357,17.718,194,17.718,0.12885662431941924,0.7912885662431942,0.07985480943738657
282332,"Sabathia, CC","Pit",147,806,806,532,17.718,274,17.718,0.04838709677419355,0.9205955334987593,0.031017369727047148
502043,"Gibson, Kyle","Pit",142,1204,1204,764,17.718,440,17.718,0.10299003322259136,0.8380398671096345,0.058970099667774084
502085,"Robertson, David","Pit",147,557,557,335,17.718,222,17.718,0.10771992818671454,0.8527827648114902,0.03949730700179533
527048,"Pérez, Martín","Pit",111,842,842,519,17.72,323,17.72,0.1377672209026128,0.7707838479809976,0.09144893111638955
453562,"Arrieta, Jake","Pit",143,367,367,223,17.72,144,17.72,0.1226158038147139,0.7956403269754768,0.08174386920980926
456379,"Alburquerque, Al","Pit",116,438,438,250,17.723,188,17.723,0.15296803652968036,0.8242009132420092,0.0228310502283105
607259,"Martinez, Nick","Pit",135,761,761,475,17.727,286,17.727,0.12483574244415244,0.7450722733245729,0.13009198423127463
472610,"García, Luis","Pit",135,415,415,236,17.728,179,17.728,0.01927710843373494,0.9759036144578314,0.004819277108433735
543169,"Flynn, Brian","Pit",118,363,363,224,17.73,139,17.73,0.20110192837465565,0.7300275482093664,0.06887052341597796
446372,"Kluber, Corey","Pit",147,594,594,366,17.738,228,17.738,0.025252525252525252,0.9259259259259259,0.04882154882154882
476454,"Betances, Dellin","Pit",121,134,134,65,17.739,69,17.739,0.05223880597014925,0.8955223880597015,0.05223880597014925
605541,"Wright Jr., Mike","Pit",110,613,613,385,17.741,228,17.741,0.1533442088091354,0.7504078303425775,0.09624796084828711
523260,"Kelly, Joe","Pit",111,1201,1201,747,17.743,454,17.743,0.17985012489592006,0.6694421315570358,0.15070774354704414
502706,"Holland, Derek","Pit",134,346,346,205,17.748,141,17.748,0.09826589595375723,0.8497109826589595,0.05202312138728324
656641,"Latz, Jacob","Pit",140,352,352,188,17.748,164,17.748,0.036931818181818184,0.9630681818181818,0
456701,"Bailey, Homer","Pit",113,1010,1010,716,17.748,294,17.748,0.13663366336633664,0.7930693069306931,0.0702970297029703
528748,"Castellanos, Humberto","Pit",109,357,357,208,17.749,149,17.749,0.04481792717086835,0.907563025210084,0.047619047619047616
572955,"Johnson, Pierce","Pit",144,397,397,230,17.75,167,17.75,0.017632241813602016,0.9748110831234257,0.007556675062972292
543606,"Odorizzi, Jake","Pit",142,1372,1372,837,17.751,535,17.751,0.11661807580174927,0.8141399416909622,0.06924198250728864
643327,"Godley, Zack","Pit",109,1400,1400,881,17.751,519,17.751,0.08071428571428571,0.8364285714285714,0.08285714285714285
543542,"Meyer, Alex","Pit",108,566,566,355,17.751,211,17.751,0.09363957597173145,0.8215547703180212,0.08480565371024736
475857,"Cook, Ryan","Pit",133,468,468,278,17.751,190,17.751,0.07478632478632478,0.8867521367521367,0.038461538461538464
592811,"Triggs, Andrew","Pit",133,534,534,335,17.751,199,17.751,0.06928838951310862,0.8670411985018727,0.06367041198501873
488984,"Hunter, Tommy","Pit",139,380,380,265,17.751,115,17.751,0.12368421052631579,0.8315789473684211,0.04473684210526316
623352,"Hader, Josh","Pit",158,337,337,221,17.751,116,17.751,0.142433234421365,0.8100890207715133,0.04747774480712166
657571,"Ferguson, Caleb","Pit",119,357,357,223,17.751,134,17.751,0.14285714285714285,0.7983193277310925,0.058823529411764705
533167,"Shoemaker, Matt","Pit",141,201,201,156,17.757,45,17.757,0.14925373134328357,0.7810945273631841,0.06965174129353234
502239,"Cahill, Trevor","Pit",137,217,217,151,17.757,66,17.757,0.1336405529953917,0.8064516129032258,0.059907834101382486
664285,"Valdez, Framber","Pit",117,1356,1356,904,17.758,452,17.758,0.18952802359882007,0.7617994100294986,0.048672566371681415
433587,"Hernández, Félix","Pit",136,1553,1553,1184,17.761,369,17.761,0.13007083065035416,0.845460399227302,0.02446877012234385
664042,"Lakins Sr., Travis","Pit",110,209,209,109,17.762,100,17.762,0.1291866028708134,0.8373205741626795,0.03349282296650718
543135,"Eovaldi, Nathan","Pit",111,1231,1231,800,17.763,431,17.763,0.12916328188464662,0.8269699431356621,0.043866774979691305
543243,"Gray, Sonny","Pit",133,1552,1552,1029,17.763,523,17.763,0.13144329896907217,0.8202319587628866,0.04832474226804124
543135,"Eovaldi, Nathan","Pit",111,742,742,500,17.767,242,17.767,0.12668463611859837,0.8126684636118598,0.06064690026954178
664208,"Maton, Phil","Pit",114,169,169,90,17.767,79,17.767,0.047337278106508875,0.9289940828402367,0.023668639053254437
592665,"Reed, Addison","Pit",121,494,494,308,17.768,186,17.768,0.1862348178137652,0.7186234817813765,0.0951417004048583
493603,"Ottavino, Adam","Pit",121,471,471,292,17.77,179,17.77,0.036093418259023353,0.9617834394904459,0.0021231422505307855
458677,"Wilson, Justin","Pit",134,500,500,303,17.771,197,17.771,0.086,0.854,0.06
669358,"Baz, Shane","Pit",139,496,496,329,17.778,167,17.778,0.010080645161290322,0.9838709677419355,0.006048387096774193
659275,"Lamet, Dinelson","Pit",135,474,474,354,17.779,120,17.779,0.14345991561181434,0.8059071729957806,0.05063291139240506
656546,"Hoffman, Jeff","Pit",115,167,167,73,17.779,94,17.779,0.059880239520958084,0.9041916167664671,0.03592814371257485
150274,"Nathan, Joe","Pit",140,441,441,306,17.781,135,17.781,0.1111111111111111,0.7437641723356009,0.14512471655328799
592761,"Smith, Caleb","Pit",146,1143,1143,783,17.784,360,17.784,0.08398950131233596,0.8958880139982502,0.020122484689413824
623184,"Oberg, Scott","Pit",115,350,350,196,17.784,154,17.784,0.11428571428571428,0.8114285714285714,0.07428571428571429
453562,"Arrieta, Jake","Pit",135,835,835,489,17.787,346,17.787,0.09700598802395209,0.8167664670658683,0.08622754491017964
663465,"Allard, Kolby","Pit",140,941,941,626,17.792,315,17.792,0.0871413390010627,0.8820403825717322,0.030818278427205102
475479,"Phelps, David","Pit",146,729,729,484,17.793,245,17.793,0.21536351165980797,0.6337448559670782,0.15089163237311384
434378,"Verlander, Justin","Pit",116,1496,1496,1017,17.794,479,17.794,0.10962566844919786,0.8368983957219251,0.053475935828877004
605507,"Thompson, Zach","Pit",146,545,545,346,17.799,199,17.799,0.07889908256880734,0.8880733944954129,0.03302752293577982
451596,"Gallardo, Yovani","Pit",158,1560,1560,1089,17.8,471,17.8,0.10512820512820513,0.8557692307692307,0.0391025641025641
502043,"Gibson, Kyle","Pit",110,1397,1397,934,17.8,463,17.8,0.04581245526127416,0.9477451682176091,0.006442376521116679
669302,"Gilbert, Logan","Pit",136,1232,1232,981,17.801,251,17.801,0.060876623376623376,0.9318181818181818,0.007305194805194805
592717,"Sanchez, Aaron","Pit",142,460,460,311,17.81,149,17.81,0.12391304347826088,0.8434782608695652,0.03260869565217391
676714,"Hughes, Brandon","Pit",112,401,401,242,17.81,159,17.81,0.06483790523690773,0.912718204488778,0.022443890274314215
488846,"Duensing, Brian","Pit",142,379,379,217,17.817,162,17.817,0.07387862796833773,0.8601583113456465,0.06596306068601583
501789,"Harris, Will","Pit",117,446,446,317,17.817,129,17.817,0.04932735426008968,0.9282511210762332,0.02242152466367713
543243,"Gray, Sonny","Pit",147,1073,1073,684,17.817,389,17.817,0.09226467847157502,0.8788443616029823,0.028890959925442685
592426,"Jackson, Luke","Pit",144,325,325,191,17.818,134,17.818,0.08615384615384615,0.8676923076923077,0.046153846153846156
595918,"Cole, A.J.","Pit",120,446,446,256,17.818,190,17.818,0.08295964125560538,0.8677130044843049,0.04932735426008968
543135,"Eovaldi, Nathan","Pit",111,595,595,355,17.818,240,17.818,0.08907563025210084,0.838655462184874,0.07226890756302522
592222,"Claudio, Alex","Pit",140,457,457,222,17.818,235,17.818,0.03938730853391685,0.9321663019693655,0.028446389496717725
501381,"Pineda, Michael","Pit",142,907,907,640,17.818,267,17.818,0.13891951488423374,0.7772877618522602,0.08379272326350606
592346,"González, Chi Chi","Pit",115,736,736,454,17.82,282,17.82,0.12907608695652173,0.8179347826086957,0.05298913043478261
660623,"Ynoa, Huascar","Pit",144,177,177,110,17.824,67,17.824,0.13559322033898305,0.807909604519774,0.05649717514124294
592351,"Gray, Jon","Pit",115,1221,1221,814,17.824,407,17.824,0.1547911547911548,0.7387387387387387,0.10647010647010648
607374,"Tropeano, Nick","Pit",108,549,549,364,17.825,185,17.825,0.14025500910746813,0.7504553734061931,0.1092896174863388
474699,"Worley, Vance","Pit",134,514,514,317,17.826,197,17.826,0.17509727626459143,0.7529182879377432,0.07198443579766536
606996,"Hart, Kyle","Pit",111,131,131,69,17.83,62,17.83,0.0916030534351145,0.8778625954198473,0.030534351145038167
664854,"Helsley, Ryan","Pit",138,349,349,205,17.83,144,17.83,0.02005730659025788,0.9799426934097422,0
282332,"Sabathia, CC","Pit",147,1563,1563,994,17.831,569,17.831,0.07613563659628919,0.8886756238003839,0.035188739603326934
640448,"Finnegan, Kyle","Pit",120,467,467,246,17.831,221,17.831,0.006423982869379015,0.9892933618843683,0.004282655246252677
670167,"Schreiber, John","Pit",116,144,144,69,17.835,75,17.835,0.04861111111111111,0.9166666666666666,0.034722222222222224
676664,"Sears, JP","Pit",133,1284,1284,808,17.839,476,17.839,0.008566978193146417,0.9867601246105919,0.004672897196261682
592094,"Adam, Jason","Pit",135,455,455,312,17.842,143,17.842,0.006593406593406593,0.9846153846153847,0.008791208791208791
501955,"Chamberlain, Joba","Pit",147,356,356,214,17.845,142,17.845,0.12359550561797752,0.8061797752808989,0.0702247191011236
666201,"Manoah, Alek","Pit",141,736,736,438,17.845,298,17.845,0.09375,0.8913043478260869,0.014945652173913044
445060,"Nolasco, Ricky","Pit",108,1463,1463,1020,17.845,443,17.845,0.20369104579630895,0.6944634313055366,0.10184552289815448
643410,"Leiter Jr., Mark","Pit",112,503,503,320,17.845,183,17.845,0.06560636182902585,0.8926441351888668,0.041749502982107355
622065,"Young, Alex","Pit",114,389,389,221,17.846,168,17.846,0.06683804627249357,0.8946015424164524,0.038560411311053984
448802,"García, Jaime","Pit",138,1125,1125,737,17.847,388,17.847,0.14666666666666667,0.7413333333333333,0.112
572096,"Rosenthal, Trevor","Pit",138,383,383,212,17.847,171,17.847,0.1462140992167102,0.7806788511749347,0.0731070496083551
433587,"Hernández, Félix","Pit",136,622,622,449,17.851,173,17.851,0.1270096463022508,0.8456591639871383,0.027331189710610933
547179,"Lorenzen, Michael","Pit",113,577,577,382,17.851,195,17.851,0.09185441941074524,0.8804159445407279,0.02772963604852686
542947,"Bleier, Richard","Pit",110,351,351,206,17.851,145,17.851,0.05413105413105413,0.9287749287749287,0.017094017094017096
453286,"Scherzer, Max","Pit",120,1313,1313,952,17.851,361,17.851,0.130997715156131,0.776085300837776,0.09291698400609291
282332,"Sabathia, CC","Pit",147,1157,1157,734,17.851,423,17.851,0.03543647363872083,0.9438202247191011,0.020743301642178046
642547,"Peralta, Freddy","Pit",158,711,711,429,17.851,282,17.851,0.1308016877637131,0.7454289732770746,0.12376933895921238
657053,"Toussaint, Touki","Pit",144,377,377,220,17.851,157,17.851,0.10875331564986737,0.8806366047745358,0.010610079575596816
450203,"Morton, Charlie","Pit",117,1128,1128,715,17.851,413,17.851,0.11170212765957446,0.8315602836879432,0.05673758865248227
571901,"Loup, Aaron","Pit",141,477,477,255,17.852,222,17.852,0.031446540880503145,0.9203354297693921,0.04821802935010482
642564,"Martes, Francis","Pit",117,470,470,275,17.852,195,17.852,0.08085106382978724,0.8851063829787233,0.03404255319148936
543243,"Gray, Sonny","Pit",113,469,469,333,17.857,136,17.857,0.07036247334754797,0.8869936034115139,0.042643923240938165
434671,"Sánchez, Aníbal","Pit",116,1207,1207,825,17.859,382,17.859,0.16901408450704225,0.7307373653686827,0.10024855012427507
571521,"Brothers, Rex","Pit",115,442,442,281,17.859,161,17.859,0.11764705882352941,0.834841628959276,0.04751131221719457
453281,"LeBlanc, Wade","Pit",110,172,172,128,17.869,44,17.869,0.1569767441860465,0.813953488372093,0.029069767441860465
518585,"Cruz, Fernando","Pit",113,462,462,286,17.87,176,17.87,0.07792207792207792,0.9155844155844156,0.006493506493506494
643256,"Cimber, Adam","Pit",141,469,469,267,17.875,202,17.875,0.05543710021321962,0.908315565031983,0.03624733475479744
543070,"Crow, Aaron","Pit",118,450,450,262,17.877,188,17.877,0.07333333333333333,0.8577777777777778,0.06888888888888889
657571,"Ferguson, Caleb","Pit",119,447,447,218,17.877,229,17.877,0.015659955257270694,0.9776286353467561,0.006711409395973154
543219,"Gilmartin, Sean","Pit",121,398,398,254,17.88,144,17.88,0.19095477386934673,0.7286432160804021,0.08040201005025126
543054,"Cosart, Jarred","Pit",117,537,537,315,17.882,222,17.882,0.10800744878957169,0.8100558659217877,0.08193668528864059
543483,"Magill, Matt","Pit",142,464,464,279,17.884,185,17.884,0.08620689655172414,0.8577586206896551,0.05603448275862069
453286,"Scherzer, Max","Pit",120,1159,1159,802,17.884,357,17.884,0.12079378774805867,0.8248490077653149,0.054357204486626405
608032,"Estévez, Carlos","Pit",115,446,446,267,17.885,179,17.885,0.16367713004484305,0.7399103139013453,0.09641255605381166
605195,"Crick, Kyle","Pit",134,489,489,275,17.885,214,17.885,0.08384458077709611,0.8732106339468303,0.04294478527607362
669467,"Pallante, Andre","Pit",138,495,495,254,17.885,241,17.885,0.006060606060606061,0.9818181818181818,0.012121212121212121
641712,"Hudson, Dakota","Pit",138,1359,1359,903,17.885,456,17.885,0.09786607799852833,0.833701250919794,0.0684326710816777
543135,"Eovaldi, Nathan","Pit",147,1211,1211,727,17.893,484,17.893,0.17836498761354252,0.7060280759702725,0.11560693641618497
668678,"Gallen, Zac","Pit",109,499,499,383,17.897,116,17.897,0.08817635270541083,0.845691382765531,0.06613226452905811
433587,"Hernández, Félix","Pit",136,1423,1423,961,17.9,462,17.9,0.13000702740688685,0.8236120871398454,0.046380885453267746
656427,"Flaherty, Jack","Pit",138,639,639,448,17.901,191,17.901,0.10954616588419405,0.8215962441314554,0.06885758998435054
456701,"Bailey, Homer","Pit",113,1479,1479,1048,17.91,431,17.91,0.15415821501014199,0.7836375929682218,0.06220419202163624
608349,"Knebel, Corey","Pit",158,138,138,83,17.91,55,17.91,0.10144927536231885,0.8768115942028986,0.021739130434782608
669060,"Wilson, Bryse","Pit",134,495,495,327,17.911,168,17.911,0.1191919191919192,0.8505050505050505,0.030303030303030304
502272,"Fien, Casey","Pit",142,418,418,271,17.911,147,17.911,0.12440191387559808,0.8205741626794258,0.05502392344497608
517414,"Delgado, Randall","Pit",109,569,569,321,17.911,248,17.911,0.17223198594024605,0.6502636203866432,0.17750439367311072
533167,"Shoemaker, Matt","Pit",108,1014,1014,745,17.916,269,17.916,0.1765285996055227,0.6873767258382643,0.13609467455621302
669203,"Burnes, Corbin","Pit",158,373,373,255,17.918,118,17.918,0.08310991957104558,0.839142091152815,0.0777479892761394
663423,"Thornton, Trent","Pit",141,1347,1347,847,17.918,500,17.918,0.050482553823311065,0.9190794357832219,0.030438010393466965
572971,"Keuchel, Dallas","Pit",117,1052,1052,721,17.918,331,17.918,0.07034220532319392,0.8954372623574145,0.034220532319391636
572096,"Rosenthal, Trevor","Pit",138,379,379,241,17.918,138,17.918,0.10290237467018469,0.8601583113456465,0.036939313984168866
542881,"Anderson, Tyler","Pit",137,442,442,273,17.921,169,17.921,0.11990950226244344,0.8371040723981901,0.042986425339366516
660261,"Fujinami, Shintaro","Pit",110,632,632,356,17.923,276,17.923,0.05063291139240506,0.9430379746835443,0.006329113924050633
429781,"Correia, Kevin","Pit",142,1439,1439,912,17.923,527,17.923,0.11396803335649756,0.8012508686587908,0.0847810979847116
282332,"Sabathia, CC","Pit",147,388,388,258,17.924,130,17.924,0.030927835051546393,0.9175257731958762,0.05154639175257732
608331,"Fried, Max","Pit",144,410,410,268,17.925,142,17.925,0.0975609756097561,0.8341463414634146,0.06829268292682927
424144,"Pérez, Oliver","Pit",114,139,139,73,17.928,66,17.928,0.07194244604316546,0.9064748201438849,0.02158273381294964
488984,"Hunter, Tommy","Pit",112,358,358,201,17.933,157,17.933,0.15083798882681565,0.7458100558659218,0.10335195530726257
519144,"Porcello, Rick","Pit",116,1317,1317,900,17.934,417,17.934,0.08276385725132877,0.8648443432042521,0.05239179954441914
501381,"Pineda, Michael","Pit",142,712,712,495,17.936,217,17.936,0.13623595505617977,0.7823033707865169,0.08146067415730338
656061,"Abreu, Albert","Pit",147,325,325,187,17.937,138,17.937,0.09538461538461539,0.8307692307692308,0.07384615384615385
488984,"Hunter, Tommy","Pit",110,398,398,206,17.938,192,17.938,0.07788944723618091,0.8743718592964824,0.04773869346733668
571710,"Givens, Mychal","Pit",115,177,177,107,17.939,70,17.939,0.1016949152542373,0.8418079096045198,0.05649717514124294
656638,"Lange, Alex","Pit",116,457,457,269,17.939,188,17.939,0.0962800875273523,0.8665207877461707,0.037199124726477024
598264,"Barnes, Matt","Pit",111,342,342,202,17.939,140,17.939,0.16374269005847952,0.7105263157894737,0.12573099415204678
493603,"Ottavino, Adam","Pit",121,450,450,259,17.94,191,17.94,0.024444444444444446,0.9666666666666667,0.008888888888888889
605135,"Bassitt, Chris","Pit",121,1377,1377,889,17.943,488,17.943,0.14960058097313,0.7581699346405228,0.09222948438634714
446399,"Cecil, Brett","Pit",141,405,405,239,17.944,166,17.944,0.06172839506172839,0.8691358024691358,0.0691358024691358
516910,"Frías, Carlos","Pit",119,549,549,358,17.946,191,17.946,0.20036429872495445,0.6502732240437158,0.1493624772313297
434671,"Sánchez, Aníbal","Pit",120,435,435,289,17.946,146,17.946,0.10344827586206896,0.871264367816092,0.02528735632183908
448614,"Torres, Carlos","Pit",158,535,535,341,17.946,194,17.946,0.17943925233644858,0.7420560747663552,0.07850467289719626
501381,"Pineda, Michael","Pit",147,1128,1128,770,17.949,358,17.949,0.16400709219858156,0.699468085106383,0.13652482269503546
501381,"Pineda, Michael","Pit",147,1358,1358,920,17.949,438,17.949,0.18556701030927836,0.6693667157584683,0.14506627393225333
456068,"González, Miguel","Pit",140,1131,1131,717,17.951,414,17.951,0.08222811671087533,0.8470380194518126,0.07073386383731212
542881,"Anderson, Tyler","Pit",136,1073,1073,727,17.951,346,17.951,0.09412861136999068,0.8648648648648649,0.04100652376514446
621295,"Wittgren, Nick","Pit",146,357,357,232,17.951,125,17.951,0.08683473389355742,0.8823529411764706,0.03081232492997199
608717,"Stratton, Chris","Pit",134,557,557,357,17.951,200,17.951,0.12028725314183124,0.8312387791741472,0.04847396768402154
448802,"García, Jaime","Pit",147,1073,1073,745,17.951,328,17.951,0.10810810810810811,0.8527493010251631,0.0391425908667288
543900,"Webb, Daniel","Pit",145,522,522,291,17.952,231,17.952,0.07662835249042145,0.8984674329501916,0.02490421455938697
518693,"Freeman, Sam","Pit",140,345,345,158,17.952,187,17.952,0.11014492753623188,0.7913043478260869,0.09855072463768116
571710,"Givens, Mychal","Pit",110,473,473,276,17.952,197,17.952,0.0824524312896406,0.8456659619450317,0.07188160676532769
595918,"Cole, A.J.","Pit",147,394,394,262,17.952,132,17.952,0.09898477157360407,0.8629441624365483,0.03807106598984772
545064,"Díaz, Jairo","Pit",115,351,351,216,17.952,135,17.952,0.09116809116809117,0.8518518518518519,0.05698005698005698
605135,"Bassitt, Chris","Pit",141,1338,1338,802,17.953,536,17.953,0.08520179372197309,0.899103139013453,0.01569506726457399
547973,"Chapman, Aroldis","Pit",134,498,498,306,17.956,192,17.956,0.014056224899598393,0.9618473895582329,0.024096385542168676
453562,"Arrieta, Jake","Pit",112,601,601,407,17.956,194,17.956,0.1048252911813644,0.8419301164725458,0.05324459234608985
596043,"Mengden, Daniel","Pit",133,606,606,352,17.958,254,17.958,0.12046204620462046,0.7574257425742574,0.12211221122112212
642545,"Barria, Jaime","Pit",108,435,435,271,17.964,164,17.964,0.09195402298850575,0.8298850574712644,0.07816091954022988
452657,"Lester, Jon","Pit",112,1461,1461,1017,17.967,444,17.967,0.17453798767967146,0.7138945927446955,0.11156741957563313
625643,"López, Reynaldo","Pit",145,240,240,159,17.969,81,17.969,0.07083333333333333,0.8291666666666667,0.1
656756,"Montgomery, Jordan","Pit",109,742,742,476,17.976,266,17.976,0.013477088948787063,0.977088948787062,0.009433962264150943
502032,"Norris, Bud","Pit",135,717,717,431,17.981,286,17.981,0.17294281729428174,0.698744769874477,0.12831241283124128
543184,"Friedrich, Christian","Pit",135,1003,1003,624,17.982,379,17.982,0.15453639082751744,0.752741774675972,0.09272183449651047
572971,"Keuchel, Dallas","Pit",144,892,892,566,17.984,326,17.984,0.06838565022421525,0.9114349775784754,0.020179372197309416
605135,"Bassitt, Chris","Pit",133,387,387,237,17.984,150,17.984,0.11627906976744186,0.813953488372093,0.06976744186046512
622075,"Almonte, Yency","Pit",115,416,416,236,17.984,180,17.984,0.055288461538461536,0.90625,0.038461538461538464
502083,"McAllister, Zach","Pit",114,552,552,337,17.985,215,17.985,0.16485507246376813,0.7192028985507246,0.11594202898550725
488768,"Cashner, Andrew","Pit",111,1197,1197,763,17.985,434,17.985,0.08521303258145363,0.873015873015873,0.04177109440267335
625643,"López, Reynaldo","Pit",145,419,419,340,17.999,79,17.999,0.13126491646778043,0.8186157517899761,0.050119331742243436
467094,"Doubront, Felix","Pit",133,586,586,367,18.001,219,18.001,0.1621160409556314,0.7047781569965871,0.13310580204778158
518875,"Kelley, Shawn","Pit",147,380,380,215,18.001,165,18.001,0.11315789473684211,0.8210526315789474,0.06578947368421052
656731,"Megill, Tylor","Pit",121,583,583,390,18.003,193,18.003,0.04288164665523156,0.9502572898799314,0.00686106346483705
592644,"Plutko, Adam","Pit",110,464,464,288,18.009,176,18.009,0.04741379310344827,0.9245689655172413,0.028017241379310345
502009,"Latos, Mat","Pit",120,555,555,388,18.013,167,18.013,0.14594594594594595,0.7855855855855856,0.06846846846846846
593423,"Montas, Frankie","Pit",133,437,437,274,18.016,163,18.016,0.06178489702517163,0.8924485125858124,0.04576659038901602
592866,"Williams, Trevor","Pit",134,443,443,304,18.017,139,18.017,0.12866817155756208,0.7878103837471784,0.0835214446952596
622065,"Young, Alex","Pit",109,612,612,445,18.018,167,18.018,0.11437908496732026,0.8382352941176471,0.04738562091503268
664208,"Maton, Phil","Pit",135,381,381,195,18.018,186,18.018,0.005249343832020997,0.958005249343832,0.03674540682414698
593576,"Neris, Héctor","Pit",143,489,489,296,18.018,193,18.018,0.13496932515337423,0.7852760736196319,0.07975460122699386
643338,"Green, Chad","Pit",147,552,552,343,18.018,209,18.018,0.07427536231884058,0.8858695652173914,0.03985507246376811
572403,"VerHagen, Drew","Pit",116,443,443,272,18.018,171,18.018,0.10835214446952596,0.8510158013544018,0.040632054176072234
592426,"Jackson, Luke","Pit",144,447,447,303,18.021,144,18.021,0.1476510067114094,0.8210290827740492,0.03131991051454139
448306,"Shields, James","Pit",145,1440,1440,919,18.021,521,18.021,0.18819444444444444,0.6944444444444444,0.11736111111111111
572070,"Richards, Garrett","Pit",135,351,351,237,18.023,114,18.023,0.09971509971509972,0.8461538461538461,0.05413105413105413
572888,"Greene, Shane","Pit",116,602,602,388,18.023,214,18.023,0.16611295681063123,0.6810631229235881,0.15282392026578073
605182,"Clevinger, Mike","Pit",135,296,296,209,18.028,87,18.028,0.06756756756756757,0.8716216216216216,0.060810810810810814
608331,"Fried, Max","Pit",144,1265,1265,861,18.031,404,18.031,0.1383399209486166,0.7723320158102767,0.08932806324110672
491708,"Caminero, Arquimedes","Pit",136,519,519,280,18.031,239,18.031,0.1676300578034682,0.7032755298651252,0.12909441233140656
592426,"Jackson, Luke","Pit",144,196,196,103,18.033,93,18.033,0.0663265306122449,0.8979591836734694,0.03571428571428571
456068,"González, Miguel","Pit",110,1177,1177,798,18.037,379,18.037,0.07986406117247238,0.8776550552251486,0.04248088360237893
518764,"Hand, Donovan","Pit",158,428,428,249,18.042,179,18.042,0.08177570093457943,0.866822429906542,0.0514018691588785
656234,"Bird, Jake","Pit",115,371,371,220,18.046,151,18.046,0.029649595687331536,0.954177897574124,0.016172506738544475
518617,"Diekman, Jake","Pit",143,562,562,311,18.048,251,18.048,0.09074733096085409,0.8345195729537367,0.07473309608540925
596043,"Mengden, Daniel","Pit",133,324,324,226,18.051,98,18.051,0.08024691358024691,0.8919753086419753,0.027777777777777776
502202,"Boxberger, Brad","Pit",109,464,464,302,18.051,162,18.051,0.04525862068965517,0.9030172413793104,0.05172413793103448
543766,"Shaw, Bryan","Pit",114,539,539,315,18.051,224,18.051,0.061224489795918366,0.8886827458256029,0.05009276437847866
518516,"Bumgarner, Madison","Pit",137,952,952,586,18.051,366,18.051,0.026260504201680673,0.9138655462184874,0.059873949579831935
641755,"Kinley, Tyler","Pit",146,383,383,230,18.051,153,18.051,0.06266318537859007,0.8798955613577023,0.057441253263707574
544365,"Bañuelos, Manny","Pit",145,472,472,309,18.051,163,18.051,0.0847457627118644,0.8495762711864406,0.06567796610169492
594835,"Gonzales, Marco","Pit",136,1172,1172,801,18.052,371,18.052,0.04692832764505119,0.9197952218430034,0.033276450511945395
476454,"Betances, Dellin","Pit",147,556,556,366,18.052,190,18.052,0.052158273381294966,0.8884892086330936,0.05935251798561151
502032,"Norris, Bud","Pit",110,1417,1417,891,18.052,526,18.052,0.12420606916019761,0.7925194071983063,0.08327452364149612
622072,"Wood, Alex","Pit",119,1089,1089,708,18.052,381,18.052,0.08999081726354453,0.8631772268135904,0.046831955922865015
527054,"Teheran, Julio","Pit",144,1241,1241,829,18.053,412,18.053,0.11361804995970991,0.83883964544722,0.04754230459307011
621097,"Waguespack, Jacob","Pit",141,175,175,96,18.057,79,18.057,0.09142857142857143,0.8228571428571428,0.08571428571428572
571670,"Floro, Dylan","Pit",119,173,173,94,18.063,79,18.063,0.05202312138728324,0.8786127167630058,0.06936416184971098
519076,"Nelson, Jimmy","Pit",158,494,494,312,18.064,182,18.064,0.08502024291497975,0.8582995951417004,0.05668016194331984
669145,"Zimmermann, Bruce","Pit",110,506,506,329,18.065,177,18.065,0.06324110671936758,0.9071146245059288,0.029644268774703556
543243,"Gray, Sonny","Pit",133,508,508,315,18.067,193,18.067,0.09645669291338582,0.8562992125984252,0.047244094488188976
608337,"Giolito, Lucas","Pit",145,515,515,357,18.069,158,18.069,0.04854368932038835,0.920388349514563,0.031067961165048542
528748,"Castellanos, Humberto","Pit",109,365,365,205,18.07,160,18.07,0.0684931506849315,0.8794520547945206,0.052054794520547946
605452,"Ross, Joe","Pit",158,495,495,291,18.078,204,18.078,0.05454545454545454,0.9434343434343434,0.00202020202020202
592716,"Sampson, Adrian","Pit",112,776,776,535,18.08,241,18.08,0.08247422680412371,0.8376288659793815,0.07989690721649484
543521,"McHugh, Collin","Pit",117,1478,1478,939,18.082,539,18.082,0.18741542625169147,0.6901217861975643,0.12246278755074425
518875,"Kelley, Shawn","Pit",135,339,339,215,18.083,124,18.083,0.23893805309734514,0.672566371681416,0.08849557522123894
600968,"Rosario, Randy","Pit",112,343,343,232,18.084,111,18.084,0.08454810495626822,0.8250728862973761,0.09037900874635568
434538,"Liriano, Francisco","Pit",134,497,497,290,18.084,207,18.084,0.060362173038229376,0.9014084507042254,0.03822937625754527
456701,"Bailey, Homer","Pit",133,1240,1240,861,18.085,379,18.085,0.10887096774193548,0.8524193548387097,0.03870967741935484
518617,"Diekman, Jake","Pit",109,491,491,276,18.085,215,18.085,0.09775967413441955,0.8594704684317719,0.04276985743380855
488846,"Duensing, Brian","Pit",112,498,498,315,18.085,183,18.085,0.09036144578313253,0.8734939759036144,0.03614457831325301
502032,"Norris, Bud","Pit",110,1282,1282,825,18.088,457,18.088,0.09750390015600624,0.84399375975039,0.05850234009360374
664062,"Gonsolin, Tony","Pit",119,291,291,225,18.09,66,18.09,0.024054982817869417,0.9175257731958762,0.058419243986254296
471911,"Carrasco, Carlos","Pit",114,851,851,553,18.091,298,18.091,0.11750881316098707,0.8390129259694477,0.043478260869565216
663776,"Sandoval, Patrick","Pit",108,269,269,180,18.093,89,18.093,0.13011152416356878,0.79182156133829,0.07806691449814127
607192,"Glasnow, Tyler","Pit",139,420,420,289,18.094,131,18.094,0.08095238095238096,0.888095238095238,0.030952380952380953
682243,"Miller, Bryce","Pit",136,1195,1195,874,18.094,321,18.094,0.019246861924686193,0.9748953974895398,0.005857740585774059
502009,"Latos, Mat","Pit",113,693,693,485,18.1,208,18.1,0.10966810966810966,0.8297258297258298,0.06060606060606061
681911,"Vesia, Alex","Pit",119,486,486,311,18.101,175,18.101,0.03292181069958848,0.9629629629629629,0.00411522633744856
425844,"Greinke, Zack","Pit",119,1278,1278,882,18.102,396,18.102,0.10641627543035993,0.8427230046948356,0.05086071987480438
669145,"Zimmermann, Bruce","Pit",110,493,493,352,18.105,141,18.105,0.06693711967545639,0.8803245436105477,0.05273833671399594
453178,"Kennedy, Ian","Pit",135,1318,1318,908,18.107,410,18.107,0.15705614567526555,0.7473444613050075,0.09559939301972686
592761,"Smith, Caleb","Pit",109,947,947,572,18.11,375,18.11,0.04963041182682154,0.8965153115100317,0.05385427666314678
595032,"Whitley, Chase","Pit",147,587,587,368,18.111,219,18.111,0.07325383304940375,0.909710391822828,0.017035775127768313
621249,"Underwood Jr., Duane","Pit",134,523,523,336,18.113,187,18.113,0.08604206500956023,0.8738049713193117,0.040152963671128104
592789,"Syndergaard, Noah","Pit",121,1087,1087,783,18.113,304,18.113,0.17479300827966882,0.7267709291628335,0.0984360625574977
621076,"Kaprielian, James","Pit",133,1016,1016,623,18.114,393,18.114,0.08464566929133858,0.8415354330708661,0.07381889763779527
605400,"Nola, Aaron","Pit",143,1320,1320,915,18.115,405,18.115,0.035606060606060606,0.9462121212121212,0.01818181818181818
656546,"Hoffman, Jeff","Pit",115,742,742,489,18.118,253,18.118,0.0673854447439353,0.8436657681940701,0.0889487870619946
435043,"Duke, Zach","Pit",158,468,468,290,18.118,178,18.118,0.08333333333333333,0.8525641025641025,0.0641025641025641
605135,"Bassitt, Chris","Pit",133,1104,1104,728,18.118,376,18.118,0.10869565217391304,0.8152173913043478,0.07608695652173914
458681,"Lynn, Lance","Pit",140,1542,1542,989,18.118,553,18.118,0.08430609597924774,0.867704280155642,0.04798962386511025
458681,"Lynn, Lance","Pit",147,1357,1357,778,18.118,579,18.118,0.06632277081798084,0.894620486366986,0.039056742815033164
608331,"Fried, Max","Pit",144,1241,1241,858,18.118,383,18.118,0.09750201450443191,0.8186946011281225,0.08380338436744561
642545,"Barria, Jaime","Pit",108,1019,1019,644,18.118,375,18.118,0.10402355250245339,0.8056918547595682,0.09028459273797841
628333,"Despaigne, Odrisamer","Pit",135,1032,1032,657,18.123,375,18.123,0.14728682170542637,0.7625968992248062,0.09011627906976744
460059,"Pelfrey, Mike","Pit",142,1278,1278,783,18.125,495,18.125,0.15805946791862285,0.6885758998435054,0.15336463223787167
642207,"Williams, Devin","Pit",158,206,206,148,18.127,58,18.127,0.14563106796116504,0.7961165048543689,0.05825242718446602
640448,"Finnegan, Kyle","Pit",120,417,417,245,18.128,172,18.128,0.009592326139088728,0.9832134292565947,0.007194244604316547
621112,"Blackburn, Paul","Pit",133,347,347,211,18.135,136,18.135,0.06340057636887608,0.9106628242074928,0.025936599423631124
623474,"Herget, Jimmy","Pit",108,483,483,304,18.136,179,18.136,0.08488612836438923,0.8405797101449275,0.07453416149068323
453562,"Arrieta, Jake","Pit",112,1579,1579,1165,18.146,414,18.146,0.17352754908169726,0.7169094363521216,0.10956301456618113
502624,"Anderson, Chase","Pit",141,306,306,204,18.149,102,18.149,0.11764705882352941,0.7941176470588235,0.08823529411764706
433587,"Hernández, Félix","Pit",136,1086,1086,743,18.149,343,18.149,0.15377532228360957,0.7688766114180479,0.07734806629834254
622098,"Smith, Drew","Pit",121,354,354,215,18.149,139,18.149,0.05367231638418079,0.9209039548022598,0.025423728813559324
448306,"Shields, James","Pit",145,962,962,649,18.151,313,18.151,0.10083160083160084,0.8222453222453222,0.07692307692307693
592789,"Syndergaard, Noah","Pit",121,1297,1297,892,18.151,405,18.151,0.029298380878951428,0.9267540478026214,0.04394757131842714
450172,"Volquez, Edinson","Pit",146,703,703,458,18.151,245,18.151,0.08392603129445235,0.8250355618776671,0.09103840682788052
502171,"Cobb, Alex","Pit",139,1008,1008,744,18.151,264,18.151,0.1259920634920635,0.810515873015873,0.06349206349206349
435221,"McCarthy, Brandon","Pit",144,561,561,357,18.152,204,18.152,0.040998217468805706,0.9358288770053476,0.023172905525846704
282332,"Sabathia, CC","Pit",147,1122,1122,730,18.152,392,18.152,0.0374331550802139,0.9206773618538324,0.04188948306595366
542881,"Anderson, Tyler","Pit",115,584,584,410,18.152,174,18.152,0.1095890410958904,0.821917808219178,0.0684931506849315
592761,"Smith, Caleb","Pit",109,550,550,325,18.152,225,18.152,0.045454545454545456,0.9272727272727272,0.02727272727272727
543243,"Gray, Sonny","Pit",113,1384,1384,971,18.152,413,18.152,0.08092485549132948,0.869942196531792,0.049132947976878616
448281,"Doolittle, Sean","Pit",133,359,359,246,18.154,113,18.154,0.03064066852367688,0.9415041782729805,0.027855153203342618
642701,"Santana, Dennis","Pit",119,139,139,66,18.16,73,18.16,0.04316546762589928,0.935251798561151,0.02158273381294964
621366,"Borucki, Ryan","Pit",141,151,151,95,18.168,56,18.168,0.06622516556291391,0.8278145695364238,0.10596026490066225
571666,"Fiers, Mike","Pit",117,1287,1287,842,18.17,445,18.17,0.16938616938616938,0.7125097125097125,0.11810411810411811
592222,"Claudio, Alex","Pit",140,379,379,161,18.174,218,18.174,0.1345646437994723,0.7519788918205804,0.11345646437994723
656876,"Rasmussen, Drew","Pit",139,556,556,394,18.176,162,18.176,0.11151079136690648,0.8309352517985612,0.05755395683453238
518516,"Bumgarner, Madison","Pit",137,1475,1475,1034,18.176,441,18.176,0.09491525423728814,0.8305084745762712,0.07457627118644068
664062,"Gonsolin, Tony","Pit",119,452,452,306,18.182,146,18.182,0.11061946902654868,0.838495575221239,0.05088495575221239
218596,"Hudson, Tim","Pit",137,1244,1244,835,18.183,409,18.183,0.07556270096463022,0.8569131832797428,0.06752411575562701
460059,"Pelfrey, Mike","Pit",145,1173,1173,719,18.184,454,18.184,0.09207161125319693,0.7877237851662404,0.12020460358056266
605540,"Woodruff, Brandon","Pit",158,836,836,563,18.184,273,18.184,0.05980861244019139,0.9066985645933014,0.03349282296650718
599683,"Saupold, Warwick","Pit",116,487,487,274,18.185,213,18.185,0.07802874743326489,0.8624229979466119,0.059548254620123205
593576,"Neris, Héctor","Pit",143,488,488,329,18.185,159,18.185,0.12090163934426229,0.8114754098360656,0.06762295081967214
621249,"Underwood Jr., Duane","Pit",112,152,152,84,18.185,68,18.185,0.02631578947368421,0.9473684210526315,0.02631578947368421
547943,"Ryu, Hyun Jin","Pit",119,1267,1267,901,18.185,366,18.185,0.037884767166535126,0.9100236779794791,0.05209155485398579
500724,"Ramírez, JC","Pit",108,1070,1070,706,18.185,364,18.185,0.08878504672897196,0.8476635514018691,0.06355140186915888
579328,"Kikuchi, Yusei","Pit",136,1199,1199,778,18.185,421,18.185,0.09591326105087573,0.8323603002502085,0.07172643869891576
543208,"Gaviglio, Sam","Pit",141,689,689,479,18.185,210,18.185,0.08127721335268505,0.8461538461538461,0.07256894049346879
448802,"García, Jaime","Pit",138,820,820,605,18.188,215,18.188,0.1378048780487805,0.7609756097560976,0.10121951219512196
543883,"Vincent, Nick","Pit",135,367,367,208,18.189,159,18.189,0.043596730245231606,0.9019073569482289,0.05449591280653951
628711,"Urías, Julio","Pit",119,1201,1201,898,18.189,303,18.189,0.04995836802664446,0.9275603663613655,0.022481265611990008
543243,"Gray, Sonny","Pit",113,1034,1034,742,18.191,292,18.191,0.07930367504835589,0.8578336557059961,0.06286266924564797
527048,"Pérez, Martín","Pit",140,1408,1408,873,18.191,535,18.191,0.11647727272727272,0.7585227272727273,0.125
543766,"Shaw, Bryan","Pit",114,439,439,237,18.194,202,18.194,0.04783599088838269,0.9066059225512528,0.04555808656036447
493133,"Kuroda, Hiroki","Pit",147,1416,1416,981,18.196,435,18.196,0.08615819209039548,0.815677966101695,0.0981638418079096
502171,"Cobb, Alex","Pit",110,376,376,263,18.201,113,18.201,0.13297872340425532,0.8271276595744681,0.0398936170212766
467726,"Mijares, Jose","Pit",137,359,359,197,18.206,162,18.206,0.11142061281337047,0.8384401114206128,0.05013927576601671
462985,"Morales, Franklin","Pit",118,455,455,267,18.214,188,18.214,0.2021978021978022,0.7098901098901099,0.08791208791208792
656288,"Canning, Griffin","Pit",108,725,725,504,18.218,221,18.218,0.08827586206896551,0.8496551724137931,0.06206896551724138
592811,"Triggs, Andrew","Pit",133,359,359,222,18.218,137,18.218,0.052924791086350974,0.8857938718662952,0.06128133704735376
593958,"Rodriguez, Eduardo","Pit",111,1089,1089,695,18.219,394,18.219,0.10101010101010101,0.8053259871441689,0.09366391184573003
592789,"Syndergaard, Noah","Pit",121,1020,1020,656,18.219,364,18.219,0.04803921568627451,0.9117647058823529,0.04019607843137255
608678,"Leone, Dominic","Pit",136,349,349,199,18.223,150,18.223,0.0028653295128939827,0.9914040114613181,0.0057306590257879654
424144,"Pérez, Oliver","Pit",120,355,355,206,18.226,149,18.226,0.12394366197183099,0.7915492957746478,0.08450704225352113
451596,"Gallardo, Yovani","Pit",140,1611,1611,1012,18.229,599,18.229,0.1458721291123526,0.7430167597765364,0.1111111111111111
612434,"Castro, Miguel","Pit",121,595,595,360,18.229,235,18.229,0.05378151260504202,0.9092436974789916,0.03697478991596639
669912,"Snead, Kirby","Pit",133,370,370,176,18.23,194,18.23,0.05405405405405406,0.9081081081081082,0.03783783783783784
663158,"Suarez, Robert","Pit",135,354,354,210,18.23,144,18.23,0.031073446327683617,0.923728813559322,0.04519774011299435
503444,"De La Cruz, Joel","Pit",144,446,446,293,18.233,153,18.233,0.16143497757847533,0.679372197309417,0.1591928251121076
453286,"Scherzer, Max","Pit",119,1235,1235,872,18.233,363,18.233,0.09392712550607288,0.8388663967611336,0.06720647773279352
596133,"Weaver, Luke","Pit",147,567,567,382,18.24,185,18.24,0.04585537918871252,0.9453262786596119,0.008818342151675485
501789,"Harris, Will","Pit",109,388,388,215,18.242,173,18.242,0.041237113402061855,0.9252577319587629,0.03350515463917526
668678,"Gallen, Zac","Pit",109,958,958,673,18.244,285,18.244,0.08663883089770355,0.8037578288100209,0.10960334029227557
656529,"Hentges, Sam","Pit",114,403,403,261,18.246,142,18.246,0.01488833746898263,0.9602977667493796,0.02481389578163772
456696,"Hernandez, David","Pit",109,444,444,293,18.247,151,18.247,0.09009009009009009,0.8648648648648649,0.04504504504504504
475479,"Phelps, David","Pit",147,949,949,588,18.249,361,18.249,0.08324552160168598,0.8514225500526871,0.06533192834562697
592858,"Wick, Rowan","Pit",112,484,484,252,18.249,232,18.249,0.07644628099173553,0.8615702479338843,0.06198347107438017
453172,"Hughes, Jared","Pit",143,497,497,359,18.251,138,18.251,0.14285714285714285,0.8309859154929577,0.026156941649899398
476451,"Hellickson, Jeremy","Pit",120,338,338,195,18.251,143,18.251,0.05621301775147929,0.893491124260355,0.05029585798816568
573668,"Minaya, Juan","Pit",145,350,350,212,18.251,138,18.251,0.10857142857142857,0.8371428571428572,0.054285714285714284
459429,"McGee, Jake","Pit",115,388,388,257,18.252,131,18.252,0.03865979381443299,0.865979381443299,0.09536082474226804
471911,"Carrasco, Carlos","Pit",114,1269,1269,889,18.252,380,18.252,0.06461780929866036,0.8967691095350669,0.038613081166272656
592222,"Claudio, Alex","Pit",140,514,514,318,18.252,196,18.252,0.07782101167315175,0.8618677042801557,0.06031128404669261
608648,"Duffey, Tyler","Pit",142,506,506,308,18.252,198,18.252,0.025691699604743084,0.9426877470355731,0.03162055335968379
592593,"Nicolino, Justin","Pit",146,410,410,250,18.252,160,18.252,0.11463414634146342,0.8219512195121951,0.06341463414634146
553878,"Vázquez, Felipe","Pit",120,334,334,228,18.255,106,18.255,0.2275449101796407,0.6856287425149701,0.08682634730538923
502042,"Archer, Chris","Pit",139,974,974,652,18.262,322,18.262,0.08521560574948665,0.8593429158110883,0.055441478439425054
458730,"Parnell, Bobby","Pit",121,337,337,231,18.266,106,18.266,0.14540059347181009,0.798219584569733,0.05637982195845697
543859,"Tonkin, Michael","Pit",142,594,594,306,18.268,288,18.268,0.14646464646464646,0.7794612794612794,0.07407407407407407
641302,"Alexander, Tyler","Pit",116,700,700,446,18.269,254,18.269,0.03,0.9542857142857143,0.015714285714285715
444857,"Feldman, Scott","Pit",117,840,840,534,18.27,306,18.27,0.14285714285714285,0.7416666666666667,0.11547619047619048
518516,"Bumgarner, Madison","Pit",137,1466,1466,952,18.275,514,18.275,0.07639836289222374,0.8635743519781719,0.06002728512960437
452718,"Kendrick, Kyle","Pit",143,1328,1328,783,18.282,545,18.282,0.07981927710843373,0.8509036144578314,0.06927710843373494
573204,"Thielbar, Caleb","Pit",142,154,154,85,18.283,69,18.283,0.032467532467532464,0.948051948051948,0.01948051948051948
621348,"Clay, Sam","Pit",120,384,384,205,18.283,179,18.283,0.044270833333333336,0.9348958333333334,0.020833333333333332
593833,"Suero, Wander","Pit",120,336,336,213,18.285,123,18.285,0.08035714285714286,0.8988095238095238,0.020833333333333332
407845,"Rodney, Fernando","Pit",120,393,393,249,18.285,144,18.285,0.03307888040712468,0.9414758269720102,0.02544529262086514
570663,"Robles, Hansel","Pit",108,446,446,247,18.285,199,18.285,0.11434977578475336,0.8071748878923767,0.07847533632286996
547943,"Ryu, Hyun Jin","Pit",119,605,605,430,18.285,175,18.285,0.07603305785123966,0.8793388429752066,0.04462809917355372
456701,"Bailey, Homer","Pit",113,689,689,425,18.285,264,18.285,0.07111756168359942,0.8621190130624092,0.06676342525399129
594943,"Neal, Zach","Pit",133,395,395,279,18.29,116,18.29,0.16455696202531644,0.7772151898734178,0.05822784810126582
543901,"Weber, Ryan","Pit",111,333,333,196,18.292,137,18.292,0.07807807807807808,0.8738738738738738,0.04804804804804805
669947,"Scholtens, Jesse","Pit",145,643,643,390,18.296,253,18.296,0.026438569206842923,0.9704510108864697,0.003110419906687403
656458,"Gilbreath, Lucas","Pit",115,338,338,182,18.301,156,18.301,0.04437869822485207,0.8994082840236687,0.05621301775147929
518633,"Duffy, Danny","Pit",118,1080,1080,652,18.303,428,18.303,0.1361111111111111,0.7657407407407407,0.09814814814814815
408241,"Peavy, Jake","Pit",137,768,768,546,18.307,222,18.307,0.14583333333333334,0.7018229166666666,0.15234375
501381,"Pineda, Michael","Pit",142,188,188,118,18.31,70,18.31,0.19680851063829788,0.7021276595744681,0.10106382978723404
657624,"James, Josh","Pit",117,171,171,93,18.315,78,18.315,0.03508771929824561,0.8771929824561403,0.08771929824561403
446399,"Cecil, Brett","Pit",138,389,389,255,18.318,134,18.318,0.04884318766066838,0.9305912596401028,0.02056555269922879
504379,"Nicasio, Juan","Pit",138,528,528,308,18.318,220,18.318,0.11553030303030302,0.6837121212121212,0.20075757575757575
605483,"Snell, Blake","Pit",139,778,778,545,18.318,233,18.318,0.08997429305912596,0.7969151670951157,0.11311053984575835
456027,"Ohlendorf, Ross","Pit",113,514,514,314,18.319,200,18.319,0.17509727626459143,0.7120622568093385,0.11284046692607004
543883,"Vincent, Nick","Pit",146,148,148,79,18.32,69,18.32,0.013513513513513514,0.9662162162162162,0.02027027027027027
571710,"Givens, Mychal","Pit",113,420,420,226,18.322,194,18.322,0.07380952380952381,0.8047619047619048,0.12142857142857143
548384,"Raley, Brooks","Pit",139,403,403,263,18.325,140,18.325,0.10173697270471464,0.8511166253101737,0.04714640198511166
456068,"González, Miguel","Pit",145,938,938,631,18.329,307,18.329,0.15245202558635396,0.746268656716418,0.10127931769722814
623352,"Hader, Josh","Pit",158,171,171,106,18.33,65,18.33,0.07602339181286549,0.8654970760233918,0.05847953216374269
668687,"Scrubb, Andre","Pit",117,220,220,108,18.333,112,18.333,0.045454545454545456,0.9227272727272727,0.031818181818181815
621051,"Wilson, Steven","Pit",135,445,445,261,18.333,184,18.333,0.015730337078651686,0.9707865168539326,0.01348314606741573
500724,"Ramírez, JC","Pit",108,518,518,331,18.335,187,18.335,0.18146718146718147,0.7316602316602316,0.08687258687258688
444468,"Rondón, Héctor","Pit",112,365,365,262,18.339,103,18.339,0.18082191780821918,0.736986301369863,0.0821917808219178
452666,"Wilhelmsen, Tom","Pit",136,503,503,319,18.341,184,18.341,0.0636182902584493,0.8648111332007953,0.07157057654075547
433587,"Hernández, Félix","Pit",136,1366,1366,946,18.343,420,18.343,0.1486090775988287,0.7569546120058566,0.09443631039531479
571901,"Loup, Aaron","Pit",139,151,151,97,18.345,54,18.345,0,0.9470198675496688,0.052980132450331126
500779,"Quintana, Jose","Pit",145,1531,1531,1052,18.346,479,18.346,0.1580666231221424,0.7622468974526453,0.07968647942521227
502748,"Peacock, Brad","Pit",117,1103,1103,748,18.351,355,18.351,0.0942883046237534,0.8658204895738894,0.03989120580235721
605452,"Ross, Joe","Pit",120,574,574,378,18.352,196,18.352,0.033101045296167246,0.8954703832752613,0.07142857142857142
657624,"James, Josh","Pit",117,515,515,316,18.352,199,18.352,0.10679611650485436,0.8330097087378641,0.06019417475728155
606303,"Payamps, Joel","Pit",133,434,434,258,18.353,176,18.353,0.055299539170506916,0.9193548387096774,0.02534562211981567
472551,"Abad, Fernando","Pit",133,370,370,254,18.353,116,18.353,0.12162162162162163,0.8351351351351352,0.043243243243243246
444520,"Breslow, Craig","Pit",111,383,383,233,18.353,150,18.353,0.08093994778067885,0.8877284595300261,0.031331592689295036
547874,"Iwakuma, Hisashi","Pit",136,1387,1387,999,18.359,388,18.359,0.05263157894736842,0.8543619322278299,0.09300648882480173
642232,"Yarbrough, Ryan","Pit",139,593,593,367,18.361,226,18.361,0.07419898819561552,0.8566610455311973,0.06913996627318718
621242,"Díaz, Edwin","Pit",121,421,421,247,18.362,174,18.362,0.07363420427553444,0.8764845605700713,0.0498812351543943
680694,"Bradish, Kyle","Pit",110,911,911,587,18.363,324,18.363,0.1394072447859495,0.7936333699231614,0.06695938529088913
572125,"Selman, Sam","Pit",137,182,182,106,18.363,76,18.363,0.038461538461538464,0.8846153846153846,0.07692307692307693
465657,"Soria, Joakim","Pit",116,332,332,219,18.364,113,18.364,0.09337349397590361,0.8373493975903614,0.06927710843373494
656458,"Gilbreath, Lucas","Pit",115,384,384,202,18.367,182,18.367,0.03125,0.9166666666666666,0.052083333333333336
434637,"Lindstrom, Matt","Pit",145,399,399,185,18.367,214,18.367,0.042606516290726815,0.9147869674185464,0.042606516290726815
543475,"Lyles, Jordan","Pit",115,423,423,232,18.367,191,18.367,0.15839243498817968,0.7635933806146572,0.07801418439716312
621078,"Lail, Brady","Pit",136,141,141,89,18.368,52,18.368,0.10638297872340426,0.851063829787234,0.0425531914893617
605476,"Smith, Carson","Pit",136,506,506,294,18.372,212,18.372,0.1067193675889328,0.7865612648221344,0.1067193675889328
453562,"Arrieta, Jake","Pit",112,1412,1412,965,18.376,447,18.376,0.15155807365439095,0.7415014164305949,0.10694050991501416
592351,"Gray, Jon","Pit",115,1176,1176,798,18.376,378,18.376,0.0663265306122449,0.8715986394557823,0.06207482993197279
453178,"Kennedy, Ian","Pit",118,1558,1558,1072,18.38,486,18.38,0.12259306803594351,0.788831835686778,0.08857509627727857
429719,"Jackson, Edwin","Pit",112,1097,1097,706,18.382,391,18.382,0.11394712853236098,0.7912488605287147,0.09480401093892434
596112,"Stephenson, Robert","Pit",113,639,639,373,18.385,266,18.385,0.03286384976525822,0.892018779342723,0.07511737089201878
502043,"Gibson, Kyle","Pit",142,1506,1506,1018,18.385,488,18.385,0.08831341301460824,0.8632138114209827,0.04847277556440903
446321,"Detwiler, Ross","Pit",145,545,545,362,18.385,183,18.385,0.08623853211009175,0.8623853211009175,0.05137614678899083
693433,"Woo, Bryan","Pit",136,713,713,512,18.385,201,18.385,0.005610098176718092,0.9901823281907434,0.004207573632538569
641838,"McCarthy, Kevin","Pit",118,444,444,253,18.385,191,18.385,0.060810810810810814,0.9054054054054054,0.033783783783783786
643316,"Fry, Paul","Pit",110,540,540,318,18.385,222,18.385,0.04259259259259259,0.9203703703703704,0.037037037037037035
571666,"Fiers, Mike","Pit",158,530,530,413,18.389,117,18.389,0.1018867924528302,0.7905660377358491,0.10754716981132076
502032,"Norris, Bud","Pit",119,907,907,571,18.393,336,18.393,0.11907386990077178,0.7673649393605292,0.11356119073869901
664062,"Gonsolin, Tony","Pit",119,867,867,641,18.395,226,18.395,0.040369088811995385,0.916955017301038,0.04267589388696655
656731,"Megill, Tylor","Pit",121,696,696,487,18.397,209,18.397,0.07902298850574713,0.8735632183908046,0.04741379310344827
545333,"Bauer, Trevor","Pit",113,530,530,401,18.397,129,18.397,0.10943396226415095,0.8433962264150944,0.04716981132075472
518553,"Cishek, Steve","Pit",108,647,647,287,18.397,360,18.397,0.05873261205564142,0.8948995363214838,0.04636785162287481
503449,"Peralta, Wily","Pit",116,333,333,180,18.402,153,18.402,0.07207207207207207,0.8588588588588588,0.06906906906906907
595345,"Okert, Steven","Pit",146,456,456,254,18.405,202,18.405,0.010964912280701754,0.9429824561403509,0.046052631578947366
548389,"Stripling, Ross","Pit",119,763,763,508,18.406,255,18.406,0.16382699868938402,0.745740498034076,0.09043250327653997
502381,"Gregerson, Luke","Pit",117,362,362,256,18.412,106,18.412,0.19613259668508287,0.6574585635359116,0.1464088397790055
542960,"Brach, Brad","Pit",110,450,450,260,18.413,190,18.413,0.04888888888888889,0.9044444444444445,0.04666666666666667
502043,"Gibson, Kyle","Pit",142,1137,1137,724,18.414,413,18.414,0.1547933157431838,0.7449428320140721,0.10026385224274406
668933,"Ashcraft, Graham","Pit",113,774,774,486,18.415,288,18.415,0.04392764857881137,0.937984496124031,0.01808785529715762
608371,"Sims, Lucas","Pit",113,396,396,230,18.416,166,18.416,0.050505050505050504,0.8762626262626263,0.07323232323232323
543521,"McHugh, Collin","Pit",117,579,579,396,18.418,183,18.418,0.08981001727115717,0.8497409326424871,0.06044905008635579
429719,"Jackson, Edwin","Pit",116,599,599,389,18.419,210,18.419,0.10350584307178631,0.8230383973288815,0.07345575959933222
519076,"Nelson, Jimmy","Pit",158,1216,1216,804,18.419,412,18.419,0.07648026315789473,0.8634868421052632,0.060032894736842105
595465,"Winkler, Dan","Pit",112,341,341,159,18.422,182,18.422,0.04105571847507331,0.906158357771261,0.05278592375366569
543766,"Shaw, Bryan","Pit",114,548,548,324,18.424,224,18.424,0.043795620437956206,0.916058394160584,0.040145985401459854
656288,"Canning, Griffin","Pit",108,439,439,315,18.426,124,18.426,0.0979498861047836,0.8200455580865603,0.08200455580865604
656302,"Cease, Dylan","Pit",145,1371,1371,954,18.427,417,18.427,0.07148067104303428,0.8723559445660102,0.05616338439095551
453172,"Hughes, Jared","Pit",134,353,353,179,18.428,174,18.428,0.17847025495750707,0.7223796033994334,0.09915014164305949
517414,"Delgado, Randall","Pit",109,643,643,418,18.429,225,18.429,0.14307931570762053,0.80248833592535,0.05443234836702955
518858,"Jones, Nate","Pit",113,142,142,87,18.437,55,18.437,0.08450704225352113,0.8450704225352113,0.07042253521126761
592351,"Gray, Jon","Pit",140,664,664,446,18.439,218,18.439,0.025602409638554216,0.9683734939759037,0.006024096385542169
491708,"Caminero, Arquimedes","Pit",134,449,449,273,18.442,176,18.442,0.18485523385300667,0.6681514476614699,0.14699331848552338
570257,"Rodríguez, Joely","Pit",121,409,409,253,18.442,156,18.442,0.0488997555012225,0.9242053789731052,0.02689486552567237
518560,"Clemens, Paul","Pit",135,582,582,353,18.444,229,18.444,0.14261168384879724,0.7302405498281787,0.12714776632302405
621199,"Bowman, Matt","Pit",138,515,515,292,18.448,223,18.448,0.11650485436893204,0.7728155339805826,0.11067961165048544
595881,"Beede, Tyler","Pit",137,937,937,646,18.451,291,18.451,0.06616862326574173,0.8932764140875133,0.04055496264674493
592547,"McGuire, Deck","Pit",108,325,325,192,18.451,133,18.451,0.09538461538461539,0.8523076923076923,0.052307692307692305
644364,"Arano, Víctor","Pit",143,383,383,271,18.452,112,18.452,0.11488250652741515,0.8642297650130548,0.020887728459530026
518876,"Kelly, Merrill","Pit",109,1378,1378,903,18.452,475,18.452,0.04281567489114659,0.8904208998548622,0.06676342525399129
657612,"Hill, Tim","Pit",118,355,355,177,18.452,178,18.452,0.03380281690140845,0.9549295774647887,0.011267605633802818
664299,"Javier, Cristian","Pit",117,445,445,306,18.452,139,18.452,0.058426966292134834,0.8943820224719101,0.04719101123595506
446372,"Kluber, Corey","Pit",114,1377,1377,1003,18.453,374,18.453,0.10457516339869281,0.7915758896151053,0.10384894698620188
605135,"Bassitt, Chris","Pit",133,666,666,434,18.46,232,18.46,0.13963963963963963,0.7402402402402403,0.12012012012012012
621295,"Wittgren, Nick","Pit",146,375,375,215,18.464,160,18.464,0.14666666666666667,0.7653333333333333,0.088
476589,"Warren, Adam","Pit",147,1044,1044,666,18.465,378,18.465,0.16379310344827586,0.7241379310344828,0.11206896551724138
425626,"Capuano, Chris","Pit",119,776,776,531,18.472,245,18.472,0.08247422680412371,0.8672680412371134,0.05025773195876289
657612,"Hill, Tim","Pit",135,168,168,78,18.48,90,18.48,0.011904761904761904,0.9761904761904762,0.011904761904761904
570666,"Cessa, Luis","Pit",147,147,147,79,18.481,68,18.481,0.10204081632653061,0.891156462585034,0.006802721088435374
115629,"Hawkins, LaTroy","Pit",121,432,432,277,18.481,155,18.481,0.07175925925925926,0.8333333333333334,0.09490740740740741
448855,"Guerra, Junior","Pit",158,1019,1019,685,18.485,334,18.485,0.0873405299313052,0.8282630029440629,0.08439646712463199
425844,"Greinke, Zack","Pit",109,1542,1542,1080,18.485,462,18.485,0.07782101167315175,0.8728923476005188,0.04928664072632944
592662,"Ray, Robbie","Pit",109,1356,1356,964,18.485,392,18.485,0.0943952802359882,0.8362831858407079,0.06932153392330384
623184,"Oberg, Scott","Pit",115,429,429,246,18.485,183,18.485,0.06293706293706294,0.8787878787878788,0.05827505827505827
628317,"Maeda, Kenta","Pit",119,992,992,664,18.485,328,18.485,0.07963709677419355,0.8276209677419355,0.09274193548387097
605540,"Woodruff, Brandon","Pit",158,357,357,255,18.485,102,18.485,0.0700280112044818,0.8851540616246498,0.04481792717086835
606625,"Moronta, Reyes","Pit",137,541,541,325,18.485,216,18.485,0.06284658040665435,0.9057301293900185,0.031423290203327174
457915,"Guerra, Javy","Pit",120,437,437,270,18.485,167,18.485,0.07093821510297482,0.9107551487414187,0.018306636155606407
542914,"Bass, Anthony","Pit",136,341,341,243,18.486,98,18.486,0.04985337243401759,0.9354838709677419,0.01466275659824047
642547,"Peralta, Freddy","Pit",158,654,654,450,18.486,204,18.486,0.0963302752293578,0.8532110091743119,0.05045871559633028
621242,"Díaz, Edwin","Pit",121,208,208,132,18.487,76,18.487,0.08173076923076923,0.8894230769230769,0.028846153846153848
592662,"Ray, Robbie","Pit",136,1275,1275,897,18.49,378,18.49,0.1027450980392157,0.8376470588235294,0.0596078431372549
542960,"Brach, Brad","Pit",110,573,573,357,18.492,216,18.492,0.1431064572425829,0.774869109947644,0.08202443280977312
534812,"Quackenbush, Kevin","Pit",135,397,397,237,18.492,160,18.492,0.0025188916876574307,0.9345088161209067,0.06297229219143577
518876,"Kelly, Merrill","Pit",109,225,225,175,18.493,50,18.493,0.008888888888888889,0.96,0.03111111111111111
434181,"League, Brandon","Pit",119,393,393,258,18.498,135,18.498,0.07633587786259542,0.8778625954198473,0.04580152671755725
663423,"Thornton, Trent","Pit",141,413,413,256,18.501,157,18.501,0.07263922518159806,0.8813559322033898,0.04600484261501211
518886,"Kimbrel, Craig","Pit",143,478,478,294,18.51,184,18.51,0.0020920502092050207,0.9895397489539749,0.008368200836820083
605483,"Snell, Blake","Pit",139,826,826,488,18.512,338,18.512,0.10774818401937046,0.7820823244552058,0.11016949152542373
500779,"Quintana, Jose","Pit",145,1497,1497,1023,18.515,474,18.515,0.17234468937875752,0.7114228456913828,0.11623246492985972
444468,"Rondón, Héctor","Pit",117,448,448,287,18.518,161,18.518,0.07366071428571429,0.8392857142857143,0.08705357142857142
592102,"Allen, Cody","Pit",114,526,526,302,18.518,224,18.518,0.03231939163498099,0.8669201520912547,0.10076045627376426
656547,"Holder, Jonathan","Pit",147,451,451,269,18.518,182,18.518,0.057649667405764965,0.88470066518847,0.057649667405764965
593140,"Feliz, Michael","Pit",134,465,465,269,18.518,196,18.518,0.01935483870967742,0.9376344086021505,0.043010752688172046
593958,"Rodriguez, Eduardo","Pit",111,1609,1609,988,18.518,621,18.518,0.06650093225605966,0.8346799254195152,0.09881914232442511
642232,"Yarbrough, Ryan","Pit",139,932,932,677,18.519,255,18.519,0.09763948497854077,0.8379828326180258,0.06437768240343347
605194,"Cotton, Jharel","Pit",133,947,947,655,18.519,292,18.519,0.08342133051742344,0.8585005279831045,0.05807814149947202
547888,"Tanaka, Masahiro","Pit",147,1017,1017,736,18.519,281,18.519,0.0776794493608653,0.8230088495575221,0.09931170108161258
573124,"Rogers, Taylor","Pit",142,460,460,305,18.519,155,18.519,0.05652173913043478,0.9152173913043479,0.02826086956521739
449079,"Wright, Wesley","Pit",139,442,442,263,18.52,179,18.52,0.038461538461538464,0.8529411764705882,0.1085972850678733
527048,"Pérez, Martín","Pit",111,500,500,313,18.527,187,18.527,0.136,0.738,0.126
451596,"Gallardo, Yovani","Pit",110,1084,1084,688,18.529,396,18.529,0.1014760147601476,0.8404059040590406,0.058118081180811805
453265,"Watson, Tony","Pit",134,439,439,270,18.535,169,18.535,0.16856492027334852,0.7744874715261959,0.05694760820045558
502593,"Petricka, Jake","Pit",145,345,345,197,18.535,148,18.535,0.1681159420289855,0.7304347826086957,0.10144927536231885
592789,"Syndergaard, Noah","Pit",121,1199,1199,822,18.537,377,18.537,0.10508757297748124,0.7831526271893244,0.11175979983319433
689225,"Brieske, Beau","Pit",116,541,541,373,18.538,168,18.538,0.06469500924214418,0.8835489833641405,0.051756007393715345
663531,"Allen, Logan","Pit",114,410,410,265,18.538,145,18.538,0.06097560975609756,0.8926829268292683,0.046341463414634146
434181,"League, Brandon","Pit",119,397,397,220,18.545,177,18.545,0.04534005037783375,0.8690176322418136,0.08564231738035265
592351,"Gray, Jon","Pit",140,907,907,618,18.548,289,18.548,0.03528114663726571,0.9173098125689085,0.047409040793825796
445213,"Kintzler, Brandon","Pit",112,408,408,231,18.551,177,18.551,0.0392156862745098,0.8848039215686274,0.07598039215686274
605397,"Musgrove, Joe","Pit",134,1120,1120,768,18.552,352,18.552,0.01875,0.8919642857142858,0.08928571428571429
453286,"Scherzer, Max","Pit",120,516,516,320,18.556,196,18.556,0.05813953488372093,0.8682170542635659,0.07364341085271318
547874,"Iwakuma, Hisashi","Pit",136,1116,1116,792,18.556,324,18.556,0.06272401433691756,0.8449820788530465,0.09229390681003584
596057,"Norris, Daniel","Pit",116,488,488,309,18.557,179,18.557,0.09631147540983606,0.8565573770491803,0.0471311475409836
571901,"Loup, Aaron","Pit",121,397,397,200,18.558,197,18.558,0.027707808564231738,0.9193954659949622,0.05289672544080604
502004,"Kontos, George","Pit",137,366,366,181,18.57,185,18.57,0.0546448087431694,0.8497267759562842,0.09562841530054644
448306,"Shields, James","Pit",135,1495,1495,995,18.576,500,18.576,0.15250836120401337,0.7150501672240802,0.13244147157190636
605525,"Wendelken, J.B.","Pit",133,191,191,73,18.578,118,18.578,0.010471204188481676,0.9162303664921466,0.07329842931937172
476589,"Warren, Adam","Pit",147,529,529,296,18.58,233,18.58,0.13043478260869565,0.7353497164461248,0.1342155009451796
502202,"Boxberger, Brad","Pit",158,508,508,297,18.582,211,18.582,0.045275590551181105,0.9291338582677166,0.025590551181102362
571871,"Krol, Ian","Pit",144,385,385,204,18.584,181,18.584,0.14805194805194805,0.7558441558441559,0.09610389610389611
626929,"Thorpe, Lewis","Pit",142,129,129,75,18.584,54,18.584,0.03875968992248062,0.937984496124031,0.023255813953488372
656685,"Martin, Brett","Pit",140,421,421,226,18.585,195,18.585,0.04513064133016627,0.8836104513064132,0.07125890736342043
519008,"McFarland, T.J.","Pit",109,367,367,229,18.585,138,18.585,0.01634877384196185,0.9400544959128065,0.043596730245231606
407845,"Rodney, Fernando","Pit",133,541,541,321,18.585,220,18.585,0.04066543438077634,0.933456561922366,0.025878003696857672
544836,"Romero, Enny","Pit",120,441,441,258,18.585,183,18.585,0.08843537414965986,0.873015873015873,0.03854875283446712
444520,"Breslow, Craig","Pit",111,428,428,247,18.586,181,18.586,0.056074766355140186,0.9112149532710281,0.03271028037383177
501789,"Harris, Will","Pit",117,405,405,283,18.586,122,18.586,0.0691358024691358,0.9037037037037037,0.027160493827160494
572070,"Richards, Garrett","Pit",111,986,986,611,18.587,375,18.587,0.08924949290060852,0.847870182555781,0.06288032454361055
435400,"Motte, Jason","Pit",112,329,329,207,18.587,122,18.587,0.182370820668693,0.7112462006079028,0.10638297872340426
643316,"Fry, Paul","Pit",110,181,181,119,18.589,62,18.589,0.022099447513812154,0.9668508287292817,0.011049723756906077
545333,"Bauer, Trevor","Pit",119,849,849,614,18.595,235,18.595,0.10011778563015312,0.8244994110718492,0.07538280329799764
454537,"Burton, Jared","Pit",142,424,424,285,18.598,139,18.598,0.0330188679245283,0.9080188679245284,0.0589622641509434
607237,"Garrett, Amir","Pit",113,369,369,221,18.599,148,18.599,0.06504065040650407,0.8915989159891599,0.04336043360433604
664299,"Javier, Cristian","Pit",117,1131,1131,834,18.599,297,18.599,0.09372236958443855,0.8470380194518126,0.0592396109637489
453562,"Arrieta, Jake","Pit",112,1066,1066,761,18.601,305,18.601,0.07879924953095685,0.8452157598499062,0.07598499061913697
621052,"Reyes, Alex","Pit",138,164,164,79,18.602,85,18.602,0.012195121951219513,0.926829268292683,0.06097560975609756
664299,"Javier, Cristian","Pit",117,821,821,520,18.604,301,18.604,0.07673568818514007,0.8221680876979294,0.10109622411693057
475479,"Phelps, David","Pit",143,174,174,121,18.605,53,18.605,0.12643678160919541,0.7758620689655172,0.09770114942528736
518875,"Kelley, Shawn","Pit",120,359,359,256,18.606,103,18.606,0.19220055710306408,0.7465181058495822,0.06128133704735376
596057,"Norris, Daniel","Pit",116,224,224,128,18.606,96,18.606,0.08482142857142858,0.8660714285714286,0.049107142857142856
547874,"Iwakuma, Hisashi","Pit",136,841,841,612,18.608,229,18.608,0.12841854934601665,0.7324613555291319,0.13912009512485138
685503,"Arihara, Kohei","Pit",140,361,361,242,18.612,119,18.612,0.060941828254847646,0.8365650969529086,0.10249307479224377
516969,"Herrera, Kelvin","Pit",118,429,429,268,18.613,161,18.613,0.08624708624708624,0.8811188811188811,0.03263403263403263
444468,"Rondón, Héctor","Pit",112,416,416,283,18.615,133,18.615,0.07692307692307693,0.8533653846153846,0.06971153846153846
571901,"Loup, Aaron","Pit",108,424,424,229,18.617,195,18.617,0,0.9504716981132075,0.049528301886792456
572070,"Richards, Garrett","Pit",108,620,620,424,18.618,196,18.618,0.09032258064516129,0.7919354838709678,0.11774193548387096
453172,"Hughes, Jared","Pit",113,478,478,322,18.619,156,18.619,0.09832635983263599,0.8640167364016736,0.03765690376569038
501992,"Karns, Nate","Pit",118,349,349,247,18.619,102,18.619,0.04297994269340974,0.8968481375358166,0.06017191977077364
518633,"Duffy, Danny","Pit",118,971,971,615,18.619,356,18.619,0.053553038105046344,0.9165808444902163,0.029866117404737384
605483,"Snell, Blake","Pit",135,1031,1031,705,18.644,326,18.644,0.06692531522793405,0.8331716779825412,0.09990300678952474
547888,"Tanaka, Masahiro","Pit",147,332,332,236,18.65,96,18.65,0.04216867469879518,0.8554216867469879,0.10240963855421686
425844,"Greinke, Zack","Pit",117,1207,1207,878,18.651,329,18.651,0.07787903893951947,0.8699254349627175,0.05219552609776305
664948,"Misiewicz, Anthony","Pit",136,146,146,95,18.651,51,18.651,0.0410958904109589,0.8493150684931506,0.1095890410958904
543483,"Magill, Matt","Pit",136,386,386,252,18.651,134,18.651,0.054404145077720206,0.8937823834196891,0.05181347150259067
518748,"Grimm, Justin","Pit",112,468,468,319,18.652,149,18.652,0.06196581196581197,0.8931623931623932,0.04487179487179487
571666,"Fiers, Mike","Pit",133,1292,1292,957,18.652,335,18.652,0.06811145510835913,0.8258513931888545,0.10603715170278638
593423,"Montas, Frankie","Pit",147,957,957,629,18.652,328,18.652,0.04493207941483804,0.8234064785788924,0.13166144200626959
493603,"Ottavino, Adam","Pit",115,572,572,314,18.652,258,18.652,0.057692307692307696,0.833916083916084,0.10839160839160839
592826,"Velasquez, Vince","Pit",143,914,914,642,18.652,272,18.652,0.10065645514223195,0.824945295404814,0.07439824945295405
669022,"Gore, MacKenzie","Pit",135,572,572,344,18.652,228,18.652,0.06468531468531469,0.8951048951048951,0.04020979020979021
605388,"Morgan, Adam","Pit",143,379,379,246,18.652,133,18.652,0.07651715039577836,0.8601583113456465,0.0633245382585752
622092,"Zimmer, Kyle","Pit",118,171,171,112,18.653,59,18.653,0.023391812865497075,0.9298245614035088,0.04678362573099415
573109,"Ramos, AJ","Pit",146,610,610,370,18.653,240,18.653,0.06229508196721312,0.8901639344262295,0.047540983606557376
506433,"Darvish, Yu","Pit",135,512,512,375,18.653,137,18.653,0.017578125,0.97265625,0.009765625
693433,"Woo, Bryan","Pit",136,597,597,370,18.654,227,18.654,0.01675041876046901,0.966499162479062,0.01675041876046901
429985,"Gaudin, Chad","Pit",137,737,737,473,18.658,264,18.658,0.07598371777476255,0.8616010854816825,0.06241519674355495
656271,"Burke, Brock","Pit",140,618,618,387,18.661,231,18.661,0.059870550161812294,0.8754045307443366,0.06472491909385113
521230,"Hendriks, Liam","Pit",141,415,415,272,18.666,143,18.666,0.18313253012048192,0.727710843373494,0.0891566265060241
543766,"Shaw, Bryan","Pit",114,613,613,323,18.667,290,18.667,0.06035889070146819,0.8809135399673735,0.05872756933115824
445276,"Jansen, Kenley","Pit",111,327,327,227,18.671,100,18.671,0,0.981651376146789,0.01834862385321101
518516,"Bumgarner, Madison","Pit",137,1619,1619,1073,18.671,546,18.671,0.11056207535515751,0.7974058060531192,0.09203211859172329
656288,"Canning, Griffin","Pit",108,424,424,290,18.676,134,18.676,0.08490566037735849,0.8490566037735849,0.0660377358490566
643327,"Godley, Zack","Pit",109,510,510,324,18.681,186,18.681,0.11176470588235295,0.7607843137254902,0.12745098039215685
502202,"Boxberger, Brad","Pit",139,487,487,320,18.681,167,18.681,0.12525667351129363,0.8049281314168378,0.06981519507186858
518633,"Duffy, Danny","Pit",118,435,435,293,18.683,142,18.683,0.04827586206896552,0.9172413793103448,0.034482758620689655
623184,"Oberg, Scott","Pit",115,469,469,284,18.683,185,18.683,0.13219616204690832,0.7313432835820896,0.13646055437100213
640462,"Puk, A.J.","Pit",133,472,472,282,18.683,190,18.683,0.01059322033898305,0.9576271186440678,0.03177966101694915
591693,"Ramos, Edubray","Pit",143,346,346,206,18.685,140,18.685,0.09248554913294797,0.8236994219653179,0.0838150289017341
664875,"Lawrence, Justin","Pit",115,379,379,186,18.685,193,18.685,0.03430079155672823,0.9287598944591029,0.036939313984168866
521655,"Font, Wilmer","Pit",141,686,686,435,18.685,251,18.685,0.05102040816326531,0.9169096209912536,0.03206997084548105
592473,"Kolarek, Adam","Pit",119,369,369,222,18.685,147,18.685,0.037940379403794036,0.9214092140921409,0.04065040650406504
451596,"Gallardo, Yovani","Pit",136,1091,1091,707,18.685,384,18.685,0.05224564619615032,0.9156736938588451,0.032080659945004586
448281,"Doolittle, Sean","Pit",120,398,398,252,18.685,146,18.685,0.007537688442211055,0.9798994974874372,0.01256281407035176
501992,"Karns, Nate","Pit",136,798,798,513,18.685,285,18.685,0.10526315789473684,0.7744360902255639,0.12030075187969924
593140,"Feliz, Michael","Pit",117,404,404,204,18.685,200,18.685,0.04702970297029703,0.9108910891089109,0.04207920792079208
453329,"Buchholz, Clay","Pit",111,775,775,519,18.686,256,18.686,0.07354838709677419,0.8116129032258065,0.11483870967741935
605218,"Edwards Jr., Carl","Pit",112,503,503,304,18.686,199,18.686,0.06759443339960239,0.8548707753479126,0.0775347912524851
501625,"Alvarez, Jose","Pit",108,342,342,208,18.686,134,18.686,0.04093567251461988,0.9239766081871345,0.03508771929824561
453265,"Watson, Tony","Pit",134,471,471,290,18.69,181,18.69,0.15074309978768577,0.7367303609341825,0.11252653927813164
663855,"Hicks, Jordan","Pit",138,514,514,312,18.691,202,18.691,0.0622568093385214,0.8793774319066148,0.058365758754863814
519008,"McFarland, T.J.","Pit",133,162,162,104,18.692,58,18.692,0.006172839506172839,0.9629629629629629,0.030864197530864196
493247,"Moylan, Peter","Pit",118,326,326,176,18.693,150,18.693,0.06748466257668712,0.8558282208588958,0.07668711656441718
519141,"Pomeranz, Drew","Pit",133,555,555,363,18.698,192,18.698,0.009009009009009009,0.9351351351351351,0.055855855855855854
571946,"Miller, Shelby","Pit",109,783,783,479,18.702,304,18.702,0.12643678160919541,0.7049808429118773,0.1685823754789272
672578,"Hernández, Carlos","Pit",118,462,462,278,18.704,184,18.704,0.049783549783549784,0.9242424242424242,0.025974025974025976
519008,"McFarland, T.J.","Pit",110,378,378,225,18.707,153,18.707,0.05291005291005291,0.9021164021164021,0.04497354497354497
656954,"Sheffield, Justus","Pit",136,684,684,389,18.708,295,18.708,0.03654970760233918,0.8611111111111112,0.1023391812865497
605397,"Musgrove, Joe","Pit",135,1314,1314,925,18.71,389,18.71,0.0121765601217656,0.8964992389649924,0.091324200913242
607229,"Gsellman, Robert","Pit",121,483,483,301,18.718,182,18.718,0.09730848861283643,0.8488612836438924,0.053830227743271224
605538,"Wisler, Matt","Pit",136,391,391,224,18.718,167,18.718,0.06905370843989769,0.8797953964194374,0.05115089514066496
656222,"Beeks, Jalen","Pit",139,435,435,248,18.718,187,18.718,0.02528735632183908,0.9379310344827586,0.0367816091954023
458690,"Volstad, Chris","Pit",145,407,407,221,18.718,186,18.718,0.019656019656019656,0.9508599508599509,0.029484029484029485
532077,"Osuna, Roberto","Pit",117,381,381,276,18.718,105,18.718,0.08661417322834646,0.8582677165354331,0.05511811023622047
476589,"Warren, Adam","Pit",136,481,481,285,18.719,196,18.719,0.02494802494802495,0.9043659043659044,0.07068607068607069
518516,"Bumgarner, Madison","Pit",137,1440,1440,966,18.719,474,18.719,0.04513888888888889,0.8916666666666667,0.06319444444444444
608337,"Giolito, Lucas","Pit",145,1241,1241,850,18.719,391,18.719,0.0346494762288477,0.9202256244963739,0.045124899274778404
592426,"Jackson, Luke","Pit",144,526,526,315,18.719,211,18.719,0.06844106463878327,0.8669201520912547,0.06463878326996197
425492,"Madson, Ryan","Pit",119,335,335,209,18.719,126,18.719,0.06865671641791045,0.8835820895522388,0.04776119402985075
493137,"Matsuzaka, Daisuke","Pit",121,678,678,399,18.721,279,18.721,0.09292035398230089,0.8348082595870207,0.07227138643067847
471911,"Carrasco, Carlos","Pit",121,376,376,227,18.723,149,18.723,0.05053191489361702,0.901595744680851,0.047872340425531915
518927,"Layne, Tommy","Pit",111,388,388,216,18.723,172,18.723,0.15721649484536082,0.6597938144329897,0.18298969072164947
450172,"Volquez, Edinson","Pit",119,1451,1451,892,18.725,559,18.725,0.08683666436940041,0.8063404548587181,0.10682288077188146
444468,"Rondón, Héctor","Pit",112,407,407,222,18.73,185,18.73,0.0687960687960688,0.8697788697788698,0.06142506142506143
474521,"Tolleson, Shawn","Pit",140,536,536,326,18.735,210,18.735,0.05783582089552239,0.8563432835820896,0.08582089552238806
594986,"Ryan, Kyle","Pit",116,364,364,239,18.735,125,18.735,0.15934065934065933,0.7582417582417582,0.08241758241758242
656232,"Bielak, Brandon","Pit",117,370,370,234,18.737,136,18.737,0.05675675675675676,0.9027027027027027,0.04054054054054054
451085,"Matusz, Brian","Pit",110,377,377,232,18.739,145,18.739,0.026525198938992044,0.9363395225464191,0.03713527851458886
681911,"Vesia, Alex","Pit",119,350,350,215,18.74,135,18.74,0.002857142857142857,0.9942857142857143,0.002857142857142857
650893,"Cabrera, Génesis","Pit",141,435,435,252,18.741,183,18.741,0.004597701149425287,0.9816091954022989,0.013793103448275862
547973,"Chapman, Aroldis","Pit",113,491,491,346,18.743,145,18.743,0.09368635437881874,0.8391038696537678,0.06720977596741344
640444,"Crowe, Wil","Pit",134,1004,1004,679,18.743,325,18.743,0.07071713147410359,0.8266932270916335,0.10258964143426295
571666,"Fiers, Mike","Pit",133,428,428,289,18.743,139,18.743,0.04906542056074766,0.8551401869158879,0.09579439252336448
543766,"Shaw, Bryan","Pit",114,479,479,294,18.745,185,18.745,0.12526096033402923,0.7620041753653445,0.1127348643006263
453265,"Watson, Tony","Pit",119,403,403,206,18.752,197,18.752,0.01240694789081886,0.9205955334987593,0.06699751861042183
592102,"Allen, Cody","Pit",114,517,517,328,18.752,189,18.752,0.030947775628626693,0.851063829787234,0.11798839458413926
543135,"Eovaldi, Nathan","Pit",111,305,305,218,18.752,87,18.752,0.06885245901639345,0.8754098360655738,0.05573770491803279
543606,"Odorizzi, Jake","Pit",142,1224,1224,796,18.752,428,18.752,0.06699346405228758,0.8390522875816994,0.09395424836601307
448802,"García, Jaime","Pit",112,637,637,437,18.752,200,18.752,0.04081632653061224,0.9152276295133438,0.04395604395604396
623184,"Oberg, Scott","Pit",115,397,397,254,18.752,143,18.752,0.07304785894206549,0.8614609571788413,0.0654911838790932
543766,"Shaw, Bryan","Pit",115,548,548,352,18.753,196,18.753,0.058394160583941604,0.8886861313868614,0.05291970802919708
502304,"Carpenter, David","Pit",144,447,447,281,18.756,166,18.756,0.035794183445190156,0.9172259507829977,0.04697986577181208
674072,"Henry, Tommy","Pit",109,342,342,246,18.758,96,18.758,0.008771929824561403,0.9707602339181286,0.02046783625730994
444468,"Rondón, Héctor","Pit",109,172,172,102,18.758,70,18.758,0.06976744186046512,0.8662790697674418,0.06395348837209303
607074,"Rodón, Carlos","Pit",145,950,950,634,18.759,316,18.759,0.0863157894736842,0.8463157894736842,0.06736842105263158
592233,"Crichton, Stefan","Pit",109,189,189,107,18.761,82,18.761,0,0.9523809523809523,0.047619047619047616
450172,"Volquez, Edinson","Pit",134,1338,1338,908,18.765,430,18.765,0.11360239162929746,0.7668161434977578,0.11958146487294469
621076,"Kaprielian, James","Pit",133,982,982,660,18.765,322,18.765,0.07026476578411406,0.8615071283095723,0.06822810590631365
656756,"Montgomery, Jordan","Pit",147,1093,1093,769,18.766,324,18.766,0.055809698078682524,0.8545288197621226,0.08966148215919488
656970,"Smeltzer, Devin","Pit",142,129,129,84,18.771,45,18.771,0.015503875968992248,0.937984496124031,0.046511627906976744
452666,"Wilhelmsen, Tom","Pit",136,362,362,226,18.777,136,18.777,0.11602209944751381,0.8011049723756906,0.08287292817679558
592826,"Velasquez, Vince","Pit",143,1025,1025,627,18.78,398,18.78,0.11219512195121951,0.7648780487804878,0.12292682926829268
664074,"Ponce, Cody","Pit",134,134,134,103,18.782,31,18.782,0.08955223880597014,0.8283582089552238,0.08208955223880597
596043,"Mengden, Daniel","Pit",133,802,802,578,18.785,224,18.785,0.04239401496259352,0.8865336658354115,0.07107231920199501
444468,"Rondón, Héctor","Pit",117,432,432,284,18.785,148,18.785,0.0763888888888889,0.8680555555555556,0.05555555555555555
448855,"Guerra, Junior","Pit",158,558,558,378,18.785,180,18.785,0.06810035842293907,0.8405017921146953,0.0913978494623656
595032,"Whitley, Chase","Pit",139,340,340,234,18.785,106,18.785,0.07352941176470588,0.9,0.026470588235294117
656945,"Scott, Tanner","Pit",110,449,449,235,18.785,214,18.785,0.0378619153674833,0.9198218262806236,0.042316258351893093
608349,"Knebel, Corey","Pit",158,635,635,392,18.786,243,18.786,0.03622047244094488,0.8740157480314961,0.08976377952755905
519293,"Smith, Will","Pit",158,506,506,301,18.787,205,18.787,0.045454545454545456,0.8893280632411067,0.06521739130434782
476454,"Betances, Dellin","Pit",147,651,651,399,18.787,252,18.787,0.026113671274961597,0.9278033794162827,0.04608294930875576
453646,"Villanueva, Carlos","Pit",112,533,533,312,18.787,221,18.787,0.075046904315197,0.7936210131332082,0.13133208255159476
663436,"Martin, Davis","Pit",145,442,442,291,18.79,151,18.79,0.058823529411764705,0.9117647058823529,0.029411764705882353
572096,"Rosenthal, Trevor","Pit",135,174,174,114,18.794,60,18.794,0.04597701149425287,0.9310344827586207,0.022988505747126436
641154,"López, Pablo","Pit",146,1286,1286,923,18.794,363,18.794,0.059875583203732506,0.864696734059098,0.07542768273716952
608678,"Leone, Dominic","Pit",136,444,444,266,18.797,178,18.797,0.033783783783783786,0.9301801801801802,0.036036036036036036
433584,"Hernandez, Roberto","Pit",117,644,644,427,18.799,217,18.799,0.17391304347826086,0.6972049689440993,0.12888198757763975
594987,"Sadler, Casey","Pit",136,157,157,89,18.801,68,18.801,0.07006369426751592,0.8853503184713376,0.044585987261146494
547888,"Tanaka, Masahiro","Pit",147,874,874,599,18.805,275,18.805,0.05148741418764302,0.8707093821510298,0.07780320366132723
573009,"Mantiply, Joe","Pit",109,366,366,210,18.811,156,18.811,0,0.9754098360655737,0.02459016393442623
543883,"Vincent, Nick","Pit",136,370,370,236,18.812,134,18.812,0.1,0.7945945945945946,0.10540540540540541
621295,"Wittgren, Nick","Pit",114,467,467,307,18.818,160,18.818,0.055674518201284794,0.8501070663811563,0.09421841541755889
502748,"Peacock, Brad","Pit",117,563,563,388,18.818,175,18.818,0.08170515097690942,0.8685612788632326,0.0497335701598579
594577,"Mayers, Mike","Pit",138,422,422,222,18.818,200,18.818,0.045023696682464455,0.9004739336492891,0.054502369668246446
456696,"Hernandez, David","Pit",109,346,346,243,18.819,103,18.819,0.028901734104046242,0.9017341040462428,0.06936416184971098
543359,"Jennings, Dan","Pit",158,508,508,295,18.819,213,18.819,0.06299212598425197,0.8661417322834646,0.07086614173228346
150359,"Burnett, A.J.","Pit",134,1143,1143,735,18.82,408,18.82,0.14698162729658792,0.715660542432196,0.1373578302712161
502085,"Robertson, David","Pit",147,523,523,338,18.821,185,18.821,0.030592734225621414,0.9120458891013384,0.05736137667304015
664285,"Valdez, Framber","Pit",117,501,501,357,18.822,144,18.822,0.09580838323353294,0.8502994011976048,0.05389221556886228
459429,"McGee, Jake","Pit",139,484,484,289,18.825,195,18.825,0.05991735537190083,0.8471074380165289,0.09297520661157024
218596,"Hudson, Tim","Pit",137,846,846,569,18.828,277,18.828,0.10756501182033097,0.7884160756501182,0.10401891252955082
489295,"Schlitter, Brian","Pit",112,402,402,208,18.83,194,18.83,0.04228855721393035,0.9054726368159204,0.05223880597014925
571521,"Brothers, Rex","Pit",115,480,480,283,18.83,197,18.83,0.05416666666666667,0.89375,0.052083333333333336
593576,"Neris, Héctor","Pit",143,176,176,99,18.831,77,18.831,0.14772727272727273,0.8068181818181818,0.045454545454545456
150359,"Burnett, A.J.","Pit",143,1672,1672,1039,18.832,633,18.832,0.053229665071770335,0.8827751196172249,0.06399521531100479
475243,"Wood, Travis","Pit",112,427,427,254,18.832,173,18.832,0.12412177985948478,0.775175644028103,0.10070257611241218
592222,"Claudio, Alex","Pit",158,159,159,94,18.833,65,18.833,0.018867924528301886,0.949685534591195,0.031446540880503145
593958,"Rodriguez, Eduardo","Pit",111,840,840,562,18.836,278,18.836,0.11785714285714285,0.7761904761904762,0.10595238095238095
607391,"Mazza, Chris","Pit",111,237,237,133,18.839,104,18.839,0.02531645569620253,0.9409282700421941,0.03375527426160337
605397,"Musgrove, Joe","Pit",134,309,309,210,18.845,99,18.845,0.009708737864077669,0.8478964401294499,0.1423948220064725
518516,"Bumgarner, Madison","Pit",109,1056,1056,714,18.847,342,18.847,0.06060606060606061,0.8996212121212122,0.03977272727272727
448281,"Doolittle, Sean","Pit",136,348,348,189,18.847,159,18.847,0.017241379310344827,0.9367816091954023,0.04597701149425287
458677,"Wilson, Justin","Pit",134,408,408,232,18.85,176,18.85,0.056372549019607844,0.8897058823529411,0.05392156862745098
641838,"McCarthy, Kevin","Pit",118,365,365,189,18.852,176,18.852,0.0273972602739726,0.936986301369863,0.03561643835616438
493247,"Moylan, Peter","Pit",118,444,444,231,18.852,213,18.852,0.02927927927927928,0.918918918918919,0.0518018018018018
453265,"Watson, Tony","Pit",137,416,416,267,18.852,149,18.852,0.028846153846153848,0.9206730769230769,0.05048076923076923
477569,"Salas, Fernando","Pit",108,418,418,210,18.852,208,18.852,0.009569377990430622,0.916267942583732,0.07416267942583732
592662,"Ray, Robbie","Pit",109,1053,1053,681,18.852,372,18.852,0.06172839506172839,0.8309591642924976,0.10731244064577398
501625,"Alvarez, Jose","Pit",143,415,415,226,18.852,189,18.852,0.033734939759036145,0.9325301204819277,0.033734939759036145
596071,"Peters, Dillon","Pit",108,578,578,372,18.852,206,18.852,0.02422145328719723,0.9290657439446367,0.04671280276816609
542960,"Brach, Brad","Pit",110,513,513,360,18.853,153,18.853,0.03508771929824561,0.9239766081871345,0.04093567251461988
605309,"Kela, Keone","Pit",134,411,411,286,18.853,125,18.853,0.058394160583941604,0.9002433090024331,0.0413625304136253
459429,"McGee, Jake","Pit",115,407,407,262,18.853,145,18.853,0.02457002457002457,0.8894348894348895,0.085995085995086
606160,"Montero, Rafael","Pit",117,378,378,198,18.856,180,18.856,0.0582010582010582,0.8333333333333334,0.10846560846560846
425844,"Greinke, Zack","Pit",119,1448,1448,989,18.861,459,18.861,0.07320441988950276,0.8556629834254144,0.07113259668508287
544993,"Geltz, Steve","Pit",139,504,504,342,18.865,162,18.865,0.15674603174603174,0.7281746031746031,0.11507936507936507
477229,"Walden, Jordan","Pit",144,366,366,245,18.87,121,18.87,0.02185792349726776,0.953551912568306,0.02459016393442623
453172,"Hughes, Jared","Pit",134,389,389,188,18.879,201,18.879,0.12596401028277635,0.7223650385604113,0.15167095115681234
543272,"Hand, Brad","Pit",146,718,718,444,18.88,274,18.88,0.14623955431754876,0.713091922005571,0.14066852367688024
643256,"Cimber, Adam","Pit",141,451,451,250,18.881,201,18.881,0.008869179600886918,0.9512195121951219,0.03991130820399113
642585,"Bautista, Félix","Pit",110,395,395,230,18.881,165,18.881,0.005063291139240506,0.9772151898734177,0.017721518987341773
573204,"Thielbar, Caleb","Pit",142,465,465,278,18.884,187,18.884,0.010752688172043012,0.9440860215053763,0.04516129032258064
570666,"Cessa, Luis","Pit",113,571,571,382,18.884,189,18.884,0.05253940455341506,0.8984238178633975,0.04903677758318739
501625,"Alvarez, Jose","Pit",108,449,449,277,18.886,172,18.886,0.024498886414253896,0.9398663697104677,0.035634743875278395
643316,"Fry, Paul","Pit",110,439,439,221,18.887,218,18.887,0.02050113895216401,0.9339407744874715,0.04555808656036447
474521,"Tolleson, Shawn","Pit",140,540,540,335,18.888,205,18.888,0.12407407407407407,0.7166666666666667,0.15925925925925927
621368,"Hearn, Taylor","Pit",140,798,798,516,18.893,282,18.893,0.07518796992481203,0.8508771929824561,0.07393483709273183
452718,"Kendrick, Kyle","Pit",143,1419,1419,906,18.896,513,18.896,0.06906272022551092,0.8668076109936576,0.06412966878083157
458919,"Mattheus, Ryan","Pit",113,407,407,253,18.9,154,18.9,0.1375921375921376,0.7641277641277642,0.09828009828009827
605400,"Nola, Aaron","Pit",143,1383,1383,923,18.905,460,18.905,0.010845986984815618,0.9768618944323934,0.012292118582791034
285064,"Vogelsong, Ryan","Pit",137,1495,1495,934,18.908,561,18.908,0.048160535117056855,0.862876254180602,0.08896321070234113
457711,"O'Sullivan, Sean","Pit",143,538,538,342,18.913,196,18.913,0.08550185873605948,0.7565055762081785,0.1579925650557621
592858,"Wick, Rowan","Pit",112,132,132,74,18.914,58,18.914,0.09090909090909091,0.8181818181818182,0.09090909090909091
643338,"Green, Chad","Pit",147,169,169,106,18.916,63,18.916,0.023668639053254437,0.9349112426035503,0.04142011834319527
429781,"Correia, Kevin","Pit",119,1218,1218,750,18.916,468,18.916,0.047619047619047616,0.8825944170771757,0.06978653530377668
445213,"Kintzler, Brandon","Pit",146,164,164,89,18.918,75,18.918,0.018292682926829267,0.9146341463414634,0.06707317073170732
543243,"Gray, Sonny","Pit",133,1408,1408,979,18.918,429,18.918,0.12428977272727272,0.7563920454545454,0.11931818181818182
573124,"Rogers, Taylor","Pit",142,426,426,237,18.919,189,18.919,0.03990610328638498,0.9248826291079812,0.035211267605633804
533167,"Shoemaker, Matt","Pit",108,542,542,400,18.919,142,18.919,0.05350553505535055,0.8044280442804428,0.14206642066420663
543935,"Wilson, Alex","Pit",116,426,426,278,18.919,148,18.919,0.07981220657276995,0.892018779342723,0.028169014084507043
592332,"Gausman, Kevin","Pit",113,649,649,420,18.919,229,18.919,0.009244992295839754,0.9614791987673343,0.029275808936825885
453265,"Watson, Tony","Pit",137,348,348,215,18.919,133,18.919,0.017241379310344827,0.9367816091954023,0.04597701149425287
429719,"Jackson, Edwin","Pit",120,596,596,402,18.919,194,18.919,0.087248322147651,0.837248322147651,0.07550335570469799
579328,"Kikuchi, Yusei","Pit",136,361,361,247,18.919,114,18.919,0.07479224376731301,0.8642659279778393,0.060941828254847646
488846,"Duensing, Brian","Pit",112,327,327,181,18.919,146,18.919,0.0581039755351682,0.8929663608562691,0.04892966360856269
543118,"Drake, Oliver","Pit",158,475,475,272,18.919,203,18.919,0.08842105263157894,0.8463157894736842,0.06526315789473684
548389,"Stripling, Ross","Pit",119,678,678,482,18.919,196,18.919,0.0943952802359882,0.8687315634218289,0.03687315634218289
605452,"Ross, Joe","Pit",120,527,527,339,18.919,188,18.919,0.05313092979127135,0.8652751423149905,0.08159392789373814
444857,"Feldman, Scott","Pit",141,650,650,414,18.92,236,18.92,0.1646153846153846,0.7523076923076923,0.08307692307692308
607074,"Rodón, Carlos","Pit",137,1298,1298,905,18.922,393,18.922,0.07473035439137134,0.8667180277349769,0.05855161787365177
456034,"Price, David","Pit",139,1242,1242,826,18.924,416,18.924,0.10225442834138486,0.7681159420289855,0.12962962962962962
593423,"Montas, Frankie","Pit",133,1280,1280,873,18.926,407,18.926,0.040625,0.865625,0.09375
605135,"Bassitt, Chris","Pit",133,454,454,320,18.93,134,18.93,0.0881057268722467,0.8348017621145375,0.07709251101321586
592102,"Allen, Cody","Pit",114,519,519,278,18.937,241,18.937,0.03468208092485549,0.8921001926782274,0.07321772639691715
429722,"Santana, Ervin","Pit",118,452,452,283,18.938,169,18.938,0.084070796460177,0.8539823008849557,0.061946902654867256
656186,"Altavilla, Dan","Pit",135,174,174,101,18.939,73,18.939,0,0.9712643678160919,0.028735632183908046
460008,"Varvaro, Anthony","Pit",144,485,485,277,18.939,208,18.939,0.05567010309278351,0.8989690721649485,0.04536082474226804
471911,"Carrasco, Carlos","Pit",114,477,477,336,18.942,141,18.942,0.04821802935010482,0.8888888888888888,0.06289308176100629
541640,"Ramírez, Erasmo","Pit",139,559,559,387,18.945,172,18.945,0.13416815742397137,0.776386404293381,0.08944543828264759
501625,"Alvarez, Jose","Pit",108,452,452,279,18.946,173,18.946,0.13716814159292035,0.7721238938053098,0.09070796460176991
502042,"Archer, Chris","Pit",139,1506,1506,939,18.951,567,18.951,0.06241699867197875,0.8605577689243028,0.07702523240371846
628317,"Maeda, Kenta","Pit",119,847,847,558,18.952,289,18.952,0.06375442739079103,0.8181818181818182,0.1180637544273908
596043,"Mengden, Daniel","Pit",133,511,511,321,18.952,190,18.952,0.04500978473581213,0.8962818003913894,0.05870841487279843
593833,"Suero, Wander","Pit",120,517,517,341,18.953,176,18.953,0.017408123791102514,0.9574468085106383,0.025145067698259187
502188,"Samardzija, Jeff","Pit",137,1390,1390,966,18.953,424,18.953,0.04316546762589928,0.9215827338129496,0.03525179856115108
460059,"Pelfrey, Mike","Pit",116,994,994,605,18.962,389,18.962,0.1227364185110664,0.7002012072434608,0.17706237424547283
459987,"Ramos, Cesár","Pit",140,360,360,204,18.963,156,18.963,0.1638888888888889,0.7416666666666667,0.09444444444444444
548384,"Raley, Brooks","Pit",117,399,399,234,18.966,165,18.966,0.05263157894736842,0.8721804511278195,0.07518796992481203
641712,"Hudson, Dakota","Pit",138,265,265,180,18.97,85,18.97,0.04905660377358491,0.8754716981132076,0.07547169811320754
452666,"Wilhelmsen, Tom","Pit",136,409,409,246,18.976,163,18.976,0.03667481662591687,0.9315403422982885,0.03178484107579462
656302,"Cease, Dylan","Pit",145,1314,1314,878,18.978,436,18.978,0.0639269406392694,0.8812785388127854,0.0547945205479452
407853,"Bedard, Erik","Pit",117,1278,1278,730,18.979,548,18.979,0.08685446009389672,0.7965571205007824,0.11658841940532082
669395,"Coleman, Dylan","Pit",118,560,560,301,18.98,259,18.98,0.025,0.9285714285714286,0.04642857142857143
607237,"Garrett, Amir","Pit",113,145,145,108,18.981,37,18.981,0.006896551724137931,0.9517241379310345,0.041379310344827586
502188,"Samardzija, Jeff","Pit",133,1491,1491,1048,18.982,443,18.982,0.03085177733065057,0.9382964453386988,0.03085177733065057
628711,"Urías, Julio","Pit",119,565,565,392,18.985,173,18.985,0.061946902654867256,0.8601769911504424,0.07787610619469026
502381,"Gregerson, Luke","Pit",117,424,424,279,18.986,145,18.986,0.04009433962264151,0.8490566037735849,0.11084905660377359
279571,"Belisle, Matt","Pit",142,404,404,272,18.986,132,18.986,0.06435643564356436,0.8762376237623762,0.0594059405940594
502188,"Samardzija, Jeff","Pit",145,1443,1443,990,18.987,453,18.987,0.11157311157311157,0.8004158004158004,0.088011088011088
504379,"Nicasio, Juan","Pit",119,480,480,275,18.992,205,18.992,0.17083333333333334,0.6,0.22916666666666666
491646,"Gómez, Jeanmar","Pit",134,406,406,256,18.992,150,18.992,0.06157635467980296,0.9064039408866995,0.03201970443349754
676684,"Vest, Will","Pit",116,461,461,245,18.997,216,18.997,0.008676789587852495,0.9566160520607375,0.03470715835140998
430661,"McGowan, Dustin","Pit",141,615,615,371,19.001,244,19.001,0.06829268292682927,0.8813008130081301,0.05040650406504065
460024,"Hochevar, Luke","Pit",118,450,450,319,19.005,131,19.005,0.042222222222222223,0.8933333333333333,0.06444444444444444
595001,"Smith, Josh A.","Pit",146,173,173,91,19.012,82,19.012,0.057803468208092484,0.861271676300578,0.08092485549132948
605182,"Clevinger, Mike","Pit",135,840,840,588,19.012,252,19.012,0.025,0.9011904761904762,0.07380952380952381
467008,"Strop, Pedro","Pit",112,428,428,268,19.015,160,19.015,0.056074766355140186,0.8901869158878505,0.053738317757009345
547973,"Chapman, Aroldis","Pit",113,412,412,290,19.016,122,19.016,0.12864077669902912,0.808252427184466,0.06310679611650485
527054,"Teheran, Julio","Pit",144,1360,1360,953,19.017,407,19.017,0.15441176470588236,0.7044117647058824,0.1411764705882353
518633,"Duffy, Danny","Pit",118,1086,1086,749,19.017,337,19.017,0.06813996316758748,0.8766114180478821,0.055248618784530384
605483,"Snell, Blake","Pit",135,1025,1025,699,19.018,326,19.018,0.08878048780487804,0.8039024390243903,0.1073170731707317
543766,"Shaw, Bryan","Pit",114,549,549,299,19.018,250,19.018,0.061930783242258654,0.8397085610200364,0.09836065573770492
489265,"Romo, Sergio","Pit",139,528,528,341,19.019,187,19.019,0.03409090909090909,0.9015151515151515,0.06439393939393939
458677,"Wilson, Justin","Pit",112,429,429,227,19.019,202,19.019,0.037296037296037296,0.8508158508158508,0.11188811188811189
547888,"Tanaka, Masahiro","Pit",147,1189,1189,856,19.019,333,19.019,0.06223717409587889,0.8494533221194281,0.08830950378469302
519008,"McFarland, T.J.","Pit",109,508,508,332,19.019,176,19.019,0.027559055118110236,0.9330708661417323,0.03937007874015748
502085,"Robertson, David","Pit",147,444,444,316,19.019,128,19.019,0.06306306306306306,0.8806306306306306,0.05630630630630631
502171,"Cobb, Alex","Pit",139,1180,1180,795,19.022,385,19.022,0.11016949152542373,0.823728813559322,0.06610169491525424
642203,"Widener, Taylor","Pit",109,557,557,330,19.03,227,19.03,0.01436265709156194,0.8545780969479354,0.1310592459605027
501957,"Tillman, Chris","Pit",110,1404,1404,905,19.032,499,19.032,0.07478632478632478,0.8269230769230769,0.09829059829059829
542960,"Brach, Brad","Pit",110,553,553,367,19.032,186,19.032,0.12296564195298372,0.8083182640144665,0.06871609403254973
669424,"Lambert, Jimmy","Pit",145,344,344,207,19.042,137,19.042,0.05232558139534884,0.8982558139534884,0.04941860465116279
518858,"Jones, Nate","Pit",145,429,429,246,19.046,183,19.046,0.1351981351981352,0.7738927738927739,0.09090909090909091
552640,"Kittredge, Andrew","Pit",139,380,380,233,19.047,147,19.047,0.02894736842105263,0.9131578947368421,0.05789473684210526
521230,"Hendriks, Liam","Pit",133,482,482,267,19.052,215,19.052,0.03112033195020747,0.8921161825726142,0.07676348547717843
488748,"Buchter, Ryan","Pit",133,359,359,206,19.053,153,19.053,0.03064066852367688,0.7966573816155988,0.17270194986072424
608349,"Knebel, Corey","Pit",143,365,365,201,19.056,164,19.056,0.0273972602739726,0.9123287671232877,0.06027397260273973
593833,"Suero, Wander","Pit",120,145,145,61,19.065,84,19.065,0.006896551724137931,0.9862068965517241,0.006896551724137931
518603,"De Fratus, Justin","Pit",143,638,638,370,19.068,268,19.068,0.09090909090909091,0.799373040752351,0.109717868338558
461791,"Marmol, Carlos","Pit",119,439,439,258,19.07,181,19.07,0.01366742596810934,0.9362186788154897,0.05011389521640091
543606,"Odorizzi, Jake","Pit",117,823,823,547,19.082,276,19.082,0.04374240583232078,0.8626974483596598,0.09356014580801944
456701,"Bailey, Homer","Pit",113,762,762,494,19.085,268,19.085,0.06299212598425197,0.8779527559055118,0.05905511811023622
584171,"Velázquez, Hector","Pit",111,600,600,368,19.085,232,19.085,0.03833333333333333,0.92,0.041666666666666664
502042,"Archer, Chris","Pit",139,1533,1533,969,19.085,564,19.085,0.0547945205479452,0.8897586431833007,0.055446836268754074
612434,"Castro, Miguel","Pit",110,571,571,296,19.085,275,19.085,0.02626970227670753,0.9246935201401051,0.04903677758318739
642231,"Yacabonis, Jimmy","Pit",110,327,327,202,19.086,125,19.086,0.01529051987767584,0.963302752293578,0.021406727828746176
430661,"McGowan, Dustin","Pit",146,490,490,308,19.086,182,19.086,0.06938775510204082,0.8816326530612245,0.04897959183673469
500779,"Quintana, Jose","Pit",112,1293,1293,836,19.086,457,19.086,0.07424593967517401,0.8592420726991493,0.06651198762567673
446099,"Axford, John","Pit",138,556,556,315,19.086,241,19.086,0.06294964028776978,0.8219424460431655,0.11510791366906475
607374,"Tropeano, Nick","Pit",108,567,567,424,19.086,143,19.086,0.07583774250440917,0.8765432098765432,0.047619047619047616
446488,"Rice, Scott","Pit",121,327,327,198,19.09,129,19.09,0.045871559633027525,0.8990825688073395,0.05504587155963303
621129,"Cody, Kyle","Pit",140,174,174,114,19.093,60,19.093,0.05172413793103448,0.9022988505747126,0.04597701149425287
592826,"Velasquez, Vince","Pit",143,277,277,156,19.095,121,19.095,0.032490974729241874,0.8880866425992779,0.07942238267148015
429719,"Jackson, Edwin","Pit",144,373,373,249,19.095,124,19.095,0.16085790884718498,0.7131367292225201,0.1260053619302949
592662,"Ray, Robbie","Pit",141,1285,1285,949,19.097,336,19.097,0.08793774319066149,0.8443579766536965,0.06770428015564202
593576,"Neris, Héctor","Pit",143,513,513,310,19.104,203,19.104,0.06627680311890838,0.8460038986354775,0.08771929824561403
534812,"Quackenbush, Kevin","Pit",135,482,482,333,19.108,149,19.108,0.11825726141078838,0.8112033195020747,0.07053941908713693
608328,"De Jong, Chase","Pit",134,352,352,218,19.109,134,19.109,0.07102272727272728,0.8522727272727273,0.07670454545454546
608337,"Giolito, Lucas","Pit",145,1270,1270,926,19.111,344,19.111,0.05511811023622047,0.9125984251968504,0.03228346456692913
456068,"González, Miguel","Pit",110,1084,1084,716,19.112,368,19.112,0.11715867158671586,0.761070110701107,0.12177121771217712
446399,"Cecil, Brett","Pit",141,396,396,176,19.113,220,19.113,0.047979797979797977,0.8661616161616161,0.08585858585858586
570663,"Robles, Hansel","Pit",121,397,397,245,19.113,152,19.113,0.11335012594458438,0.7380352644836272,0.1486146095717884
430599,"Blanton, Joe","Pit",119,558,558,379,19.115,179,19.115,0.13261648745519714,0.7401433691756273,0.12724014336917563
642397,"Soto, Gregory","Pit",116,491,491,273,19.118,218,19.118,0.038696537678207736,0.879837067209776,0.0814663951120163
605538,"Wisler, Matt","Pit",139,397,397,280,19.118,117,19.118,0.08816120906801007,0.853904282115869,0.05793450881612091
502171,"Cobb, Alex","Pit",139,1373,1373,971,19.119,402,19.119,0.05753823743627094,0.8659868900218499,0.0764748725418791
608349,"Knebel, Corey","Pit",158,457,457,300,19.119,157,19.119,0.0437636761487965,0.87527352297593,0.08096280087527352
593144,"Rodríguez, Richard","Pit",134,522,522,298,19.119,224,19.119,0.08620689655172414,0.8295019157088123,0.0842911877394636
592662,"Ray, Robbie","Pit",141,484,484,319,19.119,165,19.119,0.07024793388429752,0.8367768595041323,0.09297520661157024
628317,"Maeda, Kenta","Pit",119,1084,1084,751,19.119,333,19.119,0.04059040590405904,0.8634686346863468,0.0959409594095941
650828,"Santana, Edgar","Pit",134,411,411,245,19.119,166,19.119,0.0413625304136253,0.8710462287104623,0.08759124087591241
471911,"Carrasco, Carlos","Pit",114,1391,1391,961,19.119,430,19.119,0.023005032350826744,0.918763479511143,0.058231488138030196
673633,"Hirano, Yoshihisa","Pit",109,393,393,223,19.119,170,19.119,0.03307888040712468,0.8524173027989822,0.11450381679389313
621368,"Hearn, Taylor","Pit",140,806,806,481,19.125,325,19.125,0.038461538461538464,0.9181141439205955,0.043424317617866005
488984,"Hunter, Tommy","Pit",143,197,197,105,19.126,92,19.126,0.08629441624365482,0.8629441624365483,0.050761421319796954
476451,"Hellickson, Jeremy","Pit",139,1356,1356,901,19.13,455,19.13,0.030973451327433628,0.8650442477876106,0.10398230088495575
534812,"Quackenbush, Kevin","Pit",135,459,459,300,19.13,159,19.13,0.15904139433551198,0.7647058823529411,0.07625272331154684
407822,"De La Rosa, Jorge","Pit",115,1263,1263,813,19.137,450,19.137,0.06730007917656373,0.8408551068883611,0.09184481393507522
642397,"Soto, Gregory","Pit",116,513,513,272,19.137,241,19.137,0.04678362573099415,0.8089668615984406,0.1442495126705653
453172,"Hughes, Jared","Pit",121,188,188,104,19.144,84,19.144,0.05851063829787234,0.8351063829787234,0.10638297872340426
474029,"Putnam, Zach","Pit",145,380,380,230,19.145,150,19.145,0.039473684210526314,0.9078947368421053,0.05263157894736842
628708,"Marte, Yunior","Pit",137,379,379,215,19.145,164,19.145,0.018469656992084433,0.9340369393139841,0.047493403693931395
663776,"Sandoval, Patrick","Pit",108,1100,1100,645,19.145,455,19.145,0.046363636363636364,0.860909090909091,0.09272727272727273
425844,"Greinke, Zack","Pit",119,1486,1486,1090,19.146,396,19.146,0.14535666218034993,0.7489905787348586,0.10565275908479138
518633,"Duffy, Danny","Pit",118,983,983,658,19.152,325,19.152,0.019328585961342827,0.9450661241098678,0.03560528992878942
521655,"Font, Wilmer","Pit",139,392,392,263,19.152,129,19.152,0.05612244897959184,0.9030612244897959,0.04081632653061224
488786,"Coleman, Louis","Pit",116,404,404,201,19.152,203,19.152,0.017326732673267328,0.9034653465346535,0.07920792079207921
592826,"Velasquez, Vince","Pit",143,1104,1104,713,19.153,391,19.153,0.0806159420289855,0.792572463768116,0.12681159420289856
407853,"Bedard, Erik","Pit",139,706,706,412,19.155,294,19.155,0.053824362606232294,0.8371104815864022,0.10906515580736544
543606,"Odorizzi, Jake","Pit",144,794,794,548,19.158,246,19.158,0.060453400503778336,0.8614609571788413,0.07808564231738035
518516,"Bumgarner, Madison","Pit",109,304,304,204,19.159,100,19.159,0.01644736842105263,0.9407894736842105,0.04276315789473684
519076,"Nelson, Jimmy","Pit",158,1374,1374,842,19.159,532,19.159,0.10698689956331878,0.7605531295487628,0.1324599708879185
621381,"Strahm, Matt","Pit",135,136,136,81,19.16,55,19.16,0.022058823529411766,0.9338235294117647,0.04411764705882353
475054,"Roe, Chaz","Pit",110,348,348,199,19.162,149,19.162,0.11781609195402298,0.7816091954022989,0.10057471264367816
641394,"Brentz, Jake","Pit",118,505,505,281,19.167,224,19.167,0.031683168316831684,0.9148514851485149,0.053465346534653464
453343,"Melancon, Mark","Pit",134,394,394,276,19.168,118,19.168,0.02284263959390863,0.868020304568528,0.10913705583756345
592869,"Wilson, Tyler","Pit",110,679,679,433,19.173,246,19.173,0.13107511045655376,0.748159057437408,0.12076583210603829
592789,"Syndergaard, Noah","Pit",143,876,876,561,19.173,315,19.173,0.007990867579908675,0.958904109589041,0.033105022831050226
605135,"Bassitt, Chris","Pit",133,1102,1102,715,19.174,387,19.174,0.09618874773139746,0.7876588021778584,0.1161524500907441
456713,"Bush, Matt","Pit",158,417,417,290,19.177,127,19.177,0.03357314148681055,0.935251798561151,0.03117505995203837
642152,"Trivino, Lou","Pit",133,159,159,109,19.184,50,19.184,0,0.9811320754716981,0.018867924528301886
542882,"Andriese, Matt","Pit",109,568,568,381,19.186,187,19.186,0.06866197183098592,0.8169014084507042,0.11443661971830986
605400,"Nola, Aaron","Pit",143,1456,1456,1061,19.186,395,19.186,0.046703296703296704,0.8756868131868132,0.07760989010989011
571871,"Krol, Ian","Pit",144,377,377,249,19.186,128,19.186,0.03713527851458886,0.9257294429708223,0.03713527851458886
444436,"Webb, Ryan","Pit",146,555,555,311,19.189,244,19.189,0.036036036036036036,0.8900900900900901,0.07387387387387387
493603,"Ottavino, Adam","Pit",115,485,485,275,19.189,210,19.189,0.07628865979381444,0.8391752577319588,0.08453608247422681
621295,"Wittgren, Nick","Pit",114,175,175,124,19.192,51,19.192,0.022857142857142857,0.8857142857142857,0.09142857142857143
518560,"Clemens, Paul","Pit",117,501,501,324,19.196,177,19.196,0.08782435129740519,0.7744510978043913,0.1377245508982036
605218,"Edwards Jr., Carl","Pit",120,451,451,241,19.196,210,19.196,0.019955654101995565,0.8758314855875832,0.10421286031042129
459429,"McGee, Jake","Pit",119,127,127,85,19.198,42,19.198,0,0.905511811023622,0.09448818897637795
605488,"Springs, Jeffrey","Pit",111,174,174,88,19.199,86,19.199,0.05747126436781609,0.8735632183908046,0.06896551724137931
502085,"Robertson, David","Pit",145,481,481,296,19.2,185,19.2,0.11226611226611227,0.7671517671517671,0.12058212058212059
594795,"Dayton, Grant","Pit",144,228,228,128,19.2,100,19.2,0.03070175438596491,0.9517543859649122,0.017543859649122806
444520,"Breslow, Craig","Pit",111,450,450,267,19.205,183,19.205,0.12444444444444444,0.7822222222222223,0.09333333333333334
433589,"Petit, Yusmeiro","Pit",120,418,418,261,19.208,157,19.208,0.12200956937799043,0.7918660287081339,0.0861244019138756
572140,"Skaggs, Tyler","Pit",108,753,753,518,19.21,235,19.21,0.0451527224435591,0.8618857901726428,0.09296148738379814
472551,"Abad, Fernando","Pit",111,400,400,220,19.217,180,19.217,0.115,0.76,0.125
607352,"Biagini, Joe","Pit",117,504,504,355,19.219,149,19.219,0.021825396825396824,0.9146825396825397,0.06349206349206349
501957,"Tillman, Chris","Pit",110,805,805,464,19.219,341,19.219,0.02732919254658385,0.8906832298136645,0.08198757763975155
606625,"Moronta, Reyes","Pit",137,486,486,248,19.22,238,19.22,0.043209876543209874,0.897119341563786,0.059670781893004114
465657,"Soria, Joakim","Pit",134,494,494,315,19.226,179,19.226,0.14979757085020243,0.694331983805668,0.15587044534412955
642152,"Trivino, Lou","Pit",147,434,434,216,19.227,218,19.227,0,0.9447004608294931,0.055299539170506916
451085,"Matusz, Brian","Pit",110,407,407,231,19.243,176,19.243,0.0343980343980344,0.9164619164619164,0.04914004914004914
502009,"Latos, Mat","Pit",108,767,767,537,19.246,230,19.246,0.13298565840938723,0.7392438070404173,0.12777053455019557
669467,"Pallante, Andre","Pit",138,828,828,505,19.249,323,19.249,0.01932367149758454,0.9166666666666666,0.0640096618357488
544931,"Strasburg, Stephen","Pit",120,988,988,641,19.252,347,19.252,0.020242914979757085,0.9190283400809717,0.06072874493927125
608337,"Giolito, Lucas","Pit",145,1426,1426,927,19.252,499,19.252,0.01753155680224404,0.9375876577840112,0.04488078541374474
607237,"Garrett, Amir","Pit",113,419,419,279,19.252,140,19.252,0.00954653937947494,0.9498806682577565,0.0405727923627685
285064,"Vogelsong, Ryan","Pit",137,879,879,548,19.252,331,19.252,0.03526734926052332,0.8953356086461889,0.06939704209328783
452666,"Wilhelmsen, Tom","Pit",136,483,483,281,19.254,202,19.254,0.10766045548654245,0.7763975155279503,0.11594202898550725
573109,"Ramos, AJ","Pit",146,454,454,257,19.258,197,19.258,0.030837004405286344,0.9118942731277533,0.05726872246696035
673513,"Matsui, Yuki","Pit",135,418,418,275,19.261,143,19.261,0.009569377990430622,0.9784688995215312,0.011961722488038277
642130,"Taylor, Blake","Pit",117,157,157,67,19.263,90,19.263,0,0.9363057324840764,0.06369426751592357
501955,"Chamberlain, Joba","Pit",116,473,473,301,19.265,172,19.265,0.03805496828752643,0.8752642706131079,0.08668076109936575
607192,"Glasnow, Tyler","Pit",139,581,581,457,19.272,124,19.272,0.09982788296041308,0.8571428571428571,0.043029259896729774
573109,"Ramos, AJ","Pit",146,492,492,286,19.273,206,19.273,0.15040650406504066,0.7195121951219512,0.13008130081300814
595928,"Curtiss, John","Pit",139,149,149,101,19.278,48,19.278,0.020134228187919462,0.9194630872483222,0.06040268456375839
519076,"Nelson, Jimmy","Pit",158,1225,1225,823,19.28,402,19.28,0.11428571428571428,0.7453061224489796,0.1404081632653061
490063,"Garza, Matt","Pit",140,1073,1073,726,19.284,347,19.284,0.048462255358807084,0.8928238583410997,0.05871388630009319
491703,"Feliz, Neftalí","Pit",118,378,378,252,19.286,126,19.286,0.07407407407407407,0.8333333333333334,0.09259259259259259
488748,"Buchter, Ryan","Pit",118,481,481,327,19.286,154,19.286,0.04573804573804574,0.9002079002079002,0.05405405405405406
516969,"Herrera, Kelvin","Pit",118,421,421,271,19.286,150,19.286,0.023752969121140142,0.9216152019002375,0.05463182897862233
544931,"Strasburg, Stephen","Pit",120,1212,1212,812,19.286,400,19.286,0.03135313531353135,0.9207920792079208,0.04785478547854786
476451,"Hellickson, Jeremy","Pit",110,1182,1182,841,19.286,341,19.286,0.03807106598984772,0.8781725888324873,0.08375634517766498
527055,"Vizcaíno, Arodys","Pit",144,364,364,235,19.286,129,19.286,0.03571428571428571,0.8763736263736264,0.08791208791208792
476451,"Hellickson, Jeremy","Pit",143,1310,1310,880,19.298,430,19.298,0.09618320610687023,0.7687022900763358,0.13511450381679388
451085,"Matusz, Brian","Pit",110,369,369,205,19.299,164,19.299,0.10298102981029811,0.8184281842818428,0.07859078590785908
490063,"Garza, Matt","Pit",158,1108,1108,743,19.311,365,19.311,0.06678700361010831,0.8637184115523465,0.06949458483754513
488846,"Duensing, Brian","Pit",142,427,427,249,19.311,178,19.311,0.04918032786885246,0.8688524590163934,0.08196721311475409
608335,"Funkhouser, Kyle","Pit",116,546,546,307,19.315,239,19.315,0.02564102564102564,0.9065934065934066,0.06776556776556776
605195,"Crick, Kyle","Pit",134,435,435,273,19.319,162,19.319,0.02528735632183908,0.9011494252873563,0.0735632183908046
547943,"Ryu, Hyun Jin","Pit",119,1024,1024,685,19.319,339,19.319,0.0126953125,0.94140625,0.0458984375
518397,"Alexander, Scott","Pit",119,441,441,285,19.319,156,19.319,0.02040816326530612,0.9546485260770975,0.024943310657596373
518693,"Freeman, Sam","Pit",144,435,435,294,19.32,141,19.32,0.022988505747126436,0.9402298850574713,0.0367816091954023
407845,"Rodney, Fernando","Pit",109,479,479,343,19.32,136,19.32,0.012526096033402923,0.9436325678496869,0.04384133611691023
472551,"Abad, Fernando","Pit",133,371,371,207,19.325,164,19.325,0.1105121293800539,0.77088948787062,0.11859838274932614
400089,"Soriano, Rafael","Pit",120,410,410,272,19.329,138,19.329,0.03414634146341464,0.9292682926829269,0.036585365853658534
628317,"Maeda, Kenta","Pit",119,1382,1382,978,19.331,404,19.331,0.09117221418234443,0.768451519536903,0.14037626628075253
669952,"White, Mitch","Pit",141,745,745,466,19.332,279,19.332,0.012080536912751677,0.9570469798657718,0.03087248322147651
458681,"Lynn, Lance","Pit",145,883,883,574,19.336,309,19.336,0.044167610419026046,0.912797281993205,0.04303510758776897
519293,"Smith, Will","Pit",158,453,453,251,19.337,202,19.337,0.15011037527593818,0.7218543046357616,0.1280353200883002
458006,"Albers, Matt","Pit",114,414,414,235,19.34,179,19.34,0.014492753623188406,0.9251207729468599,0.06038647342995169
650644,"Civale, Aaron","Pit",114,866,866,625,19.345,241,19.345,0.03695150115473441,0.9226327944572749,0.04041570438799076
593576,"Neris, Héctor","Pit",117,427,427,265,19.348,162,19.348,0.06557377049180328,0.8454332552693209,0.08899297423887588
502381,"Gregerson, Luke","Pit",117,369,369,242,19.35,127,19.35,0.17615176151761516,0.6747967479674797,0.14905149051490515
571666,"Fiers, Mike","Pit",117,1317,1317,928,19.351,389,19.351,0.12224753227031131,0.7236142748671223,0.15413819286256644
592169,"Brice, Austin","Pit",146,375,375,222,19.352,153,19.352,0.008,0.9413333333333334,0.050666666666666665
453329,"Buchholz, Clay","Pit",109,632,632,433,19.353,199,19.353,0.01740506329113924,0.8987341772151899,0.08386075949367089
446099,"Axford, John","Pit",134,479,479,254,19.353,225,19.353,0.022964509394572025,0.8684759916492694,0.10855949895615867
650895,"Castillo, Diego","Pit",139,438,438,322,19.353,116,19.353,0.0045662100456621,0.9497716894977168,0.045662100456621
434628,"Hammel, Jason","Pit",118,904,904,564,19.353,340,19.353,0.016592920353982302,0.9402654867256637,0.04314159292035398
489334,"Stammen, Craig","Pit",135,578,578,355,19.353,223,19.353,0.05536332179930796,0.8391003460207612,0.10553633217993079
592332,"Gausman, Kevin","Pit",137,412,412,330,19.355,82,19.355,0.024271844660194174,0.9296116504854369,0.04611650485436893
450172,"Volquez, Edinson","Pit",118,1565,1565,1013,19.359,552,19.359,0.12523961661341854,0.7015974440894569,0.1731629392971246
115629,"Hawkins, LaTroy","Pit",115,324,324,202,19.36,122,19.36,0.08950617283950617,0.8148148148148148,0.09567901234567901
457915,"Guerra, Javy","Pit",145,332,332,196,19.372,136,19.372,0.018072289156626505,0.9186746987951807,0.06325301204819277
453192,"Miller, Andrew","Pit",147,467,467,279,19.372,188,19.372,0.15203426124197003,0.7473233404710921,0.1006423982869379
543242,"Graham, J.R.","Pit",142,477,477,259,19.373,218,19.373,0.129979035639413,0.7568134171907757,0.11320754716981132
500779,"Quintana, Jose","Pit",137,526,526,346,19.373,180,19.373,0.04182509505703422,0.8840304182509505,0.0741444866920152
547943,"Ryu, Hyun Jin","Pit",141,1278,1278,861,19.374,417,19.374,0.008607198748043818,0.935054773082942,0.056338028169014086
543380,"Jungmann, Taylor","Pit",158,938,938,626,19.376,312,19.376,0.09275053304904052,0.7846481876332623,0.12260127931769722
606930,"Barnes, Jacob","Pit",158,521,521,350,19.386,171,19.386,0.08445297504798464,0.7907869481765835,0.12476007677543186
519151,"Pressly, Ryan","Pit",117,334,334,229,19.386,105,19.386,0,0.9670658682634731,0.03293413173652695
584171,"Velázquez, Hector","Pit",111,435,435,289,19.386,146,19.386,0.01839080459770115,0.9379310344827586,0.04367816091954023
425844,"Greinke, Zack","Pit",117,1482,1482,1047,19.386,435,19.386,0.037786774628879895,0.918353576248313,0.043859649122807015
663432,"Rainey, Tanner","Pit",120,389,389,247,19.386,142,19.386,0,0.9897172236503856,0.010282776349614395
592865,"Williams, Taylor","Pit",158,427,427,273,19.386,154,19.386,0.06323185011709602,0.8384074941451991,0.09836065573770492
519322,"Storen, Drew","Pit",113,405,405,254,19.386,151,19.386,0.012345679012345678,0.9530864197530864,0.0345679012345679
656793,"Nelson, Nick","Pit",143,509,509,252,19.391,257,19.391,0.011787819253438114,0.9410609037328095,0.047151277013752456
502188,"Samardzija, Jeff","Pit",137,152,152,106,19.392,46,19.392,0.006578947368421052,0.9736842105263158,0.019736842105263157
547888,"Tanaka, Masahiro","Pit",147,1293,1293,906,19.398,387,19.398,0.12296983758700696,0.7262180974477959,0.15081206496519722
430613,"Belisario, Ronald","Pit",145,466,466,287,19.406,179,19.406,0.060085836909871244,0.8948497854077253,0.045064377682403435
670036,"Festa, Matt","Pit",136,396,396,250,19.408,146,19.408,0.025252525252525252,0.9267676767676768,0.047979797979797977
605177,"Chafin, Andrew","Pit",109,534,534,334,19.417,200,19.417,0.09363295880149813,0.7790262172284644,0.12734082397003746
572955,"Johnson, Pierce","Pit",137,387,387,216,19.419,171,19.419,0.03617571059431524,0.9121447028423773,0.05167958656330749
504379,"Nicasio, Juan","Pit",143,362,362,233,19.419,129,19.419,0.10220994475138122,0.7458563535911602,0.15193370165745856
656186,"Altavilla, Dan","Pit",136,338,338,199,19.419,139,19.419,0.005917159763313609,0.9437869822485208,0.05029585798816568
425492,"Madson, Ryan","Pit",120,370,370,266,19.42,104,19.42,0.016216216216216217,0.9081081081081082,0.07567567567567568
516969,"Herrera, Kelvin","Pit",118,481,481,305,19.42,176,19.42,0.07484407484407485,0.8336798336798337,0.09147609147609148
506433,"Darvish, Yu","Pit",140,1065,1065,701,19.421,364,19.421,0.051643192488262914,0.8657276995305164,0.08262910798122065
429719,"Jackson, Edwin","Pit",112,1279,1279,868,19.426,411,19.426,0.06724003127443315,0.8311180609851446,0.1016419077404222
657024,"Swanson, Erik","Pit",136,361,361,231,19.436,130,19.436,0.0110803324099723,0.961218836565097,0.027700831024930747
605483,"Snell, Blake","Pit",139,385,385,274,19.442,111,19.442,0.04155844155844156,0.8415584415584415,0.11688311688311688
571945,"Mikolas, Miles","Pit",140,413,413,294,19.445,119,19.445,0.026634382566585957,0.9152542372881356,0.05811138014527845
150359,"Burnett, A.J.","Pit",134,1368,1368,881,19.449,487,19.449,0.01827485380116959,0.9115497076023392,0.07017543859649122
543118,"Drake, Oliver","Pit",142,351,351,209,19.452,142,19.452,0.02564102564102564,0.8490028490028491,0.12535612535612536
657248,"Otto, Glenn","Pit",140,994,994,649,19.452,345,19.452,0.029175050301810865,0.9195171026156942,0.05130784708249497
621381,"Strahm, Matt","Pit",135,466,466,300,19.453,166,19.453,0.05150214592274678,0.8969957081545065,0.05150214592274678
518693,"Freeman, Sam","Pit",144,405,405,255,19.453,150,19.453,0.01728395061728395,0.9333333333333333,0.04938271604938271
607457,"Barraclough, Kyle","Pit",146,504,504,307,19.453,197,19.453,0.037698412698412696,0.8670634920634921,0.09523809523809523
434378,"Verlander, Justin","Pit",117,1558,1558,1095,19.453,463,19.453,0.03209242618741977,0.8741976893453145,0.09370988446726572
592665,"Reed, Addison","Pit",121,406,406,232,19.461,174,19.461,0.1330049261083744,0.6822660098522167,0.18472906403940886
501625,"Alvarez, Jose","Pit",137,453,453,285,19.476,168,19.476,0.024282560706401765,0.9315673289183223,0.04415011037527594
476589,"Warren, Adam","Pit",147,429,429,258,19.486,171,19.486,0.039627039627039624,0.8904428904428905,0.06993006993006994
425844,"Greinke, Zack","Pit",109,1461,1461,1080,19.487,381,19.487,0.02053388090349076,0.9137577002053389,0.06570841889117043
434718,"Street, Huston","Pit",135,360,360,269,19.488,91,19.488,0.025,0.9055555555555556,0.06944444444444445
448609,"Sipp, Tony","Pit",117,360,360,244,19.496,116,19.496,0.12222222222222222,0.7638888888888888,0.11388888888888889
445213,"Kintzler, Brandon","Pit",142,412,412,250,19.498,162,19.498,0.10679611650485436,0.7912621359223301,0.10194174757281553
476451,"Hellickson, Jeremy","Pit",139,566,566,370,19.5,196,19.5,0.037102473498233215,0.8445229681978799,0.11837455830388692
456713,"Bush, Matt","Pit",140,408,408,249,19.5,159,19.5,0.09068627450980392,0.8382352941176471,0.07107843137254902
519443,"Workman, Brandon","Pit",143,196,196,91,19.502,105,19.502,0,0.9183673469387755,0.08163265306122448
598264,"Barnes, Matt","Pit",111,396,396,240,19.509,156,19.509,0.045454545454545456,0.9040404040404041,0.050505050505050504
467100,"Nova, Iván","Pit",147,689,689,442,19.511,247,19.511,0.06531204644412192,0.7910014513788098,0.14368650217706821
490063,"Garza, Matt","Pit",158,1053,1053,656,19.519,397,19.519,0.15004748338081672,0.724596391263058,0.12535612535612536
607481,"Bummer, Aaron","Pit",145,478,478,271,19.519,207,19.519,0.03556485355648536,0.9184100418410042,0.04602510460251046
518886,"Kimbrel, Craig","Pit",144,454,454,316,19.523,138,19.523,0.015418502202643172,0.933920704845815,0.05066079295154185
407845,"Rodney, Fernando","Pit",112,555,555,350,19.523,205,19.523,0.08108108108108109,0.8324324324324325,0.08648648648648649
501625,"Alvarez, Jose","Pit",108,391,391,196,19.53,195,19.53,0.11764705882352941,0.7800511508951407,0.10230179028132992
607352,"Biagini, Joe","Pit",141,490,490,268,19.538,222,19.538,0.10204081632653061,0.7816326530612245,0.11632653061224489
641729,"Jiménez, Joe","Pit",116,354,354,191,19.545,163,19.545,0.011299435028248588,0.9378531073446328,0.05084745762711865
506433,"Darvish, Yu","Pit",140,1657,1657,1187,19.552,470,19.552,0.06819553409776705,0.8587809293904647,0.07302353651176825
444468,"Rondón, Héctor","Pit",112,432,432,262,19.553,170,19.553,0.03009259259259259,0.9120370370370371,0.05787037037037037
502004,"Kontos, George","Pit",134,439,439,264,19.553,175,19.553,0.018223234624145785,0.9043280182232346,0.0774487471526196
476454,"Betances, Dellin","Pit",147,594,594,331,19.553,263,19.553,0.015151515151515152,0.8956228956228957,0.08922558922558922
623352,"Hader, Josh","Pit",158,542,542,408,19.553,134,19.553,0.04981549815498155,0.8948339483394834,0.055350553505535055
623470,"Newberry, Jake","Pit",118,188,188,87,19.557,101,19.557,0.015957446808510637,0.9468085106382979,0.03723404255319149
671345,"Foley, Jason","Pit",116,402,402,228,19.574,174,19.574,0,0.9552238805970149,0.04477611940298507
600921,"Machado, Andrés","Pit",120,434,434,235,19.574,199,19.574,0.02534562211981567,0.8940092165898618,0.08064516129032258
553878,"Vázquez, Felipe","Pit",134,570,570,344,19.577,226,19.577,0.1543859649122807,0.7157894736842105,0.12982456140350876
518516,"Bumgarner, Madison","Pit",137,1456,1456,1017,19.583,439,19.583,0.09134615384615384,0.8035714285714286,0.10508241758241758
450172,"Volquez, Edinson","Pit",118,1508,1508,950,19.585,558,19.585,0.09814323607427056,0.7519893899204244,0.14986737400530503
500872,"Infante, Gregory","Pit",145,456,456,281,19.586,175,19.586,0.013157894736842105,0.9342105263157895,0.05263157894736842
456034,"Price, David","Pit",111,548,548,309,19.586,239,19.586,0.04562043795620438,0.8394160583941606,0.11496350364963503
429719,"Jackson, Edwin","Pit",133,650,650,465,19.586,185,19.586,0.07692307692307693,0.7830769230769231,0.14
519293,"Smith, Will","Pit",137,359,359,255,19.587,104,19.587,0.005571030640668524,0.947075208913649,0.04735376044568245
518617,"Diekman, Jake","Pit",140,449,449,246,19.587,203,19.587,0.12026726057906459,0.7817371937639198,0.09799554565701558
457732,"Bailey, Andrew","Pit",108,338,338,213,19.596,125,19.596,0.13609467455621302,0.7396449704142012,0.1242603550295858
471822,"Díaz, Jumbo","Pit",113,330,330,187,19.597,143,19.597,0.14545454545454545,0.7787878787878788,0.07575757575757576
594577,"Mayers, Mike","Pit",108,251,251,158,19.614,93,19.614,0.03187250996015936,0.8884462151394422,0.0796812749003984
493603,"Ottavino, Adam","Pit",111,563,563,276,19.615,287,19.615,0.021314387211367674,0.8543516873889876,0.12433392539964476
453265,"Watson, Tony","Pit",134,493,493,320,19.619,173,19.619,0.02434077079107505,0.9330628803245437,0.04259634888438134
594986,"Ryan, Kyle","Pit",112,502,502,312,19.62,190,19.62,0.00597609561752988,0.9462151394422311,0.04780876494023904
453343,"Melancon, Mark","Pit",144,509,509,303,19.62,206,19.62,0.019646365422396856,0.8388998035363457,0.14145383104125736
434378,"Verlander, Justin","Pit",117,1362,1362,1042,19.62,320,19.62,0.024963289280469897,0.919970631424376,0.05506607929515418
656945,"Scott, Tanner","Pit",110,385,385,208,19.62,177,19.62,0.01038961038961039,0.9506493506493506,0.03896103896103896
641729,"Jiménez, Joe","Pit",116,157,157,93,19.623,64,19.623,0,1,0
605488,"Springs, Jeffrey","Pit",139,968,968,649,19.623,319,19.623,0.04442148760330578,0.8677685950413223,0.0878099173553719
676760,"Marinaccio, Ron","Pit",147,352,352,169,19.624,183,19.624,0.002840909090909091,0.9431818181818182,0.05397727272727273
595918,"Cole, A.J.","Pit",141,169,169,87,19.625,82,19.625,0.023668639053254437,0.834319526627219,0.14201183431952663
643290,"Dunn, Justin","Pit",136,382,382,240,19.625,142,19.625,0.015706806282722512,0.9136125654450262,0.07068062827225131
542882,"Andriese, Matt","Pit",139,865,865,606,19.63,259,19.63,0.10867052023121387,0.7294797687861272,0.16184971098265896
608665,"Graveman, Kendall","Pit",117,396,396,235,19.639,161,19.639,0.030303030303030304,0.8712121212121212,0.09848484848484848
275933,"Downs, Scott","Pit",118,333,333,222,19.639,111,19.639,0.08408408408408409,0.8468468468468469,0.06906906906906907
543017,"Cervenka, Hunter","Pit",146,324,324,179,19.646,145,19.646,0.06481481481481481,0.7932098765432098,0.1419753086419753
594986,"Ryan, Kyle","Pit",112,131,131,92,19.646,39,19.646,0,0.9618320610687023,0.03816793893129771
501593,"Avilán, Luis","Pit",119,331,331,201,19.647,130,19.647,0.14501510574018128,0.7039274924471299,0.1510574018126888
593833,"Suero, Wander","Pit",120,340,340,224,19.649,116,19.649,0.008823529411764706,0.9588235294117647,0.03235294117647059
605400,"Nola, Aaron","Pit",143,1557,1557,1068,19.653,489,19.653,0.024405908798972382,0.8709055876685935,0.10468850353243417
656685,"Martin, Brett","Pit",140,355,355,181,19.658,174,19.658,0.016901408450704224,0.9408450704225352,0.04225352112676056
605177,"Chafin, Andrew","Pit",116,377,377,229,19.662,148,19.662,0.023872679045092837,0.896551724137931,0.07957559681697612
680686,"Gray, Josiah","Pit",120,1233,1233,835,19.673,398,19.673,0.031630170316301706,0.8824006488240065,0.08596918085969181
623465,"Phillips, Evan","Pit",110,132,132,79,19.674,53,19.674,0,0.9090909090909091,0.09090909090909091
656464,"Ginkel, Kevin","Pit",109,142,142,86,19.674,56,19.674,0.007042253521126761,0.8873239436619719,0.1056338028169014
656876,"Rasmussen, Drew","Pit",139,919,919,621,19.676,298,19.676,0.022850924918389554,0.9292709466811752,0.04787812840043525
502026,"Jeffress, Jeremy","Pit",158,472,472,263,19.676,209,19.676,0.1038135593220339,0.7330508474576272,0.163135593220339
471911,"Carrasco, Carlos","Pit",114,1170,1170,853,19.676,317,19.676,0.1111111111111111,0.7905982905982906,0.09829059829059829
407845,"Rodney, Fernando","Pit",146,534,534,335,19.677,199,19.677,0.11235955056179775,0.7734082397003745,0.11423220973782772
571704,"Giles, Ken","Pit",143,507,507,285,19.681,222,19.681,0.08284023668639054,0.7830374753451677,0.1341222879684418
669330,"Wells, Tyler","Pit",110,703,703,506,19.683,197,19.683,0.004267425320056899,0.9431009957325747,0.05263157894736842
456034,"Price, David","Pit",111,1563,1563,1029,19.683,534,19.683,0.11068458093410109,0.7236084452975048,0.1657069737683941
548389,"Stripling, Ross","Pit",119,544,544,374,19.686,170,19.686,0.05330882352941176,0.8841911764705882,0.0625
642152,"Trivino, Lou","Pit",133,470,470,315,19.686,155,19.686,0,0.9234042553191489,0.07659574468085106
600917,"Leclerc, José","Pit",140,413,413,237,19.686,176,19.686,0.0387409200968523,0.8450363196125908,0.1162227602905569
592612,"Osich, Josh","Pit",137,335,335,204,19.686,131,19.686,0.023880597014925373,0.9253731343283582,0.050746268656716415
501593,"Avilán, Luis","Pit",144,452,452,300,19.686,152,19.686,0.035398230088495575,0.9070796460176991,0.05752212389380531
592222,"Claudio, Alex","Pit",158,450,450,265,19.687,185,19.687,0.008888888888888889,0.9466666666666667,0.044444444444444446
547973,"Chapman, Aroldis","Pit",113,520,520,320,19.692,200,19.692,0.13846153846153847,0.7673076923076924,0.09423076923076923
605169,"Capps, Carter","Pit",136,439,439,268,19.694,171,19.694,0.02050113895216401,0.8997722095671982,0.07972665148063782
579328,"Kikuchi, Yusei","Pit",136,1143,1143,744,19.695,399,19.695,0.013123359580052493,0.9081364829396326,0.07874015748031496
571670,"Floro, Dylan","Pit",146,375,375,227,19.697,148,19.697,0.0026666666666666666,0.8826666666666667,0.11466666666666667
453329,"Buchholz, Clay","Pit",111,1255,1255,784,19.701,471,19.701,0.030278884462151396,0.8454183266932271,0.12430278884462151
669952,"White, Mitch","Pit",119,328,328,220,19.703,108,19.703,0.018292682926829267,0.9512195121951219,0.03048780487804878
430580,"Simon, Alfredo","Pit",116,1389,1389,939,19.707,450,19.707,0.156227501799856,0.6486681065514759,0.1951043916486681
458681,"Lynn, Lance","Pit",140,631,631,437,19.712,194,19.712,0.025356576862123614,0.901743264659271,0.07290015847860538
600917,"Leclerc, José","Pit",140,340,340,176,19.712,164,19.712,0.01764705882352941,0.9088235294117647,0.07352941176470588
543507,"May, Trevor","Pit",142,361,361,219,19.712,142,19.712,0.08587257617728532,0.8254847645429363,0.0886426592797784
573046,"Morin, Mike","Pit",108,371,371,215,19.714,156,19.714,0.09973045822102426,0.738544474393531,0.16172506738544473
660600,"Paredes, Enoli","Pit",117,176,176,71,19.715,105,19.715,0.028409090909090908,0.9488636363636364,0.022727272727272728
663559,"Falter, Bailey","Pit",143,572,572,384,19.716,188,19.716,0.01048951048951049,0.9597902097902098,0.02972027972027972
622554,"Domínguez, Seranthony","Pit",143,371,371,236,19.717,135,19.717,0.029649595687331536,0.9460916442048517,0.02425876010781671
641329,"Baker, Bryan","Pit",110,558,558,338,19.717,220,19.717,0.035842293906810034,0.9050179211469535,0.05913978494623656
570663,"Robles, Hansel","Pit",121,460,460,260,19.719,200,19.719,0.08478260869565217,0.8,0.11521739130434783
542882,"Andriese, Matt","Pit",139,642,642,429,19.719,213,19.719,0.056074766355140186,0.7616822429906542,0.1822429906542056
521230,"Hendriks, Liam","Pit",133,540,540,337,19.719,203,19.719,0.024074074074074074,0.8444444444444444,0.13148148148148148
548389,"Stripling, Ross","Pit",119,883,883,615,19.72,268,19.72,0.05889014722536806,0.8765571913929785,0.06455266138165346
543779,"Siegrist, Kevin","Pit",143,333,333,211,19.72,122,19.72,0.006006006006006006,0.948948948948949,0.04504504504504504
502154,"Britton, Zack","Pit",147,435,435,279,19.72,156,19.72,0.009195402298850575,0.9218390804597701,0.06896551724137931
502083,"McAllister, Zach","Pit",116,331,331,216,19.72,115,19.72,0.027190332326283987,0.9274924471299094,0.045317220543806644
605177,"Chafin, Andrew","Pit",109,406,406,241,19.72,165,19.72,0.022167487684729065,0.9088669950738916,0.06896551724137931
608665,"Graveman, Kendall","Pit",145,468,468,267,19.722,201,19.722,0.05128205128205128,0.844017094017094,0.1047008547008547
453343,"Melancon, Mark","Pit",144,142,142,71,19.727,71,19.727,0.02112676056338028,0.8028169014084507,0.176056338028169
595014,"Treinen, Blake","Pit",119,161,161,79,19.733,82,19.733,0,0.9503105590062112,0.049689440993788817
453343,"Melancon, Mark","Pit",134,378,378,262,19.736,116,19.736,0.010582010582010581,0.8201058201058201,0.1693121693121693
285064,"Vogelsong, Ryan","Pit",134,707,707,455,19.737,252,19.737,0.10466760961810467,0.7666195190947667,0.12871287128712872
521230,"Hendriks, Liam","Pit",133,414,414,261,19.738,153,19.738,0.08454106280193237,0.7995169082125604,0.11594202898550725
682171,"Murfee, Penn","Pit",136,448,448,268,19.745,180,19.745,0.002232142857142857,0.9174107142857143,0.08035714285714286
548389,"Stripling, Ross","Pit",141,410,410,286,19.746,124,19.746,0.0024390243902439024,0.9414634146341463,0.05609756097560976
424144,"Pérez, Oliver","Pit",117,336,336,201,19.75,135,19.75,0.12202380952380952,0.7380952380952381,0.13988095238095238
572703,"Bard, Luke","Pit",108,364,364,256,19.753,108,19.753,0.03571428571428571,0.8763736263736264,0.08791208791208792
476451,"Hellickson, Jeremy","Pit",120,627,627,444,19.753,183,19.753,0.01594896331738437,0.9106858054226475,0.0733652312599681
451584,"Davis, Wade","Pit",115,361,361,222,19.753,139,19.753,0.036011080332409975,0.8781163434903048,0.08587257617728532
433589,"Petit, Yusmeiro","Pit",133,560,560,380,19.753,180,19.753,0.008928571428571428,0.95,0.04107142857142857
592741,"Shreve, Chasen","Pit",138,446,446,283,19.753,163,19.753,0.02466367713004484,0.9327354260089686,0.042600896860986545
460283,"Blevins, Jerry","Pit",121,405,405,252,19.753,153,19.753,0.02962962962962963,0.8716049382716049,0.09876543209876543
605540,"Woodruff, Brandon","Pit",158,1128,1128,791,19.756,337,19.756,0.015957446808510637,0.9202127659574468,0.06382978723404255
548389,"Stripling, Ross","Pit",141,776,776,530,19.757,246,19.757,0.05798969072164949,0.8814432989690721,0.06056701030927835
519240,"Rzepczynski, Marc","Pit",120,382,382,203,19.758,179,19.758,0.10732984293193717,0.7408376963350786,0.1518324607329843
592811,"Triggs, Andrew","Pit",133,470,470,327,19.758,143,19.758,0.08297872340425531,0.7936170212765957,0.12340425531914893
444436,"Webb, Ryan","Pit",110,331,331,218,19.763,113,19.763,0.030211480362537766,0.9154078549848943,0.054380664652567974
543056,"Coulombe, Danny","Pit",133,329,329,209,19.766,120,19.766,0.07598784194528875,0.8449848024316109,0.0790273556231003
606424,"García, Jarlín","Pit",137,445,445,277,19.766,168,19.766,0.029213483146067417,0.9101123595505618,0.060674157303370786
425844,"Greinke, Zack","Pit",117,552,552,384,19.775,168,19.775,0.030797101449275364,0.8858695652173914,0.08333333333333333
502272,"Fien, Casey","Pit",142,423,423,281,19.777,142,19.777,0.1607565011820331,0.7092198581560284,0.13002364066193853
641312,"Anderson, Shaun","Pit",137,129,129,76,19.785,53,19.785,0.015503875968992248,0.8837209302325582,0.10077519379844961
472551,"Abad, Fernando","Pit",111,397,397,206,19.786,191,19.786,0.012594458438287154,0.906801007556675,0.08060453400503778
519141,"Pomeranz, Drew","Pit",133,643,643,427,19.792,216,19.792,0.07620528771384137,0.7978227060653188,0.12597200622083982
476595,"Luetge, Lucas","Pit",147,449,449,269,19.796,180,19.796,0.0334075723830735,0.8596881959910914,0.10690423162583519
605452,"Ross, Joe","Pit",120,809,809,509,19.808,300,19.808,0.0173053152039555,0.8949320148331273,0.08776266996291718
457768,"Morris, Bryan","Pit",134,342,342,211,19.812,131,19.812,0.04678362573099415,0.8625730994152047,0.09064327485380116
570666,"Cessa, Luis","Pit",113,437,437,283,19.816,154,19.816,0.032036613272311214,0.9061784897025171,0.06178489702517163
642152,"Trivino, Lou","Pit",133,515,515,292,19.818,223,19.818,0.003883495145631068,0.9048543689320389,0.0912621359223301
641729,"Jiménez, Joe","Pit",116,522,522,326,19.819,196,19.819,0.0038314176245210726,0.9655172413793104,0.03065134099616858
605507,"Thompson, Zach","Pit",134,982,982,653,19.819,329,19.819,0.017311608961303463,0.9276985743380856,0.054989816700611
506433,"Darvish, Yu","Pit",119,1359,1359,925,19.82,434,19.82,0.046357615894039736,0.8520971302428256,0.10154525386313466
501822,"Hatcher, Chris","Pit",133,443,443,280,19.82,163,19.82,0.029345372460496615,0.8148984198645598,0.15575620767494355
433589,"Petit, Yusmeiro","Pit",133,521,521,352,19.82,169,19.82,0.005758157389635317,0.9500959692898272,0.044145873320537425
673633,"Hirano, Yoshihisa","Pit",109,473,473,307,19.82,166,19.82,0.021141649048625793,0.8604651162790697,0.11839323467230443
598287,"Ramirez, Noé","Pit",108,678,678,429,19.82,249,19.82,0.014749262536873156,0.9129793510324484,0.07227138643067847
434442,"Howell, J.P.","Pit",119,446,446,293,19.824,153,19.824,0.12780269058295965,0.7533632286995515,0.11883408071748879
465657,"Soria, Joakim","Pit",118,534,534,304,19.826,230,19.826,0.09925093632958802,0.7453183520599251,0.15543071161048688
641401,"Brogdon, Connor","Pit",143,391,391,232,19.827,159,19.827,0,0.9462915601023018,0.05370843989769821
664208,"Maton, Phil","Pit",117,514,514,282,19.827,232,19.827,0.009727626459143969,0.9085603112840467,0.08171206225680934
458006,"Albers, Matt","Pit",145,393,393,209,19.827,184,19.827,0.07124681933842239,0.8244274809160306,0.10432569974554708
453265,"Watson, Tony","Pit",137,396,396,264,19.829,132,19.829,0.0025252525252525255,0.946969696969697,0.050505050505050504
680686,"Gray, Josiah","Pit",120,530,530,379,19.831,151,19.831,0.033962264150943396,0.8528301886792453,0.11320754716981132
448179,"Hill, Rich","Pit",114,367,367,184,19.832,183,19.832,0.0326975476839237,0.8937329700272479,0.07356948228882834
543054,"Cosart, Jarred","Pit",135,565,565,323,19.835,242,19.835,0.06725663716814159,0.8176991150442477,0.11504424778761062
571670,"Floro, Dylan","Pit",146,482,482,259,19.847,223,19.847,0.026970954356846474,0.8070539419087137,0.16597510373443983
605388,"Morgan, Adam","Pit",143,387,387,216,19.853,171,19.853,0.01808785529715762,0.9147286821705426,0.06718346253229975
552640,"Kittredge, Andrew","Pit",139,336,336,217,19.853,119,19.853,0.017857142857142856,0.9226190476190477,0.05952380952380952
493603,"Ottavino, Adam","Pit",115,649,649,407,19.853,242,19.853,0.02157164869029276,0.8721109399075501,0.10631741140215717
596112,"Stephenson, Robert","Pit",113,417,417,285,19.853,132,19.853,0.014388489208633094,0.935251798561151,0.050359712230215826
607473,"Bradford, Chasen","Pit",136,348,348,217,19.853,131,19.853,0.005747126436781609,0.9482758620689655,0.04597701149425287
453265,"Watson, Tony","Pit",134,424,424,293,19.858,131,19.858,0.014150943396226415,0.9245283018867925,0.06132075471698113
430589,"Qualls, Chad","Pit",146,332,332,199,19.859,133,19.859,0,0.9397590361445783,0.060240963855421686
532077,"Osuna, Roberto","Pit",141,473,473,276,19.865,197,19.865,0.1331923890063425,0.718816067653277,0.14799154334038056
547874,"Iwakuma, Hisashi","Pit",136,1344,1344,845,19.866,499,19.866,0.08705357142857142,0.7291666666666666,0.18377976190476192
621052,"Reyes, Alex","Pit",138,553,553,297,19.868,256,19.868,0.0162748643761302,0.8987341772151899,0.08499095840867993
434641,"Gutierrez, Juan","Pit",108,374,374,219,19.876,155,19.876,0.045454545454545456,0.8983957219251337,0.05614973262032086
642547,"Peralta, Freddy","Pit",158,1087,1087,757,19.878,330,19.878,0.03863845446182153,0.8610855565777369,0.10027598896044158
460008,"Varvaro, Anthony","Pit",144,375,375,213,19.88,162,19.88,0.042666666666666665,0.8666666666666667,0.09066666666666667
400089,"Soriano, Rafael","Pit",120,519,519,338,19.882,181,19.882,0.04046242774566474,0.9094412331406551,0.05009633911368015
519043,"Moore, Matt","Pit",140,500,500,330,19.883,170,19.883,0.02,0.934,0.046
608723,"Voth, Austin","Pit",120,401,401,264,19.885,137,19.885,0.004987531172069825,0.940149625935162,0.05486284289276808
571670,"Floro, Dylan","Pit",119,449,449,268,19.887,181,19.887,0.0378619153674833,0.8997772828507795,0.062360801781737196
502043,"Gibson, Kyle","Pit",143,1231,1231,813,19.888,418,19.888,0.012997562956945572,0.8935824532900081,0.0934199837530463
579328,"Kikuchi, Yusei","Pit",141,810,810,481,19.896,329,19.896,0.027160493827160494,0.9049382716049382,0.06790123456790123
542914,"Bass, Anthony","Pit",146,442,442,283,19.899,159,19.899,0.004524886877828055,0.9298642533936652,0.06561085972850679
628711,"Urías, Julio","Pit",119,1109,1109,803,19.9,306,19.9,0.002705139765554554,0.9657348963029756,0.031559963931469794
664123,"Effross, Scott","Pit",147,387,387,217,19.903,170,19.903,0.03617571059431524,0.8604651162790697,0.10335917312661498
607457,"Barraclough, Kyle","Pit",146,656,656,362,19.904,294,19.904,0.11432926829268293,0.7530487804878049,0.1326219512195122
642130,"Taylor, Blake","Pit",117,358,358,199,19.913,159,19.913,0.0223463687150838,0.9329608938547486,0.0446927374301676
661309,"Martínez, Adrián","Pit",133,454,454,309,19.913,145,19.913,0.10572687224669604,0.8237885462555066,0.07048458149779736
543779,"Siegrist, Kevin","Pit",138,606,606,357,19.913,249,19.913,0.08250825082508251,0.7425742574257426,0.17491749174917492
460156,"Gomes, Brandon","Pit",139,379,379,233,19.915,146,19.915,0.08443271767810026,0.8073878627968337,0.10817941952506596
605130,"Barlow, Scott","Pit",118,571,571,351,19.92,220,19.92,0.017513134851138354,0.9229422066549913,0.0595446584938704
607352,"Biagini, Joe","Pit",141,868,868,552,19.92,316,19.92,0.0034562211981566822,0.9412442396313364,0.055299539170506916
600917,"Leclerc, José","Pit",140,599,599,347,19.92,252,19.92,0.05342237061769616,0.8363939899833055,0.11018363939899833
592826,"Velasquez, Vince","Pit",135,768,768,514,19.921,254,19.921,0.03515625,0.84375,0.12109375
592826,"Velasquez, Vince","Pit",117,431,431,267,19.924,164,19.924,0.08584686774941995,0.7540603248259861,0.16009280742459397
502083,"McAllister, Zach","Pit",114,451,451,234,19.928,217,19.928,0.09090909090909091,0.802660753880266,0.10643015521064302
543507,"May, Trevor","Pit",121,476,476,294,19.928,182,19.928,0.0021008403361344537,0.8886554621848739,0.1092436974789916
517414,"Delgado, Randall","Pit",109,607,607,342,19.929,265,19.929,0.10214168039538715,0.7199341021416804,0.17792421746293247
663878,"Pearson, Nate","Pit",141,160,160,106,19.929,54,19.929,0.03125,0.9125,0.05625
607216,"Krehbiel, Joey","Pit",110,458,458,291,19.93,167,19.93,0.024017467248908297,0.9170305676855895,0.05895196506550218
573046,"Morin, Mike","Pit",108,394,394,195,19.932,199,19.932,0.015228426395939087,0.8756345177664975,0.10913705583756345
650382,"Hernández, Darwinzon","Pit",111,367,367,228,19.934,139,19.934,0.021798365122615803,0.9427792915531336,0.035422343324250684
407845,"Rodney, Fernando","Pit",136,521,521,309,19.938,212,19.938,0.03262955854126679,0.9155470249520153,0.05182341650671785
489334,"Stammen, Craig","Pit",135,175,175,106,19.942,69,19.942,0,0.84,0.16
407845,"Rodney, Fernando","Pit",139,584,584,326,19.944,258,19.944,0.03424657534246575,0.8955479452054794,0.0702054794520548
473879,"Dyson, Sam","Pit",140,459,459,275,19.948,184,19.948,0.1111111111111111,0.738562091503268,0.1503267973856209
465657,"Soria, Joakim","Pit",118,465,465,306,19.953,159,19.953,0.01935483870967742,0.9139784946236559,0.06666666666666667
621199,"Bowman, Matt","Pit",138,444,444,238,19.953,206,19.953,0.015765765765765764,0.9121621621621622,0.07207207207207207
459429,"McGee, Jake","Pit",139,520,520,336,19.953,184,19.953,0.04423076923076923,0.85,0.10576923076923077
592454,"Kahnle, Tommy","Pit",147,422,422,268,19.953,154,19.953,0.009478672985781991,0.8696682464454977,0.12085308056872038
502042,"Archer, Chris","Pit",134,967,967,639,19.954,328,19.954,0.033092037228541885,0.8986556359875905,0.06825232678386763
656945,"Scott, Tanner","Pit",146,568,568,293,19.96,275,19.96,0.00528169014084507,0.9454225352112676,0.04929577464788732
676969,"de Geus, Brett","Pit",109,437,437,215,19.963,222,19.963,0.002288329519450801,0.9244851258581236,0.07322654462242563
519322,"Storen, Drew","Pit",136,406,406,225,19.968,181,19.968,0.13793103448275862,0.7512315270935961,0.11083743842364532
573109,"Ramos, AJ","Pit",146,522,522,282,19.976,240,19.976,0.11494252873563218,0.7816091954022989,0.10344827586206896
518489,"Brasier, Ryan","Pit",111,388,388,241,19.98,147,19.98,0.010309278350515464,0.9304123711340206,0.059278350515463915
446399,"Cecil, Brett","Pit",141,345,345,233,19.984,112,19.984,0.09565217391304348,0.7768115942028986,0.12753623188405797
456713,"Bush, Matt","Pit",140,385,385,220,19.986,165,19.986,0.02077922077922078,0.8883116883116883,0.09090909090909091
621381,"Strahm, Matt","Pit",135,778,778,502,19.987,276,19.987,0,0.9267352185089974,0.07326478149100257
592612,"Osich, Josh","Pit",145,476,476,328,19.987,148,19.987,0.031512605042016806,0.9180672268907563,0.05042016806722689
660896,"Alcala, Jorge","Pit",142,352,352,241,19.992,111,19.992,0.07954545454545454,0.8153409090909091,0.10511363636363637
457429,"Logan, Boone","Pit",115,325,325,189,19.995,136,19.995,0.09846153846153846,0.7938461538461539,0.1076923076923077
476454,"Betances, Dellin","Pit",147,616,616,327,19.996,289,19.996,0.06655844155844155,0.8262987012987013,0.10714285714285714
606160,"Montero, Rafael","Pit",117,518,518,336,19.997,182,19.997,0.04826254826254826,0.8552123552123552,0.09652509652509653
502188,"Samardzija, Jeff","Pit",137,1462,1462,1011,19.997,451,19.997,0.07934336525307797,0.7906976744186046,0.12995896032831739
453268,"Bard, Daniel","Pit",115,174,174,91,19.998,83,19.998,0.011494252873563218,0.8735632183908046,0.11494252873563218
532077,"Osuna, Roberto","Pit",141,429,429,282,20,147,20,0.11888111888111888,0.7762237762237763,0.1048951048951049
460283,"Blevins, Jerry","Pit",120,404,404,238,20,166,20,0.03712871287128713,0.8985148514851485,0.06435643564356436
488786,"Coleman, Louis","Pit",119,422,422,228,20.004,194,20.004,0.09004739336492891,0.7890995260663507,0.12085308056872038
596057,"Norris, Daniel","Pit",158,441,441,267,20.014,174,20.014,0.015873015873015872,0.9115646258503401,0.07256235827664399
460283,"Blevins, Jerry","Pit",133,453,453,283,20.017,170,20.017,0.059602649006622516,0.8675496688741722,0.0728476821192053
502028,"Wood, Blake","Pit",108,598,598,337,20.02,261,20.02,0.0016722408026755853,0.9464882943143813,0.051839464882943144
518566,"Cole, Taylor","Pit",108,399,399,219,20.02,180,20.02,0.047619047619047616,0.8370927318295739,0.11528822055137844
621363,"Poche, Colin","Pit",139,338,338,210,20.02,128,20.02,0.01775147928994083,0.9289940828402367,0.05325443786982249
433589,"Petit, Yusmeiro","Pit",133,134,134,72,20.021,62,20.021,0,0.9253731343283582,0.07462686567164178
663986,"Stephan, Trevor","Pit",114,559,559,332,20.027,227,20.027,0.008944543828264758,0.9266547406082289,0.06440071556350627
451216,"Wilson, Brian","Pit",119,498,498,252,20.029,246,20.029,0.024096385542168676,0.8895582329317269,0.08634538152610442
430613,"Belisario, Ronald","Pit",119,442,442,219,20.029,223,20.029,0.04524886877828054,0.8778280542986425,0.07692307692307693
453646,"Villanueva, Carlos","Pit",135,542,542,360,20.031,182,20.031,0.11623616236162361,0.7453874538745388,0.13837638376383765
430661,"McGowan, Dustin","Pit",146,448,448,285,20.039,163,20.039,0.11607142857142858,0.7790178571428571,0.10491071428571429
570257,"Rodríguez, Joely","Pit",147,346,346,189,20.042,157,20.042,0.023121387283236993,0.8872832369942196,0.08959537572254335
542585,"Cisnero, José","Pit",116,233,233,137,20.049,96,20.049,0.008583690987124463,0.9785407725321889,0.012875536480686695
592229,"Covey, Dylan","Pit",145,466,466,280,20.053,186,20.053,0.015021459227467811,0.8969957081545065,0.08798283261802575
434628,"Hammel, Jason","Pit",118,1336,1336,865,20.053,471,20.053,0.03143712574850299,0.9041916167664671,0.06437125748502993
628317,"Maeda, Kenta","Pit",142,428,428,347,20.053,81,20.053,0.014018691588785047,0.8925233644859814,0.09345794392523364
554340,"García, Yimi","Pit",119,464,464,347,20.054,117,20.054,0.021551724137931036,0.9224137931034483,0.05603448275862069
477569,"Salas, Fernando","Pit",108,423,423,240,20.068,183,20.068,0.08983451536643026,0.7943262411347518,0.11583924349881797
543243,"Gray, Sonny","Pit",133,906,906,595,20.071,311,20.071,0.08940397350993377,0.7450331125827815,0.16556291390728478
672578,"Hernández, Carlos","Pit",118,641,641,388,20.08,253,20.08,0.031201248049921998,0.9173166926677067,0.0514820592823713
643377,"Jax, Griffin","Pit",142,502,502,289,20.084,213,20.084,0.00796812749003984,0.9422310756972112,0.049800796812749
519443,"Workman, Brandon","Pit",111,335,335,203,20.086,132,20.086,0.03582089552238806,0.8656716417910447,0.09850746268656717
456034,"Price, David","Pit",111,1264,1264,830,20.087,434,20.087,0.0625,0.8481012658227848,0.0893987341772152
453329,"Buchholz, Clay","Pit",141,442,442,282,20.087,160,20.087,0.0022624434389140274,0.9343891402714932,0.06334841628959276
612434,"Castro, Miguel","Pit",121,209,209,105,20.098,104,20.098,0.004784688995215311,0.9282296650717703,0.06698564593301436
571656,"Farmer, Buck","Pit",113,376,376,208,20.099,168,20.099,0.005319148936170213,0.9468085106382979,0.047872340425531915
617228,"Sawamura, Hirokazu","Pit",111,361,361,178,20.105,183,20.105,0.04155124653739612,0.7645429362880887,0.19390581717451524
489189,"Outman, Josh","Pit",115,387,387,227,20.105,160,20.105,0.03617571059431524,0.8811369509043928,0.082687338501292
656876,"Rasmussen, Drew","Pit",158,139,139,70,20.106,69,20.106,0.04316546762589928,0.8920863309352518,0.06474820143884892
650895,"Castillo, Diego","Pit",136,364,364,231,20.107,133,20.107,0.02197802197802198,0.9038461538461539,0.07417582417582418
467008,"Strop, Pedro","Pit",112,379,379,254,20.109,125,20.109,0.047493403693931395,0.8839050131926122,0.06860158311345646
592741,"Shreve, Chasen","Pit",121,185,185,109,20.116,76,20.116,0,0.918918918918919,0.08108108108108109
621249,"Underwood Jr., Duane","Pit",134,412,412,223,20.119,189,20.119,0,0.9563106796116505,0.043689320388349516
605400,"Nola, Aaron","Pit",143,1328,1328,950,20.119,378,20.119,0.02033132530120482,0.891566265060241,0.08810240963855422
433589,"Petit, Yusmeiro","Pit",108,604,604,437,20.12,167,20.12,0.008278145695364239,0.9288079470198676,0.06291390728476821
608717,"Stratton, Chris","Pit",134,603,603,400,20.126,203,20.126,0.011608623548922056,0.9038142620232172,0.0845771144278607
424144,"Pérez, Oliver","Pit",136,446,446,253,20.126,193,20.126,0.026905829596412557,0.92152466367713,0.0515695067264574
519293,"Smith, Will","Pit",117,401,401,255,20.128,146,20.128,0.004987531172069825,0.9501246882793017,0.04488778054862843
518633,"Duffy, Danny","Pit",118,1166,1166,791,20.132,375,20.132,0.08747855917667238,0.8301886792452831,0.0823327615780446
642528,"Loáisiga, Jonathan","Pit",147,173,173,104,20.134,69,20.134,0,0.9479768786127167,0.05202312138728324
666201,"Manoah, Alek","Pit",141,842,842,526,20.136,316,20.136,0.023752969121140142,0.8705463182897862,0.10570071258907364
469134,"Rogers, Esmil","Pit",147,404,404,246,20.137,158,20.137,0.10891089108910891,0.7722772277227723,0.1188118811881188
456034,"Price, David","Pit",116,1663,1663,1129,20.139,534,20.139,0.04509921828021648,0.7901383042693927,0.16476247745039085
407822,"De La Rosa, Jorge","Pit",115,1064,1064,678,20.142,386,20.142,0.07424812030075188,0.8223684210526315,0.10338345864661654
346793,"Affeldt, Jeremy","Pit",137,396,396,280,20.144,116,20.144,0.015151515151515152,0.9343434343434344,0.050505050505050504
434378,"Verlander, Justin","Pit",117,1044,1044,736,20.144,308,20.144,0.0038314176245210726,0.9415708812260536,0.05459770114942529
425626,"Capuano, Chris","Pit",147,781,781,499,20.151,282,20.151,0.03841229193341869,0.8463508322663252,0.11523687580025609
606424,"García, Jarlín","Pit",137,448,448,282,20.151,166,20.151,0.03125,0.8995535714285714,0.06919642857142858
573109,"Ramos, AJ","Pit",121,549,549,318,20.153,231,20.153,0.01639344262295082,0.9326047358834244,0.051001821493624776
605538,"Wisler, Matt","Pit",142,202,202,111,20.158,91,20.158,0.039603960396039604,0.8613861386138614,0.09900990099009901
502304,"Carpenter, David","Pit",144,401,401,254,20.164,147,20.164,0.007481296758104738,0.9002493765586035,0.09226932668329177
642585,"Bautista, Félix","Pit",110,416,416,274,20.165,142,20.165,0.04326923076923077,0.8966346153846154,0.06009615384615385
523260,"Kelly, Joe","Pit",111,372,372,205,20.174,167,20.174,0.13709677419354838,0.6586021505376344,0.20430107526881722
605540,"Woodruff, Brandon","Pit",158,529,529,376,20.177,153,20.177,0.013232514177693762,0.9149338374291115,0.07183364839319471
643338,"Green, Chad","Pit",147,532,532,373,20.182,159,20.182,0.0018796992481203006,0.9511278195488722,0.046992481203007516
592826,"Velasquez, Vince","Pit",145,579,579,365,20.185,214,20.185,0.04835924006908463,0.8359240069084629,0.1157167530224525
544931,"Strasburg, Stephen","Pit",120,1548,1548,1131,20.187,417,20.187,0.010981912144702842,0.9315245478036176,0.05749354005167959
504379,"Nicasio, Juan","Pit",136,328,328,209,20.187,119,20.187,0.07621951219512195,0.75,0.17378048780487804
605232,"Finnegan, Brandon","Pit",113,343,343,231,20.19,112,20.19,0.10204081632653061,0.7842565597667639,0.11370262390670553
457117,"Frieri, Ernesto","Pit",108,486,486,265,20.192,221,20.192,0.024691358024691357,0.845679012345679,0.12962962962962962
500721,"Medina, Yoervis","Pit",136,475,475,268,20.193,207,20.193,0.031578947368421054,0.911578947368421,0.056842105263157895
663776,"Sandoval, Patrick","Pit",108,671,671,444,20.195,227,20.195,0.01788375558867362,0.886736214605067,0.09538002980625931
527054,"Teheran, Julio","Pit",108,260,260,168,20.197,92,20.197,0.03461538461538462,0.8884615384615384,0.07692307692307693
595014,"Treinen, Blake","Pit",120,446,446,276,20.2,170,20.2,0.09641255605381166,0.7690582959641256,0.13452914798206278
664948,"Misiewicz, Anthony","Pit",136,353,353,208,20.201,145,20.201,0.0084985835694051,0.8753541076487252,0.11614730878186968
605400,"Nola, Aaron","Pit",143,1335,1335,881,20.202,454,20.202,0.008988764044943821,0.8711610486891386,0.1198501872659176
460024,"Hochevar, Luke","Pit",118,395,395,243,20.203,152,20.203,0.06835443037974684,0.7873417721518987,0.14430379746835442
543935,"Wilson, Alex","Pit",116,428,428,253,20.205,175,20.205,0.07710280373831775,0.764018691588785,0.1588785046728972
543409,"Kohn, Michael","Pit",108,395,395,184,20.205,211,20.205,0.015189873417721518,0.8531645569620253,0.13164556962025317
488846,"Duensing, Brian","Pit",142,334,334,188,20.207,146,20.207,0.12874251497005987,0.7155688622754491,0.15568862275449102
628317,"Maeda, Kenta","Pit",142,771,771,518,20.209,253,20.209,0.010376134889753566,0.8923476005188068,0.09727626459143969
542882,"Andriese, Matt","Pit",136,363,363,219,20.211,144,20.211,0.03581267217630854,0.7823691460055097,0.18181818181818182
614179,"Ruiz, José","Pit",145,453,453,288,20.216,165,20.216,0.024282560706401765,0.9381898454746137,0.037527593818984545
592773,"Stanek, Ryne","Pit",139,463,463,324,20.22,139,20.22,0.0021598272138228943,0.9654427645788337,0.032397408207343416
605218,"Edwards Jr., Carl","Pit",112,416,416,252,20.22,164,20.22,0.016826923076923076,0.90625,0.07692307692307693
571656,"Farmer, Buck","Pit",116,520,520,299,20.221,221,20.221,0.0057692307692307696,0.9442307692307692,0.05
502042,"Archer, Chris","Pit",142,872,872,586,20.227,286,20.227,0.009174311926605505,0.9403669724770642,0.05045871559633028
476595,"Luetge, Lucas","Pit",147,509,509,326,20.227,183,20.227,0.023575638506876228,0.8801571709233792,0.0962671905697446
502154,"Britton, Zack","Pit",110,395,395,257,20.227,138,20.227,0.08607594936708861,0.7620253164556962,0.1518987341772152
605155,"Brewer, Colten","Pit",111,207,207,128,20.229,79,20.229,0.004830917874396135,0.9516908212560387,0.043478260869565216
474029,"Putnam, Zach","Pit",145,331,331,233,20.231,98,20.231,0.11782477341389729,0.7824773413897281,0.09969788519637462
457768,"Morris, Bryan","Pit",146,428,428,242,20.236,186,20.236,0.08177570093457943,0.7336448598130841,0.18457943925233644
471911,"Carrasco, Carlos","Pit",114,1004,1004,710,20.247,294,20.247,0.060756972111553786,0.8227091633466136,0.11653386454183266
664208,"Maton, Phil","Pit",117,500,500,237,20.247,263,20.247,0.002,0.954,0.044
502085,"Robertson, David","Pit",145,436,436,326,20.25,110,20.25,0.08944954128440367,0.805045871559633,0.10550458715596331
519443,"Workman, Brandon","Pit",111,625,625,395,20.253,230,20.253,0.0272,0.8688,0.104
501697,"Mariñez, Jhan","Pit",140,420,420,231,20.254,189,20.254,0.01904761904761905,0.9214285714285714,0.05952380952380952
605359,"Marshall, Evan","Pit",109,332,332,192,20.258,140,20.258,0.0030120481927710845,0.9367469879518072,0.060240963855421686
570488,"Valdez, Phillips","Pit",111,331,331,199,20.273,132,20.273,0.01812688821752266,0.9365558912386707,0.045317220543806644
457117,"Frieri, Ernesto","Pit",134,338,338,235,20.274,103,20.274,0.014792899408284023,0.9319526627218935,0.05325443786982249
592169,"Brice, Austin","Pit",111,174,174,97,20.275,77,20.275,0,0.9310344827586207,0.06896551724137931
476589,"Warren, Adam","Pit",147,612,612,381,20.275,231,20.275,0.026143790849673203,0.8954248366013072,0.0784313725490196
570663,"Robles, Hansel","Pit",121,614,614,339,20.283,275,20.283,0.05863192182410423,0.7638436482084691,0.1775244299674267
600526,"Torres, José","Pit",135,467,467,299,20.287,168,20.287,0.006423982869379015,0.9400428265524625,0.05353319057815846
664208,"Maton, Phil","Pit",135,325,325,194,20.287,131,20.287,0,0.9661538461538461,0.033846153846153845
592390,"Hembree, Heath","Pit",111,469,469,276,20.287,193,20.287,0,0.9211087420042644,0.07889125799573561
622259,"Wingenter, Trey","Pit",135,406,406,276,20.287,130,20.287,0.0024630541871921183,0.9236453201970444,0.07389162561576355
502083,"McAllister, Zach","Pit",114,436,436,297,20.287,139,20.287,0.016055045871559634,0.9174311926605505,0.06651376146788991
429719,"Jackson, Edwin","Pit",135,636,636,398,20.289,238,20.289,0.10220125786163523,0.7311320754716981,0.16666666666666666
656557,"Houck, Tanner","Pit",111,419,419,256,20.299,163,20.299,0.011933174224343675,0.9474940334128878,0.0405727923627685
425514,"Bell, Heath","Pit",109,507,507,269,20.307,238,20.307,0.0039447731755424065,0.873767258382643,0.1222879684418146
285064,"Vogelsong, Ryan","Pit",137,1148,1148,723,20.316,425,20.316,0.07142857142857142,0.7752613240418118,0.15331010452961671
451773,"De La Rosa, Dane","Pit",108,548,548,335,20.32,213,20.32,0.0018248175182481751,0.885036496350365,0.11313868613138686
473879,"Dyson, Sam","Pit",140,439,439,256,20.324,183,20.324,0.05011389521640091,0.7949886104783599,0.1548974943052392
452733,"Gorzelanny, Tom","Pit",116,333,333,156,20.327,177,20.327,0.11411411411411411,0.6966966966966966,0.1891891891891892
592332,"Gausman, Kevin","Pit",141,1031,1031,681,20.331,350,20.331,0.01066925315227934,0.9456838021338506,0.04364694471387003
502028,"Wood, Blake","Pit",113,580,580,328,20.334,252,20.334,0.05862068965517241,0.8568965517241379,0.08448275862068966
657044,"Thompson, Ryan","Pit",139,214,214,140,20.336,74,20.336,0.009345794392523364,0.9299065420560748,0.06074766355140187
472610,"García, Luis","Pit",143,490,490,272,20.338,218,20.338,0.08163265306122448,0.7653061224489796,0.15306122448979592
605538,"Wisler, Matt","Pit",139,343,343,214,20.342,129,20.342,0.029154518950437316,0.9183673469387755,0.052478134110787174
607560,"Harper, Ryne","Pit",120,176,176,95,20.349,81,20.349,0,0.9431818181818182,0.056818181818181816
608717,"Stratton, Chris","Pit",138,482,482,263,20.353,219,20.353,0.008298755186721992,0.9253112033195021,0.06639004149377593
502026,"Jeffress, Jeremy","Pit",158,542,542,365,20.354,177,20.354,0.00922509225092251,0.8690036900369004,0.12177121771217712
502026,"Jeffress, Jeremy","Pit",158,524,524,282,20.354,242,20.354,0.0057251908396946565,0.8702290076335878,0.12404580152671756
434378,"Verlander, Justin","Pit",117,1455,1455,1061,20.354,394,20.354,0.021305841924398626,0.8769759450171821,0.10171821305841924
489334,"Stammen, Craig","Pit",135,484,484,280,20.354,204,20.354,0.01859504132231405,0.7975206611570248,0.18388429752066116
433589,"Petit, Yusmeiro","Pit",133,470,470,269,20.356,201,20.356,0.002127659574468085,0.9468085106382979,0.05106382978723404
424144,"Pérez, Oliver","Pit",109,467,467,262,20.356,205,20.356,0.01284796573875803,0.9079229122055674,0.07922912205567452
669622,"Bender, Anthony","Pit",146,502,502,298,20.365,204,20.365,0.00796812749003984,0.8884462151394422,0.10358565737051793
542585,"Cisnero, José","Pit",116,511,511,290,20.367,221,20.367,0.0019569471624266144,0.9197651663405088,0.07827788649706457
656756,"Montgomery, Jordan","Pit",138,1174,1174,827,20.368,347,20.368,0.05110732538330494,0.8611584327086882,0.08773424190800681
477569,"Salas, Fernando","Pit",121,496,496,340,20.377,156,20.377,0.07459677419354839,0.8346774193548387,0.0907258064516129
450212,"Neshek, Pat","Pit",117,371,371,215,20.378,156,20.378,0.0889487870619946,0.7789757412398922,0.1320754716981132
455374,"Bastardo, Antonio","Pit",134,427,427,258,20.381,169,20.381,0.11241217798594848,0.6978922716627635,0.18969555035128804
459429,"McGee, Jake","Pit",137,336,336,219,20.383,117,20.383,0,0.8690476190476191,0.13095238095238096
572193,"Tepera, Ryan","Pit",141,439,439,260,20.387,179,20.387,0.01366742596810934,0.89749430523918,0.0888382687927107
642231,"Yacabonis, Jimmy","Pit",110,385,385,233,20.387,152,20.387,0.015584415584415584,0.9038961038961039,0.08051948051948052
542888,"Armstrong, Shawn","Pit",110,488,488,247,20.387,241,20.387,0,0.9344262295081968,0.06557377049180328
518603,"De Fratus, Justin","Pit",143,338,338,142,20.404,196,20.404,0.0029585798816568047,0.9260355029585798,0.07100591715976332
642232,"Yarbrough, Ryan","Pit",139,1161,1161,750,20.407,411,20.407,0.024978466838931956,0.8854435831180018,0.08957795004306632
641729,"Jiménez, Joe","Pit",116,464,464,328,20.42,136,20.42,0.0021551724137931034,0.9655172413793104,0.032327586206896554
660271,"Ohtani, Shohei","Pit",108,405,405,263,20.421,142,20.421,0.024691358024691357,0.8716049382716049,0.1037037037037037
407822,"De La Rosa, Jorge","Pit",115,1404,1404,973,20.424,431,20.424,0.03347578347578348,0.8710826210826211,0.09544159544159544
542914,"Bass, Anthony","Pit",141,430,430,276,20.431,154,20.431,0,0.9441860465116279,0.05581395348837209
663986,"Stephan, Trevor","Pit",114,438,438,255,20.436,183,20.436,0.0091324200913242,0.9018264840182648,0.08904109589041095
458677,"Wilson, Justin","Pit",121,154,154,74,20.438,80,20.438,0.006493506493506494,0.8766233766233766,0.11688311688311688
453265,"Watson, Tony","Pit",137,132,132,84,20.44,48,20.44,0.007575757575757576,0.9090909090909091,0.08333333333333333
608723,"Voth, Austin","Pit",120,441,441,269,20.444,172,20.444,0.013605442176870748,0.9206349206349206,0.06575963718820861
554340,"García, Yimi","Pit",141,493,493,312,20.446,181,20.446,0.002028397565922921,0.922920892494929,0.07505070993914807
459429,"McGee, Jake","Pit",115,375,375,224,20.446,151,20.446,0.056,0.7466666666666667,0.19733333333333333
542914,"Bass, Anthony","Pit",141,188,188,130,20.448,58,20.448,0.005319148936170213,0.9627659574468085,0.031914893617021274
434442,"Howell, J.P.","Pit",119,356,356,231,20.45,125,20.45,0.09550561797752809,0.7528089887640449,0.15168539325842698
518603,"De Fratus, Justin","Pit",143,330,330,204,20.451,126,20.451,0.006060606060606061,0.9242424242424242,0.0696969696969697
542882,"Andriese, Matt","Pit",109,531,531,321,20.454,210,20.454,0.022598870056497175,0.7457627118644068,0.23163841807909605
407822,"De La Rosa, Jorge","Pit",115,1085,1085,738,20.464,347,20.464,0.07557603686635944,0.7723502304147466,0.15207373271889402
621363,"Poche, Colin","Pit",139,406,406,260,20.468,146,20.468,0.019704433497536946,0.9482758620689655,0.03201970443349754
456034,"Price, David","Pit",119,522,522,284,20.471,238,20.471,0.009578544061302681,0.9157088122605364,0.07471264367816093
676051,"Heuer, Codi","Pit",145,175,175,113,20.479,62,20.479,0.022857142857142857,0.9142857142857143,0.06285714285714286
642232,"Yarbrough, Ryan","Pit",139,342,342,227,20.479,115,20.479,0.04678362573099415,0.8538011695906432,0.09941520467836257
488748,"Buchter, Ryan","Pit",135,547,547,369,20.48,178,20.48,0.0712979890310786,0.8372943327239488,0.09140767824497258
425492,"Madson, Ryan","Pit",133,423,423,273,20.482,150,20.482,0.11583924349881797,0.7588652482269503,0.12529550827423167
516769,"Mejia, Jenrry","Pit",121,704,704,436,20.485,268,20.485,0.07244318181818182,0.828125,0.09943181818181818
606149,"Gallegos, Giovanny","Pit",138,484,484,333,20.487,151,20.487,0.008264462809917356,0.9338842975206612,0.05785123966942149
456034,"Price, David","Pit",111,847,847,507,20.487,340,20.487,0.02243211334120425,0.79456906729634,0.18299881936245574
446099,"Axford, John","Pit",119,440,440,286,20.487,154,20.487,0.013636363636363636,0.925,0.06136363636363636
451584,"Davis, Wade","Pit",112,445,445,299,20.487,146,20.487,0.01348314606741573,0.8741573033707866,0.11235955056179775
592454,"Kahnle, Tommy","Pit",147,408,408,222,20.487,186,20.487,0.00980392156862745,0.8504901960784313,0.13970588235294118
641941,"Pagán, Emilio","Pit",133,414,414,274,20.487,140,20.487,0.024154589371980676,0.8188405797101449,0.1570048309178744
554340,"García, Yimi","Pit",117,430,430,242,20.489,188,20.489,0,0.8930232558139535,0.10697674418604651
425844,"Greinke, Zack","Pit",109,1112,1112,785,20.491,327,20.491,0.10341726618705036,0.7562949640287769,0.14028776978417265
459987,"Ramos, Cesár","Pit",108,326,326,163,20.492,163,20.492,0.06134969325153374,0.7484662576687117,0.1901840490797546
501789,"Harris, Will","Pit",120,139,139,78,20.493,61,20.493,0,0.9640287769784173,0.03597122302158273
451584,"Davis, Wade","Pit",118,538,538,332,20.514,206,20.514,0.026022304832713755,0.8382899628252788,0.13568773234200743
458676,"Lindblom, Josh","Pit",158,393,393,236,20.514,157,20.514,0.005089058524173028,0.9185750636132316,0.07633587786259542
542674,"Germen, Gonzalez","Pit",115,337,337,210,20.516,127,20.516,0.0830860534124629,0.7685459940652819,0.14836795252225518
608678,"Leone, Dominic","Pit",141,472,472,295,20.52,177,20.52,0.00423728813559322,0.9385593220338984,0.057203389830508475
553878,"Vázquez, Felipe","Pit",134,507,507,276,20.52,231,20.52,0.10650887573964497,0.7712031558185405,0.1222879684418146
572888,"Greene, Shane","Pit",116,511,511,340,20.521,171,20.521,0.005870841487279843,0.9021526418786693,0.09197651663405088
661255,"López, Yoan","Pit",109,399,399,274,20.521,125,20.521,0.010025062656641603,0.9072681704260651,0.08270676691729323
605447,"Romano, Jordan","Pit",141,416,416,236,20.521,180,20.521,0.007211538461538462,0.9254807692307693,0.0673076923076923
532077,"Osuna, Roberto","Pit",141,379,379,280,20.521,99,20.521,0.04221635883905013,0.862796833773087,0.09498680738786279
518617,"Diekman, Jake","Pit",133,532,532,274,20.521,258,20.521,0.0037593984962406013,0.8759398496240601,0.12030075187969924
456034,"Price, David","Pit",141,1496,1496,1028,20.522,468,20.522,0.10160427807486631,0.7078877005347594,0.19050802139037434
594577,"Mayers, Mike","Pit",108,568,568,340,20.522,228,20.522,0.03169014084507042,0.8838028169014085,0.08450704225352113
670280,"Bednar, David","Pit",134,367,367,232,20.531,135,20.531,0.013623978201634877,0.9046321525885559,0.08174386920980926
547888,"Tanaka, Masahiro","Pit",147,1032,1032,755,20.531,277,20.531,0.07751937984496124,0.7558139534883721,0.16666666666666666
518633,"Duffy, Danny","Pit",118,454,454,301,20.533,153,20.533,0.006607929515418502,0.9383259911894273,0.05506607929515418
451775,"Rodriguez Jr., Fernando","Pit",133,407,407,264,20.54,143,20.54,0.08845208845208845,0.7616707616707616,0.14987714987714987
458681,"Lynn, Lance","Pit",145,1105,1105,696,20.54,409,20.54,0.01085972850678733,0.8877828054298642,0.10135746606334842
453329,"Buchholz, Clay","Pit",111,729,729,487,20.54,242,20.54,0.09053497942386832,0.7297668038408779,0.17969821673525377
669330,"Wells, Tyler","Pit",110,352,352,234,20.544,118,20.544,0.011363636363636364,0.9346590909090909,0.05397727272727273
124604,"Wright, Jamey","Pit",119,463,463,270,20.544,193,20.544,0.017278617710583154,0.8747300215982722,0.1079913606911447
502043,"Gibson, Kyle","Pit",143,1364,1364,926,20.557,438,20.557,0.020527859237536656,0.8533724340175953,0.12609970674486803
453343,"Melancon, Mark","Pit",109,402,402,234,20.558,168,20.558,0.004975124378109453,0.8059701492537313,0.1890547263681592
458584,"Cedeño, Xavier","Pit",139,335,335,200,20.576,135,20.576,0.06865671641791045,0.7910447761194029,0.14029850746268657
477569,"Salas, Fernando","Pit",108,427,427,297,20.577,130,20.577,0.00234192037470726,0.9531615925058547,0.04449648711943794
466948,"Machi, Jean","Pit",111,401,401,217,20.579,184,20.579,0.09226932668329177,0.6932668329177057,0.2144638403990025
446321,"Detwiler, Ross","Pit",135,417,417,249,20.582,168,20.582,0.009592326139088728,0.9064748201438849,0.08393285371702638
407822,"De La Rosa, Jorge","Pit",109,345,345,220,20.587,125,20.587,0.005797101449275362,0.9304347826086956,0.06376811594202898
606424,"García, Jarlín","Pit",146,349,349,225,20.587,124,20.587,0.03151862464183381,0.8997134670487106,0.06876790830945559
642152,"Trivino, Lou","Pit",133,390,390,214,20.587,176,20.587,0,0.9,0.1
407822,"De La Rosa, Jorge","Pit",112,427,427,271,20.588,156,20.588,0.00936768149882904,0.9414519906323185,0.04918032786885246
449079,"Wright, Wesley","Pit",112,369,369,206,20.591,163,20.591,0.02168021680216802,0.9186991869918699,0.05962059620596206
451584,"Davis, Wade","Pit",118,480,480,339,20.6,141,20.6,0.06666666666666667,0.8125,0.12083333333333333
667427,"Jackson, Zach","Pit",133,436,436,254,20.603,182,20.603,0.0045871559633027525,0.9243119266055045,0.07110091743119266
605347,"López, Jorge","Pit",142,510,510,291,20.608,219,20.608,0.00784313725490196,0.888235294117647,0.10392156862745099
554431,"Matzek, Tyler","Pit",144,192,192,116,20.611,76,20.611,0.010416666666666666,0.9427083333333334,0.046875
501697,"Mariñez, Jhan","Pit",158,408,408,219,20.617,189,20.617,0.0857843137254902,0.7769607843137255,0.13725490196078433
621381,"Strahm, Matt","Pit",111,340,340,183,20.62,157,20.62,0.0029411764705882353,0.95,0.047058823529411764
571656,"Farmer, Buck","Pit",116,589,589,344,20.62,245,20.62,0.003395585738539898,0.9575551782682513,0.03904923599320883
501817,"Barnette, Tony","Pit",140,435,435,237,20.62,198,20.62,0.004597701149425287,0.8942528735632184,0.10114942528735632
452718,"Kendrick, Kyle","Pit",115,1024,1024,711,20.621,313,20.621,0.060546875,0.783203125,0.15625
605525,"Wendelken, J.B.","Pit",109,335,335,191,20.627,144,20.627,0,0.9164179104477612,0.08358208955223881
519293,"Smith, Will","Pit",144,463,463,320,20.629,143,20.629,0.0021598272138228943,0.9460043196544277,0.05183585313174946
573204,"Thielbar, Caleb","Pit",142,389,389,220,20.632,169,20.632,0.002570694087403599,0.9357326478149101,0.061696658097686374
490063,"Garza, Matt","Pit",158,775,775,465,20.632,310,20.632,0.04,0.7690322580645161,0.19096774193548388
547943,"Ryu, Hyun Jin","Pit",141,507,507,326,20.636,181,20.636,0,0.9250493096646942,0.07495069033530571
592102,"Allen, Cody","Pit",114,490,490,295,20.641,195,20.641,0.01020408163265306,0.8510204081632653,0.13877551020408163
457768,"Morris, Bryan","Pit",146,338,338,202,20.641,136,20.641,0.014792899408284023,0.8431952662721893,0.14201183431952663
614179,"Ruiz, José","Pit",145,509,509,271,20.647,238,20.647,0.029469548133595286,0.9037328094302554,0.06679764243614932
572955,"Johnson, Pierce","Pit",135,153,153,77,20.651,76,20.651,0.006535947712418301,0.9084967320261438,0.08496732026143791
623465,"Phillips, Evan","Pit",119,433,433,285,20.653,148,20.653,0,0.9422632794457275,0.057736720554272515
445213,"Kintzler, Brandon","Pit",112,447,447,262,20.654,185,20.654,0.0044742729306487695,0.9149888143176734,0.08053691275167785
650895,"Castillo, Diego","Pit",139,524,524,330,20.654,194,20.654,0.0019083969465648854,0.9370229007633588,0.061068702290076333
663855,"Hicks, Jordan","Pit",138,604,604,343,20.654,261,20.654,0.0347682119205298,0.8708609271523179,0.09437086092715231
598287,"Ramirez, Noé","Pit",108,532,532,349,20.654,183,20.654,0.0018796992481203006,0.9210526315789473,0.07706766917293233
595881,"Beede, Tyler","Pit",134,505,505,275,20.657,230,20.657,0.03762376237623762,0.8871287128712871,0.07524752475247524
489265,"Romo, Sergio","Pit",133,514,514,323,20.658,191,20.658,0.0038910505836575876,0.9124513618677043,0.08365758754863813
543881,"Villarreal, Pedro","Pit",113,325,325,196,20.664,129,20.664,0.08307692307692308,0.7569230769230769,0.16
476454,"Betances, Dellin","Pit",147,667,667,370,20.667,297,20.667,0.05247376311844078,0.8185907046476761,0.12893553223388307
451661,"Fields, Josh","Pit",117,409,409,238,20.671,171,20.671,0.03178484107579462,0.8875305623471883,0.08068459657701711
592102,"Allen, Cody","Pit",114,520,520,322,20.677,198,20.677,0.04423076923076923,0.7615384615384615,0.19423076923076923
518813,"Holland, Greg","Pit",118,494,494,338,20.682,156,20.682,0.03441295546558704,0.9068825910931174,0.058704453441295545
608337,"Giolito, Lucas","Pit",145,1227,1227,791,20.683,436,20.683,0.004889975550122249,0.9372453137734311,0.05786471067644662
624586,"Hoyt, James","Pit",117,364,364,235,20.687,129,20.687,0.005494505494505495,0.9258241758241759,0.06868131868131869
519151,"Pressly, Ryan","Pit",142,384,384,231,20.687,153,20.687,0.0026041666666666665,0.9010416666666666,0.09635416666666667
502154,"Britton, Zack","Pit",110,460,460,322,20.689,138,20.689,0.058695652173913045,0.8673913043478261,0.07391304347826087
518617,"Diekman, Jake","Pit",133,172,172,105,20.691,67,20.691,0.005813953488372093,0.8953488372093024,0.09883720930232558
471822,"Díaz, Jumbo","Pit",113,441,441,293,20.692,148,20.692,0.07709750566893424,0.7777777777777778,0.14512471655328799
502043,"Gibson, Kyle","Pit",140,544,544,331,20.692,213,20.692,0.0055147058823529415,0.8878676470588235,0.10661764705882353
592332,"Gausman, Kevin","Pit",137,1226,1226,864,20.693,362,20.693,0.01631321370309951,0.9159869494290375,0.06769983686786298
607572,"Howard, Sam","Pit",134,374,374,223,20.693,151,20.693,0.016042780748663103,0.8823529411764706,0.10160427807486631
502154,"Britton, Zack","Pit",110,503,503,364,20.693,139,20.693,0.033797216699801194,0.9105367793240556,0.055666003976143144
666201,"Manoah, Alek","Pit",141,1280,1280,870,20.7,410,20.7,0.00859375,0.8703125,0.12109375
667297,"Nance, Tommy","Pit",146,341,341,174,20.707,167,20.707,0.002932551319648094,0.9384164222873901,0.05865102639296188
571656,"Farmer, Buck","Pit",116,341,341,185,20.709,156,20.709,0.002932551319648094,0.9354838709677419,0.06158357771260997
670167,"Schreiber, John","Pit",111,493,493,283,20.716,210,20.716,0.002028397565922921,0.9269776876267748,0.07099391480730223
605177,"Chafin, Andrew","Pit",109,359,359,236,20.72,123,20.72,0.008356545961002786,0.9164345403899722,0.07520891364902507
519151,"Pressly, Ryan","Pit",142,500,500,278,20.72,222,20.72,0.052,0.82,0.128
592454,"Kahnle, Tommy","Pit",115,324,324,150,20.72,174,20.72,0.046296296296296294,0.7592592592592593,0.19444444444444445
621237,"Alvarado, José","Pit",139,508,508,320,20.721,188,20.721,0.01968503937007874,0.8346456692913385,0.14566929133858267
451584,"Davis, Wade","Pit",118,326,326,207,20.726,119,20.726,0.012269938650306749,0.911042944785276,0.07668711656441718
518748,"Grimm, Justin","Pit",112,429,429,238,20.727,191,20.727,0.10023310023310024,0.7832167832167832,0.11655011655011654
346797,"Balfour, Grant","Pit",139,551,551,318,20.729,233,20.729,0.010889292196007259,0.8602540834845736,0.12885662431941924
605540,"Woodruff, Brandon","Pit",158,1211,1211,859,20.73,352,20.73,0.006606110652353427,0.9149463253509497,0.07844756399669695
592665,"Reed, Addison","Pit",145,516,516,335,20.732,181,20.732,0.001937984496124031,0.9612403100775194,0.03682170542635659
476451,"Hellickson, Jeremy","Pit",109,1126,1126,735,20.736,391,20.736,0.07282415630550622,0.7406749555950266,0.18650088809946713
503285,"O'Day, Darren","Pit",110,464,464,254,20.744,210,20.744,0.004310344827586207,0.9073275862068966,0.08836206896551724
518748,"Grimm, Justin","Pit",112,518,518,329,20.748,189,20.748,0.03474903474903475,0.859073359073359,0.10617760617760617
502026,"Jeffress, Jeremy","Pit",158,387,387,246,20.754,141,20.754,0.002583979328165375,0.9328165374677002,0.06459948320413436
502212,"Bibens-Dirkx, Austin","Pit",140,339,339,239,20.754,100,20.754,0.011799410029498525,0.9498525073746312,0.038348082595870206
660853,"De Los Santos, Enyel","Pit",114,348,348,213,20.774,135,20.774,0.0028735632183908046,0.9339080459770115,0.06321839080459771
521230,"Hendriks, Liam","Pit",133,143,143,95,20.777,48,20.777,0.03496503496503497,0.8601398601398601,0.1048951048951049
605309,"Kela, Keone","Pit",140,447,447,261,20.778,186,20.778,0.07606263982102908,0.7427293064876958,0.18120805369127516
608723,"Voth, Austin","Pit",110,795,795,481,20.778,314,20.778,0.0012578616352201257,0.9433962264150944,0.055345911949685536
660271,"Ohtani, Shohei","Pit",108,918,918,591,20.781,327,20.781,0.006535947712418301,0.8736383442265795,0.11982570806100218
506433,"Darvish, Yu","Pit",112,343,343,239,20.787,104,20.787,0.01749271137026239,0.9008746355685131,0.08163265306122448
527054,"Teheran, Julio","Pit",144,1425,1425,935,20.787,490,20.787,0.01263157894736842,0.8750877192982456,0.11228070175438597
543056,"Coulombe, Danny","Pit",133,448,448,269,20.788,179,20.788,0.004464285714285714,0.9084821428571429,0.08705357142857142
502043,"Gibson, Kyle","Pit",142,1211,1211,782,20.788,429,20.788,0.02477291494632535,0.8637489677952106,0.11147811725846409
453343,"Melancon, Mark","Pit",135,475,475,262,20.8,213,20.8,0.010526315789473684,0.7810526315789473,0.20842105263157895
449097,"Papelbon, Jonathan","Pit",120,334,334,225,20.8,109,20.8,0.08383233532934131,0.7754491017964071,0.1407185628742515
543935,"Wilson, Alex","Pit",116,509,509,326,20.8,183,20.8,0.06286836935166994,0.7779960707269156,0.15913555992141454
605400,"Nola, Aaron","Pit",143,529,529,366,20.811,163,20.811,0.001890359168241966,0.9130434782608695,0.08506616257088846
445197,"Dunn, Mike","Pit",146,494,494,311,20.811,183,20.811,0.010121457489878543,0.9149797570850202,0.07489878542510121
650895,"Castillo, Diego","Pit",139,155,155,100,20.815,55,20.815,0,0.9096774193548387,0.09032258064516129
453343,"Melancon, Mark","Pit",134,469,469,331,20.815,138,20.815,0.07889125799573561,0.7164179104477612,0.2046908315565032
592135,"Bedrosian, Cam","Pit",108,523,523,312,20.821,211,20.821,0.0038240917782026767,0.869980879541109,0.12619502868068833
451584,"Davis, Wade","Pit",115,510,510,361,20.821,149,20.821,0.011764705882352941,0.8823529411764706,0.10588235294117647
490063,"Garza, Matt","Pit",158,848,848,544,20.821,304,20.821,0.02122641509433962,0.8667452830188679,0.11202830188679246
461325,"Clippard, Tyler","Pit",117,471,471,276,20.821,195,20.821,0.004246284501061571,0.821656050955414,0.1740976645435244
572955,"Johnson, Pierce","Pit",135,493,493,341,20.821,152,20.821,0.014198782961460446,0.8661257606490872,0.11967545638945233
276351,"Grilli, Jason","Pit",140,360,360,209,20.821,151,20.821,0.002777777777777778,0.8888888888888888,0.10833333333333334
150274,"Nathan, Joe","Pit",116,475,475,300,20.823,175,20.823,0.00631578947368421,0.7747368421052632,0.21894736842105264
606160,"Montero, Rafael","Pit",140,136,136,81,20.839,55,20.839,0.007352941176470588,0.9044117647058824,0.08823529411764706
430641,"Boyer, Blaine","Pit",158,438,438,237,20.841,201,20.841,0.0639269406392694,0.7557077625570776,0.18036529680365296
605177,"Chafin, Andrew","Pit",133,397,397,256,20.844,141,20.844,0.005037783375314861,0.8992443324937027,0.09571788413098237
605130,"Barlow, Scott","Pit",118,550,550,337,20.846,213,20.846,0.01090909090909091,0.9345454545454546,0.05454545454545454
434378,"Verlander, Justin","Pit",116,1559,1559,1125,20.847,434,20.847,0.05323925593329057,0.7985888389993585,0.14817190506735087
489334,"Stammen, Craig","Pit",135,581,581,370,20.854,211,20.854,0.0051635111876075735,0.8502581755593803,0.14457831325301204
543935,"Wilson, Alex","Pit",116,400,400,259,20.854,141,20.854,0.0425,0.8575,0.1
502154,"Britton, Zack","Pit",147,130,130,92,20.856,38,20.856,0,0.9,0.1
502085,"Robertson, David","Pit",147,513,513,347,20.858,166,20.858,0.021442495126705652,0.9122807017543859,0.06627680311890838
650893,"Cabrera, Génesis","Pit",138,326,326,216,20.862,110,20.862,0.003067484662576687,0.9141104294478528,0.08282208588957055
408061,"Rodríguez, Francisco","Pit",110,335,335,224,20.868,111,20.868,0.008955223880597015,0.8746268656716418,0.11641791044776119
608717,"Stratton, Chris","Pit",134,235,235,157,20.876,78,20.876,0.00425531914893617,0.9191489361702128,0.07659574468085106
592741,"Shreve, Chasen","Pit",134,397,397,211,20.877,186,20.877,0.005037783375314861,0.8589420654911839,0.13602015113350127
608328,"De Jong, Chase","Pit",134,561,561,332,20.88,229,20.88,0.016042780748663103,0.9001782531194296,0.08377896613190731
621112,"Blackburn, Paul","Pit",133,862,862,597,20.881,265,20.881,0.008120649651972157,0.9071925754060325,0.08468677494199536
425492,"Madson, Ryan","Pit",118,397,397,250,20.884,147,20.884,0.07556675062972293,0.8085642317380353,0.11586901763224182
461325,"Clippard, Tyler","Pit",114,410,410,294,20.887,116,20.887,0,0.875609756097561,0.12439024390243902
461325,"Clippard, Tyler","Pit",141,481,481,309,20.887,172,20.887,0,0.8773388773388774,0.12266112266112267
594027,"Guerrero, Tayron","Pit",146,513,513,307,20.888,206,20.888,0.011695906432748537,0.9005847953216374,0.08771929824561403
516969,"Herrera, Kelvin","Pit",118,440,440,233,20.893,207,20.893,0.020454545454545454,0.8931818181818182,0.08636363636363636
425426,"Wang, Chien-Ming","Pit",118,364,364,183,20.895,181,20.895,0.06868131868131869,0.8324175824175825,0.0989010989010989
459987,"Ramos, Cesár","Pit",139,434,434,260,20.899,174,20.899,0.009216589861751152,0.9147465437788018,0.07603686635944701
501822,"Hatcher, Chris","Pit",119,348,348,219,20.9,129,20.9,0.07471264367816093,0.7270114942528736,0.19827586206896552
521230,"Hendriks, Liam","Pit",145,396,396,295,20.906,101,20.906,0.03787878787878788,0.8434343434343434,0.11868686868686869
623352,"Hader, Josh","Pit",158,404,404,266,20.91,138,20.91,0.022277227722772276,0.8465346534653465,0.1311881188118812
461872,"Swarzak, Anthony","Pit",144,450,450,298,20.921,152,20.921,0.02666666666666667,0.8844444444444445,0.08888888888888889
592454,"Kahnle, Tommy","Pit",115,465,465,284,20.93,181,20.93,0.015053763440860216,0.8623655913978494,0.12258064516129032
506433,"Darvish, Yu","Pit",135,1305,1305,931,20.938,374,20.938,0.013026819923371647,0.9172413793103448,0.06973180076628352
641755,"Kinley, Tyler","Pit",115,160,160,91,20.943,69,20.943,0.00625,0.84375,0.15
501817,"Barnette, Tony","Pit",140,388,388,207,20.943,181,20.943,0.04896907216494845,0.7757731958762887,0.17525773195876287
607572,"Howard, Sam","Pit",134,156,156,98,20.95,58,20.95,0,0.9423076923076923,0.057692307692307696
592390,"Hembree, Heath","Pit",111,476,476,291,20.954,185,20.954,0.0063025210084033615,0.8907563025210085,0.10294117647058823
473879,"Dyson, Sam","Pit",137,419,419,271,20.954,148,20.954,0.002386634844868735,0.8902147971360382,0.10739856801909307
572193,"Tepera, Ryan","Pit",141,560,560,348,20.954,212,20.954,0.0125,0.8517857142857143,0.1357142857142857
605177,"Chafin, Andrew","Pit",109,353,353,235,20.955,118,20.955,0.0113314447592068,0.8951841359773371,0.09348441926345609
493603,"Ottavino, Adam","Pit",147,583,583,325,20.955,258,20.955,0.02058319039451115,0.823327615780446,0.15608919382504288
669203,"Burnes, Corbin","Pit",158,441,441,298,20.965,143,20.965,0.009070294784580499,0.8888888888888888,0.10204081632653061
450275,"Lowe, Mark","Pit",116,396,396,205,20.966,191,20.966,0.03535353535353535,0.8207070707070707,0.14393939393939395
596112,"Stephenson, Robert","Pit",134,364,364,222,20.987,142,20.987,0,0.9065934065934066,0.09340659340659341
592773,"Stanek, Ryne","Pit",146,562,562,400,20.988,162,20.988,0.0017793594306049821,0.9626334519572953,0.03558718861209965
606930,"Barnes, Jacob","Pit",158,362,362,194,20.988,168,20.988,0.03591160220994475,0.8011049723756906,0.16298342541436464
501593,"Avilán, Luis","Pit",119,358,358,231,20.988,127,20.988,0.0111731843575419,0.8770949720670391,0.11173184357541899
434718,"Street, Huston","Pit",108,457,457,327,20.99,130,20.99,0.08971553610503283,0.7330415754923414,0.1772428884026258
282332,"Sabathia, CC","Pit",147,1421,1421,891,20.994,530,20.994,0.028149190710767064,0.8465869106263195,0.12526389866291343
570663,"Robles, Hansel","Pit",108,140,140,83,21.001,57,21.001,0.06428571428571428,0.7928571428571428,0.14285714285714285
501789,"Harris, Will","Pit",117,529,529,345,21.009,184,21.009,0.08695652173913043,0.7504725897920604,0.16257088846880907
433589,"Petit, Yusmeiro","Pit",137,739,739,503,21.01,236,21.01,0.0040595399188092015,0.8944519621109608,0.10148849797023005
656420,"Feyereisen, J.P.","Pit",139,426,426,248,21.014,178,21.014,0.007042253521126761,0.9014084507042254,0.09154929577464789
641438,"Carle, Shane","Pit",144,400,400,247,21.021,153,21.021,0.0025,0.9325,0.065
453178,"Kennedy, Ian","Pit",109,376,376,213,21.031,163,21.031,0,0.9414893617021277,0.05851063829787234
675916,"Karinchak, James","Pit",114,228,228,130,21.032,98,21.032,0.021929824561403508,0.8245614035087719,0.15350877192982457
448855,"Guerra, Junior","Pit",109,161,161,74,21.037,87,21.037,0,0.9503105590062112,0.049689440993788817
592390,"Hembree, Heath","Pit",143,146,146,85,21.048,61,21.048,0,0.8904109589041096,0.1095890410958904
664199,"Clarke, Taylor","Pit",109,322,322,224,21.052,98,21.052,0,0.9440993788819876,0.055900621118012424
570663,"Robles, Hansel","Pit",108,487,487,334,21.054,153,21.054,0.057494866529774126,0.7638603696098563,0.17864476386036962
573124,"Rogers, Taylor","Pit",142,504,504,327,21.055,177,21.055,0.007936507936507936,0.9246031746031746,0.06746031746031746
592865,"Williams, Taylor","Pit",135,128,128,64,21.056,64,21.056,0,0.875,0.125
542888,"Armstrong, Shawn","Pit",139,427,427,244,21.066,183,21.066,0,0.9742388758782201,0.02576112412177986
434378,"Verlander, Justin","Pit",116,972,972,715,21.069,257,21.069,0.06893004115226338,0.7818930041152263,0.14917695473251028
461325,"Clippard, Tyler","Pit",120,483,483,358,21.072,125,21.072,0,0.8881987577639752,0.11180124223602485
605488,"Springs, Jeffrey","Pit",139,347,347,266,21.073,81,21.073,0.01729106628242075,0.861671469740634,0.12103746397694524
474284,"Rasmus, Cory","Pit",108,398,398,282,21.084,116,21.084,0.005025125628140704,0.9095477386934674,0.08542713567839195
571656,"Farmer, Buck","Pit",116,158,158,121,21.087,37,21.087,0,0.9873417721518988,0.012658227848101266
669203,"Burnes, Corbin","Pit",158,1506,1506,1116,21.088,390,21.088,0.0013280212483399733,0.9249667994687915,0.07370517928286853
475054,"Roe, Chaz","Pit",139,489,489,264,21.088,225,21.088,0,0.918200408997955,0.081799591002045
605359,"Marshall, Evan","Pit",145,385,385,242,21.088,143,21.088,0,0.9272727272727272,0.07272727272727272
458677,"Wilson, Justin","Pit",147,434,434,263,21.098,171,21.098,0.06912442396313365,0.7788018433179723,0.15207373271889402
573124,"Rogers, Taylor","Pit",142,163,163,86,21.101,77,21.101,0,0.9202453987730062,0.07975460122699386
656546,"Hoffman, Jeff","Pit",113,381,381,228,21.103,153,21.103,0,0.9711286089238845,0.028871391076115485
461325,"Clippard, Tyler","Pit",120,470,470,331,21.105,139,21.105,0.010638297872340425,0.8872340425531915,0.10212765957446808
518703,"Furbush, Charlie","Pit",136,503,503,289,21.115,214,21.115,0.007952286282306162,0.9005964214711729,0.09145129224652088
543606,"Odorizzi, Jake","Pit",142,131,131,96,21.121,35,21.121,0.015267175572519083,0.8549618320610687,0.1297709923664122
607560,"Harper, Ryne","Pit",142,374,374,213,21.121,161,21.121,0.0053475935828877,0.9197860962566845,0.0748663101604278
458006,"Albers, Matt","Pit",120,467,467,312,21.122,155,21.122,0,0.9464668094218416,0.05353319057815846
621295,"Wittgren, Nick","Pit",114,482,482,317,21.123,165,21.123,0.008298755186721992,0.8506224066390041,0.14107883817427386
676664,"Sears, JP","Pit",133,517,517,324,21.133,193,21.133,0.0019342359767891683,0.8916827852998066,0.10638297872340426
502004,"Kontos, George","Pit",137,426,426,271,21.134,155,21.134,0.06103286384976526,0.7230046948356808,0.215962441314554
605447,"Romano, Jordan","Pit",141,436,436,264,21.135,172,21.135,0,0.9288990825688074,0.07110091743119266
656629,"Kopech, Michael","Pit",145,942,942,639,21.135,303,21.135,0.008492569002123142,0.9256900212314225,0.06581740976645435
493603,"Ottavino, Adam","Pit",121,514,514,315,21.139,199,21.139,0.0038910505836575876,0.9202334630350194,0.07587548638132295
605359,"Marshall, Evan","Pit",145,170,170,111,21.144,59,21.144,0,0.9294117647058824,0.07058823529411765
518813,"Holland, Greg","Pit",118,432,432,253,21.154,179,21.154,0,0.8865740740740741,0.11342592592592593
607457,"Barraclough, Kyle","Pit",137,331,331,195,21.155,136,21.155,0.00906344410876133,0.8821752265861027,0.10876132930513595
595014,"Treinen, Blake","Pit",133,521,521,307,21.155,214,21.155,0.0019193857965451055,0.8848368522072937,0.11324376199616124
501789,"Harris, Will","Pit",117,474,474,341,21.159,133,21.159,0.05063291139240506,0.7763713080168776,0.1729957805907173
493603,"Ottavino, Adam","Pit",147,173,173,87,21.16,86,21.16,0.023121387283236993,0.8323699421965318,0.14450867052023122
677651,"Garcia, Luis","Pit",117,1066,1066,747,21.173,319,21.173,0.012195121951219513,0.873358348968105,0.11444652908067542
446099,"Axford, John","Pit",133,566,566,341,21.184,225,21.184,0.06713780918727916,0.7332155477031802,0.19964664310954064
124604,"Wright, Jamey","Pit",139,523,523,329,21.185,194,21.185,0.0076481835564053535,0.9120458891013384,0.08030592734225621
543359,"Jennings, Dan","Pit",139,495,495,312,21.187,183,21.187,0.012121212121212121,0.8727272727272727,0.11515151515151516
461872,"Swarzak, Anthony","Pit",158,528,528,322,21.187,206,21.187,0.04734848484848485,0.8333333333333334,0.11931818181818182
642546,"Hernández, Jonathan","Pit",140,242,242,144,21.187,98,21.187,0.004132231404958678,0.8429752066115702,0.15289256198347106
519151,"Pressly, Ryan","Pit",117,448,448,269,21.188,179,21.188,0.002232142857142857,0.9107142857142857,0.08705357142857142
460283,"Blevins, Jerry","Pit",121,471,471,273,21.188,198,21.188,0.012738853503184714,0.8407643312101911,0.1464968152866242
657031,"Taylor, Josh","Pit",111,327,327,174,21.199,153,21.199,0.0061162079510703364,0.8990825688073395,0.09480122324159021
434442,"Howell, J.P.","Pit",119,435,435,267,21.201,168,21.201,0.02528735632183908,0.8413793103448276,0.13333333333333333
519293,"Smith, Will","Pit",137,482,482,341,21.221,141,21.221,0,0.9522821576763485,0.04771784232365145
543243,"Gray, Sonny","Pit",147,1197,1197,811,21.221,386,21.221,0.01086048454469507,0.8880534670008354,0.1010860484544695
606424,"García, Jarlín","Pit",137,140,140,77,21.224,63,21.224,0.014285714285714285,0.9071428571428571,0.07857142857142857
282332,"Sabathia, CC","Pit",147,1296,1296,843,21.228,453,21.228,0.05555555555555555,0.7955246913580247,0.14891975308641975
506433,"Darvish, Yu","Pit",140,708,708,465,21.234,243,21.234,0.06073446327683616,0.7782485875706214,0.16101694915254236
656547,"Holder, Jonathan","Pit",147,183,183,88,21.245,95,21.245,0,0.9508196721311475,0.04918032786885246
650556,"Abreu, Bryan","Pit",117,423,423,231,21.246,192,21.246,0.004728132387706856,0.9148936170212766,0.08037825059101655
572888,"Greene, Shane","Pit",144,205,205,120,21.252,85,21.252,0,0.8585365853658536,0.14146341463414633
450275,"Lowe, Mark","Pit",141,375,375,234,21.253,141,21.253,0.050666666666666665,0.8053333333333333,0.144
475054,"Roe, Chaz","Pit",139,374,374,224,21.254,150,21.254,0.0053475935828877,0.9010695187165776,0.09358288770053476
643354,"Hart, Donnie","Pit",110,353,353,198,21.255,155,21.255,0,0.8951841359773371,0.1048158640226629
622092,"Zimmer, Kyle","Pit",118,434,434,252,21.258,182,21.258,0.01152073732718894,0.9147465437788018,0.07373271889400922
434442,"Howell, J.P.","Pit",119,357,357,221,21.258,136,21.258,0.0196078431372549,0.7815126050420168,0.19887955182072828
592612,"Osich, Josh","Pit",112,130,130,81,21.27,49,21.27,0.007692307692307693,0.9230769230769231,0.06923076923076923
605280,"Holmes, Clay","Pit",134,442,442,220,21.287,222,21.287,0.004524886877828055,0.8755656108597285,0.11990950226244344
472610,"García, Luis","Pit",143,431,431,255,21.288,176,21.288,0.002320185614849188,0.9164733178654292,0.08120649651972157
455374,"Bastardo, Antonio","Pit",143,486,486,309,21.293,177,21.293,0.03497942386831276,0.8395061728395061,0.12551440329218108
656629,"Kopech, Michael","Pit",145,528,528,391,21.301,137,21.301,0.007575757575757576,0.9223484848484849,0.07007575757575757
676604,"Zuber, Tyler","Pit",118,207,207,127,21.303,80,21.303,0.014492753623188406,0.9130434782608695,0.07246376811594203
656731,"Megill, Tylor","Pit",121,348,348,229,21.318,119,21.318,0.0028735632183908046,0.9482758620689655,0.04885057471264368
489446,"Yates, Kirby","Pit",135,395,395,266,21.322,129,21.322,0.002531645569620253,0.8936708860759494,0.10379746835443038
518813,"Holland, Greg","Pit",118,210,210,131,21.332,79,21.332,0,0.9428571428571428,0.05714285714285714
518748,"Grimm, Justin","Pit",112,405,405,231,21.34,174,21.34,0.04197530864197531,0.7876543209876543,0.17037037037037037
621345,"Minter, A.J.","Pit",144,427,427,232,21.354,195,21.354,0.00234192037470726,0.9297423887587822,0.06791569086651054
663765,"Woodford, Jake","Pit",138,174,174,116,21.357,58,21.357,0.011494252873563218,0.9712643678160919,0.017241379310344827
461325,"Clippard, Tyler","Pit",121,528,528,324,21.363,204,21.363,0.03787878787878788,0.7481060606060606,0.21401515151515152
592390,"Hembree, Heath","Pit",111,374,374,219,21.37,155,21.37,0.06684491978609626,0.7433155080213903,0.18983957219251338
676051,"Heuer, Codi","Pit",112,431,431,226,21.374,205,21.374,0.002320185614849188,0.9234338747099768,0.07424593967517401
449097,"Papelbon, Jonathan","Pit",143,415,415,293,21.375,122,21.375,0,0.8867469879518072,0.11325301204819277
455009,"Broxton, Jonathan","Pit",138,439,439,290,21.377,149,21.377,0.0683371298405467,0.7471526195899773,0.1845102505694761
571704,"Giles, Ken","Pit",117,434,434,266,21.386,168,21.386,0.09216589861751152,0.7626728110599078,0.14516129032258066
448159,"Parra, Manny","Pit",113,335,335,200,21.387,135,21.387,0.011940298507462687,0.8507462686567164,0.1373134328358209
445213,"Kintzler, Brandon","Pit",120,524,524,334,21.388,190,21.388,0.0019083969465648854,0.8950381679389313,0.10305343511450382
465657,"Soria, Joakim","Pit",158,438,438,273,21.388,165,21.388,0.01598173515981735,0.8721461187214612,0.11187214611872145
664192,"Lucchesi, Joey","Pit",135,996,996,684,21.388,312,21.388,0,0.928714859437751,0.071285140562249
572089,"Rodríguez, Paco","Pit",119,342,342,208,21.401,134,21.401,0.017543859649122806,0.9152046783625731,0.06725146198830409
453268,"Bard, Daniel","Pit",115,436,436,286,21.406,150,21.406,0,0.8853211009174312,0.11467889908256881
664199,"Clarke, Taylor","Pit",118,333,333,186,21.416,147,21.416,0.003003003003003003,0.93993993993994,0.057057057057057055
453329,"Buchholz, Clay","Pit",111,1023,1023,666,21.418,357,21.418,0.07917888563049853,0.7321603128054741,0.18866080156402737
595014,"Treinen, Blake","Pit",133,469,469,320,21.421,149,21.421,0.0042643923240938165,0.8635394456289979,0.13219616204690832
543339,"Hudson, Daniel","Pit",134,516,516,283,21.421,233,21.421,0,0.9186046511627907,0.08139534883720931
594027,"Guerrero, Tayron","Pit",146,364,364,220,21.421,144,21.421,0.0027472527472527475,0.9313186813186813,0.06593406593406594
519326,"Strickland, Hunter","Pit",137,367,367,208,21.422,159,21.422,0.005449591280653951,0.8610354223433242,0.1335149863760218
669203,"Burnes, Corbin","Pit",158,1133,1133,835,21.433,298,21.433,0,0.8914386584289496,0.10856134157105031
519322,"Storen, Drew","Pit",120,427,427,240,21.434,187,21.434,0,0.8618266978922716,0.13817330210772832
547973,"Chapman, Aroldis","Pit",147,366,366,210,21.455,156,21.455,0.00546448087431694,0.8770491803278688,0.11748633879781421
489265,"Romo, Sergio","Pit",142,438,438,301,21.455,137,21.455,0.02054794520547945,0.8858447488584474,0.09360730593607305
433589,"Petit, Yusmeiro","Pit",137,488,488,303,21.46,185,21.46,0.07377049180327869,0.7663934426229508,0.1598360655737705
500610,"Guerra, Deolis","Pit",108,406,406,251,21.464,155,21.464,0.07142857142857142,0.7881773399014779,0.14039408866995073
543779,"Siegrist, Kevin","Pit",138,493,493,319,21.468,174,21.468,0.028397565922920892,0.8336713995943205,0.13793103448275862
642758,"Acevedo, Domingo","Pit",133,396,396,256,21.468,140,21.468,0,0.9318181818181818,0.06818181818181818
572888,"Greene, Shane","Pit",116,451,451,255,21.482,196,21.482,0.10643015521064302,0.729490022172949,0.164079822616408
489265,"Romo, Sergio","Pit",137,443,443,274,21.483,169,21.483,0.006772009029345372,0.871331828442438,0.12189616252821671
489334,"Stammen, Craig","Pit",135,326,326,187,21.484,139,21.484,0,0.8558282208588958,0.1441717791411043
451661,"Fields, Josh","Pit",117,369,369,228,21.492,141,21.492,0.07317073170731707,0.7533875338753387,0.17344173441734417
650633,"King, Michael","Pit",147,374,374,222,21.497,152,21.497,0.00267379679144385,0.8449197860962567,0.15240641711229946
518813,"Holland, Greg","Pit",118,485,485,333,21.509,152,21.509,0.004123711340206186,0.9072164948453608,0.088659793814433
543359,"Jennings, Dan","Pit",145,436,436,268,21.51,168,21.51,0.07339449541284404,0.7155963302752294,0.21100917431192662
430630,"Frasor, Jason","Pit",140,422,422,269,21.517,153,21.517,0.02132701421800948,0.8459715639810427,0.13270142180094788
554431,"Matzek, Tyler","Pit",144,451,451,258,21.518,193,21.518,0,0.8758314855875832,0.12416851441241686
516969,"Herrera, Kelvin","Pit",145,383,383,228,21.521,155,21.521,0,0.8929503916449086,0.10704960835509138
623149,"Sewald, Paul","Pit",136,443,443,306,21.539,137,21.539,0.002257336343115124,0.9164785553047404,0.08126410835214447
457915,"Guerra, Javy","Pit",120,129,129,85,21.546,44,21.546,0,0.9612403100775194,0.03875968992248062
572021,"Pazos, James","Pit",136,396,396,245,21.555,151,21.555,0.0025252525252525255,0.9116161616161617,0.08585858585858586
544727,"Familia, Jeurys","Pit",121,493,493,292,21.555,201,21.555,0.016227180527383367,0.7971602434077079,0.18661257606490872
434718,"Street, Huston","Pit",108,389,389,295,21.56,94,21.56,0.017994858611825194,0.8200514138817481,0.16195372750642673
453268,"Bard, Daniel","Pit",115,548,548,269,21.567,279,21.567,0.0018248175182481751,0.8083941605839416,0.1897810218978102
458677,"Wilson, Justin","Pit",116,429,429,265,21.578,164,21.578,0.05827505827505827,0.7692307692307693,0.17249417249417248
596720,"Neverauskas, Dovydas","Pit",134,157,157,77,21.582,80,21.582,0.006369426751592357,0.9235668789808917,0.07006369426751592
543507,"May, Trevor","Pit",142,530,530,337,21.588,193,21.588,0.0018867924528301887,0.9037735849056604,0.09433962264150944
623433,"Anderson, Nick","Pit",139,423,423,276,21.588,147,21.588,0,0.8747044917257684,0.12529550827423167
595014,"Treinen, Blake","Pit",133,419,419,230,21.589,189,21.589,0.002386634844868735,0.8711217183770883,0.12649164677804295
662253,"Muñoz, Andrés","Pit",136,414,414,274,21.589,140,21.589,0,0.9082125603864735,0.09178743961352658
592102,"Allen, Cody","Pit",114,512,512,372,21.601,140,21.601,0.041015625,0.779296875,0.1796875
445197,"Dunn, Mike","Pit",115,413,413,262,21.622,151,21.622,0.004842615012106538,0.8426150121065376,0.15254237288135594
489334,"Stammen, Craig","Pit",135,600,600,413,21.653,187,21.653,0,0.8183333333333334,0.18166666666666667
543118,"Drake, Oliver","Pit",139,418,418,280,21.655,138,21.655,0.0023923444976076554,0.8827751196172249,0.11483253588516747
607352,"Biagini, Joe","Pit",141,538,538,304,21.655,234,21.655,0.022304832713754646,0.8773234200743495,0.10037174721189591
465657,"Soria, Joakim","Pit",133,507,507,371,21.655,136,21.655,0.0039447731755424065,0.9250493096646942,0.07100591715976332
501593,"Avilán, Luis","Pit",143,381,381,225,21.655,156,21.655,0.013123359580052493,0.868766404199475,0.11811023622047244
468396,"Ogando, Alexi","Pit",111,501,501,313,21.663,188,21.663,0.06986027944111776,0.7145708582834331,0.2155688622754491
542882,"Andriese, Matt","Pit",108,228,228,144,21.67,84,21.67,0.0043859649122807015,0.8333333333333334,0.16228070175438597
650893,"Cabrera, Génesis","Pit",138,516,516,284,21.67,232,21.67,0.013565891472868217,0.8837209302325582,0.10271317829457365
547973,"Chapman, Aroldis","Pit",112,386,386,287,21.674,99,21.674,0.07512953367875648,0.8005181347150259,0.12435233160621761
554340,"García, Yimi","Pit",119,359,359,250,21.675,109,21.675,0.03899721448467967,0.8579387186629527,0.10306406685236769
430630,"Frasor, Jason","Pit",118,384,384,215,21.681,169,21.681,0.0078125,0.8177083333333334,0.17447916666666666
641360,"Bickford, Phil","Pit",119,437,437,302,21.682,135,21.682,0,0.9702517162471396,0.029748283752860413
598264,"Barnes, Matt","Pit",111,535,535,330,21.688,205,21.688,0,0.8635514018691589,0.13644859813084112
453178,"Kennedy, Ian","Pit",118,509,509,294,21.689,215,21.689,0,0.8899803536345776,0.1100196463654224
502004,"Kontos, George","Pit",137,359,359,247,21.709,112,21.709,0.09192200557103064,0.7883008356545961,0.11977715877437325
572888,"Greene, Shane","Pit",116,521,521,280,21.721,241,21.721,0,0.817658349328215,0.18234165067178504
572888,"Greene, Shane","Pit",144,462,462,306,21.722,156,21.722,0.0021645021645021645,0.8679653679653679,0.12987012987012986
660271,"Ohtani, Shohei","Pit",108,1182,1182,801,21.727,381,21.727,0.016074450084602367,0.8307952622673435,0.15313028764805414
598287,"Ramirez, Noé","Pit",108,152,152,83,21.73,69,21.73,0,0.9210526315789473,0.07894736842105263
605130,"Barlow, Scott","Pit",118,539,539,309,21.741,230,21.741,0.0074211502782931356,0.8998144712430427,0.09276437847866419
544727,"Familia, Jeurys","Pit",111,387,387,216,21.749,171,21.749,0.002583979328165375,0.8475452196382429,0.14987080103359174
517008,"Colomé, Alex","Pit",139,359,359,238,21.749,121,21.749,0.06963788300835655,0.7771587743732591,0.1532033426183844
517008,"Colomé, Alex","Pit",136,453,453,274,21.755,179,21.755,0,0.869757174392936,0.13024282560706402
570663,"Robles, Hansel","Pit",111,512,512,283,21.762,229,21.762,0.0234375,0.7109375,0.265625
518886,"Kimbrel, Craig","Pit",144,446,446,295,21.767,151,21.767,0.006726457399103139,0.9013452914798207,0.09192825112107623
595014,"Treinen, Blake","Pit",119,452,452,292,21.778,160,21.778,0,0.8783185840707964,0.12168141592920353
621051,"Wilson, Steven","Pit",135,394,394,246,21.78,148,21.78,0.0025380710659898475,0.9213197969543148,0.07614213197969544
623395,"Ellington, Brian","Pit",146,404,404,210,21.789,194,21.789,0.0049504950495049506,0.9183168316831684,0.07673267326732673
541640,"Ramírez, Erasmo","Pit",120,538,538,374,21.816,164,21.816,0,0.8940520446096655,0.10594795539033457
605280,"Holmes, Clay","Pit",147,451,451,268,21.818,183,21.818,0,0.926829268292683,0.07317073170731707
592135,"Bedrosian, Cam","Pit",108,472,472,286,21.822,186,21.822,0,0.8728813559322034,0.1271186440677966
276351,"Grilli, Jason","Pit",134,367,367,251,21.849,116,21.849,0,0.9209809264305178,0.07901907356948229
592135,"Bedrosian, Cam","Pit",108,354,354,231,21.856,123,21.856,0,0.827683615819209,0.17231638418079095
677651,"Garcia, Luis","Pit",117,1119,1119,782,21.857,337,21.857,0.004468275245755138,0.8436103663985701,0.15192135835567472
606930,"Barnes, Jacob","Pit",108,124,124,61,21.859,63,21.859,0.008064516129032258,0.9032258064516129,0.08870967741935484
461325,"Clippard, Tyler","Pit",147,455,455,320,21.885,135,21.885,0.03296703296703297,0.7670329670329671,0.2
544727,"Familia, Jeurys","Pit",121,213,213,127,21.885,86,21.885,0.014084507042253521,0.8356807511737089,0.15023474178403756
650382,"Hernández, Darwinzon","Pit",111,338,338,191,21.888,147,21.888,0.020710059171597635,0.9112426035502958,0.06804733727810651
664747,"Díaz, Alexis","Pit",113,454,454,260,21.897,194,21.897,0.004405286343612335,0.8942731277533039,0.1013215859030837
446321,"Detwiler, Ross","Pit",145,143,143,87,21.898,56,21.898,0,0.8741258741258742,0.1258741258741259
572193,"Tepera, Ryan","Pit",108,395,395,260,21.905,135,21.905,0,0.8253164556962025,0.17468354430379746
520980,"Báez, Pedro","Pit",119,138,138,100,21.913,38,21.913,0.007246376811594203,0.9057971014492754,0.08695652173913043
489446,"Yates, Kirby","Pit",135,397,397,281,21.922,116,21.922,0.005037783375314861,0.9042821158690176,0.0906801007556675
519393,"Walden, Marcus","Pit",111,538,538,342,21.922,196,21.922,0,0.912639405204461,0.08736059479553904
670280,"Bednar, David","Pit",134,370,370,240,21.929,130,21.929,0,0.8135135135135135,0.1864864864864865
448178,"Jepsen, Kevin","Pit",139,410,410,261,21.93,149,21.93,0.05365853658536585,0.802439024390244,0.14390243902439023
594580,"Moll, Sam","Pit",133,365,365,190,21.935,175,21.935,0.00821917808219178,0.8794520547945206,0.11232876712328767
472610,"García, Luis","Pit",135,417,417,248,21.946,169,21.946,0,0.9064748201438849,0.09352517985611511
657031,"Taylor, Josh","Pit",111,345,345,229,21.955,116,21.955,0,0.8898550724637682,0.11014492753623188
641871,"Middleton, Keynan","Pit",108,401,401,222,21.955,179,21.955,0.012468827930174564,0.8927680798004988,0.09476309226932668
543339,"Hudson, Daniel","Pit",109,507,507,335,21.958,172,21.958,0.05719921104536489,0.7692307692307693,0.17357001972386588
491703,"Feliz, Neftalí","Pit",116,355,355,212,21.958,143,21.958,0.036619718309859155,0.7577464788732394,0.2056338028169014
445197,"Dunn, Mike","Pit",146,455,455,275,21.981,180,21.981,0.08791208791208792,0.7406593406593407,0.17142857142857143
453178,"Kennedy, Ian","Pit",143,364,364,235,21.988,129,21.988,0,0.8873626373626373,0.11263736263736264
518813,"Holland, Greg","Pit",120,373,373,238,21.989,135,21.989,0.002680965147453083,0.9115281501340483,0.08579088471849866
445276,"Jansen, Kenley","Pit",119,463,463,326,21.989,137,21.989,0.0064794816414686825,0.8639308855291576,0.12958963282937366
453284,"Parker, Blake","Pit",112,359,359,224,21.99,135,21.99,0,0.8635097493036211,0.13649025069637882
517008,"Colomé, Alex","Pit",139,785,785,509,21.996,276,21.996,0.030573248407643312,0.7490445859872611,0.22038216560509555
445276,"Jansen, Kenley","Pit",119,415,415,263,21.996,152,21.996,0.004819277108433735,0.8024096385542169,0.1927710843373494
545332,"Barrett, Jake","Pit",109,418,418,251,22,167,22,0.04066985645933014,0.7918660287081339,0.1674641148325359
641755,"Kinley, Tyler","Pit",115,451,451,267,22.011,184,22.011,0.0066518847006651885,0.7960088691796009,0.1973392461197339
605130,"Barlow, Scott","Pit",118,226,226,139,22.012,87,22.012,0.004424778761061947,0.9026548672566371,0.09292035398230089
570488,"Valdez, Phillips","Pit",111,265,265,129,22.015,136,22.015,0.011320754716981131,0.9358490566037736,0.052830188679245285
592741,"Shreve, Chasen","Pit",147,378,378,242,22.022,136,22.022,0,0.8888888888888888,0.1111111111111111
489265,"Romo, Sergio","Pit",139,418,418,285,22.022,133,22.022,0.007177033492822967,0.9066985645933014,0.0861244019138756
621237,"Alvarado, José","Pit",143,396,396,211,22.024,185,22.024,0.007575757575757576,0.8232323232323232,0.1691919191919192
466948,"Machi, Jean","Pit",137,333,333,206,22.035,127,22.035,0.042042042042042045,0.8078078078078078,0.15015015015015015
449104,"Henderson, Jim","Pit",158,481,481,316,22.047,165,22.047,0.002079002079002079,0.8544698544698545,0.14345114345114346
592741,"Shreve, Chasen","Pit",147,517,517,345,22.05,172,22.05,0.027079303675048357,0.7794970986460348,0.19342359767891681
458006,"Albers, Matt","Pit",158,483,483,290,22.055,193,22.055,0,0.9109730848861284,0.08902691511387163
502212,"Bibens-Dirkx, Austin","Pit",140,567,567,344,22.055,223,22.055,0.001763668430335097,0.8589065255731922,0.13932980599647266
592390,"Hembree, Heath","Pit",111,327,327,197,22.056,130,22.056,0.0030581039755351682,0.8501529051987767,0.14678899082568808
657044,"Thompson, Ryan","Pit",139,326,326,167,22.06,159,22.06,0,0.8711656441717791,0.12883435582822086
521655,"Font, Wilmer","Pit",141,162,162,80,22.06,82,22.06,0,0.8703703703703703,0.12962962962962962
543359,"Jennings, Dan","Pit",145,480,480,234,22.063,246,22.063,0.05,0.7479166666666667,0.20208333333333334
685493,"Yamaguchi, Shun","Pit",141,210,210,111,22.073,99,22.073,0,0.8714285714285714,0.12857142857142856
647315,"Pop, Zach","Pit",146,430,430,252,22.074,178,22.074,0,0.9023255813953488,0.09767441860465116
519151,"Pressly, Ryan","Pit",117,143,143,96,22.081,47,22.081,0,0.8951048951048951,0.1048951048951049
592094,"Adam, Jason","Pit",139,392,392,269,22.096,123,22.096,0,0.8698979591836735,0.13010204081632654
466948,"Machi, Jean","Pit",137,423,423,254,22.096,169,22.096,0.002364066193853428,0.817966903073286,0.17966903073286053
448855,"Guerra, Junior","Pit",108,564,564,300,22.096,264,22.096,0,0.8634751773049646,0.13652482269503546
521230,"Hendriks, Liam","Pit",145,403,403,261,22.097,142,22.097,0.017369727047146403,0.8411910669975186,0.141439205955335
519393,"Walden, Marcus","Pit",111,120,120,60,22.11,60,22.11,0,0.95,0.05
623352,"Hader, Josh","Pit",135,431,431,251,22.113,180,22.113,0.0069605568445475635,0.8816705336426914,0.11136890951276102
518886,"Kimbrel, Craig","Pit",112,148,148,93,22.115,55,22.115,0,0.9054054054054054,0.0945945945945946
459987,"Ramos, Cesár","Pit",139,562,562,366,22.115,196,22.115,0.005338078291814947,0.8683274021352313,0.12633451957295375
660761,"Suarez, José","Pit",108,763,763,521,22.121,242,22.121,0.007863695937090432,0.8768020969855832,0.11533420707732635
458677,"Wilson, Justin","Pit",112,523,523,313,22.122,210,22.122,0,0.9120458891013384,0.08795411089866156
623149,"Sewald, Paul","Pit",136,494,494,306,22.124,188,22.124,0,0.8643724696356275,0.13562753036437247
543272,"Hand, Brad","Pit",135,649,649,369,22.135,280,22.135,0.04314329738058552,0.7550077041602465,0.20184899845916796
461325,"Clippard, Tyler","Pit",142,194,194,137,22.135,57,22.135,0,0.7783505154639175,0.22164948453608246
642207,"Williams, Devin","Pit",158,456,456,292,22.149,164,22.149,0.02850877192982456,0.6951754385964912,0.27631578947368424
445276,"Jansen, Kenley","Pit",119,531,531,379,22.155,152,22.155,0.007532956685499058,0.8248587570621468,0.16760828625235405
664192,"Lucchesi, Joey","Pit",135,1185,1185,840,22.155,345,22.155,0,0.8987341772151899,0.10126582278481013
650895,"Castillo, Diego","Pit",136,428,428,259,22.155,169,22.155,0,0.8598130841121495,0.14018691588785046
518886,"Kimbrel, Craig","Pit",111,515,515,350,22.155,165,22.155,0,0.8990291262135922,0.10097087378640776
491703,"Feliz, Neftalí","Pit",134,392,392,242,22.171,150,22.171,0.11224489795918367,0.75,0.1377551020408163
276351,"Grilli, Jason","Pit",108,434,434,243,22.172,191,22.172,0.0069124423963133645,0.880184331797235,0.11290322580645161
453343,"Melancon, Mark","Pit",120,460,460,324,22.183,136,22.183,0.05434782608695652,0.7369565217391304,0.20869565217391303
572193,"Tepera, Ryan","Pit",112,169,169,111,22.209,58,22.209,0,0.8757396449704142,0.1242603550295858
448178,"Jepsen, Kevin","Pit",108,457,457,265,22.216,192,22.216,0.00437636761487965,0.9015317286652079,0.09409190371991247
517008,"Colomé, Alex","Pit",139,437,437,290,22.222,147,22.222,0.006864988558352402,0.8764302059496567,0.11670480549199085
544727,"Familia, Jeurys","Pit",121,496,496,329,22.226,167,22.226,0.004032258064516129,0.8608870967741935,0.1350806451612903
491646,"Gómez, Jeanmar","Pit",143,542,542,302,22.227,240,22.227,0.03505535055350553,0.7638376383763837,0.2011070110701107
445197,"Dunn, Mike","Pit",146,404,404,219,22.246,185,22.246,0,0.8811881188118812,0.1188118811881188
519326,"Strickland, Hunter","Pit",137,453,453,232,22.256,221,22.256,0.002207505518763797,0.8653421633554084,0.13245033112582782
641582,"Foster, Matt","Pit",145,200,200,150,22.257,50,22.257,0,0.925,0.075
573124,"Rogers, Taylor","Pit",158,516,516,304,22.27,212,22.27,0.001937984496124031,0.8662790697674418,0.13178294573643412
460283,"Blevins, Jerry","Pit",121,348,348,199,22.271,149,22.271,0.034482758620689655,0.7758620689655172,0.1896551724137931
666808,"Doval, Camilo","Pit",137,507,507,273,22.272,234,22.272,0.0019723865877712033,0.8658777120315582,0.13214990138067062
502026,"Jeffress, Jeremy","Pit",112,176,176,98,22.273,78,22.273,0,0.8863636363636364,0.11363636363636363
518617,"Diekman, Jake","Pit",133,537,537,320,22.275,217,22.275,0,0.8249534450651769,0.1750465549348231
433586,"Casilla, Santiago","Pit",133,474,474,305,22.289,169,22.289,0.006329113924050633,0.8354430379746836,0.15822784810126583
553878,"Vázquez, Felipe","Pit",134,424,424,240,22.289,184,22.289,0.04009433962264151,0.8089622641509434,0.1509433962264151
276542,"Benoit, Joaquín","Pit",134,356,356,249,22.289,107,22.289,0.014044943820224719,0.7949438202247191,0.19101123595505617
572193,"Tepera, Ryan","Pit",145,401,401,237,22.296,164,22.296,0,0.8453865336658354,0.1546134663341646
459967,"LeCure, Sam","Pit",113,458,458,254,22.298,204,22.298,0,0.8493449781659389,0.15065502183406113
433586,"Casilla, Santiago","Pit",137,361,361,204,22.314,157,22.314,0.002770083102493075,0.8559556786703602,0.14127423822714683
605280,"Holmes, Clay","Pit",147,548,548,333,22.316,215,22.316,0,0.906934306569343,0.09306569343065693
518813,"Holland, Greg","Pit",115,407,407,253,22.323,154,22.323,0,0.8304668304668305,0.16953316953316952
275933,"Downs, Scott","Pit",144,326,326,149,22.328,177,22.328,0.009202453987730062,0.7852760736196319,0.20552147239263804
624647,"González, Victor","Pit",119,129,129,85,22.356,44,22.356,0,0.9302325581395349,0.06976744186046512
455009,"Broxton, Jonathan","Pit",138,418,418,254,22.358,164,22.358,0.050239234449760764,0.7607655502392344,0.18899521531100477
621237,"Alvarado, José","Pit",143,507,507,240,22.384,267,22.384,0,0.7652859960552268,0.23471400394477318
600917,"Leclerc, José","Pit",140,393,393,244,22.389,149,22.389,0.017811704834605598,0.7888040712468194,0.19338422391857507
571476,"Beck, Chris","Pit",145,538,538,307,22.389,231,22.389,0,0.8364312267657993,0.16356877323420074
543272,"Hand, Brad","Pit",114,422,422,258,22.389,164,22.389,0,0.8009478672985783,0.1990521327014218
544727,"Familia, Jeurys","Pit",121,497,497,332,22.397,165,22.397,0.04627766599597585,0.7263581488933601,0.22736418511066397
607481,"Bummer, Aaron","Pit",145,471,471,294,22.42,177,22.42,0.0021231422505307855,0.9256900212314225,0.07218683651804671
598264,"Barnes, Matt","Pit",111,579,579,346,22.423,233,22.423,0.0017271157167530224,0.7910189982728842,0.20725388601036268
650530,"Garcia, Bryan","Pit",116,324,324,159,22.434,165,22.434,0,0.8641975308641975,0.13580246913580246
543867,"Turley, Nik","Pit",134,178,178,96,22.441,82,22.441,0,0.8707865168539326,0.12921348314606743
519322,"Storen, Drew","Pit",120,401,401,257,22.447,144,22.447,0.04987531172069826,0.7980049875311721,0.15211970074812967
433586,"Casilla, Santiago","Pit",137,359,359,238,22.449,121,22.449,0,0.8440111420612814,0.15598885793871867
571704,"Giles, Ken","Pit",117,393,393,255,22.455,138,22.455,0,0.910941475826972,0.089058524173028
642528,"Loáisiga, Jonathan","Pit",147,431,431,259,22.464,172,22.464,0,0.9002320185614849,0.09976798143851508
276542,"Benoit, Joaquín","Pit",141,349,349,236,22.471,113,22.471,0.0659025787965616,0.6418338108882522,0.2922636103151863
455374,"Bastardo, Antonio","Pit",134,486,486,324,22.478,162,22.478,0.0823045267489712,0.6934156378600823,0.2242798353909465
672335,"Pérez, Cionel","Pit",110,398,398,202,22.482,196,22.482,0,0.8819095477386935,0.11809045226130653
506433,"Darvish, Yu","Pit",135,1254,1254,879,22.484,375,22.484,0.008771929824561403,0.84688995215311,0.14433811802232854
433586,"Casilla, Santiago","Pit",137,437,437,274,22.505,163,22.505,0.04805491990846682,0.7139588100686499,0.2379862700228833
592773,"Stanek, Ryne","Pit",117,376,376,204,22.514,172,22.514,0,0.898936170212766,0.10106382978723404
503285,"O'Day, Darren","Pit",110,477,477,299,22.514,178,22.514,0.0020964360587002098,0.8825995807127882,0.11530398322851153
465657,"Soria, Joakim","Pit",133,164,164,92,22.522,72,22.522,0,0.8963414634146342,0.10365853658536585
430641,"Boyer, Blaine","Pit",142,398,398,236,22.552,162,22.552,0.04271356783919598,0.7537688442211056,0.20351758793969849
502522,"Miller, Justin","Pit",120,363,363,222,22.556,141,22.556,0,0.9421487603305785,0.05785123966942149
617228,"Sawamura, Hirokazu","Pit",111,413,413,219,22.566,194,22.566,0.004842615012106538,0.6610169491525424,0.3341404358353511
517008,"Colomé, Alex","Pit",145,142,142,83,22.573,59,22.573,0,0.7323943661971831,0.2676056338028169
448855,"Guerra, Junior","Pit",158,597,597,382,22.59,215,22.59,0,0.8693467336683417,0.1306532663316583
489446,"Yates, Kirby","Pit",147,366,366,212,22.605,154,22.605,0.030054644808743168,0.8032786885245902,0.16666666666666666
675916,"Karinchak, James","Pit",114,360,360,188,22.614,172,22.614,0.005555555555555556,0.775,0.21944444444444444
608678,"Leone, Dominic","Pit",137,382,382,246,22.656,136,22.656,0,0.8612565445026178,0.1387434554973822
664854,"Helsley, Ryan","Pit",138,368,368,240,22.673,128,22.673,0.002717391304347826,0.8532608695652174,0.14402173913043478
276542,"Benoit, Joaquín","Pit",116,479,479,310,22.705,169,22.705,0.008350730688935281,0.791231732776618,0.20041753653444677
542609,"Burgos, Enrique","Pit",109,328,328,189,22.732,139,22.732,0.036585365853658534,0.774390243902439,0.18902439024390244
276542,"Benoit, Joaquín","Pit",135,438,438,327,22.739,111,22.739,0.05251141552511415,0.6963470319634704,0.2511415525114155
518886,"Kimbrel, Craig","Pit",119,493,493,277,22.748,216,22.748,0,0.9087221095334685,0.09127789046653144
642701,"Santana, Dennis","Pit",140,400,400,206,22.748,194,22.748,0.0025,0.8375,0.16
473879,"Dyson, Sam","Pit",137,428,428,252,22.756,176,22.756,0.002336448598130841,0.8271028037383178,0.1705607476635514
448178,"Jepsen, Kevin","Pit",142,524,524,323,22.76,201,22.76,0.04007633587786259,0.8015267175572519,0.15839694656488548
516969,"Herrera, Kelvin","Pit",118,443,443,255,22.77,188,22.77,0.045146726862302484,0.7923250564334086,0.16252821670428894
625643,"López, Reynaldo","Pit",145,416,416,239,22.812,177,22.812,0.01201923076923077,0.8317307692307693,0.15625
543507,"May, Trevor","Pit",142,191,191,112,22.821,79,22.821,0,0.8691099476439791,0.13089005235602094
547973,"Chapman, Aroldis","Pit",147,414,414,242,22.822,172,22.822,0.007246376811594203,0.8478260869565217,0.14492753623188406
520980,"Báez, Pedro","Pit",119,387,387,236,22.822,151,22.822,0,0.8062015503875969,0.1937984496124031
547749,"Tazawa, Junichi","Pit",146,429,429,268,22.823,161,22.823,0,0.8694638694638694,0.13053613053613053
572021,"Pazos, James","Pit",136,329,329,189,22.823,140,22.823,0,0.8541033434650456,0.1458966565349544
506433,"Darvish, Yu","Pit",112,1237,1237,890,22.823,347,22.823,0.018593371059013743,0.799514955537591,0.18189167340339532
489265,"Romo, Sergio","Pit",142,168,168,114,22.827,54,22.827,0,0.9285714285714286,0.07142857142857142
489265,"Romo, Sergio","Pit",137,380,380,273,22.841,107,22.841,0.007894736842105263,0.8078947368421052,0.18421052631578946
596112,"Stephenson, Robert","Pit",115,344,344,168,22.842,176,22.842,0,0.8313953488372093,0.1686046511627907
472610,"García, Luis","Pit",108,459,459,254,22.889,205,22.889,0,0.7886710239651417,0.2113289760348584
518489,"Brasier, Ryan","Pit",111,377,377,258,22.89,119,22.89,0.002652519893899204,0.8779840848806366,0.11936339522546419
518886,"Kimbrel, Craig","Pit",111,513,513,353,22.89,160,22.89,0,0.9025341130604289,0.09746588693957114
543272,"Hand, Brad","Pit",143,408,408,228,22.912,180,22.912,0.0024509803921568627,0.8553921568627451,0.14215686274509803
455119,"Martin, Chris","Pit",119,341,341,198,22.917,143,22.917,0.002932551319648094,0.8797653958944281,0.11730205278592376
446099,"Axford, John","Pit",115,487,487,274,22.918,213,22.918,0.06570841889117043,0.6406570841889117,0.2936344969199179
642701,"Santana, Dennis","Pit",140,472,472,234,22.92,238,22.92,0,0.8834745762711864,0.11652542372881355
547973,"Chapman, Aroldis","Pit",147,436,436,234,22.922,202,22.922,0,0.8188073394495413,0.1811926605504587
433586,"Casilla, Santiago","Pit",137,438,438,283,22.93,155,22.93,0.045662100456621,0.684931506849315,0.2694063926940639
455119,"Martin, Chris","Pit",144,345,345,257,22.956,88,22.956,0,0.9014492753623189,0.09855072463768116
543272,"Hand, Brad","Pit",114,171,171,90,22.964,81,22.964,0,0.8011695906432749,0.19883040935672514
592665,"Reed, Addison","Pit",109,390,390,268,22.966,122,22.966,0,0.8948717948717949,0.10512820512820513
656322,"Coonrod, Sam","Pit",137,141,141,77,22.967,64,22.967,0,0.9290780141843972,0.07092198581560284
502026,"Jeffress, Jeremy","Pit",140,394,394,236,22.983,158,22.983,0.02284263959390863,0.7563451776649747,0.22081218274111675
598264,"Barnes, Matt","Pit",111,207,207,110,23.005,97,23.005,0,0.8115942028985508,0.18840579710144928
608638,"Chargois, JT","Pit",139,411,411,235,23.013,176,23.013,0.004866180048661801,0.8467153284671532,0.14841849148418493
544727,"Familia, Jeurys","Pit",121,450,450,261,23.014,189,23.014,0.0044444444444444444,0.7711111111111111,0.22444444444444445
544727,"Familia, Jeurys","Pit",133,524,524,343,23.023,181,23.023,0,0.7958015267175572,0.20419847328244276
664126,"Fairbanks, Pete","Pit",139,189,189,104,23.028,85,23.028,0,0.8148148148148148,0.18518518518518517
621345,"Minter, A.J.","Pit",144,453,453,277,23.029,176,23.029,0,0.8388520971302428,0.16114790286975716
451661,"Fields, Josh","Pit",119,342,342,255,23.056,87,23.056,0,0.8859649122807017,0.11403508771929824
580792,"Goody, Nick","Pit",114,375,375,249,23.057,126,23.057,0,0.8986666666666666,0.10133333333333333
622250,"Sborz, Josh","Pit",140,441,441,238,23.075,203,23.075,0,0.8344671201814059,0.1655328798185941
489265,"Romo, Sergio","Pit",137,397,397,224,23.08,173,23.08,0.037783375314861464,0.6876574307304786,0.27455919395465994
523260,"Kelly, Joe","Pit",145,329,329,180,23.086,149,23.086,0.00303951367781155,0.8237082066869301,0.17325227963525835
517008,"Colomé, Alex","Pit",145,415,415,285,23.089,130,23.089,0,0.8289156626506025,0.1710843373493976
598287,"Ramirez, Noé","Pit",109,378,378,233,23.1,145,23.1,0,0.8756613756613757,0.12433862433862433
664854,"Helsley, Ryan","Pit",138,387,387,264,23.103,123,23.103,0,0.8811369509043928,0.11886304909560723
605121,"Anderson, Justin","Pit",108,508,508,267,23.123,241,23.123,0.003937007874015748,0.8208661417322834,0.17519685039370078
518489,"Brasier, Ryan","Pit",111,163,163,87,23.124,76,23.124,0,0.8711656441717791,0.12883435582822086
641360,"Bickford, Phil","Pit",119,336,336,206,23.148,130,23.148,0,0.875,0.125
520980,"Báez, Pedro","Pit",119,457,457,291,23.157,166,23.157,0,0.7986870897155361,0.2013129102844639
489446,"Yates, Kirby","Pit",135,414,414,283,23.189,131,23.189,0,0.8454106280193237,0.15458937198067632
506433,"Darvish, Yu","Pit",112,506,506,369,23.198,137,23.198,0.003952569169960474,0.8260869565217391,0.16996047430830039
519326,"Strickland, Hunter","Pit",137,440,440,269,23.201,171,23.201,0.04318181818181818,0.7136363636363636,0.2431818181818182
660761,"Suarez, José","Pit",108,755,755,511,23.201,244,23.201,0.009271523178807948,0.8119205298013245,0.17880794701986755
523260,"Kelly, Joe","Pit",111,454,454,250,23.257,204,23.257,0,0.9030837004405287,0.09691629955947137
408061,"Rodríguez, Francisco","Pit",158,505,505,384,23.258,121,23.258,0.005940594059405941,0.807920792079208,0.18613861386138614
592390,"Hembree, Heath","Pit",121,500,500,306,23.264,194,23.264,0,0.816,0.184
453284,"Parker, Blake","Pit",143,138,138,59,23.266,79,23.266,0,0.8623188405797102,0.13768115942028986
445276,"Jansen, Kenley","Pit",119,383,383,270,23.29,113,23.29,0,0.8093994778067886,0.1906005221932115
455009,"Broxton, Jonathan","Pit",158,402,402,280,23.295,122,23.295,0.0024875621890547263,0.7910447761194029,0.2064676616915423
592773,"Stanek, Ryne","Pit",117,506,506,296,23.313,210,23.313,0,0.7944664031620553,0.20553359683794467
453284,"Parker, Blake","Pit",108,511,511,336,23.323,175,23.323,0,0.8551859099804305,0.14481409001956946
491646,"Gómez, Jeanmar","Pit",143,580,580,341,23.35,239,23.35,0.032758620689655175,0.7551724137931034,0.2120689655172414
449097,"Papelbon, Jonathan","Pit",143,406,406,258,23.36,148,23.36,0,0.8596059113300493,0.14039408866995073
429715,"Blackley, Travis","Pit",140,357,357,228,23.373,129,23.373,0.008403361344537815,0.7647058823529411,0.226890756302521
503285,"O'Day, Darren","Pit",110,496,496,302,23.375,194,23.375,0.036290322580645164,0.8004032258064516,0.16330645161290322
434641,"Gutierrez, Juan","Pit",137,407,407,237,23.377,170,23.377,0.004914004914004914,0.7813267813267813,0.21375921375921375
518886,"Kimbrel, Craig","Pit",111,431,431,282,23.381,149,23.381,0.0951276102088167,0.7238979118329466,0.18097447795823665
623352,"Hader, Josh","Pit",158,420,420,273,23.424,147,23.424,0,0.8214285714285714,0.17857142857142858
641582,"Foster, Matt","Pit",145,326,326,178,23.432,148,23.432,0,0.8282208588957055,0.17177914110429449
621345,"Minter, A.J.","Pit",144,168,168,100,23.442,68,23.442,0,0.7678571428571429,0.23214285714285715
543272,"Hand, Brad","Pit",135,538,538,325,23.456,213,23.456,0,0.7955390334572491,0.20446096654275092
571521,"Brothers, Rex","Pit",112,449,449,295,23.471,154,23.471,0,0.8685968819599109,0.13140311804008908
502522,"Miller, Justin","Pit",115,354,354,210,23.472,144,23.472,0.03672316384180791,0.7598870056497176,0.2033898305084746
502032,"Norris, Bud","Pit",108,492,492,289,23.49,203,23.49,0.014227642276422764,0.7886178861788617,0.19715447154471544
523260,"Kelly, Joe","Pit",111,553,553,320,23.49,233,23.49,0,0.8010849909584087,0.19891500904159132
517008,"Colomé, Alex","Pit",142,439,439,256,23.506,183,23.506,0,0.7403189066059226,0.25968109339407747
453284,"Parker, Blake","Pit",143,486,486,321,23.523,165,23.523,0,0.8806584362139918,0.11934156378600823
520980,"Báez, Pedro","Pit",119,478,478,284,23.524,194,23.524,0.0041841004184100415,0.7301255230125523,0.26569037656903766
518617,"Diekman, Jake","Pit",145,566,566,265,23.533,301,23.533,0,0.8321554770318021,0.16784452296819788
503285,"O'Day, Darren","Pit",144,124,124,71,23.54,53,23.54,0,0.9032258064516129,0.0967741935483871
544727,"Familia, Jeurys","Pit",121,523,523,329,23.548,194,23.548,0.036328871892925434,0.739961759082218,0.2237093690248566
517008,"Colomé, Alex","Pit",115,351,351,217,23.552,134,23.552,0,0.7293447293447294,0.2706552706552707
650530,"Garcia, Bryan","Pit",116,143,143,71,23.553,72,23.553,0,0.8671328671328671,0.13286713286713286
407842,"Veras, Jose","Pit",116,486,486,332,23.57,154,23.57,0,0.8189300411522634,0.18106995884773663
519151,"Pressly, Ryan","Pit",117,409,409,296,23.575,113,23.575,0,0.8753056234718827,0.12469437652811736
523260,"Kelly, Joe","Pit",119,438,438,238,23.59,200,23.59,0,0.8036529680365296,0.1963470319634703
543339,"Hudson, Daniel","Pit",120,527,527,314,23.591,213,23.591,0,0.9278937381404174,0.07210626185958255
598264,"Barnes, Matt","Pit",111,570,570,397,23.657,173,23.657,0,0.8140350877192982,0.18596491228070175
448609,"Sipp, Tony","Pit",117,361,361,236,23.666,125,23.666,0.04155124653739612,0.6897506925207756,0.26869806094182824
664126,"Fairbanks, Pete","Pit",139,336,336,201,23.681,135,23.681,0,0.8065476190476191,0.19345238095238096
473879,"Dyson, Sam","Pit",142,372,372,263,23.724,109,23.724,0,0.8387096774193549,0.16129032258064516
503285,"O'Day, Darren","Pit",110,491,491,283,23.757,208,23.757,0,0.8533604887983707,0.14663951120162932
675916,"Karinchak, James","Pit",114,488,488,284,23.763,204,23.763,0.0020491803278688526,0.8073770491803278,0.19057377049180327
543272,"Hand, Brad","Pit",121,525,525,323,23.781,202,23.781,0,0.7638095238095238,0.2361904761904762
445276,"Jansen, Kenley","Pit",119,412,412,269,23.824,143,23.824,0,0.7281553398058253,0.27184466019417475
571704,"Giles, Ken","Pit",141,338,338,219,23.824,119,23.824,0,0.8727810650887574,0.12721893491124261
641941,"Pagán, Emilio","Pit",142,460,460,261,23.83,199,23.83,0,0.8369565217391305,0.16304347826086957
598264,"Barnes, Matt","Pit",111,569,569,290,23.834,279,23.834,0.022847100175746926,0.6959578207381371,0.281195079086116
408061,"Rodríguez, Francisco","Pit",158,349,349,254,23.855,95,23.855,0.05730659025787966,0.7077363896848138,0.2349570200573066
445276,"Jansen, Kenley","Pit",119,172,172,81,23.869,91,23.869,0,0.7558139534883721,0.2441860465116279
346797,"Balfour, Grant","Pit",133,543,543,351,23.886,192,23.886,0.011049723756906077,0.7790055248618785,0.20994475138121546
453284,"Parker, Blake","Pit",108,463,463,322,23.89,141,23.89,0,0.8488120950323974,0.1511879049676026
621345,"Minter, A.J.","Pit",144,383,383,206,23.924,177,23.924,0,0.7650130548302873,0.2349869451697128
622251,"Staumont, Josh","Pit",118,333,333,186,23.927,147,23.927,0.015015015015015015,0.7987987987987988,0.18618618618618618
641941,"Pagán, Emilio","Pit",135,165,165,123,23.96,42,23.96,0,0.8727272727272727,0.12727272727272726
276542,"Benoit, Joaquín","Pit",135,335,335,226,23.975,109,23.975,0.0029850746268656717,0.755223880597015,0.2417910447761194
457435,"Coke, Phil","Pit",116,379,379,204,23.977,175,23.977,0.002638522427440633,0.7941952506596306,0.20316622691292877
518886,"Kimbrel, Craig","Pit",135,456,456,323,23.985,133,23.985,0.019736842105263157,0.7324561403508771,0.24780701754385964
518715,"Gearrin, Cory","Pit",133,451,451,261,23.991,190,23.991,0.0066518847006651885,0.835920177383592,0.1574279379157428
408061,"Rodríguez, Francisco","Pit",116,425,425,302,24.064,123,24.064,0.03058823529411765,0.7647058823529411,0.20470588235294118
500721,"Medina, Yoervis","Pit",136,382,382,218,24.128,164,24.128,0,0.8115183246073299,0.18848167539267016
459967,"LeCure, Sam","Pit",113,495,495,296,24.146,199,24.146,0,0.7111111111111111,0.28888888888888886
641941,"Pagán, Emilio","Pit",135,453,453,310,24.17,143,24.17,0,0.7924944812362031,0.20750551876379691
519326,"Strickland, Hunter","Pit",158,431,431,267,24.178,164,24.178,0,0.7610208816705336,0.23897911832946636
622251,"Staumont, Josh","Pit",118,516,516,323,24.198,193,24.198,0.003875968992248062,0.8003875968992248,0.19573643410852712
543339,"Hudson, Daniel","Pit",109,484,484,264,24.222,220,24.222,0.01859504132231405,0.7665289256198347,0.21487603305785125
518715,"Gearrin, Cory","Pit",137,349,349,195,24.258,154,24.258,0.04871060171919771,0.6962750716332379,0.25501432664756446
519326,"Strickland, Hunter","Pit",113,471,471,263,24.262,208,24.262,0,0.8046709129511678,0.19532908704883228
622251,"Staumont, Josh","Pit",118,216,216,134,24.332,82,24.332,0.013888888888888888,0.7777777777777778,0.20833333333333334
518886,"Kimbrel, Craig","Pit",145,457,457,293,24.387,164,24.387,0,0.8293216630196937,0.17067833698030635
445276,"Jansen, Kenley","Pit",119,390,390,286,24.404,104,24.404,0.017948717948717947,0.7435897435897436,0.23846153846153847
518715,"Gearrin, Cory","Pit",147,416,416,243,24.424,173,24.424,0,0.8076923076923077,0.19230769230769232
276351,"Grilli, Jason","Pit",141,512,512,329,24.439,183,24.439,0.03125,0.755859375,0.212890625
448609,"Sipp, Tony","Pit",117,368,368,260,24.448,108,24.448,0.005434782608695652,0.720108695652174,0.27445652173913043
681911,"Vesia, Alex","Pit",119,416,416,241,24.456,175,24.456,0,0.7764423076923077,0.22355769230769232
500610,"Guerra, Deolis","Pit",133,478,478,322,24.468,156,24.468,0,0.803347280334728,0.19665271966527198
445276,"Jansen, Kenley","Pit",119,423,423,248,24.555,175,24.555,0,0.7186761229314421,0.28132387706855794
520980,"Báez, Pedro","Pit",119,494,494,343,24.558,151,24.558,0.032388663967611336,0.6396761133603239,0.32793522267206476
605121,"Anderson, Justin","Pit",108,407,407,222,24.558,185,24.558,0,0.7862407862407862,0.21375921375921375
571479,"Bellatti, Andrew","Pit",143,414,414,216,24.586,198,24.586,0,0.7898550724637681,0.21014492753623187
543339,"Hudson, Daniel","Pit",135,353,353,214,24.59,139,24.59,0,0.8385269121813032,0.16147308781869688
543272,"Hand, Brad","Pit",114,576,576,331,24.658,245,24.658,0,0.71875,0.28125
642207,"Williams, Devin","Pit",158,468,468,296,24.717,172,24.717,0,0.6987179487179487,0.30128205128205127
407842,"Veras, Jose","Pit",117,411,411,226,24.733,185,24.733,0.0024330900243309003,0.7518248175182481,0.24574209245742093
520980,"Báez, Pedro","Pit",119,339,339,222,24.777,117,24.777,0.04129793510324484,0.6106194690265486,0.3480825958702065
547749,"Tazawa, Junichi","Pit",111,370,370,244,24.787,126,24.787,0.03513513513513514,0.6567567567567567,0.3081081081081081
455119,"Martin, Chris","Pit",144,125,125,89,24.832,36,24.832,0,0.872,0.128
502032,"Norris, Bud","Pit",138,419,419,243,24.858,176,24.858,0,0.7565632458233891,0.24343675417661098
641941,"Pagán, Emilio","Pit",139,431,431,319,24.958,112,24.958,0,0.7958236658932715,0.20417633410672853
571893,"Liberatore, Adam","Pit",119,324,324,205,24.994,119,24.994,0.012345679012345678,0.6975308641975309,0.29012345679012347
640448,"Finnegan, Kyle","Pit",120,189,189,102,25.066,87,25.066,0,0.783068783068783,0.21693121693121692
518715,"Gearrin, Cory","Pit",137,514,514,301,25.158,213,25.158,0,0.8073929961089494,0.1926070038910506
547749,"Tazawa, Junichi","Pit",111,424,424,239,25.212,185,25.212,0,0.7570754716981132,0.2429245283018868
640448,"Finnegan, Kyle","Pit",120,471,471,297,25.543,174,25.543,0,0.8386411889596603,0.1613588110403397
445276,"Jansen, Kenley","Pit",144,422,422,295,25.579,127,25.579,0,0.6800947867298578,0.31990521327014215
642528,"Loáisiga, Jonathan","Pit",147,330,330,178,25.761,152,25.761,0,0.803030303030303,0.19696969696969696
407908,"Peralta, Joel","Pit",139,483,483,315,25.763,168,25.763,0,0.6521739130434783,0.34782608695652173
606149,"Gallegos, Giovanny","Pit",138,390,390,247,25.811,143,25.811,0,0.6666666666666666,0.3333333333333333
543339,"Hudson, Daniel","Pit",120,151,151,92,25.879,59,25.879,0,0.7748344370860927,0.2251655629139073
661403,"Clase, Emmanuel","Pit",114,433,433,278,26.049,155,26.049,0,0.8244803695150116,0.17551963048498845
523260,"Kelly, Joe","Pit",119,360,360,206,26.09,154,26.09,0,0.6666666666666666,0.3333333333333333
547749,"Tazawa, Junichi","Pit",111,430,430,259,26.274,171,26.274,0,0.6627906976744186,0.3372093023255814
547749,"Tazawa, Junichi","Pit",111,400,400,218,26.297,182,26.297,0.05,0.61,0.34
640448,"Finnegan, Kyle","Pit",120,538,538,313,26.299,225,26.299,0,0.7118959107806692,0.28810408921933084
606149,"Gallegos, Giovanny","Pit",138,516,516,336,26.449,180,26.449,0,0.5755813953488372,0.42441860465116277
407908,"Peralta, Joel","Pit",139,552,552,359,26.796,193,26.796,0.0036231884057971015,0.6431159420289855,0.3532608695652174
547973,"Chapman, Aroldis","Pit",147,440,440,278,26.864,162,26.864,0,0.6454545454545455,0.35454545454545455
503569,"Dolis, Rafael","Pit",141,193,193,100,27.246,93,27.246,0,0.5181347150259067,0.48186528497409326