year,game_id,hometeam,visteam,home_first_inning_runs,visiting_first_inning_runs,home_pitcher,vis_pitcher,home_ERA,vis_ERA
2023,ANA202304070,ANA,TOR,2,0,hergj001,bassc001,4.66,3.6
2023,ANA202304080,ANA,TOR,0,0,barrj003,berrj001,5.68,3.65
2023,ANA202304090,ANA,TOR,3,0,estec001,romaj004,3.9,2.9
2023,ANA202304100,ANA,WAS,2,0,davit005,corbp001,5.96,5.2
2023,ANA202304110,ANA,WAS,0,0,ohtas001,grayj004,3.14,3.91
2023,ANA202304120,ANA,WAS,0,0,moorm003,thomm005,2.56,5.5
2023,ANA202304210,ANA,KCA,0,0,ohtas001,yarbr001,3.14,4.52
2023,ANA202304220,ANA,KCA,0,0,quijj001,cuasj001,6.0,3.99
2023,ANA202304230,ANA,KCA,1,1,warra003,lylej001,5.4,6.28
2023,ANA202304240,ANA,OAK,0,2,barrj003,ollea001,5.68,10.07
2023,ANA202304250,ANA,OAK,4,1,canng001,millm004,4.32,3.78
2023,ANA202304260,ANA,OAK,0,1,sandp002,medil002,4.11,5.42
2023,ANA202304270,ANA,OAK,0,0,ohtas001,searj001,3.14,4.54
2023,ANA202305050,ANA,TEX,0,0,estec001,smitw002,3.9,
2023,ANA202305060,ANA,TEX,0,0,detmr001,eovan001,4.48,3.63
2023,ANA202305070,ANA,TEX,3,0,suarj001,sborj002,8.29,5.5
2023,ANA202305080,ANA,HOU,0,0,moorm003,montr004,2.56,5.08
2023,ANA202305090,ANA,HOU,0,0,ohtas001,valdf001,3.14,3.45
2023,ANA202305100,ANA,HOU,0,1,canng001,javic001,4.32,4.56
2023,ANA202305190,ANA,MIN,0,0,weisz001,jax-g001,3.21,3.86
2023,ANA202305200,ANA,MIN,0,3,sandp002,varll001,4.11,4.63
2023,ANA202305210,ANA,MIN,0,0,devec001,lopep002,4.46,3.66
2023,ANA202305220,ANA,BOS,0,0,silsc001,crawk001,3.96,4.04
2023,ANA202305230,ANA,BOS,1,0,canng001,bellb002,4.32,4.24
2023,ANA202305240,ANA,BOS,0,0,andet002,paxtj001,5.43,4.5
2023,ANA202305260,ANA,MIA,0,0,detmr001,luzaj001,4.48,3.58
2023,ANA202305270,ANA,MIA,0,1,barrj003,flord002,5.68,4.76
2023,ANA202305280,ANA,MIA,0,0,sandp002,peree004,4.11,3.15
2023,ANA202306060,ANA,CHN,0,0,andet002,hughb002,5.43,7.24
2023,ANA202306070,ANA,CHN,0,0,joycb001,tailj001,5.4,4.84
2023,ANA202306080,ANA,CHN,0,0,detmr001,smyld001,4.48,5.0
2023,ANA202306090,ANA,SEA,0,2,webbj002,castl003,3.69,3.34
2023,ANA202306100,ANA,SEA,0,0,sandp002,speig001,4.11,3.79
2023,ANA202306110,ANA,SEA,2,0,canng001,gilbl002,4.32,3.73
2023,ANA202306200,ANA,LAN,0,0,devec001,kersc001,4.46,2.46
2023,ANA202306210,ANA,LAN,0,0,ohtas001,gonzv001,3.14,4.01
2023,ANA202306260,ANA,CHA,0,1,estec001,loper003,3.9,3.27
2023,ANA202306270,ANA,CHA,1,0,ohtas001,kopem001,3.14,5.43
2023,ANA202306280,ANA,CHA,2,2,barrj003,gioll001,5.68,4.88
2023,ANA202306290,ANA,CHA,1,1,sandp002,lynnl001,4.11,5.73
2023,ANA202306300,ANA,ARI,0,1,canng001,henrt001,4.32,4.15
2023,ANA202307010,ANA,ARI,0,0,bachs001,nelsr003,3.18,5.31
2023,ANA202307020,ANA,ARI,1,0,detmr001,gallz001,4.48,3.47
2023,ANA202307140,ANA,HOU,0,0,ohtas001,matop002,3.14,3.0
2023,ANA202307150,ANA,HOU,0,0,estec001,matop002,3.9,3.0
2023,ANA202307160,ANA,HOU,0,1,barrj003,montr004,5.68,5.08
2023,ANA202307170,ANA,NYA,0,0,loupa001,ramin003,6.1,2.66
2023,ANA202307180,ANA,NYA,2,0,sandp002,germd001,4.11,4.56
2023,ANA202307190,ANA,NYA,2,0,silsc001,rodoc001,3.96,6.85
2023,ANA202307210,ANA,PIT,0,0,ohtas001,oviej001,3.14,4.31
2023,ANA202307220,ANA,PIT,0,0,detmr001,bidoo001,4.48,5.86
2023,ANA202307230,ANA,PIT,1,1,andet002,kellm003,5.43,4.21
2023,ANA202308030,ANA,SEA,0,0,estec001,campi001,3.9,2.83
2023,ANA202308040,ANA,SEA,1,4,loper003,topaj001,3.27,2.61
2023,ANA202308050,ANA,SEA,0,0,andet002,kirbg001,5.43,3.35
2023,ANA202308060,ANA,SEA,1,1,barrj003,sauct001,5.68,3.59
2023,ANA202308070,ANA,SFN,0,0,estec001,roget001,3.9,3.83
2023,ANA202308080,ANA,SFN,4,0,gioll001,alexs001,4.88,4.66
2023,ANA202308090,ANA,SFN,0,0,ohtas001,beckt002,3.14,3.92
2023,ANA202308180,ANA,TBA,1,1,estec001,fairp001,3.9,2.58
2023,ANA202308191,ANA,TBA,0,2,canng001,glast001,4.32,3.53
2023,ANA202308192,ANA,TBA,0,0,sandp002,efliz001,4.11,3.5
2023,ANA202308220,ANA,CIN,0,1,gioll001,ashcg001,4.88,4.76
2023,ANA202308231,ANA,CIN,2,0,andet002,farmb001,5.43,4.2
2023,ANA202308232,ANA,CIN,0,0,detmr001,simsl001,4.48,3.1
2023,ANA202309040,ANA,BAL,0,0,rosek001,rodrg003,3.82,4.35
2023,ANA202309050,ANA,BAL,0,0,sorij002,krehj001,3.64,1.8
2023,ANA202309060,ANA,BAL,0,0,sandp002,gibsk002,4.11,4.73
2023,ANA202309070,ANA,CLE,0,0,sorij002,clase001,3.64,3.22
2023,ANA202309080,ANA,CLE,0,0,canng001,allel003,4.32,3.81
2023,ANA202309090,ANA,CLE,3,1,andet002,gioll001,5.43,4.88
2023,ANA202309100,ANA,CLE,1,0,rosek001,bibet001,3.82,2.98
2023,ANA202309150,ANA,DET,0,1,canng001,skubt001,4.32,2.8
2023,ANA202309160,ANA,DET,0,0,sorij002,langa001,3.64,3.68
2023,ANA202309170,ANA,DET,0,0,rosek001,wentj001,3.82,6.9
2023,ANA202309250,ANA,TEX,0,0,hergj001,grayj003,4.66,4.12
2023,ANA202309260,ANA,TEX,3,1,detmr001,bradc003,4.48,5.3
2023,ANA202309270,ANA,TEX,0,1,canng001,dunnd001,4.32,3.7
2023,ANA202309290,ANA,OAK,0,0,danid001,waldk003,2.19,5.36
2023,ANA202309300,ANA,OAK,0,1,joycb001,boylj001,5.4,1.69
2023,ANA202310010,ANA,OAK,1,0,fulmc001,searj001,2.7,4.54
2023,ARI202304060,ARI,LAN,0,0,kellm002,may-d003,3.29,2.63
2023,ARI202304070,ARI,LAN,1,1,jamed003,kersc001,3.32,2.46
2023,ARI202304080,ARI,LAN,1,4,nelsk001,syndn001,4.18,6.5
2023,ARI202304090,ARI,LAN,2,1,nelsr003,grovm001,5.31,6.13
2023,ARI202304100,ARI,MIL,1,0,gallz001,milew001,3.47,3.14
2023,ARI202304110,ARI,MIL,0,0,kellm002,burnc002,3.29,3.39
2023,ARI202304120,ARI,MIL,1,0,nelsk001,junkj001,4.18,4.91
2023,ARI202304200,ARI,SDN,0,0,nelsk001,honeb001,4.18,4.82
2023,ARI202304210,ARI,SDN,0,0,gallz001,lugos001,3.47,3.57
2023,ARI202304220,ARI,SDN,1,2,kellm002,musgj001,3.29,3.05
2023,ARI202304230,ARI,SDN,0,3,jamed003,darvy001,3.32,4.56
2023,ARI202304240,ARI,KCA,0,1,chafa001,chapa001,4.73,3.09
2023,ARI202304250,ARI,KCA,0,1,nelsr003,singb001,5.31,5.52
2023,ARI202304260,ARI,KCA,0,0,gallz001,yarbr001,3.47,4.52
2023,ARI202305050,ARI,WAS,0,1,kellm002,grayj004,3.29,3.91
2023,ARI202305060,ARI,WAS,1,0,castm002,finnk001,4.31,3.76
2023,ARI202305070,ARI,WAS,0,0,castm002,ramie004,4.31,6.41
2023,ARI202305080,ARI,MIA,0,0,gallz001,garrb001,3.47,3.66
2023,ARI202305090,ARI,MIA,0,1,pfaab001,luzaj001,5.72,3.58
2023,ARI202305100,ARI,MIA,0,0,chafa001,flord002,4.73,4.76
2023,ARI202305110,ARI,SFN,0,0,henrt001,cobba001,4.15,3.87
2023,ARI202305120,ARI,SFN,0,2,misia001,junij001,7.36,3.87
2023,ARI202305130,ARI,SFN,0,1,gallz001,desca001,3.47,4.88
2023,ARI202305140,ARI,SFN,0,0,castm002,roget002,4.31,3.04
2023,ARI202305260,ARI,BOS,0,0,pfaab001,salec001,5.72,4.3
2023,ARI202305270,ARI,BOS,1,0,daviz001,whitg002,7.0,5.15
2023,ARI202305280,ARI,BOS,3,0,kellm002,houct001,3.29,5.01
2023,ARI202305290,ARI,COL,0,1,nelsr003,kaufk001,5.31,8.23
2023,ARI202305300,ARI,COL,3,0,gallz001,freek001,3.47,5.03
2023,ARI202305310,ARI,COL,3,0,henrt001,lamed001,4.15,11.71
2023,ARI202306010,ARI,COL,0,0,ginkk001,johnp001,2.48,4.02
2023,ARI202306020,ARI,ATL,2,0,kellm002,mortc002,3.29,3.64
2023,ARI202306030,ARI,ATL,0,0,nelsr003,stris002,5.31,3.86
2023,ARI202306040,ARI,ATL,0,0,castm002,minta001,4.31,3.76
2023,ARI202306120,ARI,PHI,1,0,jamed003,coved001,3.32,3.77
2023,ARI202306130,ARI,PHI,0,4,daviz001,wheez001,7.0,3.61
2023,ARI202306140,ARI,PHI,0,0,mcgos001,kimbc001,4.73,3.26
2023,ARI202306150,ARI,PHI,0,0,nelsr003,nolaa001,5.31,4.46
2023,ARI202306160,ARI,CLE,1,0,gallz001,toust001,3.47,4.97
2023,ARI202306170,ARI,CLE,0,1,castm002,biebs001,4.31,3.8
2023,ARI202306180,ARI,CLE,0,2,daviz001,bibet001,7.0,2.98
2023,ARI202306270,ARI,TBA,5,0,gallz001,bradt002,3.47,5.59
2023,ARI202306280,ARI,TBA,0,0,mcgos001,pochc001,4.73,2.23
2023,ARI202306290,ARI,TBA,0,1,pfaab001,chiry001,5.72,5.4
2023,ARI202307040,ARI,NYN,1,0,castm002,schem001,4.31,3.77
2023,ARI202307050,ARI,NYN,0,0,chafa001,sengk001,4.73,2.98
2023,ARI202307060,ARI,NYN,0,2,nelsr003,carrc003,5.31,6.8
2023,ARI202307070,ARI,PIT,0,0,gallz001,hillr001,3.47,5.41
2023,ARI202307080,ARI,PIT,0,0,mcgos001,bednd001,4.73,2.0
2023,ARI202307090,ARI,PIT,1,0,daviz001,bidoo001,7.0,5.86
2023,ARI202307240,ARI,SLN,1,2,chafa001,gallg001,4.73,4.42
2023,ARI202307250,ARI,SLN,0,0,nelsk001,romej002,4.18,3.68
2023,ARI202307260,ARI,SLN,0,0,gallz001,palla001,3.47,4.76
2023,ARI202307280,ARI,SEA,0,4,henrt001,gilbl002,4.15,3.73
2023,ARI202307290,ARI,SEA,0,0,ginkk001,munoa002,2.48,2.94
2023,ARI202307300,ARI,SEA,0,2,kellm002,castl003,3.29,3.34
2023,ARI202308080,ARI,LAN,0,0,pfaab001,uriaj001,5.72,4.6
2023,ARI202308090,ARI,LAN,0,0,nelsk001,fergc001,4.18,3.43
2023,ARI202308110,ARI,SDN,1,0,nelsr003,snelb001,5.31,2.25
2023,ARI202308120,ARI,SDN,1,0,gallz001,hillr001,3.47,5.41
2023,ARI202308130,ARI,SDN,1,3,nelsk001,suarr002,4.18,4.23
2023,ARI202308210,ARI,TEX,0,0,ginkk001,smitw002,2.48,
2023,ARI202308220,ARI,TEX,0,0,gallz001,grayj003,3.47,4.12
2023,ARI202308240,ARI,CIN,0,0,castm002,youna002,4.31,3.86
2023,ARI202308250,ARI,CIN,0,0,pfaab001,greeh001,5.72,4.82
2023,ARI202308260,ARI,CIN,1,0,crisn001,diaza004,8.31,3.07
2023,ARI202308270,ARI,CIN,0,0,mcgos001,gibai001,4.73,3.33
2023,ARI202309010,ARI,BAL,2,1,daviz001,irvic001,7.0,4.42
2023,ARI202309020,ARI,BAL,0,0,ceccs001,bradk001,4.33,2.83
2023,ARI202309030,ARI,BAL,1,2,gallz001,could001,3.47,2.81
2023,ARI202309040,ARI,COL,0,0,kellm002,lambp001,3.29,5.36
2023,ARI202309050,ARI,COL,1,1,pfaab001,freek001,5.72,5.03
2023,ARI202309060,ARI,COL,1,4,jarvb001,flexc001,3.04,6.86
2023,ARI202309150,ARI,CHN,3,0,pfaab001,steej002,5.72,3.06
2023,ARI202309160,ARI,CHN,0,0,mantj002,wesnh001,4.62,4.63
2023,ARI202309170,ARI,CHN,3,0,frial001,wickj001,4.06,4.41
2023,ARI202309190,ARI,SFN,1,2,gallz001,cobba001,3.47,3.87
2023,ARI202309200,ARI,SFN,1,1,kellm002,webbl001,3.29,3.25
2023,ARI202309290,ARI,HOU,0,0,gallz001,urquj001,3.47,5.29
2023,ARI202309300,ARI,HOU,0,0,kellm002,verlj001,3.29,3.22
2023,ARI202310010,ARI,HOU,0,4,nelsk001,javic001,4.18,4.56
2023,ATL202304060,ATL,SDN,1,0,minta001,crisn001,3.76,8.31
2023,ATL202304070,ATL,SDN,0,2,tonkm001,honeb001,4.28,4.82
2023,ATL202304080,ATL,SDN,0,0,mortc002,wachm001,3.64,3.22
2023,ATL202304090,ATL,SDN,0,0,doddd001,lugos001,7.6,3.57
2023,ATL202304100,ATL,CIN,0,0,lee-d005,law-d001,4.18,3.6
2023,ATL202304110,ATL,CIN,1,0,tonkm001,cessl001,4.28,9.0
2023,ATL202304120,ATL,CIN,0,2,yatek001,farmb001,3.28,4.2
2023,ATL202304210,ATL,HOU,4,1,minta001,nerih001,3.76,1.71
2023,ATL202304220,ATL,HOU,0,0,wrigk001,valdf001,6.97,3.45
2023,ATL202304230,ATL,HOU,0,0,minta001,nerih001,3.76,1.71
2023,ATL202304240,ATL,MIA,0,0,stris002,cabre003,3.86,4.24
2023,ATL202304250,ATL,MIA,1,0,mortc002,hoeib001,3.64,5.48
2023,ATL202304260,ATL,MIA,0,0,tonkm001,flord002,4.28,4.76
2023,ATL202304270,ATL,MIA,0,0,minta001,puk-a001,3.76,3.97
2023,ATL202305050,ATL,BAL,1,0,friem001,kremd001,2.55,4.12
2023,ATL202305060,ATL,BAL,0,0,minta001,could001,3.76,2.81
2023,ATL202305070,ATL,BAL,1,0,tonkm001,perec004,4.28,3.54
2023,ATL202305090,ATL,BOS,4,0,mortc002,piven001,3.64,4.04
2023,ATL202305100,ATL,BOS,0,0,minta001,bellb002,3.76,4.24
2023,ATL202305190,ATL,SEA,1,0,mchuc001,millb004,4.3,4.32
2023,ATL202305200,ATL,SEA,2,0,tonkm001,gilbl002,4.28,3.73
2023,ATL202305210,ATL,SEA,1,0,shusj001,kirbg001,5.81,3.35
2023,ATL202305220,ATL,LAN,4,0,mortc002,phile001,3.64,2.05
2023,ATL202305230,ATL,LAN,1,1,stris002,millb005,3.86,3.76
2023,ATL202305240,ATL,LAN,0,0,igler001,bickp001,2.75,4.95
2023,ATL202305250,ATL,PHI,2,0,anden001,sotog003,3.06,4.62
2023,ATL202305260,ATL,PHI,0,0,jimej003,walkt004,3.04,4.38
2023,ATL202305270,ATL,PHI,0,0,mortc002,wheez001,3.64,3.61
2023,ATL202305280,ATL,PHI,7,0,stris002,coved001,3.86,3.77
2023,ATL202306060,ATL,NYN,0,0,eldeb001,smitd009,3.81,4.15
2023,ATL202306070,ATL,NYN,0,1,anden001,raleb001,3.06,2.8
2023,ATL202306080,ATL,NYN,3,0,igler001,huntt002,2.75,6.85
2023,ATL202306090,ATL,WAS,0,1,yatek001,finnk001,3.28,3.76
2023,ATL202306100,ATL,WAS,1,1,shusj001,gorem001,5.81,4.42
2023,ATL202306110,ATL,WAS,2,0,eldeb001,willt002,3.81,5.55
2023,ATL202306150,ATL,COL,0,0,smita001,freek001,4.26,5.03
2023,ATL202306160,ATL,COL,3,0,shusj001,lamed001,5.81,11.71
2023,ATL202306170,ATL,COL,4,0,eldeb001,seabc001,3.81,7.52
2023,ATL202306180,ATL,COL,0,2,mortc002,andec001,3.64,5.42
2023,ATL202306260,ATL,MIN,0,0,stris002,grays001,3.86,2.79
2023,ATL202306270,ATL,MIN,4,1,eldeb001,ryanj002,3.81,4.51
2023,ATL202306280,ATL,MIN,1,0,yatek001,maedk001,3.28,4.23
2023,ATL202306300,ATL,MIA,5,0,sorom001,hoeib001,6.4,5.48
2023,ATL202307010,ATL,MIA,6,0,mortc002,peree004,3.64,3.15
2023,ATL202307020,ATL,MIA,0,0,stris002,alcas001,3.86,4.14
2023,ATL202307140,ATL,CHA,4,0,mortc002,kopem001,3.64,5.43
2023,ATL202307150,ATL,CHA,0,0,stris002,lynnl001,3.86,5.73
2023,ATL202307160,ATL,CHA,0,0,allak001,ceasd001,6.57,4.58
2023,ATL202307180,ATL,ARI,5,2,igler001,castm002,2.75,4.31
2023,ATL202307190,ATL,ARI,0,0,mortc002,nelsr003,3.64,5.31
2023,ATL202307200,ATL,ARI,0,0,yatek001,castm002,3.28,4.31
2023,ATL202307280,ATL,MIL,0,0,mchuc001,housa001,4.3,4.12
2023,ATL202307290,ATL,MIL,6,0,eldeb001,tehej001,3.81,4.4
2023,ATL202307300,ATL,MIL,2,1,yatek001,payaj001,3.28,2.55
2023,ATL202307310,ATL,ANA,0,1,mortc002,silsc001,3.64,3.96
2023,ATL202308010,ATL,ANA,1,0,stris002,sandp002,3.86,4.11
2023,ATL202308020,ATL,ANA,0,0,chiry001,gioll001,5.4,4.88
2023,ATL202308140,ATL,NYA,1,1,friem001,schmc002,2.55,4.64
2023,ATL202308150,ATL,NYA,3,0,eldeb001,sevel001,3.81,6.65
2023,ATL202308160,ATL,NYA,0,0,mortc002,vasqr001,3.64,2.87
2023,ATL202308180,ATL,SFN,2,0,stris002,cobba001,3.86,3.87
2023,ATL202308190,ATL,SFN,0,1,yatek001,roget002,3.28,3.04
2023,ATL202308200,ATL,SFN,0,0,yatek001,dovac001,3.28,2.93
2023,ATL202308210,ATL,NYN,0,0,winaa001,bickp001,5.29,4.95
2023,ATL202308220,ATL,NYN,0,0,eldeb001,megit002,3.81,4.7
2023,ATL202308230,ATL,NYN,1,0,mortc002,quinj001,3.64,3.57
2023,ATL202309050,ATL,SLN,1,0,sorom001,mikom001,6.4,4.78
2023,ATL202309060,ATL,SLN,0,4,stris002,hudsd002,3.86,4.98
2023,ATL202309070,ATL,SLN,3,0,friem001,waina001,2.55,7.4
2023,ATL202309080,ATL,PIT,0,0,eldeb001,kellm003,3.81,4.21
2023,ATL202309090,ATL,PIT,0,0,doddd001,borur001,7.6,2.45
2023,ATL202309100,ATL,PIT,0,0,handb001,selbc001,5.53,9.0
2023,ATL202309180,ATL,PHI,1,0,wrigk001,wheez001,6.97,3.61
2023,ATL202309190,ATL,PHI,1,0,stris002,sancc002,3.86,3.44
2023,ATL202309200,ATL,PHI,0,1,minta001,kimbc001,3.76,3.26
2023,ATL202309260,ATL,CHN,0,0,handb001,smyld001,5.53,5.0
2023,ATL202309270,ATL,CHN,1,0,chavj001,paled001,1.56,4.45
2023,ATL202309280,ATL,CHN,2,1,wrigk001,strom001,6.97,3.95
2023,ATL202309290,ATL,WAS,1,0,handb001,weemj001,5.53,3.62
2023,ATL202309300,ATL,WAS,0,3,stris002,weemj001,3.86,3.62
2023,ATL202310010,ATL,WAS,2,4,tonkm001,harvh001,4.28,2.82
2023,BAL202304070,BAL,NYA,0,0,perec004,marir001,3.54,3.99
2023,BAL202304080,BAL,NYA,1,0,irvic001,britj003,4.42,4.28
2023,BAL202304090,BAL,NYA,0,1,wellt003,cortn001,3.64,4.97
2023,BAL202304100,BAL,OAK,2,1,gibsk002,searj001,4.73,4.54
2023,BAL202304110,BAL,OAK,1,1,bakeb001,molls001,3.6,3.03
2023,BAL202304120,BAL,OAK,0,3,akink001,smitc007,6.85,6.59
2023,BAL202304130,BAL,OAK,0,1,bautf001,may-t001,1.48,3.28
2023,BAL202304210,BAL,DET,0,0,bautf001,folej001,1.48,2.61
2023,BAL202304220,BAL,DET,0,0,gibsk002,wentj001,4.73,6.9
2023,BAL202304230,BAL,DET,0,0,akink001,englm001,6.85,5.46
2023,BAL202304240,BAL,BOS,0,0,kremd001,salec001,4.12,4.3
2023,BAL202304250,BAL,BOS,0,0,bradk001,klubc001,2.83,7.04
2023,BAL202304260,BAL,BOS,1,0,wellt003,houct001,3.64,5.01
2023,BAL202305080,BAL,TBA,0,0,gibsk002,mccls003,4.73,3.29
2023,BAL202305090,BAL,TBA,0,1,rodrg003,efliz001,4.35,3.5
2023,BAL202305100,BAL,TBA,0,0,kremd001,chiry001,4.12,5.4
2023,BAL202305120,BAL,PIT,0,0,bakeb001,hernj005,3.6,4.97
2023,BAL202305130,BAL,PIT,1,0,wellt003,contr001,3.64,6.59
2023,BAL202305140,BAL,PIT,0,1,gibsk002,kellm003,4.73,4.21
2023,BAL202305150,BAL,ANA,0,0,rodrg003,ohtas001,4.35,3.14
2023,BAL202305160,BAL,ANA,0,1,kremd001,silsc001,4.12,3.96
2023,BAL202305170,BAL,ANA,0,0,bradk001,canng001,2.83,4.32
2023,BAL202305180,BAL,ANA,0,1,bakeb001,devec001,3.6,4.46
2023,BAL202305260,BAL,TEX,1,0,rodrg003,grayj003,4.35,4.12
2023,BAL202305270,BAL,TEX,0,0,kremd001,heana001,4.12,4.15
2023,BAL202305280,BAL,TEX,2,0,could001,ragac001,2.81,3.47
2023,BAL202305290,BAL,CLE,0,0,wellt003,allel003,3.64,3.81
2023,BAL202305300,BAL,CLE,2,0,gibsk002,quanc001,4.73,5.24
2023,BAL202305310,BAL,CLE,0,1,givem001,currx001,11.25,4.07
2023,BAL202306090,BAL,KCA,1,0,wellt003,lyncd001,3.64,4.64
2023,BAL202306100,BAL,KCA,2,0,irvic001,singb001,4.42,5.52
2023,BAL202306110,BAL,KCA,3,1,gibsk002,mayem001,4.73,6.15
2023,BAL202306130,BAL,TOR,0,1,kremd001,bassc001,4.12,3.6
2023,BAL202306140,BAL,TOR,0,0,bradk001,berrj001,2.83,3.65
2023,BAL202306150,BAL,TOR,1,0,wellt003,garcy001,3.64,4.09
2023,BAL202306230,BAL,SEA,0,0,gibsk002,gilbl002,4.73,3.73
2023,BAL202306240,BAL,SEA,0,0,baumm001,topaj001,3.76,2.61
2023,BAL202306250,BAL,SEA,0,0,bradk001,kirbg001,2.83,3.35
2023,BAL202306260,BAL,CIN,0,1,zimmb002,willb003,4.73,4.46
2023,BAL202306270,BAL,CIN,0,0,wellt003,abboa001,3.64,3.87
2023,BAL202306280,BAL,CIN,4,3,akink001,diaza004,6.85,3.07
2023,BAL202306300,BAL,MIN,0,1,kremd001,lopep002,4.12,3.66
2023,BAL202307010,BAL,MIN,0,0,bradk001,oberb002,2.83,3.43
2023,BAL202307020,BAL,MIN,0,0,perec004,duraj002,3.54,2.45
2023,BAL202307140,BAL,MIA,0,0,kremd001,alcas001,4.12,4.14
2023,BAL202307150,BAL,MIA,0,0,baumm001,brazh001,3.76,4.14
2023,BAL202307160,BAL,MIA,3,0,bradk001,okers001,2.83,4.45
2023,BAL202307170,BAL,LAN,1,0,bakeb001,sheee001,3.6,4.92
2023,BAL202307180,BAL,LAN,0,0,wellt003,grovm001,3.64,6.13
2023,BAL202307190,BAL,LAN,4,2,could001,uriaj001,2.81,4.6
2023,BAL202307280,BAL,NYA,0,0,bautf001,kahnt001,1.48,2.66
2023,BAL202307290,BAL,NYA,0,1,wellt003,schmc002,3.64,4.64
2023,BAL202307300,BAL,NYA,7,0,baumm001,sevel001,3.76,6.65
2023,BAL202308040,BAL,NYN,0,0,baumm001,bickp001,3.76,4.95
2023,BAL202308050,BAL,NYN,2,0,gibsk002,megit002,4.73,4.7
2023,BAL202308060,BAL,NYN,0,0,perec004,quinj001,3.54,3.57
2023,BAL202308080,BAL,HOU,2,0,bautf001,stanr002,1.48,4.09
2023,BAL202308090,BAL,HOU,0,2,flahj002,javic001,4.99,4.56
2023,BAL202308100,BAL,HOU,1,0,kremd001,browh001,4.12,5.09
2023,BAL202308220,BAL,TOR,1,0,baumm001,mayzt001,3.76,1.52
2023,BAL202308230,BAL,TOR,0,0,kremd001,gausk001,4.12,3.16
2023,BAL202308240,BAL,TOR,0,0,gibsk002,berrj001,4.73,3.65
2023,BAL202308250,BAL,COL,2,0,fujis001,suteb001,7.18,3.38
2023,BAL202308260,BAL,COL,0,0,bradk001,flexc001,2.83,6.86
2023,BAL202308270,BAL,COL,0,0,canoy001,lawrj002,2.11,3.72
2023,BAL202308280,BAL,CHA,0,0,rodrg003,kopem001,4.35,5.43
2023,BAL202308290,BAL,CHA,0,0,could001,bumma001,2.81,6.79
2023,BAL202308300,BAL,CHA,4,0,gibsk002,ceasd001,4.73,4.58
2023,BAL202309110,BAL,SLN,0,1,halld004,hudsd002,3.26,4.98
2023,BAL202309120,BAL,SLN,0,1,meanj001,waina001,2.66,7.4
2023,BAL202309130,BAL,SLN,0,0,gibsk002,rom-d001,4.73,8.02
2023,BAL202309140,BAL,TBA,0,0,bradk001,pochc001,2.83,2.23
2023,BAL202309150,BAL,TBA,0,0,flahj002,efliz001,4.99,3.5
2023,BAL202309160,BAL,TBA,1,0,rodrg003,glast001,4.35,3.53
2023,BAL202309170,BAL,TBA,0,1,halld004,diekj001,3.26,3.34
2023,BAL202309260,BAL,WAS,1,0,bradk001,grayj004,2.83,3.91
2023,BAL202309270,BAL,WAS,0,0,rodrg003,corbp001,4.35,5.2
2023,BAL202309280,BAL,BOS,1,0,kremd001,salec001,4.12,4.3
2023,BAL202309290,BAL,BOS,0,0,meanj001,piven001,2.66,4.04
2023,BAL202309300,BAL,BOS,0,0,zimmb002,wincj001,4.73,2.88
2023,BAL202310010,BAL,BOS,0,0,could001,houct001,2.81,5.01
2023,BOS202303300,BOS,BAL,1,1,klubc001,gibsk002,7.04,4.73
2023,BOS202304010,BOS,BAL,0,3,jansk001,bautf001,3.63,1.48
2023,BOS202304020,BOS,BAL,1,0,houct001,irvic001,5.01,4.42
2023,BOS202304030,BOS,PIT,5,3,crawk001,unded001,4.04,5.18
2023,BOS202304040,BOS,PIT,1,0,piven001,contr001,4.04,6.59
2023,BOS202304050,BOS,PIT,0,0,klubc001,kellm003,7.04,4.21
2023,BOS202304140,BOS,ANA,0,2,wincj001,hergj001,2.88,4.66
2023,BOS202304150,BOS,ANA,2,4,brasr001,teper001,3.02,7.59
2023,BOS202304160,BOS,ANA,0,0,whitg002,detmr001,5.15,4.48
2023,BOS202304170,BOS,ANA,1,4,bellb002,davit005,4.24,5.96
2023,BOS202304180,BOS,MIN,1,0,schrj001,moraj003,3.86,5.31
2023,BOS202304190,BOS,MIN,0,3,klubc001,ryanj002,7.04,4.51
2023,BOS202304200,BOS,MIN,1,0,houct001,maedk001,5.01,4.23
2023,BOS202304280,BOS,CLE,0,2,piven001,biebs001,4.04,3.8
2023,BOS202304290,BOS,CLE,3,0,bernb001,clase001,3.2,3.22
2023,BOS202304300,BOS,CLE,0,0,salec001,allel003,4.3,3.81
2023,BOS202305010,BOS,TOR,2,0,wincj001,romaj004,2.88,2.9
2023,BOS202305020,BOS,TOR,0,0,bleir001,swane001,5.28,2.97
2023,BOS202305030,BOS,TOR,0,0,piven001,manoa001,4.04,5.87
2023,BOS202305040,BOS,TOR,1,0,bellb002,gausk001,4.24,3.16
2023,BOS202305120,BOS,SLN,0,2,jansk001,helsr001,3.63,2.45
2023,BOS202305130,BOS,SLN,1,0,jansk001,palla001,3.63,4.76
2023,BOS202305140,BOS,SLN,1,1,klubc001,mikom001,7.04,4.78
2023,BOS202305150,BOS,SEA,0,0,houct001,kirbg001,5.01,3.35
2023,BOS202305160,BOS,SEA,5,0,piven001,castl003,4.04,3.34
2023,BOS202305170,BOS,SEA,3,0,bellb002,gonzm005,4.24,5.22
2023,BOS202305300,BOS,CIN,0,0,bellb002,liveb001,4.24,5.38
2023,BOS202305310,BOS,CIN,0,0,wincj001,gibai001,2.88,3.33
2023,BOS202306010,BOS,CIN,0,0,martc007,hergk001,1.05,5.18
2023,BOS202306031,BOS,TBA,0,0,klubc001,beekj001,7.04,5.95
2023,BOS202306032,BOS,TBA,0,0,jansk001,faucc001,3.63,7.01
2023,BOS202306040,BOS,TBA,0,0,houct001,bradt002,5.01,5.59
2023,BOS202306050,BOS,TBA,0,0,bellb002,mccls003,4.24,3.29
2023,BOS202306120,BOS,COL,0,0,piven001,bardd001,4.04,4.56
2023,BOS202306130,BOS,COL,0,0,garzj001,bardd001,7.36,4.56
2023,BOS202306140,BOS,COL,1,0,whitg002,gomba001,5.15,5.5
2023,BOS202306160,BOS,NYA,2,1,jacqj001,germd001,5.06,4.56
2023,BOS202306181,BOS,NYA,0,2,piven001,kingm002,4.04,2.75
2023,BOS202306182,BOS,NYA,0,1,bellb002,sevel001,4.24,6.65
2023,BOS202306270,BOS,MIA,1,3,whitg002,alcas001,5.15,4.14
2023,BOS202306280,BOS,MIA,0,0,piven001,garrb001,4.04,3.66
2023,BOS202306290,BOS,MIA,0,0,bellb002,narda001,4.24,2.67
2023,BOS202307040,BOS,TEX,1,0,ort-k001,dunnd001,6.26,3.7
2023,BOS202307050,BOS,TEX,2,0,bellb002,grayj003,4.24,4.12
2023,BOS202307060,BOS,TEX,1,0,wincj001,sborj002,2.88,5.5
2023,BOS202307070,BOS,OAK,0,0,piven001,longs002,4.04,5.6
2023,BOS202307080,BOS,OAK,3,0,paxtj001,pruia001,4.5,2.98
2023,BOS202307090,BOS,OAK,1,1,martc007,waldk003,1.05,5.36
2023,BOS202307210,BOS,NYN,1,0,crawk001,hartg002,4.04,4.84
2023,BOS202307220,BOS,NYN,1,0,paxtj001,schem001,4.5,3.77
2023,BOS202307230,BOS,NYN,1,0,murpc001,carrc003,4.91,6.8
2023,BOS202307250,BOS,ATL,2,1,piven001,mortc002,4.04,3.64
2023,BOS202307260,BOS,ATL,0,0,jacqj001,johnp001,5.06,4.02
2023,BOS202308040,BOS,TOR,0,2,paxtj001,manoa001,4.5,5.87
2023,BOS202308050,BOS,TOR,0,0,bernb001,berrj001,3.2,3.65
2023,BOS202308060,BOS,TOR,0,0,murpc001,bassc001,4.91,3.6
2023,BOS202308070,BOS,KCA,0,0,jansk001,hernc006,3.63,5.27
2023,BOS202308080,BOS,KCA,0,0,crawk001,singb001,4.04,5.52
2023,BOS202308090,BOS,KCA,0,0,piven001,lylej001,4.04,6.28
2023,BOS202308100,BOS,KCA,0,0,paxtj001,marsa001,4.5,5.69
2023,BOS202308110,BOS,DET,1,0,barrk002,skubt001,12.91,2.8
2023,BOS202308120,BOS,DET,0,0,bellb002,mannm001,4.24,3.58
2023,BOS202308130,BOS,DET,0,0,whitg002,rodre004,5.15,3.3
2023,BOS202308250,BOS,LAN,1,0,piven001,lynnl001,4.04,5.73
2023,BOS202308260,BOS,LAN,1,1,bernb001,uriaj001,3.2,4.6
2023,BOS202308270,BOS,LAN,0,0,houct001,stong001,5.01,9.0
2023,BOS202308280,BOS,HOU,2,0,barrk002,gravk001,12.91,3.12
2023,BOS202308290,BOS,HOU,0,2,bellb002,franj006,4.24,3.83
2023,BOS202308300,BOS,HOU,0,0,crawk001,valdf001,4.04,3.45
2023,BOS202309080,BOS,BAL,0,0,houct001,bradk001,5.01,2.83
2023,BOS202309090,BOS,BAL,2,0,salec001,fujis001,4.3,7.18
2023,BOS202309100,BOS,BAL,0,0,bellb002,rodrg003,4.24,4.35
2023,BOS202309121,BOS,NYA,0,0,piven001,britj003,4.04,4.28
2023,BOS202309122,BOS,NYA,1,0,wincj001,rodoc001,2.88,6.85
2023,BOS202309141,BOS,NYA,1,0,houct001,kingm002,5.01,2.75
2023,BOS202309142,BOS,NYA,2,0,llovm001,peraw002,4.89,2.83
2023,BOS202309220,BOS,CHA,0,0,llovm001,crocg001,4.89,3.55
2023,BOS202309230,BOS,CHA,0,0,wincj001,bumma001,2.88,6.79
2023,BOS202309240,BOS,CHA,0,0,crawk001,clevm001,4.04,3.77
2023,BOS202309260,BOS,TBA,0,3,houct001,efliz001,5.01,3.5
2023,BOS202309270,BOS,TBA,0,0,bellb002,glast001,4.24,3.53
2023,CHA202304030,CHA,SFN,0,0,kopem001,desca001,5.43,4.88
2023,CHA202304050,CHA,SFN,2,0,ceasd001,webbl001,4.58,3.25
2023,CHA202304060,CHA,SFN,0,3,lynnl001,junij001,5.73,3.87
2023,CHA202304140,CHA,BAL,0,0,loper003,baumm001,3.27,3.76
2023,CHA202304150,CHA,BAL,0,0,lambj003,gilll001,5.26,6.0
2023,CHA202304160,CHA,BAL,4,0,bumma001,baumm001,6.79,3.76
2023,CHA202304181,CHA,PHI,0,3,lynnl001,wheez001,5.73,3.61
2023,CHA202304182,CHA,PHI,3,0,gioll001,faltb001,4.88,5.36
2023,CHA202304190,CHA,PHI,2,1,clevm001,walkt004,3.77,4.38
2023,CHA202304270,CHA,TBA,0,0,ceasd001,mccls003,4.58,3.29
2023,CHA202304280,CHA,TBA,1,1,gravk001,pochc001,3.12,2.23
2023,CHA202304290,CHA,TBA,0,0,lynnl001,chiry001,5.73,5.4
2023,CHA202304300,CHA,TBA,1,0,bumma001,beekj001,6.79,5.95
2023,CHA202305020,CHA,MIN,0,0,lambj003,thiec001,5.26,3.23
2023,CHA202305030,CHA,MIN,3,0,santg001,jax-g001,3.39,3.86
2023,CHA202305040,CHA,MIN,0,0,coloa001,pagae001,6.0,2.99
2023,CHA202305120,CHA,HOU,0,0,kopem001,franj006,5.43,3.83
2023,CHA202305130,CHA,HOU,0,0,kellj001,montr004,4.12,5.08
2023,CHA202305140,CHA,HOU,0,3,gioll001,browh001,4.88,5.09
2023,CHA202305160,CHA,CLE,0,0,lynnl001,biebs001,5.73,3.8
2023,CHA202305170,CHA,CLE,0,1,clevm001,battp001,3.77,5.19
2023,CHA202305180,CHA,CLE,0,0,ceasd001,sandn001,4.58,3.75
2023,CHA202305190,CHA,KCA,0,0,kopem001,greiz001,5.43,5.06
2023,CHA202305200,CHA,KCA,2,1,gioll001,lylej001,4.88,6.28
2023,CHA202305210,CHA,KCA,0,0,lynnl001,castm003,5.73,4.43
2023,CHA202305290,CHA,ANA,1,4,kopem001,canng001,5.43,4.32
2023,CHA202305300,CHA,ANA,1,1,gioll001,andet002,4.88,5.43
2023,CHA202305310,CHA,ANA,0,2,lynnl001,barrj003,5.73,5.68
2023,CHA202306020,CHA,DET,0,0,middk001,olsor001,3.38,3.99
2023,CHA202306030,CHA,DET,0,0,loper003,cisnj001,3.27,5.31
2023,CHA202306040,CHA,DET,0,0,hendl001,langa001,5.4,3.68
2023,CHA202306090,CHA,MIA,0,0,hendl001,flord002,5.4,4.76
2023,CHA202306100,CHA,MIA,0,0,kellj001,okers001,4.12,4.45
2023,CHA202306110,CHA,MIA,0,0,gravk001,hoeib001,3.12,5.48
2023,CHA202306190,CHA,TEX,0,1,bankt001,heana001,4.43,4.15
2023,CHA202306200,CHA,TEX,2,0,gravk001,andeg002,3.12,5.05
2023,CHA202306210,CHA,TEX,1,0,kopem001,perem004,5.43,4.45
2023,CHA202306230,CHA,BOS,0,0,gioll001,bellb002,4.88,4.24
2023,CHA202306240,CHA,BOS,0,0,gravk001,jansk001,3.12,3.63
2023,CHA202306250,CHA,BOS,0,0,schoj002,crawk001,5.29,4.04
2023,CHA202307040,CHA,TOR,0,0,kellj001,pearn001,4.12,4.85
2023,CHA202307061,CHA,TOR,0,0,bumma001,romaj004,6.79,2.9
2023,CHA202307062,CHA,TOR,0,0,padin001,jackj001,5.79,2.12
2023,CHA202307070,CHA,SLN,0,0,middk001,leahk001,3.38,21.6
2023,CHA202307080,CHA,SLN,0,0,toust001,mikom001,4.97,4.78
2023,CHA202307090,CHA,SLN,0,0,middk001,romej002,3.38,3.68
2023,CHA202307250,CHA,CHN,0,0,kopem001,hendk001,5.43,3.74
2023,CHA202307260,CHA,CHN,2,0,kellj001,assaj001,4.12,3.05
2023,CHA202307270,CHA,CLE,0,1,ceasd001,bibet001,4.58,2.98
2023,CHA202307280,CHA,CLE,1,0,toust001,currx001,4.97,4.07
2023,CHA202307290,CHA,CLE,1,0,clevm001,allel003,3.77,3.81
2023,CHA202307300,CHA,CLE,0,0,kopem001,civaa001,5.43,3.46
2023,CHA202308070,CHA,NYA,0,0,ceasd001,coleg001,4.58,2.63
2023,CHA202308080,CHA,NYA,0,0,toust001,schmc002,4.97,4.64
2023,CHA202308090,CHA,NYA,0,0,clevm001,sevel001,3.77,6.65
2023,CHA202308110,CHA,MIL,2,1,lambj003,willd004,5.26,1.53
2023,CHA202308120,CHA,MIL,0,0,schoj002,woodb005,5.29,2.28
2023,CHA202308130,CHA,MIL,0,0,ceasd001,peraf001,4.58,3.86
2023,CHA202308210,CHA,SEA,1,5,toust001,castl003,4.97,3.34
2023,CHA202308220,CHA,SEA,1,0,clevm001,topaj001,3.77,2.61
2023,CHA202308230,CHA,SEA,0,0,peras001,topaj001,4.05,2.61
2023,CHA202308240,CHA,OAK,1,0,lambj003,ercel001,5.26,4.75
2023,CHA202308250,CHA,OAK,0,0,ceasd001,nealz001,4.58,6.67
2023,CHA202308260,CHA,OAK,1,0,toust001,searj001,4.97,4.54
2023,CHA202308270,CHA,OAK,1,0,clevm001,blacp001,3.77,4.43
2023,CHA202309010,CHA,DET,0,0,toust001,rodre004,4.97,3.3
2023,CHA202309020,CHA,DET,0,4,clevm001,olsor001,3.77,3.99
2023,CHA202309030,CHA,DET,2,0,bumma001,skubt001,6.79,2.8
2023,CHA202309121,CHA,KCA,5,0,ceasd001,singb001,4.58,5.52
2023,CHA202309122,CHA,KCA,0,4,garcd003,clart003,2.4,5.95
2023,CHA202309130,CHA,KCA,0,0,clevm001,marsa001,3.77,5.69
2023,CHA202309140,CHA,MIN,0,0,urenj001,maedk001,6.45,4.23
2023,CHA202309150,CHA,MIN,0,0,schoj002,oberb002,5.29,3.43
2023,CHA202309160,CHA,MIN,5,1,toust001,lopep002,4.97,3.66
2023,CHA202309170,CHA,MIN,0,0,ceasd001,grays001,4.58,2.79
2023,CHA202309260,CHA,ARI,3,0,urenj001,nelsr003,6.45,5.31
2023,CHA202309270,CHA,ARI,0,0,patil001,pfaab001,4.57,5.72
2023,CHA202309280,CHA,ARI,0,0,bankt001,jarvb001,4.43,3.04
2023,CHA202309290,CHA,SDN,0,0,ceasd001,martn002,4.58,3.43
2023,CHA202309300,CHA,SDN,0,4,clevm001,wachm001,3.77,3.22
2023,CHA202310010,CHA,SDN,0,0,crond001,hillr001,9.0,5.41
2023,CHN202303300,CHN,MIL,0,0,strom001,burnc002,3.95,3.39
2023,CHN202304010,CHN,MIL,0,0,assaj001,strzp001,3.05,4.38
2023,CHN202304020,CHN,MIL,1,0,tailj001,lauee001,4.84,6.56
2023,CHN202304070,CHN,TEX,0,0,strom001,eovan001,3.95,3.63
2023,CHN202304080,CHN,TEX,1,0,steej002,perem004,3.06,4.45
2023,CHN202304090,CHN,TEX,0,0,tailj001,grayj003,4.84,4.12
2023,CHN202304100,CHN,SEA,0,0,thomk002,brasm001,4.71,3.06
2023,CHN202304110,CHN,SEA,0,2,ruckm001,flexc001,4.91,6.86
2023,CHN202304120,CHN,SEA,1,0,strom001,gilbl002,3.95,3.73
2023,CHN202304200,CHN,LAN,0,0,fulmm001,fergc001,4.42,3.43
2023,CHN202304210,CHN,LAN,2,0,smyld001,uriaj001,5.0,4.6
2023,CHN202304220,CHN,LAN,1,1,wesnh001,may-d003,4.63,2.63
2023,CHN202304230,CHN,LAN,2,0,strom001,kersc001,3.95,2.46
2023,CHN202304250,CHN,SDN,0,0,steej002,snelb001,3.06,2.25
2023,CHN202304260,CHN,SDN,0,0,hughb002,martn002,7.24,3.43
2023,CHN202304270,CHN,SDN,0,0,wesnh001,lugos001,4.63,3.57
2023,CHN202305050,CHN,MIA,1,0,steej002,cabre003,3.06,4.24
2023,CHN202305060,CHN,MIA,0,1,thomk002,puk-a001,4.71,3.97
2023,CHN202305070,CHN,MIA,0,0,alzoa001,okers001,2.67,4.45
2023,CHN202305080,CHN,SLN,0,0,strom001,cabrg001,3.95,4.04
2023,CHN202305090,CHN,SLN,1,1,assaj001,strac001,3.05,3.92
2023,CHN202305100,CHN,SLN,0,1,steej002,montj004,3.06,3.2
2023,CHN202305230,CHN,NYN,0,0,smyld001,megit002,5.0,4.7
2023,CHN202305240,CHN,NYN,0,0,strom001,sengk001,3.95,2.98
2023,CHN202305250,CHN,NYN,1,1,hendk001,carrc003,3.74,6.8
2023,CHN202305260,CHN,CIN,0,2,steej002,greeh001,3.06,4.82
2023,CHN202305270,CHN,CIN,1,0,fulmm001,farmb001,4.42,4.2
2023,CHN202305280,CHN,CIN,0,0,smyld001,ashcg001,5.0,4.76
2023,CHN202305290,CHN,TBA,0,0,strom001,bradt002,3.95,5.59
2023,CHN202305300,CHN,TBA,1,0,merrj001,mccls003,3.38,3.29
2023,CHN202305310,CHN,TBA,2,0,leitm002,pochc001,3.5,2.23
2023,CHN202306130,CHN,PIT,3,1,tailj001,ortil003,4.84,4.78
2023,CHN202306140,CHN,PIT,1,3,smyld001,contr001,5.0,6.59
2023,CHN202306150,CHN,PIT,0,0,strom001,oviej001,3.95,4.31
2023,CHN202306160,CHN,BAL,0,0,hendk001,irvic001,3.74,4.42
2023,CHN202306170,CHN,BAL,0,0,steej002,gibsk002,3.06,4.73
2023,CHN202306180,CHN,BAL,1,0,tailj001,kremd001,4.84,4.12
2023,CHN202306270,CHN,PHI,0,1,tailj001,suarr001,4.84,4.18
2023,CHN202306280,CHN,PHI,0,0,smyld001,nolaa001,5.0,4.46
2023,CHN202306290,CHN,PHI,0,1,hendk001,walkt004,3.74,4.38
2023,CHN202306300,CHN,CLE,0,0,steej002,quanc001,3.06,5.24
2023,CHN202307010,CHN,CLE,0,0,strom001,bibet001,3.95,2.98
2023,CHN202307020,CHN,CLE,0,0,alzoa001,hents001,2.67,3.61
2023,CHN202307140,CHN,BOS,0,0,hendk001,bellb002,3.74,4.24
2023,CHN202307150,CHN,BOS,0,0,strom001,paxtj001,3.95,4.5
2023,CHN202307160,CHN,BOS,0,1,steej002,crawk001,3.06,4.04
2023,CHN202307170,CHN,WAS,0,2,smyld001,gorem001,5.0,4.42
2023,CHN202307180,CHN,WAS,0,1,fulmm001,willa004,4.42,6.66
2023,CHN202307190,CHN,WAS,1,0,merrj001,thomm005,3.38,5.5
2023,CHN202307200,CHN,SLN,0,1,strom001,matzs001,3.95,3.86
2023,CHN202307210,CHN,SLN,0,0,steej002,flahj002,3.06,4.99
2023,CHN202307220,CHN,SLN,0,1,paled001,thomz002,4.45,4.48
2023,CHN202307230,CHN,SLN,3,0,tailj001,montj004,4.84,3.2
2023,CHN202307310,CHN,CIN,0,0,strom001,farmb001,3.95,4.2
2023,CHN202308010,CHN,CIN,5,0,steej002,liveb001,3.06,5.38
2023,CHN202308020,CHN,CIN,0,2,fulmm001,farmb001,4.42,4.2
2023,CHN202308030,CHN,CIN,1,1,tailj001,weavl001,4.84,6.4
2023,CHN202308040,CHN,ATL,0,0,hendk001,friem001,3.74,2.55
2023,CHN202308050,CHN,ATL,6,0,fulmm001,eldeb001,4.42,3.81
2023,CHN202308060,CHN,ATL,0,0,steej002,mortc002,3.06,3.64
2023,CHN202308150,CHN,CHA,2,1,merrj001,ramsl001,3.38,5.85
2023,CHN202308160,CHN,CHA,0,0,smyld001,santg001,5.0,3.39
2023,CHN202308180,CHN,KCA,0,0,tailj001,ragac001,4.84,3.47
2023,CHN202308190,CHN,KCA,3,0,steej002,singb001,3.06,5.52
2023,CHN202308200,CHN,KCA,2,1,hendk001,lylej001,3.74,6.28
2023,CHN202308280,CHN,MIL,1,5,tailj001,milew001,4.84,3.14
2023,CHN202308290,CHN,MIL,1,0,steej002,burnc002,3.06,3.39
2023,CHN202308300,CHN,MIL,2,0,alzoa001,payaj001,2.67,2.55
2023,CHN202309040,CHN,SFN,0,0,steej002,webbl001,3.06,3.25
2023,CHN202309050,CHN,SFN,0,1,smyld001,jackl001,5.0,2.97
2023,CHN202309060,CHN,SFN,3,0,wickj001,wooda002,4.41,4.33
2023,CHN202309070,CHN,ARI,0,1,assaj001,nelsr003,3.05,5.31
2023,CHN202309080,CHN,ARI,0,0,cuasj001,gallz001,3.99,3.47
2023,CHN202309090,CHN,ARI,0,0,paled001,ginkk001,4.45,2.48
2023,CHN202309100,CHN,ARI,1,0,hendk001,mantj002,3.74,4.62
2023,CHN202309190,CHN,PIT,2,0,assaj001,faltb001,3.05,5.36
2023,CHN202309200,CHN,PIT,0,0,steej002,kellm003,3.06,4.21
2023,CHN202309210,CHN,PIT,0,0,hendk001,oviej001,3.74,4.31
2023,CHN202309220,CHN,COL,1,0,tailj001,davin001,4.84,8.7
2023,CHN202309230,CHN,COL,1,0,assaj001,mearn001,3.05,3.72
2023,CHN202309240,CHN,COL,0,0,wickj001,blact002,4.41,5.54
2023,CIN202303300,CIN,PIT,1,0,farmb001,zastr001,4.2,4.79
2023,CIN202304010,CIN,PIT,3,1,lodon001,hillr001,6.29,5.41
2023,CIN202304020,CIN,PIT,0,0,ashcg001,velav001,4.76,3.86
2023,CIN202304030,CIN,CHN,3,3,cruzf002,smyld001,4.91,5.0
2023,CIN202304040,CIN,CHN,1,1,farmb001,alzoa001,4.2,2.67
2023,CIN202304130,CIN,PHI,1,1,lodon001,faltb001,6.29,5.36
2023,CIN202304140,CIN,PHI,0,1,overc001,walkt004,11.45,4.38
2023,CIN202304150,CIN,PHI,0,0,ashcg001,stram001,4.76,3.29
2023,CIN202304160,CIN,PHI,0,9,cessl001,nolaa001,9.0,4.46
2023,CIN202304170,CIN,TBA,0,0,gibai001,beekj001,3.33,5.95
2023,CIN202304180,CIN,TBA,0,0,lodon001,bradt002,6.29,5.59
2023,CIN202304190,CIN,TBA,0,6,stoul001,rasmd002,9.58,2.62
2023,CIN202304240,CIN,TEX,1,0,diaza004,leclj001,3.07,2.68
2023,CIN202304250,CIN,TEX,0,1,sanmr001,kenni001,7.07,7.16
2023,CIN202304260,CIN,TEX,0,0,simsl001,hernj004,3.1,5.4
2023,CIN202305050,CIN,CHA,0,0,greeh001,lynnl001,4.82,5.73
2023,CIN202305060,CIN,CHA,1,0,law-d001,clevm001,3.6,3.77
2023,CIN202305070,CIN,CHA,1,0,ashcg001,kopem001,4.76,5.43
2023,CIN202305090,CIN,NYN,1,0,weavl001,peted003,6.4,5.03
2023,CIN202305100,CIN,NYN,1,0,greeh001,verlj001,4.82,3.22
2023,CIN202305110,CIN,NYN,4,0,liveb001,sengk001,5.38,2.98
2023,CIN202305190,CIN,NYA,0,1,liveb001,schmc002,5.38,4.64
2023,CIN202305200,CIN,NYA,1,0,gibai001,holmc001,3.33,2.86
2023,CIN202305210,CIN,NYA,1,0,greeh001,abrea001,4.82,4.73
2023,CIN202305220,CIN,SLN,2,0,gibai001,helsr001,3.33,2.45
2023,CIN202305230,CIN,SLN,1,1,ashcg001,waina001,4.76,7.4
2023,CIN202305240,CIN,SLN,4,0,liveb001,matzs001,5.38,3.86
2023,CIN202305250,CIN,SLN,0,0,simsl001,mikom001,3.1,4.78
2023,CIN202306020,CIN,MIL,0,0,cruzf002,pegue001,4.91,3.38
2023,CIN202306030,CIN,MIL,1,1,ashcg001,rea-c001,4.76,4.55
2023,CIN202306040,CIN,MIL,0,3,liveb001,housa001,5.38,4.12
2023,CIN202306050,CIN,MIL,0,0,abboa001,tehej001,3.87,4.4
2023,CIN202306060,CIN,LAN,3,3,salae001,fergc001,8.03,3.43
2023,CIN202306070,CIN,LAN,2,2,diaza004,phile001,3.07,2.05
2023,CIN202306080,CIN,LAN,0,0,ashcg001,kersc001,4.76,2.46
2023,CIN202306190,CIN,COL,1,0,youna002,gomba001,3.86,5.5
2023,CIN202306200,CIN,COL,0,1,youna002,davin001,3.86,8.7
2023,CIN202306210,CIN,COL,0,1,gibai001,bardd001,3.33,4.56
2023,CIN202306230,CIN,ATL,0,5,youna002,mchuc001,3.86,4.3
2023,CIN202306240,CIN,ATL,0,0,ashcg001,tonkm001,4.76,4.28
2023,CIN202306250,CIN,ATL,0,0,wynnr001,mortc002,3.86,3.64
2023,CIN202306300,CIN,SDN,0,0,duard001,carld003,3.69,4.35
2023,CIN202307010,CIN,SDN,0,0,willb003,wachm001,4.46,3.22
2023,CIN202307020,CIN,SDN,0,0,simsl001,cosgt001,3.1,1.75
2023,CIN202307140,CIN,MIL,0,0,ashcg001,burnc002,4.76,3.39
2023,CIN202307150,CIN,MIL,0,1,abboa001,peraf001,3.87,3.86
2023,CIN202307160,CIN,MIL,0,0,simsl001,milnh001,3.1,1.82
2023,CIN202307170,CIN,SFN,1,0,gibai001,roget002,3.33,3.04
2023,CIN202307180,CIN,SFN,2,1,farmb001,alexs001,4.2,4.66
2023,CIN202307190,CIN,SFN,0,0,ashcg001,strir001,4.76,5.36
2023,CIN202307200,CIN,SFN,0,0,abboa001,cobba001,3.87,3.87
2023,CIN202307210,CIN,ARI,1,1,youna002,henrt001,3.86,4.15
2023,CIN202307220,CIN,ARI,0,0,willb003,pfaab001,4.46,5.72
2023,CIN202307230,CIN,ARI,1,0,law-d001,gilbt001,3.6,5.19
2023,CIN202308040,CIN,WAS,2,0,diaza004,macha003,3.07,5.22
2023,CIN202308050,CIN,WAS,0,1,abboa001,adonj001,3.87,6.45
2023,CIN202308060,CIN,WAS,0,4,richl001,macha003,8.64,5.22
2023,CIN202308070,CIN,MIA,0,1,willb003,peree004,4.46,3.15
2023,CIN202308080,CIN,MIA,0,0,simsl001,garrb001,3.1,3.66
2023,CIN202308090,CIN,MIA,0,0,diaza004,scott003,3.07,2.31
2023,CIN202308150,CIN,CLE,0,2,ashcg001,allel003,4.76,3.81
2023,CIN202308160,CIN,CLE,1,0,abboa001,syndn001,3.87,6.5
2023,CIN202308180,CIN,TOR,0,0,diaza004,hickj002,3.07,3.29
2023,CIN202308190,CIN,TOR,0,0,willb003,bassc001,4.46,3.6
2023,CIN202308200,CIN,TOR,0,1,greeh001,ryu-h001,4.82,3.46
2023,CIN202309011,CIN,CHN,0,0,ashcg001,wickj001,4.76,4.41
2023,CIN202309012,CIN,CHN,0,0,diaza004,alzoa001,3.07,2.67
2023,CIN202309020,CIN,CHN,0,0,molls001,leitm002,3.03,3.5
2023,CIN202309030,CIN,CHN,2,1,law-d001,paled001,3.6,4.45
2023,CIN202309040,CIN,SEA,2,0,simsl001,woo-b001,3.1,4.21
2023,CIN202309050,CIN,SEA,0,2,diaza004,munoa002,3.07,2.94
2023,CIN202309060,CIN,SEA,1,0,richl001,gilbl002,8.64,3.73
2023,CIN202309080,CIN,SLN,0,3,abboa001,libem001,3.87,5.25
2023,CIN202309090,CIN,SLN,0,1,spiec001,thomz002,6.92,4.48
2023,CIN202309100,CIN,SLN,0,0,greeh001,mikom001,4.82,4.78
2023,CIN202309180,CIN,MIN,0,0,philc001,ryanj002,6.97,4.51
2023,CIN202309190,CIN,MIN,0,0,cruzf002,maedk001,4.91,4.23
2023,CIN202309200,CIN,MIN,0,0,diaza004,duraj002,3.07,2.45
2023,CIN202309220,CIN,PIT,0,0,gibai001,borur001,3.33,2.45
2023,CIN202309230,CIN,PIT,3,0,diaza004,hernj005,3.07,4.97
2023,CIN202309240,CIN,PIT,0,0,simsl001,hernj005,3.1,4.97
2023,CLE202304070,CLE,SEA,1,0,civaa001,murfp001,3.46,1.29
2023,CLE202304080,CLE,SEA,0,2,quanc001,gonzm005,5.24,5.22
2023,CLE202304090,CLE,SEA,1,2,herrt002,murfp001,5.53,1.29
2023,CLE202304100,CLE,NYA,0,2,biebs001,hamii001,3.8,2.64
2023,CLE202304110,CLE,NYA,2,0,gaddh001,coleg001,4.5,2.63
2023,CLE202304120,CLE,NYA,2,0,clase001,peraw002,3.22,2.83
2023,CLE202304221,CLE,MIA,0,0,biebs001,narda001,3.8,2.67
2023,CLE202304222,CLE,MIA,1,0,plesz001,garrb001,7.59,3.66
2023,CLE202304230,CLE,MIA,0,0,allel003,luzaj001,3.81,3.58
2023,CLE202304240,CLE,COL,0,1,quanc001,gomba001,5.24,5.5
2023,CLE202304250,CLE,COL,0,1,battp001,feltr001,5.19,5.82
2023,CLE202304260,CLE,COL,2,0,bibet001,marqg001,2.98,4.95
2023,CLE202305050,CLE,MIN,0,0,battp001,oberb002,5.19,3.43
2023,CLE202305060,CLE,MIN,0,0,stept002,alcaj001,4.06,6.23
2023,CLE202305070,CLE,MIN,2,0,quanc001,ryanj002,5.24,4.51
2023,CLE202305080,CLE,DET,1,0,bibet001,wentj001,2.98,6.9
2023,CLE202305090,CLE,DET,1,0,biebs001,lorem002,3.8,4.18
2023,CLE202305100,CLE,DET,0,2,battp001,rodre004,5.19,3.3
2023,CLE202305120,CLE,ANA,1,0,clase001,moorm003,3.22,2.56
2023,CLE202305130,CLE,ANA,0,1,morge001,teper001,4.01,7.59
2023,CLE202305140,CLE,ANA,0,0,karij001,sandp002,3.23,4.11
2023,CLE202305220,CLE,CHA,0,0,gaddh001,schoj002,4.5,5.29
2023,CLE202305230,CLE,CHA,0,0,allel003,ceasd001,3.81,4.58
2023,CLE202305240,CLE,CHA,0,0,quanc001,kopem001,5.24,5.43
2023,CLE202305260,CLE,SLN,0,0,biebs001,libem001,3.8,5.25
2023,CLE202305270,CLE,SLN,0,0,sandn001,helsr001,3.75,2.45
2023,CLE202305280,CLE,SLN,1,0,currx001,helsr001,4.07,2.45
2023,CLE202306060,CLE,BOS,2,0,deloe001,paxtj001,3.29,4.5
2023,CLE202306070,CLE,BOS,0,1,bibet001,crawk001,2.98,4.04
2023,CLE202306080,CLE,BOS,1,0,civaa001,dermm001,3.46,6.75
2023,CLE202306090,CLE,HOU,0,3,currx001,marts003,4.07,5.23
2023,CLE202306100,CLE,HOU,1,3,mcket001,franj006,5.06,3.83
2023,CLE202306110,CLE,HOU,0,0,biebs001,bielb001,3.8,3.83
2023,CLE202306200,CLE,OAK,0,0,deloe001,may-t001,3.29,3.28
2023,CLE202306210,CLE,OAK,0,0,morge001,pruia001,4.01,2.98
2023,CLE202306220,CLE,OAK,0,0,sandn001,searj001,3.75,4.54
2023,CLE202306230,CLE,MIL,0,1,biebs001,milew001,3.8,3.14
2023,CLE202306240,CLE,MIL,0,1,bibet001,peraf001,2.98,3.86
2023,CLE202306250,CLE,MIL,0,0,stept002,willd004,4.06,1.53
2023,CLE202307030,CLE,ATL,0,0,willg004,eldeb001,3.29,3.81
2023,CLE202307040,CLE,ATL,0,0,deloe001,igler001,3.29,2.75
2023,CLE202307050,CLE,ATL,0,4,quanc001,tonkm001,5.24,4.28
2023,CLE202307060,CLE,KCA,0,1,morge001,garra001,4.01,3.33
2023,CLE202307070,CLE,KCA,1,0,civaa001,lyncd001,3.46,4.64
2023,CLE202307080,CLE,KCA,1,0,willg004,singb001,3.29,5.52
2023,CLE202307090,CLE,KCA,0,0,biebs001,yarbr001,3.8,4.52
2023,CLE202307210,CLE,PHI,2,0,stept002,suarr001,4.06,4.18
2023,CLE202307220,CLE,PHI,0,0,bibet001,wheez001,2.98,3.61
2023,CLE202307230,CLE,PHI,1,1,herrt002,kimbc001,5.53,3.26
2023,CLE202307240,CLE,KCA,0,0,allel003,yarbr001,3.81,4.52
2023,CLE202307250,CLE,KCA,0,0,civaa001,greiz001,3.46,5.06
2023,CLE202307260,CLE,KCA,2,0,sandn001,marsa001,3.75,5.69
2023,CLE202308040,CLE,CHA,1,0,allel003,clevm001,3.81,3.77
2023,CLE202308050,CLE,CHA,0,0,syndn001,kopem001,6.5,5.43
2023,CLE202308060,CLE,CHA,0,2,clase001,peras001,3.22,4.05
2023,CLE202308070,CLE,TOR,0,0,deloe001,swane001,3.29,2.97
2023,CLE202308080,CLE,TOR,0,0,bibet001,kikuy001,2.98,3.86
2023,CLE202308090,CLE,TOR,0,1,allel003,gausk001,3.81,3.16
2023,CLE202308100,CLE,TOR,0,0,syndn001,manoa001,6.5,5.87
2023,CLE202308181,CLE,DET,1,3,willg004,skubt001,3.29,2.8
2023,CLE202308182,CLE,DET,0,0,deloe001,cisnj001,3.29,5.31
2023,CLE202308190,CLE,DET,1,3,bibet001,mannm001,2.98,3.58
2023,CLE202308200,CLE,DET,0,2,allel003,rodre004,3.81,3.3
2023,CLE202308220,CLE,LAN,0,2,hents001,millb005,3.61,3.76
2023,CLE202308230,CLE,LAN,1,3,currx001,varlg001,4.07,6.64
2023,CLE202308240,CLE,LAN,0,0,willg004,yarbr001,3.29,4.52
2023,CLE202309010,CLE,TBA,0,1,morge001,glast001,4.01,3.53
2023,CLE202309020,CLE,TBA,1,1,hents001,devec001,3.61,4.46
2023,CLE202309030,CLE,TBA,0,0,stept002,pochc001,4.06,2.23
2023,CLE202309040,CLE,MIN,0,1,gioll001,lopep002,4.88,3.66
2023,CLE202309050,CLE,MIN,0,2,stept002,jax-g001,4.06,3.86
2023,CLE202309060,CLE,MIN,0,0,willg004,ryanj002,3.29,4.51
2023,CLE202309150,CLE,TEX,0,0,gioll001,grayj003,4.88,4.12
2023,CLE202309160,CLE,TEX,0,0,loper003,smitw002,3.27,
2023,CLE202309170,CLE,TEX,0,0,willg004,bradc003,3.29,5.3
2023,CLE202309210,CLE,BAL,0,0,stept002,perec004,4.06,3.54
2023,CLE202309220,CLE,BAL,2,2,clase001,canoy001,3.22,2.11
2023,CLE202309230,CLE,BAL,0,1,quanc001,meanj001,5.24,2.66
2023,CLE202309240,CLE,BAL,0,0,mcket001,gibsk002,5.06,4.73
2023,CLE202309260,CLE,CIN,0,0,karij001,molls001,3.23,3.03
2023,CLE202309270,CLE,CIN,0,0,biebs001,abboa001,3.8,3.87
2023,COL202304060,COL,WAS,0,0,freek001,grayj004,5.03,3.91
2023,COL202304070,COL,WAS,0,2,urenj001,gorem001,6.45,4.42
2023,COL202304080,COL,WAS,0,0,gomba001,willt002,5.5,5.55
2023,COL202304090,COL,WAS,0,0,lamed001,ramie004,11.71,6.41
2023,COL202304100,COL,SLN,0,0,marqg001,matzs001,4.95,3.86
2023,COL202304110,COL,SLN,0,1,johnp001,gallg001,4.02,4.42
2023,COL202304120,COL,SLN,1,0,lawrj002,palla001,3.72,4.76
2023,COL202304170,COL,PIT,0,1,freek001,hillr001,5.03,5.41
2023,COL202304180,COL,PIT,3,0,urenj001,velav001,6.45,3.86
2023,COL202304190,COL,PIT,0,5,gomba001,oviej001,5.5,4.31
2023,COL202304280,COL,ARI,0,0,freek001,kellm002,5.03,3.29
2023,COL202304290,COL,ARI,0,1,davin001,henrt001,8.7,4.15
2023,COL202304300,COL,ARI,0,0,gomba001,nelsr003,5.5,5.31
2023,COL202305020,COL,MIL,0,0,lawrj002,strzp001,3.72,4.38
2023,COL202305030,COL,MIL,0,0,freek001,lauee001,5.03,6.56
2023,COL202305040,COL,MIL,0,2,handb001,strzp001,5.53,4.38
2023,COL202305120,COL,PHI,0,0,lawrj002,stram001,3.72,3.29
2023,COL202305130,COL,PHI,0,4,feltr001,brogc001,5.82,4.03
2023,COL202305140,COL,PHI,2,0,freek001,nolaa001,5.03,4.46
2023,COL202305150,COL,CIN,0,1,bardd001,liveb001,4.56,5.38
2023,COL202305160,COL,CIN,0,0,lambp001,law-d001,5.36,3.6
2023,COL202305170,COL,CIN,0,0,suteb001,ashcg001,3.38,4.76
2023,COL202305220,COL,MIA,2,0,birdj001,cabre003,4.33,4.24
2023,COL202305230,COL,MIA,0,1,gomba001,peree004,5.5,3.15
2023,COL202305240,COL,MIA,1,0,kaufk001,alcas001,8.23,4.14
2023,COL202305250,COL,MIA,0,0,suteb001,brazh001,3.38,4.14
2023,COL202305260,COL,NYN,0,2,seabc001,schem001,7.52,3.77
2023,COL202305270,COL,NYN,0,0,lawrj002,brigj002,3.72,5.26
2023,COL202305280,COL,NYN,0,0,lambp001,nogos001,5.36,5.61
2023,COL202306060,COL,SFN,0,0,lamed001,walkr001,11.71,3.23
2023,COL202306070,COL,SFN,0,0,lawrj002,roget001,3.72,3.83
2023,COL202306080,COL,SFN,4,1,johnp001,alexs001,4.02,4.66
2023,COL202306090,COL,SDN,0,3,gomba001,darvy001,5.5,4.56
2023,COL202306100,COL,SDN,0,1,birdj001,carld003,4.33,4.35
2023,COL202306110,COL,SDN,1,0,lawrj002,honeb001,3.72,4.82
2023,COL202306230,COL,ANA,1,0,johnp001,bachs001,4.02,3.18
2023,COL202306240,COL,ANA,0,0,andec001,canng001,5.42,4.32
2023,COL202306250,COL,ANA,1,0,gomba001,andet002,5.5,5.43
2023,COL202306270,COL,LAN,0,0,seabc001,kersc001,7.52,2.46
2023,COL202306280,COL,LAN,0,0,birdj001,gonzv001,4.33,4.01
2023,COL202306290,COL,LAN,1,1,andec001,sheee001,5.42,4.92
2023,COL202306300,COL,DET,0,0,gomba001,lorem002,5.5,4.18
2023,COL202307010,COL,DET,0,0,johnp001,langa001,4.02,3.68
2023,COL202307020,COL,DET,0,4,seabc001,mannm001,7.52,3.58
2023,COL202307140,COL,NYA,0,2,gomba001,rodoc001,5.5,6.85
2023,COL202307150,COL,NYA,1,1,seabc001,schmc002,7.52,4.64
2023,COL202307160,COL,NYA,0,0,hollg002,marir001,5.88,3.99
2023,COL202307180,COL,HOU,3,3,abadf001,browh001,4.26,5.09
2023,COL202307190,COL,HOU,0,0,gomba001,bielb001,5.5,3.83
2023,COL202307280,COL,OAK,0,1,freek001,searj001,5.03,4.54
2023,COL202307290,COL,OAK,0,1,flexc001,blacp001,6.86,4.43
2023,COL202307300,COL,OAK,0,0,blact002,medil002,5.54,5.42
2023,COL202307310,COL,SDN,0,0,handb001,martn002,5.53,3.43
2023,COL202308010,COL,SDN,1,0,lambp001,suarr002,5.36,4.23
2023,COL202308020,COL,SDN,0,1,freek001,kerrr001,5.03,4.33
2023,COL202308140,COL,ARI,0,1,kochm001,mantj002,5.12,4.62
2023,COL202308150,COL,ARI,0,0,lawrj002,ginkk001,3.72,2.48
2023,COL202308160,COL,ARI,1,2,kinlt001,nelsk001,6.06,4.18
2023,COL202308180,COL,CHA,5,1,lambp001,kopem001,5.36,5.43
2023,COL202308190,COL,CHA,3,0,freek001,schoj002,5.03,5.29
2023,COL202308200,COL,CHA,0,0,kochm001,bumma001,5.12,6.79
2023,COL202308280,COL,ATL,1,0,kaufk001,eldeb001,8.23,3.81
2023,COL202308290,COL,ATL,0,0,lambp001,mortc002,5.36,3.64
2023,COL202308300,COL,ATL,0,0,freek001,vined001,5.03,3.98
2023,COL202309010,COL,TOR,0,0,birdj001,hickj002,4.33,3.29
2023,COL202309020,COL,TOR,0,4,blact002,kikuy001,5.54,3.86
2023,COL202309030,COL,TOR,0,0,lawrj002,greec003,3.72,5.25
2023,COL202309110,COL,CHN,1,0,kinlt001,smyld001,6.06,5.0
2023,COL202309120,COL,CHN,0,0,birdj001,paled001,4.33,4.45
2023,COL202309130,COL,CHN,0,1,blact002,tailj001,5.54,4.84
2023,COL202309150,COL,SFN,0,0,kochm001,dovac001,5.12,2.93
2023,COL202309161,COL,SFN,0,0,kaufk001,walkr001,8.23,3.23
2023,COL202309162,COL,SFN,2,0,vodnv001,alexs001,8.31,4.66
2023,COL202309170,COL,SFN,0,0,flexc001,manas001,6.86,4.44
2023,COL202309261,COL,LAN,3,0,andec001,fergc001,5.42,3.43
2023,COL202309262,COL,LAN,0,0,feltr001,millb005,5.82,3.76
2023,COL202309270,COL,LAN,0,0,davin001,sheee001,8.7,4.92
2023,COL202309280,COL,LAN,1,2,flexc001,yarbr001,6.86,4.52
2023,COL202309290,COL,MIN,0,1,kinlt001,fundk001,6.06,0.75
2023,COL202309300,COL,MIN,0,0,kaufk001,paddc001,8.23,5.4
2023,COL202310010,COL,MIN,0,0,hollg002,luplj001,5.88,13.5
2023,DET202304060,DET,BOS,0,0,turns003,salec001,7.26,4.3
2023,DET202304080,DET,BOS,0,0,wentj001,houct001,6.9,5.01
2023,DET202304090,DET,BOS,1,0,boydm001,crawk001,5.45,4.04
2023,DET202304140,DET,SFN,0,1,cisnj001,dovac001,5.31,2.93
2023,DET202304150,DET,SFN,0,2,shrec001,roget001,4.63,3.83
2023,DET202304181,DET,CLE,1,0,langa001,karij001,3.68,3.23
2023,DET202304182,DET,CLE,0,0,rodre004,battp001,3.3,5.19
2023,DET202304190,DET,CLE,0,0,turns003,quanc001,7.26,5.24
2023,DET202304270,DET,BAL,0,0,shrec001,bakeb001,4.63,3.6
2023,DET202304291,DET,BAL,3,0,rodre004,kremd001,3.3,4.12
2023,DET202304292,DET,BAL,0,0,boydm001,rodrg003,5.45,4.35
2023,DET202304300,DET,BAL,0,0,turns003,votha001,7.26,5.19
2023,DET202305031,DET,NYN,3,0,alext001,ottaa001,4.5,3.21
2023,DET202305032,DET,NYN,2,0,lorem002,schem001,4.18,3.77
2023,DET202305040,DET,NYN,2,0,rodre004,verlj001,3.3,3.22
2023,DET202305120,DET,SEA,0,1,boydm001,gonzm005,5.45,5.22
2023,DET202305130,DET,SEA,0,0,faeda001,millb004,4.45,4.32
2023,DET202305140,DET,SEA,1,0,folej001,speig001,2.61,3.79
2023,DET202305160,DET,PIT,2,0,lorem002,ortil003,4.18,4.78
2023,DET202305170,DET,PIT,0,0,rodre004,hillr001,3.3,5.41
2023,DET202305250,DET,CHA,0,0,faeda001,gioll001,4.45,4.88
2023,DET202305260,DET,CHA,1,3,wentj001,lynnl001,6.9,5.73
2023,DET202305270,DET,CHA,0,0,folej001,kellj001,2.61,4.12
2023,DET202305280,DET,CHA,0,0,langa001,loper003,3.68,3.27
2023,DET202305290,DET,TEX,0,0,boydm001,eovan001,5.45,3.63
2023,DET202305300,DET,TEX,0,0,faeda001,andeg002,4.45,5.05
2023,DET202305310,DET,TEX,0,0,vestw001,dunnd001,2.98,3.7
2023,DET202306090,DET,ARI,0,1,lorem002,kellm002,4.18,3.29
2023,DET202306100,DET,ARI,0,0,boydm001,nelsr003,5.45,5.31
2023,DET202306110,DET,ARI,1,0,folej001,ginkk001,2.61,2.48
2023,DET202306120,DET,ATL,0,0,langa001,jimej003,3.68,3.04
2023,DET202306141,DET,ATL,1,0,olsor001,stris002,3.99,3.86
2023,DET202306142,DET,ATL,0,1,lorem002,mchuc001,4.18,4.3
2023,DET202306190,DET,KCA,0,0,alext001,clart003,4.5,5.95
2023,DET202306200,DET,KCA,0,0,lorem002,lyncd001,4.18,4.64
2023,DET202306210,DET,KCA,0,0,boydm001,singb001,5.45,5.52
2023,DET202306230,DET,MIN,0,0,wentj001,maedk001,6.9,4.23
2023,DET202306240,DET,MIN,0,0,olsor001,lopep002,3.99,3.66
2023,DET202306250,DET,MIN,0,0,whitb002,jax-g001,5.09,3.86
2023,DET202307040,DET,OAK,0,0,holtt002,fujis001,2.11,7.18
2023,DET202307050,DET,OAK,0,3,rodre004,waldk003,3.3,5.36
2023,DET202307060,DET,OAK,2,0,lorem002,harrh002,4.18,7.14
2023,DET202307070,DET,TOR,0,0,faeda001,manoa001,4.45,5.87
2023,DET202307080,DET,TOR,2,0,mannm001,gausk001,3.58,3.16
2023,DET202307090,DET,TOR,0,0,cisnj001,garcy001,5.31,4.09
2023,DET202307210,DET,SDN,0,3,olsor001,lugos001,3.99,3.57
2023,DET202307220,DET,SDN,0,0,englm001,wolfj001,5.46,5.4
2023,DET202307230,DET,SDN,1,0,faeda001,musgj001,4.45,3.05
2023,DET202307240,DET,SFN,1,0,skubt001,strir001,2.8,5.36
2023,DET202307250,DET,ANA,0,2,langa001,estec001,3.68,3.9
2023,DET202307271,DET,ANA,0,0,lorem002,ohtas001,4.18,3.14
2023,DET202307272,DET,ANA,0,0,mannm001,sandp002,3.58,4.11
2023,DET202308040,DET,TBA,0,2,olsor001,littz001,3.99,4.1
2023,DET202308050,DET,TBA,0,0,skubt001,civaa001,2.8,3.46
2023,DET202308060,DET,TBA,0,3,mannm001,pochc001,3.58,2.23
2023,DET202308070,DET,MIN,0,4,wentj001,lopep002,6.9,3.66
2023,DET202308080,DET,MIN,1,0,rodre004,grays001,3.3,2.79
2023,DET202308090,DET,MIN,2,0,holtt002,oberb002,2.11,3.43
2023,DET202308100,DET,MIN,0,0,olsor001,maedk001,3.99,4.23
2023,DET202308210,DET,CHN,0,0,brieb001,paled001,3.6,4.45
2023,DET202308220,DET,CHN,2,0,holtt002,smyld001,2.11,5.0
2023,DET202308230,DET,CHN,0,0,brieb001,merrj001,3.6,3.38
2023,DET202308250,DET,HOU,0,0,langa001,presr001,3.68,3.58
2023,DET202308260,DET,HOU,0,1,rodre004,browh001,3.3,5.09
2023,DET202308270,DET,HOU,0,0,faeda001,verlj001,4.45,3.22
2023,DET202308280,DET,NYA,0,0,olsor001,sevel001,3.99,6.65
2023,DET202308290,DET,NYA,0,1,skubt001,britj003,2.8,4.28
2023,DET202308300,DET,NYA,0,2,whitb002,coleg001,5.09,2.63
2023,DET202308310,DET,NYA,0,0,brieb001,loaij001,3.6,3.06
2023,DET202309080,DET,CHA,0,0,olsor001,clevm001,3.99,3.77
2023,DET202309090,DET,CHA,0,0,skubt001,urenj001,2.8,6.45
2023,DET202309100,DET,CHA,0,0,gipss001,schoj002,2.7,5.29
2023,DET202309120,DET,CIN,3,0,langa001,diaza004,3.68,3.07
2023,DET202309130,DET,CIN,0,0,rodre004,duard001,3.3,3.69
2023,DET202309140,DET,CIN,1,0,olsor001,law-d001,3.99,3.6
2023,DET202309260,DET,KCA,0,0,folej001,clart003,2.61,5.95
2023,DET202309270,DET,KCA,0,0,diazm004,bowlj001,0.64,3.0
2023,DET202309280,DET,KCA,0,1,cisnj001,ragac001,5.31,3.47
2023,DET202309290,DET,CLE,0,0,wentj001,quanc001,6.9,5.24
2023,DET202309300,DET,CLE,0,0,brieb001,mcket001,3.6,5.06
2023,DET202310010,DET,CLE,1,0,rodre004,gioll001,3.3,4.88
2023,HOU202303300,HOU,CHA,0,0,presr001,gravk001,3.58,3.12
2023,HOU202303310,HOU,CHA,0,1,marts003,gravk001,5.23,3.12
2023,HOU202304010,HOU,CHA,2,0,stanr002,kellj001,4.09,4.12
2023,HOU202304020,HOU,CHA,0,0,garcl007,clevm001,,3.77
2023,HOU202304030,HOU,DET,0,0,nerih001,wingt001,1.71,5.82
2023,HOU202304040,HOU,DET,1,1,valdf001,mannm001,3.45,3.58
2023,HOU202304050,HOU,DET,0,0,javic001,rodre004,4.56,3.3
2023,HOU202304140,HOU,TEX,0,1,garcl007,perem004,,4.45
2023,HOU202304150,HOU,TEX,0,0,browh001,ragac001,5.09,3.47
2023,HOU202304160,HOU,TEX,0,0,valdf001,burkb001,3.45,4.37
2023,HOU202304170,HOU,TOR,7,0,javic001,gausk001,4.56,3.16
2023,HOU202304180,HOU,TOR,0,0,urquj001,bassc001,5.29,3.6
2023,HOU202304190,HOU,TOR,0,0,garcl007,berrj001,,3.65
2023,HOU202304280,HOU,PHI,1,1,valdf001,nolaa001,3.45,4.46
2023,HOU202304290,HOU,PHI,0,0,javic001,wheez001,4.56,3.61
2023,HOU202304300,HOU,PHI,1,0,urquj001,faltb001,5.29,5.36
2023,HOU202305010,HOU,SFN,1,0,stanr002,hjels001,4.09,6.52
2023,HOU202305020,HOU,SFN,0,1,browh001,desca001,5.09,4.88
2023,HOU202305030,HOU,SFN,0,0,valdf001,webbl001,3.45,3.25
2023,HOU202305150,HOU,CHN,4,0,montr004,fulmm001,5.08,4.42
2023,HOU202305160,HOU,CHN,1,0,javic001,steej002,4.56,3.06
2023,HOU202305170,HOU,CHN,1,3,abreb002,hughb002,1.75,7.24
2023,HOU202305190,HOU,OAK,0,0,bielb001,waldk003,3.83,5.36
2023,HOU202305200,HOU,OAK,2,0,nerih001,lover001,1.71,4.63
2023,HOU202305210,HOU,OAK,0,0,valdf001,kaprj001,3.45,6.34
2023,HOU202305290,HOU,MIN,0,0,abreb002,duraj002,1.75,2.45
2023,HOU202305300,HOU,MIN,0,0,bielb001,ryanj002,3.83,4.51
2023,HOU202305310,HOU,MIN,0,0,browh001,varll001,5.09,4.63
2023,HOU202306010,HOU,ANA,0,0,blanr001,detmr001,4.5,4.48
2023,HOU202306020,HOU,ANA,2,0,valdf001,ohtas001,3.45,3.14
2023,HOU202306030,HOU,ANA,1,0,javic001,sandp002,4.56,4.11
2023,HOU202306040,HOU,ANA,0,0,matop002,devec001,3.0,4.46
2023,HOU202306130,HOU,WAS,0,0,browh001,corbp001,5.09,5.2
2023,HOU202306140,HOU,WAS,2,0,presr001,harvh001,3.58,2.82
2023,HOU202306150,HOU,WAS,0,0,matop002,harvh001,3.0,2.82
2023,HOU202306160,HOU,CIN,0,0,franj006,abboa001,3.83,3.87
2023,HOU202306170,HOU,CIN,0,2,bielb001,greeh001,3.83,4.82
2023,HOU202306180,HOU,CIN,2,0,marts003,gibai001,5.23,3.33
2023,HOU202306190,HOU,NYN,0,0,browh001,schem001,5.09,3.77
2023,HOU202306200,HOU,NYN,0,0,valdf001,verlj001,3.45,3.22
2023,HOU202306210,HOU,NYN,2,0,matop002,leond003,3.0,4.67
2023,HOU202307040,HOU,COL,0,0,bielb001,freek001,3.83,5.03
2023,HOU202307050,HOU,COL,0,0,franj006,andec001,3.83,5.42
2023,HOU202307060,HOU,SEA,0,0,blanr001,kirbg001,4.5,3.35
2023,HOU202307070,HOU,SEA,0,0,browh001,castl003,5.09,3.34
2023,HOU202307080,HOU,SEA,2,0,nerih001,munoa002,1.71,2.94
2023,HOU202307090,HOU,SEA,0,0,bielb001,gilbl002,3.83,3.73
2023,HOU202307240,HOU,TEX,4,2,presr001,speaa001,3.58,13.5
2023,HOU202307250,HOU,TEX,0,0,franj006,rodry002,3.83,7.9
2023,HOU202307260,HOU,TEX,3,0,valdf001,heana001,3.45,4.15
2023,HOU202307280,HOU,TBA,1,3,presr001,pochc001,3.58,2.23
2023,HOU202307290,HOU,TBA,0,0,browh001,bradt002,5.09,5.59
2023,HOU202307300,HOU,TBA,0,4,bielb001,littz001,3.83,4.1
2023,HOU202307310,HOU,CLE,0,0,franj006,morge001,3.83,4.01
2023,HOU202308010,HOU,CLE,0,0,valdf001,willg004,3.45,3.29
2023,HOU202308020,HOU,CLE,0,0,matop002,sandn001,3.0,3.75
2023,HOU202308110,HOU,ANA,0,0,verlj001,detmr001,3.22,4.48
2023,HOU202308120,HOU,ANA,0,0,franj006,andet002,3.83,5.43
2023,HOU202308130,HOU,ANA,0,0,urquj001,silsc001,5.29,3.96
2023,HOU202308180,HOU,SEA,0,0,franj006,millb004,3.83,4.32
2023,HOU202308190,HOU,SEA,0,1,valdf001,gilbl002,3.45,3.73
2023,HOU202308200,HOU,SEA,0,2,browh001,brasm001,5.09,3.06
2023,HOU202308210,HOU,BOS,1,3,javic001,paxtj001,4.56,4.5
2023,HOU202308220,HOU,BOS,2,0,verlj001,houct001,3.22,5.01
2023,HOU202308230,HOU,BOS,1,0,gravk001,piven001,3.12,4.04
2023,HOU202308240,HOU,BOS,0,1,franj006,bellb002,3.83,4.24
2023,HOU202309010,HOU,NYA,0,3,verlj001,rodoc001,3.22,6.85
2023,HOU202309020,HOU,NYA,0,0,browh001,britj003,5.09,4.28
2023,HOU202309030,HOU,NYA,1,0,javic001,kingm002,4.56,2.75
2023,HOU202309080,HOU,SDN,1,0,browh001,snelb001,5.09,2.25
2023,HOU202309090,HOU,SDN,0,0,matop002,lugos001,3.0,3.57
2023,HOU202309100,HOU,SDN,0,0,franj006,waldm003,3.83,4.35
2023,HOU202309110,HOU,OAK,0,0,valdf001,waldk003,3.45,5.36
2023,HOU202309120,HOU,OAK,1,3,verlj001,searj001,3.22,4.54
2023,HOU202309130,HOU,OAK,0,0,browh001,blacp001,5.09,4.43
2023,HOU202309180,HOU,BAL,1,0,presr001,baumm001,3.58,3.76
2023,HOU202309190,HOU,BAL,2,2,browh001,halld004,5.09,3.26
2023,HOU202309200,HOU,BAL,0,1,presr001,could001,3.58,2.81
2023,HOU202309220,HOU,KCA,1,4,valdf001,ragac001,3.45,3.47
2023,HOU202309230,HOU,KCA,0,1,franj006,lylej001,3.83,6.28
2023,HOU202309240,HOU,KCA,1,0,browh001,marsa001,5.09,5.69
2023,KCA202303300,KCA,MIN,0,0,greiz001,lopep002,5.06,3.66
2023,KCA202304010,KCA,MIN,0,1,lylej001,grays001,6.28,2.79
2023,KCA202304020,KCA,MIN,0,0,kellb003,ryanj002,4.57,4.51
2023,KCA202304030,KCA,TOR,3,0,singb001,berrj001,5.52,3.65
2023,KCA202304040,KCA,TOR,0,0,bubik001,kikuy001,3.94,3.86
2023,KCA202304050,KCA,TOR,0,0,greiz001,manoa001,5.06,5.87
2023,KCA202304060,KCA,TOR,0,2,lylej001,gausk001,6.28,3.16
2023,KCA202304140,KCA,ATL,1,4,singb001,mortc002,5.52,3.64
2023,KCA202304150,KCA,ATL,1,1,bubik001,eldeb001,3.94,3.81
2023,KCA202304160,KCA,ATL,0,0,barls001,anden001,4.37,3.06
2023,KCA202304170,KCA,TEX,0,3,lylej001,dunnd001,6.28,3.7
2023,KCA202304180,KCA,TEX,1,0,kellb003,eovan001,4.57,3.63
2023,KCA202304190,KCA,TEX,0,1,singb001,perem004,5.52,4.45
2023,KCA202305020,KCA,BAL,3,0,yarbr001,wellt003,4.52,3.64
2023,KCA202305030,KCA,BAL,0,0,greiz001,gibsk002,5.06,4.73
2023,KCA202305040,KCA,BAL,0,3,chapa001,canoy001,3.09,2.11
2023,KCA202305050,KCA,OAK,0,1,kellb003,mullk001,4.57,7.6
2023,KCA202305060,KCA,OAK,1,0,singb001,waldk003,5.52,5.36
2023,KCA202305070,KCA,OAK,1,0,yarbr001,millm004,4.52,3.78
2023,KCA202305080,KCA,CHA,1,0,cuasj001,ceasd001,3.99,4.58
2023,KCA202305090,KCA,CHA,1,0,lylej001,gioll001,6.28,4.88
2023,KCA202305100,KCA,CHA,4,0,kellb003,lynnl001,4.57,5.73
2023,KCA202305110,KCA,CHA,0,0,barls001,loper003,4.37,3.27
2023,KCA202305220,KCA,DET,3,3,barls001,langa001,4.37,3.68
2023,KCA202305230,KCA,DET,0,0,cuasj001,rodre004,3.99,3.3
2023,KCA202305240,KCA,DET,0,0,taylj001,vestw001,8.15,2.98
2023,KCA202305260,KCA,WAS,0,1,lylej001,corbp001,6.28,5.2
2023,KCA202305270,KCA,WAS,1,0,taylj001,thomm005,8.15,5.5
2023,KCA202305280,KCA,WAS,0,0,barls001,kuhlc001,4.37,8.45
2023,KCA202306020,KCA,COL,0,1,hernc006,suteb001,5.27,3.38
2023,KCA202306030,KCA,COL,1,5,lyncd001,caram001,4.64,6.29
2023,KCA202306040,KCA,COL,0,0,singb001,freek001,5.52,5.03
2023,KCA202306120,KCA,CIN,2,0,hernc006,farmb001,5.27,4.2
2023,KCA202306130,KCA,CIN,1,0,lylej001,willb003,6.28,4.46
2023,KCA202306140,KCA,CIN,0,0,lyncd001,liveb001,4.64,5.38
2023,KCA202306160,KCA,ANA,0,1,singb001,sandp002,5.52,4.11
2023,KCA202306170,KCA,ANA,0,0,chapa001,devec001,3.09,4.46
2023,KCA202306180,KCA,ANA,0,0,greiz001,andet002,5.06,5.43
2023,KCA202306270,KCA,CLE,0,0,barls001,stept002,4.37,4.06
2023,KCA202306280,KCA,CLE,0,0,cox-a001,sandn001,4.54,3.75
2023,KCA202306290,KCA,CLE,0,0,chapa001,clase001,3.09,3.22
2023,KCA202306300,KCA,LAN,0,1,marsa001,millb005,5.69,3.76
2023,KCA202307010,KCA,LAN,5,0,lyncd001,uriaj001,4.64,4.6
2023,KCA202307020,KCA,LAN,0,0,singb001,gonst001,5.52,4.98
2023,KCA202307151,KCA,TBA,0,0,marsa001,glast001,5.69,3.53
2023,KCA202307152,KCA,TBA,0,0,hernc006,pochc001,5.27,2.23
2023,KCA202307160,KCA,TBA,1,0,singb001,efliz001,5.52,3.5
2023,KCA202307170,KCA,DET,0,0,clart003,whitb002,5.95,5.09
2023,KCA202307180,KCA,DET,0,2,lyncd001,skubt001,4.64,2.8
2023,KCA202307190,KCA,DET,0,0,yarbr001,rodre004,4.52,3.3
2023,KCA202307200,KCA,DET,0,0,greiz001,lorem002,5.06,4.18
2023,KCA202307280,KCA,MIN,0,0,clart003,duraj002,5.95,2.45
2023,KCA202307290,KCA,MIN,1,0,lylej001,oberb002,6.28,3.43
2023,KCA202307300,KCA,MIN,0,0,yarbr001,maedk001,4.52,4.23
2023,KCA202308010,KCA,NYN,0,0,hernc006,raleb001,5.27,2.8
2023,KCA202308020,KCA,NYN,2,0,ragac001,sengk001,3.47,2.98
2023,KCA202308030,KCA,NYN,1,0,singb001,carrc003,5.52,6.8
2023,KCA202308110,KCA,SLN,4,0,zerpa001,waina001,4.85,7.4
2023,KCA202308120,KCA,SLN,0,0,ragac001,matzs001,3.47,3.86
2023,KCA202308140,KCA,SEA,3,0,wittn001,brasm001,4.97,3.06
2023,KCA202308150,KCA,SEA,0,0,davit005,munoa002,5.96,2.94
2023,KCA202308160,KCA,SEA,1,3,coled003,castl003,8.84,3.34
2023,KCA202308170,KCA,SEA,0,0,hernc006,campi001,5.27,2.83
2023,KCA202308280,KCA,PIT,0,0,greiz001,oviej001,5.06,4.31
2023,KCA202308290,KCA,PIT,0,0,hernc006,ortil003,5.27,4.78
2023,KCA202308300,KCA,PIT,0,1,zerpa001,jacka003,4.85,4.99
2023,KCA202309010,KCA,BOS,2,0,lylej001,paxtj001,6.28,4.5
2023,KCA202309020,KCA,BOS,0,3,marsa001,houct001,5.69,5.01
2023,KCA202309030,KCA,BOS,0,0,greiz001,salec001,5.06,4.3
2023,KCA202309040,KCA,CHA,1,0,ragac001,schoj002,3.47,5.29
2023,KCA202309050,KCA,CHA,0,0,kowaj001,santg001,6.43,3.39
2023,KCA202309060,KCA,CHA,0,0,lylej001,toust001,6.28,4.97
2023,KCA202309150,KCA,HOU,0,0,zerpa001,javic001,4.85,4.56
2023,KCA202309160,KCA,HOU,3,0,mcarj001,nerih001,4.63,1.71
2023,KCA202309170,KCA,HOU,0,0,lylej001,valdf001,6.28,3.45
2023,KCA202309180,KCA,CLE,0,0,kowaj001,stept002,6.43,4.06
2023,KCA202309190,KCA,CLE,2,0,marsa001,allel003,5.69,3.81
2023,KCA202309200,KCA,CLE,3,0,zerpa001,gioll001,4.85,4.88
2023,KCA202309290,KCA,NYA,9,0,lylej001,rodoc001,6.28,6.85
2023,KCA202309300,KCA,NYA,1,0,marsa001,montf001,5.69,0.0
2023,KCA202310010,KCA,NYA,0,0,greiz001,kingm002,5.06,2.75
2023,LAN202303300,LAN,ARI,0,1,uriaj001,gallz001,4.6,3.47
2023,LAN202303310,LAN,ARI,0,0,vesia001,jamed003,4.35,3.32
2023,LAN202304010,LAN,ARI,5,0,kersc001,bumgm001,2.46,10.26
2023,LAN202304020,LAN,ARI,1,0,gratb002,chafa001,1.2,4.73
2023,LAN202304030,LAN,COL,0,0,almoy001,feltr001,5.06,5.82
2023,LAN202304040,LAN,COL,2,0,uriaj001,marqg001,4.6,4.95
2023,LAN202304140,LAN,CHN,0,0,syndn001,steej002,6.5,3.06
2023,LAN202304150,LAN,CHN,0,0,mills001,fulmm001,1.71,4.42
2023,LAN202304160,LAN,CHN,0,0,uriaj001,smyld001,4.6,5.0
2023,LAN202304170,LAN,NYN,1,0,vesia001,peted003,4.35,5.03
2023,LAN202304180,LAN,NYN,2,0,kersc001,megit002,2.46,4.7
2023,LAN202304190,LAN,NYN,0,0,syndn001,yacaj001,6.5,6.59
2023,LAN202304280,LAN,SLN,2,2,may-d003,flahj002,2.63,4.99
2023,LAN202304290,LAN,SLN,0,0,kersc001,montj004,2.46,3.2
2023,LAN202304300,LAN,SLN,0,0,syndn001,thomz002,6.5,4.48
2023,LAN202305010,LAN,PHI,1,0,gonzv001,walkt004,4.01,4.38
2023,LAN202305020,LAN,PHI,1,0,uriaj001,stram001,4.6,3.29
2023,LAN202305030,LAN,PHI,0,1,gratb002,kimbc001,1.2,3.26
2023,LAN202305120,LAN,SDN,0,0,fergc001,hillt002,3.43,5.48
2023,LAN202305130,LAN,SDN,3,1,uriaj001,musgj001,4.6,3.05
2023,LAN202305140,LAN,SDN,0,0,gonst001,weatr001,4.98,6.55
2023,LAN202305150,LAN,MIN,3,0,bickp001,lopej004,4.95,5.95
2023,LAN202305160,LAN,MIN,0,1,kersc001,oberb002,2.46,3.43
2023,LAN202305170,LAN,MIN,0,0,gratb002,delej003,1.2,4.67
2023,LAN202305290,LAN,WAS,0,0,millb005,willt002,3.76,5.55
2023,LAN202305300,LAN,WAS,0,0,gonst001,irvij001,4.98,4.61
2023,LAN202305310,LAN,WAS,3,0,gratb002,finnk001,1.2,3.76
2023,LAN202306020,LAN,NYA,6,0,kersc001,sevel001,2.46,6.65
2023,LAN202306030,LAN,NYA,0,0,grovm001,coleg001,6.13,2.63
2023,LAN202306040,LAN,NYA,0,0,phile001,holmc001,2.05,2.86
2023,LAN202306130,LAN,CHA,4,0,gonst001,lynnl001,4.98,5.73
2023,LAN202306140,LAN,CHA,0,0,vesia001,loper003,4.35,3.27
2023,LAN202306150,LAN,CHA,0,2,fergc001,crocg001,3.43,3.55
2023,LAN202306160,LAN,SFN,0,0,vesia001,roget001,4.35,3.83
2023,LAN202306170,LAN,SFN,0,0,millb005,wooda002,3.76,4.33
2023,LAN202306180,LAN,SFN,0,0,gonst001,webbl001,4.98,3.25
2023,LAN202306230,LAN,HOU,1,0,sheee001,franj006,4.92,3.83
2023,LAN202306240,LAN,HOU,3,0,bickp001,abreb002,4.95,1.75
2023,LAN202306250,LAN,HOU,1,0,almoy001,presr001,5.06,3.58
2023,LAN202307030,LAN,PIT,0,0,fergc001,kellm003,3.43,4.21
2023,LAN202307040,LAN,PIT,1,2,phile001,bednd001,2.05,2.0
2023,LAN202307050,LAN,PIT,0,1,millb005,contr001,3.76,6.59
2023,LAN202307060,LAN,PIT,2,0,uriaj001,oviej001,4.6,4.31
2023,LAN202307070,LAN,ANA,1,0,gonst001,canng001,4.98,4.32
2023,LAN202307080,LAN,ANA,1,0,grovm001,detmr001,6.13,4.48
2023,LAN202307240,LAN,TOR,1,0,bickp001,jackj001,4.95,2.12
2023,LAN202307250,LAN,TOR,1,1,gratb002,whitm004,1.2,7.11
2023,LAN202307260,LAN,TOR,0,0,gonst001,kikuy001,4.98,3.86
2023,LAN202307280,LAN,CIN,1,3,millb005,willb003,3.76,4.46
2023,LAN202307290,LAN,CIN,3,0,kellj001,weavl001,4.12,6.4
2023,LAN202307300,LAN,CIN,0,3,grovm001,ashcg001,6.13,4.76
2023,LAN202308010,LAN,OAK,0,0,lynnl001,waldk003,5.73,5.36
2023,LAN202308020,LAN,OAK,3,0,gonst001,harrh002,4.98,7.14
2023,LAN202308030,LAN,OAK,0,0,uriaj001,searj001,4.6,4.54
2023,LAN202308100,LAN,COL,0,0,yarbr001,doylt001,4.52,6.85
2023,LAN202308110,LAN,COL,0,0,lynnl001,gomba001,5.73,5.5
2023,LAN202308120,LAN,COL,1,1,gonst001,lambp001,4.98,5.36
2023,LAN202308130,LAN,COL,0,0,uriaj001,freek001,4.6,5.03
2023,LAN202308150,LAN,MIL,0,1,millb005,housa001,3.76,4.12
2023,LAN202308160,LAN,MIL,1,0,kersc001,milew001,2.46,3.14
2023,LAN202308170,LAN,MIL,0,0,fergc001,payaj001,3.43,2.55
2023,LAN202308180,LAN,MIA,1,1,gonst001,alcas001,4.98,4.14
2023,LAN202308191,LAN,MIA,0,0,yarbr001,robed002,4.52,3.03
2023,LAN202308192,LAN,MIA,0,1,uriaj001,garrb001,4.6,3.66
2023,LAN202308280,LAN,ARI,3,0,millb005,gallz001,3.76,3.47
2023,LAN202308290,LAN,ARI,3,0,kersc001,kellm002,2.46,3.29
2023,LAN202308300,LAN,ARI,0,0,pepir001,pfaab001,2.14,5.72
2023,LAN202308310,LAN,ATL,1,0,lynnl001,stris002,5.73,3.86
2023,LAN202309010,LAN,ATL,0,0,uriaj001,friem001,4.6,2.55
2023,LAN202309020,LAN,ATL,0,0,vesia001,tonkm001,4.35,4.28
2023,LAN202309030,LAN,ATL,0,0,millb005,mortc002,3.76,3.64
2023,LAN202309110,LAN,SDN,1,1,phile001,suarr002,2.05,4.23
2023,LAN202309120,LAN,SDN,1,0,lynnl001,wachm001,5.73,3.22
2023,LAN202309130,LAN,SDN,0,1,pepir001,snelb001,2.14,2.25
2023,LAN202309180,LAN,DET,0,0,lynnl001,rodre004,5.73,3.3
2023,LAN202309190,LAN,DET,0,1,vesia001,langa001,4.35,3.68
2023,LAN202309200,LAN,DET,0,0,millb005,olsor001,3.76,3.99
2023,LAN202309210,LAN,SFN,0,0,mills001,brebj001,1.71,3.99
2023,LAN202309220,LAN,SFN,0,0,stong001,manas001,9.0,4.44
2023,LAN202309230,LAN,SFN,0,0,kersc001,brebj001,2.46,3.99
2023,LAN202309240,LAN,SFN,0,0,mills001,dovac001,1.71,2.93
2023,MIA202303300,MIA,NYN,0,0,scott003,schem001,2.31,3.77
2023,MIA202303310,MIA,NYN,0,0,luzaj001,peted003,3.58,5.03
2023,MIA202304010,MIA,NYN,0,0,narda001,megit002,2.67,4.7
2023,MIA202304020,MIA,NYN,1,2,roget003,sengk001,4.0,2.98
2023,MIA202304030,MIA,MIN,0,1,cuetj001,mahlt001,6.02,3.16
2023,MIA202304040,MIA,MIN,0,0,alcas001,maedk001,4.14,4.23
2023,MIA202304050,MIA,MIN,1,0,flord002,jax-g001,4.76,3.86
2023,MIA202304140,MIA,ARI,0,0,roget003,bumgm001,4.0,10.26
2023,MIA202304150,MIA,ARI,0,1,narda001,mcgos001,2.67,4.73
2023,MIA202304160,MIA,ARI,0,0,alcas001,gallz001,4.14,3.47
2023,MIA202304170,MIA,SFN,0,0,barnm001,webbl001,5.48,3.25
2023,MIA202304180,MIA,SFN,0,2,cabre003,junij001,4.24,3.87
2023,MIA202304190,MIA,SFN,0,0,smeld001,dovac001,6.45,2.93
2023,MIA202304280,MIA,CHN,0,0,puk-a001,ruckm001,3.97,4.91
2023,MIA202304290,MIA,CHN,5,0,cabre003,kilic001,4.24,16.88
2023,MIA202304300,MIA,CHN,0,0,scott003,thomk002,2.31,4.71
2023,MIA202305020,MIA,ATL,0,0,alcas001,eldeb001,4.14,3.81
2023,MIA202305030,MIA,ATL,0,0,garrb001,mchuc001,3.66,4.3
2023,MIA202305040,MIA,ATL,2,1,luzaj001,doddd001,3.58,7.6
2023,MIA202305120,MIA,CIN,0,0,flord002,gibai001,4.76,3.33
2023,MIA202305130,MIA,CIN,0,0,alcas001,gibai001,4.14,3.33
2023,MIA202305140,MIA,CIN,0,0,scott003,hergk001,2.31,5.18
2023,MIA202305160,MIA,WAS,0,0,narda001,harvh001,2.67,2.82
2023,MIA202305170,MIA,WAS,0,0,cabre003,gorem001,4.24,4.42
2023,MIA202305180,MIA,WAS,0,0,peree004,willt002,3.15,5.55
2023,MIA202305300,MIA,SDN,0,0,flord002,martn002,4.76,3.43
2023,MIA202305310,MIA,SDN,0,0,okers001,hadej001,4.45,1.28
2023,MIA202306010,MIA,SDN,0,0,luzaj001,musgj001,3.58,3.05
2023,MIA202306020,MIA,OAK,2,0,cabre003,fujis001,4.24,7.18
2023,MIA202306030,MIA,OAK,0,0,peree004,medil002,3.15,5.42
2023,MIA202306040,MIA,OAK,0,0,scott003,pruia001,2.31,2.98
2023,MIA202306050,MIA,KCA,0,2,garrb001,mayem001,3.66,6.15
2023,MIA202306060,MIA,KCA,0,0,luzaj001,greiz001,3.58,5.06
2023,MIA202306070,MIA,KCA,0,0,cabre003,lylej001,4.24,6.28
2023,MIA202306190,MIA,TOR,0,0,brazh001,berrj001,4.14,3.65
2023,MIA202306200,MIA,TOR,0,0,scott003,garcy001,2.31,4.09
2023,MIA202306210,MIA,TOR,0,0,alcas001,gausk001,4.14,3.16
2023,MIA202306220,MIA,PIT,0,0,brazh001,mlodc001,4.14,2.25
2023,MIA202306230,MIA,PIT,1,0,puk-a001,ortil003,3.97,4.78
2023,MIA202306240,MIA,PIT,0,0,narda001,perda001,2.67,3.72
2023,MIA202306250,MIA,PIT,0,0,peree004,oviej001,3.15,4.31
2023,MIA202307030,MIA,SLN,2,0,brazh001,palla001,4.14,4.76
2023,MIA202307040,MIA,SLN,3,0,luzaj001,waina001,3.58,7.4
2023,MIA202307050,MIA,SLN,4,0,puk-a001,hickj002,3.97,3.29
2023,MIA202307060,MIA,SLN,0,0,peree004,flahj002,3.15,4.99
2023,MIA202307070,MIA,PHI,0,0,puk-a001,hoffj003,3.97,2.41
2023,MIA202307080,MIA,PHI,3,1,garrb001,suarr001,3.66,4.18
2023,MIA202307090,MIA,PHI,2,0,luzaj001,nolaa001,3.58,4.46
2023,MIA202307210,MIA,COL,0,2,garrb001,lambp001,3.66,5.36
2023,MIA202307220,MIA,COL,0,0,scott003,bardd001,2.31,4.56
2023,MIA202307230,MIA,COL,0,0,brazh001,johnp001,4.14,4.02
2023,MIA202307280,MIA,DET,2,0,puk-a001,folej001,3.97,2.61
2023,MIA202307290,MIA,DET,0,0,cuetj001,wentj001,6.02,6.9
2023,MIA202307300,MIA,DET,0,0,lopej004,holtt002,5.95,2.11
2023,MIA202307310,MIA,PHI,2,0,scott003,walkt004,2.31,4.38
2023,MIA202308010,MIA,PHI,0,0,robed002,sotog003,3.03,4.62
2023,MIA202308020,MIA,PHI,0,0,scott003,coved001,2.31,3.77
2023,MIA202308030,MIA,PHI,0,0,cuetj001,lorem002,6.02,4.18
2023,MIA202308110,MIA,NYA,0,0,luzaj001,vasqr001,3.58,2.87
2023,MIA202308120,MIA,NYA,2,0,alcas001,kingm002,4.14,2.75
2023,MIA202308130,MIA,NYA,0,0,lopej004,holmc001,5.95,2.86
2023,MIA202308140,MIA,HOU,0,0,garrb001,valdf001,3.66,3.45
2023,MIA202308150,MIA,HOU,0,0,puk-a001,browh001,3.97,5.09
2023,MIA202308160,MIA,HOU,2,5,luzaj001,verlj001,3.58,3.22
2023,MIA202308250,MIA,WAS,0,1,garrb001,adonj001,3.66,6.45
2023,MIA202308260,MIA,WAS,0,0,robed002,weemj001,3.03,3.62
2023,MIA202308270,MIA,WAS,0,0,hoeib001,willt002,5.48,5.55
2023,MIA202308290,MIA,TBA,1,0,alcas001,civaa001,4.14,3.46
2023,MIA202308300,MIA,TBA,0,0,robed002,armss001,3.03,1.38
2023,MIA202309050,MIA,LAN,0,0,narda001,yarbr001,2.67,4.52
2023,MIA202309060,MIA,LAN,0,0,cabre003,lynnl001,4.24,5.73
2023,MIA202309070,MIA,LAN,0,0,garrb001,pepir001,3.66,2.14
2023,MIA202309150,MIA,ATL,3,0,puk-a001,handb001,3.97,5.53
2023,MIA202309160,MIA,ATL,4,3,scott003,yatek001,2.31,3.28
2023,MIA202309170,MIA,ATL,0,0,luzaj001,mortc002,3.58,3.64
2023,MIA202309180,MIA,NYN,0,0,scott003,bickp001,2.31,4.95
2023,MIA202309190,MIA,NYN,0,0,scott003,gottt001,2.31,4.19
2023,MIA202309200,MIA,NYN,0,0,peree004,sengk001,3.15,2.98
2023,MIA202309220,MIA,MIL,0,0,okers001,burnc002,4.45,3.39
2023,MIA202309230,MIA,MIL,3,0,narda001,payaj001,2.67,2.55
2023,MIA202309240,MIA,MIL,0,0,cabre003,peraf001,4.24,3.86
2023,MIL202304030,MIL,NYN,0,0,peraf001,carrc003,3.86,6.8
2023,MIL202304040,MIL,NYN,2,0,milew001,schem001,3.14,3.77
2023,MIL202304050,MIL,NYN,0,1,willd004,ottaa001,1.53,3.21
2023,MIL202304070,MIL,SLN,0,0,woodb005,flahj002,2.28,4.99
2023,MIL202304080,MIL,SLN,0,2,lauee001,montj004,6.56,3.2
2023,MIL202304090,MIL,SLN,0,0,peraf001,woodj003,3.86,6.23
2023,MIL202304210,MIL,BOS,0,0,peraf001,piven001,3.86,4.04
2023,MIL202304220,MIL,BOS,0,0,milew001,whitg002,3.14,5.15
2023,MIL202304230,MIL,BOS,0,1,bushm001,ort-k001,9.58,6.26
2023,MIL202304240,MIL,DET,1,0,rea-c001,boydm001,4.55,5.45
2023,MIL202304250,MIL,DET,0,0,lauee001,englm001,6.56,5.46
2023,MIL202304260,MIL,DET,3,0,peraf001,lorem002,3.86,4.18
2023,MIL202304280,MIL,ANA,1,0,strzp001,loupa001,4.38,6.1
2023,MIL202304290,MIL,ANA,0,0,burnc002,detmr001,3.39,4.48
2023,MIL202304300,MIL,ANA,0,0,rea-c001,suarj001,4.55,8.29
2023,MIL202305080,MIL,LAN,0,0,peraf001,gonst001,3.86,4.98
2023,MIL202305090,MIL,LAN,0,2,lauee001,bruij001,6.56,5.46
2023,MIL202305100,MIL,LAN,0,0,milew001,kersc001,3.14,2.46
2023,MIL202305120,MIL,KCA,1,0,burnc002,taylj001,3.39,8.15
2023,MIL202305130,MIL,KCA,0,1,willd004,hernc006,1.53,5.27
2023,MIL202305140,MIL,KCA,1,1,lauee001,lylej001,6.56,6.28
2023,MIL202305220,MIL,HOU,0,0,burnc002,javic001,3.39,4.56
2023,MIL202305230,MIL,HOU,0,0,rea-c001,franj006,4.55,3.83
2023,MIL202305240,MIL,HOU,2,0,housa001,bielb001,4.12,3.83
2023,MIL202305250,MIL,SFN,0,0,tehej001,junij001,4.4,3.87
2023,MIL202305260,MIL,SFN,1,0,peraf001,wooda002,3.86,4.33
2023,MIL202305270,MIL,SFN,0,1,strzp001,webbl001,4.38,3.25
2023,MIL202305280,MIL,SFN,3,0,rea-c001,cobba001,4.55,3.87
2023,MIL202306060,MIL,BAL,2,0,strzp001,votha001,4.38,5.19
2023,MIL202306070,MIL,BAL,1,0,burnc002,kremd001,3.39,4.12
2023,MIL202306080,MIL,BAL,3,0,strzp001,akink001,4.38,6.85
2023,MIL202306090,MIL,OAK,0,3,housa001,medil002,4.12,5.42
2023,MIL202306100,MIL,OAK,0,0,payaj001,fujis001,2.55,7.18
2023,MIL202306110,MIL,OAK,0,0,peraf001,searj001,3.86,4.54
2023,MIL202306160,MIL,PIT,3,0,tehej001,hillr001,4.4,5.41
2023,MIL202306170,MIL,PIT,0,0,milew001,kellm003,3.14,4.21
2023,MIL202306180,MIL,PIT,0,0,megit001,mored002,3.63,3.72
2023,MIL202306190,MIL,ARI,0,6,burnc002,kellm002,3.39,3.29
2023,MIL202306200,MIL,ARI,0,1,wilsb003,adama002,2.58,5.71
2023,MIL202306210,MIL,ARI,0,0,pegue001,gallz001,3.38,3.47
2023,MIL202307030,MIL,CHN,0,0,payaj001,leitm002,2.55,3.5
2023,MIL202307040,MIL,CHN,0,0,andrc002,paled001,27.0,4.45
2023,MIL202307050,MIL,CHN,0,0,willd004,ruckm001,1.53,4.91
2023,MIL202307060,MIL,CHN,0,0,mejij002,fulmm001,5.56,4.42
2023,MIL202307070,MIL,CIN,2,0,burnc002,abboa001,3.39,3.87
2023,MIL202307080,MIL,CIN,1,0,pegue001,simsl001,3.38,3.1
2023,MIL202307090,MIL,CIN,1,0,milew001,liveb001,3.14,5.38
2023,MIL202307210,MIL,ATL,2,0,peraf001,sorom001,3.86,6.4
2023,MIL202307220,MIL,ATL,0,0,payaj001,jimej003,2.55,3.04
2023,MIL202307230,MIL,ATL,0,0,pegue001,hernd005,3.38,7.36
2023,MIL202307240,MIL,CIN,1,0,willd004,diaza004,1.53,3.07
2023,MIL202307250,MIL,CIN,0,0,burnc002,abboa001,3.39,3.87
2023,MIL202307260,MIL,CIN,0,0,pegue001,liveb001,3.38,5.38
2023,MIL202308030,MIL,PIT,2,1,housa001,kellm003,4.12,4.21
2023,MIL202308040,MIL,PIT,2,3,rea-c001,deloy001,4.55,3.33
2023,MIL202308050,MIL,PIT,0,0,willd004,perda001,1.53,3.72
2023,MIL202308060,MIL,PIT,0,0,woodb005,oviej001,2.28,4.31
2023,MIL202308070,MIL,COL,0,1,peraf001,lambp001,3.86,5.36
2023,MIL202308080,MIL,COL,0,0,chafa001,kochm001,4.73,5.12
2023,MIL202308090,MIL,COL,0,0,wilsb003,lawrj002,2.58,3.72
2023,MIL202308220,MIL,MIN,2,0,wilsb003,flord002,2.58,4.76
2023,MIL202308230,MIL,MIN,2,1,pegue001,duraj002,3.38,2.45
2023,MIL202308250,MIL,SDN,0,0,woodb005,darvy001,2.28,4.56
2023,MIL202308260,MIL,SDN,0,0,peraf001,avilp001,3.86,3.22
2023,MIL202308270,MIL,SDN,1,1,wilsb003,wilss002,2.58,3.91
2023,MIL202309010,MIL,PHI,0,1,willd004,alvaj004,1.53,1.74
2023,MIL202309020,MIL,PHI,0,1,chafa001,nolaa001,4.73,4.46
2023,MIL202309030,MIL,PHI,1,0,milew001,domis001,3.14,3.78
2023,MIL202309110,MIL,MIA,1,0,woodb005,luzaj001,2.28,3.58
2023,MIL202309120,MIL,MIA,0,1,peraf001,cabre003,3.86,4.24
2023,MIL202309130,MIL,MIA,0,0,rea-c001,garrb001,4.55,3.66
2023,MIL202309140,MIL,MIA,0,1,housa001,peree004,4.12,3.15
2023,MIL202309150,MIL,WAS,0,3,milew001,irvij001,3.14,4.61
2023,MIL202309160,MIL,WAS,3,0,payaj001,finnk001,2.55,3.76
2023,MIL202309170,MIL,WAS,0,0,vieit001,garcr008,0.0,3.66
2023,MIL202309260,MIL,SLN,0,0,housa001,mikom001,4.12,4.78
2023,MIL202309270,MIL,SLN,0,0,payaj001,barnj002,2.55,5.93
2023,MIL202309280,MIL,SLN,1,0,tehej001,hudsd002,4.4,4.98
2023,MIL202309290,MIL,CHN,0,0,bousc001,cuasj001,3.86,3.99
2023,MIL202309300,MIL,CHN,3,6,lauee001,wesnh001,6.56,4.63
2023,MIL202310010,MIL,CHN,3,0,housa001,smyld001,4.12,5.0
2023,MIN202304070,MIN,HOU,0,0,lopej004,stanr002,5.95,4.09
2023,MIN202304080,MIN,HOU,0,0,ryanj002,marts003,4.51,5.23
2023,MIN202304090,MIN,HOU,0,0,mahlt001,browh001,3.16,5.09
2023,MIN202304100,MIN,CHA,0,0,maedk001,ceasd001,4.23,4.58
2023,MIN202304110,MIN,CHA,2,2,jax-g001,schoj002,3.86,5.29
2023,MIN202304120,MIN,CHA,0,0,grays001,gioll001,2.79,4.88
2023,MIN202304210,MIN,WAS,0,0,jax-g001,ramie004,3.86,6.41
2023,MIN202304220,MIN,WAS,0,2,lopep002,thomm005,3.66,5.5
2023,MIN202304230,MIN,WAS,0,1,oberb002,corbp001,3.43,5.2
2023,MIN202304240,MIN,NYA,0,0,grays001,britj003,2.79,4.28
2023,MIN202304250,MIN,NYA,0,1,ryanj002,cortn001,4.51,4.97
2023,MIN202304260,MIN,NYA,0,0,maedk001,germd001,4.23,4.56
2023,MIN202304270,MIN,KCA,1,0,stewb001,greiz001,0.65,5.06
2023,MIN202304280,MIN,KCA,1,1,lopep002,lylej001,3.66,6.28
2023,MIN202304290,MIN,KCA,0,0,duraj002,chapa001,2.45,3.09
2023,MIN202304300,MIN,KCA,0,0,grays001,singb001,2.79,5.52
2023,MIN202305090,MIN,SDN,0,0,jax-g001,wachm001,3.86,3.22
2023,MIN202305100,MIN,SDN,1,0,jax-g001,tapid001,3.86,3.57
2023,MIN202305110,MIN,SDN,0,1,pagae001,honeb001,2.99,4.82
2023,MIN202305120,MIN,CHN,0,0,jax-g001,smyld001,3.86,5.0
2023,MIN202305130,MIN,CHN,1,0,ryanj002,wesnh001,4.51,4.63
2023,MIN202305140,MIN,CHN,1,0,varll001,strom001,4.63,3.95
2023,MIN202305220,MIN,SFN,0,4,oberb002,manas001,3.43,4.44
2023,MIN202305230,MIN,SFN,2,0,lopej004,cobba001,5.95,3.87
2023,MIN202305240,MIN,SFN,1,0,ryanj002,desca001,4.51,4.88
2023,MIN202305260,MIN,TOR,0,0,varll001,gausk001,4.63,3.16
2023,MIN202305270,MIN,TOR,3,1,lopep002,bassc001,3.66,3.6
2023,MIN202305280,MIN,TOR,0,0,oberb002,berrj001,3.43,3.65
2023,MIN202306010,MIN,CLE,0,0,jax-g001,morge001,3.86,4.01
2023,MIN202306020,MIN,CLE,0,0,stewb001,sandn001,0.65,3.75
2023,MIN202306030,MIN,CLE,1,0,grays001,allel003,2.79,3.81
2023,MIN202306040,MIN,CLE,0,0,ryanj002,karij001,4.51,3.23
2023,MIN202306130,MIN,MIL,0,0,windj002,willd004,4.15,1.53
2023,MIN202306140,MIN,MIL,0,0,oberb002,rea-c001,3.43,4.55
2023,MIN202306150,MIN,DET,0,0,moraj003,boydm001,5.31,5.45
2023,MIN202306160,MIN,DET,0,0,ryanj002,englm001,4.51,5.46
2023,MIN202306170,MIN,DET,0,0,headb001,wentj001,6.31,6.9
2023,MIN202306180,MIN,DET,0,1,varll001,whitb002,4.63,5.09
2023,MIN202306190,MIN,BOS,0,0,lopep002,paxtj001,3.66,4.5
2023,MIN202306200,MIN,BOS,0,0,oberb002,crawk001,3.43,4.04
2023,MIN202306210,MIN,BOS,0,1,moraj003,ort-k001,5.31,6.26
2023,MIN202306220,MIN,BOS,2,0,ryanj002,garzj001,4.51,7.36
2023,MIN202307030,MIN,KCA,1,1,headb001,clart003,6.31,5.95
2023,MIN202307040,MIN,KCA,1,0,maedk001,greiz001,4.23,5.06
2023,MIN202307050,MIN,KCA,1,0,lopep002,marsa001,3.66,5.69
2023,MIN202307070,MIN,BAL,0,0,duraj002,bautf001,2.45,1.48
2023,MIN202307080,MIN,BAL,1,0,grays001,wellt003,2.79,3.64
2023,MIN202307090,MIN,BAL,1,0,ryanj002,gibsk002,4.51,4.73
2023,MIN202307210,MIN,CHA,5,1,ryanj002,lynnl001,4.51,5.73
2023,MIN202307220,MIN,CHA,0,0,balaj001,middk001,4.44,3.38
2023,MIN202307230,MIN,CHA,0,0,pagae001,schoj002,2.99,5.29
2023,MIN202307240,MIN,SEA,0,0,lopej004,sewap001,5.95,3.12
2023,MIN202307250,MIN,SEA,4,0,orteo001,brasm001,4.3,3.06
2023,MIN202307260,MIN,SEA,0,1,ryanj002,millb004,4.51,4.32
2023,MIN202308040,MIN,ARI,0,0,thiec001,mcgos001,3.23,4.73
2023,MIN202308050,MIN,ARI,0,0,maedk001,nelsr003,4.23,5.31
2023,MIN202308060,MIN,ARI,0,0,thiec001,sewap001,3.23,3.12
2023,MIN202308150,MIN,DET,0,0,flord002,cisnj001,4.76,5.31
2023,MIN202308160,MIN,DET,1,0,jax-g001,holtt002,3.86,2.11
2023,MIN202308180,MIN,PIT,0,0,lopep002,jacka003,3.66,4.99
2023,MIN202308190,MIN,PIT,1,0,grays001,kellm003,2.79,4.21
2023,MIN202308200,MIN,PIT,0,0,keucd001,bidoo001,5.97,5.86
2023,MIN202308240,MIN,TEX,0,1,windj002,sborj002,4.15,5.5
2023,MIN202308250,MIN,TEX,4,0,grays001,dunnd001,2.79,3.7
2023,MIN202308260,MIN,TEX,0,0,jax-g001,burkb001,3.86,4.37
2023,MIN202308270,MIN,TEX,0,0,flord002,hernj004,4.76,5.4
2023,MIN202308280,MIN,CLE,0,0,fundk001,currx001,0.75,4.07
2023,MIN202308290,MIN,CLE,0,0,lopep002,gaddh001,3.66,4.5
2023,MIN202308300,MIN,CLE,0,0,pagae001,stept002,2.99,4.06
2023,MIN202309080,MIN,NYN,1,0,thiec001,reids001,3.23,3.52
2023,MIN202309090,MIN,NYN,0,2,maedk001,peted003,4.23,5.03
2023,MIN202309100,MIN,NYN,0,0,jax-g001,raleb001,3.86,2.8
2023,MIN202309110,MIN,TBA,0,1,grays001,glast001,2.79,3.53
2023,MIN202309120,MIN,TBA,0,0,varll001,littz001,4.63,4.1
2023,MIN202309130,MIN,TBA,0,0,jax-g001,kellk004,3.86,3.09
2023,MIN202309220,MIN,ANA,0,0,lopep002,danid001,3.66,2.19
2023,MIN202309230,MIN,ANA,0,0,grays001,rosek001,2.79,3.82
2023,MIN202309240,MIN,ANA,0,0,ryanj002,fulmc001,4.51,2.7
2023,MIN202309260,MIN,OAK,5,0,oberb002,blacp001,3.43,4.43
2023,MIN202309270,MIN,OAK,1,0,keucd001,jimed002,5.97,3.47
2023,MIN202309280,MIN,OAK,0,0,maedk001,ercel001,4.23,4.75
2023,NYA202303300,NYA,SFN,1,0,coleg001,webbl001,2.63,3.25
2023,NYA202304010,NYA,SFN,1,0,kingm002,junij001,2.75,3.87
2023,NYA202304020,NYA,SFN,0,0,britj003,strir001,4.28,5.36
2023,NYA202304030,NYA,PHI,2,0,cortn001,walkt004,4.97,4.38
2023,NYA202304040,NYA,PHI,0,1,germd001,bella001,4.56,5.11
2023,NYA202304050,NYA,PHI,1,0,coleg001,nolaa001,2.63,4.46
2023,NYA202304130,NYA,MIN,0,9,britj003,ryanj002,4.28,4.51
2023,NYA202304140,NYA,MIN,2,0,holmc001,pagae001,2.86,2.99
2023,NYA202304150,NYA,MIN,0,0,germd001,mahlt001,4.56,3.16
2023,NYA202304160,NYA,MIN,0,0,coleg001,lopep002,2.63,3.66
2023,NYA202304180,NYA,ANA,0,2,schmc002,wanta001,4.64,3.89
2023,NYA202304190,NYA,ANA,2,0,hamii001,moorm003,2.64,2.56
2023,NYA202304200,NYA,ANA,5,0,cortn001,sandp002,4.97,4.11
2023,NYA202304210,NYA,TOR,0,2,germd001,kikuy001,4.56,3.86
2023,NYA202304220,NYA,TOR,0,0,cordj001,romaj004,3.86,2.9
2023,NYA202304230,NYA,TOR,0,0,schmc002,gausk001,4.64,3.16
2023,NYA202305010,NYA,CLE,0,0,holmc001,deloe001,2.86,3.29
2023,NYA202305020,NYA,CLE,0,0,peraw002,karij001,2.83,3.23
2023,NYA202305030,NYA,CLE,0,2,abrea001,stept002,4.73,4.06
2023,NYA202305080,NYA,OAK,0,0,marir001,searj001,3.99,4.54
2023,NYA202305090,NYA,OAK,0,0,schmc002,rucid001,4.64,9.0
2023,NYA202305100,NYA,OAK,4,0,cordj001,mullk001,3.86,7.6
2023,NYA202305110,NYA,TBA,0,0,germd001,rasmd002,4.56,2.62
2023,NYA202305120,NYA,TBA,1,1,holmc001,adamj002,2.86,2.98
2023,NYA202305130,NYA,TBA,0,0,cordj001,thomr007,3.86,3.82
2023,NYA202305140,NYA,TBA,0,1,schmc002,efliz001,4.64,3.5
2023,NYA202305230,NYA,BAL,0,2,kingm002,bakeb001,2.75,3.6
2023,NYA202305240,NYA,BAL,0,0,cordj001,baumm001,3.86,3.76
2023,NYA202305250,NYA,BAL,0,0,schmc002,gibsk002,4.64,4.73
2023,NYA202305260,NYA,SDN,0,0,vasqr001,musgj001,2.87,3.05
2023,NYA202305270,NYA,SDN,1,0,holmc001,martn002,2.86,3.43
2023,NYA202305280,NYA,SDN,1,1,coleg001,darvy001,2.63,4.56
2023,NYA202306060,NYA,CHA,0,0,schmc002,gioll001,4.64,4.88
2023,NYA202306081,NYA,CHA,0,0,kingm002,santg001,2.75,3.39
2023,NYA202306082,NYA,CHA,0,0,vasqr001,clevm001,2.87,3.77
2023,NYA202306090,NYA,BOS,0,0,coleg001,whitg002,2.63,5.15
2023,NYA202306100,NYA,BOS,0,0,germd001,houct001,4.56,5.01
2023,NYA202306110,NYA,BOS,0,0,marir001,jansk001,3.99,3.63
2023,NYA202306200,NYA,SEA,1,0,coleg001,kirbg001,2.63,3.35
2023,NYA202306210,NYA,SEA,0,0,britj003,castl003,4.28,3.34
2023,NYA202306220,NYA,SEA,0,4,germd001,woo-b001,4.56,4.21
2023,NYA202306230,NYA,TEX,0,0,kingm002,barlj001,2.75,4.66
2023,NYA202306240,NYA,TEX,0,0,sevel001,grayj003,6.65,4.12
2023,NYA202306250,NYA,TEX,0,1,marir001,kingj002,3.99,3.62
2023,NYA202307030,NYA,BAL,0,0,kahnt001,canoy001,2.66,2.11
2023,NYA202307040,NYA,BAL,2,0,schmc002,gibsk002,4.64,4.73
2023,NYA202307050,NYA,BAL,0,0,ramin003,kremd001,2.66,4.12
2023,NYA202307060,NYA,BAL,0,1,sevel001,bradk001,6.65,2.83
2023,NYA202307070,NYA,CHN,0,0,rodoc001,tailj001,6.85,4.84
2023,NYA202307080,NYA,CHN,1,0,coleg001,smyld001,2.63,5.0
2023,NYA202307090,NYA,CHN,1,0,marir001,merrj001,3.99,3.38
2023,NYA202307210,NYA,KCA,0,0,schmc002,marsa001,4.64,5.69
2023,NYA202307220,NYA,KCA,1,0,peraw002,hernc006,2.83,5.27
2023,NYA202307230,NYA,KCA,4,0,sevel001,lylej001,6.65,6.28
2023,NYA202307250,NYA,NYN,0,1,germd001,verlj001,4.56,3.22
2023,NYA202307260,NYA,NYN,0,0,rodoc001,quinj001,6.85,3.57
2023,NYA202307310,NYA,TBA,0,2,britj003,glast001,4.28,3.53
2023,NYA202308010,NYA,TBA,0,0,rodoc001,efliz001,6.85,3.5
2023,NYA202308020,NYA,TBA,0,2,coleg001,mccls003,2.63,3.29
2023,NYA202308030,NYA,HOU,3,0,kingm002,gravk001,2.75,3.12
2023,NYA202308040,NYA,HOU,0,3,sevel001,browh001,6.65,5.09
2023,NYA202308050,NYA,HOU,0,0,hamii001,verlj001,2.64,3.22
2023,NYA202308060,NYA,HOU,1,0,peraw002,franj006,2.83,3.83
2023,NYA202308180,NYA,BOS,0,4,britj003,bellb002,4.28,4.24
2023,NYA202308190,NYA,BOS,0,0,coleg001,crawk001,2.63,4.04
2023,NYA202308200,NYA,BOS,0,1,holmc001,martc007,2.86,1.05
2023,NYA202308220,NYA,WAS,0,0,kahnt001,thomm005,2.66,5.5
2023,NYA202308230,NYA,WAS,1,0,sevel001,gorem001,6.65,4.42
2023,NYA202308240,NYA,WAS,1,0,kahnt001,corbp001,2.66,5.2
2023,NYA202309050,NYA,DET,1,0,coleg001,wentj001,2.63,6.9
2023,NYA202309060,NYA,DET,0,1,schmc002,brieb001,4.64,3.6
2023,NYA202309070,NYA,DET,0,2,rodoc001,rodre004,6.85,3.3
2023,NYA202309080,NYA,MIL,0,0,britj003,uriba001,4.28,1.76
2023,NYA202309090,NYA,MIL,0,0,loaij001,payaj001,3.06,2.55
2023,NYA202309100,NYA,MIL,0,0,misia001,milnh001,7.36,1.82
2023,NYA202309190,NYA,TOR,1,1,schmc002,kikuy001,4.64,3.86
2023,NYA202309200,NYA,TOR,0,0,kingm002,gausk001,2.75,3.16
2023,NYA202309210,NYA,TOR,3,0,coleg001,berrj001,2.63,3.65
2023,NYA202309220,NYA,ARI,0,0,weavl001,pfaab001,6.4,5.72
2023,NYA202309240,NYA,ARI,0,2,rodoc001,gallz001,6.85,3.47
2023,NYA202309250,NYA,ARI,0,2,hamii001,ginkk001,2.64,2.48
2023,NYN202304070,NYN,MIA,0,0,megit002,cabre003,4.7,4.24
2023,NYN202304080,NYN,MIA,1,0,sengk001,roget003,2.98,4.0
2023,NYN202304090,NYN,MIA,0,3,carrc003,scott003,6.8,2.31
2023,NYN202304100,NYN,SDN,0,0,schem001,darvy001,3.77,4.56
2023,NYN202304110,NYN,SDN,0,0,peted003,weatr001,5.03,6.55
2023,NYN202304120,NYN,SDN,0,2,megit002,snelb001,4.7,2.25
2023,NYN202304250,NYN,WAS,0,0,buttj001,grayj004,3.64,3.91
2023,NYN202304260,NYN,WAS,0,0,sengk001,gorem001,2.98,4.42
2023,NYN202304270,NYN,WAS,0,0,robed002,thomm005,3.03,5.5
2023,NYN202304280,NYN,ATL,0,0,peted003,friem001,5.03,2.55
2023,NYN202305011,NYN,ATL,1,3,reyed002,stris002,7.78,3.86
2023,NYN202305012,NYN,ATL,0,0,smitd009,mortc002,4.15,3.64
2023,NYN202305050,NYN,COL,0,0,sengk001,senza001,2.98,4.7
2023,NYN202305060,NYN,COL,1,1,megit002,gomba001,4.7,5.5
2023,NYN202305070,NYN,COL,3,1,yacaj001,suteb001,6.59,3.38
2023,NYN202305160,NYN,TBA,0,0,verlj001,chiry001,3.22,5.4
2023,NYN202305170,NYN,TBA,0,0,robed002,fairp001,3.03,2.58
2023,NYN202305180,NYN,TBA,1,1,megit002,littz001,4.7,4.1
2023,NYN202305190,NYN,CLE,0,3,smitd009,clase001,4.15,3.22
2023,NYN202305211,NYN,CLE,0,0,robed002,stept002,3.03,4.06
2023,NYN202305212,NYN,CLE,0,1,verlj001,biebs001,3.22,3.8
2023,NYN202305300,NYN,PHI,0,0,sengk001,suarr001,2.98,4.18
2023,NYN202305310,NYN,PHI,0,0,carrc003,nolaa001,6.8,4.46
2023,NYN202306010,NYN,PHI,0,2,schem001,walkt004,3.77,4.38
2023,NYN202306020,NYN,TOR,0,1,verlj001,bassc001,3.22,3.6
2023,NYN202306030,NYN,TOR,0,0,robed002,pearn001,3.03,4.85
2023,NYN202306040,NYN,TOR,0,0,leond003,pearn001,4.67,4.85
2023,NYN202306130,NYN,NYA,2,1,walkj004,marir001,8.1,3.99
2023,NYN202306140,NYN,NYA,0,0,leond003,abrea001,4.67,4.73
2023,NYN202306160,NYN,SLN,3,0,megit002,mikom001,4.7,4.78
2023,NYN202306170,NYN,SLN,1,0,sengk001,waina001,2.98,7.4
2023,NYN202306180,NYN,SLN,1,2,ottaa001,verhd001,3.21,3.98
2023,NYN202306260,NYN,MIL,0,0,smitd009,rea-c001,4.15,4.55
2023,NYN202306270,NYN,MIL,0,0,peted003,tehej001,5.03,4.4
2023,NYN202306280,NYN,MIL,0,2,hartg002,wilsb003,4.84,2.58
2023,NYN202306290,NYN,MIL,0,0,mcfat001,housa001,5.4,4.12
2023,NYN202306300,NYN,SFN,1,0,robed002,manas001,3.03,4.44
2023,NYN202307010,NYN,SFN,0,0,verlj001,desca001,3.22,4.88
2023,NYN202307020,NYN,SFN,0,0,hartg002,wooda002,4.84,4.33
2023,NYN202307140,NYN,LAN,0,0,verlj001,uriaj001,3.22,4.6
2023,NYN202307150,NYN,LAN,0,0,ottaa001,gratb002,3.21,1.2
2023,NYN202307160,NYN,LAN,0,0,robed002,roben002,3.03,6.04
2023,NYN202307180,NYN,CHA,5,0,hartg002,gioll001,4.84,4.88
2023,NYN202307190,NYN,CHA,0,0,verlj001,toust001,3.22,4.97
2023,NYN202307200,NYN,CHA,0,1,quinj001,kopem001,3.57,5.43
2023,NYN202307270,NYN,WAS,0,0,peted003,thomm005,5.03,5.5
2023,NYN202307280,NYN,WAS,0,0,schem001,gorem001,3.77,4.42
2023,NYN202307290,NYN,WAS,0,4,carrc003,corbp001,6.8,5.2
2023,NYN202307300,NYN,WAS,1,0,verlj001,willt002,3.22,5.55
2023,NYN202308070,NYN,CHN,3,0,sengk001,smyld001,2.98,5.0
2023,NYN202308080,NYN,CHN,2,0,smitd009,tailj001,4.15,4.84
2023,NYN202308090,NYN,CHN,0,1,hartg002,wesnh001,4.84,4.63
2023,NYN202308110,NYN,ATL,0,0,megit002,mortc002,4.7,3.64
2023,NYN202308121,NYN,ATL,0,1,reyed002,winaa001,7.78,5.29
2023,NYN202308122,NYN,ATL,0,0,quinj001,stris002,3.57,3.86
2023,NYN202308130,NYN,ATL,0,3,sengk001,chiry001,2.98,5.4
2023,NYN202308140,NYN,PIT,1,1,millt003,prieq001,4.7,7.74
2023,NYN202308150,NYN,PIT,1,0,buttj001,selbc001,3.64,9.0
2023,NYN202308160,NYN,PIT,0,0,megit002,oviej001,4.7,4.31
2023,NYN202308250,NYN,ANA,0,0,sengk001,sandp002,2.98,4.11
2023,NYN202308260,NYN,ANA,0,1,carrc003,loupa001,6.8,6.1
2023,NYN202308270,NYN,ANA,0,0,ottaa001,loper003,3.21,3.27
2023,NYN202308280,NYN,TEX,0,0,gottt001,perem004,4.19,4.45
2023,NYN202308290,NYN,TEX,0,0,smitd009,strac001,4.15,3.92
2023,NYN202308300,NYN,TEX,0,0,brigj002,chapa001,5.26,3.09
2023,NYN202309010,NYN,SEA,0,0,bickp001,munoa002,4.95,2.94
2023,NYN202309020,NYN,SEA,0,0,ottaa001,topaj001,3.21,2.61
2023,NYN202309030,NYN,SEA,1,0,megit002,kirbg001,4.7,3.35
2023,NYN202309110,NYN,ARI,0,0,smitd009,ginkk001,4.15,2.48
2023,NYN202309120,NYN,ARI,0,0,buttj001,nelsr003,3.64,5.31
2023,NYN202309130,NYN,ARI,1,0,luccj001,gallz001,2.89,3.47
2023,NYN202309140,NYN,ARI,0,0,sengk001,kellm002,2.98,3.29
2023,NYN202309150,NYN,CIN,0,0,hartg002,simsl001,4.84,3.1
2023,NYN202309160,NYN,CIN,1,0,megit002,duard001,4.7,3.69
2023,NYN202309170,NYN,CIN,0,1,quinj001,willb003,3.57,4.46
2023,NYN202309271,NYN,MIA,2,0,luccj001,garrb001,2.89,3.66
2023,NYN202309272,NYN,MIA,0,1,ottaa001,moorm003,3.21,2.56
2023,NYN202309280,NYN,MIA,0,0,hartg002,luzaj001,4.84,3.58
2023,NYN202309301,NYN,PHI,3,0,megit002,walkt004,4.7,4.38
2023,NYN202309302,NYN,PHI,0,0,garrr001,plasm001,6.41,22.09
2023,NYN202310010,NYN,PHI,0,0,buttj001,nelsn001,3.64,1.69
2023,OAK202303300,OAK,ANA,0,0,may-t001,loupa001,3.28,6.1
2023,OAK202304010,OAK,ANA,0,0,fujis001,sandp002,7.18,4.11
2023,OAK202304020,OAK,ANA,0,0,waldk003,andet002,5.36,5.43
2023,OAK202304030,OAK,CLE,1,2,may-t001,clase001,3.28,3.22
2023,OAK202304040,OAK,CLE,0,0,may-t001,karij001,3.28,3.23
2023,OAK202304050,OAK,CLE,0,0,jackz002,morge001,2.5,4.01
2023,OAK202304140,OAK,NYN,0,0,kaprj001,santd003,6.34,5.91
2023,OAK202304150,OAK,NYN,0,0,fujis001,smitd009,7.18,4.15
2023,OAK202304160,OAK,NYN,0,0,molls001,yacaj001,3.03,6.59
2023,OAK202304170,OAK,CHN,1,0,mullk001,wesnh001,7.6,4.63
2023,OAK202304180,OAK,CHN,0,0,may-t001,leitm002,3.28,3.5
2023,OAK202304190,OAK,CHN,0,0,smitc007,steej002,6.59,3.06
2023,OAK202304280,OAK,CIN,1,0,rucid001,cessl001,9.0,9.0
2023,OAK202304290,OAK,CIN,0,0,famij001,leguc001,6.39,5.68
2023,OAK202304300,OAK,CIN,2,0,jackz002,law-d001,2.5,3.6
2023,OAK202305020,OAK,SEA,0,0,lover001,speig001,4.63,3.79
2023,OAK202305030,OAK,SEA,0,0,ollea001,brasm001,10.07,3.06
2023,OAK202305040,OAK,SEA,0,0,rucid001,kirbg001,9.0,3.35
2023,OAK202305110,OAK,TEX,0,0,medil002,eovan001,5.42,3.63
2023,OAK202305120,OAK,TEX,1,0,fujis001,burkb001,7.18,4.37
2023,OAK202305130,OAK,TEX,0,1,kaprj001,grayj003,6.34,4.12
2023,OAK202305140,OAK,TEX,0,2,pruia001,hernj004,2.98,5.4
2023,OAK202305150,OAK,ARI,0,0,rucid001,kellm002,9.0,3.29
2023,OAK202305160,OAK,ARI,1,2,pruia001,mcgos001,2.98,4.73
2023,OAK202305170,OAK,ARI,0,0,fujis001,ruizj001,7.18,5.89
2023,OAK202305260,OAK,HOU,0,0,kaprj001,browh001,6.34,5.09
2023,OAK202305270,OAK,HOU,0,2,pruia001,valdf001,2.98,3.45
2023,OAK202305280,OAK,HOU,1,1,medil002,javic001,5.42,4.56
2023,OAK202305290,OAK,ATL,0,1,ercel001,sorom001,4.75,6.4
2023,OAK202305300,OAK,ATL,0,0,fujis001,igler001,7.18,2.75
2023,OAK202305310,OAK,ATL,0,0,kaprj001,shusj001,6.34,5.81
2023,OAK202306120,OAK,TBA,0,0,kaprj001,efliz001,6.34,3.5
2023,OAK202306130,OAK,TBA,0,0,harrh002,pochc001,7.14,2.23
2023,OAK202306140,OAK,TBA,0,0,medil002,glast001,5.42,3.53
2023,OAK202306150,OAK,TBA,0,0,pruia001,stepr002,2.98,3.1
2023,OAK202306160,OAK,PHI,0,1,searj001,walkt004,4.54,4.38
2023,OAK202306170,OAK,PHI,0,0,waldk003,vasqa002,5.36,3.35
2023,OAK202306180,OAK,PHI,0,1,harrh002,wheez001,7.14,3.61
2023,OAK202306270,OAK,NYA,0,0,blacp001,britj003,4.43,4.28
2023,OAK202306280,OAK,NYA,0,0,searj001,germd001,4.54,4.56
2023,OAK202306290,OAK,NYA,1,0,harrh002,schmc002,7.14,4.64
2023,OAK202306300,OAK,CHA,0,1,medil002,bankt001,5.42,4.43
2023,OAK202307010,OAK,CHA,1,0,fujis001,gravk001,7.18,3.12
2023,OAK202307020,OAK,CHA,0,0,blacp001,bumma001,4.43,6.79
2023,OAK202307140,OAK,MIN,0,2,fujis001,jax-g001,7.18,3.86
2023,OAK202307150,OAK,MIN,0,2,tarnf001,moraj003,4.91,5.31
2023,OAK202307160,OAK,MIN,0,0,ercel001,lopej004,4.75,5.95
2023,OAK202307170,OAK,BOS,0,1,blacp001,piven001,4.43,4.04
2023,OAK202307180,OAK,BOS,0,0,medil002,jacqj001,5.42,5.06
2023,OAK202307190,OAK,BOS,2,2,felia001,bellb002,4.2,4.24
2023,OAK202307200,OAK,HOU,1,0,harrh002,franj006,7.14,3.83
2023,OAK202307210,OAK,HOU,0,1,searj001,valdf001,4.54,3.45
2023,OAK202307220,OAK,HOU,0,0,pruia001,javic001,2.98,4.56
2023,OAK202307230,OAK,HOU,1,0,smitc007,nerih001,6.59,1.71
2023,OAK202308050,OAK,SFN,0,0,may-t001,walkr001,3.28,3.23
2023,OAK202308060,OAK,SFN,1,1,sneak001,jackl001,4.63,2.97
2023,OAK202308070,OAK,TEX,0,0,jimed002,sborj002,3.47,5.5
2023,OAK202308080,OAK,TEX,0,0,searj001,schem001,4.54,3.77
2023,OAK202308090,OAK,TEX,0,0,tarnf001,montj004,4.91,3.2
2023,OAK202308180,OAK,BAL,1,3,peref002,gibsk002,5.94,4.73
2023,OAK202308190,OAK,BAL,0,0,marta006,bautf001,4.75,1.48
2023,OAK202308200,OAK,BAL,0,1,searj001,bradk001,4.54,2.83
2023,OAK202308210,OAK,KCA,0,0,may-t001,coled003,3.28,8.84
2023,OAK202308220,OAK,KCA,2,0,harrh002,zerpa001,7.14,4.85
2023,OAK202308230,OAK,KCA,0,0,marta006,ragac001,4.75,3.47
2023,OAK202309010,OAK,ANA,0,0,searj001,sandp002,4.54,4.11
2023,OAK202309020,OAK,ANA,0,1,blacp001,canng001,4.43,4.32
2023,OAK202309030,OAK,ANA,0,0,peref002,sorij002,5.94,3.64
2023,OAK202309040,OAK,TOR,0,0,peref002,romaj004,5.94,2.9
2023,OAK202309050,OAK,TOR,0,0,nealz001,bassc001,6.67,3.6
2023,OAK202309060,OAK,TOR,0,0,searj001,ryu-h001,4.54,3.46
2023,OAK202309150,OAK,SDN,0,2,newcs001,lugos001,3.0,3.57
2023,OAK202309160,OAK,SDN,0,2,millm004,waldm003,3.78,4.35
2023,OAK202309170,OAK,SDN,0,0,waldk003,avilp001,5.36,3.22
2023,OAK202309180,OAK,SEA,0,0,searj001,woo-b001,4.54,4.21
2023,OAK202309190,OAK,SEA,0,0,blacp001,castl003,4.43,3.34
2023,OAK202309200,OAK,SEA,0,0,estej001,kirbg001,7.2,3.35
2023,OAK202309210,OAK,DET,0,2,medil002,skubt001,5.42,2.8
2023,OAK202309220,OAK,DET,1,0,waldk003,vestw001,5.36,2.98
2023,OAK202309230,OAK,DET,0,0,boylj001,wentj001,1.69,6.9
2023,OAK202309240,OAK,DET,0,0,searj001,rodre004,4.54,3.3
2023,PHI202304070,PHI,CIN,0,0,sotog003,law-d001,4.62,3.6
2023,PHI202304080,PHI,CIN,0,1,vasqa002,diaza004,3.35,3.07
2023,PHI202304090,PHI,CIN,1,0,domis001,hergk001,3.78,5.18
2023,PHI202304100,PHI,MIA,0,0,stram001,alcas001,3.29,4.14
2023,PHI202304110,PHI,MIA,0,0,nolaa001,luzaj001,4.46,3.58
2023,PHI202304120,PHI,MIA,0,0,sotog003,puk-a001,4.62,3.97
2023,PHI202304200,PHI,COL,0,2,stram001,feltr001,3.29,5.82
2023,PHI202304210,PHI,COL,0,3,domis001,handb001,3.78,5.53
2023,PHI202304220,PHI,COL,0,0,brogc001,freek001,4.03,5.03
2023,PHI202304230,PHI,COL,1,0,wheez001,urenj001,3.61,6.45
2023,PHI202304250,PHI,SEA,0,0,faltb001,gonzm005,5.36,5.22
2023,PHI202304260,PHI,SEA,2,0,kimbc001,topaj001,3.26,2.61
2023,PHI202304270,PHI,SEA,0,0,stram001,kirbg001,3.29,3.35
2023,PHI202305050,PHI,BOS,0,1,wheez001,salec001,3.61,4.3
2023,PHI202305060,PHI,BOS,0,0,faltb001,klubc001,5.36,7.04
2023,PHI202305070,PHI,BOS,0,0,walkt004,houct001,4.38,5.01
2023,PHI202305090,PHI,TOR,0,0,nolaa001,manoa001,4.46,5.87
2023,PHI202305100,PHI,TOR,0,0,kimbc001,mayzt001,3.26,1.52
2023,PHI202305190,PHI,CHN,1,0,suarr001,strom001,4.18,3.95
2023,PHI202305200,PHI,CHN,7,0,nolaa001,tailj001,4.46,4.84
2023,PHI202305210,PHI,CHN,0,0,stram001,alzoa001,3.29,2.67
2023,PHI202305220,PHI,ARI,0,0,wheez001,henrt001,3.61,4.15
2023,PHI202305230,PHI,ARI,0,0,domis001,castm002,3.78,4.31
2023,PHI202305240,PHI,ARI,0,1,kimbc001,ruizj001,3.26,5.89
2023,PHI202306050,PHI,DET,1,0,nolaa001,wentj001,4.46,6.9
2023,PHI202306060,PHI,DET,1,0,walkt004,alext001,4.38,4.5
2023,PHI202306080,PHI,DET,0,0,kimbc001,langa001,3.26,3.68
2023,PHI202306090,PHI,LAN,0,1,sotog003,fergc001,4.62,3.43
2023,PHI202306100,PHI,LAN,0,0,nolaa001,millb005,4.46,3.76
2023,PHI202306110,PHI,LAN,1,0,walkt004,fergc001,4.38,3.43
2023,PHI202306200,PHI,ATL,0,0,hoffj003,stris002,2.41,3.86
2023,PHI202306220,PHI,ATL,0,0,marty001,igler001,5.03,2.75
2023,PHI202306230,PHI,NYN,2,0,walkt004,sengk001,4.38,2.98
2023,PHI202306240,PHI,NYN,0,1,sancc002,schem001,3.44,3.77
2023,PHI202306250,PHI,NYN,1,0,hoffj003,brigj002,2.41,5.26
2023,PHI202306300,PHI,WAS,0,0,sancc002,grayj004,3.44,3.91
2023,PHI202307010,PHI,WAS,0,0,wheez001,gorem001,3.61,4.42
2023,PHI202307020,PHI,WAS,3,0,suarr001,willt002,4.18,5.55
2023,PHI202307140,PHI,SDN,0,0,sancc002,darvy001,3.44,4.56
2023,PHI202307151,PHI,SDN,0,0,stram001,hillt002,3.29,5.48
2023,PHI202307152,PHI,SDN,0,1,walkt004,weatr001,4.38,6.55
2023,PHI202307160,PHI,SDN,0,1,hoffj003,hillt002,2.41,5.48
2023,PHI202307180,PHI,MIL,1,0,nolaa001,tehej001,4.46,4.4
2023,PHI202307190,PHI,MIL,0,0,hoffj003,milnh001,2.41,1.82
2023,PHI202307200,PHI,MIL,0,0,walkt004,burnc002,4.38,3.39
2023,PHI202307240,PHI,BAL,0,0,kimbc001,bakeb001,3.26,3.6
2023,PHI202307250,PHI,BAL,0,0,marty001,canoy001,5.03,2.11
2023,PHI202307260,PHI,BAL,0,0,domis001,bradk001,3.78,2.83
2023,PHI202308040,PHI,KCA,2,0,nolaa001,lylej001,4.46,6.28
2023,PHI202308050,PHI,KCA,2,0,stram001,zerpa001,3.29,4.85
2023,PHI202308060,PHI,KCA,3,3,walkt004,greiz001,4.38,5.06
2023,PHI202308081,PHI,WAS,0,0,wheez001,willt002,3.61,5.55
2023,PHI202308082,PHI,WAS,1,0,kimbc001,weemj001,3.26,3.62
2023,PHI202308090,PHI,WAS,3,0,lorem002,gorem001,4.18,4.42
2023,PHI202308100,PHI,WAS,0,0,stram001,macha003,3.29,5.22
2023,PHI202308110,PHI,MIN,0,0,sancc002,keucd001,3.44,5.97
2023,PHI202308120,PHI,MIN,0,1,walkt004,lopep002,4.38,3.66
2023,PHI202308130,PHI,MIN,0,1,suarr001,grays001,4.18,2.79
2023,PHI202308210,PHI,SFN,1,1,nolaa001,manas001,4.46,4.44
2023,PHI202308220,PHI,SFN,2,1,kimbc001,dovac001,3.26,2.93
2023,PHI202308230,PHI,SFN,0,1,kimbc001,junij001,3.26,3.87
2023,PHI202308250,PHI,SLN,0,2,sancc002,mikom001,3.44,4.78
2023,PHI202308260,PHI,SLN,0,0,wheez001,hudsd002,3.61,4.98
2023,PHI202308270,PHI,SLN,1,0,nolaa001,rom-d001,4.46,8.02
2023,PHI202308280,PHI,ANA,1,1,walkt004,gioll001,4.38,4.88
2023,PHI202308290,PHI,ANA,0,0,lorem002,andet002,4.18,5.43
2023,PHI202308300,PHI,ANA,0,0,kimbc001,moorm003,3.26,2.56
2023,PHI202309080,PHI,MIA,1,0,stram001,robed002,3.29,3.03
2023,PHI202309090,PHI,MIA,0,0,hoffj003,cuetj001,2.41,6.02
2023,PHI202309100,PHI,MIA,2,0,domis001,robed002,3.78,3.03
2023,PHI202309111,PHI,ATL,0,1,alvaj004,igler001,1.74,2.75
2023,PHI202309112,PHI,ATL,4,0,lorem002,wrigk001,4.18,6.97
2023,PHI202309120,PHI,ATL,0,0,kimbc001,igler001,3.26,2.75
2023,PHI202309130,PHI,ATL,1,2,sancc002,stris002,3.44,3.86
2023,PHI202309210,PHI,NYN,2,0,suarr001,brigj002,4.18,5.26
2023,PHI202309220,PHI,NYN,0,1,domis001,ottaa001,3.78,3.21
2023,PHI202309230,PHI,NYN,0,0,wheez001,quinj001,3.61,3.57
2023,PHI202309240,PHI,NYN,0,0,sancc002,buttj001,3.44,3.64
2023,PHI202309260,PHI,PIT,0,0,hoffj003,bednd001,2.41,2.0
2023,PHI202309270,PHI,PIT,0,3,kerko001,hernj005,3.0,4.97
2023,PHI202309280,PHI,PIT,1,0,stram001,ortil003,3.29,4.78
2023,PIT202304070,PIT,CHA,0,1,mored002,diekj001,3.72,3.34
2023,PIT202304080,PIT,CHA,1,0,velav001,clevm001,3.86,3.77
2023,PIT202304090,PIT,CHA,0,0,oviej001,kopem001,4.31,5.43
2023,PIT202304100,PIT,HOU,0,1,contr001,valdf001,6.59,3.45
2023,PIT202304110,PIT,HOU,0,1,bednd001,presr001,2.0,3.58
2023,PIT202304120,PIT,HOU,0,0,hillr001,urquj001,5.41,5.29
2023,PIT202304200,PIT,CIN,4,0,contr001,weavl001,6.59,6.4
2023,PIT202304210,PIT,CIN,0,0,kellm003,law-d001,4.21,3.6
2023,PIT202304220,PIT,CIN,1,0,hillr001,cessl001,5.41,9.0
2023,PIT202304230,PIT,CIN,1,0,velav001,greeh001,3.86,4.82
2023,PIT202304250,PIT,LAN,1,2,holdc001,almoy001,3.86,5.06
2023,PIT202304260,PIT,LAN,0,0,contr001,bickp001,6.59,4.95
2023,PIT202304270,PIT,LAN,3,2,kellm003,uriaj001,4.21,4.6
2023,PIT202305050,PIT,TOR,0,1,hillr001,bassc001,5.41,3.6
2023,PIT202305060,PIT,TOR,0,4,oviej001,berrj001,4.31,3.65
2023,PIT202305070,PIT,TOR,0,1,contr001,kikuy001,6.59,3.86
2023,PIT202305080,PIT,COL,0,0,kellm003,freek001,4.21,5.03
2023,PIT202305090,PIT,COL,0,0,ortil003,seabc001,4.78,7.52
2023,PIT202305100,PIT,COL,0,0,stepr002,handb001,3.1,5.53
2023,PIT202305190,PIT,ARI,0,0,oviej001,gallz001,4.31,3.47
2023,PIT202305200,PIT,ARI,0,1,stepr002,nelsk001,3.1,4.18
2023,PIT202305210,PIT,ARI,0,1,mored002,kellm002,3.72,3.29
2023,PIT202305220,PIT,TEX,0,0,ortil003,sborj002,4.78,5.5
2023,PIT202305230,PIT,TEX,0,2,hillr001,eovan001,5.41,3.63
2023,PIT202305240,PIT,TEX,0,3,oviej001,perem004,4.31,4.45
2023,PIT202306020,PIT,SLN,0,0,ramiy002,gallg001,4.23,4.42
2023,PIT202306030,PIT,SLN,0,0,mored002,montj004,3.72,3.2
2023,PIT202306040,PIT,SLN,2,0,hillr001,mikom001,5.41,4.78
2023,PIT202306050,PIT,OAK,0,1,perda001,molls001,3.72,3.03
2023,PIT202306060,PIT,OAK,1,0,kellm003,kaprj001,4.21,6.34
2023,PIT202306070,PIT,OAK,0,7,contr001,harrh002,6.59,7.14
2023,PIT202306090,PIT,NYN,0,0,hillr001,megit002,5.41,4.7
2023,PIT202306100,PIT,NYN,0,0,oviej001,sengk001,4.31,2.98
2023,PIT202306110,PIT,NYN,0,0,kellm003,carrc003,4.21,6.8
2023,PIT202306190,PIT,CHN,0,0,bidoo001,smyld001,5.86,5.0
2023,PIT202306200,PIT,CHN,0,0,oviej001,strom001,4.31,3.95
2023,PIT202306210,PIT,CHN,0,0,hillr001,hendk001,5.41,3.74
2023,PIT202306270,PIT,SDN,0,0,hillr001,knehr001,5.41,15.88
2023,PIT202306280,PIT,SDN,2,0,kellm003,snelb001,4.21,2.25
2023,PIT202306290,PIT,SDN,0,0,mored002,hillt002,3.72,5.48
2023,PIT202306300,PIT,MIL,0,0,mlodc001,bushm001,2.25,9.58
2023,PIT202307010,PIT,MIL,0,1,oviej001,burnc002,4.31,3.39
2023,PIT202307020,PIT,MIL,0,0,hillr001,rea-c001,5.41,4.55
2023,PIT202307140,PIT,SFN,0,0,holdc001,llovm001,3.86,4.89
2023,PIT202307150,PIT,SFN,0,0,mlodc001,roget001,2.25,3.83
2023,PIT202307160,PIT,SFN,0,0,deloy001,walkr001,3.33,3.23
2023,PIT202307170,PIT,CLE,0,0,prieq001,kellm004,7.74,3.78
2023,PIT202307180,PIT,CLE,0,5,kellm003,allel003,4.21,3.81
2023,PIT202307190,PIT,CLE,0,0,borur001,hents001,2.45,3.61
2023,PIT202307280,PIT,PHI,0,0,kellm003,wheez001,4.21,3.61
2023,PIT202307290,PIT,PHI,0,0,prieq001,nolaa001,7.74,4.46
2023,PIT202307300,PIT,PHI,0,0,perda001,vasqa002,3.72,3.35
2023,PIT202308010,PIT,DET,0,0,oviej001,mannm001,4.31,3.58
2023,PIT202308020,PIT,DET,1,1,bidoo001,rodre004,5.86,3.3
2023,PIT202308070,PIT,ATL,0,0,mlodc001,stris002,2.25,3.86
2023,PIT202308080,PIT,ATL,3,1,bednd001,yatek001,2.0,3.28
2023,PIT202308090,PIT,ATL,0,0,mlodc001,johnp001,2.25,4.02
2023,PIT202308100,PIT,ATL,0,1,hatct001,eldeb001,4.08,3.81
2023,PIT202308110,PIT,CIN,0,3,oviej001,abboa001,4.31,3.87
2023,PIT202308131,PIT,CIN,0,0,perda001,youna002,3.72,3.86
2023,PIT202308132,PIT,CIN,2,0,bidoo001,diaza004,5.86,3.07
2023,PIT202308210,PIT,SLN,2,0,faltb001,rom-d001,5.36,8.02
2023,PIT202308220,PIT,SLN,0,0,oviej001,waina001,4.31,7.4
2023,PIT202308230,PIT,SLN,0,3,ortil003,thomz002,4.78,4.48
2023,PIT202308240,PIT,CHN,0,1,hatct001,paled001,4.08,4.45
2023,PIT202308250,PIT,CHN,2,0,kellm003,hendk001,4.21,3.74
2023,PIT202308260,PIT,CHN,1,0,bidoo001,wickj001,5.86,4.41
2023,PIT202308270,PIT,CHN,1,1,faltb001,assaj001,5.36,3.05
2023,PIT202309040,PIT,MIL,0,0,ortil003,burnc002,4.78,3.39
2023,PIT202309050,PIT,MIL,0,0,jacka003,woodb005,4.99,2.28
2023,PIT202309060,PIT,MIL,1,3,mlodc001,pegue001,2.25,3.38
2023,PIT202309110,PIT,WAS,0,0,jacka003,corbp001,4.99,5.2
2023,PIT202309120,PIT,WAS,0,0,faltb001,adonj001,5.36,6.45
2023,PIT202309130,PIT,WAS,4,1,prieq001,rutlj002,7.74,6.75
2023,PIT202309140,PIT,WAS,0,0,kellm003,grayj004,4.21,3.91
2023,PIT202309150,PIT,NYA,1,0,holdc001,ramin003,3.86,2.66
2023,PIT202309160,PIT,NYA,2,3,ortil003,britj003,4.78,4.28
2023,PIT202309170,PIT,NYA,0,0,borur001,rodoc001,2.45,6.85
2023,PIT202309290,PIT,MIA,0,0,selbc001,brazh001,9.0,4.14
2023,PIT202309300,PIT,MIA,0,1,prieq001,puk-a001,7.74,3.97
2023,PIT202310010,PIT,MIA,0,0,mored002,hoeib001,3.72,5.48
2023,SDN202303300,SDN,COL,1,1,snelb001,marqg001,2.25,4.95
2023,SDN202303310,SDN,COL,0,2,martn002,freek001,3.43,5.03
2023,SDN202304010,SDN,COL,2,0,wachm001,urenj001,3.22,6.45
2023,SDN202304020,SDN,COL,0,0,lugos001,gomba001,3.57,5.5
2023,SDN202304030,SDN,ARI,2,0,hillt002,mcgos001,5.48,4.73
2023,SDN202304040,SDN,ARI,0,0,garcl005,ginkk001,4.07,2.48
2023,SDN202304130,SDN,MIL,1,2,garcl005,willd004,4.07,1.53
2023,SDN202304140,SDN,MIL,0,4,wachm001,lauee001,3.22,6.56
2023,SDN202304150,SDN,MIL,2,2,wilss002,peraf001,3.91,3.86
2023,SDN202304160,SDN,MIL,0,0,darvy001,milew001,4.56,3.14
2023,SDN202304170,SDN,ATL,0,2,weatr001,friem001,6.55,2.55
2023,SDN202304180,SDN,ATL,0,0,snelb001,stris002,2.25,3.86
2023,SDN202304190,SDN,ATL,0,0,martn002,mortc002,3.43,3.64
2023,SDN202304290,SDN,SFN,2,0,cosgt001,roget002,1.75,3.04
2023,SDN202304300,SDN,SFN,0,1,garcl005,roget002,4.07,3.04
2023,SDN202305010,SDN,CIN,2,0,snelb001,weavl001,2.25,6.4
2023,SDN202305020,SDN,CIN,0,0,garcl005,law-d001,4.07,3.6
2023,SDN202305030,SDN,CIN,0,0,lugos001,cessl001,3.57,9.0
2023,SDN202305050,SDN,LAN,0,1,darvy001,kersc001,4.56,2.46
2023,SDN202305060,SDN,LAN,0,0,snelb001,may-d003,2.25,2.63
2023,SDN202305070,SDN,LAN,2,0,honeb001,fergc001,4.82,3.43
2023,SDN202305150,SDN,KCA,1,0,wachm001,kellb003,3.22,4.57
2023,SDN202305160,SDN,KCA,0,0,lugos001,singb001,3.57,5.52
2023,SDN202305170,SDN,KCA,0,0,darvy001,taylj001,4.56,8.15
2023,SDN202305190,SDN,BOS,0,0,snelb001,paxtj001,2.25,4.5
2023,SDN202305200,SDN,BOS,0,0,musgj001,salec001,3.05,4.3
2023,SDN202305210,SDN,BOS,4,0,wachm001,klubc001,3.22,7.04
2023,SDN202306020,SDN,CHN,0,0,wachm001,tailj001,3.22,4.84
2023,SDN202306030,SDN,CHN,0,0,darvy001,smyld001,4.56,5.0
2023,SDN202306040,SDN,CHN,0,1,weatr001,strom001,6.55,3.95
2023,SDN202306050,SDN,CHN,0,0,snelb001,hendk001,2.25,3.74
2023,SDN202306060,SDN,SEA,0,0,honeb001,gilbl002,4.82,3.73
2023,SDN202306070,SDN,SEA,0,0,wachm001,kirbg001,3.22,3.35
2023,SDN202306130,SDN,CLE,4,0,musgj001,bibet001,3.05,2.98
2023,SDN202306140,SDN,CLE,1,0,wachm001,civaa001,3.22,3.46
2023,SDN202306150,SDN,CLE,3,5,weatr001,stept002,6.55,4.06
2023,SDN202306160,SDN,TBA,0,0,darvy001,mccls003,4.56,3.29
2023,SDN202306170,SDN,TBA,0,0,snelb001,efliz001,2.25,3.5
2023,SDN202306180,SDN,TBA,0,0,musgj001,chiry001,3.05,5.4
2023,SDN202306230,SDN,WAS,1,0,musgj001,corbp001,3.05,5.2
2023,SDN202306240,SDN,WAS,0,1,waldm003,grayj004,4.35,3.91
2023,SDN202306250,SDN,WAS,0,1,lugos001,gorem001,3.57,4.42
2023,SDN202307030,SDN,ANA,3,0,snelb001,barrj003,2.25,5.68
2023,SDN202307040,SDN,ANA,0,0,musgj001,ohtas001,3.05,3.14
2023,SDN202307050,SDN,ANA,1,0,martn002,webbj002,3.43,3.69
2023,SDN202307070,SDN,NYN,2,1,cosgt001,smitd009,1.75,4.15
2023,SDN202307080,SDN,NYN,0,0,snelb001,peted003,2.25,5.03
2023,SDN202307090,SDN,NYN,3,0,musgj001,schem001,3.05,3.77
2023,SDN202307240,SDN,PIT,1,0,darvy001,prieq001,4.56,7.74
2023,SDN202307250,SDN,PIT,0,0,snelb001,hillr001,2.25,5.41
2023,SDN202307260,SDN,PIT,0,0,lugos001,oviej001,3.57,4.31
2023,SDN202307280,SDN,TEX,1,0,musgj001,dunnd001,3.05,3.7
2023,SDN202307290,SDN,TEX,0,0,darvy001,perem004,4.56,4.45
2023,SDN202307300,SDN,TEX,0,0,snelb001,leclj001,2.25,2.68
2023,SDN202308040,SDN,LAN,0,0,suarr002,brasr001,4.23,3.02
2023,SDN202308050,SDN,LAN,0,1,martn002,almoy001,3.43,5.06
2023,SDN202308060,SDN,LAN,0,2,hillr001,lynnl001,5.41,5.73
2023,SDN202308070,SDN,LAN,0,0,lugos001,gonst001,3.57,4.98
2023,SDN202308140,SDN,BAL,0,0,darvy001,rodrg003,4.56,4.35
2023,SDN202308150,SDN,BAL,5,0,wachm001,flahj002,3.22,4.99
2023,SDN202308160,SDN,BAL,0,1,snelb001,kremd001,2.25,4.12
2023,SDN202308170,SDN,ARI,0,0,hillr001,gallz001,5.41,3.47
2023,SDN202308180,SDN,ARI,0,0,suarr002,castm002,4.23,4.31
2023,SDN202308191,SDN,ARI,2,2,waldm003,kellm002,4.35,3.29
2023,SDN202308192,SDN,ARI,0,0,darvy001,jarvb001,4.56,3.04
2023,SDN202308210,SDN,MIA,1,0,wachm001,weatr001,3.22,6.55
2023,SDN202308220,SDN,MIA,0,0,snelb001,luzaj001,2.25,3.58
2023,SDN202308230,SDN,MIA,1,0,lugos001,alcas001,3.57,4.14
2023,SDN202308310,SDN,SFN,0,0,avilp001,manas001,3.22,4.44
2023,SDN202309010,SDN,SFN,3,1,wachm001,beckt002,3.22,3.92
2023,SDN202309020,SDN,SFN,1,0,snelb001,harrk001,2.25,4.15
2023,SDN202309030,SDN,SFN,3,0,lugos001,cobba001,3.57,3.87
2023,SDN202309040,SDN,PHI,1,3,hillr001,walkt004,5.41,4.38
2023,SDN202309050,SDN,PHI,0,0,avilp001,lorem002,3.22,4.18
2023,SDN202309060,SDN,PHI,0,1,wachm001,wheez001,3.22,3.61
2023,SDN202309180,SDN,COL,0,0,wachm001,blact002,3.22,5.54
2023,SDN202309190,SDN,COL,0,0,hadej001,kinlt001,1.28,6.06
2023,SDN202309200,SDN,COL,1,2,garcl005,andec001,4.07,5.42
2023,SDN202309220,SDN,SLN,0,0,suarr002,libem001,4.23,5.25
2023,SDN202309230,SDN,SLN,1,0,barls001,lawrc001,4.37,6.59
2023,SDN202309240,SDN,SLN,3,0,wachm001,rom-d001,3.22,8.02
2023,SEA202303300,SEA,CLE,0,0,sewap001,karij001,3.12,3.23
2023,SEA202303310,SEA,CLE,1,0,ray-r002,sandn001,8.1,3.75
2023,SEA202304010,SEA,CLE,0,0,gilbl002,civaa001,3.73,3.46
2023,SEA202304020,SEA,CLE,1,0,murfp001,deloe001,1.29,3.29
2023,SEA202304030,SEA,ANA,1,0,kirbg001,teper001,3.35,7.59
2023,SEA202304040,SEA,ANA,1,0,castl003,suarj001,3.34,8.29
2023,SEA202304050,SEA,ANA,1,0,flexc001,ohtas001,6.86,3.14
2023,SEA202304140,SEA,COL,0,1,brasm001,gomba001,3.06,5.5
2023,SEA202304150,SEA,COL,0,0,kirbg001,feltr001,3.35,5.82
2023,SEA202304160,SEA,COL,0,0,castl003,lamed001,3.34,11.71
2023,SEA202304170,SEA,MIL,0,0,flexc001,burnc002,6.86,3.39
2023,SEA202304180,SEA,MIL,0,1,topaj001,wilsb003,2.61,2.58
2023,SEA202304190,SEA,MIL,0,0,brasm001,lauee001,3.06,6.56
2023,SEA202304210,SEA,SLN,0,0,kirbg001,matzs001,3.35,3.86
2023,SEA202304220,SEA,SLN,0,1,brasm001,thomz002,3.06,4.48
2023,SEA202304230,SEA,SLN,0,2,flexc001,flahj002,6.86,4.99
2023,SEA202305050,SEA,HOU,0,0,brasm001,abreb002,3.06,1.75
2023,SEA202305060,SEA,HOU,0,0,sauct001,montr004,3.59,5.08
2023,SEA202305070,SEA,HOU,0,0,millb004,bielb001,4.32,3.83
2023,SEA202305080,SEA,TEX,1,0,gilbl002,grayj003,3.73,4.12
2023,SEA202305090,SEA,TEX,0,0,kirbg001,heana001,3.35,4.15
2023,SEA202305100,SEA,TEX,1,0,castl003,dunnd001,3.34,3.7
2023,SEA202305220,SEA,OAK,2,0,castl003,mullk001,3.34,7.6
2023,SEA202305230,SEA,OAK,0,2,gonzm005,medil002,5.22,5.42
2023,SEA202305240,SEA,OAK,0,0,millb004,waldk003,4.32,5.36
2023,SEA202305250,SEA,OAK,1,2,gilbl002,lover001,3.73,4.63
2023,SEA202305260,SEA,PIT,1,1,kirbg001,kellm003,3.35,4.21
2023,SEA202305270,SEA,PIT,3,0,castl003,velav001,3.34,3.86
2023,SEA202305280,SEA,PIT,1,0,sauct001,stepr002,3.59,3.1
2023,SEA202305290,SEA,NYA,0,0,millb004,germd001,4.32,4.56
2023,SEA202305300,SEA,NYA,0,3,gilbl002,cortn001,3.73,4.97
2023,SEA202305310,SEA,NYA,0,0,topaj001,marir001,2.61,3.99
2023,SEA202306120,SEA,MIA,2,0,millb004,luzaj001,4.32,3.58
2023,SEA202306130,SEA,MIA,0,0,kirbg001,cabre003,3.35,4.24
2023,SEA202306140,SEA,MIA,0,0,castl003,peree004,3.34,3.15
2023,SEA202306160,SEA,CHA,0,0,brasm001,bankt001,3.06,4.43
2023,SEA202306170,SEA,CHA,2,0,sauct001,bumma001,3.59,6.79
2023,SEA202306180,SEA,CHA,0,0,millb004,lynnl001,4.32,5.73
2023,SEA202306260,SEA,WAS,1,1,castl003,abboc001,3.34,6.64
2023,SEA202306270,SEA,WAS,2,1,gottt001,weemj001,4.19,3.62
2023,SEA202306280,SEA,WAS,0,3,gilbl002,corbp001,3.73,5.2
2023,SEA202306300,SEA,TBA,0,0,munoa002,kellk004,2.94,3.09
2023,SEA202307010,SEA,TBA,0,0,kirbg001,glast001,3.35,3.53
2023,SEA202307020,SEA,TBA,0,1,munoa002,adamj002,2.94,2.98
2023,SEA202307140,SEA,DET,0,2,castl003,rodre004,3.34,3.3
2023,SEA202307150,SEA,DET,0,0,kirbg001,lorem002,3.35,4.18
2023,SEA202307160,SEA,DET,1,0,millb004,olsor001,4.32,3.99
2023,SEA202307170,SEA,MIN,0,0,gilbl002,grays001,3.73,2.79
2023,SEA202307180,SEA,MIN,3,2,woo-b001,oberb002,4.21,3.43
2023,SEA202307190,SEA,MIN,0,0,munoa002,pagae001,2.94,2.99
2023,SEA202307200,SEA,MIN,1,0,kirbg001,lopep002,3.35,3.66
2023,SEA202307210,SEA,TOR,0,0,sewap001,romaj004,3.12,2.9
2023,SEA202307220,SEA,TOR,0,0,campi001,pearn001,2.83,4.85
2023,SEA202307230,SEA,TOR,0,0,woo-b001,mayzt001,4.21,1.52
2023,SEA202307310,SEA,BOS,0,1,brasm001,piven001,3.06,4.04
2023,SEA202308010,SEA,BOS,1,0,millb004,bellb002,4.32,4.24
2023,SEA202308020,SEA,BOS,0,0,brasm001,schrj001,3.06,3.86
2023,SEA202308080,SEA,SDN,0,0,gilbl002,barls001,3.73,4.37
2023,SEA202308090,SEA,SDN,0,1,brasm001,wilss002,3.06,3.91
2023,SEA202308110,SEA,BAL,2,0,castl003,gibsk002,3.34,4.73
2023,SEA202308120,SEA,BAL,0,0,munoa002,bautf001,2.94,1.48
2023,SEA202308130,SEA,BAL,0,0,thort002,vespn001,2.01,4.3
2023,SEA202308250,SEA,KCA,2,0,campi001,singb001,2.83,5.52
2023,SEA202308260,SEA,KCA,0,0,gilbl002,lylej001,3.73,6.28
2023,SEA202308270,SEA,KCA,0,0,castl003,marsa001,3.34,5.69
2023,SEA202308280,SEA,OAK,1,0,woo-b001,mullk001,4.21,7.6
2023,SEA202308290,SEA,OAK,0,1,weavl001,newcs001,6.4,3.0
2023,SEA202308300,SEA,OAK,0,0,topaj001,sneak001,2.61,4.63
2023,SEA202309110,SEA,ANA,3,0,thort002,hergj001,2.01,4.66
2023,SEA202309120,SEA,ANA,3,0,woo-b001,sandp002,4.21,4.11
2023,SEA202309130,SEA,ANA,0,0,castl003,suarj001,3.34,8.29
2023,SEA202309150,SEA,LAN,0,0,kirbg001,millb005,3.35,3.76
2023,SEA202309160,SEA,LAN,0,0,speig001,phile001,3.79,2.05
2023,SEA202309170,SEA,LAN,0,1,gilbl002,yarbr001,3.73,4.52
2023,SEA202309250,SEA,HOU,0,0,castl003,verlj001,3.34,3.22
2023,SEA202309260,SEA,HOU,0,0,kirbg001,javic001,3.35,4.56
2023,SEA202309270,SEA,HOU,1,0,millb004,gravk001,4.32,3.12
2023,SEA202309280,SEA,TEX,0,0,munoa002,chapa001,2.94,3.09
2023,SEA202309290,SEA,TEX,0,0,thort002,eovan001,2.01,3.63
2023,SEA202309300,SEA,TEX,0,0,castl003,sborj002,3.34,5.5
2023,SEA202310010,SEA,TEX,0,0,kirbg001,dunnd001,3.35,3.7
2023,SFN202304070,SFN,KCA,0,0,cobba001,kellb003,3.87,4.57
2023,SFN202304080,SFN,KCA,0,0,dovac001,clart003,2.93,5.95
2023,SFN202304090,SFN,KCA,0,0,brebj001,yarbr001,3.99,4.52
2023,SFN202304100,SFN,LAN,0,1,webbl001,uriaj001,3.25,4.6
2023,SFN202304110,SFN,LAN,2,0,alexs001,may-d003,4.66,2.63
2023,SFN202304120,SFN,LAN,2,0,roget001,kersc001,3.83,2.46
2023,SFN202304200,SFN,NYN,0,0,manas001,sengk001,4.44,2.98
2023,SFN202304210,SFN,NYN,0,0,desca001,luccj001,4.88,2.89
2023,SFN202304220,SFN,NYN,4,0,webbl001,peted003,3.25,5.03
2023,SFN202304230,SFN,NYN,1,0,alexs001,smitd009,4.66,4.15
2023,SFN202304240,SFN,SLN,0,0,cobba001,montj004,3.87,3.2
2023,SFN202304250,SFN,SLN,0,0,hjels001,helsr001,6.52,2.45
2023,SFN202304260,SFN,SLN,0,1,desca001,hickj002,4.88,3.29
2023,SFN202304270,SFN,SLN,0,0,webbl001,mikom001,3.25,4.78
2023,SFN202305050,SFN,MIL,2,2,manas001,burnc002,4.44,3.39
2023,SFN202305060,SFN,MIL,0,0,cobba001,rea-c001,3.87,4.55
2023,SFN202305070,SFN,MIL,0,0,strir001,payaj001,5.36,2.55
2023,SFN202305080,SFN,WAS,0,5,desca001,irvij001,4.88,4.61
2023,SFN202305090,SFN,WAS,2,0,webbl001,corbp001,3.25,5.2
2023,SFN202305100,SFN,WAS,0,0,manas001,grayj004,4.44,3.91
2023,SFN202305150,SFN,PHI,0,0,alexs001,faltb001,4.66,5.36
2023,SFN202305160,SFN,PHI,0,0,roget001,wheez001,3.83,3.61
2023,SFN202305170,SFN,PHI,4,0,brebj001,sotog003,3.99,4.62
2023,SFN202305190,SFN,MIA,0,0,alexs001,alcas001,4.66,4.14
2023,SFN202305200,SFN,MIA,0,0,roget002,charj001,3.04,3.61
2023,SFN202305210,SFN,MIA,0,1,walkr001,luzaj001,3.23,3.58
2023,SFN202305290,SFN,PIT,0,0,desca001,hillr001,4.88,5.41
2023,SFN202305300,SFN,PIT,1,1,manas001,mored002,4.44,3.72
2023,SFN202305310,SFN,PIT,0,0,wooda002,kellm003,4.33,4.21
2023,SFN202306020,SFN,BAL,1,0,webbl001,kremd001,3.25,4.12
2023,SFN202306030,SFN,BAL,0,0,cobba001,bradk001,3.87,2.83
2023,SFN202306040,SFN,BAL,0,0,desca001,wellt003,4.88,3.64
2023,SFN202306090,SFN,CHN,0,0,desca001,strom001,4.88,3.95
2023,SFN202306100,SFN,CHN,0,0,junij001,hendk001,3.87,3.74
2023,SFN202306110,SFN,CHN,2,0,beckt002,wesnh001,3.92,4.63
2023,SFN202306190,SFN,SDN,0,1,dovac001,kerrr001,2.93,4.33
2023,SFN202306200,SFN,SDN,0,0,roget002,martn002,3.04,3.43
2023,SFN202306210,SFN,SDN,0,0,hjels001,darvy001,6.52,4.56
2023,SFN202306220,SFN,SDN,0,3,wooda002,snelb001,4.33,2.25
2023,SFN202306230,SFN,ARI,0,0,webbl001,daviz001,3.25,7.0
2023,SFN202306240,SFN,ARI,2,1,roget001,kellm002,3.83,3.29
2023,SFN202306250,SFN,ARI,0,1,desca001,nelsr003,4.88,5.31
2023,SFN202307030,SFN,SEA,0,0,dovac001,munoa002,2.93,2.94
2023,SFN202307040,SFN,SEA,0,1,winnk001,gilbl002,4.68,3.73
2023,SFN202307050,SFN,SEA,0,0,cobba001,milot001,3.87,2.0
2023,SFN202307070,SFN,COL,0,2,roget001,gomba001,3.83,5.5
2023,SFN202307080,SFN,COL,2,1,wooda002,seabc001,4.33,7.52
2023,SFN202307090,SFN,COL,0,0,webbl001,freek001,3.25,5.03
2023,SFN202307250,SFN,OAK,0,0,roget002,ercel001,3.04,4.75
2023,SFN202307260,SFN,OAK,2,0,wooda002,harrh002,4.33,7.14
2023,SFN202307280,SFN,BOS,0,0,webbl001,crawk001,3.25,4.04
2023,SFN202307290,SFN,BOS,1,0,dovac001,jansk001,2.93,3.63
2023,SFN202307300,SFN,BOS,0,0,beckt002,llovm001,3.92,4.89
2023,SFN202307310,SFN,ARI,0,0,roget001,ginkk001,3.83,2.48
2023,SFN202308010,SFN,ARI,0,0,walkr001,castm002,3.23,4.31
2023,SFN202308020,SFN,ARI,0,2,webbl001,gilbt001,3.25,5.19
2023,SFN202308030,SFN,ARI,0,0,beckt002,pfaab001,3.92,5.72
2023,SFN202308110,SFN,TEX,0,0,strir001,grayj003,5.36,4.12
2023,SFN202308120,SFN,TEX,1,1,cobba001,andeg002,3.87,5.05
2023,SFN202308130,SFN,TEX,0,0,dovac001,smitw002,2.93,
2023,SFN202308140,SFN,TBA,0,0,beckt002,glast001,3.92,3.53
2023,SFN202308150,SFN,TBA,0,0,manas001,littz001,4.44,4.1
2023,SFN202308160,SFN,TBA,0,1,walkr001,civaa001,3.23,3.46
2023,SFN202308250,SFN,ATL,0,1,webbl001,stris002,3.25,3.86
2023,SFN202308260,SFN,ATL,0,1,manas001,friem001,4.44,2.55
2023,SFN202308270,SFN,ATL,1,0,alexs001,shusj001,4.66,5.81
2023,SFN202308280,SFN,CIN,1,0,harrk001,abboa001,4.15,3.87
2023,SFN202308290,SFN,CIN,0,0,cobba001,willb003,3.87,4.46
2023,SFN202308300,SFN,CIN,0,0,webbl001,greeh001,3.25,4.82
2023,SFN202309080,SFN,COL,0,0,brebj001,birdj001,3.99,4.33
2023,SFN202309090,SFN,COL,2,0,webbl001,andec001,3.25,5.42
2023,SFN202309100,SFN,COL,0,0,winnk001,lambp001,4.68,5.36
2023,SFN202309110,SFN,CLE,1,0,jackl001,clase001,2.97,3.22
2023,SFN202309120,SFN,CLE,0,1,manas001,quanc001,4.44,5.24
2023,SFN202309130,SFN,CLE,1,4,dovac001,currx001,2.93,4.07
2023,SFN202309250,SFN,SDN,0,1,webbl001,suarr002,3.25,4.23
2023,SFN202309260,SFN,SDN,0,1,brebj001,lugos001,3.99,3.57
2023,SFN202309270,SFN,SDN,0,0,brebj001,hadej001,3.99,1.28
2023,SFN202309290,SFN,LAN,1,2,winnk001,lynnl001,4.68,5.73
2023,SFN202309300,SFN,LAN,0,0,walkr001,kersc001,3.23,2.46
2023,SFN202310010,SFN,LAN,0,0,brebj001,gonzv001,3.99,4.01
2023,SLN202303300,SLN,TOR,1,3,helsr001,garcy001,2.45,4.09
2023,SLN202304010,SLN,TOR,0,0,flahj002,gausk001,4.99,3.16
2023,SLN202304020,SLN,TOR,4,0,montj004,bassc001,3.2,3.6
2023,SLN202304030,SLN,ATL,1,1,woodj003,mortc002,6.23,3.64
2023,SLN202304040,SLN,ATL,0,2,matzs001,doddd001,3.86,7.6
2023,SLN202304050,SLN,ATL,0,3,mikom001,eldeb001,4.78,3.81
2023,SLN202304130,SLN,PIT,0,0,montj004,velav001,3.2,3.86
2023,SLN202304140,SLN,PIT,0,0,thomz002,oviej001,4.48,4.31
2023,SLN202304150,SLN,PIT,2,1,hickj002,bednd001,3.29,2.0
2023,SLN202304160,SLN,PIT,1,1,verhd001,croww001,3.98,4.66
2023,SLN202304170,SLN,ARI,0,1,flahj002,kellm002,4.99,3.29
2023,SLN202304180,SLN,ARI,1,0,montj004,nelsk001,3.2,4.18
2023,SLN202304190,SLN,ARI,3,0,woodj003,bumgm001,6.23,10.26
2023,SLN202305020,SLN,ANA,0,4,matzs001,sandp002,3.86,4.11
2023,SLN202305030,SLN,ANA,1,0,gallg001,teper001,4.42,7.59
2023,SLN202305040,SLN,ANA,2,0,flahj002,canng001,4.99,4.32
2023,SLN202305050,SLN,DET,0,2,hickj002,boydm001,3.29,5.45
2023,SLN202305060,SLN,DET,0,0,gallg001,cisnj001,4.42,5.31
2023,SLN202305070,SLN,DET,1,0,verhd001,englm001,3.98,5.46
2023,SLN202305150,SLN,MIL,3,0,flahj002,peraf001,4.99,3.86
2023,SLN202305160,SLN,MIL,0,1,montj004,payaj001,3.2,2.55
2023,SLN202305170,SLN,MIL,1,0,libem001,burnc002,5.25,3.39
2023,SLN202305180,SLN,LAN,0,2,waina001,uriaj001,7.4,4.6
2023,SLN202305190,SLN,LAN,0,0,matzs001,gonst001,3.86,4.98
2023,SLN202305200,SLN,LAN,1,0,helsr001,gonzv001,2.45,4.01
2023,SLN202305210,SLN,LAN,0,0,verhd001,kersc001,3.98,2.46
2023,SLN202305290,SLN,KCA,0,0,waina001,mayem001,7.4,6.15
2023,SLN202305300,SLN,KCA,0,0,mikom001,hernc006,4.78,5.27
2023,SLN202306090,SLN,CIN,2,0,montj004,liveb001,3.2,5.38
2023,SLN202306100,SLN,CIN,0,0,mikom001,abboa001,4.78,3.87
2023,SLN202306110,SLN,CIN,0,1,hickj002,gibai001,3.29,3.33
2023,SLN202306120,SLN,SFN,0,0,strac001,webbl001,3.92,3.25
2023,SLN202306130,SLN,SFN,2,2,flahj002,jackl001,4.99,2.97
2023,SLN202306140,SLN,SFN,0,2,matzs001,roget002,3.86,3.04
2023,SLN202306240,SLN,CHN,0,0,waina001,steej002,7.4,3.06
2023,SLN202306250,SLN,CHN,0,4,woodj003,strom001,6.23,3.95
2023,SLN202306270,SLN,HOU,0,1,montj004,valdf001,3.2,3.45
2023,SLN202306280,SLN,HOU,4,3,gallg001,marts003,4.42,5.23
2023,SLN202306290,SLN,HOU,0,0,waina001,franj006,7.4,3.83
2023,SLN202307011,SLN,NYA,0,0,flahj002,sevel001,4.99,6.65
2023,SLN202307012,SLN,NYA,1,1,libem001,kingm002,5.25,2.75
2023,SLN202307020,SLN,NYA,0,0,montj004,coleg001,3.2,2.63
2023,SLN202307140,SLN,WAS,1,0,hickj002,finnk001,3.29,3.76
2023,SLN202307150,SLN,WAS,0,0,hudsd002,willa004,4.98,6.66
2023,SLN202307160,SLN,WAS,0,0,flahj002,grayj004,4.99,3.91
2023,SLN202307170,SLN,MIA,0,0,mikom001,flord002,4.78,4.76
2023,SLN202307180,SLN,MIA,0,0,romej002,puk-a001,3.68,3.97
2023,SLN202307190,SLN,MIA,4,0,thomz002,alcas001,4.48,4.14
2023,SLN202307270,SLN,CHN,0,3,mikom001,steej002,4.78,3.06
2023,SLN202307280,SLN,CHN,1,0,montj004,smyld001,3.2,5.0
2023,SLN202307290,SLN,CHN,1,0,waina001,tailj001,7.4,4.84
2023,SLN202307300,SLN,CHN,1,0,matzs001,hendk001,3.86,3.74
2023,SLN202308010,SLN,MIN,0,0,mikom001,lopep002,4.78,3.66
2023,SLN202308020,SLN,MIN,0,0,hudsd002,ryanj002,4.98,4.51
2023,SLN202308030,SLN,MIN,0,0,libem001,grays001,5.25,2.79
2023,SLN202308040,SLN,COL,0,3,waina001,flexc001,7.4,6.86
2023,SLN202308050,SLN,COL,0,0,matzs001,blact002,3.86,5.54
2023,SLN202308060,SLN,COL,0,0,thomz002,gomba001,4.48,5.5
2023,SLN202308140,SLN,OAK,0,0,romej002,felia001,3.68,4.2
2023,SLN202308150,SLN,OAK,4,0,hudsd002,watks003,4.98,10.38
2023,SLN202308160,SLN,OAK,0,4,libem001,blacp001,5.25,4.43
2023,SLN202308170,SLN,NYN,0,0,waina001,quinj001,7.4,3.57
2023,SLN202308180,SLN,NYN,0,1,thomz002,luccj001,4.48,2.89
2023,SLN202308190,SLN,NYN,0,1,mikom001,sengk001,4.78,2.98
2023,SLN202308200,SLN,NYN,0,0,hudsd002,carrc003,4.98,6.8
2023,SLN202308280,SLN,SDN,0,0,waina001,snelb001,7.4,2.25
2023,SLN202308290,SLN,SDN,0,1,romej002,hadej001,3.68,1.28
2023,SLN202308300,SLN,SDN,0,1,palla001,hadej001,4.76,1.28
2023,SLN202309010,SLN,PIT,0,0,romej002,selbc001,3.68,9.0
2023,SLN202309020,SLN,PIT,0,0,verhd001,boltc001,3.98,6.33
2023,SLN202309030,SLN,PIT,0,0,thomz002,oviej001,4.48,4.31
2023,SLN202309150,SLN,PHI,0,4,thomz002,stram001,4.48,3.29
2023,SLN202309160,SLN,PHI,0,1,mikom001,suarr001,4.78,4.18
2023,SLN202309170,SLN,PHI,0,0,kingj002,domis001,3.62,3.78
2023,SLN202309180,SLN,MIL,0,0,waina001,peraf001,7.4,3.86
2023,SLN202309190,SLN,MIL,2,0,rom-d001,rea-c001,8.02,4.55
2023,SLN202309200,SLN,MIL,1,3,thomz002,housa001,4.48,4.12
2023,SLN202309210,SLN,MIL,0,0,mikom001,milew001,4.78,3.14
2023,SLN202309290,SLN,CIN,0,3,woodj003,willb003,6.23,4.46
2023,SLN202309300,SLN,CIN,5,0,verhd001,philc001,3.98,6.97
2023,SLN202310010,SLN,CIN,0,1,mikom001,greeh001,4.78,4.82
2023,TBA202303300,TBA,DET,0,0,mccls003,rodre004,3.29,3.3
2023,TBA202304010,TBA,DET,1,0,efliz001,turns003,3.5,7.26
2023,TBA202304020,TBA,DET,0,0,sprij001,wentj001,0.56,6.9
2023,TBA202304070,TBA,OAK,0,0,efliz001,waldk003,3.5,5.36
2023,TBA202304080,TBA,OAK,0,0,sprij001,fujis001,0.56,7.18
2023,TBA202304090,TBA,OAK,1,0,rasmd002,kaprj001,2.62,6.34
2023,TBA202304100,TBA,BOS,0,0,pochc001,martc007,2.23,1.05
2023,TBA202304110,TBA,BOS,1,0,mccls003,whitg002,3.29,5.15
2023,TBA202304120,TBA,BOS,3,0,bradt002,salec001,5.59,4.3
2023,TBA202304130,TBA,BOS,1,1,kellk004,klubc001,3.09,7.04
2023,TBA202304210,TBA,CHA,4,0,kellk004,loper003,3.09,3.27
2023,TBA202304220,TBA,CHA,2,0,cleag001,lambj003,3.0,5.26
2023,TBA202304230,TBA,CHA,0,0,efliz001,gioll001,3.5,4.88
2023,TBA202304240,TBA,HOU,2,2,bradt002,urquj001,5.59,5.29
2023,TBA202304250,TBA,HOU,0,0,rasmd002,garcl007,2.62,
2023,TBA202304260,TBA,HOU,0,1,faucc001,browh001,7.01,5.09
2023,TBA202305020,TBA,PIT,0,0,pochc001,contr001,2.23,6.59
2023,TBA202305030,TBA,PIT,0,0,mccls003,kellm003,3.29,4.21
2023,TBA202305040,TBA,PIT,0,0,efliz001,velav001,3.5,3.86
2023,TBA202305050,TBA,NYA,1,0,kellk004,cordj001,3.09,3.86
2023,TBA202305060,TBA,NYA,2,0,kellk004,marir001,3.09,3.99
2023,TBA202305070,TBA,NYA,0,0,beekj001,abrea001,5.95,4.73
2023,TBA202305190,TBA,MIL,0,0,adamj002,strzp001,2.98,4.38
2023,TBA202305200,TBA,MIL,1,0,efliz001,lauee001,3.5,6.56
2023,TBA202305210,TBA,MIL,0,0,crisc002,peraf001,5.73,3.86
2023,TBA202305220,TBA,TOR,0,0,flemj001,bassc001,4.7,3.6
2023,TBA202305230,TBA,TOR,0,1,bradt002,berrj001,5.59,3.65
2023,TBA202305240,TBA,TOR,1,0,mccls003,kikuy001,3.29,3.86
2023,TBA202305250,TBA,TOR,2,1,efliz001,manoa001,3.5,5.87
2023,TBA202305260,TBA,LAN,2,1,crisc002,syndn001,5.73,6.5
2023,TBA202305270,TBA,LAN,0,0,pochc001,almoy001,2.23,5.06
2023,TBA202305280,TBA,LAN,1,0,beekj001,gonzv001,5.95,4.01
2023,TBA202306060,TBA,MIN,0,0,efliz001,varll001,3.5,4.63
2023,TBA202306070,TBA,MIN,0,0,adamj002,duraj002,2.98,2.45
2023,TBA202306080,TBA,MIN,0,0,chiry001,oberb002,5.4,3.43
2023,TBA202306090,TBA,TEX,1,0,glast001,heana001,3.53,4.15
2023,TBA202306100,TBA,TEX,0,0,bradt002,eovan001,5.59,3.63
2023,TBA202306110,TBA,TEX,2,0,mccls003,perem004,3.29,4.45
2023,TBA202306200,TBA,BAL,0,4,glast001,bradk001,3.53,2.83
2023,TBA202306210,TBA,BAL,0,0,bradt002,wellt003,5.59,3.64
2023,TBA202306220,TBA,KCA,2,0,fairp001,chapa001,2.58,3.09
2023,TBA202306230,TBA,KCA,0,1,efliz001,greiz001,3.5,5.06
2023,TBA202306240,TBA,KCA,2,0,chiry001,lylej001,5.4,6.28
2023,TBA202306250,TBA,KCA,0,0,pochc001,clart003,2.23,5.95
2023,TBA202307040,TBA,PHI,0,0,efliz001,nolaa001,3.5,4.46
2023,TBA202307050,TBA,PHI,2,0,chiry001,walkt004,5.4,4.38
2023,TBA202307060,TBA,PHI,0,0,thomr007,stram001,3.82,3.29
2023,TBA202307070,TBA,ATL,1,0,glast001,mortc002,3.53,3.64
2023,TBA202307080,TBA,ATL,0,0,bradt002,stris002,5.59,3.86
2023,TBA202307090,TBA,ATL,4,0,efliz001,eldeb001,3.5,3.81
2023,TBA202307200,TBA,BAL,0,0,stepr002,bautf001,3.1,1.48
2023,TBA202307210,TBA,BAL,0,0,efliz001,bradk001,3.5,2.83
2023,TBA202307220,TBA,BAL,0,0,fairp001,perec004,2.58,3.54
2023,TBA202307230,TBA,BAL,0,1,pochc001,baumm001,2.23,3.76
2023,TBA202307250,TBA,MIA,0,0,glast001,cabre003,3.53,4.24
2023,TBA202307260,TBA,MIA,0,0,efliz001,alcas001,3.5,4.14
2023,TBA202308080,TBA,SLN,0,0,adamj002,mikom001,2.98,4.78
2023,TBA202308090,TBA,SLN,0,0,kellk004,hudsd002,3.09,4.98
2023,TBA202308100,TBA,SLN,0,0,littz001,libem001,4.1,5.25
2023,TBA202308110,TBA,CLE,0,0,stepr002,sandn001,3.1,3.75
2023,TBA202308120,TBA,CLE,0,0,flemj001,clase001,4.7,3.22
2023,TBA202308130,TBA,CLE,0,1,efliz001,bibet001,3.5,2.98
2023,TBA202308220,TBA,COL,1,0,kitta001,suteb001,3.09,3.38
2023,TBA202308230,TBA,COL,0,0,fairp001,suteb001,2.58,3.38
2023,TBA202308240,TBA,COL,0,0,adamj002,kochm001,2.98,5.12
2023,TBA202308250,TBA,NYA,0,0,efliz001,coleg001,3.5,2.63
2023,TBA202308260,TBA,NYA,0,0,glast001,schmc002,3.53,4.64
2023,TBA202308270,TBA,NYA,2,0,littz001,hamii001,4.1,2.64
2023,TBA202309040,TBA,BOS,3,0,devec001,bellb002,4.46,4.24
2023,TBA202309050,TBA,BOS,0,0,ramie004,jansk001,6.41,3.63
2023,TBA202309060,TBA,BOS,0,0,glast001,piven001,3.53,4.04
2023,TBA202309070,TBA,SEA,0,0,littz001,castl003,4.1,3.34
2023,TBA202309080,TBA,SEA,2,0,devec001,campi001,4.46,2.83
2023,TBA202309090,TBA,SEA,1,3,pochc001,sauct001,2.23,3.59
2023,TBA202309100,TBA,SEA,3,0,efliz001,millb004,3.5,4.32
2023,TBA202309190,TBA,ANA,2,0,stepr002,loupa001,3.1,6.1
2023,TBA202309200,TBA,ANA,0,2,civaa001,wanta001,3.46,3.89
2023,TBA202309210,TBA,ANA,1,0,kitta001,estec001,3.09,3.9
2023,TBA202309220,TBA,TOR,1,0,glast001,bassc001,3.53,3.6
2023,TBA202309230,TBA,TOR,4,0,devec001,romaj004,4.46,2.9
2023,TBA202309240,TBA,TOR,2,0,bradt002,richt001,5.59,4.95
2023,TEX202303300,TEX,PHI,0,0,ragac001,sotog003,3.47,4.62
2023,TEX202304010,TEX,PHI,2,0,eovan001,wheez001,3.63,3.61
2023,TEX202304020,TEX,PHI,0,0,perem004,faltb001,4.45,5.36
2023,TEX202304030,TEX,BAL,0,0,grayj003,could001,4.12,2.81
2023,TEX202304040,TEX,BAL,0,0,heana001,gibsk002,4.15,4.73
2023,TEX202304050,TEX,BAL,2,0,degrj001,votha001,2.67,5.19
2023,TEX202304100,TEX,KCA,1,1,heana001,greiz001,4.15,5.06
2023,TEX202304110,TEX,KCA,0,0,ragac001,barls001,3.47,4.37
2023,TEX202304120,TEX,KCA,1,0,eovan001,kellb003,3.63,4.57
2023,TEX202304210,TEX,OAK,4,0,smitw002,jackz002,,2.5
2023,TEX202304220,TEX,OAK,2,2,heana001,fujis001,4.15,7.18
2023,TEX202304230,TEX,OAK,0,0,degrj001,mullk001,2.67,7.6
2023,TEX202304270,TEX,NYA,0,0,heana001,coleg001,4.15,2.63
2023,TEX202304280,TEX,NYA,0,0,dunnd001,schmc002,3.7,4.64
2023,TEX202304290,TEX,NYA,0,0,eovan001,britj003,3.63,4.28
2023,TEX202304300,TEX,NYA,4,0,perem004,cortn001,4.45,4.97
2023,TEX202305020,TEX,ARI,1,2,burkb001,mcgos001,4.37,4.73
2023,TEX202305030,TEX,ARI,0,0,sborj002,mantj002,5.5,4.62
2023,TEX202305150,TEX,ATL,0,0,bradc003,mortc002,5.3,3.64
2023,TEX202305160,TEX,ATL,0,0,dunnd001,shusj001,3.7,5.81
2023,TEX202305170,TEX,ATL,0,0,burkb001,anden001,4.37,3.06
2023,TEX202305190,TEX,COL,0,0,perem004,kaufk001,4.45,8.23
2023,TEX202305200,TEX,COL,4,0,grayj003,freek001,4.12,5.03
2023,TEX202305210,TEX,COL,0,0,heana001,seabc001,4.15,7.52
2023,TEX202306020,TEX,SEA,0,0,grayj003,castl003,4.12,3.34
2023,TEX202306030,TEX,SEA,3,1,sborj002,woo-b001,5.5,4.21
2023,TEX202306040,TEX,SEA,2,0,eovan001,millb004,3.63,4.32
2023,TEX202306050,TEX,SLN,0,0,smitw002,cabrg001,,4.04
2023,TEX202306060,TEX,SLN,0,2,dunnd001,libem001,3.7,5.25
2023,TEX202306070,TEX,SLN,0,0,grayj003,hickj002,4.12,3.29
2023,TEX202306120,TEX,ANA,0,0,ragac001,bachs001,3.47,3.18
2023,TEX202306130,TEX,ANA,0,0,whito001,hergj001,11.25,4.66
2023,TEX202306140,TEX,ANA,0,0,sborj002,hergj001,5.5,4.66
2023,TEX202306150,TEX,ANA,0,0,eovan001,ohtas001,3.63,3.14
2023,TEX202306160,TEX,TOR,0,0,perem004,gausk001,4.45,3.16
2023,TEX202306170,TEX,TOR,0,1,dunnd001,richt001,3.7,4.95
2023,TEX202306180,TEX,TOR,0,1,kingj002,pearn001,3.62,4.85
2023,TEX202306260,TEX,DET,1,0,heana001,englm001,4.15,5.46
2023,TEX202306270,TEX,DET,0,0,sborj002,whitb002,5.5,5.09
2023,TEX202306280,TEX,DET,4,0,dunnd001,wentj001,3.7,6.9
2023,TEX202306290,TEX,DET,1,0,barlj001,englm001,4.66,5.46
2023,TEX202306300,TEX,HOU,1,1,grayj003,blanr001,4.12,4.5
2023,TEX202307010,TEX,HOU,0,0,eovan001,browh001,3.63,5.09
2023,TEX202307020,TEX,HOU,1,0,sborj002,nerih001,5.5,1.71
2023,TEX202307030,TEX,HOU,0,0,smitw002,abreb002,,1.75
2023,TEX202307140,TEX,CLE,0,0,burkb001,hents001,4.37,3.61
2023,TEX202307150,TEX,CLE,1,0,heana001,willg004,4.15,3.29
2023,TEX202307160,TEX,CLE,1,1,bradc003,stept002,5.3,4.06
2023,TEX202307170,TEX,TBA,0,1,chapa001,fairp001,3.09,2.58
2023,TEX202307180,TEX,TBA,0,0,eovan001,bradt002,3.63,5.59
2023,TEX202307190,TEX,TBA,0,0,burkb001,littz001,4.37,4.1
2023,TEX202307210,TEX,LAN,2,0,speaa001,brasr001,13.5,3.02
2023,TEX202307220,TEX,LAN,1,0,dunnd001,millb005,3.7,3.76
2023,TEX202307230,TEX,LAN,2,4,perem004,sheee001,4.45,4.92
2023,TEX202308010,TEX,CHA,0,0,heana001,schoj002,4.15,5.29
2023,TEX202308020,TEX,CHA,2,0,dunnd001,ceasd001,3.7,4.58
2023,TEX202308030,TEX,CHA,0,3,schem001,toust001,3.77,4.97
2023,TEX202308040,TEX,MIA,1,1,montj004,luzaj001,3.2,3.58
2023,TEX202308050,TEX,MIA,0,0,grayj003,weatr001,4.12,6.55
2023,TEX202308060,TEX,MIA,0,0,heana001,alcas001,4.15,4.14
2023,TEX202308140,TEX,ANA,0,0,schem001,sandp002,3.77,4.11
2023,TEX202308150,TEX,ANA,0,0,montj004,gioll001,3.2,4.88
2023,TEX202308160,TEX,ANA,0,1,grayj003,detmr001,4.12,4.48
2023,TEX202308180,TEX,MIL,0,0,sborj002,pegue001,5.5,3.38
2023,TEX202308190,TEX,MIL,0,1,dunnd001,peraf001,3.7,3.86
2023,TEX202308200,TEX,MIL,0,0,schem001,housa001,3.77,4.12
2023,TEX202309010,TEX,MIN,0,0,burkb001,ryanj002,4.37,4.51
2023,TEX202309020,TEX,MIN,2,0,chapa001,headb001,3.09,6.31
2023,TEX202309030,TEX,MIN,3,0,bradc003,windj002,5.3,4.15
2023,TEX202309040,TEX,HOU,2,0,sborj002,montr004,5.5,5.08
2023,TEX202309050,TEX,HOU,0,3,eovan001,valdf001,3.63,3.45
2023,TEX202309060,TEX,HOU,1,2,schem001,verlj001,3.77,3.22
2023,TEX202309080,TEX,OAK,2,1,montj004,sweed002,3.2,10.38
2023,TEX202309090,TEX,OAK,0,0,smitw002,ercel001,,4.75
2023,TEX202309100,TEX,OAK,3,0,heana001,medil002,4.15,5.42
2023,TEX202309180,TEX,BOS,1,0,smitw002,wincj001,,2.88
2023,TEX202309190,TEX,BOS,0,0,chapa001,murpc001,3.09,4.91
2023,TEX202309200,TEX,BOS,0,3,perem004,bellb002,4.45,4.24
2023,TEX202309220,TEX,SEA,1,0,dunnd001,millb004,3.7,4.32
2023,TEX202309230,TEX,SEA,0,0,montj004,gilbl002,3.2,3.73
2023,TEX202309240,TEX,SEA,1,0,eovan001,woo-b001,3.63,4.21
2023,TOR202304110,TOR,DET,0,0,pop-z001,mannm001,6.59,3.58
2023,TOR202304120,TOR,DET,0,0,romaj004,shrec001,2.9,4.63
2023,TOR202304130,TOR,DET,0,0,bassc001,turns003,3.6,7.26
2023,TOR202304140,TOR,TBA,1,0,berrj001,rasmd002,3.65,2.62
2023,TOR202304150,TOR,TBA,0,0,kikuy001,kellt002,3.86,5.87
2023,TOR202304160,TOR,TBA,1,3,manoa001,mccls003,5.87,3.29
2023,TOR202304240,TOR,CHA,0,0,bassc001,lynnl001,3.6,5.73
2023,TOR202304250,TOR,CHA,0,0,berrj001,clevm001,3.65,3.77
2023,TOR202304260,TOR,CHA,0,0,kikuy001,kopem001,3.86,5.43
2023,TOR202304280,TOR,SEA,0,0,mayzt001,gottt001,1.52,4.19
2023,TOR202304290,TOR,SEA,0,0,swane001,gottt001,2.97,4.19
2023,TOR202304300,TOR,SEA,2,4,pop-z001,sewap001,6.59,3.12
2023,TOR202305120,TOR,ATL,0,0,bassc001,stris002,3.6,3.86
2023,TOR202305130,TOR,ATL,0,0,swane001,minta001,2.97,3.76
2023,TOR202305140,TOR,ATL,0,1,pearn001,igler001,4.85,2.75
2023,TOR202305150,TOR,NYA,0,3,manoa001,britj003,5.87,4.28
2023,TOR202305160,TOR,NYA,0,0,swane001,weber001,2.97,3.14
2023,TOR202305170,TOR,NYA,0,0,romaj004,peraw002,2.9,2.83
2023,TOR202305180,TOR,NYA,1,2,berrj001,cortn001,3.65,4.97
2023,TOR202305190,TOR,BAL,0,0,kikuy001,gibsk002,3.86,4.73
2023,TOR202305200,TOR,BAL,0,0,garcy001,bautf001,4.09,1.48
2023,TOR202305210,TOR,BAL,0,0,garcy001,baumm001,4.09,3.76
2023,TOR202305300,TOR,MIL,4,2,kikuy001,housa001,3.86,4.12
2023,TOR202305310,TOR,MIL,0,0,manoa001,tehej001,5.87,4.4
2023,TOR202306010,TOR,MIL,3,0,gausk001,peraf001,3.16,3.86
2023,TOR202306050,TOR,HOU,0,6,manoa001,bielb001,5.87,3.83
2023,TOR202306060,TOR,HOU,0,1,gausk001,browh001,3.16,5.09
2023,TOR202306070,TOR,HOU,0,0,bassc001,nerih001,3.6,1.71
2023,TOR202306080,TOR,HOU,0,0,berrj001,valdf001,3.65,3.45
2023,TOR202306090,TOR,MIN,0,0,cimba001,duraj002,7.4,2.45
2023,TOR202306100,TOR,MIN,0,0,cimba001,lopej004,7.4,5.95
2023,TOR202306110,TOR,MIN,1,4,pearn001,pagae001,4.85,2.99
2023,TOR202306230,TOR,OAK,0,3,romaj004,ercel001,2.9,4.75
2023,TOR202306240,TOR,OAK,2,0,berrj001,fujis001,3.65,7.18
2023,TOR202306250,TOR,OAK,2,0,kikuy001,medil002,3.86,5.42
2023,TOR202306270,TOR,SFN,0,0,gausk001,wooda002,3.16,4.33
2023,TOR202306280,TOR,SFN,5,0,franb002,webbl001,1.73,3.25
2023,TOR202306290,TOR,SFN,0,0,bassc001,winnk001,3.6,4.68
2023,TOR202306300,TOR,BOS,0,0,berrj001,paxtj001,3.65,4.5
2023,TOR202307010,TOR,BOS,1,0,kikuy001,crawk001,3.86,4.04
2023,TOR202307020,TOR,BOS,1,1,romaj004,martc007,2.9,1.05
2023,TOR202307140,TOR,ARI,0,0,richt001,nelsk001,4.95,4.18
2023,TOR202307150,TOR,ARI,0,0,bassc001,gallz001,3.6,3.47
2023,TOR202307160,TOR,ARI,0,1,jackj001,henrt001,2.12,4.15
2023,TOR202307180,TOR,SDN,1,2,manoa001,musgj001,5.87,3.05
2023,TOR202307190,TOR,SDN,0,0,berrj001,darvy001,3.65,4.56
2023,TOR202307200,TOR,SDN,0,0,bassc001,snelb001,3.6,2.25
2023,TOR202307280,TOR,ANA,0,1,gausk001,gioll001,3.16,4.88
2023,TOR202307290,TOR,ANA,0,0,cabrg001,detmr001,4.04,4.48
2023,TOR202307300,TOR,ANA,0,0,garcy001,estec001,4.09,3.9
2023,TOR202307310,TOR,BAL,0,2,bassc001,gibsk002,3.6,4.73
2023,TOR202308010,TOR,BAL,0,2,ryu-h001,bradk001,3.46,2.83
2023,TOR202308020,TOR,BAL,0,0,kikuy001,rodrg003,3.86,4.35
2023,TOR202308030,TOR,BAL,0,0,gausk001,flahj002,3.16,4.99
2023,TOR202308110,TOR,CHN,0,3,berrj001,assaj001,3.65,3.05
2023,TOR202308120,TOR,CHN,0,0,hickj002,merrj001,3.29,3.38
2023,TOR202308130,TOR,CHN,0,2,ryu-h001,tailj001,3.46,4.84
2023,TOR202308150,TOR,PHI,0,0,hickj002,domis001,3.29,3.78
2023,TOR202308160,TOR,PHI,0,0,gausk001,nolaa001,3.16,4.46
2023,TOR202308250,TOR,CLE,0,0,bassc001,bibet001,3.6,2.98
2023,TOR202308260,TOR,CLE,3,1,ryu-h001,allel003,3.46,3.81
2023,TOR202308270,TOR,CLE,2,0,jackj001,clase001,2.12,3.22
2023,TOR202308280,TOR,WAS,0,1,gausk001,grayj004,3.16,3.91
2023,TOR202308290,TOR,WAS,0,0,berrj001,gorem001,3.65,4.42
2023,TOR202308300,TOR,WAS,2,0,bassc001,corbp001,3.6,5.2
2023,TOR202309080,TOR,KCA,0,0,greec003,hernc006,5.25,5.27
2023,TOR202309090,TOR,KCA,0,0,gausk001,greiz001,3.16,5.06
2023,TOR202309100,TOR,KCA,0,0,berrj001,clart003,3.65,5.95
2023,TOR202309110,TOR,TEX,0,0,bassc001,dunnd001,3.6,3.7
2023,TOR202309120,TOR,TEX,0,0,ryu-h001,schem001,3.46,3.77
2023,TOR202309130,TOR,TEX,0,0,kikuy001,montj004,3.86,3.2
2023,TOR202309140,TOR,TEX,2,1,gausk001,bradc003,3.16,5.3
2023,TOR202309150,TOR,BOS,0,0,berrj001,bellb002,3.65,4.24
2023,TOR202309160,TOR,BOS,0,0,greec003,llovm001,5.25,4.89
2023,TOR202309170,TOR,BOS,0,0,swane001,whitg002,2.97,5.15
2023,TOR202309260,TOR,NYA,0,0,romaj004,britj003,2.9,4.28
2023,TOR202309270,TOR,NYA,0,0,berrj001,coleg001,3.65,2.63
2023,TOR202309280,TOR,NYA,0,0,bassc001,weavl001,3.6,6.4
2023,TOR202309290,TOR,TBA,0,0,kikuy001,civaa001,3.86,3.46
2023,TOR202309300,TOR,TBA,0,1,hickj002,devec001,3.29,4.46
2023,TOR202310010,TOR,TBA,0,1,parsw001,lopej007,20.25,4.38
2023,WAS202303300,WAS,ATL,0,0,corbp001,luetl001,5.2,7.24
2023,WAS202304010,WAS,ATL,0,2,grayj004,stris002,3.91,3.86
2023,WAS202304020,WAS,ATL,4,0,gorem001,shusj001,4.42,5.81
2023,WAS202304030,WAS,TBA,0,2,willt002,rasmd002,5.55,2.62
2023,WAS202304040,WAS,TBA,2,3,finnk001,thomr007,3.76,3.82
2023,WAS202304050,WAS,TBA,0,0,corbp001,mccls003,5.2,3.29
2023,WAS202304140,WAS,CLE,0,0,edwac001,stept002,3.69,4.06
2023,WAS202304150,WAS,CLE,3,0,kuhlc001,plesz001,8.45,7.59
2023,WAS202304160,WAS,CLE,1,0,thomm005,sandn001,5.5,3.75
2023,WAS202304180,WAS,BAL,0,0,grayj004,kremd001,3.91,4.12
2023,WAS202304190,WAS,BAL,0,0,gorem001,bradk001,4.42,2.83
2023,WAS202304291,WAS,PIT,0,0,corbp001,hillr001,5.2,5.41
2023,WAS202304292,WAS,PIT,0,1,kuhlc001,velav001,8.45,3.86
2023,WAS202304300,WAS,PIT,2,0,grayj004,oviej001,3.91,4.31
2023,WAS202305010,WAS,CHN,0,2,gorem001,smyld001,4.42,5.0
2023,WAS202305020,WAS,CHN,0,0,harvh001,thomk002,2.82,4.71
2023,WAS202305030,WAS,CHN,0,1,edwac001,alzoa001,3.69,2.67
2023,WAS202305040,WAS,CHN,0,0,finnk001,boxbb001,3.76,4.95
2023,WAS202305120,WAS,NYN,1,0,edwac001,megit002,3.69,4.7
2023,WAS202305130,WAS,NYN,1,0,harvh001,leond003,2.82,4.67
2023,WAS202305140,WAS,NYN,0,0,irvij001,schem001,4.61,3.77
2023,WAS202305150,WAS,NYN,1,0,corbp001,peted003,5.2,5.03
2023,WAS202305190,WAS,DET,0,3,irvij001,boydm001,4.61,5.45
2023,WAS202305200,WAS,DET,0,2,corbp001,faeda001,5.2,4.45
2023,WAS202305210,WAS,DET,3,0,grayj004,wentj001,3.91,6.9
2023,WAS202305230,WAS,SDN,0,2,ramie004,darvy001,6.41,4.56
2023,WAS202305240,WAS,SDN,0,0,willt002,weatr001,5.55,6.55
2023,WAS202305250,WAS,SDN,1,0,harvh001,carld003,2.82,4.35
2023,WAS202306020,WAS,PHI,2,0,finnk001,brogc001,3.76,4.03
2023,WAS202306030,WAS,PHI,0,0,gorem001,coved001,4.42,3.77
2023,WAS202306040,WAS,PHI,0,0,willt002,suarr001,5.55,4.18
2023,WAS202306060,WAS,ARI,4,1,ramie004,ruizj001,6.41,5.89
2023,WAS202306070,WAS,ARI,0,3,corbp001,daviz001,5.2,7.0
2023,WAS202306160,WAS,MIA,2,2,edwac001,narda001,3.69,2.67
2023,WAS202306170,WAS,MIA,0,0,kuhlc001,garrb001,8.45,3.66
2023,WAS202306180,WAS,MIA,0,0,corbp001,luzaj001,5.2,3.58
2023,WAS202306190,WAS,SLN,3,0,grayj004,flahj002,3.91,4.99
2023,WAS202306200,WAS,SLN,0,0,gorem001,montj004,4.42,3.2
2023,WAS202306210,WAS,SLN,0,0,willt002,mikom001,5.55,4.78
2023,WAS202306220,WAS,ARI,0,1,irvij001,henrt001,4.61,4.15
2023,WAS202307030,WAS,CIN,0,0,irvij001,weavl001,4.61,6.4
2023,WAS202307040,WAS,CIN,0,2,corbp001,kennb001,5.2,6.5
2023,WAS202307050,WAS,CIN,1,0,grayj004,ashcg001,3.91,4.76
2023,WAS202307060,WAS,CIN,0,0,harvh001,santt001,2.82,2.7
2023,WAS202307070,WAS,TEX,1,2,willt002,bradc003,5.55,5.3
2023,WAS202307080,WAS,TEX,4,0,irvij001,heana001,4.61,4.15
2023,WAS202307090,WAS,TEX,0,0,corbp001,dunnd001,5.2,3.7
2023,WAS202307210,WAS,SFN,2,1,irvij001,wooda002,4.61,4.33
2023,WAS202307220,WAS,SFN,0,0,grayj004,webbl001,3.91,3.25
2023,WAS202307230,WAS,SFN,2,0,gorem001,alexs001,4.42,4.66
2023,WAS202307240,WAS,COL,0,0,corbp001,kaufk001,5.2,8.23
2023,WAS202307250,WAS,COL,0,0,ferrj002,lawrj002,5.03,3.72
2023,WAS202307260,WAS,COL,0,0,macha003,bardd001,5.22,4.56
2023,WAS202307310,WAS,MIL,0,0,weemj001,pegue001,3.62,3.38
2023,WAS202308010,WAS,MIL,0,0,grayj004,peraf001,3.91,3.86
2023,WAS202308020,WAS,MIL,0,0,finnk001,willd004,3.76,1.53
2023,WAS202308110,WAS,OAK,0,2,abboc001,blacp001,6.64,4.43
2023,WAS202308120,WAS,OAK,0,0,finnk001,ercel001,3.76,4.75
2023,WAS202308130,WAS,OAK,1,3,lasoj001,sneak001,4.41,4.63
2023,WAS202308150,WAS,BOS,0,1,grayj004,schrj001,3.91,3.86
2023,WAS202308160,WAS,BOS,0,0,ferrj002,whitg002,5.03,5.15
2023,WAS202308170,WAS,BOS,0,0,corbp001,salec001,5.2,4.3
2023,WAS202308180,WAS,PHI,0,0,ferrj002,lorem002,5.03,4.18
2023,WAS202308190,WAS,PHI,0,0,abboc001,domis001,6.64,3.78
2023,WAS202308200,WAS,PHI,4,0,willt002,wheez001,5.55,3.61
2023,WAS202308310,WAS,MIA,0,1,adonj001,garrb001,6.45,3.66
2023,WAS202309010,WAS,MIA,1,1,garcr008,scott003,3.66,2.31
2023,WAS202309020,WAS,MIA,0,1,willt002,cuetj001,5.55,6.02
2023,WAS202309030,WAS,MIA,1,3,finnk001,alcas001,3.76,4.14
2023,WAS202309050,WAS,NYN,1,4,corbp001,quinj001,5.2,3.57
2023,WAS202309060,WAS,NYN,0,1,finnk001,bickp001,3.76,4.95
2023,WAS202309080,WAS,LAN,3,2,garcr008,vesia001,3.66,4.35
2023,WAS202309090,WAS,LAN,1,1,macha003,varlg001,5.22,6.64
2023,WAS202309100,WAS,LAN,0,2,willt002,suerw002,5.55,7.88
2023,WAS202309180,WAS,CHA,0,0,adonj001,clevm001,6.45,3.77
2023,WAS202309190,WAS,CHA,0,0,garcr008,bumma001,3.66,6.79
2023,WAS202309200,WAS,CHA,0,0,grayj004,bankt001,3.91,4.43
2023,WAS202309210,WAS,ATL,0,0,irvij001,friem001,4.61,2.55
2023,WAS202309220,WAS,ATL,0,3,corbp001,tonkm001,5.2,4.28
2023,WAS202309241,WAS,ATL,0,0,rutlj002,winaa001,6.75,5.29
2023,WAS202309242,WAS,ATL,0,0,adonj001,stris002,6.45,3.86
2024,ANA202404050,ANA,BOS,0,0,sorij002,martc007,3.42,3.45
2024,ANA202404060,ANA,BOS,0,0,detmr001,weisg001,6.7,3.13
2024,ANA202404070,ANA,BOS,0,0,silsc001,houct001,6.75,3.12
2024,ANA202404080,ANA,TBA,2,0,andet002,efliz001,3.81,3.59
2024,ANA202404090,ANA,TBA,2,0,sandp002,civaa001,5.08,4.36
2024,ANA202404100,ANA,TBA,0,3,sorij002,kellk004,3.42,2.67
2024,ANA202404220,ANA,BAL,0,0,detmr001,suara001,6.7,3.7
2024,ANA202404230,ANA,BAL,1,0,canng001,rodrg003,5.19,3.86
2024,ANA202404240,ANA,BAL,0,0,andet002,kremd001,3.81,4.1
2024,ANA202404260,ANA,MIN,0,0,sandp002,oberb002,5.08,3.98
2024,ANA202404270,ANA,MIN,0,1,sorij002,paddc001,3.42,4.99
2024,ANA202404280,ANA,MIN,0,0,detmr001,lopep002,6.7,4.08
2024,ANA202404290,ANA,PHI,1,3,cimba001,domis001,7.03,4.45
2024,ANA202404300,ANA,PHI,0,0,estec001,alvaj004,2.45,4.09
2024,ANA202405010,ANA,PHI,0,0,sandp002,wheez001,5.08,2.57
2024,ANA202405090,ANA,KCA,0,0,detmr001,wachm001,6.7,3.35
2024,ANA202405100,ANA,KCA,0,0,estec001,dufft001,2.45,5.0
2024,ANA202405110,ANA,KCA,0,1,andet002,ragac001,3.81,3.14
2024,ANA202405120,ANA,KCA,0,0,sandp002,lugos001,5.08,3.0
2024,ANA202405130,ANA,SLN,0,0,moorm003,leahk001,5.03,4.07
2024,ANA202405140,ANA,SLN,0,0,strih001,grays001,3.31,3.84
2024,ANA202405150,ANA,SLN,4,0,canng001,lynnl001,5.19,3.84
2024,ANA202405240,ANA,CLE,1,0,sandp002,allel003,5.08,5.73
2024,ANA202405250,ANA,CLE,0,0,sorij002,bibet001,3.42,3.47
2024,ANA202405260,ANA,CLE,0,0,detmr001,liveb001,6.7,3.81
2024,ANA202405280,ANA,NYA,2,1,moorm003,weavl001,5.03,2.89
2024,ANA202405290,ANA,NYA,0,0,andet002,gil-l001,3.81,3.5
2024,ANA202405300,ANA,NYA,0,0,sandp002,rodoc001,5.08,3.96
2024,ANA202406030,ANA,SDN,0,1,strih001,morea001,3.31,2.83
2024,ANA202406040,ANA,SDN,0,0,moorm003,matsy001,5.03,3.73
2024,ANA202406050,ANA,SDN,1,0,sorij002,ceasd001,3.42,3.47
2024,ANA202406070,ANA,HOU,0,1,canng001,valdf001,5.19,2.91
2024,ANA202406080,ANA,HOU,0,0,andet002,browh001,3.81,3.49
2024,ANA202406090,ANA,HOU,0,0,estec001,hadej001,2.45,3.8
2024,ANA202406170,ANA,MIL,0,0,plesz001,rodrc003,8.25,7.3
2024,ANA202406180,ANA,MIL,0,1,canng001,myert001,5.19,3.0
2024,ANA202406190,ANA,MIL,0,1,andet002,peraf001,3.81,3.68
2024,ANA202406240,ANA,OAK,2,0,canng001,medil002,5.19,5.18
2024,ANA202406250,ANA,OAK,0,0,andet002,spenm001,3.81,4.58
2024,ANA202406260,ANA,OAK,0,0,moorm003,estej001,5.03,5.01
2024,ANA202406270,ANA,DET,0,0,danid001,flahj002,6.23,3.17
2024,ANA202406280,ANA,DET,2,0,garcl005,mills001,4.88,4.53
2024,ANA202406290,ANA,DET,0,1,joycb001,folej001,2.08,3.15
2024,ANA202406300,ANA,DET,0,1,andet002,mizec001,3.81,4.49
2024,ANA202407080,ANA,TEX,0,2,danid001,grayj003,6.23,4.47
2024,ANA202407090,ANA,TEX,0,1,garcl005,leclj001,4.88,4.32
2024,ANA202407100,ANA,TEX,0,0,crouh001,lorem002,2.84,3.31
2024,ANA202407110,ANA,SEA,0,4,kochj001,castl003,3.99,3.64
2024,ANA202407120,ANA,SEA,2,2,crouh001,votha001,2.84,3.69
2024,ANA202407130,ANA,SEA,0,1,sorij002,kirbg001,3.42,3.53
2024,ANA202407140,ANA,SEA,0,0,crouh001,votha001,2.84,3.69
2024,ANA202407250,ANA,OAK,0,2,rosek001,strir001,6.0,6.01
2024,ANA202407260,ANA,OAK,4,0,crouh001,blacp001,2.84,4.66
2024,ANA202407270,ANA,OAK,0,3,andet002,spenm001,3.81,4.58
2024,ANA202407280,ANA,OAK,0,0,contr001,bidoo001,4.35,3.41
2024,ANA202407300,ANA,COL,2,2,quijj001,birdj001,3.26,4.5
2024,ANA202407310,ANA,COL,0,1,crouh001,freek001,2.84,5.24
2024,ANA202408010,ANA,COL,0,0,crouh001,vodnv001,2.84,4.28
2024,ANA202408020,ANA,NYN,0,0,andet002,blacp001,3.81,4.66
2024,ANA202408030,ANA,NYN,1,0,moorm003,brazh001,5.03,3.83
2024,ANA202408040,ANA,NYN,0,0,canng001,quinj001,5.19,3.75
2024,ANA202408120,ANA,TOR,0,0,danid001,franb002,6.23,3.3
2024,ANA202408130,ANA,TOR,0,3,fulmc001,gausk001,4.15,3.83
2024,ANA202408140,ANA,TOR,0,0,andet002,berrj001,3.81,3.6
2024,ANA202408160,ANA,ATL,0,0,burkb001,schws001,5.82,3.35
2024,ANA202408170,ANA,ATL,0,3,canng001,salec001,5.19,2.38
2024,ANA202408180,ANA,ATL,0,1,kochj001,mortc002,3.99,4.19
2024,ANA202408300,ANA,SEA,2,5,aldes001,kirbg001,4.85,3.53
2024,ANA202408310,ANA,SEA,0,0,joycb001,munoa002,2.08,2.12
2024,ANA202409010,ANA,SEA,1,0,danac001,millb004,9.58,2.94
2024,ANA202409030,ANA,LAN,0,0,contr001,kopem001,4.35,3.46
2024,ANA202409040,ANA,LAN,5,0,canng001,millb005,5.19,8.52
2024,ANA202409130,ANA,HOU,0,0,aldes001,kikuy001,4.85,4.05
2024,ANA202409140,ANA,HOU,1,1,andet002,verlj001,3.81,5.48
2024,ANA202409150,ANA,HOU,0,0,danac001,blanr001,9.58,2.8
2024,ANA202409160,ANA,CHA,0,3,detmr001,cannj001,6.7,4.49
2024,ANA202409170,ANA,CHA,0,0,canng001,martd006,5.19,4.32
2024,ANA202409180,ANA,CHA,0,0,quijj001,iriaj001,3.26,1.5
2024,ANA202409270,ANA,TEX,1,3,detmr001,robed005,6.7,3.18
2024,ANA202409280,ANA,TEX,0,0,quijj001,dunnd001,3.26,5.31
2024,ANA202409290,ANA,TEX,0,0,kochj001,eovan001,3.99,3.8
2024,ARI202403280,ARI,COL,2,0,gallz001,freek001,3.65,5.24
2024,ARI202403290,ARI,COL,2,0,kellm002,quanc001,4.03,4.98
2024,ARI202403300,ARI,COL,2,0,henrt001,lambp001,7.04,5.72
2024,ARI202403310,ARI,COL,3,0,pfaab001,feltr001,4.71,4.49
2024,ARI202404010,ARI,NYA,0,0,nelsr003,weavl001,4.24,2.89
2024,ARI202404020,ARI,NYA,3,0,gallz001,cortn001,3.65,3.77
2024,ARI202404030,ARI,NYA,0,0,mcgos001,holmc001,7.44,3.14
2024,ARI202404120,ARI,SLN,0,3,mantj002,gallg001,3.92,6.53
2024,ARI202404130,ARI,SLN,1,0,nelsr003,gibsk002,4.24,4.24
2024,ARI202404140,ARI,SLN,0,0,gallz001,mikom001,3.65,5.35
2024,ARI202404150,ARI,CHN,0,0,jarvb001,thomk002,3.19,2.67
2024,ARI202404160,ARI,CHN,0,0,ginkk001,smyld001,3.21,3.84
2024,ARI202404170,ARI,CHN,1,0,pfaab001,wesnh001,4.71,3.86
2024,ARI202404290,ARI,LAN,1,0,henrt001,paxtj001,7.04,4.4
2024,ARI202404300,ARI,LAN,0,0,mcgos001,crisn001,7.44,2.57
2024,ARI202405010,ARI,LAN,0,0,montj004,yamay001,6.23,3.0
2024,ARI202405030,ARI,SDN,0,0,ceccs001,ceasd001,6.66,3.47
2024,ARI202405040,ARI,SDN,0,1,pfaab001,kingm002,4.71,2.95
2024,ARI202405050,ARI,SDN,4,0,nelsr003,waldm003,4.24,4.91
2024,ARI202405130,ARI,CIN,0,0,martj011,diaza004,2.48,3.99
2024,ARI202405140,ARI,CIN,0,0,ceccs001,greeh001,6.66,2.75
2024,ARI202405150,ARI,CIN,0,0,thomr007,cruzf002,3.26,4.86
2024,ARI202405170,ARI,DET,0,0,nelsr003,skubt001,4.24,2.39
2024,ARI202405180,ARI,DET,0,0,gallz001,flahj002,3.65,3.17
2024,ARI202405190,ARI,DET,2,0,thomr007,holtt002,3.26,2.19
2024,ARI202405240,ARI,MIA,0,0,gallz001,garrb001,3.65,5.35
2024,ARI202405250,ARI,MIA,2,1,montj004,sancs001,6.23,6.06
2024,ARI202405260,ARI,MIA,0,0,ginkk001,weatr001,3.21,3.63
2024,ARI202406030,ARI,SFN,0,0,thomr007,rodrr010,3.26,4.3
2024,ARI202406040,ARI,SFN,0,0,ginkk001,harrk001,3.21,4.56
2024,ARI202406050,ARI,SFN,1,0,montj004,hjels001,6.23,3.9
2024,ARI202406110,ARI,ANA,0,0,montj004,suarj001,6.23,6.02
2024,ARI202406120,ARI,ANA,0,1,ceccs001,sorij002,6.66,3.42
2024,ARI202406130,ARI,ANA,3,0,pfaab001,canng001,4.71,5.19
2024,ARI202406140,ARI,CHA,0,0,nelsr003,flexc001,4.24,4.95
2024,ARI202406150,ARI,CHA,1,0,vieit001,fedde001,5.21,3.3
2024,ARI202406160,ARI,CHA,3,0,montj004,thord001,6.23,5.48
2024,ARI202406250,ARI,MIN,2,0,ginkk001,alcaj001,3.21,3.24
2024,ARI202406260,ARI,MIN,0,0,nelsr003,woods002,4.24,4.17
2024,ARI202406270,ARI,MIN,0,0,montj004,festd001,6.23,4.9
2024,ARI202406280,ARI,OAK,2,0,thomr007,alexs001,3.26,2.56
2024,ARI202406290,ARI,OAK,0,0,gallz001,harrh002,3.65,2.86
2024,ARI202406300,ARI,OAK,0,0,mantj002,mcfat001,3.92,3.81
2024,ARI202407080,ARI,ATL,0,1,martj011,igler001,2.48,1.95
2024,ARI202407090,ARI,ATL,0,0,gallz001,salec001,3.65,2.38
2024,ARI202407100,ARI,ATL,0,0,thomr007,jimej003,3.26,2.62
2024,ARI202407110,ARI,ATL,0,0,pfaab001,friem001,4.71,3.25
2024,ARI202407120,ARI,TOR,0,0,martj011,greec003,2.48,3.21
2024,ARI202407130,ARI,TOR,1,0,diazy005,berrj001,3.81,3.6
2024,ARI202407140,ARI,TOR,0,0,ginkk001,richt001,3.21,4.55
2024,ARI202407260,ARI,PIT,0,2,gallz001,mlodc001,3.65,3.38
2024,ARI202407270,ARI,PIT,1,1,pfaab001,prieq001,4.71,4.71
2024,ARI202407280,ARI,PIT,0,0,martj011,chapa001,2.48,3.79
2024,ARI202407290,ARI,WAS,0,5,mantj002,finnk001,3.92,3.68
2024,ARI202407300,ARI,WAS,2,0,nelsr003,corbp001,4.24,5.62
2024,ARI202407310,ARI,WAS,0,0,gallz001,gorem001,3.65,3.9
2024,ARI202408080,ARI,PHI,0,0,montj004,allak001,6.23,5.0
2024,ARI202408090,ARI,PHI,1,0,martj011,hoffj003,2.48,2.17
2024,ARI202408100,ARI,PHI,1,0,ginkk001,nolaa001,3.21,3.57
2024,ARI202408110,ARI,PHI,1,2,kellm002,sancc002,4.03,3.32
2024,ARI202408120,ARI,COL,0,0,pfaab001,molia001,4.71,6.79
2024,ARI202408130,ARI,COL,0,0,mantj002,vodnv001,3.92,4.28
2024,ARI202408140,ARI,COL,4,0,montj004,gordt002,6.23,8.65
2024,ARI202408270,ARI,NYN,0,0,pfaab001,manas001,4.71,3.47
2024,ARI202408280,ARI,NYN,0,0,thomr007,diaze006,3.26,3.52
2024,ARI202408290,ARI,NYN,0,0,martj011,buttj001,2.48,2.55
2024,ARI202408300,ARI,LAN,2,2,flord002,brasr001,3.8,3.54
2024,ARI202408310,ARI,LAN,4,3,thomr007,caspb001,3.26,2.16
2024,ARI202409010,ARI,LAN,0,0,pfaab001,wrobj001,4.71,5.7
2024,ARI202409020,ARI,LAN,0,0,rodre004,flahj002,5.04,3.17
2024,ARI202409100,ARI,TEX,2,0,gallz001,eovan001,3.65,3.8
2024,ARI202409110,ARI,TEX,3,0,flord002,bradc003,3.8,3.54
2024,ARI202409130,ARI,MIL,1,0,rodre004,peraf001,5.04,3.68
2024,ARI202409140,ARI,MIL,0,1,pfaab001,myert001,4.71,3.0
2024,ARI202409150,ARI,MIL,2,0,walsb001,koenj001,4.42,2.47
2024,ARI202409230,ARI,SFN,1,0,rodre004,birdh001,5.04,4.75
2024,ARI202409240,ARI,SFN,0,0,pfaab001,webbl001,4.71,3.47
2024,ARI202409250,ARI,SFN,0,0,gallz001,blacm001,3.65,6.44
2024,ARI202409270,ARI,SDN,2,4,kellm002,darvy001,4.03,3.31
2024,ARI202409280,ARI,SDN,0,0,puk-a001,peraw002,3.15,3.99
2024,ARI202409290,ARI,SDN,0,0,pfaab001,perem004,4.71,4.53
2024,ATL202404050,ATL,ARI,1,3,johnp001,mcgos001,3.67,7.44
2024,ATL202404060,ATL,ARI,0,6,minta001,frial001,2.62,13.97
2024,ATL202404070,ATL,ARI,0,0,salec001,nelsr003,2.38,4.24
2024,ATL202404080,ATL,NYN,0,0,johnp001,diekj001,3.67,5.63
2024,ATL202404090,ATL,NYN,1,0,loper003,housa001,1.99,5.84
2024,ATL202404110,ATL,NYN,0,1,winaa001,quinj001,15.26,3.75
2024,ATL202404190,ATL,TEX,1,1,salec001,latzj001,2.38,3.71
2024,ATL202404200,ATL,TEX,0,0,mortc002,eovan001,4.19,3.8
2024,ATL202404210,ATL,TEX,3,0,vined001,lorem002,8.56,3.31
2024,ATL202404220,ATL,MIA,0,0,eldeb001,weatr001,6.52,3.63
2024,ATL202404230,ATL,MIA,0,0,friem001,roget003,3.25,4.92
2024,ATL202404240,ATL,MIA,2,0,minta001,scott003,2.62,1.75
2024,ATL202404260,ATL,CLE,0,1,salec001,allel003,2.38,5.73
2024,ATL202404270,ATL,CLE,0,0,lee-d005,barls001,2.11,4.25
2024,ATL202404280,ATL,CLE,0,0,minta001,clase001,2.62,0.61
2024,ATL202405070,ATL,BOS,0,0,jimej003,slatj002,2.62,2.93
2024,ATL202405080,ATL,BOS,4,0,salec001,piven001,2.38,4.14
2024,ATL202405130,ATL,CHN,0,0,kerrr001,wesnh001,5.64,3.86
2024,ATL202405140,ATL,CHN,1,0,salec001,tailj001,2.38,3.27
2024,ATL202405150,ATL,CHN,0,3,mortc002,assaj001,4.19,3.73
2024,ATL202405170,ATL,SDN,1,0,friem001,waldm003,3.25,4.91
2024,ATL202405190,ATL,SDN,0,3,eldeb001,darvy001,6.52,3.31
2024,ATL202405201,ATL,SDN,2,0,jimej003,britj003,2.62,4.12
2024,ATL202405202,ATL,SDN,1,0,salec001,vasqr001,2.38,4.87
2024,ATL202405270,ATL,WAS,0,4,mortc002,parkm001,4.19,4.29
2024,ATL202405280,ATL,WAS,0,0,friem001,barnj002,3.25,4.36
2024,ATL202405290,ATL,WAS,0,0,schws001,gorem001,3.35,3.9
2024,ATL202405300,ATL,WAS,0,0,kerrr001,willt002,5.64,2.03
2024,ATL202405310,ATL,OAK,1,0,loper003,searj001,1.99,4.38
2024,ATL202406010,ATL,OAK,2,2,hergj001,kellm004,4.38,2.59
2024,ATL202406020,ATL,OAK,1,0,lee-d005,adama002,2.11,3.92
2024,ATL202406140,ATL,TBA,5,1,salec001,littz001,2.38,3.63
2024,ATL202406150,ATL,TBA,0,1,mortc002,pepir001,4.19,3.6
2024,ATL202406160,ATL,TBA,1,1,igler001,adamj002,1.95,1.95
2024,ATL202406170,ATL,DET,0,0,hernd005,mills001,2.5,4.53
2024,ATL202406180,ATL,DET,2,0,schws001,mizec001,3.35,4.49
2024,ATL202406190,ATL,DET,0,0,loper003,skubt001,1.99,2.39
2024,ATL202406280,ATL,PIT,0,0,mortc002,perem004,4.19,4.53
2024,ATL202406290,ATL,PIT,1,0,hernd005,nicok001,2.5,3.95
2024,ATL202406300,ATL,PIT,0,0,schws001,faltb001,3.35,4.43
2024,ATL202407020,ATL,SFN,0,0,lee-d005,birdh001,2.11,4.75
2024,ATL202407030,ATL,SFN,0,0,salec001,hickj002,2.38,4.1
2024,ATL202407040,ATL,SFN,2,0,mortc002,webbl001,4.19,3.47
2024,ATL202407050,ATL,PHI,0,0,friem001,nolaa001,3.25,3.57
2024,ATL202407060,ATL,PHI,3,0,schws001,suarr001,3.35,3.46
2024,ATL202407070,ATL,PHI,0,0,loper003,mercm002,1.99,11.08
2024,ATL202407201,ATL,SLN,0,0,johnp001,roycc001,3.67,4.19
2024,ATL202407202,ATL,SLN,1,1,eldeb001,grays001,6.52,3.84
2024,ATL202407210,ATL,SLN,0,0,schws001,mikom001,3.35,5.35
2024,ATL202407220,ATL,CIN,0,1,loper003,greeh001,1.99,2.75
2024,ATL202407240,ATL,CIN,1,4,winaa001,molls001,15.26,3.35
2024,ATL202408010,ATL,MIA,3,0,mortc002,meyem001,4.19,5.68
2024,ATL202408020,ATL,MIA,0,2,bumma001,faucc001,3.58,3.19
2024,ATL202408030,ATL,MIA,1,0,johnp001,crond001,3.67,4.35
2024,ATL202408040,ATL,MIA,0,0,friem001,cabre003,3.25,4.95
2024,ATL202408060,ATL,MIL,0,3,eldeb001,rea-c001,6.52,4.29
2024,ATL202408070,ATL,MIL,2,0,johnp001,peraf001,3.67,3.68
2024,ATL202408080,ATL,MIL,0,3,mortc002,pegue001,4.19,2.98
2024,ATL202408200,ATL,PHI,0,0,holmg001,wheez001,3.56,2.57
2024,ATL202408210,ATL,PHI,0,0,jimej003,stram001,2.62,1.87
2024,ATL202408220,ATL,PHI,0,1,schws001,sancc002,3.35,3.32
2024,ATL202408230,ATL,WAS,1,0,igler001,salae001,1.95,2.76
2024,ATL202408240,ATL,WAS,0,0,bumma001,garcr008,3.58,4.22
2024,ATL202408250,ATL,WAS,0,1,jackl001,barnj002,5.09,4.36
2024,ATL202409030,ATL,COL,0,0,salec001,freek001,2.38,5.24
2024,ATL202409040,ATL,COL,4,0,mortc002,blalb001,4.19,5.87
2024,ATL202409050,ATL,COL,1,0,loper003,gomba001,1.99,4.75
2024,ATL202409060,ATL,TOR,0,0,friem001,gausk001,3.25,3.83
2024,ATL202409070,ATL,TOR,0,0,schws001,berrj001,3.35,3.6
2024,ATL202409080,ATL,TOR,0,0,igler001,pop-z001,1.95,5.59
2024,ATL202409090,ATL,CIN,0,0,mortc002,martn002,4.19,3.1
2024,ATL202409130,ATL,LAN,1,0,schws001,knacl001,3.35,3.65
2024,ATL202409140,ATL,LAN,1,0,salec001,flahj002,2.38,3.17
2024,ATL202409150,ATL,LAN,0,0,igler001,kopem001,1.95,3.46
2024,ATL202409160,ATL,LAN,0,0,friem001,phile001,3.25,3.62
2024,ATL202409240,ATL,NYN,0,0,schws001,sevel001,3.35,3.91
2024,ATL202409270,ATL,KCA,0,0,friem001,singb001,3.25,3.71
2024,ATL202409280,ATL,KCA,0,0,igler001,longs002,1.95,3.16
2024,ATL202409290,ATL,KCA,0,3,mortc002,marsa001,4.19,4.53
2024,ATL202409301,ATL,NYN,0,0,johnp001,diaze006,3.67,3.52
2024,ATL202409302,ATL,NYN,0,0,hernd005,luccj001,2.5,5.23
2024,BAL202403280,BAL,ANA,2,1,burnc002,sandp002,2.92,5.08
2024,BAL202403300,BAL,ANA,2,0,rodrg003,canng001,3.86,5.19
2024,BAL202403310,BAL,ANA,0,2,wellt003,detmr001,5.87,6.7
2024,BAL202404010,BAL,KCA,0,0,kimbc001,anden001,5.33,4.04
2024,BAL202404020,BAL,KCA,0,0,irvic001,marsa001,5.11,4.53
2024,BAL202404030,BAL,KCA,0,1,canoy001,smitw002,3.15,
2024,BAL202404120,BAL,MIL,0,0,wellt003,peraf001,5.87,3.68
2024,BAL202404130,BAL,MIL,3,0,kremd001,pegue001,4.1,2.98
2024,BAL202404140,BAL,MIL,1,1,canoy001,uriba001,3.15,6.91
2024,BAL202404150,BAL,MIN,2,0,tated001,varll001,4.66,7.61
2024,BAL202404160,BAL,MIN,0,0,rodrg003,paddc001,3.86,4.99
2024,BAL202404170,BAL,MIN,1,0,kimbc001,jax-g001,5.33,2.03
2024,BAL202404260,BAL,OAK,0,1,webbj002,spenm001,3.02,4.58
2024,BAL202404270,BAL,OAK,0,0,irvic001,searj001,5.11,4.38
2024,BAL202404280,BAL,OAK,0,0,kimbc001,mcfat001,5.33,3.81
2024,BAL202404290,BAL,NYA,1,0,rodrg003,schmc002,3.86,2.85
2024,BAL202404300,BAL,NYA,0,0,kremd001,cortn001,4.1,3.77
2024,BAL202405010,BAL,NYA,0,0,burnc002,gil-l001,2.92,3.5
2024,BAL202405020,BAL,NYA,0,0,akink001,rodoc001,3.32,3.96
2024,BAL202405100,BAL,ARI,0,0,irvic001,pfaab001,5.11,4.71
2024,BAL202405110,BAL,ARI,0,0,kimbc001,jarvb001,5.33,3.19
2024,BAL202405120,BAL,ARI,0,0,kremd001,gallz001,4.1,3.65
2024,BAL202405130,BAL,TOR,0,0,webbj002,romaj004,3.02,6.59
2024,BAL202405150,BAL,TOR,1,0,could001,romaj004,2.12,6.59
2024,BAL202405170,BAL,SEA,5,1,meanj001,millb004,2.61,2.94
2024,BAL202405180,BAL,SEA,0,0,canoy001,stanr002,3.15,4.88
2024,BAL202405190,BAL,SEA,2,0,burnc002,kirbg001,2.92,3.53
2024,BAL202405270,BAL,BOS,0,0,irvic001,crisc002,5.11,4.08
2024,BAL202405280,BAL,BOS,3,2,rodrg003,bellb002,3.86,4.49
2024,BAL202405290,BAL,BOS,0,0,burnc002,crawk001,2.92,4.36
2024,BAL202405310,BAL,TBA,0,0,perec004,lover001,4.53,4.46
2024,BAL202406010,BAL,TBA,3,0,webbj002,bradt002,3.02,4.11
2024,BAL202406020,BAL,TBA,1,0,tated001,armss001,4.66,4.86
2024,BAL202406110,BAL,ATL,0,0,suara001,friem001,3.7,3.25
2024,BAL202406120,BAL,ATL,0,0,akink001,jimej003,3.32,2.62
2024,BAL202406130,BAL,ATL,0,2,irvic001,loper003,5.11,1.99
2024,BAL202406140,BAL,PHI,0,1,webbj002,kerko001,3.02,2.29
2024,BAL202406150,BAL,PHI,0,1,rodrg003,walkt004,3.86,7.1
2024,BAL202406160,BAL,PHI,1,0,burnc002,wheez001,2.92,2.57
2024,BAL202406240,BAL,CLE,1,1,povic001,bibet001,5.2,3.47
2024,BAL202406250,BAL,CLE,2,1,irvic001,avilp001,5.11,3.81
2024,BAL202406260,BAL,CLE,0,0,rodrg003,currx001,3.86,4.64
2024,BAL202406270,BAL,TEX,3,0,burnc002,grayj003,2.92,4.47
2024,BAL202406280,BAL,TEX,0,0,suara001,schem001,3.7,3.95
2024,BAL202406290,BAL,TEX,0,1,povic001,lorem002,5.2,3.31
2024,BAL202406300,BAL,TEX,0,0,irvic001,heana001,5.11,4.28
2024,BAL202407090,BAL,CHN,0,1,kremd001,tailj001,4.1,3.27
2024,BAL202407100,BAL,CHN,0,0,burnc002,imans001,2.92,2.91
2024,BAL202407110,BAL,CHN,0,0,suara001,steej002,3.7,3.07
2024,BAL202407120,BAL,NYA,0,0,povic001,coleg001,5.2,3.41
2024,BAL202407130,BAL,NYA,0,4,rodrg003,gil-l001,3.86,3.5
2024,BAL202407140,BAL,NYA,0,0,kimbc001,holmc001,5.33,3.14
2024,BAL202407260,BAL,SDN,0,0,kimbc001,suarr002,5.33,2.77
2024,BAL202407270,BAL,SDN,0,0,kremd001,kingm002,4.1,2.95
2024,BAL202407280,BAL,SDN,0,0,perec004,vasqr001,4.53,4.87
2024,BAL202407291,BAL,TOR,4,0,efliz001,rodry003,3.59,4.47
2024,BAL202407292,BAL,TOR,1,1,povic001,franb002,5.2,3.3
2024,BAL202407300,BAL,TOR,1,0,burnc002,bassc001,2.92,4.16
2024,BAL202407310,BAL,TOR,2,0,rodrg003,espip001,3.86,8.31
2024,BAL202408130,BAL,WAS,0,2,roget003,irvij001,4.92,4.41
2024,BAL202408140,BAL,WAS,2,0,kremd001,herzd001,4.1,4.16
2024,BAL202408150,BAL,BOS,0,0,efliz001,piven001,3.59,4.14
2024,BAL202408160,BAL,BOS,0,2,burnc002,crisc002,2.92,4.08
2024,BAL202408170,BAL,BOS,0,0,povic001,bellb002,5.2,4.49
2024,BAL202408180,BAL,BOS,0,0,suara001,crawk001,3.7,4.36
2024,BAL202408220,BAL,HOU,0,0,burnc002,arris001,2.92,4.53
2024,BAL202408230,BAL,HOU,0,0,kimbc001,abreb002,5.33,3.1
2024,BAL202408240,BAL,HOU,0,1,akink001,valdf001,3.32,2.91
2024,BAL202408250,BAL,HOU,0,0,smitb005,nerih001,4.95,4.1
2024,BAL202409020,BAL,CHA,1,2,burnc002,flexc001,2.92,4.95
2024,BAL202409030,BAL,CHA,3,0,povic001,nastn001,5.2,7.07
2024,BAL202409040,BAL,CHA,1,1,suara001,cannj001,3.7,4.49
2024,BAL202409060,BAL,TBA,0,0,kremd001,baz-s001,4.1,3.06
2024,BAL202409070,BAL,TBA,0,1,efliz001,pepir001,3.59,3.6
2024,BAL202409080,BAL,TBA,0,0,burnc002,littz001,2.92,3.63
2024,BAL202409170,BAL,SFN,0,1,suara001,snelb001,3.7,3.12
2024,BAL202409180,BAL,SFN,0,1,kremd001,birdh001,4.1,4.75
2024,BAL202409190,BAL,SFN,0,0,sotog003,walkr001,4.42,1.91
2024,BAL202409200,BAL,DET,2,0,burnc002,holtt002,2.92,2.19
2024,BAL202409210,BAL,DET,0,0,canoy001,brieb001,3.15,3.59
2024,BAL202409220,BAL,DET,0,0,suara001,guens001,3.7,0.86
2024,BOS202404090,BOS,BAL,1,0,bellb002,burnc002,4.49,2.92
2024,BOS202404100,BOS,BAL,0,0,martc007,baumm001,3.45,5.55
2024,BOS202404110,BOS,BAL,2,0,campi001,kimbc001,16.2,5.33
2024,BOS202404120,BOS,ANA,0,3,houct001,detmr001,3.12,6.7
2024,BOS202404130,BOS,ANA,4,0,weisg001,canng001,3.13,5.19
2024,BOS202404140,BOS,ANA,2,0,bellb002,andet002,4.49,3.81
2024,BOS202404150,BOS,CLE,0,0,bernb001,herrt002,4.06,1.92
2024,BOS202404160,BOS,CLE,0,0,wincj001,clase001,4.14,0.61
2024,BOS202404170,BOS,CLE,0,0,houct001,liveb001,3.12,3.81
2024,BOS202404180,BOS,CLE,1,0,crisc002,carrc003,4.08,5.64
2024,BOS202404260,BOS,CHN,0,0,crawk001,imans001,4.36,2.91
2024,BOS202404270,BOS,CHN,2,0,slatj002,browb006,2.93,3.58
2024,BOS202404280,BOS,CHN,1,0,jansk001,leitm002,3.29,4.5
2024,BOS202404300,BOS,SFN,1,0,crisc002,webbl001,4.08,3.47
2024,BOS202405010,BOS,SFN,0,0,crawk001,jeffd001,4.36,9.82
2024,BOS202405020,BOS,SFN,0,0,kellz001,walkr001,3.97,1.91
2024,BOS202405100,BOS,WAS,0,0,houct001,corbp001,3.12,5.62
2024,BOS202405110,BOS,WAS,0,0,martc007,garcr008,3.45,4.22
2024,BOS202405120,BOS,WAS,0,0,bellb002,gorem001,4.49,3.9
2024,BOS202405130,BOS,TBA,3,3,crawk001,efliz001,4.36,3.59
2024,BOS202405140,BOS,TBA,0,1,bernb001,rodrm001,4.06,2.15
2024,BOS202405150,BOS,TBA,1,0,houct001,bradt002,3.12,4.11
2024,BOS202405160,BOS,TBA,0,0,jansk001,rodrm001,3.29,2.15
2024,BOS202405240,BOS,MIL,0,0,crawk001,wilsb003,4.36,4.04
2024,BOS202405250,BOS,MIL,0,0,piven001,rea-c001,4.14,4.29
2024,BOS202405260,BOS,MIL,0,0,slatj002,pegue001,2.93,2.98
2024,BOS202405300,BOS,DET,0,0,piven001,flahj002,4.14,3.17
2024,BOS202405310,BOS,DET,0,1,houct001,maedk001,3.12,6.09
2024,BOS202406010,BOS,DET,0,1,crisc002,olsor001,4.08,3.53
2024,BOS202406020,BOS,DET,1,0,boosc001,chafa001,3.38,3.51
2024,BOS202406040,BOS,ATL,0,0,crawk001,friem001,4.36,3.25
2024,BOS202406050,BOS,ATL,0,0,piven001,schws001,4.14,3.35
2024,BOS202406110,BOS,PHI,1,1,crawk001,wheez001,4.36,2.57
2024,BOS202406120,BOS,PHI,0,2,boosc001,ruizj001,3.38,3.71
2024,BOS202406130,BOS,PHI,0,0,houct001,nolaa001,3.12,3.57
2024,BOS202406140,BOS,NYA,0,2,bellb002,gil-l001,4.49,3.5
2024,BOS202406150,BOS,NYA,3,0,slatj002,rodoc001,2.93,3.96
2024,BOS202406160,BOS,NYA,0,1,crawk001,strom001,4.36,4.31
2024,BOS202406240,BOS,TOR,0,0,jansk001,pop-z001,3.29,5.59
2024,BOS202406250,BOS,TOR,0,0,bellb002,gausk001,4.49,3.83
2024,BOS202406260,BOS,TOR,0,0,piven001,pop-z001,4.14,5.59
2024,BOS202406280,BOS,SDN,0,0,piven001,koles001,4.14,5.21
2024,BOS202406290,BOS,SDN,0,0,houct001,kingm002,3.12,2.95
2024,BOS202406300,BOS,SDN,2,0,wincj001,waldm003,4.14,4.91
2024,BOS202407090,BOS,OAK,3,2,bellb002,estej001,4.49,5.01
2024,BOS202407100,BOS,OAK,0,0,piven001,searj001,4.14,4.38
2024,BOS202407110,BOS,OAK,3,0,houct001,medil002,3.12,5.18
2024,BOS202407120,BOS,KCA,0,1,crisc002,ragac001,4.08,3.14
2024,BOS202407130,BOS,KCA,0,0,crawk001,lugos001,4.36,3.0
2024,BOS202407140,BOS,KCA,2,1,bellb002,singb001,4.49,3.71
2024,BOS202407260,BOS,NYA,1,0,hornb002,weavl001,6.5,2.89
2024,BOS202407270,BOS,NYA,3,3,andec001,holmc001,5.4,3.14
2024,BOS202407280,BOS,NYA,0,3,houct001,rodoc001,3.12,3.96
2024,BOS202407290,BOS,SEA,0,0,piven001,gilbl002,4.14,3.23
2024,BOS202407300,BOS,SEA,0,1,paxtj001,castl003,4.4,3.64
2024,BOS202407310,BOS,SEA,1,0,kellz001,diazj007,3.97,4.66
2024,BOS202408090,BOS,HOU,0,1,simsl001,ort-k001,4.38,2.55
2024,BOS202408100,BOS,HOU,0,1,kellb003,arris001,5.44,4.53
2024,BOS202408110,BOS,HOU,0,0,simsl001,browh001,4.38,3.49
2024,BOS202408120,BOS,TEX,0,0,wincj001,garag001,4.14,4.78
2024,BOS202408130,BOS,TEX,1,0,crawk001,urenj001,4.36,3.8
2024,BOS202408140,BOS,TEX,0,0,kellz001,festm001,3.97,5.7
2024,BOS202408230,BOS,ARI,1,2,bellb002,nelsr003,4.49,4.24
2024,BOS202408240,BOS,ARI,0,0,crawk001,gallz001,4.36,3.65
2024,BOS202408250,BOS,ARI,1,0,houct001,kellm002,3.12,4.03
2024,BOS202408260,BOS,TOR,0,0,kellb003,berrj001,5.44,3.6
2024,BOS202408270,BOS,TOR,3,0,weisg001,rodry003,3.13,4.47
2024,BOS202408280,BOS,TOR,1,0,bellb002,bassc001,4.49,4.16
2024,BOS202408290,BOS,TOR,0,0,crawk001,franb002,4.36,3.3
2024,BOS202409060,BOS,CHA,0,0,kellz001,fostm001,3.97,2.7
2024,BOS202409070,BOS,CHA,4,2,crisc002,crocg001,4.08,3.58
2024,BOS202409080,BOS,CHA,0,0,kellz001,ellaf001,3.97,3.75
2024,BOS202409090,BOS,BAL,1,1,bellb002,povic001,4.49,5.2
2024,BOS202409100,BOS,BAL,0,1,crawk001,suara001,4.36,3.7
2024,BOS202409110,BOS,BAL,0,0,weisg001,akink001,3.13,3.32
2024,BOS202409200,BOS,MIN,0,0,crisc002,blews001,4.08,1.77
2024,BOS202409221,BOS,MIN,3,0,piven001,lopep002,4.14,4.08
2024,BOS202409222,BOS,MIN,0,0,crawk001,irvic001,4.36,5.11
2024,BOS202409270,BOS,TBA,0,0,piven001,bradt002,4.14,4.11
2024,BOS202409280,BOS,TBA,1,0,crawk001,baz-s001,4.36,3.06
2024,BOS202409290,BOS,TBA,0,0,prieq001,pepir001,4.71,3.6
2024,CHA202403280,CHA,DET,0,0,crocg001,skubt001,3.58,2.39
2024,CHA202403300,CHA,DET,2,3,garcd003,mills001,7.07,4.53
2024,CHA202403310,CHA,DET,0,0,wilss002,holtt002,5.71,2.19
2024,CHA202404010,CHA,ATL,0,0,flexc001,mortc002,4.95,4.19
2024,CHA202404020,CHA,ATL,0,0,crocg001,minta001,3.58,2.62
2024,CHA202404120,CHA,CIN,0,1,flexc001,abboa001,4.95,3.72
2024,CHA202404130,CHA,CIN,0,0,crocg001,lodon001,3.58,4.76
2024,CHA202404140,CHA,CIN,0,0,sorom001,ashcg001,4.74,5.24
2024,CHA202404150,CHA,KCA,0,0,nastn001,lugos001,7.07,3.0
2024,CHA202404171,CHA,KCA,0,0,kopem001,anden001,3.46,4.04
2024,CHA202404172,CHA,KCA,0,0,fedde001,wachm001,3.3,3.35
2024,CHA202404260,CHA,TBA,0,0,flexc001,efliz001,4.95,3.59
2024,CHA202404270,CHA,TBA,0,0,garcd003,matop002,7.07,3.66
2024,CHA202404280,CHA,TBA,0,0,fedde001,littz001,3.3,3.63
2024,CHA202404290,CHA,MIN,2,0,brebj001,jax-g001,5.86,2.03
2024,CHA202404300,CHA,MIN,0,0,kopem001,thiec001,3.46,5.32
2024,CHA202405010,CHA,MIN,2,0,leond003,oberb002,6.63,3.98
2024,CHA202405090,CHA,CLE,1,0,fedde001,liveb001,3.3,3.81
2024,CHA202405100,CHA,CLE,0,0,crocg001,carrc003,3.58,5.64
2024,CHA202405110,CHA,CLE,0,0,hillt002,mcket001,3.36,5.11
2024,CHA202405120,CHA,CLE,0,0,sorom001,allel003,4.74,5.73
2024,CHA202405141,CHA,WAS,0,0,brebj001,law-d001,5.86,2.6
2024,CHA202405142,CHA,WAS,0,0,fedde001,parkm001,3.3,4.29
2024,CHA202405150,CHA,WAS,0,0,crocg001,corbp001,3.58,5.62
2024,CHA202405230,CHA,BAL,1,0,clevm001,rodrg003,6.75,3.86
2024,CHA202405240,CHA,BAL,0,0,brebj001,canoy001,5.86,3.15
2024,CHA202405250,CHA,BAL,0,0,kopem001,tated001,3.46,4.66
2024,CHA202405260,CHA,BAL,0,0,crocg001,bradk001,3.58,2.75
2024,CHA202405270,CHA,TOR,0,0,nastn001,bassc001,7.07,4.16
2024,CHA202405280,CHA,TOR,0,0,woodj003,gausk001,7.97,3.83
2024,CHA202405290,CHA,TOR,0,0,flexc001,richt001,4.95,4.55
2024,CHA202406060,CHA,BOS,0,1,woodj003,houct001,7.97,3.12
2024,CHA202406070,CHA,BOS,1,0,crocg001,crisc002,3.58,4.08
2024,CHA202406080,CHA,BOS,0,0,bankt001,bellb002,3.98,4.49
2024,CHA202406090,CHA,BOS,0,0,sorom001,jansk001,4.74,3.29
2024,CHA202406180,CHA,HOU,0,0,cannj001,valdf001,4.49,2.91
2024,CHA202406190,CHA,HOU,0,0,crocg001,browh001,3.58,3.49
2024,CHA202406200,CHA,HOU,0,1,wilss002,scott004,5.71,2.23
2024,CHA202406240,CHA,LAN,0,0,wilss002,hudsd001,5.71,3.0
2024,CHA202406250,CHA,LAN,3,1,flexc001,petem001,4.95,5.95
2024,CHA202406260,CHA,LAN,0,1,fedde001,stong001,3.3,3.53
2024,CHA202406270,CHA,ATL,1,0,shusj001,salec001,4.3,2.38
2024,CHA202406280,CHA,COL,0,0,thord001,hudsd002,5.48,6.17
2024,CHA202406290,CHA,COL,0,0,bankt001,quanc001,3.98,4.98
2024,CHA202406300,CHA,COL,0,0,sorom001,beekj001,4.74,4.5
2024,CHA202407080,CHA,MIN,0,1,shusj001,duraj002,4.3,3.64
2024,CHA202407101,CHA,MIN,0,0,fedde001,oberb002,3.3,3.98
2024,CHA202407102,CHA,MIN,0,0,sorom001,okers001,4.74,5.09
2024,CHA202407120,CHA,PIT,0,0,cannj001,gonzm005,4.49,4.54
2024,CHA202407130,CHA,PIT,0,1,flexc001,nicok001,4.95,3.95
2024,CHA202407140,CHA,PIT,1,0,kuhlc001,prieq001,5.06,4.71
2024,CHA202407260,CHA,SEA,0,8,thord001,kirbg001,5.48,3.53
2024,CHA202407270,CHA,SEA,0,0,fedde001,snidc001,3.3,1.94
2024,CHA202407280,CHA,SEA,0,2,crocg001,millb004,3.58,2.94
2024,CHA202407290,CHA,KCA,1,0,brebj001,strac001,5.86,5.55
2024,CHA202407300,CHA,KCA,1,0,ellaf001,wachm001,3.75,3.35
2024,CHA202407310,CHA,KCA,0,1,thord001,singb001,5.48,3.71
2024,CHA202408090,CHA,CHN,0,3,crocg001,tailj001,3.58,3.27
2024,CHA202408100,CHA,CHN,0,0,kuhlc001,hodgp001,5.06,1.88
2024,CHA202408120,CHA,NYA,2,1,toust001,gil-l001,7.43,3.5
2024,CHA202408130,CHA,NYA,0,0,cannj001,cortn001,4.49,3.77
2024,CHA202408140,CHA,NYA,0,1,leond003,hillt002,6.63,3.36
2024,CHA202408230,CHA,DET,0,1,ellaf001,vestw001,3.75,2.82
2024,CHA202408240,CHA,DET,0,1,bushk001,skubt001,5.6,2.39
2024,CHA202408250,CHA,DET,2,0,cannj001,sammb001,4.49,3.62
2024,CHA202408260,CHA,DET,1,0,shusj001,guens001,4.3,0.86
2024,CHA202408270,CHA,TEX,0,1,flexc001,festm001,4.95,5.7
2024,CHA202408280,CHA,TEX,2,0,andej005,urenj001,4.39,3.8
2024,CHA202408290,CHA,TEX,0,0,nastn001,eovan001,7.07,3.8
2024,CHA202408300,CHA,NYN,1,0,cannj001,megit002,4.49,4.04
2024,CHA202408310,CHA,NYN,0,3,martd006,quinj001,4.32,3.75
2024,CHA202409010,CHA,NYN,0,0,crocg001,manas001,3.58,3.47
2024,CHA202409090,CHA,CLE,0,2,shusj001,cantj002,4.3,4.89
2024,CHA202409100,CHA,CLE,0,0,cannj001,avilp001,4.49,3.81
2024,CHA202409110,CHA,CLE,0,2,martd006,sandn001,4.32,3.75
2024,CHA202409130,CHA,OAK,0,0,crocg001,bassb002,3.58,4.03
2024,CHA202409140,CHA,OAK,0,0,varlg001,harrh002,3.42,2.86
2024,CHA202409150,CHA,OAK,3,0,burks001,searj001,1.42,4.38
2024,CHA202409240,CHA,ANA,0,0,berrp001,strih001,3.32,3.31
2024,CHA202409250,CHA,ANA,0,0,shusj001,quijj001,4.3,3.26
2024,CHA202409260,CHA,ANA,0,0,flexc001,andet002,4.95,3.81
2024,CHN202404010,CHN,COL,0,0,imans001,hudsd002,2.91,6.17
2024,CHN202404020,CHN,COL,2,0,assaj001,freek001,3.73,5.24
2024,CHN202404030,CHN,COL,0,0,alzoa001,mearn001,4.67,5.93
2024,CHN202404050,CHN,LAN,0,2,smyld001,millb005,3.84,8.52
2024,CHN202404060,CHN,LAN,0,0,wickj001,yamay001,5.48,3.0
2024,CHN202404070,CHN,LAN,3,0,almoy001,stong001,3.45,3.53
2024,CHN202404190,CHN,MIA,2,0,tailj001,puk-a001,3.27,3.15
2024,CHN202404201,CHN,MIA,0,0,alzoa001,faucc001,4.67,3.19
2024,CHN202404202,CHN,MIA,1,0,imans001,benda001,2.91,4.08
2024,CHN202404210,CHN,MIA,0,0,hendk001,cabre003,5.92,4.95
2024,CHN202404230,CHN,HOU,5,0,wickj001,franj006,5.48,7.46
2024,CHN202404240,CHN,HOU,4,0,tailj001,arris001,3.27,4.53
2024,CHN202404250,CHN,HOU,0,1,wesnh001,montr004,3.86,4.7
2024,CHN202405030,CHN,MIL,0,0,alzoa001,pegue001,4.67,2.98
2024,CHN202405040,CHN,MIL,2,0,tailj001,myert001,3.27,3.0
2024,CHN202405050,CHN,MIL,0,0,assaj001,peraf001,3.73,3.68
2024,CHN202405060,CHN,SDN,0,0,lover001,darvy001,4.46,3.31
2024,CHN202405070,CHN,SDN,0,0,nerih001,deloe001,4.1,5.2
2024,CHN202405080,CHN,SDN,0,1,wesnh001,ceasd001,3.86,3.47
2024,CHN202405160,CHN,PIT,0,2,steej002,jonej008,3.07,4.14
2024,CHN202405170,CHN,PIT,0,0,hendk001,skenp001,5.92,1.96
2024,CHN202405180,CHN,PIT,0,0,nerih001,bednd001,4.1,5.77
2024,CHN202405190,CHN,PIT,0,0,tailj001,kellm003,3.27,4.25
2024,CHN202405210,CHN,ATL,0,0,littl001,bumma001,3.46,3.58
2024,CHN202405220,CHN,ATL,0,0,steej002,friem001,3.07,3.25
2024,CHN202405230,CHN,ATL,0,0,wesnh001,lee-d005,3.86,2.11
2024,CHN202405310,CHN,CIN,0,0,smyld001,cruzf002,3.84,4.86
2024,CHN202406010,CHN,CIN,0,0,leitm002,simsl001,4.5,4.38
2024,CHN202406020,CHN,CIN,0,0,browb006,lodon001,3.58,4.76
2024,CHN202406040,CHN,CHA,0,0,littl001,leasj001,3.46,6.32
2024,CHN202406050,CHN,CHA,0,1,nerih001,kopem001,4.1,3.46
2024,CHN202406140,CHN,SLN,0,0,wesnh001,gibsk002,3.86,4.24
2024,CHN202406150,CHN,SLN,0,0,imans001,palla001,2.91,3.78
2024,CHN202406160,CHN,SLN,0,0,tailj001,mikom001,3.27,5.35
2024,CHN202406170,CHN,SFN,0,0,nerih001,mille002,4.1,3.88
2024,CHN202406180,CHN,SFN,0,0,millt003,roget002,2.32,2.82
2024,CHN202406190,CHN,SFN,0,0,hendk001,bives001,5.92,3.14
2024,CHN202406210,CHN,NYN,1,3,imans001,quinj001,2.91,3.75
2024,CHN202406220,CHN,NYN,5,0,tailj001,megit002,3.27,4.04
2024,CHN202406230,CHN,NYN,0,0,assaj001,sevel001,3.73,3.91
2024,CHN202407020,CHN,PHI,0,0,wesnh001,mercm002,3.86,11.08
2024,CHN202407030,CHN,PHI,0,0,millt003,stram001,2.32,1.87
2024,CHN202407040,CHN,PHI,0,1,tailj001,sancc002,3.27,3.32
2024,CHN202407050,CHN,ANA,2,0,steej002,canng001,3.07,5.19
2024,CHN202407060,CHN,ANA,0,1,hendk001,andet002,5.92,3.81
2024,CHN202407070,CHN,ANA,0,0,wesnh001,sorij002,3.86,3.42
2024,CHN202407190,CHN,ARI,0,0,steej002,nelsr003,3.07,4.24
2024,CHN202407200,CHN,ARI,0,0,hendk001,gallz001,5.92,3.65
2024,CHN202407210,CHN,ARI,0,0,nerih001,mantj002,4.1,3.92
2024,CHN202407220,CHN,MIL,0,0,smyld001,myert001,3.84,3.0
2024,CHN202407230,CHN,MIL,0,0,tailj001,pegue001,3.27,2.98
2024,CHN202407240,CHN,MIL,1,1,nerih001,junij001,4.1,2.69
2024,CHN202408010,CHN,SLN,0,1,pearn001,helsr001,4.48,2.04
2024,CHN202408020,CHN,SLN,0,0,millt003,fedde001,2.32,3.3
2024,CHN202408030,CHN,SLN,2,1,nerih001,romej002,4.1,3.36
2024,CHN202408040,CHN,SLN,0,0,steej002,mikom001,3.07,5.35
2024,CHN202408050,CHN,MIN,0,0,hendk001,festd001,5.92,4.9
2024,CHN202408060,CHN,MIN,3,0,imans001,lopep002,2.91,4.08
2024,CHN202408070,CHN,MIN,1,1,lopej004,richt001,2.89,4.55
2024,CHN202408160,CHN,TOR,2,0,millt003,greec003,2.32,3.21
2024,CHN202408170,CHN,TOR,1,0,pearn001,bassc001,4.48,4.16
2024,CHN202408180,CHN,TOR,0,0,imans001,franb002,2.91,3.3
2024,CHN202408200,CHN,DET,0,0,assaj001,sammb001,3.73,3.62
2024,CHN202408210,CHN,DET,0,0,tailj001,hurtb001,3.27,2.58
2024,CHN202408220,CHN,DET,0,0,steej002,maedk001,3.07,6.09
2024,CHN202409020,CHN,PIT,0,0,lopej004,beekj001,2.89,4.5
2024,CHN202409030,CHN,PIT,0,0,hendk001,skenp001,5.92,1.96
2024,CHN202409040,CHN,PIT,1,0,imans001,germd001,2.91,7.84
2024,CHN202409060,CHN,NYA,0,0,wickj001,gil-l001,5.48,3.5
2024,CHN202409070,CHN,NYA,0,1,assaj001,cortn001,3.73,3.77
2024,CHN202409080,CHN,NYA,2,0,tailj001,coleg001,3.27,3.41
2024,CHN202409160,CHN,OAK,1,0,imans001,estej001,2.91,5.01
2024,CHN202409170,CHN,OAK,0,2,wickj001,spenm001,5.48,4.58
2024,CHN202409180,CHN,OAK,0,0,pearn001,fergt001,4.48,3.68
2024,CHN202409190,CHN,WAS,1,1,robee001,garcr008,3.71,4.22
2024,CHN202409200,CHN,WAS,1,0,tailj001,willt002,3.27,2.03
2024,CHN202409210,CHN,WAS,0,0,hendk001,gorem001,5.92,3.9
2024,CHN202409220,CHN,WAS,2,0,imans001,irvij001,2.91,4.41
2024,CHN202409270,CHN,CIN,0,0,tailj001,martn002,3.27,3.1
2024,CHN202409280,CHN,CIN,0,0,millt003,farmb001,2.32,3.04
2024,CHN202409290,CHN,CIN,0,0,robee001,santt001,3.71,3.0
2024,CIN202403280,CIN,WAS,0,0,montf001,grayj004,4.84,14.04
2024,CIN202403300,CIN,WAS,0,0,diaza004,harvh001,3.99,4.44
2024,CIN202403310,CIN,WAS,0,0,simsl001,finnk001,4.38,3.68
2024,CIN202404050,CIN,NYN,1,0,cruzf002,smitd009,4.86,3.06
2024,CIN202404060,CIN,NYN,0,0,pagae001,ramiy002,4.5,6.2
2024,CIN202404070,CIN,NYN,0,1,abboa001,manas001,3.72,3.47
2024,CIN202404080,CIN,MIL,0,0,ashcg001,ashba003,5.24,2.86
2024,CIN202404090,CIN,MIL,0,0,montf001,rossj002,4.84,3.77
2024,CIN202404100,CIN,MIL,0,2,greeh001,wilsb003,2.75,4.04
2024,CIN202404190,CIN,ANA,0,0,lodon001,andet002,4.76,3.81
2024,CIN202404200,CIN,ANA,5,2,ashcg001,sandp002,5.24,5.08
2024,CIN202404210,CIN,ANA,0,0,pagae001,sorij002,4.5,3.42
2024,CIN202404220,CIN,PHI,0,0,greeh001,suarr001,2.75,3.46
2024,CIN202404230,CIN,PHI,1,1,cruzf002,sancc002,4.86,3.32
2024,CIN202404240,CIN,PHI,0,1,wilsj004,domis001,5.59,4.45
2024,CIN202404250,CIN,PHI,0,0,martn002,wheez001,3.1,2.57
2024,CIN202405030,CIN,BAL,0,0,pagae001,irvic001,4.5,5.11
2024,CIN202405040,CIN,BAL,0,0,abboa001,meanj001,3.72,2.61
2024,CIN202405050,CIN,BAL,0,3,lodon001,kremd001,4.76,4.1
2024,CIN202405070,CIN,ARI,0,0,montf001,gallz001,4.84,3.65
2024,CIN202405080,CIN,ARI,0,0,ashcg001,montj004,5.24,6.23
2024,CIN202405090,CIN,ARI,0,1,cruzf002,ginkk001,4.86,3.21
2024,CIN202405210,CIN,SDN,0,0,abboa001,musgj001,3.72,3.88
2024,CIN202405220,CIN,SDN,1,1,martn002,kingm002,3.1,2.95
2024,CIN202405230,CIN,SDN,1,2,molls001,estrj002,3.35,2.95
2024,CIN202405240,CIN,LAN,3,0,ashcg001,ramiy002,5.24,6.2
2024,CIN202405250,CIN,LAN,1,0,greeh001,buehw001,2.75,5.38
2024,CIN202405260,CIN,LAN,0,0,martn002,yamay001,3.1,3.0
2024,CIN202405270,CIN,SLN,1,1,lodon001,lynnl001,4.76,3.84
2024,CIN202405280,CIN,SLN,0,0,abboa001,gibsk002,3.72,4.24
2024,CIN202405290,CIN,SLN,0,0,montf001,palla001,4.84,3.78
2024,CIN202406060,CIN,CHN,0,0,greeh001,assaj001,2.75,3.73
2024,CIN202406070,CIN,CHN,0,0,lodon001,steej002,4.76,3.07
2024,CIN202406080,CIN,CHN,1,1,abboa001,browb006,3.72,3.58
2024,CIN202406090,CIN,CHN,0,3,montf001,imans001,4.84,2.91
2024,CIN202406110,CIN,CLE,1,0,martn002,mcket001,3.1,5.11
2024,CIN202406120,CIN,CLE,1,0,lodon001,bibet001,4.76,3.47
2024,CIN202406210,CIN,BOS,1,0,abboa001,crawk001,3.72,4.36
2024,CIN202406220,CIN,BOS,2,0,wilsj004,kellz001,5.59,3.97
2024,CIN202406230,CIN,BOS,0,0,lodon001,bernb001,4.76,4.06
2024,CIN202406240,CIN,PIT,0,0,spiec001,faltb001,5.46,4.43
2024,CIN202406250,CIN,PIT,0,3,greeh001,kellm003,2.75,4.25
2024,CIN202406260,CIN,PIT,0,0,ashcg001,ortil003,5.24,
2024,CIN202407050,CIN,DET,0,0,spiec001,olsor001,5.46,3.53
2024,CIN202407060,CIN,DET,0,0,cruzf002,mills001,4.86,4.53
2024,CIN202407070,CIN,DET,0,0,ashcg001,skubt001,5.24,2.39
2024,CIN202407080,CIN,COL,0,0,abboa001,feltr001,3.72,4.49
2024,CIN202407090,CIN,COL,0,0,martn002,quanc001,3.1,4.98
2024,CIN202407100,CIN,COL,0,0,montf001,freek001,4.84,5.24
2024,CIN202407110,CIN,COL,0,0,greeh001,gomba001,2.75,4.75
2024,CIN202407120,CIN,MIA,2,0,spiec001,chiry001,5.46,6.3
2024,CIN202407130,CIN,MIA,0,0,molls001,cabre003,3.35,4.95
2024,CIN202407140,CIN,MIA,0,0,cruzf002,puk-a001,4.86,3.15
2024,CIN202407290,CIN,CHN,0,0,spiec001,tailj001,5.46,3.27
2024,CIN202407300,CIN,CHN,2,0,martn002,steej002,3.1,3.07
2024,CIN202407310,CIN,CHN,0,0,lodon001,hendk001,4.76,5.92
2024,CIN202408020,CIN,SFN,0,0,abboa001,snelb001,3.72,3.12
2024,CIN202408030,CIN,SFN,0,0,greeh001,harrk001,2.75,4.56
2024,CIN202408040,CIN,SFN,0,0,spiec001,ray-r002,5.46,4.7
2024,CIN202408120,CIN,SLN,0,0,abboa001,grays001,3.72,3.84
2024,CIN202408130,CIN,SLN,1,0,greeh001,fedde001,2.75,3.3
2024,CIN202408140,CIN,SLN,0,0,molls001,gibsk002,3.35,4.24
2024,CIN202408160,CIN,KCA,0,0,martn002,lorem002,3.1,3.31
2024,CIN202408170,CIN,KCA,0,1,lodon001,wachm001,4.76,3.35
2024,CIN202408180,CIN,KCA,0,0,abboa001,singb001,3.72,3.71
2024,CIN202408270,CIN,OAK,0,0,santt001,otanm001,3.0,3.44
2024,CIN202408280,CIN,OAK,0,1,pagae001,fergt001,4.5,3.68
2024,CIN202408290,CIN,OAK,0,2,pagae001,holmg002,4.5,4.02
2024,CIN202408301,CIN,MIL,1,0,diaza004,megit001,3.99,2.72
2024,CIN202408302,CIN,MIL,0,0,lowdr001,halld004,1.17,5.02
2024,CIN202408310,CIN,MIL,0,0,wilsj004,ashba003,5.59,2.86
2024,CIN202409010,CIN,MIL,0,0,diaza004,wilsb003,3.99,4.04
2024,CIN202409020,CIN,HOU,2,0,spiec001,verlj001,5.46,5.48
2024,CIN202409040,CIN,HOU,9,0,martn002,arris001,3.1,4.53
2024,CIN202409050,CIN,HOU,0,0,santt001,abreb002,3.0,3.1
2024,CIN202409170,CIN,ATL,1,3,suteb001,johnp001,3.15,3.67
2024,CIN202409180,CIN,ATL,0,0,santt001,schws001,3.0,3.35
2024,CIN202409190,CIN,ATL,0,0,aguij002,salec001,6.25,2.38
2024,CIN202409200,CIN,PIT,1,0,martn002,kellm003,3.1,4.25
2024,CIN202409210,CIN,PIT,0,0,lowdr001,jonej008,1.17,4.14
2024,CIN202409220,CIN,PIT,0,1,greeh001,skenp001,2.75,1.96
2024,CLE202404080,CLE,CHA,0,0,mcket001,bankt001,5.11,3.98
2024,CLE202404090,CLE,CHA,2,5,barls001,wilss002,4.25,5.71
2024,CLE202404100,CLE,CHA,0,2,morge001,shawb001,1.93,9.0
2024,CLE202404131,CLE,NYA,0,0,carrc003,schmc002,5.64,2.85
2024,CLE202404132,CLE,NYA,0,2,mcket001,potec001,5.11,2.22
2024,CLE202404140,CLE,NYA,0,0,beedt001,fergc001,8.36,4.64
2024,CLE202404190,CLE,OAK,0,1,mcket001,boylj001,5.11,6.42
2024,CLE202404200,CLE,OAK,2,0,allel003,wooda002,5.73,5.26
2024,CLE202404210,CLE,OAK,0,0,bibet001,strir001,3.47,6.01
2024,CLE202404230,CLE,BOS,0,0,barls001,houct001,4.25,3.12
2024,CLE202404240,CLE,BOS,0,1,carrc003,crisc002,5.64,4.08
2024,CLE202404250,CLE,BOS,0,0,gaddh001,andec001,1.57,5.4
2024,CLE202405030,CLE,ANA,0,0,bibet001,sorij002,3.47,3.42
2024,CLE202405040,CLE,ANA,0,0,liveb001,detmr001,3.81,6.7
2024,CLE202405050,CLE,ANA,0,0,carrc003,canng001,5.64,5.19
2024,CLE202405060,CLE,DET,1,1,sandn001,flahj002,3.75,3.17
2024,CLE202405070,CLE,DET,2,1,avilp001,holtt002,3.81,2.19
2024,CLE202405080,CLE,DET,0,0,clase001,langa001,0.61,4.34
2024,CLE202405170,CLE,MIN,0,0,herrt002,duraj002,1.92,3.64
2024,CLE202405180,CLE,MIN,2,0,allel003,oberb002,5.73,3.98
2024,CLE202405190,CLE,MIN,2,0,clase001,duraj002,0.61,3.64
2024,CLE202405200,CLE,NYN,2,0,liveb001,megit002,3.81,4.04
2024,CLE202405210,CLE,NYN,0,0,sandn001,housa001,3.75,5.84
2024,CLE202405220,CLE,NYN,0,1,gaddh001,garrr001,1.57,3.77
2024,CLE202405310,CLE,WAS,0,0,bibet001,corbp001,3.47,5.62
2024,CLE202406010,CLE,WAS,2,0,liveb001,parkm001,3.81,4.29
2024,CLE202406020,CLE,WAS,0,0,carrc003,irvij001,5.64,4.41
2024,CLE202406040,CLE,KCA,0,0,smitc009,longs002,1.91,3.16
2024,CLE202406060,CLE,KCA,1,1,gaddh001,longs002,1.57,3.16
2024,CLE202406180,CLE,SEA,0,0,mcket001,millb004,5.11,2.94
2024,CLE202406190,CLE,SEA,1,0,bibet001,woo-b001,3.47,2.89
2024,CLE202406200,CLE,SEA,1,2,allel003,castl003,5.73,3.64
2024,CLE202406210,CLE,TOR,0,0,carrc003,rodry003,5.64,4.47
2024,CLE202406220,CLE,TOR,0,0,liveb001,berrj001,3.81,3.6
2024,CLE202406230,CLE,TOR,1,2,herrt002,kikuy001,1.92,4.05
2024,CLE202407020,CLE,CHA,0,1,clase001,kopem001,0.61,3.46
2024,CLE202407030,CLE,CHA,0,1,willg004,fedde001,4.86,3.3
2024,CLE202407040,CLE,CHA,1,0,liveb001,shusj001,3.81,4.3
2024,CLE202407050,CLE,SFN,0,3,bibet001,walkr001,3.47,1.91
2024,CLE202407060,CLE,SFN,3,0,avilp001,harrk001,3.81,4.56
2024,CLE202407070,CLE,SFN,0,0,smitc009,hjels001,1.91,3.9
2024,CLE202407190,CLE,SDN,0,0,bibet001,waldm003,3.47,4.91
2024,CLE202407200,CLE,SDN,0,0,willg004,ceasd001,4.86,3.47
2024,CLE202407210,CLE,SDN,0,0,liveb001,kingm002,3.81,2.95
2024,CLE202407220,CLE,DET,0,2,carrc003,skubt001,5.64,2.39
2024,CLE202407230,CLE,DET,0,0,smitc009,wentj001,1.91,4.68
2024,CLE202407240,CLE,DET,0,1,gaddh001,brieb001,1.57,3.59
2024,CLE202407250,CLE,DET,0,0,willg004,lucae002,4.86,10.8
2024,CLE202408010,CLE,BAL,2,1,liveb001,roget003,3.81,4.92
2024,CLE202408020,CLE,BAL,0,0,smitc009,kremd001,1.91,4.1
2024,CLE202408030,CLE,BAL,0,0,cantj002,efliz001,4.89,3.59
2024,CLE202408040,CLE,BAL,0,1,willg004,burnc002,4.86,2.92
2024,CLE202408050,CLE,ARI,2,2,clase001,thomr007,0.61,3.26
2024,CLE202408071,CLE,ARI,0,0,liveb001,pfaab001,3.81,4.71
2024,CLE202408072,CLE,ARI,0,0,carrc003,rodre004,5.64,5.04
2024,CLE202408120,CLE,CHN,0,0,sandn001,merrj001,3.75,6.6
2024,CLE202408130,CLE,CHN,0,0,avilp001,smyld001,3.81,3.84
2024,CLE202408140,CLE,CHN,0,0,cobba001,tailj001,2.76,3.27
2024,CLE202408230,CLE,TEX,0,0,bibet001,eovan001,3.47,3.8
2024,CLE202408240,CLE,TEX,1,1,liveb001,grayj003,3.81,4.47
2024,CLE202408250,CLE,TEX,1,0,boydm001,bradc003,2.72,3.54
2024,CLE202408261,CLE,KCA,0,0,gaddh001,schrj001,1.57,3.66
2024,CLE202408262,CLE,KCA,3,0,allel003,longs002,5.73,3.16
2024,CLE202408270,CLE,KCA,0,0,willg004,mcarj001,4.86,4.92
2024,CLE202408280,CLE,KCA,1,2,morge001,ercel001,1.93,3.36
2024,CLE202408300,CLE,PIT,2,0,avilp001,mlodc001,3.81,3.38
2024,CLE202408310,CLE,PIT,0,0,boydm001,ortil003,2.72,
2024,CLE202409010,CLE,PIT,2,0,cobba001,kellm003,2.76,4.25
2024,CLE202409120,CLE,TBA,1,1,willg004,sulsc001,4.86,2.76
2024,CLE202409130,CLE,TBA,0,0,bibet001,littz001,3.47,3.63
2024,CLE202409140,CLE,TBA,0,0,cantj002,alext001,4.89,5.1
2024,CLE202409150,CLE,TBA,0,0,liveb001,bradt002,3.81,4.11
2024,CLE202409160,CLE,MIN,0,0,walta001,jax-g001,0.0,2.03
2024,CLE202409170,CLE,MIN,0,0,willg004,sandc001,4.86,3.28
2024,CLE202409180,CLE,MIN,0,1,gaddh001,henrr001,1.57,3.26
2024,CLE202409190,CLE,MIN,1,0,morge001,thiec001,1.93,5.32
2024,CLE202409240,CLE,CIN,3,0,bibet001,spiec001,3.47,5.46
2024,CLE202409250,CLE,CIN,1,0,gaddh001,pagae001,1.57,4.5
2024,CLE202409270,CLE,HOU,0,1,cantj002,blanr001,4.89,2.8
2024,CLE202409280,CLE,HOU,2,1,liveb001,verlj001,3.81,5.48
2024,COL202404050,COL,TBA,1,1,beekj001,fairp001,4.5,3.57
2024,COL202404060,COL,TBA,0,1,beekj001,cleag001,4.5,3.75
2024,COL202404070,COL,TBA,0,0,hudsd002,pepir001,6.17,3.6
2024,COL202404080,COL,ARI,1,0,lambp001,mcgos001,5.72,7.44
2024,COL202404090,COL,ARI,1,2,quanc001,kellm002,4.98,4.03
2024,COL202404100,COL,ARI,1,1,lawrj002,mantj002,6.49,3.92
2024,COL202404200,COL,SEA,0,0,hudsd002,castl003,6.17,3.64
2024,COL202404211,COL,SEA,0,0,lawrj002,munoa002,6.49,2.12
2024,COL202404212,COL,SEA,2,0,lambp001,hance001,5.72,4.75
2024,COL202404220,COL,SDN,0,0,mearn001,ceasd001,5.93,3.47
2024,COL202404230,COL,SDN,0,2,beekj001,kingm002,4.5,2.95
2024,COL202404240,COL,SDN,0,4,blact002,waldm003,6.94,4.91
2024,COL202404250,COL,SDN,1,0,kinlt001,peraw002,6.19,3.99
2024,COL202404270,COL,HOU,2,0,quanc001,blanr001,4.98,2.8
2024,COL202404280,COL,HOU,0,2,gomba001,valdf001,4.75,2.91
2024,COL202405070,COL,SFN,0,0,hudsd002,harrk001,6.17,4.56
2024,COL202405080,COL,SFN,0,0,lambp001,hickj002,5.72,4.1
2024,COL202405090,COL,SFN,0,0,quanc001,winnk001,4.98,7.16
2024,COL202405100,COL,TEX,0,0,birdj001,andeg002,4.5,8.1
2024,COL202405110,COL,TEX,0,0,kinlt001,robed002,6.19,3.0
2024,COL202405120,COL,TEX,2,1,blact002,urenj001,6.94,3.8
2024,COL202405240,COL,PHI,0,0,kinlt001,sotog003,6.19,4.42
2024,COL202405250,COL,PHI,1,1,lawrj002,ruizj001,6.49,3.71
2024,COL202405260,COL,PHI,2,0,quanc001,suarr001,4.98,3.46
2024,COL202405270,COL,CLE,0,1,rogej003,currx001,6.55,4.64
2024,COL202405280,COL,CLE,0,2,lambp001,smitc009,5.72,1.91
2024,COL202405290,COL,CLE,1,2,blact002,allel003,6.94,5.73
2024,COL202406030,COL,CIN,1,0,feltr001,abboa001,4.49,3.72
2024,COL202406040,COL,CIN,0,1,blact002,montf001,6.94,4.84
2024,COL202406050,COL,CIN,4,0,beekj001,cruzf002,4.5,4.86
2024,COL202406140,COL,PIT,0,1,feltr001,ortil003,4.49,
2024,COL202406150,COL,PIT,0,0,blact002,jonej008,6.94,4.14
2024,COL202406160,COL,PIT,0,0,hudsd002,mlodc001,6.17,3.38
2024,COL202406170,COL,LAN,0,1,quanc001,paxtj001,4.98,4.4
2024,COL202406180,COL,LAN,4,0,vodnv001,petem001,4.28,5.95
2024,COL202406190,COL,LAN,3,0,beekj001,ramiy002,4.5,6.2
2024,COL202406200,COL,LAN,0,1,blact002,stong001,6.94,3.53
2024,COL202406210,COL,WAS,0,0,hudsd002,flord002,6.17,3.8
2024,COL202406220,COL,WAS,1,0,beekj001,finnk001,4.5,3.68
2024,COL202406230,COL,WAS,0,0,beekj001,flord002,4.5,3.8
2024,COL202407010,COL,MIL,0,0,kinlt001,payaj001,6.19,3.05
2024,COL202407020,COL,MIL,0,0,mearn001,zastr001,5.93,1.17
2024,COL202407030,COL,MIL,0,1,hudsd002,rea-c001,6.17,4.29
2024,COL202407040,COL,MIL,1,0,molia001,myert001,6.79,3.0
2024,COL202407050,COL,KCA,0,1,vodnv001,schrj001,4.28,3.66
2024,COL202407060,COL,KCA,0,0,gomba001,lugos001,4.75,3.0
2024,COL202407070,COL,KCA,0,0,gordt002,singb001,8.65,3.71
2024,COL202407190,COL,SFN,0,0,beekj001,roget002,4.5,2.82
2024,COL202407200,COL,SFN,2,0,freek001,webbl001,5.24,3.47
2024,COL202407210,COL,SFN,0,1,feltr001,birdh001,4.49,4.75
2024,COL202407220,COL,BOS,0,0,lawrj002,hornb002,6.49,6.5
2024,COL202407230,COL,BOS,0,3,blact002,crisc002,6.94,4.08
2024,COL202407240,COL,BOS,3,0,quanc001,piven001,4.98,4.14
2024,COL202408060,COL,NYN,0,0,lawrj002,sevel001,6.49,3.91
2024,COL202408070,COL,NYN,1,1,vodnv001,buttj001,4.28,2.55
2024,COL202408080,COL,NYN,0,4,gomba001,peted003,4.75,2.9
2024,COL202408090,COL,ATL,0,1,kinlt001,minta001,6.19,2.62
2024,COL202408100,COL,ATL,0,0,chiva001,johnp001,4.55,3.67
2024,COL202408110,COL,ATL,0,1,rogej003,jimej003,6.55,2.62
2024,COL202408160,COL,SDN,4,0,quanc001,waldm003,4.98,4.91
2024,COL202408170,COL,SDN,0,0,freek001,ceasd001,5.24,3.47
2024,COL202408180,COL,SDN,0,0,chiva001,hoeib001,4.55,2.18
2024,COL202408260,COL,MIA,0,0,birdj001,cabre003,4.5,4.95
2024,COL202408270,COL,MIA,4,0,chiva001,sorig001,4.55,6.75
2024,COL202408280,COL,MIA,0,0,freek001,meyem001,5.24,5.68
2024,COL202408290,COL,MIA,0,0,blalb001,tinoj001,5.87,3.32
2024,COL202408300,COL,BAL,0,0,gomba001,suara001,4.75,3.7
2024,COL202408310,COL,BAL,0,0,crisj001,kimbc001,2.75,5.33
2024,COL202409010,COL,BAL,0,1,blact002,efliz001,6.94,3.59
2024,COL202409130,COL,CHN,0,2,vodnv001,smyld001,4.28,3.84
2024,COL202409140,COL,CHN,0,1,kinlt001,smyld001,6.19,3.84
2024,COL202409150,COL,CHN,0,0,quanc001,hendk001,4.98,5.92
2024,COL202409160,COL,ARI,0,2,halvs001,thomr007,1.46,3.26
2024,COL202409170,COL,ARI,0,0,feltr001,montj004,4.49,6.23
2024,COL202409180,COL,ARI,0,3,gomba001,rodre004,4.75,5.04
2024,COL202409240,COL,SLN,0,0,chiva001,kitta001,4.55,2.8
2024,COL202409250,COL,SLN,0,0,gomba001,fedde001,4.75,3.3
2024,COL202409260,COL,SLN,2,2,chiva001,fernr001,4.55,3.51
2024,COL202409270,COL,LAN,1,2,quanc001,caspb001,4.98,2.16
2024,COL202409280,COL,LAN,1,0,senza001,yamay001,6.57,3.0
2024,COL202409290,COL,LAN,0,0,vodnv001,phile001,4.28,3.62
2024,DET202404050,DET,OAK,0,0,folej001,ercel001,3.15,3.36
2024,DET202404060,DET,OAK,0,2,maedk001,blacp001,6.09,4.66
2024,DET202404070,DET,OAK,0,2,flahj002,boylj001,3.17,6.42
2024,DET202404120,DET,MIN,1,0,skubt001,lopep002,2.39,4.08
2024,DET202404131,DET,MIN,3,0,langa001,alcaj001,4.34,3.24
2024,DET202404132,DET,MIN,0,1,mannm001,woods002,4.88,4.17
2024,DET202404140,DET,MIN,0,0,vestw001,jax-g001,2.82,2.03
2024,DET202404150,DET,TEX,0,0,olsor001,lorem002,3.53,3.31
2024,DET202404160,DET,TEX,0,0,chafa001,urenj001,3.51,3.8
2024,DET202404170,DET,TEX,0,1,mills001,yatek001,4.53,1.17
2024,DET202404180,DET,TEX,0,1,mills001,leclj001,4.53,4.32
2024,DET202404260,DET,KCA,0,0,olsor001,lugos001,3.53,3.0
2024,DET202404270,DET,KCA,0,2,faeda001,strac001,3.61,5.55
2024,DET202404280,DET,KCA,2,1,skubt001,wachm001,2.39,3.35
2024,DET202404301,DET,SLN,0,0,mills001,libem001,4.53,4.4
2024,DET202404302,DET,SLN,2,0,holtt002,leahk001,2.19,4.07
2024,DET202405010,DET,SLN,0,0,maedk001,mikom001,6.09,5.35
2024,DET202405100,DET,HOU,0,0,chafa001,valdf001,3.51,2.91
2024,DET202405110,DET,HOU,0,0,skubt001,javic001,2.39,3.89
2024,DET202405120,DET,HOU,0,0,flahj002,verlj001,3.17,5.48
2024,DET202405130,DET,MIA,0,0,faeda001,malda001,3.61,5.68
2024,DET202405140,DET,MIA,0,0,langa001,scott003,4.34,1.75
2024,DET202405150,DET,MIA,0,2,mizec001,roget003,4.49,4.92
2024,DET202405230,DET,TOR,0,0,flahj002,gausk001,3.17,3.83
2024,DET202405240,DET,TOR,0,0,maedk001,manoa001,6.09,3.7
2024,DET202405250,DET,TOR,2,0,olsor001,berrj001,3.53,3.6
2024,DET202405260,DET,TOR,0,0,englm001,romaj004,5.4,6.59
2024,DET202405291,DET,PIT,3,0,skubt001,jonej008,2.39,4.14
2024,DET202405292,DET,PIT,0,0,montk001,skenp001,4.76,1.96
2024,DET202406070,DET,MIL,0,0,olsor001,myert001,3.53,3.0
2024,DET202406080,DET,MIL,1,1,mizec001,koenj001,4.49,2.47
2024,DET202406090,DET,MIL,2,0,skubt001,wilsb003,2.39,4.04
2024,DET202406110,DET,WAS,0,0,chafa001,finnk001,3.51,3.68
2024,DET202406120,DET,WAS,1,0,olsor001,irvij001,3.53,4.41
2024,DET202406130,DET,WAS,0,0,mills001,law-d001,4.53,2.6
2024,DET202406210,DET,CHA,0,0,flahj002,fedde001,3.17,3.3
2024,DET202406220,DET,CHA,0,0,maedk001,thord001,6.09,5.48
2024,DET202406230,DET,CHA,6,0,olsor001,cannj001,3.53,4.49
2024,DET202406240,DET,PHI,0,4,mizec001,nolaa001,4.49,3.57
2024,DET202406250,DET,PHI,0,0,skubt001,suarr001,2.39,3.46
2024,DET202406260,DET,PHI,1,1,montk001,ruizj001,4.76,3.71
2024,DET202407080,DET,CLE,0,0,holtt002,barls001,2.19,4.25
2024,DET202407090,DET,CLE,0,3,vestw001,barls001,2.82,4.25
2024,DET202407100,DET,CLE,2,0,olsor001,bibet001,3.53,3.47
2024,DET202407110,DET,CLE,1,0,flahj002,howas003,3.17,6.21
2024,DET202407120,DET,LAN,2,0,folej001,petem001,3.15,5.95
2024,DET202407130,DET,LAN,0,1,vestw001,ramiy002,2.82,6.2
2024,DET202407140,DET,LAN,0,3,faeda001,ramiy002,3.61,6.2
2024,DET202407260,DET,MIN,0,2,montk001,lopep002,4.76,4.08
2024,DET202407270,DET,MIN,1,2,skubt001,ryanj002,2.39,3.6
2024,DET202407280,DET,MIN,0,0,faeda001,oberb002,3.61,3.98
2024,DET202407290,DET,CLE,0,3,brieb001,bibet001,3.59,3.47
2024,DET202407300,DET,CLE,0,0,faeda001,willg004,3.61,4.86
2024,DET202408010,DET,KCA,0,3,montk001,lugos001,4.76,3.0
2024,DET202408020,DET,KCA,2,0,skubt001,ragac001,2.39,3.14
2024,DET202408030,DET,KCA,0,0,folej001,mcarj001,3.15,4.92
2024,DET202408040,DET,KCA,0,0,mills001,strac001,4.53,5.55
2024,DET202408130,DET,SEA,1,0,skubt001,kirbg001,2.39,3.53
2024,DET202408140,DET,SEA,0,0,holtt002,snidc001,2.19,1.94
2024,DET202408150,DET,SEA,0,1,mills001,munoa002,4.53,2.12
2024,DET202408160,DET,NYA,0,1,brieb001,coleg001,3.59,3.41
2024,DET202408170,DET,NYA,1,0,montk001,rodoc001,4.76,3.96
2024,DET202408180,DET,NYA,0,0,brieb001,leitm002,3.59,4.5
2024,DET202408270,DET,ANA,0,1,hurtb001,cuetj001,2.58,7.15
2024,DET202408280,DET,ANA,0,0,maedk001,canng001,6.09,5.19
2024,DET202408290,DET,ANA,0,0,montk001,kochj001,4.76,3.99
2024,DET202408300,DET,BOS,0,1,mills001,jansk001,4.53,3.29
2024,DET202408310,DET,BOS,0,1,skubt001,piven001,2.39,4.14
2024,DET202409010,DET,BOS,0,0,hurtb001,hillr001,2.58,4.91
2024,DET202409100,DET,COL,1,0,montk001,blalb001,4.76,5.87
2024,DET202409110,DET,COL,6,0,holtt002,gordt002,2.19,8.65
2024,DET202409120,DET,COL,0,0,folej001,halvs001,3.15,1.46
2024,DET202409130,DET,BAL,1,0,hurtb001,efliz001,2.58,3.59
2024,DET202409140,DET,BAL,0,0,maddt001,burnc002,4.3,2.92
2024,DET202409150,DET,BAL,0,0,montk001,povic001,4.76,5.2
2024,DET202409240,DET,TBA,0,0,skubt001,pepir001,2.39,3.6
2024,DET202409250,DET,TBA,2,0,guens001,littz001,0.86,3.63
2024,DET202409260,DET,TBA,0,0,brieb001,cleag001,3.59,3.75
2024,DET202409270,DET,CHA,0,0,hurtb001,shusj001,2.58,4.3
2024,DET202409280,DET,CHA,0,0,brieb001,burks001,3.59,1.42
2024,DET202409290,DET,CHA,0,0,maedk001,cannj001,6.09,4.49
2024,HOU202403280,HOU,NYA,3,0,presr001,loaij001,3.49,0.0
2024,HOU202403290,HOU,NYA,1,0,scott004,weavl001,2.23,2.89
2024,HOU202403300,HOU,NYA,0,0,abreb002,strom001,3.1,4.31
2024,HOU202403310,HOU,NYA,0,0,hadej001,burdn001,3.8,1.86
2024,HOU202404010,HOU,TOR,3,0,blanr001,franb002,2.8,3.3
2024,HOU202404020,HOU,TOR,0,0,hadej001,greec003,3.8,3.21
2024,HOU202404030,HOU,TOR,0,0,javic001,bassc001,3.89,4.16
2024,HOU202404120,HOU,TEX,1,1,franj006,dunnd001,7.46,5.31
2024,HOU202404130,HOU,TEX,0,2,abreb002,urenj001,3.1,3.8
2024,HOU202404140,HOU,TEX,1,0,javic001,eovan001,3.89,3.8
2024,HOU202404150,HOU,ATL,1,0,arris001,bumma001,4.53,3.58
2024,HOU202404160,HOU,ATL,0,0,browh001,loper003,3.49,1.99
2024,HOU202404170,HOU,ATL,1,0,marts003,minta001,3.59,2.62
2024,HOU202404300,HOU,CLE,0,3,hadej001,gaddh001,3.8,1.57
2024,HOU202405010,HOU,CLE,0,0,dubis001,smitc009,4.17,1.91
2024,HOU202405020,HOU,CLE,0,0,scott004,allel003,2.23,5.73
2024,HOU202405030,HOU,SEA,0,0,marts003,speig001,3.59,5.7
2024,HOU202405040,HOU,SEA,0,0,valdf001,gilbl002,2.91,3.23
2024,HOU202405050,HOU,SEA,0,0,hadej001,munoa002,3.8,2.12
2024,HOU202405130,HOU,OAK,0,0,arris001,strir001,4.53,6.01
2024,HOU202405140,HOU,OAK,0,0,hadej001,kellm004,3.8,2.59
2024,HOU202405150,HOU,OAK,2,0,valdf001,brooa001,2.91,5.06
2024,HOU202405160,HOU,OAK,0,0,javic001,estej001,3.89,5.01
2024,HOU202405170,HOU,MIL,0,0,browh001,peraf001,3.49,3.68
2024,HOU202405180,HOU,MIL,0,0,verlj001,milnh001,5.48,4.73
2024,HOU202405190,HOU,MIL,4,1,arris001,rea-c001,4.53,4.29
2024,HOU202405200,HOU,ANA,0,1,valdf001,suarj001,2.91,6.02
2024,HOU202405210,HOU,ANA,2,2,hadej001,estec001,3.8,2.45
2024,HOU202405220,HOU,ANA,0,0,browh001,andet002,3.49,3.81
2024,HOU202405310,HOU,MIN,0,0,blanr001,lopep002,2.8,4.08
2024,HOU202406010,HOU,MIN,2,0,valdf001,ryanj002,2.91,3.6
2024,HOU202406020,HOU,MIN,0,1,presr001,okers001,3.49,5.09
2024,HOU202406030,HOU,SLN,0,2,montr004,romej002,4.7,3.36
2024,HOU202406040,HOU,SLN,2,1,scott004,palla001,2.23,3.78
2024,HOU202406050,HOU,SLN,0,0,blanr001,mikom001,2.8,5.35
2024,HOU202406140,HOU,DET,0,0,browh001,skubt001,3.49,2.39
2024,HOU202406150,HOU,DET,0,2,arris001,flahj002,4.53,3.17
2024,HOU202406160,HOU,DET,1,0,blanr001,maedk001,2.8,6.09
2024,HOU202406210,HOU,BAL,1,0,dubis001,rodrg003,4.17,3.86
2024,HOU202406220,HOU,BAL,0,0,blanr001,burnc002,2.8,2.92
2024,HOU202406230,HOU,BAL,4,0,valdf001,suara001,2.91,3.7
2024,HOU202406250,HOU,COL,5,0,browh001,gomba001,3.49,4.75
2024,HOU202406260,HOU,COL,0,0,arris001,feltr001,4.53,4.49
2024,HOU202407090,HOU,MIA,0,1,blanr001,brazh001,2.8,3.83
2024,HOU202407100,HOU,MIA,1,0,valdf001,hoeib001,2.91,2.18
2024,HOU202407110,HOU,MIA,2,1,scott004,munor001,2.23,6.53
2024,HOU202407120,HOU,TEX,0,0,browh001,heana001,3.49,4.28
2024,HOU202407130,HOU,TEX,1,1,scott004,robed002,2.23,3.0
2024,HOU202407140,HOU,TEX,0,2,blanr001,sborj002,2.8,3.86
2024,HOU202407260,HOU,LAN,0,0,valdf001,stong001,2.91,3.53
2024,HOU202407270,HOU,LAN,0,0,hadej001,treib001,3.8,1.93
2024,HOU202407280,HOU,LAN,0,0,arris001,ryanr003,4.53,1.33
2024,HOU202407290,HOU,PIT,0,0,hadej001,chapa001,3.8,3.79
2024,HOU202407300,HOU,PIT,0,0,browh001,faltb001,3.49,4.43
2024,HOU202407310,HOU,PIT,0,0,valdf001,holdc001,2.91,3.16
2024,HOU202408020,HOU,TBA,0,2,abreb002,kellk004,3.1,2.67
2024,HOU202408030,HOU,TBA,0,0,blanr001,littz001,2.8,3.63
2024,HOU202408040,HOU,TBA,0,0,arris001,alext001,4.53,5.1
2024,HOU202408160,HOU,CHA,0,0,arris001,andej005,4.53,4.39
2024,HOU202408170,HOU,CHA,0,1,browh001,flexc001,3.49,4.95
2024,HOU202408180,HOU,CHA,0,0,valdf001,bushk001,2.91,5.6
2024,HOU202408190,HOU,BOS,0,2,hadej001,jansk001,3.8,3.29
2024,HOU202408200,HOU,BOS,3,3,ort-k001,kellz001,2.55,3.97
2024,HOU202408210,HOU,BOS,1,1,verlj001,wincj001,5.48,4.14
2024,HOU202408290,HOU,KCA,0,0,presr001,ercel001,3.49,3.36
2024,HOU202408300,HOU,KCA,0,0,hadej001,mcarj001,3.8,4.92
2024,HOU202408310,HOU,KCA,0,0,kikuy001,ragac001,4.05,3.14
2024,HOU202409010,HOU,KCA,0,0,blanr001,marsa001,2.8,4.53
2024,HOU202409060,HOU,ARI,0,0,valdf001,pfaab001,2.91,4.71
2024,HOU202409070,HOU,ARI,0,0,kikuy001,rodre004,4.05,5.04
2024,HOU202409080,HOU,ARI,0,0,verlj001,ginkk001,5.48,3.21
2024,HOU202409100,HOU,OAK,0,1,nerih001,harrh002,4.1,2.86
2024,HOU202409110,HOU,OAK,0,0,browh001,estej001,3.49,5.01
2024,HOU202409120,HOU,OAK,0,0,presr001,mcfat001,3.49,3.81
2024,HOU202409190,HOU,ANA,0,1,abreb002,millr004,3.1,4.15
2024,HOU202409200,HOU,ANA,0,0,nerih001,andet002,4.1,3.81
2024,HOU202409210,HOU,ANA,1,0,blanr001,detmr001,2.8,6.7
2024,HOU202409220,HOU,ANA,0,0,hadej001,burkb001,3.8,5.82
2024,HOU202409230,HOU,SEA,0,0,browh001,millb004,3.49,2.94
2024,HOU202409240,HOU,SEA,1,0,valdf001,gilbl002,2.91,3.23
2024,HOU202409250,HOU,SEA,0,0,kikuy001,kirbg001,4.05,3.53
2024,KCA202403280,KCA,MIN,1,1,ragac001,lopep002,3.14,4.08
2024,KCA202403300,KCA,MIN,0,0,smitw002,jax-g001,,2.03
2024,KCA202403310,KCA,MIN,3,0,singb001,oberb002,3.71,3.98
2024,KCA202404040,KCA,CHA,0,0,lugos001,sorom001,3.0,4.74
2024,KCA202404050,KCA,CHA,1,0,strac001,kopem001,5.55,3.46
2024,KCA202404060,KCA,CHA,0,0,wachm001,flexc001,3.35,4.95
2024,KCA202404070,KCA,CHA,0,0,schrj001,garcd003,3.66,7.07
2024,KCA202404090,KCA,HOU,0,1,mcarj001,suerw002,4.92,
2024,KCA202404100,KCA,HOU,0,0,lugos001,arris001,3.0,4.53
2024,KCA202404110,KCA,HOU,9,0,singb001,browh001,3.71,3.49
2024,KCA202404190,KCA,BAL,0,0,marsa001,kremd001,4.53,4.1
2024,KCA202404200,KCA,BAL,0,0,ragac001,burnc002,3.14,2.92
2024,KCA202404210,KCA,BAL,0,0,lugos001,irvic001,3.0,5.11
2024,KCA202404220,KCA,TOR,0,0,singb001,kikuy001,3.71,4.05
2024,KCA202404230,KCA,TOR,0,0,strac001,gausk001,5.55,3.83
2024,KCA202404240,KCA,TOR,1,0,schrj001,rodry003,3.66,4.47
2024,KCA202404250,KCA,TOR,2,0,ragac001,berrj001,3.14,3.6
2024,KCA202405030,KCA,TEX,0,0,schrj001,winnc001,3.66,7.79
2024,KCA202405040,KCA,TEX,0,1,wachm001,sborj002,3.35,3.86
2024,KCA202405050,KCA,TEX,1,0,mcarj001,yatek001,4.92,1.17
2024,KCA202405060,KCA,MIL,0,0,anden001,koenj001,4.04,2.47
2024,KCA202405070,KCA,MIL,0,0,mcarj001,koenj001,4.92,2.47
2024,KCA202405080,KCA,MIL,2,1,singb001,rossj002,3.71,3.77
2024,KCA202405170,KCA,OAK,1,0,ragac001,spenm001,3.14,4.58
2024,KCA202405180,KCA,OAK,2,0,lugos001,strir001,3.0,6.01
2024,KCA202405190,KCA,OAK,2,0,singb001,searj001,3.71,4.38
2024,KCA202405200,KCA,DET,0,0,wachm001,olsor001,3.35,3.53
2024,KCA202405210,KCA,DET,2,0,marsa001,mizec001,4.53,4.49
2024,KCA202405220,KCA,DET,0,0,ragac001,skubt001,3.14,2.39
2024,KCA202405310,KCA,SDN,0,0,schrj001,matsy001,3.66,3.73
2024,KCA202406010,KCA,SDN,2,1,marsa001,vasqr001,4.53,4.87
2024,KCA202406020,KCA,SDN,0,0,kleiw001,matsy001,11.05,3.73
2024,KCA202406070,KCA,SEA,0,7,anden001,stanr002,4.04,4.88
2024,KCA202406080,KCA,SEA,1,1,marsa001,castl003,4.53,3.64
2024,KCA202406090,KCA,SEA,0,1,mcarj001,baumm001,4.92,5.55
2024,KCA202406100,KCA,NYA,0,2,lugos001,rodoc001,3.0,3.96
2024,KCA202406110,KCA,NYA,0,2,singb001,strom001,3.71,4.31
2024,KCA202406120,KCA,NYA,0,6,altad001,potec001,14.73,2.22
2024,KCA202406130,KCA,NYA,0,0,mcarj001,holmc001,4.92,3.14
2024,KCA202406240,KCA,MIA,0,0,ragac001,munor001,3.14,6.53
2024,KCA202406250,KCA,MIA,1,0,hernc006,puk-a001,3.3,3.15
2024,KCA202406260,KCA,MIA,0,0,zerpa001,brazh001,3.86,3.83
2024,KCA202406270,KCA,CLE,0,0,longs002,liveb001,3.16,3.81
2024,KCA202406280,KCA,CLE,0,1,marsa001,mcket001,4.53,5.11
2024,KCA202406290,KCA,CLE,1,1,ragac001,bibet001,3.14,3.47
2024,KCA202406300,KCA,CLE,1,0,lugos001,allel003,3.0,5.73
2024,KCA202407020,KCA,TBA,0,0,singb001,littz001,3.71,3.63
2024,KCA202407030,KCA,TBA,0,1,wachm001,pepir001,3.35,3.6
2024,KCA202407040,KCA,TBA,0,2,marsa001,efliz001,4.53,3.59
2024,KCA202407190,KCA,CHA,1,0,wachm001,flexc001,3.35,4.95
2024,KCA202407200,KCA,CHA,3,0,singb001,cannj001,3.71,4.49
2024,KCA202407210,KCA,CHA,0,0,lugos001,brebj001,3.0,5.86
2024,KCA202407220,KCA,ARI,0,0,ragac001,diazy005,3.14,3.81
2024,KCA202407230,KCA,ARI,1,3,marsa001,montj004,4.53,6.23
2024,KCA202407240,KCA,ARI,0,0,mcarj001,mantj002,4.92,3.92
2024,KCA202407260,KCA,CHN,0,0,singb001,hendk001,3.71,5.92
2024,KCA202407270,KCA,CHN,0,2,lugos001,merrj001,3.0,6.6
2024,KCA202407280,KCA,CHN,2,0,ragac001,assaj001,3.14,3.73
2024,KCA202408050,KCA,BOS,0,0,singb001,paxtj001,3.71,4.4
2024,KCA202408060,KCA,BOS,1,0,lugos001,bernb001,3.0,4.06
2024,KCA202408070,KCA,BOS,1,0,ragac001,crawk001,3.14,4.36
2024,KCA202408090,KCA,SLN,0,2,smitw002,libem001,,4.4
2024,KCA202408100,KCA,SLN,0,0,wachm001,fernr001,3.35,3.51
2024,KCA202408190,KCA,ANA,0,0,lugos001,fulmc001,3.0,4.15
2024,KCA202408200,KCA,ANA,0,0,ragac001,andet002,3.14,3.81
2024,KCA202408210,KCA,ANA,0,0,lorem002,cuetj001,3.31,7.15
2024,KCA202408230,KCA,PHI,1,0,wachm001,walkt004,3.35,7.1
2024,KCA202408240,KCA,PHI,0,0,singb001,suarr001,3.71,3.46
2024,KCA202408250,KCA,PHI,0,0,lugos001,allak001,3.0,5.0
2024,KCA202409020,KCA,CLE,0,0,wachm001,willg004,3.35,4.86
2024,KCA202409030,KCA,CLE,0,0,singb001,bibet001,3.71,3.47
2024,KCA202409040,KCA,CLE,0,0,lugos001,liveb001,3.0,3.81
2024,KCA202409060,KCA,MIN,0,0,ragac001,mattz001,3.14,6.69
2024,KCA202409070,KCA,MIN,0,0,lyncd001,duraj002,3.32,3.64
2024,KCA202409080,KCA,MIN,0,0,wachm001,woods002,3.35,4.17
2024,KCA202409160,KCA,DET,0,0,longs002,hanib001,3.16,1.84
2024,KCA202409170,KCA,DET,0,1,ercel001,holtt002,3.36,2.19
2024,KCA202409180,KCA,DET,1,0,marsa001,skubt001,4.53,2.39
2024,KCA202409200,KCA,SFN,0,1,wachm001,blacm001,3.35,6.44
2024,KCA202409210,KCA,SFN,0,1,singb001,roupl001,3.71,3.58
2024,KCA202409220,KCA,SFN,0,0,lugos001,snelb001,3.0,3.12
2024,LAN202403210,LAN,SDN,1,5,yamay001,kingm002,3.0,2.95
2024,LAN202403280,LAN,SLN,2,0,glast001,mikom001,3.49,5.35
2024,LAN202403290,LAN,SLN,1,0,millb005,thomz002,8.52,9.53
2024,LAN202403300,LAN,SLN,0,0,hurtk001,helsr001,1.35,2.04
2024,LAN202403310,LAN,SLN,0,0,crisn001,kingj002,2.57,2.85
2024,LAN202404010,LAN,SFN,1,0,paxtj001,winnk001,4.4,7.16
2024,LAN202404020,LAN,SFN,1,0,yarbr001,webbl001,3.19,3.47
2024,LAN202404030,LAN,SFN,0,0,glast001,harrk001,3.49,4.56
2024,LAN202404120,LAN,SDN,1,2,vesia001,suarr002,1.76,2.77
2024,LAN202404130,LAN,SDN,0,0,stong001,cosgt001,3.53,11.66
2024,LAN202404140,LAN,SDN,0,0,feyej001,matsy001,8.18,3.73
2024,LAN202404150,LAN,WAS,1,1,glast001,parkm001,3.49,4.29
2024,LAN202404160,LAN,WAS,1,0,yarbr001,corbp001,3.19,5.62
2024,LAN202404170,LAN,WAS,0,2,knacl001,irvij001,3.65,4.41
2024,LAN202404190,LAN,NYN,0,0,hudsd001,garrr001,3.0,3.77
2024,LAN202404200,LAN,NYN,1,1,yarbr001,tonkm001,3.19,3.63
2024,LAN202404210,LAN,NYN,0,0,glast001,housa001,3.49,5.84
2024,LAN202405030,LAN,ATL,0,1,grovm001,chavj001,5.12,3.13
2024,LAN202405040,LAN,ATL,0,0,glast001,eldeb001,3.49,6.52
2024,LAN202405050,LAN,ATL,2,0,paxtj001,friem001,4.4,3.25
2024,LAN202405060,LAN,MIA,3,2,yarbr001,munor001,3.19,6.53
2024,LAN202405070,LAN,MIA,4,1,yamay001,cabre003,3.0,4.95
2024,LAN202405080,LAN,MIA,1,0,stong001,weatr001,3.53,3.63
2024,LAN202405160,LAN,CIN,0,2,glast001,martn002,3.49,3.1
2024,LAN202405170,LAN,CIN,1,0,grovm001,cruzf002,5.12,4.86
2024,LAN202405180,LAN,CIN,0,0,buehw001,ashcg001,5.38,5.24
2024,LAN202405190,LAN,CIN,0,0,banda001,diaza004,3.08,3.99
2024,LAN202405200,LAN,ARI,0,0,yamay001,ceccs001,3.0,6.66
2024,LAN202405210,LAN,ARI,0,0,stong001,pfaab001,3.53,4.71
2024,LAN202405220,LAN,ARI,0,0,glast001,nelsr003,3.49,4.24
2024,LAN202405310,LAN,COL,0,0,buehw001,hudsd002,5.38,6.17
2024,LAN202406010,LAN,COL,0,0,yamay001,quanc001,3.0,4.98
2024,LAN202406020,LAN,COL,2,0,stong001,gomba001,3.53,4.75
2024,LAN202406110,LAN,TEX,3,0,paxtj001,dunnd001,4.4,5.31
2024,LAN202406120,LAN,TEX,1,0,buehw001,latzj001,5.38,3.71
2024,LAN202406130,LAN,TEX,0,2,grovm001,lorem002,5.12,3.31
2024,LAN202406140,LAN,KCA,0,0,hudsd001,smitw002,3.0,
2024,LAN202406150,LAN,KCA,0,0,treib001,lugos001,1.93,3.0
2024,LAN202406160,LAN,KCA,0,0,glast001,singb001,3.49,3.71
2024,LAN202406210,LAN,ANA,0,0,banda001,garcl005,3.08,4.88
2024,LAN202406220,LAN,ANA,0,0,glast001,plesz001,3.49,8.25
2024,LAN202407020,LAN,ARI,1,0,phile001,sewap001,3.62,4.31
2024,LAN202407030,LAN,ARI,4,1,yarbr001,jarvb001,3.19,3.19
2024,LAN202407040,LAN,ARI,0,2,knacl001,martj011,3.65,2.48
2024,LAN202407050,LAN,MIL,1,0,hudsd001,pegue001,3.0,2.98
2024,LAN202407060,LAN,MIL,3,1,phile001,hudsb001,3.62,1.73
2024,LAN202407070,LAN,MIL,0,0,wrobj001,junij001,5.7,2.69
2024,LAN202407190,LAN,BOS,0,0,yarbr001,bernb001,3.19,4.06
2024,LAN202407200,LAN,BOS,0,0,treib001,weisg001,1.93,3.13
2024,LAN202407210,LAN,BOS,2,2,paxtj001,crawk001,4.4,4.36
2024,LAN202407220,LAN,SFN,0,0,treib001,mille002,1.93,3.88
2024,LAN202407230,LAN,SFN,2,0,knacl001,hickj002,3.65,4.1
2024,LAN202407240,LAN,SFN,1,0,glast001,ray-r002,3.49,4.7
2024,LAN202407250,LAN,SFN,0,0,treib001,roget002,1.93,2.82
2024,LAN202408050,LAN,PHI,0,0,glast001,nolaa001,3.49,3.57
2024,LAN202408060,LAN,PHI,0,0,kersc001,sancc002,4.5,3.32
2024,LAN202408070,LAN,PHI,2,1,vesia001,philt002,1.76,6.87
2024,LAN202408090,LAN,PIT,1,0,flahj002,kellm003,3.17,4.25
2024,LAN202408100,LAN,PIT,1,0,kopem001,skenp001,3.46,1.96
2024,LAN202408110,LAN,PIT,2,0,phile001,bednd001,3.62,5.77
2024,LAN202408190,LAN,SEA,0,0,stong001,woo-b001,3.53,2.89
2024,LAN202408200,LAN,SEA,0,2,kellj001,munoa002,4.78,2.12
2024,LAN202408210,LAN,SEA,0,0,flahj002,gilbl002,3.17,3.23
2024,LAN202408230,LAN,TBA,0,1,kopem001,rodrm001,3.46,2.15
2024,LAN202408240,LAN,TBA,0,4,kellj001,rodrm001,4.78,2.15
2024,LAN202408250,LAN,TBA,0,0,treib001,lover001,1.93,4.46
2024,LAN202408270,LAN,BAL,0,0,flahj002,bowmm001,3.17,4.4
2024,LAN202408280,LAN,BAL,1,0,banda001,burnc002,3.08,2.92
2024,LAN202408290,LAN,BAL,0,0,millb005,povic001,8.52,5.2
2024,LAN202409060,LAN,CLE,0,0,knacl001,boydm001,3.65,2.72
2024,LAN202409070,LAN,CLE,6,0,honeb001,willg004,2.63,4.86
2024,LAN202409080,LAN,CLE,0,0,flahj002,bibet001,3.17,3.47
2024,LAN202409090,LAN,CHN,0,3,buehw001,thomk002,5.38,2.67
2024,LAN202409100,LAN,CHN,0,0,phile001,imans001,3.62,2.91
2024,LAN202409110,LAN,CHN,5,2,vesia001,armss001,1.76,4.86
2024,LAN202409200,LAN,COL,0,0,vesia001,freek001,1.76,5.24
2024,LAN202409210,LAN,COL,0,1,buehw001,vodnv001,5.38,4.28
2024,LAN202409220,LAN,COL,0,3,treib001,halvs001,1.93,1.46
2024,LAN202409240,LAN,SDN,1,0,knacl001,kingm002,3.65,2.95
2024,LAN202409250,LAN,SDN,1,0,vesia001,estrj002,1.76,2.95
2024,LAN202409260,LAN,SDN,0,0,banda001,scott003,3.08,1.75
2024,MIA202403280,MIA,PIT,0,0,crond001,ortil003,4.35,
2024,MIA202403290,MIA,PIT,0,0,puk-a001,ryanr002,3.15,5.66
2024,MIA202403300,MIA,PIT,0,0,weatr001,jonej008,3.63,4.14
2024,MIA202403310,MIA,PIT,5,0,scott003,bednd001,1.75,5.77
2024,MIA202404010,MIA,ANA,4,0,scott003,cimba001,1.75,7.03
2024,MIA202404020,MIA,ANA,0,0,luzaj001,andet002,5.0,3.81
2024,MIA202404030,MIA,ANA,0,2,puk-a001,sandp002,3.15,5.08
2024,MIA202404120,MIA,ATL,0,1,roget003,friem001,4.92,3.25
2024,MIA202404130,MIA,ATL,1,0,meyem001,salec001,5.68,2.38
2024,MIA202404140,MIA,ATL,0,0,scott003,minta001,1.75,2.62
2024,MIA202404150,MIA,SFN,0,0,sorig001,harrk001,6.75,4.56
2024,MIA202404160,MIA,SFN,0,0,weatr001,walkr001,3.63,1.91
2024,MIA202404170,MIA,SFN,0,0,crond001,winnk001,4.35,7.16
2024,MIA202404260,MIA,WAS,0,0,faucc001,law-d001,3.19,2.6
2024,MIA202404270,MIA,WAS,1,0,cabre003,barnj002,4.95,4.36
2024,MIA202404280,MIA,WAS,6,0,benda001,law-d001,4.08,2.6
2024,MIA202404290,MIA,WAS,0,0,roget003,irvij001,4.92,4.41
2024,MIA202404300,MIA,COL,0,5,scott003,beekj001,1.75,4.5
2024,MIA202405010,MIA,COL,0,0,munor001,hudsd002,6.53,6.17
2024,MIA202405020,MIA,COL,2,0,smitb005,lawrj002,4.95,6.49
2024,MIA202405100,MIA,PHI,0,0,roget003,suarr001,4.92,3.46
2024,MIA202405110,MIA,PHI,0,0,luzaj001,walkt004,5.0,7.1
2024,MIA202405120,MIA,PHI,0,3,benda001,sotog003,4.08,4.42
2024,MIA202405170,MIA,NYN,0,0,luzaj001,scotc001,5.0,4.56
2024,MIA202405180,MIA,NYN,0,2,scott003,lopej004,1.75,2.89
2024,MIA202405190,MIA,NYN,0,4,sancs001,manas001,6.06,3.47
2024,MIA202405200,MIA,MIL,0,0,scott003,whitm004,1.75,7.23
2024,MIA202405210,MIA,MIL,0,1,puk-a001,myert001,3.15,3.0
2024,MIA202405220,MIA,MIL,1,0,luzaj001,peraf001,5.0,3.68
2024,MIA202405310,MIA,TEX,0,0,crond001,urenj001,4.35,3.8
2024,MIA202406010,MIA,TEX,0,0,weatr001,lorem002,3.63,3.31
2024,MIA202406020,MIA,TEX,0,3,roget003,heana001,4.92,4.28
2024,MIA202406040,MIA,TBA,3,0,luzaj001,pepir001,5.0,3.6
2024,MIA202406050,MIA,TBA,2,3,garrb001,lover001,5.35,4.46
2024,MIA202406070,MIA,CLE,0,0,scott003,smitc009,1.75,1.91
2024,MIA202406080,MIA,CLE,0,1,munor001,liveb001,6.53,3.81
2024,MIA202406090,MIA,CLE,0,0,puk-a001,sandn001,3.15,3.75
2024,MIA202406170,MIA,SLN,0,0,puk-a001,kitta001,3.15,2.8
2024,MIA202406180,MIA,SLN,3,2,faucc001,roycc001,3.19,4.19
2024,MIA202406190,MIA,SLN,2,0,scott003,fernr001,1.75,3.51
2024,MIA202406210,MIA,SEA,0,1,benda001,votha001,4.08,3.69
2024,MIA202406220,MIA,SEA,0,2,andes002,gilbl002,8.27,3.23
2024,MIA202406230,MIA,SEA,4,0,puk-a001,millb004,3.15,2.94
2024,MIA202407020,MIA,BOS,0,2,bellv001,crawk001,3.67,4.36
2024,MIA202407030,MIA,BOS,1,0,roget003,bellb002,4.92,4.49
2024,MIA202407040,MIA,BOS,0,1,andrm001,kellz001,6.0,3.97
2024,MIA202407050,MIA,CHA,0,0,hoeib001,thord001,2.18,5.48
2024,MIA202407060,MIA,CHA,0,1,brazh001,sorom001,3.83,4.74
2024,MIA202407070,MIA,CHA,0,0,charj001,kopem001,2.23,3.46
2024,MIA202407190,MIA,NYN,0,0,benda001,manas001,4.08,3.47
2024,MIA202407200,MIA,NYN,0,0,munor001,sevel001,6.53,3.91
2024,MIA202407210,MIA,NYN,0,0,crond001,scotc001,4.35,4.56
2024,MIA202407220,MIA,NYN,0,0,chiry001,peted003,6.3,2.9
2024,MIA202407230,MIA,BAL,0,1,puk-a001,suara001,3.15,3.7
2024,MIA202407240,MIA,BAL,0,0,narda001,webbj002,5.07,3.02
2024,MIA202407250,MIA,BAL,0,1,faucc001,canoy001,3.19,3.15
2024,MIA202408050,MIA,CIN,0,2,munor001,martn002,6.53,3.1
2024,MIA202408060,MIA,CIN,0,0,meyem001,lodon001,5.68,4.76
2024,MIA202408070,MIA,CIN,5,0,bellv001,abboa001,3.67,3.72
2024,MIA202408080,MIA,CIN,0,2,ramie006,farmb001,6.97,3.04
2024,MIA202408090,MIA,SDN,0,0,degeb001,adamj002,7.15,1.95
2024,MIA202408100,MIA,SDN,0,1,mcmij001,suarr002,1.5,2.77
2024,MIA202408110,MIA,SDN,2,0,meyem001,ceasd001,5.68,3.47
2024,MIA202408190,MIA,ARI,0,0,ollea001,pfaab001,5.31,4.71
2024,MIA202408200,MIA,ARI,0,1,cabre003,rodre004,4.95,5.04
2024,MIA202408210,MIA,ARI,2,1,narda001,flord002,5.07,3.8
2024,MIA202408230,MIA,CHN,0,0,degeb001,hodgp001,7.15,1.88
2024,MIA202408240,MIA,CHN,0,1,bellv001,imans001,3.67,2.91
2024,MIA202408250,MIA,CHN,2,0,ollea001,assaj001,5.31,3.73
2024,MIA202409030,MIA,WAS,0,0,meyem001,corbp001,5.68,5.62
2024,MIA202409040,MIA,WAS,0,0,mcmij001,law-d001,1.5,2.6
2024,MIA202409050,MIA,PHI,0,1,ollea001,suarr001,5.31,3.46
2024,MIA202409060,MIA,PHI,0,3,kitca001,wheez001,14.14,2.57
2024,MIA202409070,MIA,PHI,2,1,mcmij001,nolaa001,1.5,3.57
2024,MIA202409080,MIA,PHI,2,0,cabre003,johns003,4.95,34.71
2024,MIA202409170,MIA,LAN,2,0,venea001,grovm001,3.38,5.12
2024,MIA202409180,MIA,LAN,0,0,weatr001,knacl001,3.63,3.65
2024,MIA202409190,MIA,LAN,0,1,cabre003,flahj002,4.95,3.17
2024,MIA202409200,MIA,ATL,3,0,bellv001,mortc002,3.67,4.19
2024,MIA202409210,MIA,ATL,1,0,bachl001,friem001,3.86,3.25
2024,MIA202409220,MIA,ATL,0,1,crond001,johnp001,4.35,3.67
2024,MIL202404020,MIL,MIN,0,0,pegue001,varll001,2.98,7.61
2024,MIL202404030,MIL,MIN,0,0,payaj001,duard001,3.05,2.25
2024,MIL202404050,MIL,SEA,0,0,uriba001,munoa002,6.91,2.12
2024,MIL202404060,MIL,SEA,0,0,halld004,millb004,5.02,2.94
2024,MIL202404070,MIL,SEA,3,1,rea-c001,hance001,4.29,4.75
2024,MIL202404150,MIL,SDN,1,0,rossj002,musgj001,3.77,3.88
2024,MIL202404160,MIL,SDN,1,4,milew001,ceasd001,6.43,3.47
2024,MIL202404170,MIL,SDN,0,0,uriba001,kingm002,6.91,2.95
2024,MIL202404260,MIL,NYA,0,1,koenj001,tonkm001,2.47,3.63
2024,MIL202404270,MIL,NYA,1,3,rossj002,rodoc001,3.77,3.96
2024,MIL202404280,MIL,NYA,0,1,uriba001,marir001,6.91,3.86
2024,MIL202404290,MIL,TBA,0,1,wilsb003,pepir001,4.04,3.6
2024,MIL202404300,MIL,TBA,1,0,peraf001,alext001,3.68,5.1
2024,MIL202405010,MIL,TBA,0,0,rea-c001,efliz001,4.29,3.59
2024,MIL202405090,MIL,SLN,3,0,koenj001,grays001,2.47,3.84
2024,MIL202405100,MIL,SLN,0,0,gassr001,lynnl001,2.57,3.84
2024,MIL202405110,MIL,SLN,0,0,milnh001,kitta001,4.73,2.8
2024,MIL202405120,MIL,SLN,3,0,pegue001,mikom001,2.98,5.35
2024,MIL202405130,MIL,PIT,0,2,rea-c001,kellm003,4.29,4.25
2024,MIL202405140,MIL,PIT,0,0,rossj002,prieq001,3.77,4.71
2024,MIL202405150,MIL,PIT,0,0,gassr001,perem004,2.57,4.53
2024,MIL202405270,MIL,CHN,0,0,hudsb001,leitm002,1.73,4.5
2024,MIL202405280,MIL,CHN,0,0,megit001,nerih001,2.72,4.1
2024,MIL202405290,MIL,CHN,2,0,koenj001,imans001,2.47,2.91
2024,MIL202405300,MIL,CHN,0,1,hudsb001,littl001,1.73,3.46
2024,MIL202405310,MIL,CHA,0,0,paree003,sorom001,1.66,4.74
2024,MIL202406010,MIL,CHA,0,0,milnh001,kopem001,4.73,3.46
2024,MIL202406020,MIL,CHA,0,2,peraf001,nastn001,3.68,7.07
2024,MIL202406100,MIL,TOR,0,0,rea-c001,berrj001,4.29,3.6
2024,MIL202406110,MIL,TOR,0,0,rodrc003,kikuy001,7.3,4.05
2024,MIL202406120,MIL,TOR,0,1,myert001,pop-z001,3.0,5.59
2024,MIL202406140,MIL,CIN,0,0,peraf001,greeh001,3.68,2.75
2024,MIL202406150,MIL,CIN,0,0,wilsb003,abboa001,4.04,3.72
2024,MIL202406160,MIL,CIN,0,1,rea-c001,simsl001,4.29,4.38
2024,MIL202406240,MIL,TEX,0,0,pegue001,latzj001,2.98,3.71
2024,MIL202406250,MIL,TEX,0,1,wilsb003,heana001,4.04,4.28
2024,MIL202406260,MIL,TEX,0,0,koenj001,latzj001,2.47,3.71
2024,MIL202406280,MIL,CHN,0,0,rea-c001,tailj001,4.29,3.27
2024,MIL202406290,MIL,CHN,0,2,payaj001,littl001,3.05,3.46
2024,MIL202406300,MIL,CHN,0,1,peraf001,hendk001,3.68,5.92
2024,MIL202407090,MIL,PIT,0,0,rea-c001,prieq001,4.29,4.71
2024,MIL202407100,MIL,PIT,2,0,myert001,perem004,3.0,4.53
2024,MIL202407110,MIL,PIT,0,0,civaa001,skenp001,4.36,1.96
2024,MIL202407120,MIL,WAS,0,1,peraf001,garcr008,3.68,4.22
2024,MIL202407130,MIL,WAS,5,0,megit001,law-d001,2.72,2.6
2024,MIL202407140,MIL,WAS,1,0,rea-c001,irvij001,4.29,4.41
2024,MIL202407260,MIL,MIA,0,3,peraf001,roget003,3.68,4.92
2024,MIL202407270,MIL,MIA,0,0,koenj001,hoeib001,2.47,2.18
2024,MIL202407280,MIL,MIA,2,1,junij001,tylek001,2.69,5.4
2024,MIL202407290,MIL,ATL,0,0,milnh001,chavj001,4.73,3.13
2024,MIL202407300,MIL,ATL,0,0,rossj002,eldeb001,3.77,6.52
2024,MIL202407310,MIL,ATL,2,0,koenj001,johnp001,2.47,3.67
2024,MIL202408090,MIL,CIN,3,0,civaa001,spiec001,4.36,5.46
2024,MIL202408100,MIL,CIN,0,0,payaj001,santt001,3.05,3.0
2024,MIL202408110,MIL,CIN,0,0,rossj002,farmb001,3.77,3.04
2024,MIL202408120,MIL,LAN,0,0,peraf001,kersc001,3.68,4.5
2024,MIL202408130,MIL,LAN,0,0,rea-c001,stong001,4.29,3.53
2024,MIL202408140,MIL,LAN,0,3,payaj001,honeb001,3.05,2.63
2024,MIL202408150,MIL,LAN,3,0,hudsb001,hudsd001,1.73,3.0
2024,MIL202408160,MIL,CLE,3,0,civaa001,willg004,4.36,4.86
2024,MIL202408170,MIL,CLE,1,0,peraf001,bibet001,3.68,3.47
2024,MIL202408180,MIL,CLE,1,0,rea-c001,liveb001,4.29,3.81
2024,MIL202408270,MIL,SFN,0,0,payaj001,dovac001,3.05,4.88
2024,MIL202408280,MIL,SFN,0,0,peraf001,harrk001,3.68,4.56
2024,MIL202408290,MIL,SFN,0,0,civaa001,birdh001,4.36,4.75
2024,MIL202409020,MIL,SLN,3,0,peraf001,palla001,3.68,3.78
2024,MIL202409030,MIL,SLN,0,2,pegue001,helsr001,2.98,2.04
2024,MIL202409040,MIL,SLN,0,2,payaj001,kitta001,3.05,2.8
2024,MIL202409060,MIL,COL,0,0,montf001,feltr001,4.84,4.49
2024,MIL202409070,MIL,COL,2,0,myert001,blact002,3.0,6.94
2024,MIL202409080,MIL,COL,1,0,peraf001,freek001,3.68,5.24
2024,MIL202409160,MIL,PHI,0,0,civaa001,suarr001,4.36,3.46
2024,MIL202409170,MIL,PHI,0,0,montf001,wheez001,4.84,2.57
2024,MIL202409180,MIL,PHI,0,0,willd004,estec001,1.25,2.45
2024,MIL202409190,MIL,ARI,0,0,myert001,pfaab001,3.0,4.71
2024,MIL202409200,MIL,ARI,0,1,halld004,gallz001,5.02,3.65
2024,MIL202409210,MIL,ARI,0,2,civaa001,kellm002,4.36,4.03
2024,MIL202409220,MIL,ARI,0,1,koenj001,martj011,2.47,2.48
2024,MIL202409270,MIL,NYN,4,0,rossj002,manas001,3.77,3.47
2024,MIL202409280,MIL,NYN,0,0,myert001,quinj001,3.0,3.75
2024,MIL202409290,MIL,NYN,0,1,rea-c001,peted003,4.29,2.9
2024,MIN202404040,MIN,CLE,0,0,lopep002,bibet001,4.08,3.47
2024,MIN202404060,MIN,CLE,1,0,ryanj002,sandn001,3.6,3.75
2024,MIN202404080,MIN,LAN,0,1,jackj001,paxtj001,7.52,4.4
2024,MIN202404090,MIN,LAN,0,0,varll001,glast001,7.61,3.49
2024,MIN202404100,MIN,LAN,1,1,fundk001,vesia001,6.49,1.76
2024,MIN202404190,MIN,DET,2,1,thiec001,chafa001,5.32,3.51
2024,MIN202404200,MIN,DET,0,0,oberb002,olsor001,3.98,3.53
2024,MIN202404210,MIN,DET,0,2,varll001,mizec001,7.61,4.49
2024,MIN202404220,MIN,CHA,2,0,paddc001,cannj001,4.99,4.49
2024,MIN202404230,MIN,CHA,1,0,jackj001,wilss002,7.52,5.71
2024,MIN202404240,MIN,CHA,0,0,ryanj002,crocg001,3.6,3.58
2024,MIN202404250,MIN,CHA,0,0,sandc001,bankt001,3.28,3.98
2024,MIN202405030,MIN,BOS,0,0,paddc001,houct001,4.99,3.12
2024,MIN202405040,MIN,BOS,1,1,lopep002,boosc001,4.08,3.38
2024,MIN202405050,MIN,BOS,0,0,ryanj002,bernb001,3.6,4.06
2024,MIN202405060,MIN,SEA,0,0,jax-g001,castl003,2.03,3.64
2024,MIN202405070,MIN,SEA,0,0,alcaj001,stanr002,3.24,4.88
2024,MIN202405080,MIN,SEA,2,0,paddc001,kirbg001,4.99,3.53
2024,MIN202405090,MIN,SEA,5,0,lopep002,gilbl002,4.08,3.23
2024,MIN202405140,MIN,NYA,1,0,paddc001,rodoc001,4.99,3.96
2024,MIN202405150,MIN,NYA,0,1,lopep002,strom001,4.08,4.31
2024,MIN202405160,MIN,NYA,0,3,ryanj002,schmc002,3.6,2.85
2024,MIN202405240,MIN,TEX,0,2,oberb002,urenj001,3.98,3.8
2024,MIN202405250,MIN,TEX,1,0,sandc001,robed002,3.28,3.0
2024,MIN202405260,MIN,TEX,0,0,lopep002,latzj001,4.08,3.71
2024,MIN202405270,MIN,KCA,0,0,ryanj002,marsa001,3.6,4.53
2024,MIN202405280,MIN,KCA,2,0,woods002,ragac001,4.17,3.14
2024,MIN202405290,MIN,KCA,0,0,oberb002,lugos001,3.98,3.0
2024,MIN202405300,MIN,KCA,0,2,thiec001,strac001,5.32,5.55
2024,MIN202406100,MIN,COL,0,0,paddc001,hudsd002,4.99,6.17
2024,MIN202406110,MIN,COL,0,0,thiec001,quanc001,5.32,4.98
2024,MIN202406120,MIN,COL,5,1,lopep002,gomba001,4.08,4.75
2024,MIN202406130,MIN,OAK,0,0,ryanj002,medil002,3.6,5.18
2024,MIN202406140,MIN,OAK,0,4,duraj002,alexs001,3.64,2.56
2024,MIN202406161,MIN,OAK,3,0,oberb002,searj001,3.98,4.38
2024,MIN202406162,MIN,OAK,2,0,stauj001,jimed002,3.7,4.91
2024,MIN202406180,MIN,TBA,0,3,duraj002,fairp001,3.64,3.57
2024,MIN202406190,MIN,TBA,0,0,alcaj001,adamj002,3.24,1.95
2024,MIN202406200,MIN,TBA,0,0,jax-g001,fairp001,2.03,3.57
2024,MIN202407020,MIN,DET,0,0,alcaj001,vestw001,3.24,2.82
2024,MIN202407030,MIN,DET,0,0,festd001,montk001,4.9,4.76
2024,MIN202407040,MIN,DET,0,1,oberb002,maedk001,3.98,6.09
2024,MIN202407050,MIN,HOU,0,0,lopep002,kingb001,4.08,2.39
2024,MIN202407060,MIN,HOU,2,0,ryanj002,browh001,3.6,3.49
2024,MIN202407070,MIN,HOU,0,0,duraj002,hadej001,3.64,3.8
2024,MIN202407200,MIN,MIL,0,0,okers001,junij001,5.09,2.69
2024,MIN202407210,MIN,MIL,0,0,jax-g001,koenj001,2.03,2.47
2024,MIN202407220,MIN,PHI,0,2,oberb002,suarr001,3.98,3.46
2024,MIN202407230,MIN,PHI,0,0,duraj002,sotog003,3.64,4.42
2024,MIN202407240,MIN,PHI,0,0,duraj002,sotog003,3.64,4.42
2024,MIN202408020,MIN,CHA,2,0,ryanj002,martd006,3.6,4.32
2024,MIN202408030,MIN,CHA,0,0,oberb002,toust001,3.98,7.43
2024,MIN202408040,MIN,CHA,2,0,sandc001,flexc001,3.28,4.95
2024,MIN202408091,MIN,CLE,1,0,oberb002,cantj002,3.98,4.89
2024,MIN202408092,MIN,CLE,1,0,sandc001,cobba001,3.28,2.76
2024,MIN202408100,MIN,CLE,0,1,woods002,willg004,4.17,4.86
2024,MIN202408110,MIN,CLE,0,0,thiec001,bibet001,5.32,3.47
2024,MIN202408120,MIN,KCA,0,1,lopep002,singb001,4.08,3.71
2024,MIN202408130,MIN,KCA,3,0,mattz001,lugos001,6.69,3.0
2024,MIN202408140,MIN,KCA,0,0,varll001,ragac001,7.61,3.14
2024,MIN202408230,MIN,SLN,0,0,festd001,palla001,4.9,3.78
2024,MIN202408240,MIN,SLN,0,0,lopep002,grays001,4.08,3.84
2024,MIN202408250,MIN,SLN,1,0,duraj002,armss001,3.64,4.86
2024,MIN202408260,MIN,ATL,1,4,oberb002,friem001,3.98,3.25
2024,MIN202408270,MIN,ATL,0,0,duraj002,igler001,3.64,1.95
2024,MIN202408280,MIN,ATL,0,1,festd001,salec001,4.9,2.38
2024,MIN202408300,MIN,TOR,0,0,lopep002,gausk001,4.08,3.83
2024,MIN202408310,MIN,TOR,0,7,mattz001,berrj001,6.69,3.6
2024,MIN202409010,MIN,TOR,0,1,jax-g001,greec003,2.03,3.21
2024,MIN202409090,MIN,ANA,0,2,festd001,detmr001,4.9,6.7
2024,MIN202409100,MIN,ANA,0,0,lopep002,canng001,4.08,5.19
2024,MIN202409110,MIN,ANA,1,1,sandc001,kochj001,3.28,3.99
2024,MIN202409130,MIN,CIN,0,0,oberb002,aguij002,3.98,6.25
2024,MIN202409140,MIN,CIN,1,0,woods002,martn002,4.17,3.1
2024,MIN202409150,MIN,CIN,0,0,sandc001,lowdr001,3.28,1.17
2024,MIN202409240,MIN,MIA,0,0,oberb002,weatr001,3.98,3.63
2024,MIN202409250,MIN,MIA,0,3,jax-g001,petem001,2.03,5.95
2024,MIN202409260,MIN,MIA,0,1,blews001,malda001,1.77,5.68
2024,MIN202409270,MIN,BAL,0,0,lopep002,povic001,4.08,5.2
2024,MIN202409280,MIN,BAL,0,2,mattz001,davit005,6.69,0.0
2024,MIN202409290,MIN,BAL,0,0,oberb002,suara001,3.98,3.7
2024,NYA202404050,NYA,TOR,0,0,fergc001,garcy001,4.64,3.46
2024,NYA202404060,NYA,TOR,3,0,weavl001,gausk001,2.89,3.83
2024,NYA202404070,NYA,TOR,0,0,cousj001,franb002,2.37,3.3
2024,NYA202404080,NYA,MIA,0,0,cortn001,luzaj001,3.77,5.0
2024,NYA202404090,NYA,MIA,0,0,rodoc001,puk-a001,3.96,3.15
2024,NYA202404100,NYA,MIA,0,0,strom001,weatr001,4.31,3.63
2024,NYA202404190,NYA,TBA,0,0,santd003,devec001,3.89,6.75
2024,NYA202404200,NYA,TBA,0,0,fergc001,adamj002,4.64,1.95
2024,NYA202404210,NYA,TBA,1,0,gil-l001,civaa001,3.5,4.36
2024,NYA202404220,NYA,OAK,0,0,gonzv001,ercel001,3.86,3.36
2024,NYA202404230,NYA,OAK,4,1,strom001,blacp001,4.31,4.66
2024,NYA202404240,NYA,OAK,2,0,schmc002,boylj001,2.85,6.42
2024,NYA202404250,NYA,OAK,0,0,cortn001,wooda002,3.77,5.26
2024,NYA202405030,NYA,DET,0,0,santd003,folej001,3.89,3.15
2024,NYA202405040,NYA,DET,1,1,schmc002,mizec001,2.85,4.49
2024,NYA202405050,NYA,DET,1,0,gonzv001,mills001,3.86,4.53
2024,NYA202405070,NYA,HOU,3,1,gil-l001,verlj001,3.5,5.48
2024,NYA202405080,NYA,HOU,2,1,rodoc001,arris001,3.96,4.53
2024,NYA202405090,NYA,HOU,0,3,strom001,blanr001,4.31,2.8
2024,NYA202405170,NYA,CHA,1,0,cortn001,clevm001,3.77,6.75
2024,NYA202405180,NYA,CHA,2,1,gil-l001,kellb003,3.5,5.44
2024,NYA202405190,NYA,CHA,0,0,rodoc001,flexc001,3.96,4.95
2024,NYA202405200,NYA,SEA,2,0,holmc001,bazae001,3.14,4.88
2024,NYA202405210,NYA,SEA,0,0,schmc002,woo-b001,2.85,2.89
2024,NYA202405220,NYA,SEA,2,0,cortn001,millb004,3.77,2.94
2024,NYA202405230,NYA,SEA,0,0,gil-l001,castl003,3.5,3.64
2024,NYA202406040,NYA,MIN,0,0,gil-l001,oberb002,3.5,3.98
2024,NYA202406050,NYA,MIN,4,0,rodoc001,paddc001,3.96,4.99
2024,NYA202406060,NYA,MIN,0,1,weavl001,lopep002,2.89,4.08
2024,NYA202406070,NYA,LAN,0,0,hamii001,grovm001,3.82,5.12
2024,NYA202406080,NYA,LAN,0,0,cortn001,stong001,3.77,3.53
2024,NYA202406090,NYA,LAN,0,0,fergc001,glast001,4.64,3.49
2024,NYA202406180,NYA,BAL,0,0,cortn001,suara001,3.77,3.7
2024,NYA202406190,NYA,BAL,1,1,holmc001,kimbc001,3.14,5.33
2024,NYA202406200,NYA,BAL,0,1,gil-l001,bakeb001,3.5,5.01
2024,NYA202406210,NYA,ATL,0,3,rodoc001,salec001,3.96,2.38
2024,NYA202406220,NYA,ATL,2,1,strom001,mortc002,4.31,4.19
2024,NYA202406230,NYA,ATL,0,0,cortn001,friem001,3.77,3.25
2024,NYA202407020,NYA,CIN,0,0,gil-l001,ashcg001,3.5,5.24
2024,NYA202407030,NYA,CIN,0,0,rodoc001,abboa001,3.96,3.72
2024,NYA202407040,NYA,CIN,0,0,strom001,montf001,4.31,4.84
2024,NYA202407050,NYA,BOS,0,0,kahnt001,slatj002,2.11,2.93
2024,NYA202407060,NYA,BOS,1,0,hillt002,bernb001,3.36,4.06
2024,NYA202407070,NYA,BOS,0,0,gil-l001,crawk001,3.5,4.36
2024,NYA202407190,NYA,TBA,0,0,coleg001,efliz001,3.41,3.59
2024,NYA202407200,NYA,TBA,0,0,cortn001,bradt002,3.77,4.11
2024,NYA202407210,NYA,TBA,0,1,strom001,cleag001,4.31,3.75
2024,NYA202407220,NYA,TBA,0,0,rodoc001,littz001,3.96,3.63
2024,NYA202407230,NYA,NYN,0,0,tonkm001,quinj001,3.63,3.75
2024,NYA202407240,NYA,NYN,1,0,coleg001,ottaa001,3.41,4.34
2024,NYA202408020,NYA,TOR,2,3,strom001,littb002,4.31,3.74
2024,NYA202408030,NYA,TOR,2,1,rodoc001,berrj001,3.96,3.6
2024,NYA202408040,NYA,TOR,0,0,leitm002,franb002,4.5,3.3
2024,NYA202408071,NYA,ANA,2,0,gil-l001,danid001,3.5,6.23
2024,NYA202408072,NYA,ANA,0,0,warrw001,strih001,10.32,3.31
2024,NYA202408080,NYA,ANA,0,1,cortn001,andet002,3.77,3.81
2024,NYA202408101,NYA,TEX,1,0,rodoc001,eovan001,3.96,3.8
2024,NYA202408102,NYA,TEX,0,0,weavl001,bradc003,2.89,3.54
2024,NYA202408110,NYA,TEX,1,0,strom001,heana001,4.31,4.28
2024,NYA202408200,NYA,CLE,2,0,mayzt001,herrt002,6.33,1.92
2024,NYA202408210,NYA,CLE,2,0,cortn001,cantj002,3.77,4.89
2024,NYA202408220,NYA,CLE,0,0,coleg001,willg004,3.41,4.86
2024,NYA202408230,NYA,COL,0,0,rodoc001,freek001,3.96,5.24
2024,NYA202408240,NYA,COL,0,1,warrw001,blalb001,10.32,5.87
2024,NYA202408250,NYA,COL,2,1,strom001,gomba001,4.31,4.75
2024,NYA202408300,NYA,SLN,0,0,strom001,fedde001,4.31,3.3
2024,NYA202408310,NYA,SLN,0,0,warrw001,gibsk002,10.32,4.24
2024,NYA202409010,NYA,SLN,0,0,cousj001,romej002,2.37,3.36
2024,NYA202409090,NYA,KCA,0,1,cousj001,mcarj001,2.37,4.92
2024,NYA202409100,NYA,KCA,0,0,strom001,lugos001,4.31,3.0
2024,NYA202409110,NYA,KCA,0,0,weavl001,bubik001,2.89,2.67
2024,NYA202409120,NYA,BOS,1,0,holmc001,wincj001,3.14,4.14
2024,NYA202409130,NYA,BOS,0,0,leitm002,boosc001,4.5,3.38
2024,NYA202409140,NYA,BOS,0,0,coleg001,bellb002,3.41,4.49
2024,NYA202409150,NYA,BOS,0,0,rodoc001,crawk001,3.96,4.36
2024,NYA202409240,NYA,BAL,0,0,schmc002,kremd001,2.85,4.1
2024,NYA202409250,NYA,BAL,0,3,strom001,webbj002,4.31,3.02
2024,NYA202409260,NYA,BAL,0,0,coleg001,burnc002,3.41,2.92
2024,NYA202409270,NYA,PIT,0,0,kahnt001,mlodc001,2.11,3.38
2024,NYA202409280,NYA,PIT,0,0,gil-l001,burrm001,3.5,2.7
2024,NYA202409290,NYA,PIT,2,0,weavl001,holdc001,2.89,3.16
2024,NYN202403290,NYN,MIL,0,0,quinj001,peraf001,3.75,3.68
2024,NYN202403300,NYN,MIL,0,3,sevel001,pegue001,3.91,2.98
2024,NYN202403310,NYN,MIL,0,1,megit002,rea-c001,4.04,4.29
2024,NYN202404010,NYN,DET,0,0,tonkm001,folej001,3.63,3.15
2024,NYN202404041,NYN,DET,0,0,tonkm001,mills001,3.63,4.53
2024,NYN202404042,NYN,DET,0,0,garrr001,faeda001,3.77,3.61
2024,NYN202404120,NYN,KCA,0,0,sevel001,wachm001,3.91,3.35
2024,NYN202404130,NYN,KCA,3,1,manas001,marsa001,3.47,4.53
2024,NYN202404140,NYN,KCA,0,0,raleb001,strac001,0.0,5.55
2024,NYN202404150,NYN,PIT,0,0,ottaa001,chapa001,4.34,3.79
2024,NYN202404160,NYN,PIT,0,0,garrr001,ortil003,3.77,
2024,NYN202404170,NYN,PIT,0,0,sevel001,faltb001,3.91,4.43
2024,NYN202404260,NYN,SLN,0,0,buttj001,mikom001,2.55,5.35
2024,NYN202404270,NYN,SLN,0,4,housa001,grays001,5.84,3.84
2024,NYN202404280,NYN,SLN,0,0,garrr001,libem001,3.77,4.4
2024,NYN202404290,NYN,CHN,1,0,diaze006,leitm002,3.52,4.5
2024,NYN202404300,NYN,CHN,1,0,reids001,alzoa001,1.66,4.67
2024,NYN202405010,NYN,CHN,0,0,buttj001,imans001,2.55,2.91
2024,NYN202405020,NYN,CHN,0,0,yound005,paled001,4.54,6.14
2024,NYN202405100,NYN,ATL,0,0,quinj001,mortc002,3.75,4.19
2024,NYN202405110,NYN,ATL,0,0,scotc001,friem001,4.56,3.25
2024,NYN202405120,NYN,ATL,0,0,diaze006,minta001,3.52,2.62
2024,NYN202405130,NYN,PHI,0,0,reids001,kerko001,1.66,2.29
2024,NYN202405140,NYN,PHI,0,0,buttj001,nolaa001,2.55,3.57
2024,NYN202405240,NYN,SFN,1,0,garrr001,aviln001,3.77,8.49
2024,NYN202405250,NYN,SFN,0,0,reids001,jackl001,1.66,5.09
2024,NYN202405260,NYN,SFN,0,0,housa001,roget002,5.84,2.82
2024,NYN202405281,NYN,LAN,0,0,lopej004,hudsd001,2.89,3.0
2024,NYN202405282,NYN,LAN,0,1,quinj001,stong001,3.75,3.53
2024,NYN202405290,NYN,LAN,0,0,ottaa001,treib001,4.34,1.93
2024,NYN202405300,NYN,ARI,0,0,yound005,thomr007,4.54,3.26
2024,NYN202405310,NYN,ARI,4,3,sevel001,montj004,3.91,6.23
2024,NYN202406010,NYN,ARI,0,0,manas001,ginkk001,3.47,3.21
2024,NYN202406020,NYN,ARI,0,2,diekj001,martj011,5.63,2.48
2024,NYN202406080,NYN,PHI,1,0,manas001,suarr001,3.47,3.46
2024,NYN202406110,NYN,MIA,0,0,megit002,luzaj001,4.04,5.0
2024,NYN202406120,NYN,MIA,2,0,peted003,garrb001,2.9,5.35
2024,NYN202406130,NYN,MIA,0,0,diaze006,scott003,3.52,1.75
2024,NYN202406140,NYN,SDN,0,0,manas001,waldm003,3.47,4.91
2024,NYN202406150,NYN,SDN,0,0,quinj001,mazua001,3.75,7.49
2024,NYN202406160,NYN,SDN,4,1,megit002,ceasd001,4.04,3.47
2024,NYN202406250,NYN,NYA,1,0,nuned003,coleg001,2.31,3.41
2024,NYN202406260,NYN,NYA,0,0,manas001,gil-l001,3.47,3.5
2024,NYN202406280,NYN,HOU,1,1,nuned003,blanr001,2.31,2.8
2024,NYN202406290,NYN,HOU,0,0,garrr001,marts003,3.77,3.59
2024,NYN202406300,NYN,HOU,0,0,festm001,scott004,5.7,2.23
2024,NYN202407090,NYN,WAS,0,0,quinj001,irvij001,3.75,4.41
2024,NYN202407100,NYN,WAS,1,0,sevel001,corbp001,3.91,5.62
2024,NYN202407110,NYN,WAS,0,0,peted003,gorem001,2.9,3.9
2024,NYN202407120,NYN,COL,0,0,manas001,gordt002,3.47,8.65
2024,NYN202407130,NYN,COL,0,0,buttj001,feltr001,2.55,4.49
2024,NYN202407140,NYN,COL,0,2,quinj001,lawrj002,3.75,6.49
2024,NYN202407250,NYN,ATL,0,0,matop002,johnp001,3.66,3.67
2024,NYN202407260,NYN,ATL,0,0,sengk001,mortc002,3.38,4.19
2024,NYN202407270,NYN,ATL,0,0,megit002,schws001,4.04,3.35
2024,NYN202407280,NYN,ATL,0,0,peted003,lee-d005,2.9,2.11
2024,NYN202407290,NYN,MIN,0,1,quinj001,woods002,3.75,4.17
2024,NYN202407300,NYN,MIN,0,0,manas001,festd001,3.47,4.9
2024,NYN202407310,NYN,MIN,0,0,sevel001,lopep002,3.91,4.08
2024,NYN202408130,NYN,OAK,0,3,blacp001,adama002,4.66,3.92
2024,NYN202408140,NYN,OAK,0,0,peted003,estej001,2.9,5.01
2024,NYN202408150,NYN,OAK,0,0,garrr001,fergt001,3.77,3.68
2024,NYN202408160,NYN,MIA,1,0,manas001,munor001,3.47,6.53
2024,NYN202408170,NYN,MIA,1,0,sevel001,meyem001,3.91,5.68
2024,NYN202408180,NYN,MIA,0,0,garrr001,narda001,3.77,5.07
2024,NYN202408190,NYN,BAL,2,0,diaze006,domis001,3.52,4.45
2024,NYN202408200,NYN,BAL,0,2,quinj001,kremd001,3.75,4.1
2024,NYN202408210,NYN,BAL,0,0,diaze006,domis001,3.52,4.45
2024,NYN202409020,NYN,BOS,0,0,sevel001,bellb002,3.91,4.49
2024,NYN202409030,NYN,BOS,0,0,peted003,crawk001,2.9,4.36
2024,NYN202409040,NYN,BOS,4,0,yound005,houct001,4.54,3.12
2024,NYN202409060,NYN,CIN,2,0,buttj001,wilsj004,2.55,5.59
2024,NYN202409070,NYN,CIN,0,0,quinj001,molls001,3.75,3.35
2024,NYN202409080,NYN,CIN,0,0,matop002,farmb001,3.66,3.04
2024,NYN202409160,NYN,WAS,0,0,garrr001,barnj002,3.77,4.36
2024,NYN202409170,NYN,WAS,0,0,megit002,parkm001,4.04,4.29
2024,NYN202409180,NYN,WAS,0,0,quinj001,herzd001,3.75,4.16
2024,NYN202409190,NYN,PHI,2,0,sevel001,walkt004,3.91,7.1
2024,NYN202409200,NYN,PHI,2,0,peted003,sancc002,2.9,3.32
2024,NYN202409210,NYN,PHI,0,1,manas001,kerko001,3.47,2.29
2024,NYN202409220,NYN,PHI,0,1,matop002,wheez001,3.66,2.57
2024,OAK202403280,OAK,CLE,0,0,wooda002,biebs001,5.26,0.0
2024,OAK202403290,OAK,CLE,0,3,strir001,allel003,6.01,5.73
2024,OAK202403300,OAK,CLE,0,0,searj001,sandn001,4.38,3.75
2024,OAK202403310,OAK,CLE,2,0,jimed002,barls001,4.91,4.25
2024,OAK202404010,OAK,BOS,0,1,boylj001,houct001,6.42,3.12
2024,OAK202404020,OAK,BOS,0,1,spenm001,wincj001,4.58,4.14
2024,OAK202404030,OAK,BOS,0,0,strir001,piven001,6.01,4.14
2024,OAK202404120,OAK,WAS,0,0,kellm004,finnk001,2.59,3.68
2024,OAK202404130,OAK,WAS,0,0,boylj001,gorem001,6.42,3.9
2024,OAK202404140,OAK,WAS,0,0,spenm001,law-d001,4.58,2.6
2024,OAK202404150,OAK,SLN,0,1,strir001,grays001,6.01,3.84
2024,OAK202404160,OAK,SLN,0,0,jimed002,lynnl001,4.91,3.84
2024,OAK202404170,OAK,SLN,0,0,blacp001,matzs001,4.66,5.08
2024,OAK202404290,OAK,PIT,1,1,boylj001,faltb001,6.42,4.43
2024,OAK202404300,OAK,PIT,0,1,spenm001,kellm003,4.58,4.25
2024,OAK202405010,OAK,PIT,0,0,strir001,prieq001,6.01,4.71
2024,OAK202405030,OAK,MIA,0,0,searj001,weatr001,4.38,3.63
2024,OAK202405040,OAK,MIA,0,0,blacp001,roget003,4.66,4.92
2024,OAK202405050,OAK,MIA,0,4,boylj001,smitb005,6.42,4.95
2024,OAK202405060,OAK,TEX,0,0,ercel001,leclj001,3.36,4.32
2024,OAK202405070,OAK,TEX,0,1,strir001,urenj001,6.01,3.8
2024,OAK202405081,OAK,TEX,0,1,searj001,lorem002,4.38,3.31
2024,OAK202405082,OAK,TEX,0,0,bidoo001,robed002,3.41,3.0
2024,OAK202405210,OAK,COL,0,2,ercel001,kinlt001,3.36,6.19
2024,OAK202405220,OAK,COL,0,2,mullk001,mearn001,4.01,5.93
2024,OAK202405230,OAK,COL,0,2,bielb001,lambp001,5.16,5.72
2024,OAK202405240,OAK,HOU,1,0,strir001,verlj001,6.01,5.48
2024,OAK202405250,OAK,HOU,2,0,searj001,arris001,4.38,4.53
2024,OAK202405260,OAK,HOU,0,0,brooa001,blanr001,5.06,2.8
2024,OAK202406040,OAK,SEA,0,0,spenm001,kirbg001,4.58,3.53
2024,OAK202406050,OAK,SEA,0,0,estej001,gilbl002,5.01,3.23
2024,OAK202406060,OAK,SEA,0,0,searj001,woo-b001,4.38,2.89
2024,OAK202406070,OAK,TOR,0,0,millm004,greec003,2.49,3.21
2024,OAK202406080,OAK,TOR,0,1,medil002,gausk001,5.18,3.83
2024,OAK202406090,OAK,TOR,0,0,adama002,garcy001,3.92,3.46
2024,OAK202406180,OAK,KCA,2,0,harrh002,marsa001,2.86,4.53
2024,OAK202406190,OAK,KCA,0,0,medil002,ragac001,5.18,3.14
2024,OAK202406200,OAK,KCA,0,0,nittv001,mcarj001,1.5,4.92
2024,OAK202406210,OAK,MIN,1,1,newcs001,duraj002,6.3,3.64
2024,OAK202406220,OAK,MIN,1,1,searj001,oberb002,4.38,3.98
2024,OAK202406230,OAK,MIN,0,0,harrh002,lopep002,2.86,4.08
2024,OAK202407020,OAK,ANA,0,0,spenm001,sorij002,4.58,3.42
2024,OAK202407030,OAK,ANA,0,0,estej001,danid001,5.01,6.23
2024,OAK202407040,OAK,ANA,0,0,searj001,contr001,4.38,4.35
2024,OAK202407050,OAK,BAL,1,1,harrh002,suara001,2.86,3.7
2024,OAK202407060,OAK,BAL,3,0,medil002,povic001,5.18,5.2
2024,OAK202407070,OAK,BAL,0,4,spenm001,rodrg003,4.58,3.86
2024,OAK202407190,OAK,ANA,0,0,searj001,canng001,4.38,5.19
2024,OAK202407200,OAK,ANA,3,0,spenm001,kochj001,4.58,3.99
2024,OAK202407210,OAK,ANA,0,0,ercel001,garcl005,3.36,4.88
2024,OAK202407220,OAK,HOU,0,0,harrh002,arris001,2.86,4.53
2024,OAK202407230,OAK,HOU,2,0,bidoo001,blosj001,3.41,6.94
2024,OAK202407240,OAK,HOU,1,1,searj001,browh001,4.38,3.49
2024,OAK202408020,OAK,LAN,0,2,estej001,stong001,5.01,3.53
2024,OAK202408030,OAK,LAN,0,0,spenm001,flahj002,4.58,3.17
2024,OAK202408040,OAK,LAN,2,2,bidoo001,vesia001,3.41,1.76
2024,OAK202408050,OAK,CHA,1,0,searj001,bushk001,4.38,5.6
2024,OAK202408060,OAK,CHA,0,0,strir001,cannj001,6.01,4.49
2024,OAK202408070,OAK,CHA,0,0,mcfat001,toust001,3.81,7.43
2024,OAK202408170,OAK,SFN,0,0,bidoo001,birdh001,3.41,4.75
2024,OAK202408180,OAK,SFN,0,0,jimed002,walkr001,4.91,1.91
2024,OAK202408190,OAK,TBA,2,0,boylj001,bradt002,6.42,4.11
2024,OAK202408200,OAK,TBA,0,0,estej001,baz-s001,5.01,3.06
2024,OAK202408210,OAK,TBA,1,0,spenm001,pepir001,4.58,3.6
2024,OAK202408220,OAK,TBA,0,0,bidoo001,sprij001,3.41,3.27
2024,OAK202408230,OAK,MIL,1,0,searj001,hudsb001,4.38,1.73
2024,OAK202408240,OAK,MIL,1,0,boylj001,rea-c001,6.42,4.29
2024,OAK202408250,OAK,MIL,0,0,estej001,montf001,5.01,4.84
2024,OAK202409020,OAK,SEA,0,2,fergt001,votha001,3.68,3.69
2024,OAK202409030,OAK,SEA,1,2,harrh002,thort002,2.86,3.61
2024,OAK202409040,OAK,SEA,1,0,searj001,kirbg001,4.38,3.53
2024,OAK202409050,OAK,SEA,0,2,estej001,woo-b001,5.01,2.89
2024,OAK202409060,OAK,DET,0,0,holmg002,brieb001,4.02,3.59
2024,OAK202409070,OAK,DET,0,0,mcfat001,hurtb001,3.81,2.58
2024,OAK202409080,OAK,DET,0,0,ginnj001,maddt001,4.24,4.3
2024,OAK202409200,OAK,NYA,0,0,mcfat001,coleg001,3.81,3.41
2024,OAK202409210,OAK,NYA,0,2,searj001,rodoc001,4.38,3.96
2024,OAK202409220,OAK,NYA,2,0,estej001,gil-l001,5.01,3.5
2024,OAK202409240,OAK,TEX,2,1,millm004,sborj002,2.49,3.86
2024,OAK202409250,OAK,TEX,0,3,bassb002,festm001,4.03,5.7
2024,OAK202409260,OAK,TEX,0,0,ginnj001,rockk001,4.24,3.86
2024,PHI202403290,PHI,ATL,0,0,alvaj004,johnp001,4.09,3.67
2024,PHI202403300,PHI,ATL,3,2,nolaa001,chavj001,3.57,3.13
2024,PHI202403310,PHI,ATL,1,2,stram001,bumma001,1.87,3.58
2024,PHI202404010,PHI,CIN,2,0,brogc001,diaza004,24.0,3.99
2024,PHI202404020,PHI,CIN,1,0,turns003,ashcg001,2.65,5.24
2024,PHI202404030,PHI,CIN,0,0,wheez001,montf001,2.57,4.84
2024,PHI202404110,PHI,PIT,0,0,suarr001,jonej008,3.46,4.14
2024,PHI202404120,PHI,PIT,0,0,sancc002,faltb001,3.32,4.43
2024,PHI202404130,PHI,PIT,2,1,hoffj003,hernj005,2.17,3.38
2024,PHI202404140,PHI,PIT,0,0,wheez001,kellm003,2.57,4.25
2024,PHI202404150,PHI,COL,0,0,domis001,birdj001,4.45,4.5
2024,PHI202404160,PHI,COL,2,0,suarr001,gomba001,3.46,4.75
2024,PHI202404170,PHI,COL,4,1,sancc002,feltr001,3.32,4.49
2024,PHI202404190,PHI,CHA,3,0,turns003,crocg001,2.65,3.58
2024,PHI202404200,PHI,CHA,0,0,wheez001,sorom001,2.57,4.74
2024,PHI202404210,PHI,CHA,3,2,nolaa001,nastn001,3.57,7.07
2024,PHI202405030,PHI,SFN,0,0,stram001,hickj002,1.87,4.1
2024,PHI202405040,PHI,SFN,5,0,suarr001,winnk001,3.46,7.16
2024,PHI202405050,PHI,SFN,0,1,walkt004,webbl001,7.1,3.47
2024,PHI202405060,PHI,SFN,0,0,wheez001,blacm001,2.57,6.44
2024,PHI202405070,PHI,TOR,1,0,sancc002,berrj001,3.32,3.6
2024,PHI202405080,PHI,TOR,0,0,nolaa001,bassc001,3.57,4.16
2024,PHI202405150,PHI,NYN,1,1,suarr001,luccj001,3.46,5.23
2024,PHI202405160,PHI,NYN,0,1,alvaj004,lopej004,4.09,2.89
2024,PHI202405170,PHI,WAS,1,0,wheez001,irvij001,2.57,4.41
2024,PHI202405180,PHI,WAS,0,1,sotog003,finnk001,4.42,3.68
2024,PHI202405190,PHI,WAS,0,0,nolaa001,barnj002,3.57,4.36
2024,PHI202405210,PHI,TEX,0,0,suarr001,grayj003,3.46,4.47
2024,PHI202405220,PHI,TEX,0,1,stram001,dunnd001,1.87,5.31
2024,PHI202405230,PHI,TEX,0,0,wheez001,heana001,2.57,4.28
2024,PHI202405310,PHI,SLN,0,0,nolaa001,mikom001,3.57,5.35
2024,PHI202406010,PHI,SLN,3,0,turns003,grays001,2.65,3.84
2024,PHI202406020,PHI,SLN,0,2,sotog003,kingj002,4.42,2.85
2024,PHI202406030,PHI,MIL,0,0,wheez001,wilsb003,2.57,4.04
2024,PHI202406040,PHI,MIL,0,0,domis001,payaj001,4.45,3.05
2024,PHI202406050,PHI,MIL,0,0,nolaa001,ashba003,3.57,2.86
2024,PHI202406090,PHI,NYN,1,0,alvaj004,garrr001,4.09,3.77
2024,PHI202406170,PHI,SDN,0,0,sancc002,vasqr001,3.32,4.87
2024,PHI202406180,PHI,SDN,0,0,hoffj003,suarr002,2.17,2.77
2024,PHI202406190,PHI,SDN,0,0,kerko001,waldm003,2.29,4.91
2024,PHI202406210,PHI,ARI,0,0,walkt004,montj004,7.1,6.23
2024,PHI202406220,PHI,ARI,2,0,wheez001,henrt001,2.57,7.04
2024,PHI202406230,PHI,ARI,0,0,sancc002,ceccs001,3.32,6.66
2024,PHI202406270,PHI,MIA,1,0,hoffj003,benda001,2.17,4.08
2024,PHI202406280,PHI,MIA,0,0,sancc002,tylek001,3.32,5.4
2024,PHI202406290,PHI,MIA,0,0,nolaa001,narda001,3.57,5.07
2024,PHI202406300,PHI,MIA,2,1,domis001,narda001,4.45,5.07
2024,PHI202407090,PHI,LAN,0,0,wheez001,millb005,2.57,8.52
2024,PHI202407100,PHI,LAN,1,0,sancc002,stong001,3.32,3.53
2024,PHI202407110,PHI,LAN,1,0,nolaa001,banda001,3.57,3.08
2024,PHI202407120,PHI,OAK,0,0,suarr001,bidoo001,3.46,3.41
2024,PHI202407130,PHI,OAK,0,0,philt002,spenm001,6.87,4.58
2024,PHI202407140,PHI,OAK,1,0,mercm002,estej001,11.08,5.01
2024,PHI202407260,PHI,CLE,0,1,sancc002,liveb001,3.32,3.81
2024,PHI202407270,PHI,CLE,0,0,philt002,carrc003,6.87,5.64
2024,PHI202407280,PHI,CLE,1,0,alvaj004,herrt002,4.09,1.92
2024,PHI202407290,PHI,NYA,0,1,wheez001,gil-l001,2.57,3.5
2024,PHI202407300,PHI,NYA,1,1,kerko001,tonkm001,2.29,3.63
2024,PHI202407310,PHI,NYA,0,0,sancc002,cortn001,3.32,3.77
2024,PHI202408130,PHI,MIA,0,2,walkt004,bellv001,7.1,3.67
2024,PHI202408140,PHI,MIA,0,3,ruizj001,cabre003,3.71,4.95
2024,PHI202408150,PHI,WAS,4,0,wheez001,parkm001,2.57,4.29
2024,PHI202408160,PHI,WAS,0,0,estec001,finnk001,2.45,3.68
2024,PHI202408170,PHI,WAS,0,0,sancc002,gorem001,3.32,3.9
2024,PHI202408180,PHI,WAS,1,0,stram001,barnj002,1.87,4.36
2024,PHI202408260,PHI,HOU,0,0,stram001,hadej001,1.87,3.8
2024,PHI202408270,PHI,HOU,0,0,nolaa001,verlj001,3.57,5.48
2024,PHI202408280,PHI,HOU,0,0,walkt004,arris001,7.1,4.53
2024,PHI202408290,PHI,ATL,0,0,kerko001,holmg001,2.29,3.56
2024,PHI202408300,PHI,ATL,0,0,suarr001,loper003,3.46,1.99
2024,PHI202408310,PHI,ATL,0,0,wheez001,friem001,2.57,3.25
2024,PHI202409010,PHI,ATL,0,0,estec001,bumma001,2.45,3.58
2024,PHI202409090,PHI,TBA,0,0,estec001,cleag001,2.45,3.75
2024,PHI202409100,PHI,TBA,1,0,alvaj004,lover001,4.09,4.46
2024,PHI202409110,PHI,TBA,2,0,wheez001,rasmd002,2.57,2.83
2024,PHI202409130,PHI,NYN,0,0,nolaa001,quinj001,3.57,3.75
2024,PHI202409140,PHI,NYN,0,1,kerko001,yound005,2.29,4.54
2024,PHI202409150,PHI,NYN,0,0,ruizj001,diaze006,3.71,3.52
2024,PHI202409230,PHI,CHN,0,0,nolaa001,kilic001,3.57,4.22
2024,PHI202409240,PHI,CHN,1,0,bankt001,smyld001,3.98,3.84
2024,PHI202409250,PHI,CHN,3,0,ruizj001,assaj001,3.71,3.73
2024,PIT202404050,PIT,BAL,0,0,jonej008,rodrg003,4.14,3.86
2024,PIT202404060,PIT,BAL,0,0,flemj001,heasj001,4.02,16.88
2024,PIT202404070,PIT,BAL,0,0,hernj005,canoy001,3.38,3.15
2024,PIT202404080,PIT,DET,0,1,kellm003,olsor001,4.25,3.53
2024,PIT202404090,PIT,DET,0,1,bednd001,mills001,5.77,4.53
2024,PIT202404190,PIT,BOS,0,2,prieq001,bellb002,4.71,4.49
2024,PIT202404200,PIT,BOS,0,2,kellm003,crawk001,4.25,4.36
2024,PIT202404210,PIT,BOS,1,0,perem004,slatj002,4.53,2.93
2024,PIT202404220,PIT,MIL,1,0,jonej008,rossj002,4.14,3.77
2024,PIT202404230,PIT,MIL,1,0,faltb001,myert001,4.43,3.0
2024,PIT202404240,PIT,MIL,0,0,flemj001,hudsb001,4.02,1.73
2024,PIT202404250,PIT,MIL,3,1,chapa001,koenj001,3.79,2.47
2024,PIT202405030,PIT,COL,0,0,perem004,quanc001,4.53,4.98
2024,PIT202405040,PIT,COL,0,0,bednd001,mearn001,5.77,5.93
2024,PIT202405050,PIT,COL,0,0,ortil003,feltr001,,4.49
2024,PIT202405060,PIT,ANA,0,0,kellm003,andet002,4.25,3.81
2024,PIT202405070,PIT,ANA,0,0,prieq001,sandp002,4.71,5.08
2024,PIT202405080,PIT,ANA,0,0,ortil003,cimba001,,7.03
2024,PIT202405100,PIT,CHN,2,1,jonej008,browb006,4.14,3.58
2024,PIT202405110,PIT,CHN,0,0,holdc001,thomk002,3.16,2.67
2024,PIT202405120,PIT,CHN,0,2,chapa001,nerih001,3.79,4.1
2024,PIT202405210,PIT,SFN,0,2,bednd001,mille002,5.77,3.88
2024,PIT202405220,PIT,SFN,0,0,mlodc001,walkr001,3.38,1.91
2024,PIT202405230,PIT,SFN,1,0,strah001,jackl001,3.58,5.09
2024,PIT202405240,PIT,ATL,2,0,faltb001,kerrr001,4.43,5.64
2024,PIT202405250,PIT,ATL,0,0,kellm003,loper003,4.25,1.99
2024,PIT202405260,PIT,ATL,0,0,mlodc001,salec001,3.38,2.38
2024,PIT202406040,PIT,LAN,0,0,jonej008,glast001,4.14,3.49
2024,PIT202406050,PIT,LAN,0,0,skenp001,paxtj001,1.96,4.4
2024,PIT202406060,PIT,LAN,0,4,faltb001,grovm001,4.43,5.12
2024,PIT202406070,PIT,MIN,0,0,kellm003,ryanj002,4.25,3.6
2024,PIT202406080,PIT,MIN,0,0,strah001,woods002,3.58,4.17
2024,PIT202406090,PIT,MIN,0,3,hellb001,duraj002,11.25,3.64
2024,PIT202406170,PIT,CIN,3,1,skenp001,spiec001,1.96,5.46
2024,PIT202406180,PIT,CIN,0,0,faltb001,lodon001,4.43,4.76
2024,PIT202406190,PIT,CIN,0,0,holdc001,martn002,3.16,3.1
2024,PIT202406210,PIT,TBA,0,0,mlodc001,pochc001,3.38,3.86
2024,PIT202406220,PIT,TBA,1,1,jonej008,efliz001,4.14,3.59
2024,PIT202406230,PIT,TBA,0,1,holdc001,kellk004,3.16,2.67
2024,PIT202407020,PIT,SLN,0,0,kellm003,gibsk002,4.25,4.24
2024,PIT202407030,PIT,SLN,0,0,chapa001,kitta001,3.79,2.8
2024,PIT202407040,PIT,SLN,0,0,santd003,kingj002,3.89,2.85
2024,PIT202407050,PIT,NYN,0,0,skenp001,sevel001,1.96,3.91
2024,PIT202407060,PIT,NYN,0,0,faltb001,buttj001,4.43,2.55
2024,PIT202407070,PIT,NYN,0,0,chapa001,diaze006,3.79,3.52
2024,PIT202407080,PIT,NYN,0,0,kellm003,orzee001,4.25,21.6
2024,PIT202407190,PIT,PHI,3,3,mlodc001,alvaj004,3.38,4.09
2024,PIT202407200,PIT,PHI,0,0,ortil003,sancc002,,3.32
2024,PIT202407210,PIT,PHI,0,0,gonzm005,philt002,4.54,6.87
2024,PIT202407220,PIT,SLN,0,0,chapa001,kingj002,3.79,2.85
2024,PIT202407230,PIT,SLN,0,0,skenp001,fernr001,1.96,3.51
2024,PIT202407240,PIT,SLN,0,0,perem004,libem001,4.53,4.4
2024,PIT202408020,PIT,ARI,0,5,holdc001,flord002,3.16,3.8
2024,PIT202408030,PIT,ARI,0,0,nicok001,ceccs001,3.95,6.66
2024,PIT202408040,PIT,ARI,1,0,holdc001,sewap001,3.16,4.31
2024,PIT202408060,PIT,SDN,0,0,woodj003,hoeib001,7.97,2.18
2024,PIT202408070,PIT,SDN,2,0,holdc001,scott003,3.16,1.75
2024,PIT202408080,PIT,SDN,0,2,bednd001,adamj002,5.77,1.95
2024,PIT202408160,PIT,SEA,0,0,skenp001,gilbl002,1.96,3.23
2024,PIT202408170,PIT,SEA,1,0,faltb001,castl003,4.43,3.64
2024,PIT202408180,PIT,SEA,0,2,woodj003,kirbg001,7.97,3.53
2024,PIT202408220,PIT,CIN,0,0,skenp001,lodon001,1.96,4.76
2024,PIT202408230,PIT,CIN,0,1,santd003,wilsj004,3.89,5.59
2024,PIT202408240,PIT,CIN,0,4,woodj003,aguij002,7.97,6.25
2024,PIT202408250,PIT,CIN,1,0,chapa001,diaza004,3.79,3.99
2024,PIT202408260,PIT,CHN,0,0,kellm003,tailj001,4.25,3.27
2024,PIT202408270,PIT,CHN,2,0,jonej008,steej002,4.14,3.07
2024,PIT202408280,PIT,CHN,1,1,bednd001,hodgp001,5.77,1.88
2024,PIT202409050,PIT,WAS,0,3,faltb001,irvij001,4.43,4.41
2024,PIT202409071,PIT,WAS,0,0,ortil003,herzd001,,4.16
2024,PIT202409072,PIT,WAS,2,0,chapa001,garcr008,3.79,4.22
2024,PIT202409080,PIT,WAS,4,1,jonej008,corbp001,4.14,5.62
2024,PIT202409090,PIT,MIA,1,0,skenp001,bellv001,1.96,3.67
2024,PIT202409100,PIT,MIA,2,0,wentj001,ollea001,4.68,5.31
2024,PIT202409110,PIT,MIA,2,0,faltb001,bermj001,4.43,8.1
2024,PIT202409130,PIT,KCA,0,0,ortil003,marsa001,,4.53
2024,PIT202409140,PIT,KCA,0,1,kellm003,wachm001,4.25,3.35
2024,PIT202409150,PIT,KCA,1,0,mlodc001,singb001,3.38,3.71
2024,PIT202409240,PIT,MIL,0,0,faltb001,milnh001,4.43,4.73
2024,PIT202409250,PIT,MIL,0,0,ortil003,peraf001,,3.68
2024,PIT202409260,PIT,MIL,0,0,kellm003,civaa001,4.25,4.36
2024,SDN202403200,SDN,LAN,0,0,britj003,hudsd001,4.12,3.0
2024,SDN202403280,SDN,SFN,0,0,matsy001,jackl001,3.73,5.09
2024,SDN202403290,SDN,SFN,0,3,musgj001,harrk001,3.88,4.56
2024,SDN202403300,SDN,SFN,0,0,ceasd001,hickj002,3.47,4.1
2024,SDN202403310,SDN,SFN,6,0,avilp001,jeffd001,3.81,9.82
2024,SDN202404010,SDN,SLN,0,3,waldm003,gibsk002,4.91,4.24
2024,SDN202404020,SDN,SLN,0,0,darvy001,mikom001,3.31,5.35
2024,SDN202404030,SDN,SLN,1,0,musgj001,thomz002,3.88,9.53
2024,SDN202404080,SDN,CHN,0,0,peraw002,alzoa001,3.99,4.67
2024,SDN202404090,SDN,CHN,0,0,musgj001,smyld001,3.88,3.84
2024,SDN202404100,SDN,CHN,0,0,ceasd001,hendk001,3.47,5.92
2024,SDN202404190,SDN,TOR,0,1,waldm003,franb002,4.91,3.3
2024,SDN202404200,SDN,TOR,0,4,vasqr001,berrj001,4.87,3.6
2024,SDN202404210,SDN,TOR,1,0,musgj001,bassc001,3.88,4.16
2024,SDN202404260,SDN,PHI,0,2,musgj001,nolaa001,3.88,3.57
2024,SDN202404270,SDN,PHI,0,2,ceasd001,suarr001,3.47,3.46
2024,SDN202404280,SDN,PHI,0,0,kingm002,walkt004,2.95,7.1
2024,SDN202404290,SDN,CIN,1,1,waldm003,lodon001,4.91,4.76
2024,SDN202404300,SDN,CIN,0,0,darvy001,martn002,3.31,3.1
2024,SDN202405010,SDN,CIN,0,1,deloe001,cruzf002,5.2,4.86
2024,SDN202405100,SDN,LAN,0,0,suarr002,grovm001,2.77,5.12
2024,SDN202405110,SDN,LAN,0,1,waldm003,paxtj001,4.91,4.4
2024,SDN202405120,SDN,LAN,2,0,darvy001,buehw001,3.31,5.38
2024,SDN202405130,SDN,COL,0,0,vasqr001,hudsd002,4.87,6.17
2024,SDN202405140,SDN,COL,0,0,ceasd001,quanc001,3.47,4.98
2024,SDN202405150,SDN,COL,0,0,kingm002,gomba001,2.95,4.75
2024,SDN202405240,SDN,NYA,0,1,darvy001,rodoc001,3.31,3.96
2024,SDN202405250,SDN,NYA,0,2,ceasd001,strom001,3.47,4.31
2024,SDN202405260,SDN,NYA,0,0,estrj002,schmc002,2.95,2.85
2024,SDN202405270,SDN,MIA,0,0,morea001,puk-a001,2.83,3.15
2024,SDN202405280,SDN,MIA,2,0,waldm003,luzaj001,4.91,5.0
2024,SDN202405290,SDN,MIA,0,0,darvy001,garrb001,3.31,5.35
2024,SDN202406060,SDN,ARI,0,1,estrj002,ginkk001,2.95,3.21
2024,SDN202406070,SDN,ARI,2,0,kingm002,pfaab001,2.95,4.71
2024,SDN202406080,SDN,ARI,0,0,waldm003,nelsr003,4.91,4.24
2024,SDN202406090,SDN,ARI,1,1,mazua001,henrt001,7.49,7.04
2024,SDN202406100,SDN,OAK,0,0,ceasd001,estej001,3.47,5.01
2024,SDN202406110,SDN,OAK,0,1,suarr002,alexs001,2.77,2.56
2024,SDN202406120,SDN,OAK,0,0,suarr002,millm004,2.77,2.49
2024,SDN202406200,SDN,MIL,4,1,estrj002,payaj001,2.95,3.05
2024,SDN202406210,SDN,MIL,0,0,koles001,milnh001,5.21,4.73
2024,SDN202406220,SDN,MIL,0,0,vasqr001,rodrc003,4.87,7.3
2024,SDN202406230,SDN,MIL,0,0,kingm002,myert001,2.95,3.0
2024,SDN202406240,SDN,WAS,0,0,peraw002,harvh001,3.99,4.44
2024,SDN202406250,SDN,WAS,2,0,mazua001,gorem001,7.49,3.9
2024,SDN202406260,SDN,WAS,0,0,ceasd001,herzd001,3.47,4.16
2024,SDN202407050,SDN,ARI,0,2,koles001,sewap001,5.21,4.31
2024,SDN202407060,SDN,ARI,1,0,peraw002,thomr007,3.99,3.26
2024,SDN202407070,SDN,ARI,1,1,ceasd001,nelsr003,3.47,4.24
2024,SDN202407090,SDN,SEA,0,1,mazua001,gilbl002,7.49,3.23
2024,SDN202407100,SDN,SEA,0,0,kingm002,millb004,2.95,2.94
2024,SDN202407120,SDN,ATL,0,0,waldm003,schws001,4.91,3.35
2024,SDN202407130,SDN,ATL,0,0,ceasd001,loper003,3.47,1.99
2024,SDN202407140,SDN,ATL,1,0,vasqr001,salec001,4.87,2.38
2024,SDN202407300,SDN,LAN,0,5,suarr002,vesia001,2.77,1.76
2024,SDN202407310,SDN,LAN,0,0,ceasd001,kersc001,3.47,4.5
2024,SDN202408020,SDN,COL,0,0,estrj002,gomba001,2.95,4.75
2024,SDN202408030,SDN,COL,0,0,adamj002,lambp001,1.95,5.72
2024,SDN202408040,SDN,COL,0,0,waldm003,quanc001,4.91,4.98
2024,SDN202408120,SDN,PIT,0,0,estrj002,woodj003,2.95,7.97
2024,SDN202408130,SDN,PIT,1,0,kingm002,ortil003,2.95,
2024,SDN202408140,SDN,PIT,3,0,perem004,kellm003,4.53,4.25
2024,SDN202408190,SDN,MIN,2,1,kingm002,mattz001,2.95,6.69
2024,SDN202408200,SDN,MIN,0,0,scott003,okers001,1.75,5.09
2024,SDN202408210,SDN,MIN,0,0,waldm003,woods002,4.91,4.17
2024,SDN202408220,SDN,NYN,0,1,ceasd001,sevel001,3.47,3.91
2024,SDN202408230,SDN,NYN,1,0,musgj001,blacp001,3.88,4.66
2024,SDN202408240,SDN,NYN,0,1,kingm002,peted003,2.95,2.9
2024,SDN202408250,SDN,NYN,0,0,suarr002,diaze006,2.77,3.52
2024,SDN202409020,SDN,DET,0,0,musgj001,hanib001,3.88,1.84
2024,SDN202409040,SDN,DET,0,1,estrj002,folej001,2.95,3.15
2024,SDN202409050,SDN,DET,1,0,suarr002,vanar001,2.77,6.75
2024,SDN202409060,SDN,SFN,3,0,kingm002,blacm001,2.95,6.44
2024,SDN202409070,SDN,SFN,2,0,ceasd001,webbl001,3.47,3.47
2024,SDN202409080,SDN,SFN,0,0,musgj001,mille002,3.88,3.88
2024,SDN202409160,SDN,HOU,1,0,darvy001,arris001,3.31,4.53
2024,SDN202409170,SDN,HOU,0,0,morea001,hadej001,2.83,3.8
2024,SDN202409180,SDN,HOU,0,0,ceasd001,valdf001,3.47,2.91
2024,SDN202409200,SDN,CHA,0,0,morea001,andej005,2.83,4.39
2024,SDN202409210,SDN,CHA,0,0,perem004,flexc001,4.53,4.95
2024,SDN202409220,SDN,CHA,0,0,estrj002,ellaf001,2.95,3.75
2024,SEA202403280,SEA,BOS,0,0,castl003,bellb002,3.64,4.49
2024,SEA202403290,SEA,BOS,0,0,kirbg001,piven001,3.53,4.14
2024,SEA202403300,SEA,BOS,1,0,sauct001,rodrj004,3.49,5.93
2024,SEA202403310,SEA,BOS,0,0,millb004,whitg002,2.94,1.96
2024,SEA202404010,SEA,CLE,0,0,hance001,mcket001,4.75,5.11
2024,SEA202404020,SEA,CLE,0,0,castl003,biebs001,3.64,0.0
2024,SEA202404030,SEA,CLE,0,3,kirbg001,allel003,3.53,5.73
2024,SEA202404120,SEA,CHN,0,0,millb004,wickj001,2.94,5.48
2024,SEA202404130,SEA,CHN,0,0,hance001,imans001,4.75,2.91
2024,SEA202404140,SEA,CHN,0,1,castl003,assaj001,3.64,3.73
2024,SEA202404150,SEA,CIN,3,0,kirbg001,montf001,3.53,4.84
2024,SEA202404160,SEA,CIN,0,0,gilbl002,pagae001,3.23,4.5
2024,SEA202404170,SEA,CIN,0,0,millb004,abboa001,2.94,3.72
2024,SEA202404260,SEA,ARI,1,0,hance001,gallz001,4.75,3.65
2024,SEA202404270,SEA,ARI,0,0,kirbg001,ceccs001,3.53,6.66
2024,SEA202404280,SEA,ARI,1,0,thort002,mantj002,3.61,3.92
2024,SEA202404290,SEA,ATL,0,0,votha001,minta001,3.69,2.62
2024,SEA202404300,SEA,ATL,0,0,castl003,loper003,3.64,1.99
2024,SEA202405010,SEA,ATL,0,0,hance001,salec001,4.75,2.38
2024,SEA202405100,SEA,OAK,0,0,thort002,blacp001,3.61,4.66
2024,SEA202405110,SEA,OAK,0,0,millb004,estej001,2.94,5.01
2024,SEA202405120,SEA,OAK,1,0,castl003,wooda002,3.64,5.26
2024,SEA202405130,SEA,KCA,0,0,kirbg001,singb001,3.53,3.71
2024,SEA202405140,SEA,KCA,0,0,gilbl002,wachm001,3.23,3.35
2024,SEA202405150,SEA,KCA,0,0,woo-b001,marsa001,2.89,4.53
2024,SEA202405270,SEA,HOU,3,0,millb004,valdf001,2.94,2.91
2024,SEA202405280,SEA,HOU,1,0,sauct001,presr001,3.49,3.49
2024,SEA202405290,SEA,HOU,0,0,baumm001,scott004,5.55,2.23
2024,SEA202405300,SEA,HOU,0,0,gilbl002,arris001,3.23,4.53
2024,SEA202405310,SEA,ANA,3,0,stanr002,moorm003,4.88,5.03
2024,SEA202406010,SEA,ANA,0,0,millb004,detmr001,2.94,6.7
2024,SEA202406020,SEA,ANA,0,0,castl003,canng001,3.64,5.19
2024,SEA202406100,SEA,CHA,0,0,stanr002,leasj001,4.88,6.32
2024,SEA202406110,SEA,CHA,0,0,thort002,brebj001,3.61,5.86
2024,SEA202406120,SEA,CHA,0,0,thort002,wilss002,3.61,5.71
2024,SEA202406130,SEA,CHA,0,0,munoa002,kopem001,2.12,3.46
2024,SEA202406140,SEA,TEX,2,2,castl003,heana001,3.64,4.28
2024,SEA202406150,SEA,TEX,1,0,kirbg001,eovan001,3.53,3.8
2024,SEA202406160,SEA,TEX,0,0,gilbl002,dunnd001,3.23,5.31
2024,SEA202406280,SEA,MIN,0,0,stanr002,sandc001,4.88,3.28
2024,SEA202406290,SEA,MIN,0,0,millb004,lopep002,2.94,4.08
2024,SEA202406300,SEA,MIN,0,1,stanr002,sandc001,4.88,3.28
2024,SEA202407020,SEA,BAL,0,0,kirbg001,rodrg003,3.53,3.86
2024,SEA202407030,SEA,BAL,0,0,gilbl002,kremd001,3.23,4.1
2024,SEA202407040,SEA,BAL,0,0,stanr002,bakeb001,4.88,5.01
2024,SEA202407050,SEA,TOR,0,0,castl003,gausk001,3.64,3.83
2024,SEA202407060,SEA,TOR,0,0,hance001,rodry003,4.75,4.47
2024,SEA202407070,SEA,TOR,0,0,snidc001,greec003,1.94,3.21
2024,SEA202407190,SEA,HOU,0,0,castl003,browh001,3.64,3.49
2024,SEA202407200,SEA,HOU,0,0,stanr002,scott004,4.88,2.23
2024,SEA202407210,SEA,HOU,0,0,woo-b001,blanr001,2.89,2.8
2024,SEA202407220,SEA,ANA,1,0,thort002,garcl005,3.61,4.88
2024,SEA202407230,SEA,ANA,0,0,gilbl002,sorij002,3.23,3.42
2024,SEA202407240,SEA,ANA,0,0,santg001,crouh001,4.91,2.84
2024,SEA202408020,SEA,PHI,1,0,woo-b001,philt002,2.89,6.87
2024,SEA202408030,SEA,PHI,0,1,snidc001,estec001,1.94,2.45
2024,SEA202408040,SEA,PHI,0,1,gilbl002,wheez001,3.23,2.57
2024,SEA202408060,SEA,DET,0,0,castl003,montk001,3.64,4.76
2024,SEA202408070,SEA,DET,0,1,kirbg001,skubt001,3.53,2.39
2024,SEA202408080,SEA,DET,0,0,charj001,vestw001,2.23,2.82
2024,SEA202408090,SEA,NYN,0,0,millb004,quinj001,2.94,3.75
2024,SEA202408100,SEA,NYN,3,0,gilbl002,manas001,3.23,3.47
2024,SEA202408110,SEA,NYN,0,0,castl003,sevel001,3.64,3.91
2024,SEA202408230,SEA,SFN,0,1,snidc001,mille002,1.94,3.88
2024,SEA202408240,SEA,SFN,0,1,kirbg001,bives001,3.53,3.14
2024,SEA202408250,SEA,SFN,1,2,woo-b001,hjels001,2.89,3.9
2024,SEA202408260,SEA,TBA,0,0,millb004,pepir001,2.94,3.6
2024,SEA202408270,SEA,TBA,0,0,charj001,ucete001,2.23,1.51
2024,SEA202408280,SEA,TBA,0,0,castl003,alext001,3.64,5.1
2024,SEA202409100,SEA,SDN,1,0,kirbg001,darvy001,3.53,3.31
2024,SEA202409110,SEA,SDN,0,0,woo-b001,kingm002,2.89,2.95
2024,SEA202409120,SEA,TEX,0,0,snidc001,festm001,1.94,5.7
2024,SEA202409130,SEA,TEX,0,2,charj001,robed002,2.23,3.0
2024,SEA202409140,SEA,TEX,0,0,munoa002,leclj001,2.12,4.32
2024,SEA202409150,SEA,TEX,3,0,kirbg001,heana001,3.53,4.28
2024,SEA202409170,SEA,NYA,0,2,woo-b001,gil-l001,2.89,3.5
2024,SEA202409180,SEA,NYA,0,0,snidc001,weavl001,1.94,2.89
2024,SEA202409190,SEA,NYA,3,0,gilbl002,schmc002,3.23,2.85
2024,SEA202409270,SEA,OAK,0,0,woo-b001,searj001,2.89,4.38
2024,SEA202409280,SEA,OAK,0,0,bazae001,alexs001,4.88,2.56
2024,SEA202409290,SEA,OAK,0,0,gilbl002,spenm001,3.23,4.58
2024,SFN202404050,SFN,SDN,1,1,dovac001,deloe001,4.88,5.2
2024,SFN202404060,SFN,SDN,0,4,winnk001,kingm002,7.16,2.95
2024,SFN202404070,SFN,SDN,0,1,walkr001,britj003,1.91,4.12
2024,SFN202404080,SFN,WAS,1,0,snelb001,willt002,3.12,2.03
2024,SFN202404090,SFN,WAS,0,0,walkr001,weemj001,1.91,6.7
2024,SFN202404100,SFN,WAS,0,0,hickj002,corbp001,4.1,5.62
2024,SFN202404180,SFN,ARI,0,0,webbl001,allel002,3.47,
2024,SFN202404190,SFN,ARI,0,0,snelb001,montj004,3.12,6.23
2024,SFN202404200,SFN,ARI,2,1,walkr001,gallz001,1.91,3.65
2024,SFN202404210,SFN,ARI,0,0,mille002,ceccs001,3.88,6.66
2024,SFN202404220,SFN,NYN,0,0,winnk001,quinj001,7.16,3.75
2024,SFN202404230,SFN,NYN,0,0,webbl001,sevel001,3.47,3.91
2024,SFN202404240,SFN,NYN,0,0,hjels001,garrr001,3.9,3.77
2024,SFN202404260,SFN,PIT,0,0,dovac001,bednd001,4.88,5.77
2024,SFN202404270,SFN,PIT,0,0,roget001,strah001,2.4,3.58
2024,SFN202404280,SFN,PIT,0,0,winnk001,jonej008,7.16,4.14
2024,SFN202405100,SFN,CIN,1,1,webbl001,abboa001,3.47,3.72
2024,SFN202405110,SFN,CIN,4,0,roget001,lodon001,2.4,4.76
2024,SFN202405120,SFN,CIN,0,3,jackl001,pagae001,5.09,4.5
2024,SFN202405130,SFN,LAN,0,1,roget001,treib001,2.4,1.93
2024,SFN202405140,SFN,LAN,0,0,winnk001,stong001,7.16,3.53
2024,SFN202405150,SFN,LAN,0,0,webbl001,herne002,3.47,6.32
2024,SFN202405170,SFN,COL,1,3,hjels001,feltr001,3.9,4.49
2024,SFN202405180,SFN,COL,3,0,harrk001,blact002,4.56,6.94
2024,SFN202405190,SFN,COL,0,1,hickj002,hudsd002,4.1,6.17
2024,SFN202405270,SFN,PHI,0,0,rodrr010,walkt004,4.3,7.1
2024,SFN202405280,SFN,PHI,0,0,hjels001,stram001,3.9,1.87
2024,SFN202405290,SFN,PHI,0,1,harrk001,sancc002,4.56,3.32
2024,SFN202405310,SFN,NYA,0,0,hickj002,strom001,4.1,4.31
2024,SFN202406010,SFN,NYA,0,2,webbl001,potec001,3.47,2.22
2024,SFN202406020,SFN,NYA,0,1,dovac001,tonkm001,4.88,3.63
2024,SFN202406100,SFN,HOU,0,0,rodrr010,montr004,4.3,4.7
2024,SFN202406110,SFN,HOU,0,0,hickj002,blanr001,4.1,2.8
2024,SFN202406120,SFN,HOU,0,0,webbl001,valdf001,3.47,2.91
2024,SFN202406140,SFN,ANA,0,0,howas003,andet002,6.21,3.81
2024,SFN202406150,SFN,ANA,2,0,walkr001,moorm003,1.91,5.03
2024,SFN202406160,SFN,ANA,0,1,bives001,suarj001,3.14,6.02
2024,SFN202406240,SFN,CHN,0,0,howas003,smyld001,6.21,3.84
2024,SFN202406250,SFN,CHN,0,0,roget002,hendk001,2.82,5.92
2024,SFN202406260,SFN,CHN,0,0,jackl001,smyld001,5.09,3.84
2024,SFN202406270,SFN,CHN,0,0,jackl001,nerih001,5.09,4.1
2024,SFN202406280,SFN,LAN,0,0,dovac001,treib001,4.88,1.93
2024,SFN202406290,SFN,LAN,1,0,hjels001,hudsd001,3.9,3.0
2024,SFN202406300,SFN,LAN,1,0,bives001,paxtj001,3.14,4.4
2024,SFN202407090,SFN,TOR,0,0,mille002,richt001,3.88,4.55
2024,SFN202407100,SFN,TOR,2,0,webbl001,bassc001,3.47,4.16
2024,SFN202407110,SFN,TOR,2,3,hickj002,gausk001,4.1,3.83
2024,SFN202407120,SFN,MIN,1,0,harrk001,ryanj002,4.56,3.6
2024,SFN202407130,SFN,MIN,0,0,roget001,sandc001,2.4,3.28
2024,SFN202407140,SFN,MIN,0,0,walkr001,duraj002,1.91,3.64
2024,SFN202407260,SFN,COL,1,0,harrk001,freek001,4.56,5.24
2024,SFN202407271,SFN,COL,0,0,walkr001,lawrj002,1.91,6.49
2024,SFN202407272,SFN,COL,1,0,birdh001,gordt002,4.75,8.65
2024,SFN202407280,SFN,COL,1,0,rodrr010,gomba001,4.3,4.75
2024,SFN202407300,SFN,OAK,0,0,ray-r002,searj001,4.7,4.38
2024,SFN202407310,SFN,OAK,0,0,webbl001,strir001,3.47,6.01
2024,SFN202408090,SFN,DET,0,0,roget002,folej001,2.82,3.15
2024,SFN202408100,SFN,DET,0,0,webbl001,hurtb001,3.47,2.58
2024,SFN202408110,SFN,DET,2,1,birdh001,montk001,4.75,4.76
2024,SFN202408120,SFN,ATL,0,0,roget001,igler001,2.4,1.95
2024,SFN202408130,SFN,ATL,0,0,rodrr010,lee-d005,4.3,2.11
2024,SFN202408140,SFN,ATL,1,5,ray-r002,holmg001,4.7,3.56
2024,SFN202408150,SFN,ATL,0,0,webbl001,friem001,3.47,3.25
2024,SFN202408190,SFN,CHA,0,0,harrk001,cannj001,4.56,4.49
2024,SFN202408200,SFN,CHA,0,0,ray-r002,martd006,4.7,4.32
2024,SFN202408210,SFN,CHA,0,1,mille002,ellaf001,3.88,3.75
2024,SFN202408300,SFN,MIA,0,0,roget002,baumm001,2.82,5.55
2024,SFN202408310,SFN,MIA,0,0,blacm001,cabre003,6.44,4.95
2024,SFN202409010,SFN,MIA,1,0,webbl001,currx001,3.47,4.64
2024,SFN202409030,SFN,ARI,1,3,harrk001,nelsr003,4.56,4.24
2024,SFN202409040,SFN,ARI,0,1,birdh001,gallz001,4.75,3.65
2024,SFN202409050,SFN,ARI,0,2,walkr001,ginkk001,1.91,3.21
2024,SFN202409100,SFN,MIL,1,2,roupl001,civaa001,3.58,4.36
2024,SFN202409110,SFN,MIL,4,0,snelb001,rea-c001,3.12,4.29
2024,SFN202409120,SFN,MIL,0,0,dovac001,montf001,4.88,4.84
2024,SFN202409130,SFN,SDN,0,3,webbl001,ceasd001,3.47,3.47
2024,SFN202409140,SFN,SDN,0,1,blacm001,musgj001,6.44,3.88
2024,SFN202409150,SFN,SDN,0,0,dovac001,suarr002,4.88,2.77
2024,SFN202409270,SFN,SLN,0,1,roupl001,mikom001,3.58,5.35
2024,SFN202409280,SFN,SLN,2,1,walkr001,libem001,1.91,4.4
2024,SFN202409290,SFN,SLN,0,0,birdh001,mcgrm001,4.75,1.96
2024,SLN202404040,SLN,MIA,0,0,gallg001,sancs001,6.53,6.06
2024,SLN202404060,SLN,MIA,0,0,matzs001,roget003,5.08,4.92
2024,SLN202404070,SLN,MIA,0,6,gibsk002,meyem001,4.24,5.68
2024,SLN202404080,SLN,PHI,0,0,helsr001,hoffj003,2.04,2.17
2024,SLN202404090,SLN,PHI,0,0,grays001,wheez001,3.84,2.57
2024,SLN202404100,SLN,PHI,0,2,palla001,nolaa001,3.78,3.57
2024,SLN202404190,SLN,MIL,0,0,helsr001,payaj001,2.04,3.05
2024,SLN202404200,SLN,MIL,1,2,mikom001,wilsb003,5.35,4.04
2024,SLN202404210,SLN,MIL,0,0,grays001,hudsb001,3.84,1.73
2024,SLN202404220,SLN,ARI,0,0,helsr001,thomr007,2.04,3.26
2024,SLN202404230,SLN,ARI,1,0,matzs001,henrt001,5.08,7.04
2024,SLN202404240,SLN,ARI,0,1,gibsk002,montj004,4.24,6.23
2024,SLN202405030,SLN,CHA,2,0,grays001,kellb003,3.84,5.44
2024,SLN202405040,SLN,CHA,0,2,fernr001,kopem001,3.51,3.46
2024,SLN202405050,SLN,CHA,0,0,gallg001,crocg001,6.53,3.58
2024,SLN202405060,SLN,NYN,0,1,kitta001,manas001,2.8,3.47
2024,SLN202405070,SLN,NYN,3,0,mikom001,buttj001,5.35,2.55
2024,SLN202405170,SLN,BOS,2,0,gibsk002,bellb002,4.24,4.49
2024,SLN202405180,SLN,BOS,0,0,romej002,slatj002,3.36,2.93
2024,SLN202405190,SLN,BOS,0,1,libem001,piven001,4.4,4.14
2024,SLN202405200,SLN,BAL,0,0,grays001,kremd001,3.84,4.1
2024,SLN202405210,SLN,BAL,0,0,lynnl001,webbj002,3.84,3.02
2024,SLN202405220,SLN,BAL,0,0,kingj002,irvic001,2.85,5.11
2024,SLN202405250,SLN,CHN,0,0,romej002,leitm002,3.36,4.5
2024,SLN202405260,SLN,CHN,0,0,grays001,assaj001,3.84,3.73
2024,SLN202406060,SLN,COL,0,0,grays001,quanc001,3.84,4.98
2024,SLN202406070,SLN,COL,3,0,romej002,caram001,3.36,10.38
2024,SLN202406080,SLN,COL,0,1,kitta001,vodnv001,2.8,4.28
2024,SLN202406090,SLN,COL,0,0,palla001,blact002,3.78,6.94
2024,SLN202406110,SLN,PIT,0,0,helsr001,holdc001,2.04,3.16
2024,SLN202406120,SLN,PIT,0,0,grays001,faltb001,3.84,4.43
2024,SLN202406130,SLN,PIT,0,0,roycc001,kellm003,4.19,4.25
2024,SLN202406200,SLN,SFN,3,0,palla001,winnk001,3.78,7.16
2024,SLN202406220,SLN,SFN,2,3,mikom001,hickj002,5.35,4.1
2024,SLN202406230,SLN,SFN,3,0,grays001,webbl001,3.84,3.47
2024,SLN202406240,SLN,ATL,0,0,lynnl001,schws001,3.84,3.35
2024,SLN202406261,SLN,ATL,0,0,gibsk002,loper003,4.24,1.99
2024,SLN202406262,SLN,ATL,0,0,libem001,eldeb001,4.4,6.52
2024,SLN202406270,SLN,CIN,0,1,mikom001,abboa001,5.35,3.72
2024,SLN202406280,SLN,CIN,0,0,palla001,montf001,3.78,4.84
2024,SLN202406290,SLN,CIN,0,0,grays001,spiec001,3.84,5.46
2024,SLN202406300,SLN,CIN,0,0,lynnl001,greeh001,3.84,2.75
2024,SLN202407101,SLN,KCA,0,0,palla001,marsa001,3.78,4.53
2024,SLN202407102,SLN,KCA,0,0,gracg001,wachm001,4.7,3.35
2024,SLN202407120,SLN,CHN,0,0,grays001,hendk001,3.84,5.92
2024,SLN202407131,SLN,CHN,10,1,lynnl001,wesnh001,3.84,3.86
2024,SLN202407132,SLN,CHN,2,0,romej002,hodgp001,3.36,1.88
2024,SLN202407140,SLN,CHN,0,0,mikom001,tailj001,5.35,3.27
2024,SLN202407260,SLN,WAS,0,0,fernr001,barnj002,3.51,4.36
2024,SLN202407270,SLN,WAS,0,0,gibsk002,irvij001,4.24,4.41
2024,SLN202407280,SLN,WAS,1,0,helsr001,flord002,2.04,3.8
2024,SLN202407290,SLN,TEX,0,0,palla001,eovan001,3.78,3.8
2024,SLN202407300,SLN,TEX,1,0,lynnl001,schem001,3.84,3.95
2024,SLN202407310,SLN,TEX,0,0,mcgrm001,heana001,1.96,4.28
2024,SLN202408050,SLN,NYN,0,0,palla001,manas001,3.78,3.47
2024,SLN202408060,SLN,TBA,0,2,grays001,sprij001,3.84,3.27
2024,SLN202408070,SLN,TBA,1,0,fedde001,bradt002,3.3,4.11
2024,SLN202408080,SLN,TBA,3,2,romej002,lover001,3.36,4.46
2024,SLN202408160,SLN,LAN,0,0,mikom001,wrobj001,5.35,5.7
2024,SLN202408170,SLN,LAN,1,1,palla001,millb005,3.78,8.52
2024,SLN202408180,SLN,LAN,0,0,grays001,kersc001,3.84,4.5
2024,SLN202408200,SLN,MIL,0,0,fedde001,montf001,3.3,4.84
2024,SLN202408210,SLN,MIL,0,0,helsr001,megit001,2.04,2.72
2024,SLN202408220,SLN,MIL,0,0,kitta001,mearn001,2.8,5.93
2024,SLN202408260,SLN,SDN,0,2,gibsk002,vasqr001,4.24,4.87
2024,SLN202408270,SLN,SDN,2,0,kingj002,matsy001,2.85,3.73
2024,SLN202408280,SLN,SDN,0,2,helsr001,suarr002,2.04,2.77
2024,SLN202408290,SLN,SDN,0,0,grays001,kingm002,3.84,2.95
2024,SLN202409060,SLN,SEA,0,0,fedde001,millb004,3.3,2.94
2024,SLN202409070,SLN,SEA,0,0,kitta001,gilbl002,2.8,3.23
2024,SLN202409080,SLN,SEA,0,5,mikom001,thort002,5.35,3.61
2024,SLN202409100,SLN,CIN,0,0,palla001,lowdr001,3.78,1.17
2024,SLN202409110,SLN,CIN,0,0,romej002,farmb001,3.36,3.04
2024,SLN202409120,SLN,CIN,0,0,grays001,spiec001,3.84,5.46
2024,SLN202409160,SLN,PIT,0,0,palla001,skenp001,3.78,1.96
2024,SLN202409170,SLN,PIT,0,0,lynnl001,faltb001,3.84,4.43
2024,SLN202409180,SLN,PIT,0,0,mcgrm001,bednd001,1.96,5.77
2024,SLN202409190,SLN,PIT,0,0,romej002,mlodc001,3.36,3.38
2024,SLN202409200,SLN,CLE,0,0,gibsk002,liveb001,4.24,3.81
2024,SLN202409210,SLN,CLE,0,0,mikom001,boydm001,5.35,2.72
2024,SLN202409220,SLN,CLE,0,0,palla001,herrt002,3.78,1.92
2024,TBA202403280,TBA,TOR,1,0,efliz001,berrj001,3.59,3.6
2024,TBA202403290,TBA,TOR,0,0,civaa001,bassc001,4.36,4.16
2024,TBA202403300,TBA,TOR,0,0,littz001,kikuy001,3.63,4.05
2024,TBA202403310,TBA,TOR,1,2,armss001,whitm004,4.86,7.23
2024,TBA202404010,TBA,TEX,0,3,pepir001,dunnd001,3.6,5.31
2024,TBA202404020,TBA,TEX,0,0,efliz001,heana001,3.59,4.28
2024,TBA202404030,TBA,TEX,0,0,civaa001,eovan001,4.36,3.8
2024,TBA202404120,TBA,SFN,0,0,cleag001,winnk001,3.75,7.16
2024,TBA202404130,TBA,SFN,0,1,pepir001,webbl001,3.6,3.47
2024,TBA202404140,TBA,SFN,3,1,alext001,snelb001,5.1,3.12
2024,TBA202404150,TBA,ANA,0,0,matop002,garcl005,3.66,4.88
2024,TBA202404160,TBA,ANA,0,0,cleag001,fulmc001,3.75,4.15
2024,TBA202404170,TBA,ANA,0,1,fairp001,strih001,3.57,3.31
2024,TBA202404180,TBA,ANA,2,0,pepir001,canng001,3.6,5.19
2024,TBA202404220,TBA,DET,0,1,littz001,skubt001,3.63,2.39
2024,TBA202404230,TBA,DET,0,0,pochc001,faeda001,3.86,3.61
2024,TBA202404240,TBA,DET,1,1,devec001,vestw001,6.75,2.82
2024,TBA202405030,TBA,NYN,0,0,armss001,quinj001,4.86,3.75
2024,TBA202405040,TBA,NYN,1,1,adamj002,ottaa001,1.95,4.34
2024,TBA202405050,TBA,NYN,0,2,ramie004,diekj001,4.35,5.63
2024,TBA202405060,TBA,CHA,0,0,ramie004,clevm001,4.35,6.75
2024,TBA202405070,TBA,CHA,0,0,efliz001,sorom001,3.59,4.74
2024,TBA202405080,TBA,CHA,0,0,civaa001,flexc001,4.36,4.95
2024,TBA202405100,TBA,NYA,0,0,bradt002,schmc002,4.11,2.85
2024,TBA202405110,TBA,NYA,1,0,littz001,cortn001,3.63,3.77
2024,TBA202405120,TBA,NYA,0,1,alext001,gil-l001,5.1,3.5
2024,TBA202405200,TBA,BOS,0,0,bradt002,houct001,4.11,3.12
2024,TBA202405210,TBA,BOS,2,0,adamj002,weisg001,1.95,3.13
2024,TBA202405220,TBA,BOS,0,0,lover001,bellb002,4.46,4.49
2024,TBA202405240,TBA,KCA,1,0,alext001,lugos001,5.1,3.0
2024,TBA202405250,TBA,KCA,0,0,lover001,mcarj001,4.46,4.92
2024,TBA202405260,TBA,KCA,0,0,cleag001,wachm001,3.75,3.35
2024,TBA202405280,TBA,OAK,0,0,littz001,spenm001,3.63,4.58
2024,TBA202405290,TBA,OAK,0,0,fairp001,kellm004,3.57,2.59
2024,TBA202405300,TBA,OAK,3,0,lover001,fergt001,4.46,3.68
2024,TBA202406070,TBA,BAL,0,0,civaa001,irvic001,4.36,5.11
2024,TBA202406080,TBA,BAL,0,0,bradt002,bradk001,4.11,2.75
2024,TBA202406090,TBA,BAL,0,0,littz001,rodrg003,3.63,3.86
2024,TBA202406100,TBA,BAL,0,1,pepir001,burnc002,3.6,2.92
2024,TBA202406110,TBA,CHN,0,0,devec001,nerih001,6.75,4.1
2024,TBA202406120,TBA,CHN,0,0,cleag001,millt003,3.75,2.32
2024,TBA202406130,TBA,CHN,0,0,bradt002,leitm002,4.11,4.5
2024,TBA202406240,TBA,SEA,0,0,matop002,votha001,3.66,3.69
2024,TBA202406250,TBA,SEA,1,0,cleag001,castl003,3.75,3.64
2024,TBA202406260,TBA,SEA,0,0,armss001,kirbg001,4.86,3.53
2024,TBA202406280,TBA,WAS,0,0,efliz001,parkm001,3.59,4.29
2024,TBA202406290,TBA,WAS,1,1,civaa001,irvij001,4.36,4.41
2024,TBA202406300,TBA,WAS,0,0,bradt002,corbp001,4.11,5.62
2024,TBA202407090,TBA,NYA,4,1,pepir001,rodoc001,3.6,3.96
2024,TBA202407100,TBA,NYA,0,0,efliz001,hillt002,3.59,3.36
2024,TBA202407110,TBA,NYA,2,0,kellk004,cortn001,2.67,3.77
2024,TBA202407120,TBA,CLE,0,0,bradt002,carrc003,4.11,5.64
2024,TBA202407130,TBA,CLE,0,0,cleag001,sandn001,3.75,3.75
2024,TBA202407140,TBA,CLE,0,0,pepir001,liveb001,3.6,3.81
2024,TBA202407260,TBA,CIN,0,2,rodrm001,martn002,2.15,3.1
2024,TBA202407270,TBA,CIN,0,0,littz001,abboa001,3.63,3.72
2024,TBA202407280,TBA,CIN,0,0,cleag001,cruzf002,3.75,4.86
2024,TBA202407300,TBA,MIA,0,2,alext001,crond001,5.1,4.35
2024,TBA202407310,TBA,MIA,1,0,bradt002,munor001,4.11,6.53
2024,TBA202408090,TBA,BAL,0,1,littz001,efliz001,3.63,3.59
2024,TBA202408100,TBA,BAL,0,3,pochc001,smitb005,3.86,4.95
2024,TBA202408110,TBA,BAL,0,0,rodrm001,kimbc001,2.15,5.33
2024,TBA202408120,TBA,HOU,0,1,bradt002,valdf001,4.11,2.91
2024,TBA202408130,TBA,HOU,0,0,baz-s001,kikuy001,3.06,4.05
2024,TBA202408140,TBA,HOU,0,0,cleag001,hadej001,3.75,3.8
2024,TBA202408160,TBA,ARI,0,2,fairp001,martj011,3.57,2.48
2024,TBA202408170,TBA,ARI,1,0,sprij001,gallz001,3.27,3.65
2024,TBA202408180,TBA,ARI,0,0,ucete001,martj011,1.51,2.48
2024,TBA202408300,TBA,SDN,0,3,bradt002,perem004,4.11,4.53
2024,TBA202408310,TBA,SDN,1,2,baz-s001,vasqr001,3.06,4.87
2024,TBA202409010,TBA,SDN,0,0,rodrm001,scott003,2.15,1.75
2024,TBA202409020,TBA,MIN,2,1,littz001,alcaj001,3.63,3.24
2024,TBA202409030,TBA,MIN,0,0,sprij001,festd001,3.27,4.9
2024,TBA202409040,TBA,MIN,0,0,alext001,varll001,5.1,7.61
2024,TBA202409050,TBA,MIN,0,0,bradt002,lopep002,4.11,4.08
2024,TBA202409170,TBA,BOS,0,0,baz-s001,piven001,3.06,4.14
2024,TBA202409180,TBA,BOS,0,0,rasmd002,slatj002,2.83,2.93
2024,TBA202409190,TBA,BOS,0,0,littz001,bellb002,3.63,4.49
2024,TBA202409200,TBA,TOR,0,0,kellk004,berrj001,2.67,3.6
2024,TBA202409210,TBA,TOR,0,0,bradt002,rodry003,4.11,4.47
2024,TBA202409220,TBA,TOR,0,0,kellk004,cabrg001,2.67,3.59
2024,TEX202403280,TEX,CHN,0,0,robed002,smyld001,3.0,3.84
2024,TEX202403300,TEX,CHN,0,0,bradc003,hendk001,3.54,5.92
2024,TEX202403310,TEX,CHN,0,3,leclj001,nerih001,4.32,4.1
2024,TEX202404050,TEX,HOU,0,0,bradc003,browh001,3.54,3.49
2024,TEX202404060,TEX,HOU,0,0,yatek001,franj006,1.17,7.46
2024,TEX202404070,TEX,HOU,0,0,dunnd001,blanr001,5.31,2.8
2024,TEX202404080,TEX,HOU,5,2,heana001,marts003,4.28,3.59
2024,TEX202404090,TEX,OAK,1,0,leclj001,kellm004,4.32,2.59
2024,TEX202404100,TEX,OAK,3,1,bradc003,strir001,3.54,6.01
2024,TEX202404110,TEX,OAK,0,0,grayj003,searj001,4.47,4.38
2024,TEX202404230,TEX,SEA,0,2,dunnd001,gilbl002,5.31,3.23
2024,TEX202404240,TEX,SEA,0,1,hernj004,millb004,5.4,2.94
2024,TEX202404250,TEX,SEA,1,2,heana001,castl003,4.28,3.64
2024,TEX202404260,TEX,CIN,0,0,leclj001,simsl001,4.32,4.38
2024,TEX202404270,TEX,CIN,0,0,lorem002,greeh001,3.31,2.75
2024,TEX202404280,TEX,CIN,4,0,dunnd001,abboa001,5.31,3.72
2024,TEX202404300,TEX,WAS,0,1,grayj003,gorem001,4.47,3.9
2024,TEX202405010,TEX,WAS,0,0,heana001,willt002,4.28,2.03
2024,TEX202405020,TEX,WAS,0,0,eovan001,parkm001,3.8,4.29
2024,TEX202405130,TEX,CLE,0,0,leclj001,gaddh001,4.32,1.57
2024,TEX202405140,TEX,CLE,0,0,leitj001,liveb001,8.83,3.81
2024,TEX202405150,TEX,CLE,0,0,grayj003,carrc003,4.47,5.64
2024,TEX202405170,TEX,ANA,0,0,heana001,andet002,4.28,3.81
2024,TEX202405180,TEX,ANA,0,0,rodry002,fulmc001,8.72,4.15
2024,TEX202405190,TEX,ANA,0,0,lorem002,sorij002,3.31,3.42
2024,TEX202405280,TEX,ARI,0,0,heana001,pfaab001,4.28,4.71
2024,TEX202405290,TEX,ARI,0,0,dunnd001,nelsr003,5.31,4.24
2024,TEX202406030,TEX,DET,1,0,leclj001,brieb001,4.32,3.59
2024,TEX202406040,TEX,DET,0,0,dunnd001,flahj002,5.31,3.17
2024,TEX202406050,TEX,DET,0,0,urenj001,wentj001,3.8,4.68
2024,TEX202406070,TEX,SFN,0,0,robed002,webbl001,3.0,3.47
2024,TEX202406080,TEX,SFN,1,1,heana001,mille002,4.28,3.88
2024,TEX202406090,TEX,SFN,2,0,eovan001,winnk001,3.8,7.16
2024,TEX202406170,TEX,NYN,0,1,grayj003,peted003,4.47,2.9
2024,TEX202406180,TEX,NYN,0,0,yatek001,garrr001,1.17,3.77
2024,TEX202406190,TEX,NYN,1,0,urenj001,smitd009,3.8,3.06
2024,TEX202406210,TEX,KCA,0,0,eovan001,schrj001,3.8,3.66
2024,TEX202406220,TEX,KCA,0,0,grayj003,wachm001,4.47,3.35
2024,TEX202406230,TEX,KCA,0,0,schem001,marsa001,3.95,4.53
2024,TEX202407020,TEX,SDN,2,0,eovan001,ceasd001,3.8,3.47
2024,TEX202407030,TEX,SDN,0,0,dunnd001,morea001,5.31,2.83
2024,TEX202407040,TEX,SDN,0,0,schem001,kingm002,3.95,2.95
2024,TEX202407050,TEX,TBA,0,0,lorem002,baz-s001,3.31,3.06
2024,TEX202407060,TEX,TBA,0,0,hernj004,kellk004,5.4,2.67
2024,TEX202407070,TEX,TBA,1,0,eovan001,littz001,3.8,3.63
2024,TEX202407190,TEX,BAL,0,4,eovan001,burnc002,3.8,2.92
2024,TEX202407200,TEX,BAL,0,0,schem001,rodrg003,3.95,3.86
2024,TEX202407210,TEX,BAL,0,0,heana001,kremd001,4.28,4.1
2024,TEX202407220,TEX,CHA,0,1,hernj004,wilss002,5.4,5.71
2024,TEX202407230,TEX,CHA,1,0,grayj003,crocg001,4.47,3.58
2024,TEX202407240,TEX,CHA,1,0,eovan001,flexc001,3.8,4.95
2024,TEX202407250,TEX,CHA,0,0,schem001,cannj001,3.95,4.49
2024,TEX202408020,TEX,BOS,1,0,urenj001,crawk001,3.8,4.36
2024,TEX202408030,TEX,BOS,0,1,leclj001,houct001,4.32,3.12
2024,TEX202408040,TEX,BOS,1,0,eovan001,boosc001,3.8,3.38
2024,TEX202408050,TEX,HOU,0,0,yatek001,fergc001,1.17,4.64
2024,TEX202408060,TEX,HOU,0,0,mahlt001,valdf001,4.97,2.91
2024,TEX202408070,TEX,HOU,0,1,urenj001,kikuy001,3.8,4.05
2024,TEX202408150,TEX,MIN,2,0,yatek001,alcaj001,1.17,3.24
2024,TEX202408160,TEX,MIN,0,0,heana001,woods002,4.28,4.17
2024,TEX202408170,TEX,MIN,0,0,eovan001,henrr001,3.8,3.26
2024,TEX202408180,TEX,MIN,0,3,chafa001,duraj002,3.51,3.64
2024,TEX202408190,TEX,PIT,1,0,urenj001,ortil003,3.8,
2024,TEX202408200,TEX,PIT,0,0,bradc003,kellm003,3.54,4.25
2024,TEX202408210,TEX,PIT,0,0,yatek001,bednd001,1.17,5.77
2024,TEX202408300,TEX,OAK,0,1,grayj003,searj001,4.47,4.38
2024,TEX202408310,TEX,OAK,0,0,yatek001,fergt001,1.17,3.68
2024,TEX202409010,TEX,OAK,1,0,festm001,millm004,5.7,2.49
2024,TEX202409020,TEX,NYA,0,0,leitj001,coleg001,8.83,3.41
2024,TEX202409030,TEX,NYA,0,0,pennw002,holmc001,3.0,3.14
2024,TEX202409040,TEX,NYA,1,0,eovan001,strom001,3.8,4.31
2024,TEX202409050,TEX,ANA,3,0,bradc003,kochj001,3.54,3.99
2024,TEX202409060,TEX,ANA,0,0,garag001,aldes001,4.78,4.85
2024,TEX202409070,TEX,ANA,0,2,leclj001,medev001,4.32,11.81
2024,TEX202409080,TEX,ANA,3,0,heana001,danac001,4.28,9.58
2024,TEX202409170,TEX,TOR,0,2,festm001,nanct001,5.7,4.09
2024,TEX202409180,TEX,TOR,0,0,bradc003,franb002,3.54,3.3
2024,TEX202409190,TEX,TOR,0,0,rockk001,gausk001,3.86,3.83
2024,TEX202409200,TEX,SEA,0,0,leitj001,kirbg001,8.83,3.53
2024,TEX202409210,TEX,SEA,0,2,chafa001,hance001,3.51,4.75
2024,TEX202409220,TEX,SEA,0,0,yatek001,munoa002,1.17,2.12
2024,TOR202404080,TOR,SEA,0,0,berrj001,castl003,3.6,3.64
2024,TOR202404090,TOR,SEA,0,0,bassc001,kirbg001,4.16,3.53
2024,TOR202404100,TOR,SEA,0,0,mayzt001,munoa002,6.33,2.12
2024,TOR202404120,TOR,COL,1,0,gausk001,feltr001,3.83,4.49
2024,TOR202404130,TOR,COL,5,0,franb002,hudsd002,3.3,6.17
2024,TOR202404140,TOR,COL,1,0,berrj001,freek001,3.6,5.24
2024,TOR202404150,TOR,NYA,0,0,bassc001,gil-l001,4.16,3.5
2024,TOR202404160,TOR,NYA,0,0,kikuy001,rodoc001,4.05,3.96
2024,TOR202404170,TOR,NYA,0,0,swane001,gonzv001,5.03,3.86
2024,TOR202404260,TOR,LAN,0,1,bassc001,stong001,4.16,3.53
2024,TOR202404270,TOR,LAN,0,1,kikuy001,glast001,4.05,3.49
2024,TOR202404280,TOR,LAN,0,0,gausk001,grovm001,3.83,5.12
2024,TOR202404290,TOR,KCA,2,2,cabrg001,bowlj001,3.59,13.5
2024,TOR202404300,TOR,KCA,0,0,berrj001,ragac001,3.6,3.14
2024,TOR202405010,TOR,KCA,0,0,bassc001,lugos001,4.16,3.0
2024,TOR202405100,TOR,MIN,0,1,kikuy001,ryanj002,4.05,3.6
2024,TOR202405110,TOR,MIN,0,3,swane001,jackj001,5.03,7.52
2024,TOR202405120,TOR,MIN,0,0,manoa001,oberb002,3.7,3.98
2024,TOR202405170,TOR,TBA,0,0,bassc001,alext001,4.16,5.1
2024,TOR202405180,TOR,TBA,0,0,pearn001,ramie004,4.48,4.35
2024,TOR202405190,TOR,TBA,0,0,manoa001,civaa001,3.7,4.36
2024,TOR202405200,TOR,CHA,0,0,berrj001,fedde001,3.6,3.3
2024,TOR202405210,TOR,CHA,0,0,kikuy001,crocg001,4.05,3.58
2024,TOR202405220,TOR,CHA,0,0,bassc001,nastn001,4.16,7.07
2024,TOR202405310,TOR,PIT,0,0,cabrg001,nicok001,3.59,3.95
2024,TOR202406010,TOR,PIT,0,3,kikuy001,kellm003,4.05,4.25
2024,TOR202406020,TOR,PIT,0,0,bassc001,prieq001,4.16,4.71
2024,TOR202406030,TOR,BAL,0,0,gausk001,rodrg003,3.83,3.86
2024,TOR202406040,TOR,BAL,0,0,cabrg001,burnc002,3.59,2.92
2024,TOR202406050,TOR,BAL,0,0,garcy001,kimbc001,3.46,5.33
2024,TOR202406060,TOR,BAL,0,0,kikuy001,povic001,4.05,5.2
2024,TOR202406140,TOR,CLE,0,0,gausk001,allel003,3.83,5.73
2024,TOR202406150,TOR,CLE,0,0,franb002,carrc003,3.3,5.64
2024,TOR202406160,TOR,CLE,0,0,berrj001,liveb001,3.6,3.81
2024,TOR202406170,TOR,BOS,0,2,kikuy001,piven001,4.05,4.14
2024,TOR202406180,TOR,BOS,0,0,littb002,kellz001,3.74,3.97
2024,TOR202406190,TOR,BOS,0,0,gausk001,bellb002,3.83,4.49
2024,TOR202406270,TOR,NYA,5,0,berrj001,rodoc001,3.6,3.96
2024,TOR202406280,TOR,NYA,1,0,kikuy001,tonkm001,4.05,3.63
2024,TOR202406290,TOR,NYA,2,0,bassc001,cortn001,4.16,3.77
2024,TOR202406300,TOR,NYA,0,2,gausk001,coleg001,3.83,3.41
2024,TOR202407010,TOR,HOU,0,0,rodry003,browh001,4.47,3.49
2024,TOR202407020,TOR,HOU,1,0,berrj001,arris001,3.6,4.53
2024,TOR202407030,TOR,HOU,1,0,pop-z001,scott004,5.59,2.23
2024,TOR202407040,TOR,HOU,3,3,bassc001,valdf001,4.16,2.91
2024,TOR202407190,TOR,DET,0,0,bassc001,flahj002,4.16,3.17
2024,TOR202407200,TOR,DET,0,0,kikuy001,faeda001,4.05,3.61
2024,TOR202407210,TOR,DET,1,0,gausk001,montk001,3.83,4.76
2024,TOR202407230,TOR,TBA,0,0,berrj001,alext001,3.6,5.1
2024,TOR202407240,TOR,TBA,1,0,cabrg001,adamj002,3.59,1.95
2024,TOR202407250,TOR,TBA,0,1,bassc001,bradt002,4.16,4.11
2024,TOR202407260,TOR,TEX,3,1,greec003,sborj002,3.21,3.86
2024,TOR202407270,TOR,TEX,4,1,gausk001,lorem002,3.83,3.31
2024,TOR202407280,TOR,TEX,3,0,berrj001,hernj004,3.6,5.4
2024,TOR202408060,TOR,BAL,0,0,bassc001,sotog003,4.16,4.42
2024,TOR202408070,TOR,BAL,1,2,burrr002,smitb005,4.13,4.95
2024,TOR202408080,TOR,BAL,3,0,gausk001,kremd001,3.83,4.1
2024,TOR202408090,TOR,OAK,1,0,berrj001,spenm001,3.6,4.58
2024,TOR202408100,TOR,OAK,0,0,rodry003,bidoo001,4.47,3.41
2024,TOR202408110,TOR,OAK,0,6,bassc001,searj001,4.16,4.38
2024,TOR202408190,TOR,CIN,1,0,gausk001,santt001,3.83,3.0
2024,TOR202408200,TOR,CIN,1,0,berrj001,spiec001,3.6,5.46
2024,TOR202408210,TOR,CIN,3,0,littb002,pagae001,3.74,4.5
2024,TOR202408220,TOR,ANA,0,0,yarbr001,burkb001,3.19,5.82
2024,TOR202408230,TOR,ANA,0,0,greec003,contr001,3.21,4.35
2024,TOR202408240,TOR,ANA,2,0,franb002,fulmc001,3.3,4.15
2024,TOR202408250,TOR,ANA,0,0,gausk001,andet002,3.83,3.81
2024,TOR202409030,TOR,PHI,6,1,greec003,kerko001,3.21,2.29
2024,TOR202409040,TOR,PHI,2,1,franb002,sancc002,3.3,3.32
2024,TOR202409090,TOR,NYN,0,0,nanct001,stanr002,4.09,4.88
2024,TOR202409100,TOR,NYN,0,1,bassc001,peted003,4.16,2.9
2024,TOR202409110,TOR,NYN,0,0,greec003,yound005,3.21,4.54
2024,TOR202409130,TOR,SLN,0,2,swane001,fernr001,5.03,3.51
2024,TOR202409140,TOR,SLN,0,0,berrj001,gibsk002,3.6,4.24
2024,TOR202409150,TOR,SLN,0,0,pop-z001,kitta001,5.59,2.8
2024,TOR202409230,TOR,BOS,0,0,bassc001,houct001,4.16,3.12
2024,TOR202409240,TOR,BOS,0,0,nanct001,martc007,4.09,3.45
2024,TOR202409250,TOR,BOS,0,0,gausk001,fittr001,3.83,1.74
2024,TOR202409270,TOR,MIA,0,3,berrj001,ollea001,3.6,5.31
2024,TOR202409280,TOR,MIA,1,2,rodry003,currx001,4.47,4.64
2024,TOR202409290,TOR,MIA,0,2,burrr002,weatr001,4.13,3.63
2024,WAS202404010,WAS,PIT,0,0,garcr008,contr001,4.22,4.35
2024,WAS202404030,WAS,PIT,0,0,willt002,kellm003,2.03,4.25
2024,WAS202404040,WAS,PIT,0,4,grayj004,perem004,14.04,4.53
2024,WAS202404050,WAS,PHI,0,0,corbp001,nolaa001,5.62,3.57
2024,WAS202404060,WAS,PHI,0,0,irvij001,suarr001,4.41,3.46
2024,WAS202404070,WAS,PHI,0,0,gorem001,sancc002,3.9,3.32
2024,WAS202404190,WAS,HOU,0,0,gorem001,verlj001,3.9,5.48
2024,WAS202404200,WAS,HOU,1,1,finnk001,marts003,3.68,3.59
2024,WAS202404210,WAS,HOU,3,0,parkm001,browh001,4.29,3.49
2024,WAS202404230,WAS,LAN,0,0,harvh001,vesia001,4.44,1.76
2024,WAS202404240,WAS,LAN,0,1,irvij001,knacl001,4.41,3.65
2024,WAS202404250,WAS,LAN,0,0,gorem001,yamay001,3.9,3.0
2024,WAS202405030,WAS,TOR,0,0,barnj002,swane001,4.36,5.03
2024,WAS202405040,WAS,TOR,0,4,irvij001,gausk001,4.41,3.83
2024,WAS202405050,WAS,TOR,1,0,harvh001,cabrg001,4.44,3.59
2024,WAS202405070,WAS,BAL,0,0,willt002,burnc002,2.03,2.92
2024,WAS202405080,WAS,BAL,0,0,weemj001,suara001,6.7,3.7
2024,WAS202405200,WAS,MIN,0,0,parkm001,lopep002,4.29,4.08
2024,WAS202405210,WAS,MIN,0,0,corbp001,ryanj002,5.62,3.6
2024,WAS202405220,WAS,MIN,0,0,irvij001,okers001,4.41,5.09
2024,WAS202405240,WAS,SEA,0,1,gorem001,kirbg001,3.9,3.53
2024,WAS202405250,WAS,SEA,0,0,flord002,speig001,3.8,5.7
2024,WAS202405260,WAS,SEA,0,0,flord002,votha001,3.8,3.69
2024,WAS202406030,WAS,NYN,0,0,gorem001,megit002,3.9,4.04
2024,WAS202406040,WAS,NYN,0,0,herzd001,peted003,4.16,2.9
2024,WAS202406050,WAS,NYN,0,0,corbp001,sevel001,5.62,3.91
2024,WAS202406060,WAS,ATL,0,0,harvh001,bumma001,4.44,3.58
2024,WAS202406070,WAS,ATL,0,0,irvij001,salec001,4.41,2.38
2024,WAS202406080,WAS,ATL,2,0,gorem001,mortc002,3.9,4.19
2024,WAS202406090,WAS,ATL,0,0,barnj002,waldh001,4.36,16.71
2024,WAS202406140,WAS,MIA,0,0,gorem001,andes002,3.9,8.27
2024,WAS202406150,WAS,MIA,1,0,herzd001,roget003,4.16,4.92
2024,WAS202406160,WAS,MIA,1,0,parkm001,luzaj001,4.29,5.0
2024,WAS202406180,WAS,ARI,0,2,irvij001,ceccs001,4.41,6.66
2024,WAS202406190,WAS,ARI,0,0,law-d001,pfaab001,2.6,4.71
2024,WAS202406200,WAS,ARI,0,0,gorem001,nelsr003,3.9,4.24
2024,WAS202407010,WAS,NYN,0,0,harvh001,diekj001,4.44,5.63
2024,WAS202407020,WAS,NYN,0,0,garcr008,buttj001,4.22,2.55
2024,WAS202407030,WAS,NYN,0,0,barnj002,diekj001,4.36,5.63
2024,WAS202407040,WAS,NYN,0,0,irvij001,housa001,4.41,5.84
2024,WAS202407050,WAS,SLN,2,0,flord002,helsr001,3.8,2.04
2024,WAS202407060,WAS,SLN,4,0,barnj002,lynnl001,4.36,3.84
2024,WAS202407070,WAS,SLN,0,0,herzd001,gibsk002,4.16,4.24
2024,WAS202407080,WAS,SLN,0,0,parkm001,mikom001,4.29,5.35
2024,WAS202407190,WAS,CIN,0,0,corbp001,montf001,5.62,4.84
2024,WAS202407200,WAS,CIN,2,2,law-d001,wilsj004,2.6,5.59
2024,WAS202407210,WAS,CIN,0,0,garcr008,simsl001,4.22,4.38
2024,WAS202407230,WAS,SDN,0,0,herzd001,vasqr001,4.16,4.87
2024,WAS202407240,WAS,SDN,3,0,parkm001,waldm003,4.29,4.91
2024,WAS202407250,WAS,SDN,0,3,corbp001,ceasd001,5.62,3.47
2024,WAS202408020,WAS,MIL,0,0,irvij001,montf001,4.41,4.84
2024,WAS202408030,WAS,MIL,4,0,herzd001,civaa001,4.16,4.36
2024,WAS202408040,WAS,MIL,1,0,parkm001,myert001,4.29,3.0
2024,WAS202408050,WAS,SFN,0,1,corbp001,webbl001,5.62,3.47
2024,WAS202408060,WAS,SFN,0,4,gorem001,birdh001,3.9,4.75
2024,WAS202408070,WAS,SFN,0,0,irvij001,snelb001,4.41,3.12
2024,WAS202408080,WAS,SFN,1,1,garcr008,dovac001,4.22,4.88
2024,WAS202408090,WAS,ANA,1,0,finnk001,moorm003,3.68,5.03
2024,WAS202408100,WAS,ANA,0,0,law-d001,contr001,2.6,4.35
2024,WAS202408110,WAS,ANA,0,0,gorem001,kochj001,3.9,3.99
2024,WAS202408200,WAS,COL,0,1,herzd001,gomba001,4.16,4.75
2024,WAS202408210,WAS,COL,0,0,parkm001,gordt002,4.29,8.65
2024,WAS202408220,WAS,COL,0,0,corbp001,quanc001,5.62,4.98
2024,WAS202408260,WAS,NYA,0,1,parkm001,cortn001,4.29,3.77
2024,WAS202408270,WAS,NYA,0,0,corbp001,coleg001,5.62,3.41
2024,WAS202408280,WAS,NYA,2,0,gorem001,rodoc001,3.9,3.96
2024,WAS202408300,WAS,CHN,2,0,irvij001,imans001,4.41,2.91
2024,WAS202408310,WAS,CHN,0,0,herzd001,assaj001,4.16,3.73
2024,WAS202409010,WAS,CHN,0,0,parkm001,wickj001,4.29,5.48
2024,WAS202409100,WAS,ATL,0,0,gorem001,chavj001,3.9,3.13
2024,WAS202409110,WAS,ATL,0,0,irvij001,friem001,4.41,3.25
2024,WAS202409120,WAS,MIA,3,0,law-d001,benda001,2.6,4.08
2024,WAS202409130,WAS,MIA,2,0,herzd001,cabre003,4.16,4.95
2024,WAS202409140,WAS,MIA,0,0,corbp001,bellv001,5.62,3.67
2024,WAS202409150,WAS,MIA,0,0,gorem001,ollea001,3.9,5.31
2024,WAS202409240,WAS,KCA,0,0,finnk001,zerpa001,3.68,3.86
2024,WAS202409250,WAS,KCA,0,0,herzd001,lyncd001,4.16,3.32
2024,WAS202409260,WAS,KCA,1,0,finnk001,bubik001,3.68,2.67
2024,WAS202409270,WAS,PHI,4,0,willt002,suarr001,2.03,3.46
2024,WAS202409280,WAS,PHI,0,0,ferrj002,hoffj003,3.38,2.17
2024,WAS202409290,WAS,PHI,1,2,irvij001,nolaa001,4.41,3.57
