game_id,date,hometeam,visteam,home_first_inning_runs,visiting_first_inning_runs,home_ERA,vis_ERA,home_travel,vis_travel,home_last_location,visiting_last_location
ARI201803300,2018-03-30,ARI,COL,5,0,3.93,4.38,1e-06,1e-06,ARI,ARI
TOR201803300,2018-03-30,TOR,NYA,0,0,4.89,3.75,1e-06,1e-06,TOR,TOR
TEX201803300,2018-03-30,TEX,HOU,0,0,4.5,3.74,1e-06,1e-06,TEX,TEX
MIA201803300,2018-03-30,MIA,CHN,0,0,6.69,5.62,1e-06,1e-06,MIA,MIA
ATL201803300,2018-03-30,ATL,PHI,0,0,2.86,6.75,1e-06,1e-06,ATL,ATL
OAK201803300,2018-03-30,OAK,ANA,0,1,3.59,4.02,1e-06,1e-06,OAK,OAK
SDN201803300,2018-03-30,SDN,MIL,0,2,2.75,5.29,1e-06,1e-06,SDN,SDN
LAN201803300,2018-03-30,LAN,SFN,0,0,3.01,2.59,1e-06,1e-06,LAN,LAN
TBA201803300,2018-03-30,TBA,BOS,0,0,3.58,3.58,1e-06,1e-06,TBA,TBA
KCA201803310,2018-03-31,KCA,CHA,2,1,7.76,5.63,1e-06,1e-06,KCA,KCA
LAN201803310,2018-03-31,LAN,SFN,2,0,3.81,3.57,1e-06,1e-06,LAN,LAN
MIA201803310,2018-03-31,MIA,CHN,2,0,3.91,2.26,1e-06,1e-06,MIA,MIA
NYN201803310,2018-03-31,NYN,SLN,2,0,1.7,3.2,1e-06,1e-06,NYN,NYN
TBA201803310,2018-03-31,TBA,BOS,0,0,7.75,4.28,1e-06,1e-06,TBA,TBA
OAK201803310,2018-03-31,OAK,ANA,0,1,4.05,4.94,1e-06,1e-06,OAK,OAK
ARI201803310,2018-03-31,ARI,COL,0,0,4.5,5.93,1e-06,1e-06,ARI,ARI
ATL201803310,2018-03-31,ATL,PHI,1,2,4.92,,1e-06,1e-06,ATL,ATL
BAL201803310,2018-03-31,BAL,MIN,0,1,5.29,3.62,1e-06,1e-06,BAL,BAL
CIN201803310,2018-03-31,CIN,WAS,0,3,4.3,3.74,1e-06,1e-06,CIN,CIN
SDN201803310,2018-03-31,SDN,MIL,0,1,7.05,4.44,1e-06,1e-06,SDN,SDN
SEA201803310,2018-03-31,SEA,CLE,0,4,3.76,3.38,1e-06,1e-06,SEA,SEA
TOR201803310,2018-03-31,TOR,NYA,1,0,3.62,2.7,1e-06,1e-06,TOR,TOR
TEX201803310,2018-03-31,TEX,HOU,0,0,6.79,3.86,1e-06,1e-06,TEX,TEX
TEX201804010,2018-04-01,TEX,HOU,1,0,4.18,2.88,1e-06,1e-06,TEX,TEX
MIA201804010,2018-04-01,MIA,CHN,0,0,7.16,4.03,1e-06,1e-06,MIA,MIA
BAL201804010,2018-04-01,BAL,MIN,0,4,3.92,3.84,1e-06,1e-06,BAL,BAL
TOR201804010,2018-04-01,TOR,NYA,0,0,3.67,3.23,1e-06,1e-06,TOR,TOR
NYN201804010,2018-04-01,NYN,SLN,0,0,3.97,4.95,1e-06,1e-06,NYN,NYN
OAK201804010,2018-04-01,OAK,ANA,0,0,5.18,3.31,1e-06,1e-06,OAK,OAK
DET201804012,2018-04-01,DET,PIT,2,0,4.15,4.55,1e-06,1e-06,DET,DET
DET201804011,2018-04-01,DET,PIT,0,1,4.69,3.11,1e-06,1e-06,DET,DET
CIN201804010,2018-04-01,CIN,WAS,0,2,5.31,4.21,1e-06,1e-06,CIN,CIN
SEA201804010,2018-04-01,SEA,CLE,0,0,4.36,5.22,1e-06,1e-06,SEA,SEA
LAN201804010,2018-04-01,LAN,SFN,0,0,3.66,5.09,1e-06,1e-06,LAN,LAN
TBA201804010,2018-04-01,TBA,BOS,0,0,2.39,3.18,1e-06,1e-06,TBA,TBA
ARI201804020,2018-04-02,ARI,LAN,1,3,4.5,5.93,1e-06,574.8341159449532,ARI,LAN
OAK201804020,2018-04-02,OAK,TEX,0,0,4.95,5.94,1e-06,2350.5503898425545,OAK,TEX
ATL201804020,2018-04-02,ATL,WAS,0,2,3.9,4.34,1e-06,595.1171397463928,ATL,CIN
PIT201804020,2018-04-02,PIT,MIN,5,0,3.2,4.77,331.7516309667575,314.0609856627503,DET,BAL
SDN201804020,2018-04-02,SDN,COL,1,1,5.42,5.01,1e-06,481.0116378281714,SDN,ARI
ANA201804020,2018-04-02,ANA,CLE,0,0,9.45,3.02,592.0809005913671,1575.276973597757,OAK,SEA
HOU201804020,2018-04-02,HOU,BAL,1,0,3.13,10.46,368.5990384284446,2013.2384377541168,TEX,BAL
MIL201804020,2018-04-02,MIL,SLN,0,0,4.77,2.83,2790.8560532571964,1181.7674036325852,SDN,NYN
TOR201804020,2018-04-02,TOR,CHA,0,0,,5.63,1e-06,1362.7751953099457,TOR,KCA
DET201804020,2018-04-02,DET,KCA,0,0,4.58,6.02,1e-06,1034.95696626315,DET,KCA
MIA201804020,2018-04-02,MIA,BOS,0,0,4.42,4.17,1e-06,319.9354673545946,MIA,TBA
CIN201804020,2018-04-02,CIN,CHN,0,0,4.98,5.3,1e-06,1534.6263109130673,CIN,MIA
ARI201804030,2018-04-03,ARI,LAN,0,0,4.74,2.73,1e-06,1e-06,ARI,ARI
HOU201804030,2018-04-03,HOU,BAL,2,1,3.2,7.71,1e-06,1e-06,HOU,HOU
ATL201804030,2018-04-03,ATL,WAS,4,3,2.86,6.14,1e-06,1e-06,ATL,ATL
DET201804030,2018-04-03,DET,KCA,0,0,4.39,,1e-06,1e-06,DET,DET
TOR201804030,2018-04-03,TOR,CHA,0,0,3.65,12.41,1e-06,1e-06,TOR,TOR
NYN201804030,2018-04-03,NYN,PHI,0,0,4.85,5.64,1e-06,1200.4511584455877,NYN,ATL
OAK201804030,2018-04-03,OAK,TEX,0,0,7.6,3.78,1e-06,1e-06,OAK,OAK
SFN201804030,2018-04-03,SFN,SEA,0,4,4.25,4.0,559.4406195325591,1092.0187760809354,LAN,SEA
MIA201804030,2018-04-03,MIA,BOS,0,1,5.43,4.2,1e-06,1e-06,MIA,MIA
NYA201804030,2018-04-03,NYA,TBA,0,0,6.56,4.65,550.2922217550002,1638.0556824552712,TOR,TBA
SDN201804030,2018-04-03,SDN,COL,0,0,4.15,2.85,1e-06,1e-06,SDN,SDN
ANA201804030,2018-04-03,ANA,CLE,6,2,3.66,6.14,1e-06,1e-06,ANA,ANA
MIL201804030,2018-04-03,MIL,SLN,0,2,3.22,4.5,1e-06,1e-06,MIL,MIL
SDN201804040,2018-04-04,SDN,COL,0,3,5.33,5.12,1e-06,1e-06,SDN,SDN
ARI201804040,2018-04-04,ARI,LAN,1,0,3.15,3.68,1e-06,1e-06,ARI,ARI
ATL201804040,2018-04-04,ATL,WAS,4,0,2.85,2.53,1e-06,1e-06,ATL,ATL
HOU201804040,2018-04-04,HOU,BAL,0,1,3.46,3.96,1e-06,1e-06,HOU,HOU
MIL201804040,2018-04-04,MIL,SLN,0,1,3.5,3.11,1e-06,1e-06,MIL,MIL
OAK201804040,2018-04-04,OAK,TEX,0,0,3.59,4.5,1e-06,1e-06,OAK,OAK
ANA201804040,2018-04-04,ANA,CLE,0,1,4.54,6.2,1e-06,1e-06,ANA,ANA
SFN201804040,2018-04-04,SFN,SEA,3,0,3.23,5.55,1e-06,1e-06,SFN,SFN
NYN201804040,2018-04-04,NYN,PHI,2,0,4.28,6.75,1e-06,1e-06,NYN,NYN
NYA201804040,2018-04-04,NYA,TBA,2,1,3.39,1.89,1e-06,1e-06,NYA,NYA
PIT201804040,2018-04-04,PIT,MIN,2,0,4.19,2.63,1e-06,1e-06,PIT,PIT
TOR201804040,2018-04-04,TOR,CHA,0,0,3.62,3.0,1e-06,1e-06,TOR,TOR
CHA201804050,2018-04-05,CHA,DET,2,0,8.0,4.31,700.98343821047,380.91207013286544,TOR,DET
PHI201804050,2018-04-05,PHI,MIA,2,0,4.77,4.19,129.48897528262268,1644.1190984600378,NYN,MIA
PIT201804050,2018-04-05,PIT,CIN,0,0,4.61,6.09,1e-06,415.25842934625814,PIT,CIN
SDN201804050,2018-04-05,SDN,COL,0,0,2.75,2.43,1e-06,1e-06,SDN,SDN
MIL201804050,2018-04-05,MIL,CHN,0,0,4.44,3.32,1e-06,525.1892238126902,MIL,CIN
MIN201804050,2018-04-05,MIN,SEA,0,2,4.15,2.61,1195.8388614672979,2544.035408277149,PIT,SFN
NYA201804050,2018-04-05,NYA,BAL,0,0,3.75,5.29,1e-06,2282.180747677387,NYA,HOU
WAS201804050,2018-04-05,WAS,NYN,1,0,3.74,1.7,874.0887985860761,326.3648041771951,ATL,NYN
OAK201804050,2018-04-05,OAK,TEX,0,0,4.05,6.22,1e-06,1e-06,OAK,OAK
SLN201804050,2018-04-05,SLN,ARI,0,0,4.46,3.93,526.8349145670746,2043.890455711885,MIL,ARI
BOS201804050,2018-04-05,BOS,TBA,0,0,3.22,7.75,2024.1956124919243,306.2037667286439,MIA,NYA
TEX201804060,2018-04-06,TEX,TOR,0,0,6.79,5.64,2350.5503898425545,1953.6900971659159,OAK,TOR
ANA201804060,2018-04-06,ANA,OAK,0,1,3.84,0.78,1e-06,592.0809005913671,ANA,OAK
NYA201804060,2018-04-06,NYA,BAL,1,1,3.14,7.71,1e-06,1e-06,NYA,NYA
CLE201804060,2018-04-06,CLE,KCA,3,2,3.38,4.88,3271.7957310678776,145.52553501827433,ANA,DET
PIT201804060,2018-04-06,PIT,CIN,0,0,3.11,4.3,1e-06,1e-06,PIT,PIT
MIL201804060,2018-04-06,MIL,CHN,0,2,7.34,3.99,1e-06,1e-06,MIL,MIL
COL201804060,2018-04-06,COL,ATL,1,4,3.77,4.92,1340.7925092662401,1946.7466716258368,SDN,ATL
HOU201804060,2018-04-06,HOU,SDN,0,1,3.86,7.05,1e-06,2092.675240202723,HOU,SDN
CLE201804070,2018-04-07,CLE,KCA,0,0,2.21,4.66,1e-06,1e-06,CLE,CLE
PIT201804070,2018-04-07,PIT,CIN,2,0,4.39,5.36,1e-06,1e-06,PIT,PIT
PHI201804070,2018-04-07,PHI,MIA,5,1,,7.16,1e-06,1e-06,PHI,PHI
COL201804070,2018-04-07,COL,ATL,0,0,2.43,2.11,1e-06,1e-06,COL,COL
CHA201804070,2018-04-07,CHA,DET,0,0,6.13,4.69,1e-06,1e-06,CHA,CHA
BOS201804070,2018-04-07,BOS,TBA,4,2,4.28,5.4,1e-06,1e-06,BOS,BOS
MIN201804070,2018-04-07,MIN,SEA,0,0,3.84,4.36,1e-06,1e-06,MIN,MIN
HOU201804070,2018-04-07,HOU,SDN,0,0,4.18,4.21,1e-06,1e-06,HOU,HOU
WAS201804070,2018-04-07,WAS,NYN,0,0,4.6,3.7,1e-06,1e-06,WAS,WAS
MIL201804070,2018-04-07,MIL,CHN,0,0,3.33,2.26,1e-06,1e-06,MIL,MIL
NYA201804070,2018-04-07,NYA,BAL,0,0,4.9,10.46,1e-06,1e-06,NYA,NYA
ANA201804070,2018-04-07,ANA,OAK,0,0,9.45,5.23,1e-06,1e-06,ANA,ANA
SLN201804070,2018-04-07,SLN,ARI,1,1,3.2,3.21,1e-06,1e-06,SLN,SLN
SFN201804070,2018-04-07,SFN,LAN,1,0,7.71,5.93,1e-06,1050.9933942487219,SFN,ARI
TEX201804070,2018-04-07,TEX,TOR,0,0,4.18,5.54,1e-06,1e-06,TEX,TEX
ANA201804080,2018-04-08,ANA,OAK,2,0,3.31,7.6,1e-06,1e-06,ANA,ANA
PHI201804080,2018-04-08,PHI,MIA,2,3,6.07,6.69,1e-06,1e-06,PHI,PHI
CHA201804080,2018-04-08,CHA,DET,0,1,3.91,3.56,1e-06,1e-06,CHA,CHA
BOS201804080,2018-04-08,BOS,TBA,1,0,3.77,3.04,1e-06,1e-06,BOS,BOS
SLN201804080,2018-04-08,SLN,ARI,0,0,4.5,2.44,1e-06,1e-06,SLN,SLN
WAS201804080,2018-04-08,WAS,NYN,2,0,4.6,2.66,1e-06,1e-06,WAS,WAS
CLE201804080,2018-04-08,CLE,KCA,0,0,4.7,7.76,1e-06,1e-06,CLE,CLE
TEX201804080,2018-04-08,TEX,TOR,1,4,3.78,5.82,1e-06,1e-06,TEX,TEX
HOU201804080,2018-04-08,HOU,SDN,0,0,3.13,4.15,1e-06,1e-06,HOU,HOU
NYA201804080,2018-04-08,NYA,BAL,5,0,3.14,1.93,1e-06,1e-06,NYA,NYA
COL201804080,2018-04-08,COL,ATL,0,0,2.85,3.9,1e-06,1e-06,COL,COL
MIL201804080,2018-04-08,MIL,CHN,0,0,3.93,4.03,1e-06,1e-06,MIL,MIL
SFN201804080,2018-04-08,SFN,LAN,0,0,5.56,2.2,1e-06,1e-06,SFN,SFN
PIT201804080,2018-04-08,PIT,CIN,0,0,3.2,4.98,1e-06,1e-06,PIT,PIT
CLE201804090,2018-04-09,CLE,DET,0,0,2.89,4.58,1e-06,494.38381964269325,CLE,CHA
COL201804090,2018-04-09,COL,SDN,0,0,5.12,5.33,1e-06,1412.379089095518,COL,HOU
SFN201804090,2018-04-09,SFN,ARI,0,2,3.57,4.74,1e-06,2802.2400845274956,SFN,SLN
KCA201804090,2018-04-09,KCA,SEA,3,0,,4.0,1123.5230318083022,662.9211681328137,CLE,MIN
MIN201804090,2018-04-09,MIN,HOU,0,0,2.63,2.52,1e-06,1702.4056315736932,MIN,HOU
PHI201804090,2018-04-09,PHI,CIN,3,1,6.07,11.0,1e-06,412.2899901216241,PHI,PIT
BAL201804090,2018-04-09,BAL,TOR,0,0,5.45,3.65,272.81937803481173,1968.7690954443951,NYA,TEX
TEX201804090,2018-04-09,TEX,ANA,0,1,4.5,2.71,1e-06,1938.7751997181072,TEX,ANA
CHA201804090,2018-04-09,CHA,TBA,1,1,12.41,4.31,1e-06,1365.5064971534737,CHA,BOS
SLN201804090,2018-04-09,SLN,MIL,0,0,4.66,7.34,1e-06,526.8349145670746,SLN,MIL
WAS201804090,2018-04-09,WAS,ATL,2,0,2.53,3.94,1e-06,2397.8679070622884,WAS,COL
MIA201804090,2018-04-09,MIA,NYN,0,0,3.98,3.03,1644.1190984600378,1489.628641346009,PHI,WAS
BAL201804100,2018-04-10,BAL,TOR,0,0,3.6,4.89,1e-06,1e-06,BAL,BAL
WAS201804100,2018-04-10,WAS,ATL,2,0,3.74,2.85,1e-06,1e-06,WAS,WAS
SLN201804100,2018-04-10,SLN,MIL,0,1,4.5,20.25,1e-06,1e-06,SLN,SLN
TEX201804100,2018-04-10,TEX,ANA,0,3,6.22,4.02,1e-06,1e-06,TEX,TEX
MIA201804100,2018-04-10,MIA,NYN,0,1,3.91,3.7,1e-06,1e-06,MIA,MIA
LAN201804100,2018-04-10,LAN,OAK,2,0,1.97,3.59,559.4406195325591,40.86770847173621,SFN,ANA
BOS201804100,2018-04-10,BOS,NYA,1,0,2.11,3.39,1e-06,306.2037667286439,BOS,NYA
KCA201804100,2018-04-10,KCA,SEA,0,1,5.14,5.55,1e-06,1e-06,KCA,KCA
SFN201804100,2018-04-10,SFN,ARI,0,2,3.97,3.38,1e-06,1e-06,SFN,SFN
MIN201804100,2018-04-10,MIN,HOU,2,0,4.49,3.74,1e-06,1e-06,MIN,MIN
CHN201804100,2018-04-10,CHN,PIT,1,0,5.3,4.19,132.54357794550742,660.0502267315369,MIL,PIT
COL201804100,2018-04-10,COL,SDN,3,0,5.93,4.08,1e-06,1e-06,COL,COL
CHA201804100,2018-04-10,CHA,TBA,0,0,8.07,1.89,1e-06,1e-06,CHA,CHA
PHI201804100,2018-04-10,PHI,CIN,0,0,2.37,1.94,1e-06,1e-06,PHI,PHI
CLE201804100,2018-04-10,CLE,DET,1,0,4.24,3.36,1e-06,1e-06,CLE,CLE
PHI201804110,2018-04-11,PHI,CIN,0,0,6.75,5.79,1e-06,1e-06,PHI,PHI
MIN201804110,2018-04-11,MIN,HOU,0,1,3.36,3.46,1e-06,1e-06,MIN,MIN
BAL201804110,2018-04-11,BAL,TOR,0,1,3.92,5.64,1e-06,1e-06,BAL,BAL
WAS201804110,2018-04-11,WAS,ATL,0,1,5.47,2.86,1e-06,1e-06,WAS,WAS
SLN201804110,2018-04-11,SLN,MIL,0,0,4.46,4.09,1e-06,1e-06,SLN,SLN
CHN201804110,2018-04-11,CHN,PIT,0,0,7.65,4.27,1e-06,1e-06,CHN,CHN
MIA201804110,2018-04-11,MIA,NYN,1,0,6.43,3.31,1e-06,1e-06,MIA,MIA
CHA201804110,2018-04-11,CHA,TBA,0,0,8.49,4.65,1e-06,1e-06,CHA,CHA
LAN201804110,2018-04-11,LAN,OAK,1,2,3.68,4.05,1e-06,1e-06,LAN,LAN
TEX201804110,2018-04-11,TEX,ANA,0,0,6.79,3.41,1e-06,1e-06,TEX,TEX
KCA201804110,2018-04-11,KCA,SEA,0,2,10.38,3.99,1e-06,1e-06,KCA,KCA
CLE201804110,2018-04-11,CLE,DET,0,0,3.38,5.68,1e-06,1e-06,CLE,CLE
BOS201804110,2018-04-11,BOS,NYA,1,4,3.58,3.75,1e-06,1e-06,BOS,BOS
COL201804110,2018-04-11,COL,SDN,0,0,4.38,27.0,1e-06,1e-06,COL,COL
SFN201804110,2018-04-11,SFN,ARI,0,0,4.49,4.5,1e-06,1e-06,SFN,SFN
BOS201804120,2018-04-12,BOS,NYA,0,0,4.28,4.9,1e-06,1e-06,BOS,BOS
CLE201804120,2018-04-12,CLE,DET,1,0,2.21,4.69,1e-06,1e-06,CLE,CLE
CHN201804120,2018-04-12,CHN,PIT,0,1,3.44,3.11,1e-06,1e-06,CHN,CHN
SDN201804120,2018-04-12,SDN,SFN,0,3,5.42,5.09,1340.7925092662401,738.1265117326025,COL,SFN
CIN201804120,2018-04-12,CIN,SLN,2,2,5.79,3.2,807.0437326700402,494.9532553693752,PHI,SLN
KCA201804120,2018-04-12,KCA,ANA,0,1,4.66,4.74,1e-06,738.3603208647532,KCA,TEX
WAS201804120,2018-04-12,WAS,COL,0,2,4.21,5.01,1e-06,2397.8679070622884,WAS,COL
MIN201804120,2018-04-12,MIN,CHA,0,0,3.84,6.13,1e-06,571.0232496384983,MIN,CHA
KCA201804130,2018-04-13,KCA,ANA,0,0,10.38,2.31,1e-06,1e-06,KCA,KCA
CHN201804130,2018-04-13,CHN,ATL,0,0,4.95,2.83,1e-06,956.88299544195,CHN,WAS
MIA201804130,2018-04-13,MIA,PIT,0,0,7.16,4.55,1e-06,1915.1205670973725,MIA,CHN
DET201804130,2018-04-13,DET,NYA,0,0,3.56,3.62,145.52553501827433,984.732039314543,CLE,BOS
NYN201804130,2018-04-13,NYN,MIL,1,0,3.97,4.77,1756.5620451799746,1403.0288811452067,MIA,SLN
SDN201804130,2018-04-13,SDN,SFN,0,0,4.15,4.25,1e-06,1e-06,SDN,SDN
TBA201804130,2018-04-13,TBA,PHI,0,0,3.04,2.32,1636.2782802002057,1515.8203845337373,CHA,PHI
LAN201804130,2018-04-13,LAN,ARI,1,1,3.81,3.21,1e-06,559.4406195325591,LAN,SFN
HOU201804130,2018-04-13,HOU,TEX,1,0,3.74,5.94,1702.4056315736932,368.5990384284446,MIN,TEX
BOS201804130,2018-04-13,BOS,BAL,4,1,3.82,10.46,1e-06,578.81170796599,BOS,BAL
CIN201804130,2018-04-13,CIN,SLN,0,0,4.98,4.95,1e-06,1e-06,CIN,CIN
WAS201804130,2018-04-13,WAS,COL,0,0,4.34,2.45,1e-06,1e-06,WAS,WAS
CLE201804130,2018-04-13,CLE,TOR,2,0,6.2,5.71,1e-06,495.2645964012307,CLE,BAL
SEA201804130,2018-04-13,SEA,OAK,2,2,2.61,,2418.3539462011913,1545.141516309272,KCA,LAN
TBA201804140,2018-04-14,TBA,PHI,0,0,4.31,3.96,1e-06,1e-06,TBA,TBA
SDN201804140,2018-04-14,SDN,SFN,2,0,3.42,3.77,1e-06,1e-06,SDN,SDN
MIA201804140,2018-04-14,MIA,PIT,0,0,3.91,4.39,1e-06,1e-06,MIA,MIA
WAS201804140,2018-04-14,WAS,COL,0,2,2.53,5.12,1e-06,1e-06,WAS,WAS
CHN201804140,2018-04-14,CHN,ATL,1,1,3.46,17.05,1e-06,1e-06,CHN,CHN
LAN201804140,2018-04-14,LAN,ARI,0,0,3.66,2.0,1e-06,1e-06,LAN,LAN
BOS201804140,2018-04-14,BOS,BAL,3,0,3.18,4.9,1e-06,1e-06,BOS,BOS
CIN201804140,2018-04-14,CIN,SLN,0,1,7.4,2.83,1e-06,1e-06,CIN,CIN
KCA201804140,2018-04-14,KCA,ANA,0,0,,3.66,1e-06,1e-06,KCA,KCA
HOU201804140,2018-04-14,HOU,TEX,0,0,3.49,3.29,1e-06,1e-06,HOU,HOU
SEA201804140,2018-04-14,SEA,OAK,0,0,3.69,7.6,1e-06,1e-06,SEA,SEA
NYN201804140,2018-04-14,NYN,MIL,0,0,4.94,3.93,1e-06,1e-06,NYN,NYN
BOS201804150,2018-04-15,BOS,BAL,0,1,4.2,5.45,1e-06,1e-06,BOS,BOS
SDN201804150,2018-04-15,SDN,SFN,0,0,4.08,8.22,1e-06,1e-06,SDN,SDN
CIN201804150,2018-04-15,CIN,SLN,0,0,6.09,3.11,1e-06,1e-06,CIN,CIN
HOU201804150,2018-04-15,HOU,TEX,0,0,3.2,3.29,1e-06,1e-06,HOU,HOU
WAS201804150,2018-04-15,WAS,COL,1,0,1.6,2.43,1e-06,1e-06,WAS,WAS
TBA201804150,2018-04-15,TBA,PHI,2,0,3.91,6.75,1e-06,1e-06,TBA,TBA
SEA201804150,2018-04-15,SEA,OAK,0,2,5.55,3.59,1e-06,1e-06,SEA,SEA
NYN201804150,2018-04-15,NYN,MIL,1,0,3.13,7.34,1e-06,1e-06,NYN,NYN
LAN201804150,2018-04-15,LAN,ARI,0,0,2.73,4.74,1e-06,1e-06,LAN,LAN
MIA201804150,2018-04-15,MIA,PIT,1,0,3.98,4.19,1e-06,1e-06,MIA,MIA
NYN201804160,2018-04-16,NYN,WAS,1,1,6.41,6.14,1e-06,326.3648041771951,NYN,WAS
SEA201804160,2018-04-16,SEA,HOU,0,1,3.76,3.74,1e-06,3039.1839825945185,SEA,HOU
PIT201804160,2018-04-16,PIT,COL,0,2,4.61,3.77,1630.230113794326,305.44483751928374,MIA,WAS
NYA201804160,2018-04-16,NYA,MIA,2,0,3.39,4.19,773.7548030957365,1756.5620451799746,DET,MIA
ATL201804160,2018-04-16,ATL,PHI,1,1,3.94,2.37,947.8182724063668,688.5440708416155,CHN,TBA
TBA201804160,2018-04-16,TBA,TEX,1,0,1.89,6.22,1e-06,1270.2138325576016,TBA,HOU
MIL201804160,2018-04-16,MIL,CIN,0,0,4.44,4.3,1181.7674036325852,525.1892238126902,NYN,CIN
SDN201804160,2018-04-16,SDN,LAN,0,0,4.21,1.97,1e-06,179.52869961196944,SDN,LAN
OAK201804160,2018-04-16,OAK,CHA,0,0,4.05,3.91,1089.6592015072615,2531.5923192792015,SEA,MIN
CHN201804170,2018-04-17,CHN,SLN,0,0,5.3,4.46,1e-06,406.25273298859213,CHN,CIN
TOR201804171,2018-04-17,TOR,KCA,2,0,5.82,5.14,305.2632734150024,1362.7751953099457,CLE,KCA
MIL201804170,2018-04-17,MIL,CIN,0,0,3.22,5.31,1e-06,1e-06,MIL,MIL
TBA201804170,2018-04-17,TBA,TEX,0,1,3.51,6.79,1e-06,1e-06,TBA,TBA
DET201804170,2018-04-17,DET,BAL,0,0,4.58,5.29,1e-06,984.732039314543,DET,BOS
TOR201804172,2018-04-17,TOR,KCA,0,1,3.67,4.04,1e-06,1e-06,TOR,TOR
ANA201804170,2018-04-17,ANA,BOS,0,1,3.31,3.58,2158.345510444982,4151.631080145035,KCA,BOS
SDN201804170,2018-04-17,SDN,LAN,0,2,4.43,3.68,1e-06,1e-06,SDN,SDN
MIN201804170,2018-04-17,MIN,CLE,0,0,4.49,2.89,1e-06,1013.2251113855248,MIN,CLE
ARI201804170,2018-04-17,ARI,SFN,0,0,3.15,2.59,574.8341159449532,481.0116378281714,LAN,SDN
OAK201804170,2018-04-17,OAK,CHA,5,0,3.76,12.41,1e-06,1e-06,OAK,OAK
PIT201804170,2018-04-17,PIT,COL,0,1,3.11,5.01,1e-06,1e-06,PIT,PIT
NYN201804170,2018-04-17,NYN,WAS,0,0,3.31,4.21,1e-06,1e-06,NYN,NYN
ATL201804170,2018-04-17,ATL,PHI,1,0,17.05,5.1,1e-06,1e-06,ATL,ATL
SEA201804170,2018-04-17,SEA,HOU,1,0,2.61,3.86,1e-06,1e-06,SEA,SEA
NYA201804170,2018-04-17,NYA,MIA,0,3,3.75,4.91,1e-06,1e-06,NYA,NYA
TOR201804180,2018-04-18,TOR,KCA,1,0,3.65,4.66,1e-06,1e-06,TOR,TOR
NYN201804180,2018-04-18,NYN,WAS,0,3,6.41,5.47,1e-06,1e-06,NYN,NYN
ATL201804180,2018-04-18,ATL,PHI,0,0,4.92,,1e-06,1e-06,ATL,ATL
PIT201804180,2018-04-18,PIT,COL,0,0,4.55,2.85,1e-06,1e-06,PIT,PIT
SDN201804180,2018-04-18,SDN,LAN,0,3,7.05,3.81,1e-06,1e-06,SDN,SDN
ANA201804180,2018-04-18,ANA,BOS,0,1,4.02,4.28,1e-06,1e-06,ANA,ANA
OAK201804180,2018-04-18,OAK,CHA,1,1,2.92,4.53,1e-06,1e-06,OAK,OAK
TBA201804180,2018-04-18,TBA,TEX,0,0,5.4,3.78,1e-06,1e-06,TBA,TBA
SEA201804180,2018-04-18,SEA,HOU,0,0,4.36,2.88,1e-06,1e-06,SEA,SEA
MIL201804180,2018-04-18,MIL,CIN,0,0,4.77,4.98,1e-06,1e-06,MIL,MIL
MIN201804180,2018-04-18,MIN,CLE,0,0,7.82,6.14,1e-06,1e-06,MIN,MIN
ARI201804180,2018-04-18,ARI,SFN,0,0,4.39,3.97,1e-06,1e-06,ARI,ARI
DET201804180,2018-04-18,DET,BAL,0,0,5.12,7.71,1e-06,1e-06,DET,DET
CHN201804190,2018-04-19,CHN,SLN,2,1,3.32,4.95,1e-06,1e-06,CHN,CHN
ATL201804190,2018-04-19,ATL,NYN,3,0,4.28,4.94,1e-06,1200.4511584455877,ATL,NYN
NYA201804190,2018-04-19,NYA,TOR,0,0,2.5,4.89,1e-06,550.2922217550002,NYA,TOR
PHI201804190,2018-04-19,PHI,PIT,0,0,3.96,3.2,1071.2330338826835,412.2899901216241,ATL,PIT
SEA201804190,2018-04-19,SEA,HOU,0,0,4.0,3.13,1e-06,1e-06,SEA,SEA
DET201804190,2018-04-19,DET,BAL,1,0,4.52,4.9,1e-06,1e-06,DET,DET
ARI201804190,2018-04-19,ARI,SFN,0,0,3.21,4.25,1e-06,1e-06,ARI,ARI
MIL201804190,2018-04-19,MIL,MIA,1,0,3.93,7.16,1e-06,1181.7674036325852,MIL,NYA
ANA201804190,2018-04-19,ANA,BOS,0,1,4.74,3.82,1e-06,1e-06,ANA,ANA
TBA201804200,2018-04-20,TBA,MIN,0,0,3.04,4.15,1e-06,2137.431531245163,TBA,MIN
ATL201804200,2018-04-20,ATL,NYN,1,0,6.0,4.28,1e-06,1e-06,ATL,ATL
DET201804202,2018-04-20,DET,KCA,0,0,5.12,,1e-06,332.4198044988213,DET,TOR
DET201804201,2018-04-20,DET,KCA,0,0,4.31,3.08,1e-06,1e-06,DET,DET
COL201804200,2018-04-20,COL,CHN,3,2,5.12,3.44,2121.7512666569423,1477.450780411816,PIT,CHN
NYA201804200,2018-04-20,NYA,TOR,0,0,5.57,5.64,1e-06,1e-06,NYA,NYA
MIL201804200,2018-04-20,MIL,MIA,1,0,3.5,4.42,1e-06,1e-06,MIL,MIL
BAL201804200,2018-04-20,BAL,CLE,0,1,5.45,2.21,638.3359432178316,1508.338155320694,DET,MIN
PHI201804200,2018-04-20,PHI,PIT,0,0,6.07,4.39,1e-06,1e-06,PHI,PHI
TEX201804200,2018-04-20,TEX,SEA,0,1,3.29,6.0,1496.616116420437,2688.6235870338205,TBA,SEA
ARI201804200,2018-04-20,ARI,SDN,0,0,4.39,2.75,1e-06,481.0116378281714,ARI,SDN
CHA201804200,2018-04-20,CHA,HOU,0,0,4.53,2.52,2971.6570204984887,2788.668911659839,OAK,SEA
ANA201804200,2018-04-20,ANA,SFN,0,0,4.15,6.25,1e-06,540.0297061463508,ANA,ARI
SLN201804200,2018-04-20,SLN,CIN,3,0,3.2,7.4,422.49209120404555,526.8349145670746,CHN,MIL
LAN201804200,2018-04-20,LAN,WAS,0,2,2.73,2.53,179.52869961196944,3936.366792360479,SDN,NYN
OAK201804200,2018-04-20,OAK,BOS,3,0,7.6,3.18,1e-06,592.0809005913671,OAK,ANA
LAN201804210,2018-04-21,LAN,WAS,0,0,1.97,3.74,1e-06,1e-06,LAN,LAN
TEX201804210,2018-04-21,TEX,SEA,1,0,4.48,3.69,1e-06,1e-06,TEX,TEX
ATL201804210,2018-04-21,ATL,NYN,0,0,3.11,3.13,1e-06,1e-06,ATL,ATL
COL201804210,2018-04-21,COL,CHN,0,2,4.55,4.95,1e-06,1e-06,COL,COL
BAL201804210,2018-04-21,BAL,CLE,0,1,10.46,3.02,1e-06,1e-06,BAL,BAL
DET201804210,2018-04-21,DET,KCA,1,0,3.56,4.88,1e-06,1e-06,DET,DET
PHI201804210,2018-04-21,PHI,PIT,0,1,2.37,5.66,1e-06,1e-06,PHI,PHI
MIL201804210,2018-04-21,MIL,MIA,0,1,1.29,7.07,1e-06,1e-06,MIL,MIL
OAK201804210,2018-04-21,OAK,BOS,1,0,3.59,2.11,1e-06,1e-06,OAK,OAK
CHA201804210,2018-04-21,CHA,HOU,0,4,6.13,3.74,1e-06,1e-06,CHA,CHA
SLN201804210,2018-04-21,SLN,CIN,0,0,3.59,1.94,1e-06,1e-06,SLN,SLN
NYA201804210,2018-04-21,NYA,TOR,0,0,3.62,5.54,1e-06,1e-06,NYA,NYA
TBA201804210,2018-04-21,TBA,MIN,0,1,1.89,3.62,1e-06,1e-06,TBA,TBA
ARI201804210,2018-04-21,ARI,SDN,0,2,4.74,5.33,1e-06,1e-06,ARI,ARI
ANA201804210,2018-04-21,ANA,SFN,0,0,3.66,3.57,1e-06,1e-06,ANA,ANA
ARI201804220,2018-04-22,ARI,SDN,0,0,3.15,4.08,1e-06,1e-06,ARI,ARI
TEX201804220,2018-04-22,TEX,SEA,0,0,6.22,6.5,1e-06,1e-06,TEX,TEX
PHI201804220,2018-04-22,PHI,PIT,0,0,6.75,2.47,1e-06,1e-06,PHI,PHI
ANA201804220,2018-04-22,ANA,SFN,0,0,3.41,3.23,1e-06,1e-06,ANA,ANA
DET201804220,2018-04-22,DET,KCA,2,0,4.63,3.25,1e-06,1e-06,DET,DET
SLN201804220,2018-04-22,SLN,CIN,0,0,2.83,4.3,1e-06,1e-06,SLN,SLN
OAK201804220,2018-04-22,OAK,BOS,1,0,0.78,3.58,1e-06,1e-06,OAK,OAK
COL201804220,2018-04-22,COL,CHN,0,3,3.77,4.03,1e-06,1e-06,COL,COL
BAL201804220,2018-04-22,BAL,CLE,1,0,5.29,2.89,1e-06,1e-06,BAL,BAL
TBA201804220,2018-04-22,TBA,MIN,2,0,3.04,4.5,1e-06,1e-06,TBA,TBA
MIL201804220,2018-04-22,MIL,MIA,0,1,4.09,4.19,1e-06,1e-06,MIL,MIL
NYA201804220,2018-04-22,NYA,TOR,1,0,3.39,5.82,1e-06,1e-06,NYA,NYA
LAN201804220,2018-04-22,LAN,WAS,0,0,2.2,5.68,1e-06,1e-06,LAN,LAN
CHA201804220,2018-04-22,CHA,HOU,0,0,4.26,3.86,1e-06,1e-06,CHA,CHA
SFN201804230,2018-04-23,SFN,WAS,0,0,5.09,4.21,599.2380275896384,559.4406195325591,ANA,LAN
COL201804230,2018-04-23,COL,SDN,4,4,6.49,4.21,1e-06,942.6579354569091,COL,ARI
CIN201804230,2018-04-23,CIN,ATL,0,0,5.31,4.29,494.9532553693752,595.1171397463928,SLN,ATL
TEX201804230,2018-04-23,TEX,OAK,0,0,5.94,2.75,1e-06,2350.5503898425545,TEX,OAK
HOU201804230,2018-04-23,HOU,ANA,0,0,2.88,4.02,1516.5648050119732,2169.9670210701,CHA,ANA
CHA201804230,2018-04-23,CHA,SEA,5,0,8.07,4.36,1e-06,1309.650558347085,CHA,TEX
NYA201804230,2018-04-23,NYA,MIN,3,0,3.75,4.49,1e-06,1638.0556824552712,NYA,TBA
BAL201804230,2018-04-23,BAL,CLE,0,0,3.92,3.38,1e-06,1e-06,BAL,BAL
LAN201804230,2018-04-23,LAN,MIA,0,0,2.77,4.2,1e-06,2799.844413597458,LAN,MIL
TOR201804240,2018-04-24,TOR,BOS,0,0,3.67,2.74,550.2922217550002,3630.644600855592,NYA,OAK
LAN201804240,2018-04-24,LAN,MIA,0,0,2.88,3.9,1e-06,1e-06,LAN,LAN
HOU201804240,2018-04-24,HOU,ANA,0,1,3.74,3.84,1e-06,1e-06,HOU,HOU
NYA201804240,2018-04-24,NYA,MIN,0,1,3.65,3.84,1e-06,1e-06,NYA,NYA
CHA201804240,2018-04-24,CHA,SEA,0,0,6.27,4.0,1e-06,1e-06,CHA,CHA
SLN201804240,2018-04-24,SLN,NYN,2,0,6.26,4.28,1e-06,751.930362209131,SLN,ATL
TEX201804240,2018-04-24,TEX,OAK,0,0,3.78,5.23,1e-06,1e-06,TEX,TEX
CLE201804240,2018-04-24,CLE,CHN,0,0,6.14,5.3,495.2645964012307,1969.4706962302866,BAL,COL
PHI201804240,2018-04-24,PHI,ARI,0,0,,4.5,1e-06,3344.1998186127516,PHI,ARI
KCA201804240,2018-04-24,KCA,MIL,0,0,4.66,4.77,1034.95696626315,707.8851314063497,DET,MIL
COL201804240,2018-04-24,COL,SDN,2,0,2.85,4.34,1e-06,1e-06,COL,COL
CIN201804240,2018-04-24,CIN,ATL,0,0,1.94,2.94,1e-06,1e-06,CIN,CIN
SFN201804240,2018-04-24,SFN,WAS,1,0,2.49,4.34,1e-06,1e-06,SFN,SFN
LAN201804250,2018-04-25,LAN,MIA,0,0,2.73,5.73,1e-06,1e-06,LAN,LAN
BAL201804250,2018-04-25,BAL,TBA,1,1,4.9,7.75,1e-06,1393.7772067986984,BAL,TBA
CHA201804250,2018-04-25,CHA,SEA,2,0,4.53,5.55,1e-06,1e-06,CHA,CHA
KCA201804250,2018-04-25,KCA,MIL,0,0,6.02,3.5,1e-06,1e-06,KCA,KCA
TOR201804250,2018-04-25,TOR,BOS,1,1,5.71,3.82,1e-06,1e-06,TOR,TOR
CIN201804250,2018-04-25,CIN,ATL,0,1,7.88,,1e-06,1e-06,CIN,CIN
SFN201804250,2018-04-25,SFN,WAS,0,3,6.25,2.53,1e-06,1e-06,SFN,SFN
PIT201804251,2018-04-25,PIT,DET,0,2,3.2,4.93,412.2899901216241,331.7516309667575,PHI,DET
PIT201804252,2018-04-25,PIT,DET,0,0,4.55,4.39,1e-06,1e-06,PIT,PIT
TEX201804250,2018-04-25,TEX,OAK,0,0,2.55,7.6,1e-06,1e-06,TEX,TEX
COL201804250,2018-04-25,COL,SDN,0,0,5.12,4.15,1e-06,1e-06,COL,COL
SLN201804250,2018-04-25,SLN,NYN,0,0,3.2,3.97,1e-06,1e-06,SLN,SLN
PHI201804250,2018-04-25,PHI,ARI,1,0,3.96,3.21,1e-06,1e-06,PHI,PHI
CLE201804250,2018-04-25,CLE,CHN,0,0,2.21,3.32,1e-06,1e-06,CLE,CLE
HOU201804250,2018-04-25,HOU,ANA,0,0,2.52,4.74,1e-06,1e-06,HOU,HOU
NYA201804250,2018-04-25,NYA,MIN,1,2,2.5,4.77,1e-06,1e-06,NYA,NYA
SLN201804260,2018-04-26,SLN,NYN,0,1,3.47,6.07,1e-06,1e-06,SLN,SLN
CHN201804260,2018-04-26,CHN,MIL,0,0,3.44,3.93,494.38381964269325,663.9206411727051,CLE,KCA
TOR201804260,2018-04-26,TOR,BOS,1,0,5.64,2.11,1e-06,1e-06,TOR,TOR
KCA201804260,2018-04-26,KCA,CHA,0,1,,6.13,1e-06,663.9206411727051,KCA,CHA
PIT201804260,2018-04-26,PIT,DET,0,0,,3.36,1e-06,1e-06,PIT,PIT
CIN201804260,2018-04-26,CIN,ATL,0,1,5.36,4.29,1e-06,1e-06,CIN,CIN
CLE201804260,2018-04-26,CLE,SEA,0,0,6.94,2.61,1e-06,494.38381964269325,CLE,CHA
NYA201804260,2018-04-26,NYA,MIN,0,0,2.7,3.36,1e-06,1e-06,NYA,NYA
PHI201804260,2018-04-26,PHI,ARI,0,3,5.64,4.15,1e-06,1e-06,PHI,PHI
BAL201804260,2018-04-26,BAL,TBA,0,2,5.45,4.31,1e-06,1e-06,BAL,BAL
CHN201804270,2018-04-27,CHN,MIL,2,1,2.26,3.22,1e-06,1e-06,CHN,CHN
ANA201804270,2018-04-27,ANA,NYA,0,0,3.26,3.23,2169.9670210701,3915.807145653056,HOU,NYA
PIT201804270,2018-04-27,PIT,SLN,0,0,4.39,3.59,1e-06,898.8824563980571,PIT,SLN
SDN201804270,2018-04-27,SDN,NYN,0,1,5.33,1.7,1340.7925092662401,2512.7882729547905,COL,SLN
PHI201804270,2018-04-27,PHI,ATL,3,2,2.37,2.94,1e-06,807.0437326700402,PHI,CIN
CLE201804270,2018-04-27,CLE,SEA,3,0,2.89,6.5,1e-06,1e-06,CLE,CLE
BOS201804270,2018-04-27,BOS,TBA,0,2,6.08,1.89,691.6136251477402,578.81170796599,TOR,BAL
MIA201804270,2018-04-27,MIA,COL,0,0,3.98,4.38,3756.8524313396424,2773.388608504832,LAN,COL
TOR201804270,2018-04-27,TOR,TEX,1,4,5.54,4.18,1e-06,1953.6900971659159,TOR,TEX
WAS201804270,2018-04-27,WAS,ARI,0,0,3.74,4.74,3919.8438689376185,197.2342958595587,SFN,PHI
KCA201804270,2018-04-27,KCA,CHA,2,0,4.53,8.0,1e-06,1e-06,KCA,KCA
SFN201804270,2018-04-27,SFN,LAN,0,0,2.69,4.76,1e-06,559.4406195325591,SFN,LAN
MIN201804270,2018-04-27,MIN,CIN,5,1,7.2,2.53,1636.0526645605564,973.9884963018676,NYA,CIN
BAL201804270,2018-04-27,BAL,DET,1,0,10.46,3.56,1e-06,314.0609856627503,BAL,PIT
HOU201804270,2018-04-27,HOU,OAK,0,0,3.74,3.59,1e-06,368.5990384284446,HOU,TEX
SFN201804281,2018-04-28,SFN,LAN,2,3,5.09,2.62,1e-06,1e-06,SFN,SFN
KCA201804282,2018-04-28,KCA,CHA,3,1,5.14,5.18,1e-06,1e-06,KCA,KCA
KCA201804281,2018-04-28,KCA,CHA,0,0,7.24,8.07,1e-06,1e-06,KCA,KCA
PIT201804280,2018-04-28,PIT,SLN,0,0,3.11,3.34,1e-06,1e-06,PIT,PIT
MIN201804280,2018-04-28,MIN,CIN,0,0,4.49,5.31,1e-06,1e-06,MIN,MIN
PHI201804280,2018-04-28,PHI,ATL,0,0,4.77,2.85,1e-06,1e-06,PHI,PHI
BAL201804280,2018-04-28,BAL,DET,0,1,5.29,4.58,1e-06,1e-06,BAL,BAL
SFN201804282,2018-04-28,SFN,LAN,0,2,3.23,3.68,1e-06,1e-06,SFN,SFN
BOS201804280,2018-04-28,BOS,TBA,1,0,3.58,3.91,1e-06,1e-06,BOS,BOS
CLE201804280,2018-04-28,CLE,SEA,0,3,3.38,4.36,1e-06,1e-06,CLE,CLE
CHN201804280,2018-04-28,CHN,MIL,0,0,4.03,4.09,1e-06,1e-06,CHN,CHN
ANA201804280,2018-04-28,ANA,NYA,0,5,3.66,3.75,1e-06,1e-06,ANA,ANA
SDN201804280,2018-04-28,SDN,NYN,4,0,4.08,5.77,1e-06,1e-06,SDN,SDN
WAS201804280,2018-04-28,WAS,ARI,0,0,6.41,2.44,1e-06,1e-06,WAS,WAS
TOR201804280,2018-04-28,TOR,TEX,0,0,5.82,5.78,1e-06,1e-06,TOR,TOR
MIA201804280,2018-04-28,MIA,COL,1,0,4.79,3.77,1e-06,1e-06,MIA,MIA
HOU201804280,2018-04-28,HOU,OAK,3,0,3.86,4.05,1e-06,1e-06,HOU,HOU
CHN201804290,2018-04-29,CHN,MIL,0,0,5.3,4.77,1e-06,1e-06,CHN,CHN
BAL201804290,2018-04-29,BAL,DET,1,0,3.92,5.68,1e-06,1e-06,BAL,BAL
WAS201804290,2018-04-29,WAS,ARI,0,0,4.21,2.0,1e-06,1e-06,WAS,WAS
PIT201804290,2018-04-29,PIT,SLN,0,0,5.21,4.95,1e-06,1e-06,PIT,PIT
MIN201804290,2018-04-29,MIN,CIN,0,1,3.84,4.98,1e-06,1e-06,MIN,MIN
SDN201804290,2018-04-29,SDN,NYN,0,1,5.42,3.31,1e-06,1e-06,SDN,SDN
TOR201804290,2018-04-29,TOR,TEX,0,0,3.65,6.22,1e-06,1e-06,TOR,TOR
MIA201804290,2018-04-29,MIA,COL,0,0,4.19,5.01,1e-06,1e-06,MIA,MIA
ANA201804290,2018-04-29,ANA,NYA,0,0,4.02,3.65,1e-06,1e-06,ANA,ANA
CLE201804290,2018-04-29,CLE,SEA,0,0,6.14,4.0,1e-06,1e-06,CLE,CLE
KCA201804290,2018-04-29,KCA,CHA,0,0,3.25,8.49,1e-06,1e-06,KCA,KCA
BOS201804290,2018-04-29,BOS,TBA,0,0,2.74,3.04,1e-06,1e-06,BOS,BOS
HOU201804290,2018-04-29,HOU,OAK,0,0,3.49,3.76,1e-06,1e-06,HOU,HOU
PHI201804290,2018-04-29,PHI,ATL,0,1,,4.92,1e-06,1e-06,PHI,PHI
SFN201804290,2018-04-29,SFN,LAN,3,0,4.25,3.81,1e-06,1e-06,SFN,SFN
DET201804300,2018-04-30,DET,TBA,0,0,5.12,5.4,638.3359432178316,984.732039314543,BAL,BOS
ARI201804300,2018-04-30,ARI,LAN,0,0,3.21,3.02,3184.3579900386735,1050.9933942487219,WAS,SFN
CLE201804300,2018-04-30,CLE,TEX,0,0,4.7,4.54,1e-06,305.2632734150024,CLE,TOR
WAS201804300,2018-04-30,WAS,PIT,0,0,4.34,3.2,1e-06,305.44483751928374,WAS,PIT
BOS201804300,2018-04-30,BOS,KCA,0,3,3.18,6.02,1e-06,2008.0645584325657,BOS,KCA
CHN201804300,2018-04-30,CHN,COL,0,0,5.17,2.85,1e-06,1915.1205670973725,CHN,MIA
HOU201804300,2018-04-30,HOU,NYA,1,0,3.13,4.9,1e-06,2169.9670210701,HOU,ANA
CIN201804300,2018-04-30,CIN,MIL,0,0,5.36,3.61,973.9884963018676,406.25273298859213,MIN,CHN
MIN201804300,2018-04-30,MIN,TOR,0,0,4.77,4.89,1e-06,1113.3012797521421,MIN,TOR
MIA201804300,2018-04-30,MIA,PHI,0,0,5.73,3.96,1e-06,1644.1190984600378,MIA,PHI
SFN201804300,2018-04-30,SFN,SDN,3,0,5.56,2.75,1e-06,738.1265117326025,SFN,SDN
CIN201805010,2018-05-01,CIN,MIL,3,3,6.09,3.93,1e-06,1e-06,CIN,CIN
CHN201805010,2018-05-01,CHN,COL,1,2,3.44,5.12,1e-06,1e-06,CHN,CHN
MIN201805010,2018-05-01,MIN,TOR,2,0,5.68,3.67,1e-06,1e-06,MIN,MIN
WAS201805010,2018-05-01,WAS,PIT,0,0,2.53,4.55,1e-06,1e-06,WAS,WAS
SLN201805010,2018-05-01,SLN,CHA,1,0,3.59,3.12,898.8824563980571,382.8562661725535,PIT,KCA
SEA201805010,2018-05-01,SEA,OAK,0,1,5.55,5.23,3251.6066902182984,3039.1839825945185,CLE,HOU
CLE201805010,2018-05-01,CLE,TEX,0,0,6.94,4.48,1e-06,1e-06,CLE,CLE
SFN201805010,2018-05-01,SFN,SDN,0,1,3.97,2.14,1e-06,1e-06,SFN,SFN
DET201805010,2018-05-01,DET,TBA,0,0,4.39,4.31,1e-06,1e-06,DET,DET
HOU201805010,2018-05-01,HOU,NYA,0,0,4.65,3.23,1e-06,1e-06,HOU,HOU
NYN201805010,2018-05-01,NYN,ATL,0,3,3.03,3.51,3907.304911865239,129.48897528262268,SDN,PHI
MIA201805010,2018-05-01,MIA,PHI,0,0,7.07,6.75,1e-06,1e-06,MIA,MIA
ARI201805010,2018-05-01,ARI,LAN,0,0,3.19,2.77,1e-06,1e-06,ARI,ARI
BOS201805010,2018-05-01,BOS,KCA,0,0,4.17,2.44,1e-06,1e-06,BOS,BOS
ANA201805010,2018-05-01,ANA,BAL,0,0,3.8,3.59,1e-06,3703.3736830857606,ANA,BAL
SFN201805020,2018-05-02,SFN,SDN,3,0,3.57,5.33,1e-06,1e-06,SFN,SFN
MIA201805020,2018-05-02,MIA,PHI,0,1,3.98,2.37,1e-06,1e-06,MIA,MIA
ARI201805020,2018-05-02,ARI,LAN,0,1,4.74,4.11,1e-06,1e-06,ARI,ARI
DET201805020,2018-05-02,DET,TBA,0,1,4.46,5.26,1e-06,1e-06,DET,DET
CIN201805020,2018-05-02,CIN,MIL,0,0,4.3,2.57,1e-06,1e-06,CIN,CIN
HOU201805020,2018-05-02,HOU,NYA,0,2,3.74,3.39,1e-06,1e-06,HOU,HOU
ANA201805020,2018-05-02,ANA,BAL,2,1,4.15,5.45,1e-06,1e-06,ANA,ANA
CHN201805020,2018-05-02,CHN,COL,0,2,4.95,4.55,1e-06,1e-06,CHN,CHN
WAS201805020,2018-05-02,WAS,PIT,2,1,3.74,4.19,1e-06,1e-06,WAS,WAS
SEA201805020,2018-05-02,SEA,OAK,0,0,1.96,0.78,1e-06,1e-06,SEA,SEA
SLN201805020,2018-05-02,SLN,CHA,0,0,3.11,6.13,1e-06,1e-06,SLN,SLN
NYN201805020,2018-05-02,NYN,ATL,0,0,6.07,3.9,1e-06,1e-06,NYN,NYN
BOS201805020,2018-05-02,BOS,KCA,0,1,6.08,4.88,1e-06,1e-06,BOS,BOS
CLE201805020,2018-05-02,CLE,TEX,4,0,2.89,6.79,1e-06,1e-06,CLE,CLE
MIN201805020,2018-05-02,MIN,TOR,0,0,4.69,5.54,1e-06,1e-06,MIN,MIN
TEX201805030,2018-05-03,TEX,BOS,0,0,4.18,3.58,1666.9381007624936,2512.5604144030362,CLE,BOS
NYN201805030,2018-05-03,NYN,ATL,0,3,5.77,3.94,1e-06,1e-06,NYN,NYN
KCA201805030,2018-05-03,KCA,DET,2,0,3.25,8.59,2008.0645584325657,1034.95696626315,BOS,DET
ANA201805030,2018-05-03,ANA,BAL,5,0,3.41,10.46,1e-06,1e-06,ANA,ANA
HOU201805030,2018-05-03,HOU,NYA,0,0,3.49,3.93,1e-06,1e-06,HOU,HOU
SEA201805030,2018-05-03,SEA,OAK,1,0,3.69,3.59,1e-06,1e-06,SEA,SEA
CHA201805030,2018-05-03,CHA,MIN,0,0,3.0,4.5,422.49209120404555,571.0232496384983,SLN,MIN
CLE201805032,2018-05-03,CLE,TOR,0,0,5.28,6.0,1e-06,1013.2251113855248,CLE,MIN
CLE201805031,2018-05-03,CLE,TOR,0,0,4.94,3.28,1e-06,1e-06,CLE,CLE
ARI201805030,2018-05-03,ARI,LAN,0,0,4.5,3.34,1e-06,1e-06,ARI,ARI
WAS201805030,2018-05-03,WAS,PIT,0,0,6.41,3.11,1e-06,1e-06,WAS,WAS
KCA201805040,2018-05-04,KCA,DET,0,0,12.05,4.93,1e-06,1e-06,KCA,KCA
TEX201805040,2018-05-04,TEX,BOS,0,0,5.78,4.28,1e-06,1e-06,TEX,TEX
NYN201805040,2018-05-04,NYN,COL,2,5,3.31,3.77,1e-06,1144.1299356702407,NYN,CHN
OAK201805040,2018-05-04,OAK,BAL,4,1,2.92,3.59,1089.6592015072615,592.0809005913671,SEA,ANA
ATL201805040,2018-05-04,ATL,SFN,2,0,2.85,5.09,1200.4511584455877,3436.411305395792,NYN,SFN
NYA201805040,2018-05-04,NYA,CLE,0,0,2.45,18.0,2282.180747677387,649.8727601989037,HOU,CLE
WAS201805040,2018-05-04,WAS,PHI,3,0,4.21,4.77,1e-06,1489.628641346009,WAS,MIA
TBA201805040,2018-05-04,TBA,TOR,0,1,3.91,3.65,1620.843911772028,1529.408250521614,DET,CLE
SLN201805040,2018-05-04,SLN,CHN,0,0,2.83,4.03,1e-06,422.49209120404555,SLN,CHN
CHA201805040,2018-05-04,CHA,MIN,2,0,8.07,3.84,1e-06,1e-06,CHA,CHA
CIN201805040,2018-05-04,CIN,MIA,4,0,5.31,4.79,1e-06,1534.6263109130673,CIN,MIA
SDN201805040,2018-05-04,SDN,LAN,0,1,4.08,2.62,738.1265117326025,481.0116378281714,SFN,ARI
SEA201805040,2018-05-04,SEA,ANA,0,0,4.36,3.66,1e-06,1575.276973597757,SEA,ANA
ARI201805040,2018-05-04,ARI,HOU,0,2,15.75,2.88,1e-06,1630.8590123845936,ARI,HOU
MIL201805040,2018-05-04,MIL,PIT,0,1,4.09,5.21,525.1892238126902,1025.9779093655507,CIN,WAS
WAS201805050,2018-05-05,WAS,PHI,0,2,4.34,,1e-06,1e-06,WAS,WAS
SDN201805050,2018-05-05,SDN,LAN,2,0,2.14,2.2,1e-06,1e-06,SDN,SDN
ATL201805050,2018-05-05,ATL,SFN,1,0,4.92,4.25,1e-06,1e-06,ATL,ATL
MIL201805050,2018-05-05,MIL,PIT,0,0,2.43,4.39,1e-06,1e-06,MIL,MIL
TEX201805050,2018-05-05,TEX,BOS,0,0,3.29,4.39,1e-06,1e-06,TEX,TEX
TBA201805050,2018-05-05,TBA,TOR,1,0,5.4,4.89,1e-06,1e-06,TBA,TBA
ARI201805050,2018-05-05,ARI,HOU,1,0,4.39,4.18,1e-06,1e-06,ARI,ARI
CIN201805050,2018-05-05,CIN,MIA,0,2,4.98,4.19,1e-06,1e-06,CIN,CIN
KCA201805050,2018-05-05,KCA,DET,0,3,6.02,4.52,1e-06,1e-06,KCA,KCA
SLN201805050,2018-05-05,SLN,CHN,0,0,8.64,5.17,1e-06,1e-06,SLN,SLN
OAK201805050,2018-05-05,OAK,BAL,0,0,4.95,7.71,1e-06,1e-06,OAK,OAK
CHA201805050,2018-05-05,CHA,MIN,1,3,4.41,4.77,1e-06,1e-06,CHA,CHA
SEA201805050,2018-05-05,SEA,ANA,0,1,2.95,3.84,1e-06,1e-06,SEA,SEA
NYN201805050,2018-05-05,NYN,COL,0,1,3.97,5.01,1e-06,1e-06,NYN,NYN
NYA201805050,2018-05-05,NYA,CLE,0,0,4.9,2.21,1e-06,1e-06,NYA,NYA
TEX201805060,2018-05-06,TEX,BOS,0,1,4.5,2.11,1e-06,1e-06,TEX,TEX
NYA201805060,2018-05-06,NYA,CLE,0,0,3.93,4.7,1e-06,1e-06,NYA,NYA
OAK201805060,2018-05-06,OAK,BAL,0,0,5.23,4.9,1e-06,1e-06,OAK,OAK
NYN201805060,2018-05-06,NYN,COL,2,0,3.7,2.85,1e-06,1e-06,NYN,NYN
KCA201805060,2018-05-06,KCA,DET,1,0,,4.39,1e-06,1e-06,KCA,KCA
ARI201805060,2018-05-06,ARI,HOU,0,0,4.15,2.52,1e-06,1e-06,ARI,ARI
CIN201805060,2018-05-06,CIN,MIA,0,4,7.4,2.94,1e-06,1e-06,CIN,CIN
SDN201805060,2018-05-06,SDN,LAN,0,0,4.34,4.76,1e-06,1e-06,SDN,SDN
TBA201805060,2018-05-06,TBA,TOR,0,0,3.04,3.62,1e-06,1e-06,TBA,TBA
SLN201805060,2018-05-06,SLN,CHN,0,1,4.7,5.17,1e-06,1e-06,SLN,SLN
MIL201805060,2018-05-06,MIL,PIT,0,2,3.93,4.55,1e-06,1e-06,MIL,MIL
WAS201805060,2018-05-06,WAS,PHI,0,0,1.6,5.1,1e-06,1e-06,WAS,WAS
ATL201805060,2018-05-06,ATL,SFN,1,0,3.51,4.49,1e-06,1e-06,ATL,ATL
CHA201805060,2018-05-06,CHA,MIN,0,0,8.49,4.15,1e-06,1e-06,CHA,CHA
SEA201805060,2018-05-06,SEA,ANA,0,0,5.55,3.31,1e-06,1e-06,SEA,SEA
CHN201805070,2018-05-07,CHN,MIA,2,0,3.44,4.91,422.49209120404555,406.25273298859213,SLN,CIN
SDN201805070,2018-05-07,SDN,WAS,0,1,4.15,3.74,1e-06,3654.8629358941057,SDN,WAS
OAK201805070,2018-05-07,OAK,HOU,0,2,4.48,3.74,1e-06,1040.2976618519092,OAK,ARI
TEX201805070,2018-05-07,TEX,DET,0,0,1.56,4.93,1e-06,738.3603208647532,TEX,KCA
CIN201805070,2018-05-07,CIN,NYN,0,1,6.09,4.28,1e-06,913.3322258208743,CIN,NYN
SLN201805070,2018-05-07,SLN,MIN,0,2,3.47,4.69,1e-06,422.49209120404555,SLN,CHA
PHI201805070,2018-05-07,PHI,SFN,3,0,4.36,6.25,197.2342958595587,1071.2330338826835,WAS,ATL
SLN201805080,2018-05-08,SLN,MIN,1,0,3.11,4.49,1e-06,1e-06,SLN,SLN
TOR201805080,2018-05-08,TOR,SEA,0,0,5.54,3.76,1789.459752085548,3325.1452076248356,TBA,SEA
BAL201805080,2018-05-08,BAL,KCA,0,10,5.45,4.88,3931.3055139950993,1545.5901214265937,OAK,KCA
PHI201805080,2018-05-08,PHI,SFN,0,0,2.37,3.57,1e-06,1e-06,PHI,PHI
COL201805080,2018-05-08,COL,ANA,0,0,5.12,4.15,2618.595617996944,1640.846947858291,NYN,SEA
MIL201805080,2018-05-08,MIL,CLE,2,0,4.44,2.89,1e-06,1181.7674036325852,MIL,NYA
NYA201805080,2018-05-08,NYA,BOS,0,0,3.23,4.2,1e-06,2225.551415128663,NYA,TEX
TBA201805080,2018-05-08,TBA,ATL,0,0,1.89,3.9,1e-06,688.5440708416155,TBA,ATL
SDN201805080,2018-05-08,SDN,WAS,0,0,5.33,3.45,1e-06,1e-06,SDN,SDN
OAK201805080,2018-05-08,OAK,HOU,1,0,3.59,3.86,1e-06,1e-06,OAK,OAK
CHA201805080,2018-05-08,CHA,PIT,4,0,6.27,4.27,1e-06,132.54357794550742,CHA,MIL
LAN201805080,2018-05-08,LAN,ARI,1,2,5.64,2.0,179.52869961196944,574.8341159449532,SDN,ARI
CHN201805080,2018-05-08,CHN,MIA,0,3,2.6,4.2,1e-06,1e-06,CHN,CHN
CIN201805080,2018-05-08,CIN,NYN,2,0,4.3,5.77,1e-06,1e-06,CIN,CIN
TEX201805080,2018-05-08,TEX,DET,0,3,4.18,3.56,1e-06,1e-06,TEX,TEX
TEX201805090,2018-05-09,TEX,DET,1,0,3.29,4.46,1e-06,1e-06,TEX,TEX
BAL201805090,2018-05-09,BAL,KCA,0,0,1.93,3.25,1e-06,1e-06,BAL,BAL
CHA201805090,2018-05-09,CHA,PIT,0,0,3.0,2.47,1e-06,1e-06,CHA,CHA
CIN201805090,2018-05-09,CIN,NYN,0,0,2.38,6.41,1e-06,1e-06,CIN,CIN
TBA201805090,2018-05-09,TBA,ATL,0,0,3.91,3.94,1e-06,1e-06,TBA,TBA
CHN201805090,2018-05-09,CHN,MIA,1,0,4.03,4.79,1e-06,1e-06,CHN,CHN
COL201805090,2018-05-09,COL,ANA,0,1,4.55,3.41,1e-06,1e-06,COL,COL
PHI201805090,2018-05-09,PHI,SFN,2,0,4.77,5.09,1e-06,1e-06,PHI,PHI
MIL201805090,2018-05-09,MIL,CLE,0,0,4.09,3.38,1e-06,1e-06,MIL,MIL
OAK201805090,2018-05-09,OAK,HOU,0,0,4.05,2.88,1e-06,1e-06,OAK,OAK
SDN201805090,2018-05-09,SDN,WAS,0,0,2.73,5.68,1e-06,1e-06,SDN,SDN
LAN201805090,2018-05-09,LAN,ARI,0,1,2.88,4.5,1e-06,1e-06,LAN,LAN
TOR201805090,2018-05-09,TOR,SEA,0,1,3.62,6.0,1e-06,1e-06,TOR,TOR
NYA201805090,2018-05-09,NYA,BOS,1,0,3.14,3.65,1e-06,1e-06,NYA,NYA
ANA201805100,2018-05-10,ANA,MIN,0,0,2.71,3.84,1321.5005793187804,2530.048122245164,COL,SLN
BAL201805100,2018-05-10,BAL,KCA,3,4,3.96,4.66,1e-06,1e-06,BAL,BAL
ARI201805100,2018-05-10,ARI,WAS,0,0,4.5,4.6,574.8341159449532,481.0116378281714,LAN,SDN
MIA201805100,2018-05-10,MIA,ATL,0,0,4.19,2.85,1915.1205670973725,319.9354673545946,CHN,TBA
LAN201805100,2018-05-10,LAN,CIN,1,0,2.62,4.98,1e-06,3046.5057464053752,LAN,CIN
NYA201805100,2018-05-10,NYA,BOS,0,1,2.7,4.39,1e-06,1e-06,NYA,NYA
TOR201805100,2018-05-10,TOR,SEA,0,4,3.65,4.36,1e-06,1e-06,TOR,TOR
COL201805100,2018-05-10,COL,MIL,0,1,3.77,3.5,1e-06,1465.0252316671194,COL,MIL
PHI201805100,2018-05-10,PHI,SFN,0,1,,4.25,1e-06,1e-06,PHI,PHI
SDN201805100,2018-05-10,SDN,SLN,0,1,4.11,2.83,1e-06,2512.7882729547905,SDN,SLN
ARI201805110,2018-05-11,ARI,WAS,0,1,4.15,2.53,1e-06,1e-06,ARI,ARI
TOR201805110,2018-05-11,TOR,BOS,1,1,5.31,4.17,1e-06,550.2922217550002,TOR,NYA
BAL201805110,2018-05-11,BAL,TBA,2,0,3.92,5.4,1e-06,1393.7772067986984,BAL,TBA
PIT201805110,2018-05-11,PIT,SFN,2,0,4.61,4.49,660.0502267315369,412.2899901216241,CHA,PHI
ANA201805110,2018-05-11,ANA,MIN,0,1,4.07,3.81,1e-06,1e-06,ANA,ANA
PHI201805110,2018-05-11,PHI,NYN,1,0,5.1,6.41,1e-06,807.0437326700402,PHI,CIN
LAN201805110,2018-05-11,LAN,CIN,0,1,3.81,5.79,1e-06,1e-06,LAN,LAN
NYA201805110,2018-05-11,NYA,OAK,0,0,4.9,7.6,1e-06,4115.687447058069,NYA,OAK
SDN201805110,2018-05-11,SDN,SLN,0,0,4.34,4.95,1e-06,1e-06,SDN,SDN
MIA201805110,2018-05-11,MIA,ATL,1,0,4.12,4.92,1e-06,1e-06,MIA,MIA
CLE201805110,2018-05-11,CLE,KCA,3,0,4.24,3.08,542.6220003248809,495.2645964012307,MIL,BAL
HOU201805110,2018-05-11,HOU,TEX,0,0,2.52,3.78,2629.671879056886,368.5990384284446,OAK,TEX
CHN201805110,2018-05-11,CHN,CHA,5,0,5.3,8.07,1e-06,1e-06,CHN,CHA
COL201805110,2018-05-11,COL,MIL,0,1,6.49,1.29,1e-06,1e-06,COL,COL
DET201805122,2018-05-12,DET,SEA,0,1,4.69,5.55,1624.6230769135182,332.4198044988213,TEX,TOR
DET201805121,2018-05-12,DET,SEA,0,0,4.39,4.0,1e-06,1e-06,DET,DET
CLE201805120,2018-05-12,CLE,KCA,1,1,3.02,,1e-06,1e-06,CLE,CLE
HOU201805120,2018-05-12,HOU,TEX,0,0,3.13,4.5,1e-06,1e-06,HOU,HOU
SDN201805120,2018-05-12,SDN,SLN,0,0,3.42,3.2,1e-06,1e-06,SDN,SDN
TOR201805120,2018-05-12,TOR,BOS,0,0,5.64,3.58,1e-06,1e-06,TOR,TOR
PIT201805120,2018-05-12,PIT,SFN,2,0,,2.59,1e-06,1e-06,PIT,PIT
BAL201805121,2018-05-12,BAL,TBA,0,3,4.88,4.31,1e-06,1e-06,BAL,BAL
CHN201805120,2018-05-12,CHN,CHA,4,0,3.32,4.53,1e-06,1e-06,CHN,CHN
NYA201805120,2018-05-12,NYA,OAK,0,0,6.14,4.95,1e-06,1e-06,NYA,NYA
BAL201805122,2018-05-12,BAL,TBA,1,1,4.9,4.14,1e-06,1e-06,BAL,BAL
ARI201805120,2018-05-12,ARI,WAS,0,0,4.91,3.74,1e-06,1e-06,ARI,ARI
COL201805120,2018-05-12,COL,MIL,2,0,2.85,4.44,1e-06,1e-06,COL,COL
ANA201805120,2018-05-12,ANA,MIN,0,0,4.54,5.42,1e-06,1e-06,ANA,ANA
MIA201805120,2018-05-12,MIA,ATL,1,1,3.9,3.23,1e-06,1e-06,MIA,MIA
LAN201805120,2018-05-12,LAN,CIN,0,0,3.34,6.09,1e-06,1e-06,LAN,LAN
BAL201805130,2018-05-13,BAL,TBA,0,0,5.45,1.89,1e-06,1e-06,BAL,BAL
PIT201805130,2018-05-13,PIT,SFN,0,0,4.19,3.57,1e-06,1e-06,PIT,PIT
HOU201805130,2018-05-13,HOU,TEX,0,0,3.74,6.79,1e-06,1e-06,HOU,HOU
SDN201805130,2018-05-13,SDN,SLN,0,0,5.33,4.46,1e-06,1e-06,SDN,SDN
TOR201805130,2018-05-13,TOR,BOS,0,2,6.0,3.18,1e-06,1e-06,TOR,TOR
MIA201805130,2018-05-13,MIA,ATL,0,1,3.98,3.9,1e-06,1e-06,MIA,MIA
LAN201805130,2018-05-13,LAN,CIN,0,0,3.66,4.3,1e-06,1e-06,LAN,LAN
DET201805130,2018-05-13,DET,SEA,0,0,5.12,6.0,1e-06,1e-06,DET,DET
ANA201805130,2018-05-13,ANA,MIN,0,0,3.26,4.15,1e-06,1e-06,ANA,ANA
CHN201805130,2018-05-13,CHN,CHA,2,0,3.44,6.13,1e-06,1e-06,CHN,CHN
CLE201805130,2018-05-13,CLE,KCA,0,0,2.89,4.88,1e-06,1e-06,CLE,CLE
NYA201805130,2018-05-13,NYA,OAK,3,0,3.39,4.48,1e-06,1e-06,NYA,NYA
COL201805130,2018-05-13,COL,MIL,0,0,5.12,4.25,1e-06,1e-06,COL,COL
ARI201805130,2018-05-13,ARI,WAS,0,1,3.64,5.47,1e-06,1e-06,ARI,ARI
PHI201805130,2018-05-13,PHI,NYN,0,0,2.37,6.07,1e-06,1e-06,PHI,PHI
SFN201805140,2018-05-14,SFN,CIN,3,0,5.09,5.31,3638.3530777091846,559.4406195325591,PIT,LAN
DET201805140,2018-05-14,DET,CLE,0,1,3.56,3.38,1e-06,145.52553501827433,DET,CLE
ARI201805140,2018-05-14,ARI,MIL,0,0,3.15,4.09,1e-06,942.6579354569091,ARI,COL
SDN201805140,2018-05-14,SDN,COL,0,0,5.4,4.55,1e-06,1340.7925092662401,SDN,COL
MIN201805140,2018-05-14,MIN,SEA,0,0,5.42,2.88,2437.087352189671,872.516450655481,ANA,DET
CHN201805140,2018-05-14,CHN,ATL,0,1,4.03,3.94,1e-06,1915.1205670973725,CHN,MIA
BOS201805140,2018-05-14,BOS,OAK,0,0,4.28,3.59,691.6136251477402,306.2037667286439,TOR,NYA
ANA201805140,2018-05-14,ANA,HOU,0,0,4.15,3.86,1e-06,2169.9670210701,ANA,HOU
KCA201805140,2018-05-14,KCA,TBA,0,1,5.14,3.91,1123.5230318083022,1545.5901214265937,CLE,BAL
SEA201805150,2018-05-15,SEA,TEX,1,0,2.95,4.48,2238.4089622775527,3039.1839825945185,MIN,HOU
PIT201805150,2018-05-15,PIT,CHA,4,0,3.11,3.91,1e-06,660.0502267315369,PIT,CHN
SDN201805150,2018-05-15,SDN,COL,2,0,4.11,3.77,1e-06,1e-06,SDN,SDN
ANA201805150,2018-05-15,ANA,HOU,2,0,2.71,1.99,1e-06,1e-06,ANA,ANA
BOS201805150,2018-05-15,BOS,OAK,0,2,3.82,4.05,1e-06,1e-06,BOS,BOS
DET201805150,2018-05-15,DET,CLE,1,4,3.51,4.24,1e-06,1e-06,DET,DET
MIA201805150,2018-05-15,MIA,LAN,1,0,2.94,3.68,1e-06,3756.8524313396424,MIA,LAN
ARI201805150,2018-05-15,ARI,MIL,0,0,3.64,4.25,1e-06,1e-06,ARI,ARI
KCA201805150,2018-05-15,KCA,TBA,0,3,2.44,3.67,1e-06,1e-06,KCA,KCA
MIN201805150,2018-05-15,MIN,SLN,0,0,3.84,6.89,1e-06,2463.5292715191244,MIN,SDN
NYN201805150,2018-05-15,NYN,TOR,0,0,3.03,5.82,129.48897528262268,550.2922217550002,PHI,TOR
WAS201805150,2018-05-15,WAS,NYA,1,0,3.59,2.5,3184.3579900386735,326.3648041771951,ARI,NYA
SFN201805150,2018-05-15,SFN,CIN,0,0,5.56,4.98,1e-06,1e-06,SFN,SFN
ATL201805150,2018-05-15,ATL,CHN,0,0,2.11,2.6,947.8182724063668,947.8182724063668,CHN,CHN
ANA201805160,2018-05-16,ANA,HOU,0,0,3.66,2.52,1e-06,1e-06,ANA,ANA
KCA201805160,2018-05-16,KCA,TBA,0,3,6.02,5.26,1e-06,1e-06,KCA,KCA
NYN201805160,2018-05-16,NYN,TOR,0,1,3.31,3.65,1e-06,1e-06,NYN,NYN
SEA201805160,2018-05-16,SEA,TEX,0,0,2.88,5.78,1e-06,1e-06,SEA,SEA
BAL201805160,2018-05-16,BAL,PHI,1,0,5.29,4.77,1e-06,144.5656230575587,BAL,PHI
ARI201805160,2018-05-16,ARI,MIL,2,3,4.15,3.61,1e-06,1e-06,ARI,ARI
MIA201805160,2018-05-16,MIA,LAN,1,0,3.9,2.88,1e-06,1e-06,MIA,MIA
ATL201805160,2018-05-16,ATL,CHN,1,0,3.23,2.6,1e-06,1e-06,ATL,ATL
DET201805160,2018-05-16,DET,CLE,0,2,7.25,2.21,1e-06,1e-06,DET,DET
PIT201805160,2018-05-16,PIT,CHA,0,0,3.26,3.12,1e-06,1e-06,PIT,PIT
SFN201805160,2018-05-16,SFN,CIN,2,4,4.49,1.94,1e-06,1e-06,SFN,SFN
MIN201805160,2018-05-16,MIN,SLN,1,2,4.77,3.59,1e-06,1e-06,MIN,MIN
BOS201805160,2018-05-16,BOS,OAK,3,0,2.11,3.76,1e-06,1e-06,BOS,BOS
MIA201805170,2018-05-17,MIA,LAN,0,0,4.19,3.81,1e-06,1e-06,MIA,MIA
SLN201805170,2018-05-17,SLN,PHI,0,0,4.95,,750.9189277472408,1175.6168511642563,MIN,BAL
CHA201805170,2018-05-17,CHA,TEX,0,0,3.77,1.56,660.0502267315369,2788.668911659839,PIT,SEA
SEA201805170,2018-05-17,SEA,DET,0,0,3.99,4.46,1e-06,3110.621572335556,SEA,DET
PIT201805170,2018-05-17,PIT,SDN,0,0,3.26,2.05,1e-06,3402.7692440534656,PIT,SDN
TOR201805170,2018-05-17,TOR,OAK,0,0,4.89,3.0,550.2922217550002,691.6136251477402,NYN,BOS
BOS201805170,2018-05-17,BOS,BAL,2,0,3.58,3.92,1e-06,578.81170796599,BOS,BAL
ANA201805170,2018-05-17,ANA,TBA,0,0,4.02,4.31,1e-06,2158.345510444982,ANA,KCA
SFN201805170,2018-05-17,SFN,COL,0,0,5.56,6.49,1e-06,738.1265117326025,SFN,SDN
MIN201805180,2018-05-18,MIN,MIL,0,0,3.62,4.44,1e-06,2057.4775315109005,MIN,ARI
NYN201805180,2018-05-18,NYN,ARI,2,0,1.7,4.74,1e-06,3443.682019431773,NYN,ARI
CHA201805180,2018-05-18,CHA,TEX,2,3,8.07,2.55,1e-06,1e-06,CHA,CHA
CIN201805180,2018-05-18,CIN,CHN,0,3,6.09,3.32,3280.370735305635,595.1171397463928,SFN,ATL
TOR201805180,2018-05-18,TOR,OAK,0,0,5.64,,1e-06,1e-06,TOR,TOR
KCA201805180,2018-05-18,KCA,NYA,1,0,,3.65,1e-06,1515.349923149057,KCA,WAS
ATL201805180,2018-05-18,ATL,MIA,0,0,4.28,4.12,1e-06,973.3591318981379,ATL,MIA
SLN201805180,2018-05-18,SLN,PHI,0,0,3.2,3.96,1e-06,1e-06,SLN,SLN
ANA201805180,2018-05-18,ANA,TBA,0,0,4.74,1.89,1e-06,1e-06,ANA,ANA
BOS201805180,2018-05-18,BOS,BAL,0,1,6.08,4.9,1e-06,1e-06,BOS,BOS
PIT201805180,2018-05-18,PIT,SDN,1,0,4.19,4.15,1e-06,1e-06,PIT,PIT
HOU201805180,2018-05-18,HOU,CLE,0,0,3.13,3.02,2169.9670210701,1780.0976623230767,ANA,DET
SFN201805180,2018-05-18,SFN,COL,1,0,3.57,2.85,1e-06,1e-06,SFN,SFN
SEA201805180,2018-05-18,SEA,DET,0,3,2.61,4.15,1e-06,1e-06,SEA,SEA
WAS201805191,2018-05-19,WAS,LAN,0,1,4.34,3.02,1e-06,1489.628641346009,WAS,MIA
BOS201805190,2018-05-19,BOS,BAL,0,0,4.28,5.45,1e-06,1e-06,BOS,BOS
HOU201805190,2018-05-19,HOU,CLE,0,3,3.74,2.89,1e-06,1e-06,HOU,HOU
NYN201805190,2018-05-19,NYN,ARI,0,0,3.13,3.1,1e-06,1e-06,NYN,NYN
MIN201805190,2018-05-19,MIN,MIL,0,1,4.5,2.43,1e-06,1e-06,MIN,MIN
ATL201805190,2018-05-19,ATL,MIA,0,0,3.9,3.98,1e-06,1e-06,ATL,ATL
PIT201805190,2018-05-19,PIT,SDN,0,3,5.21,5.33,1e-06,1e-06,PIT,PIT
WAS201805192,2018-05-19,WAS,LAN,0,1,1.6,2.95,1e-06,1e-06,WAS,WAS
ANA201805190,2018-05-19,ANA,TBA,0,0,4.15,3.91,1e-06,1e-06,ANA,ANA
TOR201805190,2018-05-19,TOR,OAK,0,0,3.67,4.35,1e-06,1e-06,TOR,TOR
SEA201805190,2018-05-19,SEA,DET,1,0,3.76,3.56,1e-06,1e-06,SEA,SEA
CHA201805190,2018-05-19,CHA,TEX,0,0,6.13,5.93,1e-06,1e-06,CHA,CHA
KCA201805190,2018-05-19,KCA,NYA,0,1,4.88,3.39,1e-06,1e-06,KCA,KCA
SLN201805190,2018-05-19,SLN,PHI,0,1,4.66,3.8,1e-06,1e-06,SLN,SLN
CIN201805191,2018-05-19,CIN,CHN,1,0,2.25,3.46,1e-06,1e-06,CIN,CIN
CIN201805192,2018-05-19,CIN,CHN,0,0,5.31,4.03,1e-06,1e-06,CIN,CIN
SFN201805190,2018-05-19,SFN,COL,0,1,5.09,5.12,1e-06,1e-06,SFN,SFN
SFN201805200,2018-05-20,SFN,COL,1,0,2.69,5.93,1e-06,1e-06,SFN,SFN
TOR201805200,2018-05-20,TOR,OAK,0,0,6.0,4.05,1e-06,1e-06,TOR,TOR
SLN201805200,2018-05-20,SLN,PHI,0,0,3.34,2.37,1e-06,1e-06,SLN,SLN
SEA201805200,2018-05-20,SEA,DET,0,2,3.99,4.15,1e-06,1e-06,SEA,SEA
PIT201805200,2018-05-20,PIT,SDN,0,0,,2.14,1e-06,1e-06,PIT,PIT
HOU201805200,2018-05-20,HOU,CLE,0,0,3.86,3.38,1e-06,1e-06,HOU,HOU
WAS201805200,2018-05-20,WAS,LAN,0,0,3.74,3.68,1e-06,1e-06,WAS,WAS
CIN201805200,2018-05-20,CIN,CHN,1,0,4.98,4.95,1e-06,1e-06,CIN,CIN
ANA201805200,2018-05-20,ANA,TBA,0,0,3.31,5.26,1e-06,1e-06,ANA,ANA
NYN201805200,2018-05-20,NYN,ARI,0,0,3.03,3.38,1e-06,1e-06,NYN,NYN
MIN201805200,2018-05-20,MIN,MIL,0,0,4.5,4.25,1e-06,1e-06,MIN,MIN
ATL201805200,2018-05-20,ATL,MIA,0,0,3.23,5.43,1e-06,1e-06,ATL,ATL
BOS201805200,2018-05-20,BOS,BAL,0,0,3.82,4.88,1e-06,1e-06,BOS,BOS
KCA201805200,2018-05-20,KCA,NYA,0,0,5.14,4.9,1e-06,1e-06,KCA,KCA
CHA201805200,2018-05-20,CHA,TEX,0,0,3.91,4.18,1e-06,1e-06,CHA,CHA
CHA201805210,2018-05-21,CHA,BAL,0,0,4.41,5.29,1e-06,1365.5064971534737,CHA,BOS
MIN201805210,2018-05-21,MIN,DET,0,1,3.84,4.93,1e-06,2238.4089622775527,MIN,SEA
TEX201805210,2018-05-21,TEX,NYA,0,0,5.78,3.75,1309.650558347085,738.3603208647532,CHA,KCA
PHI201805210,2018-05-21,PHI,ATL,0,0,4.77,2.85,1300.6291865836333,1071.2330338826835,SLN,ATL
MIL201805210,2018-05-21,MIL,ARI,2,1,3.93,3.21,476.38512191307035,1181.7674036325852,MIN,NYN
SLN201805210,2018-05-21,SLN,KCA,0,0,2.83,4.66,1e-06,382.8562661725535,SLN,KCA
NYN201805210,2018-05-21,NYN,MIA,0,0,5.77,5.21,1e-06,1200.4511584455877,NYN,ATL
WAS201805210,2018-05-21,WAS,SDN,0,0,4.21,4.21,1e-06,305.44483751928374,WAS,PIT
LAN201805210,2018-05-21,LAN,COL,0,0,2.88,3.77,3694.4220119834245,559.4406195325591,WAS,SFN
CHA201805220,2018-05-22,CHA,BAL,0,0,8.49,3.99,1e-06,1e-06,CHA,CHA
PHI201805220,2018-05-22,PHI,ATL,0,0,,4.92,1e-06,1e-06,PHI,PHI
OAK201805220,2018-05-22,OAK,SEA,0,0,3.0,3.99,3630.644600855592,1089.6592015072615,TOR,SEA
CIN201805220,2018-05-22,CIN,PIT,2,0,4.94,3.2,1e-06,415.25842934625814,CIN,PIT
WAS201805220,2018-05-22,WAS,SDN,0,0,1.6,2.05,1e-06,1e-06,WAS,WAS
MIN201805220,2018-05-22,MIN,DET,0,0,4.77,4.39,1e-06,1e-06,MIN,MIN
TEX201805220,2018-05-22,TEX,NYA,3,0,3.78,5.57,1e-06,1e-06,TEX,TEX
NYN201805220,2018-05-22,NYN,MIA,0,0,3.31,4.19,1e-06,1e-06,NYN,NYN
CHN201805220,2018-05-22,CHN,CLE,0,0,5.3,2.21,406.25273298859213,1516.5648050119732,CIN,HOU
TBA201805220,2018-05-22,TBA,BOS,0,0,5.4,2.11,3425.3074193268753,1926.6943817180322,ANA,BOS
SLN201805220,2018-05-22,SLN,KCA,0,0,4.95,6.02,1e-06,1e-06,SLN,SLN
MIL201805220,2018-05-22,MIL,ARI,0,0,7.34,4.15,1e-06,1e-06,MIL,MIL
HOU201805220,2018-05-22,HOU,SFN,0,0,2.88,4.49,1e-06,2641.7391700833814,HOU,SFN
TOR201805220,2018-05-22,TOR,ANA,6,0,3.65,3.66,1e-06,3477.996626466436,TOR,ANA
LAN201805220,2018-05-22,LAN,COL,2,0,3.34,5.93,1e-06,1e-06,LAN,LAN
TBA201805230,2018-05-23,TBA,BOS,0,0,3.04,4.39,1e-06,1e-06,TBA,TBA
TOR201805230,2018-05-23,TOR,ANA,0,0,3.67,4.07,1e-06,1e-06,TOR,TOR
HOU201805230,2018-05-23,HOU,SFN,0,0,2.52,6.25,1e-06,1e-06,HOU,HOU
MIN201805230,2018-05-23,MIN,DET,1,1,3.62,4.69,1e-06,1e-06,MIN,MIN
SLN201805230,2018-05-23,SLN,KCA,0,0,3.59,12.05,1e-06,1e-06,SLN,SLN
WAS201805230,2018-05-23,WAS,SDN,0,0,5.54,4.15,1e-06,1e-06,WAS,WAS
LAN201805230,2018-05-23,LAN,COL,0,0,3.81,2.85,1e-06,1e-06,LAN,LAN
OAK201805230,2018-05-23,OAK,SEA,0,0,5.18,4.0,1e-06,1e-06,OAK,OAK
PHI201805230,2018-05-23,PHI,ATL,0,0,3.96,5.95,1e-06,1e-06,PHI,PHI
MIL201805230,2018-05-23,MIL,ARI,1,0,4.44,4.74,1e-06,1e-06,MIL,MIL
CHA201805230,2018-05-23,CHA,BAL,0,0,5.18,4.9,1e-06,1e-06,CHA,CHA
CHN201805230,2018-05-23,CHN,CLE,0,0,3.32,5.28,1e-06,1e-06,CHN,CHN
TEX201805230,2018-05-23,TEX,NYA,0,3,4.48,3.23,1e-06,1e-06,TEX,TEX
CIN201805230,2018-05-23,CIN,PIT,0,2,2.25,4.61,1e-06,1e-06,CIN,CIN
NYN201805230,2018-05-23,NYN,MIA,0,0,3.13,4.09,1e-06,1e-06,NYN,NYN
OAK201805240,2018-05-24,OAK,SEA,4,1,3.0,5.55,1e-06,1e-06,OAK,OAK
CHA201805240,2018-05-24,CHA,BAL,0,4,6.13,5.45,1e-06,1e-06,CHA,CHA
TBA201805240,2018-05-24,TBA,BOS,1,0,1.89,4.28,1e-06,1e-06,TBA,TBA
CIN201805240,2018-05-24,CIN,PIT,0,0,4.3,4.19,1e-06,1e-06,CIN,CIN
TOR201805240,2018-05-24,TOR,ANA,0,0,5.64,4.74,1e-06,1e-06,TOR,TOR
CLE201805240,2018-05-24,CLE,HOU,0,0,3.02,3.13,494.38381964269325,1793.7234420980124,CHN,HOU
MIL201805240,2018-05-24,MIL,NYN,0,0,4.77,3.97,1e-06,1181.7674036325852,MIL,NYN
TEX201805240,2018-05-24,TEX,KCA,0,0,6.2,4.88,1e-06,897.3043892909234,TEX,SLN
TBA201805250,2018-05-25,TBA,BAL,0,1,4.14,4.88,1e-06,1636.2782802002057,TBA,CHA
CHN201805250,2018-05-25,CHN,SFN,1,0,3.44,3.57,1e-06,1516.5648050119732,CHN,HOU
DET201805250,2018-05-25,DET,CHA,0,2,4.15,8.49,872.516450655481,380.91207013286544,MIN,CHA
CLE201805250,2018-05-25,CLE,HOU,0,0,4.24,3.74,1e-06,1e-06,CLE,CLE
BOS201805250,2018-05-25,BOS,ATL,0,0,3.82,3.94,1926.6943817180322,435.5953169043613,TBA,PHI
MIL201805250,2018-05-25,MIL,NYN,0,0,1.29,4.28,1e-06,1e-06,MIL,MIL
COL201805250,2018-05-25,COL,CIN,1,2,5.12,5.31,1336.5596902131042,1756.1898521305268,LAN,CIN
OAK201805250,2018-05-25,OAK,ARI,0,1,3.59,3.15,1e-06,2941.6301363819452,OAK,MIL
LAN201805250,2018-05-25,LAN,SDN,3,0,3.02,5.33,1e-06,3694.4220119834245,LAN,WAS
SEA201805250,2018-05-25,SEA,MIN,1,0,3.76,4.69,1089.6592015072615,2238.4089622775527,OAK,MIN
TEX201805250,2018-05-25,TEX,KCA,1,2,4.18,5.14,1e-06,1e-06,TEX,TEX
PHI201805250,2018-05-25,PHI,TOR,0,3,4.36,5.31,1e-06,539.7375980826044,PHI,TOR
MIA201805250,2018-05-25,MIA,WAS,0,0,2.94,2.53,1756.5620451799746,1489.628641346009,NYN,WAS
PIT201805250,2018-05-25,PIT,SLN,0,0,4.06,3.47,415.25842934625814,898.8824563980571,CIN,SLN
NYA201805250,2018-05-25,NYA,ANA,0,0,2.5,3.84,2225.551415128663,550.2922217550002,TEX,TOR
PHI201805260,2018-05-26,PHI,TOR,0,0,2.95,6.0,1e-06,1e-06,PHI,PHI
CLE201805260,2018-05-26,CLE,HOU,0,0,3.38,3.86,1e-06,1e-06,CLE,CLE
OAK201805260,2018-05-26,OAK,ARI,1,0,4.05,2.01,1e-06,1e-06,OAK,OAK
NYA201805260,2018-05-26,NYA,ANA,2,1,4.9,3.41,1e-06,1e-06,NYA,NYA
SEA201805260,2018-05-26,SEA,MIN,0,0,3.69,3.81,1e-06,1e-06,SEA,SEA
BOS201805260,2018-05-26,BOS,ATL,0,0,2.68,4.29,1e-06,1e-06,BOS,BOS
CHN201805260,2018-05-26,CHN,SFN,0,0,4.03,5.09,1e-06,1e-06,CHN,CHN
LAN201805260,2018-05-26,LAN,SDN,1,0,4.11,2.73,1e-06,1e-06,LAN,LAN
PIT201805260,2018-05-26,PIT,SLN,1,1,3.11,3.34,1e-06,1e-06,PIT,PIT
MIA201805260,2018-05-26,MIA,WAS,0,0,3.91,3.61,1e-06,1e-06,MIA,MIA
COL201805260,2018-05-26,COL,CIN,0,1,6.09,3.11,1e-06,1e-06,COL,COL
MIL201805260,2018-05-26,MIL,NYN,3,3,3.22,5.85,1e-06,1e-06,MIL,MIL
TBA201805260,2018-05-26,TBA,BAL,2,0,3.68,5.29,1e-06,1e-06,TBA,TBA
TEX201805260,2018-05-26,TEX,KCA,0,0,4.48,3.25,1e-06,1e-06,TEX,TEX
DET201805260,2018-05-26,DET,CHA,2,0,4.58,4.41,1e-06,1e-06,DET,DET
PIT201805270,2018-05-27,PIT,SLN,0,1,5.66,3.41,1e-06,1e-06,PIT,PIT
CLE201805270,2018-05-27,CLE,HOU,2,0,5.22,3.46,1e-06,1e-06,CLE,CLE
PHI201805270,2018-05-27,PHI,TOR,0,0,4.77,3.65,1e-06,1e-06,PHI,PHI
MIL201805270,2018-05-27,MIL,NYN,1,0,5.91,4.85,1e-06,1e-06,MIL,MIL
NYA201805270,2018-05-27,NYA,ANA,0,0,3.75,3.66,1e-06,1e-06,NYA,NYA
LAN201805270,2018-05-27,LAN,SDN,0,0,2.62,3.42,1e-06,1e-06,LAN,LAN
BOS201805270,2018-05-27,BOS,ATL,0,0,2.11,2.85,1e-06,1e-06,BOS,BOS
SEA201805270,2018-05-27,SEA,MIN,0,0,4.36,3.84,1e-06,1e-06,SEA,SEA
OAK201805270,2018-05-27,OAK,ARI,0,0,3.88,3.21,1e-06,1e-06,OAK,OAK
MIA201805270,2018-05-27,MIA,WAS,0,0,5.21,3.74,1e-06,1e-06,MIA,MIA
DET201805270,2018-05-27,DET,CHA,0,0,3.56,4.53,1e-06,1e-06,DET,DET
COL201805270,2018-05-27,COL,CIN,3,1,3.77,4.94,1e-06,1e-06,COL,COL
TBA201805270,2018-05-27,TBA,BAL,1,3,1.64,3.92,1e-06,1e-06,TBA,TBA
CHN201805270,2018-05-27,CHN,SFN,3,3,3.66,4.25,1e-06,1e-06,CHN,CHN
TEX201805270,2018-05-27,TEX,KCA,0,2,3.78,6.02,1e-06,1e-06,TEX,TEX
DET201805280,2018-05-28,DET,ANA,0,0,4.39,4.02,1e-06,773.7548030957365,DET,NYA
MIL201805280,2018-05-28,MIL,SLN,0,0,4.44,4.95,1e-06,722.0054120555708,MIL,PIT
COL201805280,2018-05-28,COL,SFN,3,2,5.93,3.97,1e-06,1477.450780411816,COL,CHN
ARI201805280,2018-05-28,ARI,CIN,0,0,4.15,6.09,1040.2976618519092,942.6579354569091,OAK,COL
ATL201805282,2018-05-28,ATL,NYN,0,2,3.23,4.28,1506.6278415289673,1079.4745171093869,BOS,MIL
ATL201805281,2018-05-28,ATL,NYN,0,1,2.86,2.66,1e-06,1e-06,ATL,ATL
CLE201805280,2018-05-28,CLE,CHA,0,1,5.28,6.27,1e-06,145.52553501827433,CLE,DET
KCA201805280,2018-05-28,KCA,MIN,0,0,,4.77,738.3603208647532,2418.3539462011913,TEX,SEA
SDN201805280,2018-05-28,SDN,MIA,0,4,4.34,4.19,179.52869961196944,3647.9520321048794,LAN,MIA
OAK201805280,2018-05-28,OAK,TBA,0,0,4.95,2.98,1e-06,3845.9573440873414,OAK,TBA
LAN201805280,2018-05-28,LAN,PHI,0,1,5.64,3.83,1e-06,3844.216938115361,LAN,PHI
NYA201805280,2018-05-28,NYA,HOU,0,0,5.57,2.52,1e-06,649.8727601989037,NYA,CLE
BAL201805280,2018-05-28,BAL,WAS,0,0,4.9,4.21,1393.7772067986984,1539.1317139517298,TBA,MIA
PIT201805280,2018-05-28,PIT,CHN,0,0,4.55,3.99,1e-06,660.0502267315369,PIT,CHN
SEA201805280,2018-05-28,SEA,TEX,0,0,4.0,4.5,1e-06,2688.6235870338205,SEA,TEX
BOS201805280,2018-05-28,BOS,TOR,1,0,3.58,4.89,1e-06,435.5953169043613,BOS,PHI
DET201805290,2018-05-29,DET,ANA,0,0,4.69,4.74,1e-06,1e-06,DET,DET
LAN201805290,2018-05-29,LAN,PHI,0,0,3.81,3.96,1e-06,1e-06,LAN,LAN
NYA201805290,2018-05-29,NYA,HOU,1,0,2.45,3.46,1e-06,1e-06,NYA,NYA
BOS201805290,2018-05-29,BOS,TOR,2,0,4.28,5.64,1e-06,1e-06,BOS,BOS
SDN201805290,2018-05-29,SDN,MIA,3,0,2.73,4.12,1e-06,1e-06,SDN,SDN
PIT201805290,2018-05-29,PIT,CHN,2,0,3.26,3.32,1e-06,1e-06,PIT,PIT
SEA201805290,2018-05-29,SEA,TEX,3,1,1.96,4.48,1e-06,1e-06,SEA,SEA
MIL201805290,2018-05-29,MIL,SLN,0,0,4.77,3.2,1e-06,1e-06,MIL,MIL
ARI201805290,2018-05-29,ARI,CIN,2,1,4.74,4.3,1e-06,1e-06,ARI,ARI
ATL201805290,2018-05-29,ATL,NYN,0,1,,12.46,1e-06,1e-06,ATL,ATL
KCA201805290,2018-05-29,KCA,MIN,0,0,3.6,2.63,1e-06,1e-06,KCA,KCA
COL201805290,2018-05-29,COL,SFN,2,0,2.85,6.25,1e-06,1e-06,COL,COL
OAK201805290,2018-05-29,OAK,TBA,0,0,5.18,1.89,1e-06,1e-06,OAK,OAK
BAL201805290,2018-05-29,BAL,WAS,1,1,5.45,3.45,1e-06,1e-06,BAL,BAL
CLE201805290,2018-05-29,CLE,CHA,2,0,3.02,6.13,1e-06,1e-06,CLE,CLE
OAK201805300,2018-05-30,OAK,TBA,0,0,3.59,3.81,1e-06,1e-06,OAK,OAK
SEA201805300,2018-05-30,SEA,TEX,0,0,6.97,2.39,1e-06,1e-06,SEA,SEA
BOS201805300,2018-05-30,BOS,TOR,0,0,3.82,5.31,1e-06,1e-06,BOS,BOS
NYA201805300,2018-05-30,NYA,HOU,1,0,3.39,3.74,1e-06,1e-06,NYA,NYA
ARI201805300,2018-05-30,ARI,CIN,3,0,3.15,5.31,1e-06,1e-06,ARI,ARI
BAL201805300,2018-05-30,BAL,WAS,0,0,4.88,2.53,1e-06,1e-06,BAL,BAL
DET201805300,2018-05-30,DET,ANA,1,0,3.51,3.8,1e-06,1e-06,DET,DET
CLE201805300,2018-05-30,CLE,CHA,2,0,2.89,3.91,1e-06,1e-06,CLE,CLE
PIT201805300,2018-05-30,PIT,CHN,1,1,4.06,3.44,1e-06,1e-06,PIT,PIT
COL201805300,2018-05-30,COL,SFN,3,0,4.63,3.57,1e-06,1e-06,COL,COL
ATL201805300,2018-05-30,ATL,NYN,0,0,3.94,5.77,1e-06,1e-06,ATL,ATL
LAN201805300,2018-05-30,LAN,PHI,1,0,3.02,4.36,1e-06,1e-06,LAN,LAN
MIL201805300,2018-05-30,MIL,SLN,0,0,1.29,3.41,1e-06,1e-06,MIL,MIL
KCA201805300,2018-05-30,KCA,MIN,2,0,3.25,4.69,1e-06,1e-06,KCA,KCA
SDN201805300,2018-05-30,SDN,MIA,0,0,2.05,3.91,1e-06,1e-06,SDN,SDN
SDN201805310,2018-05-31,SDN,MIA,2,0,4.11,4.79,1e-06,1e-06,SDN,SDN
HOU201805310,2018-05-31,HOU,BOS,2,0,3.86,6.08,2282.180747677387,2582.243070652819,NYA,BOS
SEA201805310,2018-05-31,SEA,TEX,1,0,3.72,4.18,1e-06,1e-06,SEA,SEA
DET201805310,2018-05-31,DET,ANA,5,0,4.46,4.15,1e-06,1e-06,DET,DET
NYN201805310,2018-05-31,NYN,CHN,0,0,3.7,4.03,1200.4511584455877,505.04779123783345,ATL,PIT
SLN201805310,2018-05-31,SLN,PIT,4,0,4.7,,526.8349145670746,898.8824563980571,MIL,PIT
OAK201805310,2018-05-31,OAK,TBA,0,0,4.05,2.98,1e-06,1e-06,OAK,OAK
LAN201805310,2018-05-31,LAN,PHI,0,0,2.2,2.37,1e-06,1e-06,LAN,LAN
ATL201805310,2018-05-31,ATL,WAS,0,1,3.9,4.34,1e-06,927.9028501726538,ATL,BAL
MIN201805310,2018-05-31,MIN,CLE,0,3,4.5,4.94,662.9211681328137,1013.2251113855248,KCA,CLE
BAL201806010,2018-06-01,BAL,NYA,1,0,5.29,4.9,1e-06,272.81937803481173,BAL,NYA
HOU201806010,2018-06-01,HOU,BOS,2,0,2.88,2.11,1e-06,1e-06,HOU,HOU
KCA201806010,2018-06-01,KCA,OAK,0,0,4.66,3.88,1e-06,2406.427657157802,KCA,OAK
DET201806010,2018-06-01,DET,TOR,0,0,3.56,5.82,1e-06,984.732039314543,DET,BOS
MIN201806010,2018-06-01,MIN,CLE,3,0,3.84,3.38,1e-06,1e-06,MIN,MIN
CHA201806010,2018-06-01,CHA,MIL,0,2,3.77,3.93,494.38381964269325,132.54357794550742,CLE,MIL
SEA201806010,2018-06-01,SEA,TBA,0,0,2.65,5.26,1e-06,1089.6592015072615,SEA,OAK
ATL201806010,2018-06-01,ATL,WAS,0,0,2.85,3.74,1e-06,1e-06,ATL,ATL
COL201806010,2018-06-01,COL,LAN,1,2,7.63,12.27,1e-06,1336.5596902131042,COL,LAN
SDN201806010,2018-06-01,SDN,CIN,0,0,9.6,4.98,1e-06,481.0116378281714,SDN,ARI
ARI201806010,2018-06-01,ARI,MIA,1,0,2.01,5.21,1e-06,481.0116378281714,ARI,SDN
SFN201806010,2018-06-01,SFN,PHI,1,0,5.09,4.77,1524.5101947303656,559.4406195325591,COL,LAN
NYN201806010,2018-06-01,NYN,CHN,0,0,6.07,3.66,1e-06,1e-06,NYN,NYN
ANA201806010,2018-06-01,ANA,TEX,2,0,3.41,5.78,3167.1614902696224,1575.276973597757,DET,SEA
SLN201806010,2018-06-01,SLN,PIT,0,0,2.83,3.2,1e-06,1e-06,SLN,SLN
BAL201806020,2018-06-02,BAL,NYA,1,0,3.92,3.75,1e-06,1e-06,BAL,BAL
SFN201806020,2018-06-02,SFN,PHI,0,0,4.49,,1e-06,1e-06,SFN,SFN
SLN201806020,2018-06-02,SLN,PIT,0,0,3.59,2.47,1e-06,1e-06,SLN,SLN
SEA201806020,2018-06-02,SEA,TBA,0,0,4.0,4.31,1e-06,1e-06,SEA,SEA
NYN201806020,2018-06-02,NYN,CHN,0,0,27.0,5.17,1e-06,1e-06,NYN,NYN
KCA201806020,2018-06-02,KCA,OAK,2,0,4.53,3.0,1e-06,1e-06,KCA,KCA
SDN201806020,2018-06-02,SDN,CIN,1,0,4.34,4.94,1e-06,1e-06,SDN,SDN
ANA201806020,2018-06-02,ANA,TEX,1,0,2.71,4.73,1e-06,1e-06,ANA,ANA
HOU201806020,2018-06-02,HOU,BOS,0,1,3.49,3.58,1e-06,1e-06,HOU,HOU
COL201806020,2018-06-02,COL,LAN,0,0,5.93,2.88,1e-06,1e-06,COL,COL
CHA201806020,2018-06-02,CHA,MIL,0,0,4.53,3.5,1e-06,1e-06,CHA,CHA
ATL201806020,2018-06-02,ATL,WAS,0,0,10.8,3.61,1e-06,1e-06,ATL,ATL
MIN201806020,2018-06-02,MIN,CLE,0,0,4.77,2.21,1e-06,1e-06,MIN,MIN
DET201806020,2018-06-02,DET,TOR,1,0,3.51,,1e-06,1e-06,DET,DET
ARI201806020,2018-06-02,ARI,MIA,1,0,3.21,4.19,1e-06,1e-06,ARI,ARI
ANA201806030,2018-06-03,ANA,TEX,0,0,4.02,4.5,1e-06,1e-06,ANA,ANA
KCA201806030,2018-06-03,KCA,OAK,0,0,,2.92,1e-06,1e-06,KCA,KCA
SLN201806030,2018-06-03,SLN,PIT,4,0,3.2,5.21,1e-06,1e-06,SLN,SLN
SFN201806030,2018-06-03,SFN,PHI,0,0,2.81,3.96,1e-06,1e-06,SFN,SFN
MIN201806030,2018-06-03,MIN,CLE,2,0,3.36,4.7,1e-06,1e-06,MIN,MIN
ATL201806030,2018-06-03,ATL,WAS,1,0,2.11,4.34,1e-06,1e-06,ATL,ATL
HOU201806030,2018-06-03,HOU,BOS,1,2,3.13,4.28,1e-06,1e-06,HOU,HOU
COL201806030,2018-06-03,COL,LAN,4,0,4.13,4.76,1e-06,1e-06,COL,COL
SEA201806030,2018-06-03,SEA,TBA,0,0,5.55,2.39,1e-06,1e-06,SEA,SEA
ARI201806030,2018-06-03,ARI,MIA,0,0,4.15,4.12,1e-06,1e-06,ARI,ARI
CHA201806030,2018-06-03,CHA,MIL,0,0,6.27,4.44,1e-06,1e-06,CHA,CHA
NYN201806030,2018-06-03,NYN,CHN,0,0,3.97,3.32,1e-06,1e-06,NYN,NYN
SDN201806030,2018-06-03,SDN,CIN,0,0,4.15,4.3,1e-06,1e-06,SDN,SDN
DET201806030,2018-06-03,DET,TOR,0,0,4.69,4.89,1e-06,1e-06,DET,DET
SFN201806040,2018-06-04,SFN,ARI,0,0,5.56,4.74,1e-06,1050.9933942487219,SFN,ARI
DET201806041,2018-06-04,DET,NYA,1,0,4.63,3.39,1e-06,638.3359432178316,DET,BAL
DET201806042,2018-06-04,DET,NYA,0,0,3.56,5.57,1e-06,1e-06,DET,DET
ANA201806040,2018-06-04,ANA,KCA,1,1,3.8,4.53,1e-06,2158.345510444982,ANA,KCA
SDN201806040,2018-06-04,SDN,ATL,1,0,5.33,3.94,1e-06,3037.495642889967,SDN,ATL
ANA201806050,2018-06-05,ANA,KCA,0,0,4.15,3.08,1e-06,1e-06,ANA,ANA
SLN201806050,2018-06-05,SLN,MIA,0,0,11.7,3.98,1e-06,2043.890455711885,SLN,ARI
HOU201806050,2018-06-05,HOU,SEA,0,4,3.74,3.76,1e-06,3039.1839825945185,HOU,SEA
SFN201806050,2018-06-05,SFN,ARI,0,0,3.26,3.15,1e-06,1e-06,SFN,SFN
CIN201806050,2018-06-05,CIN,COL,0,2,4.93,2.85,3007.676031937142,1756.1898521305268,SDN,COL
BOS201806050,2018-06-05,BOS,DET,2,0,2.68,4.89,2582.243070652819,984.732039314543,HOU,DET
PIT201806050,2018-06-05,PIT,LAN,0,0,4.06,3.02,898.8824563980571,2121.7512666569423,SLN,COL
CLE201806050,2018-06-05,CLE,MIL,0,0,2.89,4.09,1013.2251113855248,494.38381964269325,MIN,CHA
WAS201806050,2018-06-05,WAS,TBA,0,0,2.53,3.81,874.0887985860761,3737.7812997837673,ATL,SEA
SDN201806050,2018-06-05,SDN,ATL,0,1,4.11,3.9,1e-06,1e-06,SDN,SDN
NYN201806050,2018-06-05,NYN,BAL,0,2,5.77,4.9,1e-06,272.81937803481173,NYN,BAL
CHN201806050,2018-06-05,CHN,PHI,0,0,3.44,4.36,1144.1299356702407,2984.5094702126535,NYN,SFN
TEX201806050,2018-06-05,TEX,OAK,0,2,4.54,2.92,1938.7751997181072,738.3603208647532,ANA,KCA
MIN201806052,2018-06-05,MIN,CHA,0,4,6.2,6.13,1e-06,571.0232496384983,MIN,CHA
TOR201806050,2018-06-05,TOR,NYA,0,0,,3.65,332.4198044988213,332.4198044988213,DET,DET
MIN201806051,2018-06-05,MIN,CHA,0,1,7.2,3.0,1e-06,1e-06,MIN,MIN
NYN201806060,2018-06-06,NYN,BAL,0,0,3.13,5.45,1e-06,1e-06,NYN,NYN
CHN201806060,2018-06-06,CHN,PHI,0,0,1.04,3.83,1e-06,1e-06,CHN,CHN
PIT201806060,2018-06-06,PIT,LAN,0,0,4.61,4.11,1e-06,1e-06,PIT,PIT
CLE201806060,2018-06-06,CLE,MIL,0,0,3.38,3.93,1e-06,1e-06,CLE,CLE
SFN201806060,2018-06-06,SFN,ARI,1,0,3.97,3.1,1e-06,1e-06,SFN,SFN
MIN201806060,2018-06-06,MIN,CHA,0,0,4.49,4.41,1e-06,1e-06,MIN,MIN
SLN201806060,2018-06-06,SLN,MIA,0,0,3.34,4.33,1e-06,1e-06,SLN,SLN
HOU201806060,2018-06-06,HOU,SEA,0,0,4.18,6.0,1e-06,1e-06,HOU,HOU
TOR201806060,2018-06-06,TOR,NYA,0,0,6.0,3.23,1e-06,1e-06,TOR,TOR
ANA201806060,2018-06-06,ANA,KCA,0,0,3.8,3.6,1e-06,1e-06,ANA,ANA
TEX201806060,2018-06-06,TEX,OAK,3,0,5.78,4.05,1e-06,1e-06,TEX,TEX
SDN201806060,2018-06-06,SDN,ATL,0,1,3.29,2.85,1e-06,1e-06,SDN,SDN
WAS201806060,2018-06-06,WAS,TBA,5,0,4.34,3.67,1e-06,1e-06,WAS,WAS
BOS201806060,2018-06-06,BOS,DET,0,0,3.82,3.56,1e-06,1e-06,BOS,BOS
CIN201806060,2018-06-06,CIN,COL,0,0,5.31,5.12,1e-06,1e-06,CIN,CIN
TOR201806070,2018-06-07,TOR,BAL,1,1,5.71,3.96,1e-06,550.2922217550002,TOR,NYN
CIN201806070,2018-06-07,CIN,COL,0,1,2.25,6.09,1e-06,1e-06,CIN,CIN
MIN201806070,2018-06-07,MIN,CHA,2,0,3.84,4.53,1e-06,1e-06,MIN,MIN
BOS201806070,2018-06-07,BOS,DET,1,5,5.51,4.39,1e-06,1e-06,BOS,BOS
TEX201806070,2018-06-07,TEX,HOU,1,0,3.78,2.88,1e-06,368.5990384284446,TEX,HOU
SLN201806070,2018-06-07,SLN,MIA,2,0,2.83,4.42,1e-06,1e-06,SLN,SLN
TBA201806070,2018-06-07,TBA,SEA,0,0,4.65,4.36,1340.493838211085,1270.2138325576016,WAS,HOU
CHN201806070,2018-06-07,CHN,PHI,0,0,7.65,4.77,1e-06,1e-06,CHN,CHN
OAK201806070,2018-06-07,OAK,KCA,0,0,7.16,6.02,2350.5503898425545,592.0809005913671,TEX,ANA
PIT201806070,2018-06-07,PIT,LAN,0,1,3.2,2.88,1e-06,1e-06,PIT,PIT
MIA201806080,2018-06-08,MIA,SDN,0,0,4.19,4.34,1707.3616110149374,3647.9520321048794,SLN,SDN
LAN201806080,2018-06-08,LAN,ATL,1,0,2.62,4.92,3433.6519953355796,179.52869961196944,PIT,SDN
DET201806080,2018-06-08,DET,CLE,1,0,5.12,2.21,984.732039314543,145.52553501827433,BOS,CLE
TBA201806080,2018-06-08,TBA,SEA,0,0,5.93,4.0,1e-06,1e-06,TBA,TBA
CHN201806080,2018-06-08,CHN,PIT,2,1,3.99,4.55,1e-06,660.0502267315369,CHN,PIT
TOR201806080,2018-06-08,TOR,BAL,0,0,3.65,5.29,1e-06,1e-06,TOR,TOR
TEX201806080,2018-06-08,TEX,HOU,1,0,4.5,2.52,1e-06,1e-06,TEX,TEX
CIN201806080,2018-06-08,CIN,SLN,0,1,2.38,3.59,1e-06,494.9532553693752,CIN,SLN
WAS201806080,2018-06-08,WAS,SFN,0,1,3.74,2.49,1e-06,3919.8438689376185,WAS,SFN
BOS201806080,2018-06-08,BOS,CHA,0,0,2.11,5.18,1e-06,1804.1923618308685,BOS,MIN
MIN201806080,2018-06-08,MIN,ANA,0,0,2.54,4.54,1e-06,2437.087352189671,MIN,ANA
OAK201806080,2018-06-08,OAK,KCA,1,0,3.88,,1e-06,1e-06,OAK,OAK
NYN201806080,2018-06-08,NYN,NYA,1,0,1.7,2.5,1e-06,550.2922217550002,NYN,TOR
PHI201806080,2018-06-08,PHI,MIL,0,3,,3.5,1068.017024042746,576.425945012328,CHN,CLE
COL201806080,2018-06-08,COL,ARI,0,1,3.77,3.21,1756.1898521305268,1524.5101947303656,CIN,SFN
TOR201806090,2018-06-09,TOR,BAL,0,0,5.27,3.99,1e-06,1e-06,TOR,TOR
DET201806090,2018-06-09,DET,CLE,1,0,4.46,4.7,1e-06,1e-06,DET,DET
BOS201806090,2018-06-09,BOS,CHA,1,2,3.58,4.18,1e-06,1e-06,BOS,BOS
LAN201806090,2018-06-09,LAN,ATL,1,0,3.68,2.83,1e-06,1e-06,LAN,LAN
NYN201806090,2018-06-09,NYN,NYA,3,0,6.15,3.23,1e-06,1e-06,NYN,NYN
PHI201806090,2018-06-09,PHI,MIL,0,2,3.96,4.44,1e-06,1e-06,PHI,PHI
TEX201806090,2018-06-09,TEX,HOU,0,2,1.56,1.86,1e-06,1e-06,TEX,TEX
MIA201806090,2018-06-09,MIA,SDN,0,3,4.33,2.73,1e-06,1e-06,MIA,MIA
COL201806090,2018-06-09,COL,ARI,3,1,5.93,3.19,1e-06,1e-06,COL,COL
CIN201806090,2018-06-09,CIN,SLN,0,2,4.3,3.2,1e-06,1e-06,CIN,CIN
OAK201806090,2018-06-09,OAK,KCA,0,0,3.02,4.88,1e-06,1e-06,OAK,OAK
CHN201806090,2018-06-09,CHN,PIT,2,0,3.32,5.21,1e-06,1e-06,CHN,CHN
MIN201806090,2018-06-09,MIN,ANA,0,0,3.62,4.02,1e-06,1e-06,MIN,MIN
WAS201806090,2018-06-09,WAS,SFN,1,0,3.61,2.81,1e-06,1e-06,WAS,WAS
TBA201806090,2018-06-09,TBA,SEA,1,1,1.89,5.55,1e-06,1e-06,TBA,TBA
TOR201806100,2018-06-10,TOR,BAL,0,0,5.64,4.9,1e-06,1e-06,TOR,TOR
TBA201806100,2018-06-10,TBA,SEA,0,0,2.39,3.76,1e-06,1e-06,TBA,TBA
WAS201806100,2018-06-10,WAS,SFN,0,0,2.53,3.57,1e-06,1e-06,WAS,WAS
LAN201806100,2018-06-10,LAN,ATL,0,0,3.02,3.9,1e-06,1e-06,LAN,LAN
MIN201806100,2018-06-10,MIN,ANA,2,1,4.69,4.74,1e-06,1e-06,MIN,MIN
COL201806100,2018-06-10,COL,ARI,0,0,2.85,4.74,1e-06,1e-06,COL,COL
PHI201806100,2018-06-10,PHI,MIL,1,0,4.36,3.22,1e-06,1e-06,PHI,PHI
CHN201806100,2018-06-10,CHN,PIT,0,1,3.44,4.19,1e-06,1e-06,CHN,CHN
DET201806100,2018-06-10,DET,CLE,0,0,4.89,2.89,1e-06,1e-06,DET,DET
OAK201806100,2018-06-10,OAK,KCA,0,0,0.78,6.12,1e-06,1e-06,OAK,OAK
MIA201806100,2018-06-10,MIA,SDN,0,0,3.98,5.33,1e-06,1e-06,MIA,MIA
CIN201806100,2018-06-10,CIN,SLN,0,0,4.93,3.11,1e-06,1e-06,CIN,CIN
NYN201806100,2018-06-10,NYN,NYA,0,0,2.66,3.39,1e-06,1e-06,NYN,NYN
BOS201806100,2018-06-10,BOS,CHA,0,1,4.28,3.91,1e-06,1e-06,BOS,BOS
TEX201806100,2018-06-10,TEX,HOU,0,2,3.29,3.49,1e-06,1e-06,TEX,TEX
TBA201806110,2018-06-11,TBA,TOR,1,1,3.91,5.31,1e-06,1789.459752085548,TBA,TOR
MIA201806110,2018-06-11,MIA,SFN,0,0,4.09,2.69,1e-06,1489.628641346009,MIA,WAS
MIL201806110,2018-06-11,MIL,CHN,0,0,7.34,3.66,1117.7982780855818,132.54357794550742,PHI,CHN
CHA201806110,2018-06-11,CHA,CLE,0,0,6.13,3.38,1365.5064971534737,380.91207013286544,BOS,DET
SEA201806110,2018-06-11,SEA,ANA,2,2,3.72,4.15,4073.2230932877374,2238.4089622775527,TBA,MIN
SLN201806110,2018-06-11,SLN,SDN,0,0,3.34,4.11,494.9532553693752,1707.3616110149374,CIN,MIA
ARI201806110,2018-06-11,ARI,PIT,0,1,3.64,2.39,942.6579354569091,2336.6124175782998,COL,CHN
BAL201806110,2018-06-11,BAL,BOS,0,0,3.99,4.2,537.0332419152472,578.81170796599,TOR,BOS
OAK201806120,2018-06-12,OAK,HOU,1,0,4.05,3.86,1e-06,2350.5503898425545,OAK,TEX
LAN201806120,2018-06-12,LAN,TEX,0,0,5.87,5.78,1e-06,1971.1455630393184,LAN,TEX
TBA201806120,2018-06-12,TBA,TOR,0,0,4.65,5.82,1e-06,1e-06,TBA,TBA
MIL201806120,2018-06-12,MIL,CHN,2,0,3.93,5.3,1e-06,1e-06,MIL,MIL
ATL201806120,2018-06-12,ATL,NYN,0,0,2.86,3.31,3110.7650847781624,1200.4511584455877,LAN,NYN
SEA201806120,2018-06-12,SEA,ANA,1,0,4.36,3.41,1e-06,1e-06,SEA,SEA
ARI201806120,2018-06-12,ARI,PIT,6,0,4.5,3.11,1e-06,1e-06,ARI,ARI
BAL201806120,2018-06-12,BAL,BOS,1,0,4.88,3.82,1e-06,1e-06,BAL,BAL
CHA201806120,2018-06-12,CHA,CLE,3,0,4.53,5.28,1e-06,1e-06,CHA,CHA
DET201806120,2018-06-12,DET,MIN,0,0,3.51,2.54,1e-06,872.516450655481,DET,MIN
SLN201806120,2018-06-12,SLN,SDN,0,0,2.83,3.42,1e-06,1e-06,SLN,SLN
PHI201806120,2018-06-12,PHI,COL,3,0,2.37,5.12,1e-06,2534.0409405234473,PHI,COL
MIA201806120,2018-06-12,MIA,SFN,0,1,4.42,5.09,1e-06,1e-06,MIA,MIA
NYA201806120,2018-06-12,NYA,WAS,0,0,3.65,4.34,1e-06,326.3648041771951,NYN,WAS
KCA201806120,2018-06-12,KCA,CIN,0,0,3.25,2.53,2406.427657157802,868.1617780403714,OAK,CIN
KCA201806130,2018-06-13,KCA,CIN,0,0,6.02,4.98,1e-06,1e-06,KCA,KCA
NYA201806130,2018-06-13,NYA,WAS,1,1,3.93,3.61,1e-06,1e-06,NYA,NYA
MIA201806130,2018-06-13,MIA,SFN,0,2,3.9,2.49,1e-06,1e-06,MIA,MIA
SEA201806130,2018-06-13,SEA,ANA,0,0,2.65,5.29,1e-06,1e-06,SEA,SEA
ARI201806130,2018-06-13,ARI,PIT,2,0,3.21,3.2,1e-06,1e-06,ARI,ARI
DET201806130,2018-06-13,DET,MIN,0,2,4.31,4.5,1e-06,1e-06,DET,DET
CHA201806130,2018-06-13,CHA,CLE,0,0,5.18,2.21,1e-06,1e-06,CHA,CHA
OAK201806130,2018-06-13,OAK,HOU,0,3,7.16,2.88,1e-06,1e-06,OAK,OAK
MIL201806130,2018-06-13,MIL,CHN,0,0,3.5,3.99,1e-06,1e-06,MIL,MIL
ATL201806130,2018-06-13,ATL,NYN,0,0,3.51,1.7,1e-06,1e-06,ATL,ATL
PHI201806130,2018-06-13,PHI,COL,0,1,4.77,4.55,1e-06,1e-06,PHI,PHI
SLN201806130,2018-06-13,SLN,SDN,0,2,4.95,4.34,1e-06,1e-06,SLN,SLN
BAL201806130,2018-06-13,BAL,BOS,0,0,5.92,2.11,1e-06,1e-06,BAL,BAL
LAN201806130,2018-06-13,LAN,TEX,1,0,2.77,2.55,1e-06,1e-06,LAN,LAN
TBA201806130,2018-06-13,TBA,TOR,0,0,3.18,3.62,1e-06,1e-06,TBA,TBA
PHI201806140,2018-06-14,PHI,COL,1,0,,3.77,1e-06,1e-06,PHI,PHI
MIA201806140,2018-06-14,MIA,SFN,0,2,5.21,4.25,1e-06,1e-06,MIA,MIA
ARI201806140,2018-06-14,ARI,NYN,0,1,4.15,5.77,1e-06,2556.4851145812468,ARI,ATL
NYA201806140,2018-06-14,NYA,TBA,0,1,5.57,1.89,1e-06,1638.0556824552712,NYA,TBA
DET201806140,2018-06-14,DET,MIN,0,1,4.69,4.77,1e-06,1e-06,DET,DET
SEA201806140,2018-06-14,SEA,BOS,0,0,5.55,3.58,1e-06,3746.584168000963,SEA,BAL
ATL201806140,2018-06-14,ATL,SDN,0,0,2.83,4.15,1e-06,751.930362209131,ATL,SLN
CHA201806140,2018-06-14,CHA,CLE,2,1,6.27,3.02,1e-06,1e-06,CHA,CHA
OAK201806140,2018-06-14,OAK,HOU,0,2,3.88,2.52,1e-06,1e-06,OAK,OAK
BAL201806150,2018-06-15,BAL,MIA,0,0,3.92,3.98,1e-06,1539.1317139517298,BAL,MIA
LAN201806150,2018-06-15,LAN,SFN,1,0,3.02,3.57,1e-06,3756.8524313396424,LAN,MIA
SLN201806150,2018-06-15,SLN,CHN,0,0,3.2,3.32,1e-06,526.8349145670746,SLN,MIL
MIL201806150,2018-06-15,MIL,PHI,0,0,4.44,3.96,1e-06,1117.7982780855818,MIL,PHI
PIT201806150,2018-06-15,PIT,CIN,0,0,4.55,4.94,2938.6428184476895,1255.3811411500053,ARI,KCA
ARI201806150,2018-06-15,ARI,NYN,1,0,4.74,2.66,1e-06,1e-06,ARI,ARI
SEA201806150,2018-06-15,SEA,BOS,1,0,5.29,3.65,1e-06,1e-06,SEA,SEA
ATL201806150,2018-06-15,ATL,SDN,0,2,4.29,5.33,1e-06,1e-06,ATL,ATL
NYA201806150,2018-06-15,NYA,TBA,0,0,5.11,3.81,1e-06,1e-06,NYA,NYA
TEX201806150,2018-06-15,TEX,COL,5,0,5.53,5.01,1971.1455630393184,2108.1981504571195,LAN,PHI
OAK201806150,2018-06-15,OAK,ANA,0,2,3.02,4.02,1e-06,1089.6592015072615,OAK,SEA
TOR201806150,2018-06-15,TOR,WAS,0,1,,4.21,1789.459752085548,550.2922217550002,TBA,NYA
CHA201806150,2018-06-15,CHA,DET,0,0,3.28,4.15,1e-06,380.91207013286544,CHA,DET
CLE201806150,2018-06-15,CLE,MIN,0,1,2.89,3.62,494.38381964269325,145.52553501827433,CHA,DET
KCA201806150,2018-06-15,KCA,HOU,0,0,,3.13,1e-06,2406.427657157802,KCA,OAK
ARI201806160,2018-06-16,ARI,NYN,0,0,3.15,3.97,1e-06,1e-06,ARI,ARI
MIL201806160,2018-06-16,MIL,PHI,1,0,4.09,4.36,1e-06,1e-06,MIL,MIL
ATL201806160,2018-06-16,ATL,SDN,0,0,3.9,4.11,1e-06,1e-06,ATL,ATL
SEA201806160,2018-06-16,SEA,BOS,0,0,3.72,2.68,1e-06,1e-06,SEA,SEA
NYA201806160,2018-06-16,NYA,TBA,0,0,3.39,3.91,1e-06,1e-06,NYA,NYA
SLN201806160,2018-06-16,SLN,CHN,2,0,3.41,3.44,1e-06,1e-06,SLN,SLN
KCA201806160,2018-06-16,KCA,HOU,0,2,4.88,3.74,1e-06,1e-06,KCA,KCA
OAK201806160,2018-06-16,OAK,ANA,0,0,3.59,4.54,1e-06,1e-06,OAK,OAK
TOR201806160,2018-06-16,TOR,WAS,0,0,5.64,2.53,1e-06,1e-06,TOR,TOR
TEX201806160,2018-06-16,TEX,COL,0,0,1.56,4.63,1e-06,1e-06,TEX,TEX
BAL201806160,2018-06-16,BAL,MIA,0,1,4.9,4.79,1e-06,1e-06,BAL,BAL
LAN201806160,2018-06-16,LAN,SFN,0,0,3.68,3.26,1e-06,1e-06,LAN,LAN
CHA201806160,2018-06-16,CHA,DET,0,0,4.38,4.15,1e-06,1e-06,CHA,CHA
PIT201806160,2018-06-16,PIT,CIN,1,0,4.19,4.3,1e-06,1e-06,PIT,PIT
CLE201806160,2018-06-16,CLE,MIN,2,4,3.38,3.81,1e-06,1e-06,CLE,CLE
ATL201806170,2018-06-17,ATL,SDN,0,0,3.94,3.29,1e-06,1e-06,ATL,ATL
KCA201806170,2018-06-17,KCA,HOU,2,2,7.76,1.86,1e-06,1e-06,KCA,KCA
CLE201806170,2018-06-17,CLE,MIN,0,1,4.55,4.49,1e-06,1e-06,CLE,CLE
BAL201806170,2018-06-17,BAL,MIA,0,0,5.45,4.42,1e-06,1e-06,BAL,BAL
TOR201806170,2018-06-17,TOR,WAS,0,0,3.62,5.47,1e-06,1e-06,TOR,TOR
MIL201806170,2018-06-17,MIL,PHI,1,2,3.93,3.8,1e-06,1e-06,MIL,MIL
ARI201806170,2018-06-17,ARI,NYN,0,1,4.39,3.13,1e-06,1e-06,ARI,ARI
TEX201806170,2018-06-17,TEX,COL,0,1,2.55,4.13,1e-06,1e-06,TEX,TEX
LAN201806170,2018-06-17,LAN,SFN,1,2,3.49,5.09,1e-06,1e-06,LAN,LAN
CHA201806170,2018-06-17,CHA,DET,0,2,4.53,3.56,1e-06,1e-06,CHA,CHA
OAK201806170,2018-06-17,OAK,ANA,0,0,0.78,9.0,1e-06,1e-06,OAK,OAK
SLN201806170,2018-06-17,SLN,CHN,0,0,3.2,4.03,1e-06,1e-06,SLN,SLN
SEA201806170,2018-06-17,SEA,BOS,0,0,4.36,3.82,1e-06,1e-06,SEA,SEA
NYA201806170,2018-06-17,NYA,TBA,0,0,3.65,3.58,1e-06,1e-06,NYA,NYA
PIT201806170,2018-06-17,PIT,CIN,0,0,4.06,4.93,1e-06,1e-06,PIT,PIT
SFN201806180,2018-06-18,SFN,MIA,0,0,3.97,5.43,559.4406195325591,3944.2464327611815,LAN,BAL
KCA201806180,2018-06-18,KCA,TEX,0,1,4.66,5.78,1e-06,738.3603208647532,KCA,TEX
WAS201806180,2018-06-18,WAS,NYA,0,1,5.54,4.9,563.6478111844908,326.3648041771951,TOR,NYA
CLE201806180,2018-06-18,CLE,CHA,0,0,2.21,5.18,1e-06,494.38381964269325,CLE,CHA
PHI201806180,2018-06-18,PHI,SLN,4,0,4.96,6.26,1117.7982780855818,1300.6291865836333,MIL,SLN
HOU201806180,2018-06-18,HOU,TBA,0,2,1.99,4.14,1040.8267966673652,2282.180747677387,KCA,NYA
ANA201806180,2018-06-18,ANA,ARI,0,2,3.41,3.21,592.0809005913671,540.0297061463508,OAK,ARI
PIT201806180,2018-06-18,PIT,MIL,0,0,3.11,3.5,1e-06,722.0054120555708,PIT,MIL
COL201806180,2018-06-18,COL,NYN,0,1,4.55,1.7,1052.7635822212699,942.6579354569091,TEX,ARI
PIT201806190,2018-06-19,PIT,MIL,0,2,3.2,4.25,1e-06,1e-06,PIT,PIT
ANA201806190,2018-06-19,ANA,ARI,1,1,2.71,4.15,1e-06,1e-06,ANA,ANA
SFN201806190,2018-06-19,SFN,MIA,1,0,2.81,4.12,1e-06,1e-06,SFN,SFN
CIN201806190,2018-06-19,CIN,DET,0,0,5.31,4.39,415.25842934625814,406.25273298859213,PIT,CHA
MIN201806190,2018-06-19,MIN,BOS,0,0,4.15,8.1,1013.2251113855248,2238.4089622775527,CLE,SEA
CHN201806192,2018-06-19,CHN,LAN,0,0,4.76,6.11,422.49209120404555,2804.8246802178714,SLN,LAN
KCA201806190,2018-06-19,KCA,TEX,0,0,6.02,3.78,1e-06,1e-06,KCA,KCA
NYA201806190,2018-06-19,NYA,SEA,1,1,5.57,4.0,326.3648041771951,3865.3953610333656,WAS,SEA
WAS201806190,2018-06-19,WAS,BAL,0,0,3.61,5.4,1e-06,55.02896457567408,WAS,BAL
TOR201806190,2018-06-19,TOR,ATL,0,0,5.82,4.29,1e-06,1183.2911929642491,TOR,ATL
CLE201806190,2018-06-19,CLE,CHA,0,1,3.02,4.18,1e-06,1e-06,CLE,CLE
CHN201806191,2018-06-19,CHN,LAN,0,1,3.46,5.87,1e-06,1e-06,CHN,CHN
COL201806190,2018-06-19,COL,NYN,2,1,3.77,5.77,1e-06,1e-06,COL,COL
PHI201806190,2018-06-19,PHI,SLN,1,0,2.95,3.59,1e-06,1e-06,PHI,PHI
SDN201806190,2018-06-19,SDN,OAK,1,0,3.42,2.92,3037.495642889967,731.4285571970996,ATL,OAK
HOU201806190,2018-06-19,HOU,TBA,0,0,3.2,1.89,1e-06,1e-06,HOU,HOU
TOR201806200,2018-06-20,TOR,ATL,2,0,3.65,2.83,1e-06,1e-06,TOR,TOR
CLE201806200,2018-06-20,CLE,CHA,3,0,2.89,3.91,1e-06,1e-06,CLE,CLE
SDN201806200,2018-06-20,SDN,OAK,0,0,4.08,3.88,1e-06,1e-06,SDN,SDN
CHN201806200,2018-06-20,CHN,LAN,1,0,3.32,3.02,1e-06,1e-06,CHN,CHN
COL201806200,2018-06-20,COL,NYN,1,3,5.93,4.28,1e-06,1e-06,COL,COL
WAS201806200,2018-06-20,WAS,BAL,0,0,4.21,3.96,1e-06,1e-06,WAS,WAS
KCA201806200,2018-06-20,KCA,TEX,0,1,,6.2,1e-06,1e-06,KCA,KCA
MIN201806200,2018-06-20,MIN,BOS,1,0,4.77,3.58,1e-06,1e-06,MIN,MIN
NYA201806200,2018-06-20,NYA,SEA,0,0,2.45,5.29,1e-06,1e-06,NYA,NYA
SFN201806200,2018-06-20,SFN,MIA,0,0,3.57,3.98,1e-06,1e-06,SFN,SFN
CIN201806200,2018-06-20,CIN,DET,0,1,4.98,4.69,1e-06,1e-06,CIN,CIN
HOU201806200,2018-06-20,HOU,TBA,0,0,3.13,3.81,1e-06,1e-06,HOU,HOU
PHI201806200,2018-06-20,PHI,SLN,1,0,2.32,3.41,1e-06,1e-06,PHI,PHI
CIN201806210,2018-06-21,CIN,CHN,0,0,4.94,3.44,1e-06,406.25273298859213,CIN,CHN
MIN201806210,2018-06-21,MIN,BOS,0,0,3.62,4.28,1e-06,1e-06,MIN,MIN
PIT201806210,2018-06-21,PIT,ARI,0,3,4.55,4.74,1e-06,3412.626180224414,PIT,ANA
NYA201806210,2018-06-21,NYA,SEA,4,0,3.39,3.76,1e-06,1e-06,NYA,NYA
SFN201806210,2018-06-21,SFN,SDN,0,0,3.26,4.15,1e-06,738.1265117326025,SFN,SDN
ANA201806210,2018-06-21,ANA,TOR,2,0,4.54,5.27,1e-06,3477.996626466436,ANA,TOR
WAS201806210,2018-06-21,WAS,BAL,0,0,2.44,3.99,1e-06,1e-06,WAS,WAS
MIL201806210,2018-06-21,MIL,SLN,2,1,4.44,3.11,722.0054120555708,1117.7982780855818,PIT,PHI
COL201806210,2018-06-21,COL,NYN,3,1,2.85,3.97,1e-06,1e-06,COL,COL
MIL201806220,2018-06-22,MIL,SLN,0,0,3.58,3.59,1e-06,1e-06,MIL,MIL
CHA201806221,2018-06-22,CHA,OAK,0,0,4.53,3.59,494.38381964269325,2787.070270174863,CLE,SDN
CHA201806222,2018-06-22,CHA,OAK,0,1,6.13,3.02,1e-06,1e-06,CHA,CHA
CIN201806220,2018-06-22,CIN,CHN,0,0,4.3,4.03,1e-06,1e-06,CIN,CIN
PIT201806220,2018-06-22,PIT,ARI,0,0,4.27,3.1,1e-06,1e-06,PIT,PIT
NYN201806220,2018-06-22,NYN,LAN,0,0,3.31,3.68,2618.595617996944,1144.1299356702407,COL,CHN
TBA201806220,2018-06-22,TBA,NYA,0,0,3.91,3.65,1270.2138325576016,1638.0556824552712,HOU,NYA
HOU201806220,2018-06-22,HOU,KCA,0,0,4.65,10.38,1e-06,1040.8267966673652,HOU,KCA
BOS201806220,2018-06-22,BOS,SEA,5,4,3.65,6.0,1804.1923618308685,306.2037667286439,MIN,NYA
SFN201806220,2018-06-22,SFN,SDN,1,0,5.09,5.33,1e-06,1e-06,SFN,SFN
ANA201806220,2018-06-22,ANA,TOR,2,0,4.15,5.64,1e-06,1e-06,ANA,ANA
WAS201806220,2018-06-22,WAS,PHI,0,2,4.34,4.36,1e-06,197.2342958595587,WAS,PHI
CLE201806220,2018-06-22,CLE,DET,0,0,4.55,3.56,1e-06,358.1075548344512,CLE,CIN
MIN201806220,2018-06-22,MIN,TEX,0,0,4.69,4.18,1e-06,662.9211681328137,MIN,KCA
ATL201806220,2018-06-22,ATL,BAL,0,0,4.45,5.55,1183.2911929642491,874.0887985860761,TOR,WAS
COL201806220,2018-06-22,COL,MIA,0,0,5.12,4.79,1e-06,1524.5101947303656,COL,SFN
COL201806230,2018-06-23,COL,MIA,0,0,4.55,4.42,1e-06,1e-06,COL,COL
SFN201806230,2018-06-23,SFN,SDN,0,0,2.49,3.42,1e-06,1e-06,SFN,SFN
TBA201806230,2018-06-23,TBA,NYA,1,0,5.93,4.9,1e-06,1e-06,TBA,TBA
ANA201806230,2018-06-23,ANA,TOR,0,0,4.07,,1e-06,1e-06,ANA,ANA
BOS201806230,2018-06-23,BOS,SEA,0,1,3.82,4.36,1e-06,1e-06,BOS,BOS
NYN201806230,2018-06-23,NYN,LAN,0,1,1.7,3.49,1e-06,1e-06,NYN,NYN
CIN201806230,2018-06-23,CIN,CHN,2,0,4.93,5.17,1e-06,1e-06,CIN,CIN
MIL201806230,2018-06-23,MIL,SLN,2,0,1.29,2.83,1e-06,1e-06,MIL,MIL
HOU201806230,2018-06-23,HOU,KCA,0,0,1.99,10.38,1e-06,1e-06,HOU,HOU
ATL201806230,2018-06-23,ATL,BAL,1,4,3.94,5.45,1e-06,1e-06,ATL,ATL
MIN201806230,2018-06-23,MIN,TEX,2,0,4.49,6.39,1e-06,1e-06,MIN,MIN
CHA201806230,2018-06-23,CHA,OAK,5,0,3.28,2.92,1e-06,1e-06,CHA,CHA
PIT201806230,2018-06-23,PIT,ARI,0,2,4.06,3.21,1e-06,1e-06,PIT,PIT
CLE201806230,2018-06-23,CLE,DET,2,0,2.21,4.58,1e-06,1e-06,CLE,CLE
WAS201806230,2018-06-23,WAS,PHI,2,0,5.54,2.37,1e-06,1e-06,WAS,WAS
ATL201806240,2018-06-24,ATL,BAL,2,0,4.92,4.88,1e-06,1e-06,ATL,ATL
SFN201806240,2018-06-24,SFN,SDN,0,1,4.25,2.75,1e-06,1e-06,SFN,SFN
HOU201806240,2018-06-24,HOU,KCA,0,0,2.88,6.02,1e-06,1e-06,HOU,HOU
BOS201806240,2018-06-24,BOS,SEA,0,0,2.11,4.0,1e-06,1e-06,BOS,BOS
MIN201806240,2018-06-24,MIN,TEX,0,0,3.84,5.78,1e-06,1e-06,MIN,MIN
COL201806240,2018-06-24,COL,MIA,2,3,3.77,4.33,1e-06,1e-06,COL,COL
CIN201806240,2018-06-24,CIN,CHN,0,0,4.93,2.26,1e-06,1e-06,CIN,CIN
PIT201806240,2018-06-24,PIT,ARI,0,2,3.11,2.01,1e-06,1e-06,PIT,PIT
WAS201806240,2018-06-24,WAS,PHI,0,0,5.47,2.95,1e-06,1e-06,WAS,WAS
CHA201806240,2018-06-24,CHA,OAK,0,0,4.18,7.16,1e-06,1e-06,CHA,CHA
NYN201806240,2018-06-24,NYN,LAN,0,2,12.79,4.11,1e-06,1e-06,NYN,NYN
TBA201806240,2018-06-24,TBA,NYA,2,0,3.91,3.93,1e-06,1e-06,TBA,TBA
ANA201806240,2018-06-24,ANA,TOR,0,0,3.7,3.62,1e-06,1e-06,ANA,ANA
CLE201806240,2018-06-24,CLE,DET,1,0,5.28,4.39,1e-06,1e-06,CLE,CLE
MIL201806240,2018-06-24,MIL,SLN,2,1,3.5,4.95,1e-06,1e-06,MIL,MIL
KCA201806250,2018-06-25,KCA,ANA,0,0,3.08,4.02,1040.8267966673652,2158.345510444982,HOU,ANA
TBA201806250,2018-06-25,TBA,WAS,0,0,1.89,4.21,1e-06,1340.493838211085,TBA,WAS
SLN201806250,2018-06-25,SLN,CLE,0,0,3.47,3.02,526.8349145670746,790.4867119732073,MIL,CLE
MIA201806250,2018-06-25,MIA,ARI,1,1,4.12,10.69,2773.388608504832,1630.230113794326,COL,PIT
NYN201806250,2018-06-25,NYN,PIT,0,1,2.66,3.2,1e-06,505.04779123783345,NYN,PIT
TEX201806250,2018-06-25,TEX,SDN,0,0,2.39,2.73,1396.7696185124962,2363.044634840767,MIN,SFN
DET201806250,2018-06-25,DET,OAK,0,0,5.12,2.92,145.52553501827433,380.91207013286544,CLE,CHA
PHI201806250,2018-06-25,PHI,NYA,0,0,,5.11,197.2342958595587,1515.8203845337373,WAS,TBA
BAL201806250,2018-06-25,BAL,SEA,0,0,3.96,5.55,927.9028501726538,578.81170796599,ATL,BOS
LAN201806250,2018-06-25,LAN,CHN,0,0,3.81,2.25,3936.366792360479,3046.5057464053752,NYN,CIN
ATL201806250,2018-06-25,ATL,CIN,2,0,4.43,2.25,1e-06,595.1171397463928,ATL,CIN
HOU201806250,2018-06-25,HOU,TOR,1,2,2.52,3.65,1e-06,2169.9670210701,HOU,ANA
BOS201806260,2018-06-26,BOS,ANA,1,0,3.58,7.2,1e-06,2008.0645584325657,BOS,KCA
LAN201806260,2018-06-26,LAN,CHN,0,0,5.64,3.32,1e-06,1e-06,LAN,LAN
TBA201806260,2018-06-26,TBA,WAS,1,0,3.81,2.53,1e-06,1e-06,TBA,TBA
MIA201806260,2018-06-26,MIA,ARI,0,0,5.21,4.74,1e-06,1e-06,MIA,MIA
SLN201806260,2018-06-26,SLN,CLE,1,2,3.11,2.89,1e-06,1e-06,SLN,SLN
ATL201806260,2018-06-26,ATL,CIN,0,0,2.83,4.94,1e-06,1e-06,ATL,ATL
MIL201806260,2018-06-26,MIL,KCA,2,0,4.25,,1e-06,707.8851314063497,MIL,KCA
BAL201806260,2018-06-26,BAL,SEA,0,0,3.6,3.76,1e-06,1e-06,BAL,BAL
TEX201806260,2018-06-26,TEX,SDN,0,0,4.73,2.05,1e-06,1e-06,TEX,TEX
SFN201806260,2018-06-26,SFN,COL,0,0,2.59,2.43,1e-06,1524.5101947303656,SFN,COL
CHA201806260,2018-06-26,CHA,MIN,0,0,3.91,4.77,1e-06,571.0232496384983,CHA,MIN
PHI201806260,2018-06-26,PHI,NYA,0,1,3.96,3.39,1e-06,1e-06,PHI,PHI
DET201806260,2018-06-26,DET,OAK,4,0,5.12,2.75,1e-06,1e-06,DET,DET
NYN201806260,2018-06-26,NYN,PIT,2,0,6.18,4.61,1e-06,1e-06,NYN,NYN
HOU201806260,2018-06-26,HOU,TOR,0,0,3.13,3.87,1e-06,1e-06,HOU,HOU
CHA201806270,2018-06-27,CHA,MIN,0,0,4.53,3.62,1e-06,1e-06,CHA,CHA
SLN201806270,2018-06-27,SLN,CLE,0,0,3.34,4.55,1e-06,1e-06,SLN,SLN
NYN201806270,2018-06-27,NYN,PIT,0,0,3.13,,1e-06,1e-06,NYN,NYN
ATL201806270,2018-06-27,ATL,CIN,0,0,4.29,4.93,1e-06,1e-06,ATL,ATL
MIL201806270,2018-06-27,MIL,KCA,0,0,4.44,4.88,1e-06,1e-06,MIL,MIL
MIA201806270,2018-06-27,MIA,ARI,0,0,4.79,3.93,1e-06,1e-06,MIA,MIA
BAL201806270,2018-06-27,BAL,SEA,2,0,3.99,3.69,1e-06,1e-06,BAL,BAL
HOU201806270,2018-06-27,HOU,TOR,3,5,3.49,3.62,1e-06,1e-06,HOU,HOU
TEX201806270,2018-06-27,TEX,SDN,0,0,4.18,5.33,1e-06,1e-06,TEX,TEX
LAN201806270,2018-06-27,LAN,CHN,3,2,3.68,3.44,1e-06,1e-06,LAN,LAN
PHI201806270,2018-06-27,PHI,NYA,0,0,4.36,5.24,1e-06,1e-06,PHI,PHI
DET201806270,2018-06-27,DET,OAK,0,0,3.56,3.02,1e-06,1e-06,DET,DET
SFN201806270,2018-06-27,SFN,COL,0,0,2.49,4.63,1e-06,1e-06,SFN,SFN
BOS201806270,2018-06-27,BOS,ANA,0,0,3.65,2.71,1e-06,1e-06,BOS,BOS
SFN201806280,2018-06-28,SFN,COL,2,1,2.69,2.43,1e-06,1e-06,SFN,SFN
DET201806280,2018-06-28,DET,OAK,2,0,4.69,3.59,1e-06,1e-06,DET,DET
CIN201806280,2018-06-28,CIN,MIL,2,0,4.29,4.09,595.1171397463928,525.1892238126902,ATL,MIL
TBA201806280,2018-06-28,TBA,HOU,0,0,3.91,3.86,1e-06,1270.2138325576016,TBA,HOU
BOS201806280,2018-06-28,BOS,ANA,0,0,3.18,3.41,1e-06,1e-06,BOS,BOS
LAN201806280,2018-06-28,LAN,CHN,0,0,2.62,2.18,1e-06,1e-06,LAN,LAN
CHA201806280,2018-06-28,CHA,MIN,0,0,4.41,7.82,1e-06,1e-06,CHA,CHA
MIA201806280,2018-06-28,MIA,ARI,0,2,4.42,3.21,1e-06,1e-06,MIA,MIA
BAL201806280,2018-06-28,BAL,SEA,0,0,3.96,2.88,1e-06,1e-06,BAL,BAL
PHI201806280,2018-06-28,PHI,WAS,0,0,2.37,4.34,1e-06,1515.8203845337373,PHI,TBA
PHI201806290,2018-06-29,PHI,WAS,0,4,4.77,5.54,1e-06,1e-06,PHI,PHI
CIN201806290,2018-06-29,CIN,MIL,0,0,5.31,3.93,1e-06,1e-06,CIN,CIN
LAN201806290,2018-06-29,LAN,COL,0,0,3.66,4.55,1e-06,559.4406195325591,LAN,SFN
ARI201806290,2018-06-29,ARI,SFN,0,0,3.1,4.49,3182.157566983313,1050.9933942487219,MIA,SFN
MIA201806290,2018-06-29,MIA,NYN,0,0,3.44,5.85,1e-06,1756.5620451799746,MIA,NYN
BAL201806290,2018-06-29,BAL,ANA,0,1,4.88,4.18,1e-06,578.81170796599,BAL,BOS
TBA201806290,2018-06-29,TBA,HOU,0,0,5.93,2.88,1e-06,1e-06,TBA,TBA
SDN201806290,2018-06-29,SDN,PIT,0,1,4.34,4.06,1879.9176992056841,3907.304911865239,TEX,NYN
TEX201806290,2018-06-29,TEX,CHA,0,0,6.39,5.18,1e-06,1309.650558347085,TEX,CHA
CHN201806290,2018-06-29,CHN,MIN,0,0,3.99,3.84,2804.8246802178714,1e-06,LAN,CHA
SEA201806290,2018-06-29,SEA,KCA,0,0,4.0,4.66,3746.584168000963,2711.809431696189,BAL,MIL
TOR201806290,2018-06-29,TOR,DET,0,0,5.54,4.58,2094.913694918614,332.4198044988213,HOU,DET
SLN201806290,2018-06-29,SLN,ATL,0,0,2.83,3.94,1e-06,751.930362209131,SLN,ATL
OAK201806290,2018-06-29,OAK,CLE,0,0,7.16,2.21,3345.164678963249,2789.217487399641,DET,SLN
NYA201806290,2018-06-29,NYA,BOS,0,0,3.65,3.82,129.48897528262268,306.2037667286439,PHI,BOS
MIA201806300,2018-06-30,MIA,NYN,0,1,4.14,1.7,1e-06,1e-06,MIA,MIA
CHN201806300,2018-06-30,CHN,MIN,0,0,3.46,5.42,1e-06,1e-06,CHN,CHN
SDN201806300,2018-06-30,SDN,PIT,0,0,4.08,3.11,1e-06,1e-06,SDN,SDN
ARI201806300,2018-06-30,ARI,SFN,0,0,10.69,2.81,1e-06,1e-06,ARI,ARI
TEX201806300,2018-06-30,TEX,CHA,0,0,5.78,4.18,1e-06,1e-06,TEX,TEX
SEA201806300,2018-06-30,SEA,KCA,1,3,5.55,6.02,1e-06,1e-06,SEA,SEA
NYA201806300,2018-06-30,NYA,BOS,0,4,4.9,2.11,1e-06,1e-06,NYA,NYA
PHI201806300,2018-06-30,PHI,WAS,0,0,2.73,3.45,1e-06,1e-06,PHI,PHI
TBA201806300,2018-06-30,TBA,HOU,3,0,1.64,2.52,1e-06,1e-06,TBA,TBA
BAL201806300,2018-06-30,BAL,ANA,2,0,3.99,4.07,1e-06,1e-06,BAL,BAL
CIN201806300,2018-06-30,CIN,MIL,0,1,2.53,63.0,1e-06,1e-06,CIN,CIN
OAK201806300,2018-06-30,OAK,CLE,0,0,3.33,5.28,1e-06,1e-06,OAK,OAK
LAN201806300,2018-06-30,LAN,COL,0,0,3.81,3.77,1e-06,1e-06,LAN,LAN
TOR201806300,2018-06-30,TOR,DET,0,0,,4.31,1e-06,1e-06,TOR,TOR
SLN201806300,2018-06-30,SLN,ATL,0,0,4.95,2.94,1e-06,1e-06,SLN,SLN
PHI201807010,2018-07-01,PHI,WAS,0,0,4.77,3.61,1e-06,1e-06,PHI,PHI
TEX201807010,2018-07-01,TEX,CHA,0,1,3.78,3.91,1e-06,1e-06,TEX,TEX
BAL201807010,2018-07-01,BAL,ANA,0,1,3.92,6.16,1e-06,1e-06,BAL,BAL
ARI201807010,2018-07-01,ARI,SFN,0,0,4.74,3.77,1e-06,1e-06,ARI,ARI
OAK201807010,2018-07-01,OAK,CLE,0,1,3.88,3.02,1e-06,1e-06,OAK,OAK
CHN201807010,2018-07-01,CHN,MIN,0,0,3.32,4.77,1e-06,1e-06,CHN,CHN
TBA201807010,2018-07-01,TBA,HOU,0,0,1.89,3.13,1e-06,1e-06,TBA,TBA
NYA201807010,2018-07-01,NYA,BOS,4,0,3.39,3.58,1e-06,1e-06,NYA,NYA
CIN201807010,2018-07-01,CIN,MIL,3,0,4.94,4.25,1e-06,1e-06,CIN,CIN
TOR201807010,2018-07-01,TOR,DET,1,0,3.65,4.52,1e-06,1e-06,TOR,TOR
SLN201807010,2018-07-01,SLN,ATL,0,0,3.47,2.85,1e-06,1e-06,SLN,SLN
SEA201807010,2018-07-01,SEA,KCA,0,0,3.76,3.08,1e-06,1e-06,SEA,SEA
LAN201807010,2018-07-01,LAN,COL,1,0,4.11,2.43,1e-06,1e-06,LAN,LAN
SDN201807010,2018-07-01,SDN,PIT,0,0,4.15,2.39,1e-06,1e-06,SDN,SDN
MIA201807010,2018-07-01,MIA,NYN,0,0,4.12,3.97,1e-06,1e-06,MIA,MIA
MIA201807020,2018-07-02,MIA,TBA,0,0,4.33,2.98,1e-06,319.9354673545946,MIA,TBA
COL201807020,2018-07-02,COL,SFN,0,1,2.85,3.26,1336.5596902131042,942.6579354569091,LAN,ARI
CIN201807020,2018-07-02,CIN,CHA,1,0,2.25,6.27,1e-06,1327.4667402221744,CIN,TEX
TOR201807020,2018-07-02,TOR,DET,0,1,,4.31,1e-06,1e-06,TOR,TOR
NYA201807020,2018-07-02,NYA,ATL,1,0,3.23,3.11,1e-06,1403.0288811452067,NYA,SLN
WAS201807020,2018-07-02,WAS,BOS,0,0,2.53,4.28,197.2342958595587,326.3648041771951,PHI,NYA
LAN201807020,2018-07-02,LAN,PIT,2,0,3.68,5.21,1e-06,179.52869961196944,LAN,SDN
ARI201807020,2018-07-02,ARI,SLN,1,4,3.93,3.11,1e-06,2043.890455711885,ARI,SLN
MIL201807020,2018-07-02,MIL,MIN,1,0,3.58,6.2,525.1892238126902,132.54357794550742,CIN,CHN
KCA201807020,2018-07-02,KCA,CLE,2,0,,2.89,2418.3539462011913,2406.427657157802,SEA,OAK
ARI201807030,2018-07-03,ARI,SLN,1,0,3.21,3.34,1e-06,1e-06,ARI,ARI
NYA201807030,2018-07-03,NYA,ATL,2,0,6.14,3.9,1e-06,1e-06,NYA,NYA
OAK201807030,2018-07-03,OAK,SDN,0,0,4.35,5.33,1e-06,731.4285571970996,OAK,SDN
PHI201807030,2018-07-03,PHI,BAL,0,0,4.36,4.9,1e-06,144.5656230575587,PHI,BAL
KCA201807030,2018-07-03,KCA,CLE,2,2,4.88,4.55,1e-06,1e-06,KCA,KCA
COL201807030,2018-07-03,COL,SFN,2,0,4.38,5.09,1e-06,1e-06,COL,COL
TEX201807030,2018-07-03,TEX,HOU,0,2,6.2,3.74,1e-06,1496.616116420437,TEX,TBA
LAN201807030,2018-07-03,LAN,PIT,2,0,2.73,4.19,1e-06,1e-06,LAN,LAN
MIA201807030,2018-07-03,MIA,TBA,0,2,5.4,1.64,1e-06,1e-06,MIA,MIA
SEA201807030,2018-07-03,SEA,ANA,3,0,3.72,4.15,1e-06,3746.584168000963,SEA,BAL
CIN201807030,2018-07-03,CIN,CHA,4,0,4.93,4.41,1e-06,1e-06,CIN,CIN
WAS201807030,2018-07-03,WAS,BOS,0,0,4.34,3.27,1e-06,1e-06,WAS,WAS
CHN201807030,2018-07-03,CHN,DET,0,2,3.46,4.93,1e-06,700.98343821047,CHN,TOR
MIL201807030,2018-07-03,MIL,MIN,0,0,4.09,4.49,1e-06,1e-06,MIL,MIL
TOR201807030,2018-07-03,TOR,NYN,0,2,5.27,6.18,1e-06,1988.7442573540513,TOR,MIA
SEA201807040,2018-07-04,SEA,ANA,0,0,4.36,3.66,1e-06,1e-06,SEA,SEA
MIA201807040,2018-07-04,MIA,TBA,0,0,4.33,5.06,1e-06,1e-06,MIA,MIA
TEX201807040,2018-07-04,TEX,HOU,0,0,4.54,1.99,1e-06,1e-06,TEX,TEX
PHI201807040,2018-07-04,PHI,BAL,0,0,2.37,5.92,1e-06,1e-06,PHI,PHI
CIN201807040,2018-07-04,CIN,CHA,0,0,5.31,5.18,1e-06,1e-06,CIN,CIN
COL201807040,2018-07-04,COL,SFN,0,0,4.55,4.49,1e-06,1e-06,COL,COL
NYA201807040,2018-07-04,NYA,ATL,0,0,3.65,3.94,1e-06,1e-06,NYA,NYA
KCA201807040,2018-07-04,KCA,CLE,0,2,7.24,2.21,1e-06,1e-06,KCA,KCA
LAN201807040,2018-07-04,LAN,PIT,1,0,3.66,6.84,1e-06,1e-06,LAN,LAN
ARI201807040,2018-07-04,ARI,SLN,0,0,2.44,2.83,1e-06,1e-06,ARI,ARI
TOR201807040,2018-07-04,TOR,NYN,0,0,5.54,2.66,1e-06,1e-06,TOR,TOR
CHN201807040,2018-07-04,CHN,DET,0,1,4.03,4.58,1e-06,1e-06,CHN,CHN
MIL201807040,2018-07-04,MIL,MIN,0,0,1.29,3.84,1e-06,1e-06,MIL,MIL
WAS201807040,2018-07-04,WAS,BOS,0,0,5.47,3.82,1e-06,1e-06,WAS,WAS
OAK201807040,2018-07-04,OAK,SDN,0,0,2.92,3.29,1e-06,1e-06,OAK,OAK
DET201807050,2018-07-05,DET,TEX,0,0,4.39,6.39,380.91207013286544,1624.6230769135182,CHN,TEX
WAS201807050,2018-07-05,WAS,MIA,0,1,2.94,4.09,1e-06,1489.628641346009,WAS,MIA
SEA201807050,2018-07-05,SEA,ANA,0,0,4.0,3.41,1e-06,1e-06,SEA,SEA
MIN201807050,2018-07-05,MIN,BAL,0,0,5.27,5.29,476.38512191307035,1582.6741426537678,MIL,PHI
ARI201807050,2018-07-05,ARI,SDN,0,1,10.69,4.34,1e-06,1040.2976618519092,ARI,OAK
MIL201807050,2018-07-05,MIL,ATL,1,2,3.5,2.94,1e-06,1181.7674036325852,MIL,NYA
SFN201807050,2018-07-05,SFN,SLN,0,4,3.23,4.95,1524.5101947303656,1050.9933942487219,COL,ARI
HOU201807050,2018-07-05,HOU,CHA,0,0,3.74,3.12,368.5990384284446,1437.2452542414687,TEX,CIN
SEA201807060,2018-07-06,SEA,COL,0,1,5.55,3.77,1e-06,1640.846947858291,SEA,COL
WAS201807060,2018-07-06,WAS,MIA,0,0,1.6,4.2,1e-06,1e-06,WAS,WAS
MIL201807060,2018-07-06,MIL,ATL,0,1,4.25,2.85,1e-06,1e-06,MIL,MIL
CLE201807060,2018-07-06,CLE,OAK,0,1,3.38,7.16,1123.5230318083022,3466.040146226439,KCA,OAK
CHN201807060,2018-07-06,CHN,CIN,0,0,3.99,4.98,1e-06,406.25273298859213,CHN,CIN
KCA201807060,2018-07-06,KCA,BOS,0,4,6.02,2.11,1e-06,1515.349923149057,KCA,WAS
DET201807060,2018-07-06,DET,TEX,0,1,4.52,5.78,1e-06,1e-06,DET,DET
HOU201807060,2018-07-06,HOU,CHA,0,0,3.86,3.91,1e-06,1e-06,HOU,HOU
PIT201807060,2018-07-06,PIT,PHI,1,0,3.11,2.32,3433.6519953355796,412.2899901216241,LAN,PHI
NYN201807060,2018-07-06,NYN,TBA,0,0,3.13,3.58,550.2922217550002,1756.5620451799746,TOR,MIA
ANA201807060,2018-07-06,ANA,LAN,0,0,3.26,3.01,1575.276973597757,40.86770847173621,SEA,LAN
TOR201807060,2018-07-06,TOR,NYA,0,0,6.0,4.9,1e-06,550.2922217550002,TOR,NYA
ARI201807060,2018-07-06,ARI,SDN,0,0,4.74,4.08,1e-06,1e-06,ARI,ARI
MIN201807060,2018-07-06,MIN,BAL,3,0,4.77,5.45,1e-06,1e-06,MIN,MIN
SFN201807060,2018-07-06,SFN,SLN,0,0,2.49,3.2,1e-06,1e-06,SFN,SFN
CHN201807070,2018-07-07,CHN,CIN,0,2,3.66,1.94,1e-06,1e-06,CHN,CHN
TOR201807070,2018-07-07,TOR,NYA,0,4,3.65,3.39,1e-06,1e-06,TOR,TOR
HOU201807070,2018-07-07,HOU,CHA,0,0,3.13,4.53,1e-06,1e-06,HOU,HOU
PIT201807070,2018-07-07,PIT,PHI,1,0,3.2,3.96,1e-06,1e-06,PIT,PIT
DET201807070,2018-07-07,DET,TEX,7,0,3.56,3.78,1e-06,1e-06,DET,DET
ARI201807070,2018-07-07,ARI,SDN,5,2,4.76,4.15,1e-06,1e-06,ARI,ARI
SEA201807070,2018-07-07,SEA,COL,0,0,3.76,2.45,1e-06,1e-06,SEA,SEA
SFN201807070,2018-07-07,SFN,SLN,0,0,6.25,3.11,1e-06,1e-06,SFN,SFN
ANA201807070,2018-07-07,ANA,LAN,0,0,2.75,3.02,1e-06,1e-06,ANA,ANA
NYN201807070,2018-07-07,NYN,TBA,0,0,3.97,1.89,1e-06,1e-06,NYN,NYN
KCA201807070,2018-07-07,KCA,BOS,0,0,6.12,4.2,1e-06,1e-06,KCA,KCA
CLE201807070,2018-07-07,CLE,OAK,1,0,6.14,0.78,1e-06,1e-06,CLE,CLE
MIL201807070,2018-07-07,MIL,ATL,0,2,10.0,2.83,1e-06,1e-06,MIL,MIL
WAS201807070,2018-07-07,WAS,MIA,0,0,2.53,4.79,1e-06,1e-06,WAS,WAS
MIN201807070,2018-07-07,MIN,BAL,0,3,3.62,3.96,1e-06,1e-06,MIN,MIN
CLE201807080,2018-07-08,CLE,OAK,0,1,4.55,4.48,1e-06,1e-06,CLE,CLE
WAS201807080,2018-07-08,WAS,MIA,0,0,4.34,4.09,1e-06,1e-06,WAS,WAS
DET201807080,2018-07-08,DET,TEX,0,1,4.69,6.2,1e-06,1e-06,DET,DET
SFN201807080,2018-07-08,SFN,SLN,0,0,3.26,3.2,1e-06,1e-06,SFN,SFN
SEA201807080,2018-07-08,SEA,COL,3,1,3.72,4.38,1e-06,1e-06,SEA,SEA
NYN201807080,2018-07-08,NYN,TBA,0,3,12.79,3.81,1e-06,1e-06,NYN,NYN
MIN201807080,2018-07-08,MIN,BAL,0,0,4.49,4.9,1e-06,1e-06,MIN,MIN
ARI201807080,2018-07-08,ARI,SDN,0,1,9.0,2.75,1e-06,1e-06,ARI,ARI
PIT201807080,2018-07-08,PIT,PHI,0,0,5.21,4.97,1e-06,1e-06,PIT,PIT
MIL201807080,2018-07-08,MIL,ATL,0,0,4.09,3.9,1e-06,1e-06,MIL,MIL
CHN201807080,2018-07-08,CHN,CIN,0,0,5.17,4.93,1e-06,1e-06,CHN,CHN
ANA201807080,2018-07-08,ANA,LAN,0,0,4.15,3.34,1e-06,1e-06,ANA,ANA
KCA201807080,2018-07-08,KCA,BOS,0,0,4.26,4.28,1e-06,1e-06,KCA,KCA
TOR201807080,2018-07-08,TOR,NYA,0,1,3.67,2.5,1e-06,1e-06,TOR,TOR
HOU201807080,2018-07-08,HOU,CHA,0,0,3.74,6.13,1e-06,1e-06,HOU,HOU
TBA201807090,2018-07-09,TBA,DET,5,0,5.26,3.56,1638.0556824552712,1620.843911772028,NYN,DET
NYN201807091,2018-07-09,NYN,PHI,1,1,6.18,2.73,1e-06,505.04779123783345,NYN,PIT
NYN201807092,2018-07-09,NYN,PHI,0,0,5.85,2.37,1e-06,1e-06,NYN,NYN
BAL201807092,2018-07-09,BAL,NYA,0,1,5.92,5.24,1508.338155320694,537.0332419152472,MIN,TOR
BAL201807091,2018-07-09,BAL,NYA,0,0,5.55,3.65,1e-06,1e-06,BAL,BAL
SDN201807090,2018-07-09,SDN,LAN,0,0,7.05,2.73,481.0116378281714,141.8121399568677,ARI,ANA
PIT201807090,2018-07-09,PIT,WAS,3,0,4.19,5.71,1e-06,305.44483751928374,PIT,WAS
BOS201807090,2018-07-09,BOS,TEX,2,0,3.82,4.18,2008.0645584325657,984.732039314543,KCA,DET
SFN201807090,2018-07-09,SFN,CHN,0,0,4.25,2.18,1e-06,2984.5094702126535,SFN,CHN
CLE201807090,2018-07-09,CLE,CIN,0,0,3.02,4.93,1e-06,494.38381964269325,CLE,CHN
MIA201807090,2018-07-09,MIA,MIL,0,0,3.91,3.58,1489.628641346009,2045.0709343750696,WAS,MIL
HOU201807090,2018-07-09,HOU,OAK,0,0,3.46,3.88,1e-06,1793.7234420980124,HOU,CLE
MIN201807090,2018-07-09,MIN,KCA,0,0,3.84,4.53,1e-06,662.9211681328137,MIN,KCA
SFN201807100,2018-07-10,SFN,CHN,0,0,3.57,4.03,1e-06,1e-06,SFN,SFN
COL201807100,2018-07-10,COL,ARI,0,1,6.49,4.76,1640.846947858291,942.6579354569091,SEA,ARI
CHA201807100,2018-07-10,CHA,SLN,0,0,5.18,2.83,1516.5648050119732,2984.5094702126535,HOU,SFN
NYN201807100,2018-07-10,NYN,PHI,0,0,5.25,4.74,1e-06,1e-06,NYN,NYN
ATL201807100,2018-07-10,ATL,TOR,0,0,3.23,5.54,1079.4745171093869,1183.2911929642491,MIL,TOR
SDN201807100,2018-07-10,SDN,LAN,0,0,4.34,3.66,1e-06,1e-06,SDN,SDN
BAL201807100,2018-07-10,BAL,NYA,0,0,,2.7,1e-06,1e-06,BAL,BAL
PIT201807100,2018-07-10,PIT,WAS,0,0,4.06,3.45,1e-06,1e-06,PIT,PIT
HOU201807100,2018-07-10,HOU,OAK,1,0,1.99,0.78,1e-06,1e-06,HOU,HOU
MIN201807100,2018-07-10,MIN,KCA,1,1,5.27,4.04,1e-06,1e-06,MIN,MIN
ANA201807100,2018-07-10,ANA,SEA,1,3,4.54,4.36,1e-06,1575.276973597757,ANA,SEA
CLE201807100,2018-07-10,CLE,CIN,2,0,4.7,5.79,1e-06,1e-06,CLE,CLE
TBA201807100,2018-07-10,TBA,DET,0,0,2.39,4.39,1e-06,1e-06,TBA,TBA
MIA201807100,2018-07-10,MIA,MIL,2,1,4.14,3.5,1e-06,1e-06,MIA,MIA
BOS201807100,2018-07-10,BOS,TEX,0,0,3.65,6.39,1e-06,1e-06,BOS,BOS
CLE201807110,2018-07-11,CLE,CIN,2,0,3.38,4.98,1e-06,1e-06,CLE,CLE
SFN201807110,2018-07-11,SFN,CHN,4,0,2.81,4.09,1e-06,1e-06,SFN,SFN
ANA201807110,2018-07-11,ANA,SEA,0,0,3.41,4.0,1e-06,1e-06,ANA,ANA
NYN201807110,2018-07-11,NYN,PHI,0,0,4.28,7.71,1e-06,1e-06,NYN,NYN
SDN201807110,2018-07-11,SDN,LAN,1,0,4.08,3.81,1e-06,1e-06,SDN,SDN
BOS201807110,2018-07-11,BOS,TEX,0,0,2.11,5.78,1e-06,1e-06,BOS,BOS
TBA201807110,2018-07-11,TBA,DET,0,0,3.91,4.52,1e-06,1e-06,TBA,TBA
CHA201807110,2018-07-11,CHA,SLN,0,0,4.18,4.95,1e-06,1e-06,CHA,CHA
ATL201807110,2018-07-11,ATL,TOR,0,0,2.85,5.31,1e-06,1e-06,ATL,ATL
COL201807110,2018-07-11,COL,ARI,5,1,3.77,10.69,1e-06,1e-06,COL,COL
MIA201807110,2018-07-11,MIA,MIL,0,1,5.21,5.03,1e-06,1e-06,MIA,MIA
MIN201807110,2018-07-11,MIN,KCA,0,3,4.77,4.46,1e-06,1e-06,MIN,MIN
HOU201807110,2018-07-11,HOU,OAK,0,3,3.86,3.02,1e-06,1e-06,HOU,HOU
PIT201807110,2018-07-11,PIT,WAS,0,0,3.11,4.21,1e-06,1e-06,PIT,PIT
BAL201807110,2018-07-11,BAL,NYA,0,0,5.45,4.9,1e-06,1e-06,BAL,BAL
ANA201807120,2018-07-12,ANA,SEA,3,1,4.02,3.76,1e-06,1e-06,ANA,ANA
SDN201807120,2018-07-12,SDN,LAN,0,0,4.15,3.02,1e-06,1e-06,SDN,SDN
BOS201807120,2018-07-12,BOS,TOR,0,2,3.58,3.65,1e-06,1506.6278415289673,BOS,ATL
NYN201807120,2018-07-12,NYN,WAS,1,2,3.97,2.53,1e-06,505.04779123783345,NYN,PIT
CLE201807120,2018-07-12,CLE,NYA,2,0,2.89,3.23,1e-06,495.2645964012307,CLE,BAL
COL201807120,2018-07-12,COL,ARI,0,1,2.45,3.93,1e-06,1e-06,COL,COL
BAL201807120,2018-07-12,BAL,PHI,0,0,3.92,4.77,1e-06,272.81937803481173,BAL,NYN
MIN201807120,2018-07-12,MIN,TBA,0,0,3.62,1.89,1e-06,2137.431531245163,MIN,TBA
PIT201807120,2018-07-12,PIT,MIL,0,0,3.2,2.57,1e-06,1630.230113794326,PIT,MIA
HOU201807120,2018-07-12,HOU,OAK,0,0,4.18,3.0,1e-06,1e-06,HOU,HOU
LAN201807130,2018-07-13,LAN,ANA,1,0,3.49,3.8,179.52869961196944,40.86770847173621,SDN,ANA
SFN201807130,2018-07-13,SFN,OAK,0,0,3.26,3.33,1e-06,2641.7391700833814,SFN,HOU
NYN201807130,2018-07-13,NYN,WAS,3,0,3.03,4.34,1e-06,1e-06,NYN,NYN
ATL201807130,2018-07-13,ATL,ARI,1,0,4.29,4.74,1e-06,1946.7466716258368,ATL,COL
SDN201807130,2018-07-13,SDN,CHN,1,0,3.42,2.26,1e-06,738.1265117326025,SDN,SFN
MIN201807130,2018-07-13,MIN,TBA,4,0,5.42,3.81,1e-06,1e-06,MIN,MIN
PIT201807130,2018-07-13,PIT,MIL,3,0,5.21,4.09,1e-06,1e-06,PIT,PIT
BAL201807130,2018-07-13,BAL,TEX,0,0,4.9,3.78,1e-06,578.81170796599,BAL,BOS
CHA201807130,2018-07-13,CHA,KCA,3,0,4.53,3.08,1e-06,571.0232496384983,CHA,MIN
COL201807130,2018-07-13,COL,SEA,1,2,4.63,5.79,1e-06,1321.5005793187804,COL,ANA
BOS201807130,2018-07-13,BOS,TOR,1,0,4.28,4.53,1e-06,1e-06,BOS,BOS
HOU201807130,2018-07-13,HOU,DET,2,0,3.74,3.56,1e-06,1270.2138325576016,HOU,TBA
CLE201807130,2018-07-13,CLE,NYA,1,0,4.55,5.57,1e-06,1e-06,CLE,CLE
SLN201807130,2018-07-13,SLN,CIN,1,2,3.11,4.94,422.49209120404555,790.4867119732073,CHA,CLE
MIA201807130,2018-07-13,MIA,PHI,0,0,4.79,3.96,1e-06,1539.1317139517298,MIA,BAL
HOU201807140,2018-07-14,HOU,DET,2,0,2.88,4.69,1e-06,1e-06,HOU,HOU
SFN201807140,2018-07-14,SFN,OAK,0,0,2.59,3.0,1e-06,1e-06,SFN,SFN
SLN201807140,2018-07-14,SLN,CIN,1,0,3.59,5.79,1e-06,1e-06,SLN,SLN
LAN201807140,2018-07-14,LAN,ANA,0,1,3.01,2.71,1e-06,1e-06,LAN,LAN
BOS201807140,2018-07-14,BOS,TOR,0,0,2.74,40.5,1e-06,1e-06,BOS,BOS
NYN201807140,2018-07-14,NYN,WAS,0,0,3.31,6.57,1e-06,1e-06,NYN,NYN
SDN201807140,2018-07-14,SDN,CHN,2,0,7.05,3.44,1e-06,1e-06,SDN,SDN
COL201807140,2018-07-14,COL,SEA,0,0,5.12,3.72,1e-06,1e-06,COL,COL
BAL201807140,2018-07-14,BAL,TEX,0,0,3.59,6.22,1e-06,1e-06,BAL,BAL
MIA201807140,2018-07-14,MIA,PHI,2,0,4.42,2.37,1e-06,1e-06,MIA,MIA
ATL201807140,2018-07-14,ATL,ARI,0,1,3.9,3.21,1e-06,1e-06,ATL,ATL
MIN201807140,2018-07-14,MIN,TBA,0,0,4.15,5.64,1e-06,1e-06,MIN,MIN
CHA201807140,2018-07-14,CHA,KCA,0,2,3.91,4.88,1e-06,1e-06,CHA,CHA
PIT201807141,2018-07-14,PIT,MIL,2,0,2.47,3.93,1e-06,1e-06,PIT,PIT
PIT201807142,2018-07-14,PIT,MIL,0,0,6.84,4.44,1e-06,1e-06,PIT,PIT
CLE201807140,2018-07-14,CLE,NYA,1,3,3.02,3.23,1e-06,1e-06,CLE,CLE
SLN201807150,2018-07-15,SLN,CIN,1,0,3.47,4.93,1e-06,1e-06,SLN,SLN
HOU201807150,2018-07-15,HOU,DET,0,0,2.52,4.63,1e-06,1e-06,HOU,HOU
ATL201807150,2018-07-15,ATL,ARI,0,0,3.94,3.15,1e-06,1e-06,ATL,ATL
BOS201807150,2018-07-15,BOS,TOR,2,0,3.27,5.54,1e-06,1e-06,BOS,BOS
LAN201807150,2018-07-15,LAN,ANA,0,0,3.81,2.75,1e-06,1e-06,LAN,LAN
SDN201807150,2018-07-15,SDN,CHN,0,3,4.34,3.32,1e-06,1e-06,SDN,SDN
NYN201807150,2018-07-15,NYN,WAS,0,0,6.15,3.45,1e-06,1e-06,NYN,NYN
CLE201807150,2018-07-15,CLE,NYA,0,0,3.38,2.5,1e-06,1e-06,CLE,CLE
SFN201807150,2018-07-15,SFN,OAK,0,0,4.49,3.59,1e-06,1e-06,SFN,SFN
MIA201807150,2018-07-15,MIA,PHI,0,0,5.21,2.32,1e-06,1e-06,MIA,MIA
COL201807150,2018-07-15,COL,SEA,0,2,2.45,3.99,1e-06,1e-06,COL,COL
PIT201807150,2018-07-15,PIT,MIL,0,0,6.35,3.22,1e-06,1e-06,PIT,PIT
MIN201807150,2018-07-15,MIN,TBA,0,0,7.82,5.26,1e-06,1e-06,MIN,MIN
BAL201807150,2018-07-15,BAL,TEX,1,4,5.4,4.18,1e-06,1e-06,BAL,BAL
CHA201807150,2018-07-15,CHA,KCA,2,0,6.13,6.92,1e-06,1e-06,CHA,CHA
CHN201807190,2018-07-19,CHN,SLN,0,1,7.65,3.11,2787.070270174863,422.49209120404555,SDN,SLN
PHI201807200,2018-07-20,PHI,SDN,1,4,4.15,5.33,1644.1190984600378,3810.8466979584146,MIA,SDN
SEA201807200,2018-07-20,SEA,CHA,1,1,3.72,4.53,1640.846947858291,2788.668911659839,COL,CHA
ARI201807200,2018-07-20,ARI,COL,3,2,3.64,2.45,2556.4851145812468,942.6579354569091,ATL,COL
TOR201807200,2018-07-20,TOR,BAL,0,0,5.27,3.35,691.6136251477402,537.0332419152472,BOS,BAL
DET201807200,2018-07-20,DET,BOS,0,1,4.39,3.58,1780.0976623230767,984.732039314543,HOU,BOS
KCA201807200,2018-07-20,KCA,MIN,2,0,4.88,3.62,663.9206411727051,662.9211681328137,CHA,MIN
WAS201807200,2018-07-20,WAS,ATL,0,2,3.74,2.83,326.3648041771951,874.0887985860761,NYN,ATL
TEX201807200,2018-07-20,TEX,CLE,1,0,6.79,6.2,1968.7690954443951,1666.9381007624936,BAL,CLE
NYA201807200,2018-07-20,NYA,NYN,0,3,5.57,3.03,649.8727601989037,1e-06,CLE,NYN
OAK201807200,2018-07-20,OAK,SFN,0,0,3.33,2.81,13.027453191410114,13.027453191410114,SFN,SFN
CHN201807200,2018-07-20,CHN,SLN,0,1,3.32,3.34,1e-06,1e-06,CHN,CHN
CIN201807200,2018-07-20,CIN,PIT,0,0,4.98,3.2,494.9532553693752,415.25842934625814,SLN,PIT
ANA201807200,2018-07-20,ANA,HOU,0,1,4.02,3.74,40.86770847173621,2169.9670210701,LAN,HOU
TBA201807200,2018-07-20,TBA,MIA,1,0,3.18,4.12,2137.431531245163,319.9354673545946,MIN,MIA
MIL201807200,2018-07-20,MIL,LAN,0,0,4.25,3.66,722.0054120555708,2799.844413597458,PIT,LAN
ARI201807210,2018-07-21,ARI,COL,0,0,2.44,2.45,1e-06,1e-06,ARI,ARI
TEX201807210,2018-07-21,TEX,CLE,0,0,5.78,3.38,1e-06,1e-06,TEX,TEX
TOR201807210,2018-07-21,TOR,BAL,0,1,5.54,4.9,1e-06,1e-06,TOR,TOR
TBA201807210,2018-07-21,TBA,MIA,0,0,3.91,4.14,1e-06,1e-06,TBA,TBA
DET201807210,2018-07-21,DET,BOS,0,0,3.56,4.17,1e-06,1e-06,DET,DET
CHN201807212,2018-07-21,CHN,SLN,0,1,3.46,3.41,1e-06,1e-06,CHN,CHN
SEA201807210,2018-07-21,SEA,CHA,0,0,5.55,5.18,1e-06,1e-06,SEA,SEA
NYA201807210,2018-07-21,NYA,NYN,0,0,4.9,3.97,1e-06,1e-06,NYA,NYA
CIN201807210,2018-07-21,CIN,PIT,0,0,4.93,5.21,1e-06,1e-06,CIN,CIN
ANA201807210,2018-07-21,ANA,HOU,0,0,4.74,2.52,1e-06,1e-06,ANA,ANA
CHN201807211,2018-07-21,CHN,SLN,1,0,5.3,4.95,1e-06,1e-06,CHN,CHN
KCA201807210,2018-07-21,KCA,MIN,2,1,4.04,4.77,1e-06,1e-06,KCA,KCA
MIL201807210,2018-07-21,MIL,LAN,0,2,2.61,2.73,1e-06,1e-06,MIL,MIL
OAK201807210,2018-07-21,OAK,SFN,0,0,3.0,2.55,1e-06,1e-06,OAK,OAK
TEX201807220,2018-07-22,TEX,CLE,0,0,6.39,3.02,1e-06,1e-06,TEX,TEX
TOR201807220,2018-07-22,TOR,BAL,0,0,5.27,5.4,1e-06,1e-06,TOR,TOR
DET201807220,2018-07-22,DET,BOS,0,0,3.56,2.11,1e-06,1e-06,DET,DET
ARI201807220,2018-07-22,ARI,COL,1,0,3.21,4.38,1e-06,1e-06,ARI,ARI
CHN201807220,2018-07-22,CHN,SLN,0,1,4.03,4.7,1e-06,1e-06,CHN,CHN
KCA201807220,2018-07-22,KCA,MIN,0,0,3.08,4.15,1e-06,1e-06,KCA,KCA
OAK201807220,2018-07-22,OAK,SFN,2,0,3.13,4.25,1e-06,1e-06,OAK,OAK
ANA201807220,2018-07-22,ANA,HOU,0,0,4.15,3.86,1e-06,1e-06,ANA,ANA
PHI201807221,2018-07-22,PHI,SDN,1,3,4.77,4.15,1e-06,1e-06,PHI,PHI
SEA201807220,2018-07-22,SEA,CHA,5,0,4.0,3.91,1e-06,1e-06,SEA,SEA
MIL201807220,2018-07-22,MIL,LAN,2,0,4.44,3.68,1e-06,1e-06,MIL,MIL
PHI201807222,2018-07-22,PHI,SDN,0,0,,7.05,1e-06,1e-06,PHI,PHI
TBA201807220,2018-07-22,TBA,MIA,0,0,3.93,4.2,1e-06,1e-06,TBA,TBA
WAS201807220,2018-07-22,WAS,ATL,3,0,2.53,2.85,1e-06,1e-06,WAS,WAS
CIN201807220,2018-07-22,CIN,PIT,0,2,4.94,4.19,1e-06,1e-06,CIN,CIN
NYN201807230,2018-07-23,NYN,SDN,0,0,1.7,4.08,1e-06,129.48897528262268,NYA,PHI
TOR201807230,2018-07-23,TOR,MIN,0,1,7.2,2.01,1e-06,1362.7751953099457,TOR,KCA
CLE201807230,2018-07-23,CLE,PIT,0,0,2.89,3.11,1666.9381007624936,358.1075548344512,TEX,CIN
MIA201807230,2018-07-23,MIA,ATL,0,2,3.98,3.9,319.9354673545946,1489.628641346009,TBA,WAS
TEX201807230,2018-07-23,TEX,OAK,0,0,3.78,4.48,1e-06,2350.5503898425545,TEX,OAK
CHN201807230,2018-07-23,CHN,ARI,0,5,5.17,3.15,1e-06,2336.6124175782998,CHN,ARI
TBA201807230,2018-07-23,TBA,NYA,1,0,5.26,3.39,1e-06,1638.0556824552712,TBA,NYA
CIN201807230,2018-07-23,CIN,SLN,0,0,1.94,3.59,1e-06,406.25273298859213,CIN,CHN
MIL201807230,2018-07-23,MIL,WAS,0,0,3.5,4.21,1e-06,1025.9779093655507,MIL,WAS
KCA201807230,2018-07-23,KCA,DET,2,0,7.76,3.36,1e-06,1034.95696626315,KCA,DET
BAL201807230,2018-07-23,BAL,BOS,0,0,3.92,4.28,537.0332419152472,638.3359432178316,TOR,DET
ANA201807230,2018-07-23,ANA,CHA,0,1,3.41,6.13,1e-06,1575.276973597757,ANA,SEA
PHI201807230,2018-07-23,PHI,LAN,0,2,2.95,3.68,1e-06,1117.7982780855818,PHI,MIL
CIN201807240,2018-07-24,CIN,SLN,0,0,4.29,3.41,1e-06,1e-06,CIN,CIN
SEA201807240,2018-07-24,SEA,SFN,0,0,1.96,2.59,1e-06,1089.6592015072615,SEA,OAK
MIL201807240,2018-07-24,MIL,WAS,0,1,3.22,2.87,1e-06,1e-06,MIL,MIL
NYN201807240,2018-07-24,NYN,SDN,3,0,3.31,4.34,1e-06,1e-06,NYN,NYN
TBA201807240,2018-07-24,TBA,NYA,0,1,3.51,3.75,1e-06,1e-06,TBA,TBA
CLE201807240,2018-07-24,CLE,PIT,1,2,4.55,4.06,1e-06,1e-06,CLE,CLE
TOR201807240,2018-07-24,TOR,MIN,0,0,3.87,3.84,1e-06,1e-06,TOR,TOR
BAL201807240,2018-07-24,BAL,BOS,0,1,5.92,6.08,1e-06,1e-06,BAL,BAL
COL201807240,2018-07-24,COL,HOU,0,2,4.13,3.2,942.6579354569091,1321.5005793187804,ARI,ANA
KCA201807240,2018-07-24,KCA,DET,2,0,6.92,4.52,1e-06,1e-06,KCA,KCA
TEX201807240,2018-07-24,TEX,OAK,2,0,6.2,3.13,1e-06,1e-06,TEX,TEX
MIA201807240,2018-07-24,MIA,ATL,2,0,4.79,3.94,1e-06,1e-06,MIA,MIA
CHN201807240,2018-07-24,CHN,ARI,0,0,3.44,2.01,1e-06,1e-06,CHN,CHN
ANA201807240,2018-07-24,ANA,CHA,0,0,4.18,4.18,1e-06,1e-06,ANA,ANA
PHI201807240,2018-07-24,PHI,LAN,0,1,,81.0,1e-06,1e-06,PHI,PHI
CLE201807250,2018-07-25,CLE,PIT,0,0,2.21,3.2,1e-06,1e-06,CLE,CLE
COL201807250,2018-07-25,COL,HOU,0,0,4.13,1.99,1e-06,1e-06,COL,COL
MIL201807250,2018-07-25,MIL,WAS,0,3,4.25,4.34,1e-06,1e-06,MIL,MIL
CHN201807250,2018-07-25,CHN,ARI,0,0,2.6,2.0,1e-06,1e-06,CHN,CHN
SEA201807250,2018-07-25,SEA,SFN,1,0,3.04,2.59,1e-06,1e-06,SEA,SEA
CIN201807250,2018-07-25,CIN,SLN,2,0,5.31,3.34,1e-06,1e-06,CIN,CIN
TEX201807250,2018-07-25,TEX,OAK,0,1,1.56,2.92,1e-06,1e-06,TEX,TEX
PHI201807250,2018-07-25,PHI,LAN,1,1,3.96,2.62,1e-06,1e-06,PHI,PHI
KCA201807250,2018-07-25,KCA,DET,0,0,4.88,4.39,1e-06,1e-06,KCA,KCA
TOR201807250,2018-07-25,TOR,MIN,1,0,4.53,7.86,1e-06,1e-06,TOR,TOR
NYN201807250,2018-07-25,NYN,SDN,0,0,5.85,5.33,1e-06,1e-06,NYN,NYN
TBA201807250,2018-07-25,TBA,NYA,0,0,3.18,5.24,1e-06,1e-06,TBA,TBA
ANA201807250,2018-07-25,ANA,CHA,1,0,4.02,4.53,1e-06,1e-06,ANA,ANA
BOS201807260,2018-07-26,BOS,MIN,0,0,3.65,3.62,578.81170796599,691.6136251477402,BAL,TOR
SFN201807260,2018-07-26,SFN,MIL,0,1,3.23,2.43,1092.0187760809354,2954.3733541563483,SEA,MIL
BAL201807260,2018-07-26,BAL,TBA,0,0,4.9,3.91,1e-06,1393.7772067986984,BAL,TBA
TEX201807260,2018-07-26,TEX,OAK,2,2,5.78,3.76,1e-06,1e-06,TEX,TEX
PIT201807260,2018-07-26,PIT,NYN,2,2,5.21,3.97,186.24975562107616,505.04779123783345,CLE,NYN
ANA201807260,2018-07-26,ANA,CHA,1,1,4.74,5.18,1e-06,1e-06,ANA,ANA
ATL201807260,2018-07-26,ATL,LAN,0,0,2.83,3.66,973.3591318981379,1071.2330338826835,MIA,PHI
CHN201807260,2018-07-26,CHN,ARI,0,0,5.62,4.39,1e-06,1e-06,CHN,CHN
CIN201807260,2018-07-26,CIN,PHI,2,3,3.11,5.4,1e-06,807.0437326700402,CIN,PHI
MIA201807260,2018-07-26,MIA,WAS,3,0,4.09,3.61,1e-06,2045.0709343750696,MIA,MIL
NYA201807260,2018-07-26,NYA,KCA,2,0,4.9,,1638.0556824552712,1759.8286951805926,TBA,KCA
ATL201807270,2018-07-27,ATL,LAN,0,0,2.85,2.73,1e-06,1e-06,ATL,ATL
SLN201807270,2018-07-27,SLN,CHN,0,0,4.95,3.99,494.9532553693752,422.49209120404555,CIN,CHN
CIN201807270,2018-07-27,CIN,PHI,0,0,2.53,4.77,1e-06,1e-06,CIN,CIN
COL201807270,2018-07-27,COL,OAK,0,0,2.85,3.59,1e-06,1052.7635822212699,COL,TEX
CHA201807270,2018-07-27,CHA,TOR,0,2,3.91,5.54,2786.2559450879285,700.98343821047,ANA,TOR
BAL201807270,2018-07-27,BAL,TBA,1,1,5.29,4.31,1e-06,1e-06,BAL,BAL
SFN201807270,2018-07-27,SFN,MIL,0,0,3.26,3.93,1e-06,1e-06,SFN,SFN
ANA201807270,2018-07-27,ANA,SEA,0,0,3.84,6.0,1e-06,1575.276973597757,ANA,SEA
DET201807270,2018-07-27,DET,CLE,0,0,4.31,4.7,1034.95696626315,145.52553501827433,KCA,CLE
SDN201807270,2018-07-27,SDN,ARI,0,0,7.05,3.21,3907.304911865239,2787.070270174863,NYN,CHN
HOU201807270,2018-07-27,HOU,TEX,0,0,3.74,6.39,1412.379089095518,368.5990384284446,COL,TEX
PIT201807270,2018-07-27,PIT,NYN,0,3,,6.18,1e-06,1e-06,PIT,PIT
BOS201807270,2018-07-27,BOS,MIN,0,0,5.63,7.86,1e-06,1e-06,BOS,BOS
MIA201807270,2018-07-27,MIA,WAS,0,1,4.14,2.53,1e-06,1e-06,MIA,MIA
CIN201807280,2018-07-28,CIN,PHI,0,0,5.36,3.8,1e-06,1e-06,CIN,CIN
SDN201807280,2018-07-28,SDN,ARI,0,0,4.37,3.64,1e-06,1e-06,SDN,SDN
PIT201807280,2018-07-28,PIT,NYN,0,0,3.11,1.7,1e-06,1e-06,PIT,PIT
BOS201807280,2018-07-28,BOS,MIN,1,0,4.28,4.49,1e-06,1e-06,BOS,BOS
BAL201807280,2018-07-28,BAL,TBA,0,0,3.92,2.98,1e-06,1e-06,BAL,BAL
CHA201807280,2018-07-28,CHA,TOR,0,1,3.28,3.62,1e-06,1e-06,CHA,CHA
ATL201807280,2018-07-28,ATL,LAN,0,0,2.94,3.68,1e-06,1e-06,ATL,ATL
SFN201807280,2018-07-28,SFN,MIL,0,0,3.23,3.5,1e-06,1e-06,SFN,SFN
SLN201807280,2018-07-28,SLN,CHN,6,0,2.83,4.03,1e-06,1e-06,SLN,SLN
MIA201807280,2018-07-28,MIA,WAS,0,0,5.4,2.44,1e-06,1e-06,MIA,MIA
HOU201807280,2018-07-28,HOU,TEX,0,0,2.52,5.93,1e-06,1e-06,HOU,HOU
COL201807280,2018-07-28,COL,OAK,0,1,4.38,4.48,1e-06,1e-06,COL,COL
ANA201807280,2018-07-28,ANA,SEA,1,0,3.41,5.55,1e-06,1e-06,ANA,ANA
NYA201807282,2018-07-28,NYA,KCA,2,0,2.7,4.04,1e-06,1e-06,NYA,NYA
NYA201807281,2018-07-28,NYA,KCA,0,0,3.39,3.08,1e-06,1e-06,NYA,NYA
DET201807280,2018-07-28,DET,CLE,0,0,3.56,3.02,1e-06,1e-06,DET,DET
HOU201807290,2018-07-29,HOU,TEX,0,0,3.86,4.18,1e-06,1e-06,HOU,HOU
SFN201807290,2018-07-29,SFN,MIL,0,2,4.49,4.09,1e-06,1e-06,SFN,SFN
NYA201807290,2018-07-29,NYA,KCA,2,0,3.65,6.92,1e-06,1e-06,NYA,NYA
DET201807290,2018-07-29,DET,CLE,1,1,4.52,2.89,1e-06,1e-06,DET,DET
BAL201807290,2018-07-29,BAL,TBA,3,0,5.45,3.51,1e-06,1e-06,BAL,BAL
PIT201807290,2018-07-29,PIT,NYN,0,0,4.06,3.31,1e-06,1e-06,PIT,PIT
ATL201807290,2018-07-29,ATL,LAN,2,0,3.9,3.02,1e-06,1e-06,ATL,ATL
ANA201807290,2018-07-29,ANA,SEA,0,7,4.18,4.0,1e-06,1e-06,ANA,ANA
CHA201807290,2018-07-29,CHA,TOR,0,0,4.38,7.2,1e-06,1e-06,CHA,CHA
SLN201807290,2018-07-29,SLN,CHN,2,1,3.47,3.44,1e-06,1e-06,SLN,SLN
SDN201807290,2018-07-29,SDN,ARI,0,2,4.08,2.01,1e-06,1e-06,SDN,SDN
CIN201807290,2018-07-29,CIN,PHI,0,0,4.3,4.36,1e-06,1e-06,CIN,CIN
COL201807290,2018-07-29,COL,OAK,0,0,3.77,3.88,1e-06,1e-06,COL,COL
BOS201807290,2018-07-29,BOS,MIN,0,0,3.81,3.84,1e-06,1e-06,BOS,BOS
MIA201807290,2018-07-29,MIA,WAS,0,0,3.98,3.45,1e-06,1e-06,MIA,MIA
LAN201807300,2018-07-30,LAN,MIL,0,1,3.81,2.43,3110.7650847781624,559.4406195325591,ATL,SFN
ATL201807300,2018-07-30,ATL,MIA,0,2,3.94,4.79,1e-06,973.3591318981379,ATL,MIA
SDN201807300,2018-07-30,SDN,SFN,0,0,2.05,2.55,1e-06,738.1265117326025,SDN,SFN
SLN201807300,2018-07-30,SLN,COL,0,0,2.63,6.49,1e-06,1279.0227614650469,SLN,COL
MIN201807300,2018-07-30,MIN,CLE,0,1,3.36,4.54,1804.1923618308685,872.516450655481,BOS,DET
ARI201807300,2018-07-30,ARI,TEX,1,0,5.26,5.62,481.0116378281714,1630.8590123845936,SDN,HOU
SEA201807300,2018-07-30,SEA,HOU,0,0,3.76,2.88,1575.276973597757,3039.1839825945185,ANA,HOU
OAK201807300,2018-07-30,OAK,TOR,0,0,3.33,5.64,1511.5030112237787,2971.6570204984887,COL,CHA
BOS201807300,2018-07-30,BOS,PHI,0,0,3.18,4.15,1e-06,1188.7504512902326,BOS,CIN
NYA201807310,2018-07-31,NYA,BAL,1,0,3.75,5.92,1e-06,272.81937803481173,NYA,BAL
TBA201807310,2018-07-31,TBA,ANA,0,0,3.91,4.02,1393.7772067986984,3425.3074193268753,BAL,ANA
BOS201807310,2018-07-31,BOS,PHI,0,0,6.08,3.96,1e-06,1e-06,BOS,BOS
SDN201807310,2018-07-31,SDN,SFN,1,0,4.37,2.59,1e-06,1e-06,SDN,SDN
PIT201807310,2018-07-31,PIT,CHN,0,0,3.2,3.32,1e-06,898.8824563980571,PIT,SLN
LAN201807310,2018-07-31,LAN,MIL,0,0,2.62,2.57,1e-06,1e-06,LAN,LAN
ARI201807310,2018-07-31,ARI,TEX,1,0,4.74,5.78,1e-06,1e-06,ARI,ARI
SEA201807310,2018-07-31,SEA,HOU,0,0,4.36,3.13,1e-06,1e-06,SEA,SEA
DET201807310,2018-07-31,DET,CIN,0,0,4.39,6.09,1e-06,380.0544669682655,DET,CIN
ATL201807310,2018-07-31,ATL,MIA,1,0,12.38,4.12,1e-06,1e-06,ATL,ATL
CHA201807310,2018-07-31,CHA,KCA,0,0,4.53,4.88,1e-06,1144.1299356702407,CHA,NYA
MIN201807310,2018-07-31,MIN,CLE,0,0,3.62,2.21,1e-06,1e-06,MIN,MIN
OAK201807310,2018-07-31,OAK,TOR,2,1,3.76,5.31,1e-06,1e-06,OAK,OAK
SLN201807310,2018-07-31,SLN,COL,1,0,3.34,5.12,1e-06,1e-06,SLN,SLN
WAS201807310,2018-07-31,WAS,NYN,7,0,4.34,3.97,1489.628641346009,305.44483751928374,MIA,PIT
OAK201808010,2018-08-01,OAK,TOR,0,0,3.59,5.54,1e-06,1e-06,OAK,OAK
WAS201808010,2018-08-01,WAS,NYN,1,0,,3.03,1e-06,1e-06,WAS,WAS
DET201808010,2018-08-01,DET,CIN,0,0,4.63,5.31,1e-06,1e-06,DET,DET
LAN201808010,2018-08-01,LAN,MIL,0,1,2.25,7.34,1e-06,1e-06,LAN,LAN
TBA201808010,2018-08-01,TBA,ANA,0,1,5.4,4.74,1e-06,1e-06,TBA,TBA
MIN201808010,2018-08-01,MIN,CLE,0,0,3.81,3.38,1e-06,1e-06,MIN,MIN
SEA201808010,2018-08-01,SEA,HOU,0,0,3.72,3.74,1e-06,1e-06,SEA,SEA
SLN201808010,2018-08-01,SLN,COL,0,0,4.44,2.85,1e-06,1e-06,SLN,SLN
CHA201808010,2018-08-01,CHA,KCA,1,0,5.18,,1e-06,1e-06,CHA,CHA
PIT201808010,2018-08-01,PIT,CHN,1,4,5.21,3.78,1e-06,1e-06,PIT,PIT
NYA201808010,2018-08-01,NYA,BAL,0,0,4.9,4.9,1e-06,1e-06,NYA,NYA
CHN201808020,2018-08-02,CHN,SDN,0,0,2.55,4.21,660.0502267315369,2787.070270174863,PIT,SDN
PHI201808020,2018-08-02,PHI,MIA,0,0,3.8,4.2,435.5953169043613,1071.2330338826835,BOS,ATL
BOS201808020,2018-08-02,BOS,NYA,0,3,4.17,3.14,1e-06,306.2037667286439,BOS,NYA
CHA201808020,2018-08-02,CHA,KCA,0,0,2.43,6.12,1e-06,1e-06,CHA,CHA
LAN201808020,2018-08-02,LAN,MIL,1,1,2.73,3.5,1e-06,1e-06,LAN,LAN
WAS201808020,2018-08-02,WAS,CIN,0,0,2.53,4.98,1e-06,635.8759829799529,WAS,DET
NYN201808020,2018-08-02,NYN,ATL,1,1,5.77,2.85,326.3648041771951,1200.4511584455877,WAS,ATL
SLN201808020,2018-08-02,SLN,COL,0,0,3.93,4.13,1e-06,1e-06,SLN,SLN
ARI201808020,2018-08-02,ARI,SFN,0,1,3.21,3.26,1e-06,481.0116378281714,ARI,SDN
TEX201808020,2018-08-02,TEX,BAL,3,1,6.39,5.29,1401.854927086376,2225.551415128663,ARI,NYA
SEA201808020,2018-08-02,SEA,TOR,2,0,6.0,4.32,1e-06,1089.6592015072615,SEA,OAK
TBA201808020,2018-08-02,TBA,ANA,0,0,5.51,4.15,1e-06,1e-06,TBA,TBA
BOS201808030,2018-08-03,BOS,NYA,3,0,4.28,3.39,1e-06,1e-06,BOS,BOS
TBA201808030,2018-08-03,TBA,CHA,0,0,2.39,7.11,1e-06,1636.2782802002057,TBA,CHA
LAN201808030,2018-08-03,LAN,HOU,1,0,3.68,2.52,1e-06,1545.141516309272,LAN,SEA
OAK201808030,2018-08-03,OAK,DET,0,0,4.35,4.15,1e-06,3345.164678963249,OAK,DET
MIN201808030,2018-08-03,MIN,KCA,0,0,4.71,4.04,1e-06,571.0232496384983,MIN,CHA
PIT201808030,2018-08-03,PIT,SLN,3,1,2.39,3.59,1e-06,898.8824563980571,PIT,SLN
ARI201808030,2018-08-03,ARI,SFN,5,1,3.15,5.09,1e-06,1e-06,ARI,ARI
MIL201808030,2018-08-03,MIL,COL,1,0,2.61,4.13,2799.844413597458,526.8349145670746,LAN,SLN
PHI201808030,2018-08-03,PHI,MIA,0,0,,4.42,1e-06,1e-06,PHI,PHI
TEX201808030,2018-08-03,TEX,BAL,1,0,5.93,4.88,1e-06,1e-06,TEX,TEX
CLE201808030,2018-08-03,CLE,ANA,2,2,1.39,4.07,1013.2251113855248,1529.408250521614,MIN,TBA
NYN201808030,2018-08-03,NYN,ATL,0,0,1.7,2.83,1e-06,1e-06,NYN,NYN
CHN201808030,2018-08-03,CHN,SDN,0,0,4.03,4.15,1e-06,1e-06,CHN,CHN
SEA201808030,2018-08-03,SEA,TOR,0,1,4.0,3.87,1e-06,1e-06,SEA,SEA
CLE201808040,2018-08-04,CLE,ANA,0,0,2.89,4.18,1e-06,1e-06,CLE,CLE
PHI201808040,2018-08-04,PHI,MIA,3,0,4.36,3.98,1e-06,1e-06,PHI,PHI
PIT201808040,2018-08-04,PIT,SLN,0,0,5.68,2.63,1e-06,1e-06,PIT,PIT
ARI201808040,2018-08-04,ARI,SFN,5,0,2.01,4.49,1e-06,1e-06,ARI,ARI
MIN201808040,2018-08-04,MIN,KCA,1,0,3.84,6.92,1e-06,1e-06,MIN,MIN
SEA201808040,2018-08-04,SEA,TOR,0,0,3.76,5.64,1e-06,1e-06,SEA,SEA
CHN201808040,2018-08-04,CHN,SDN,0,0,3.44,9.6,1e-06,1e-06,CHN,CHN
MIL201808040,2018-08-04,MIL,COL,6,0,4.25,4.55,1e-06,1e-06,MIL,MIL
TEX201808040,2018-08-04,TEX,BAL,0,0,4.18,5.45,1e-06,1e-06,TEX,TEX
TBA201808040,2018-08-04,TBA,CHA,0,0,3.51,2.43,1e-06,1e-06,TBA,TBA
WAS201808041,2018-08-04,WAS,CIN,0,1,4.21,4.93,1e-06,1e-06,WAS,WAS
OAK201808040,2018-08-04,OAK,DET,0,1,3.33,4.52,1e-06,1e-06,OAK,OAK
BOS201808040,2018-08-04,BOS,NYA,2,0,3.81,7.04,1e-06,1e-06,BOS,BOS
LAN201808040,2018-08-04,LAN,HOU,0,0,3.81,3.46,1e-06,1e-06,LAN,LAN
WAS201808042,2018-08-04,WAS,CIN,1,1,3.45,4.94,1e-06,1e-06,WAS,WAS
NYN201808040,2018-08-04,NYN,ATL,0,0,3.31,3.92,1e-06,1e-06,NYN,NYN
CLE201808050,2018-08-05,CLE,ANA,3,0,4.55,6.16,1e-06,1e-06,CLE,CLE
MIL201808050,2018-08-05,MIL,COL,0,0,3.58,2.45,1e-06,1e-06,MIL,MIL
SEA201808050,2018-08-05,SEA,TOR,0,0,4.15,6.0,1e-06,1e-06,SEA,SEA
PHI201808050,2018-08-05,PHI,MIA,0,0,2.59,3.9,1e-06,1e-06,PHI,PHI
ARI201808050,2018-08-05,ARI,SFN,0,0,3.64,6.17,1e-06,1e-06,ARI,ARI
PIT201808050,2018-08-05,PIT,SLN,0,0,3.11,3.34,1e-06,1e-06,PIT,PIT
WAS201808050,2018-08-05,WAS,CIN,0,0,4.34,4.3,1e-06,1e-06,WAS,WAS
TBA201808050,2018-08-05,TBA,CHA,1,0,3.18,4.41,1e-06,1e-06,TBA,TBA
TEX201808050,2018-08-05,TEX,BAL,2,1,6.75,5.4,1e-06,1e-06,TEX,TEX
BOS201808050,2018-08-05,BOS,NYA,0,0,3.65,3.14,1e-06,1e-06,BOS,BOS
NYN201808050,2018-08-05,NYN,ATL,1,0,4.22,3.23,1e-06,1e-06,NYN,NYN
CHN201808050,2018-08-05,CHN,SDN,0,1,2.6,2.73,1e-06,1e-06,CHN,CHN
MIN201808050,2018-08-05,MIN,KCA,0,2,4.71,4.88,1e-06,1e-06,MIN,MIN
OAK201808050,2018-08-05,OAK,DET,0,0,3.76,4.58,1e-06,1e-06,OAK,OAK
LAN201808050,2018-08-05,LAN,HOU,2,1,2.62,2.88,1e-06,1e-06,LAN,LAN
KCA201808060,2018-08-06,KCA,CHN,0,0,3.25,3.78,662.9211681328137,663.9206411727051,MIN,CHN
CHA201808060,2018-08-06,CHA,NYA,0,0,5.18,4.77,1636.2782802002057,1365.5064971534737,TBA,BOS
ANA201808060,2018-08-06,ANA,DET,0,1,4.74,4.39,3271.7957310678776,592.0809005913671,CLE,OAK
CLE201808060,2018-08-06,CLE,MIN,2,0,2.21,3.62,1e-06,1013.2251113855248,CLE,MIN
MIA201808060,2018-08-06,MIA,SLN,1,0,4.79,4.95,1644.1190984600378,1630.230113794326,PHI,PIT
SFN201808060,2018-08-06,SFN,HOU,0,0,2.55,2.37,1050.9933942487219,559.4406195325591,ARI,LAN
COL201808060,2018-08-06,COL,PIT,0,0,2.85,4.06,1465.0252316671194,2121.7512666569423,MIL,PIT
TEX201808060,2018-08-06,TEX,SEA,0,0,5.62,3.41,1e-06,2688.6235870338205,TEX,SEA
NYN201808060,2018-08-06,NYN,CIN,3,0,3.03,6.09,1e-06,326.3648041771951,NYN,WAS
ARI201808060,2018-08-06,ARI,PHI,0,0,2.44,4.15,1e-06,3344.1998186127516,ARI,PHI
NYN201808070,2018-08-07,NYN,CIN,0,3,5.77,5.31,1e-06,1e-06,NYN,NYN
TOR201808070,2018-08-07,TOR,BOS,0,0,4.65,2.74,3325.1452076248356,691.6136251477402,SEA,BOS
ARI201808070,2018-08-07,ARI,PHI,0,0,3.21,4.77,1e-06,1e-06,ARI,ARI
TBA201808070,2018-08-07,TBA,BAL,1,0,4.14,3.96,1e-06,1496.616116420437,TBA,TEX
CLE201808070,2018-08-07,CLE,MIN,0,0,3.38,2.01,1e-06,1e-06,CLE,CLE
OAK201808070,2018-08-07,OAK,LAN,0,1,3.59,3.66,1e-06,552.4676717810693,OAK,LAN
ANA201808070,2018-08-07,ANA,DET,6,2,4.15,20.25,1e-06,1e-06,ANA,ANA
WAS201808072,2018-08-07,WAS,ATL,1,0,2.44,3.11,1e-06,326.3648041771951,WAS,NYN
WAS201808071,2018-08-07,WAS,ATL,0,0,5.71,12.38,1e-06,1e-06,WAS,WAS
COL201808070,2018-08-07,COL,PIT,0,1,5.01,3.2,1e-06,1e-06,COL,COL
KCA201808070,2018-08-07,KCA,CHN,0,2,3.08,3.99,1e-06,1e-06,KCA,KCA
CHA201808070,2018-08-07,CHA,NYA,0,0,3.77,4.9,1e-06,1e-06,CHA,CHA
SFN201808070,2018-08-07,SFN,HOU,0,0,6.17,3.74,1e-06,1e-06,SFN,SFN
MIA201808070,2018-08-07,MIA,SLN,1,0,5.21,2.83,1e-06,1e-06,MIA,MIA
MIL201808070,2018-08-07,MIL,SDN,4,0,2.43,2.05,1e-06,132.54357794550742,MIL,CHN
TEX201808070,2018-08-07,TEX,SEA,0,0,5.78,5.55,1e-06,1e-06,TEX,TEX
WAS201808080,2018-08-08,WAS,ATL,1,0,,2.85,1e-06,1e-06,WAS,WAS
MIA201808080,2018-08-08,MIA,SLN,0,1,4.42,3.47,1e-06,1e-06,MIA,MIA
ANA201808080,2018-08-08,ANA,DET,2,0,3.41,3.56,1e-06,1e-06,ANA,ANA
TOR201808080,2018-08-08,TOR,BOS,0,0,4.32,4.17,1e-06,1e-06,TOR,TOR
TBA201808080,2018-08-08,TBA,BAL,2,2,4.14,5.55,1e-06,1e-06,TBA,TBA
CHA201808080,2018-08-08,CHA,NYA,2,0,6.13,3.39,1e-06,1e-06,CHA,CHA
OAK201808080,2018-08-08,OAK,LAN,0,0,3.13,3.34,1e-06,1e-06,OAK,OAK
ARI201808080,2018-08-08,ARI,PHI,0,0,3.15,,1e-06,1e-06,ARI,ARI
TEX201808080,2018-08-08,TEX,SEA,2,1,6.39,4.0,1e-06,1e-06,TEX,TEX
MIL201808080,2018-08-08,MIL,SDN,5,0,3.5,6.75,1e-06,1e-06,MIL,MIL
NYN201808080,2018-08-08,NYN,CIN,0,0,1.7,9.26,1e-06,1e-06,NYN,NYN
COL201808080,2018-08-08,COL,PIT,0,2,3.77,4.31,1e-06,1e-06,COL,COL
KCA201808080,2018-08-08,KCA,CHN,0,0,4.26,4.03,1e-06,1e-06,KCA,KCA
CLE201808080,2018-08-08,CLE,MIN,1,0,4.7,5.42,1e-06,1e-06,CLE,CLE
COL201808090,2018-08-09,COL,LAN,0,0,4.13,3.49,1e-06,1511.5030112237787,COL,OAK
TBA201808090,2018-08-09,TBA,BAL,0,0,3.51,9.0,1e-06,1e-06,TBA,TBA
NYA201808090,2018-08-09,NYA,TEX,2,0,3.65,5.93,1144.1299356702407,2225.551415128663,CHA,TEX
MIL201808090,2018-08-09,MIL,SDN,0,0,3.58,2.14,1e-06,1e-06,MIL,MIL
WAS201808090,2018-08-09,WAS,ATL,0,0,4.21,7.2,1e-06,1e-06,WAS,WAS
SFN201808090,2018-08-09,SFN,PIT,0,0,4.49,4.19,1e-06,1524.5101947303656,SFN,COL
CLE201808090,2018-08-09,CLE,MIN,0,0,4.24,4.5,1e-06,1e-06,CLE,CLE
TOR201808090,2018-08-09,TOR,BOS,2,2,3.87,4.28,1e-06,1e-06,TOR,TOR
HOU201808090,2018-08-09,HOU,SEA,0,3,2.52,3.76,2641.7391700833814,368.5990384284446,SFN,TEX
BAL201808100,2018-08-10,BAL,BOS,0,3,3.96,6.08,1393.7772067986984,537.0332419152472,TBA,TOR
SFN201808100,2018-08-10,SFN,PIT,3,0,3.57,6.84,1e-06,1e-06,SFN,SFN
SDN201808100,2018-08-10,SDN,PHI,0,0,7.02,4.36,2790.8560532571964,481.0116378281714,MIL,ARI
NYA201808100,2018-08-10,NYA,TEX,0,0,3.75,4.18,1e-06,1e-06,NYA,NYA
ATL201808100,2018-08-10,ATL,MIL,3,0,3.92,4.25,874.0887985860761,1079.4745171093869,WAS,MIL
MIA201808100,2018-08-10,MIA,NYN,0,0,3.98,3.31,1e-06,1756.5620451799746,MIA,NYN
HOU201808100,2018-08-10,HOU,SEA,0,0,2.88,3.14,1e-06,1e-06,HOU,HOU
KCA201808100,2018-08-10,KCA,SLN,0,0,6.92,4.44,1e-06,1997.6979082625944,KCA,MIA
CIN201808100,2018-08-10,CIN,ARI,0,0,4.93,2.01,913.3322258208743,2538.655038172322,NYN,ARI
CHN201808100,2018-08-10,CHN,WAS,0,1,2.18,6.41,663.9206411727051,956.88299544195,KCA,WAS
TOR201808100,2018-08-10,TOR,TBA,0,0,5.64,1.89,1e-06,1789.459752085548,TOR,TBA
ANA201808100,2018-08-10,ANA,OAK,0,3,3.84,2.92,1e-06,592.0809005913671,ANA,OAK
DET201808100,2018-08-10,DET,MIN,0,0,4.52,8.03,3167.1614902696224,145.52553501827433,ANA,CLE
COL201808100,2018-08-10,COL,LAN,2,1,6.49,4.76,1e-06,1e-06,COL,COL
CHA201808100,2018-08-10,CHA,CLE,0,0,4.38,4.54,1e-06,494.38381964269325,CHA,CLE
ANA201808110,2018-08-11,ANA,OAK,0,1,4.02,3.33,1e-06,1e-06,ANA,ANA
CHN201808110,2018-08-11,CHN,WAS,0,2,3.32,4.34,1e-06,1e-06,CHN,CHN
SFN201808110,2018-08-11,SFN,PIT,0,0,4.25,3.11,1e-06,1e-06,SFN,SFN
TOR201808110,2018-08-11,TOR,TBA,0,1,5.31,3.18,1e-06,1e-06,TOR,TOR
CHA201808110,2018-08-11,CHA,CLE,0,0,4.53,2.21,1e-06,1e-06,CHA,CHA
SDN201808110,2018-08-11,SDN,PHI,0,2,9.6,2.37,1e-06,1e-06,SDN,SDN
CIN201808110,2018-08-11,CIN,ARI,0,0,4.29,3.64,1e-06,1e-06,CIN,CIN
KCA201808110,2018-08-11,KCA,SLN,0,0,4.88,3.34,1e-06,1e-06,KCA,KCA
HOU201808110,2018-08-11,HOU,SEA,0,0,3.13,3.72,1e-06,1e-06,HOU,HOU
DET201808110,2018-08-11,DET,MIN,0,0,4.58,3.62,1e-06,1e-06,DET,DET
BAL201808111,2018-08-11,BAL,BOS,0,0,5.4,3.58,1e-06,1e-06,BAL,BAL
BAL201808112,2018-08-11,BAL,BOS,0,0,5.55,4.39,1e-06,1e-06,BAL,BAL
NYA201808110,2018-08-11,NYA,TEX,2,0,2.7,4.54,1e-06,1e-06,NYA,NYA
COL201808110,2018-08-11,COL,LAN,0,1,5.93,3.34,1e-06,1e-06,COL,COL
ATL201808110,2018-08-11,ATL,MIL,1,1,3.11,2.61,1e-06,1e-06,ATL,ATL
MIA201808110,2018-08-11,MIA,NYN,0,0,5.55,5.85,1e-06,1e-06,MIA,MIA
NYA201808120,2018-08-12,NYA,TEX,1,0,3.65,6.22,1e-06,1e-06,NYA,NYA
MIA201808120,2018-08-12,MIA,NYN,1,1,4.79,3.03,1e-06,1e-06,MIA,MIA
COL201808120,2018-08-12,COL,LAN,1,0,4.13,2.25,1e-06,1e-06,COL,COL
TOR201808120,2018-08-12,TOR,TBA,0,0,5.82,2.39,1e-06,1e-06,TOR,TOR
CIN201808120,2018-08-12,CIN,ARI,0,3,4.3,4.74,1e-06,1e-06,CIN,CIN
BAL201808120,2018-08-12,BAL,BOS,0,1,4.9,2.11,1e-06,1e-06,BAL,BAL
CHA201808120,2018-08-12,CHA,CLE,1,4,5.18,3.38,1e-06,1e-06,CHA,CHA
HOU201808120,2018-08-12,HOU,SEA,0,0,2.37,4.15,1e-06,1e-06,HOU,HOU
DET201808120,2018-08-12,DET,MIN,0,0,4.39,3.68,1e-06,1e-06,DET,DET
CHN201808120,2018-08-12,CHN,WAS,0,0,3.46,5.47,1e-06,1e-06,CHN,CHN
SDN201808120,2018-08-12,SDN,PHI,1,0,4.08,3.96,1e-06,1e-06,SDN,SDN
ANA201808120,2018-08-12,ANA,OAK,1,3,3.84,3.36,1e-06,1e-06,ANA,ANA
SFN201808120,2018-08-12,SFN,PIT,0,0,2.81,4.06,1e-06,1e-06,SFN,SFN
ATL201808120,2018-08-12,ATL,MIL,2,0,3.67,3.22,1e-06,1e-06,ATL,ATL
KCA201808120,2018-08-12,KCA,SLN,1,0,6.02,4.15,1e-06,1e-06,KCA,KCA
OAK201808130,2018-08-13,OAK,SEA,1,0,3.59,4.0,592.0809005913671,2629.671879056886,ANA,HOU
TEX201808130,2018-08-13,TEX,ARI,0,2,5.78,3.21,2225.551415128663,1327.4667402221744,NYA,CIN
KCA201808130,2018-08-13,KCA,TOR,0,1,3.08,5.13,1e-06,1362.7751953099457,KCA,TOR
CIN201808130,2018-08-13,CIN,CLE,0,0,6.09,3.02,1e-06,406.25273298859213,CIN,CHA
ATL201808132,2018-08-13,ATL,MIA,2,0,2.85,5.73,1e-06,973.3591318981379,ATL,MIA
SLN201808130,2018-08-13,SLN,WAS,1,0,2.63,3.31,382.8562661725535,422.49209120404555,KCA,CHN
LAN201808130,2018-08-13,LAN,SFN,0,0,3.68,6.17,1336.5596902131042,559.4406195325591,COL,SFN
SDN201808130,2018-08-13,SDN,ANA,0,0,2.73,3.8,1e-06,141.8121399568677,SDN,ANA
NYA201808130,2018-08-13,NYA,NYN,0,2,3.39,1.7,1e-06,1756.5620451799746,NYA,MIA
ATL201808131,2018-08-13,ATL,MIA,1,0,4.03,4.14,1e-06,1e-06,ATL,ATL
DET201808130,2018-08-13,DET,CHA,0,0,3.51,4.68,1e-06,380.91207013286544,DET,CHA
ATL201808140,2018-08-14,ATL,MIA,2,0,3.11,4.09,1e-06,1e-06,ATL,ATL
CIN201808140,2018-08-14,CIN,CLE,0,4,5.31,2.89,1e-06,1e-06,CIN,CIN
SDN201808140,2018-08-14,SDN,ANA,0,0,6.75,3.41,1e-06,1e-06,SDN,SDN
PHI201808140,2018-08-14,PHI,BOS,0,0,3.8,4.28,3810.8466979584146,144.5656230575587,SDN,BAL
LAN201808140,2018-08-14,LAN,SFN,0,0,3.81,2.69,1e-06,1e-06,LAN,LAN
MIN201808140,2018-08-14,MIN,PIT,0,0,4.49,3.2,872.516450655481,2544.035408277149,DET,SFN
DET201808140,2018-08-14,DET,CHA,3,3,3.56,6.13,1e-06,1e-06,DET,DET
CHN201808140,2018-08-14,CHN,MIL,0,3,4.03,3.5,1e-06,947.8182724063668,CHN,ATL
NYA201808140,2018-08-14,NYA,TBA,1,0,3.65,3.73,1e-06,550.2922217550002,NYA,TOR
SLN201808140,2018-08-14,SLN,WAS,0,0,3.47,4.21,1e-06,1e-06,SLN,SLN
HOU201808140,2018-08-14,HOU,COL,0,0,2.52,3.77,1e-06,1412.379089095518,HOU,COL
BAL201808140,2018-08-14,BAL,NYN,0,0,5.29,10.13,1e-06,272.81937803481173,BAL,NYA
OAK201808140,2018-08-14,OAK,SEA,1,1,3.56,5.55,1e-06,1e-06,OAK,OAK
KCA201808140,2018-08-14,KCA,TOR,0,0,12.05,4.53,1e-06,1e-06,KCA,KCA
TEX201808140,2018-08-14,TEX,ARI,0,1,6.39,3.15,1e-06,1e-06,TEX,TEX
SDN201808150,2018-08-15,SDN,ANA,1,1,2.14,2.71,1e-06,1e-06,SDN,SDN
MIN201808150,2018-08-15,MIN,PIT,0,0,4.71,3.26,1e-06,1e-06,MIN,MIN
BAL201808150,2018-08-15,BAL,NYN,1,2,5.45,3.31,1e-06,1e-06,BAL,BAL
HOU201808150,2018-08-15,HOU,COL,3,0,2.88,4.55,1e-06,1e-06,HOU,HOU
CHN201808150,2018-08-15,CHN,MIL,2,0,3.44,4.09,1e-06,1e-06,CHN,CHN
ATL201808150,2018-08-15,ATL,MIA,0,1,3.92,4.91,1e-06,1e-06,ATL,ATL
DET201808150,2018-08-15,DET,CHA,0,0,4.52,4.18,1e-06,1e-06,DET,DET
LAN201808150,2018-08-15,LAN,SFN,0,0,2.88,3.04,1e-06,1e-06,LAN,LAN
NYA201808150,2018-08-15,NYA,TBA,0,0,5.24,3.91,1e-06,1e-06,NYA,NYA
KCA201808150,2018-08-15,KCA,TOR,2,0,5.03,5.64,1e-06,1e-06,KCA,KCA
CIN201808150,2018-08-15,CIN,CLE,3,0,3.98,5.22,1e-06,1e-06,CIN,CIN
PHI201808150,2018-08-15,PHI,BOS,0,0,3.8,4.39,1e-06,1e-06,PHI,PHI
OAK201808150,2018-08-15,OAK,SEA,0,0,3.0,2.88,1e-06,1e-06,OAK,OAK
SLN201808150,2018-08-15,SLN,WAS,0,0,4.44,3.45,1e-06,1e-06,SLN,SLN
TEX201808160,2018-08-16,TEX,ANA,2,5,6.79,4.07,1e-06,1879.9176992056841,TEX,SDN
SLN201808160,2018-08-16,SLN,WAS,0,1,4.95,4.34,1e-06,1e-06,SLN,SLN
SDN201808160,2018-08-16,SDN,ARI,0,5,7.02,2.01,1e-06,1879.9176992056841,SDN,TEX
MIN201808160,2018-08-16,MIN,DET,3,2,3.2,4.58,1e-06,872.516450655481,MIN,DET
ATL201808160,2018-08-16,ATL,COL,0,0,3.59,,1e-06,1129.120744817785,ATL,HOU
KCA201808160,2018-08-16,KCA,TOR,0,0,4.04,5.31,1e-06,1e-06,KCA,KCA
PIT201808160,2018-08-16,PIT,CHN,0,0,4.19,3.32,1195.8388614672979,660.0502267315369,MIN,CHN
PHI201808161,2018-08-16,PHI,NYN,0,1,5.4,5.85,1e-06,144.5656230575587,PHI,BAL
NYA201808160,2018-08-16,NYA,TBA,0,2,3.75,1.89,1e-06,1e-06,NYA,NYA
PHI201808162,2018-08-16,PHI,NYN,3,2,4.36,3.97,1e-06,1e-06,PHI,PHI
CHA201808170,2018-08-17,CHA,KCA,0,0,4.53,4.53,380.91207013286544,663.9206411727051,DET,KCA
CLE201808170,2018-08-17,CLE,BAL,2,0,3.38,4.88,358.1075548344512,495.2645964012307,CIN,BAL
SDN201808170,2018-08-17,SDN,ARI,1,2,4.08,2.44,1e-06,1e-06,SDN,SDN
SLN201808170,2018-08-17,SLN,MIL,2,0,3.34,4.25,1e-06,422.49209120404555,SLN,CHN
PIT201808170,2018-08-17,PIT,CHN,0,0,3.11,3.78,1e-06,1e-06,PIT,PIT
NYA201808170,2018-08-17,NYA,TOR,2,4,2.5,6.0,1e-06,1759.8286951805926,NYA,KCA
TEX201808170,2018-08-17,TEX,ANA,0,0,6.75,6.69,1e-06,1e-06,TEX,TEX
BOS201808170,2018-08-17,BOS,TBA,2,3,4.17,3.51,435.5953169043613,306.2037667286439,PHI,NYA
WAS201808170,2018-08-17,WAS,MIA,0,0,2.53,4.12,1142.2462660488457,874.0887985860761,SLN,ATL
PHI201808170,2018-08-17,PHI,NYN,3,0,2.37,3.03,1e-06,1e-06,PHI,PHI
CIN201808170,2018-08-17,CIN,SFN,0,0,2.53,6.17,1e-06,3046.5057464053752,CIN,LAN
MIN201808170,2018-08-17,MIN,DET,0,0,3.62,4.39,1e-06,1e-06,MIN,MIN
SEA201808170,2018-08-17,SEA,LAN,0,0,3.72,2.62,1089.6592015072615,1545.141516309272,OAK,LAN
ATL201808170,2018-08-17,ATL,COL,1,0,3.9,2.85,1e-06,1e-06,ATL,ATL
OAK201808170,2018-08-17,OAK,HOU,0,0,0.78,1.86,1e-06,2629.671879056886,OAK,HOU
NYA201808180,2018-08-18,NYA,TOR,2,0,3.39,5.13,1e-06,1e-06,NYA,NYA
TEX201808180,2018-08-18,TEX,ANA,1,0,5.62,3.8,1e-06,1e-06,TEX,TEX
CIN201808180,2018-08-18,CIN,SFN,0,0,4.94,3.26,1e-06,1e-06,CIN,CIN
MIN201808180,2018-08-18,MIN,DET,1,0,7.2,7.25,1e-06,1e-06,MIN,MIN
SEA201808180,2018-08-18,SEA,LAN,4,1,3.14,3.49,1e-06,1e-06,SEA,SEA
SDN201808180,2018-08-18,SDN,ARI,0,2,2.73,3.1,1e-06,1e-06,SDN,SDN
OAK201808180,2018-08-18,OAK,HOU,2,0,3.76,3.74,1e-06,1e-06,OAK,OAK
WAS201808180,2018-08-18,WAS,MIA,0,0,3.31,3.9,1e-06,1e-06,WAS,WAS
CLE201808180,2018-08-18,CLE,BAL,0,0,5.28,4.9,1e-06,1e-06,CLE,CLE
ATL201808180,2018-08-18,ATL,COL,0,0,4.43,2.43,1e-06,1e-06,ATL,ATL
BOS201808180,2018-08-18,BOS,TBA,4,0,3.58,4.27,1e-06,1e-06,BOS,BOS
PIT201808180,2018-08-18,PIT,CHN,0,0,4.06,5.3,1e-06,1e-06,PIT,PIT
CHA201808180,2018-08-18,CHA,KCA,0,0,5.18,3.08,1e-06,1e-06,CHA,CHA
SLN201808180,2018-08-18,SLN,MIL,0,0,2.83,2.57,1e-06,1e-06,SLN,SLN
PHI201808180,2018-08-18,PHI,NYN,0,0,3.96,1.7,1e-06,1e-06,PHI,PHI
CIN201808190,2018-08-19,CIN,SFN,0,0,4.3,4.49,1e-06,1e-06,CIN,CIN
PIT201808190,2018-08-19,PIT,CHN,0,0,2.47,4.6,1e-06,1e-06,PIT,PIT
CHA201808190,2018-08-19,CHA,KCA,0,0,4.41,4.04,1e-06,1e-06,CHA,CHA
OAK201808190,2018-08-19,OAK,HOU,2,0,3.59,2.52,1e-06,1e-06,OAK,OAK
ATL201808190,2018-08-19,ATL,COL,1,0,2.83,3.77,1e-06,1e-06,ATL,ATL
TEX201808190,2018-08-19,TEX,ANA,1,0,6.79,4.54,1e-06,1e-06,TEX,TEX
BOS201808190,2018-08-19,BOS,TBA,0,0,3.18,5.51,1e-06,1e-06,BOS,BOS
NYA201808190,2018-08-19,NYA,TOR,6,1,3.65,3.87,1e-06,1e-06,NYA,NYA
WAS201808190,2018-08-19,WAS,MIA,0,0,4.21,3.98,1e-06,1e-06,WAS,WAS
SDN201808190,2018-08-19,SDN,ARI,2,0,2.14,3.64,1e-06,1e-06,SDN,SDN
CLE201808190,2018-08-19,CLE,BAL,1,0,3.02,5.92,1e-06,1e-06,CLE,CLE
MIN201808190,2018-08-19,MIN,DET,0,0,5.42,3.36,1e-06,1e-06,MIN,MIN
SLN201808190,2018-08-19,SLN,MIL,0,0,3.47,3.5,1e-06,1e-06,SLN,SLN
PHI201808190,2018-08-19,PHI,NYN,0,0,4.77,5.77,1e-06,1e-06,PHI,PHI
SEA201808190,2018-08-19,SEA,LAN,0,5,2.65,2.73,1e-06,1e-06,SEA,SEA
SEA201808200,2018-08-20,SEA,HOU,2,1,3.04,1.99,1e-06,1089.6592015072615,SEA,OAK
PIT201808200,2018-08-20,PIT,ATL,0,1,4.31,6.43,1e-06,840.3908477621023,PIT,ATL
MIN201808200,2018-08-20,MIN,CHA,0,0,6.57,6.13,1e-06,571.0232496384983,MIN,CHA
OAK201808200,2018-08-20,OAK,TEX,0,0,3.56,5.78,1e-06,2350.5503898425545,OAK,TEX
TBA201808200,2018-08-20,TBA,KCA,0,0,3.91,5.03,1926.6943817180322,1636.2782802002057,BOS,CHA
TOR201808200,2018-08-20,TOR,BAL,0,0,5.64,5.29,550.2922217550002,305.2632734150024,NYA,CLE
BOS201808200,2018-08-20,BOS,CLE,2,0,4.28,2.89,1e-06,884.5468110577992,BOS,CLE
NYN201808200,2018-08-20,NYN,SFN,1,0,4.22,7.43,129.48897528262268,913.3322258208743,PHI,CIN
MIL201808200,2018-08-20,MIL,CIN,0,0,3.93,6.09,526.8349145670746,525.1892238126902,SLN,CIN
LAN201808200,2018-08-20,LAN,SLN,0,1,3.01,6.89,1545.141516309272,2553.1974748902726,SEA,SLN
SEA201808210,2018-08-21,SEA,HOU,0,0,4.5,2.19,1e-06,1e-06,SEA,SEA
OAK201808210,2018-08-21,OAK,TEX,1,0,4.48,5.93,1e-06,1e-06,OAK,OAK
NYN201808210,2018-08-21,NYN,SFN,0,2,5.85,2.59,1e-06,1e-06,NYN,NYN
LAN201808210,2018-08-21,LAN,SLN,0,0,1.97,4.95,1e-06,1e-06,LAN,LAN
TOR201808210,2018-08-21,TOR,BAL,1,0,5.31,5.45,1e-06,1e-06,TOR,TOR
DET201808210,2018-08-21,DET,CHN,2,0,4.52,3.44,872.516450655481,331.7516309667575,MIN,PIT
BOS201808210,2018-08-21,BOS,CLE,0,0,3.81,4.55,1e-06,1e-06,BOS,BOS
MIA201808210,2018-08-21,MIA,NYA,0,0,5.55,6.14,1489.628641346009,1756.5620451799746,WAS,NYA
COL201808210,2018-08-21,COL,SDN,0,2,4.55,4.21,1946.7466716258368,1340.7925092662401,ATL,SDN
CHA201808210,2018-08-21,CHA,MIN,0,0,5.18,3.2,571.0232496384983,571.0232496384983,MIN,MIN
MIL201808210,2018-08-21,MIL,CIN,4,0,3.22,2.38,1e-06,1e-06,MIL,MIL
TBA201808210,2018-08-21,TBA,KCA,0,0,1.89,4.46,1e-06,1e-06,TBA,TBA
PIT201808210,2018-08-21,PIT,ATL,0,0,4.19,3.92,1e-06,1e-06,PIT,PIT
ARI201808210,2018-08-21,ARI,ANA,2,0,4.39,3.8,481.0116378281714,1401.854927086376,SDN,TEX
WAS201808210,2018-08-21,WAS,PHI,0,0,5.68,2.73,1e-06,197.2342958595587,WAS,PHI
COL201808220,2018-08-22,COL,SDN,1,1,5.12,7.02,1e-06,1e-06,COL,COL
ARI201808220,2018-08-22,ARI,ANA,2,0,2.01,6.69,1e-06,1e-06,ARI,ARI
LAN201808220,2018-08-22,LAN,SLN,0,0,3.01,2.63,1e-06,1e-06,LAN,LAN
TOR201808220,2018-08-22,TOR,BAL,0,0,4.19,4.88,1e-06,1e-06,TOR,TOR
MIL201808220,2018-08-22,MIL,CIN,1,0,4.25,9.26,1e-06,1e-06,MIL,MIL
NYN201808220,2018-08-22,NYN,SFN,0,0,3.03,3.04,1e-06,1e-06,NYN,NYN
PIT201808220,2018-08-22,PIT,ATL,0,1,2.39,3.94,1e-06,1e-06,PIT,PIT
CHA201808220,2018-08-22,CHA,MIN,0,2,4.18,3.62,1e-06,1e-06,CHA,CHA
WAS201808220,2018-08-22,WAS,PHI,1,3,2.87,2.95,1e-06,1e-06,WAS,WAS
MIA201808220,2018-08-22,MIA,NYA,0,0,4.91,4.77,1e-06,1e-06,MIA,MIA
TBA201808220,2018-08-22,TBA,KCA,0,0,3.51,,1e-06,1e-06,TBA,TBA
SEA201808220,2018-08-22,SEA,HOU,0,2,4.0,3.13,1e-06,1e-06,SEA,SEA
OAK201808220,2018-08-22,OAK,TEX,0,1,3.33,4.18,1e-06,1e-06,OAK,OAK
DET201808220,2018-08-22,DET,CHN,0,0,4.58,3.32,1e-06,1e-06,DET,DET
BOS201808220,2018-08-22,BOS,CLE,1,2,3.65,3.38,1e-06,1e-06,BOS,BOS
TBA201808230,2018-08-23,TBA,KCA,0,1,4.14,4.04,1e-06,1e-06,TBA,TBA
NYN201808230,2018-08-23,NYN,SFN,0,0,1.7,3.26,1e-06,1e-06,NYN,NYN
CHN201808230,2018-08-23,CHN,CIN,2,1,3.78,4.93,380.91207013286544,132.54357794550742,DET,MIL
COL201808230,2018-08-23,COL,SDN,0,0,6.09,2.14,1e-06,1e-06,COL,COL
MIN201808230,2018-08-23,MIN,OAK,0,0,7.82,3.76,571.0232496384983,2531.5923192792015,CHA,OAK
BOS201808230,2018-08-23,BOS,CLE,0,0,3.58,5.28,1e-06,1e-06,BOS,BOS
MIA201808230,2018-08-23,MIA,ATL,0,0,5.21,3.9,1e-06,1630.230113794326,MIA,PIT
WAS201808230,2018-08-23,WAS,PHI,0,0,2.53,2.37,1e-06,1e-06,WAS,WAS
DET201808230,2018-08-23,DET,CHA,0,0,4.39,4.53,1e-06,380.91207013286544,DET,CHA
ARI201808240,2018-08-24,ARI,SEA,0,0,4.74,6.5,1e-06,1793.290239503433,ARI,SEA
SFN201808240,2018-08-24,SFN,TEX,4,0,2.69,3.77,4128.529875974277,13.027453191410114,NYN,OAK
COL201808240,2018-08-24,COL,SLN,0,0,4.38,3.11,1e-06,1336.5596902131042,COL,LAN
CHN201808240,2018-08-24,CHN,CIN,0,0,2.55,2.38,1e-06,1e-06,CHN,CHN
MIA201808240,2018-08-24,MIA,ATL,0,0,4.12,2.85,1e-06,1e-06,MIA,MIA
TBA201808240,2018-08-24,TBA,BOS,0,0,5.51,3.18,1e-06,1926.6943817180322,TBA,BOS
KCA201808240,2018-08-24,KCA,CLE,3,0,3.67,4.7,1680.826511683993,2008.0645584325657,TBA,BOS
BAL201808240,2018-08-24,BAL,NYA,2,0,9.0,2.5,537.0332419152472,1539.1317139517298,TOR,MIA
NYN201808240,2018-08-24,NYN,WAS,1,0,5.77,4.21,1e-06,326.3648041771951,NYN,WAS
DET201808240,2018-08-24,DET,CHA,1,0,4.31,7.13,1e-06,1e-06,DET,DET
TOR201808240,2018-08-24,TOR,PHI,0,1,3.87,3.96,1e-06,563.6478111844908,TOR,WAS
MIL201808240,2018-08-24,MIL,PIT,4,0,4.11,6.84,1e-06,722.0054120555708,MIL,PIT
LAN201808240,2018-08-24,LAN,SDN,1,0,3.66,5.33,1e-06,1336.5596902131042,LAN,COL
MIN201808240,2018-08-24,MIN,OAK,0,0,4.49,3.59,1e-06,1e-06,MIN,MIN
ANA201808240,2018-08-24,ANA,HOU,0,0,4.15,3.74,540.0297061463508,1575.276973597757,ARI,SEA
MIA201808250,2018-08-25,MIA,ATL,0,0,4.79,2.83,1e-06,1e-06,MIA,MIA
BAL201808252,2018-08-25,BAL,NYA,0,1,5.29,4.9,1e-06,1e-06,BAL,BAL
KCA201808250,2018-08-25,KCA,CLE,0,0,4.26,2.89,1e-06,1e-06,KCA,KCA
SFN201808250,2018-08-25,SFN,TEX,4,0,4.49,6.22,1e-06,1e-06,SFN,SFN
COL201808250,2018-08-25,COL,SLN,0,0,2.43,2.63,1e-06,1e-06,COL,COL
TBA201808250,2018-08-25,TBA,BOS,0,0,2.98,4.28,1e-06,1e-06,TBA,TBA
CHN201808250,2018-08-25,CHN,CIN,0,0,4.03,4.3,1e-06,1e-06,CHN,CHN
ANA201808250,2018-08-25,ANA,HOU,0,3,3.41,2.52,1e-06,1e-06,ANA,ANA
MIN201808250,2018-08-25,MIN,OAK,0,0,6.57,3.56,1e-06,1e-06,MIN,MIN
BAL201808251,2018-08-25,BAL,NYA,0,1,5.4,3.65,1e-06,1e-06,BAL,BAL
ARI201808250,2018-08-25,ARI,SEA,1,1,4.73,3.04,1e-06,1e-06,ARI,ARI
LAN201808250,2018-08-25,LAN,SDN,3,0,3.49,2.5,1e-06,1e-06,LAN,LAN
DET201808250,2018-08-25,DET,CHA,0,1,7.25,6.13,1e-06,1e-06,DET,DET
MIL201808250,2018-08-25,MIL,PIT,0,0,3.5,3.2,1e-06,1e-06,MIL,MIL
NYN201808250,2018-08-25,NYN,WAS,0,0,3.31,4.34,1e-06,1e-06,NYN,NYN
TOR201808250,2018-08-25,TOR,PHI,0,0,6.0,2.95,1e-06,1e-06,TOR,TOR
NYN201808260,2018-08-26,NYN,WAS,0,0,3.97,5.71,1e-06,1e-06,NYN,NYN
DET201808260,2018-08-26,DET,CHA,0,0,4.52,5.02,1e-06,1e-06,DET,DET
MIN201808260,2018-08-26,MIN,OAK,0,1,3.84,2.75,1e-06,1e-06,MIN,MIN
TBA201808260,2018-08-26,TBA,BOS,2,0,1.89,3.81,1e-06,1e-06,TBA,TBA
KCA201808260,2018-08-26,KCA,CLE,1,0,5.03,4.55,1e-06,1e-06,KCA,KCA
ARI201808260,2018-08-26,ARI,SEA,0,1,3.21,4.36,1e-06,1e-06,ARI,ARI
MIA201808260,2018-08-26,MIA,ATL,0,0,4.14,3.92,1e-06,1e-06,MIA,MIA
CHN201808260,2018-08-26,CHN,CIN,3,0,3.44,6.09,1e-06,1e-06,CHN,CHN
COL201808260,2018-08-26,COL,SLN,0,6,4.55,4.44,1e-06,1e-06,COL,COL
MIL201808260,2018-08-26,MIL,PIT,0,0,3.93,4.31,1e-06,1e-06,MIL,MIL
TOR201808260,2018-08-26,TOR,PHI,0,2,5.64,,1e-06,1e-06,TOR,TOR
LAN201808260,2018-08-26,LAN,SDN,0,0,1.97,4.21,1e-06,1e-06,LAN,LAN
ANA201808260,2018-08-26,ANA,HOU,0,0,4.18,2.19,1e-06,1e-06,ANA,ANA
BAL201808260,2018-08-26,BAL,NYA,0,0,5.45,3.39,1e-06,1e-06,BAL,BAL
SFN201808260,2018-08-26,SFN,TEX,1,0,3.57,6.39,1e-06,1e-06,SFN,SFN
HOU201808270,2018-08-27,HOU,OAK,0,0,2.88,4.48,2169.9670210701,1702.4056315736932,ANA,MIN
NYA201808270,2018-08-27,NYA,CHA,0,0,3.75,4.18,272.81937803481173,773.7548030957365,BAL,DET
SFN201808270,2018-08-27,SFN,ARI,0,0,5.09,3.15,1e-06,1050.9933942487219,SFN,ARI
BAL201808270,2018-08-27,BAL,TOR,0,0,4.88,5.31,1e-06,537.0332419152472,BAL,TOR
CHN201808270,2018-08-27,CHN,NYN,1,1,2.18,4.85,1e-06,1144.1299356702407,CHN,NYN
ANA201808270,2018-08-27,ANA,COL,0,0,3.84,2.43,1e-06,1321.5005793187804,ANA,COL
PHI201808270,2018-08-27,PHI,WAS,0,1,4.36,3.74,539.7375980826044,129.48897528262268,TOR,NYN
HOU201808280,2018-08-28,HOU,OAK,0,0,2.37,3.13,1e-06,1e-06,HOU,HOU
ATL201808280,2018-08-28,ATL,TBA,0,0,3.59,3.58,973.3591318981379,688.5440708416155,MIA,TBA
TEX201808280,2018-08-28,TEX,LAN,0,0,5.93,3.49,2363.044634840767,1971.1455630393184,SFN,LAN
SLN201808280,2018-08-28,SLN,PIT,2,0,3.34,4.19,1279.0227614650469,526.8349145670746,COL,MIL
KCA201808280,2018-08-28,KCA,DET,0,0,,4.39,1e-06,1034.95696626315,KCA,DET
CIN201808280,2018-08-28,CIN,MIL,4,0,4.93,4.09,406.25273298859213,525.1892238126902,CHN,MIL
ANA201808280,2018-08-28,ANA,COL,0,2,4.54,2.85,1e-06,1e-06,ANA,ANA
SDN201808280,2018-08-28,SDN,SEA,1,0,7.02,5.55,179.52869961196944,481.0116378281714,LAN,ARI
NYA201808280,2018-08-28,NYA,CHA,0,0,2.7,5.18,1e-06,1e-06,NYA,NYA
SFN201808280,2018-08-28,SFN,ARI,0,0,2.55,3.91,1e-06,1e-06,SFN,SFN
CLE201808280,2018-08-28,CLE,MIN,0,0,3.38,3.62,1123.5230318083022,1013.2251113855248,KCA,MIN
BOS201808280,2018-08-28,BOS,MIA,0,0,2.74,3.9,1926.6943817180322,2024.1956124919243,TBA,MIA
CHN201808280,2018-08-28,CHN,NYN,0,0,2.55,6.07,1e-06,1e-06,CHN,CHN
PHI201808280,2018-08-28,PHI,WAS,0,0,2.59,3.31,1e-06,1e-06,PHI,PHI
BAL201808280,2018-08-28,BAL,TOR,1,0,8.49,4.19,1e-06,1e-06,BAL,BAL
PHI201808290,2018-08-29,PHI,WAS,0,0,2.95,5.68,1e-06,1e-06,PHI,PHI
SFN201808290,2018-08-29,SFN,ARI,0,0,2.81,4.74,1e-06,1e-06,SFN,SFN
ATL201808290,2018-08-29,ATL,TBA,3,3,3.9,5.51,1e-06,1e-06,ATL,ATL
CHN201808290,2018-08-29,CHN,NYN,0,4,4.0,5.77,1e-06,1e-06,CHN,CHN
CIN201808290,2018-08-29,CIN,MIL,1,2,2.38,1.29,1e-06,1e-06,CIN,CIN
TEX201808290,2018-08-29,TEX,LAN,0,0,4.18,3.68,1e-06,1e-06,TEX,TEX
BAL201808290,2018-08-29,BAL,TOR,0,1,3.0,5.71,1e-06,1e-06,BAL,BAL
KCA201808290,2018-08-29,KCA,DET,0,1,4.88,4.69,1e-06,1e-06,KCA,KCA
HOU201808290,2018-08-29,HOU,OAK,2,0,2.37,3.13,1e-06,1e-06,HOU,HOU
BOS201808290,2018-08-29,BOS,MIA,0,0,5.63,4.09,1e-06,1e-06,BOS,BOS
CLE201808290,2018-08-29,CLE,MIN,2,0,4.7,3.2,1e-06,1e-06,CLE,CLE
NYA201808290,2018-08-29,NYA,CHA,0,0,3.65,3.91,1e-06,1e-06,NYA,NYA
SLN201808290,2018-08-29,SLN,PIT,0,0,2.83,3.11,1e-06,1e-06,SLN,SLN
SDN201808290,2018-08-29,SDN,SEA,2,1,4.08,6.5,1e-06,1e-06,SDN,SDN
HOU201808300,2018-08-30,HOU,ANA,0,0,2.52,4.15,1e-06,2169.9670210701,HOU,ANA
CHA201808300,2018-08-30,CHA,BOS,3,0,7.13,1.6,1144.1299356702407,1365.5064971534737,NYA,BOS
SLN201808300,2018-08-30,SLN,PIT,0,0,3.47,4.06,1e-06,1e-06,SLN,SLN
ATL201808300,2018-08-30,ATL,CHN,0,0,2.85,4.6,1e-06,947.8182724063668,ATL,CHN
OAK201808300,2018-08-30,OAK,SEA,0,5,3.88,3.72,2629.671879056886,731.4285571970996,HOU,SDN
NYA201808300,2018-08-30,NYA,DET,0,1,2.7,3.36,1e-06,1759.8286951805926,NYA,KCA
CIN201808300,2018-08-30,CIN,MIL,0,0,5.79,3.12,1e-06,1e-06,CIN,CIN
SDN201808300,2018-08-30,SDN,COL,0,0,2.5,5.93,1e-06,141.8121399568677,SDN,ANA
LAN201808300,2018-08-30,LAN,ARI,0,0,3.66,3.93,1971.1455630393184,559.4406195325591,TEX,SFN
CLE201808300,2018-08-30,CLE,MIN,0,0,3.02,4.49,1e-06,1e-06,CLE,CLE
TEX201808310,2018-08-31,TEX,MIN,0,0,6.79,3.81,1e-06,1666.9381007624936,TEX,CLE
CHA201808310,2018-08-31,CHA,BOS,3,0,5.18,3.81,1e-06,1e-06,CHA,CHA
SDN201808310,2018-08-31,SDN,COL,0,0,6.75,4.38,1e-06,1e-06,SDN,SDN
ATL201808310,2018-08-31,ATL,PIT,0,0,3.59,3.2,1e-06,751.930362209131,ATL,SLN
CLE201808310,2018-08-31,CLE,TBA,0,0,2.89,4.27,1e-06,893.7492632763934,CLE,ATL
MIA201808310,2018-08-31,MIA,TOR,0,0,3.9,6.0,2024.1956124919243,1539.1317139517298,BOS,BAL
WAS201808310,2018-08-31,WAS,MIL,1,2,4.34,3.5,197.2342958595587,647.9323389925676,PHI,CIN
SFN201808310,2018-08-31,SFN,NYN,0,0,4.49,3.31,1e-06,2984.5094702126535,SFN,CHN
NYA201808310,2018-08-31,NYA,DET,0,0,,4.31,1e-06,1e-06,NYA,NYA
KCA201808310,2018-08-31,KCA,BAL,1,1,3.08,5.29,1e-06,1545.5901214265937,KCA,BAL
PHI201808310,2018-08-31,PHI,CHN,0,0,2.59,2.18,1e-06,1071.2330338826835,PHI,ATL
SLN201808310,2018-08-31,SLN,CIN,0,2,4.44,6.09,1e-06,494.9532553693752,SLN,CIN
OAK201808310,2018-08-31,OAK,SEA,5,0,3.0,4.36,1e-06,1e-06,OAK,OAK
HOU201808310,2018-08-31,HOU,ANA,0,0,2.19,3.41,1e-06,1e-06,HOU,HOU
LAN201808310,2018-08-31,LAN,ARI,0,2,2.25,3.21,1e-06,1e-06,LAN,LAN
ATL201809010,2018-09-01,ATL,PIT,0,0,3.67,3.29,1e-06,1e-06,ATL,ATL
MIA201809010,2018-09-01,MIA,TOR,1,0,4.79,5.64,1e-06,1e-06,MIA,MIA
WAS201809010,2018-09-01,WAS,MIL,0,0,4.66,3.12,1e-06,1e-06,WAS,WAS
OAK201809010,2018-09-01,OAK,SEA,0,0,4.13,3.76,1e-06,1e-06,OAK,OAK
NYA201809010,2018-09-01,NYA,DET,0,1,3.75,5.68,1e-06,1e-06,NYA,NYA
CLE201809010,2018-09-01,CLE,TBA,0,0,4.55,1.89,1e-06,1e-06,CLE,CLE
LAN201809010,2018-09-01,LAN,ARI,0,0,3.81,3.64,1e-06,1e-06,LAN,LAN
SDN201809010,2018-09-01,SDN,COL,0,0,4.21,5.12,1e-06,1e-06,SDN,SDN
PHI201809010,2018-09-01,PHI,CHN,0,2,4.36,3.44,1e-06,1e-06,PHI,PHI
KCA201809010,2018-09-01,KCA,BAL,0,0,4.73,3.99,1e-06,1e-06,KCA,KCA
SFN201809010,2018-09-01,SFN,NYN,0,0,3.97,4.85,1e-06,1e-06,SFN,SFN
HOU201809010,2018-09-01,HOU,ANA,0,0,3.74,3.8,1e-06,1e-06,HOU,HOU
SLN201809010,2018-09-01,SLN,CIN,0,0,2.73,4.3,1e-06,1e-06,SLN,SLN
CHA201809010,2018-09-01,CHA,BOS,0,0,4.18,3.82,1e-06,1e-06,CHA,CHA
TEX201809010,2018-09-01,TEX,MIN,0,1,6.39,3.84,1e-06,1e-06,TEX,TEX
SLN201809020,2018-09-02,SLN,CIN,0,2,3.59,3.11,1e-06,1e-06,SLN,SLN
ATL201809020,2018-09-02,ATL,PIT,1,1,3.67,4.61,1e-06,1e-06,ATL,ATL
OAK201809020,2018-09-02,OAK,SEA,0,1,3.33,5.55,1e-06,1e-06,OAK,OAK
CLE201809020,2018-09-02,CLE,TBA,0,0,3.38,3.91,1e-06,1e-06,CLE,CLE
KCA201809020,2018-09-02,KCA,BAL,0,1,5.03,4.88,1e-06,1e-06,KCA,KCA
SDN201809020,2018-09-02,SDN,COL,2,1,7.02,2.85,1e-06,1e-06,SDN,SDN
TEX201809020,2018-09-02,TEX,MIN,2,0,5.53,4.71,1e-06,1e-06,TEX,TEX
WAS201809020,2018-09-02,WAS,MIL,0,2,5.71,3.61,1e-06,1e-06,WAS,WAS
LAN201809020,2018-09-02,LAN,ARI,0,0,3.01,4.39,1e-06,1e-06,LAN,LAN
CHA201809020,2018-09-02,CHA,BOS,2,0,4.53,4.17,1e-06,1e-06,CHA,CHA
PHI201809020,2018-09-02,PHI,CHN,0,0,2.37,3.32,1e-06,1e-06,PHI,PHI
SFN201809020,2018-09-02,SFN,NYN,0,0,5.09,3.03,1e-06,1e-06,SFN,SFN
HOU201809020,2018-09-02,HOU,ANA,0,0,2.88,3.31,1e-06,1e-06,HOU,HOU
NYA201809020,2018-09-02,NYA,DET,2,1,4.77,4.39,1e-06,1e-06,NYA,NYA
MIA201809020,2018-09-02,MIA,TOR,0,1,6.06,5.13,1e-06,1e-06,MIA,MIA
HOU201809030,2018-09-03,HOU,MIN,1,0,3.74,3.62,1e-06,368.5990384284446,HOU,TEX
MIA201809030,2018-09-03,MIA,PHI,0,0,3.98,,1e-06,1644.1190984600378,MIA,PHI
TEX201809030,2018-09-03,TEX,ANA,0,0,4.96,2.75,1e-06,368.5990384284446,TEX,HOU
ATL201809030,2018-09-03,ATL,BOS,0,0,4.03,3.27,1e-06,947.8182724063668,ATL,CHA
TOR201809030,2018-09-03,TOR,TBA,0,1,5.54,3.51,1988.7442573540513,305.2632734150024,MIA,CLE
OAK201809030,2018-09-03,OAK,NYA,3,1,3.76,3.65,1e-06,4115.687447058069,OAK,NYA
ARI201809030,2018-09-03,ARI,SDN,1,0,4.74,5.42,574.8341159449532,481.0116378281714,LAN,SDN
SEA201809030,2018-09-03,SEA,BAL,0,0,6.5,8.49,1089.6592015072615,2418.3539462011913,OAK,KCA
LAN201809030,2018-09-03,LAN,NYN,1,0,3.81,3.54,1e-06,559.4406195325591,LAN,SFN
WAS201809030,2018-09-03,WAS,SLN,1,2,4.66,3.93,1e-06,1142.2462660488457,WAS,SLN
COL201809030,2018-09-03,COL,SFN,4,0,,2.59,1340.7925092662401,1524.5101947303656,SDN,SFN
CLE201809030,2018-09-03,CLE,KCA,0,0,5.28,,1e-06,1123.5230318083022,CLE,KCA
PIT201809030,2018-09-03,PIT,CIN,1,0,3.11,4.94,840.3908477621023,898.8824563980571,ATL,SLN
CHA201809030,2018-09-03,CHA,DET,1,0,4.38,5.12,1e-06,1144.1299356702407,CHA,NYA
MIL201809030,2018-09-03,MIL,CHN,0,1,1.29,2.18,1025.9779093655507,1117.7982780855818,WAS,PHI
LAN201809040,2018-09-04,LAN,NYN,0,0,3.66,5.77,1e-06,1e-06,LAN,LAN
HOU201809040,2018-09-04,HOU,MIN,4,0,2.52,3.2,1e-06,1e-06,HOU,HOU
WAS201809040,2018-09-04,WAS,SLN,0,0,5.59,4.15,1e-06,1e-06,WAS,WAS
TEX201809040,2018-09-04,TEX,ANA,0,1,4.18,4.15,1e-06,1e-06,TEX,TEX
MIL201809040,2018-09-04,MIL,CHN,0,0,2.57,3.99,1e-06,1e-06,MIL,MIL
ATL201809040,2018-09-04,ATL,BOS,0,0,3.9,4.28,1e-06,1e-06,ATL,ATL
CHA201809040,2018-09-04,CHA,DET,0,0,6.13,4.58,1e-06,1e-06,CHA,CHA
ARI201809040,2018-09-04,ARI,SDN,0,0,3.93,4.08,1e-06,1e-06,ARI,ARI
OAK201809040,2018-09-04,OAK,NYA,0,0,3.36,3.23,1e-06,1e-06,OAK,OAK
TOR201809040,2018-09-04,TOR,TBA,0,0,3.87,3.73,1e-06,1e-06,TOR,TOR
PIT201809040,2018-09-04,PIT,CIN,1,0,4.06,3.98,1e-06,1e-06,PIT,PIT
MIA201809040,2018-09-04,MIA,PHI,1,4,4.42,3.96,1e-06,1e-06,MIA,MIA
COL201809040,2018-09-04,COL,SFN,0,1,6.09,2.49,1e-06,1e-06,COL,COL
CLE201809040,2018-09-04,CLE,KCA,3,0,3.02,4.88,1e-06,1e-06,CLE,CLE
SEA201809040,2018-09-04,SEA,BAL,1,0,3.14,4.9,1e-06,1e-06,SEA,SEA
MIA201809050,2018-09-05,MIA,PHI,0,0,3.44,4.77,1e-06,1e-06,MIA,MIA
WAS201809050,2018-09-05,WAS,SLN,0,3,4.34,2.83,1e-06,1e-06,WAS,WAS
MIL201809050,2018-09-05,MIL,CHN,0,0,3.5,4.03,1e-06,1e-06,MIL,MIL
CLE201809050,2018-09-05,CLE,KCA,0,0,2.89,3.08,1e-06,1e-06,CLE,CLE
PIT201809050,2018-09-05,PIT,CIN,0,1,3.2,6.09,1e-06,1e-06,PIT,PIT
OAK201809050,2018-09-05,OAK,NYA,4,0,3.56,3.39,1e-06,1e-06,OAK,OAK
ATL201809050,2018-09-05,ATL,BOS,2,0,3.23,3.27,1e-06,1e-06,ATL,ATL
SEA201809050,2018-09-05,SEA,BAL,0,0,4.36,5.29,1e-06,1e-06,SEA,SEA
LAN201809050,2018-09-05,LAN,NYN,0,0,1.97,3.31,1e-06,1e-06,LAN,LAN
COL201809050,2018-09-05,COL,SFN,2,1,4.63,4.49,1e-06,1e-06,COL,COL
CHA201809050,2018-09-05,CHA,DET,0,1,5.02,4.52,1e-06,1e-06,CHA,CHA
TOR201809050,2018-09-05,TOR,TBA,7,0,4.89,4.27,1e-06,1e-06,TOR,TOR
HOU201809050,2018-09-05,HOU,MIN,0,0,2.19,4.49,1e-06,1e-06,HOU,HOU
TEX201809050,2018-09-05,TEX,ANA,0,2,5.78,3.41,1e-06,1e-06,TEX,TEX
WAS201809060,2018-09-06,WAS,CHN,0,0,5.68,2.26,1e-06,1025.9779093655507,WAS,MIL
CIN201809060,2018-09-06,CIN,SDN,0,0,4.3,3.29,415.25842934625814,2538.655038172322,PIT,ARI
ARI201809060,2018-09-06,ARI,ATL,0,2,4.39,3.11,1e-06,2556.4851145812468,ARI,ATL
TOR201809060,2018-09-06,TOR,CLE,0,1,5.31,4.55,1e-06,305.2632734150024,TOR,CLE
PIT201809070,2018-09-07,PIT,MIA,0,0,2.47,5.43,1e-06,1630.230113794326,PIT,MIA
DET201809070,2018-09-07,DET,SLN,0,0,5.12,3.59,380.91207013286544,635.8759829799529,CHA,WAS
SEA201809070,2018-09-07,SEA,NYA,0,0,3.76,3.75,1e-06,1089.6592015072615,SEA,OAK
MIL201809070,2018-09-07,MIL,SFN,2,0,2.43,3.97,1e-06,1465.0252316671194,MIL,COL
ARI201809070,2018-09-07,ARI,ATL,1,0,3.15,3.92,1e-06,1e-06,ARI,ARI
TOR201809070,2018-09-07,TOR,CLE,0,0,5.71,3.42,1e-06,1e-06,TOR,TOR
BOS201809070,2018-09-07,BOS,HOU,1,0,4.39,2.54,1506.6278415289673,2582.243070652819,ATL,HOU
TBA201809070,2018-09-07,TBA,BAL,0,0,1.89,5.45,1789.459752085548,4073.2230932877374,TOR,SEA
CIN201809070,2018-09-07,CIN,SDN,0,2,3.11,2.05,1e-06,1e-06,CIN,CIN
OAK201809070,2018-09-07,OAK,TEX,1,0,3.0,6.39,1e-06,2350.5503898425545,OAK,TEX
NYN201809070,2018-09-07,NYN,PHI,0,0,4.22,2.37,3936.366792360479,1756.5620451799746,LAN,MIA
COL201809070,2018-09-07,COL,LAN,0,1,6.09,2.73,1e-06,1336.5596902131042,COL,LAN
CHA201809070,2018-09-07,CHA,ANA,0,0,4.18,4.18,1e-06,1309.650558347085,CHA,TEX
MIN201809070,2018-09-07,MIN,KCA,0,0,3.2,4.46,1702.4056315736932,1013.2251113855248,HOU,CLE
CHA201809080,2018-09-08,CHA,ANA,1,3,4.53,4.94,1e-06,1e-06,CHA,CHA
MIL201809080,2018-09-08,MIL,SFN,1,0,4.21,5.09,1e-06,1e-06,MIL,MIL
TBA201809080,2018-09-08,TBA,BAL,4,0,3.91,4.88,1e-06,1e-06,TBA,TBA
MIN201809080,2018-09-08,MIN,KCA,0,0,3.84,5.03,1e-06,1e-06,MIN,MIN
NYN201809080,2018-09-08,NYN,PHI,0,0,3.03,4.36,1e-06,1e-06,NYN,NYN
ARI201809080,2018-09-08,ARI,ATL,0,2,3.1,1.88,1e-06,1e-06,ARI,ARI
DET201809080,2018-09-08,DET,SLN,2,0,5.12,3.59,1e-06,1e-06,DET,DET
CIN201809080,2018-09-08,CIN,SDN,0,0,4.94,4.21,1e-06,1e-06,CIN,CIN
COL201809080,2018-09-08,COL,LAN,0,0,2.85,2.62,1e-06,1e-06,COL,COL
OAK201809080,2018-09-08,OAK,TEX,2,0,2.75,4.54,1e-06,1e-06,OAK,OAK
WAS201809082,2018-09-08,WAS,CHN,0,0,3.59,3.46,1e-06,1e-06,WAS,WAS
PIT201809080,2018-09-08,PIT,MIA,0,0,4.19,4.79,1e-06,1e-06,PIT,PIT
TOR201809080,2018-09-08,TOR,CLE,0,0,5.13,6.14,1e-06,1e-06,TOR,TOR
BOS201809080,2018-09-08,BOS,HOU,1,0,3.82,3.13,1e-06,1e-06,BOS,BOS
SEA201809080,2018-09-08,SEA,NYA,0,1,3.99,4.77,1e-06,1e-06,SEA,SEA
WAS201809081,2018-09-08,WAS,CHN,3,0,2.53,5.82,1e-06,1e-06,WAS,WAS
BOS201809090,2018-09-09,BOS,HOU,1,0,2.74,3.2,1e-06,1e-06,BOS,BOS
NYN201809090,2018-09-09,NYN,PHI,1,2,5.25,,1e-06,1e-06,NYN,NYN
MIL201809090,2018-09-09,MIL,SFN,1,1,2.61,3.26,1e-06,1e-06,MIL,MIL
MIN201809090,2018-09-09,MIN,KCA,0,0,5.42,6.02,1e-06,1e-06,MIN,MIN
OAK201809090,2018-09-09,OAK,TEX,0,1,2.94,5.93,1e-06,1e-06,OAK,OAK
ARI201809090,2018-09-09,ARI,ATL,0,0,4.39,4.29,1e-06,1e-06,ARI,ARI
COL201809090,2018-09-09,COL,LAN,1,2,4.55,3.66,1e-06,1e-06,COL,COL
CIN201809090,2018-09-09,CIN,SDN,0,0,2.38,2.73,1e-06,1e-06,CIN,CIN
TOR201809090,2018-09-09,TOR,CLE,2,0,4.19,3.02,1e-06,1e-06,TOR,TOR
TBA201809090,2018-09-09,TBA,BAL,5,0,3.51,8.49,1e-06,1e-06,TBA,TBA
CHA201809090,2018-09-09,CHA,ANA,0,0,4.5,4.15,1e-06,1e-06,CHA,CHA
SEA201809090,2018-09-09,SEA,NYA,2,1,3.04,2.7,1e-06,1e-06,SEA,SEA
DET201809090,2018-09-09,DET,SLN,0,0,4.69,3.47,1e-06,1e-06,DET,DET
CIN201809100,2018-09-10,CIN,LAN,4,0,1.94,3.68,1e-06,1756.1898521305268,CIN,COL
ANA201809100,2018-09-10,ANA,TEX,0,0,3.41,4.18,2786.2559450879285,592.0809005913671,CHA,OAK
TBA201809100,2018-09-10,TBA,CLE,0,1,5.64,2.75,1e-06,1789.459752085548,TBA,TOR
SFN201809100,2018-09-10,SFN,ATL,0,0,2.81,3.9,2954.3733541563483,1050.9933942487219,MIL,ARI
MIN201809100,2018-09-10,MIN,NYA,0,0,3.62,3.65,1e-06,2238.4089622775527,MIN,SEA
CHN201809100,2018-09-10,CHN,MIL,1,1,3.32,2.57,956.88299544195,132.54357794550742,WAS,MIL
DET201809100,2018-09-10,DET,HOU,0,0,4.58,2.52,1e-06,984.732039314543,DET,BOS
SLN201809100,2018-09-10,SLN,PIT,0,0,3.2,3.26,731.229570844315,898.8824563980571,DET,PIT
KCA201809100,2018-09-10,KCA,CHA,1,0,4.73,4.68,662.9211681328137,663.9206411727051,MIN,CHA
COL201809100,2018-09-10,COL,ARI,0,1,3.77,4.74,1e-06,942.6579354569091,COL,ARI
SLN201809110,2018-09-11,SLN,PIT,2,0,2.83,4.06,1e-06,1e-06,SLN,SLN
NYN201809110,2018-09-11,NYN,MIA,0,0,1.7,3.98,1e-06,505.04779123783345,NYN,PIT
BAL201809110,2018-09-11,BAL,OAK,0,0,5.55,3.56,1393.7772067986984,3931.3055139950993,TBA,OAK
SFN201809110,2018-09-11,SFN,ATL,0,0,4.49,2.85,1e-06,1e-06,SFN,SFN
SEA201809110,2018-09-11,SEA,SDN,0,0,1.96,2.73,1e-06,3165.192755528632,SEA,CIN
TBA201809110,2018-09-11,TBA,CLE,0,0,4.27,4.55,1e-06,1e-06,TBA,TBA
PHI201809112,2018-09-11,PHI,WAS,0,0,6.75,3.59,129.48897528262268,197.2342958595587,NYN,WAS
PHI201809111,2018-09-11,PHI,WAS,0,0,4.77,5.54,1e-06,1e-06,PHI,PHI
KCA201809110,2018-09-11,KCA,CHA,0,0,3.08,5.18,1e-06,1e-06,KCA,KCA
MIN201809110,2018-09-11,MIN,NYA,0,0,3.68,4.9,1e-06,1e-06,MIN,MIN
ANA201809110,2018-09-11,ANA,TEX,0,0,4.54,4.3,1e-06,1e-06,ANA,ANA
DET201809110,2018-09-11,DET,HOU,0,1,4.52,3.49,1e-06,1e-06,DET,DET
CIN201809110,2018-09-11,CIN,LAN,0,0,4.3,1.97,1e-06,1e-06,CIN,CIN
COL201809110,2018-09-11,COL,ARI,2,2,4.38,3.21,1e-06,1e-06,COL,COL
BOS201809110,2018-09-11,BOS,TOR,0,0,1.6,3.62,1e-06,691.6136251477402,BOS,TOR
CHN201809110,2018-09-11,CHN,MIL,0,0,4.03,3.5,1e-06,1e-06,CHN,CHN
BOS201809120,2018-09-12,BOS,TOR,0,0,3.58,4.89,1e-06,1e-06,BOS,BOS
BAL201809120,2018-09-12,BAL,OAK,0,0,5.29,4.05,1e-06,1e-06,BAL,BAL
SLN201809120,2018-09-12,SLN,PIT,1,0,2.73,3.2,1e-06,1e-06,SLN,SLN
SFN201809120,2018-09-12,SFN,ATL,0,0,2.55,,1e-06,1e-06,SFN,SFN
NYN201809120,2018-09-12,NYN,MIA,0,0,3.31,4.42,1e-06,1e-06,NYN,NYN
PHI201809120,2018-09-12,PHI,WAS,0,3,2.37,3.74,1e-06,1e-06,PHI,PHI
TBA201809120,2018-09-12,TBA,CLE,2,0,1.89,3.38,1e-06,1e-06,TBA,TBA
CHN201809120,2018-09-12,CHN,MIL,0,1,3.44,2.43,1e-06,1e-06,CHN,CHN
DET201809120,2018-09-12,DET,HOU,0,0,5.68,2.88,1e-06,1e-06,DET,DET
COL201809120,2018-09-12,COL,ARI,0,0,4.13,2.44,1e-06,1e-06,COL,COL
CIN201809120,2018-09-12,CIN,LAN,1,0,4.93,3.49,1e-06,1e-06,CIN,CIN
SEA201809120,2018-09-12,SEA,SDN,0,0,3.72,4.08,1e-06,1e-06,SEA,SEA
ANA201809120,2018-09-12,ANA,TEX,0,0,4.18,6.39,1e-06,1e-06,ANA,ANA
KCA201809120,2018-09-12,KCA,CHA,0,0,6.92,3.28,1e-06,1e-06,KCA,KCA
MIN201809120,2018-09-12,MIN,NYA,0,0,4.49,3.39,1e-06,1e-06,MIN,MIN
BOS201809130,2018-09-13,BOS,TOR,0,0,3.27,5.71,1e-06,1e-06,BOS,BOS
COL201809130,2018-09-13,COL,ARI,1,0,2.85,4.15,1e-06,1e-06,COL,COL
WAS201809130,2018-09-13,WAS,CHN,0,0,1.6,2.26,197.2342958595587,956.88299544195,PHI,CHN
BAL201809130,2018-09-13,BAL,OAK,2,0,5.45,4.48,1e-06,1e-06,BAL,BAL
NYN201809131,2018-09-13,NYN,MIA,0,0,4.85,4.2,1e-06,1e-06,NYN,NYN
NYN201809132,2018-09-13,NYN,MIA,0,0,5.77,6.06,1e-06,1e-06,NYN,NYN
ANA201809130,2018-09-13,ANA,SEA,0,2,6.69,4.36,1e-06,1575.276973597757,ANA,SEA
KCA201809130,2018-09-13,KCA,MIN,0,0,4.26,7.82,1e-06,662.9211681328137,KCA,MIN
SLN201809130,2018-09-13,SLN,LAN,1,3,4.44,2.73,1e-06,494.9532553693752,SLN,CIN
PHI201809140,2018-09-14,PHI,MIA,0,0,4.36,4.79,1e-06,129.48897528262268,PHI,NYN
ATL201809140,2018-09-14,ATL,WAS,0,0,3.92,2.53,3436.411305395792,874.0887985860761,SFN,WAS
KCA201809140,2018-09-14,KCA,MIN,1,0,6.02,5.42,1e-06,1e-06,KCA,KCA
CLE201809140,2018-09-14,CLE,DET,0,1,3.42,4.63,1529.408250521614,145.52553501827433,TBA,DET
HOU201809140,2018-09-14,HOU,ARI,2,2,3.2,3.91,1780.0976623230767,1412.379089095518,DET,COL
NYA201809140,2018-09-14,NYA,TOR,5,0,3.75,5.64,1636.0526645605564,306.2037667286439,MIN,BOS
MIL201809140,2018-09-14,MIL,PIT,3,0,2.61,4.31,132.54357794550742,526.8349145670746,CHN,SLN
SLN201809140,2018-09-14,SLN,LAN,0,0,3.34,2.62,1e-06,1e-06,SLN,SLN
CHN201809140,2018-09-14,CHN,CIN,0,0,11.81,2.53,956.88299544195,406.25273298859213,WAS,CIN
BOS201809140,2018-09-14,BOS,NYN,0,1,7.41,3.03,1e-06,306.2037667286439,BOS,NYN
BAL201809140,2018-09-14,BAL,CHA,0,1,15.43,4.53,1e-06,1545.5901214265937,BAL,KCA
SFN201809140,2018-09-14,SFN,COL,0,0,5.09,4.55,1e-06,1524.5101947303656,SFN,COL
TBA201809140,2018-09-14,TBA,OAK,0,0,5.64,0.78,1e-06,1393.7772067986984,TBA,BAL
SDN201809140,2018-09-14,SDN,TEX,0,0,4.21,5.53,1711.8059777853623,141.8121399568677,SEA,ANA
ANA201809140,2018-09-14,ANA,SEA,0,0,4.94,3.14,1e-06,1e-06,ANA,ANA
SDN201809150,2018-09-15,SDN,TEX,0,0,3.29,5.93,1e-06,1e-06,SDN,SDN
CLE201809150,2018-09-15,CLE,DET,6,0,3.02,4.69,1e-06,1e-06,CLE,CLE
KCA201809150,2018-09-15,KCA,MIN,1,0,4.66,3.57,1e-06,1e-06,KCA,KCA
ANA201809150,2018-09-15,ANA,SEA,3,0,2.71,2.88,1e-06,1e-06,ANA,ANA
PHI201809150,2018-09-15,PHI,MIA,0,0,6.07,4.33,1e-06,1e-06,PHI,PHI
BAL201809150,2018-09-15,BAL,CHA,0,0,5.92,3.91,1e-06,1e-06,BAL,BAL
CHN201809150,2018-09-15,CHN,CIN,0,0,3.32,5.31,1e-06,1e-06,CHN,CHN
SFN201809150,2018-09-15,SFN,COL,0,0,3.26,3.77,1e-06,1e-06,SFN,SFN
ATL201809150,2018-09-15,ATL,WAS,1,1,3.94,5.71,1e-06,1e-06,ATL,ATL
TBA201809150,2018-09-15,TBA,OAK,0,0,7.75,3.13,1e-06,1e-06,TBA,TBA
NYA201809150,2018-09-15,NYA,TOR,0,0,3.65,5.13,1e-06,1e-06,NYA,NYA
SLN201809150,2018-09-15,SLN,LAN,0,2,3.47,3.66,1e-06,1e-06,SLN,SLN
HOU201809150,2018-09-15,HOU,ARI,0,0,3.13,4.74,1e-06,1e-06,HOU,HOU
BOS201809150,2018-09-15,BOS,NYN,1,0,4.28,6.07,1e-06,1e-06,BOS,BOS
MIL201809150,2018-09-15,MIL,PIT,1,0,4.77,4.19,1e-06,1e-06,MIL,MIL
BAL201809160,2018-09-16,BAL,CHA,5,0,6.43,6.13,1e-06,1e-06,BAL,BAL
CHN201809160,2018-09-16,CHN,CIN,0,1,4.03,4.3,1e-06,1e-06,CHN,CHN
TBA201809160,2018-09-16,TBA,OAK,2,0,7.75,3.56,1e-06,1e-06,TBA,TBA
NYA201809160,2018-09-16,NYA,TOR,2,0,2.7,4.19,1e-06,1e-06,NYA,NYA
SDN201809160,2018-09-16,SDN,TEX,1,0,2.14,3.38,1e-06,1e-06,SDN,SDN
SLN201809160,2018-09-16,SLN,LAN,0,0,4.46,3.02,1e-06,1e-06,SLN,SLN
BOS201809160,2018-09-16,BOS,NYN,0,0,3.27,2.66,1e-06,1e-06,BOS,BOS
CLE201809160,2018-09-16,CLE,DET,1,1,4.55,4.58,1e-06,1e-06,CLE,CLE
MIL201809160,2018-09-16,MIL,PIT,0,0,3.5,3.11,1e-06,1e-06,MIL,MIL
HOU201809160,2018-09-16,HOU,ARI,1,0,2.52,3.21,1e-06,1e-06,HOU,HOU
KCA201809160,2018-09-16,KCA,MIN,2,0,8.31,3.62,1e-06,1e-06,KCA,KCA
ANA201809160,2018-09-16,ANA,SEA,0,0,2.75,3.99,1e-06,1e-06,ANA,ANA
ATL201809160,2018-09-16,ATL,WAS,0,3,3.9,4.34,1e-06,1e-06,ATL,ATL
PHI201809160,2018-09-16,PHI,MIA,1,0,4.77,3.98,1e-06,1e-06,PHI,PHI
SFN201809160,2018-09-16,SFN,COL,0,0,2.81,4.38,1e-06,1e-06,SFN,SFN
ARI201809170,2018-09-17,ARI,CHN,0,0,3.15,3.44,1630.8590123845936,2336.6124175782998,HOU,CHN
TEX201809170,2018-09-17,TEX,TBA,0,1,4.3,4.27,1879.9176992056841,1496.616116420437,SDN,TBA
MIL201809170,2018-09-17,MIL,CIN,0,0,2.57,4.93,1e-06,132.54357794550742,MIL,CHN
PIT201809170,2018-09-17,PIT,KCA,0,0,3.26,5.64,722.0054120555708,1255.3811411500053,MIL,KCA
ATL201809170,2018-09-17,ATL,SLN,0,3,2.85,2.83,1e-06,751.930362209131,ATL,SLN
DET201809170,2018-09-17,DET,MIN,0,1,4.52,3.68,145.52553501827433,1034.95696626315,CLE,KCA
PHI201809170,2018-09-17,PHI,NYN,0,0,3.8,3.31,1e-06,435.5953169043613,PHI,BOS
MIA201809170,2018-09-17,MIA,WAS,0,0,4.91,3.31,1644.1190984600378,973.3591318981379,PHI,ATL
SDN201809170,2018-09-17,SDN,SFN,0,0,5.42,4.49,1e-06,738.1265117326025,SDN,SFN
HOU201809170,2018-09-17,HOU,SEA,0,0,3.2,5.29,1e-06,2169.9670210701,HOU,ANA
BAL201809170,2018-09-17,BAL,TOR,0,0,13.11,3.87,1e-06,272.81937803481173,BAL,NYA
LAN201809170,2018-09-17,LAN,COL,2,0,1.97,5.12,2553.1974748902726,559.4406195325591,SLN,SFN
CLE201809180,2018-09-18,CLE,CHA,0,0,2.89,4.18,1e-06,495.2645964012307,CLE,BAL
MIL201809180,2018-09-18,MIL,CIN,0,2,3.93,5.31,1e-06,1e-06,MIL,MIL
LAN201809180,2018-09-18,LAN,COL,1,0,2.25,2.43,1e-06,1e-06,LAN,LAN
ARI201809180,2018-09-18,ARI,CHN,0,2,5.26,3.99,1e-06,1e-06,ARI,ARI
ATL201809180,2018-09-18,ATL,SLN,0,0,2.83,4.44,1e-06,1e-06,ATL,ATL
PIT201809180,2018-09-18,PIT,KCA,0,0,2.39,6.92,1e-06,1e-06,PIT,PIT
HOU201809180,2018-09-18,HOU,SEA,0,0,2.35,4.36,1e-06,1e-06,HOU,HOU
NYA201809180,2018-09-18,NYA,BOS,0,0,2.5,3.27,1e-06,306.2037667286439,NYA,BOS
MIA201809180,2018-09-18,MIA,WAS,0,0,3.44,3.74,1e-06,1e-06,MIA,MIA
SDN201809180,2018-09-18,SDN,SFN,1,0,2.73,2.69,1e-06,1e-06,SDN,SDN
PHI201809180,2018-09-18,PHI,NYN,0,0,2.59,3.54,1e-06,1e-06,PHI,PHI
BAL201809180,2018-09-18,BAL,TOR,1,0,5.45,4.53,1e-06,1e-06,BAL,BAL
OAK201809180,2018-09-18,OAK,ANA,0,0,2.92,4.54,3845.9573440873414,592.0809005913671,TBA,ANA
DET201809180,2018-09-18,DET,MIN,0,0,5.68,4.49,1e-06,1e-06,DET,DET
TEX201809180,2018-09-18,TEX,TBA,0,0,6.39,1.89,1e-06,1e-06,TEX,TEX
PIT201809190,2018-09-19,PIT,KCA,0,0,4.31,4.26,1e-06,1e-06,PIT,PIT
OAK201809190,2018-09-19,OAK,ANA,0,0,4.48,4.18,1e-06,1e-06,OAK,OAK
ATL201809190,2018-09-19,ATL,SLN,0,0,4.03,3.34,1e-06,1e-06,ATL,ATL
HOU201809190,2018-09-19,HOU,SEA,0,3,3.74,7.33,1e-06,1e-06,HOU,HOU
SDN201809190,2018-09-19,SDN,SFN,0,0,4.21,5.09,1e-06,1e-06,SDN,SDN
NYA201809190,2018-09-19,NYA,BOS,0,0,3.39,3.58,1e-06,1e-06,NYA,NYA
DET201809190,2018-09-19,DET,MIN,0,0,6.06,6.57,1e-06,1e-06,DET,DET
MIL201809190,2018-09-19,MIL,CIN,1,0,4.21,4.94,1e-06,1e-06,MIL,MIL
BAL201809190,2018-09-19,BAL,TOR,0,0,5.55,5.64,1e-06,1e-06,BAL,BAL
CLE201809190,2018-09-19,CLE,CHA,0,0,1.39,5.14,1e-06,1e-06,CLE,CLE
PHI201809190,2018-09-19,PHI,NYN,1,0,4.36,3.03,1e-06,1e-06,PHI,PHI
LAN201809190,2018-09-19,LAN,COL,0,2,3.49,2.45,1e-06,1e-06,LAN,LAN
TEX201809190,2018-09-19,TEX,TBA,0,0,5.53,3.91,1e-06,1e-06,TEX,TEX
ARI201809190,2018-09-19,ARI,CHN,4,0,3.93,3.78,1e-06,1e-06,ARI,ARI
WAS201809200,2018-09-20,WAS,NYN,0,0,5.71,5.85,1489.628641346009,197.2342958595587,MIA,PHI
ATL201809200,2018-09-20,ATL,PHI,2,1,3.11,3.8,1e-06,1071.2330338826835,ATL,PHI
CLE201809200,2018-09-20,CLE,CHA,0,1,3.42,4.41,1e-06,1e-06,CLE,CLE
DET201809200,2018-09-20,DET,KCA,4,4,7.59,5.03,1e-06,331.7516309667575,DET,PIT
TOR201809200,2018-09-20,TOR,TBA,0,0,1.35,4.14,537.0332419152472,1953.6900971659159,BAL,TEX
MIA201809200,2018-09-20,MIA,CIN,0,0,6.06,3.98,1e-06,2045.0709343750696,MIA,MIL
OAK201809200,2018-09-20,OAK,ANA,0,0,3.33,4.94,1e-06,1e-06,OAK,OAK
NYA201809200,2018-09-20,NYA,BOS,0,1,2.5,2.68,1e-06,1e-06,NYA,NYA
MIA201809210,2018-09-21,MIA,CIN,0,0,4.2,2.53,1e-06,1e-06,MIA,MIA
CHA201809210,2018-09-21,CHA,CHN,0,1,3.91,4.03,494.38381964269325,2336.6124175782998,CLE,ARI
TOR201809210,2018-09-21,TOR,TBA,1,2,5.13,5.51,1e-06,1e-06,TOR,TOR
HOU201809210,2018-09-21,HOU,ANA,4,0,2.88,4.15,1e-06,2629.671879056886,HOU,OAK
DET201809210,2018-09-21,DET,KCA,0,1,4.58,4.66,1e-06,1e-06,DET,DET
LAN201809210,2018-09-21,LAN,SDN,0,0,3.02,4.34,1e-06,179.52869961196944,LAN,SDN
WAS201809210,2018-09-21,WAS,NYN,0,1,5.06,1.7,1e-06,1e-06,WAS,WAS
TEX201809210,2018-09-21,TEX,SEA,3,0,5.93,6.5,1e-06,368.5990384284446,TEX,HOU
OAK201809210,2018-09-21,OAK,MIN,2,0,0.78,3.81,1e-06,3345.164678963249,OAK,DET
NYA201809210,2018-09-21,NYA,BAL,2,0,3.65,5.92,1e-06,272.81937803481173,NYA,BAL
ARI201809210,2018-09-21,ARI,COL,2,0,3.21,3.77,1e-06,574.8341159449532,ARI,LAN
SLN201809210,2018-09-21,SLN,SFN,1,0,3.2,3.23,751.930362209131,2512.7882729547905,ATL,SDN
ATL201809210,2018-09-21,ATL,PHI,0,1,3.67,2.59,1e-06,1e-06,ATL,ATL
CLE201809210,2018-09-21,CLE,BOS,0,0,4.55,3.65,1e-06,649.8727601989037,CLE,NYA
PIT201809210,2018-09-21,PIT,MIL,1,0,3.26,2.61,1e-06,722.0054120555708,PIT,MIL
TOR201809220,2018-09-22,TOR,TBA,0,0,4.19,4.27,1e-06,1e-06,TOR,TOR
WAS201809220,2018-09-22,WAS,NYN,0,0,6.57,5.85,1e-06,1e-06,WAS,WAS
MIA201809220,2018-09-22,MIA,CIN,0,0,3.98,4.93,1e-06,1e-06,MIA,MIA
TEX201809220,2018-09-22,TEX,SEA,0,0,4.18,4.0,1e-06,1e-06,TEX,TEX
ARI201809220,2018-09-22,ARI,COL,0,0,3.15,4.38,1e-06,1e-06,ARI,ARI
ATL201809220,2018-09-22,ATL,PHI,2,0,2.85,3.96,1e-06,1e-06,ATL,ATL
CHA201809220,2018-09-22,CHA,CHN,1,2,6.13,3.32,1e-06,1e-06,CHA,CHA
CLE201809220,2018-09-22,CLE,BOS,0,0,4.94,6.08,1e-06,1e-06,CLE,CLE
DET201809220,2018-09-22,DET,KCA,1,1,4.31,6.02,1e-06,1e-06,DET,DET
HOU201809220,2018-09-22,HOU,ANA,0,0,1.99,3.31,1e-06,1e-06,HOU,HOU
NYA201809220,2018-09-22,NYA,BAL,0,0,6.56,3.35,1e-06,1e-06,NYA,NYA
OAK201809220,2018-09-22,OAK,MIN,0,0,0.78,5.42,1e-06,1e-06,OAK,OAK
PIT201809220,2018-09-22,PIT,MIL,0,0,3.11,4.77,1e-06,1e-06,PIT,PIT
SLN201809220,2018-09-22,SLN,SFN,0,0,3.11,3.23,1e-06,1e-06,SLN,SLN
LAN201809220,2018-09-22,LAN,SDN,1,0,3.66,7.02,1e-06,1e-06,LAN,LAN
PIT201809230,2018-09-23,PIT,MIL,0,1,5.21,3.58,1e-06,1e-06,PIT,PIT
MIA201809230,2018-09-23,MIA,CIN,0,0,4.42,3.11,1e-06,1e-06,MIA,MIA
TOR201809230,2018-09-23,TOR,TBA,0,0,3.87,1.89,1e-06,1e-06,TOR,TOR
LAN201809230,2018-09-23,LAN,SDN,0,0,1.97,4.08,1e-06,1e-06,LAN,LAN
TEX201809230,2018-09-23,TEX,SEA,0,0,3.38,3.72,1e-06,1e-06,TEX,TEX
HOU201809230,2018-09-23,HOU,ANA,3,1,2.19,4.02,1e-06,1e-06,HOU,HOU
SLN201809230,2018-09-23,SLN,SFN,0,0,2.83,4.49,1e-06,1e-06,SLN,SLN
DET201809230,2018-09-23,DET,KCA,0,1,4.63,3.08,1e-06,1e-06,DET,DET
OAK201809230,2018-09-23,OAK,MIN,0,2,3.76,3.62,1e-06,1e-06,OAK,OAK
CLE201809230,2018-09-23,CLE,BOS,0,1,6.14,7.41,1e-06,1e-06,CLE,CLE
CHA201809230,2018-09-23,CHA,CHN,0,3,4.18,3.44,1e-06,1e-06,CHA,CHA
NYA201809230,2018-09-23,NYA,BAL,3,0,6.14,6.43,1e-06,1e-06,NYA,NYA
WAS201809230,2018-09-23,WAS,NYN,0,1,3.59,5.25,1e-06,1e-06,WAS,WAS
ARI201809230,2018-09-23,ARI,COL,0,0,4.74,2.85,1e-06,1e-06,ARI,ARI
ATL201809230,2018-09-23,ATL,PHI,0,0,2.83,2.37,1e-06,1e-06,ATL,ATL
CHA201809240,2018-09-24,CHA,CLE,0,0,4.5,2.89,1e-06,494.38381964269325,CHA,CLE
WAS201809240,2018-09-24,WAS,MIA,2,1,3.61,3.44,1e-06,1489.628641346009,WAS,MIA
TOR201809240,2018-09-24,TOR,HOU,0,1,5.64,3.74,1e-06,2094.913694918614,TOR,HOU
ANA201809240,2018-09-24,ANA,TEX,1,0,2.75,6.79,2169.9670210701,1938.7751997181072,HOU,TEX
SFN201809240,2018-09-24,SFN,SDN,0,0,3.57,5.42,2802.2400845274956,559.4406195325591,SLN,LAN
BOS201809240,2018-09-24,BOS,BAL,0,0,3.81,5.45,884.5468110577992,306.2037667286439,CLE,NYA
ARI201809240,2018-09-24,ARI,LAN,1,1,3.1,2.73,1e-06,574.8341159449532,ARI,LAN
COL201809240,2018-09-24,COL,PHI,0,0,5.12,4.36,942.6579354569091,1946.7466716258368,ARI,ATL
TBA201809240,2018-09-24,TBA,NYA,0,0,3.91,4.9,1789.459752085548,1638.0556824552712,TOR,NYA
CHN201809240,2018-09-24,CHN,PIT,0,2,3.78,3.2,1e-06,660.0502267315369,CHA,PIT
SEA201809240,2018-09-24,SEA,OAK,1,0,1.23,2.75,2688.6235870338205,1089.6592015072615,TEX,OAK
SLN201809240,2018-09-24,SLN,MIL,0,0,3.59,2.61,1e-06,898.8824563980571,SLN,PIT
ARI201809250,2018-09-25,ARI,LAN,0,0,4.39,3.81,1e-06,1e-06,ARI,ARI
CIN201809250,2018-09-25,CIN,KCA,0,0,2.38,3.25,1534.6263109130673,380.0544669682655,MIA,DET
ANA201809250,2018-09-25,ANA,TEX,0,0,4.54,6.39,1e-06,1e-06,ANA,ANA
CHN201809250,2018-09-25,CHN,PIT,0,0,3.99,4.31,1e-06,1e-06,CHN,CHN
CHA201809250,2018-09-25,CHA,CLE,2,0,4.5,3.38,1e-06,1e-06,CHA,CHA
WAS201809250,2018-09-25,WAS,MIA,3,0,2.53,6.06,1e-06,1e-06,WAS,WAS
MIN201809250,2018-09-25,MIN,DET,1,0,5.42,2.4,2531.5923192792015,872.516450655481,OAK,DET
COL201809250,2018-09-25,COL,PHI,0,0,4.26,,1e-06,1e-06,COL,COL
TBA201809250,2018-09-25,TBA,NYA,0,0,5.4,3.39,1e-06,1e-06,TBA,TBA
TOR201809250,2018-09-25,TOR,HOU,0,2,5.31,2.35,1e-06,1e-06,TOR,TOR
SFN201809250,2018-09-25,SFN,SDN,1,0,3.23,6.48,1e-06,1e-06,SFN,SFN
SLN201809250,2018-09-25,SLN,MIL,0,2,4.44,4.25,1e-06,1e-06,SLN,SLN
SEA201809250,2018-09-25,SEA,OAK,3,3,3.04,4.35,1e-06,1e-06,SEA,SEA
NYN201809250,2018-09-25,NYN,ATL,0,0,4.28,,326.3648041771951,1200.4511584455877,WAS,ATL
SLN201809260,2018-09-26,SLN,MIL,0,0,3.93,3.5,1e-06,1e-06,SLN,SLN
SFN201809260,2018-09-26,SFN,SDN,0,0,3.04,4.82,1e-06,1e-06,SFN,SFN
COL201809260,2018-09-26,COL,PHI,0,0,3.77,4.77,1e-06,1e-06,COL,COL
ARI201809260,2018-09-26,ARI,LAN,0,1,3.21,3.02,1e-06,1e-06,ARI,ARI
CIN201809260,2018-09-26,CIN,KCA,1,1,3.98,4.26,1e-06,1e-06,CIN,CIN
CHN201809260,2018-09-26,CHN,PIT,2,1,4.6,2.47,1e-06,1e-06,CHN,CHN
WAS201809260,2018-09-26,WAS,MIA,0,0,3.59,4.79,1e-06,1e-06,WAS,WAS
TOR201809260,2018-09-26,TOR,HOU,2,0,6.0,4.18,1e-06,1e-06,TOR,TOR
CHA201809260,2018-09-26,CHA,CLE,0,1,4.38,4.55,1e-06,1e-06,CHA,CHA
SEA201809260,2018-09-26,SEA,OAK,0,1,5.55,2.75,1e-06,1e-06,SEA,SEA
NYN201809260,2018-09-26,NYN,ATL,0,0,1.7,4.43,1e-06,1e-06,NYN,NYN
MIN201809260,2018-09-26,MIN,DET,3,1,7.2,4.39,1e-06,1e-06,MIN,MIN
BOS201809262,2018-09-26,BOS,BAL,1,2,3.65,5.4,1e-06,1e-06,BOS,BOS
BOS201809261,2018-09-26,BOS,BAL,5,0,3.58,6.43,1e-06,1e-06,BOS,BOS
TBA201809260,2018-09-26,TBA,NYA,3,3,3.51,3.75,1e-06,1e-06,TBA,TBA
ANA201809260,2018-09-26,ANA,TEX,0,0,2.71,4.54,1e-06,1e-06,ANA,ANA
CHN201809270,2018-09-27,CHN,PIT,0,0,3.32,3.11,1e-06,1e-06,CHN,CHN
COL201809270,2018-09-27,COL,PHI,1,0,2.45,3.96,1e-06,1e-06,COL,COL
SEA201809270,2018-09-27,SEA,TEX,0,0,4.15,5.93,1e-06,1575.276973597757,SEA,ANA
TBA201809270,2018-09-27,TBA,NYA,0,4,5.64,3.65,1e-06,1e-06,TBA,TBA
KCA201809270,2018-09-27,KCA,CLE,0,1,6.02,4.54,868.1617780403714,663.9206411727051,CIN,CHA
NYN201809270,2018-09-27,NYN,ATL,0,0,5.77,3.94,1e-06,1e-06,NYN,NYN
MIN201809270,2018-09-27,MIN,DET,0,1,6.57,4.58,1e-06,1e-06,MIN,MIN
COL201809280,2018-09-28,COL,WAS,0,0,2.85,5.06,1e-06,2397.8679070622884,COL,WAS
MIL201809280,2018-09-28,MIL,DET,3,3,3.12,2.4,526.8349145670746,476.38512191307035,SLN,MIN
BOS201809280,2018-09-28,BOS,NYA,0,0,4.17,3.65,1e-06,1926.6943817180322,BOS,TBA
SDN201809280,2018-09-28,SDN,ARI,0,0,5.59,5.26,738.1265117326025,481.0116378281714,SFN,ARI
MIN201809281,2018-09-28,MIN,CHA,1,0,3.84,3.91,1e-06,571.0232496384983,MIN,CHA
CHN201809280,2018-09-28,CHN,SLN,2,0,3.44,4.46,1e-06,422.49209120404555,CHN,SLN
MIN201809282,2018-09-28,MIN,CHA,3,0,3.57,6.13,1e-06,1e-06,MIN,MIN
NYN201809280,2018-09-28,NYN,MIA,1,0,6.07,3.98,1e-06,326.3648041771951,NYN,WAS
SFN201809280,2018-09-28,SFN,LAN,0,0,3.26,1.97,1e-06,1050.9933942487219,SFN,ARI
CIN201809280,2018-09-28,CIN,PIT,0,2,4.93,4.61,1e-06,406.25273298859213,CIN,CHN
BAL201809280,2018-09-28,BAL,HOU,1,0,5.4,1.86,578.81170796599,537.0332419152472,BOS,TOR
KCA201809280,2018-09-28,KCA,CLE,0,0,4.66,3.02,1e-06,1e-06,KCA,KCA
ANA201809280,2018-09-28,ANA,OAK,0,0,2.75,3.56,1e-06,1575.276973597757,ANA,SEA
SEA201809280,2018-09-28,SEA,TEX,0,0,3.72,6.22,1e-06,1e-06,SEA,SEA
PHI201809280,2018-09-28,PHI,ATL,0,0,6.75,2.85,2534.0409405234473,129.48897528262268,COL,NYN
TBA201809280,2018-09-28,TBA,TOR,3,0,2.39,3.28,1e-06,1789.459752085548,TBA,TOR
MIN201809290,2018-09-29,MIN,CHA,2,1,3.62,4.18,1e-06,1e-06,MIN,MIN
BAL201809291,2018-09-29,BAL,HOU,0,0,3.0,3.49,1e-06,1e-06,BAL,BAL
TBA201809290,2018-09-29,TBA,TOR,0,1,3.18,3.87,1e-06,1e-06,TBA,TBA
BOS201809290,2018-09-29,BOS,NYA,0,1,3.82,4.77,1e-06,1e-06,BOS,BOS
BAL201809292,2018-09-29,BAL,HOU,0,1,5.92,3.46,1e-06,1e-06,BAL,BAL
SDN201809290,2018-09-29,SDN,ARI,0,0,7.02,4.74,1e-06,1e-06,SDN,SDN
MIL201809290,2018-09-29,MIL,DET,0,1,3.12,4.93,1e-06,1e-06,MIL,MIL
COL201809290,2018-09-29,COL,WAS,0,2,5.12,3.74,1e-06,1e-06,COL,COL
SFN201809290,2018-09-29,SFN,LAN,0,1,3.23,3.68,1e-06,1e-06,SFN,SFN
CHN201809290,2018-09-29,CHN,SLN,1,0,3.78,2.83,1e-06,1e-06,CHN,CHN
KCA201809290,2018-09-29,KCA,CLE,0,1,,4.24,1e-06,1e-06,KCA,KCA
CIN201809290,2018-09-29,CIN,PIT,0,0,3.11,3.2,1e-06,1e-06,CIN,CIN
ANA201809290,2018-09-29,ANA,OAK,0,2,4.02,3.76,1e-06,1e-06,ANA,ANA
PHI201809290,2018-09-29,PHI,ATL,0,0,2.37,3.67,1e-06,1e-06,PHI,PHI
NYN201809290,2018-09-29,NYN,MIA,0,0,3.0,4.91,1e-06,1e-06,NYN,NYN
SEA201809290,2018-09-29,SEA,TEX,0,1,3.99,4.3,1e-06,1e-06,SEA,SEA
TBA201809300,2018-09-30,TBA,TOR,0,0,3.91,5.31,1e-06,1e-06,TBA,TBA
ANA201809300,2018-09-30,ANA,OAK,2,0,17.55,4.95,1e-06,1e-06,ANA,ANA
SEA201809300,2018-09-30,SEA,TEX,0,0,2.65,6.39,1e-06,1e-06,SEA,SEA
SFN201809300,2018-09-30,SFN,LAN,0,2,4.49,3.66,1e-06,1e-06,SFN,SFN
MIN201809300,2018-09-30,MIN,CHA,0,2,5.4,5.18,1e-06,1e-06,MIN,MIN
BOS201809300,2018-09-30,BOS,NYA,4,0,3.82,5.24,1e-06,1e-06,BOS,BOS
SDN201809300,2018-09-30,SDN,ARI,0,0,3.29,5.14,1e-06,1e-06,SDN,SDN
CIN201809300,2018-09-30,CIN,PIT,1,0,4.93,5.66,1e-06,1e-06,CIN,CIN
PHI201809300,2018-09-30,PHI,ATL,2,0,3.8,3.92,1e-06,1e-06,PHI,PHI
COL201809300,2018-09-30,COL,WAS,2,0,4.55,5.54,1e-06,1e-06,COL,COL
NYN201809300,2018-09-30,NYN,MIA,0,0,3.03,3.44,1e-06,1e-06,NYN,NYN
KCA201809300,2018-09-30,KCA,CLE,0,1,5.14,3.38,1e-06,1e-06,KCA,KCA
MIL201809300,2018-09-30,MIL,DET,2,0,4.21,6.06,1e-06,1e-06,MIL,MIL
BAL201809300,2018-09-30,BAL,HOU,0,0,3.35,3.46,1e-06,1e-06,BAL,BAL
CHN201809300,2018-09-30,CHN,SLN,0,2,6.0,3.34,1e-06,1e-06,CHN,CHN
CHN201810010,2018-10-01,CHN,MIL,0,0,3.46,3.58,1e-06,132.54357794550742,CHN,MIL
LAN201810010,2018-10-01,LAN,COL,0,0,2.62,3.77,559.4406195325591,1336.5596902131042,SFN,COL
