game_id,date,hometeam,visteam,home_first_inning_runs,visiting_first_inning_runs,home_travel,vis_travel,home_last_location,visiting_last_location
ANA202104020,2021-04-02,ANA,CHA,1,0,1e-06,1e-06,ANA,ANA
SDN202104020,2021-04-02,SDN,ARI,0,0,1e-06,1e-06,SDN,SDN
MIA202104020,2021-04-02,MIA,TBA,0,0,1e-06,1e-06,MIA,MIA
COL202104020,2021-04-02,COL,LAN,0,2,1e-06,1e-06,COL,COL
SEA202104020,2021-04-02,SEA,SFN,0,0,1e-06,1e-06,SEA,SEA
OAK202104020,2021-04-02,OAK,HOU,0,0,1e-06,1e-06,OAK,OAK
COL202104030,2021-04-03,COL,LAN,0,0,1e-06,1e-06,COL,COL
DET202104030,2021-04-03,DET,CLE,2,0,1e-06,1e-06,DET,DET
SDN202104030,2021-04-03,SDN,ARI,2,0,1e-06,1e-06,SDN,SDN
PHI202104030,2021-04-03,PHI,ATL,0,0,1e-06,1e-06,PHI,PHI
BOS202104030,2021-04-03,BOS,BAL,0,0,1e-06,1e-06,BOS,BOS
CIN202104030,2021-04-03,CIN,SLN,0,0,1e-06,1e-06,CIN,CIN
SEA202104030,2021-04-03,SEA,SFN,0,0,1e-06,1e-06,SEA,SEA
OAK202104030,2021-04-03,OAK,HOU,1,1,1e-06,1e-06,OAK,OAK
KCA202104030,2021-04-03,KCA,TEX,0,2,1e-06,1e-06,KCA,KCA
ANA202104030,2021-04-03,ANA,CHA,0,0,1e-06,1e-06,ANA,ANA
MIA202104030,2021-04-03,MIA,TBA,1,0,1e-06,1e-06,MIA,MIA
CHN202104030,2021-04-03,CHN,PIT,0,1,1e-06,1e-06,CHN,CHN
NYA202104030,2021-04-03,NYA,TOR,0,0,1e-06,1e-06,NYA,NYA
MIL202104030,2021-04-03,MIL,MIN,0,0,1e-06,1e-06,MIL,MIL
MIL202104040,2021-04-04,MIL,MIN,0,1,1e-06,1e-06,MIL,MIL
KCA202104040,2021-04-04,KCA,TEX,0,0,1e-06,1e-06,KCA,KCA
BOS202104040,2021-04-04,BOS,BAL,0,3,1e-06,1e-06,BOS,BOS
SDN202104040,2021-04-04,SDN,ARI,0,2,1e-06,1e-06,SDN,SDN
CIN202104040,2021-04-04,CIN,SLN,0,0,1e-06,1e-06,CIN,CIN
PHI202104040,2021-04-04,PHI,ATL,0,0,1e-06,1e-06,PHI,PHI
ANA202104040,2021-04-04,ANA,CHA,2,0,1e-06,1e-06,ANA,ANA
COL202104040,2021-04-04,COL,LAN,0,3,1e-06,1e-06,COL,COL
OAK202104040,2021-04-04,OAK,HOU,1,1,1e-06,1e-06,OAK,OAK
NYA202104040,2021-04-04,NYA,TOR,0,0,1e-06,1e-06,NYA,NYA
CHN202104040,2021-04-04,CHN,PIT,2,0,1e-06,1e-06,CHN,CHN
DET202104040,2021-04-04,DET,CLE,2,1,1e-06,1e-06,DET,DET
CHN202104050,2021-04-05,CHN,MIL,0,0,1e-06,132.54357794550742,CHN,MIL
SDN202104050,2021-04-05,SDN,SFN,0,0,1e-06,1711.8059777853623,SDN,SEA
CLE202104050,2021-04-05,CLE,KCA,0,0,145.52553501827433,1123.5230318083022,DET,KCA
DET202104050,2021-04-05,DET,MIN,0,1,1e-06,408.26325353446157,DET,MIL
BOS202104050,2021-04-05,BOS,TBA,0,0,1e-06,2024.1956124919243,BOS,MIA
MIA202104050,2021-04-05,MIA,SLN,0,3,1e-06,1534.6263109130673,MIA,CIN
CIN202104050,2021-04-05,CIN,PIT,0,2,1e-06,406.25273298859213,CIN,CHN
TEX202104050,2021-04-05,TEX,TOR,0,1,738.3603208647532,2225.551415128663,KCA,NYA
SEA202104050,2021-04-05,SEA,CHA,0,0,1e-06,1575.276973597757,SEA,ANA
OAK202104050,2021-04-05,OAK,LAN,0,0,1e-06,1511.5030112237787,OAK,COL
NYA202104050,2021-04-05,NYA,BAL,0,0,1e-06,306.2037667286439,NYA,BOS
ANA202104050,2021-04-05,ANA,HOU,0,3,1e-06,592.0809005913671,ANA,OAK
BOS202104060,2021-04-06,BOS,TBA,1,0,1e-06,1e-06,BOS,BOS
DET202104060,2021-04-06,DET,MIN,0,0,1e-06,1e-06,DET,DET
ANA202104060,2021-04-06,ANA,HOU,2,0,1e-06,1e-06,ANA,ANA
PHI202104060,2021-04-06,PHI,NYN,0,0,1e-06,1e-06,PHI,PHI
OAK202104060,2021-04-06,OAK,LAN,1,0,1e-06,1e-06,OAK,OAK
TEX202104060,2021-04-06,TEX,TOR,2,1,1e-06,1e-06,TEX,TEX
COL202104060,2021-04-06,COL,ARI,0,0,1e-06,1340.7925092662401,COL,SDN
MIA202104060,2021-04-06,MIA,SLN,1,0,1e-06,1e-06,MIA,MIA
NYA202104060,2021-04-06,NYA,BAL,0,0,1e-06,1e-06,NYA,NYA
SEA202104060,2021-04-06,SEA,CHA,0,0,1e-06,1e-06,SEA,SEA
CHN202104060,2021-04-06,CHN,MIL,0,3,1e-06,1e-06,CHN,CHN
CIN202104060,2021-04-06,CIN,PIT,1,0,1e-06,1e-06,CIN,CIN
SDN202104060,2021-04-06,SDN,SFN,0,0,1e-06,1e-06,SDN,SDN
CIN202104070,2021-04-07,CIN,PIT,5,0,1e-06,1e-06,CIN,CIN
PHI202104070,2021-04-07,PHI,NYN,4,0,1e-06,1e-06,PHI,PHI
BOS202104070,2021-04-07,BOS,TBA,0,0,1e-06,1e-06,BOS,BOS
DET202104070,2021-04-07,DET,MIN,0,0,1e-06,1e-06,DET,DET
NYA202104070,2021-04-07,NYA,BAL,0,0,1e-06,1e-06,NYA,NYA
CHN202104070,2021-04-07,CHN,MIL,0,0,1e-06,1e-06,CHN,CHN
MIA202104070,2021-04-07,MIA,SLN,0,0,1e-06,1e-06,MIA,MIA
COL202104070,2021-04-07,COL,ARI,1,0,1e-06,1e-06,COL,COL
SDN202104070,2021-04-07,SDN,SFN,0,0,1e-06,1e-06,SDN,SDN
TEX202104070,2021-04-07,TEX,TOR,0,0,1e-06,1e-06,TEX,TEX
WAS202104071,2021-04-07,WAS,ATL,4,1,1e-06,1e-06,WAS,WAS
CLE202104070,2021-04-07,CLE,KCA,0,0,1e-06,1e-06,CLE,CLE
WAS202104072,2021-04-07,WAS,ATL,0,0,1e-06,1e-06,WAS,WAS
OAK202104070,2021-04-07,OAK,LAN,0,1,1e-06,1e-06,OAK,OAK
SEA202104070,2021-04-07,SEA,CHA,0,0,1e-06,1e-06,SEA,SEA
NYN202104080,2021-04-08,NYN,MIA,0,0,129.48897528262268,1756.5620451799746,PHI,MIA
PIT202104080,2021-04-08,PIT,CHN,0,1,415.25842934625814,660.0502267315369,CIN,CHN
HOU202104080,2021-04-08,HOU,OAK,0,0,2169.9670210701,2629.671879056886,ANA,OAK
BAL202104080,2021-04-08,BAL,BOS,2,2,272.81937803481173,578.81170796599,NYA,BOS
SLN202104080,2021-04-08,SLN,MIL,0,0,1707.3616110149374,422.49209120404555,MIA,CHN
CHA202104080,2021-04-08,CHA,KCA,3,0,2788.668911659839,494.38381964269325,SEA,CLE
MIN202104080,2021-04-08,MIN,SEA,0,0,872.516450655481,2238.4089622775527,DET,SEA
COL202104080,2021-04-08,COL,ARI,3,0,1e-06,1e-06,COL,COL
TOR202104080,2021-04-08,TOR,ANA,3,1,1953.6900971659159,3477.996626466436,TEX,ANA
ATL202104090,2021-04-09,ATL,PHI,0,0,874.0887985860761,1071.2330338826835,WAS,PHI
TOR202104090,2021-04-09,TOR,ANA,0,0,1e-06,1e-06,TOR,TOR
SFN202104090,2021-04-09,SFN,COL,0,0,738.1265117326025,1524.5101947303656,SDN,COL
TBA202104090,2021-04-09,TBA,NYA,0,0,1926.6943817180322,1638.0556824552712,BOS,NYA
HOU202104090,2021-04-09,HOU,OAK,0,0,1e-06,1e-06,HOU,HOU
CLE202104090,2021-04-09,CLE,DET,3,0,1e-06,145.52553501827433,CLE,DET
ARI202104090,2021-04-09,ARI,CIN,0,0,942.6579354569091,2538.655038172322,COL,CIN
TEX202104090,2021-04-09,TEX,SDN,0,0,1e-06,1879.9176992056841,TEX,SDN
LAN202104090,2021-04-09,LAN,WAS,0,0,552.4676717810693,3694.4220119834245,OAK,WAS
LAN202104100,2021-04-10,LAN,WAS,0,1,1e-06,1e-06,LAN,LAN
TEX202104100,2021-04-10,TEX,SDN,0,0,1e-06,1e-06,TEX,TEX
SFN202104100,2021-04-10,SFN,COL,0,0,1e-06,1e-06,SFN,SFN
MIN202104100,2021-04-10,MIN,SEA,0,0,1e-06,1e-06,MIN,MIN
BAL202104100,2021-04-10,BAL,BOS,2,2,1e-06,1e-06,BAL,BAL
HOU202104100,2021-04-10,HOU,OAK,0,0,1e-06,1e-06,HOU,HOU
PIT202104100,2021-04-10,PIT,CHN,0,1,1e-06,1e-06,PIT,PIT
SLN202104100,2021-04-10,SLN,MIL,0,1,1e-06,1e-06,SLN,SLN
ATL202104100,2021-04-10,ATL,PHI,3,2,1e-06,1e-06,ATL,ATL
TBA202104100,2021-04-10,TBA,NYA,1,0,1e-06,1e-06,TBA,TBA
TOR202104100,2021-04-10,TOR,ANA,0,0,1e-06,1e-06,TOR,TOR
NYN202104100,2021-04-10,NYN,MIA,0,0,1e-06,1e-06,NYN,NYN
ARI202104100,2021-04-10,ARI,CIN,0,0,1e-06,1e-06,ARI,ARI
CLE202104100,2021-04-10,CLE,DET,0,0,1e-06,1e-06,CLE,CLE
ATL202104110,2021-04-11,ATL,PHI,3,0,1e-06,1e-06,ATL,ATL
NYN202104110,2021-04-11,NYN,MIA,0,0,1e-06,1e-06,NYN,NYN
BAL202104110,2021-04-11,BAL,BOS,0,0,1e-06,1e-06,BAL,BAL
CHA202104110,2021-04-11,CHA,KCA,0,0,1e-06,1e-06,CHA,CHA
CLE202104110,2021-04-11,CLE,DET,0,1,1e-06,1e-06,CLE,CLE
MIN202104110,2021-04-11,MIN,SEA,1,0,1e-06,1e-06,MIN,MIN
TBA202104110,2021-04-11,TBA,NYA,0,0,1e-06,1e-06,TBA,TBA
TEX202104110,2021-04-11,TEX,SDN,0,0,1e-06,1e-06,TEX,TEX
LAN202104110,2021-04-11,LAN,WAS,0,0,1e-06,1e-06,LAN,LAN
SLN202104110,2021-04-11,SLN,MIL,0,4,1e-06,1e-06,SLN,SLN
PIT202104110,2021-04-11,PIT,CHN,0,0,1e-06,1e-06,PIT,PIT
SFN202104110,2021-04-11,SFN,COL,2,0,1e-06,1e-06,SFN,SFN
ARI202104110,2021-04-11,ARI,CIN,0,0,1e-06,1e-06,ARI,ARI
HOU202104120,2021-04-12,HOU,DET,0,0,1e-06,1793.7234420980124,HOU,CLE
ARI202104120,2021-04-12,ARI,OAK,0,1,1e-06,1630.8590123845936,ARI,HOU
TBA202104120,2021-04-12,TBA,TEX,0,0,1e-06,1496.616116420437,TBA,TEX
SLN202104120,2021-04-12,SLN,WAS,0,1,1e-06,2553.1974748902726,SLN,LAN
SFN202104120,2021-04-12,SFN,CIN,0,0,1e-06,1050.9933942487219,SFN,ARI
CHA202104120,2021-04-12,CHA,CLE,0,0,1e-06,494.38381964269325,CHA,CLE
ATL202104120,2021-04-12,ATL,MIA,1,0,1e-06,1200.4511584455877,ATL,NYN
MIL202104120,2021-04-12,MIL,CHN,0,0,526.8349145670746,722.0054120555708,SLN,PIT
PIT202104120,2021-04-12,PIT,SDN,0,1,1e-06,1741.1290055955549,PIT,TEX
TOR202104120,2021-04-12,TOR,NYA,1,0,1e-06,1789.459752085548,TOR,TBA
KCA202104120,2021-04-12,KCA,ANA,0,0,663.9206411727051,1362.7751953099457,CHA,TOR
BAL202104132,2021-04-13,BAL,SEA,0,0,1e-06,1508.338155320694,BAL,MIN
BAL202104131,2021-04-13,BAL,SEA,0,1,1e-06,1e-06,BAL,BAL
LAN202104130,2021-04-13,LAN,COL,2,0,1e-06,559.4406195325591,LAN,SFN
TOR202104130,2021-04-13,TOR,NYA,0,0,1e-06,1e-06,TOR,TOR
ATL202104130,2021-04-13,ATL,MIA,3,0,1e-06,1e-06,ATL,ATL
KCA202104130,2021-04-13,KCA,ANA,1,0,1e-06,1e-06,KCA,KCA
PIT202104130,2021-04-13,PIT,SDN,3,2,1e-06,1e-06,PIT,PIT
ARI202104130,2021-04-13,ARI,OAK,0,0,1e-06,1e-06,ARI,ARI
TBA202104130,2021-04-13,TBA,TEX,2,1,1e-06,1e-06,TBA,TBA
SLN202104130,2021-04-13,SLN,WAS,1,0,1e-06,1e-06,SLN,SLN
CHA202104130,2021-04-13,CHA,CLE,0,0,1e-06,1e-06,CHA,CHA
MIL202104130,2021-04-13,MIL,CHN,0,0,1e-06,1e-06,MIL,MIL
MIN202104130,2021-04-13,MIN,BOS,2,0,1e-06,1508.338155320694,MIN,BAL
HOU202104130,2021-04-13,HOU,DET,0,0,1e-06,1e-06,HOU,HOU
SFN202104130,2021-04-13,SFN,CIN,4,4,1e-06,1e-06,SFN,SFN
NYN202104131,2021-04-13,NYN,PHI,2,0,1e-06,1200.4511584455877,NYN,ATL
NYN202104132,2021-04-13,NYN,PHI,0,0,1e-06,1e-06,NYN,NYN
PIT202104140,2021-04-14,PIT,SDN,0,0,1e-06,1e-06,PIT,PIT
MIN202104141,2021-04-14,MIN,BOS,0,0,1e-06,1e-06,MIN,MIN
MIN202104142,2021-04-14,MIN,BOS,1,0,1e-06,1e-06,MIN,MIN
KCA202104140,2021-04-14,KCA,ANA,0,0,1e-06,1e-06,KCA,KCA
ATL202104140,2021-04-14,ATL,MIA,0,0,1e-06,1e-06,ATL,ATL
LAN202104140,2021-04-14,LAN,COL,2,0,1e-06,1e-06,LAN,LAN
HOU202104140,2021-04-14,HOU,DET,0,0,1e-06,1e-06,HOU,HOU
NYN202104140,2021-04-14,NYN,PHI,2,0,1e-06,1e-06,NYN,NYN
TBA202104140,2021-04-14,TBA,TEX,0,0,1e-06,1e-06,TBA,TBA
TOR202104140,2021-04-14,TOR,NYA,0,1,1e-06,1e-06,TOR,TOR
SFN202104140,2021-04-14,SFN,CIN,0,0,1e-06,1e-06,SFN,SFN
SLN202104140,2021-04-14,SLN,WAS,0,0,1e-06,1e-06,SLN,SLN
MIL202104140,2021-04-14,MIL,CHN,2,0,1e-06,1e-06,MIL,MIL
CHA202104140,2021-04-14,CHA,CLE,6,0,1e-06,1e-06,CHA,CHA
BAL202104151,2021-04-15,BAL,SEA,2,0,1e-06,1e-06,BAL,BAL
MIN202104150,2021-04-15,MIN,BOS,0,0,1e-06,1e-06,MIN,MIN
BAL202104152,2021-04-15,BAL,SEA,0,0,1e-06,1e-06,BAL,BAL
LAN202104150,2021-04-15,LAN,COL,0,1,1e-06,1e-06,LAN,LAN
PIT202104150,2021-04-15,PIT,SDN,0,4,1e-06,1e-06,PIT,PIT
TBA202104150,2021-04-15,TBA,TEX,0,0,1e-06,1e-06,TBA,TBA
WAS202104150,2021-04-15,WAS,ARI,4,3,1142.2462660488457,3184.3579900386735,SLN,ARI
OAK202104150,2021-04-15,OAK,DET,0,0,1040.2976618519092,2629.671879056886,ARI,HOU
KCA202104150,2021-04-15,KCA,TOR,1,0,1e-06,1362.7751953099457,KCA,TOR
ATL202104150,2021-04-15,ATL,MIA,0,0,1e-06,1e-06,ATL,ATL
CHA202104150,2021-04-15,CHA,CLE,1,0,1e-06,1e-06,CHA,CHA
OAK202104160,2021-04-16,OAK,DET,0,0,1e-06,1e-06,OAK,OAK
TEX202104160,2021-04-16,TEX,BAL,0,0,1496.616116420437,1968.7690954443951,TBA,BAL
SEA202104160,2021-04-16,SEA,HOU,0,0,3746.584168000963,3039.1839825945185,BAL,HOU
WAS202104160,2021-04-16,WAS,ARI,0,0,1e-06,1e-06,WAS,WAS
SDN202104160,2021-04-16,SDN,LAN,0,0,3402.7692440534656,179.52869961196944,PIT,LAN
PHI202104160,2021-04-16,PHI,SLN,0,0,129.48897528262268,1300.6291865836333,NYN,SLN
NYA202104160,2021-04-16,NYA,TBA,0,2,550.2922217550002,1638.0556824552712,TOR,TBA
MIL202104160,2021-04-16,MIL,PIT,0,0,1e-06,722.0054120555708,MIL,PIT
CHN202104160,2021-04-16,CHN,ATL,0,0,132.54357794550742,947.8182724063668,MIL,ATL
ANA202104160,2021-04-16,ANA,MIN,0,0,2158.345510444982,2437.087352189671,KCA,MIN
MIA202104160,2021-04-16,MIA,SFN,0,0,973.3591318981379,4167.0413845935145,ATL,SFN
CIN202104160,2021-04-16,CIN,CLE,0,0,3280.370735305635,406.25273298859213,SFN,CHA
PHI202104170,2021-04-17,PHI,SLN,1,0,1e-06,1e-06,PHI,PHI
MIL202104170,2021-04-17,MIL,PIT,5,0,1e-06,1e-06,MIL,MIL
BOS202104170,2021-04-17,BOS,CHA,0,2,1804.1923618308685,1365.5064971534737,MIN,CHA
SDN202104170,2021-04-17,SDN,LAN,0,0,1e-06,1e-06,SDN,SDN
COL202104172,2021-04-17,COL,NYN,3,0,1336.5596902131042,2618.595617996944,LAN,NYN
CIN202104170,2021-04-17,CIN,CLE,0,0,1e-06,1e-06,CIN,CIN
COL202104171,2021-04-17,COL,NYN,0,0,1e-06,1e-06,COL,COL
TEX202104170,2021-04-17,TEX,BAL,0,0,1e-06,1e-06,TEX,TEX
SEA202104170,2021-04-17,SEA,HOU,0,0,1e-06,1e-06,SEA,SEA
WAS202104170,2021-04-17,WAS,ARI,0,0,1e-06,1e-06,WAS,WAS
NYA202104170,2021-04-17,NYA,TBA,0,0,1e-06,1e-06,NYA,NYA
CHN202104170,2021-04-17,CHN,ATL,1,0,1e-06,1e-06,CHN,CHN
KCA202104171,2021-04-17,KCA,TOR,0,2,1e-06,1e-06,KCA,KCA
KCA202104172,2021-04-17,KCA,TOR,0,0,1e-06,1e-06,KCA,KCA
OAK202104170,2021-04-17,OAK,DET,1,0,1e-06,1e-06,OAK,OAK
MIA202104170,2021-04-17,MIA,SFN,1,0,1e-06,1e-06,MIA,MIA
CIN202104180,2021-04-18,CIN,CLE,0,1,1e-06,1e-06,CIN,CIN
WAS202104180,2021-04-18,WAS,ARI,0,1,1e-06,1e-06,WAS,WAS
CHN202104180,2021-04-18,CHN,ATL,2,6,1e-06,1e-06,CHN,CHN
BOS202104181,2021-04-18,BOS,CHA,0,1,1e-06,1e-06,BOS,BOS
BOS202104182,2021-04-18,BOS,CHA,0,1,1e-06,1e-06,BOS,BOS
COL202104180,2021-04-18,COL,NYN,0,0,1e-06,1e-06,COL,COL
KCA202104180,2021-04-18,KCA,TOR,0,0,1e-06,1e-06,KCA,KCA
TEX202104180,2021-04-18,TEX,BAL,0,0,1e-06,1e-06,TEX,TEX
MIA202104180,2021-04-18,MIA,SFN,0,0,1e-06,1e-06,MIA,MIA
OAK202104180,2021-04-18,OAK,DET,0,0,1e-06,1e-06,OAK,OAK
SDN202104180,2021-04-18,SDN,LAN,0,0,1e-06,1e-06,SDN,SDN
NYA202104180,2021-04-18,NYA,TBA,0,0,1e-06,1e-06,NYA,NYA
PHI202104180,2021-04-18,PHI,SLN,1,0,1e-06,1e-06,PHI,PHI
SEA202104180,2021-04-18,SEA,HOU,1,0,1e-06,1e-06,SEA,SEA
MIL202104180,2021-04-18,MIL,PIT,2,0,1e-06,1e-06,MIL,MIL
PHI202104190,2021-04-19,PHI,SFN,0,0,1e-06,1644.1190984600378,PHI,MIA
SDN202104190,2021-04-19,SDN,MIL,1,0,1e-06,2790.8560532571964,SDN,MIL
BOS202104190,2021-04-19,BOS,CHA,6,1,1e-06,1e-06,BOS,BOS
SEA202104190,2021-04-19,SEA,LAN,2,0,1e-06,1711.8059777853623,SEA,SDN
ANA202104190,2021-04-19,ANA,TEX,0,0,1e-06,1938.7751997181072,ANA,TEX
WAS202104190,2021-04-19,WAS,SLN,0,0,1e-06,197.2342958595587,WAS,PHI
KCA202104190,2021-04-19,KCA,TBA,0,0,1e-06,1759.8286951805926,KCA,NYA
WAS202104200,2021-04-20,WAS,SLN,0,0,1e-06,1e-06,WAS,WAS
OAK202104201,2021-04-20,OAK,MIN,0,0,1e-06,592.0809005913671,OAK,ANA
CIN202104200,2021-04-20,CIN,ARI,0,3,1e-06,647.9323389925676,CIN,WAS
CLE202104200,2021-04-20,CLE,CHA,0,0,358.1075548344512,884.5468110577992,CIN,BOS
COL202104200,2021-04-20,COL,HOU,0,0,1e-06,1640.846947858291,COL,SEA
OAK202104202,2021-04-20,OAK,MIN,0,0,1e-06,1e-06,OAK,OAK
SDN202104200,2021-04-20,SDN,MIL,0,0,1e-06,1e-06,SDN,SDN
BOS202104200,2021-04-20,BOS,TOR,0,0,1e-06,2008.0645584325657,BOS,KCA
PHI202104200,2021-04-20,PHI,SFN,0,0,1e-06,1e-06,PHI,PHI
ANA202104200,2021-04-20,ANA,TEX,0,0,1e-06,1e-06,ANA,ANA
NYA202104200,2021-04-20,NYA,ATL,0,0,1e-06,1144.1299356702407,NYA,CHN
MIA202104200,2021-04-20,MIA,BAL,1,3,1e-06,1804.0128601780746,MIA,TEX
KCA202104200,2021-04-20,KCA,TBA,0,1,1e-06,1e-06,KCA,KCA
CHN202104200,2021-04-20,CHN,NYN,0,0,1e-06,1477.450780411816,CHN,COL
SEA202104200,2021-04-20,SEA,LAN,0,0,1e-06,1e-06,SEA,SEA
MIA202104210,2021-04-21,MIA,BAL,0,0,1e-06,1e-06,MIA,MIA
WAS202104210,2021-04-21,WAS,SLN,0,0,1e-06,1e-06,WAS,WAS
OAK202104210,2021-04-21,OAK,MIN,0,1,1e-06,1e-06,OAK,OAK
ANA202104210,2021-04-21,ANA,TEX,1,0,1e-06,1e-06,ANA,ANA
DET202104211,2021-04-21,DET,PIT,0,0,3345.164678963249,408.26325353446157,OAK,MIL
DET202104212,2021-04-21,DET,PIT,0,1,1e-06,1e-06,DET,DET
CHN202104210,2021-04-21,CHN,NYN,0,1,1e-06,1e-06,CHN,CHN
PHI202104210,2021-04-21,PHI,SFN,0,0,1e-06,1e-06,PHI,PHI
BOS202104210,2021-04-21,BOS,TOR,0,1,1e-06,1e-06,BOS,BOS
NYA202104210,2021-04-21,NYA,ATL,0,0,1e-06,1e-06,NYA,NYA
KCA202104210,2021-04-21,KCA,TBA,0,4,1e-06,1e-06,KCA,KCA
COL202104210,2021-04-21,COL,HOU,2,0,1e-06,1e-06,COL,COL
SDN202104210,2021-04-21,SDN,MIL,0,0,1e-06,1e-06,SDN,SDN
CIN202104210,2021-04-21,CIN,ARI,0,0,1e-06,1e-06,CIN,CIN
DET202104220,2021-04-22,DET,PIT,0,2,1e-06,1e-06,DET,DET
CIN202104220,2021-04-22,CIN,ARI,1,0,1e-06,1e-06,CIN,CIN
CHN202104220,2021-04-22,CHN,NYN,0,0,1e-06,1e-06,CHN,CHN
HOU202104220,2021-04-22,HOU,ANA,0,0,1412.379089095518,2169.9670210701,COL,ANA
BOS202104220,2021-04-22,BOS,SEA,0,0,1e-06,4000.0367541660753,BOS,SEA
LAN202104220,2021-04-22,LAN,SDN,0,0,1545.141516309272,179.52869961196944,SEA,SDN
CLE202104220,2021-04-22,CLE,NYA,3,0,1e-06,649.8727601989037,CLE,NYA
SFN202104220,2021-04-22,SFN,MIA,3,0,4049.9907698933403,4167.0413845935145,PHI,MIA
CHA202104230,2021-04-23,CHA,TEX,0,0,494.38381964269325,2786.2559450879285,CLE,ANA
MIN202104230,2021-04-23,MIN,PIT,0,0,2531.5923192792015,872.516450655481,OAK,DET
NYN202104230,2021-04-23,NYN,WAS,0,0,1144.1299356702407,326.3648041771951,CHN,WAS
CHN202104230,2021-04-23,CHN,MIL,6,0,1e-06,2787.070270174863,CHN,SDN
HOU202104230,2021-04-23,HOU,ANA,0,0,1e-06,1e-06,HOU,HOU
BOS202104230,2021-04-23,BOS,SEA,2,1,1e-06,1e-06,BOS,BOS
COL202104230,2021-04-23,COL,PHI,0,0,1e-06,2534.0409405234473,COL,PHI
DET202104230,2021-04-23,DET,KCA,0,0,1e-06,1034.95696626315,DET,KCA
ATL202104230,2021-04-23,ATL,ARI,0,0,1200.4511584455877,595.1171397463928,NYA,CIN
TBA202104230,2021-04-23,TBA,TOR,0,4,1680.826511683993,1926.6943817180322,KCA,BOS
SLN202104230,2021-04-23,SLN,CIN,0,0,1142.2462660488457,494.9532553693752,WAS,CIN
CLE202104230,2021-04-23,CLE,NYA,3,0,1e-06,1e-06,CLE,CLE
BAL202104230,2021-04-23,BAL,OAK,0,0,1539.1317139517298,3931.3055139950993,MIA,OAK
SFN202104230,2021-04-23,SFN,MIA,0,1,1e-06,1e-06,SFN,SFN
LAN202104230,2021-04-23,LAN,SDN,1,0,1e-06,1e-06,LAN,LAN
TBA202104240,2021-04-24,TBA,TOR,0,3,1e-06,1e-06,TBA,TBA
NYN202104240,2021-04-24,NYN,WAS,0,1,1e-06,1e-06,NYN,NYN
SLN202104240,2021-04-24,SLN,CIN,1,0,1e-06,1e-06,SLN,SLN
CHA202104240,2021-04-24,CHA,TEX,0,0,1e-06,1e-06,CHA,CHA
SFN202104240,2021-04-24,SFN,MIA,0,0,1e-06,1e-06,SFN,SFN
LAN202104240,2021-04-24,LAN,SDN,0,1,1e-06,1e-06,LAN,LAN
CLE202104240,2021-04-24,CLE,NYA,0,0,1e-06,1e-06,CLE,CLE
BAL202104240,2021-04-24,BAL,OAK,0,1,1e-06,1e-06,BAL,BAL
BOS202104240,2021-04-24,BOS,SEA,0,1,1e-06,1e-06,BOS,BOS
COL202104240,2021-04-24,COL,PHI,1,0,1e-06,1e-06,COL,COL
DET202104240,2021-04-24,DET,KCA,0,0,1e-06,1e-06,DET,DET
CHN202104240,2021-04-24,CHN,MIL,0,0,1e-06,1e-06,CHN,CHN
HOU202104240,2021-04-24,HOU,ANA,3,0,1e-06,1e-06,HOU,HOU
MIN202104240,2021-04-24,MIN,PIT,0,0,1e-06,1e-06,MIN,MIN
MIN202104250,2021-04-25,MIN,PIT,1,2,1e-06,1e-06,MIN,MIN
NYN202104250,2021-04-25,NYN,WAS,2,0,1e-06,1e-06,NYN,NYN
SFN202104250,2021-04-25,SFN,MIA,0,0,1e-06,1e-06,SFN,SFN
BAL202104250,2021-04-25,BAL,OAK,0,0,1e-06,1e-06,BAL,BAL
TBA202104250,2021-04-25,TBA,TOR,0,0,1e-06,1e-06,TBA,TBA
HOU202104250,2021-04-25,HOU,ANA,0,0,1e-06,1e-06,HOU,HOU
BOS202104250,2021-04-25,BOS,SEA,4,1,1e-06,1e-06,BOS,BOS
COL202104250,2021-04-25,COL,PHI,0,1,1e-06,1e-06,COL,COL
LAN202104250,2021-04-25,LAN,SDN,0,0,1e-06,1e-06,LAN,LAN
ATL202104251,2021-04-25,ATL,ARI,0,0,1e-06,1e-06,ATL,ATL
ATL202104252,2021-04-25,ATL,ARI,0,5,1e-06,1e-06,ATL,ATL
SLN202104250,2021-04-25,SLN,CIN,1,0,1e-06,1e-06,SLN,SLN
CHA202104250,2021-04-25,CHA,TEX,2,0,1e-06,1e-06,CHA,CHA
CLE202104250,2021-04-25,CLE,NYA,0,0,1e-06,1e-06,CLE,CLE
DET202104250,2021-04-25,DET,KCA,0,0,1e-06,1e-06,DET,DET
CHN202104250,2021-04-25,CHN,MIL,0,1,1e-06,1e-06,CHN,CHN
SLN202104260,2021-04-26,SLN,PHI,0,0,1e-06,1279.0227614650469,SLN,COL
CLE202104260,2021-04-26,CLE,MIN,0,0,1e-06,1013.2251113855248,CLE,MIN
SFN202104260,2021-04-26,SFN,COL,4,0,1e-06,1524.5101947303656,SFN,COL
HOU202104260,2021-04-26,HOU,SEA,2,0,1e-06,2582.243070652819,HOU,BOS
BAL202104260,2021-04-26,BAL,NYA,1,0,1e-06,495.2645964012307,BAL,CLE
TEX202104260,2021-04-26,TEX,ANA,4,1,1309.650558347085,368.5990384284446,CHA,HOU
DET202104260,2021-04-26,DET,KCA,0,0,1e-06,1e-06,DET,DET
LAN202104260,2021-04-26,LAN,CIN,0,0,1e-06,2553.1974748902726,LAN,SLN
ATL202104260,2021-04-26,ATL,CHN,4,0,1e-06,947.8182724063668,ATL,CHN
MIL202104260,2021-04-26,MIL,MIA,0,0,132.54357794550742,2954.3733541563483,CHN,SFN
TBA202104260,2021-04-26,TBA,OAK,1,0,1e-06,1393.7772067986984,TBA,BAL
SFN202104270,2021-04-27,SFN,COL,1,2,1e-06,1e-06,SFN,SFN
PIT202104270,2021-04-27,PIT,KCA,1,0,1195.8388614672979,331.7516309667575,MIN,DET
TOR202104270,2021-04-27,TOR,WAS,0,1,1789.459752085548,550.2922217550002,TBA,NYN
BAL202104270,2021-04-27,BAL,NYA,0,1,1e-06,1e-06,BAL,BAL
ARI202104270,2021-04-27,ARI,SDN,0,0,2556.4851145812468,574.8341159449532,ATL,LAN
SLN202104270,2021-04-27,SLN,PHI,1,1,1e-06,1e-06,SLN,SLN
ATL202104270,2021-04-27,ATL,CHN,0,0,1e-06,1e-06,ATL,ATL
TEX202104270,2021-04-27,TEX,ANA,1,0,1e-06,1e-06,TEX,TEX
NYN202104270,2021-04-27,NYN,BOS,0,0,1e-06,306.2037667286439,NYN,BOS
CHA202104270,2021-04-27,CHA,DET,1,1,1e-06,380.91207013286544,CHA,DET
CLE202104270,2021-04-27,CLE,MIN,1,2,1e-06,1e-06,CLE,CLE
MIL202104270,2021-04-27,MIL,MIA,0,1,1e-06,1e-06,MIL,MIL
TBA202104270,2021-04-27,TBA,OAK,1,0,1e-06,1e-06,TBA,TBA
LAN202104270,2021-04-27,LAN,CIN,0,1,1e-06,1e-06,LAN,LAN
HOU202104270,2021-04-27,HOU,SEA,0,0,1e-06,1e-06,HOU,HOU
TOR202104280,2021-04-28,TOR,WAS,0,0,1e-06,1e-06,TOR,TOR
ATL202104280,2021-04-28,ATL,CHN,4,0,1e-06,1e-06,ATL,ATL
CLE202104280,2021-04-28,CLE,MIN,0,4,1e-06,1e-06,CLE,CLE
SLN202104280,2021-04-28,SLN,PHI,0,0,1e-06,1e-06,SLN,SLN
TBA202104280,2021-04-28,TBA,OAK,0,0,1e-06,1e-06,TBA,TBA
ARI202104280,2021-04-28,ARI,SDN,0,0,1e-06,1e-06,ARI,ARI
NYN202104280,2021-04-28,NYN,BOS,0,0,1e-06,1e-06,NYN,NYN
PIT202104280,2021-04-28,PIT,KCA,0,3,1e-06,1e-06,PIT,PIT
TEX202104280,2021-04-28,TEX,ANA,1,4,1e-06,1e-06,TEX,TEX
BAL202104280,2021-04-28,BAL,NYA,0,0,1e-06,1e-06,BAL,BAL
MIL202104280,2021-04-28,MIL,MIA,0,0,1e-06,1e-06,MIL,MIL
SFN202104280,2021-04-28,SFN,COL,0,0,1e-06,1e-06,SFN,SFN
LAN202104280,2021-04-28,LAN,CIN,0,0,1e-06,1e-06,LAN,LAN
HOU202104280,2021-04-28,HOU,SEA,0,0,1e-06,1e-06,HOU,HOU
TEX202104290,2021-04-29,TEX,BOS,0,0,1e-06,2225.551415128663,TEX,NYN
SLN202104290,2021-04-29,SLN,PHI,0,0,1e-06,1e-06,SLN,SLN
TBA202104290,2021-04-29,TBA,OAK,1,0,1e-06,1e-06,TBA,TBA
BAL202104290,2021-04-29,BAL,NYA,1,0,1e-06,1e-06,BAL,BAL
ARI202104290,2021-04-29,ARI,COL,0,0,1e-06,1050.9933942487219,ARI,SFN
MIL202104290,2021-04-29,MIL,LAN,0,0,1e-06,2799.844413597458,MIL,LAN
ATL202104290,2021-04-29,ATL,CHN,0,2,1e-06,1e-06,ATL,ATL
HOU202104290,2021-04-29,HOU,SEA,0,0,1e-06,1e-06,HOU,HOU
CHA202104291,2021-04-29,CHA,DET,0,0,1e-06,1e-06,CHA,CHA
CHA202104292,2021-04-29,CHA,DET,0,0,1e-06,1e-06,CHA,CHA
CIN202104300,2021-04-30,CIN,CHN,0,1,3046.5057464053752,595.1171397463928,LAN,ATL
TBA202104300,2021-04-30,TBA,HOU,0,1,1e-06,1270.2138325576016,TBA,HOU
SEA202104300,2021-04-30,SEA,ANA,1,2,3039.1839825945185,2688.6235870338205,HOU,TEX
MIN202104300,2021-04-30,MIN,KCA,0,0,1013.2251113855248,1195.8388614672979,CLE,PIT
SDN202104300,2021-04-30,SDN,SFN,1,1,481.0116378281714,738.1265117326025,ARI,SFN
TOR202104300,2021-04-30,TOR,ATL,0,0,1e-06,1183.2911929642491,TOR,ATL
CHA202104300,2021-04-30,CHA,CLE,0,0,1e-06,494.38381964269325,CHA,CLE
MIL202104300,2021-04-30,MIL,LAN,0,0,1e-06,1e-06,MIL,MIL
PIT202104300,2021-04-30,PIT,SLN,0,1,1e-06,898.8824563980571,PIT,SLN
WAS202104300,2021-04-30,WAS,MIA,0,0,563.6478111844908,1025.9779093655507,TOR,MIL
OAK202104300,2021-04-30,OAK,BAL,0,0,3845.9573440873414,3931.3055139950993,TBA,BAL
ARI202104300,2021-04-30,ARI,COL,0,1,1e-06,1e-06,ARI,ARI
NYA202104300,2021-04-30,NYA,DET,1,0,272.81937803481173,1144.1299356702407,BAL,CHA
PHI202104300,2021-04-30,PHI,NYN,0,0,1300.6291865836333,129.48897528262268,SLN,NYN
TEX202104300,2021-04-30,TEX,BOS,0,4,1e-06,1e-06,TEX,TEX
PIT202105010,2021-05-01,PIT,SLN,0,4,1e-06,1e-06,PIT,PIT
OAK202105010,2021-05-01,OAK,BAL,0,0,1e-06,1e-06,OAK,OAK
WAS202105010,2021-05-01,WAS,MIA,1,0,1e-06,1e-06,WAS,WAS
CHA202105010,2021-05-01,CHA,CLE,0,0,1e-06,1e-06,CHA,CHA
NYA202105010,2021-05-01,NYA,DET,0,0,1e-06,1e-06,NYA,NYA
MIL202105010,2021-05-01,MIL,LAN,0,1,1e-06,1e-06,MIL,MIL
SEA202105010,2021-05-01,SEA,ANA,0,3,1e-06,1e-06,SEA,SEA
TBA202105010,2021-05-01,TBA,HOU,0,3,1e-06,1e-06,TBA,TBA
PHI202105010,2021-05-01,PHI,NYN,0,4,1e-06,1e-06,PHI,PHI
SDN202105010,2021-05-01,SDN,SFN,3,0,1e-06,1e-06,SDN,SDN
MIN202105010,2021-05-01,MIN,KCA,0,2,1e-06,1e-06,MIN,MIN
TEX202105010,2021-05-01,TEX,BOS,0,0,1e-06,1e-06,TEX,TEX
TOR202105010,2021-05-01,TOR,ATL,0,0,1e-06,1e-06,TOR,TOR
CIN202105010,2021-05-01,CIN,CHN,2,0,1e-06,1e-06,CIN,CIN
ARI202105010,2021-05-01,ARI,COL,0,1,1e-06,1e-06,ARI,ARI
TEX202105020,2021-05-02,TEX,BOS,0,0,1e-06,1e-06,TEX,TEX
WAS202105020,2021-05-02,WAS,MIA,0,0,1e-06,1e-06,WAS,WAS
CHA202105020,2021-05-02,CHA,CLE,0,0,1e-06,1e-06,CHA,CHA
OAK202105020,2021-05-02,OAK,BAL,2,0,1e-06,1e-06,OAK,OAK
NYA202105020,2021-05-02,NYA,DET,0,0,1e-06,1e-06,NYA,NYA
TOR202105020,2021-05-02,TOR,ATL,0,0,1e-06,1e-06,TOR,TOR
SEA202105020,2021-05-02,SEA,ANA,0,0,1e-06,1e-06,SEA,SEA
CIN202105020,2021-05-02,CIN,CHN,2,1,1e-06,1e-06,CIN,CIN
MIL202105020,2021-05-02,MIL,LAN,0,5,1e-06,1e-06,MIL,MIL
ARI202105020,2021-05-02,ARI,COL,0,0,1e-06,1e-06,ARI,ARI
TBA202105020,2021-05-02,TBA,HOU,0,0,1e-06,1e-06,TBA,TBA
PHI202105020,2021-05-02,PHI,NYN,1,0,1e-06,1e-06,PHI,PHI
MIN202105020,2021-05-02,MIN,KCA,0,0,1e-06,1e-06,MIN,MIN
PIT202105020,2021-05-02,PIT,SLN,0,0,1e-06,1e-06,PIT,PIT
SDN202105020,2021-05-02,SDN,SFN,1,0,1e-06,1e-06,SDN,SDN
SLN202105030,2021-05-03,SLN,NYN,1,0,898.8824563980571,1300.6291865836333,PIT,PHI
KCA202105030,2021-05-03,KCA,CLE,0,0,662.9211681328137,663.9206411727051,MIN,CHA
SEA202105030,2021-05-03,SEA,BAL,0,0,1e-06,1089.6592015072615,SEA,OAK
ANA202105030,2021-05-03,ANA,TBA,0,0,1575.276973597757,3425.3074193268753,SEA,TBA
SDN202105030,2021-05-03,SDN,PIT,0,0,1e-06,3402.7692440534656,SDN,PIT
PHI202105030,2021-05-03,PHI,MIL,2,1,1e-06,1117.7982780855818,PHI,MIL
MIN202105030,2021-05-03,MIN,TEX,0,0,1e-06,1396.7696185124962,MIN,TEX
OAK202105030,2021-05-03,OAK,TOR,0,0,1e-06,3630.644600855592,OAK,TOR
MIA202105040,2021-05-04,MIA,ARI,3,0,1489.628641346009,3182.157566983313,WAS,ARI
SEA202105040,2021-05-04,SEA,BAL,0,0,1e-06,1e-06,SEA,SEA
COL202105042,2021-05-04,COL,SFN,0,2,942.6579354569091,1340.7925092662401,ARI,SDN
CIN202105040,2021-05-04,CIN,CHA,0,0,1e-06,406.25273298859213,CIN,CHA
COL202105041,2021-05-04,COL,SFN,0,10,1e-06,1e-06,COL,COL
PHI202105040,2021-05-04,PHI,MIL,1,1,1e-06,1e-06,PHI,PHI
MIN202105040,2021-05-04,MIN,TEX,2,1,1e-06,1e-06,MIN,MIN
CHN202105041,2021-05-04,CHN,LAN,4,0,406.25273298859213,132.54357794550742,CIN,MIL
CHN202105042,2021-05-04,CHN,LAN,0,0,1e-06,1e-06,CHN,CHN
SDN202105040,2021-05-04,SDN,PIT,0,0,1e-06,1e-06,SDN,SDN
NYA202105040,2021-05-04,NYA,HOU,3,1,1e-06,1638.0556824552712,NYA,TBA
OAK202105040,2021-05-04,OAK,TOR,0,0,1e-06,1e-06,OAK,OAK
KCA202105040,2021-05-04,KCA,CLE,0,0,1e-06,1e-06,KCA,KCA
ANA202105040,2021-05-04,ANA,TBA,0,1,1e-06,1e-06,ANA,ANA
WAS202105040,2021-05-04,WAS,ATL,0,0,1e-06,563.6478111844908,WAS,TOR
BOS202105040,2021-05-04,BOS,DET,4,0,2512.5604144030362,306.2037667286439,TEX,NYA
SLN202105051,2021-05-05,SLN,NYN,1,0,1e-06,1e-06,SLN,SLN
CHN202105050,2021-05-05,CHN,LAN,0,0,1e-06,1e-06,CHN,CHN
SDN202105050,2021-05-05,SDN,PIT,0,0,1e-06,1e-06,SDN,SDN
MIA202105050,2021-05-05,MIA,ARI,2,0,1e-06,1e-06,MIA,MIA
SLN202105052,2021-05-05,SLN,NYN,0,0,1e-06,1e-06,SLN,SLN
CIN202105050,2021-05-05,CIN,CHA,0,0,1e-06,1e-06,CIN,CIN
ANA202105050,2021-05-05,ANA,TBA,0,0,1e-06,1e-06,ANA,ANA
WAS202105050,2021-05-05,WAS,ATL,0,0,1e-06,1e-06,WAS,WAS
PHI202105050,2021-05-05,PHI,MIL,5,0,1e-06,1e-06,PHI,PHI
BOS202105050,2021-05-05,BOS,DET,0,0,1e-06,1e-06,BOS,BOS
MIN202105050,2021-05-05,MIN,TEX,0,0,1e-06,1e-06,MIN,MIN
SEA202105050,2021-05-05,SEA,BAL,0,0,1e-06,1e-06,SEA,SEA
COL202105050,2021-05-05,COL,SFN,0,0,1e-06,1e-06,COL,COL
KCA202105050,2021-05-05,KCA,CLE,0,0,1e-06,1e-06,KCA,KCA
OAK202105050,2021-05-05,OAK,TOR,1,2,1e-06,1e-06,OAK,OAK
NYA202105050,2021-05-05,NYA,HOU,0,0,1e-06,1e-06,NYA,NYA
BOS202105060,2021-05-06,BOS,DET,1,0,1e-06,1e-06,BOS,BOS
KCA202105060,2021-05-06,KCA,CLE,0,0,1e-06,1e-06,KCA,KCA
MIA202105060,2021-05-06,MIA,ARI,1,0,1e-06,1e-06,MIA,MIA
SLN202105060,2021-05-06,SLN,NYN,0,0,1e-06,1e-06,SLN,SLN
MIN202105060,2021-05-06,MIN,TEX,1,0,1e-06,1e-06,MIN,MIN
WAS202105060,2021-05-06,WAS,ATL,0,0,1e-06,1e-06,WAS,WAS
NYA202105060,2021-05-06,NYA,HOU,0,0,1e-06,1e-06,NYA,NYA
OAK202105060,2021-05-06,OAK,TOR,1,0,1e-06,1e-06,OAK,OAK
ANA202105060,2021-05-06,ANA,TBA,0,0,1e-06,1e-06,ANA,ANA
PHI202105060,2021-05-06,PHI,MIL,0,0,1e-06,1e-06,PHI,PHI
DET202105070,2021-05-07,DET,MIN,0,1,984.732039314543,872.516450655481,BOS,MIN
ATL202105070,2021-05-07,ATL,PHI,0,7,874.0887985860761,1071.2330338826835,WAS,PHI
SLN202105070,2021-05-07,SLN,COL,0,0,1e-06,1279.0227614650469,SLN,COL
NYN202105070,2021-05-07,NYN,ARI,0,0,1403.0288811452067,1756.5620451799746,SLN,MIA
MIA202105070,2021-05-07,MIA,MIL,1,0,1e-06,1644.1190984600378,MIA,PHI
BAL202105070,2021-05-07,BAL,BOS,0,0,3746.584168000963,578.81170796599,SEA,BOS
NYA202105070,2021-05-07,NYA,WAS,1,0,1e-06,326.3648041771951,NYA,WAS
HOU202105070,2021-05-07,HOU,TOR,0,1,2282.180747677387,2629.671879056886,NYA,OAK
OAK202105070,2021-05-07,OAK,TBA,0,0,1e-06,592.0809005913671,OAK,ANA
CHN202105070,2021-05-07,CHN,PIT,1,0,1e-06,2787.070270174863,CHN,SDN
CLE202105070,2021-05-07,CLE,CIN,0,0,1123.5230318083022,358.1075548344512,KCA,CIN
KCA202105070,2021-05-07,KCA,CHA,0,0,1e-06,868.1617780403714,KCA,CIN
ANA202105070,2021-05-07,ANA,LAN,0,0,1e-06,2786.2559450879285,ANA,CHN
SFN202105070,2021-05-07,SFN,SDN,0,0,1524.5101947303656,738.1265117326025,COL,SDN
TEX202105070,2021-05-07,TEX,SEA,2,0,1396.7696185124962,2688.6235870338205,MIN,SEA
KCA202105080,2021-05-08,KCA,CHA,0,8,1e-06,1e-06,KCA,KCA
SLN202105080,2021-05-08,SLN,COL,3,1,1e-06,1e-06,SLN,SLN
HOU202105080,2021-05-08,HOU,TOR,0,0,1e-06,1e-06,HOU,HOU
DET202105080,2021-05-08,DET,MIN,1,0,1e-06,1e-06,DET,DET
ANA202105080,2021-05-08,ANA,LAN,0,0,1e-06,1e-06,ANA,ANA
SFN202105080,2021-05-08,SFN,SDN,0,0,1e-06,1e-06,SFN,SFN
CLE202105080,2021-05-08,CLE,CIN,1,0,1e-06,1e-06,CLE,CLE
CHN202105080,2021-05-08,CHN,PIT,1,0,1e-06,1e-06,CHN,CHN
OAK202105080,2021-05-08,OAK,TBA,2,0,1e-06,1e-06,OAK,OAK
TEX202105080,2021-05-08,TEX,SEA,0,2,1e-06,1e-06,TEX,TEX
BAL202105080,2021-05-08,BAL,BOS,1,0,1e-06,1e-06,BAL,BAL
MIA202105080,2021-05-08,MIA,MIL,1,0,1e-06,1e-06,MIA,MIA
ATL202105080,2021-05-08,ATL,PHI,0,2,1e-06,1e-06,ATL,ATL
NYN202105080,2021-05-08,NYN,ARI,0,0,1e-06,1e-06,NYN,NYN
NYA202105080,2021-05-08,NYA,WAS,0,0,1e-06,1e-06,NYA,NYA
ATL202105090,2021-05-09,ATL,PHI,4,1,1e-06,1e-06,ATL,ATL
SLN202105090,2021-05-09,SLN,COL,0,0,1e-06,1e-06,SLN,SLN
NYA202105090,2021-05-09,NYA,WAS,0,0,1e-06,1e-06,NYA,NYA
MIA202105090,2021-05-09,MIA,MIL,0,0,1e-06,1e-06,MIA,MIA
HOU202105090,2021-05-09,HOU,TOR,0,0,1e-06,1e-06,HOU,HOU
BAL202105090,2021-05-09,BAL,BOS,1,0,1e-06,1e-06,BAL,BAL
ANA202105090,2021-05-09,ANA,LAN,0,0,1e-06,1e-06,ANA,ANA
SFN202105090,2021-05-09,SFN,SDN,0,0,1e-06,1e-06,SFN,SFN
TEX202105090,2021-05-09,TEX,SEA,0,0,1e-06,1e-06,TEX,TEX
NYN202105090,2021-05-09,NYN,ARI,0,0,1e-06,1e-06,NYN,NYN
OAK202105090,2021-05-09,OAK,TBA,0,0,1e-06,1e-06,OAK,OAK
KCA202105090,2021-05-09,KCA,CHA,1,0,1e-06,1e-06,KCA,KCA
CHN202105090,2021-05-09,CHN,PIT,0,4,1e-06,1e-06,CHN,CHN
HOU202105100,2021-05-10,HOU,ANA,1,0,1e-06,2169.9670210701,HOU,ANA
SFN202105100,2021-05-10,SFN,TEX,0,0,1e-06,2363.044634840767,SFN,TEX
BAL202105100,2021-05-10,BAL,BOS,0,0,1e-06,1e-06,BAL,BAL
ARI202105100,2021-05-10,ARI,MIA,1,0,3443.682019431773,3182.157566983313,NYN,MIA
PIT202105100,2021-05-10,PIT,CIN,0,0,660.0502267315369,186.24975562107616,CHN,CLE
DET202105110,2021-05-11,DET,KCA,0,0,1e-06,1034.95696626315,DET,KCA
MIL202105110,2021-05-11,MIL,SLN,0,0,2045.0709343750696,526.8349145670746,MIA,SLN
ATL202105110,2021-05-11,ATL,TOR,1,0,1e-06,1129.120744817785,ATL,HOU
WAS202105110,2021-05-11,WAS,PHI,0,1,326.3648041771951,874.0887985860761,NYA,ATL
NYN202105110,2021-05-11,NYN,BAL,0,0,1e-06,272.81937803481173,NYN,BAL
PIT202105110,2021-05-11,PIT,CIN,1,0,1e-06,1e-06,PIT,PIT
CHA202105110,2021-05-11,CHA,MIN,0,0,663.9206411727051,380.91207013286544,KCA,DET
COL202105110,2021-05-11,COL,SDN,1,0,1279.0227614650469,1524.5101947303656,SLN,SFN
LAN202105110,2021-05-11,LAN,SEA,0,1,40.86770847173621,1971.1455630393184,ANA,TEX
SFN202105110,2021-05-11,SFN,TEX,2,1,1e-06,1e-06,SFN,SFN
BOS202105110,2021-05-11,BOS,OAK,1,0,578.81170796599,4320.465179781682,BAL,OAK
ARI202105110,2021-05-11,ARI,MIA,0,0,1e-06,1e-06,ARI,ARI
TBA202105110,2021-05-11,TBA,NYA,0,1,3845.9573440873414,1638.0556824552712,OAK,NYA
CLE202105110,2021-05-11,CLE,CHN,0,0,1e-06,494.38381964269325,CLE,CHN
HOU202105110,2021-05-11,HOU,ANA,0,0,1e-06,1e-06,HOU,HOU
MIL202105120,2021-05-12,MIL,SLN,0,0,1e-06,1e-06,MIL,MIL
PIT202105120,2021-05-12,PIT,CIN,0,0,1e-06,1e-06,PIT,PIT
DET202105120,2021-05-12,DET,KCA,0,2,1e-06,1e-06,DET,DET
ARI202105120,2021-05-12,ARI,MIA,1,2,1e-06,1e-06,ARI,ARI
NYN202105120,2021-05-12,NYN,BAL,0,0,1e-06,1e-06,NYN,NYN
ATL202105120,2021-05-12,ATL,TOR,0,0,1e-06,1e-06,ATL,ATL
BOS202105120,2021-05-12,BOS,OAK,1,0,1e-06,1e-06,BOS,BOS
CHA202105120,2021-05-12,CHA,MIN,2,1,1e-06,1e-06,CHA,CHA
COL202105121,2021-05-12,COL,SDN,1,0,1e-06,1e-06,COL,COL
HOU202105120,2021-05-12,HOU,ANA,3,0,1e-06,1e-06,HOU,HOU
COL202105122,2021-05-12,COL,SDN,0,0,1e-06,1e-06,COL,COL
WAS202105120,2021-05-12,WAS,PHI,0,0,1e-06,1e-06,WAS,WAS
CLE202105120,2021-05-12,CLE,CHN,0,0,1e-06,1e-06,CLE,CLE
LAN202105120,2021-05-12,LAN,SEA,0,0,1e-06,1e-06,LAN,LAN
TBA202105120,2021-05-12,TBA,NYA,0,0,1e-06,1e-06,TBA,TBA
ATL202105130,2021-05-13,ATL,TOR,2,0,1e-06,1e-06,ATL,ATL
TBA202105130,2021-05-13,TBA,NYA,2,0,1e-06,1e-06,TBA,TBA
MIL202105130,2021-05-13,MIL,SLN,0,1,1e-06,1e-06,MIL,MIL
BOS202105130,2021-05-13,BOS,OAK,3,0,1e-06,1e-06,BOS,BOS
PIT202105130,2021-05-13,PIT,SFN,0,0,1e-06,3638.3530777091846,PIT,SFN
ARI202105130,2021-05-13,ARI,MIA,0,0,1e-06,1e-06,ARI,ARI
COL202105130,2021-05-13,COL,CIN,3,0,1e-06,2121.7512666569423,COL,PIT
DET202105130,2021-05-13,DET,KCA,0,0,1e-06,1e-06,DET,DET
HOU202105130,2021-05-13,HOU,TEX,0,1,1e-06,2641.7391700833814,HOU,SFN
CHA202105130,2021-05-13,CHA,MIN,1,0,1e-06,1e-06,CHA,CHA
WAS202105130,2021-05-13,WAS,PHI,4,0,1e-06,1e-06,WAS,WAS
SEA202105130,2021-05-13,SEA,CLE,0,0,1545.141516309272,3251.6066902182984,LAN,CLE
DET202105140,2021-05-14,DET,CHN,0,0,1e-06,145.52553501827433,DET,CLE
SEA202105140,2021-05-14,SEA,CLE,1,0,1e-06,1e-06,SEA,SEA
BOS202105140,2021-05-14,BOS,ANA,0,0,1e-06,2582.243070652819,BOS,HOU
CHA202105142,2021-05-14,CHA,KCA,0,0,1e-06,380.91207013286544,CHA,DET
HOU202105140,2021-05-14,HOU,TEX,0,0,1e-06,1e-06,HOU,HOU
CHA202105141,2021-05-14,CHA,KCA,1,0,1e-06,1e-06,CHA,CHA
SDN202105140,2021-05-14,SDN,SLN,1,0,1340.7925092662401,2790.8560532571964,COL,MIL
COL202105140,2021-05-14,COL,CIN,1,0,1e-06,1e-06,COL,COL
MIL202105140,2021-05-14,MIL,ATL,0,0,1e-06,1079.4745171093869,MIL,ATL
PIT202105140,2021-05-14,PIT,SFN,0,0,1e-06,1e-06,PIT,PIT
LAN202105140,2021-05-14,LAN,MIA,0,0,1e-06,574.8341159449532,LAN,ARI
ARI202105140,2021-05-14,ARI,WAS,0,6,1e-06,3184.3579900386735,ARI,WAS
TBA202105140,2021-05-14,TBA,NYN,0,0,1e-06,1638.0556824552712,TBA,NYN
MIN202105140,2021-05-14,MIN,OAK,0,0,571.0232496384983,1804.1923618308685,CHA,BOS
TOR202105140,2021-05-14,TOR,PHI,0,0,1183.2911929642491,563.6478111844908,ATL,WAS
BAL202105140,2021-05-14,BAL,NYA,1,1,272.81937803481173,1393.7772067986984,NYN,TBA
LAN202105150,2021-05-15,LAN,MIA,0,0,1e-06,1e-06,LAN,LAN
ARI202105150,2021-05-15,ARI,WAS,3,1,1e-06,1e-06,ARI,ARI
HOU202105150,2021-05-15,HOU,TEX,4,1,1e-06,1e-06,HOU,HOU
TBA202105150,2021-05-15,TBA,NYN,1,0,1e-06,1e-06,TBA,TBA
MIN202105150,2021-05-15,MIN,OAK,1,2,1e-06,1e-06,MIN,MIN
BOS202105150,2021-05-15,BOS,ANA,1,0,1e-06,1e-06,BOS,BOS
CHA202105150,2021-05-15,CHA,KCA,0,1,1e-06,1e-06,CHA,CHA
DET202105150,2021-05-15,DET,CHN,3,2,1e-06,1e-06,DET,DET
COL202105150,2021-05-15,COL,CIN,2,0,1e-06,1e-06,COL,COL
TOR202105150,2021-05-15,TOR,PHI,1,0,1e-06,1e-06,TOR,TOR
BAL202105150,2021-05-15,BAL,NYA,0,3,1e-06,1e-06,BAL,BAL
PIT202105150,2021-05-15,PIT,SFN,0,3,1e-06,1e-06,PIT,PIT
SEA202105150,2021-05-15,SEA,CLE,1,0,1e-06,1e-06,SEA,SEA
MIL202105150,2021-05-15,MIL,ATL,0,2,1e-06,1e-06,MIL,MIL
SDN202105150,2021-05-15,SDN,SLN,2,0,1e-06,1e-06,SDN,SDN
BAL202105160,2021-05-16,BAL,NYA,2,4,1e-06,1e-06,BAL,BAL
MIN202105160,2021-05-16,MIN,OAK,0,0,1e-06,1e-06,MIN,MIN
TBA202105160,2021-05-16,TBA,NYN,0,0,1e-06,1e-06,TBA,TBA
COL202105160,2021-05-16,COL,CIN,0,0,1e-06,1e-06,COL,COL
ARI202105160,2021-05-16,ARI,WAS,0,0,1e-06,1e-06,ARI,ARI
PIT202105160,2021-05-16,PIT,SFN,0,1,1e-06,1e-06,PIT,PIT
BOS202105160,2021-05-16,BOS,ANA,0,0,1e-06,1e-06,BOS,BOS
LAN202105160,2021-05-16,LAN,MIA,0,0,1e-06,1e-06,LAN,LAN
MIL202105160,2021-05-16,MIL,ATL,0,0,1e-06,1e-06,MIL,MIL
HOU202105160,2021-05-16,HOU,TEX,1,0,1e-06,1e-06,HOU,HOU
SDN202105160,2021-05-16,SDN,SLN,0,2,1e-06,1e-06,SDN,SDN
SEA202105160,2021-05-16,SEA,CLE,1,0,1e-06,1e-06,SEA,SEA
CHA202105160,2021-05-16,CHA,KCA,0,1,1e-06,1e-06,CHA,CHA
DET202105160,2021-05-16,DET,CHN,0,0,1e-06,1e-06,DET,DET
TOR202105160,2021-05-16,TOR,PHI,2,0,1e-06,1e-06,TOR,TOR
SDN202105170,2021-05-17,SDN,COL,3,0,1e-06,1340.7925092662401,SDN,COL
MIN202105170,2021-05-17,MIN,CHA,0,3,1e-06,571.0232496384983,MIN,CHA
ATL202105170,2021-05-17,ATL,NYN,0,0,1079.4745171093869,688.5440708416155,MIL,TBA
TEX202105170,2021-05-17,TEX,NYA,0,1,368.5990384284446,1968.7690954443951,HOU,BAL
CHN202105170,2021-05-17,CHN,WAS,1,0,380.91207013286544,2336.6124175782998,DET,ARI
CIN202105170,2021-05-17,CIN,SFN,0,1,1756.1898521305268,415.25842934625814,COL,PIT
SEA202105170,2021-05-17,SEA,DET,0,0,1e-06,3110.621572335556,SEA,DET
LAN202105170,2021-05-17,LAN,ARI,0,0,1e-06,574.8341159449532,LAN,ARI
ANA202105170,2021-05-17,ANA,CLE,1,1,4151.631080145035,1575.276973597757,BOS,SEA
ATL202105180,2021-05-18,ATL,NYN,0,0,1e-06,1e-06,ATL,ATL
MIN202105180,2021-05-18,MIN,CHA,0,1,1e-06,1e-06,MIN,MIN
PHI202105180,2021-05-18,PHI,MIA,0,0,539.7375980826044,3844.216938115361,TOR,LAN
LAN202105180,2021-05-18,LAN,ARI,1,0,1e-06,1e-06,LAN,LAN
KCA202105180,2021-05-18,KCA,MIL,0,0,663.9206411727051,707.8851314063497,CHA,MIL
SEA202105180,2021-05-18,SEA,DET,0,1,1e-06,1e-06,SEA,SEA
SLN202105180,2021-05-18,SLN,PIT,2,0,2512.7882729547905,898.8824563980571,SDN,PIT
CHN202105180,2021-05-18,CHN,WAS,0,0,1e-06,1e-06,CHN,CHN
ANA202105180,2021-05-18,ANA,CLE,1,5,1e-06,1e-06,ANA,ANA
TEX202105180,2021-05-18,TEX,NYA,0,0,1e-06,1e-06,TEX,TEX
BAL202105180,2021-05-18,BAL,TBA,0,0,1e-06,1393.7772067986984,BAL,TBA
CIN202105180,2021-05-18,CIN,SFN,1,0,1e-06,1e-06,CIN,CIN
TOR202105180,2021-05-18,TOR,BOS,0,0,1e-06,691.6136251477402,TOR,BOS
OAK202105180,2021-05-18,OAK,HOU,1,2,2531.5923192792015,2629.671879056886,MIN,HOU
SDN202105180,2021-05-18,SDN,COL,0,0,1e-06,1e-06,SDN,SDN
SEA202105190,2021-05-19,SEA,DET,2,0,1e-06,1e-06,SEA,SEA
KCA202105190,2021-05-19,KCA,MIL,0,1,1e-06,1e-06,KCA,KCA
TOR202105190,2021-05-19,TOR,BOS,1,5,1e-06,1e-06,TOR,TOR
LAN202105190,2021-05-19,LAN,ARI,0,0,1e-06,1e-06,LAN,LAN
MIN202105190,2021-05-19,MIN,CHA,0,0,1e-06,1e-06,MIN,MIN
OAK202105190,2021-05-19,OAK,HOU,0,2,1e-06,1e-06,OAK,OAK
ATL202105190,2021-05-19,ATL,NYN,0,0,1e-06,1e-06,ATL,ATL
CHN202105190,2021-05-19,CHN,WAS,0,0,1e-06,1e-06,CHN,CHN
SDN202105190,2021-05-19,SDN,COL,0,0,1e-06,1e-06,SDN,SDN
ANA202105190,2021-05-19,ANA,CLE,0,1,1e-06,1e-06,ANA,ANA
TEX202105190,2021-05-19,TEX,NYA,0,0,1e-06,1e-06,TEX,TEX
PHI202105190,2021-05-19,PHI,MIA,0,0,1e-06,1e-06,PHI,PHI
CIN202105190,2021-05-19,CIN,SFN,0,0,1e-06,1e-06,CIN,CIN
SLN202105190,2021-05-19,SLN,PIT,1,0,1e-06,1e-06,SLN,SLN
BAL202105190,2021-05-19,BAL,TBA,1,0,1e-06,1e-06,BAL,BAL
TEX202105200,2021-05-20,TEX,NYA,0,0,1e-06,1e-06,TEX,TEX
ATL202105200,2021-05-20,ATL,PIT,0,2,1e-06,751.930362209131,ATL,SLN
OAK202105200,2021-05-20,OAK,HOU,1,0,1e-06,1e-06,OAK,OAK
ANA202105202,2021-05-20,ANA,MIN,1,4,1e-06,2437.087352189671,ANA,MIN
PHI202105200,2021-05-20,PHI,MIA,0,0,1e-06,1e-06,PHI,PHI
TOR202105200,2021-05-20,TOR,BOS,2,0,1e-06,1e-06,TOR,TOR
BAL202105200,2021-05-20,BAL,TBA,0,0,1e-06,1e-06,BAL,BAL
ANA202105201,2021-05-20,ANA,MIN,1,0,1e-06,1e-06,ANA,ANA
CIN202105200,2021-05-20,CIN,SFN,0,1,1e-06,1e-06,CIN,CIN
LAN202105200,2021-05-20,LAN,ARI,0,0,1e-06,1e-06,LAN,LAN
CHN202105200,2021-05-20,CHN,WAS,0,2,1e-06,1e-06,CHN,CHN
TOR202105210,2021-05-21,TOR,TBA,2,0,1e-06,537.0332419152472,TOR,BAL
CLE202105210,2021-05-21,CLE,MIN,0,0,3271.7957310678776,3271.7957310678776,ANA,ANA
SFN202105210,2021-05-21,SFN,LAN,0,0,3280.370735305635,559.4406195325591,CIN,LAN
CIN202105210,2021-05-21,CIN,MIL,3,0,1e-06,868.1617780403714,CIN,KCA
COL202105210,2021-05-21,COL,ARI,3,0,1340.7925092662401,1336.5596902131042,SDN,LAN
SDN202105210,2021-05-21,SDN,SEA,4,1,1e-06,1711.8059777853623,SDN,SEA
PHI202105210,2021-05-21,PHI,BOS,0,2,1e-06,539.7375980826044,PHI,TOR
TEX202105210,2021-05-21,TEX,HOU,0,0,1e-06,2350.5503898425545,TEX,OAK
KCA202105210,2021-05-21,KCA,DET,0,0,1e-06,2418.3539462011913,KCA,SEA
SLN202105210,2021-05-21,SLN,CHN,0,1,1e-06,422.49209120404555,SLN,CHN
ANA202105210,2021-05-21,ANA,OAK,0,0,1e-06,592.0809005913671,ANA,OAK
ATL202105210,2021-05-21,ATL,PIT,1,0,1e-06,1e-06,ATL,ATL
MIA202105210,2021-05-21,MIA,NYN,0,2,1644.1190984600378,973.3591318981379,PHI,ATL
NYA202105210,2021-05-21,NYA,CHA,0,0,2225.551415128663,1636.0526645605564,TEX,MIN
WAS202105210,2021-05-21,WAS,BAL,0,0,956.88299544195,55.02896457567408,CHN,BAL
SDN202105220,2021-05-22,SDN,SEA,0,0,1e-06,1e-06,SDN,SDN
ANA202105220,2021-05-22,ANA,OAK,0,1,1e-06,1e-06,ANA,ANA
CIN202105220,2021-05-22,CIN,MIL,0,0,1e-06,1e-06,CIN,CIN
MIA202105220,2021-05-22,MIA,NYN,0,0,1e-06,1e-06,MIA,MIA
TEX202105220,2021-05-22,TEX,HOU,0,2,1e-06,1e-06,TEX,TEX
NYA202105220,2021-05-22,NYA,CHA,0,0,1e-06,1e-06,NYA,NYA
KCA202105220,2021-05-22,KCA,DET,2,0,1e-06,1e-06,KCA,KCA
SLN202105220,2021-05-22,SLN,CHN,0,1,1e-06,1e-06,SLN,SLN
ATL202105220,2021-05-22,ATL,PIT,2,0,1e-06,1e-06,ATL,ATL
WAS202105220,2021-05-22,WAS,BAL,0,5,1e-06,1e-06,WAS,WAS
CLE202105220,2021-05-22,CLE,MIN,2,0,1e-06,1e-06,CLE,CLE
PHI202105220,2021-05-22,PHI,BOS,0,0,1e-06,1e-06,PHI,PHI
TOR202105220,2021-05-22,TOR,TBA,1,0,1e-06,1e-06,TOR,TOR
SFN202105220,2021-05-22,SFN,LAN,0,1,1e-06,1e-06,SFN,SFN
COL202105220,2021-05-22,COL,ARI,0,0,1e-06,1e-06,COL,COL
NYA202105230,2021-05-23,NYA,CHA,2,0,1e-06,1e-06,NYA,NYA
COL202105230,2021-05-23,COL,ARI,0,0,1e-06,1e-06,COL,COL
TEX202105230,2021-05-23,TEX,HOU,0,0,1e-06,1e-06,TEX,TEX
SLN202105230,2021-05-23,SLN,CHN,0,0,1e-06,1e-06,SLN,SLN
KCA202105230,2021-05-23,KCA,DET,0,2,1e-06,1e-06,KCA,KCA
MIA202105230,2021-05-23,MIA,NYN,0,0,1e-06,1e-06,MIA,MIA
CLE202105230,2021-05-23,CLE,MIN,2,0,1e-06,1e-06,CLE,CLE
TOR202105230,2021-05-23,TOR,TBA,0,1,1e-06,1e-06,TOR,TOR
WAS202105230,2021-05-23,WAS,BAL,4,3,1e-06,1e-06,WAS,WAS
CIN202105230,2021-05-23,CIN,MIL,0,3,1e-06,1e-06,CIN,CIN
SFN202105230,2021-05-23,SFN,LAN,0,0,1e-06,1e-06,SFN,SFN
SDN202105230,2021-05-23,SDN,SEA,0,0,1e-06,1e-06,SDN,SDN
PHI202105230,2021-05-23,PHI,BOS,4,0,1e-06,1e-06,PHI,PHI
ANA202105230,2021-05-23,ANA,OAK,0,0,1e-06,1e-06,ANA,ANA
ATL202105230,2021-05-23,ATL,PIT,3,1,1e-06,1e-06,ATL,ATL
MIA202105240,2021-05-24,MIA,PHI,0,0,1e-06,1644.1190984600378,MIA,PHI
MIN202105240,2021-05-24,MIN,BAL,0,1,1013.2251113855248,1500.7861867672325,CLE,WAS
NYN202105240,2021-05-24,NYN,COL,0,0,1756.5620451799746,2618.595617996944,MIA,COL
MIL202105240,2021-05-24,MIL,SDN,0,0,525.1892238126902,2790.8560532571964,CIN,SDN
CHA202105240,2021-05-24,CHA,SLN,0,0,1144.1299356702407,422.49209120404555,NYA,SLN
DET202105240,2021-05-24,DET,CLE,0,0,1034.95696626315,145.52553501827433,KCA,CLE
OAK202105240,2021-05-24,OAK,SEA,0,1,592.0809005913671,731.4285571970996,ANA,SDN
TOR202105240,2021-05-24,TOR,TBA,0,6,1e-06,1e-06,TOR,TOR
MIN202105250,2021-05-25,MIN,BAL,0,0,1e-06,1e-06,MIN,MIN
BOS202105250,2021-05-25,BOS,ATL,1,0,435.5953169043613,1506.6278415289673,PHI,ATL
MIL202105250,2021-05-25,MIL,SDN,0,0,1e-06,1e-06,MIL,MIL
MIA202105250,2021-05-25,MIA,PHI,0,0,1e-06,1e-06,MIA,MIA
DET202105250,2021-05-25,DET,CLE,0,1,1e-06,1e-06,DET,DET
TBA202105250,2021-05-25,TBA,KCA,0,0,1789.459752085548,1680.826511683993,TOR,KCA
WAS202105250,2021-05-25,WAS,CIN,0,0,1e-06,647.9323389925676,WAS,CIN
HOU202105250,2021-05-25,HOU,LAN,0,0,368.5990384284446,2641.7391700833814,TEX,SFN
NYA202105250,2021-05-25,NYA,TOR,0,0,1e-06,550.2922217550002,NYA,TOR
OAK202105250,2021-05-25,OAK,SEA,0,2,1e-06,1e-06,OAK,OAK
CHA202105250,2021-05-25,CHA,SLN,2,0,1e-06,1e-06,CHA,CHA
ANA202105250,2021-05-25,ANA,TEX,1,0,1e-06,1938.7751997181072,ANA,TEX
PIT202105250,2021-05-25,PIT,CHN,2,0,840.3908477621023,898.8824563980571,ATL,SLN
ARI202105250,2021-05-25,ARI,SFN,0,3,942.6579354569091,1050.9933942487219,COL,SFN
NYN202105250,2021-05-25,NYN,COL,1,0,1e-06,1e-06,NYN,NYN
DET202105260,2021-05-26,DET,CLE,0,0,1e-06,1e-06,DET,DET
ANA202105260,2021-05-26,ANA,TEX,5,0,1e-06,1e-06,ANA,ANA
OAK202105260,2021-05-26,OAK,SEA,2,0,1e-06,1e-06,OAK,OAK
WAS202105260,2021-05-26,WAS,CIN,2,0,1e-06,1e-06,WAS,WAS
MIN202105260,2021-05-26,MIN,BAL,0,1,1e-06,1e-06,MIN,MIN
HOU202105260,2021-05-26,HOU,LAN,1,0,1e-06,1e-06,HOU,HOU
CHA202105260,2021-05-26,CHA,SLN,0,0,1e-06,1e-06,CHA,CHA
BOS202105260,2021-05-26,BOS,ATL,0,2,1e-06,1e-06,BOS,BOS
MIA202105260,2021-05-26,MIA,PHI,0,0,1e-06,1e-06,MIA,MIA
TBA202105260,2021-05-26,TBA,KCA,0,0,1e-06,1e-06,TBA,TBA
ARI202105260,2021-05-26,ARI,SFN,1,0,1e-06,1e-06,ARI,ARI
MIL202105260,2021-05-26,MIL,SDN,0,1,1e-06,1e-06,MIL,MIL
PIT202105260,2021-05-26,PIT,CHN,0,0,1e-06,1e-06,PIT,PIT
LAN202105270,2021-05-27,LAN,SFN,0,0,2205.5170699182067,574.8341159449532,HOU,ARI
MIA202105270,2021-05-27,MIA,PHI,0,0,1e-06,1e-06,MIA,MIA
DET202105270,2021-05-27,DET,CLE,0,1,1e-06,1e-06,DET,DET
WAS202105270,2021-05-27,WAS,CIN,0,1,1e-06,1e-06,WAS,WAS
TBA202105270,2021-05-27,TBA,KCA,3,0,1e-06,1e-06,TBA,TBA
OAK202105270,2021-05-27,OAK,ANA,0,0,1e-06,592.0809005913671,OAK,ANA
ARI202105270,2021-05-27,ARI,SLN,0,0,1e-06,2336.6124175782998,ARI,CHA
MIL202105270,2021-05-27,MIL,SDN,0,0,1e-06,1e-06,MIL,MIL
NYA202105272,2021-05-27,NYA,TOR,1,0,1e-06,1e-06,NYA,NYA
PIT202105270,2021-05-27,PIT,CHN,0,1,1e-06,1e-06,PIT,PIT
NYA202105271,2021-05-27,NYA,TOR,0,0,1e-06,1e-06,NYA,NYA
SEA202105270,2021-05-27,SEA,TEX,0,0,1089.6592015072615,1575.276973597757,OAK,ANA
NYN202105271,2021-05-27,NYN,COL,0,0,1e-06,1e-06,NYN,NYN
CHA202105270,2021-05-27,CHA,BAL,0,0,1e-06,571.0232496384983,CHA,MIN
NYN202105272,2021-05-27,NYN,COL,1,0,1e-06,1e-06,NYN,NYN
BOS202105280,2021-05-28,BOS,MIA,0,0,1e-06,2024.1956124919243,BOS,MIA
MIN202105280,2021-05-28,MIN,KCA,0,0,1e-06,2137.431531245163,MIN,TBA
CHN202105280,2021-05-28,CHN,CIN,0,0,660.0502267315369,956.88299544195,PIT,WAS
HOU202105280,2021-05-28,HOU,SDN,0,0,1e-06,1618.630710213877,HOU,MIL
LAN202105280,2021-05-28,LAN,SFN,0,0,1e-06,1e-06,LAN,LAN
OAK202105280,2021-05-28,OAK,ANA,0,0,1e-06,1e-06,OAK,OAK
SEA202105280,2021-05-28,SEA,TEX,0,0,1e-06,1e-06,SEA,SEA
CLE202105280,2021-05-28,CLE,TOR,2,0,145.52553501827433,649.8727601989037,DET,NYA
ARI202105280,2021-05-28,ARI,SLN,1,4,1e-06,1e-06,ARI,ARI
DET202105280,2021-05-28,DET,NYA,0,0,1e-06,773.7548030957365,DET,NYA
PIT202105291,2021-05-29,PIT,COL,0,0,1e-06,505.04779123783345,PIT,NYN
PIT202105292,2021-05-29,PIT,COL,1,0,1e-06,1e-06,PIT,PIT
NYN202105290,2021-05-29,NYN,ATL,1,0,1e-06,306.2037667286439,NYN,BOS
ARI202105290,2021-05-29,ARI,SLN,0,1,1e-06,1e-06,ARI,ARI
TBA202105290,2021-05-29,TBA,PHI,2,0,1e-06,319.9354673545946,TBA,MIA
DET202105290,2021-05-29,DET,NYA,0,0,1e-06,1e-06,DET,DET
HOU202105290,2021-05-29,HOU,SDN,0,0,1e-06,1e-06,HOU,HOU
MIN202105290,2021-05-29,MIN,KCA,1,0,1e-06,1e-06,MIN,MIN
WAS202105292,2021-05-29,WAS,MIL,0,0,1e-06,1025.9779093655507,WAS,MIL
WAS202105291,2021-05-29,WAS,MIL,0,2,1e-06,1e-06,WAS,WAS
LAN202105290,2021-05-29,LAN,SFN,1,0,1e-06,1e-06,LAN,LAN
BOS202105290,2021-05-29,BOS,MIA,0,0,1e-06,1e-06,BOS,BOS
CHA202105291,2021-05-29,CHA,BAL,1,1,1e-06,1e-06,CHA,CHA
CHA202105292,2021-05-29,CHA,BAL,0,0,1e-06,1e-06,CHA,CHA
SEA202105290,2021-05-29,SEA,TEX,0,0,1e-06,1e-06,SEA,SEA
OAK202105290,2021-05-29,OAK,ANA,0,0,1e-06,1e-06,OAK,OAK
CHN202105290,2021-05-29,CHN,CIN,0,0,1e-06,1e-06,CHN,CHN
OAK202105300,2021-05-30,OAK,ANA,0,0,1e-06,1e-06,OAK,OAK
DET202105300,2021-05-30,DET,NYA,2,0,1e-06,1e-06,DET,DET
CHA202105300,2021-05-30,CHA,BAL,0,0,1e-06,1e-06,CHA,CHA
TBA202105300,2021-05-30,TBA,PHI,0,0,1e-06,1e-06,TBA,TBA
ARI202105300,2021-05-30,ARI,SLN,0,1,1e-06,1e-06,ARI,ARI
CLE202105301,2021-05-30,CLE,TOR,0,0,1e-06,1e-06,CLE,CLE
PIT202105300,2021-05-30,PIT,COL,0,0,1e-06,1e-06,PIT,PIT
LAN202105300,2021-05-30,LAN,SFN,0,3,1e-06,1e-06,LAN,LAN
CLE202105302,2021-05-30,CLE,TOR,0,0,1e-06,1e-06,CLE,CLE
SEA202105300,2021-05-30,SEA,TEX,1,0,1e-06,1e-06,SEA,SEA
HOU202105300,2021-05-30,HOU,SDN,4,0,1e-06,1e-06,HOU,HOU
MIN202105300,2021-05-30,MIN,KCA,1,1,1e-06,1e-06,MIN,MIN
WAS202105300,2021-05-30,WAS,MIL,0,2,1e-06,1e-06,WAS,WAS
CHN202105300,2021-05-30,CHN,CIN,0,3,1e-06,1e-06,CHN,CHN
CLE202105312,2021-05-31,CLE,CHA,0,0,1e-06,494.38381964269325,CLE,CHA
KCA202105310,2021-05-31,KCA,PIT,1,1,662.9211681328137,1255.3811411500053,MIN,PIT
MIL202105310,2021-05-31,MIL,DET,0,0,1025.9779093655507,408.26325353446157,WAS,DET
ARI202105310,2021-05-31,ARI,NYN,0,0,1e-06,3443.682019431773,ARI,NYN
NYA202105310,2021-05-31,NYA,TBA,0,0,773.7548030957365,1638.0556824552712,DET,TBA
SFN202105310,2021-05-31,SFN,ANA,0,0,559.4406195325591,13.027453191410114,LAN,OAK
CLE202105311,2021-05-31,CLE,CHA,2,0,1e-06,1e-06,CLE,CLE
CHN202105310,2021-05-31,CHN,SDN,0,0,1e-06,1516.5648050119732,CHN,HOU
BAL202105310,2021-05-31,BAL,MIN,0,0,972.7856247406662,1508.338155320694,CHA,MIN
ATL202105310,2021-05-31,ATL,WAS,3,0,1200.4511584455877,874.0887985860761,NYN,WAS
LAN202105310,2021-05-31,LAN,SLN,0,0,1e-06,574.8341159449532,LAN,ARI
SEA202105310,2021-05-31,SEA,OAK,0,0,1e-06,1089.6592015072615,SEA,OAK
CIN202105310,2021-05-31,CIN,PHI,0,0,406.25273298859213,1273.7149085846368,CHN,TBA
HOU202105310,2021-05-31,HOU,BOS,0,0,1e-06,2582.243070652819,HOU,BOS
ATL202106010,2021-06-01,ATL,WAS,1,1,1e-06,1e-06,ATL,ATL
BAL202106010,2021-06-01,BAL,MIN,1,0,1e-06,1e-06,BAL,BAL
SEA202106010,2021-06-01,SEA,OAK,0,0,1e-06,1e-06,SEA,SEA
KCA202106010,2021-06-01,KCA,PIT,1,0,1e-06,1e-06,KCA,KCA
NYA202106010,2021-06-01,NYA,TBA,0,2,1e-06,1e-06,NYA,NYA
CLE202106010,2021-06-01,CLE,CHA,2,0,1e-06,1e-06,CLE,CLE
MIL202106010,2021-06-01,MIL,DET,1,0,1e-06,1e-06,MIL,MIL
HOU202106010,2021-06-01,HOU,BOS,1,0,1e-06,1e-06,HOU,HOU
CHN202106010,2021-06-01,CHN,SDN,0,0,1e-06,1e-06,CHN,CHN
ARI202106010,2021-06-01,ARI,NYN,0,0,1e-06,1e-06,ARI,ARI
SFN202106010,2021-06-01,SFN,ANA,0,0,1e-06,1e-06,SFN,SFN
LAN202106010,2021-06-01,LAN,SLN,0,1,1e-06,1e-06,LAN,LAN
TOR202106010,2021-06-01,TOR,MIA,0,0,305.2632734150024,691.6136251477402,CLE,BOS
CIN202106010,2021-06-01,CIN,PHI,0,0,1e-06,1e-06,CIN,CIN
COL202106010,2021-06-01,COL,TEX,1,0,2121.7512666569423,1640.846947858291,PIT,SEA
NYA202106020,2021-06-02,NYA,TBA,2,0,1e-06,1e-06,NYA,NYA
TOR202106020,2021-06-02,TOR,MIA,0,0,1e-06,1e-06,TOR,TOR
COL202106020,2021-06-02,COL,TEX,0,0,1e-06,1e-06,COL,COL
CHN202106020,2021-06-02,CHN,SDN,0,0,1e-06,1e-06,CHN,CHN
HOU202106020,2021-06-02,HOU,BOS,1,1,1e-06,1e-06,HOU,HOU
ARI202106020,2021-06-02,ARI,NYN,5,4,1e-06,1e-06,ARI,ARI
ATL202106020,2021-06-02,ATL,WAS,0,0,1e-06,1e-06,ATL,ATL
LAN202106020,2021-06-02,LAN,SLN,11,1,1e-06,1e-06,LAN,LAN
SEA202106020,2021-06-02,SEA,OAK,0,0,1e-06,1e-06,SEA,SEA
BAL202106020,2021-06-02,BAL,MIN,0,0,1e-06,1e-06,BAL,BAL
KCA202106030,2021-06-03,KCA,MIN,1,1,1e-06,1545.5901214265937,KCA,BAL
ANA202106030,2021-06-03,ANA,SEA,0,0,599.2380275896384,1575.276973597757,SFN,SEA
SFN202106030,2021-06-03,SFN,CHN,0,0,1e-06,2984.5094702126535,SFN,CHN
MIL202106030,2021-06-03,MIL,ARI,0,0,1e-06,2349.997873269975,MIL,ARI
PIT202106030,2021-06-03,PIT,MIA,0,0,1255.3811411500053,360.601143606632,KCA,TOR
SDN202106030,2021-06-03,SDN,NYN,0,0,2787.070270174863,481.0116378281714,CHN,ARI
HOU202106030,2021-06-03,HOU,BOS,0,0,1e-06,1e-06,HOU,HOU
CHA202106030,2021-06-03,CHA,DET,1,0,494.38381964269325,132.54357794550742,CLE,MIL
SLN202106030,2021-06-03,SLN,CIN,2,1,2553.1974748902726,494.9532553693752,LAN,CIN
NYA202106030,2021-06-03,NYA,TBA,0,0,1e-06,1e-06,NYA,NYA
ATL202106030,2021-06-03,ATL,WAS,0,0,1e-06,1e-06,ATL,ATL
COL202106030,2021-06-03,COL,TEX,0,0,1e-06,1e-06,COL,COL
SLN202106040,2021-06-04,SLN,CIN,0,0,1e-06,1e-06,SLN,SLN
PIT202106040,2021-06-04,PIT,MIA,2,0,1e-06,1e-06,PIT,PIT
SDN202106040,2021-06-04,SDN,NYN,1,0,1e-06,1e-06,SDN,SDN
ATL202106040,2021-06-04,ATL,LAN,1,0,1e-06,3110.7650847781624,ATL,LAN
ANA202106040,2021-06-04,ANA,SEA,0,1,1e-06,1e-06,ANA,ANA
PHI202106040,2021-06-04,PHI,WAS,0,0,807.0437326700402,1071.2330338826835,CIN,ATL
TEX202106040,2021-06-04,TEX,TBA,0,0,1052.7635822212699,2225.551415128663,COL,NYA
TOR202106040,2021-06-04,TOR,HOU,0,0,1e-06,2094.913694918614,TOR,HOU
COL202106040,2021-06-04,COL,OAK,0,1,1e-06,1640.846947858291,COL,SEA
SFN202106040,2021-06-04,SFN,CHN,0,2,1e-06,1e-06,SFN,SFN
KCA202106040,2021-06-04,KCA,MIN,9,0,1e-06,1e-06,KCA,KCA
MIL202106040,2021-06-04,MIL,ARI,1,0,1e-06,1e-06,MIL,MIL
CHA202106040,2021-06-04,CHA,DET,0,0,1e-06,1e-06,CHA,CHA
NYA202106040,2021-06-04,NYA,BOS,0,3,1e-06,2282.180747677387,NYA,HOU
BAL202106040,2021-06-04,BAL,CLE,0,0,1e-06,495.2645964012307,BAL,CLE
MIL202106050,2021-06-05,MIL,ARI,0,1,1e-06,1e-06,MIL,MIL
CHA202106050,2021-06-05,CHA,DET,1,0,1e-06,1e-06,CHA,CHA
ANA202106050,2021-06-05,ANA,SEA,1,0,1e-06,1e-06,ANA,ANA
PHI202106050,2021-06-05,PHI,WAS,0,0,1e-06,1e-06,PHI,PHI
PIT202106050,2021-06-05,PIT,MIA,0,0,1e-06,1e-06,PIT,PIT
TOR202106050,2021-06-05,TOR,HOU,0,0,1e-06,1e-06,TOR,TOR
SDN202106050,2021-06-05,SDN,NYN,0,0,1e-06,1e-06,SDN,SDN
ATL202106050,2021-06-05,ATL,LAN,0,1,1e-06,1e-06,ATL,ATL
SLN202106050,2021-06-05,SLN,CIN,1,0,1e-06,1e-06,SLN,SLN
NYA202106050,2021-06-05,NYA,BOS,0,0,1e-06,1e-06,NYA,NYA
SFN202106050,2021-06-05,SFN,CHN,0,0,1e-06,1e-06,SFN,SFN
KCA202106050,2021-06-05,KCA,MIN,0,0,1e-06,1e-06,KCA,KCA
TEX202106050,2021-06-05,TEX,TBA,0,2,1e-06,1e-06,TEX,TEX
COL202106050,2021-06-05,COL,OAK,1,2,1e-06,1e-06,COL,COL
BAL202106050,2021-06-05,BAL,CLE,1,2,1e-06,1e-06,BAL,BAL
ATL202106060,2021-06-06,ATL,LAN,0,0,1e-06,1e-06,ATL,ATL
PIT202106060,2021-06-06,PIT,MIA,1,0,1e-06,1e-06,PIT,PIT
SLN202106060,2021-06-06,SLN,CIN,0,2,1e-06,1e-06,SLN,SLN
TEX202106060,2021-06-06,TEX,TBA,1,0,1e-06,1e-06,TEX,TEX
PHI202106060,2021-06-06,PHI,WAS,0,0,1e-06,1e-06,PHI,PHI
SDN202106060,2021-06-06,SDN,NYN,0,0,1e-06,1e-06,SDN,SDN
TOR202106060,2021-06-06,TOR,HOU,0,1,1e-06,1e-06,TOR,TOR
CHA202106060,2021-06-06,CHA,DET,0,0,1e-06,1e-06,CHA,CHA
MIL202106060,2021-06-06,MIL,ARI,0,0,1e-06,1e-06,MIL,MIL
ANA202106060,2021-06-06,ANA,SEA,1,1,1e-06,1e-06,ANA,ANA
BAL202106060,2021-06-06,BAL,CLE,1,0,1e-06,1e-06,BAL,BAL
NYA202106060,2021-06-06,NYA,BOS,2,1,1e-06,1e-06,NYA,NYA
KCA202106060,2021-06-06,KCA,MIN,0,0,1e-06,1e-06,KCA,KCA
COL202106060,2021-06-06,COL,OAK,0,0,1e-06,1e-06,COL,COL
SFN202106060,2021-06-06,SFN,CHN,2,0,1e-06,1e-06,SFN,SFN
ANA202106070,2021-06-07,ANA,KCA,4,0,1e-06,2158.345510444982,ANA,KCA
SDN202106070,2021-06-07,SDN,CHN,1,0,1e-06,738.1265117326025,SDN,SFN
BOS202106070,2021-06-07,BOS,MIA,1,0,306.2037667286439,773.5078082361433,NYA,PIT
BOS202106080,2021-06-08,BOS,HOU,0,1,1e-06,691.6136251477402,BOS,TOR
ANA202106080,2021-06-08,ANA,KCA,2,0,1e-06,1e-06,ANA,ANA
CHA202106080,2021-06-08,CHA,TOR,0,0,1e-06,700.98343821047,CHA,TOR
OAK202106080,2021-06-08,OAK,ARI,0,0,1511.5030112237787,2941.6301363819452,COL,MIL
BAL202106080,2021-06-08,BAL,NYN,0,2,1e-06,3688.2820605993606,BAL,SDN
SLN202106080,2021-06-08,SLN,CLE,0,2,1e-06,1175.6168511642563,SLN,BAL
MIN202106080,2021-06-08,MIN,NYA,2,0,662.9211681328137,1636.0526645605564,KCA,NYA
SDN202106080,2021-06-08,SDN,CHN,0,0,1e-06,1e-06,SDN,SDN
PHI202106080,2021-06-08,PHI,ATL,0,1,1e-06,1071.2330338826835,PHI,ATL
MIA202106080,2021-06-08,MIA,COL,0,1,2024.1956124919243,2773.388608504832,BOS,COL
TEX202106080,2021-06-08,TEX,SFN,0,0,1e-06,2363.044634840767,TEX,SFN
TBA202106080,2021-06-08,TBA,WAS,1,0,1496.616116420437,1515.8203845337373,TEX,PHI
PIT202106080,2021-06-08,PIT,LAN,0,0,1e-06,840.3908477621023,PIT,ATL
CIN202106080,2021-06-08,CIN,MIL,0,0,494.9532553693752,525.1892238126902,SLN,MIL
DET202106080,2021-06-08,DET,SEA,3,0,380.91207013286544,3167.1614902696224,CHA,ANA
PHI202106090,2021-06-09,PHI,ATL,0,0,1e-06,1e-06,PHI,PHI
MIN202106090,2021-06-09,MIN,NYA,0,1,1e-06,1e-06,MIN,MIN
MIA202106090,2021-06-09,MIA,COL,0,1,1e-06,1e-06,MIA,MIA
ANA202106090,2021-06-09,ANA,KCA,0,0,1e-06,1e-06,ANA,ANA
SDN202106090,2021-06-09,SDN,CHN,0,0,1e-06,1e-06,SDN,SDN
CHA202106090,2021-06-09,CHA,TOR,1,0,1e-06,1e-06,CHA,CHA
TBA202106090,2021-06-09,TBA,WAS,3,2,1e-06,1e-06,TBA,TBA
DET202106090,2021-06-09,DET,SEA,0,0,1e-06,1e-06,DET,DET
BAL202106090,2021-06-09,BAL,NYN,1,2,1e-06,1e-06,BAL,BAL
PIT202106090,2021-06-09,PIT,LAN,1,1,1e-06,1e-06,PIT,PIT
SLN202106090,2021-06-09,SLN,CLE,4,2,1e-06,1e-06,SLN,SLN
TEX202106090,2021-06-09,TEX,SFN,0,0,1e-06,1e-06,TEX,TEX
BOS202106090,2021-06-09,BOS,HOU,2,0,1e-06,1e-06,BOS,BOS
OAK202106090,2021-06-09,OAK,ARI,0,0,1e-06,1e-06,OAK,OAK
CIN202106090,2021-06-09,CIN,MIL,2,1,1e-06,1e-06,CIN,CIN
MIA202106100,2021-06-10,MIA,COL,0,0,1e-06,1e-06,MIA,MIA
MIN202106100,2021-06-10,MIN,NYA,1,3,1e-06,1e-06,MIN,MIN
OAK202106100,2021-06-10,OAK,KCA,0,0,1e-06,592.0809005913671,OAK,ANA
CHA202106100,2021-06-10,CHA,TOR,3,0,1e-06,1e-06,CHA,CHA
PHI202106100,2021-06-10,PHI,ATL,0,0,1e-06,1e-06,PHI,PHI
DET202106100,2021-06-10,DET,SEA,2,1,1e-06,1e-06,DET,DET
PIT202106100,2021-06-10,PIT,LAN,0,1,1e-06,1e-06,PIT,PIT
BOS202106100,2021-06-10,BOS,HOU,0,0,1e-06,1e-06,BOS,BOS
CIN202106100,2021-06-10,CIN,MIL,0,1,1e-06,1e-06,CIN,CIN
CLE202106110,2021-06-11,CLE,SEA,3,0,790.4867119732073,145.52553501827433,SLN,DET
CIN202106110,2021-06-11,CIN,COL,2,0,1e-06,1534.6263109130673,CIN,MIA
TBA202106110,2021-06-11,TBA,BAL,0,0,1e-06,1393.7772067986984,TBA,BAL
MIL202106110,2021-06-11,MIL,PIT,0,0,525.1892238126902,722.0054120555708,CIN,PIT
BOS202106110,2021-06-11,BOS,TOR,0,1,1e-06,1365.5064971534737,BOS,CHA
WAS202106110,2021-06-11,WAS,SFN,0,0,1340.493838211085,1924.2853661298934,TBA,TEX
MIA202106110,2021-06-11,MIA,ATL,1,1,1e-06,1644.1190984600378,MIA,PHI
CHN202106110,2021-06-11,CHN,SLN,0,0,2787.070270174863,422.49209120404555,SDN,SLN
LAN202106110,2021-06-11,LAN,TEX,6,0,3433.6519953355796,1971.1455630393184,PIT,TEX
ARI202106110,2021-06-11,ARI,ANA,0,0,1040.2976618519092,540.0297061463508,OAK,ANA
NYN202106110,2021-06-11,NYN,SDN,0,0,272.81937803481173,3907.304911865239,BAL,SDN
OAK202106110,2021-06-11,OAK,KCA,0,0,1e-06,1e-06,OAK,OAK
MIN202106110,2021-06-11,MIN,HOU,1,0,1e-06,1804.1923618308685,MIN,BOS
DET202106110,2021-06-11,DET,CHA,0,0,1e-06,380.91207013286544,DET,CHA
MIN202106120,2021-06-12,MIN,HOU,0,0,1e-06,1e-06,MIN,MIN
BOS202106120,2021-06-12,BOS,TOR,0,2,1e-06,1e-06,BOS,BOS
LAN202106120,2021-06-12,LAN,TEX,0,0,1e-06,1e-06,LAN,LAN
WAS202106121,2021-06-12,WAS,SFN,1,0,1e-06,1e-06,WAS,WAS
WAS202106122,2021-06-12,WAS,SFN,0,0,1e-06,1e-06,WAS,WAS
PHI202106120,2021-06-12,PHI,NYA,4,0,1e-06,1582.6741426537678,PHI,MIN
ARI202106120,2021-06-12,ARI,ANA,0,0,1e-06,1e-06,ARI,ARI
CLE202106120,2021-06-12,CLE,SEA,0,1,1e-06,1e-06,CLE,CLE
CIN202106120,2021-06-12,CIN,COL,2,0,1e-06,1e-06,CIN,CIN
MIL202106120,2021-06-12,MIL,PIT,0,3,1e-06,1e-06,MIL,MIL
TBA202106120,2021-06-12,TBA,BAL,3,0,1e-06,1e-06,TBA,TBA
MIA202106120,2021-06-12,MIA,ATL,1,0,1e-06,1e-06,MIA,MIA
DET202106120,2021-06-12,DET,CHA,2,3,1e-06,1e-06,DET,DET
CHN202106120,2021-06-12,CHN,SLN,0,0,1e-06,1e-06,CHN,CHN
OAK202106120,2021-06-12,OAK,KCA,1,0,1e-06,1e-06,OAK,OAK
NYN202106120,2021-06-12,NYN,SDN,2,0,1e-06,1e-06,NYN,NYN
MIL202106130,2021-06-13,MIL,PIT,1,0,1e-06,1e-06,MIL,MIL
DET202106130,2021-06-13,DET,CHA,0,0,1e-06,1e-06,DET,DET
WAS202106130,2021-06-13,WAS,SFN,1,0,1e-06,1e-06,WAS,WAS
PHI202106130,2021-06-13,PHI,NYA,1,0,1e-06,1e-06,PHI,PHI
LAN202106130,2021-06-13,LAN,TEX,1,0,1e-06,1e-06,LAN,LAN
BOS202106130,2021-06-13,BOS,TOR,0,4,1e-06,1e-06,BOS,BOS
ARI202106130,2021-06-13,ARI,ANA,0,2,1e-06,1e-06,ARI,ARI
OAK202106130,2021-06-13,OAK,KCA,1,0,1e-06,1e-06,OAK,OAK
MIA202106130,2021-06-13,MIA,ATL,0,3,1e-06,1e-06,MIA,MIA
CHN202106130,2021-06-13,CHN,SLN,0,0,1e-06,1e-06,CHN,CHN
MIN202106130,2021-06-13,MIN,HOU,0,1,1e-06,1e-06,MIN,MIN
TBA202106130,2021-06-13,TBA,BAL,0,0,1e-06,1e-06,TBA,TBA
CLE202106130,2021-06-13,CLE,SEA,0,0,1e-06,1e-06,CLE,CLE
CIN202106130,2021-06-13,CIN,COL,0,1,1e-06,1e-06,CIN,CIN
NYN202106130,2021-06-13,NYN,SDN,0,1,1e-06,1e-06,NYN,NYN
MIL202106140,2021-06-14,MIL,CIN,1,1,1e-06,525.1892238126902,MIL,CIN
SLN202106140,2021-06-14,SLN,MIA,0,0,422.49209120404555,1707.3616110149374,CHN,MIA
SFN202106140,2021-06-14,SFN,ARI,0,0,3919.8438689376185,1050.9933942487219,WAS,ARI
OAK202106140,2021-06-14,OAK,ANA,0,0,1e-06,1040.2976618519092,OAK,ARI
CHA202106140,2021-06-14,CHA,TBA,0,2,380.91207013286544,1636.2782802002057,DET,TBA
LAN202106140,2021-06-14,LAN,PHI,0,1,1e-06,3844.216938115361,LAN,PHI
CLE202106140,2021-06-14,CLE,BAL,3,0,1e-06,1529.408250521614,CLE,TBA
KCA202106140,2021-06-14,KCA,DET,0,4,2406.427657157802,1034.95696626315,OAK,DET
NYN202106140,2021-06-14,NYN,CHN,0,0,1e-06,1144.1299356702407,NYN,CHN
WAS202106140,2021-06-14,WAS,PIT,0,0,1e-06,1025.9779093655507,WAS,MIL
SEA202106140,2021-06-14,SEA,MIN,0,1,3251.6066902182984,2238.4089622775527,CLE,MIN
BOS202106140,2021-06-14,BOS,TOR,0,0,1e-06,1e-06,BOS,BOS
COL202106140,2021-06-14,COL,SDN,0,0,1756.1898521305268,2618.595617996944,CIN,NYN
LAN202106150,2021-06-15,LAN,PHI,1,0,1e-06,1e-06,LAN,LAN
MIL202106150,2021-06-15,MIL,CIN,0,0,1e-06,1e-06,MIL,MIL
NYN202106150,2021-06-15,NYN,CHN,0,0,1e-06,1e-06,NYN,NYN
WAS202106150,2021-06-15,WAS,PIT,5,0,1e-06,1e-06,WAS,WAS
OAK202106150,2021-06-15,OAK,ANA,0,0,1e-06,1e-06,OAK,OAK
ATL202106150,2021-06-15,ATL,BOS,0,4,973.3591318981379,1506.6278415289673,MIA,BOS
SLN202106150,2021-06-15,SLN,MIA,0,0,1e-06,1e-06,SLN,SLN
SEA202106150,2021-06-15,SEA,MIN,1,0,1e-06,1e-06,SEA,SEA
KCA202106150,2021-06-15,KCA,DET,0,1,1e-06,1e-06,KCA,KCA
SFN202106150,2021-06-15,SFN,ARI,0,4,1e-06,1e-06,SFN,SFN
TOR202106150,2021-06-15,TOR,NYA,1,0,691.6136251477402,539.7375980826044,BOS,PHI
CLE202106150,2021-06-15,CLE,BAL,1,0,1e-06,1e-06,CLE,CLE
HOU202106150,2021-06-15,HOU,TEX,0,0,1702.4056315736932,2205.5170699182067,MIN,LAN
CHA202106150,2021-06-15,CHA,TBA,0,0,1e-06,1e-06,CHA,CHA
COL202106150,2021-06-15,COL,SDN,0,2,1e-06,1e-06,COL,COL
MIL202106160,2021-06-16,MIL,CIN,0,0,1e-06,1e-06,MIL,MIL
OAK202106160,2021-06-16,OAK,ANA,0,3,1e-06,1e-06,OAK,OAK
WAS202106160,2021-06-16,WAS,PIT,0,0,1e-06,1e-06,WAS,WAS
SLN202106160,2021-06-16,SLN,MIA,0,0,1e-06,1e-06,SLN,SLN
HOU202106160,2021-06-16,HOU,TEX,1,0,1e-06,1e-06,HOU,HOU
TOR202106160,2021-06-16,TOR,NYA,1,1,1e-06,1e-06,TOR,TOR
KCA202106160,2021-06-16,KCA,DET,0,0,1e-06,1e-06,KCA,KCA
COL202106160,2021-06-16,COL,SDN,3,0,1e-06,1e-06,COL,COL
LAN202106160,2021-06-16,LAN,PHI,0,1,1e-06,1e-06,LAN,LAN
CHA202106160,2021-06-16,CHA,TBA,0,0,1e-06,1e-06,CHA,CHA
SEA202106160,2021-06-16,SEA,MIN,0,2,1e-06,1e-06,SEA,SEA
ATL202106160,2021-06-16,ATL,BOS,0,2,1e-06,1e-06,ATL,ATL
NYN202106160,2021-06-16,NYN,CHN,0,0,1e-06,1e-06,NYN,NYN
SFN202106160,2021-06-16,SFN,ARI,4,2,1e-06,1e-06,SFN,SFN
CLE202106160,2021-06-16,CLE,BAL,1,2,1e-06,1e-06,CLE,CLE
CLE202106170,2021-06-17,CLE,BAL,3,0,1e-06,1e-06,CLE,CLE
TOR202106170,2021-06-17,TOR,NYA,0,0,1e-06,1e-06,TOR,TOR
NYN202106170,2021-06-17,NYN,CHN,0,2,1e-06,1e-06,NYN,NYN
SFN202106170,2021-06-17,SFN,ARI,0,0,1e-06,1e-06,SFN,SFN
COL202106170,2021-06-17,COL,MIL,5,0,1e-06,1465.0252316671194,COL,MIL
SEA202106170,2021-06-17,SEA,TBA,0,0,1e-06,2788.668911659839,SEA,CHA
HOU202106170,2021-06-17,HOU,CHA,3,0,1e-06,1516.5648050119732,HOU,CHA
ATL202106170,2021-06-17,ATL,SLN,0,0,1e-06,751.930362209131,ATL,SLN
SDN202106170,2021-06-17,SDN,CIN,0,0,1340.7925092662401,2790.8560532571964,COL,MIL
ANA202106170,2021-06-17,ANA,DET,0,0,592.0809005913671,2158.345510444982,OAK,KCA
SEA202106180,2021-06-18,SEA,TBA,4,1,1e-06,1e-06,SEA,SEA
PIT202106180,2021-06-18,PIT,CLE,5,0,305.44483751928374,186.24975562107616,WAS,CLE
ARI202106180,2021-06-18,ARI,LAN,0,0,1050.9933942487219,574.8341159449532,SFN,LAN
TEX202106180,2021-06-18,TEX,MIN,2,3,368.5990384284446,2688.6235870338205,HOU,SEA
CHN202106180,2021-06-18,CHN,MIA,1,0,1144.1299356702407,422.49209120404555,NYN,SLN
BAL202106180,2021-06-18,BAL,TOR,1,0,495.2645964012307,537.0332419152472,CLE,TOR
ANA202106180,2021-06-18,ANA,DET,0,0,1e-06,1e-06,ANA,ANA
SFN202106180,2021-06-18,SFN,PHI,0,1,1e-06,559.4406195325591,SFN,LAN
NYA202106180,2021-06-18,NYA,OAK,0,1,550.2922217550002,4115.687447058069,TOR,OAK
SDN202106180,2021-06-18,SDN,CIN,1,0,1e-06,1e-06,SDN,SDN
WAS202106180,2021-06-18,WAS,NYN,0,0,1e-06,326.3648041771951,WAS,NYN
KCA202106180,2021-06-18,KCA,BOS,0,0,1e-06,1087.4766965335918,KCA,ATL
COL202106180,2021-06-18,COL,MIL,0,0,1e-06,1e-06,COL,COL
HOU202106180,2021-06-18,HOU,CHA,0,1,1e-06,1e-06,HOU,HOU
ATL202106180,2021-06-18,ATL,SLN,1,1,1e-06,1e-06,ATL,ATL
ANA202106190,2021-06-19,ANA,DET,0,0,1e-06,1e-06,ANA,ANA
CHN202106190,2021-06-19,CHN,MIA,0,3,1e-06,1e-06,CHN,CHN
HOU202106190,2021-06-19,HOU,CHA,1,0,1e-06,1e-06,HOU,HOU
PIT202106190,2021-06-19,PIT,CLE,0,0,1e-06,1e-06,PIT,PIT
BAL202106190,2021-06-19,BAL,TOR,0,2,1e-06,1e-06,BAL,BAL
ARI202106190,2021-06-19,ARI,LAN,0,2,1e-06,1e-06,ARI,ARI
TEX202106190,2021-06-19,TEX,MIN,0,0,1e-06,1e-06,TEX,TEX
SDN202106190,2021-06-19,SDN,CIN,0,1,1e-06,1e-06,SDN,SDN
COL202106190,2021-06-19,COL,MIL,2,2,1e-06,1e-06,COL,COL
NYA202106190,2021-06-19,NYA,OAK,0,1,1e-06,1e-06,NYA,NYA
SFN202106190,2021-06-19,SFN,PHI,2,1,1e-06,1e-06,SFN,SFN
SEA202106190,2021-06-19,SEA,TBA,0,0,1e-06,1e-06,SEA,SEA
WAS202106192,2021-06-19,WAS,NYN,1,0,1e-06,1e-06,WAS,WAS
WAS202106191,2021-06-19,WAS,NYN,0,2,1e-06,1e-06,WAS,WAS
KCA202106190,2021-06-19,KCA,BOS,0,1,1e-06,1e-06,KCA,KCA
HOU202106200,2021-06-20,HOU,CHA,1,0,1e-06,1e-06,HOU,HOU
ATL202106201,2021-06-20,ATL,SLN,0,2,1e-06,1e-06,ATL,ATL
COL202106200,2021-06-20,COL,MIL,0,2,1e-06,1e-06,COL,COL
WAS202106200,2021-06-20,WAS,NYN,1,0,1e-06,1e-06,WAS,WAS
ARI202106200,2021-06-20,ARI,LAN,0,0,1e-06,1e-06,ARI,ARI
PIT202106200,2021-06-20,PIT,CLE,0,0,1e-06,1e-06,PIT,PIT
TEX202106200,2021-06-20,TEX,MIN,0,2,1e-06,1e-06,TEX,TEX
NYA202106200,2021-06-20,NYA,OAK,0,1,1e-06,1e-06,NYA,NYA
SDN202106200,2021-06-20,SDN,CIN,0,0,1e-06,1e-06,SDN,SDN
ATL202106202,2021-06-20,ATL,SLN,0,0,1e-06,1e-06,ATL,ATL
SEA202106200,2021-06-20,SEA,TBA,0,0,1e-06,1e-06,SEA,SEA
CHN202106200,2021-06-20,CHN,MIA,0,0,1e-06,1e-06,CHN,CHN
BAL202106200,2021-06-20,BAL,TOR,1,0,1e-06,1e-06,BAL,BAL
KCA202106200,2021-06-20,KCA,BOS,0,0,1e-06,1e-06,KCA,KCA
SFN202106200,2021-06-20,SFN,PHI,3,0,1e-06,1e-06,SFN,SFN
ANA202106200,2021-06-20,ANA,DET,0,0,1e-06,1e-06,ANA,ANA
TEX202106210,2021-06-21,TEX,OAK,5,0,1e-06,2225.551415128663,TEX,NYA
SDN202106210,2021-06-21,SDN,LAN,4,0,1e-06,481.0116378281714,SDN,ARI
MIN202106210,2021-06-21,MIN,CIN,0,0,1396.7696185124962,2463.5292715191244,TEX,SDN
CHN202106210,2021-06-21,CHN,CLE,0,0,1e-06,660.0502267315369,CHN,PIT
ARI202106210,2021-06-21,ARI,MIL,0,1,1e-06,942.6579354569091,ARI,COL
NYN202106211,2021-06-21,NYN,ATL,1,0,326.3648041771951,1200.4511584455877,WAS,ATL
NYN202106212,2021-06-21,NYN,ATL,0,0,1e-06,1e-06,NYN,NYN
BAL202106210,2021-06-21,BAL,HOU,0,0,1e-06,2013.2384377541168,BAL,HOU
TBA202106220,2021-06-22,TBA,BOS,2,0,4073.2230932877374,1680.826511683993,SEA,KCA
ARI202106220,2021-06-22,ARI,MIL,0,1,1e-06,1e-06,ARI,ARI
MIA202106220,2021-06-22,MIA,TOR,0,0,1915.1205670973725,1539.1317139517298,CHN,BAL
DET202106220,2021-06-22,DET,SLN,0,0,3167.1614902696224,961.6946291924537,ANA,ATL
CHN202106220,2021-06-22,CHN,CLE,0,0,1e-06,1e-06,CHN,CHN
NYA202106220,2021-06-22,NYA,KCA,1,0,1e-06,1759.8286951805926,NYA,KCA
PIT202106220,2021-06-22,PIT,CHA,0,0,1e-06,1831.9014463750616,PIT,HOU
SEA202106220,2021-06-22,SEA,COL,0,0,1e-06,1640.846947858291,SEA,COL
TEX202106220,2021-06-22,TEX,OAK,0,4,1e-06,1e-06,TEX,TEX
PHI202106220,2021-06-22,PHI,WAS,0,2,4049.9907698933403,197.2342958595587,SFN,WAS
SDN202106220,2021-06-22,SDN,LAN,2,0,1e-06,1e-06,SDN,SDN
NYN202106220,2021-06-22,NYN,ATL,0,0,1e-06,1e-06,NYN,NYN
MIN202106220,2021-06-22,MIN,CIN,0,0,1e-06,1e-06,MIN,MIN
BAL202106220,2021-06-22,BAL,HOU,0,0,1e-06,1e-06,BAL,BAL
ANA202106220,2021-06-22,ANA,SFN,0,4,1e-06,599.2380275896384,ANA,SFN
BAL202106230,2021-06-23,BAL,HOU,0,3,1e-06,1e-06,BAL,BAL
SEA202106230,2021-06-23,SEA,COL,0,0,1e-06,1e-06,SEA,SEA
SDN202106230,2021-06-23,SDN,LAN,2,0,1e-06,1e-06,SDN,SDN
DET202106230,2021-06-23,DET,SLN,0,0,1e-06,1e-06,DET,DET
NYN202106230,2021-06-23,NYN,ATL,2,0,1e-06,1e-06,NYN,NYN
TEX202106230,2021-06-23,TEX,OAK,0,0,1e-06,1e-06,TEX,TEX
PHI202106230,2021-06-23,PHI,WAS,0,0,1e-06,1e-06,PHI,PHI
ANA202106230,2021-06-23,ANA,SFN,0,0,1e-06,1e-06,ANA,ANA
MIA202106230,2021-06-23,MIA,TOR,0,2,1e-06,1e-06,MIA,MIA
PIT202106230,2021-06-23,PIT,CHA,0,0,1e-06,1e-06,PIT,PIT
TBA202106230,2021-06-23,TBA,BOS,2,1,1e-06,1e-06,TBA,TBA
NYA202106230,2021-06-23,NYA,KCA,0,2,1e-06,1e-06,NYA,NYA
ARI202106230,2021-06-23,ARI,MIL,0,0,1e-06,1e-06,ARI,ARI
TBA202106240,2021-06-24,TBA,BOS,0,0,1e-06,1e-06,TBA,TBA
CIN202106240,2021-06-24,CIN,ATL,1,1,973.9884963018676,913.3322258208743,MIN,NYN
DET202106240,2021-06-24,DET,HOU,0,0,1e-06,638.3359432178316,DET,BAL
TOR202106240,2021-06-24,TOR,BAL,6,0,1988.7442573540513,537.0332419152472,MIA,BAL
MIA202106240,2021-06-24,MIA,WAS,0,1,1e-06,1644.1190984600378,MIA,PHI
TEX202106240,2021-06-24,TEX,OAK,0,3,1e-06,1e-06,TEX,TEX
MIN202106240,2021-06-24,MIN,CLE,1,0,1e-06,571.0232496384983,MIN,CHN
LAN202106240,2021-06-24,LAN,CHN,0,1,179.52869961196944,2804.8246802178714,SDN,CHN
SLN202106240,2021-06-24,SLN,PIT,0,2,731.229570844315,898.8824563980571,DET,PIT
NYA202106240,2021-06-24,NYA,KCA,2,0,1e-06,1e-06,NYA,NYA
SDN202106250,2021-06-25,SDN,ARI,4,0,1e-06,481.0116378281714,SDN,ARI
BOS202106250,2021-06-25,BOS,NYA,3,0,1926.6943817180322,306.2037667286439,TBA,NYA
CIN202106250,2021-06-25,CIN,ATL,0,0,1e-06,1e-06,CIN,CIN
TEX202106250,2021-06-25,TEX,KCA,0,0,1e-06,2225.551415128663,TEX,NYA
MIN202106250,2021-06-25,MIN,CLE,1,4,1e-06,1e-06,MIN,MIN
NYN202106251,2021-06-25,NYN,PHI,0,0,1e-06,129.48897528262268,NYN,PHI
NYN202106252,2021-06-25,NYN,PHI,0,0,1e-06,1e-06,NYN,NYN
CHA202106250,2021-06-25,CHA,SEA,0,0,660.0502267315369,2788.668911659839,PIT,SEA
SLN202106250,2021-06-25,SLN,PIT,0,0,1e-06,1e-06,SLN,SLN
TOR202106250,2021-06-25,TOR,BAL,0,0,1e-06,1e-06,TOR,TOR
MIA202106250,2021-06-25,MIA,WAS,4,0,1e-06,1e-06,MIA,MIA
LAN202106250,2021-06-25,LAN,CHN,0,1,1e-06,1e-06,LAN,LAN
SFN202106250,2021-06-25,SFN,OAK,0,0,599.2380275896384,2363.044634840767,ANA,TEX
TBA202106250,2021-06-25,TBA,ANA,3,2,1e-06,3425.3074193268753,TBA,ANA
MIL202106250,2021-06-25,MIL,COL,0,0,2349.997873269975,2711.809431696189,ARI,SEA
TBA202106260,2021-06-26,TBA,ANA,0,0,1e-06,1e-06,TBA,TBA
SLN202106260,2021-06-26,SLN,PIT,1,0,1e-06,1e-06,SLN,SLN
MIA202106260,2021-06-26,MIA,WAS,2,1,1e-06,1e-06,MIA,MIA
NYN202106260,2021-06-26,NYN,PHI,0,0,1e-06,1e-06,NYN,NYN
TEX202106260,2021-06-26,TEX,KCA,0,0,1e-06,1e-06,TEX,TEX
BOS202106260,2021-06-26,BOS,NYA,0,0,1e-06,1e-06,BOS,BOS
DET202106262,2021-06-26,DET,HOU,1,0,1e-06,1e-06,DET,DET
TOR202106260,2021-06-26,TOR,BAL,0,0,1e-06,1e-06,TOR,TOR
LAN202106260,2021-06-26,LAN,CHN,2,0,1e-06,1e-06,LAN,LAN
MIL202106260,2021-06-26,MIL,COL,2,1,1e-06,1e-06,MIL,MIL
CHA202106260,2021-06-26,CHA,SEA,0,0,1e-06,1e-06,CHA,CHA
SFN202106260,2021-06-26,SFN,OAK,0,0,1e-06,1e-06,SFN,SFN
DET202106261,2021-06-26,DET,HOU,0,0,1e-06,1e-06,DET,DET
CIN202106260,2021-06-26,CIN,ATL,1,0,1e-06,1e-06,CIN,CIN
SDN202106260,2021-06-26,SDN,ARI,0,1,1e-06,1e-06,SDN,SDN
SDN202106270,2021-06-27,SDN,ARI,2,0,1e-06,1e-06,SDN,SDN
MIA202106270,2021-06-27,MIA,WAS,1,1,1e-06,1e-06,MIA,MIA
TBA202106270,2021-06-27,TBA,ANA,0,0,1e-06,1e-06,TBA,TBA
CHA202106270,2021-06-27,CHA,SEA,2,0,1e-06,1e-06,CHA,CHA
TOR202106270,2021-06-27,TOR,BAL,0,1,1e-06,1e-06,TOR,TOR
MIL202106270,2021-06-27,MIL,COL,0,0,1e-06,1e-06,MIL,MIL
NYN202106270,2021-06-27,NYN,PHI,0,0,1e-06,1e-06,NYN,NYN
BOS202106270,2021-06-27,BOS,NYA,4,0,1e-06,1e-06,BOS,BOS
CIN202106270,2021-06-27,CIN,ATL,0,0,1e-06,1e-06,CIN,CIN
SLN202106270,2021-06-27,SLN,PIT,0,3,1e-06,1e-06,SLN,SLN
LAN202106270,2021-06-27,LAN,CHN,0,0,1e-06,1e-06,LAN,LAN
TEX202106270,2021-06-27,TEX,KCA,3,0,1e-06,1e-06,TEX,TEX
DET202106270,2021-06-27,DET,HOU,0,0,1e-06,1e-06,DET,DET
MIN202106270,2021-06-27,MIN,CLE,1,0,1e-06,1e-06,MIN,MIN
SFN202106270,2021-06-27,SFN,OAK,0,2,1e-06,1e-06,SFN,SFN
CLE202106280,2021-06-28,CLE,DET,2,0,1013.2251113855248,145.52553501827433,MIN,DET
HOU202106280,2021-06-28,HOU,BAL,0,0,1780.0976623230767,2094.913694918614,DET,TOR
NYA202106280,2021-06-28,NYA,ANA,1,2,306.2037667286439,1638.0556824552712,BOS,TBA
LAN202106280,2021-06-28,LAN,SFN,2,0,1e-06,559.4406195325591,LAN,SFN
BOS202106280,2021-06-28,BOS,KCA,1,3,1e-06,2512.5604144030362,BOS,TEX
SLN202106280,2021-06-28,SLN,ARI,0,0,1e-06,2512.7882729547905,SLN,SDN
CIN202106280,2021-06-28,CIN,PHI,0,0,1e-06,913.3322258208743,CIN,NYN
MIL202106280,2021-06-28,MIL,CHN,2,2,1e-06,2799.844413597458,MIL,LAN
WAS202106280,2021-06-28,WAS,NYN,2,0,1489.628641346009,326.3648041771951,MIA,NYN
COL202106280,2021-06-28,COL,PIT,0,0,1465.0252316671194,1279.0227614650469,MIL,SLN
CHA202106290,2021-06-29,CHA,MIN,1,2,1e-06,571.0232496384983,CHA,MIN
LAN202106290,2021-06-29,LAN,SFN,2,0,1e-06,1e-06,LAN,LAN
COL202106290,2021-06-29,COL,PIT,0,0,1e-06,1e-06,COL,COL
SLN202106290,2021-06-29,SLN,ARI,0,0,1e-06,1e-06,SLN,SLN
MIL202106290,2021-06-29,MIL,CHN,1,0,1e-06,1e-06,MIL,MIL
TOR202106290,2021-06-29,TOR,SEA,0,0,1e-06,700.98343821047,TOR,CHA
BOS202106290,2021-06-29,BOS,KCA,2,1,1e-06,1e-06,BOS,BOS
PHI202106290,2021-06-29,PHI,MIA,1,0,807.0437326700402,1644.1190984600378,CIN,MIA
CIN202106290,2021-06-29,CIN,SDN,1,2,1e-06,3007.676031937142,CIN,SDN
HOU202106290,2021-06-29,HOU,BAL,0,1,1e-06,1e-06,HOU,HOU
ATL202106290,2021-06-29,ATL,NYN,0,0,595.1171397463928,874.0887985860761,CIN,WAS
NYA202106290,2021-06-29,NYA,ANA,1,0,1e-06,1e-06,NYA,NYA
WAS202106290,2021-06-29,WAS,TBA,3,0,1e-06,1340.493838211085,WAS,TBA
OAK202106290,2021-06-29,OAK,TEX,1,0,13.027453191410114,2350.5503898425545,SFN,TEX
HOU202106300,2021-06-30,HOU,BAL,0,4,1e-06,1e-06,HOU,HOU
COL202106300,2021-06-30,COL,PIT,0,2,1e-06,1e-06,COL,COL
OAK202106300,2021-06-30,OAK,TEX,0,0,1e-06,1e-06,OAK,OAK
TOR202106300,2021-06-30,TOR,SEA,0,0,1e-06,1e-06,TOR,TOR
CHA202106300,2021-06-30,CHA,MIN,0,1,1e-06,1e-06,CHA,CHA
MIL202106300,2021-06-30,MIL,CHN,1,7,1e-06,1e-06,MIL,MIL
WAS202106300,2021-06-30,WAS,TBA,2,2,1e-06,1e-06,WAS,WAS
PHI202106300,2021-06-30,PHI,MIA,0,0,1e-06,1e-06,PHI,PHI
CLE202106302,2021-06-30,CLE,DET,0,0,1e-06,1e-06,CLE,CLE
CIN202106300,2021-06-30,CIN,SDN,4,0,1e-06,1e-06,CIN,CIN
ATL202106300,2021-06-30,ATL,NYN,2,2,1e-06,1e-06,ATL,ATL
CLE202106301,2021-06-30,CLE,DET,1,0,1e-06,1e-06,CLE,CLE
BOS202106300,2021-06-30,BOS,KCA,0,0,1e-06,1e-06,BOS,BOS
SLN202106300,2021-06-30,SLN,ARI,0,0,1e-06,1e-06,SLN,SLN
NYA202106300,2021-06-30,NYA,ANA,7,2,1e-06,1e-06,NYA,NYA
COL202107010,2021-07-01,COL,SLN,0,0,1e-06,1279.0227614650469,COL,SLN
CHA202107010,2021-07-01,CHA,MIN,0,0,1e-06,1e-06,CHA,CHA
ATL202107010,2021-07-01,ATL,NYN,3,1,1e-06,1e-06,ATL,ATL
WAS202107010,2021-07-01,WAS,LAN,1,0,1e-06,3694.4220119834245,WAS,LAN
BOS202107010,2021-07-01,BOS,KCA,1,0,1e-06,1e-06,BOS,BOS
OAK202107010,2021-07-01,OAK,TEX,0,1,1e-06,1e-06,OAK,OAK
CLE202107010,2021-07-01,CLE,HOU,0,0,1e-06,1793.7234420980124,CLE,HOU
PIT202107010,2021-07-01,PIT,MIL,0,0,2121.7512666569423,722.0054120555708,COL,MIL
TOR202107010,2021-07-01,TOR,SEA,1,2,1e-06,1e-06,TOR,TOR
CIN202107010,2021-07-01,CIN,SDN,0,0,1e-06,1e-06,CIN,CIN
ARI202107010,2021-07-01,ARI,SFN,0,1,2043.890455711885,574.8341159449532,SLN,LAN
ARI202107020,2021-07-02,ARI,SFN,0,0,1e-06,1e-06,ARI,ARI
WAS202107020,2021-07-02,WAS,LAN,0,0,1e-06,1e-06,WAS,WAS
ATL202107020,2021-07-02,ATL,MIA,1,0,1e-06,1071.2330338826835,ATL,PHI
OAK202107020,2021-07-02,OAK,BOS,0,0,1e-06,4320.465179781682,OAK,BOS
CLE202107020,2021-07-02,CLE,HOU,0,0,1e-06,1e-06,CLE,CLE
DET202107020,2021-07-02,DET,CHA,0,2,145.52553501827433,380.91207013286544,CLE,CHA
CIN202107020,2021-07-02,CIN,CHN,0,0,1e-06,525.1892238126902,CIN,MIL
SEA202107020,2021-07-02,SEA,TEX,0,0,3325.1452076248356,1089.6592015072615,TOR,OAK
KCA202107020,2021-07-02,KCA,MIN,0,3,2008.0645584325657,663.9206411727051,BOS,CHA
TOR202107020,2021-07-02,TOR,TBA,2,0,1e-06,563.6478111844908,TOR,WAS
PIT202107020,2021-07-02,PIT,MIL,0,1,1e-06,1e-06,PIT,PIT
ANA202107020,2021-07-02,ANA,BAL,0,1,3915.807145653056,2169.9670210701,NYA,HOU
COL202107020,2021-07-02,COL,SLN,0,0,1e-06,1e-06,COL,COL
PHI202107020,2021-07-02,PHI,SDN,2,0,1e-06,807.0437326700402,PHI,CIN
PHI202107030,2021-07-03,PHI,SDN,0,2,1e-06,1e-06,PHI,PHI
TOR202107030,2021-07-03,TOR,TBA,0,0,1e-06,1e-06,TOR,TOR
CIN202107030,2021-07-03,CIN,CHN,0,0,1e-06,1e-06,CIN,CIN
DET202107030,2021-07-03,DET,CHA,0,2,1e-06,1e-06,DET,DET
PIT202107030,2021-07-03,PIT,MIL,0,3,1e-06,1e-06,PIT,PIT
KCA202107030,2021-07-03,KCA,MIN,0,0,1e-06,1e-06,KCA,KCA
ANA202107030,2021-07-03,ANA,BAL,2,0,1e-06,1e-06,ANA,ANA
COL202107030,2021-07-03,COL,SLN,0,0,1e-06,1e-06,COL,COL
WAS202107030,2021-07-03,WAS,LAN,0,0,1e-06,1e-06,WAS,WAS
NYA202107030,2021-07-03,NYA,NYN,0,0,1e-06,1200.4511584455877,NYA,ATL
SEA202107030,2021-07-03,SEA,TEX,0,0,1e-06,1e-06,SEA,SEA
ARI202107030,2021-07-03,ARI,SFN,0,0,1e-06,1e-06,ARI,ARI
CLE202107030,2021-07-03,CLE,HOU,0,1,1e-06,1e-06,CLE,CLE
ATL202107030,2021-07-03,ATL,MIA,0,0,1e-06,1e-06,ATL,ATL
OAK202107030,2021-07-03,OAK,BOS,0,0,1e-06,1e-06,OAK,OAK
PIT202107040,2021-07-04,PIT,MIL,1,0,1e-06,1e-06,PIT,PIT
ARI202107040,2021-07-04,ARI,SFN,0,2,1e-06,1e-06,ARI,ARI
PHI202107040,2021-07-04,PHI,SDN,0,2,1e-06,1e-06,PHI,PHI
ANA202107040,2021-07-04,ANA,BAL,2,0,1e-06,1e-06,ANA,ANA
WAS202107040,2021-07-04,WAS,LAN,0,0,1e-06,1e-06,WAS,WAS
SEA202107040,2021-07-04,SEA,TEX,0,0,1e-06,1e-06,SEA,SEA
COL202107040,2021-07-04,COL,SLN,1,0,1e-06,1e-06,COL,COL
OAK202107040,2021-07-04,OAK,BOS,0,0,1e-06,1e-06,OAK,OAK
CIN202107040,2021-07-04,CIN,CHN,0,1,1e-06,1e-06,CIN,CIN
CLE202107040,2021-07-04,CLE,HOU,0,0,1e-06,1e-06,CLE,CLE
TOR202107040,2021-07-04,TOR,TBA,0,0,1e-06,1e-06,TOR,TOR
DET202107040,2021-07-04,DET,CHA,1,0,1e-06,1e-06,DET,DET
ATL202107040,2021-07-04,ATL,MIA,0,0,1e-06,1e-06,ATL,ATL
KCA202107040,2021-07-04,KCA,MIN,0,0,1e-06,1e-06,KCA,KCA
NYA202107041,2021-07-04,NYA,NYN,0,1,1e-06,1e-06,NYA,NYA
NYA202107042,2021-07-04,NYA,NYN,0,0,1e-06,1e-06,NYA,NYA
SFN202107050,2021-07-05,SFN,SLN,0,0,1050.9933942487219,1524.5101947303656,ARI,COL
TBA202107050,2021-07-05,TBA,CLE,0,0,1789.459752085548,1529.408250521614,TOR,CLE
CHN202107050,2021-07-05,CHN,PHI,0,0,406.25273298859213,1068.017024042746,CIN,PHI
NYN202107050,2021-07-05,NYN,MIL,0,0,1e-06,505.04779123783345,NYA,PIT
MIA202107050,2021-07-05,MIA,LAN,0,0,973.3591318981379,1489.628641346009,ATL,WAS
PIT202107050,2021-07-05,PIT,ATL,0,1,1e-06,840.3908477621023,PIT,ATL
SDN202107050,2021-07-05,SDN,WAS,0,1,3810.8466979584146,3654.8629358941057,PHI,WAS
TEX202107050,2021-07-05,TEX,DET,0,0,2688.6235870338205,1624.6230769135182,SEA,DET
KCA202107050,2021-07-05,KCA,CIN,0,0,1e-06,868.1617780403714,KCA,CIN
ANA202107050,2021-07-05,ANA,BOS,0,0,1e-06,592.0809005913671,ANA,OAK
MIN202107050,2021-07-05,MIN,CHA,0,0,662.9211681328137,872.516450655481,KCA,DET
BAL202107060,2021-07-06,BAL,TOR,0,1,3703.3736830857606,537.0332419152472,ANA,TOR
CHN202107060,2021-07-06,CHN,PHI,0,4,1e-06,1e-06,CHN,CHN
HOU202107060,2021-07-06,HOU,OAK,2,3,1793.7234420980124,2629.671879056886,CLE,OAK
SDN202107060,2021-07-06,SDN,WAS,0,0,1e-06,1e-06,SDN,SDN
ANA202107060,2021-07-06,ANA,BOS,3,1,1e-06,1e-06,ANA,ANA
KCA202107060,2021-07-06,KCA,CIN,0,0,1e-06,1e-06,KCA,KCA
ARI202107060,2021-07-06,ARI,COL,3,0,1e-06,942.6579354569091,ARI,COL
PIT202107060,2021-07-06,PIT,ATL,0,0,1e-06,1e-06,PIT,PIT
MIN202107060,2021-07-06,MIN,CHA,0,0,1e-06,1e-06,MIN,MIN
SEA202107060,2021-07-06,SEA,NYA,0,3,1e-06,3865.3953610333656,SEA,NYA
SFN202107060,2021-07-06,SFN,SLN,0,2,1e-06,1e-06,SFN,SFN
MIA202107060,2021-07-06,MIA,LAN,0,0,1e-06,1e-06,MIA,MIA
TEX202107060,2021-07-06,TEX,DET,0,0,1e-06,1e-06,TEX,TEX
SEA202107070,2021-07-07,SEA,NYA,1,3,1e-06,1e-06,SEA,SEA
SFN202107070,2021-07-07,SFN,SLN,1,1,1e-06,1e-06,SFN,SFN
SDN202107070,2021-07-07,SDN,WAS,0,3,1e-06,1e-06,SDN,SDN
PIT202107070,2021-07-07,PIT,ATL,3,1,1e-06,1e-06,PIT,PIT
ARI202107070,2021-07-07,ARI,COL,0,0,1e-06,1e-06,ARI,ARI
CHN202107070,2021-07-07,CHN,PHI,3,0,1e-06,1e-06,CHN,CHN
NYN202107071,2021-07-07,NYN,MIL,1,1,1e-06,1e-06,NYN,NYN
MIN202107070,2021-07-07,MIN,CHA,0,0,1e-06,1e-06,MIN,MIN
ANA202107070,2021-07-07,ANA,BOS,2,0,1e-06,1e-06,ANA,ANA
NYN202107072,2021-07-07,NYN,MIL,0,0,1e-06,1e-06,NYN,NYN
TBA202107072,2021-07-07,TBA,CLE,0,0,1e-06,1e-06,TBA,TBA
BAL202107070,2021-07-07,BAL,TOR,0,3,1e-06,1e-06,BAL,BAL
HOU202107070,2021-07-07,HOU,OAK,0,1,1e-06,1e-06,HOU,HOU
KCA202107070,2021-07-07,KCA,CIN,0,0,1e-06,1e-06,KCA,KCA
TEX202107070,2021-07-07,TEX,DET,0,1,1e-06,1e-06,TEX,TEX
TBA202107071,2021-07-07,TBA,CLE,3,0,1e-06,1e-06,TBA,TBA
MIA202107070,2021-07-07,MIA,LAN,1,0,1e-06,1e-06,MIA,MIA
MIN202107080,2021-07-08,MIN,DET,0,0,1e-06,1396.7696185124962,MIN,TEX
CHN202107080,2021-07-08,CHN,PHI,0,0,1e-06,1e-06,CHN,CHN
HOU202107080,2021-07-08,HOU,OAK,0,2,1e-06,1e-06,HOU,HOU
MIA202107080,2021-07-08,MIA,LAN,1,0,1e-06,1e-06,MIA,MIA
SDN202107080,2021-07-08,SDN,WAS,0,3,1e-06,1e-06,SDN,SDN
SEA202107080,2021-07-08,SEA,NYA,1,0,1e-06,1e-06,SEA,SEA
CLE202107080,2021-07-08,CLE,KCA,0,0,1529.408250521614,1123.5230318083022,TBA,KCA
MIL202107080,2021-07-08,MIL,CIN,2,0,1181.7674036325852,707.8851314063497,NYN,KCA
ARI202107080,2021-07-08,ARI,COL,0,0,1e-06,1e-06,ARI,ARI
MIA202107090,2021-07-09,MIA,ATL,0,1,1e-06,1630.230113794326,MIA,PIT
TEX202107090,2021-07-09,TEX,OAK,0,0,1e-06,368.5990384284446,TEX,HOU
NYN202107090,2021-07-09,NYN,PIT,0,0,1e-06,505.04779123783345,NYN,PIT
TBA202107090,2021-07-09,TBA,TOR,0,0,1e-06,1393.7772067986984,TBA,BAL
MIL202107090,2021-07-09,MIL,CIN,0,0,1e-06,1e-06,MIL,MIL
BOS202107090,2021-07-09,BOS,PHI,2,1,4151.631080145035,1365.5064971534737,ANA,CHN
MIN202107090,2021-07-09,MIN,DET,0,0,1e-06,1e-06,MIN,MIN
CLE202107090,2021-07-09,CLE,KCA,0,0,1e-06,1e-06,CLE,CLE
SEA202107090,2021-07-09,SEA,ANA,0,1,1e-06,1575.276973597757,SEA,ANA
CHN202107090,2021-07-09,CHN,SLN,3,0,1e-06,2984.5094702126535,CHN,SFN
HOU202107090,2021-07-09,HOU,NYA,0,0,1e-06,3039.1839825945185,HOU,SEA
SDN202107090,2021-07-09,SDN,COL,0,0,1e-06,481.0116378281714,SDN,ARI
BAL202107090,2021-07-09,BAL,CHA,0,0,1e-06,1508.338155320694,BAL,MIN
SFN202107090,2021-07-09,SFN,WAS,1,0,1e-06,738.1265117326025,SFN,SDN
LAN202107090,2021-07-09,LAN,ARI,0,0,3756.8524313396424,574.8341159449532,MIA,ARI
MIN202107100,2021-07-10,MIN,DET,0,0,1e-06,1e-06,MIN,MIN
MIL202107100,2021-07-10,MIL,CIN,1,0,1e-06,1e-06,MIL,MIL
BAL202107100,2021-07-10,BAL,CHA,0,0,1e-06,1e-06,BAL,BAL
SFN202107100,2021-07-10,SFN,WAS,3,0,1e-06,1e-06,SFN,SFN
TBA202107100,2021-07-10,TBA,TOR,1,0,1e-06,1e-06,TBA,TBA
CHN202107100,2021-07-10,CHN,SLN,0,1,1e-06,1e-06,CHN,CHN
SEA202107100,2021-07-10,SEA,ANA,0,0,1e-06,1e-06,SEA,SEA
NYN202107101,2021-07-10,NYN,PIT,1,0,1e-06,1e-06,NYN,NYN
NYN202107102,2021-07-10,NYN,PIT,2,0,1e-06,1e-06,NYN,NYN
SDN202107100,2021-07-10,SDN,COL,0,0,1e-06,1e-06,SDN,SDN
MIA202107100,2021-07-10,MIA,ATL,0,0,1e-06,1e-06,MIA,MIA
HOU202107100,2021-07-10,HOU,NYA,0,0,1e-06,1e-06,HOU,HOU
BOS202107100,2021-07-10,BOS,PHI,0,1,1e-06,1e-06,BOS,BOS
CLE202107100,2021-07-10,CLE,KCA,0,0,1e-06,1e-06,CLE,CLE
LAN202107100,2021-07-10,LAN,ARI,5,0,1e-06,1e-06,LAN,LAN
TEX202107100,2021-07-10,TEX,OAK,2,0,1e-06,1e-06,TEX,TEX
SDN202107110,2021-07-11,SDN,COL,0,0,1e-06,1e-06,SDN,SDN
MIL202107110,2021-07-11,MIL,CIN,0,1,1e-06,1e-06,MIL,MIL
SEA202107110,2021-07-11,SEA,ANA,1,0,1e-06,1e-06,SEA,SEA
LAN202107110,2021-07-11,LAN,ARI,1,0,1e-06,1e-06,LAN,LAN
MIA202107110,2021-07-11,MIA,ATL,3,0,1e-06,1e-06,MIA,MIA
HOU202107110,2021-07-11,HOU,NYA,0,0,1e-06,1e-06,HOU,HOU
NYN202107110,2021-07-11,NYN,PIT,5,0,1e-06,1e-06,NYN,NYN
SFN202107110,2021-07-11,SFN,WAS,0,0,1e-06,1e-06,SFN,SFN
BOS202107110,2021-07-11,BOS,PHI,0,0,1e-06,1e-06,BOS,BOS
BAL202107110,2021-07-11,BAL,CHA,2,0,1e-06,1e-06,BAL,BAL
TEX202107110,2021-07-11,TEX,OAK,0,0,1e-06,1e-06,TEX,TEX
TBA202107110,2021-07-11,TBA,TOR,0,0,1e-06,1e-06,TBA,TBA
MIN202107110,2021-07-11,MIN,DET,0,0,1e-06,1e-06,MIN,MIN
SLN202107160,2021-07-16,SLN,SFN,0,0,422.49209120404555,2802.2400845274956,CHN,SFN
ARI202107160,2021-07-16,ARI,CHN,0,0,574.8341159449532,2336.6124175782998,LAN,CHN
WAS202107160,2021-07-16,WAS,SDN,3,2,3919.8438689376185,3654.8629358941057,SFN,SDN
TOR202107160,2021-07-16,TOR,TEX,1,0,1789.459752085548,1953.6900971659159,TBA,TEX
PIT202107160,2021-07-16,PIT,NYN,0,0,505.04779123783345,505.04779123783345,NYN,NYN
ANA202107160,2021-07-16,ANA,SEA,0,1,1575.276973597757,1575.276973597757,SEA,SEA
PHI202107161,2021-07-16,PHI,MIA,3,0,435.5953169043613,1644.1190984600378,BOS,MIA
CIN202107160,2021-07-16,CIN,MIL,2,0,525.1892238126902,525.1892238126902,MIL,MIL
PHI202107162,2021-07-16,PHI,MIA,0,2,1e-06,1e-06,PHI,PHI
ATL202107160,2021-07-16,ATL,TBA,0,0,973.3591318981379,688.5440708416155,MIA,TBA
NYA202107160,2021-07-16,NYA,BOS,0,0,2282.180747677387,306.2037667286439,HOU,BOS
KCA202107160,2021-07-16,KCA,BAL,1,0,1123.5230318083022,1545.5901214265937,CLE,BAL
OAK202107160,2021-07-16,OAK,CLE,0,0,2350.5503898425545,3466.040146226439,TEX,CLE
CHA202107160,2021-07-16,CHA,HOU,1,0,972.7856247406662,1516.5648050119732,BAL,HOU
COL202107160,2021-07-16,COL,LAN,0,5,1340.7925092662401,1336.5596902131042,SDN,LAN
DET202107172,2021-07-17,DET,MIN,0,1,872.516450655481,872.516450655481,MIN,MIN
COL202107170,2021-07-17,COL,LAN,0,1,1e-06,1e-06,COL,COL
SLN202107170,2021-07-17,SLN,SFN,0,0,1e-06,1e-06,SLN,SLN
DET202107171,2021-07-17,DET,MIN,1,0,1e-06,1e-06,DET,DET
NYA202107170,2021-07-17,NYA,BOS,0,0,1e-06,1e-06,NYA,NYA
CHA202107170,2021-07-17,CHA,HOU,0,0,1e-06,1e-06,CHA,CHA
WAS202107170,2021-07-17,WAS,SDN,1,2,1e-06,1e-06,WAS,WAS
ATL202107170,2021-07-17,ATL,TBA,0,0,1e-06,1e-06,ATL,ATL
ANA202107170,2021-07-17,ANA,SEA,0,0,1e-06,1e-06,ANA,ANA
OAK202107170,2021-07-17,OAK,CLE,1,0,1e-06,1e-06,OAK,OAK
CIN202107170,2021-07-17,CIN,MIL,0,0,1e-06,1e-06,CIN,CIN
KCA202107170,2021-07-17,KCA,BAL,0,0,1e-06,1e-06,KCA,KCA
PIT202107170,2021-07-17,PIT,NYN,0,0,1e-06,1e-06,PIT,PIT
ARI202107170,2021-07-17,ARI,CHN,0,0,1e-06,1e-06,ARI,ARI
PHI202107170,2021-07-17,PHI,MIA,2,0,1e-06,1e-06,PHI,PHI
PHI202107180,2021-07-18,PHI,MIA,0,0,1e-06,1e-06,PHI,PHI
ANA202107180,2021-07-18,ANA,SEA,0,2,1e-06,1e-06,ANA,ANA
PIT202107180,2021-07-18,PIT,NYN,6,0,1e-06,1e-06,PIT,PIT
ATL202107180,2021-07-18,ATL,TBA,1,0,1e-06,1e-06,ATL,ATL
SLN202107180,2021-07-18,SLN,SFN,0,0,1e-06,1e-06,SLN,SLN
CIN202107180,2021-07-18,CIN,MIL,0,1,1e-06,1e-06,CIN,CIN
DET202107180,2021-07-18,DET,MIN,0,0,1e-06,1e-06,DET,DET
COL202107180,2021-07-18,COL,LAN,1,0,1e-06,1e-06,COL,COL
CHA202107180,2021-07-18,CHA,HOU,0,0,1e-06,1e-06,CHA,CHA
ARI202107180,2021-07-18,ARI,CHN,0,0,1e-06,1e-06,ARI,ARI
OAK202107180,2021-07-18,OAK,CLE,0,1,1e-06,1e-06,OAK,OAK
TOR202107181,2021-07-18,TOR,TEX,0,0,1e-06,1e-06,TOR,TOR
TOR202107182,2021-07-18,TOR,TEX,6,0,1e-06,1e-06,TOR,TOR
WAS202107180,2021-07-18,WAS,SDN,0,0,1e-06,1e-06,WAS,WAS
KCA202107180,2021-07-18,KCA,BAL,0,0,1e-06,1e-06,KCA,KCA
NYA202107180,2021-07-18,NYA,BOS,0,0,1e-06,1e-06,NYA,NYA
CIN202107190,2021-07-19,CIN,NYN,4,3,1e-06,415.25842934625814,CIN,PIT
LAN202107190,2021-07-19,LAN,SFN,2,3,1336.5596902131042,2553.1974748902726,COL,SLN
WAS202107190,2021-07-19,WAS,MIA,4,0,1e-06,197.2342958595587,WAS,PHI
HOU202107190,2021-07-19,HOU,CLE,1,0,1516.5648050119732,2629.671879056886,CHA,OAK
DET202107190,2021-07-19,DET,TEX,0,0,1e-06,332.4198044988213,DET,TOR
OAK202107190,2021-07-19,OAK,ANA,0,0,1e-06,592.0809005913671,OAK,ANA
TOR202107190,2021-07-19,TOR,BOS,0,8,1e-06,550.2922217550002,TOR,NYA
ARI202107190,2021-07-19,ARI,PIT,0,0,1e-06,2938.6428184476895,ARI,PIT
SLN202107190,2021-07-19,SLN,CHN,0,0,1e-06,2043.890455711885,SLN,ARI
CHA202107192,2021-07-19,CHA,MIN,1,1,1e-06,380.91207013286544,CHA,DET
CHA202107191,2021-07-19,CHA,MIN,0,0,1e-06,1e-06,CHA,CHA
TBA202107190,2021-07-19,TBA,BAL,0,2,688.5440708416155,1680.826511683993,ATL,KCA
CIN202107200,2021-07-20,CIN,NYN,1,1,1e-06,1e-06,CIN,CIN
OAK202107200,2021-07-20,OAK,ANA,0,0,1e-06,1e-06,OAK,OAK
COL202107200,2021-07-20,COL,SEA,0,0,1e-06,1321.5005793187804,COL,ANA
NYA202107200,2021-07-20,NYA,PHI,0,0,1e-06,129.48897528262268,NYA,PHI
LAN202107200,2021-07-20,LAN,SFN,1,0,1e-06,1e-06,LAN,LAN
TBA202107200,2021-07-20,TBA,BAL,2,0,1e-06,1e-06,TBA,TBA
ATL202107200,2021-07-20,ATL,SDN,0,0,1e-06,874.0887985860761,ATL,WAS
HOU202107200,2021-07-20,HOU,CLE,1,0,1e-06,1e-06,HOU,HOU
DET202107200,2021-07-20,DET,TEX,1,0,1e-06,1e-06,DET,DET
ARI202107200,2021-07-20,ARI,PIT,0,0,1e-06,1e-06,ARI,ARI
CHA202107200,2021-07-20,CHA,MIN,2,0,1e-06,1e-06,CHA,CHA
SLN202107200,2021-07-20,SLN,CHN,0,0,1e-06,1e-06,SLN,SLN
MIL202107200,2021-07-20,MIL,KCA,0,1,525.1892238126902,707.8851314063497,CIN,KCA
WAS202107200,2021-07-20,WAS,MIA,0,0,1e-06,1e-06,WAS,WAS
TBA202107210,2021-07-21,TBA,BAL,1,1,1e-06,1e-06,TBA,TBA
NYA202107210,2021-07-21,NYA,PHI,0,1,1e-06,1e-06,NYA,NYA
COL202107210,2021-07-21,COL,SEA,5,0,1e-06,1e-06,COL,COL
ARI202107210,2021-07-21,ARI,PIT,0,0,1e-06,1e-06,ARI,ARI
SLN202107210,2021-07-21,SLN,CHN,0,0,1e-06,1e-06,SLN,SLN
CIN202107210,2021-07-21,CIN,NYN,0,0,1e-06,1e-06,CIN,CIN
LAN202107210,2021-07-21,LAN,SFN,1,1,1e-06,1e-06,LAN,LAN
CHA202107210,2021-07-21,CHA,MIN,0,0,1e-06,1e-06,CHA,CHA
TOR202107210,2021-07-21,TOR,BOS,0,0,1e-06,1e-06,TOR,TOR
ATL202107212,2021-07-21,ATL,SDN,0,4,1e-06,1e-06,ATL,ATL
WAS202107210,2021-07-21,WAS,MIA,0,0,1e-06,1e-06,WAS,WAS
MIL202107210,2021-07-21,MIL,KCA,0,0,1e-06,1e-06,MIL,MIL
HOU202107210,2021-07-21,HOU,CLE,0,0,1e-06,1e-06,HOU,HOU
ATL202107211,2021-07-21,ATL,SDN,0,0,1e-06,1e-06,ATL,ATL
DET202107210,2021-07-21,DET,TEX,1,0,1e-06,1e-06,DET,DET
SLN202107220,2021-07-22,SLN,CHN,1,0,1e-06,1e-06,SLN,SLN
SEA202107220,2021-07-22,SEA,OAK,0,0,1640.846947858291,1089.6592015072615,COL,OAK
PHI202107220,2021-07-22,PHI,ATL,0,1,129.48897528262268,1071.2330338826835,NYA,ATL
MIA202107220,2021-07-22,MIA,SDN,0,0,1489.628641346009,973.3591318981379,WAS,ATL
BOS202107220,2021-07-22,BOS,NYA,0,0,691.6136251477402,306.2037667286439,TOR,NYA
DET202107220,2021-07-22,DET,TEX,3,0,1e-06,1e-06,DET,DET
MIN202107220,2021-07-22,MIN,ANA,0,0,571.0232496384983,2531.5923192792015,CHA,OAK
CLE202107220,2021-07-22,CLE,TBA,0,0,1793.7234420980124,1529.408250521614,HOU,TBA
LAN202107220,2021-07-22,LAN,SFN,1,1,1e-06,1e-06,LAN,LAN
MIN202107230,2021-07-23,MIN,ANA,0,3,1e-06,1e-06,MIN,MIN
SEA202107230,2021-07-23,SEA,OAK,0,0,1e-06,1e-06,SEA,SEA
CIN202107230,2021-07-23,CIN,SLN,2,1,1e-06,494.9532553693752,CIN,SLN
MIL202107230,2021-07-23,MIL,CHA,0,0,1e-06,132.54357794550742,MIL,CHA
SFN202107230,2021-07-23,SFN,PIT,0,0,559.4406195325591,1050.9933942487219,LAN,ARI
BOS202107230,2021-07-23,BOS,NYA,0,0,1e-06,1e-06,BOS,BOS
NYN202107230,2021-07-23,NYN,TOR,2,0,913.3322258208743,550.2922217550002,CIN,TOR
HOU202107230,2021-07-23,HOU,TEX,0,0,1e-06,1780.0976623230767,HOU,DET
MIA202107230,2021-07-23,MIA,SDN,0,2,1e-06,1e-06,MIA,MIA
CLE202107230,2021-07-23,CLE,TBA,0,0,1e-06,1e-06,CLE,CLE
BAL202107230,2021-07-23,BAL,WAS,0,0,1393.7772067986984,55.02896457567408,TBA,WAS
KCA202107230,2021-07-23,KCA,DET,0,0,707.8851314063497,1034.95696626315,MIL,DET
CHN202107230,2021-07-23,CHN,ARI,3,0,422.49209120404555,2336.6124175782998,SLN,ARI
LAN202107230,2021-07-23,LAN,COL,3,0,1e-06,1336.5596902131042,LAN,COL
PHI202107230,2021-07-23,PHI,ATL,1,0,1e-06,1e-06,PHI,PHI
NYN202107240,2021-07-24,NYN,TOR,0,0,1e-06,1e-06,NYN,NYN
HOU202107240,2021-07-24,HOU,TEX,1,0,1e-06,1e-06,HOU,HOU
KCA202107240,2021-07-24,KCA,DET,0,0,1e-06,1e-06,KCA,KCA
SEA202107240,2021-07-24,SEA,OAK,1,0,1e-06,1e-06,SEA,SEA
MIA202107240,2021-07-24,MIA,SDN,0,1,1e-06,1e-06,MIA,MIA
SFN202107240,2021-07-24,SFN,PIT,0,1,1e-06,1e-06,SFN,SFN
BOS202107240,2021-07-24,BOS,NYA,1,0,1e-06,1e-06,BOS,BOS
CHN202107240,2021-07-24,CHN,ARI,0,0,1e-06,1e-06,CHN,CHN
LAN202107240,2021-07-24,LAN,COL,0,0,1e-06,1e-06,LAN,LAN
CIN202107240,2021-07-24,CIN,SLN,0,0,1e-06,1e-06,CIN,CIN
PHI202107240,2021-07-24,PHI,ATL,0,2,1e-06,1e-06,PHI,PHI
BAL202107240,2021-07-24,BAL,WAS,1,0,1e-06,1e-06,BAL,BAL
CLE202107240,2021-07-24,CLE,TBA,0,1,1e-06,1e-06,CLE,CLE
MIL202107240,2021-07-24,MIL,CHA,1,0,1e-06,1e-06,MIL,MIL
MIN202107240,2021-07-24,MIN,ANA,0,2,1e-06,1e-06,MIN,MIN
NYN202107250,2021-07-25,NYN,TOR,0,0,1e-06,1e-06,NYN,NYN
SFN202107250,2021-07-25,SFN,PIT,1,1,1e-06,1e-06,SFN,SFN
CIN202107250,2021-07-25,CIN,SLN,3,2,1e-06,1e-06,CIN,CIN
HOU202107250,2021-07-25,HOU,TEX,0,0,1e-06,1e-06,HOU,HOU
BOS202107250,2021-07-25,BOS,NYA,0,0,1e-06,1e-06,BOS,BOS
SEA202107250,2021-07-25,SEA,OAK,0,0,1e-06,1e-06,SEA,SEA
BAL202107250,2021-07-25,BAL,WAS,1,1,1e-06,1e-06,BAL,BAL
CHN202107250,2021-07-25,CHN,ARI,3,0,1e-06,1e-06,CHN,CHN
KCA202107250,2021-07-25,KCA,DET,4,0,1e-06,1e-06,KCA,KCA
PHI202107250,2021-07-25,PHI,ATL,0,0,1e-06,1e-06,PHI,PHI
LAN202107250,2021-07-25,LAN,COL,1,1,1e-06,1e-06,LAN,LAN
MIN202107250,2021-07-25,MIN,ANA,2,0,1e-06,1e-06,MIN,MIN
MIA202107250,2021-07-25,MIA,SDN,0,0,1e-06,1e-06,MIA,MIA
CLE202107250,2021-07-25,CLE,TBA,1,1,1e-06,1e-06,CLE,CLE
MIL202107250,2021-07-25,MIL,CHA,0,0,1e-06,1e-06,MIL,MIL
MIN202107260,2021-07-26,MIN,DET,0,0,1e-06,662.9211681328137,MIN,KCA
KCA202107260,2021-07-26,KCA,CHA,0,0,1e-06,707.8851314063497,KCA,MIL
SEA202107260,2021-07-26,SEA,HOU,0,6,1e-06,3039.1839825945185,SEA,HOU
NYN202107262,2021-07-26,NYN,ATL,0,0,1e-06,129.48897528262268,NYN,PHI
NYN202107261,2021-07-26,NYN,ATL,0,0,1e-06,1e-06,NYN,NYN
CHN202107260,2021-07-26,CHN,CIN,2,0,1e-06,406.25273298859213,CHN,CIN
PHI202107260,2021-07-26,PHI,WAS,0,0,1e-06,144.5656230575587,PHI,BAL
BOS202107260,2021-07-26,BOS,TOR,0,0,1e-06,306.2037667286439,BOS,NYN
ANA202107260,2021-07-26,ANA,COL,2,0,2437.087352189671,40.86770847173621,MIN,LAN
ANA202107270,2021-07-27,ANA,COL,0,2,1e-06,1e-06,ANA,ANA
KCA202107270,2021-07-27,KCA,CHA,0,0,1e-06,1e-06,KCA,KCA
MIN202107270,2021-07-27,MIN,DET,4,0,1e-06,1e-06,MIN,MIN
PIT202107270,2021-07-27,PIT,MIL,0,3,3638.3530777091846,722.0054120555708,SFN,MIL
TEX202107270,2021-07-27,TEX,ARI,0,0,368.5990384284446,1309.650558347085,HOU,CHN
CLE202107270,2021-07-27,CLE,SLN,0,0,1e-06,358.1075548344512,CLE,CIN
TBA202107270,2021-07-27,TBA,NYA,0,0,1529.408250521614,1926.6943817180322,CLE,BOS
NYN202107270,2021-07-27,NYN,ATL,0,2,1e-06,1e-06,NYN,NYN
PHI202107270,2021-07-27,PHI,WAS,1,3,1e-06,1e-06,PHI,PHI
SEA202107270,2021-07-27,SEA,HOU,2,3,1e-06,1e-06,SEA,SEA
SDN202107270,2021-07-27,SDN,OAK,0,0,3647.9520321048794,1711.8059777853623,MIA,SEA
CHN202107270,2021-07-27,CHN,CIN,2,2,1e-06,1e-06,CHN,CHN
SFN202107270,2021-07-27,SFN,LAN,0,0,1e-06,559.4406195325591,SFN,LAN
BAL202107270,2021-07-27,BAL,MIA,0,0,1e-06,1539.1317139517298,BAL,MIA
CLE202107280,2021-07-28,CLE,SLN,0,1,1e-06,1e-06,CLE,CLE
ANA202107280,2021-07-28,ANA,COL,1,2,1e-06,1e-06,ANA,ANA
TBA202107280,2021-07-28,TBA,NYA,0,0,1e-06,1e-06,TBA,TBA
SFN202107280,2021-07-28,SFN,LAN,0,0,1e-06,1e-06,SFN,SFN
BOS202107282,2021-07-28,BOS,TOR,1,0,1e-06,1e-06,BOS,BOS
KCA202107280,2021-07-28,KCA,CHA,0,0,1e-06,1e-06,KCA,KCA
MIN202107280,2021-07-28,MIN,DET,0,0,1e-06,1e-06,MIN,MIN
CHN202107280,2021-07-28,CHN,CIN,0,0,1e-06,1e-06,CHN,CHN
TEX202107280,2021-07-28,TEX,ARI,0,0,1e-06,1e-06,TEX,TEX
SEA202107280,2021-07-28,SEA,HOU,0,0,1e-06,1e-06,SEA,SEA
BAL202107280,2021-07-28,BAL,MIA,0,2,1e-06,1e-06,BAL,BAL
SDN202107280,2021-07-28,SDN,OAK,0,4,1e-06,1e-06,SDN,SDN
NYN202107280,2021-07-28,NYN,ATL,0,0,1e-06,1e-06,NYN,NYN
PIT202107280,2021-07-28,PIT,MIL,0,1,1e-06,1e-06,PIT,PIT
BOS202107281,2021-07-28,BOS,TOR,1,0,1e-06,1e-06,BOS,BOS
DET202107290,2021-07-29,DET,BAL,2,0,872.516450655481,638.3359432178316,MIN,BAL
SFN202107290,2021-07-29,SFN,LAN,2,0,1e-06,1e-06,SFN,SFN
BOS202107290,2021-07-29,BOS,TOR,0,3,1e-06,1e-06,BOS,BOS
ANA202107290,2021-07-29,ANA,OAK,0,3,1e-06,141.8121399568677,ANA,SDN
CHN202107290,2021-07-29,CHN,CIN,0,2,1e-06,1e-06,CHN,CHN
TBA202107290,2021-07-29,TBA,NYA,4,0,1e-06,1e-06,TBA,TBA
SDN202107290,2021-07-29,SDN,COL,1,0,1e-06,141.8121399568677,SDN,ANA
PIT202107290,2021-07-29,PIT,MIL,0,0,1e-06,1e-06,PIT,PIT
PHI202107291,2021-07-29,PHI,WAS,0,0,1e-06,1e-06,PHI,PHI
NYN202107290,2021-07-29,NYN,ATL,0,0,1e-06,1e-06,NYN,NYN
KCA202107290,2021-07-29,KCA,CHA,2,0,1e-06,1e-06,KCA,KCA
PHI202107292,2021-07-29,PHI,WAS,0,4,1e-06,1e-06,PHI,PHI
DET202107300,2021-07-30,DET,BAL,0,0,1e-06,1e-06,DET,DET
SFN202107300,2021-07-30,SFN,HOU,0,2,1e-06,1092.0187760809354,SFN,SEA
TOR202107300,2021-07-30,TOR,KCA,0,0,691.6136251477402,1362.7751953099457,BOS,KCA
SDN202107300,2021-07-30,SDN,COL,0,4,1e-06,1e-06,SDN,SDN
CHA202107300,2021-07-30,CHA,CLE,0,2,663.9206411727051,494.38381964269325,KCA,CLE
TEX202107300,2021-07-30,TEX,SEA,0,0,1e-06,2688.6235870338205,TEX,SEA
SLN202107300,2021-07-30,SLN,MIN,0,0,790.4867119732073,750.9189277472408,CLE,MIN
ARI202107300,2021-07-30,ARI,LAN,0,0,1401.854927086376,1050.9933942487219,TEX,SFN
WAS202107300,2021-07-30,WAS,CHN,0,0,197.2342958595587,956.88299544195,PHI,CHN
MIA202107300,2021-07-30,MIA,NYA,0,0,1539.1317139517298,319.9354673545946,BAL,TBA
ANA202107300,2021-07-30,ANA,OAK,0,0,1e-06,1e-06,ANA,ANA
TBA202107300,2021-07-30,TBA,BOS,2,0,1e-06,1926.6943817180322,TBA,BOS
NYN202107300,2021-07-30,NYN,CIN,1,1,1e-06,1144.1299356702407,NYN,CHN
PIT202107300,2021-07-30,PIT,PHI,3,0,1e-06,412.2899901216241,PIT,PHI
ATL202107300,2021-07-30,ATL,MIL,4,0,1200.4511584455877,840.3908477621023,NYN,PIT
TEX202107310,2021-07-31,TEX,SEA,0,2,1e-06,1e-06,TEX,TEX
ARI202107310,2021-07-31,ARI,LAN,0,0,1e-06,1e-06,ARI,ARI
SDN202107310,2021-07-31,SDN,COL,0,0,1e-06,1e-06,SDN,SDN
NYN202107310,2021-07-31,NYN,CIN,0,0,1e-06,1e-06,NYN,NYN
ATL202107310,2021-07-31,ATL,MIL,0,0,1e-06,1e-06,ATL,ATL
MIA202107310,2021-07-31,MIA,NYA,0,0,1e-06,1e-06,MIA,MIA
TOR202107310,2021-07-31,TOR,KCA,1,0,1e-06,1e-06,TOR,TOR
SFN202107310,2021-07-31,SFN,HOU,0,0,1e-06,1e-06,SFN,SFN
DET202107310,2021-07-31,DET,BAL,0,0,1e-06,1e-06,DET,DET
CHA202107310,2021-07-31,CHA,CLE,0,0,1e-06,1e-06,CHA,CHA
PIT202107310,2021-07-31,PIT,PHI,0,0,1e-06,1e-06,PIT,PIT
SLN202107310,2021-07-31,SLN,MIN,0,2,1e-06,1e-06,SLN,SLN
WAS202107310,2021-07-31,WAS,CHN,1,1,1e-06,1e-06,WAS,WAS
TBA202107310,2021-07-31,TBA,BOS,2,3,1e-06,1e-06,TBA,TBA
ANA202107310,2021-07-31,ANA,OAK,0,0,1e-06,1e-06,ANA,ANA
PIT202108010,2021-08-01,PIT,PHI,0,1,1e-06,1e-06,PIT,PIT
ANA202108010,2021-08-01,ANA,OAK,2,0,1e-06,1e-06,ANA,ANA
CHA202108010,2021-08-01,CHA,CLE,0,0,1e-06,1e-06,CHA,CHA
ATL202108010,2021-08-01,ATL,MIL,0,1,1e-06,1e-06,ATL,ATL
DET202108010,2021-08-01,DET,BAL,3,2,1e-06,1e-06,DET,DET
ARI202108010,2021-08-01,ARI,LAN,0,0,1e-06,1e-06,ARI,ARI
NYN202108010,2021-08-01,NYN,CIN,0,0,1e-06,1e-06,NYN,NYN
WAS202108010,2021-08-01,WAS,CHN,0,1,1e-06,1e-06,WAS,WAS
TBA202108010,2021-08-01,TBA,BOS,0,0,1e-06,1e-06,TBA,TBA
SLN202108010,2021-08-01,SLN,MIN,0,0,1e-06,1e-06,SLN,SLN
TEX202108010,2021-08-01,TEX,SEA,0,0,1e-06,1e-06,TEX,TEX
SFN202108010,2021-08-01,SFN,HOU,0,2,1e-06,1e-06,SFN,SFN
TOR202108010,2021-08-01,TOR,KCA,0,0,1e-06,1e-06,TOR,TOR
SDN202108010,2021-08-01,SDN,COL,4,0,1e-06,1e-06,SDN,SDN
MIA202108010,2021-08-01,MIA,NYA,1,0,1e-06,1e-06,MIA,MIA
TBA202108020,2021-08-02,TBA,SEA,0,0,1e-06,1496.616116420437,TBA,TEX
TOR202108020,2021-08-02,TOR,CLE,0,0,1e-06,700.98343821047,TOR,CHA
MIA202108020,2021-08-02,MIA,NYN,4,0,1e-06,1756.5620451799746,MIA,NYN
TEX202108020,2021-08-02,TEX,ANA,0,0,1e-06,1938.7751997181072,TEX,ANA
NYA202108020,2021-08-02,NYA,BAL,0,0,1756.5620451799746,773.7548030957365,MIA,DET
ARI202108020,2021-08-02,ARI,SFN,0,0,1e-06,1050.9933942487219,ARI,SFN
WAS202108020,2021-08-02,WAS,PHI,0,0,1e-06,305.44483751928374,WAS,PIT
MIL202108020,2021-08-02,MIL,PIT,0,0,1079.4745171093869,722.0054120555708,ATL,PIT
MIL202108030,2021-08-03,MIL,PIT,1,0,1e-06,1e-06,MIL,MIL
CIN202108030,2021-08-03,CIN,MIN,0,0,913.3322258208743,494.9532553693752,NYN,SLN
MIA202108030,2021-08-03,MIA,NYN,0,0,1e-06,1e-06,MIA,MIA
SLN202108030,2021-08-03,SLN,ATL,0,5,1e-06,751.930362209131,SLN,ATL
TBA202108030,2021-08-03,TBA,SEA,1,0,1e-06,1e-06,TBA,TBA
COL202108030,2021-08-03,COL,CHN,0,0,1340.7925092662401,2397.8679070622884,SDN,WAS
TOR202108030,2021-08-03,TOR,CLE,3,0,1e-06,1e-06,TOR,TOR
LAN202108030,2021-08-03,LAN,HOU,0,0,574.8341159449532,559.4406195325591,ARI,SFN
OAK202108030,2021-08-03,OAK,SDN,0,1,592.0809005913671,731.4285571970996,ANA,SDN
WAS202108030,2021-08-03,WAS,PHI,0,1,1e-06,1e-06,WAS,WAS
CHA202108030,2021-08-03,CHA,KCA,0,0,1e-06,700.98343821047,CHA,TOR
DET202108030,2021-08-03,DET,BOS,0,1,1e-06,1620.843911772028,DET,TBA
ARI202108030,2021-08-03,ARI,SFN,0,0,1e-06,1e-06,ARI,ARI
TEX202108030,2021-08-03,TEX,ANA,0,0,1e-06,1e-06,TEX,TEX
NYA202108030,2021-08-03,NYA,BAL,0,0,1e-06,1e-06,NYA,NYA
TBA202108040,2021-08-04,TBA,SEA,0,0,1e-06,1e-06,TBA,TBA
NYA202108040,2021-08-04,NYA,BAL,0,2,1e-06,1e-06,NYA,NYA
CIN202108040,2021-08-04,CIN,MIN,0,1,1e-06,1e-06,CIN,CIN
WAS202108040,2021-08-04,WAS,PHI,1,0,1e-06,1e-06,WAS,WAS
LAN202108040,2021-08-04,LAN,HOU,4,1,1e-06,1e-06,LAN,LAN
DET202108040,2021-08-04,DET,BOS,0,0,1e-06,1e-06,DET,DET
ARI202108040,2021-08-04,ARI,SFN,0,0,1e-06,1e-06,ARI,ARI
MIA202108040,2021-08-04,MIA,NYN,0,0,1e-06,1e-06,MIA,MIA
SLN202108040,2021-08-04,SLN,ATL,3,0,1e-06,1e-06,SLN,SLN
TOR202108040,2021-08-04,TOR,CLE,4,0,1e-06,1e-06,TOR,TOR
CHA202108040,2021-08-04,CHA,KCA,0,1,1e-06,1e-06,CHA,CHA
COL202108040,2021-08-04,COL,CHN,2,0,1e-06,1e-06,COL,COL
TEX202108040,2021-08-04,TEX,ANA,0,0,1e-06,1e-06,TEX,TEX
MIL202108040,2021-08-04,MIL,PIT,0,0,1e-06,1e-06,MIL,MIL
OAK202108040,2021-08-04,OAK,SDN,0,0,1e-06,1e-06,OAK,OAK
ARI202108050,2021-08-05,ARI,SFN,2,0,1e-06,1e-06,ARI,ARI
TEX202108050,2021-08-05,TEX,ANA,0,0,1e-06,1e-06,TEX,TEX
SLN202108050,2021-08-05,SLN,ATL,0,0,1e-06,1e-06,SLN,SLN
CIN202108050,2021-08-05,CIN,PIT,1,0,1e-06,525.1892238126902,CIN,MIL
CHA202108050,2021-08-05,CHA,KCA,1,2,1e-06,1e-06,CHA,CHA
COL202108050,2021-08-05,COL,CHN,1,0,1e-06,1e-06,COL,COL
NYA202108050,2021-08-05,NYA,SEA,0,0,1e-06,1638.0556824552712,NYA,TBA
MIA202108050,2021-08-05,MIA,NYN,0,0,1e-06,1e-06,MIA,MIA
TOR202108050,2021-08-05,TOR,CLE,0,0,1e-06,1e-06,TOR,TOR
WAS202108050,2021-08-05,WAS,PHI,0,0,1e-06,1e-06,WAS,WAS
HOU202108050,2021-08-05,HOU,MIN,0,0,2205.5170699182067,1437.2452542414687,LAN,CIN
DET202108050,2021-08-05,DET,BOS,1,0,1e-06,1e-06,DET,DET
BAL202108060,2021-08-06,BAL,TBA,1,0,272.81937803481173,1393.7772067986984,NYA,TBA
OAK202108060,2021-08-06,OAK,TEX,0,0,1e-06,2350.5503898425545,OAK,TEX
CHN202108060,2021-08-06,CHN,CHA,0,0,1477.450780411816,1e-06,COL,CHA
PHI202108060,2021-08-06,PHI,NYN,0,0,197.2342958595587,1644.1190984600378,WAS,MIA
LAN202108060,2021-08-06,LAN,ANA,1,0,1e-06,1971.1455630393184,LAN,TEX
SLN202108060,2021-08-06,SLN,KCA,1,0,1e-06,422.49209120404555,SLN,CHA
CLE202108060,2021-08-06,CLE,DET,0,0,305.2632734150024,145.52553501827433,TOR,DET
TOR202108060,2021-08-06,TOR,BOS,0,0,1e-06,332.4198044988213,TOR,DET
NYA202108060,2021-08-06,NYA,SEA,0,0,1e-06,1e-06,NYA,NYA
HOU202108060,2021-08-06,HOU,MIN,0,0,1e-06,1e-06,HOU,HOU
SDN202108060,2021-08-06,SDN,ARI,0,0,731.4285571970996,481.0116378281714,OAK,ARI
COL202108060,2021-08-06,COL,MIA,0,0,1e-06,2773.388608504832,COL,MIA
CIN202108060,2021-08-06,CIN,PIT,7,0,1e-06,1e-06,CIN,CIN
ATL202108060,2021-08-06,ATL,WAS,2,0,751.930362209131,874.0887985860761,SLN,WAS
MIL202108060,2021-08-06,MIL,SFN,0,0,1e-06,2349.997873269975,MIL,ARI
CHN202108070,2021-08-07,CHN,CHA,0,2,1e-06,1e-06,CHN,CHN
MIL202108070,2021-08-07,MIL,SFN,0,0,1e-06,1e-06,MIL,MIL
TOR202108071,2021-08-07,TOR,BOS,0,0,1e-06,1e-06,TOR,TOR
BAL202108070,2021-08-07,BAL,TBA,0,0,1e-06,1e-06,BAL,BAL
SDN202108070,2021-08-07,SDN,ARI,1,0,1e-06,1e-06,SDN,SDN
TOR202108072,2021-08-07,TOR,BOS,0,0,1e-06,1e-06,TOR,TOR
LAN202108070,2021-08-07,LAN,ANA,2,0,1e-06,1e-06,LAN,LAN
PHI202108070,2021-08-07,PHI,NYN,0,0,1e-06,1e-06,PHI,PHI
HOU202108070,2021-08-07,HOU,MIN,0,0,1e-06,1e-06,HOU,HOU
CLE202108070,2021-08-07,CLE,DET,0,0,1e-06,1e-06,CLE,CLE
NYA202108070,2021-08-07,NYA,SEA,1,2,1e-06,1e-06,NYA,NYA
OAK202108070,2021-08-07,OAK,TEX,0,2,1e-06,1e-06,OAK,OAK
SLN202108070,2021-08-07,SLN,KCA,2,0,1e-06,1e-06,SLN,SLN
CIN202108070,2021-08-07,CIN,PIT,0,0,1e-06,1e-06,CIN,CIN
COL202108070,2021-08-07,COL,MIA,0,0,1e-06,1e-06,COL,COL
ATL202108070,2021-08-07,ATL,WAS,1,0,1e-06,1e-06,ATL,ATL
MIL202108080,2021-08-08,MIL,SFN,0,1,1e-06,1e-06,MIL,MIL
OAK202108080,2021-08-08,OAK,TEX,3,1,1e-06,1e-06,OAK,OAK
HOU202108080,2021-08-08,HOU,MIN,1,0,1e-06,1e-06,HOU,HOU
CHN202108080,2021-08-08,CHN,CHA,0,5,1e-06,1e-06,CHN,CHN
NYA202108080,2021-08-08,NYA,SEA,0,0,1e-06,1e-06,NYA,NYA
CIN202108080,2021-08-08,CIN,PIT,0,0,1e-06,1e-06,CIN,CIN
BAL202108080,2021-08-08,BAL,TBA,1,0,1e-06,1e-06,BAL,BAL
TOR202108080,2021-08-08,TOR,BOS,1,0,1e-06,1e-06,TOR,TOR
CLE202108080,2021-08-08,CLE,DET,1,0,1e-06,1e-06,CLE,CLE
COL202108080,2021-08-08,COL,MIA,3,1,1e-06,1e-06,COL,COL
SLN202108080,2021-08-08,SLN,KCA,1,0,1e-06,1e-06,SLN,SLN
LAN202108080,2021-08-08,LAN,ANA,2,0,1e-06,1e-06,LAN,LAN
ATL202108080,2021-08-08,ATL,WAS,0,0,1e-06,1e-06,ATL,ATL
SDN202108080,2021-08-08,SDN,ARI,1,0,1e-06,1e-06,SDN,SDN
PHI202108080,2021-08-08,PHI,NYN,2,0,1e-06,1e-06,PHI,PHI
SDN202108090,2021-08-09,SDN,MIA,0,0,1e-06,1340.7925092662401,SDN,COL
KCA202108090,2021-08-09,KCA,NYA,0,0,382.8562661725535,1759.8286951805926,SLN,NYA
MIN202108090,2021-08-09,MIN,CHA,0,4,1702.4056315736932,571.0232496384983,HOU,CHN
CLE202108090,2021-08-09,CLE,CIN,1,1,1e-06,358.1075548344512,CLE,CIN
KCA202108100,2021-08-10,KCA,NYA,2,0,1e-06,1e-06,KCA,KCA
BAL202108100,2021-08-10,BAL,DET,0,0,1e-06,495.2645964012307,BAL,CLE
SEA202108100,2021-08-10,SEA,TEX,0,0,3865.3953610333656,1089.6592015072615,NYA,OAK
CHN202108102,2021-08-10,CHN,MIL,0,0,1e-06,132.54357794550742,CHN,MIL
ANA202108101,2021-08-10,ANA,TOR,0,0,40.86770847173621,3477.996626466436,LAN,TOR
MIN202108100,2021-08-10,MIN,CHA,2,0,1e-06,1e-06,MIN,MIN
ANA202108102,2021-08-10,ANA,TOR,0,2,1e-06,1e-06,ANA,ANA
CHN202108101,2021-08-10,CHN,MIL,0,0,1e-06,1e-06,CHN,CHN
CLE202108100,2021-08-10,CLE,OAK,1,0,1e-06,3466.040146226439,CLE,OAK
PIT202108100,2021-08-10,PIT,SLN,0,1,415.25842934625814,898.8824563980571,CIN,SLN
ATL202108100,2021-08-10,ATL,CIN,0,0,1e-06,893.7492632763934,ATL,CLE
BOS202108100,2021-08-10,BOS,TBA,0,0,691.6136251477402,578.81170796599,TOR,BAL
NYN202108100,2021-08-10,NYN,WAS,1,3,129.48897528262268,1200.4511584455877,PHI,ATL
SDN202108100,2021-08-10,SDN,MIA,2,3,1e-06,1e-06,SDN,SDN
PHI202108100,2021-08-10,PHI,LAN,0,0,1e-06,3844.216938115361,PHI,LAN
HOU202108100,2021-08-10,HOU,COL,0,0,1e-06,1412.379089095518,HOU,COL
SFN202108100,2021-08-10,SFN,ARI,4,0,2954.3733541563483,738.1265117326025,MIL,SDN
CHN202108110,2021-08-11,CHN,MIL,0,7,1e-06,1e-06,CHN,CHN
BOS202108110,2021-08-11,BOS,TBA,3,0,1e-06,1e-06,BOS,BOS
SDN202108110,2021-08-11,SDN,MIA,0,3,1e-06,1e-06,SDN,SDN
KCA202108110,2021-08-11,KCA,NYA,1,3,1e-06,1e-06,KCA,KCA
CLE202108110,2021-08-11,CLE,OAK,2,0,1e-06,1e-06,CLE,CLE
BAL202108110,2021-08-11,BAL,DET,0,0,1e-06,1e-06,BAL,BAL
HOU202108110,2021-08-11,HOU,COL,1,1,1e-06,1e-06,HOU,HOU
ANA202108110,2021-08-11,ANA,TOR,0,0,1e-06,1e-06,ANA,ANA
SFN202108110,2021-08-11,SFN,ARI,1,0,1e-06,1e-06,SFN,SFN
SEA202108110,2021-08-11,SEA,TEX,0,0,1e-06,1e-06,SEA,SEA
MIN202108110,2021-08-11,MIN,CHA,0,0,1e-06,1e-06,MIN,MIN
ATL202108110,2021-08-11,ATL,CIN,1,0,1e-06,1e-06,ATL,ATL
PIT202108110,2021-08-11,PIT,SLN,0,0,1e-06,1e-06,PIT,PIT
PHI202108110,2021-08-11,PHI,LAN,0,0,1e-06,1e-06,PHI,PHI
CHN202108120,2021-08-12,CHN,MIL,0,0,1e-06,1e-06,CHN,CHN
BOS202108120,2021-08-12,BOS,TBA,0,0,1e-06,1e-06,BOS,BOS
ANA202108120,2021-08-12,ANA,TOR,0,0,1e-06,1e-06,ANA,ANA
PIT202108120,2021-08-12,PIT,SLN,3,1,1e-06,1e-06,PIT,PIT
ARI202108120,2021-08-12,ARI,SDN,0,2,1050.9933942487219,481.0116378281714,SFN,SDN
ATL202108120,2021-08-12,ATL,CIN,1,0,1e-06,1e-06,ATL,ATL
SFN202108120,2021-08-12,SFN,COL,0,0,1e-06,2641.7391700833814,SFN,HOU
PHI202108120,2021-08-12,PHI,LAN,1,0,1e-06,1e-06,PHI,PHI
CHA202108120,2021-08-12,CHA,NYA,1,0,571.0232496384983,663.9206411727051,MIN,KCA
NYN202108121,2021-08-12,NYN,WAS,0,0,1e-06,1e-06,NYN,NYN
SEA202108120,2021-08-12,SEA,TEX,0,0,1e-06,1e-06,SEA,SEA
CLE202108120,2021-08-12,CLE,OAK,0,0,1e-06,1e-06,CLE,CLE
NYN202108122,2021-08-12,NYN,WAS,0,0,1e-06,1e-06,NYN,NYN
BAL202108120,2021-08-12,BAL,DET,0,0,1e-06,1e-06,BAL,BAL
MIA202108130,2021-08-13,MIA,CHN,1,2,3647.9520321048794,1915.1205670973725,SDN,CHN
DET202108130,2021-08-13,DET,CLE,0,0,638.3359432178316,145.52553501827433,BAL,CLE
PHI202108130,2021-08-13,PHI,CIN,0,0,1e-06,1071.2330338826835,PHI,ATL
BOS202108130,2021-08-13,BOS,BAL,0,0,1e-06,578.81170796599,BOS,BAL
MIN202108130,2021-08-13,MIN,TBA,0,1,1e-06,1804.1923618308685,MIN,BOS
TEX202108130,2021-08-13,TEX,OAK,3,0,2688.6235870338205,1666.9381007624936,SEA,CLE
SFN202108130,2021-08-13,SFN,COL,4,0,1e-06,1e-06,SFN,SFN
ARI202108130,2021-08-13,ARI,SDN,0,0,1e-06,1e-06,ARI,ARI
NYN202108130,2021-08-13,NYN,LAN,0,1,1e-06,129.48897528262268,NYN,PHI
KCA202108130,2021-08-13,KCA,SLN,0,0,1e-06,1255.3811411500053,KCA,PIT
ANA202108130,2021-08-13,ANA,HOU,0,0,1e-06,2169.9670210701,ANA,HOU
SEA202108130,2021-08-13,SEA,TOR,0,0,1e-06,1575.276973597757,SEA,ANA
WAS202108130,2021-08-13,WAS,ATL,2,0,326.3648041771951,874.0887985860761,NYN,ATL
PIT202108142,2021-08-14,PIT,MIL,0,0,1e-06,660.0502267315369,PIT,CHN
PIT202108141,2021-08-14,PIT,MIL,0,1,1e-06,1e-06,PIT,PIT
MIA202108140,2021-08-14,MIA,CHN,0,0,1e-06,1e-06,MIA,MIA
KCA202108140,2021-08-14,KCA,SLN,0,0,1e-06,1e-06,KCA,KCA
SFN202108140,2021-08-14,SFN,COL,0,0,1e-06,1e-06,SFN,SFN
PHI202108140,2021-08-14,PHI,CIN,0,0,1e-06,1e-06,PHI,PHI
DET202108140,2021-08-14,DET,CLE,2,0,1e-06,1e-06,DET,DET
WAS202108140,2021-08-14,WAS,ATL,0,0,1e-06,1e-06,WAS,WAS
BOS202108140,2021-08-14,BOS,BAL,4,0,1e-06,1e-06,BOS,BOS
CHA202108140,2021-08-14,CHA,NYA,1,2,1e-06,1e-06,CHA,CHA
TEX202108140,2021-08-14,TEX,OAK,1,1,1e-06,1e-06,TEX,TEX
SEA202108140,2021-08-14,SEA,TOR,2,0,1e-06,1e-06,SEA,SEA
NYN202108140,2021-08-14,NYN,LAN,0,0,1e-06,1e-06,NYN,NYN
ARI202108140,2021-08-14,ARI,SDN,5,0,1e-06,1e-06,ARI,ARI
ANA202108140,2021-08-14,ANA,HOU,2,0,1e-06,1e-06,ANA,ANA
MIN202108140,2021-08-14,MIN,TBA,4,0,1e-06,1e-06,MIN,MIN
SFN202108150,2021-08-15,SFN,COL,0,0,1e-06,1e-06,SFN,SFN
DET202108150,2021-08-15,DET,CLE,0,0,1e-06,1e-06,DET,DET
ANA202108150,2021-08-15,ANA,HOU,0,0,1e-06,1e-06,ANA,ANA
ARI202108150,2021-08-15,ARI,SDN,0,0,1e-06,1e-06,ARI,ARI
PIT202108150,2021-08-15,PIT,MIL,0,1,1e-06,1e-06,PIT,PIT
MIN202108150,2021-08-15,MIN,TBA,2,0,1e-06,1e-06,MIN,MIN
SEA202108150,2021-08-15,SEA,TOR,1,0,1e-06,1e-06,SEA,SEA
NYN202108150,2021-08-15,NYN,LAN,0,3,1e-06,1e-06,NYN,NYN
KCA202108150,2021-08-15,KCA,SLN,0,3,1e-06,1e-06,KCA,KCA
PHI202108150,2021-08-15,PHI,CIN,0,1,1e-06,1e-06,PHI,PHI
WAS202108150,2021-08-15,WAS,ATL,0,0,1e-06,1e-06,WAS,WAS
MIA202108150,2021-08-15,MIA,CHN,0,0,1e-06,1e-06,MIA,MIA
CHA202108150,2021-08-15,CHA,NYA,0,0,1e-06,1e-06,CHA,CHA
TEX202108150,2021-08-15,TEX,OAK,3,0,1e-06,1e-06,TEX,TEX
BOS202108150,2021-08-15,BOS,BAL,3,1,1e-06,1e-06,BOS,BOS
COL202108160,2021-08-16,COL,SDN,1,0,1524.5101947303656,942.6579354569091,SFN,ARI
TBA202108160,2021-08-16,TBA,BAL,0,0,2137.431531245163,1926.6943817180322,MIN,BOS
NYA202108160,2021-08-16,NYA,ANA,2,1,1144.1299356702407,3915.807145653056,CHA,ANA
SFN202108160,2021-08-16,SFN,NYN,0,0,1e-06,4128.529875974277,SFN,NYN
KCA202108160,2021-08-16,KCA,HOU,0,1,1e-06,2158.345510444982,KCA,ANA
MIA202108160,2021-08-16,MIA,ATL,1,1,1e-06,1489.628641346009,MIA,WAS
MIN202108160,2021-08-16,MIN,CLE,1,0,1e-06,872.516450655481,MIN,DET
LAN202108160,2021-08-16,LAN,PIT,0,0,3936.366792360479,3433.6519953355796,NYN,PIT
CIN202108160,2021-08-16,CIN,CHN,0,0,807.0437326700402,1534.6263109130673,PHI,MIA
CHA202108160,2021-08-16,CHA,OAK,0,0,1e-06,1309.650558347085,CHA,TEX
ARI202108170,2021-08-17,ARI,PHI,0,0,1e-06,3344.1998186127516,ARI,PHI
MIN202108170,2021-08-17,MIN,CLE,0,0,1e-06,1e-06,MIN,MIN
WAS202108170,2021-08-17,WAS,TOR,0,0,1e-06,3737.7812997837673,WAS,SEA
CIN202108170,2021-08-17,CIN,CHN,0,0,1e-06,1e-06,CIN,CIN
DET202108170,2021-08-17,DET,ANA,0,1,1e-06,773.7548030957365,DET,NYA
NYA202108171,2021-08-17,NYA,BOS,0,0,1e-06,306.2037667286439,NYA,BOS
LAN202108170,2021-08-17,LAN,PIT,0,0,1e-06,1e-06,LAN,LAN
TEX202108170,2021-08-17,TEX,SEA,0,0,1e-06,2688.6235870338205,TEX,SEA
COL202108170,2021-08-17,COL,SDN,1,0,1e-06,1e-06,COL,COL
CHA202108170,2021-08-17,CHA,OAK,0,0,1e-06,1e-06,CHA,CHA
SFN202108170,2021-08-17,SFN,NYN,2,0,1e-06,1e-06,SFN,SFN
KCA202108170,2021-08-17,KCA,HOU,0,0,1e-06,1e-06,KCA,KCA
TBA202108170,2021-08-17,TBA,BAL,0,0,1e-06,1e-06,TBA,TBA
MIA202108170,2021-08-17,MIA,ATL,0,0,1e-06,1e-06,MIA,MIA
SLN202108170,2021-08-17,SLN,MIL,0,0,382.8562661725535,898.8824563980571,KCA,PIT
NYA202108172,2021-08-17,NYA,BOS,0,0,1e-06,1e-06,NYA,NYA
CHA202108180,2021-08-18,CHA,OAK,1,0,1e-06,1e-06,CHA,CHA
COL202108180,2021-08-18,COL,SDN,3,0,1e-06,1e-06,COL,COL
MIA202108180,2021-08-18,MIA,ATL,0,0,1e-06,1e-06,MIA,MIA
DET202108180,2021-08-18,DET,ANA,0,2,1e-06,1e-06,DET,DET
WAS202108180,2021-08-18,WAS,TOR,3,0,1e-06,1e-06,WAS,WAS
CIN202108180,2021-08-18,CIN,CHN,0,1,1e-06,1e-06,CIN,CIN
SLN202108180,2021-08-18,SLN,MIL,2,0,1e-06,1e-06,SLN,SLN
KCA202108180,2021-08-18,KCA,HOU,0,0,1e-06,1e-06,KCA,KCA
SFN202108180,2021-08-18,SFN,NYN,0,0,1e-06,1e-06,SFN,SFN
MIN202108180,2021-08-18,MIN,CLE,1,1,1e-06,1e-06,MIN,MIN
TBA202108180,2021-08-18,TBA,BAL,2,2,1e-06,1e-06,TBA,TBA
TEX202108180,2021-08-18,TEX,SEA,0,2,1e-06,1e-06,TEX,TEX
LAN202108180,2021-08-18,LAN,PIT,3,0,1e-06,1e-06,LAN,LAN
ARI202108180,2021-08-18,ARI,PHI,0,1,1e-06,1e-06,ARI,ARI
NYA202108180,2021-08-18,NYA,BOS,0,1,1e-06,1e-06,NYA,NYA
LAN202108190,2021-08-19,LAN,NYN,0,0,1e-06,559.4406195325591,LAN,SFN
TBA202108190,2021-08-19,TBA,BAL,2,0,1e-06,1e-06,TBA,TBA
CIN202108190,2021-08-19,CIN,MIA,0,0,1e-06,1534.6263109130673,CIN,MIA
NYA202108190,2021-08-19,NYA,MIN,0,0,1e-06,1636.0526645605564,NYA,MIN
SLN202108190,2021-08-19,SLN,MIL,1,0,1e-06,1e-06,SLN,SLN
ARI202108190,2021-08-19,ARI,PHI,0,0,1e-06,1e-06,ARI,ARI
KCA202108190,2021-08-19,KCA,HOU,1,0,1e-06,1e-06,KCA,KCA
CHA202108190,2021-08-19,CHA,OAK,1,0,1e-06,1e-06,CHA,CHA
TEX202108190,2021-08-19,TEX,SEA,0,2,1e-06,1e-06,TEX,TEX
DET202108190,2021-08-19,DET,ANA,2,0,1e-06,1e-06,DET,DET
TBA202108200,2021-08-20,TBA,CHA,0,1,1e-06,1636.2782802002057,TBA,CHA
SDN202108200,2021-08-20,SDN,PHI,0,0,1340.7925092662401,481.0116378281714,COL,ARI
SLN202108200,2021-08-20,SLN,PIT,0,0,1e-06,2553.1974748902726,SLN,LAN
HOU202108200,2021-08-20,HOU,SEA,2,0,1040.8267966673652,368.5990384284446,KCA,TEX
LAN202108200,2021-08-20,LAN,NYN,1,0,1e-06,1e-06,LAN,LAN
COL202108200,2021-08-20,COL,ARI,0,0,1e-06,942.6579354569091,COL,ARI
OAK202108200,2021-08-20,OAK,SFN,0,0,2971.6570204984887,13.027453191410114,CHA,SFN
BOS202108200,2021-08-20,BOS,TEX,1,0,306.2037667286439,2512.5604144030362,NYA,TEX
TOR202108200,2021-08-20,TOR,DET,0,0,563.6478111844908,332.4198044988213,WAS,DET
CHN202108200,2021-08-20,CHN,KCA,0,0,406.25273298859213,663.9206411727051,CIN,KCA
CLE202108200,2021-08-20,CLE,ANA,3,0,1013.2251113855248,145.52553501827433,MIN,DET
NYA202108200,2021-08-20,NYA,MIN,4,0,1e-06,1e-06,NYA,NYA
BAL202108200,2021-08-20,BAL,ATL,0,0,1393.7772067986984,1539.1317139517298,TBA,MIA
MIL202108200,2021-08-20,MIL,WAS,0,0,526.8349145670746,1025.9779093655507,SLN,WAS
CIN202108200,2021-08-20,CIN,MIA,2,0,1e-06,1e-06,CIN,CIN
CLE202108210,2021-08-21,CLE,ANA,0,0,1e-06,1e-06,CLE,CLE
CIN202108210,2021-08-21,CIN,MIA,2,0,1e-06,1e-06,CIN,CIN
HOU202108210,2021-08-21,HOU,SEA,1,0,1e-06,1e-06,HOU,HOU
LAN202108210,2021-08-21,LAN,NYN,2,0,1e-06,1e-06,LAN,LAN
BAL202108210,2021-08-21,BAL,ATL,1,0,1e-06,1e-06,BAL,BAL
TBA202108210,2021-08-21,TBA,CHA,3,0,1e-06,1e-06,TBA,TBA
NYA202108210,2021-08-21,NYA,MIN,0,0,1e-06,1e-06,NYA,NYA
SDN202108210,2021-08-21,SDN,PHI,0,1,1e-06,1e-06,SDN,SDN
COL202108210,2021-08-21,COL,ARI,0,0,1e-06,1e-06,COL,COL
OAK202108210,2021-08-21,OAK,SFN,3,0,1e-06,1e-06,OAK,OAK
SLN202108210,2021-08-21,SLN,PIT,0,0,1e-06,1e-06,SLN,SLN
MIL202108210,2021-08-21,MIL,WAS,1,2,1e-06,1e-06,MIL,MIL
CHN202108210,2021-08-21,CHN,KCA,0,1,1e-06,1e-06,CHN,CHN
BOS202108210,2021-08-21,BOS,TEX,0,0,1e-06,1e-06,BOS,BOS
TOR202108210,2021-08-21,TOR,DET,0,0,1e-06,1e-06,TOR,TOR
TBA202108220,2021-08-22,TBA,CHA,1,0,1e-06,1e-06,TBA,TBA
TOR202108220,2021-08-22,TOR,DET,0,0,1e-06,1e-06,TOR,TOR
SLN202108220,2021-08-22,SLN,PIT,1,0,1e-06,1e-06,SLN,SLN
MIL202108220,2021-08-22,MIL,WAS,1,0,1e-06,1e-06,MIL,MIL
HOU202108220,2021-08-22,HOU,SEA,0,0,1e-06,1e-06,HOU,HOU
COL202108220,2021-08-22,COL,ARI,1,0,1e-06,1e-06,COL,COL
CIN202108220,2021-08-22,CIN,MIA,1,0,1e-06,1e-06,CIN,CIN
LAN202108220,2021-08-22,LAN,NYN,0,3,1e-06,1e-06,LAN,LAN
CLE202108220,2021-08-22,CLE,ANA,2,0,1e-06,1e-06,CLE,CLE
CHN202108220,2021-08-22,CHN,KCA,0,0,1e-06,1e-06,CHN,CHN
BAL202108220,2021-08-22,BAL,ATL,0,0,1e-06,1e-06,BAL,BAL
SDN202108220,2021-08-22,SDN,PHI,1,0,1e-06,1e-06,SDN,SDN
OAK202108220,2021-08-22,OAK,SFN,0,0,1e-06,1e-06,OAK,OAK
ATL202108230,2021-08-23,ATL,NYA,0,0,927.9028501726538,1200.4511584455877,BAL,NYA
CHN202108230,2021-08-23,CHN,COL,0,3,1e-06,1477.450780411816,CHN,COL
OAK202108230,2021-08-23,OAK,SEA,1,0,1e-06,2629.671879056886,OAK,HOU
BOS202108230,2021-08-23,BOS,TEX,0,0,1e-06,1e-06,BOS,BOS
TOR202108230,2021-08-23,TOR,CHA,0,0,1e-06,1789.459752085548,TOR,TBA
PIT202108230,2021-08-23,PIT,ARI,0,0,898.8824563980571,2121.7512666569423,SLN,COL
HOU202108230,2021-08-23,HOU,KCA,0,0,1e-06,1516.5648050119732,HOU,CHN
CLE202108240,2021-08-24,CLE,TEX,0,3,1e-06,884.5468110577992,CLE,BOS
NYN202108240,2021-08-24,NYN,SFN,0,1,3936.366792360479,4115.687447058069,LAN,OAK
HOU202108240,2021-08-24,HOU,KCA,3,0,1e-06,1e-06,HOU,HOU
BAL202108240,2021-08-24,BAL,ANA,1,0,1e-06,495.2645964012307,BAL,CLE
PIT202108240,2021-08-24,PIT,ARI,0,0,1e-06,1e-06,PIT,PIT
SLN202108240,2021-08-24,SLN,DET,0,0,1e-06,1062.9448026030145,SLN,TOR
TOR202108240,2021-08-24,TOR,CHA,0,4,1e-06,1e-06,TOR,TOR
OAK202108240,2021-08-24,OAK,SEA,1,0,1e-06,1e-06,OAK,OAK
ATL202108240,2021-08-24,ATL,NYA,2,0,1e-06,1e-06,ATL,ATL
MIL202108240,2021-08-24,MIL,CIN,1,0,1e-06,525.1892238126902,MIL,CIN
PHI202108240,2021-08-24,PHI,TBA,0,0,3810.8466979584146,1515.8203845337373,SDN,TBA
SDN202108240,2021-08-24,SDN,LAN,0,0,1e-06,179.52869961196944,SDN,LAN
BOS202108240,2021-08-24,BOS,MIN,0,1,1e-06,306.2037667286439,BOS,NYA
MIA202108240,2021-08-24,MIA,WAS,0,0,1534.6263109130673,2045.0709343750696,CIN,MIL
MIL202108250,2021-08-25,MIL,CIN,0,0,1e-06,1e-06,MIL,MIL
HOU202108250,2021-08-25,HOU,KCA,0,0,1e-06,1e-06,HOU,HOU
BOS202108250,2021-08-25,BOS,MIN,0,0,1e-06,1e-06,BOS,BOS
CHN202108252,2021-08-25,CHN,COL,0,2,1e-06,1e-06,CHN,CHN
CHN202108251,2021-08-25,CHN,COL,0,0,1e-06,1e-06,CHN,CHN
NYN202108250,2021-08-25,NYN,SFN,0,0,1e-06,1e-06,NYN,NYN
PHI202108250,2021-08-25,PHI,TBA,0,0,1e-06,1e-06,PHI,PHI
MIA202108250,2021-08-25,MIA,WAS,0,0,1e-06,1e-06,MIA,MIA
TOR202108250,2021-08-25,TOR,CHA,0,0,1e-06,1e-06,TOR,TOR
CLE202108250,2021-08-25,CLE,TEX,0,0,1e-06,1e-06,CLE,CLE
PIT202108250,2021-08-25,PIT,ARI,0,0,1e-06,1e-06,PIT,PIT
SLN202108250,2021-08-25,SLN,DET,1,0,1e-06,1e-06,SLN,SLN
BAL202108250,2021-08-25,BAL,ANA,2,0,1e-06,1e-06,BAL,BAL
SDN202108250,2021-08-25,SDN,LAN,0,0,1e-06,1e-06,SDN,SDN
MIA202108260,2021-08-26,MIA,WAS,4,0,1e-06,1e-06,MIA,MIA
TOR202108260,2021-08-26,TOR,CHA,1,0,1e-06,1e-06,TOR,TOR
OAK202108260,2021-08-26,OAK,NYA,0,0,1e-06,3423.460480270077,OAK,ATL
SEA202108260,2021-08-26,SEA,KCA,1,0,1089.6592015072615,3039.1839825945185,OAK,HOU
NYN202108260,2021-08-26,NYN,SFN,0,2,1e-06,1e-06,NYN,NYN
PHI202108260,2021-08-26,PHI,ARI,0,0,1e-06,412.2899901216241,PHI,PIT
MIL202108260,2021-08-26,MIL,CIN,0,1,1e-06,1e-06,MIL,MIL
SDN202108260,2021-08-26,SDN,LAN,0,0,1e-06,1e-06,SDN,SDN
BOS202108260,2021-08-26,BOS,MIN,0,0,1e-06,1e-06,BOS,BOS
CLE202108260,2021-08-26,CLE,TEX,4,0,1e-06,1e-06,CLE,CLE
BAL202108260,2021-08-26,BAL,ANA,0,1,1e-06,1e-06,BAL,BAL
PIT202108260,2021-08-26,PIT,SLN,0,2,1e-06,898.8824563980571,PIT,SLN
SEA202108270,2021-08-27,SEA,KCA,3,1,1e-06,1e-06,SEA,SEA
LAN202108270,2021-08-27,LAN,COL,0,2,179.52869961196944,2804.8246802178714,SDN,CHN
ATL202108270,2021-08-27,ATL,SFN,0,2,1e-06,1200.4511584455877,ATL,NYN
OAK202108270,2021-08-27,OAK,NYA,0,0,1e-06,1e-06,OAK,OAK
ANA202108270,2021-08-27,ANA,SDN,0,0,3703.3736830857606,141.8121399568677,BAL,SDN
MIA202108270,2021-08-27,MIA,CIN,0,1,1e-06,2045.0709343750696,MIA,MIL
CHA202108270,2021-08-27,CHA,CHN,1,5,700.98343821047,1e-06,TOR,CHN
CLE202108270,2021-08-27,CLE,BOS,0,0,1e-06,884.5468110577992,CLE,BOS
MIN202108270,2021-08-27,MIN,MIL,2,0,1804.1923618308685,476.38512191307035,BOS,MIL
PHI202108270,2021-08-27,PHI,ARI,0,0,1e-06,1e-06,PHI,PHI
BAL202108270,2021-08-27,BAL,TBA,0,3,1e-06,144.5656230575587,BAL,PHI
NYN202108270,2021-08-27,NYN,WAS,0,0,1e-06,1756.5620451799746,NYN,MIA
DET202108270,2021-08-27,DET,TOR,0,0,731.229570844315,332.4198044988213,SLN,TOR
TEX202108270,2021-08-27,TEX,HOU,0,0,1666.9381007624936,368.5990384284446,CLE,HOU
PIT202108270,2021-08-27,PIT,SLN,0,0,1e-06,1e-06,PIT,PIT
PHI202108280,2021-08-28,PHI,ARI,2,0,1e-06,1e-06,PHI,PHI
OAK202108280,2021-08-28,OAK,NYA,0,0,1e-06,1e-06,OAK,OAK
ATL202108280,2021-08-28,ATL,SFN,0,1,1e-06,1e-06,ATL,ATL
LAN202108280,2021-08-28,LAN,COL,0,0,1e-06,1e-06,LAN,LAN
MIA202108280,2021-08-28,MIA,CIN,5,0,1e-06,1e-06,MIA,MIA
DET202108280,2021-08-28,DET,TOR,0,0,1e-06,1e-06,DET,DET
BAL202108280,2021-08-28,BAL,TBA,0,0,1e-06,1e-06,BAL,BAL
CHA202108280,2021-08-28,CHA,CHN,0,0,1e-06,1e-06,CHA,CHA
SEA202108280,2021-08-28,SEA,KCA,0,1,1e-06,1e-06,SEA,SEA
ANA202108280,2021-08-28,ANA,SDN,0,0,1e-06,1e-06,ANA,ANA
PIT202108280,2021-08-28,PIT,SLN,0,0,1e-06,1e-06,PIT,PIT
NYN202108280,2021-08-28,NYN,WAS,0,0,1e-06,1e-06,NYN,NYN
MIN202108280,2021-08-28,MIN,MIL,0,0,1e-06,1e-06,MIN,MIN
CLE202108280,2021-08-28,CLE,BOS,0,2,1e-06,1e-06,CLE,CLE
TEX202108280,2021-08-28,TEX,HOU,0,0,1e-06,1e-06,TEX,TEX
LAN202108290,2021-08-29,LAN,COL,0,3,1e-06,1e-06,LAN,LAN
CHA202108290,2021-08-29,CHA,CHN,1,0,1e-06,1e-06,CHA,CHA
NYN202108290,2021-08-29,NYN,WAS,1,0,1e-06,1e-06,NYN,NYN
ATL202108290,2021-08-29,ATL,SFN,0,0,1e-06,1e-06,ATL,ATL
CLE202108290,2021-08-29,CLE,BOS,0,1,1e-06,1e-06,CLE,CLE
MIA202108290,2021-08-29,MIA,CIN,2,0,1e-06,1e-06,MIA,MIA
MIN202108290,2021-08-29,MIN,MIL,0,0,1e-06,1e-06,MIN,MIN
PHI202108290,2021-08-29,PHI,ARI,2,0,1e-06,1e-06,PHI,PHI
TEX202108290,2021-08-29,TEX,HOU,3,0,1e-06,1e-06,TEX,TEX
PIT202108290,2021-08-29,PIT,SLN,0,0,1e-06,1e-06,PIT,PIT
OAK202108290,2021-08-29,OAK,NYA,0,0,1e-06,1e-06,OAK,OAK
BAL202108290,2021-08-29,BAL,TBA,1,2,1e-06,1e-06,BAL,BAL
DET202108290,2021-08-29,DET,TOR,0,1,1e-06,1e-06,DET,DET
SEA202108290,2021-08-29,SEA,KCA,1,0,1e-06,1e-06,SEA,SEA
DET202108300,2021-08-30,DET,MIN,0,0,1e-06,872.516450655481,DET,MIN
WAS202108300,2021-08-30,WAS,PHI,0,3,326.3648041771951,197.2342958595587,NYN,PHI
LAN202108300,2021-08-30,LAN,ATL,1,0,1e-06,3110.7650847781624,LAN,ATL
TOR202108300,2021-08-30,TOR,BAL,0,1,332.4198044988213,537.0332419152472,DET,BAL
TBA202108300,2021-08-30,TBA,BOS,1,0,1393.7772067986984,1529.408250521614,BAL,CLE
SFN202108300,2021-08-30,SFN,MIL,0,1,3436.411305395792,2544.035408277149,ATL,MIN
SEA202108300,2021-08-30,SEA,HOU,0,2,1e-06,2688.6235870338205,SEA,TEX
ANA202108300,2021-08-30,ANA,NYA,0,2,1e-06,592.0809005913671,ANA,OAK
CIN202108300,2021-08-30,CIN,SLN,0,2,1534.6263109130673,415.25842934625814,MIA,PIT
TEX202108300,2021-08-30,TEX,COL,0,0,1e-06,1971.1455630393184,TEX,LAN
ARI202108300,2021-08-30,ARI,SDN,0,3,3344.1998186127516,540.0297061463508,PHI,ANA
SFN202108310,2021-08-31,SFN,MIL,0,2,1e-06,1e-06,SFN,SFN
TOR202108310,2021-08-31,TOR,BAL,0,0,1e-06,1e-06,TOR,TOR
TEX202108310,2021-08-31,TEX,COL,0,0,1e-06,1e-06,TEX,TEX
TBA202108310,2021-08-31,TBA,BOS,0,1,1e-06,1e-06,TBA,TBA
WAS202108310,2021-08-31,WAS,PHI,0,0,1e-06,1e-06,WAS,WAS
ARI202108310,2021-08-31,ARI,SDN,0,0,1e-06,1e-06,ARI,ARI
ANA202108310,2021-08-31,ANA,NYA,0,0,1e-06,1e-06,ANA,ANA
MIN202108310,2021-08-31,MIN,CHN,1,1,872.516450655481,571.0232496384983,DET,CHA
CHA202108310,2021-08-31,CHA,PIT,0,0,1e-06,660.0502267315369,CHA,PIT
KCA202108310,2021-08-31,KCA,CLE,0,1,2418.3539462011913,1123.5230318083022,SEA,CLE
LAN202108310,2021-08-31,LAN,ATL,0,0,1e-06,1e-06,LAN,LAN
SEA202108310,2021-08-31,SEA,HOU,0,0,1e-06,1e-06,SEA,SEA
NYN202108310,2021-08-31,NYN,MIA,0,0,1e-06,1756.5620451799746,NYN,MIA
DET202108310,2021-08-31,DET,OAK,1,0,1e-06,3345.164678963249,DET,OAK
CIN202109011,2021-09-01,CIN,SLN,0,1,1e-06,1e-06,CIN,CIN
TBA202109010,2021-09-01,TBA,BOS,0,0,1e-06,1e-06,TBA,TBA
CHA202109010,2021-09-01,CHA,PIT,0,0,1e-06,1e-06,CHA,CHA
TEX202109010,2021-09-01,TEX,COL,0,0,1e-06,1e-06,TEX,TEX
LAN202109010,2021-09-01,LAN,ATL,1,0,1e-06,1e-06,LAN,LAN
MIN202109010,2021-09-01,MIN,CHN,0,0,1e-06,1e-06,MIN,MIN
DET202109010,2021-09-01,DET,OAK,0,1,1e-06,1e-06,DET,DET
SFN202109010,2021-09-01,SFN,MIL,0,0,1e-06,1e-06,SFN,SFN
CIN202109012,2021-09-01,CIN,SLN,2,1,1e-06,1e-06,CIN,CIN
ARI202109010,2021-09-01,ARI,SDN,0,0,1e-06,1e-06,ARI,ARI
TOR202109010,2021-09-01,TOR,BAL,1,0,1e-06,1e-06,TOR,TOR
KCA202109010,2021-09-01,KCA,CLE,1,0,1e-06,1e-06,KCA,KCA
SEA202109010,2021-09-01,SEA,HOU,0,0,1e-06,1e-06,SEA,SEA
ANA202109010,2021-09-01,ANA,NYA,0,0,1e-06,1e-06,ANA,ANA
CHN202109020,2021-09-02,CHN,PIT,0,3,571.0232496384983,1e-06,MIN,CHA
KCA202109020,2021-09-02,KCA,CLE,0,0,1e-06,1e-06,KCA,KCA
TBA202109020,2021-09-02,TBA,BOS,0,1,1e-06,1e-06,TBA,TBA
SFN202109020,2021-09-02,SFN,MIL,1,0,1e-06,1e-06,SFN,SFN
COL202109020,2021-09-02,COL,ATL,0,1,1052.7635822212699,1336.5596902131042,TEX,LAN
NYN202109020,2021-09-02,NYN,MIA,1,2,1e-06,1e-06,NYN,NYN
WAS202109020,2021-09-02,WAS,PHI,0,0,1e-06,1e-06,WAS,WAS
DET202109020,2021-09-02,DET,OAK,0,4,1e-06,1e-06,DET,DET
ANA202109030,2021-09-03,ANA,TEX,2,0,1e-06,1938.7751997181072,ANA,TEX
MIA202109030,2021-09-03,MIA,PHI,3,1,1756.5620451799746,1489.628641346009,NYN,WAS
WAS202109030,2021-09-03,WAS,NYN,0,0,1e-06,326.3648041771951,WAS,NYN
TOR202109030,2021-09-03,TOR,OAK,0,2,1e-06,332.4198044988213,TOR,DET
ARI202109030,2021-09-03,ARI,SEA,0,1,1e-06,1793.290239503433,ARI,SEA
KCA202109030,2021-09-03,KCA,CHA,0,0,1e-06,663.9206411727051,KCA,CHA
CHN202109030,2021-09-03,CHN,PIT,0,0,1e-06,1e-06,CHN,CHN
BOS202109030,2021-09-03,BOS,CLE,1,0,1926.6943817180322,2008.0645584325657,TBA,KCA
NYA202109030,2021-09-03,NYA,BAL,0,0,3915.807145653056,550.2922217550002,ANA,TOR
CIN202109030,2021-09-03,CIN,DET,0,0,1e-06,380.0544669682655,CIN,DET
TBA202109030,2021-09-03,TBA,MIN,0,1,1e-06,2137.431531245163,TBA,MIN
SDN202109030,2021-09-03,SDN,HOU,0,0,481.0116378281714,1711.8059777853623,ARI,SEA
MIL202109030,2021-09-03,MIL,SLN,0,2,2954.3733541563483,525.1892238126902,SFN,CIN
SFN202109030,2021-09-03,SFN,LAN,0,0,1e-06,559.4406195325591,SFN,LAN
COL202109030,2021-09-03,COL,ATL,1,1,1e-06,1e-06,COL,COL
NYA202109040,2021-09-04,NYA,BAL,0,0,1e-06,1e-06,NYA,NYA
CHN202109040,2021-09-04,CHN,PIT,0,1,1e-06,1e-06,CHN,CHN
BOS202109040,2021-09-04,BOS,CLE,0,0,1e-06,1e-06,BOS,BOS
WAS202109041,2021-09-04,WAS,NYN,0,2,1e-06,1e-06,WAS,WAS
CIN202109040,2021-09-04,CIN,DET,0,0,1e-06,1e-06,CIN,CIN
KCA202109040,2021-09-04,KCA,CHA,0,3,1e-06,1e-06,KCA,KCA
SFN202109040,2021-09-04,SFN,LAN,1,3,1e-06,1e-06,SFN,SFN
ANA202109040,2021-09-04,ANA,TEX,0,0,1e-06,1e-06,ANA,ANA
TBA202109040,2021-09-04,TBA,MIN,2,0,1e-06,1e-06,TBA,TBA
WAS202109042,2021-09-04,WAS,NYN,2,1,1e-06,1e-06,WAS,WAS
MIL202109040,2021-09-04,MIL,SLN,1,0,1e-06,1e-06,MIL,MIL
MIA202109040,2021-09-04,MIA,PHI,0,0,1e-06,1e-06,MIA,MIA
TOR202109040,2021-09-04,TOR,OAK,0,0,1e-06,1e-06,TOR,TOR
COL202109040,2021-09-04,COL,ATL,0,2,1e-06,1e-06,COL,COL
SDN202109040,2021-09-04,SDN,HOU,0,1,1e-06,1e-06,SDN,SDN
ARI202109040,2021-09-04,ARI,SEA,4,3,1e-06,1e-06,ARI,ARI
ANA202109050,2021-09-05,ANA,TEX,0,0,1e-06,1e-06,ANA,ANA
SDN202109050,2021-09-05,SDN,HOU,3,1,1e-06,1e-06,SDN,SDN
NYA202109050,2021-09-05,NYA,BAL,0,0,1e-06,1e-06,NYA,NYA
ARI202109050,2021-09-05,ARI,SEA,0,0,1e-06,1e-06,ARI,ARI
MIL202109050,2021-09-05,MIL,SLN,0,0,1e-06,1e-06,MIL,MIL
TOR202109050,2021-09-05,TOR,OAK,0,0,1e-06,1e-06,TOR,TOR
COL202109050,2021-09-05,COL,ATL,0,1,1e-06,1e-06,COL,COL
BOS202109050,2021-09-05,BOS,CLE,0,2,1e-06,1e-06,BOS,BOS
SFN202109050,2021-09-05,SFN,LAN,1,0,1e-06,1e-06,SFN,SFN
CHN202109050,2021-09-05,CHN,PIT,0,1,1e-06,1e-06,CHN,CHN
WAS202109050,2021-09-05,WAS,NYN,3,4,1e-06,1e-06,WAS,WAS
MIA202109050,2021-09-05,MIA,PHI,0,0,1e-06,1e-06,MIA,MIA
CIN202109050,2021-09-05,CIN,DET,0,0,1e-06,1e-06,CIN,CIN
KCA202109050,2021-09-05,KCA,CHA,3,0,1e-06,1e-06,KCA,KCA
TBA202109050,2021-09-05,TBA,MIN,0,0,1e-06,1e-06,TBA,TBA
MIL202109060,2021-09-06,MIL,PHI,0,2,1e-06,2045.0709343750696,MIL,MIA
BOS202109060,2021-09-06,BOS,TBA,1,1,1e-06,1926.6943817180322,BOS,TBA
COL202109060,2021-09-06,COL,SFN,0,2,1e-06,1524.5101947303656,COL,SFN
CHN202109060,2021-09-06,CHN,CIN,3,0,1e-06,406.25273298859213,CHN,CIN
CLE202109060,2021-09-06,CLE,MIN,0,2,884.5468110577992,1529.408250521614,BOS,TBA
HOU202109060,2021-09-06,HOU,SEA,0,0,2092.675240202723,1630.8590123845936,SDN,ARI
SLN202109060,2021-09-06,SLN,LAN,0,4,526.8349145670746,2802.2400845274956,MIL,SFN
NYA202109060,2021-09-06,NYA,TOR,0,2,1e-06,550.2922217550002,NYA,TOR
ANA202109060,2021-09-06,ANA,TEX,0,1,1e-06,1e-06,ANA,ANA
PIT202109060,2021-09-06,PIT,DET,2,0,660.0502267315369,415.25842934625814,CHN,CIN
WAS202109060,2021-09-06,WAS,NYN,1,1,1e-06,1e-06,WAS,WAS
BAL202109060,2021-09-06,BAL,KCA,0,0,272.81937803481173,1545.5901214265937,NYA,KCA
OAK202109070,2021-09-07,OAK,CHA,1,1,3630.644600855592,2406.427657157802,TOR,KCA
CHN202109070,2021-09-07,CHN,CIN,0,2,1e-06,1e-06,CHN,CHN
NYA202109070,2021-09-07,NYA,TOR,0,0,1e-06,1e-06,NYA,NYA
BAL202109070,2021-09-07,BAL,KCA,4,0,1e-06,1e-06,BAL,BAL
PIT202109070,2021-09-07,PIT,DET,1,0,1e-06,1e-06,PIT,PIT
CLE202109070,2021-09-07,CLE,MIN,0,0,1e-06,1e-06,CLE,CLE
BOS202109070,2021-09-07,BOS,TBA,0,0,1e-06,1e-06,BOS,BOS
MIL202109070,2021-09-07,MIL,PHI,0,0,1e-06,1e-06,MIL,MIL
MIA202109070,2021-09-07,MIA,NYN,1,2,1e-06,1489.628641346009,MIA,WAS
SLN202109070,2021-09-07,SLN,LAN,1,1,1e-06,1e-06,SLN,SLN
COL202109070,2021-09-07,COL,SFN,0,3,1e-06,1e-06,COL,COL
ATL202109070,2021-09-07,ATL,WAS,3,1,1946.7466716258368,874.0887985860761,COL,WAS
ARI202109070,2021-09-07,ARI,TEX,0,0,1e-06,540.0297061463508,ARI,ANA
SDN202109070,2021-09-07,SDN,ANA,0,0,1e-06,141.8121399568677,SDN,ANA
HOU202109070,2021-09-07,HOU,SEA,0,0,1e-06,1e-06,HOU,HOU
SLN202109080,2021-09-08,SLN,LAN,3,1,1e-06,1e-06,SLN,SLN
COL202109080,2021-09-08,COL,SFN,0,0,1e-06,1e-06,COL,COL
MIL202109080,2021-09-08,MIL,PHI,2,1,1e-06,1e-06,MIL,MIL
ARI202109080,2021-09-08,ARI,TEX,0,0,1e-06,1e-06,ARI,ARI
PIT202109080,2021-09-08,PIT,DET,0,1,1e-06,1e-06,PIT,PIT
SDN202109080,2021-09-08,SDN,ANA,0,0,1e-06,1e-06,SDN,SDN
BAL202109080,2021-09-08,BAL,KCA,0,1,1e-06,1e-06,BAL,BAL
CHN202109080,2021-09-08,CHN,CIN,1,0,1e-06,1e-06,CHN,CHN
HOU202109080,2021-09-08,HOU,SEA,0,2,1e-06,1e-06,HOU,HOU
ATL202109080,2021-09-08,ATL,WAS,0,1,1e-06,1e-06,ATL,ATL
MIA202109080,2021-09-08,MIA,NYN,0,0,1e-06,1e-06,MIA,MIA
CLE202109080,2021-09-08,CLE,MIN,0,0,1e-06,1e-06,CLE,CLE
BOS202109080,2021-09-08,BOS,TBA,0,0,1e-06,1e-06,BOS,BOS
OAK202109080,2021-09-08,OAK,CHA,0,0,1e-06,1e-06,OAK,OAK
NYA202109080,2021-09-08,NYA,TOR,0,0,1e-06,1e-06,NYA,NYA
SLN202109090,2021-09-09,SLN,LAN,0,0,1e-06,1e-06,SLN,SLN
OAK202109090,2021-09-09,OAK,CHA,0,0,1e-06,1e-06,OAK,OAK
ATL202109090,2021-09-09,ATL,WAS,0,2,1e-06,1e-06,ATL,ATL
PHI202109090,2021-09-09,PHI,COL,1,0,1117.7982780855818,2534.0409405234473,MIL,COL
BAL202109090,2021-09-09,BAL,KCA,0,1,1e-06,1e-06,BAL,BAL
CLE202109090,2021-09-09,CLE,MIN,0,0,1e-06,1e-06,CLE,CLE
NYA202109090,2021-09-09,NYA,TOR,0,1,1e-06,1e-06,NYA,NYA
MIA202109090,2021-09-09,MIA,NYN,0,1,1e-06,1e-06,MIA,MIA
CHA202109100,2021-09-10,CHA,BOS,0,0,2971.6570204984887,1365.5064971534737,OAK,BOS
LAN202109100,2021-09-10,LAN,SDN,0,0,2553.1974748902726,179.52869961196944,SLN,SDN
PIT202109100,2021-09-10,PIT,WAS,0,0,1e-06,840.3908477621023,PIT,ATL
MIN202109100,2021-09-10,MIN,KCA,4,3,1013.2251113855248,1508.338155320694,CLE,BAL
ATL202109100,2021-09-10,ATL,MIA,0,2,1e-06,973.3591318981379,ATL,MIA
CLE202109100,2021-09-10,CLE,MIL,2,1,1e-06,542.6220003248809,CLE,MIL
DET202109100,2021-09-10,DET,TBA,0,0,331.7516309667575,984.732039314543,PIT,BOS
NYN202109100,2021-09-10,NYN,NYA,1,1,1756.5620451799746,1e-06,MIA,NYA
BAL202109100,2021-09-10,BAL,TOR,3,0,1e-06,272.81937803481173,BAL,NYA
CHN202109100,2021-09-10,CHN,SFN,0,0,1e-06,1477.450780411816,CHN,COL
SEA202109100,2021-09-10,SEA,ARI,1,0,3039.1839825945185,1793.290239503433,HOU,ARI
PHI202109100,2021-09-10,PHI,COL,0,0,1e-06,1e-06,PHI,PHI
SLN202109100,2021-09-10,SLN,CIN,0,0,1e-06,422.49209120404555,SLN,CHN
OAK202109100,2021-09-10,OAK,TEX,0,1,1e-06,1040.2976618519092,OAK,ARI
HOU202109100,2021-09-10,HOU,ANA,0,1,1e-06,2092.675240202723,HOU,SDN
CLE202109110,2021-09-11,CLE,MIL,0,2,1e-06,1e-06,CLE,CLE
PIT202109110,2021-09-11,PIT,WAS,0,0,1e-06,1e-06,PIT,PIT
LAN202109110,2021-09-11,LAN,SDN,0,0,1e-06,1e-06,LAN,LAN
SLN202109110,2021-09-11,SLN,CIN,0,0,1e-06,1e-06,SLN,SLN
CHA202109110,2021-09-11,CHA,BOS,0,0,1e-06,1e-06,CHA,CHA
SEA202109110,2021-09-11,SEA,ARI,2,1,1e-06,1e-06,SEA,SEA
CHN202109110,2021-09-11,CHN,SFN,1,0,1e-06,1e-06,CHN,CHN
HOU202109110,2021-09-11,HOU,ANA,0,2,1e-06,1e-06,HOU,HOU
MIN202109110,2021-09-11,MIN,KCA,2,0,1e-06,1e-06,MIN,MIN
NYN202109110,2021-09-11,NYN,NYA,0,0,1e-06,1e-06,NYN,NYN
ATL202109110,2021-09-11,ATL,MIA,0,2,1e-06,1e-06,ATL,ATL
BAL202109112,2021-09-11,BAL,TOR,0,0,1e-06,1e-06,BAL,BAL
OAK202109110,2021-09-11,OAK,TEX,1,0,1e-06,1e-06,OAK,OAK
BAL202109111,2021-09-11,BAL,TOR,2,0,1e-06,1e-06,BAL,BAL
DET202109110,2021-09-11,DET,TBA,0,0,1e-06,1e-06,DET,DET
PHI202109110,2021-09-11,PHI,COL,0,0,1e-06,1e-06,PHI,PHI
PHI202109120,2021-09-12,PHI,COL,1,0,1e-06,1e-06,PHI,PHI
LAN202109120,2021-09-12,LAN,SDN,0,0,1e-06,1e-06,LAN,LAN
NYN202109120,2021-09-12,NYN,NYA,1,2,1e-06,1e-06,NYN,NYN
DET202109120,2021-09-12,DET,TBA,0,0,1e-06,1e-06,DET,DET
SEA202109120,2021-09-12,SEA,ARI,0,0,1e-06,1e-06,SEA,SEA
CLE202109120,2021-09-12,CLE,MIL,0,1,1e-06,1e-06,CLE,CLE
OAK202109120,2021-09-12,OAK,TEX,0,0,1e-06,1e-06,OAK,OAK
ATL202109120,2021-09-12,ATL,MIA,0,0,1e-06,1e-06,ATL,ATL
MIN202109120,2021-09-12,MIN,KCA,1,1,1e-06,1e-06,MIN,MIN
BAL202109120,2021-09-12,BAL,TOR,0,5,1e-06,1e-06,BAL,BAL
HOU202109120,2021-09-12,HOU,ANA,1,0,1e-06,1e-06,HOU,HOU
CHN202109120,2021-09-12,CHN,SFN,0,0,1e-06,1e-06,CHN,CHN
SLN202109120,2021-09-12,SLN,CIN,2,0,1e-06,1e-06,SLN,SLN
PIT202109120,2021-09-12,PIT,WAS,0,0,1e-06,1e-06,PIT,PIT
CHA202109120,2021-09-12,CHA,BOS,0,0,1e-06,1e-06,CHA,CHA
LAN202109130,2021-09-13,LAN,ARI,3,1,1e-06,1545.141516309272,LAN,SEA
NYA202109130,2021-09-13,NYA,MIN,0,4,1e-06,1636.0526645605564,NYN,MIN
SEA202109130,2021-09-13,SEA,BOS,1,0,1e-06,2788.668911659839,SEA,CHA
TOR202109130,2021-09-13,TOR,TBA,0,0,537.0332419152472,332.4198044988213,BAL,DET
NYN202109130,2021-09-13,NYN,SLN,0,0,1e-06,1403.0288811452067,NYN,SLN
WAS202109130,2021-09-13,WAS,MIA,0,1,305.44483751928374,874.0887985860761,PIT,ATL
TEX202109130,2021-09-13,TEX,HOU,0,3,2350.5503898425545,368.5990384284446,OAK,HOU
SFN202109130,2021-09-13,SFN,SDN,5,0,2984.5094702126535,559.4406195325591,CHN,LAN
NYN202109140,2021-09-14,NYN,SLN,2,0,1e-06,1e-06,NYN,NYN
MIN202109142,2021-09-14,MIN,CLE,0,0,1636.0526645605564,1013.2251113855248,NYA,CLE
KCA202109140,2021-09-14,KCA,OAK,0,2,662.9211681328137,2406.427657157802,MIN,OAK
CHA202109140,2021-09-14,CHA,ANA,0,1,1e-06,1516.5648050119732,CHA,HOU
PIT202109140,2021-09-14,PIT,CIN,3,0,1e-06,898.8824563980571,PIT,SLN
DET202109140,2021-09-14,DET,MIL,0,0,1e-06,145.52553501827433,DET,CLE
MIN202109141,2021-09-14,MIN,CLE,0,0,1e-06,1e-06,MIN,MIN
SFN202109140,2021-09-14,SFN,SDN,1,0,1e-06,1e-06,SFN,SFN
PHI202109140,2021-09-14,PHI,CHN,1,0,1e-06,1068.017024042746,PHI,CHN
LAN202109140,2021-09-14,LAN,ARI,1,0,1e-06,1e-06,LAN,LAN
TEX202109140,2021-09-14,TEX,HOU,2,0,1e-06,1e-06,TEX,TEX
ATL202109140,2021-09-14,ATL,COL,1,0,1e-06,1071.2330338826835,ATL,PHI
TOR202109140,2021-09-14,TOR,TBA,0,0,1e-06,1e-06,TOR,TOR
WAS202109140,2021-09-14,WAS,MIA,0,0,1e-06,1e-06,WAS,WAS
SEA202109140,2021-09-14,SEA,BOS,0,0,1e-06,1e-06,SEA,SEA
BAL202109140,2021-09-14,BAL,NYA,0,2,1e-06,272.81937803481173,BAL,NYA
CHA202109150,2021-09-15,CHA,ANA,0,0,1e-06,1e-06,CHA,CHA
DET202109150,2021-09-15,DET,MIL,0,0,1e-06,1e-06,DET,DET
TEX202109150,2021-09-15,TEX,HOU,0,0,1e-06,1e-06,TEX,TEX
ATL202109150,2021-09-15,ATL,COL,0,0,1e-06,1e-06,ATL,ATL
KCA202109150,2021-09-15,KCA,OAK,1,0,1e-06,1e-06,KCA,KCA
PHI202109150,2021-09-15,PHI,CHN,0,0,1e-06,1e-06,PHI,PHI
TOR202109150,2021-09-15,TOR,TBA,3,0,1e-06,1e-06,TOR,TOR
SEA202109150,2021-09-15,SEA,BOS,0,1,1e-06,1e-06,SEA,SEA
SFN202109150,2021-09-15,SFN,SDN,0,2,1e-06,1e-06,SFN,SFN
LAN202109150,2021-09-15,LAN,ARI,0,0,1e-06,1e-06,LAN,LAN
PIT202109150,2021-09-15,PIT,CIN,0,2,1e-06,1e-06,PIT,PIT
WAS202109150,2021-09-15,WAS,MIA,0,0,1e-06,1e-06,WAS,WAS
BAL202109150,2021-09-15,BAL,NYA,0,0,1e-06,1e-06,BAL,BAL
MIN202109150,2021-09-15,MIN,CLE,0,0,1e-06,1e-06,MIN,MIN
NYN202109150,2021-09-15,NYN,SLN,0,5,1e-06,1e-06,NYN,NYN
KCA202109160,2021-09-16,KCA,OAK,2,0,1e-06,1e-06,KCA,KCA
TEX202109160,2021-09-16,TEX,HOU,0,0,1e-06,1e-06,TEX,TEX
PHI202109160,2021-09-16,PHI,CHN,0,0,1e-06,1e-06,PHI,PHI
TBA202109160,2021-09-16,TBA,DET,2,0,1789.459752085548,1620.843911772028,TOR,DET
PIT202109160,2021-09-16,PIT,CIN,0,0,1e-06,1e-06,PIT,PIT
SFN202109160,2021-09-16,SFN,SDN,0,0,1e-06,1e-06,SFN,SFN
BAL202109160,2021-09-16,BAL,NYA,0,0,1e-06,1e-06,BAL,BAL
CHA202109160,2021-09-16,CHA,ANA,0,0,1e-06,1e-06,CHA,CHA
ANA202109170,2021-09-17,ANA,OAK,0,0,2786.2559450879285,2158.345510444982,CHA,KCA
TEX202109170,2021-09-17,TEX,CHA,0,1,1e-06,1309.650558347085,TEX,CHA
CIN202109170,2021-09-17,CIN,LAN,0,0,415.25842934625814,3046.5057464053752,PIT,LAN
BOS202109170,2021-09-17,BOS,BAL,0,0,4000.0367541660753,578.81170796599,SEA,BAL
TOR202109170,2021-09-17,TOR,MIN,0,0,1e-06,1113.3012797521421,TOR,MIN
HOU202109170,2021-09-17,HOU,ARI,0,0,368.5990384284446,2205.5170699182067,TEX,LAN
MIA202109170,2021-09-17,MIA,PIT,0,1,1489.628641346009,1630.230113794326,WAS,PIT
TBA202109170,2021-09-17,TBA,DET,1,1,1e-06,1e-06,TBA,TBA
MIL202109170,2021-09-17,MIL,CHN,0,0,408.26325353446157,1117.7982780855818,DET,PHI
SFN202109170,2021-09-17,SFN,ATL,2,2,1e-06,3436.411305395792,SFN,ATL
NYA202109170,2021-09-17,NYA,CLE,0,0,272.81937803481173,1636.0526645605564,BAL,MIN
NYN202109170,2021-09-17,NYN,PHI,0,0,1e-06,129.48897528262268,NYN,PHI
KCA202109170,2021-09-17,KCA,SEA,0,0,1e-06,2418.3539462011913,KCA,SEA
SLN202109170,2021-09-17,SLN,SDN,3,0,1403.0288811452067,2802.2400845274956,NYN,SFN
WAS202109170,2021-09-17,WAS,COL,2,2,1e-06,874.0887985860761,WAS,ATL
ANA202109180,2021-09-18,ANA,OAK,0,3,1e-06,1e-06,ANA,ANA
SFN202109180,2021-09-18,SFN,ATL,0,0,1e-06,1e-06,SFN,SFN
MIL202109180,2021-09-18,MIL,CHN,0,0,1e-06,1e-06,MIL,MIL
TOR202109180,2021-09-18,TOR,MIN,0,2,1e-06,1e-06,TOR,TOR
CIN202109180,2021-09-18,CIN,LAN,0,0,1e-06,1e-06,CIN,CIN
WAS202109180,2021-09-18,WAS,COL,0,3,1e-06,1e-06,WAS,WAS
SLN202109180,2021-09-18,SLN,SDN,0,0,1e-06,1e-06,SLN,SLN
NYA202109180,2021-09-18,NYA,CLE,0,0,1e-06,1e-06,NYA,NYA
TBA202109180,2021-09-18,TBA,DET,0,3,1e-06,1e-06,TBA,TBA
MIA202109180,2021-09-18,MIA,PIT,0,1,1e-06,1e-06,MIA,MIA
KCA202109180,2021-09-18,KCA,SEA,2,0,1e-06,1e-06,KCA,KCA
NYN202109180,2021-09-18,NYN,PHI,0,1,1e-06,1e-06,NYN,NYN
HOU202109180,2021-09-18,HOU,ARI,2,0,1e-06,1e-06,HOU,HOU
TEX202109180,2021-09-18,TEX,CHA,0,0,1e-06,1e-06,TEX,TEX
BOS202109180,2021-09-18,BOS,BAL,3,2,1e-06,1e-06,BOS,BOS
MIA202109190,2021-09-19,MIA,PIT,0,0,1e-06,1e-06,MIA,MIA
WAS202109190,2021-09-19,WAS,COL,1,0,1e-06,1e-06,WAS,WAS
HOU202109190,2021-09-19,HOU,ARI,3,0,1e-06,1e-06,HOU,HOU
ANA202109190,2021-09-19,ANA,OAK,0,0,1e-06,1e-06,ANA,ANA
TOR202109190,2021-09-19,TOR,MIN,5,0,1e-06,1e-06,TOR,TOR
NYN202109190,2021-09-19,NYN,PHI,0,1,1e-06,1e-06,NYN,NYN
MIL202109190,2021-09-19,MIL,CHN,0,0,1e-06,1e-06,MIL,MIL
TEX202109190,2021-09-19,TEX,CHA,0,0,1e-06,1e-06,TEX,TEX
CIN202109190,2021-09-19,CIN,LAN,0,0,1e-06,1e-06,CIN,CIN
NYA202109190,2021-09-19,NYA,CLE,0,2,1e-06,1e-06,NYA,NYA
SFN202109190,2021-09-19,SFN,ATL,0,0,1e-06,1e-06,SFN,SFN
SLN202109190,2021-09-19,SLN,SDN,5,0,1e-06,1e-06,SLN,SLN
KCA202109190,2021-09-19,KCA,SEA,0,2,1e-06,1e-06,KCA,KCA
TBA202109190,2021-09-19,TBA,DET,0,0,1e-06,1e-06,TBA,TBA
BOS202109190,2021-09-19,BOS,BAL,3,0,1e-06,1e-06,BOS,BOS
MIA202109200,2021-09-20,MIA,WAS,0,2,1e-06,1489.628641346009,MIA,WAS
CIN202109200,2021-09-20,CIN,PIT,0,2,1e-06,1534.6263109130673,CIN,MIA
MIL202109200,2021-09-20,MIL,SLN,0,2,1e-06,526.8349145670746,MIL,SLN
CLE202109201,2021-09-20,CLE,KCA,0,0,649.8727601989037,1123.5230318083022,NYA,KCA
NYA202109200,2021-09-20,NYA,TEX,0,0,1e-06,2225.551415128663,NYA,TEX
ARI202109200,2021-09-20,ARI,ATL,0,0,1630.8590123845936,1050.9933942487219,HOU,SFN
OAK202109200,2021-09-20,OAK,SEA,0,0,592.0809005913671,2406.427657157802,ANA,KCA
ANA202109200,2021-09-20,ANA,HOU,0,2,1e-06,2169.9670210701,ANA,HOU
CLE202109202,2021-09-20,CLE,KCA,0,2,1e-06,1e-06,CLE,CLE
PHI202109200,2021-09-20,PHI,BAL,0,2,129.48897528262268,435.5953169043613,NYN,BOS
TBA202109200,2021-09-20,TBA,TOR,0,0,1e-06,1789.459752085548,TBA,TOR
DET202109200,2021-09-20,DET,CHA,0,0,1620.843911772028,1624.6230769135182,TBA,TEX
CLE202109210,2021-09-21,CLE,KCA,3,0,1e-06,1e-06,CLE,CLE
CHN202109210,2021-09-21,CHN,MIN,1,2,132.54357794550742,700.98343821047,MIL,TOR
SDN202109210,2021-09-21,SDN,SFN,1,1,2512.7882729547905,738.1265117326025,SLN,SFN
TBA202109210,2021-09-21,TBA,TOR,0,0,1e-06,1e-06,TBA,TBA
ANA202109210,2021-09-21,ANA,HOU,0,0,1e-06,1e-06,ANA,ANA
COL202109210,2021-09-21,COL,LAN,0,0,2397.8679070622884,1756.1898521305268,WAS,CIN
MIL202109210,2021-09-21,MIL,SLN,0,1,1e-06,1e-06,MIL,MIL
BOS202109210,2021-09-21,BOS,NYN,0,0,1e-06,306.2037667286439,BOS,NYN
DET202109210,2021-09-21,DET,CHA,0,0,1e-06,1e-06,DET,DET
MIA202109210,2021-09-21,MIA,WAS,0,0,1e-06,1e-06,MIA,MIA
ARI202109210,2021-09-21,ARI,ATL,0,3,1e-06,1e-06,ARI,ARI
OAK202109210,2021-09-21,OAK,SEA,1,0,1e-06,1e-06,OAK,OAK
PHI202109210,2021-09-21,PHI,BAL,0,0,1e-06,1e-06,PHI,PHI
NYA202109210,2021-09-21,NYA,TEX,1,0,1e-06,1e-06,NYA,NYA
CIN202109210,2021-09-21,CIN,PIT,0,0,1e-06,1e-06,CIN,CIN
BOS202109220,2021-09-22,BOS,NYN,2,0,1e-06,1e-06,BOS,BOS
NYA202109220,2021-09-22,NYA,TEX,0,0,1e-06,1e-06,NYA,NYA
TBA202109220,2021-09-22,TBA,TOR,0,0,1e-06,1e-06,TBA,TBA
ARI202109220,2021-09-22,ARI,ATL,1,3,1e-06,1e-06,ARI,ARI
OAK202109220,2021-09-22,OAK,SEA,0,0,1e-06,1e-06,OAK,OAK
PHI202109220,2021-09-22,PHI,BAL,0,0,1e-06,1e-06,PHI,PHI
CHN202109220,2021-09-22,CHN,MIN,0,2,1e-06,1e-06,CHN,CHN
MIL202109220,2021-09-22,MIL,SLN,0,2,1e-06,1e-06,MIL,MIL
SDN202109220,2021-09-22,SDN,SFN,0,3,1e-06,1e-06,SDN,SDN
MIA202109220,2021-09-22,MIA,WAS,0,0,1e-06,1e-06,MIA,MIA
ANA202109220,2021-09-22,ANA,HOU,0,2,1e-06,1e-06,ANA,ANA
COL202109220,2021-09-22,COL,LAN,0,0,1e-06,1e-06,COL,COL
CLE202109231,2021-09-23,CLE,CHA,0,1,1e-06,145.52553501827433,CLE,DET
SDN202109230,2021-09-23,SDN,SFN,4,0,1e-06,1e-06,SDN,SDN
PHI202109230,2021-09-23,PHI,PIT,0,0,1e-06,807.0437326700402,PHI,CIN
ARI202109230,2021-09-23,ARI,ATL,0,0,1e-06,1e-06,ARI,ARI
COL202109230,2021-09-23,COL,LAN,0,0,1e-06,1e-06,COL,COL
OAK202109230,2021-09-23,OAK,SEA,0,0,1e-06,1e-06,OAK,OAK
CLE202109232,2021-09-23,CLE,CHA,0,0,1e-06,1e-06,CLE,CLE
MIN202109230,2021-09-23,MIN,TOR,0,0,571.0232496384983,2137.431531245163,CHN,TBA
MIL202109230,2021-09-23,MIL,SLN,4,0,1e-06,1e-06,MIL,MIL
CIN202109230,2021-09-23,CIN,WAS,0,0,1e-06,1534.6263109130673,CIN,MIA
ANA202109230,2021-09-23,ANA,HOU,0,0,1e-06,1e-06,ANA,ANA
BAL202109230,2021-09-23,BAL,TEX,0,0,144.5656230575587,272.81937803481173,PHI,NYA
TBA202109240,2021-09-24,TBA,MIA,3,0,1e-06,319.9354673545946,TBA,MIA
CIN202109240,2021-09-24,CIN,WAS,0,1,1e-06,1e-06,CIN,CIN
OAK202109240,2021-09-24,OAK,HOU,0,1,1e-06,592.0809005913671,OAK,ANA
PHI202109240,2021-09-24,PHI,PIT,0,0,1e-06,1e-06,PHI,PHI
SDN202109240,2021-09-24,SDN,ATL,0,1,1e-06,481.0116378281714,SDN,ARI
MIL202109240,2021-09-24,MIL,NYN,1,1,1e-06,1380.0911924179386,MIL,BOS
CLE202109240,2021-09-24,CLE,CHA,0,0,1e-06,1e-06,CLE,CLE
BAL202109240,2021-09-24,BAL,TEX,0,2,1e-06,1e-06,BAL,BAL
BOS202109240,2021-09-24,BOS,NYA,0,3,1e-06,306.2037667286439,BOS,NYA
CHN202109241,2021-09-24,CHN,SLN,0,0,1e-06,132.54357794550742,CHN,MIL
ANA202109240,2021-09-24,ANA,SEA,0,1,1e-06,592.0809005913671,ANA,OAK
ARI202109240,2021-09-24,ARI,LAN,0,0,1e-06,942.6579354569091,ARI,COL
DET202109240,2021-09-24,DET,KCA,0,0,1e-06,145.52553501827433,DET,CLE
COL202109240,2021-09-24,COL,SFN,2,1,1e-06,1340.7925092662401,COL,SDN
MIN202109240,2021-09-24,MIN,TOR,0,0,1e-06,1e-06,MIN,MIN
CHN202109242,2021-09-24,CHN,SLN,2,3,1e-06,1e-06,CHN,CHN
DET202109250,2021-09-25,DET,KCA,0,0,1e-06,1e-06,DET,DET
CIN202109250,2021-09-25,CIN,WAS,0,1,1e-06,1e-06,CIN,CIN
TBA202109250,2021-09-25,TBA,MIA,0,0,1e-06,1e-06,TBA,TBA
CLE202109250,2021-09-25,CLE,CHA,2,0,1e-06,1e-06,CLE,CLE
ARI202109250,2021-09-25,ARI,LAN,1,0,1e-06,1e-06,ARI,ARI
BAL202109250,2021-09-25,BAL,TEX,0,0,1e-06,1e-06,BAL,BAL
OAK202109250,2021-09-25,OAK,HOU,0,0,1e-06,1e-06,OAK,OAK
SDN202109250,2021-09-25,SDN,ATL,1,0,1e-06,1e-06,SDN,SDN
BOS202109250,2021-09-25,BOS,NYA,0,0,1e-06,1e-06,BOS,BOS
MIL202109250,2021-09-25,MIL,NYN,0,0,1e-06,1e-06,MIL,MIL
ANA202109250,2021-09-25,ANA,SEA,2,0,1e-06,1e-06,ANA,ANA
CHN202109250,2021-09-25,CHN,SLN,0,0,1e-06,1e-06,CHN,CHN
COL202109250,2021-09-25,COL,SFN,2,1,1e-06,1e-06,COL,COL
PHI202109250,2021-09-25,PHI,PIT,0,0,1e-06,1e-06,PHI,PHI
MIN202109250,2021-09-25,MIN,TOR,1,0,1e-06,1e-06,MIN,MIN
CIN202109260,2021-09-26,CIN,WAS,0,0,1e-06,1e-06,CIN,CIN
CHN202109260,2021-09-26,CHN,SLN,0,0,1e-06,1e-06,CHN,CHN
TBA202109260,2021-09-26,TBA,MIA,2,0,1e-06,1e-06,TBA,TBA
CLE202109260,2021-09-26,CLE,CHA,0,1,1e-06,1e-06,CLE,CLE
ANA202109260,2021-09-26,ANA,SEA,0,0,1e-06,1e-06,ANA,ANA
ARI202109260,2021-09-26,ARI,LAN,0,2,1e-06,1e-06,ARI,ARI
MIL202109260,2021-09-26,MIL,NYN,2,1,1e-06,1e-06,MIL,MIL
PHI202109260,2021-09-26,PHI,PIT,0,1,1e-06,1e-06,PHI,PHI
DET202109260,2021-09-26,DET,KCA,0,1,1e-06,1e-06,DET,DET
COL202109260,2021-09-26,COL,SFN,0,0,1e-06,1e-06,COL,COL
SDN202109260,2021-09-26,SDN,ATL,0,0,1e-06,1e-06,SDN,SDN
OAK202109260,2021-09-26,OAK,HOU,0,0,1e-06,1e-06,OAK,OAK
BOS202109260,2021-09-26,BOS,NYA,0,0,1e-06,1e-06,BOS,BOS
BAL202109260,2021-09-26,BAL,TEX,0,0,1e-06,1e-06,BAL,BAL
MIN202109260,2021-09-26,MIN,TOR,0,0,1e-06,1e-06,MIN,MIN
COL202109270,2021-09-27,COL,WAS,0,0,1e-06,1756.1898521305268,COL,CIN
CIN202109270,2021-09-27,CIN,PIT,4,0,1e-06,807.0437326700402,CIN,PHI
SEA202109270,2021-09-27,SEA,OAK,0,3,1575.276973597757,1089.6592015072615,ANA,OAK
DET202109270,2021-09-27,DET,CHA,0,0,1e-06,145.52553501827433,DET,CLE
CLE202109270,2021-09-27,CLE,KCA,2,1,1e-06,145.52553501827433,CLE,DET
SFN202109280,2021-09-28,SFN,ARI,1,0,1524.5101947303656,1050.9933942487219,COL,ARI
SEA202109280,2021-09-28,SEA,OAK,0,0,1e-06,1e-06,SEA,SEA
KCA202109280,2021-09-28,KCA,CLE,2,3,1123.5230318083022,1123.5230318083022,CLE,CLE
LAN202109280,2021-09-28,LAN,SDN,1,0,574.8341159449532,179.52869961196944,ARI,SDN
SLN202109280,2021-09-28,SLN,MIL,0,0,422.49209120404555,526.8349145670746,CHN,MIL
CHA202109280,2021-09-28,CHA,CIN,1,0,380.91207013286544,406.25273298859213,DET,CIN
BAL202109280,2021-09-28,BAL,BOS,0,0,1e-06,578.81170796599,BAL,BOS
PIT202109280,2021-09-28,PIT,CHN,3,0,415.25842934625814,660.0502267315369,CIN,CHN
COL202109280,2021-09-28,COL,WAS,0,0,1e-06,1e-06,COL,COL
NYN202109281,2021-09-28,NYN,MIA,1,0,1181.7674036325852,1638.0556824552712,MIL,TBA
NYN202109282,2021-09-28,NYN,MIA,0,0,1e-06,1e-06,NYN,NYN
TEX202109280,2021-09-28,TEX,ANA,0,0,1968.7690954443951,1938.7751997181072,BAL,ANA
TOR202109280,2021-09-28,TOR,NYA,1,0,1113.3012797521421,691.6136251477402,MIN,BOS
ATL202109280,2021-09-28,ATL,PHI,0,0,3037.495642889967,1071.2330338826835,SDN,PHI
HOU202109280,2021-09-28,HOU,TBA,0,2,2629.671879056886,1270.2138325576016,OAK,TBA
MIN202109280,2021-09-28,MIN,DET,0,0,1e-06,872.516450655481,MIN,DET
ATL202109290,2021-09-29,ATL,PHI,2,0,1e-06,1e-06,ATL,ATL
CHA202109290,2021-09-29,CHA,CIN,0,0,1e-06,1e-06,CHA,CHA
TOR202109290,2021-09-29,TOR,NYA,2,0,1e-06,1e-06,TOR,TOR
NYN202109290,2021-09-29,NYN,MIA,0,0,1e-06,1e-06,NYN,NYN
SLN202109290,2021-09-29,SLN,MIL,0,1,1e-06,1e-06,SLN,SLN
PIT202109290,2021-09-29,PIT,CHN,0,0,1e-06,1e-06,PIT,PIT
MIN202109290,2021-09-29,MIN,DET,3,0,1e-06,1e-06,MIN,MIN
TEX202109290,2021-09-29,TEX,ANA,0,1,1e-06,1e-06,TEX,TEX
LAN202109290,2021-09-29,LAN,SDN,4,0,1e-06,1e-06,LAN,LAN
KCA202109290,2021-09-29,KCA,CLE,3,1,1e-06,1e-06,KCA,KCA
COL202109290,2021-09-29,COL,WAS,4,2,1e-06,1e-06,COL,COL
SEA202109290,2021-09-29,SEA,OAK,0,0,1e-06,1e-06,SEA,SEA
HOU202109290,2021-09-29,HOU,TBA,0,0,1e-06,1e-06,HOU,HOU
BAL202109290,2021-09-29,BAL,BOS,0,0,1e-06,1e-06,BAL,BAL
SFN202109290,2021-09-29,SFN,ARI,0,0,1e-06,1e-06,SFN,SFN
PIT202109300,2021-09-30,PIT,CHN,0,1,1e-06,1e-06,PIT,PIT
HOU202109300,2021-09-30,HOU,TBA,0,0,1e-06,1e-06,HOU,HOU
ATL202109300,2021-09-30,ATL,PHI,1,0,1e-06,1e-06,ATL,ATL
MIN202109300,2021-09-30,MIN,DET,1,0,1e-06,1e-06,MIN,MIN
KCA202109300,2021-09-30,KCA,CLE,0,0,1e-06,1e-06,KCA,KCA
SLN202109300,2021-09-30,SLN,MIL,0,0,1e-06,1e-06,SLN,SLN
SFN202109300,2021-09-30,SFN,ARI,1,3,1e-06,1e-06,SFN,SFN
LAN202109300,2021-09-30,LAN,SDN,2,0,1e-06,1e-06,LAN,LAN
TOR202109300,2021-09-30,TOR,NYA,0,1,1e-06,1e-06,TOR,TOR
NYN202109300,2021-09-30,NYN,MIA,0,0,1e-06,1e-06,NYN,NYN
BAL202109300,2021-09-30,BAL,BOS,0,1,1e-06,1e-06,BAL,BAL
TEX202109300,2021-09-30,TEX,ANA,0,5,1e-06,1e-06,TEX,TEX
SFN202110010,2021-10-01,SFN,SDN,2,0,1e-06,559.4406195325591,SFN,LAN
MIA202110010,2021-10-01,MIA,PHI,0,0,1756.5620451799746,973.3591318981379,NYN,ATL
LAN202110010,2021-10-01,LAN,MIL,1,0,1e-06,2553.1974748902726,LAN,SLN
SLN202110010,2021-10-01,SLN,CHN,1,0,1e-06,898.8824563980571,SLN,PIT
PIT202110010,2021-10-01,PIT,CIN,1,0,1e-06,660.0502267315369,PIT,CHA
CHA202110010,2021-10-01,CHA,DET,0,0,1e-06,571.0232496384983,CHA,MIN
TEX202110010,2021-10-01,TEX,CLE,0,0,1e-06,738.3603208647532,TEX,KCA
NYA202110010,2021-10-01,NYA,TBA,1,1,550.2922217550002,2282.180747677387,TOR,HOU
TOR202110010,2021-10-01,TOR,BAL,0,0,1e-06,537.0332419152472,TOR,BAL
KCA202110010,2021-10-01,KCA,MIN,2,0,1e-06,662.9211681328137,KCA,MIN
ARI202110010,2021-10-01,ARI,COL,0,0,1050.9933942487219,942.6579354569091,SFN,COL
WAS202110010,2021-10-01,WAS,BOS,0,0,2397.8679070622884,55.02896457567408,COL,BAL
SEA202110010,2021-10-01,SEA,ANA,0,0,1e-06,2688.6235870338205,SEA,TEX
ATL202110010,2021-10-01,ATL,NYN,0,0,1e-06,1200.4511584455877,ATL,NYN
HOU202110010,2021-10-01,HOU,OAK,1,0,1e-06,3039.1839825945185,HOU,SEA
HOU202110020,2021-10-02,HOU,OAK,3,2,1e-06,1e-06,HOU,HOU
LAN202110020,2021-10-02,LAN,MIL,3,1,1e-06,1e-06,LAN,LAN
KCA202110020,2021-10-02,KCA,MIN,0,1,1e-06,1e-06,KCA,KCA
CHA202110020,2021-10-02,CHA,DET,0,0,1e-06,1e-06,CHA,CHA
MIA202110020,2021-10-02,MIA,PHI,0,0,1e-06,1e-06,MIA,MIA
WAS202110020,2021-10-02,WAS,BOS,0,0,1e-06,1e-06,WAS,WAS
SLN202110020,2021-10-02,SLN,CHN,1,0,1e-06,1e-06,SLN,SLN
PIT202110020,2021-10-02,PIT,CIN,0,1,1e-06,1e-06,PIT,PIT
NYA202110020,2021-10-02,NYA,TBA,1,3,1e-06,1e-06,NYA,NYA
TOR202110020,2021-10-02,TOR,BAL,3,0,1e-06,1e-06,TOR,TOR
ARI202110020,2021-10-02,ARI,COL,6,0,1e-06,1e-06,ARI,ARI
SFN202110020,2021-10-02,SFN,SDN,0,0,1e-06,1e-06,SFN,SFN
ATL202110020,2021-10-02,ATL,NYN,0,0,1e-06,1e-06,ATL,ATL
TEX202110020,2021-10-02,TEX,CLE,1,0,1e-06,1e-06,TEX,TEX
SEA202110020,2021-10-02,SEA,ANA,0,0,1e-06,1e-06,SEA,SEA
MIA202110030,2021-10-03,MIA,PHI,2,0,1e-06,1e-06,MIA,MIA
TEX202110030,2021-10-03,TEX,CLE,0,1,1e-06,1e-06,TEX,TEX
SLN202110030,2021-10-03,SLN,CHN,1,1,1e-06,1e-06,SLN,SLN
SFN202110030,2021-10-03,SFN,SDN,0,0,1e-06,1e-06,SFN,SFN
SEA202110030,2021-10-03,SEA,ANA,0,2,1e-06,1e-06,SEA,SEA
PIT202110030,2021-10-03,PIT,CIN,1,0,1e-06,1e-06,PIT,PIT
NYA202110030,2021-10-03,NYA,TBA,0,0,1e-06,1e-06,NYA,NYA
LAN202110030,2021-10-03,LAN,MIL,0,0,1e-06,1e-06,LAN,LAN
KCA202110030,2021-10-03,KCA,MIN,0,5,1e-06,1e-06,KCA,KCA
HOU202110030,2021-10-03,HOU,OAK,0,0,1e-06,1e-06,HOU,HOU
CHA202110030,2021-10-03,CHA,DET,1,1,1e-06,1e-06,CHA,CHA
ATL202110030,2021-10-03,ATL,NYN,2,0,1e-06,1e-06,ATL,ATL
ARI202110030,2021-10-03,ARI,COL,0,0,1e-06,1e-06,ARI,ARI
TOR202110030,2021-10-03,TOR,BAL,3,0,1e-06,1e-06,TOR,TOR
WAS202110030,2021-10-03,WAS,BOS,0,0,1e-06,1e-06,WAS,WAS
