Rk,Player,Age,Team,Lg,WAR,W,L,W-L%,ERA,G,GS,GF,CG,SHO,SV,IP,H,R,ER,HR,BB,IBB,SO,HBP,BK,WP,BF,ERA+,FIP,WHIP,H9,HR9,BB9,SO9,SO/BB,Awards,Player-additional
1,Lance Lynn,33,TEX,AL,2.2,6,3,0.667,3.32,13,13,0,1,0,0,84.0,64,34,31,13,25,0,89,6,0,2,344,135.0,4.19,1.06,6.9,1.4,2.7,9.5,3.56,CYA-6,lynnl001
2,Germán Márquez,25,COL,NL,1.4,4,6,0.4,3.75,13,13,0,0,0,0,81.2,78,41,34,6,25,0,73,0,0,4,344,138.0,3.28,1.261,8.6,0.7,2.8,8.0,2.92,,marqg001
3,Kyle Hendricks,30,CHC,NL,2.0,6,5,0.545,2.88,12,12,0,1,1,0,81.1,73,26,26,10,8,1,64,1,0,1,315,156.0,3.55,0.996,8.1,1.1,0.9,7.1,8.0,CYA-9,hendk001
4,Shane Bieber,25,CLE,AL,3.2,8,1,0.889,1.63,12,12,0,0,0,0,77.1,46,15,14,7,21,0,122,1,0,5,297,273.0,2.07,0.866,5.4,0.8,2.4,14.2,5.81,CYA-1MVP-4,biebs001
5,Yu Darvish,33,CHC,NL,2.8,8,3,0.727,2.01,12,12,0,0,0,0,76.0,59,18,17,5,14,1,93,2,0,3,297,224.0,2.23,0.961,7.0,0.6,1.7,11.0,6.64,CYA-2MVP-14,darvy001
6,Aaron Civale,25,CLE,AL,0.2,4,6,0.4,4.74,12,12,0,1,0,0,74.0,82,39,39,11,16,0,69,3,1,0,312,94.0,4.03,1.324,10.0,1.3,1.9,8.4,4.31,,civaa001
7,Brandon Woodruff,27,MIL,NL,2.1,3,5,0.375,3.05,13,13,0,1,0,0,73.2,55,26,25,9,18,0,91,4,0,1,293,149.0,3.2,0.991,6.7,1.1,2.2,11.1,5.06,,woodb005
8,Antonio Senzatela,25,COL,NL,2.5,5,3,0.625,3.44,12,12,0,1,0,0,73.1,71,29,28,9,18,0,41,4,0,0,303,151.0,4.57,1.214,8.7,1.1,2.2,5.0,2.28,,senza001
9,Trevor Bauer,29,CIN,NL,3.0,5,4,0.556,1.73,11,11,0,2,2,0,73.0,41,17,14,9,17,1,100,3,0,3,278,284.0,2.88,0.795,5.1,1.1,2.1,12.3,5.88,CYA-1MVP-10,bauet001
10,Gerrit Cole,29,NYY,AL,2.2,7,3,0.7,2.84,12,12,0,2,1,0,73.0,53,27,23,14,17,0,94,2,0,2,288,151.0,3.89,0.959,6.5,1.7,2.1,11.6,5.53,CYA-4,coleg001
11,Lucas Giolito,25,CHW,AL,0.8,4,3,0.571,3.48,12,12,0,1,1,0,72.1,47,31,28,8,28,0,97,2,0,3,288,128.0,3.19,1.037,5.8,1.0,3.5,12.1,3.46,CYA-7,gioll001
12,Zac Gallen,24,ARI,NL,2.5,3,2,0.6,2.75,12,12,0,0,0,0,72.0,55,24,22,9,25,0,82,2,0,4,291,164.0,3.66,1.111,6.9,1.1,3.1,10.3,3.28,CYA-9,gallz001
13,Aaron Nola,27,PHI,NL,2.2,5,5,0.5,3.28,12,12,0,2,1,0,71.1,54,31,26,9,23,2,96,2,0,1,289,137.0,3.19,1.079,6.8,1.1,2.9,12.1,4.17,CYA-7,nolaa001
14,Zack Wheeler,30,PHI,NL,2.8,4,2,0.667,2.92,11,11,0,0,0,0,71.0,67,26,23,3,16,2,53,7,0,0,288,154.0,3.22,1.169,8.5,0.4,2.0,6.7,3.31,CYA-12,wheez001
15,Kyle Freeland*,27,COL,NL,1.9,2,3,0.4,4.33,13,13,0,0,0,0,70.2,77,34,34,9,23,0,46,3,0,0,304,120.0,4.65,1.415,9.8,1.1,2.9,5.9,2.0,,freek001
16,Framber Valdez*,26,HOU,AL,1.2,5,3,0.625,3.57,11,10,0,0,0,0,70.2,63,32,28,5,16,0,76,5,1,6,288,125.0,2.85,1.118,8.0,0.6,2.0,9.7,4.75,CYA-11,valdf001
17,Luis Castillo,27,CIN,NL,1.1,4,6,0.4,3.21,12,12,0,1,0,0,70.0,62,31,25,5,24,0,89,1,0,1,292,153.0,2.65,1.229,8.0,0.6,3.1,11.4,3.71,,castl003
18,Marco Gonzales*,28,SEA,AL,1.5,7,2,0.778,3.1,11,11,0,1,0,0,69.2,59,27,24,8,7,0,64,4,0,0,277,138.0,3.32,0.947,7.6,1.0,0.9,8.3,9.14,,gonzm005
19,Zach Davies,27,SDP,NL,1.7,7,4,0.636,2.73,12,12,0,0,0,0,69.1,55,26,21,9,19,0,63,0,0,2,276,154.0,3.88,1.067,7.1,1.2,2.5,8.2,3.32,,daviz001
20,Dinelson Lamet,27,SDP,NL,2.3,3,1,0.75,2.09,12,12,0,0,0,0,69.0,39,18,16,5,20,0,93,4,0,1,267,201.0,2.48,0.855,5.1,0.7,2.6,12.1,4.65,CYA-4,lamed001
21,Carlos Carrasco,33,CLE,AL,1.5,3,4,0.429,2.91,12,12,0,0,0,0,68.0,55,22,22,8,27,0,82,2,0,6,280,153.0,3.59,1.206,7.3,1.1,3.6,10.9,3.04,,carrc003
22,Jacob deGrom,32,NYM,NL,2.6,4,2,0.667,2.38,12,12,0,0,0,0,68.0,47,21,18,7,18,0,104,0,0,4,268,180.0,2.26,0.956,6.2,0.9,2.4,13.8,5.78,CYA-3,degrj001
23,Kyle Gibson,32,TEX,AL,-0.1,2,6,0.25,5.35,12,12,0,1,1,0,67.1,73,44,40,12,30,1,58,6,0,1,301,84.0,5.39,1.53,9.8,1.6,4.0,7.8,1.93,,gibsk002
24,Max Scherzer,35,WSN,NL,2.2,5,4,0.556,3.74,12,12,0,1,0,0,67.1,70,30,28,10,23,1,92,1,0,6,295,119.0,3.46,1.381,9.4,1.3,3.1,12.3,4.0,,schem001
25,Zack Greinke,36,HOU,AL,1.1,3,3,0.5,4.03,12,12,0,0,0,0,67.0,67,30,30,6,9,0,67,1,0,3,273,110.0,2.8,1.134,9.0,0.8,1.2,9.0,7.44,,greiz001
26,Hyun Jin Ryu*,33,TOR,AL,2.9,5,2,0.714,2.69,12,12,0,0,0,0,67.0,60,22,20,6,17,0,72,1,0,1,275,164.0,3.01,1.149,8.1,0.8,2.3,9.7,4.24,CYA-3MVP-13,ryu-h001
27,Andrew Heaney*,29,LAA,AL,1.2,4,3,0.571,4.46,12,12,0,0,0,0,66.2,63,35,33,9,19,1,70,2,0,2,279,102.0,3.79,1.23,8.5,1.2,2.6,9.5,3.68,,heana001
28,Kenta Maeda,32,MIN,AL,1.6,6,1,0.857,2.7,11,11,0,0,0,0,66.2,40,20,20,9,10,0,80,0,0,0,248,160.0,3.0,0.75,5.4,1.2,1.4,10.8,8.0,CYA-2,maedk001
29,Dylan Bundy,27,LAA,AL,1.7,6,3,0.667,3.29,11,11,0,1,0,0,65.2,51,27,24,5,17,1,72,4,0,2,267,138.0,2.95,1.036,7.0,0.7,2.3,9.9,4.24,CYA-9,bundd001
30,Patrick Corbin*,30,WSN,NL,1.7,2,7,0.222,4.66,11,11,0,0,0,0,65.2,85,35,34,10,18,1,60,0,1,1,295,96.0,4.17,1.569,11.6,1.4,2.5,8.2,3.33,,corbp001
31,Adam Wainwright,38,STL,NL,0.5,5,3,0.625,3.15,10,10,0,2,0,0,65.2,54,25,23,9,15,0,54,2,0,0,262,133.0,4.1,1.051,7.4,1.2,2.1,7.4,3.6,,waina001
32,Brady Singer,23,KCR,AL,1.1,4,5,0.444,4.06,12,12,0,0,0,0,64.1,52,29,29,8,23,0,61,2,1,5,263,115.0,4.08,1.166,7.3,1.1,3.2,8.5,2.65,ROY-8,singb001
33,Johnny Cueto,34,SFG,NL,0.1,2,3,0.4,5.4,12,12,0,0,0,0,63.1,61,41,38,9,26,0,56,3,2,1,277,79.0,4.64,1.374,8.7,1.3,3.7,8.0,2.15,,cuetj001
34,Dallas Keuchel*,32,CHW,AL,2.1,6,2,0.75,1.99,11,11,0,0,0,0,63.1,52,15,14,2,17,0,42,0,0,0,257,224.0,3.08,1.089,7.4,0.3,2.4,6.0,2.47,CYA-5MVP-17,keucd001
35,Chris Bassitt,31,OAK,AL,2.1,5,2,0.714,2.29,11,11,0,0,0,0,63.0,56,18,16,6,17,0,55,2,0,2,261,183.0,3.59,1.159,8.0,0.9,2.4,7.9,3.24,CYA-8,bassc001
36,José Berríos,26,MIN,AL,0.7,5,4,0.556,4.0,12,12,0,0,0,0,63.0,57,28,28,8,26,0,68,3,0,5,271,108.0,4.06,1.317,8.1,1.1,3.7,9.7,2.62,,berrj001
37,Alec Mills,28,CHC,NL,0.2,5,5,0.5,4.48,11,11,0,1,1,0,62.1,53,31,31,13,19,0,46,2,1,0,252,101.0,5.44,1.155,7.7,1.9,2.7,6.6,2.42,,milla003
38,Martín Pérez*,29,BOS,AL,1.2,3,5,0.375,4.5,12,12,0,0,0,0,62.0,55,33,31,8,28,0,46,3,0,2,262,107.0,4.88,1.339,8.0,1.2,4.1,6.7,1.64,,perem004
39,Jon Lester*,36,CHC,NL,-0.2,3,3,0.5,5.16,12,12,0,0,0,0,61.0,64,35,35,11,17,0,42,3,0,2,265,87.0,5.14,1.328,9.4,1.6,2.5,6.2,2.47,,lestj001
40,Matthew Boyd*,29,DET,AL,-0.6,3,7,0.3,6.71,12,12,0,1,0,0,60.1,67,46,45,15,22,0,60,5,0,5,271,68.0,5.78,1.475,10.0,2.2,3.3,9.0,2.73,,boydm001
41,Tyler Anderson*,30,SFG,NL,0.4,4,3,0.571,4.37,13,11,0,1,0,0,59.2,58,32,29,5,25,0,41,4,0,1,260,98.0,4.36,1.391,8.7,0.8,3.8,6.2,1.64,,andet002
42,Corbin Burnes,25,MIL,NL,2.1,4,1,0.8,2.11,12,9,2,0,0,0,59.2,37,15,14,2,24,0,88,3,0,5,240,216.0,2.03,1.022,5.6,0.3,3.6,13.3,3.67,CYA-6,burnc002
43,Kevin Gausman,29,SFG,NL,1.3,3,3,0.5,3.62,12,10,1,0,0,0,59.2,50,26,24,8,16,0,79,0,1,4,245,118.0,3.09,1.106,7.5,1.2,2.4,11.9,4.94,,gausk001
44,Zach Eflin,26,PHI,NL,1.7,4,2,0.667,3.97,11,10,0,1,1,0,59.0,60,28,26,8,15,0,70,1,0,1,245,114.0,3.39,1.271,9.2,1.2,2.3,10.7,4.67,,efliz001
45,Mike Fiers,35,OAK,AL,0.7,6,3,0.667,4.58,11,11,0,0,0,0,59.0,65,31,30,9,16,0,37,4,0,1,257,91.0,4.94,1.373,9.9,1.4,2.4,5.6,2.31,,fierm001
46,Jesús Luzardo*,22,OAK,AL,0.8,3,2,0.6,4.12,12,9,1,0,0,0,59.0,58,27,27,9,17,1,59,3,1,3,248,102.0,4.19,1.271,8.8,1.4,2.6,9.0,3.47,ROY-8,luzaj001
47,Chris Paddack,24,SDP,NL,0.2,4,5,0.444,4.73,12,12,0,0,0,0,59.0,60,33,31,14,12,0,58,2,0,0,245,89.0,5.02,1.22,9.2,2.1,1.8,8.8,4.83,,paddc001
48,Rick Porcello,31,NYM,NL,0.2,1,7,0.125,5.64,12,12,0,0,0,0,59.0,74,41,37,5,15,0,54,2,0,1,261,76.0,3.33,1.508,11.3,0.8,2.3,8.2,3.6,,porcr001
49,Dylan Cease,24,CHW,AL,0.1,5,4,0.556,4.01,12,12,0,0,0,0,58.1,50,30,26,12,34,1,44,5,0,1,255,111.0,6.36,1.44,7.7,1.9,5.2,6.8,1.29,,ceasd001
50,Clayton Kershaw*,32,LAD,NL,1.8,6,2,0.75,2.16,10,10,0,0,0,0,58.1,41,18,14,8,8,0,62,1,0,0,221,202.0,3.31,0.84,6.3,1.2,1.2,9.6,7.75,CYA-9,kersc001
51,Jordan Lyles,29,TEX,AL,-1.2,1,6,0.143,7.02,12,9,0,0,0,0,57.2,67,49,45,12,23,0,36,2,1,3,266,64.0,5.95,1.561,10.5,1.9,3.6,5.6,1.57,,lylej001
52,Tyler Glasnow,26,TBR,AL,0.8,5,1,0.833,4.08,11,11,0,0,0,0,57.1,43,26,26,11,22,0,91,0,0,7,238,100.0,3.66,1.134,6.8,1.7,3.5,14.3,4.14,,glast001
53,Pablo López,24,MIA,NL,1.4,6,4,0.6,3.61,11,11,0,0,0,0,57.1,50,27,23,4,18,1,59,2,0,0,240,126.0,3.09,1.186,7.8,0.6,2.8,9.3,3.28,,lopep002
54,Spencer Turnbull,27,DET,AL,1.1,4,4,0.5,3.97,11,11,0,0,0,0,56.2,47,25,25,2,29,1,51,2,0,0,242,114.0,3.49,1.341,7.5,0.3,4.6,8.1,1.76,,turns003
55,Mike Minor*,32,2TM,AL,-0.1,1,6,0.143,5.56,12,11,0,1,1,0,56.2,50,36,35,11,20,0,62,1,0,0,239,79.0,4.64,1.235,7.9,1.7,3.2,9.8,3.1,,minom001
55,Mike Minor*,32,TEX,AL,0.0,0,5,0.0,5.6,7,7,0,0,0,0,35.1,35,23,22,7,13,0,35,0,0,0,155,81.0,4.89,1.358,8.9,1.8,3.3,8.9,2.69,,minom001
55,Mike Minor*,32,OAK,AL,0.0,1,1,0.5,5.48,5,4,0,1,1,0,21.1,15,13,13,4,7,0,27,1,0,0,84,77.0,4.22,1.031,6.3,1.7,3.0,11.4,3.86,,minom001
56,Griffin Canning,24,LAA,AL,1.1,2,3,0.4,3.99,11,11,0,0,0,0,56.1,54,29,25,8,23,0,56,1,0,5,238,114.0,4.33,1.367,8.6,1.3,3.7,8.9,2.43,GG,canng001
57,Danny Duffy*,31,KCR,AL,0.3,4,4,0.5,4.95,12,11,0,0,0,0,56.1,53,33,31,10,22,0,57,2,0,3,242,94.0,4.75,1.331,8.5,1.6,3.5,9.1,2.59,,duffd001
58,Max Fried*,26,ATL,NL,2.9,7,0,1.0,2.25,11,11,0,0,0,0,56.0,42,14,14,2,19,0,50,4,1,1,224,208.0,3.1,1.089,6.8,0.3,3.1,8.0,2.63,CYA-5MVP-18GG,friem001
59,Sonny Gray,30,CIN,NL,0.8,5,3,0.625,3.7,11,11,0,0,0,0,56.0,42,26,23,4,26,0,72,2,1,7,235,133.0,3.05,1.214,6.8,0.6,4.2,11.6,2.77,,grays001
60,Adrian Houser,27,MIL,NL,-0.5,1,6,0.143,5.3,12,11,1,0,0,0,56.0,63,41,33,8,21,0,44,4,0,1,246,86.0,4.82,1.5,10.1,1.3,3.4,7.1,2.1,,housa001
61,Dustin May,22,LAD,NL,1.5,3,1,0.75,2.57,12,10,0,0,0,0,56.0,45,18,16,9,16,0,44,1,0,2,224,170.0,4.62,1.089,7.2,1.4,2.6,7.1,2.75,ROY-5,may-d003
62,Ryan Yarbrough*,28,TBR,AL,1.2,1,4,0.2,3.56,11,9,0,0,0,0,55.2,54,22,22,5,12,1,44,7,0,2,234,115.0,3.8,1.186,8.7,0.8,1.9,7.1,3.67,,yarbr001
63,Zach Plesac,25,CLE,AL,2.1,4,2,0.667,2.28,8,8,0,0,0,0,55.1,38,14,14,8,6,0,57,1,0,0,206,196.0,3.39,0.795,6.2,1.3,1.0,9.3,9.5,,plesz001
64,Justus Sheffield*,24,SEA,AL,0.9,4,3,0.571,3.58,10,10,0,0,0,0,55.1,52,23,22,2,20,0,48,3,0,1,232,119.0,3.17,1.301,8.5,0.3,3.3,7.8,2.4,,shefj001
65,Trevor Williams,28,PIT,NL,-0.9,2,8,0.2,6.18,11,11,0,0,0,0,55.1,66,42,38,15,21,0,49,4,0,1,252,73.0,6.3,1.572,10.7,2.4,3.4,8.0,2.33,,willt002
66,Lance McCullers Jr.,26,HOU,AL,0.4,3,3,0.5,3.93,11,11,0,0,0,0,55.0,44,29,24,5,20,0,56,5,0,0,227,113.0,3.7,1.164,7.2,0.8,3.3,9.2,2.8,,mccul002
67,Julio Urías*,23,LAD,NL,1.2,3,0,1.0,3.27,11,10,0,0,0,0,55.0,45,20,20,5,18,0,45,0,0,2,224,134.0,3.72,1.145,7.4,0.8,2.9,7.4,2.5,,uriaj001
68,Brad Keller,24,KCR,AL,1.8,5,3,0.625,2.47,9,9,0,1,1,0,54.2,39,16,15,2,17,0,35,2,0,1,215,189.0,3.43,1.024,6.4,0.3,2.8,5.8,2.06,,kellb003
69,Cristian Javier,23,HOU,AL,1.3,5,2,0.714,3.48,12,10,0,0,0,0,54.1,36,21,21,11,18,0,54,2,2,4,214,128.0,4.94,0.994,6.0,1.8,3.0,8.9,3.0,ROY-3,javic001
70,Logan Webb,23,SFG,NL,-0.4,3,4,0.429,5.47,13,11,0,0,0,0,54.1,61,38,33,4,24,1,46,7,0,3,246,78.0,4.17,1.564,10.1,0.7,4.0,7.6,1.92,,webbl001
71,Sean Manaea*,28,OAK,AL,0.3,4,3,0.571,4.5,11,11,0,0,0,0,54.0,57,32,27,7,8,0,45,1,0,1,222,93.0,3.71,1.204,9.5,1.2,1.3,7.5,5.63,,manas001
72,Taijuan Walker,27,2TM,AL,1.3,4,3,0.571,2.7,11,11,0,0,0,0,53.1,43,23,16,8,19,0,50,4,0,1,225,162.0,4.56,1.163,7.3,1.4,3.2,8.4,2.63,,walkt004
72,Taijuan Walker,27,SEA,AL,0.4,2,2,0.5,4.0,5,5,0,0,0,0,27.0,21,13,12,5,8,0,25,3,0,0,112,108.0,4.97,1.074,7.0,1.7,2.7,8.3,3.13,,walkt004
72,Taijuan Walker,27,TOR,AL,1.0,2,1,0.667,1.37,6,6,0,0,0,0,26.1,22,10,4,3,11,0,25,1,0,1,113,325.0,4.14,1.253,7.5,1.0,3.8,8.5,2.27,,walkt004
73,Frankie Montas,27,OAK,AL,-0.3,3,5,0.375,5.6,11,11,0,0,0,0,53.0,57,35,33,10,23,0,60,1,0,2,237,75.0,4.74,1.509,9.7,1.7,3.9,10.2,2.61,,montf001
74,Aníbal Sánchez,36,WSN,NL,0.1,4,5,0.444,6.62,11,11,0,0,0,0,53.0,70,40,39,11,18,2,43,3,2,0,245,67.0,5.46,1.66,11.9,1.9,3.1,7.3,2.39,,sanca004
75,Alex Cobb,32,BAL,AL,1.1,2,5,0.286,4.3,10,10,0,0,0,0,52.1,52,27,25,8,18,0,38,2,0,1,226,109.0,4.87,1.338,8.9,1.4,3.1,6.5,2.11,,cobba001
76,Luke Weaver,26,ARI,NL,-0.3,1,9,0.1,6.58,12,12,0,0,0,0,52.0,63,39,38,10,18,0,55,1,0,0,236,69.0,4.67,1.558,10.9,1.7,3.1,9.5,3.06,,weavl001
77,Robbie Ray*,28,2TM,2LG,-0.2,2,5,0.286,6.62,12,11,0,0,0,0,51.2,53,40,38,13,45,1,68,1,0,6,251,68.0,6.5,1.897,9.2,2.3,7.8,11.8,1.51,,ray-r002
77,Robbie Ray*,28,ARI,NL,-0.5,1,4,0.2,7.84,7,7,0,0,0,0,31.0,31,27,27,9,31,1,43,1,0,6,154,58.0,7.29,2.0,9.0,2.6,9.0,12.5,1.39,,ray-r002
77,Robbie Ray*,28,TOR,AL,0.2,1,1,0.5,4.79,5,4,0,0,0,0,20.2,22,13,11,4,14,0,25,0,0,0,97,93.0,5.32,1.742,9.6,1.7,6.1,10.9,1.79,,ray-r002
78,Garrett Richards,32,SDP,NL,0.9,2,2,0.5,4.03,14,10,2,0,0,0,51.1,47,23,23,7,17,0,46,2,0,3,213,104.0,4.28,1.247,8.2,1.2,3.0,8.1,2.71,,richg002
79,Erick Fedde,27,WSN,NL,1.5,2,4,0.333,4.29,11,8,1,0,0,0,50.1,47,25,24,10,22,2,28,3,0,2,222,104.0,6.15,1.371,8.4,1.8,3.9,5.0,1.27,,fedde001
80,Kris Bubic*,22,KCR,AL,0.4,1,6,0.143,4.32,10,10,0,0,0,0,50.0,52,29,24,8,22,1,49,2,0,0,222,108.0,4.75,1.48,9.4,1.4,4.0,8.8,2.23,,bubik001
81,Blake Snell*,27,TBR,AL,1.1,4,2,0.667,3.24,11,11,0,0,0,0,50.0,42,19,18,10,18,0,63,0,0,7,203,127.0,4.35,1.2,7.6,1.8,3.2,11.3,3.5,,snelb001
82,David Peterson*,24,NYM,NL,1.6,6,2,0.75,3.44,10,9,0,0,0,0,49.2,36,20,19,5,24,0,40,3,0,1,205,125.0,4.52,1.208,6.5,0.9,4.3,7.2,1.67,,peted003
83,Austin Voth,28,WSN,NL,0.3,2,5,0.286,6.34,11,11,0,1,0,0,49.2,57,36,35,14,18,2,44,4,0,1,225,70.0,6.41,1.51,10.3,2.5,3.3,8.0,2.44,,votha001
84,J.A. Happ*,37,NYY,AL,1.2,2,2,0.5,3.47,9,9,0,0,0,0,49.1,37,19,19,8,15,0,42,1,0,0,196,123.0,4.57,1.054,6.8,1.5,2.7,7.7,2.8,,happj001
85,Ross Stripling,30,2TM,2LG,-0.5,3,3,0.5,5.84,12,9,1,0,0,1,49.1,56,37,32,13,18,0,40,1,0,1,220,76.0,6.15,1.5,10.2,2.4,3.3,7.3,2.22,,strir001
85,Ross Stripling,30,LAD,NL,-0.6,3,1,0.75,5.61,7,7,0,0,0,0,33.2,38,26,21,12,11,0,27,1,0,1,150,78.0,7.29,1.455,10.2,3.2,2.9,7.2,2.45,,strir001
85,Ross Stripling,30,TOR,AL,0.1,0,2,0.0,6.32,5,2,1,0,0,1,15.2,18,11,11,1,7,0,13,0,0,0,70,71.0,3.7,1.596,10.3,0.6,4.0,7.5,1.86,,strir001
86,Nathan Eovaldi,30,BOS,AL,1.3,4,2,0.667,3.72,9,9,0,0,0,0,48.1,51,20,20,8,7,0,52,4,0,2,199,129.0,3.87,1.2,9.5,1.5,1.3,9.7,7.43,,eovan001
87,Masahiro Tanaka,31,NYY,AL,0.7,3,3,0.5,3.56,10,10,0,0,0,0,48.0,48,25,19,9,8,0,44,2,0,0,197,120.0,4.42,1.167,9.0,1.7,1.5,8.3,5.5,,tanam001
88,Tyler Mahle,25,CIN,NL,1.0,2,2,0.5,3.59,10,9,0,0,0,0,47.2,34,21,19,6,21,0,60,4,1,2,201,137.0,3.88,1.154,6.4,1.1,4.0,11.3,2.86,,mahlt001
89,Tanner Roark,33,TOR,AL,-0.4,2,3,0.4,6.8,11,11,0,0,0,0,47.2,60,39,36,14,23,0,41,2,0,2,220,65.0,6.86,1.741,11.3,2.6,4.3,7.7,1.78,,roart001
90,JT Brubaker,26,PIT,NL,-0.1,1,3,0.25,4.94,11,9,0,0,0,0,47.1,48,27,26,6,17,0,48,3,0,4,205,91.0,4.08,1.373,9.1,1.1,3.2,9.1,2.82,,brubj001
91,Brett Anderson*,32,MIL,NL,0.6,4,4,0.5,4.21,10,10,0,0,0,0,47.0,50,24,22,6,10,0,32,4,0,0,202,108.0,4.38,1.277,9.6,1.1,1.9,6.1,3.2,,andeb004
92,Yusei Kikuchi*,29,SEA,AL,0.1,2,4,0.333,5.17,9,9,0,0,0,0,47.0,41,27,27,3,20,0,47,0,0,3,194,83.0,3.3,1.298,7.9,0.6,3.8,9.0,2.35,,kikuy001
93,Randy Dobnak,25,MIN,AL,0.4,6,4,0.6,4.05,10,10,0,0,0,0,46.2,50,21,21,3,13,0,27,4,0,0,200,107.0,3.96,1.35,9.6,0.6,2.5,5.2,2.08,,dobnr001
94,Tony Gonsolin,26,LAD,NL,1.5,2,2,0.5,2.31,9,8,1,0,0,0,46.2,32,13,12,2,7,0,46,1,0,3,176,189.0,2.29,0.836,6.2,0.4,1.4,8.9,6.57,ROY-4,gonst001
95,Chad Kuhl,27,PIT,NL,-0.1,2,3,0.4,4.27,11,9,0,0,0,0,46.1,35,26,22,8,28,0,44,2,0,1,197,106.0,5.48,1.36,6.8,1.6,5.4,8.5,1.57,,kuhlc001
96,Alex Young*,26,ARI,NL,-0.1,2,4,0.333,5.44,15,7,0,0,0,0,46.1,51,30,28,11,14,0,39,1,0,1,204,83.0,5.57,1.403,9.9,2.1,2.7,7.6,2.79,,youna002
97,Justin Dunn,24,SEA,AL,0.3,4,1,0.8,4.34,10,10,0,0,0,0,45.2,31,23,22,10,31,1,38,2,0,0,198,99.0,6.54,1.358,6.1,2.0,6.1,7.5,1.23,,dunnj002
98,Josh Lindblom,33,MIL,NL,0.2,2,4,0.333,5.16,12,10,1,0,0,0,45.1,42,26,26,6,16,0,52,3,0,2,191,88.0,3.87,1.279,8.3,1.2,3.2,10.3,3.25,,lindj004
99,Jake Arrieta,34,PHI,NL,0.8,4,4,0.5,5.08,9,9,0,0,0,0,44.1,51,25,25,6,16,0,32,1,0,4,190,89.0,4.66,1.511,10.4,1.2,3.2,6.5,2.0,,arrij001
100,Jordan Montgomery*,27,NYY,AL,0.2,2,3,0.4,5.11,10,10,0,0,0,0,44.0,48,27,25,7,9,0,47,2,0,3,193,84.0,3.87,1.295,9.8,1.4,1.8,9.6,5.22,,montj004
101,John Means*,27,BAL,AL,1.0,2,4,0.333,4.53,10,10,0,0,0,0,43.2,36,22,22,12,7,0,42,4,0,2,176,103.0,5.6,0.985,7.4,2.5,1.4,8.7,6.0,,meanj001
102,Ryan Castellani,24,COL,NL,0.0,1,4,0.2,5.82,10,9,0,0,0,0,43.1,37,30,28,12,26,0,25,5,0,1,189,89.0,7.78,1.454,7.7,2.5,5.4,5.2,0.96,,castr005
103,Taylor Clarke,27,ARI,NL,0.5,3,0,1.0,4.36,12,5,2,0,0,0,43.1,35,23,21,8,21,2,40,0,0,0,183,104.0,5.2,1.292,7.3,1.7,4.4,8.3,1.9,,clart003
104,Ryan Weber,29,BOS,AL,1.2,1,3,0.25,4.4,17,5,3,0,0,0,43.0,44,23,21,8,14,0,27,3,0,1,185,110.0,5.54,1.349,9.2,1.7,2.9,5.7,1.93,,weber001
105,Steven Brault*,28,PIT,NL,0.7,1,3,0.25,3.38,11,10,0,1,0,0,42.2,29,17,16,2,22,0,38,5,0,3,178,134.0,3.92,1.195,6.1,0.4,4.6,8.0,1.73,,braus002
106,Sandy Alcantara,24,MIA,NL,0.8,3,2,0.6,3.0,7,7,0,0,0,0,42.0,35,22,14,4,15,0,39,1,1,1,172,152.0,3.71,1.19,7.5,0.9,3.2,8.4,2.6,,alcas001
107,Madison Bumgarner*,30,ARI,NL,-0.4,1,4,0.2,6.48,9,9,0,0,0,0,41.2,47,31,30,13,13,2,30,6,0,0,190,70.0,7.18,1.44,10.2,2.8,2.8,6.5,2.31,,bumgm001
108,Mike Clevinger,29,2TM,2LG,1.0,3,2,0.6,3.02,8,8,0,1,1,0,41.2,34,14,14,6,14,0,40,0,0,2,162,145.0,4.15,1.152,7.3,1.3,3.0,8.6,2.86,,clevm001
108,Mike Clevinger,29,CLE,AL,0.5,1,1,0.5,3.18,4,4,0,0,0,0,22.2,20,8,8,5,11,0,21,0,0,0,93,141.0,5.66,1.368,7.9,2.0,4.4,8.3,1.91,,clevm001
108,Mike Clevinger,29,SDP,NL,0.6,2,1,0.667,2.84,4,4,0,1,1,0,19.0,14,6,6,1,3,0,19,0,0,2,69,149.0,2.35,0.895,6.6,0.5,1.4,9.0,6.33,,clevm001
109,Nick Margevicius*,24,SEA,AL,0.3,2,3,0.4,4.57,10,7,1,0,0,0,41.1,38,21,21,6,14,2,36,0,0,2,170,94.0,4.35,1.258,8.3,1.3,3.0,7.8,2.57,,margn001
110,Derek Holland*,33,PIT,NL,-1.0,1,3,0.25,6.86,12,5,3,0,0,0,40.2,42,33,31,12,15,0,45,3,1,2,179,66.0,6.14,1.402,9.3,2.7,3.3,10.0,3.0,,holld003
111,Jack Flaherty,24,STL,NL,-0.3,4,3,0.571,4.91,9,9,0,0,0,0,40.1,33,22,22,6,16,0,49,3,0,1,170,86.0,4.11,1.215,7.4,1.3,3.6,10.9,3.06,,flahj002
112,Joe Musgrove,27,PIT,NL,0.6,1,5,0.167,3.86,8,8,0,0,0,0,39.2,33,17,17,5,16,0,55,2,0,1,166,117.0,3.42,1.235,7.5,1.1,3.6,12.5,3.44,,musgj001
113,Josh Tomlin,35,ATL,NL,0.5,2,2,0.5,4.76,17,5,2,0,0,0,39.2,40,22,21,6,8,2,36,1,0,1,163,99.0,4.02,1.21,9.1,1.4,1.8,8.2,4.5,,tomlj001
114,Jon Gray,28,COL,NL,-0.3,2,4,0.333,6.69,8,8,0,0,0,0,39.0,45,31,29,6,11,0,22,2,1,2,174,78.0,5.06,1.436,10.4,1.4,2.5,5.1,2.0,,grayj003
115,Dakota Hudson,25,STL,NL,0.6,3,2,0.6,2.77,8,8,0,0,0,0,39.0,24,13,12,5,15,1,31,1,0,0,151,152.0,4.5,1.0,5.5,1.2,3.5,7.2,2.07,,hudsd002
116,Kwang Hyun Kim*,31,STL,NL,0.9,3,0,1.0,1.62,8,7,1,0,0,1,39.0,28,9,7,3,12,2,24,0,0,1,154,260.0,3.88,1.026,6.5,0.7,2.8,5.5,2.0,,kim-k001
117,Sixto Sánchez,21,MIA,NL,1.5,3,2,0.6,3.46,7,7,0,1,0,0,39.0,36,15,15,3,11,1,33,2,0,1,158,132.0,3.5,1.205,8.3,0.7,2.5,7.6,3.0,ROY-7,sancs001
118,Jorge López,27,2TM,AL,-0.3,2,2,0.5,6.69,10,6,1,0,0,0,39.0,46,32,29,7,12,1,28,3,0,4,174,71.0,5.24,1.487,10.6,1.6,2.8,6.5,2.33,,lopej004
118,Jorge López,27,KCR,AL,-0.1,0,0,,27.0,1,0,0,0,0,0,0.2,3,2,2,0,0,0,0,0,0,0,5,26.0,3.19,4.5,40.5,0.0,0.0,0.0,,,lopej004
118,Jorge López,27,BAL,AL,-0.2,2,2,0.5,6.34,9,6,1,0,0,0,38.1,43,30,27,7,12,1,28,3,0,4,169,74.0,5.28,1.435,10.1,1.6,2.8,6.6,2.33,,lopej004
119,Tommy Milone*,33,2TM,2LG,-0.3,1,4,0.2,6.69,9,9,0,0,0,0,39.0,55,34,29,9,6,0,40,2,0,1,181,71.0,4.76,1.564,12.7,2.1,1.4,9.2,6.67,,milot001
119,Tommy Milone*,33,BAL,AL,0.3,1,4,0.2,3.99,6,6,0,0,0,0,29.1,33,18,13,5,4,0,31,2,0,1,129,118.0,3.91,1.261,10.1,1.5,1.2,9.5,7.75,,milot001
119,Tommy Milone*,33,ATL,NL,-0.7,0,0,,14.9,3,3,0,0,0,0,9.2,22,16,16,4,2,0,9,0,0,0,52,32.0,7.33,2.483,20.5,3.7,1.9,8.4,4.5,,milot001
120,Rich Hill*,40,MIN,AL,0.8,2,2,0.5,3.03,8,8,0,0,0,0,38.2,28,13,13,3,17,0,31,1,0,1,156,143.0,3.99,1.164,6.5,0.7,4.0,7.2,1.82,,hillr001
121,Charlie Morton,36,TBR,AL,0.2,2,2,0.5,4.74,9,9,0,0,0,0,38.0,43,21,20,4,10,0,42,4,0,1,170,87.0,3.45,1.395,10.2,0.9,2.4,9.9,4.2,,mortc002
122,Kyle Wright,24,ATL,NL,0.2,2,4,0.333,5.21,8,8,0,0,0,0,38.0,35,23,22,7,24,1,30,0,0,1,168,90.0,5.9,1.553,8.3,1.7,5.7,7.1,1.25,,wrigk001
123,Asher Wojciechowski,31,BAL,AL,-0.3,1,3,0.25,6.81,10,7,2,0,0,0,37.0,45,29,28,11,15,0,31,1,0,0,168,69.0,6.68,1.622,10.9,2.7,3.6,7.5,2.07,,wojca001
124,Walker Buehler,25,LAD,NL,0.4,1,0,1.0,3.44,8,8,0,0,0,0,36.2,24,18,14,7,11,0,42,1,0,4,147,128.0,4.36,0.955,5.9,1.7,2.7,10.3,3.82,,buehw001
125,Seth Lugo,30,NYM,NL,0.4,3,4,0.429,5.15,16,7,6,0,0,3,36.2,40,22,21,8,10,1,47,2,0,1,160,83.0,4.45,1.364,9.8,2.0,2.5,11.5,4.7,,lugos001
126,Patrick Sandoval*,23,LAA,AL,-0.1,1,5,0.167,5.65,9,6,0,0,0,0,36.2,37,26,23,10,12,0,33,0,0,2,159,81.0,5.92,1.336,9.1,2.5,2.9,8.1,2.75,,sandp002
127,Tyler Alexander*,25,DET,AL,0.6,2,3,0.4,3.96,14,2,0,0,0,0,36.1,39,16,16,8,9,0,34,4,0,0,152,115.0,5.26,1.321,9.7,2.0,2.2,8.4,3.78,,alext001
128,Tejay Antone,26,CIN,NL,1.0,0,3,0.0,2.8,13,4,1,0,0,0,35.1,20,11,11,4,16,0,45,2,0,2,141,176.0,3.64,1.019,5.1,1.0,4.1,11.5,2.81,,antot001
129,Thomas Eshelman,26,BAL,AL,0.7,3,1,0.75,3.89,12,4,3,0,0,0,34.2,34,17,15,7,9,0,16,1,0,1,143,120.0,5.76,1.24,8.8,1.8,2.3,4.2,1.78,,eshet001
130,Deivi García,21,NYY,AL,0.3,3,2,0.6,4.98,6,6,0,0,0,0,34.1,35,20,19,6,6,0,33,1,0,0,146,86.0,4.15,1.194,9.2,1.6,1.6,8.7,5.5,,garcd003
131,Dane Dunning,25,CHW,AL,0.1,2,0,1.0,3.97,7,7,0,0,0,0,34.0,25,17,15,4,13,0,35,2,0,5,142,113.0,3.99,1.118,6.6,1.1,3.4,9.3,2.69,,dunnd001
132,Vince Velasquez,28,PHI,NL,0.4,1,1,0.5,5.56,9,7,0,0,0,0,34.0,36,21,21,5,17,1,46,3,0,0,154,81.0,4.16,1.559,9.5,1.3,4.5,12.2,2.71,,velav001
133,Michael Wacha,28,NYM,NL,-0.2,1,4,0.2,6.62,8,7,0,0,0,0,34.0,46,26,25,9,7,0,37,2,0,2,156,65.0,5.25,1.559,12.2,2.4,1.9,9.8,5.29,,wachm001
134,Kolby Allard*,22,TEX,AL,-0.7,0,6,0.0,7.75,11,8,2,0,0,0,33.2,31,29,29,4,20,0,32,1,0,1,152,58.0,4.71,1.515,8.3,1.1,5.3,8.6,1.6,,allak001
135,Chase Anderson,32,TOR,AL,-0.5,1,2,0.333,7.22,10,7,0,0,0,0,33.2,45,29,27,11,10,0,38,1,0,1,154,61.0,6.16,1.634,12.0,2.9,2.7,10.2,3.8,,andec001
136,Anthony DeSclafani,30,CIN,NL,-0.6,1,2,0.333,7.22,9,7,1,0,0,0,33.2,41,27,27,7,16,0,25,3,0,1,158,68.0,6.1,1.693,11.0,1.9,4.3,6.7,1.56,,desca001
137,Michael Lorenzen,28,CIN,NL,0.3,3,1,0.75,4.28,18,2,2,0,0,0,33.2,30,17,16,3,17,1,35,1,1,2,147,115.0,3.87,1.396,8.0,0.8,4.5,9.4,2.06,,lorem002
138,Triston McKenzie,22,CLE,AL,0.6,2,1,0.667,3.24,8,6,0,0,0,0,33.1,21,12,12,6,9,0,42,1,0,0,127,138.0,3.91,0.9,5.7,1.6,2.4,11.3,4.67,,mcket001
139,Daniel Ponce de Leon,28,STL,NL,-0.2,1,3,0.25,4.96,9,8,1,0,0,0,32.2,23,18,18,8,20,0,45,2,0,0,143,85.0,5.64,1.316,6.3,2.2,5.5,12.4,2.25,,poncd001
140,Ian Anderson,22,ATL,NL,1.2,3,2,0.6,1.95,6,6,0,0,0,0,32.1,21,11,7,1,14,0,41,2,0,4,138,242.0,2.54,1.082,5.8,0.3,3.9,11.4,2.93,ROY-7,andei001
141,Jaime Barria,23,LAA,AL,0.9,1,0,1.0,3.62,7,5,2,0,0,0,32.1,27,13,13,3,9,1,27,1,0,0,132,126.0,3.65,1.113,7.5,0.8,2.5,7.5,3.0,,barrj003
142,Josh Fleming*,24,TBR,AL,0.8,5,0,1.0,2.78,7,5,0,0,0,0,32.1,28,10,10,5,7,0,25,1,0,0,130,148.0,4.4,1.082,7.8,1.4,1.9,7.0,3.57,,flemj001
143,Matt Andriese,30,LAA,AL,0.6,2,4,0.333,4.5,16,1,3,0,0,2,32.0,21,17,16,5,11,0,33,1,0,0,126,101.0,4.28,1.0,5.9,1.4,3.1,9.3,3.0,,andrm001
144,Brandon Bielak,24,HOU,AL,-0.6,3,3,0.5,6.75,12,6,3,0,0,0,32.0,39,26,24,9,17,0,26,2,0,0,148,66.0,7.0,1.75,11.0,2.5,4.8,7.3,1.53,,bielb001
145,Trevor Richards,27,TBR,AL,-0.5,0,0,,5.91,9,4,1,0,0,0,32.0,44,24,21,6,11,0,27,0,0,1,150,70.0,4.97,1.719,12.4,1.7,3.1,7.6,2.45,,richt001
146,Tarik Skubal*,23,DET,AL,-0.1,1,4,0.2,5.63,8,7,0,0,0,0,32.0,28,21,20,9,11,0,37,2,0,0,134,81.0,5.75,1.219,7.9,2.5,3.1,10.4,3.36,,skubt001
147,Cal Quantrill,25,2TM,2LG,0.7,2,0,1.0,2.25,18,3,2,0,0,1,32.0,31,12,8,4,8,1,31,3,0,0,135,195.0,3.91,1.219,8.7,1.1,2.3,8.7,3.88,,quanc001
147,Cal Quantrill,25,SDP,NL,0.5,2,0,1.0,2.6,10,1,1,0,0,1,17.1,17,6,5,2,6,1,18,2,0,0,74,164.0,4.0,1.327,8.8,1.0,3.1,9.3,3.0,,quanc001
147,Cal Quantrill,25,CLE,AL,0.2,0,0,,1.84,8,2,1,0,0,0,14.2,14,6,3,2,2,0,13,1,0,0,61,246.0,3.8,1.091,8.6,1.2,1.2,8.0,6.5,,quanc001
148,Gio González*,34,CHW,AL,-0.3,1,2,0.333,4.83,12,4,1,0,0,0,31.2,40,19,17,6,19,0,34,2,0,2,153,93.0,5.5,1.863,11.4,1.7,5.4,9.7,1.79,,gonzg003
149,Brent Suter*,30,MIL,NL,0.5,2,0,1.0,3.13,16,4,1,0,0,0,31.2,30,13,11,4,5,0,38,1,0,0,129,146.0,3.0,1.105,8.5,1.1,1.4,10.8,7.6,,suteb001
150,Merrill Kelly,31,ARI,NL,1.3,3,2,0.6,2.59,5,5,0,0,0,0,31.1,26,9,9,5,5,1,29,1,0,0,125,175.0,3.99,0.989,7.5,1.4,1.4,8.3,5.8,,kellm002
151,Julio Teheran,29,LAA,AL,-1.0,0,4,0.0,10.05,10,9,0,0,0,0,31.1,39,35,35,12,16,0,20,2,0,1,149,45.0,8.62,1.755,11.2,3.4,4.6,5.7,1.25,,tehej001
152,Jonathan Hernández,23,TEX,AL,0.7,5,1,0.833,2.9,27,0,5,0,0,0,31.0,24,10,10,2,8,0,31,4,0,0,125,156.0,3.19,1.032,7.0,0.6,2.3,9.0,3.88,,hernj004
153,Steven Matz*,29,NYM,NL,-1.0,0,5,0.0,9.68,9,6,1,0,0,0,30.2,42,33,33,14,10,0,36,0,0,2,142,44.0,7.76,1.696,12.3,4.1,2.9,10.6,3.6,,matzs001
154,Phillips Valdéz,28,BOS,AL,0.5,1,1,0.5,3.26,24,0,5,0,0,0,30.1,33,16,11,3,16,0,30,3,0,0,137,148.0,4.38,1.615,9.8,0.9,4.7,8.9,1.88,,valdp002
155,Scott Barlow,27,KCR,AL,0.2,2,1,0.667,4.2,32,0,7,0,0,2,30.0,27,14,14,4,9,2,39,2,0,2,125,112.0,3.42,1.2,8.1,1.2,2.7,11.7,4.33,,barls001
156,Mike Mayers,28,LAA,AL,0.9,2,0,1.0,2.1,29,0,4,0,0,2,30.0,18,10,7,2,9,0,43,1,0,0,121,217.0,2.19,0.9,5.4,0.6,2.7,12.9,4.78,,mayem001
157,Chris Mazza,30,BOS,AL,0.5,1,2,0.333,4.8,9,6,0,0,0,0,30.0,34,18,16,3,15,0,29,2,0,4,136,101.0,4.26,1.633,10.2,0.9,4.5,8.7,1.93,,mazzc002
158,Chris Stratton,29,PIT,NL,-0.5,2,1,0.667,3.9,27,0,3,0,0,0,30.0,26,19,13,3,13,0,39,0,0,1,131,116.0,3.19,1.3,7.8,0.9,3.9,11.7,3.0,,strac001
159,Daniel Castano*,25,MIA,NL,0.9,1,2,0.333,3.03,7,6,0,0,0,0,29.2,30,12,10,3,11,0,12,0,0,1,126,151.0,4.81,1.382,9.1,0.9,3.3,3.6,1.09,,castd003
160,José Cisnero,31,DET,AL,0.7,3,3,0.5,3.03,29,0,2,0,0,0,29.2,23,10,10,1,10,0,34,3,0,0,123,150.0,2.65,1.112,7.0,0.3,3.0,10.3,3.4,,cisnj001
161,José Urquidy,25,HOU,AL,0.8,1,1,0.5,2.73,5,5,0,0,0,0,29.2,22,9,9,4,8,0,17,1,0,0,116,164.0,4.71,1.011,6.7,1.2,2.4,5.2,2.13,,urquj001
162,Freddy Peralta,24,MIL,NL,0.3,3,1,0.75,3.99,15,1,2,0,0,0,29.1,22,14,13,2,12,0,47,3,1,2,125,115.0,2.41,1.159,6.8,0.6,3.7,14.4,3.92,,peraf001
163,Austin Gomber*,26,STL,NL,0.7,1,1,0.5,1.86,14,4,2,0,0,0,29.0,19,6,6,1,15,0,27,2,0,1,119,227.0,3.54,1.172,5.9,0.3,4.7,8.4,1.8,,gomba001
164,Tyler Matzek*,29,ATL,NL,0.9,4,3,0.571,2.79,21,0,3,0,0,0,29.0,23,9,9,1,10,0,43,2,0,1,121,169.0,1.92,1.138,7.1,0.3,3.1,13.3,4.3,,matzt001
165,Matt Foster,25,CHW,AL,0.7,6,1,0.857,2.2,23,2,4,0,0,0,28.2,16,8,7,2,9,0,31,0,0,0,109,204.0,2.88,0.872,5.0,0.6,2.8,9.7,3.44,,fostm001
166,Zack Godley,30,BOS,AL,-0.3,0,4,0.0,8.16,8,7,0,0,0,0,28.2,42,26,26,9,14,0,28,3,0,3,143,59.0,7.1,1.953,13.2,2.8,4.4,8.8,2.0,,godlz001
167,Matt Shoemaker,33,TOR,AL,0.6,0,1,0.0,4.71,6,6,0,0,0,0,28.2,22,16,15,8,9,0,26,0,0,0,115,94.0,5.95,1.081,6.9,2.5,2.8,8.2,2.89,,shoem001
168,Greg Holland,34,KCR,AL,0.9,3,0,1.0,1.91,28,0,9,0,0,6,28.1,20,8,6,1,7,1,31,3,0,1,112,247.0,2.52,0.953,6.4,0.3,2.2,9.8,4.43,,hollg001
169,Casey Mize,23,DET,AL,-0.5,0,3,0.0,6.99,7,7,0,0,0,0,28.1,29,25,22,7,13,0,26,5,0,2,133,65.0,6.47,1.482,9.2,2.2,4.1,8.3,2.0,,mizec001
170,Trevor Rogers*,22,MIA,NL,-0.1,1,2,0.333,6.11,7,7,0,0,0,0,28.0,32,20,19,5,13,0,39,2,1,0,130,75.0,4.33,1.607,10.3,1.6,4.2,12.5,3.0,,roget003
171,Tyler Rogers,29,SFG,NL,0.2,3,3,0.5,4.5,29,0,6,0,0,3,28.0,31,16,14,2,6,0,27,4,0,0,123,96.0,3.26,1.321,10.0,0.6,1.9,8.7,4.5,,roget002
172,Yency Almonte,26,COL,NL,0.6,3,0,1.0,2.93,24,0,4,0,0,1,27.2,25,13,9,2,6,0,23,3,0,0,113,178.0,3.44,1.12,8.1,0.7,2.0,7.5,3.83,,almoy001
173,Michael Fulmer,27,DET,AL,-0.8,0,2,0.0,8.78,10,10,0,0,0,0,27.2,45,27,27,8,12,0,20,1,0,0,136,52.0,6.91,2.06,14.6,2.6,3.9,6.5,1.67,,fulmm001
174,Shane Greene,31,ATL,NL,1.0,1,0,1.0,2.6,28,0,6,0,0,0,27.2,22,9,8,2,9,1,21,2,0,0,109,181.0,3.81,1.12,7.2,0.7,2.9,6.8,2.33,,grees005
175,Daniel Norris*,27,DET,AL,0.6,3,1,0.75,3.25,14,1,1,0,0,0,27.2,25,10,10,2,7,0,28,0,0,0,116,140.0,2.87,1.157,8.1,0.7,2.3,9.1,4.0,,norrd002
176,Adam Plutko,28,CLE,AL,0.0,2,2,0.5,4.88,10,4,5,0,0,1,27.2,30,15,15,5,7,0,15,1,0,0,116,92.0,5.32,1.337,9.8,1.6,2.3,4.9,2.14,,pluta001
177,Grant Dayton*,32,ATL,NL,0.7,2,1,0.667,2.3,18,0,5,0,0,0,27.1,22,9,7,4,11,1,32,1,0,0,117,205.0,4.07,1.207,7.2,1.3,3.6,10.5,2.91,,daytg001
178,Wandy Peralta*,28,SFG,NL,0.3,1,1,0.5,3.29,25,0,9,0,0,0,27.1,22,13,10,3,11,0,25,2,1,0,114,131.0,4.22,1.207,7.2,1.0,3.6,8.2,2.27,,peraw002
179,James Karinchak,24,CLE,AL,0.6,1,2,0.333,2.67,27,0,4,0,0,1,27.0,14,9,8,1,16,1,53,0,0,5,109,168.0,1.52,1.111,4.7,0.3,5.3,17.7,3.31,ROY-6,karij001
180,Devin Williams,25,MIL,NL,1.3,4,1,0.8,0.33,22,0,1,0,0,0,27.0,8,4,1,1,9,0,53,1,0,3,100,1375.0,0.86,0.63,2.7,0.3,3.0,17.7,5.89,CYA-7MVP-18ROY-1,willd004
181,Jimmy Cordero,28,CHW,AL,-0.8,1,2,0.333,6.08,30,0,4,0,0,0,26.2,33,21,18,2,9,2,22,3,0,3,124,74.0,3.87,1.575,11.1,0.7,3.0,7.4,2.44,,cordj001
182,Pete Fairbanks,26,TBR,AL,0.5,6,3,0.667,2.7,27,2,2,0,0,0,26.2,23,9,8,2,14,0,39,2,0,6,117,153.0,3.04,1.388,7.8,0.7,4.7,13.2,2.79,,fairp001
183,Jeurys Familia,30,NYM,NL,0.6,2,0,1.0,3.71,25,0,4,0,0,0,26.2,20,11,11,2,19,2,23,3,0,1,120,116.0,4.92,1.463,6.8,0.7,6.4,7.8,1.21,,famij001
184,Michael King,25,NYY,AL,-0.6,1,2,0.333,7.76,9,4,1,0,0,0,26.2,30,23,23,5,11,0,26,2,0,0,121,55.0,5.14,1.538,10.1,1.7,3.7,8.8,2.36,,kingm002
185,Félix Peña,30,LAA,AL,0.5,3,0,1.0,4.05,25,0,5,0,0,2,26.2,27,12,12,2,8,0,29,1,0,3,115,113.0,3.0,1.313,9.1,0.7,2.7,9.8,3.63,,penaf002
186,Michael Pineda,31,MIN,AL,0.4,2,0,1.0,3.38,5,5,0,0,0,0,26.2,25,10,10,0,7,0,25,1,0,0,111,129.0,2.22,1.2,8.4,0.0,2.4,8.4,3.57,,pinem001
187,Robbie Erlin*,29,2TM,NL,-0.5,0,0,,8.1,9,5,1,0,0,0,26.2,33,24,24,8,7,1,25,2,0,1,122,59.0,6.23,1.5,11.1,2.7,2.4,8.4,3.57,,erlir001
187,Robbie Erlin*,29,PIT,NL,0.0,0,0,,5.4,2,0,1,0,0,0,3.1,5,2,2,0,1,1,4,1,0,0,17,92.0,2.59,1.8,13.5,0.0,2.7,10.8,4.0,,erlir001
187,Robbie Erlin*,29,ATL,NL,-0.5,0,0,,8.49,7,5,0,0,0,0,23.1,28,22,22,8,6,0,21,1,0,1,105,56.0,6.75,1.457,10.8,3.1,2.3,8.1,3.5,,erlir001
188,Ty Buttrey,27,LAA,AL,-0.1,2,3,0.4,5.81,27,0,14,0,0,5,26.1,28,18,17,4,9,3,18,1,0,2,112,79.0,4.94,1.405,9.6,1.4,3.1,6.2,2.0,,buttt001
189,Thomas Hatch,25,TOR,AL,0.7,3,1,0.75,2.73,17,1,1,0,0,0,26.1,18,11,8,2,13,0,23,2,0,0,109,162.0,4.14,1.177,6.2,0.7,4.4,7.9,1.77,,hatct001
190,Luke Jackson,28,ATL,NL,-0.5,2,0,1.0,6.84,19,0,3,0,0,0,26.1,39,23,20,2,13,0,20,2,0,3,132,69.0,4.37,1.975,13.3,0.7,4.4,6.8,1.54,,jackl001
191,Reynaldo López,26,CHW,AL,-0.6,1,3,0.25,6.49,8,8,0,0,0,0,26.1,28,21,19,9,15,0,24,1,0,1,121,69.0,7.63,1.633,9.6,3.1,5.1,8.2,1.6,,loper003
192,Josh A. Smith,32,MIA,NL,-0.3,1,1,0.5,6.84,16,1,2,0,0,1,26.1,33,21,20,3,11,2,18,1,0,0,121,67.0,4.67,1.671,11.3,1.0,3.8,6.2,1.64,,smitj004
193,Drew Smyly*,31,SFG,NL,0.5,0,1,0.0,3.42,7,5,0,0,0,0,26.1,20,11,10,2,9,0,42,0,0,1,111,126.0,2.01,1.101,6.8,0.7,3.1,14.4,4.67,,smyld001
194,Ryan Thompson,28,TBR,AL,-0.2,1,2,0.333,4.44,25,1,3,0,0,1,26.1,29,15,13,4,8,0,23,0,1,0,114,93.0,4.33,1.405,9.9,1.4,2.7,7.9,2.88,,thomr007
195,Tyler Clippard,35,MIN,AL,0.4,2,1,0.667,2.77,26,2,1,0,0,0,26.0,19,9,8,2,4,0,26,0,0,2,98,157.0,2.65,0.885,6.6,0.7,1.4,9.0,6.5,,clipt001
196,Stefan Crichton,28,ARI,NL,1.0,2,2,0.5,2.42,26,0,8,0,0,5,26.0,22,7,7,1,9,4,23,4,0,2,109,187.0,3.42,1.192,7.6,0.3,3.1,8.0,2.56,,crics001
197,Aaron Slegers,27,TBR,AL,0.5,0,0,,3.46,11,1,3,0,0,2,26.0,18,10,10,1,5,2,19,2,0,0,101,119.0,3.04,0.885,6.2,0.3,1.7,6.6,3.8,,slega001
198,Keegan Akin*,25,BAL,AL,0.3,1,2,0.333,4.56,8,6,0,0,0,0,25.2,27,17,13,3,10,0,35,1,1,0,116,103.0,3.27,1.442,9.5,1.1,3.5,12.3,3.5,,akink001
199,Anthony Bass,32,TOR,AL,0.6,2,3,0.4,3.51,26,0,14,0,0,7,25.2,17,13,10,2,9,2,21,0,0,0,100,127.0,3.62,1.013,6.0,0.7,3.2,7.4,2.33,,bassa001
200,Colten Brewer,27,BOS,AL,0.2,0,3,0.0,5.61,11,4,1,0,0,0,25.2,31,17,16,6,14,0,25,1,0,1,122,86.0,6.04,1.753,10.9,2.1,4.9,8.8,1.79,,brewc002
201,Edwin Díaz,26,NYM,NL,1.4,2,1,0.667,1.75,26,0,19,0,0,6,25.2,18,6,5,2,14,0,50,2,0,1,110,246.0,2.18,1.247,6.3,0.7,4.9,17.5,3.57,,diaze006
202,Chad Green,29,NYY,AL,0.4,3,3,0.5,3.51,22,0,5,0,0,1,25.2,13,13,10,5,8,2,32,0,0,3,100,123.0,4.17,0.818,4.6,1.8,2.8,11.2,4.0,,greec003
203,Elieser Hernández,25,MIA,NL,0.8,1,0,1.0,3.16,6,6,0,0,0,0,25.2,21,10,9,5,5,0,34,2,0,0,106,145.0,3.89,1.013,7.4,1.8,1.8,11.9,6.8,,herne002
204,Travis Lakins Sr.,26,BAL,AL,0.9,3,2,0.6,2.81,22,0,5,0,0,1,25.2,25,11,8,2,13,0,25,2,0,3,116,168.0,4.01,1.481,8.8,0.7,4.6,8.8,1.92,,lakit001
205,Lucas Sims,26,CIN,NL,0.5,3,0,1.0,2.45,20,0,5,0,0,0,25.2,13,10,7,3,11,0,34,3,0,0,103,201.0,3.7,0.935,4.6,1.1,3.9,11.9,3.09,,simsl001
206,Josh Staumont,26,KCR,AL,0.7,2,1,0.667,2.45,26,0,3,0,0,0,25.2,20,8,7,2,16,0,37,3,0,1,112,192.0,3.54,1.403,7.0,0.7,5.6,13.0,2.31,,stauj001
207,Blake Treinen,32,LAD,NL,-0.2,3,3,0.5,3.86,27,0,3,0,0,1,25.2,23,15,11,1,8,1,22,2,0,2,107,114.0,3.15,1.208,8.1,0.4,2.8,7.7,2.75,,treib001
208,Shun Yamaguchi,32,TOR,AL,-0.7,2,4,0.333,8.06,17,0,7,0,0,0,25.2,28,25,23,6,17,0,26,2,1,2,120,55.0,6.42,1.753,9.8,2.1,6.0,9.1,1.53,,yamas001
209,Liam Hendriks,31,OAK,AL,1.4,3,1,0.75,1.78,24,0,20,0,0,14,25.1,14,6,5,1,3,1,37,0,0,0,92,238.0,1.14,0.671,5.0,0.4,1.1,13.1,12.33,CYA-9MVP-13,hendl001
210,Jakob Junis,27,KCR,AL,-0.2,0,2,0.0,6.39,8,6,0,0,0,0,25.1,35,18,18,7,6,1,19,2,1,2,114,74.0,6.23,1.618,12.4,2.5,2.1,6.8,3.17,,junij001
211,Matt Wisler,27,MIN,AL,1.0,0,1,0.0,1.07,18,4,3,0,0,1,25.1,15,3,3,2,14,0,35,2,1,1,107,408.0,3.35,1.145,5.3,0.7,5.0,12.4,2.5,,wislm001
212,Ryan Brasier,32,BOS,AL,0.5,1,0,1.0,3.96,25,1,1,0,0,0,25.0,24,12,11,2,11,1,30,0,2,1,110,122.0,3.15,1.4,8.6,0.7,4.0,10.8,2.73,,brasr001
213,Trevor Cahill,32,SFG,NL,0.6,1,2,0.333,3.24,11,6,2,0,0,0,25.0,16,10,9,3,14,0,31,2,0,1,106,133.0,4.19,1.2,5.8,1.1,5.0,11.2,2.21,,cahit001
214,John Curtiss,27,TBR,AL,0.8,3,0,1.0,1.8,17,3,7,0,0,2,25.0,21,7,5,3,3,0,25,2,0,0,99,230.0,3.35,0.96,7.6,1.1,1.1,9.0,8.33,,curtj003
215,Aaron Loup*,32,TBR,AL,0.5,3,2,0.6,2.52,24,0,6,0,0,0,25.0,17,9,7,3,4,0,22,3,0,0,96,164.0,3.83,0.84,6.1,1.1,1.4,7.9,5.5,,loupa001
216,Chasen Shreve*,29,NYM,NL,0.3,1,0,1.0,3.96,17,0,1,0,0,0,25.0,17,12,11,4,12,0,34,0,0,0,102,109.0,3.99,1.16,6.1,1.4,4.3,12.2,2.83,,shrec001
217,J.B. Wendelken,27,OAK,AL,0.7,1,1,0.5,1.8,21,0,6,0,0,0,25.0,17,8,5,2,11,0,31,0,0,2,106,235.0,3.07,1.12,6.1,0.7,4.0,11.2,2.82,,wendj001
218,Daniel Bard,35,COL,NL,0.8,4,2,0.667,3.65,23,0,10,0,0,6,24.2,22,10,10,2,10,2,27,3,0,1,106,143.0,3.64,1.297,8.0,0.7,3.6,9.9,2.7,,bardd001
219,Kyle Finnegan,28,WSN,NL,0.9,1,0,1.0,2.92,25,0,4,0,0,0,24.2,21,10,8,2,13,4,27,1,0,2,107,154.0,3.76,1.378,7.7,0.7,4.7,9.9,2.08,,finnk001
220,Tommy Hunter,33,PHI,NL,0.6,0,1,0.0,4.01,24,0,1,0,0,1,24.2,22,11,11,2,6,0,25,3,0,0,102,113.0,3.31,1.135,8.0,0.7,2.2,9.1,4.17,,huntt002
221,Johan Oviedo,22,STL,NL,-0.5,0,3,0.0,5.47,5,5,0,0,0,0,24.2,24,18,15,3,10,0,16,5,0,4,112,77.0,5.3,1.378,8.8,1.1,3.6,5.8,1.6,,oviej001
222,Miguel Castro,25,2TM,2LG,0.5,2,2,0.5,4.01,26,0,5,0,0,1,24.2,28,12,11,4,13,0,38,1,0,0,115,115.0,3.92,1.662,10.2,1.5,4.7,13.9,2.92,,castm002
222,Miguel Castro,25,BAL,AL,0.4,1,0,1.0,4.02,16,0,4,0,0,1,15.2,17,7,7,3,5,0,24,1,0,0,70,118.0,3.77,1.404,9.8,1.7,2.9,13.8,4.8,,castm002
222,Miguel Castro,25,NYM,NL,0.1,1,2,0.333,4.0,10,0,1,0,0,0,9.0,11,5,4,1,8,0,14,0,0,0,45,111.0,4.19,2.111,11.0,1.0,8.0,14.0,1.75,,castm002
223,Dylan Floro,29,LAD,NL,0.5,3,0,1.0,2.59,25,0,4,0,0,0,24.1,23,7,7,1,4,1,19,0,0,1,98,170.0,2.66,1.11,8.5,0.4,1.5,7.0,4.75,,flord002
224,Spencer Howard,23,PHI,NL,0.1,1,2,0.333,5.92,6,6,0,0,0,0,24.1,30,17,16,6,10,0,23,1,0,0,113,77.0,5.86,1.644,11.1,2.2,3.7,8.5,2.3,,howas003
225,Kenley Jansen,32,LAD,NL,0.4,3,1,0.75,3.33,27,0,24,0,0,11,24.1,19,11,9,2,9,0,33,3,0,0,102,132.0,3.03,1.151,7.0,0.7,3.3,12.2,3.67,,jansk001
226,Brandon Kintzler,35,MIA,NL,1.3,2,3,0.4,2.22,24,0,21,0,0,12,24.1,21,7,6,3,11,3,14,0,0,0,101,207.0,5.0,1.315,7.8,1.1,4.1,5.2,1.27,,kintb001
227,Touki Toussaint,24,ATL,NL,-0.8,0,2,0.0,8.88,7,5,0,0,0,0,24.1,27,28,24,7,16,0,30,5,0,2,120,53.0,7.05,1.767,10.0,2.6,5.9,11.1,1.88,,toust001
228,Jorge Alcala,24,MIN,AL,0.4,2,1,0.667,2.63,16,0,8,0,0,0,24.0,21,8,7,3,8,0,27,0,0,1,94,166.0,3.57,1.208,7.9,1.1,3.0,10.1,3.38,,alcaj001
229,Rafael Dolis,32,TOR,AL,1.1,2,2,0.5,1.5,24,0,9,0,0,5,24.0,16,9,4,1,14,0,31,1,0,3,100,296.0,3.02,1.25,6.0,0.4,5.3,11.6,2.21,,dolir001
230,Tyler Duffey,29,MIN,AL,0.7,1,1,0.5,1.88,22,0,1,0,0,0,24.0,13,6,5,2,6,0,31,1,0,0,92,232.0,2.57,0.792,4.9,0.8,2.3,11.6,5.17,,dufft001
231,Carlos Estévez,27,COL,NL,-0.8,1,3,0.25,7.5,26,0,6,0,0,1,24.0,33,21,20,6,9,0,27,3,0,2,116,70.0,5.69,1.75,12.4,2.3,3.4,10.1,3.0,,estec001
232,Craig Stammen,36,SDP,NL,-0.3,4,2,0.667,5.63,24,0,6,0,0,0,24.0,27,16,15,2,4,0,20,2,0,0,105,75.0,3.36,1.292,10.1,0.8,1.5,7.5,5.0,,stamc001
233,Junior Guerra,35,ARI,NL,0.5,1,2,0.333,3.04,25,0,5,0,0,0,23.2,17,10,8,1,15,2,21,2,0,2,103,149.0,4.12,1.352,6.5,0.4,5.7,8.0,1.4,,guerj003
234,Ryne Harper,31,WSN,NL,-0.3,1,0,1.0,7.61,23,0,12,0,0,0,23.2,29,21,20,5,9,2,25,1,0,2,110,59.0,5.09,1.606,11.0,1.9,3.4,9.5,2.78,,harpr001
235,Codi Heuer,23,CHW,AL,0.8,3,0,1.0,1.52,21,0,4,0,0,1,23.2,12,4,4,1,9,0,25,0,0,0,92,295.0,2.77,0.887,4.6,0.4,3.4,9.5,2.78,,heuec001
236,Tyler Kinley,29,COL,NL,0.2,0,2,0.0,5.32,24,0,4,0,0,0,23.2,13,15,14,2,12,0,26,3,0,4,96,98.0,3.99,1.056,4.9,0.8,4.6,9.9,2.17,,kinlt001
237,Andre Scrubb,25,HOU,AL,1.0,1,0,1.0,1.9,20,0,4,0,0,1,23.2,15,5,5,1,20,1,24,0,0,1,102,236.0,4.25,1.479,5.7,0.4,7.6,9.1,1.2,,scrua001
238,Wander Suero,28,WSN,NL,0.6,2,0,1.0,3.8,22,0,2,0,0,0,23.2,20,10,10,1,10,2,28,3,0,2,102,118.0,3.02,1.268,7.6,0.4,3.8,10.6,2.8,,suerw002
239,Nick Wittgren,29,CLE,AL,0.4,2,0,1.0,3.42,25,0,6,0,0,0,23.2,18,9,9,4,6,2,28,5,0,0,98,131.0,4.42,1.014,6.8,1.5,2.3,10.6,4.67,,wittn001
240,Trevor Rosenthal,30,2TM,2LG,1.0,1,0,1.0,1.9,23,0,18,0,0,11,23.2,12,6,5,2,8,0,38,1,1,0,91,241.0,2.22,0.845,4.6,0.8,3.0,14.5,4.75,,roset001
240,Trevor Rosenthal,30,KCR,AL,0.3,0,0,,3.29,14,0,9,0,0,7,13.2,9,5,5,2,7,0,21,1,1,0,56,145.0,3.78,1.171,5.9,1.3,4.6,13.8,3.0,,roset001
240,Trevor Rosenthal,30,SDP,NL,0.7,1,0,1.0,0.0,9,0,9,0,0,4,10.0,3,1,0,0,1,0,17,0,0,0,35,,0.09,0.4,2.7,0.0,0.9,15.3,17.0,,roset001
241,A.J. Cole,28,TOR,AL,1.0,3,0,1.0,3.09,24,0,7,0,0,1,23.1,19,9,8,3,9,2,20,0,0,3,95,144.0,4.31,1.2,7.3,1.2,3.5,7.7,2.22,,colea002
242,Brusdar Graterol,21,LAD,NL,0.3,1,2,0.333,3.09,23,2,1,0,0,0,23.1,18,9,8,1,3,0,13,3,0,0,88,143.0,3.41,0.9,6.9,0.4,1.2,5.0,4.33,,gratb002
243,Jeremy Jeffress,32,CHC,NL,1.2,4,1,0.8,1.54,22,0,15,0,0,8,23.1,10,5,4,1,12,1,17,2,0,0,88,295.0,4.09,0.943,3.9,0.4,4.6,6.6,1.42,,jeffj001
244,Trevor May,30,MIN,AL,0.1,1,0,1.0,3.86,24,0,4,0,0,2,23.1,20,11,10,5,7,0,38,0,0,2,96,113.0,3.62,1.157,7.7,1.9,2.7,14.7,5.43,,may-t001
245,Richard Rodríguez,30,PIT,NL,0.4,3,2,0.6,2.7,24,0,15,0,0,4,23.1,15,8,7,3,5,0,34,2,0,3,93,168.0,2.85,0.857,5.8,1.2,1.9,13.1,6.8,,rodrr008
246,Lou Trivino,28,OAK,AL,0.2,0,0,,3.86,20,0,9,0,0,0,23.1,16,10,10,3,10,0,26,0,0,1,93,110.0,3.92,1.114,6.2,1.2,3.9,10.0,2.6,,trivl001
247,José Ureña,28,MIA,NL,0.3,0,3,0.0,5.4,5,5,0,0,0,0,23.1,22,15,14,4,13,0,15,2,0,1,104,85.0,6.06,1.5,8.5,1.5,5.0,5.8,1.15,,urenj001
248,Eric Yardley,29,MIL,NL,0.6,2,0,1.0,1.54,24,0,4,0,0,0,23.1,19,6,4,2,10,0,19,1,0,0,97,298.0,4.09,1.243,7.3,0.8,3.9,7.3,1.9,,yarde001
249,Matt Barnes,30,BOS,AL,0.3,1,3,0.25,4.3,24,0,14,0,0,9,23.0,18,13,11,4,14,1,31,2,0,4,102,113.0,4.84,1.391,7.0,1.6,5.5,12.1,2.21,,barnm001
250,Raisel Iglesias,30,CIN,NL,0.2,4,3,0.571,2.74,22,0,17,0,0,8,23.0,16,11,7,1,5,1,31,1,1,0,91,181.0,1.84,0.913,6.3,0.4,2.0,12.1,6.2,,igler001
251,Jonathan Loáisiga,25,NYY,AL,0.5,3,0,1.0,3.52,12,3,2,0,0,0,23.0,21,11,9,3,7,1,22,4,0,1,100,123.0,4.41,1.217,8.2,1.2,2.7,8.6,3.14,,loaij001
252,Gregory Soto*,25,DET,AL,0.2,0,1,0.0,4.3,27,0,6,0,0,2,23.0,16,11,11,2,13,0,29,2,0,3,98,106.0,3.76,1.261,6.3,0.8,5.1,11.3,2.23,,sotog003
253,Kyle Zimmer,28,KCR,AL,0.7,1,0,1.0,1.57,16,1,4,0,0,0,23.0,14,4,4,0,10,0,26,1,0,2,91,301.0,2.36,1.043,5.5,0.0,3.9,10.2,2.6,,zimmk001
254,Kyle Cody,25,TEX,AL,0.9,1,1,0.5,1.59,8,5,3,0,0,0,22.2,15,5,4,1,13,0,18,0,0,3,92,286.0,3.9,1.235,6.0,0.4,5.2,7.1,1.38,,codyk001
255,Joe Jiménez,25,DET,AL,-0.7,1,3,0.25,7.15,25,0,9,0,0,5,22.2,25,19,18,7,6,0,22,5,0,1,101,64.0,6.72,1.368,9.9,2.8,2.4,8.7,3.67,,jimej003
256,Evan Marshall,30,CHW,AL,0.6,2,1,0.667,2.38,23,0,0,0,0,0,22.2,17,6,6,1,7,0,30,0,0,2,93,189.0,2.04,1.059,6.8,0.4,2.8,11.9,4.29,,marse001
257,Mark Melancon,35,ATL,NL,1.0,2,1,0.667,2.78,23,0,19,0,0,11,22.2,22,8,7,1,7,3,14,2,0,1,95,170.0,3.72,1.279,8.7,0.4,2.8,5.6,2.0,,melam001
258,Cole Sulser,30,BAL,AL,-0.2,1,5,0.167,5.56,19,0,9,0,0,5,22.2,17,18,14,2,17,1,19,0,0,1,100,85.0,4.91,1.5,6.8,0.8,6.8,7.5,1.12,,sulsc001
259,Caleb Baragar*,26,SFG,NL,0.3,5,1,0.833,4.03,24,1,2,0,0,0,22.1,17,10,10,3,5,0,19,1,0,1,88,107.0,4.04,0.985,6.9,1.2,2.0,7.7,3.8,,barac001
260,Wes Benjamin*,26,TEX,AL,0.1,2,1,0.667,4.84,8,1,0,0,0,0,22.1,24,12,12,4,7,0,21,0,0,0,98,94.0,4.58,1.388,9.7,1.6,2.8,8.5,3.0,,benjw001
261,Génesis Cabrera*,23,STL,NL,0.1,4,1,0.8,2.42,19,0,1,0,0,1,22.1,10,9,6,3,16,0,32,4,0,3,96,175.0,4.76,1.164,4.0,1.2,6.4,12.9,2.0,,cabrg001
262,Alex Colomé,31,CHW,AL,1.0,2,0,1.0,0.81,21,0,18,0,0,12,22.1,13,3,2,0,8,0,16,1,0,0,90,558.0,2.97,0.94,5.2,0.0,3.2,6.4,2.0,,coloa001
263,Geoff Hartlieb,26,PIT,NL,-0.1,1,0,1.0,3.63,21,0,1,0,0,0,22.1,16,11,9,1,19,0,19,3,0,2,101,125.0,5.03,1.567,6.4,0.4,7.7,7.7,1.0,,hartg001
264,Jared Hughes,34,NYM,NL,-0.2,1,2,0.333,4.84,18,0,4,0,0,0,22.1,23,17,12,3,14,2,21,5,0,0,109,89.0,5.61,1.657,9.3,1.2,5.6,8.5,1.5,,hughj001
265,Wade LeBlanc*,35,BAL,AL,-0.3,1,0,1.0,8.06,6,6,0,0,0,0,22.1,27,20,20,6,8,0,13,1,1,0,103,59.0,6.73,1.567,10.9,2.4,3.2,5.2,1.63,,leblw001
266,Joakim Soria,36,OAK,AL,0.4,2,2,0.5,2.82,22,0,4,0,0,2,22.1,18,8,7,1,10,3,24,0,0,0,96,150.0,2.97,1.254,7.3,0.4,4.0,9.7,2.4,,sorij001
267,Nick Vincent,33,MIA,NL,0.4,1,2,0.333,4.43,21,0,8,0,0,3,22.1,23,11,11,5,6,0,17,1,0,0,92,104.0,5.52,1.299,9.3,2.0,2.4,6.9,2.83,,vincn001
268,Mychal Givens,30,2TM,2LG,0.4,1,1,0.5,3.63,22,0,5,0,0,1,22.1,16,10,9,5,10,0,25,2,0,2,93,138.0,5.47,1.164,6.4,2.0,4.0,10.1,2.5,,givem001
268,Mychal Givens,30,BAL,AL,0.7,0,1,0.0,1.38,12,0,3,0,0,0,13.0,7,2,2,1,6,0,19,0,0,0,51,344.0,2.65,1.0,4.8,0.7,4.2,13.2,3.17,,givem001
268,Mychal Givens,30,COL,NL,-0.3,1,0,1.0,6.75,10,0,2,0,0,1,9.1,9,8,7,4,4,0,6,2,0,2,42,79.0,9.41,1.393,8.7,3.9,3.9,5.8,1.5,,givem001
269,Paul Fry*,27,BAL,AL,0.8,1,0,1.0,2.45,22,0,4,0,0,0,22.0,22,7,6,3,9,0,29,1,0,3,98,192.0,3.69,1.409,9.0,1.2,3.7,11.9,3.22,,fry-p001
270,Brad Hand*,30,CLE,AL,0.6,2,1,0.667,2.05,23,0,21,0,0,16,22.0,13,8,5,0,4,0,29,2,0,1,86,220.0,1.37,0.773,5.3,0.0,1.6,11.9,7.25,,handb001
271,Jake Newberry,25,KCR,AL,0.1,1,0,1.0,4.09,20,0,6,0,0,1,22.0,20,12,10,3,12,0,24,2,0,3,94,115.0,4.69,1.455,8.2,1.2,4.9,9.8,2.0,,newbj001
272,Emilio Pagán,29,SDP,NL,0.1,0,1,0.0,4.5,22,0,5,0,0,2,22.0,14,11,11,4,9,0,23,0,0,0,87,94.0,4.69,1.045,5.7,1.6,3.7,9.4,2.56,,pagae001
273,Tyler Zuber,25,KCR,AL,0.2,1,2,0.333,4.09,23,0,8,0,0,0,22.0,15,11,10,4,20,1,30,1,0,1,99,115.0,5.69,1.591,6.1,1.6,8.2,12.3,1.5,,zubet001
274,Diego Castillo,26,TBR,AL,0.9,3,0,1.0,1.66,22,0,5,0,0,4,21.2,12,4,4,3,11,0,23,1,0,0,89,249.0,4.53,1.062,5.0,1.2,4.6,9.6,2.09,,castd002
275,Luis Cessa,28,NYY,AL,0.3,0,0,,3.32,16,0,6,0,0,1,21.2,20,10,8,2,7,0,17,0,1,1,93,130.0,3.79,1.246,8.3,0.8,2.9,7.1,2.43,,cessl001
276,Bryan Garcia,25,DET,AL,0.8,2,1,0.667,1.66,26,0,12,0,0,4,21.2,18,6,4,0,10,0,12,1,0,1,93,276.0,3.61,1.292,7.5,0.0,4.2,5.0,1.2,,garcb001
277,Jonathan Holder,27,NYY,AL,0.1,3,0,1.0,4.98,18,0,4,0,0,0,21.2,25,13,12,3,11,1,14,0,0,1,101,87.0,5.22,1.662,10.4,1.2,4.6,5.8,1.27,,holdj002
278,Mitch Keller,24,PIT,NL,0.6,1,1,0.5,2.91,5,5,0,0,0,0,21.2,9,7,7,4,18,0,16,1,0,2,87,157.0,6.74,1.246,3.7,1.7,7.5,6.6,0.89,,kellm003
279,Phil Maton,27,CLE,AL,-0.3,3,3,0.5,4.57,23,0,4,0,0,0,21.2,23,14,11,1,6,1,32,4,0,1,96,98.0,2.22,1.338,9.6,0.4,2.5,13.3,5.33,,matop002
280,A.J. Minter*,26,ATL,NL,1.2,1,1,0.5,0.83,22,0,6,0,0,0,21.2,15,3,2,1,9,2,24,0,0,1,85,570.0,2.82,1.108,6.2,0.4,3.7,10.0,2.67,,minta001
281,Héctor Neris,31,PHI,NL,-0.1,2,2,0.5,4.57,24,0,13,0,0,5,21.2,24,15,11,0,13,2,27,0,1,3,103,100.0,2.5,1.708,10.0,0.0,5.4,11.2,2.08,,nerih001
282,Yusmeiro Petit,35,OAK,AL,0.8,2,1,0.667,1.66,26,0,6,0,0,0,21.2,19,4,4,3,5,0,17,0,0,0,88,255.0,4.11,1.108,7.9,1.2,2.1,7.1,3.4,,petiy001
283,Nik Turley*,30,PIT,NL,-0.3,0,3,0.0,4.98,25,0,3,0,0,1,21.2,13,13,12,1,11,1,20,3,1,1,92,91.0,3.88,1.108,5.4,0.4,4.6,8.3,1.82,,turln001
284,Tyler Webb*,29,STL,NL,0.4,1,1,0.5,2.08,21,0,5,0,0,1,21.2,17,5,5,2,7,0,19,0,0,1,87,204.0,3.61,1.108,7.1,0.8,2.9,7.9,2.71,,webbt001
285,Huascar Ynoa,22,ATL,NL,0.1,0,0,,5.82,9,5,1,0,0,0,21.2,23,14,14,2,13,1,17,2,1,2,100,81.0,4.9,1.662,9.6,0.8,5.4,7.1,1.31,,ynoah001
286,Adbert Alzolay,25,CHC,NL,0.5,1,1,0.5,2.95,6,4,0,0,0,0,21.1,12,8,7,1,13,0,29,1,0,1,87,154.0,3.05,1.172,5.1,0.4,5.5,12.2,2.23,,alzoa001
287,Jake Diekman*,33,OAK,AL,1.4,2,0,1.0,0.42,21,0,2,0,0,0,21.1,8,2,1,1,12,1,31,1,0,0,84,1003.0,2.72,0.938,3.4,0.4,5.1,13.1,2.58,,diekj001
288,Buck Farmer,29,DET,AL,0.3,1,0,1.0,3.8,23,0,9,0,0,0,21.1,20,9,9,3,5,0,14,0,0,1,89,121.0,4.41,1.172,8.4,1.3,2.1,5.9,2.8,,farmb001
289,Jeff Hoffman,27,COL,NL,-1.0,2,1,0.667,9.28,16,0,5,0,0,1,21.1,32,23,22,3,9,1,20,2,0,4,104,56.0,4.69,1.922,13.5,1.3,3.8,8.4,2.22,,hoffj003
290,Rony García,22,DET,AL,-0.5,1,0,1.0,8.14,15,2,7,0,0,0,21.0,25,20,19,7,9,0,14,0,0,1,96,56.0,7.48,1.619,10.7,3.0,3.9,6.0,1.56,,garcr007
291,Sam Howard*,27,PIT,NL,0.1,2,3,0.4,3.86,22,0,4,0,0,0,21.0,17,10,9,4,9,0,27,3,0,0,90,118.0,4.81,1.238,7.3,1.7,3.9,11.6,3.0,,howas002
292,Anthony Kay*,25,TOR,AL,0.1,2,0,1.0,5.14,13,0,0,0,0,0,21.0,22,13,12,3,14,1,22,0,0,0,98,87.0,4.95,1.714,9.4,1.3,6.0,9.4,1.57,,kay-a001
293,Ryan Pressly,31,HOU,AL,0.2,1,3,0.25,3.43,23,0,15,0,0,12,21.0,21,10,8,2,7,1,29,1,0,1,91,131.0,2.81,1.333,9.0,0.9,3.0,12.4,4.14,,presr001
294,Noé Ramirez,30,LAA,AL,0.7,1,0,1.0,3.0,21,0,3,0,0,0,21.0,15,7,7,2,9,2,14,1,0,1,85,153.0,4.52,1.143,6.4,0.9,3.9,6.0,1.56,,ramin002
295,Jake Woodford,23,STL,NL,-0.3,1,0,1.0,5.57,12,1,4,0,0,0,21.0,20,13,13,7,5,0,16,0,0,1,85,76.0,6.71,1.19,8.6,3.0,2.1,6.9,3.2,,woodj003
296,Daniel Hudson,33,WSN,NL,-0.1,3,2,0.6,6.1,21,0,15,0,0,10,20.2,15,15,14,6,11,0,28,3,0,0,92,74.0,6.29,1.258,6.5,2.6,4.8,12.2,2.55,,hudsd001
297,T.J. McFarland*,31,OAK,AL,0.1,2,0,1.0,4.35,23,0,2,0,0,0,20.2,26,10,10,5,5,0,9,1,0,1,92,97.0,6.34,1.5,11.3,2.2,2.2,3.9,1.8,,mcfat001
298,Nick Nelson,24,NYY,AL,-0.1,1,0,1.0,4.79,11,0,4,0,0,0,20.2,20,13,11,4,11,0,18,0,0,0,90,90.0,5.56,1.5,8.7,1.7,4.8,7.8,1.64,,nelsn001
299,Enoli Paredes,24,HOU,AL,0.5,3,3,0.5,3.05,22,0,4,0,0,0,20.2,18,9,7,1,11,0,20,1,0,0,90,148.0,3.63,1.403,7.8,0.4,4.8,8.7,1.82,,paree003
300,Yohan Ramírez,25,SEA,AL,0.5,0,0,,2.61,16,0,7,0,0,3,20.2,9,6,6,3,20,1,26,4,0,2,94,165.0,6.05,1.403,3.9,1.3,8.7,11.3,1.3,,ramiy002
301,Tanner Scott*,25,BAL,AL,1.3,0,0,,1.31,25,0,6,0,0,1,20.2,12,5,3,1,10,0,23,3,0,4,86,361.0,3.48,1.065,5.2,0.4,4.4,10.0,2.3,,scott003
302,Matt Strahm*,28,SDP,NL,0.6,0,1,0.0,2.61,19,0,2,0,0,0,20.2,14,6,6,3,4,0,15,5,0,1,83,162.0,4.93,0.871,6.1,1.3,1.7,6.5,3.75,,stram001
303,Blake Taylor*,24,HOU,AL,0.7,2,1,0.667,2.18,22,0,5,0,0,1,20.2,13,7,5,2,12,1,17,0,1,1,87,207.0,4.55,1.21,5.7,0.9,5.2,7.4,1.42,,taylb004
304,Ryan Tepera,32,CHC,NL,0.2,0,1,0.0,3.92,21,0,1,0,0,0,20.2,17,9,9,2,12,0,31,1,0,1,89,116.0,3.34,1.403,7.4,0.9,5.2,13.5,2.58,MVP-18,teper001
305,Duane Underwood Jr.,25,CHC,NL,-0.1,1,0,1.0,5.66,17,0,3,0,0,0,20.2,25,13,13,5,6,1,27,1,0,2,88,80.0,4.74,1.5,10.9,2.2,2.6,11.8,4.5,,unded001
306,David Phelps,33,2TM,NL,0.0,2,4,0.333,6.53,22,0,4,0,0,0,20.2,19,16,15,7,5,0,31,1,0,1,85,71.0,5.47,1.161,8.3,3.0,2.2,13.5,6.2,,pheld001
306,David Phelps,33,MIL,NL,0.6,2,3,0.4,2.77,12,0,3,0,0,0,13.0,7,5,4,2,2,0,20,1,0,1,48,168.0,2.81,0.692,4.8,1.4,1.4,13.8,10.0,,pheld001
306,David Phelps,33,PHI,NL,-0.6,0,1,0.0,12.91,10,0,1,0,0,0,7.2,12,11,11,5,3,0,11,0,0,0,37,36.0,9.97,1.957,14.1,5.9,3.5,12.9,3.67,,pheld001
307,Victor González*,24,LAD,NL,0.7,3,0,1.0,1.33,15,1,1,0,0,0,20.1,13,3,3,0,2,0,23,3,0,2,80,333.0,1.67,0.738,5.8,0.0,0.9,10.2,11.5,,gonzv001
308,Jake McGee*,33,LAD,NL,0.5,3,1,0.75,2.66,24,0,4,0,0,0,20.1,14,6,6,2,3,0,33,0,0,0,79,167.0,1.67,0.836,6.2,0.9,1.3,14.6,11.0,,mcgej001
309,James Paxton*,31,NYY,AL,-0.4,1,1,0.5,6.64,5,5,0,0,0,0,20.1,23,17,15,4,7,0,26,1,0,2,90,65.0,4.37,1.475,10.2,1.8,3.1,11.5,3.71,,paxtj001
310,Tanner Rainey,27,WSN,NL,1.0,1,1,0.5,2.66,20,0,1,0,0,0,20.1,8,6,6,4,7,1,32,1,1,3,75,170.0,3.78,0.738,3.5,1.8,3.1,14.2,4.57,,raint003
311,Jeffrey Springs*,27,BOS,AL,-0.3,0,2,0.0,7.08,16,0,8,0,0,0,20.1,30,18,16,5,7,1,28,1,0,2,99,69.0,4.81,1.82,13.3,2.2,3.1,12.4,4.0,,sprij001
312,Dan Altavilla,27,2TM,2LG,-0.3,2,3,0.4,5.75,22,0,7,0,0,1,20.1,18,14,13,3,12,0,24,0,0,2,89,76.0,4.52,1.475,8.0,1.3,5.3,10.6,2.0,,altad001
312,Dan Altavilla,27,SEA,AL,-0.4,1,2,0.333,7.71,13,0,5,0,0,1,11.2,12,11,10,3,7,0,14,0,0,0,54,57.0,5.93,1.629,9.3,2.3,5.4,10.8,2.0,,altad001
312,Dan Altavilla,27,SDP,NL,0.2,1,1,0.5,3.12,9,0,2,0,0,0,8.2,6,3,3,0,5,0,10,0,0,2,35,139.0,2.61,1.269,6.2,0.0,5.2,10.4,2.0,,altad001
313,Steve Cishek,34,CHW,AL,-0.2,0,0,,5.4,22,0,8,0,0,0,20.0,21,12,12,4,9,0,21,4,0,0,93,83.0,5.64,1.5,9.5,1.8,4.1,9.5,2.33,,cishs001
314,Jairo Díaz,29,COL,NL,-0.7,1,2,0.333,7.65,24,0,12,0,0,4,20.0,31,21,17,4,14,1,17,3,0,2,106,68.0,6.64,2.25,14.0,1.8,6.3,7.7,1.21,,diazj006
315,Pierce Johnson,29,SDP,NL,0.4,3,1,0.75,2.7,24,0,7,0,0,0,20.0,15,7,6,2,9,0,27,0,1,1,80,157.0,3.14,1.2,6.8,0.9,4.1,12.2,3.0,,johnp001
316,Carlos Martínez,28,STL,NL,-1.2,0,3,0.0,9.9,5,5,0,0,0,0,20.0,32,26,22,6,10,2,17,0,0,0,104,43.0,6.89,2.1,14.4,2.7,4.5,7.7,1.7,,martc006
317,Anthony Misiewicz*,25,SEA,AL,0.1,0,2,0.0,4.05,21,0,1,0,0,0,20.0,20,9,9,2,6,1,25,1,0,2,83,107.0,3.04,1.3,9.0,0.9,2.7,11.3,4.17,,misia001
318,Taylor Rogers*,29,MIN,AL,-0.6,2,4,0.333,4.05,21,0,16,0,0,9,20.0,26,14,9,2,4,0,24,1,0,1,91,108.0,2.84,1.5,11.7,0.9,1.8,10.8,6.0,,roget001
319,Sergio Romo,37,MIN,AL,0.0,1,2,0.333,4.05,24,0,7,0,0,5,20.0,16,9,9,3,7,0,23,3,0,0,87,108.0,4.34,1.15,7.2,1.4,3.2,10.4,3.29,,romos001
320,Héctor Rondón,32,ARI,NL,-0.6,1,0,1.0,7.65,23,0,5,0,0,0,20.0,25,18,17,6,11,2,23,1,0,3,97,60.0,6.59,1.8,11.3,2.7,5.0,10.4,2.09,,rondh001
321,Caleb Thielbar*,33,MIN,AL,0.5,2,1,0.667,2.25,17,0,3,0,0,0,20.0,14,6,5,0,9,0,22,0,0,2,82,194.0,2.34,1.15,6.3,0.0,4.1,9.9,2.44,,thiec001
322,Taylor Widener,25,ARI,NL,0.1,0,1,0.0,4.5,12,0,4,0,0,0,20.0,14,10,10,5,12,1,22,3,0,0,88,101.0,6.49,1.3,6.3,2.3,5.4,9.9,1.83,,widet001
323,Brooks Raley*,32,2TM,2LG,0.2,0,1,0.0,4.95,21,0,7,0,0,1,20.0,13,12,11,3,6,0,27,4,0,0,84,94.0,3.94,0.95,5.9,1.4,2.7,12.2,4.5,,raleb001
323,Brooks Raley*,32,CIN,NL,-0.1,0,0,,9.0,4,0,2,0,0,0,4.0,5,4,4,0,2,0,6,3,0,0,22,59.0,3.94,1.75,11.3,0.0,4.5,13.5,3.0,,raleb001
323,Brooks Raley*,32,HOU,AL,0.3,0,1,0.0,3.94,17,0,5,0,0,1,16.0,8,8,7,3,4,0,21,1,0,0,62,115.0,3.94,0.75,4.5,1.7,2.3,11.8,5.25,,raleb001
324,Austin Brice,28,BOS,AL,0.1,1,0,1.0,5.95,21,1,2,0,0,0,19.2,17,13,13,3,13,0,25,2,0,1,87,82.0,4.92,1.525,7.8,1.4,5.9,11.4,1.92,,brica001
325,Ross Detwiler*,34,CHW,AL,0.1,1,1,0.5,3.2,16,0,4,0,0,0,19.2,19,8,7,2,5,1,15,1,0,1,81,141.0,3.9,1.22,8.7,0.9,2.3,6.9,3.0,,detwr001
326,Jace Fry*,26,CHW,AL,0.1,0,1,0.0,3.66,18,0,4,0,0,0,19.2,16,9,8,3,12,2,24,0,0,1,83,123.0,4.56,1.424,7.3,1.4,5.5,11.0,2.0,,fry-j001
327,Chi Chi González,28,COL,NL,0.0,0,2,0.0,6.86,6,4,0,0,0,0,19.2,22,16,15,3,10,0,16,3,0,2,91,76.0,5.53,1.627,10.1,1.4,4.6,7.3,1.6,,gonzc002
328,Jimmy Herget,26,TEX,AL,0.4,1,0,1.0,3.2,20,1,6,0,0,0,19.2,13,7,7,2,14,1,17,2,0,0,87,142.0,5.22,1.373,5.9,0.9,6.4,7.8,1.21,,hergj001
329,Yoan López,27,ARI,NL,-0.3,0,1,0.0,5.95,20,0,7,0,0,0,19.2,21,15,13,4,9,2,16,0,1,0,87,77.0,5.58,1.525,9.6,1.8,4.1,7.3,1.78,,lopey001
330,Alex Reyes,25,STL,NL,-0.2,2,1,0.667,3.2,15,1,5,0,0,1,19.2,14,10,7,1,14,1,27,0,0,2,86,133.0,3.24,1.424,6.4,0.5,6.4,12.4,1.93,,reyea004
331,Justin Wilson*,32,NYM,NL,0.2,2,1,0.667,3.66,23,0,2,0,0,0,19.2,18,10,8,1,9,1,23,1,0,3,86,118.0,3.04,1.373,8.2,0.5,4.1,10.5,2.56,,wilsj004
332,Brandon Workman,31,2TM,2LG,-0.2,1,4,0.2,5.95,21,0,15,0,0,9,19.2,31,14,13,4,13,2,23,0,0,0,101,80.0,5.48,2.237,14.2,1.8,5.9,10.5,1.77,,workb001
332,Brandon Workman,31,BOS,AL,0.1,0,0,,4.05,7,0,6,0,0,4,6.2,8,3,3,0,4,0,8,0,0,0,31,124.0,2.59,1.8,10.8,0.0,5.4,10.8,2.0,,workb001
332,Brandon Workman,31,PHI,NL,-0.3,1,4,0.2,6.92,14,0,9,0,0,5,13.0,23,11,10,4,9,2,15,0,0,0,70,66.0,6.96,2.462,15.9,2.8,6.2,10.4,1.67,,workb001
333,Jalen Beeks*,26,TBR,AL,0.2,1,1,0.5,3.26,12,0,3,0,0,1,19.1,21,9,7,1,4,0,26,0,0,2,81,127.0,1.79,1.293,9.8,0.5,1.9,12.1,6.5,,beekj001
334,Adrián Morejón*,21,SDP,NL,0.0,2,2,0.5,4.66,9,4,0,0,0,0,19.1,20,11,10,7,4,0,25,0,0,0,79,91.0,5.93,1.241,9.3,3.3,1.9,11.6,6.25,,morea001
335,Sam Selman*,29,SFG,NL,0.2,1,1,0.5,3.72,24,0,8,0,0,1,19.1,13,8,8,2,9,0,23,2,0,2,82,116.0,3.86,1.138,6.1,0.9,4.2,10.7,2.56,,selms001
336,Casey Sadler,29,2TM,2LG,-0.3,1,2,0.333,5.12,17,0,2,0,0,0,19.1,15,13,11,3,12,0,21,0,0,5,86,88.0,4.9,1.397,7.0,1.4,5.6,9.8,1.75,,sadlc002
336,Casey Sadler,29,CHC,NL,-0.2,0,0,,5.79,10,0,1,0,0,0,9.1,8,6,6,2,8,0,9,0,0,3,44,80.0,6.62,1.714,7.7,1.9,7.7,8.7,1.13,,sadlc002
336,Casey Sadler,29,SEA,AL,-0.2,1,2,0.333,4.5,7,0,1,0,0,0,10.0,7,7,5,1,4,0,12,0,0,2,42,98.0,3.29,1.1,6.3,0.9,3.6,10.8,3.0,,sadlc002
337,Zack Britton*,32,NYY,AL,0.5,1,2,0.333,1.89,20,0,10,0,0,8,19.0,12,6,4,0,7,0,16,0,0,4,76,228.0,2.61,1.0,5.7,0.0,3.3,7.6,2.29,,britz001
338,Álex Claudio*,28,MIL,NL,0.1,0,0,,4.26,20,0,7,0,0,1,19.0,18,10,9,2,6,0,15,1,0,2,81,108.0,4.09,1.263,8.5,0.9,2.8,7.1,2.5,,claua001
339,Josh Hader*,26,MIL,NL,0.4,1,2,0.333,3.79,21,0,17,0,0,13,19.0,8,8,8,3,10,0,31,3,0,2,78,122.0,4.03,0.947,3.8,1.4,4.7,14.7,3.1,,hadej001
340,Adam Kolarek*,31,LAD,NL,0.8,3,0,1.0,0.95,20,0,3,0,0,1,19.0,11,2,2,1,4,0,13,0,0,2,72,467.0,3.14,0.789,5.2,0.5,1.9,6.2,3.25,,kolaa001
341,Dovydas Neverauskas,27,PIT,NL,-0.6,0,3,0.0,7.11,17,0,7,0,0,0,19.0,24,17,15,5,10,0,23,0,0,2,89,64.0,5.77,1.789,11.4,2.4,4.7,10.9,2.3,,neved001
342,Iván Nova,33,DET,AL,-0.5,1,1,0.5,8.53,4,4,0,0,0,0,19.0,22,18,18,4,9,0,9,0,0,2,88,54.0,6.4,1.632,10.4,1.9,4.3,4.3,1.0,,novai001
343,Heath Hembree,31,2TM,2LG,-0.6,3,0,1.0,9.0,22,0,2,0,0,0,19.0,26,19,19,9,8,0,20,2,0,0,90,53.0,8.82,1.789,12.3,4.3,3.8,9.5,2.5,,hembh001
343,Heath Hembree,31,BOS,AL,0.1,2,0,1.0,5.59,11,0,1,0,0,0,9.2,9,6,6,2,3,0,10,0,0,0,40,88.0,4.74,1.241,8.4,1.9,2.8,9.3,3.33,,hembh001
343,Heath Hembree,31,PHI,NL,-0.6,1,0,1.0,12.54,11,0,1,0,0,0,9.1,17,13,13,7,5,0,10,2,0,0,50,37.0,13.05,2.357,16.4,6.8,4.8,9.6,2.0,,hembh001
344,Tyler Chatwood,30,CHC,NL,-0.1,2,2,0.5,5.3,5,5,0,0,0,0,18.2,22,11,11,2,9,0,25,0,0,1,86,86.0,3.35,1.661,10.6,1.0,4.3,12.1,2.78,,chatt001
345,Caleb Ferguson*,23,LAD,NL,0.3,2,1,0.667,2.89,21,1,0,0,0,0,18.2,16,7,6,4,3,0,27,0,0,0,75,153.0,3.57,1.018,7.7,1.9,1.4,13.0,9.0,,fergc001
346,Kendall Graveman,29,SEA,AL,-0.3,1,3,0.25,5.79,11,2,1,0,0,0,18.2,15,13,12,2,8,0,15,0,0,0,77,75.0,4.26,1.232,7.2,1.0,3.9,7.2,1.88,,gravk001
347,Nate Jones,34,CIN,NL,-0.2,0,1,0.0,6.27,21,0,8,0,0,0,18.2,25,13,13,5,6,1,23,2,0,2,86,79.0,5.49,1.661,12.1,2.4,2.9,11.1,3.83,,jonen001
348,Dean Kremer,24,BAL,AL,0.5,1,1,0.5,4.82,4,4,0,0,0,0,18.2,15,10,10,0,12,0,22,0,0,0,83,98.0,2.76,1.446,7.2,0.0,5.8,10.6,1.83,,kremd001
349,Drew Pomeranz*,31,SDP,NL,1.0,1,0,1.0,1.45,20,0,5,0,0,4,18.2,9,3,3,1,10,0,29,0,0,0,73,294.0,2.39,1.018,4.3,0.5,4.8,14.0,2.9,,pomed001
350,Jarlín García*,27,SFG,NL,0.5,2,1,0.667,0.49,19,0,5,0,0,0,18.1,11,6,1,0,7,1,14,2,1,0,73,884.0,3.14,0.982,5.4,0.0,3.4,6.9,2.0,,garcj006
351,Amir Garrett*,28,CIN,NL,0.5,1,0,1.0,2.45,21,0,1,0,0,1,18.1,10,5,5,4,7,0,26,0,0,0,69,202.0,4.34,0.927,4.9,2.0,3.4,12.8,3.71,,garra001
352,Cam Hill,26,CLE,AL,-0.2,2,0,1.0,4.91,18,0,5,0,0,1,18.1,11,11,10,4,5,1,16,2,0,0,72,92.0,5.43,0.873,5.4,2.0,2.5,7.9,3.2,,hillc001
353,Adam Ottavino,34,NYY,AL,-0.1,2,3,0.4,5.89,24,0,4,0,0,0,18.1,20,12,12,2,9,0,25,1,0,1,85,74.0,3.52,1.582,9.8,1.0,4.4,12.3,2.78,,ottaa001
354,Riley Smith,25,ARI,NL,0.6,2,0,1.0,1.47,6,0,5,0,0,0,18.1,15,3,3,1,5,0,18,0,0,0,70,310.0,2.75,1.091,7.4,0.5,2.5,8.8,3.6,,smitr005
355,Dan Winkler,30,CHC,NL,0.2,0,0,,2.95,18,0,4,0,0,0,18.1,11,7,6,3,11,0,18,1,1,0,76,155.0,5.32,1.2,5.4,1.5,5.4,8.8,1.64,,winkd001
356,Archie Bradley,27,2TM,NL,0.5,2,0,1.0,2.95,16,0,10,0,0,6,18.1,17,6,6,1,3,0,18,1,0,0,73,164.0,2.59,1.091,8.3,0.5,1.5,8.8,6.0,,brada001
356,Archie Bradley,27,ARI,NL,0.2,1,0,1.0,4.22,10,0,9,0,0,6,10.2,13,5,5,0,3,0,12,1,0,0,45,110.0,2.07,1.5,11.0,0.0,2.5,10.1,4.0,,brada001
356,Archie Bradley,27,CIN,NL,0.3,1,0,1.0,1.17,6,0,1,0,0,0,7.2,4,1,1,1,0,0,6,0,0,0,28,433.0,3.32,0.522,4.7,1.2,0.0,7.0,,,brada001
357,Josh Osich*,31,2TM,2LG,-0.4,1,1,0.5,6.38,17,1,3,0,0,0,18.1,21,16,13,6,5,0,24,2,0,0,86,77.0,5.97,1.418,10.3,2.9,2.5,11.8,4.8,,osicj001
357,Josh Osich*,31,BOS,AL,0.1,1,1,0.5,5.74,13,1,3,0,0,0,15.2,16,10,10,6,5,0,20,1,0,0,70,85.0,6.77,1.34,9.2,3.4,2.9,11.5,4.0,,osicj001
357,Josh Osich*,31,CHC,NL,-0.5,0,0,,10.13,4,0,0,0,0,0,2.2,5,6,3,0,0,0,4,1,0,0,16,50.0,1.32,1.875,16.9,0.0,0.0,13.5,,,osicj001
358,Jacob Barnes,30,LAA,AL,0.0,0,2,0.0,5.5,18,0,5,0,0,0,18.0,19,13,11,1,4,0,24,2,0,0,78,84.0,2.25,1.278,9.5,0.5,2.0,12.0,6.0,,barnj002
359,Brad Boxberger,32,MIA,NL,0.5,1,0,1.0,3.0,23,0,0,0,0,0,18.0,17,7,6,3,8,0,18,1,0,0,79,154.0,4.86,1.389,8.5,1.5,4.0,9.0,2.25,,boxbb001
360,Tim Hill*,30,SDP,NL,0.0,3,0,1.0,4.5,23,0,3,0,0,0,18.0,17,9,9,3,6,1,20,2,1,1,79,95.0,4.47,1.278,8.5,1.5,3.0,10.0,3.33,,hillt002
361,Chris Martin,34,ATL,NL,1.2,1,1,0.5,1.0,19,0,3,0,0,1,18.0,8,3,2,1,3,1,20,1,0,0,66,475.0,2.36,0.611,4.0,0.5,1.5,10.0,6.67,,martc007
362,Nate Pearson,23,TOR,AL,-0.2,1,0,1.0,6.0,5,4,0,0,0,0,18.0,14,15,12,5,13,0,16,0,0,1,81,74.0,7.19,1.5,7.0,2.5,6.5,8.0,1.23,,pearn001
363,Óliver Pérez*,38,CLE,AL,0.5,1,1,0.5,2.0,21,0,2,0,0,1,18.0,13,5,4,0,6,3,14,3,0,0,72,226.0,3.14,1.056,6.5,0.0,3.0,7.0,2.33,,pereo002
364,Tony Watson*,35,SFG,NL,0.2,1,0,1.0,2.5,21,0,4,0,0,2,18.0,13,8,5,3,3,0,15,1,0,0,73,174.0,4.36,0.889,6.5,1.5,1.5,7.5,5.0,,watst001
365,Will Harris,35,WSN,NL,0.4,0,1,0.0,3.06,20,0,5,0,0,1,17.2,21,9,6,3,9,0,21,0,0,1,84,148.0,4.55,1.698,10.7,1.5,4.6,10.7,2.33,,harrw002
366,Rafael Montero,29,TEX,AL,0.0,0,1,0.0,4.08,17,0,16,0,0,8,17.2,12,11,8,2,6,0,19,1,0,0,72,112.0,3.7,1.019,6.1,1.0,3.1,9.7,3.17,,montr004
367,Jacob Waguespack,26,TOR,AL,-0.6,0,0,,8.15,11,0,2,0,0,0,17.2,27,20,16,2,9,0,16,2,0,0,90,55.0,4.72,2.038,13.8,1.0,4.6,8.2,1.78,,waguj001
368,Kyle Funkhouser,26,DET,AL,-0.3,1,1,0.5,7.27,13,0,4,0,0,0,17.1,22,14,14,3,11,0,12,0,0,1,81,63.0,5.96,1.904,11.4,1.6,5.7,6.2,1.09,,funkk001
369,Jesse Hahn,30,KCR,AL,0.9,1,0,1.0,0.52,18,0,3,0,0,3,17.1,4,1,1,0,8,0,19,1,0,2,65,912.0,2.56,0.692,2.1,0.0,4.2,9.9,2.38,,hahnj001
370,Taylor Hearn*,25,TEX,AL,0.1,0,0,,3.63,14,0,3,0,0,0,17.1,13,8,7,2,11,0,23,1,0,2,76,125.0,4.11,1.385,6.8,1.0,5.7,11.9,2.09,,heart001
371,Josh James,27,HOU,AL,-0.5,1,0,1.0,7.27,13,2,1,0,0,0,17.1,15,14,14,4,17,0,21,2,0,2,83,62.0,7.06,1.846,7.8,2.1,8.8,10.9,1.24,,jamej002
372,Luis Patiño,20,SDP,NL,-0.1,1,0,1.0,5.19,11,1,1,0,0,0,17.1,18,10,10,3,14,0,21,1,0,1,85,82.0,5.61,1.846,9.3,1.6,7.3,10.9,1.5,,patil001
373,Luis Perdomo,27,SDP,NL,-0.2,0,0,,5.71,10,1,3,0,0,0,17.1,13,12,11,3,10,0,16,0,0,0,74,75.0,5.33,1.327,6.8,1.6,5.2,8.3,1.6,,perdl002
374,Cy Sneed,27,HOU,AL,-0.3,0,3,0.0,5.71,18,0,8,0,0,0,17.1,22,15,11,3,10,2,21,0,0,1,83,79.0,4.75,1.846,11.4,1.6,5.2,10.9,2.1,,sneec001
375,Rowan Wick,27,CHC,NL,0.3,0,1,0.0,3.12,19,0,6,0,0,4,17.1,18,6,6,1,6,1,20,0,0,0,74,147.0,2.67,1.385,9.3,0.5,3.1,10.4,3.33,,wickr001
376,Pedro Báez,32,LAD,NL,0.1,0,0,,3.18,18,0,2,0,0,2,17.0,10,8,6,2,7,0,13,0,0,0,70,140.0,4.43,1.0,5.3,1.1,3.7,6.9,1.86,,baezp001
377,Jesse Chavez,36,TEX,AL,-0.4,0,0,,6.88,18,0,5,0,0,0,17.0,20,13,13,6,7,0,13,1,0,0,77,66.0,7.66,1.588,10.6,3.2,3.7,6.9,1.86,,chavj001
378,Tanner Houck,24,BOS,AL,1.3,3,0,1.0,0.53,3,3,0,0,0,0,17.0,6,2,1,1,9,0,21,1,0,1,63,920.0,3.25,0.882,3.2,0.5,4.8,11.1,2.33,,houct001
379,Cody Ponce,26,PIT,NL,0.3,1,1,0.5,3.18,5,3,1,0,0,0,17.0,12,7,6,5,6,0,12,0,0,0,66,144.0,6.66,1.059,6.4,2.6,3.2,6.4,2.0,,poncc002
380,Dennis Santana,24,LAD,NL,-0.1,1,2,0.333,5.29,12,0,7,0,0,0,17.0,15,11,10,4,7,0,18,2,0,1,73,84.0,5.72,1.294,7.9,2.1,3.7,9.5,2.57,,santd003
381,David Hale,32,2TM,2LG,0.4,0,0,,3.71,11,2,3,0,0,1,17.0,23,7,7,2,4,0,14,0,0,0,75,124.0,3.78,1.588,12.2,1.1,2.1,7.4,3.5,,haled001
381,David Hale,32,NYY,AL,0.1,0,0,,3.0,5,0,1,0,0,1,6.0,7,2,2,0,3,0,7,0,0,0,26,150.0,2.36,1.667,10.5,0.0,4.5,10.5,2.33,,haled001
381,David Hale,32,PHI,NL,0.3,0,0,,4.09,6,2,2,0,0,0,11.0,16,5,5,2,1,0,7,0,0,0,49,113.0,4.55,1.545,13.1,1.6,0.8,5.7,7.0,,haled001
382,Ryan Borucki*,26,TOR,AL,0.6,1,1,0.5,2.7,21,0,1,0,0,0,16.2,12,5,5,1,12,1,21,0,0,0,73,166.0,3.61,1.44,6.5,0.5,6.5,11.3,1.75,,borur001
383,Hansel Robles,29,LAA,AL,-0.8,0,2,0.0,10.26,18,0,5,0,0,1,16.2,19,20,19,4,10,0,20,1,0,1,80,45.0,5.89,1.74,10.3,2.2,5.4,10.8,2.0,,roblh001
384,Jeff Samardzija,35,SFG,NL,-0.7,0,2,0.0,9.72,4,4,0,0,0,0,16.2,21,19,18,7,4,0,6,2,0,0,77,45.0,9.01,1.5,11.3,3.8,2.2,3.2,1.5,,samaj001
385,Dillon Tate,26,BAL,AL,0.4,1,1,0.5,3.24,12,0,1,0,0,0,16.2,9,7,6,1,5,0,14,2,1,1,64,146.0,3.55,0.84,4.9,0.5,2.7,7.6,2.8,,tated001
386,Richard Bleier*,33,2TM,2LG,0.4,1,1,0.5,2.16,21,0,1,0,0,0,16.2,14,6,4,0,4,1,11,1,0,2,67,219.0,2.77,1.08,7.6,0.0,2.2,5.9,2.75,,bleir001
386,Richard Bleier*,33,BAL,AL,0.2,0,0,,0.0,2,0,0,0,0,0,3.0,1,0,0,0,0,0,4,1,0,1,11,,1.52,0.333,3.0,0.0,0.0,12.0,,,bleir001
386,Richard Bleier*,33,MIA,NL,0.2,1,1,0.5,2.63,19,0,1,0,0,0,13.2,13,6,4,0,4,1,7,0,0,1,56,176.0,3.04,1.244,8.6,0.0,2.6,4.6,1.75,,bleir001
387,Nick Anderson,29,TBR,AL,1.1,2,1,0.667,0.55,19,0,9,0,0,6,16.1,5,2,1,1,3,0,26,0,0,0,58,756.0,1.35,0.49,2.8,0.6,1.7,14.3,8.67,,anden001
388,Wilmer Font,30,TOR,AL,-0.7,1,3,0.25,9.92,21,0,5,0,0,0,16.1,28,19,18,2,9,0,15,1,0,1,85,45.0,4.78,2.265,15.4,1.1,5.0,8.3,1.67,,fontw001
389,Darren O'Day,37,ATL,NL,0.7,4,0,1.0,1.1,19,0,1,0,0,0,16.1,8,3,2,1,5,0,22,3,0,0,67,431.0,2.76,0.796,4.4,0.6,2.8,12.1,4.4,,odayd001
390,Lewis Thorpe*,24,MIN,AL,-0.3,0,1,0.0,6.06,7,1,3,0,0,0,16.1,24,12,11,4,10,0,10,0,0,0,77,72.0,6.99,2.082,13.2,2.2,5.5,5.5,1.0,,thorl002
391,Brady Lail,26,2TM,AL,0.1,0,0,,4.41,8,0,7,0,0,0,16.1,14,8,8,5,7,0,12,2,0,0,71,101.0,7.35,1.286,7.7,2.8,3.9,6.6,1.71,,lailb001
391,Brady Lail,26,CHW,AL,0.0,0,0,,0.0,1,0,1,0,0,0,1.1,2,0,0,0,0,0,1,0,0,0,6,,1.69,1.5,13.5,0.0,0.0,6.8,,,lailb001
391,Brady Lail,26,SEA,AL,0.0,0,0,,4.8,7,0,6,0,0,0,15.0,12,8,8,5,7,0,11,2,0,0,65,91.0,7.86,1.267,7.2,3.0,4.2,6.6,1.57,,lailb001
392,Walker Lockett,26,2TM,2LG,0.1,1,0,1.0,4.96,7,1,3,0,0,0,16.1,21,9,9,2,4,0,11,2,0,0,73,90.0,4.54,1.531,11.6,1.1,2.2,6.1,2.75,,lockw001
392,Walker Lockett,26,NYM,NL,0.1,1,0,1.0,5.63,2,1,0,0,0,0,8.0,9,5,5,1,3,0,8,2,0,0,37,79.0,4.69,1.5,10.1,1.1,3.4,9.0,2.67,,lockw001
392,Walker Lockett,26,SEA,AL,0.0,0,0,,4.32,5,0,3,0,0,0,8.1,12,4,4,1,1,0,3,0,0,0,36,103.0,4.39,1.56,13.0,1.1,1.1,3.2,3.0,,lockw001
393,Kevin Ginkel,26,ARI,NL,-0.3,0,2,0.0,6.75,19,0,2,0,0,1,16.0,21,13,12,3,13,2,18,0,0,4,79,68.0,5.82,2.125,11.8,1.7,7.3,10.1,1.38,,ginkk001
394,Blake Parker,35,PHI,NL,0.6,3,0,1.0,2.81,14,1,4,0,0,0,16.0,12,7,5,2,9,2,25,0,0,0,69,163.0,3.38,1.313,6.8,1.1,5.1,14.1,2.78,,parkb001
395,Devin Smeltzer*,24,MIN,AL,-0.3,2,0,1.0,6.75,7,1,2,0,0,0,16.0,19,12,12,2,5,0,15,1,0,0,72,65.0,4.07,1.5,10.7,1.1,2.8,8.4,3.0,,smeld001
396,Will Smith*,30,ATL,NL,0.2,2,2,0.5,4.5,18,0,1,0,0,0,16.0,11,8,8,7,4,0,18,0,0,0,62,106.0,7.38,0.938,6.2,3.9,2.3,10.1,4.5,,smitw003
397,Joey Gerber,23,SEA,AL,0.0,1,1,0.5,4.02,17,0,3,0,0,0,15.2,13,8,7,1,5,0,6,1,0,1,62,108.0,4.4,1.149,7.5,0.6,2.9,3.4,1.2,,gerbj001
398,Javy Guerra,34,WSN,NL,0.3,0,0,,4.02,14,0,2,0,0,0,15.2,19,7,7,2,7,0,13,0,0,0,70,113.0,4.53,1.66,10.9,1.1,4.0,7.5,1.86,,guerj004
399,Ljay Newsome,23,SEA,AL,0.1,0,1,0.0,5.17,5,4,0,0,0,0,15.2,20,9,9,4,1,0,9,1,0,0,68,84.0,5.74,1.34,11.5,2.3,0.6,5.2,9.0,,newsl001
400,Kyle Ryan*,28,CHC,NL,-0.2,1,0,1.0,5.17,18,0,2,0,0,1,15.2,16,9,9,5,6,0,11,0,0,0,66,89.0,7.08,1.404,9.2,2.9,3.4,6.3,1.83,,ryank002
401,John Schreiber,26,DET,AL,-0.2,0,1,0.0,6.32,15,0,2,0,0,0,15.2,19,11,11,2,4,1,14,1,0,0,70,73.0,4.02,1.468,10.9,1.1,2.3,8.0,3.5,,schrj001
402,Nick Tropeano,29,PIT,NL,0.5,1,0,1.0,1.15,7,0,2,0,0,0,15.2,14,2,2,1,4,0,19,1,0,1,66,399.0,2.55,1.149,8.0,0.6,2.3,10.9,4.75,,tropn001
403,Bryse Wilson,22,ATL,NL,0.3,1,0,1.0,4.02,6,2,2,0,0,1,15.2,18,7,7,2,9,0,15,1,0,0,73,118.0,4.85,1.723,10.3,1.1,5.2,8.6,1.67,,wilsb003
404,Nick Pivetta,27,2TM,2LG,0.3,2,0,1.0,6.89,5,2,0,0,0,0,15.2,18,12,12,4,6,0,17,1,0,1,71,71.0,5.68,1.532,10.3,2.3,3.4,9.8,2.83,,piven001
404,Nick Pivetta,27,PHI,NL,-0.3,0,0,,15.88,3,0,0,0,0,0,5.2,10,10,10,3,1,0,4,1,0,1,29,30.0,9.72,1.941,15.9,4.8,1.6,6.4,4.0,,piven001
404,Nick Pivetta,27,BOS,AL,0.6,2,0,1.0,1.8,2,2,0,0,0,0,10.0,8,2,2,1,5,0,13,0,0,0,42,274.0,3.39,1.3,7.2,0.9,4.5,11.7,2.6,,piven001
405,Shaun Anderson,25,SFG,NL,0.3,0,0,,3.52,18,0,4,0,0,0,15.1,10,6,6,3,12,0,18,0,0,2,67,124.0,5.73,1.435,5.9,1.8,7.0,10.6,1.5,,andes002
406,Craig Kimbrel,32,CHC,NL,-0.1,0,1,0.0,5.28,18,0,11,0,0,2,15.1,10,9,9,2,12,1,28,2,0,4,69,87.0,3.97,1.435,5.9,1.2,7.0,16.4,2.33,,kimbc001
407,Drew Rasmussen,24,MIL,NL,-0.1,1,0,1.0,5.87,12,0,3,0,0,0,15.1,17,10,10,3,9,0,21,0,0,0,71,79.0,4.76,1.696,10.0,1.8,5.3,12.3,2.33,,rasmd002
408,Shawn Armstrong,29,BAL,AL,0.3,2,0,1.0,1.8,14,0,2,0,0,0,15.0,9,6,3,1,3,0,14,1,0,2,57,264.0,2.99,0.8,5.4,0.6,1.8,8.4,4.67,,armss001
409,Giovanny Gallegos,28,STL,NL,0.1,2,2,0.5,3.6,16,0,7,0,0,4,15.0,9,6,6,1,4,0,21,0,0,1,57,119.0,2.06,0.867,5.4,0.6,2.4,12.6,5.25,,gallg001
410,John Gant,27,STL,NL,0.2,0,3,0.0,2.4,17,0,2,0,0,0,15.0,9,6,4,0,7,0,18,0,0,1,61,178.0,2.19,1.067,5.4,0.0,4.2,10.8,2.57,,gantj002
411,Yimi García,29,MIA,NL,0.9,3,0,1.0,0.6,14,0,4,0,0,1,15.0,9,1,1,0,5,0,19,0,1,0,60,771.0,1.66,0.933,5.4,0.0,3.0,11.4,3.8,,garcy001
412,Cody Stashak,26,MIN,AL,0.2,1,0,1.0,3.0,11,0,1,0,0,0,15.0,11,5,5,2,3,0,17,0,0,1,57,146.0,3.26,0.933,6.6,1.2,1.8,10.2,5.67,,stasc001
413,Cam Bedrosian,28,LAA,AL,0.4,0,0,,2.45,11,0,3,0,0,0,14.2,10,4,4,0,6,0,11,0,0,1,58,188.0,2.92,1.091,6.1,0.0,3.7,6.8,1.83,,bedrc001
414,Sam Coonrod,27,SFG,NL,-0.7,0,2,0.0,9.82,18,0,5,0,0,3,14.2,17,16,16,2,7,0,15,2,0,1,71,44.0,4.76,1.636,10.4,1.2,4.3,9.2,2.14,,coons001
415,Carlos Hernández,23,KCR,AL,0.0,0,1,0.0,4.91,5,3,0,0,0,0,14.2,19,9,8,4,6,0,13,1,0,0,67,97.0,6.4,1.705,11.7,2.5,3.7,8.0,2.17,,hernc006
416,James Hoyt,33,MIA,NL,0.8,2,0,1.0,1.23,24,0,3,0,0,0,14.2,9,2,2,1,8,1,20,1,1,2,62,377.0,3.19,1.159,5.5,0.6,4.9,12.3,2.5,,hoytj001
417,Brett Martin*,25,TEX,AL,0.4,1,1,0.5,1.84,15,0,4,0,0,0,14.2,8,5,3,2,9,0,8,0,0,1,61,248.0,5.71,1.159,4.9,1.2,5.5,4.9,0.89,,martb002
418,Jordan Romano,27,TOR,AL,1.0,2,1,0.667,1.23,15,0,3,0,0,2,14.2,8,3,2,2,5,0,21,0,0,0,57,365.0,3.12,0.886,4.9,1.2,3.1,12.9,4.2,,romaj004
419,Taylor Williams,28,2TM,2LG,-0.3,1,1,0.5,6.14,15,0,9,0,0,6,14.2,14,10,10,1,7,1,20,3,1,6,67,73.0,3.4,1.432,8.6,0.6,4.3,12.3,2.86,,willt003
419,Taylor Williams,28,SEA,AL,-0.2,1,1,0.5,5.93,14,0,9,0,0,6,13.2,12,9,9,1,7,1,19,3,1,6,62,74.0,3.56,1.39,7.9,0.7,4.6,12.5,2.71,,willt003
419,Taylor Williams,28,SDP,NL,0.0,0,0,,9.0,1,0,0,0,0,0,1.0,2,1,1,0,0,0,1,0,0,0,5,63.0,1.19,2.0,18.0,0.0,0.0,9.0,,,willt003
420,Wade Miley*,33,CIN,NL,-0.1,0,3,0.0,5.65,6,4,2,0,0,0,14.1,15,10,9,1,9,0,12,2,1,0,67,88.0,4.73,1.674,9.4,0.6,5.7,7.5,1.33,,milew001
421,Evan Phillips,25,BAL,AL,0.2,1,1,0.5,5.02,14,0,3,0,0,0,14.1,14,8,8,1,10,0,20,3,1,1,69,95.0,4.03,1.674,8.8,0.6,6.3,12.6,2.0,,phile001
422,Erasmo Ramírez,30,NYM,NL,0.8,0,0,,0.63,6,0,3,0,0,1,14.1,8,1,1,1,4,0,9,0,0,0,53,695.0,3.68,0.837,5.0,0.6,2.5,5.7,2.25,,ramie004
423,César Valdez,35,BAL,AL,1.0,1,1,0.5,1.26,9,0,7,0,0,3,14.1,7,3,2,0,3,0,12,0,0,1,53,379.0,2.14,0.698,4.4,0.0,1.9,7.5,4.0,,valdc003
424,Dylan Covey,28,BOS,AL,-0.1,0,0,,7.07,8,0,2,0,0,0,14.0,18,11,11,2,2,0,11,0,0,1,60,69.0,3.91,1.429,11.6,1.3,1.3,7.1,5.5,,coved001
425,Robert Gsellman,26,NYM,NL,-0.5,0,0,,9.64,6,4,0,0,0,0,14.0,22,15,15,4,8,0,9,1,0,2,71,45.0,7.55,2.143,14.1,2.6,5.1,5.8,1.13,,gselr001
426,Ian Kennedy,35,KCR,AL,-0.9,0,2,0.0,9.0,15,1,1,0,0,0,14.0,20,17,14,7,5,1,15,1,0,0,69,53.0,8.83,1.786,12.9,4.5,3.2,9.6,3.0,,kenni001
427,Mike Kickham*,31,BOS,AL,-0.2,1,1,0.5,7.71,6,2,2,0,0,0,14.0,21,12,12,6,5,1,17,2,0,0,70,63.0,7.83,1.857,13.5,3.9,3.2,10.9,3.4,,kickm001
428,Colin Rea,29,CHC,NL,-0.2,1,1,0.5,5.79,9,2,3,0,0,0,14.0,15,9,9,3,2,0,10,0,0,0,62,79.0,4.98,1.214,9.6,1.9,1.3,6.4,5.0,,rea-c001
429,Jordan Weems,27,OAK,AL,0.2,0,0,,3.21,9,0,4,0,0,0,14.0,10,5,5,1,7,0,18,0,0,2,58,133.0,3.05,1.214,6.4,0.6,4.5,11.6,2.57,,weemj001
430,Caleb Smith*,28,2TM,NL,0.4,0,0,,2.57,5,4,0,0,0,0,14.0,6,4,4,3,12,0,15,0,0,0,60,183.0,6.41,1.286,3.9,1.9,7.7,9.6,1.25,,smitc006
430,Caleb Smith*,28,MIA,NL,0.1,0,0,,3.0,1,1,0,0,0,0,3.0,1,1,1,1,6,0,3,0,0,0,15,168.0,11.52,2.333,3.0,3.0,18.0,9.0,0.5,,smitc006
430,Caleb Smith*,28,ARI,NL,0.3,0,0,,2.45,4,3,0,0,0,0,11.0,5,3,3,2,6,0,12,0,0,0,45,188.0,5.01,1.0,4.1,1.6,4.9,9.8,2.0,,smitc006
431,Jason Adam,28,CHC,NL,0.1,2,1,0.667,3.29,13,0,5,0,0,0,13.2,9,7,5,2,8,0,21,0,0,0,58,140.0,3.78,1.244,5.9,1.3,5.3,13.8,2.63,,adamj002
432,Sean Newcomb*,27,ATL,NL,-0.6,0,2,0.0,11.2,4,4,0,0,0,0,13.2,20,17,17,4,6,0,10,3,0,1,70,43.0,7.51,1.902,13.2,2.6,4.0,6.6,1.67,,newcs001
433,Jake Odorizzi,30,MIN,AL,-0.2,0,1,0.0,6.59,4,4,0,0,0,0,13.2,16,10,10,4,3,0,12,1,0,0,60,67.0,6.12,1.39,10.5,2.6,2.0,7.9,4.0,,odorj001
434,Michael Soroka,22,ATL,NL,0.3,0,1,0.0,3.95,3,3,0,0,0,0,13.2,11,7,6,0,7,0,8,1,0,1,57,121.0,3.78,1.317,7.2,0.0,4.6,5.3,1.14,,sorom001
435,Javy Guerra,24,SDP,NL,-0.6,1,0,1.0,10.13,14,0,5,0,0,0,13.1,25,16,15,1,5,0,12,1,0,2,67,42.0,3.72,2.25,16.9,0.7,3.4,8.1,2.4,,guerj004
436,Corey Knebel,28,MIL,NL,-0.1,0,0,,6.08,15,0,2,0,0,0,13.1,15,9,9,4,8,0,15,0,0,0,62,76.0,6.64,1.725,10.1,2.7,5.4,10.1,1.88,,knebc001
437,Hoby Milner*,29,LAA,AL,-0.4,0,0,,8.1,19,0,4,0,0,0,13.1,13,12,12,5,6,0,13,1,0,0,59,57.0,7.69,1.425,8.8,3.4,4.1,8.8,2.17,,milnh001
438,Robert Stock,30,BOS,AL,0.0,0,1,0.0,4.73,10,0,4,0,0,0,13.1,16,9,7,0,10,0,14,0,0,3,62,104.0,3.34,1.95,10.8,0.0,6.8,9.5,1.4,,stocr001
439,Marcus Walden,31,BOS,AL,-0.9,0,2,0.0,9.45,15,0,4,0,0,1,13.1,23,18,14,5,9,0,10,0,0,1,71,52.0,8.59,2.4,15.5,3.4,6.1,6.8,1.11,,waldm002
440,Julian Merryweather,28,TOR,AL,0.3,0,0,,4.15,8,3,0,0,0,0,13.0,11,6,6,0,6,0,15,0,0,0,55,108.0,2.27,1.308,7.6,0.0,4.2,10.4,2.5,,merrj001
441,Andrew Miller*,35,STL,NL,0.2,1,1,0.5,2.77,16,0,5,0,0,4,13.0,9,4,4,0,5,0,16,3,0,2,55,155.0,2.58,1.077,6.2,0.0,3.5,11.1,3.2,,milla002
442,Adam Morgan*,30,PHI,NL,0.0,0,1,0.0,5.54,17,0,4,0,0,0,13.0,14,8,8,3,6,0,16,0,0,0,58,83.0,5.11,1.538,9.7,2.1,4.2,11.1,2.67,,morga001
443,Corey Oswalt,26,NYM,NL,0.1,0,0,,4.85,4,1,2,0,0,0,13.0,14,7,7,3,2,0,11,1,0,0,55,90.0,5.19,1.231,9.7,2.1,1.4,7.6,5.5,,oswac001
444,Joely Rodríguez*,28,TEX,AL,0.4,0,0,,2.13,12,0,2,0,0,0,12.2,8,3,3,0,5,0,17,0,0,1,52,215.0,1.69,1.026,5.7,0.0,3.6,12.1,3.4,,rodrj004
445,Alex Wood*,29,LAD,NL,-0.4,0,1,0.0,6.39,9,2,2,0,0,0,12.2,17,11,9,2,6,1,15,3,0,1,65,70.0,5.01,1.816,12.1,1.4,4.3,10.7,2.5,,wooda002
446,Scott Alexander*,30,LAD,NL,0.2,2,0,1.0,2.92,13,0,1,0,0,0,12.1,9,6,4,2,9,1,9,0,0,0,52,153.0,6.03,1.459,6.6,1.5,6.6,6.6,1.0,,alexs001
447,Brad Brach,34,NYM,NL,0.0,1,0,1.0,5.84,14,0,5,0,0,0,12.1,8,8,8,2,14,0,14,1,0,2,58,75.0,6.68,1.784,5.8,1.5,10.2,10.2,1.0,,bracb001
448,Luis Garcia,23,HOU,AL,0.3,0,1,0.0,2.92,5,1,1,0,0,0,12.1,7,4,4,1,5,0,9,1,0,1,49,156.0,4.25,0.973,5.1,0.7,3.6,6.6,1.8,,garcl005
449,Ian Gibaut,26,TEX,AL,-0.3,0,1,0.0,6.57,14,0,0,0,0,0,12.1,11,10,9,2,9,0,14,1,1,2,59,70.0,5.46,1.622,8.0,1.5,6.6,10.2,1.56,,gibai001
450,Yoshihisa Hirano,36,SEA,AL,-0.3,0,1,0.0,5.84,13,0,9,0,0,4,12.1,18,9,8,2,8,0,11,1,0,0,63,75.0,5.7,2.108,13.1,1.5,5.8,8.0,1.38,,hiray001
451,Daniel Mengden,27,OAK,AL,0.2,0,1,0.0,3.65,4,1,2,0,0,0,12.1,14,5,5,2,7,0,10,1,0,0,58,117.0,5.62,1.703,10.2,1.5,5.1,7.3,1.43,,mengd001
452,Ryan Helsley,25,STL,NL,-0.3,1,1,0.5,5.25,12,0,4,0,0,1,12.0,8,8,7,3,8,1,10,1,0,0,52,82.0,7.02,1.333,6.0,2.3,6.0,7.5,1.25,,helsr001
453,Keynan Middleton,26,LAA,AL,0.0,0,1,0.0,5.25,13,0,4,0,0,0,12.0,12,8,7,2,6,0,11,0,0,1,53,88.0,5.02,1.5,9.0,1.5,4.5,8.3,1.83,,middk001
454,Burch Smith,30,OAK,AL,0.4,2,0,1.0,2.25,6,0,3,0,0,1,12.0,7,3,3,1,1,0,13,0,0,0,44,191.0,2.36,0.667,5.3,0.8,0.8,9.8,13.0,,smitb005
455,Cody Reed*,27,2TM,2LG,0.1,0,1,0.0,4.5,11,0,5,0,0,0,12.0,11,6,6,2,8,0,12,1,0,1,55,110.0,5.61,1.583,8.3,1.5,6.0,9.0,1.5,,reedc002
455,Cody Reed*,27,CIN,NL,0.0,0,1,0.0,5.79,9,0,4,0,0,0,9.1,10,6,6,2,8,0,10,1,0,1,46,87.0,6.73,1.929,9.6,1.9,7.7,9.6,1.25,,reedc002
455,Cody Reed*,27,TBR,AL,0.1,0,0,,0.0,2,0,1,0,0,0,2.2,1,0,0,0,0,0,2,0,0,0,9,,1.69,0.375,3.4,0.0,0.0,6.8,,,reedc002
456,Dellin Betances,32,NYM,NL,-0.2,0,1,0.0,7.71,15,0,2,0,0,0,11.2,12,10,10,0,12,0,11,2,0,2,59,57.0,4.91,2.057,9.3,0.0,9.3,8.5,0.92,,betad001
457,Aroldis Chapman*,32,NYY,AL,0.4,1,1,0.5,3.09,13,0,8,0,0,3,11.2,6,4,4,2,4,0,22,1,1,0,45,142.0,2.93,0.857,4.6,1.5,3.1,17.0,5.5,,chapa001
458,Seth Elledge,24,STL,NL,0.0,1,0,1.0,4.63,12,0,5,0,0,0,11.2,11,6,6,2,8,0,14,1,0,2,52,93.0,5.33,1.629,8.5,1.5,6.2,10.8,1.75,,elles001
459,Trevor Gott,27,SFG,NL,-0.8,1,2,0.333,10.03,15,0,5,0,0,4,11.2,13,13,13,7,8,0,8,1,0,0,57,44.0,11.93,1.8,10.0,5.4,6.2,6.2,1.0,,gottt001
460,Matt Harvey,31,KCR,AL,-0.6,0,3,0.0,11.57,7,4,1,0,0,0,11.2,27,15,15,6,5,0,10,0,0,0,65,41.0,9.45,2.743,20.8,4.6,3.9,7.7,2.0,,harvm001
461,Dakota Bacus,29,WSN,NL,-0.1,0,0,,7.94,11,0,3,0,0,0,11.1,14,10,10,1,9,0,7,0,0,0,57,58.0,5.49,2.029,11.1,0.8,7.1,5.6,0.78,,bacud001
462,Connor Brogdon,25,PHI,NL,0.2,1,0,1.0,3.97,9,0,3,0,0,0,11.1,5,5,5,3,5,1,17,0,0,0,44,116.0,4.96,0.882,4.0,2.4,4.0,13.5,3.4,,brogc001
463,Yonny Chirinos,26,TBR,AL,0.3,0,0,,2.38,3,3,0,0,0,0,11.1,14,4,3,2,4,0,10,2,0,0,52,177.0,5.31,1.588,11.1,1.6,3.2,7.9,2.5,,chiry001
464,Adam Cimber,29,CLE,AL,0.0,0,1,0.0,3.97,14,0,5,0,0,0,11.1,13,5,5,1,2,0,5,0,0,0,49,115.0,3.99,1.324,10.3,0.8,1.6,4.0,2.5,,cimba001
465,Franklyn Kilome,25,NYM,NL,-0.3,0,1,0.0,11.12,4,0,2,0,0,1,11.1,14,14,14,5,9,0,13,1,0,1,58,40.0,9.28,2.029,11.1,4.0,7.1,10.3,1.44,,kilof001
466,Conner Menez*,25,SFG,NL,0.2,1,0,1.0,2.38,7,0,3,0,0,0,11.1,6,4,3,2,5,0,8,1,0,0,45,184.0,5.66,0.971,4.8,1.6,4.0,6.4,1.6,,menec001
467,Jordan Yamamoto,24,MIA,NL,-1.1,0,1,0.0,18.26,4,3,0,0,0,0,11.1,27,24,23,8,7,0,13,0,0,0,67,26.0,11.93,3.0,21.4,6.4,5.6,10.3,1.86,,yamaj001
468,T.J. Zeuch,24,TOR,AL,0.5,1,0,1.0,1.59,3,1,1,0,0,0,11.1,9,2,2,1,4,0,3,0,0,0,47,284.0,4.87,1.147,7.1,0.8,3.2,2.4,0.75,,zeuct001
469,Oliver Drake,33,TBR,AL,-0.1,0,2,0.0,5.73,11,0,4,0,0,2,11.0,7,8,7,2,6,1,7,0,0,1,45,74.0,5.92,1.182,5.7,1.6,4.9,5.7,1.17,,drako001
470,Nick Goody,28,TEX,AL,-0.6,0,2,0.0,9.0,17,1,3,0,0,1,11.0,14,12,11,3,8,0,13,0,0,1,55,51.0,6.55,2.0,11.5,2.5,6.5,10.6,1.63,,goodn001
471,Kyle Hart*,27,BOS,AL,-0.9,0,1,0.0,15.55,4,3,0,0,0,0,11.0,24,21,19,4,10,0,13,0,1,0,67,32.0,8.28,3.091,19.6,3.3,8.2,10.6,1.3,,hartk002
472,Eric Lauer*,25,MIL,NL,-0.6,0,2,0.0,13.09,4,2,0,0,0,0,11.0,17,16,16,2,9,0,12,2,0,1,61,36.0,6.37,2.364,13.9,1.6,7.4,9.8,1.33,,lauee001
473,Kyle McGowin,28,WSN,NL,0.3,1,0,1.0,4.91,9,0,3,0,0,1,11.0,9,6,6,2,5,1,16,0,0,1,47,93.0,4.01,1.273,7.4,1.6,4.1,13.1,3.2,,mcgok002
474,Stephen Tarpley*,27,MIA,NL,-0.5,2,2,0.5,9.0,12,0,3,0,0,1,11.0,11,12,11,2,8,2,11,3,0,0,53,52.0,6.55,1.727,9.0,1.6,6.5,9.0,1.38,,tarps001
475,Logan Allen*,23,CLE,AL,0.1,0,0,,3.38,3,0,2,0,0,0,10.2,12,4,4,1,7,0,7,1,0,1,49,135.0,5.35,1.781,10.1,0.8,5.9,5.9,1.0,,allel002
476,Humberto Castellanos,22,HOU,AL,-0.1,0,1,0.0,6.75,8,0,4,0,0,0,10.2,12,8,8,2,5,0,12,2,0,0,51,68.0,5.35,1.594,10.1,1.7,4.2,10.1,2.4,,casth002
477,Robert Dugger,24,MIA,NL,-0.5,0,0,,12.66,4,1,2,0,0,0,10.2,21,16,15,5,3,0,4,0,0,1,56,37.0,9.38,2.25,17.7,4.2,2.5,3.4,1.33,,duggr001
478,Nick Ramirez*,30,DET,AL,0.0,0,0,,5.91,5,0,1,0,0,0,10.2,8,7,7,3,4,0,11,1,0,0,46,79.0,6.19,1.125,6.8,2.5,3.4,9.3,2.75,,ramin003
479,JoJo Romero*,23,PHI,NL,-0.3,0,0,,7.59,12,0,2,0,0,0,10.2,13,10,9,1,2,0,10,2,0,0,47,61.0,3.66,1.406,11.0,0.8,1.7,8.4,5.0,,romej002
480,John King*,25,TEX,AL,-0.2,1,0,1.0,6.1,6,0,0,0,0,0,10.1,13,8,7,2,4,0,9,2,0,0,51,76.0,5.71,1.645,11.3,1.7,3.5,7.8,2.25,,kingj002
481,Matt Magill,30,SEA,AL,-0.2,0,1,0.0,6.1,11,0,0,0,0,0,10.1,9,7,7,3,6,0,11,0,0,1,45,72.0,6.58,1.452,7.8,2.6,5.2,9.6,1.83,,magim001
482,Carson Fulmer,26,2TM,AL,0.2,0,0,,4.35,10,0,3,0,0,0,10.1,8,5,5,1,5,0,11,2,0,3,46,112.0,4.35,1.258,7.0,0.9,4.4,9.6,2.2,,fulmc001
482,Carson Fulmer,26,DET,AL,0.0,0,0,,6.75,7,0,1,0,0,0,6.2,8,5,5,1,3,0,7,1,0,1,32,70.0,4.84,1.65,10.8,1.4,4.1,9.5,2.33,,fulmc001
482,Carson Fulmer,26,BAL,AL,0.3,0,0,,0.0,3,0,2,0,0,0,3.2,0,0,0,0,2,0,4,1,0,2,14,,3.46,0.545,0.0,0.0,4.9,9.8,2.0,,fulmc001
483,Rico Garcia,26,SFG,NL,0.0,1,1,0.5,5.4,12,0,2,0,0,0,10.0,13,6,6,1,4,0,7,0,0,2,44,82.0,4.29,1.7,11.7,0.9,3.6,6.3,1.75,,garcr006
484,Joe Kelly,32,LAD,NL,0.2,0,0,,1.8,12,1,2,0,0,0,10.0,8,3,2,0,7,0,9,0,0,3,42,250.0,3.49,1.5,7.2,0.0,6.3,8.1,1.29,,kellj001
485,Humberto Mejía,23,MIA,NL,-0.1,0,2,0.0,5.4,3,3,0,0,0,0,10.0,13,8,6,3,6,0,11,1,0,0,49,87.0,6.99,1.9,11.7,2.7,5.4,9.9,1.83,,mejih001
486,Keury Mella,26,ARI,NL,0.2,2,0,1.0,1.8,11,0,3,0,0,0,10.0,10,3,2,1,3,1,10,0,0,1,42,258.0,3.39,1.3,9.0,0.9,2.7,9.0,3.33,,mellk001
487,Jose Quintana*,31,CHC,NL,0.0,0,0,,4.5,4,1,0,0,0,0,10.0,10,5,5,1,3,0,12,0,0,1,41,103.0,2.99,1.3,9.0,0.9,2.7,10.8,4.0,,quinj001
488,Ryne Stanek,28,MIA,NL,-0.1,0,0,,7.2,9,0,3,0,0,0,10.0,11,8,8,3,8,1,11,0,0,0,48,65.0,7.29,1.9,9.9,2.7,7.2,9.9,1.38,,stanr002
489,Robert Stephenson,27,CIN,NL,-0.4,0,0,,9.9,10,0,4,0,0,0,10.0,11,11,11,8,3,0,13,1,0,0,43,51.0,12.19,1.4,9.9,7.2,2.7,11.7,4.33,,stepr002
490,Jacob Webb,26,ATL,NL,0.2,0,0,,0.0,8,0,4,0,0,0,10.0,7,2,0,0,5,1,10,0,0,0,40,,2.69,1.2,6.3,0.0,4.5,9.0,2.0,,webbj002
491,Dominic Leone,28,CLE,AL,-0.3,0,0,,8.38,12,0,4,0,0,0,9.2,14,9,9,3,5,0,16,0,0,1,47,55.0,5.47,1.966,13.0,2.8,4.7,14.9,3.2,,leond003
492,Ramón Rosso,24,PHI,NL,0.0,0,1,0.0,6.52,7,1,3,0,0,0,9.2,9,7,7,1,8,0,11,1,1,3,46,71.0,5.05,1.759,8.4,0.9,7.4,10.2,1.38,,rossr003
493,Ryan Sherriff*,30,TBR,AL,0.5,1,0,1.0,0.0,10,0,3,0,0,1,9.2,6,0,0,0,2,0,2,0,0,0,34,,3.4,0.828,5.6,0.0,1.9,1.9,1.0,,sherr001
494,Andrew Suárez*,27,SFG,NL,0.2,0,0,,3.72,6,0,1,0,0,0,9.2,9,4,4,1,6,0,5,0,0,1,42,119.0,5.36,1.552,8.4,0.9,5.6,4.7,0.83,,suara002
495,Andrew Chafin*,30,2TM,NL,-0.1,1,2,0.333,6.52,15,0,5,0,0,1,9.2,11,7,7,2,5,1,13,0,0,0,45,74.0,4.74,1.655,10.2,1.9,4.7,12.1,2.6,,chafa001
495,Andrew Chafin*,30,ARI,NL,-0.2,1,1,0.5,8.1,11,0,1,0,0,0,6.2,9,6,6,1,4,0,10,0,0,0,33,58.0,3.94,1.95,12.2,1.4,5.4,13.5,2.5,,chafa001
495,Andrew Chafin*,30,CHC,NL,0.1,0,1,0.0,3.0,4,0,4,0,0,1,3.0,2,1,1,1,1,1,3,0,0,0,12,166.0,6.52,1.0,6.0,3.0,3.0,9.0,3.0,,chafa001
496,Aaron Bummer*,26,CHW,AL,0.4,1,0,1.0,0.96,9,0,1,0,0,0,9.1,5,1,1,0,5,0,14,0,0,0,38,476.0,1.8,1.071,4.8,0.0,4.8,13.5,2.8,,bumma001
497,J.P. Feyereisen,27,MIL,NL,0.0,0,0,,5.79,6,0,4,0,0,0,9.1,4,6,6,3,5,0,7,1,0,0,37,81.0,7.8,0.964,3.9,2.9,4.8,6.8,1.4,,feyej001
498,Chaz Roe,33,TBR,AL,0.3,2,0,1.0,2.89,10,0,4,0,0,1,9.1,10,4,3,0,3,0,9,1,0,0,39,146.0,2.55,1.393,9.6,0.0,2.9,8.7,3.0,,roe-c001
499,José Alvarado*,25,TBR,AL,-0.1,0,0,,6.0,9,0,3,0,0,0,9.0,9,7,6,2,6,0,13,2,0,3,45,71.0,5.86,1.667,9.0,2.0,6.0,13.0,2.17,,alvaj004
500,Brandon Leibrandt*,27,MIA,NL,0.2,0,0,,2.0,5,0,2,0,0,0,9.0,3,2,2,0,7,1,3,0,0,0,36,235.0,4.86,1.111,3.0,0.0,7.0,3.0,0.43,,leibb001
501,Chance Adams,25,KCR,AL,-0.2,0,0,,9.35,6,0,1,0,0,0,8.2,15,9,9,1,0,0,6,0,0,2,40,52.0,3.31,1.731,15.6,1.0,0.0,6.2,,,adamc002
502,Matt Hall*,26,BOS,AL,-0.9,0,3,0.0,18.69,4,1,0,0,0,0,8.2,17,18,18,2,10,0,9,1,0,0,54,27.0,7.92,3.115,17.7,2.1,10.4,9.3,0.9,,hallm002
503,Hunter Harvey,25,BAL,AL,0.0,0,2,0.0,4.15,10,0,2,0,0,0,8.2,8,6,4,2,2,0,6,1,0,2,37,116.0,5.84,1.154,8.3,2.1,2.1,6.2,3.0,,harvh001
504,Nivaldo Rodríguez,23,HOU,AL,-0.2,0,1,0.0,6.23,5,0,3,0,0,0,8.2,15,7,6,3,6,1,8,0,0,1,46,74.0,7.92,2.423,15.6,3.1,6.2,8.3,1.33,,rodrn002
505,Jesús Tinoco,25,2TM,NL,0.3,0,0,,1.04,6,0,3,0,0,0,8.2,3,1,1,0,7,0,6,0,0,2,32,496.0,4.23,1.154,3.1,0.0,7.3,6.2,0.86,,tinoj001
505,Jesús Tinoco,25,MIA,NL,0.2,0,0,,0.0,3,0,1,0,0,0,5.0,0,0,0,0,3,0,3,0,0,0,15,,3.79,0.6,0.0,0.0,5.4,5.4,1.0,,tinoj001
505,Jesús Tinoco,25,COL,NL,0.1,0,0,,2.45,3,0,2,0,0,0,3.2,3,1,1,0,4,0,3,0,0,2,17,227.0,4.83,1.909,7.4,0.0,9.8,7.4,0.75,,tinoj001
506,Luis Avilán*,30,NYY,AL,0.1,0,0,,4.32,10,0,1,0,0,0,8.1,9,4,4,2,5,0,9,0,0,0,39,103.0,5.95,1.68,9.7,2.2,5.4,9.7,1.8,,avill001
507,Tyler Bashlor,27,PIT,NL,-0.3,0,0,,8.64,8,0,3,0,0,0,8.1,9,8,8,2,4,0,6,2,0,1,38,54.0,7.03,1.56,9.7,2.2,4.3,6.5,1.5,,basht001
508,Nabil Crismatt,25,STL,NL,0.0,0,0,,3.24,6,0,6,0,0,0,8.1,6,3,3,2,1,1,8,0,0,0,31,134.0,4.75,0.84,6.5,2.2,1.1,8.6,8.0,,crisn001
509,Wil Crowe,25,WSN,NL,-0.5,0,2,0.0,11.88,3,3,0,0,0,0,8.1,14,13,11,5,8,0,8,1,0,0,46,39.0,12.31,2.64,15.1,5.4,8.6,8.6,1.0,,croww001
510,Luis García,33,TEX,AL,-0.3,0,2,0.0,7.56,11,2,3,0,0,0,8.1,10,9,7,1,9,1,11,0,0,2,45,62.0,5.35,2.28,10.8,1.1,9.7,11.9,1.22,,garcl005
511,Ashton Goudeau,27,COL,NL,-0.1,0,0,,7.56,4,0,2,0,0,0,8.1,15,7,7,3,2,0,2,1,0,1,39,71.0,8.47,2.04,16.2,3.2,2.2,2.2,1.0,,gouda001
512,Darwinzon Hernández*,23,BOS,AL,0.4,1,0,1.0,2.16,7,0,0,0,0,0,8.1,5,2,2,0,8,0,13,1,0,1,40,230.0,3.31,1.56,5.4,0.0,8.6,14.0,1.63,,hernd004
513,Nick Neidert,23,MIA,NL,0.0,0,0,,5.4,4,0,1,0,0,0,8.1,10,5,5,1,2,0,4,0,0,0,34,87.0,4.51,1.44,10.8,1.1,2.2,4.3,2.0,,neidn001
514,Andrew Triggs,31,2TM,2LG,0.0,0,2,0.0,7.56,5,2,1,0,0,0,8.1,8,7,7,3,6,0,7,0,0,0,39,68.0,8.35,1.68,8.6,3.2,6.5,7.6,1.17,,triga001
514,Andrew Triggs,31,SFG,NL,-0.2,0,1,0.0,81.0,1,0,0,0,0,0,0.1,0,3,3,0,3,0,0,0,0,0,4,11.0,30.19,9.0,0.0,0.0,81.0,0.0,0.0,,triga001
514,Andrew Triggs,31,BOS,AL,0.2,0,1,0.0,4.5,4,2,1,0,0,0,8.0,8,4,4,3,3,0,7,0,0,0,35,110.0,7.44,1.375,9.0,3.4,3.4,7.9,2.33,,triga001
515,Travis Bergen*,26,2TM,2LG,0.1,1,0,1.0,3.24,8,0,2,0,0,1,8.1,5,3,3,1,9,0,11,0,0,0,36,149.0,5.35,1.68,5.4,1.1,9.7,11.9,1.22,,bergt001
515,Travis Bergen*,26,TOR,AL,0.1,0,0,,0.0,1,0,0,0,0,0,1.2,1,0,0,0,1,0,3,0,0,0,6,,1.39,1.2,5.4,0.0,5.4,16.2,3.0,,bergt001
515,Travis Bergen*,26,ARI,NL,0.1,1,0,1.0,4.05,7,0,2,0,0,1,6.2,4,3,3,1,8,0,8,0,0,0,30,116.0,6.34,1.8,5.4,1.4,10.8,10.8,1.0,,bergt001
516,Homer Bailey,34,MIN,AL,0.2,1,0,1.0,3.38,2,2,0,0,0,0,8.0,6,3,3,1,3,0,7,1,0,0,33,133.0,4.57,1.125,6.8,1.1,3.4,7.9,2.33,,bailh001
517,Andrew Kittredge,30,TBR,AL,0.3,0,0,,2.25,8,1,1,0,0,1,8.0,8,2,2,0,2,0,3,0,0,0,31,189.0,3.19,1.25,9.0,0.0,2.3,3.4,1.5,,kitta001
518,Nestor Cortes*,25,SEA,AL,-0.6,0,1,0.0,15.26,5,1,2,0,0,0,7.2,12,14,13,6,6,0,8,2,0,0,44,29.0,14.41,2.348,14.1,7.0,7.0,9.4,1.33,,cortn001
519,Sean Doolittle*,33,WSN,NL,0.0,0,2,0.0,5.87,11,0,3,0,0,0,7.2,9,6,5,3,4,2,6,0,0,0,36,79.0,8.28,1.696,10.6,3.5,4.7,7.0,1.5,,dools001
520,Braxton Garrett*,22,MIA,NL,0.0,1,1,0.5,5.87,2,2,0,0,0,0,7.2,8,6,5,3,5,0,8,0,0,1,34,81.0,8.15,1.696,9.4,3.5,5.9,9.4,1.6,,garrb001
521,Taylor Guilbeau*,27,SEA,AL,0.3,0,0,,1.17,8,0,3,0,0,0,7.2,8,1,1,0,6,0,3,0,0,1,36,379.0,4.76,1.826,9.4,0.0,7.0,3.5,0.5,,guilt001
522,Sean Poppen,26,MIN,AL,0.0,0,0,,4.7,6,0,4,0,0,0,7.2,9,4,4,0,4,0,10,0,0,3,35,96.0,2.15,1.696,10.6,0.0,4.7,11.7,2.5,,popps001
523,Carlos Rodón*,27,CHW,AL,-0.4,0,2,0.0,8.22,4,2,0,0,0,0,7.2,9,7,7,1,3,0,6,1,0,1,35,56.0,4.89,1.565,10.6,1.2,3.5,7.0,2.0,,rodoc001
524,Erik Swanson,26,SEA,AL,-0.8,0,2,0.0,12.91,9,0,2,0,0,0,7.2,11,12,11,3,2,0,9,2,0,1,37,34.0,7.5,1.696,12.9,3.5,2.3,10.6,4.5,,swane001
525,Justin Topa,29,MIL,NL,0.2,0,1,0.0,2.35,6,0,2,0,0,0,7.2,7,3,2,1,0,0,12,0,0,0,30,201.0,1.76,0.913,8.2,1.2,0.0,14.1,,,topaj001
526,Brandon Bailey,25,HOU,AL,0.1,0,0,,2.45,5,0,1,0,0,0,7.1,6,2,2,1,3,0,4,1,0,1,30,189.0,5.51,1.227,7.4,1.2,3.7,4.9,1.33,,bailb002
527,Ben Braymer*,26,WSN,NL,0.4,1,0,1.0,1.23,3,1,0,0,0,0,7.1,7,1,1,0,5,0,8,0,0,0,34,379.0,3.05,1.636,8.6,0.0,6.1,9.8,1.6,,brayb002
528,Brandon Brennan,28,SEA,AL,0.1,0,0,,3.68,5,0,0,0,0,0,7.1,7,3,3,2,5,1,7,0,0,0,33,121.0,6.87,1.636,8.6,2.5,6.1,8.6,1.4,,brenb003
529,Zack Burdi,25,CHW,AL,-0.6,0,1,0.0,11.05,8,0,0,0,0,0,7.1,11,11,9,4,3,0,11,0,0,1,37,42.0,8.51,1.909,13.5,4.9,3.7,13.5,3.67,,burdz001
530,Chase De Jong,26,HOU,AL,-0.6,0,1,0.0,14.73,3,2,0,0,0,0,7.1,12,12,12,2,4,0,9,1,0,0,38,31.0,6.33,2.182,14.7,2.5,4.9,11.0,2.25,,dejoc001
531,Zac Grotz,27,SEA,AL,-0.6,0,0,,14.73,5,0,1,0,0,0,7.1,11,12,12,4,11,0,4,4,0,1,46,30.0,15.33,3.0,13.5,4.9,13.5,4.9,0.36,,grotz001
532,Deolis Guerra,31,PHI,NL,-0.3,1,3,0.25,8.59,9,0,5,0,0,0,7.1,10,9,7,3,2,0,8,2,0,0,36,55.0,7.96,1.636,12.3,3.7,2.5,9.8,4.0,,guerd001
533,Josh Taylor*,27,BOS,AL,-0.3,1,1,0.5,9.82,8,0,1,0,0,0,7.1,7,8,8,2,5,0,7,1,0,0,36,51.0,7.28,1.636,8.6,2.5,6.1,8.6,1.4,,taylj001
534,Anthony Banda*,26,TBR,AL,-0.4,1,0,1.0,10.29,4,0,3,0,0,1,7.0,10,9,8,1,5,0,4,2,0,0,36,42.0,6.91,2.143,12.9,1.3,6.4,5.1,0.8,,banda001
535,David Hess,26,BAL,AL,0.0,0,0,,6.43,3,0,3,0,0,0,7.0,10,5,5,1,2,0,1,0,0,0,32,76.0,5.62,1.714,12.9,1.3,2.6,1.3,0.5,,hessd001
536,Drew Smith,26,NYM,NL,-0.1,0,1,0.0,6.43,8,0,3,0,0,0,7.0,6,6,5,2,2,1,7,0,0,1,29,70.0,5.76,1.143,7.7,2.6,2.6,9.0,3.5,,smitd009
537,Tyler Thornburg,31,CIN,NL,0.1,0,0,,3.86,7,0,2,0,0,0,7.0,6,3,3,0,5,0,10,0,0,1,32,132.0,2.48,1.571,7.7,0.0,6.4,12.9,2.0,,thort001
538,Miguel Yajure,22,NYY,AL,0.2,0,0,,1.29,3,0,3,0,0,0,7.0,3,1,1,1,5,0,8,1,0,1,29,347.0,5.33,1.143,3.9,1.3,6.4,10.3,1.6,,yajum001
539,Bruce Zimmermann*,25,BAL,AL,-0.1,0,0,,7.71,2,1,1,0,0,0,7.0,6,6,6,2,2,0,7,2,0,2,31,63.0,6.62,1.143,7.7,2.6,2.6,9.0,3.5,,zimmb002
540,Beau Burrows,23,DET,AL,0.0,0,0,,5.4,5,0,1,0,0,0,6.2,8,4,4,3,1,0,3,1,0,0,30,88.0,9.04,1.35,10.8,4.1,1.4,4.1,3.0,,burrb002
541,Sean Reid-Foley,24,TOR,AL,0.1,1,0,1.0,1.35,5,0,2,0,0,0,6.2,3,3,1,0,6,1,6,0,0,0,30,342.0,4.09,1.35,4.1,0.0,8.1,8.1,1.0,,reids001
542,Austin Davis*,27,2TM,NL,-0.2,0,0,,10.8,9,0,3,0,0,0,6.2,11,8,8,1,2,0,5,0,0,0,32,46.0,4.54,1.95,14.9,1.4,2.7,6.8,2.5,,davia003
542,Austin Davis*,27,PHI,NL,-0.2,0,0,,21.0,4,0,1,0,0,0,3.0,10,7,7,1,1,0,2,0,0,0,20,24.0,7.19,3.667,30.0,3.0,3.0,6.0,2.0,,davia003
542,Austin Davis*,27,PIT,NL,0.1,0,0,,2.45,5,0,2,0,0,0,3.2,1,1,1,0,1,0,3,0,0,0,12,200.0,2.37,0.545,2.5,0.0,2.5,7.4,3.0,,davia003
543,José Álvarez*,31,PHI,NL,0.3,0,0,,1.42,8,0,1,0,0,0,6.1,7,1,1,0,3,0,6,0,0,0,27,332.0,2.72,1.579,9.9,0.0,4.3,8.5,2.0,,alvaj003
544,David Bednar,25,SDP,NL,-0.1,0,0,,7.11,4,0,3,0,0,0,6.1,11,6,5,1,2,0,5,0,0,0,32,62.0,4.61,2.053,15.6,1.4,2.8,7.1,2.5,,bednd001
545,Zack Littell,24,MIN,AL,-0.3,0,0,,9.95,6,0,3,0,0,0,6.1,12,7,7,5,3,0,3,1,0,1,31,46.0,14.4,2.368,17.1,7.1,4.3,4.3,1.0,,littz001
546,Cionel Pérez*,24,HOU,AL,0.1,0,0,,2.84,7,0,1,0,0,0,6.1,7,2,2,0,6,1,8,0,0,0,32,164.0,3.51,2.053,9.9,0.0,8.5,11.4,1.33,,perec004
547,Clarke Schmidt,24,NYY,AL,-0.1,0,1,0.0,7.11,3,1,2,0,0,0,6.1,7,5,5,0,5,0,7,2,0,1,33,63.0,4.3,1.895,9.9,0.0,7.1,9.9,1.4,,schmc002
548,Jonathan Stiever,23,CHW,AL,-0.3,0,1,0.0,9.95,2,2,0,0,0,0,6.1,7,7,7,4,4,0,3,0,0,0,29,47.0,12.35,1.737,9.9,5.7,5.7,4.3,0.75,,stiej001
549,Ryan Buchter*,33,LAA,AL,0.0,2,0,1.0,4.5,10,0,1,0,0,0,6.0,5,4,3,2,6,0,8,0,0,1,29,106.0,7.86,1.833,7.5,3.0,9.0,12.0,1.33,,buchr001
550,Garrett Crochet*,21,CHW,AL,0.3,0,0,,0.0,5,0,1,0,0,0,6.0,3,0,0,0,0,0,8,1,0,0,22,,1.02,0.5,4.5,0.0,0.0,12.0,,,crocg001
551,José De León,27,CIN,NL,-0.5,0,0,,18.0,5,0,2,0,0,0,6.0,6,12,12,1,11,2,10,0,0,0,35,29.0,7.52,2.833,9.0,1.5,16.5,15.0,0.91,,delej003
552,Phillip Diehl*,25,COL,NL,-0.2,0,0,,10.5,6,0,2,0,0,0,6.0,7,7,7,2,1,0,4,0,0,0,25,52.0,6.69,1.333,10.5,3.0,1.5,6.0,4.0,,diehp001
553,Paolo Espino,33,WSN,NL,0.1,0,0,,4.5,2,1,1,0,0,0,6.0,8,3,3,1,2,0,7,0,0,0,27,104.0,4.02,1.667,12.0,1.5,3.0,10.5,3.5,,espip001
554,Ben Heller,28,NYY,AL,0.1,0,0,,3.0,6,0,2,0,0,0,6.0,5,2,2,2,2,0,6,2,0,0,27,150.0,7.52,1.167,7.5,3.0,3.0,9.0,3.0,,hellb001
555,Kevin McCarthy,28,KCR,AL,0.0,0,0,,4.5,5,0,2,0,0,0,6.0,10,3,3,1,2,0,2,1,0,0,29,109.0,6.19,2.0,15.0,1.5,3.0,3.0,1.0,,mccak002
556,Patrick Murphy,25,TOR,AL,0.2,0,0,,1.5,4,0,2,0,0,0,6.0,6,1,1,0,2,0,5,0,0,0,25,309.0,2.52,1.333,9.0,0.0,3.0,7.5,2.5,,murpp001
557,Antonio Santos,23,COL,NL,-0.3,0,1,0.0,16.5,3,1,0,0,0,0,6.0,14,11,11,1,4,0,4,2,0,0,35,33.0,7.02,3.0,21.0,1.5,6.0,6.0,1.0,,santa004
558,Paul Sewald,30,NYM,NL,-0.3,0,0,,13.5,5,0,1,0,0,0,6.0,12,9,9,1,4,0,2,1,0,0,35,33.0,7.19,2.667,18.0,1.5,6.0,3.0,0.5,,sewap001
559,Bryan Shaw,32,SEA,AL,-0.7,1,0,1.0,18.0,6,0,1,0,0,0,6.0,13,12,12,1,6,0,4,1,0,0,38,25.0,7.52,3.167,19.5,1.5,9.0,6.0,0.67,,shawb001
560,Justin Verlander,37,HOU,AL,0.2,1,0,1.0,3.0,1,1,0,0,0,0,6.0,3,2,2,2,1,0,7,0,0,0,21,156.0,5.69,0.667,4.5,3.0,1.5,10.5,7.0,,verlj001
561,Kyle Crick,27,PIT,NL,-0.3,0,1,0.0,1.59,7,0,2,0,0,0,5.2,7,6,1,0,4,0,7,0,0,0,29,299.0,2.84,1.941,11.1,0.0,6.4,11.1,1.75,,crick001
562,Joey Lucchesi*,27,SDP,NL,-0.2,0,1,0.0,7.94,3,2,0,0,0,0,5.2,13,5,5,0,2,0,5,1,0,0,32,56.0,3.01,2.647,20.6,0.0,3.2,7.9,2.5,,luccj001
563,Justin Shafer,27,MIA,NL,-0.4,0,0,,12.71,5,0,0,0,0,0,5.2,8,8,8,2,4,0,5,1,0,0,30,38.0,8.66,2.118,12.7,3.2,6.4,7.9,1.25,,shafj001
564,Gabe Speier*,25,KCR,AL,-0.1,0,1,0.0,7.94,8,0,3,0,0,0,5.2,9,5,5,1,4,0,6,0,0,0,30,62.0,5.49,2.294,14.3,1.6,6.4,9.5,1.5,,speig001
565,Trent Thornton,26,TOR,AL,-0.3,0,0,,11.12,3,3,0,0,0,0,5.2,15,7,7,0,3,0,6,0,0,0,33,42.0,2.66,3.176,23.8,0.0,4.8,9.5,2.0,,thort002
566,Edinson Vólquez,36,TEX,AL,-0.1,2,1,0.667,6.35,7,0,3,0,0,0,5.2,6,4,4,0,2,0,3,1,0,0,26,75.0,3.72,1.412,9.5,0.0,3.2,4.8,1.5,,volqe001
567,Jordan Zimmermann,34,DET,AL,-0.2,0,0,,7.94,3,2,0,0,0,0,5.2,11,6,5,0,2,0,6,0,0,0,28,60.0,2.13,2.294,17.5,0.0,3.2,9.5,3.0,,zimmj003
568,Luke Bard,29,LAA,AL,-0.1,0,0,,6.75,6,0,3,0,0,0,5.1,7,4,4,2,0,0,7,0,1,0,23,71.0,5.44,1.313,11.8,3.4,0.0,11.8,,,bardl001
569,Luke Farrell,29,TEX,AL,-0.1,0,0,,8.44,4,0,1,0,0,0,5.1,5,5,5,1,5,0,8,1,0,2,27,56.0,6.0,1.875,8.4,1.7,8.4,13.5,1.6,,farrl001
570,Reggie McClain,27,PHI,NL,-0.2,0,0,,5.06,5,0,1,0,0,0,5.1,9,6,3,1,3,0,2,0,0,0,29,94.0,6.57,2.25,15.2,1.7,5.1,3.4,0.67,,mcclr001
571,Mike Montgomery*,30,KCR,AL,-0.1,0,0,,5.06,3,1,0,0,0,0,5.1,6,5,3,1,1,0,4,0,0,0,23,97.0,4.69,1.313,10.1,1.7,1.7,6.8,4.0,,montm002
572,James Pazos*,29,COL,NL,-0.3,0,0,,16.88,6,0,3,0,0,0,5.1,10,10,10,3,5,0,1,0,0,0,29,32.0,12.94,2.813,16.9,5.1,8.4,1.7,0.2,,pazoj001
573,Ricardo Sánchez*,23,STL,NL,-0.1,0,0,,6.75,3,0,1,0,0,0,5.1,5,4,4,1,5,0,4,1,1,0,27,66.0,7.5,1.875,8.4,1.7,8.4,6.8,0.8,,sancr003
574,Sterling Sharp,25,MIA,NL,-0.3,0,0,,10.13,4,0,0,0,0,0,5.1,7,7,6,1,5,0,3,1,0,0,29,48.0,7.88,2.25,11.8,1.7,8.4,5.1,0.6,,shars001
575,Jhoulys Chacín,32,ATL,NL,-0.1,1,0,1.0,7.2,2,0,0,0,0,0,5.0,6,4,4,1,3,0,3,0,0,0,24,69.0,6.39,1.8,10.8,1.8,5.4,5.4,1.0,,chacj001
576,Sam Freeman*,33,WSN,NL,0.2,0,0,,1.8,7,0,1,0,0,0,5.0,2,1,1,0,7,1,6,0,0,0,25,264.0,4.99,1.8,3.6,0.0,12.6,10.8,0.86,,frees001
577,Branden Kline,28,BAL,AL,0.2,0,0,,1.8,3,0,1,0,0,0,5.0,2,1,1,0,3,0,7,0,0,0,20,275.0,2.19,1.0,3.6,0.0,5.4,12.6,2.33,,klinb001
578,Nick Mears,23,PIT,NL,0.0,0,0,,5.4,4,0,2,0,0,0,5.0,4,3,3,1,7,0,7,0,0,1,26,89.0,7.19,2.2,7.2,1.8,12.6,12.6,1.0,,mearn001
579,Tyson Miller,24,CHC,NL,0.0,0,0,,5.4,2,1,1,0,0,0,5.0,2,3,3,1,3,0,0,0,1,0,20,89.0,7.59,1.0,3.6,1.8,5.4,0.0,0.0,,millt003
580,Glenn Sparkman,28,KCR,AL,-0.2,0,0,,5.4,4,0,0,0,0,0,5.0,9,6,3,0,1,0,2,0,0,0,27,92.0,2.99,2.0,16.2,0.0,1.8,3.6,2.0,,sparg001
581,Stephen Strasburg,31,WSN,NL,-0.2,0,1,0.0,10.8,2,2,0,0,0,0,5.0,8,6,6,1,1,0,2,0,0,0,23,44.0,5.59,1.8,14.4,1.8,1.8,3.6,2.0,,stras001
582,Michel Báez,24,SDP,NL,-0.1,0,0,,7.71,3,1,1,0,0,0,4.2,7,4,4,0,2,0,7,0,1,0,23,58.0,1.48,1.929,13.5,0.0,3.9,13.5,3.5,,baezm001
583,Carl Edwards Jr.,28,SEA,AL,0.2,0,0,,1.93,5,0,1,0,0,1,4.2,2,1,1,0,1,0,6,0,0,0,17,237.0,1.26,0.643,3.9,0.0,1.9,11.6,6.0,,edwac001
584,Justin Grimm,31,MIL,NL,-0.3,0,0,,17.36,4,0,2,0,0,0,4.2,9,9,9,4,4,0,6,0,0,0,27,28.0,14.33,2.786,17.4,7.7,7.7,11.6,1.5,,grimj002
585,Rob Kaminsky*,25,STL,NL,-0.1,0,0,,1.93,5,0,3,0,0,0,4.2,3,3,1,0,2,0,3,0,0,0,21,233.0,3.19,1.071,5.8,0.0,3.9,5.8,1.5,,kamir001
586,Robinson Leyer,27,BOS,AL,-0.7,0,0,,21.21,6,1,0,0,0,0,4.2,12,11,11,3,8,0,9,0,0,0,34,24.0,12.83,4.286,23.1,5.8,15.4,17.4,1.13,,leyer001
587,Kodi Whitley,25,STL,NL,0.1,0,0,,1.93,4,0,1,0,0,0,4.2,2,1,1,1,1,0,5,0,0,0,17,233.0,4.48,0.643,3.9,1.9,1.9,9.6,5.0,,whitk001
588,Brian Moran*,31,2TM,2LG,-0.1,1,0,1.0,9.64,7,0,2,0,0,0,4.2,6,5,5,1,6,0,7,0,0,0,26,53.0,6.83,2.571,11.6,1.9,11.6,13.5,1.17,,morab001
588,Brian Moran*,31,TOR,AL,0.2,0,0,,0.0,2,0,1,0,0,0,1.0,1,0,0,0,0,0,1,0,0,0,4,,1.19,1.0,9.0,0.0,0.0,9.0,,,morab001
588,Brian Moran*,31,MIA,NL,-0.3,1,0,1.0,12.27,5,0,1,0,0,0,3.2,5,5,5,1,6,0,6,0,0,0,22,40.0,8.37,3.0,12.3,2.5,14.7,14.7,1.0,,morab001
589,Joe Biagini,30,HOU,AL,-0.4,0,0,,20.77,4,0,0,0,0,0,4.1,10,10,10,1,4,0,4,0,0,1,27,23.0,7.11,3.231,20.8,2.1,8.3,8.3,1.0,,biagj001
590,Wade Davis,34,COL,NL,-0.7,0,1,0.0,20.77,5,0,2,0,0,2,4.1,9,10,10,3,3,1,3,0,0,2,25,27.0,12.88,2.769,18.7,6.2,6.2,6.2,1.0,,daviw001
591,Aaron Fletcher*,24,SEA,AL,-0.2,0,0,,12.46,6,0,0,0,0,0,4.1,7,6,6,1,7,0,7,2,0,0,29,37.0,9.19,3.231,14.5,2.1,14.5,14.5,1.0,,fleta001
592,Sean Gilmartin*,30,TBR,AL,-0.1,0,0,,8.31,2,0,0,0,0,0,4.1,7,4,4,2,4,0,5,0,0,0,24,53.0,9.65,2.538,14.5,4.2,8.3,10.4,1.25,,gilms001
593,José Mujica,24,COL,NL,-0.5,0,0,,12.46,2,0,1,0,0,0,4.1,10,7,6,2,2,0,1,0,0,0,23,44.0,10.11,2.769,20.8,4.2,4.2,2.1,0.5,,mujij001
594,Roberto Osuna,25,HOU,AL,0.3,0,0,,2.08,4,0,2,0,0,1,4.1,3,1,1,0,0,0,3,0,0,0,16,230.0,1.81,0.692,6.2,0.0,0.0,6.2,,,osunr001
595,Josh Sborz,26,LAD,NL,0.1,0,0,,2.08,4,0,3,0,0,0,4.1,2,1,1,1,1,0,2,0,0,0,16,226.0,5.96,0.692,4.2,2.1,2.1,4.2,2.0,,sborj002
596,Domingo Tapia,28,BOS,AL,0.1,0,0,,2.08,5,0,0,0,0,0,4.1,4,1,1,1,2,0,4,0,0,0,19,247.0,5.73,1.385,8.3,2.1,4.2,8.3,2.0,,tapid001
597,Pat Venditte#,35,MIA,NL,0.2,0,0,,0.0,3,0,2,0,0,0,4.1,1,0,0,0,0,0,5,2,0,0,15,,2.27,0.231,2.1,0.0,0.0,10.4,,,vendp001
598,Alex Vesia*,24,MIA,NL,-0.6,0,1,0.0,18.69,5,0,0,0,0,0,4.1,7,10,9,3,7,0,5,0,0,0,27,26.0,14.73,3.231,14.5,6.2,14.5,10.4,0.71,,vesia001
599,Kirby Yates,33,SDP,NL,-0.3,0,1,0.0,12.46,6,0,3,0,0,2,4.1,7,6,6,1,4,0,8,0,0,2,25,36.0,5.27,2.538,14.5,2.1,8.3,16.6,2.0,,yatek001
600,Austin Adams,29,SDP,NL,0.0,0,0,,4.5,3,0,1,0,0,0,4.0,3,2,2,1,2,0,7,0,0,1,17,101.0,4.44,1.25,6.8,2.3,4.5,15.8,3.5,,adama002
601,James Bourque,26,WSN,NL,0.1,1,0,1.0,6.75,6,0,3,0,0,0,4.0,3,3,3,1,5,0,1,0,0,1,19,71.0,9.69,2.0,6.8,2.3,11.3,2.3,0.2,,bourj003
602,Blake Cederlind,24,PIT,NL,0.0,0,0,,4.5,5,0,2,0,0,0,4.0,3,2,2,0,1,0,4,0,0,1,16,108.0,1.94,1.0,6.8,0.0,2.3,9.0,4.0,,cedeb001
603,Demarcus Evans,23,TEX,AL,0.1,0,0,,2.25,4,0,0,0,0,0,4.0,3,1,1,1,0,0,4,1,0,0,14,216.0,5.19,0.75,6.8,2.3,0.0,9.0,,,evand003
604,Ian Hamilton,25,CHW,AL,0.0,0,0,,4.5,4,0,0,0,0,0,4.0,4,2,2,0,5,0,4,0,0,2,20,107.0,4.94,2.25,9.0,0.0,11.3,9.0,0.8,,hamii001
605,Ariel Jurado,24,NYM,NL,-0.2,0,0,,11.25,1,1,0,0,0,0,4.0,9,5,5,1,0,0,2,0,0,0,21,41.0,5.44,2.25,20.3,2.3,0.0,4.5,,,juraa001
606,Adonis Medina,23,PHI,NL,0.1,0,1,0.0,4.5,1,1,0,0,0,0,4.0,3,2,2,0,3,0,4,0,1,0,18,108.0,3.44,1.5,6.8,0.0,6.8,9.0,1.33,,media001
607,Mike Morin,29,MIA,NL,0.3,1,0,1.0,0.0,3,0,0,0,0,0,4.0,1,0,0,0,1,0,2,0,0,0,12,,2.94,0.5,2.3,0.0,2.3,4.5,2.0,,morim002
608,Yacksel Ríos,27,PIT,NL,-0.1,0,0,,9.0,3,0,1,0,0,0,4.0,3,4,4,0,2,0,3,1,0,0,17,54.0,3.94,1.25,6.8,0.0,4.5,6.8,1.5,,riosy001
609,Dereck Rodríguez,28,SFG,NL,-0.3,0,0,,13.5,2,0,0,0,0,0,4.0,10,6,6,2,3,0,2,0,0,0,24,34.0,10.94,3.25,22.5,4.5,6.8,4.5,0.67,,rodrd001
610,José Ruiz,25,CHW,AL,0.1,0,0,,2.25,5,0,4,0,0,0,4.0,2,1,1,1,0,0,5,0,0,0,14,214.0,3.94,0.5,4.5,2.3,0.0,11.3,,,ruizj001
611,Ranger Suárez*,24,PHI,NL,-0.4,0,1,0.0,20.25,3,0,1,0,0,0,4.0,10,9,9,1,4,0,1,1,0,0,26,24.0,9.69,3.5,22.5,2.3,9.0,2.3,0.25,,suarr001
612,Ronald Bolaños,23,KCR,AL,-0.4,0,2,0.0,12.27,2,2,0,0,0,0,3.2,8,7,5,2,3,0,2,1,0,2,21,41.0,12.46,3.0,19.6,4.9,7.4,4.9,0.67,,bolar001
613,Miguel Del Pozo*,27,PIT,NL,-0.7,0,0,,17.18,5,0,1,0,0,0,3.2,7,7,7,0,8,1,2,0,0,1,25,29.0,8.65,4.091,17.2,0.0,19.6,4.9,0.25,,delpm001
614,Chris Devenski,29,HOU,AL,-0.4,0,1,0.0,14.73,4,0,0,0,0,0,3.2,7,6,6,1,3,0,5,0,0,0,21,33.0,6.46,2.727,17.2,2.5,7.4,12.3,1.67,,devec001
615,Ken Giles,29,TOR,AL,-0.2,0,0,,9.82,4,0,1,0,0,1,3.2,4,4,4,2,4,0,6,0,0,0,19,49.0,10.28,2.182,9.8,4.9,9.8,14.7,1.5,,gilek001
616,Cole Irvin*,26,PHI,NL,-0.3,0,1,0.0,17.18,3,0,1,0,0,0,3.2,11,7,7,1,1,0,4,0,0,0,22,29.0,5.37,3.273,27.0,2.5,2.5,9.8,4.0,,irvic001
617,James Kaprielian,26,OAK,AL,-0.1,0,0,,7.36,2,0,0,0,0,0,3.2,4,3,3,2,2,0,4,0,0,0,17,62.0,9.74,1.636,9.8,4.9,4.9,9.8,2.0,,kaprj001
618,Brooks Kriske,26,NYY,AL,-0.4,0,0,,14.73,4,0,2,0,0,0,3.2,3,6,6,1,7,0,8,0,0,2,22,32.0,8.1,2.727,7.4,2.5,17.2,19.6,1.14,,krisb001
619,José Quijada*,24,LAA,AL,-0.2,0,1,0.0,7.36,6,0,1,0,0,0,3.2,6,4,3,1,2,0,6,1,0,0,20,67.0,5.92,2.182,14.7,2.5,4.9,14.7,3.0,,quijj001
620,Chad Sobotka,26,ATL,NL,-0.1,0,0,,12.27,4,0,3,0,0,0,3.2,6,5,5,0,2,0,2,0,0,2,20,41.0,3.74,2.182,14.7,0.0,4.9,4.9,1.0,,soboc001
621,Bryan Abreu,23,HOU,AL,0.0,0,0,,2.7,4,0,1,0,0,0,3.1,1,2,1,0,7,0,3,2,0,0,20,181.0,9.49,2.4,2.7,0.0,18.9,8.1,0.43,,abreb002
622,Rex Brothers*,32,CHC,NL,-0.1,0,0,,8.1,3,0,0,0,0,0,3.1,2,3,3,2,3,0,8,0,1,0,15,61.0,8.89,1.5,5.4,5.4,8.1,21.6,2.67,,brotr001
623,Matt Davidson,29,CIN,NL,0.0,0,0,,5.4,3,0,3,0,0,0,3.1,4,2,2,1,2,0,1,0,0,0,15,99.0,8.29,1.8,10.8,2.7,5.4,2.7,0.5,,davim005
624,Brett Eibner,31,MIA,NL,-0.2,0,0,,13.5,3,0,2,0,0,0,3.1,7,7,5,2,4,1,4,0,0,1,21,37.0,12.19,3.3,18.9,5.4,10.8,10.8,1.0,,eibnb001
625,Mike Foltynewicz,28,ATL,NL,-0.3,0,1,0.0,16.2,1,1,0,0,0,0,3.1,4,6,6,3,4,0,3,0,0,0,16,32.0,16.69,2.4,10.8,8.1,10.8,8.1,0.75,,foltm001
626,Edgar García,23,TBR,AL,-0.3,0,0,,10.8,4,0,1,0,0,1,3.1,3,4,4,2,4,0,1,0,0,0,16,42.0,13.99,2.1,8.1,5.4,10.8,2.7,0.25,,garce001
627,Cole Hamels*,36,ATL,NL,-0.1,0,1,0.0,8.1,1,1,0,0,0,0,3.1,3,3,3,0,1,0,2,0,0,0,14,63.0,2.89,1.2,8.1,0.0,2.7,5.4,2.0,,hamec001
628,Joe Harvey,28,COL,NL,0.1,0,0,,0.0,4,0,1,0,0,0,3.1,3,0,0,0,0,0,2,1,0,0,14,,2.89,0.9,8.1,0.0,0.0,5.4,,,harvj001
629,Trevor Kelley,27,PHI,NL,-0.1,0,0,,10.8,4,0,2,0,0,0,3.1,8,4,4,2,1,0,5,0,0,1,19,46.0,8.89,2.7,21.6,5.4,2.7,13.5,5.0,,kellt002
630,Artie Lewicki,28,ARI,NL,0.0,0,0,,5.4,2,0,2,0,0,0,3.1,7,2,2,0,1,0,5,0,0,0,18,92.0,1.09,2.4,18.9,0.0,2.7,13.5,5.0,,lewia001
631,Randy Rosario*,26,KCR,AL,-0.1,0,1,0.0,8.1,4,0,1,0,0,0,3.1,7,3,3,1,3,0,4,1,0,1,21,63.0,8.29,3.0,18.9,2.7,8.1,10.8,1.33,,rosar002
632,Chris Rusin*,33,ATL,NL,-0.1,0,0,,8.1,1,0,0,0,0,0,3.1,6,3,3,1,3,0,3,0,0,0,17,63.0,7.99,2.7,16.2,2.7,8.1,8.1,1.0,,rusic001
633,Hunter Strickland,31,NYM,NL,-0.1,0,1,0.0,8.1,4,0,2,0,0,0,3.1,5,4,3,0,1,0,4,0,0,0,16,58.0,1.69,1.8,13.5,0.0,2.7,10.8,4.0,,strih001
634,Brandon Waddell*,26,PIT,NL,0.1,0,0,,2.7,2,0,1,0,0,0,3.1,2,1,1,0,2,0,2,0,0,0,14,183.0,3.79,1.2,5.4,0.0,5.4,5.4,1.0,,waddb001
635,Ray Black,30,MIL,NL,0.1,0,0,,3.0,3,0,2,0,0,0,3.0,2,1,1,0,3,0,3,0,0,0,14,168.0,4.19,1.667,6.0,0.0,9.0,9.0,1.0,,blacr001
636,Scott Blewett,24,KCR,AL,0.0,0,0,,6.0,2,0,1,0,0,0,3.0,6,2,2,0,1,0,4,0,0,0,16,86.0,1.52,2.333,18.0,0.0,3.0,12.0,4.0,,blews001
637,Junior Fernández,23,STL,NL,-0.2,0,0,,18.0,3,0,2,0,0,0,3.0,6,6,6,1,2,0,2,0,0,0,16,26.0,8.19,2.667,18.0,3.0,6.0,6.0,1.0,,fernj006
638,Sam Gaviglio,30,TOR,AL,-0.1,0,1,0.0,9.0,4,0,1,0,0,0,3.0,3,3,3,0,5,0,1,0,1,0,17,54.0,7.52,2.667,9.0,0.0,15.0,3.0,0.2,,gavis001
639,Joel Kuhnel,25,CIN,NL,0.0,1,0,1.0,6.0,3,0,1,0,0,0,3.0,4,2,2,2,0,0,3,0,0,0,13,90.0,9.86,1.333,12.0,6.0,0.0,9.0,,,kuhnj001
640,Alex McRae,27,CHW,AL,0.1,0,0,,0.0,2,0,1,0,0,0,3.0,1,0,0,0,0,0,2,0,0,0,10,,1.86,0.333,3.0,0.0,0.0,6.0,,,mcraa001
641,Joel Payamps,26,ARI,NL,0.0,0,0,,3.0,2,0,1,0,0,0,3.0,2,2,1,0,3,0,2,0,0,0,13,166.0,4.86,1.667,6.0,0.0,9.0,6.0,0.67,,payaj001
642,Johan Quezada,25,MIA,NL,-0.1,0,0,,9.0,3,0,2,0,0,0,3.0,4,3,3,1,1,0,2,0,0,0,12,56.0,7.19,1.667,12.0,3.0,3.0,6.0,2.0,,quezj001
643,Mitch White,25,LAD,NL,0.1,1,0,1.0,0.0,2,0,2,0,0,0,3.0,1,0,0,0,1,0,2,0,0,0,11,,2.86,0.667,3.0,0.0,3.0,6.0,2.0,,whitm004
644,Danny Coulombe*,30,MIN,AL,0.1,0,0,,0.0,2,0,2,0,0,0,2.2,2,0,0,0,3,0,3,0,0,0,13,,4.32,1.875,6.8,0.0,10.1,10.1,1.0,,could001
645,Seth Frankoff,31,SEA,AL,-0.4,0,0,,16.88,2,0,1,0,0,0,2.2,6,5,5,0,2,0,0,0,0,0,16,29.0,5.44,3.0,20.3,0.0,6.8,0.0,0.0,,frans001
646,Ryan Meisinger,26,STL,NL,0.1,0,0,,0.0,2,0,0,0,0,0,2.2,1,0,0,0,4,0,3,1,0,0,13,,6.57,1.875,3.4,0.0,13.5,10.1,0.75,,meisr001
647,Angel Perdomo*,26,MIL,NL,-0.3,0,0,,20.25,3,0,1,0,0,0,2.2,3,7,6,0,7,1,5,1,1,0,19,25.0,8.44,3.75,10.1,0.0,23.6,16.9,0.71,,perda001
648,AJ Ramos,33,COL,NL,0.1,0,0,,3.38,3,0,0,0,0,0,2.2,4,1,1,1,3,0,1,0,0,0,15,170.0,10.69,2.625,13.5,3.4,10.1,3.4,0.33,,ramoa001
649,Seth Romero*,24,WSN,NL,-0.2,0,0,,13.5,3,0,0,0,0,0,2.2,5,4,4,1,3,0,5,0,0,1,18,37.0,7.69,3.0,16.9,3.4,10.1,16.9,1.67,,romes002
650,Paul Blackburn,26,OAK,AL,-0.3,0,1,0.0,27.0,1,1,0,0,0,0,2.1,5,7,7,0,2,0,2,0,0,1,14,18.0,4.05,3.0,19.3,0.0,7.7,7.7,1.0,,blacp001
651,Nick Burdi,27,PIT,NL,0.0,0,1,0.0,3.86,3,0,3,0,0,1,2.1,2,1,1,0,2,0,4,0,0,0,10,133.0,2.33,1.714,7.7,0.0,7.7,15.4,2.0,,burdn001
652,Tommy Doyle,24,COL,NL,-0.2,0,0,,23.14,3,0,2,0,0,0,2.1,6,6,6,0,4,0,2,0,0,0,17,25.0,6.62,4.286,23.1,0.0,15.4,7.7,0.5,,doylt001
653,Kelvin Herrera,30,CHW,AL,-0.1,0,0,,15.43,2,0,1,0,0,0,2.1,3,4,4,2,1,0,3,0,0,0,11,33.0,13.05,1.714,11.6,7.7,3.9,11.6,3.0,,herrk001
654,Kyle Keller,27,LAA,AL,0.0,0,0,,7.71,2,0,1,0,0,0,2.1,3,2,2,0,2,0,1,0,0,1,13,67.0,4.91,2.143,11.6,0.0,7.7,3.9,0.5,,kellk003
655,Joe Mantiply*,29,ARI,NL,-0.2,0,0,,15.43,4,0,1,0,0,0,2.1,3,4,4,0,4,0,2,0,0,0,15,33.0,6.62,3.0,11.6,0.0,15.4,7.7,0.5,,mantj002
656,Joe Palumbo*,25,TEX,AL,-0.2,0,1,0.0,11.57,2,0,0,0,0,0,2.1,3,3,3,1,3,0,5,0,0,0,14,44.0,8.33,2.571,11.6,3.9,11.6,19.3,1.67,,paluj001
657,Brad Peacock,32,HOU,AL,-0.1,0,0,,7.71,3,0,0,0,0,0,2.1,3,2,2,0,1,0,3,1,0,0,12,66.0,3.19,1.714,11.6,0.0,3.9,11.6,3.0,,peacb001
658,Pedro Strop,35,CIN,NL,-0.2,0,0,,3.86,4,0,0,0,0,0,2.1,1,3,1,0,6,0,3,0,0,1,15,144.0,8.33,3.0,3.9,0.0,23.1,11.6,0.5,,strop001
659,José Suarez*,22,LAA,AL,-0.6,0,2,0.0,38.57,2,2,0,0,0,0,2.1,10,10,10,1,5,0,2,1,0,1,23,13.0,14.76,6.429,38.6,3.9,19.3,7.7,0.4,,suarj001
660,Bobby Wahl,28,MIL,NL,-0.2,0,1,0.0,11.57,3,0,1,0,0,0,2.1,4,3,3,2,0,0,1,0,0,0,11,45.0,13.48,1.714,15.4,7.7,0.0,3.9,,,wahlb001
661,Jimmy Yacabonis,28,SEA,AL,0.0,0,1,0.0,3.86,2,1,1,0,0,0,2.1,2,1,1,0,3,0,1,1,0,0,13,127.0,7.48,2.143,7.7,0.0,11.6,3.9,0.33,,yacaj001
662,Orlando Arcia,25,MIL,NL,-0.1,0,0,,18.0,2,0,2,0,0,0,2.0,4,4,4,1,1,0,0,0,0,0,11,29.0,11.19,2.5,18.0,4.5,4.5,0.0,0.0,,arcio002
663,Cody Carroll,27,BAL,AL,-0.5,0,0,,54.0,3,0,0,0,0,0,2.0,9,12,12,0,5,0,3,1,0,2,21,10.0,9.19,7.0,40.5,0.0,22.5,13.5,0.6,,carrc004
664,Santiago Espinal,25,TOR,AL,0.0,0,0,,9.0,2,0,2,0,0,0,2.0,3,2,2,1,1,0,0,1,0,0,11,57.0,12.69,2.0,13.5,4.5,4.5,0.0,0.0,,espis001
665,Bernardo Flores Jr.*,24,CHW,AL,-0.1,0,0,,9.0,2,0,1,0,0,0,2.0,4,2,2,0,0,0,2,0,0,0,10,58.0,1.19,2.0,18.0,0.0,0.0,9.0,,,florb002
666,Cory Gearrin,34,MIN,AL,0.1,0,0,,0.0,1,0,1,0,0,0,2.0,0,0,0,0,2,0,1,0,0,0,7,,5.19,1.0,0.0,0.0,9.0,4.5,0.5,,gearc001
667,Daulton Jefferies,24,OAK,AL,-0.3,0,1,0.0,22.5,1,1,0,0,0,0,2.0,5,5,5,2,2,0,1,0,0,0,13,22.0,18.19,3.5,22.5,9.0,9.0,4.5,0.5,,jeffd001
668,Keone Kela,27,PIT,NL,0.0,0,0,,4.5,3,0,1,0,0,0,2.0,3,1,1,1,1,0,3,0,0,0,10,117.0,8.19,2.0,13.5,4.5,4.5,13.5,3.0,,kelak001
669,Erik Kratz,40,NYY,AL,0.0,0,0,,9.0,2,0,2,0,0,0,2.0,2,2,2,2,0,0,0,1,0,0,9,56.0,17.69,1.0,9.0,9.0,0.0,0.0,,,krate001
670,Jimmy Lambert,25,CHW,AL,0.1,0,0,,0.0,2,0,1,0,0,0,2.0,2,0,0,0,0,0,2,0,0,0,8,,1.19,1.0,9.0,0.0,0.0,9.0,,,lambj003
671,José Leclerc,26,TEX,AL,0.0,0,0,,4.5,2,0,2,0,0,1,2.0,2,1,1,0,2,0,3,0,0,0,10,116.0,3.19,2.0,9.0,0.0,9.0,13.5,1.5,,leclj001
672,Carlos Sanabria,23,HOU,AL,0.0,0,0,,9.0,2,0,2,0,0,0,2.0,3,2,2,1,3,0,2,0,0,2,12,58.0,12.19,3.0,13.5,4.5,13.5,9.0,0.67,,sanac001
673,Aaron Barrett,32,WSN,NL,0.0,0,0,,10.8,2,0,0,0,0,0,1.2,2,2,2,0,2,1,1,1,0,0,9,50.0,7.39,2.4,10.8,0.0,10.8,5.4,0.5,,barra001
674,Drew Butera,36,COL,NL,0.0,0,0,,5.4,1,0,1,0,0,0,1.2,3,1,1,0,0,0,1,0,0,0,8,112.0,1.99,1.8,16.2,0.0,0.0,5.4,,,buted001
675,Tucker Davidson*,24,ATL,NL,-0.3,0,1,0.0,10.8,1,1,0,0,0,0,1.2,3,7,2,1,4,0,2,0,0,0,13,52.0,15.79,4.2,16.2,5.4,21.6,10.8,0.5,,davit005
676,Michael Feliz,27,PIT,NL,-0.3,0,0,,32.4,3,0,0,0,0,0,1.2,4,6,6,1,2,0,2,1,0,0,12,17.0,13.99,3.6,21.6,5.4,10.8,10.8,1.0,,felim001
677,Foster Griffin*,24,KCR,AL,0.1,1,0,1.0,0.0,1,0,0,0,0,0,1.2,0,0,0,0,0,0,1,0,0,0,6,,1.99,0.0,0.0,0.0,0.0,5.4,,,griff001
678,Tyler Lyons*,32,NYY,AL,-0.1,0,0,,21.6,1,0,0,0,0,0,1.2,3,4,4,0,1,0,0,1,0,0,10,24.0,6.79,2.4,16.2,0.0,5.4,0.0,0.0,,lyont001
679,James Norwood,26,CHC,NL,-0.1,0,0,,16.2,3,0,0,0,0,0,1.2,4,3,3,0,1,0,0,0,0,1,9,33.0,4.99,3.0,21.6,0.0,5.4,0.0,0.0,,norwj001
680,Shohei Ohtani,25,LAA,AL,-0.4,0,1,0.0,37.8,2,2,0,0,0,0,1.2,3,7,7,0,8,0,3,0,0,1,16,14.0,13.99,6.6,16.2,0.0,43.2,16.2,0.38,,ohtas001
681,Hector Perez,24,TOR,AL,0.0,0,0,,10.8,1,0,0,0,0,0,1.2,3,2,2,1,3,0,1,0,0,0,10,49.0,15.19,3.6,16.2,5.4,16.2,5.4,0.33,,pereh002
682,Dillon Peters*,27,LAA,AL,-0.2,0,0,,16.2,1,1,0,0,0,0,1.2,3,4,3,2,0,0,2,0,0,0,9,34.0,16.39,1.8,16.2,10.8,0.0,10.8,,,peted001
683,José Rodríguez,24,LAA,AL,0.2,0,0,,0.0,1,0,0,0,0,0,1.2,2,0,0,0,1,0,0,0,0,0,8,,4.99,1.8,10.8,0.0,5.4,0.0,0.0,,rodrj006
684,Josh D. Smith*,30,MIA,NL,-0.1,0,0,,10.8,2,0,0,0,0,0,1.2,2,2,2,1,1,0,4,2,0,0,10,50.0,11.59,1.8,10.8,5.4,5.4,21.6,4.0,,smitj006
685,Albert Abreu,24,NYY,AL,-0.3,0,1,0.0,20.25,2,0,1,0,0,0,1.1,4,4,3,1,2,0,2,1,0,0,11,27.0,16.69,4.5,27.0,6.8,13.5,13.5,1.0,,abrea001
686,Drew Anderson,26,CHW,AL,-0.3,0,1,0.0,40.5,1,0,0,0,0,0,1.1,4,6,6,2,2,0,2,0,0,1,10,14.0,24.19,4.5,27.0,13.5,13.5,13.5,1.0,,anded003
687,Clay Holmes,27,PIT,NL,0.1,0,0,,0.0,1,0,0,0,0,0,1.1,2,0,0,0,0,0,1,0,0,0,6,,1.69,1.5,13.5,0.0,0.0,6.8,,,holmc001
688,Brock Holt,32,WSN,NL,0.0,0,0,,13.5,2,0,2,0,0,0,1.1,5,2,2,1,0,0,0,0,0,0,10,41.0,12.94,3.75,33.8,6.8,0.0,0.0,,,holtb002
689,Dany Jiménez,26,SFG,NL,0.0,0,0,,6.75,2,0,1,0,0,0,1.1,1,1,1,0,3,0,1,0,0,0,8,80.0,8.44,3.0,6.8,0.0,20.3,6.8,0.33,,jimed002
690,Juan Nicasio,33,TEX,AL,-0.3,0,0,,40.5,2,0,0,0,0,0,1.1,5,6,6,1,2,0,1,0,0,0,11,14.0,15.94,5.25,33.8,6.8,13.5,6.8,0.5,,nicaj001
691,Sal Romano,26,CIN,NL,0.1,1,0,1.0,0.0,2,0,1,0,0,0,1.1,0,0,0,0,0,0,0,0,0,0,4,,3.19,0.0,0.0,0.0,0.0,0.0,,,romas001
692,Ehire Adrianza,30,MIN,AL,0.0,0,0,,9.0,1,0,1,0,0,0,1.0,1,1,1,1,0,0,0,1,0,0,5,65.0,19.19,1.0,9.0,9.0,0.0,0.0,,,adrie001
693,Anthony Bemboom,30,LAA,AL,0.0,0,0,,0.0,1,0,1,0,0,0,1.0,0,0,0,0,1,0,0,0,0,0,4,,6.19,1.0,0.0,0.0,9.0,0.0,0.0,,bemba001
694,Phil Bickford,24,MIL,NL,-0.1,0,0,,36.0,1,0,0,0,0,0,1.0,4,4,4,0,0,0,2,2,0,1,9,17.0,5.19,4.0,36.0,0.0,0.0,18.0,,,bickp001
695,Silvino Bracho,27,ARI,NL,-0.1,0,0,,18.0,1,0,0,0,0,0,1.0,2,2,2,1,0,0,1,0,0,0,5,33.0,14.19,2.0,18.0,9.0,0.0,9.0,,,bracs001
696,Jeff Brigham,28,MIA,NL,-0.1,0,0,,9.0,1,0,0,0,0,0,1.0,2,1,1,0,0,0,0,0,0,0,5,67.0,3.19,2.0,18.0,0.0,0.0,0.0,,,brigj002
697,Anthony Castro,25,DET,AL,-0.1,0,0,,18.0,1,0,1,0,0,0,1.0,1,2,2,1,1,0,1,0,0,0,5,34.0,17.19,2.0,9.0,9.0,9.0,9.0,1.0,,casta005
698,Jesús Cruz,25,STL,NL,-0.1,0,0,,18.0,1,0,0,0,0,0,1.0,3,2,2,0,1,0,2,0,0,0,7,32.0,2.19,4.0,27.0,0.0,9.0,18.0,2.0,,cruzj006
699,Travis Demeritte,25,DET,AL,-0.1,0,0,,36.0,1,0,1,0,0,0,1.0,4,4,4,2,0,0,0,0,0,0,7,17.0,29.19,4.0,36.0,18.0,0.0,0.0,,,demet001
700,Matt Dermody*,29,CHC,NL,0.0,0,0,,0.0,1,0,1,0,0,0,1.0,0,0,0,0,0,0,1,0,0,0,3,,1.19,0.0,0.0,0.0,0.0,9.0,,,dermm001
701,Logan Forsythe,33,MIA,NL,0.0,0,0,,9.0,1,0,1,0,0,0,1.0,2,1,1,0,1,0,0,0,0,1,6,67.0,6.19,3.0,18.0,0.0,9.0,0.0,0.0,,forsl001
702,Todd Frazier,34,NYM,NL,0.0,0,0,,0.0,1,0,1,0,0,0,1.0,0,0,0,0,0,0,1,0,0,0,3,,1.19,0.0,0.0,0.0,0.0,9.0,,,frazt001
703,Matt Grace*,31,ARI,NL,-0.4,0,1,0.0,54.0,3,0,1,0,0,0,1.0,5,6,6,1,2,0,2,0,0,0,10,11.0,18.19,7.0,45.0,9.0,18.0,18.0,1.0,,gracm003
704,Luis Guillorme,25,NYM,NL,0.0,0,0,,0.0,1,0,1,0,0,0,1.0,0,0,0,0,0,0,0,0,0,0,3,,3.19,0.0,0.0,0.0,0.0,0.0,,,guill001
705,Jorge Guzmán,24,MIA,NL,-0.1,0,0,,18.0,1,0,0,0,0,0,1.0,2,2,2,2,1,0,0,1,0,0,7,34.0,35.19,3.0,18.0,18.0,9.0,0.0,0.0,,guzmj006
706,Jedd Gyorko,31,MIL,NL,0.0,0,0,,0.0,1,0,1,0,0,0,1.0,1,0,0,0,0,0,0,0,0,0,4,,3.19,1.0,9.0,0.0,0.0,0.0,,,gyorj001
707,Tyler Heineman,29,SFG,NL,0.0,0,0,,0.0,1,0,1,0,0,0,1.0,1,0,0,0,0,0,0,0,0,0,3,,3.19,1.0,9.0,0.0,0.0,0.0,,,heint001
708,Tommy Kahnle,30,NYY,AL,0.1,0,0,,0.0,1,0,0,0,0,0,1.0,1,0,0,0,1,1,3,0,0,0,6,,0.19,2.0,9.0,0.0,9.0,27.0,3.0,,kahnt001
709,Carson Kelly,25,ARI,NL,0.0,0,0,,0.0,1,0,1,0,0,0,1.0,1,0,0,0,0,0,0,0,0,0,4,,3.19,1.0,9.0,0.0,0.0,0.0,,,kellc002
710,Corey Kluber,34,TEX,AL,0.1,0,0,,0.0,1,1,0,0,0,0,1.0,0,0,0,0,1,0,1,0,0,0,3,,4.19,1.0,0.0,0.0,9.0,9.0,1.0,,klubc001
711,Tzu-Wei Lin,26,BOS,AL,-0.1,0,0,,27.0,1,0,1,0,0,0,1.0,4,3,3,1,0,0,0,0,0,0,7,23.0,16.19,4.0,36.0,9.0,0.0,0.0,,,lin-t001
712,Mauricio Llovera,24,PHI,NL,-0.1,0,0,,36.0,1,0,0,0,0,0,1.0,5,4,4,0,1,0,1,1,0,0,10,17.0,7.19,6.0,45.0,0.0,9.0,9.0,1.0,,llovm001
713,Tim Lopes,26,SEA,AL,-0.1,0,0,,18.0,1,0,1,0,0,0,1.0,2,2,2,0,1,0,0,0,0,0,6,32.0,6.19,3.0,18.0,0.0,9.0,0.0,0.0,,lopet001
714,Richard Lovelady*,24,KCR,AL,0.0,0,0,,9.0,1,0,0,0,0,0,1.0,1,1,1,1,1,0,0,0,0,0,4,69.0,19.19,2.0,9.0,9.0,9.0,0.0,0.0,,lover001
715,Dillon Maples,28,CHC,NL,-0.1,0,0,,18.0,2,0,1,0,0,0,1.0,1,3,2,0,4,0,1,0,0,0,9,33.0,13.19,5.0,9.0,0.0,36.0,9.0,0.25,,mapld001
716,John Ryan Murphy,29,PIT,NL,0.0,0,0,,0.0,1,0,1,0,0,0,1.0,0,0,0,0,0,0,0,0,0,0,3,,3.19,0.0,0.0,0.0,0.0,0.0,,,murpj001
717,Yolmer Sánchez,28,CHW,AL,0.0,0,0,,9.0,1,0,1,0,0,0,1.0,2,1,1,1,0,0,0,0,0,0,4,66.0,16.19,2.0,18.0,9.0,0.0,0.0,,,sancc001
718,Max Schrock,25,STL,NL,0.0,0,0,,0.0,1,0,1,0,0,0,1.0,0,0,0,0,0,0,0,0,0,0,3,,3.19,0.0,0.0,0.0,0.0,0.0,,,schrm001
719,Brad Wieck*,28,CHC,NL,-0.1,0,0,,18.0,1,0,0,0,0,0,1.0,1,2,2,1,1,0,2,0,0,0,5,33.0,15.19,2.0,9.0,9.0,9.0,18.0,2.0,,wiecb001
720,Jesse Biddle*,28,CIN,NL,0.0,0,0,,0.0,1,0,0,0,0,0,0.2,1,0,0,0,1,0,1,0,0,0,4,,4.69,3.0,13.5,0.0,13.5,13.5,1.0,,biddj001
721,Garrett Cleavinger*,26,PHI,NL,0.0,0,0,,13.5,1,0,1,0,0,0,0.2,2,1,1,1,0,0,1,0,0,0,4,50.0,19.69,3.0,27.0,13.5,0.0,13.5,,,cleag001
722,Brailyn Márquez*,21,CHC,NL,-0.2,0,0,,67.5,1,0,0,0,0,0,0.2,2,5,5,0,3,0,1,0,0,2,7,10.0,13.69,7.5,27.0,0.0,40.5,13.5,0.33,,marqb001
723,Kyle Nelson*,23,CLE,AL,-0.1,0,0,,54.0,1,0,0,0,0,0,0.2,3,4,4,1,1,0,0,0,0,0,6,12.0,27.19,6.0,40.5,13.5,13.5,0.0,0.0,,nelsk001
724,Kevin Plawecki,29,BOS,AL,0.0,0,0,,0.0,1,0,1,0,0,0,0.2,0,0,0,0,1,0,0,0,0,0,3,,7.69,1.5,0.0,0.0,13.5,0.0,0.0,,plawk001
725,Roel Ramírez,25,STL,NL,-0.3,0,0,,81.0,1,0,0,0,0,0,0.2,6,6,6,4,1,0,1,0,0,1,8,8.0,82.69,10.5,81.0,54.0,13.5,13.5,1.0,,ramir005
726,Neil Walker,34,PHI,NL,0.0,0,0,,0.0,1,0,1,0,0,0,0.2,0,0,0,0,1,0,0,0,0,0,3,,7.69,1.5,0.0,0.0,13.5,0.0,0.0,,walkn001
727,Patrick Weigel,25,ATL,NL,-0.1,0,0,,27.0,1,0,0,0,0,0,0.2,2,2,2,0,3,0,0,0,0,1,7,26.0,16.69,7.5,27.0,0.0,40.5,0.0,0.0,,weigp001
728,Jeremy Beasley,24,ARI,NL,0.0,0,0,,0.0,1,0,1,0,0,0,0.1,2,0,0,0,0,0,1,0,0,0,3,,-2.81,6.0,54.0,0.0,0.0,27.0,,,beasj001
729,Mike Brosseau,26,TBR,AL,0.0,0,0,,0.0,1,0,1,0,0,0,0.1,0,0,0,0,0,0,1,0,0,0,1,,-2.81,0.0,0.0,0.0,0.0,27.0,,,brosm001
730,Edwar Colina,23,MIN,AL,-0.2,0,0,,81.0,1,0,0,0,0,0,0.1,4,3,3,1,2,0,0,0,0,0,7,11.0,60.19,18.0,108.0,27.0,54.0,0.0,0.0,,colie001
731,Charlie Culberson,31,ATL,NL,0.0,0,0,,0.0,1,0,1,0,0,0,0.1,0,0,0,0,0,0,0,0,0,0,1,,3.19,0.0,0.0,0.0,0.0,0.0,,,culbc001
732,Bryan Holaday,32,BAL,AL,0.0,0,0,,0.0,1,0,1,0,0,0,0.1,2,0,0,0,0,0,0,0,0,1,3,,3.19,6.0,54.0,0.0,0.0,0.0,,,holab001
733,Jordan Holloway,24,MIA,NL,0.0,0,0,,0.0,1,0,0,0,0,0,0.1,2,0,0,0,1,0,0,0,0,0,4,,12.19,9.0,54.0,0.0,27.0,0.0,0.0,,hollj002
734,David McKay,25,DET,AL,-0.1,0,0,,54.0,1,0,0,0,0,0,0.1,1,2,2,1,1,0,0,0,0,0,3,17.0,51.19,6.0,27.0,27.0,27.0,0.0,0.0,,mckad001
735,José Peraza,26,BOS,AL,0.0,0,0,,27.0,1,0,0,0,0,0,0.1,2,1,1,0,0,0,0,0,0,0,3,35.0,3.19,6.0,54.0,0.0,0.0,0.0,,,peraj003
